	0
S__Candida albicans	1.0
5S_rRNA	0.10901191903073221
7SK	0.20340518385209155
A1BG	-0.02774652520584815
A1BG-AS1	0.1745156945621036
A1CF	-0.04618762989276087
A2M	0.00026762812026131166
A2M-AS1	-0.13710329953373518
A2ML1	-0.05281359115030206
A2ML1-AS1	-0.2127781856171512
A2ML1-AS2	-0.04128550251200387
A2MP1	0.2309975393447661
A3GALT2	0.4317655017728604
A4GALT	0.11509528335716646
A4GNT	-0.15076437453123903
AAAS	-0.14640847590759992
AACS	-0.11483733574975162
AACSP1	0.10515404474535094
AADAC	-0.060704242032608255
AADACL2	-0.26534274776285427
AADACL3	0.2697358694466721
AADACL4	0.04726901655981439
AADAT	-0.2709002327668295
AAED1	0.1830565014733266
AAGAB	0.11556501826679298
AAK1	0.16029766129757048
AAMDC	-0.1992679300408413
AAMP	-0.21323453937763856
AANAT	-0.3010756145456416
AAR2	0.21335870930426773
AARD	-0.24147251963310898
AARS	0.19807675526183155
AARS2	-0.00141890192569383
AARSD1	0.01072244231783191
AASDH	0.02924429099430634
AASDHPPT	0.24335259741599566
AASS	0.2818334618926773
AATF	0.13027410346563115
AATK	-0.14326451896399145
AATK-AS1	0.28196437261707674
ABAT	0.04636680869400798
ABCA1	0.3225709193877036
ABCA10	-0.18483744325615034
ABCA11P	-0.054792009899055985
ABCA12	0.006529343217510863
ABCA13	0.11532441528264564
ABCA17P	0.1479425045698126
ABCA2	0.029904178160263997
ABCA3	0.05194683056143498
ABCA4	-0.09473088092111208
ABCA5	0.05215163375294077
ABCA6	0.024715616031001423
ABCA7	0.11960640666914683
ABCA8	-0.21632318511196813
ABCA9	0.017614796936199474
ABCA9-AS1	-0.23344911859497566
ABCB1	-0.00908033398173401
ABCB10	-0.08550919354430167
ABCB10P1	0.07235930938586609
ABCB10P3	-0.07144520854963701
ABCB10P4	0.051519482950316005
ABCB11	-0.041570707864510836
ABCB4	0.2141827732989185
ABCB5	0.11596100890129549
ABCB6	-0.012999183290760228
ABCB7	-0.28800101426344066
ABCB8	-0.0803251535946219
ABCB9	-0.09049784994262955
ABCC1	0.3083024972066947
ABCC10	0.26420827482432235
ABCC11	-0.0042602177333498
ABCC12	-0.11710583832400104
ABCC13	-0.13710038892630405
ABCC2	-0.2121236130953352
ABCC3	-0.1595883262474736
ABCC4	-0.01088650875503232
ABCC5	-0.014617878046876368
ABCC5-AS1	-0.29231926909757416
ABCC6	0.1342116453842723
ABCC6P1	-0.050697670541278474
ABCC6P2	-0.16555151183662992
ABCC8	0.09844115289983468
ABCC9	0.07792011870137124
ABCD1	-0.05587774096049719
ABCD1P2	0.04097130077362634
ABCD1P3	0.10901500522042247
ABCD1P4	-0.018164672224964786
ABCD1P5	0.22287453924932768
ABCD2	0.27683651184450614
ABCD3	-0.2248905966285595
ABCD4	-0.03345664298440394
ABCE1	0.2628438576078684
ABCF1	0.14238452148424707
ABCF2	0.15517542772218385
ABCF2P1	-0.2532329668600483
ABCF2P2	
ABCF3	0.21294383913131854
ABCG1	0.15257940603462877
ABCG2	-0.12069756386813088
ABCG4	-0.1770820386268846
ABCG5	-0.2634290768624753
ABCG8	-0.15740891059925052
ABHD1	0.02202479153770489
ABHD10	-0.14813542511950084
ABHD11	-0.27917208947158323
ABHD12	-0.3483127173432797
ABHD12B	-0.2338034339656545
ABHD13	0.1162660747179075
ABHD14A	-0.187348089735423
ABHD14A-ACY1	-0.26312019684166293
ABHD14B	-0.32185076671471136
ABHD15	-0.10471758596129556
ABHD16A	-0.23702443029485334
ABHD16B	0.055698975542428544
ABHD17A	0.12522020243741785
ABHD17AP1	0.005481085124939327
ABHD17AP2	0.019372441672366243
ABHD17AP3	-0.28966683709422536
ABHD17AP4	-0.05424486479722423
ABHD17AP5	0.11631768675042183
ABHD17AP6	-0.2520103849524849
ABHD17B	0.06356726514930006
ABHD17C	-0.11624414364249802
ABHD2	0.15991380843831707
ABHD3	-0.1722562500541351
ABHD4	-0.1789154208804682
ABHD5	-0.07976573862591602
ABHD6	-0.08191899756266878
ABHD8	0.1376398921790504
ABI1	0.0008594758595704819
ABI2	0.13155267933695086
ABI3	0.11618231330903578
ABI3BP	-0.10415864379405197
ABL1	0.12682970803099566
ABL2	0.31385221146652764
ABLIM1	0.10272447883048398
ABLIM2	-0.13807972002557647
ABLIM3	0.14397128484616037
ABO	-0.026818332626516263
ABR	-0.1400362227096644
ABRA	0.4090818137217514
ABRACL	-0.24593817666843423
ABT1	-0.07163333807298117
ABT1P1	-0.32013924479106776
ABTB1	0.12082237548754123
ABTB2	-0.009471879205036483
ACA59	0.18541621632410143
ACA64	-0.08694614611845772
ACAA1	-0.3191961106069649
ACAA2	-0.24268529486304113
ACACA	0.17738813463892558
ACACB	0.039619153060434
ACAD10	-0.06608833883892315
ACAD11	0.012081913079267634
ACAD8	-0.3347820901057631
ACAD9	-0.16703424567903033
ACADL	-0.09657730218636111
ACADM	-0.2458973842911968
ACADS	-0.13639701464350956
ACADSB	-0.22697901562066086
ACADVL	-0.3824993199144557
ACAN	0.06505933145046099
ACAP1	0.16296163280356976
ACAP2	0.3316217008634909
ACAP2-IT1	0.48006230940018446
ACAP3	-0.21262962709017594
ACAT1	-0.22949024775221533
ACAT2	-0.0038807363355975633
ACBD3	0.2160530327682944
ACBD4	-0.19766066303300892
ACBD5	-0.09681382011851374
ACBD6	-0.23227492879300568
ACBD7	-0.18217640015454134
ACCS	0.16720211876766802
ACCSL	0.191400979798983
ACD	-0.03246932589026238
ACE	-0.006908616096110902
ACE2	-0.024732905551877245
ACE3P	0.28053452153389247
ACER1	0.07201238785849587
ACER2	-0.04509494493218473
ACER3	0.26460181032829916
ACHE	0.051404115590761766
ACIN1	0.21162050135640337
ACKR2	-0.04122257685472705
ACKR3	0.03706604156551833
ACKR4	0.09694641096369777
ACLY	0.031270251388948574
ACMSD	0.41600864663844433
ACN9	-0.27033368645019135
ACO1	0.018835163507554323
ACO2	-0.20753922772601194
ACOT1	-0.12135691777775019
ACOT11	-0.17177897794062774
ACOT12	-0.12291591704745
ACOT13	-0.2540965130192154
ACOT2	-0.3756567793651124
ACOT4	-0.13306406227848414
ACOT6	0.01946725820707121
ACOT7	-0.2177726124338523
ACOT8	-0.17203963955371018
ACOT9	0.10184274495271964
ACOX1	-0.1319192761448675
ACOX2	-0.17739081015616076
ACOX3	0.0744058041419526
ACOXL	0.16326866230393855
ACP1	-0.2108822027234819
ACP2	0.10806356099178249
ACP5	-0.11176910769404405
ACP6	-0.4057164121674781
ACPL2	0.0612027335774267
ACPP	-0.08860339251044759
ACPT	-0.10666246740210233
ACR	0.07482429359895879
ACRBP	-0.032871404338743006
ACRC	0.27378148442891337
ACRV1	-0.1387256445218349
ACSBG1	0.027225307921656845
ACSBG2	-0.011646901443270706
ACSF2	-0.2468327391314997
ACSF3	-0.06488767381054485
ACSL1	0.1114230646097529
ACSL3	0.11408268259101267
ACSL4	0.1267913357477095
ACSL5	-0.1510900916240495
ACSL6	0.17234862635251785
ACSM1	-0.28142153200165976
ACSM2A	-0.011396880102931958
ACSM2B	-0.05258831199993481
ACSM3	-0.1641863164187702
ACSM4	-0.20325009252116036
ACSM5	-0.2937170097377753
ACSS1	-0.09090127352004375
ACSS2	-0.2506859845572648
ACSS3	0.08069531375707324
ACTA1	-0.20662635963899542
ACTA2	-0.2339412199695377
ACTA2-AS1	0.13723038049910424
ACTB	0.02031882713953746
ACTBL2	-0.0034921515958504287
ACTBP1	-0.2587941315424466
ACTBP11	-0.18317671355747234
ACTBP12	-0.1620745918152237
ACTBP13	0.0012619148015911906
ACTBP14	-0.2577037708535138
ACTBP2	-0.1996824167907778
ACTBP6	-0.10417759809798303
ACTBP7	-0.004282860595931052
ACTBP8	-0.13244974907770485
ACTBP9	-0.09546977339430353
ACTC1	-0.17550074980505234
ACTG1	0.14390434359002252
ACTG1P1	-0.3689712823224349
ACTG1P10	-0.07274041864287467
ACTG1P11	-0.2554948918415902
ACTG1P12	-0.06205647324641503
ACTG1P13	0.12783064554786472
ACTG1P2	-0.31449856046837366
ACTG1P3	-0.09025805610120113
ACTG1P4	
ACTG1P9	-0.18393767584338747
ACTG2	-0.2746015624581426
ACTL10	0.07416742787412126
ACTL6A	-0.24805831444227633
ACTL6B	-0.27268731114980127
ACTL7A	-0.10473289709661933
ACTL7B	0.06511939717077542
ACTL8	-0.20109336037855396
ACTL9	0.022159502595478827
ACTN1	0.09383300432523159
ACTN1-AS1	-0.09724189137609696
ACTN2	0.07422482778267397
ACTN3	0.10845218331030013
ACTN4	-0.06474112857772463
ACTN4P1	-0.34835241488488244
ACTN4P2	-0.03128926948381293
ACTR10	-0.030541792650725236
ACTR1A	0.13305578093349085
ACTR1B	-0.21230240593460312
ACTR2	0.24979469263211096
ACTR3	0.24879151977410313
ACTR3B	-0.22261098296818804
ACTR3BP2	
ACTR3BP3	-0.038684826110553176
ACTR3BP4	
ACTR3BP5	-0.13510648349186843
ACTR3BP6	-0.04912987762845624
ACTR3C	0.23016145729736562
ACTR3P2	0.009390414828132843
ACTR3P3	-0.04743022429696565
ACTR5	0.027223543704327967
ACTR6	0.11033105252417526
ACTR6P1	-0.20069576654592877
ACTR8	-0.003736118821299095
ACTRT1	-0.03982277180714857
ACTRT2	-0.047299915886978426
ACTRT3	0.09887892580141548
ACVR1	0.20920578095719677
ACVR1B	-0.2091593467910439
ACVR1C	-0.01743452839530631
ACVR2A	-0.05149748301528539
ACVR2B	0.021637402543729308
ACVR2B-AS1	-0.14097579607397592
ACVRL1	0.1836835723931381
ACY1	-0.2652554211299137
ACY3	-0.148586416126951
ACYP1	-0.29256729500127937
ACYP2	0.24509733532552355
ADA	0.2075439749703612
ADAD1	0.18683854754444817
ADAD1P2	-0.2999597004768524
ADAD2	-0.04461288331667356
ADAL	-0.3749595356065556
ADAM10	0.19013086496402773
ADAM11	-0.10365034355495084
ADAM12	0.13183696419669189
ADAM15	-0.1827495691900509
ADAM17	0.2515098337416249
ADAM18	-0.1921737462143423
ADAM19	0.23928619775008933
ADAM1A	-0.057984422743909816
ADAM1B	0.29044398681184685
ADAM2	-0.2988076234523664
ADAM20	-0.18481361408064562
ADAM20P1	0.14356197383332794
ADAM20P2	0.06936162246066482
ADAM20P3	-0.24759639758518434
ADAM21	-0.16337068771022834
ADAM21P1	0.05705351826560273
ADAM22	0.06570601235238731
ADAM23	-0.017566722187469498
ADAM24P	-0.017213476064020634
ADAM28	0.09943421905117346
ADAM29	-0.07715386947918432
ADAM30	0.15835839990867223
ADAM32	-0.02181007727674716
ADAM33	-0.15442887721853804
ADAM3A	-0.19837588620973798
ADAM3B	0.04161745327473281
ADAM5	0.08039639986279504
ADAM6	0.3146667472574152
ADAM7	-0.27883527878266423
ADAM8	0.1669598980336343
ADAM9	0.24508285519472864
ADAMDEC1	-0.20220898348182798
ADAMTS1	-0.11490186399135623
ADAMTS10	0.1157782685545319
ADAMTS12	0.1871113508034078
ADAMTS13	-0.2782390765710996
ADAMTS14	0.30190237134702413
ADAMTS15	0.08955733427343394
ADAMTS16	-0.011960580193829489
ADAMTS17	0.03318773705840447
ADAMTS18	0.2760837298796268
ADAMTS19	-0.09859311770471597
ADAMTS19-AS1	-0.016509168918479658
ADAMTS2	0.08081290330426003
ADAMTS20	0.06530189013508104
ADAMTS3	0.11494350154241878
ADAMTS4	0.34090729648919227
ADAMTS5	0.18486172129561682
ADAMTS6	0.16882663923996188
ADAMTS7	-0.030406431764968173
ADAMTS8	-0.16575276866004277
ADAMTS9	0.339732504566305
ADAMTS9-AS1	-0.29549127198430913
ADAMTS9-AS2	-0.052484784978309634
ADAMTSL1	-0.2387702609749025
ADAMTSL2	0.029051596011063784
ADAMTSL3	-0.15514204401844087
ADAMTSL4	-0.10209646538062048
ADAMTSL4-AS1	-0.08662700776482647
ADAMTSL5	-0.16679458555742172
ADAP1	-0.07872880348222022
ADAP2	-0.04610969737165592
ADAR	0.3367672778979048
ADARB1	0.25367435720383696
ADARB2	0.29133498623710713
ADARB2-AS1	-0.16724618403130906
ADAT1	0.07654978225360771
ADAT2	-0.10454051967097183
ADAT3	-0.06789764056166352
ADC	-0.11870076327431303
ADCK1	-0.300583260559341
ADCK2	-0.07352440252227281
ADCK3	-0.24206480617083606
ADCK4	-0.18398274966110112
ADCK5	-0.1613947647355471
ADCY1	0.15277148397350793
ADCY10	-0.11987543605228398
ADCY10P1	0.026175104214246507
ADCY2	-0.15130083545335993
ADCY3	0.14400147326376725
ADCY4	0.04529115610464466
ADCY5	-0.2063014992814928
ADCY6	-0.28533240736211346
ADCY7	0.12076799136924402
ADCY8	0.2250237863746585
ADCY9	-0.10902393600746257
ADCYAP1	0.2317361002648077
ADCYAP1R1	0.15267611237310494
ADD1	0.18681092722139409
ADD2	0.08961451523999729
ADD3	-0.01748055725324643
ADGB	-0.06617837344397333
ADH1A	-0.42454265844302275
ADH1B	-0.2678871919197079
ADH1C	-0.19630114364446852
ADH4	-0.08884627718493594
ADH5	-0.18836947304637902
ADH5P2	-0.3556812623686741
ADH5P3	-0.16228348100391554
ADH5P4	-0.19515687205822554
ADH6	-0.11298701648313982
ADH7	-0.08457283398409661
ADHFE1	0.05608884563069682
ADI1	-0.0019402801362587414
ADIG	-0.01280155731194464
ADIPOQ	-0.01499881302259429
ADIPOQ-AS1	0.17547663014531265
ADIPOR1	-0.036286896960056325
ADIPOR1P1	0.013166587722184134
ADIPOR1P2	0.37901312581894603
ADIPOR2	-0.16257684205808473
ADIRF	-0.1508849427192494
ADIRF-AS1	-0.2937019749618106
ADK	-0.14381055403731122
ADM	0.09041758115296898
ADM2	0.21973157992048148
ADM5	0.141445926784247
ADNP	0.2559220199366263
ADNP2	0.4445416858989181
ADO	0.1679279122787407
ADORA1	0.24163233610276208
ADORA2A	0.16549259806675679
ADORA2A-AS1	-0.11282744719590108
ADORA2B	-0.008030419420292196
ADORA2BP	0.06989906464834486
ADORA3	-0.29546689911921103
ADPGK	0.13068450387126593
ADPGK-AS1	0.03551256256943855
ADPRH	0.22130107423529294
ADPRHL1	-0.11010397401897616
ADPRHL2	0.13051243234973664
ADPRM	0.1193382955486593
ADRA1A	0.2381806332006553
ADRA1B	-0.3746539105194175
ADRA1D	-0.19889336080337203
ADRA2A	0.10803678105383324
ADRA2B	-0.283500180537746
ADRA2C	0.13822158816100702
ADRB1	-0.029461619279562288
ADRB2	0.04880029019785371
ADRB3	-0.2695792354049812
ADRBK1	0.10637685827505755
ADRBK2	0.28238890682373485
ADRM1	0.07078143474369446
ADSL	-0.06442416534632027
ADSS	-0.08781962136774928
ADSSL1	-0.383619168503768
ADTRP	0.07991088081579566
AEBP1	0.1690711916453415
AEBP2	0.1584712144326311
AEN	0.22348201150150862
AES	-0.24659685424476643
AFAP1	0.0870425031996821
AFAP1-AS1	0.1520297507479662
AFAP1L1	0.09873014447301469
AFAP1L2	0.17110458510778737
AFF1	0.16274727050317764
AFF2	0.1459748243466227
AFF2-IT1	-0.07696598217308757
AFF3	0.25624395219672713
AFF4	0.3695337420162987
AFG3L1P	-0.10558483338954082
AFG3L2	-0.2745718197636403
AFG3L2P1	-0.37760718162203244
AFM	0.14848364350621523
AFMID	-0.194878071234222
AFP	-0.08438349885546677
AFTPH	0.25516967551922637
AGA	-0.19512927915145964
AGAP1	-0.11659546263758949
AGAP1-IT1	0.03336742511589428
AGAP10	-0.27474239587999094
AGAP11	-0.046109400950372054
AGAP2	0.2506890422292778
AGAP2-AS1	0.19016510893565894
AGAP3	0.0056078968341370114
AGAP4	0.07273748936973207
AGAP5	-0.05655537407345776
AGAP6	-0.09198275907053656
AGAP7	0.11094610245581711
AGAP8	-0.12982292847027627
AGAP9	-0.1682222257085324
AGBL1	-0.018157483118600253
AGBL1-AS1	0.02603337963773514
AGBL2	0.015550110671364416
AGBL3	-0.2404524032465494
AGBL4	0.16701390702730148
AGBL4-IT1	0.38062175210384297
AGBL5	-0.2736760659760333
AGBL5-AS1	-0.367780662245779
AGBL5-IT1	-0.009344391715089224
AGER	0.02773489484504916
AGFG1	0.26806445357480346
AGFG2	-0.24863768505718217
AGGF1	0.10539709430166282
AGGF1P1	-0.16828719717981025
AGGF1P2	-0.10559767836330212
AGGF1P3	-0.12282658210052017
AGGF1P4	-0.008967050010602105
AGK	-0.13022613541483682
AGKP1	-0.05501379508586657
AGL	0.11566439040266703
AGMAT	-0.13142126346656252
AGMO	-0.009608507991041047
AGO1	0.17187827282015938
AGO2	0.38732688016961503
AGO3	0.31909091607461765
AGO4	0.2113035900820854
AGPAT1	-0.27567233193390994
AGPAT2	-0.17500278853006868
AGPAT3	0.06014598631077802
AGPAT4	0.18354844107228477
AGPAT5	-0.06501597052858732
AGPAT5P1	0.01586933788838595
AGPAT6	0.30334762275338256
AGPAT9	-0.08709245203175286
AGPS	0.09164757588092544
AGR2	-0.1107917682678548
AGR3	-0.26205462617641545
AGRN	0.0874431555805872
AGRP	-0.1785147426775056
AGT	0.0175506045534903
AGTPBP1	0.18369636461835678
AGTR1	-0.098676762369145
AGTR2	-0.037166353156783606
AGTRAP	0.021992238695179658
AGXT	-0.09576336310654907
AGXT2	-0.10090480594055021
AHCTF1	0.2777070766014892
AHCTF1P1	0.38177165850802
AHCY	-0.3527852897605315
AHCYL1	0.010197402818739537
AHCYL2	-0.050098527038732465
AHCYP1	-0.2706791976022217
AHCYP2	-0.30303895799274916
AHCYP3	0.07412335995353093
AHCYP4	-0.384384561204279
AHCYP5	0.21753709133678656
AHCYP7	-0.3028028488154508
AHCYP8	
AHDC1	0.22843126970306254
AHI1	0.020695171017230184
AHNAK	0.10779291347564883
AHNAK2	-0.1602666300327238
AHR	0.2541270109924523
AHRR	-0.12333076744121911
AHSA1	-0.2323245190770575
AHSA2	-0.12269489460916413
AHSG	0.08978394592730576
AHSP	0.21092704705468934
AICDA	0.21756764997492564
AIDA	0.13441466472656954
AIF1	0.08471571103911514
AIF1L	-0.14443320300591436
AIFM1	-0.3374192312066723
AIFM1P1	-0.23094518236578654
AIFM2	-0.22018645801848002
AIFM3	-0.2633133191100541
AIG1	-0.0770541861721355
AIG1P1	-0.008967050010602105
AIM1	0.07087777014643992
AIM1L	-0.052834078023555664
AIM2	0.2859598042355426
AIMP1	-0.254192221862669
AIMP1P1	0.05620879853601449
AIMP1P2	0.382135059636399
AIMP2	-0.4027580086330992
AIP	0.018447062735772013
AIPL1	0.049278916406323654
AIRE	-0.06797252961391333
AIRN	0.03532732303426391
AJAP1	-0.09449207642334558
AJUBA	0.11026361710729035
AK1	-0.24160215371262364
AK2	-0.2537531487214332
AK2P2	-0.03086729114547004
AK3	-0.2112279610994361
AK3P2	-0.2121990340524271
AK3P3	-0.08088507074869115
AK3P4	-0.1475939828417878
AK3P5	-0.29027751544202984
AK4	-0.03278007900121757
AK4P1	0.1574344395463766
AK4P2	-0.07682887569165174
AK4P3	0.004339030707557104
AK4P4	0.012370320105205728
AK4P5	0.30789361634565404
AK4P6	0.10310361526975363
AK5	-0.03554654729571157
AK7	-0.0034950794746294303
AK8	-0.06911932837459732
AK9	-0.014883791442259304
AKAP1	-0.26133369125582195
AKAP10	0.09563865714991068
AKAP11	0.2971868710719349
AKAP12	0.2176659981514172
AKAP13	0.3383898376564919
AKAP14	-0.10335461705328605
AKAP16BP	-0.06822874982449985
AKAP17A	0.007440748880220155
AKAP2	0.38062111973217794
AKAP3	0.13216088480874527
AKAP4	0.043518252420417104
AKAP5	0.09685333686092805
AKAP6	-0.08912171115655115
AKAP7	-0.24483276256970593
AKAP8	-0.13227850596071203
AKAP8L	0.04464692784090729
AKAP9	0.06616167210616129
AKIP1	-0.3231895245896425
AKIRIN1	0.16024188616099602
AKIRIN2	0.18301391040539586
AKNA	0.17980151345016368
AKNAD1	-0.17361396439484345
AKR1A1	-0.05761563968037558
AKR1B1	0.04607742210468223
AKR1B10	-0.22379388818131687
AKR1B10P1	-0.21271257492569495
AKR1B10P2	0.24435103211637843
AKR1B15	-0.17639068594258495
AKR1B1P1	-0.023217882181904476
AKR1B1P2	0.16688239100506902
AKR1B1P4	-0.33842619201622226
AKR1B1P6	-0.10793109195753278
AKR1B1P7	-0.20347930118579952
AKR1B1P8	0.009070920610787818
AKR1C1	0.05484416965588711
AKR1C2	-0.26929113388001596
AKR1C3	-0.173916530453324
AKR1C4	-0.027162201051539586
AKR1C5P	-0.20829887720243265
AKR1C6P	0.2923321011917438
AKR1C7P	0.1277754410268467
AKR1CL1	0.060310030458029594
AKR1D1	-0.14218546727149803
AKR1D1P1	0.01424905478456271
AKR1E2	0.12839506770762277
AKR7A2	-0.13219226558738653
AKR7A2P1	-0.09872285201022953
AKR7A3	-0.09092516450398322
AKR7L	-0.14710684048760767
AKT1	-0.22494023983078748
AKT1S1	-0.18496911811157876
AKT2	0.029262520658144046
AKT3	0.17255258042925686
AKT3-IT1	-0.1161688180955042
AKTIP	-0.20003441369038985
ALAD	-0.29931306456648504
ALAS1	0.1586876746863219
ALAS2	-0.025487469905917437
ALB	-0.22904261630222103
ALCAM	0.14023520970568037
ALDH16A1	-0.08036444766562266
ALDH18A1	-0.1436863290920338
ALDH1A1	-0.10864062391570338
ALDH1A2	0.20920401565213045
ALDH1A3	0.14514781836675858
ALDH1B1	-0.22575514694021084
ALDH1L1	-0.03923746917576813
ALDH1L1-AS1	-0.16697125736812576
ALDH1L1-AS2	-0.07228070392048483
ALDH1L2	0.036820830886608154
ALDH2	-0.1552074909527606
ALDH3A1	-0.18554817343719412
ALDH3A2	-0.14481171904694612
ALDH3B1	-0.12888383847040535
ALDH3B2	-0.08766899375997292
ALDH4A1	0.04557596250686464
ALDH5A1	0.02184497590198446
ALDH6A1	-0.02320224559972082
ALDH7A1	-0.1928034379622226
ALDH7A1P1	-0.31686604629100473
ALDH7A1P2	0.1006333037205792
ALDH7A1P3	-0.0117042627642863
ALDH7A1P4	0.0016730716057967502
ALDH8A1	0.11771281068316411
ALDH9A1	-0.21025628990521214
ALDOA	-0.2405254992496827
ALDOAP1	-0.29817500444203815
ALDOAP2	-0.33143209046447164
ALDOB	-0.04957821797923575
ALDOC	-0.06361214410193998
ALG1	-0.02596144637146644
ALG10	0.36163545895198795
ALG10B	0.3878803354912081
ALG11	0.2978019400370195
ALG12	-0.20744866543248744
ALG13	0.03561480131344408
ALG13-AS1	
ALG14	-0.1399266662447636
ALG1L	0.16173450813178047
ALG1L10P	0.007730985969496773
ALG1L11P	-0.20863511282472738
ALG1L12P	-0.12108942994879184
ALG1L13P	0.219603232483278
ALG1L14P	-0.035313517323616414
ALG1L15P	-0.30860241657761034
ALG1L2	-0.19074287477602658
ALG1L3P	-0.03555269444541883
ALG1L5P	-0.11637729435627424
ALG1L6P	-0.0022895744515763396
ALG1L7P	-0.09853931487801296
ALG1L8P	0.07175382323435549
ALG1L9P	-0.019551539412315768
ALG2	0.16866575198604822
ALG3	-0.3025440655994853
ALG3P1	0.22340458150016648
ALG5	-0.13486697781400184
ALG6	-0.035552742754725995
ALG8	-0.18895450205355965
ALG9	0.16509166993570654
ALG9-IT1	-0.28964628365064715
ALK	-0.030809396699855517
ALKBH1	0.10183727850699091
ALKBH2	-0.16690611595366153
ALKBH3	-0.058426596925588284
ALKBH3-AS1	-0.04835521694516188
ALKBH4	0.12793103906235964
ALKBH5	0.14783584990582244
ALKBH6	-0.09676882759745685
ALKBH7	-0.01544409138774688
ALKBH8	0.12548793538924213
ALLC	-0.13512028260900372
ALMS1	0.3167035430105597
ALMS1-IT1	0.0014855743796245609
ALMS1P	-0.006875519131502284
ALOX12	0.053605238381395054
ALOX12B	-0.05566604077296685
ALOX12P1	0.02537077020477198
ALOX12P2	0.26771259203388903
ALOX15	0.053512029038075275
ALOX15B	0.000560557878193072
ALOX15P2	-0.08525115342507912
ALOX5	0.1906071215574938
ALOX5AP	0.15263198926147015
ALOXE3	0.3080460365834083
ALPI	-0.24131347045331042
ALPK1	0.20155222958116534
ALPK2	0.19754133760480644
ALPK3	0.05747812850578961
ALPL	0.1832641981354308
ALPP	0.1274094718345223
ALPPL2	0.03525999854208826
ALS2	0.21246937603314225
ALS2CL	-0.2064816806929747
ALS2CR11	0.2331074223669373
ALS2CR12	0.12301278801121003
ALX1	0.0689826520635293
ALX3	0.08351198218725134
ALX4	0.18397330420780156
ALYREF	-0.13544844521068541
AMACR	-0.11328866599100929
AMBN	-0.19717887058155018
AMBP	-0.20943458133669482
AMBRA1	0.2233388411688349
AMD1	0.13652881158090785
AMD1P1	0.31829792631996606
AMDHD1	-0.10688550945602415
AMDHD2	-0.22529665053708078
AMDP1	-0.0036761569833321274
AMELX	0.09286730734963515
AMELY	-0.17027672168243213
AMER1	0.2611411440791273
AMER2	0.09668817900457403
AMER2-AS1	0.24639420300529974
AMER3	0.05369262816832831
AMFR	0.1690085864904026
AMH	-0.21398656693378862
AMHR2	-0.052481175882345125
AMICA1	0.069199390407894
AMIGO1	0.13522135296839424
AMIGO2	0.11164207448954207
AMIGO3	
AMMECR1	0.15930192936963325
AMMECR1-IT1	0.28053452153389247
AMMECR1L	0.3275264031584489
AMMECR1LP1	-0.11150542584112846
AMN	0.07812981553666042
AMN1	0.06304101563369045
AMOT	0.20172281437968428
AMOTL1	0.19129384002040642
AMOTL2	0.13926592780881544
AMPD1	-0.3404091242000815
AMPD2	0.04879904226018
AMPD3	0.12253756548589781
AMPH	0.07976907754720765
AMT	-0.3066444429189335
AMTN	-0.030317226692291106
AMY1A	-0.3465666977324221
AMY1B	0.0111132214874353
AMY1C	
AMY2A	-0.16303556011842402
AMY2B	-0.06542877245466559
AMYP1	
AMZ1	0.2218482222323759
AMZ2	-0.04455883449239976
AMZ2P1	0.053853151299837934
AMZ2P2	0.39255798062675795
ANAPC1	0.18946064523113448
ANAPC10	-0.08254540832193605
ANAPC10P1	-0.04325522437098752
ANAPC11	-0.22792705565405402
ANAPC13	-0.0769055716793432
ANAPC15	-0.32055898642773334
ANAPC16	-0.19431913884262236
ANAPC1P1	0.0465447820737269
ANAPC2	0.008428772967061538
ANAPC4	-0.0788558056029445
ANAPC5	-0.12474344245624071
ANAPC7	-0.051359632047087066
ANG	-0.2347092539151628
ANGEL1	-0.023755037717712243
ANGEL2	0.13407926652016292
ANGPT1	-0.13348324990378152
ANGPT2	0.17909554200304012
ANGPT4	-0.19687819305693305
ANGPTL1	-0.25529025593368304
ANGPTL2	0.0417456269185313
ANGPTL3	-0.19027064094307308
ANGPTL4	-0.18628058947297937
ANGPTL5	0.08342792556730505
ANGPTL6	0.0987345716855303
ANGPTL7	-0.1406174285431707
ANHX	-0.028523285448838295
ANK1	0.2444211051400625
ANK2	0.1776227534651727
ANK3	-0.1512596261744351
ANKAR	0.02568208938824572
ANKDD1A	0.12488829981089754
ANKDD1B	-0.29268398695905196
ANKEF1	0.05701971050712046
ANKFN1	0.09471283694982209
ANKFY1	0.18481813931479632
ANKH	-0.30329170020027146
ANKHD1	0.08332280345070762
ANKHD1-EIF4EBP3	0.22921179674445485
ANKIB1	0.28997203806588406
ANKK1	-0.061440299306180064
ANKLE1	0.13746186508958275
ANKLE2	0.23960782814181933
ANKMY1	-0.1648373280852189
ANKMY2	-0.3252909592628457
ANKRA2	-0.05084211086223576
ANKRD1	-0.1349313353432364
ANKRD10	0.19189584008281518
ANKRD10-IT1	0.2084106595902538
ANKRD11	0.22804576892591774
ANKRD12	0.33996254295728084
ANKRD13A	0.1320461437933757
ANKRD13B	-0.15855706647081722
ANKRD13C	0.11788135741677777
ANKRD13D	0.10117951600027592
ANKRD16	-0.15544426724368823
ANKRD17	0.24748876794222657
ANKRD18A	-0.05747616007673178
ANKRD18B	0.2658956959527172
ANKRD18CP	0.16763099533838535
ANKRD18DP	0.08142659651240935
ANKRD18EP	0.06900000998789711
ANKRD19P	0.11430780391726063
ANKRD2	0.23439063347950698
ANKRD20A1	0.051830340184108106
ANKRD20A10P	0.20579240401187948
ANKRD20A11P	-0.11824689317855513
ANKRD20A12P	-0.04581765658815351
ANKRD20A14P	0.14585252921524144
ANKRD20A17P	-0.10556723081016751
ANKRD20A18P	0.14024129722194748
ANKRD20A19P	0.03393319411911885
ANKRD20A2	0.23931155696653225
ANKRD20A3	0.012129818931626807
ANKRD20A4	-0.04657517962501197
ANKRD20A5P	0.23732003527235193
ANKRD20A7P	0.034408790989747286
ANKRD20A8P	0.05649390293771696
ANKRD20A9P	-0.09138361347857404
ANKRD22	0.11675274532924138
ANKRD23	0.027651896516318192
ANKRD24	0.15055809614034604
ANKRD26	0.2092115202532471
ANKRD26P1	-0.034770974779659736
ANKRD26P2	0.042203573562412916
ANKRD26P3	0.34886384466299003
ANKRD26P4	-0.21791703406849533
ANKRD27	0.12713116467129892
ANKRD28	0.074943043639259
ANKRD29	0.15549858155186444
ANKRD30A	-0.11393890922034702
ANKRD30B	0.23898806840618603
ANKRD30BL	0.2950750937464522
ANKRD30BP1	0.17191140233434726
ANKRD30BP2	0.19825946037813943
ANKRD30BP3	-0.013343684426043088
ANKRD31	0.20428793009033275
ANKRD32	0.16809324401282857
ANKRD33	0.4178671736707685
ANKRD33B	0.047485984535226955
ANKRD33B-AS1	
ANKRD34A	-0.1711391576733477
ANKRD34B	0.11010876122908493
ANKRD34C	0.29663767026566146
ANKRD35	-0.12923655861791591
ANKRD36	0.13324215693273786
ANKRD36B	-0.0054970691585650355
ANKRD36BP1	-0.03165806764180385
ANKRD36BP2	0.14508486024430312
ANKRD36C	0.2427370365623814
ANKRD36P1	-0.04801583029488838
ANKRD37	-0.1423207747111542
ANKRD39	-0.25562571698461
ANKRD40	0.06438443659734656
ANKRD42	0.15976509470291625
ANKRD44	0.30069216030110935
ANKRD44-IT1	-0.126388688886072
ANKRD45	0.1984201478944624
ANKRD46	-0.09080777881268938
ANKRD49	0.022667518244286373
ANKRD50	0.16016282101386434
ANKRD52	0.19336876769852815
ANKRD53	-0.13677227230393516
ANKRD54	-0.13359896044125022
ANKRD54P1	0.1627078924491663
ANKRD55	0.05567289022967199
ANKRD6	0.04202646810576528
ANKRD60	0.333532838293285
ANKRD61	-0.4251391063518593
ANKRD62	-0.14766153117102057
ANKRD62P1	
ANKRD62P1-PARP4P3	0.382135059636399
ANKRD63	0.08849556695640101
ANKRD65	0.12220717769037943
ANKRD66	0.0206729245653653
ANKRD7	-0.08376510113943356
ANKRD9	-0.3700033735904868
ANKS1A	0.12937224686970397
ANKS1B	0.04615299646667089
ANKS3	-0.09616418913652694
ANKS4B	-0.05100803154504694
ANKS6	-0.24537961907217043
ANKUB1	0.1499021212053219
ANKZF1	-0.10499484105704743
ANLN	-0.08309610833372319
ANO1	0.09782464544594924
ANO1-AS1	-0.2619467877757964
ANO1-AS2	0.21856665960902624
ANO10	-0.15958295411515783
ANO2	-0.02879316262281437
ANO3	0.1345563551948993
ANO4	-0.23382840732157087
ANO5	-0.09798570038709854
ANO6	0.0037070480599279087
ANO7	-0.1577368939961349
ANO7P1	0.04224004041940147
ANO8	-0.057459349871652014
ANO9	-0.27675996529377334
ANP32A	-0.0633201160984771
ANP32AP1	-0.22196687560448988
ANP32B	-0.17168778943850102
ANP32BP1	-0.2887335190381836
ANP32BP2	0.04484016637181553
ANP32BP3	-0.0002185800739451377
ANP32C	-0.3164988714813893
ANP32D	-0.027553700714745496
ANP32E	0.06540849474296005
ANPEP	-0.09749893690188827
ANTXR1	0.16182431505637784
ANTXR2	0.30652334120456226
ANTXRL	0.1168350843747267
ANTXRLP1	0.2333158087380204
ANXA1	-0.05948015986429779
ANXA10	-0.04718382283418792
ANXA11	-0.1929371474434194
ANXA13	-0.27006556830109124
ANXA2	-0.004749931256381684
ANXA2P1	-0.2391893227270961
ANXA2P2	-0.11967492649480924
ANXA2P3	-0.3638441336995646
ANXA2R	0.15819683325554423
ANXA3	0.13631891086503403
ANXA4	0.06857845186669484
ANXA5	0.07553475540537868
ANXA6	0.19241789460825207
ANXA7	-0.12379853977924252
ANXA8	0.08645988308908172
ANXA8L1	-0.008600049745411472
ANXA8L2	-0.0982274539468982
ANXA9	-0.003836964845519025
AOAH	0.22313641748130872
AOAH-IT1	-0.009016593490558278
AOC1	-0.013608381160666243
AOC2	0.23405717024848952
AOC3	-0.2425658620899714
AOC4P	-0.22803159988032184
AOX1	0.17096726438969465
AOX2P	-0.13972983922335405
AOX3P	0.20434700282506
AP1AR	-0.036465167517073724
AP1B1	0.052172338228123775
AP1B1P1	-0.04371338218237399
AP1B1P2	-0.014333796933561306
AP1G1	0.32607200537305214
AP1G2	-0.11728922109082471
AP1M1	-0.04193742527205446
AP1M2	-0.1891849349116539
AP1S1	-0.2618061891266158
AP1S2	0.03253833483314633
AP1S3	0.1660992510409405
AP2A1	0.15021811357067755
AP2A2	-0.2338733281696648
AP2B1	0.08690688722073235
AP2M1	-0.18645412068886677
AP2S1	-0.2670495416049342
AP3B1	0.07548829017893455
AP3B2	0.12999933028626476
AP3D1	0.12148088103181257
AP3M1	0.10669760280227286
AP3M2	0.2478682657356294
AP3S1	-0.08081993718171797
AP3S2	-0.1465408610123452
AP4B1	0.0228457354014293
AP4B1-AS1	-0.059703816428797296
AP4E1	0.3408105921842837
AP4M1	-0.010658267373394979
AP4S1	0.31439101887880283
AP5B1	0.257586854481311
AP5M1	-0.009387983739828385
AP5S1	-0.09674020991230484
AP5Z1	0.09427848216928274
APAF1	0.2660751114893632
APBA1	-0.07100231168638702
APBA2	0.1594248514284472
APBA3	0.22131238281011154
APBB1	0.08000856709051722
APBB1IP	0.24693987082837787
APBB2	-0.023886967029893843
APBB3	-0.11430995113032598
APC	0.3117734728728508
APC2	-0.09842143123471027
APCDD1	-0.1622700142550148
APCDD1L	-0.27927340864982697
APCDD1L-AS1	-0.2110617807663036
APCS	0.34868572646561374
APEH	-0.2143175321177112
APEX1	-0.3154214767624967
APEX2	0.030344090230505376
APH1A	-0.19577025227606973
APH1B	0.11367954765456377
API5	0.15501065819685292
API5P1	-0.270726331254316
API5P2	0.1803345711926235
APIP	0.03108186151836799
APITD1	-0.08163489104814083
APITD1-CORT	
APLF	0.09414048492982406
APLN	0.027696449646552226
APLNR	0.08790143610408944
APLP1	0.37232187154007246
APLP2	-0.2421145734320969
APMAP	-0.06647894869318367
APOA1	-0.2570441215880276
APOA1BP	-0.23170351449320364
APOA2	-0.15366149395198028
APOA4	-0.2663412647030359
APOA5	-0.10171377894578443
APOB	-0.008873825495947384
APOBEC1	-0.11140116580268687
APOBEC2	-0.20167748214629505
APOBEC3A	0.00855698491780719
APOBEC3AP1	-0.008967050010602105
APOBEC3B	-0.2095942956417984
APOBEC3B-AS1	0.04807039923232845
APOBEC3C	0.13116454138407685
APOBEC3D	0.10254784237604166
APOBEC3F	0.2951040190274859
APOBEC3G	0.2308973934216822
APOBEC3H	0.050089024183544294
APOBEC4	-0.2344694242128984
APOBR	0.01885200155151211
APOC1	0.13387044081833854
APOC1P1	0.020508094088887582
APOC2	0.09383754360249269
APOC3	-0.2568053252556805
APOC4	
APOC4-APOC2	
APOD	-0.057197698047075606
APOE	0.07416154660857222
APOF	0.16956950435136328
APOH	-0.06343488395982111
APOL1	0.10279728280866651
APOL2	0.0885470665505106
APOL3	0.18716838567676786
APOL4	-0.007691326913533838
APOL5	0.06909069643418941
APOL6	0.2360424584945396
APOLD1	-0.12436047708922542
APOM	-0.11728943477963567
APOO	-0.18188596948395377
APOOL	0.15361025549293406
APOOP1	-0.1475939828417878
APOOP2	0.24827921477427106
APOOP3	-0.11571694987382361
APOOP4	0.0569473608808902
APOOP5	0.18313942415341689
APOPT1	-0.17527730843646352
APP	0.06501952241135911
APPBP2	0.2266550235358842
APPL1	0.035051843038044345
APPL2	-0.18263704299961592
APRT	0.033845442285342954
APTX	-0.056095254711185
AQP1	-0.08882295169049502
AQP10	-0.23055950049238458
AQP11	-0.22427874242083962
AQP12A	-0.24612293210250777
AQP12B	-0.1793163014701523
AQP2	-0.30098499648664356
AQP3	-0.11541664164615813
AQP4	0.07580842694576735
AQP4-AS1	-0.07747939873973056
AQP5	-0.19403269024157482
AQP6	-0.07751315383785858
AQP7	-0.1084517793342642
AQP7P1	-0.04763278453697967
AQP7P2	-0.031454214351681116
AQP7P3	-0.05454838916639752
AQP7P4	0.005412625666137383
AQP8	-0.1631973263284862
AQP9	0.10139930429966973
AQPEP	0.21007336613435634
AQR	0.2539028427409135
AR	0.05368391726497407
ARAF	-0.009535394311308577
ARAP1	0.14915067133828852
ARAP1-AS1	-0.08507222344021073
ARAP1-AS2	-0.20106647637255612
ARAP2	0.38388987051154
ARAP3	0.0020508352973194668
ARC	-0.28286623919609133
ARCN1	0.14690204229842105
AREG	0.0152080026551825
AREGB	-0.05713168874682659
AREL1	0.281606312395405
ARF1	-0.1562619300407468
ARF1P1	0.07035700724771504
ARF1P2	-0.3169768776566413
ARF1P3	-0.08379989847034448
ARF3	-0.12667130881489144
ARF4	-0.029169768641469723
ARF4P2	-0.07376477136473795
ARF4P3	-0.23491402095228278
ARF4P4	-0.17629616398763542
ARF5	-0.2433795213857188
ARF6	-0.03947937303195706
ARFGAP1	0.08788014238383682
ARFGAP2	0.025956597707278563
ARFGAP3	0.10038199969598437
ARFGEF1	0.20773609740295787
ARFGEF2	0.13630004755664307
ARFIP1	-0.07495991083331253
ARFIP2	-0.23500301441274907
ARFRP1	-0.023641483766098665
ARG1	0.15390940251942192
ARG2	-0.1042116884197587
ARGFX	-0.12371557300841587
ARGFXP1	0.279253956685984
ARGFXP2	0.19814692184256405
ARGLU1	-0.10612761309598003
ARHGAP1	0.21409964363879705
ARHGAP10	-0.11241388334718935
ARHGAP11A	-0.11043165941797797
ARHGAP11B	-0.04788136535630335
ARHGAP12	0.10353900741431228
ARHGAP15	0.2430760485423189
ARHGAP17	0.18426172757529888
ARHGAP18	-0.19292541688602788
ARHGAP19	0.09743141340023319
ARHGAP19-SLIT1	0.2915985050333636
ARHGAP20	-0.19671280902953886
ARHGAP21	0.2540535895340843
ARHGAP22	-0.021824545920055498
ARHGAP22-IT1	0.08036287325897706
ARHGAP23	0.1479545171608016
ARHGAP23P1	0.2769212176138947
ARHGAP24	0.059607624121816215
ARHGAP25	0.25454279306619776
ARHGAP26	0.33192476629660334
ARHGAP26-AS1	-0.08864861096124518
ARHGAP26-IT1	0.02876348713997101
ARHGAP27	-0.14867097865958628
ARHGAP28	0.06595522829681986
ARHGAP29	0.13241768876524693
ARHGAP30	0.2416755450365026
ARHGAP31	0.25713200792843727
ARHGAP31-AS1	-0.3058068769986243
ARHGAP32	0.11819132073324815
ARHGAP33	-0.2160641284879714
ARHGAP35	0.08861496433537165
ARHGAP36	-0.251296623971647
ARHGAP39	-0.09695362123505516
ARHGAP4	0.07754881043909238
ARHGAP40	-0.16361150868103208
ARHGAP42	0.10441228231083159
ARHGAP42P1	0.12920559117620337
ARHGAP42P2	-0.007538100901650184
ARHGAP42P3	-0.18008290621476575
ARHGAP42P4	-0.04149620411491224
ARHGAP42P5	0.11933573640417569
ARHGAP44	-0.22124692469999838
ARHGAP5	0.16553790044855163
ARHGAP5-AS1	-0.2560636252937406
ARHGAP6	-0.21375296368633753
ARHGAP8	0.3313955107062578
ARHGAP9	0.22436710382579733
ARHGDIA	-0.03588829082927011
ARHGDIB	0.1594251334803727
ARHGDIG	-0.24865303559921964
ARHGEF1	0.1414045744955161
ARHGEF10	0.07236941242956116
ARHGEF10L	-0.09250904081505373
ARHGEF11	0.17054145443155758
ARHGEF12	0.22067516622938707
ARHGEF15	0.1369063546172473
ARHGEF16	-0.25048674819780414
ARHGEF17	-0.0006311789452700851
ARHGEF18	0.1660954337181204
ARHGEF19	-0.0415049090169135
ARHGEF2	0.09952951400349877
ARHGEF25	-0.21659464465513956
ARHGEF26	-0.17052179274838583
ARHGEF26-AS1	-0.15191113446793025
ARHGEF28	0.12607513341305343
ARHGEF3	0.21381015917031027
ARHGEF3-AS1	-0.23344911859497566
ARHGEF33	-0.08377245664168494
ARHGEF34P	0.16756425514226025
ARHGEF35	-0.003819205507374704
ARHGEF37	-0.11183245638546382
ARHGEF38	0.052707336821862204
ARHGEF38-IT1	-0.027457660931864112
ARHGEF39	-0.25709656459190194
ARHGEF4	-0.040542340741795725
ARHGEF40	-0.1485476898996112
ARHGEF5	0.14792951294735404
ARHGEF6	0.2611173939095489
ARHGEF7	0.19001229093372243
ARHGEF7-AS1	-0.22064525233062143
ARHGEF7-AS2	-0.20289198901535346
ARHGEF7-IT1	-0.08211276612556914
ARHGEF9	-0.2479761416449419
ARHGEF9-IT1	0.01586933788838595
ARID1A	0.2860270122539048
ARID1B	0.34857477212210214
ARID2	0.3434276704187133
ARID3A	0.10068964841067592
ARID3B	0.1441457386762173
ARID3C	0.12201274955563472
ARID4A	0.25857844399689417
ARID4B	0.3469096602569928
ARID5A	0.2152220026554433
ARID5B	0.24033171120951966
ARIH1	0.11475980807314139
ARIH2	-0.031098241549516882
ARIH2OS	-0.009361718915329272
ARIH2P1	-0.08790032838791723
ARL1	-0.08644406153683973
ARL10	0.27444424966107606
ARL11	0.24714663980334273
ARL13A	0.07466158696549753
ARL13B	0.060795816218133784
ARL14	-0.15468442778389196
ARL14EP	0.2056054147037474
ARL14EPL	0.09874281164479798
ARL15	-0.09044012866846042
ARL16	-0.13427402241950262
ARL17A	0.34170744158122845
ARL17B	0.15954549836358917
ARL2	-0.12104410321827719
ARL2BP	0.06712681739586852
ARL2BPP1	-0.16204248973232857
ARL2BPP10	0.18584301000462292
ARL2BPP2	
ARL2BPP3	-0.10852362761708836
ARL2BPP4	-0.07243224673845453
ARL2BPP5	-0.005624354190250816
ARL2BPP6	
ARL2BPP7	-0.03325912453167606
ARL2BPP8	0.05489267798337129
ARL3	-0.047280691771217576
ARL4A	0.08735733844737123
ARL4C	0.24569051495686822
ARL4D	-0.27022371756010294
ARL4P	-0.3323225173600648
ARL5A	0.07070168699409635
ARL5AP1	-0.0013378038651438425
ARL5AP2	-0.11839360499599628
ARL5AP3	-0.03958229406381693
ARL5AP4	-0.26893181402540917
ARL5B	0.2444513936596075
ARL5B-AS1	0.045862733813710845
ARL5C	0.027614228145335266
ARL6	0.1596923180372202
ARL6IP1	-0.20488751974346242
ARL6IP1P1	0.11262873566609853
ARL6IP1P2	-0.18825962346943453
ARL6IP1P3	-0.2936102935407496
ARL6IP4	-0.2609583491577367
ARL6IP5	0.14780056022999138
ARL6IP6	-0.2593600422995053
ARL8A	0.03793091366664062
ARL8B	0.1657834160849434
ARL9	-0.11987913192097986
ARMC1	-0.03375655889282305
ARMC10	0.1578831458492398
ARMC10P1	-0.2099804818598491
ARMC12	0.16294227350431403
ARMC2	-0.04197381931287373
ARMC2-AS1	0.034253539920430384
ARMC3	0.11003492152496801
ARMC4	0.10595214359460856
ARMC4P1	0.03528170264387753
ARMC5	0.003824534675986366
ARMC6	-0.26065220227745667
ARMC7	-0.044540660302488114
ARMC8	0.12498688645958309
ARMC9	0.1676550374621812
ARMCX1	-0.03520873424465004
ARMCX2	0.20624586949611906
ARMCX3	0.20348717448118378
ARMCX3-AS1	0.16575121379342672
ARMCX4	-0.11847846485429346
ARMCX5	-0.04602639617330361
ARMCX6	0.07758696129946101
ARMS2	-0.018983842930942293
ARNT	0.21093942480801378
ARNT2	0.02667279904061117
ARNTL	0.1750338542598133
ARNTL2	0.36783715709691045
ARPC1A	0.0755853744931895
ARPC1B	0.06286799919337537
ARPC2	0.038022585248534996
ARPC3	0.12214624926747555
ARPC3P1	-0.25851131236472547
ARPC3P2	-0.1843094240442354
ARPC3P5	-0.20619634505585543
ARPC4	-0.12867711575053853
ARPC4-TTLL3	-0.03302510809982145
ARPC5	-0.009557287017880868
ARPC5L	0.14044428865184264
ARPP19	0.27551828600120715
ARPP21	-0.10257470217978101
ARPP21-AS1	-0.038684826110553176
ARR3	0.09440145128737955
ARRB1	-0.08714277974228456
ARRB2	-0.08597833094339759
ARRDC1	-0.07363507375054047
ARRDC2	0.1680659192290522
ARRDC3	0.0721305539934794
ARRDC4	-0.23392090407340088
ARRDC5	0.27123804022450754
ARSA	0.047564164637421046
ARSB	0.018668601623982248
ARSD	0.04290105613894716
ARSD-AS1	0.053666517348607994
ARSDP1	-0.31622411152243046
ARSE	0.017423287506605312
ARSEP1	-0.1198830729747055
ARSF	0.19109625873445685
ARSFP1	-0.0721979639400053
ARSG	0.055643150124870075
ARSH	0.013680392701267013
ARSI	-0.17601114614339905
ARSJ	0.07143098763295494
ARSK	-0.16015601051540695
ART1	0.006386321193413502
ART3	-0.08037069379257866
ART4	0.1799659420845653
ART5	0.08936307486009787
ARTN	-0.07130426806794642
ARV1	-0.28150784714539184
ARVCF	-0.014301760903769875
ARX	0.051187352104250135
AS3MT	-0.23623614765862203
ASAH1	-0.08035808076477464
ASAH2	-0.034159214253384994
ASAH2B	-0.18236188447905405
ASAH2C	-0.08726861580965925
ASAP1	0.26962858592328803
ASAP2	-0.10948724248453777
ASAP3	-0.10257787829116682
ASB1	0.15816452082806728
ASB10	-0.20956446130706544
ASB11	0.020803234035292315
ASB12	-0.028854811519209968
ASB13	-0.18033737377635442
ASB14	-0.22756901878136013
ASB15	0.24016956075878124
ASB16	0.11733168053502316
ASB16-AS1	-0.08301534286188693
ASB17	0.17098483652637206
ASB18	-0.11855107497976876
ASB2	0.006995105144337767
ASB3	-0.17194804030542402
ASB4	-0.132245437759499
ASB5	-0.27147890549954135
ASB6	0.31303845209579806
ASB7	0.0951394164329715
ASB8	0.04807165152941275
ASB9	-0.29997196484899624
ASB9P1	0.18626811100639618
ASCC1	0.10822774884710379
ASCC2	-0.058923138388210845
ASCC3	0.2655358694219554
ASCL1	-0.06115029880995787
ASCL2	-0.25623321755733897
ASCL3	-0.09666129109117065
ASCL4	-0.15759408140572642
ASCL5	-0.15075168932239233
ASF1A	0.02220932450773478
ASF1B	-0.2623902563359076
ASGR1	-0.06353124578173731
ASGR2	0.13105890487825772
ASH1L	0.3238819138927569
ASH1L-AS1	-0.23940494728596165
ASH1L-IT1	-0.05570217447876138
ASH2L	-0.11006892542639675
ASH2LP1	0.33578250342109855
ASIC1	-0.25190333807195153
ASIC2	-0.22426074494008238
ASIC3	-0.16210725862764402
ASIC4	-0.2903058872275185
ASIC5	0.025434084380379012
ASIP	-0.0801852370025101
ASL	-0.037447363753960725
ASLP1	0.2514113413601682
ASMT	0.20396144346769887
ASMTL	-0.0730476985526954
ASMTL-AS1	-0.17816757314177595
ASNA1	-0.20439711434022462
ASNS	0.10105844516919413
ASNSD1	0.19855279038908993
ASNSP1	-0.07647918541017461
ASNSP3	0.0003892692592341271
ASNSP4	-0.15767558055718817
ASNSP5	-0.009116577280099441
ASPA	0.03196086860085569
ASPDH	-0.1825227761438184
ASPG	0.05406569013258555
ASPH	-0.08371919809418385
ASPHD1	0.01857271467390184
ASPHD2	0.29249563884782415
ASPM	0.010626731281633231
ASPN	-0.1327713361522017
ASPRV1	-0.1327531913771239
ASPSCR1	-0.003079404973512929
ASRGL1	-0.032288841809455834
ASS1	0.06725605995836233
ASS1P1	0.0072672556739038765
ASS1P10	-0.022434086459644922
ASS1P11	0.015750313005260967
ASS1P12	0.1055070537371611
ASS1P2	-0.01665596853759082
ASS1P4	-0.13975710436950214
ASS1P5	0.06444742239595366
ASS1P6	-0.19156669267724163
ASS1P7	0.012104619854631774
ASS1P9	0.12040159861364813
ASTE1	-0.00488952412385592
ASTL	-0.07340962463878559
ASTN1	0.06333243228903938
ASTN2	-0.14046760375735068
ASUN	0.17616498830343086
ASXL1	0.19030113858844533
ASXL2	0.29491230293598214
ASXL3	0.04915149106216424
ASZ1	0.082499376948693
ATAD1	-0.09723019022944182
ATAD2	0.0903358101848135
ATAD2B	0.29747519760194746
ATAD3A	-0.11540409473461123
ATAD3B	-0.03039381298480508
ATAD3C	0.049976273853979326
ATAD5	0.09007928945911002
ATAT1	-0.15108852758788932
ATCAY	0.08259524931811024
ATE1	-0.1216735809888244
ATF1	0.06287506128532035
ATF1P1	
ATF2	0.2174238752157759
ATF3	-0.12082347426064786
ATF4	-0.07279020748701151
ATF4P1	-0.24975734151510307
ATF4P2	-0.35244372188676043
ATF4P3	-0.2441599694257985
ATF4P4	-0.1618446129800722
ATF5	-0.09530434539181967
ATF6	0.21244338396763912
ATF6B	-0.13253083089390347
ATF7	0.035779416567455265
ATF7IP	0.24705133867317133
ATF7IP2	0.16329517647030642
ATG10	-0.04472923904128278
ATG10-AS1	-0.07297925736008701
ATG10-IT1	-0.008967050010602105
ATG12	0.1483276139774517
ATG12P2	
ATG13	0.04762803658951579
ATG14	-0.017405180291979495
ATG16L1	-0.07960589995417551
ATG16L2	0.018154818784886485
ATG2A	0.16571788459848377
ATG2B	0.30572049225295556
ATG3	-0.286535023384225
ATG3P1	-0.12514814677630157
ATG4A	-0.02418707021455152
ATG4AP1	-0.22331533553693075
ATG4B	-0.05576813122669857
ATG4C	0.2266487965025731
ATG4D	-0.28791172904453133
ATG5	-0.05506127682798419
ATG7	0.25060149208563604
ATG9A	-0.08412786367303261
ATG9B	0.09740136026145703
ATHL1	0.043511292383122006
ATIC	-0.1764506635724225
ATL1	-0.04367456008467588
ATL2	0.016621899562919516
ATL3	0.28579404814696135
ATM	0.27360158633799947
ATMIN	0.3049558970346271
ATN1	-0.09491301207134001
ATOH1	-0.09724397010129887
ATOH7	0.03693328712522667
ATOH8	-0.28005912457929305
ATOX1	0.12252720096105717
ATP10A	0.1022909201724281
ATP10B	0.11762667281809001
ATP10D	0.3221402147440281
ATP11A	0.29151936503564435
ATP11A-AS1	-0.18687795613848224
ATP11B	0.34407243222400496
ATP11C	0.2400118138265038
ATP12A	-0.06202674832706451
ATP13A1	0.11011846506762771
ATP13A2	0.06549550295487469
ATP13A3	0.2499969054667602
ATP13A4	0.0474868439716835
ATP13A4-AS1	0.005866663749361002
ATP13A5	-0.0363588148267106
ATP13A5-AS1	0.2215935545704701
ATP1A1	-0.036699491534718284
ATP1A1OS	-1.2917890742662687e-05
ATP1A2	-0.1724697552742894
ATP1A3	0.14946768470161897
ATP1A4	0.17411790826970047
ATP1B1	0.025344197792629402
ATP1B1P1	-0.1872190846219268
ATP1B2	-0.1277704636815429
ATP1B3	0.046535254666465596
ATP1B3-AS1	-0.3294448814961974
ATP1B3P1	-0.18278875648836435
ATP1B4	-0.17944192358760666
ATP2A1	-0.06387814235039016
ATP2A2	0.2753050209706546
ATP2A3	0.04601600512051617
ATP2B1	0.04331429380711439
ATP2B2	-0.16438655217459128
ATP2B2-IT1	-0.09752754167885361
ATP2B2-IT2	
ATP2B3	0.0013659581782674596
ATP2B4	0.20481266739016366
ATP2C1	0.1462205287719866
ATP2C2	-0.06270381916895564
ATP4A	0.10506536425143513
ATP4B	0.11089267141425833
ATP5A1	-0.26446520756990516
ATP5A1P1	-0.3043062871976286
ATP5A1P10	-0.24525167984114163
ATP5A1P2	-0.38449131458263996
ATP5A1P3	-0.3230932419069822
ATP5A1P5	0.0583775521698576
ATP5A1P6	-0.16776488956313634
ATP5A1P7	0.010258235382378895
ATP5A1P8	0.1630451722242799
ATP5A1P9	-0.4283691092987227
ATP5B	-0.2650181797243913
ATP5BP1	-0.2598611550469334
ATP5C1	-0.3200748778014802
ATP5C1P1	-0.4511000259196448
ATP5D	-0.14024538612964277
ATP5E	-0.10855306247606133
ATP5EP1	
ATP5EP2	-0.26989331435599445
ATP5F1	-0.2970881844921665
ATP5F1P1	0.19235120669399114
ATP5F1P2	-0.034274743390042044
ATP5F1P3	-0.18125421972464123
ATP5F1P4	-0.20199453146900997
ATP5F1P5	-0.19578991221379827
ATP5F1P6	-0.33071855228340485
ATP5F1P7	-0.26299060531583013
ATP5G1	-0.2037507174848834
ATP5G1P1	-0.22306709272924846
ATP5G1P3	-0.19361259159616168
ATP5G1P4	-0.19210964247132392
ATP5G1P5	-0.08914803606325358
ATP5G1P6	-0.1636854973646721
ATP5G1P7	0.04588590736976718
ATP5G1P8	-0.19718230714839108
ATP5G2	-0.1435553896049105
ATP5G2P1	-0.20815448097675
ATP5G2P3	0.009039317991832602
ATP5G2P4	-0.30339128787926656
ATP5G3	-0.2775527762017106
ATP5H	-0.09827366877369935
ATP5HP1	0.1001091888439919
ATP5I	-0.25263059419714495
ATP5J	0.02156094707735999
ATP5J2	-0.29929285906560243
ATP5J2-PTCD1	-0.012797158844814483
ATP5J2LP	-0.04233530926230933
ATP5J2P3	-0.27121757720191475
ATP5J2P6	0.12354978310283628
ATP5JP1	-0.37528112493134225
ATP5L	-0.19846349851362033
ATP5L2	-0.3519823715965989
ATP5LP2	-0.31979070551725997
ATP5LP3	-0.34988898768290244
ATP5LP4	-0.33069065321129715
ATP5LP5	0.02001294588026594
ATP5LP6	-0.18240374751185903
ATP5LP7	-0.03821968688097981
ATP5O	-0.3088866395943583
ATP5S	-0.05844894213922653
ATP5SL	-0.18203661497038978
ATP6AP1	-0.2157460057345886
ATP6AP1L	-0.10147488620144723
ATP6AP2	0.000713669471166029
ATP6C	
ATP6V0A1	0.10147986403082669
ATP6V0A2	0.2959358645160021
ATP6V0A4	0.045099241541848814
ATP6V0B	0.013734175127666157
ATP6V0C	-0.28634127475791965
ATP6V0CP1	-0.031259265421230184
ATP6V0CP2	-0.240428722620001
ATP6V0CP3	-0.0056413375822989605
ATP6V0D1	-0.14077087649409845
ATP6V0D2	-0.22404151436601846
ATP6V0E1	0.05248369324650822
ATP6V0E1P1	0.36193045484668374
ATP6V0E1P2	-0.14841688523101065
ATP6V0E1P3	0.19333715141562327
ATP6V0E1P4	0.01586933788838595
ATP6V0E2	0.01090825218637678
ATP6V0E2-AS1	0.08970450251386976
ATP6V1A	0.2482336944246254
ATP6V1B1	-0.052708908048717196
ATP6V1B2	0.1789301777932488
ATP6V1C1	0.1437645627961679
ATP6V1C2	0.01306550957271572
ATP6V1D	-0.08353293006765916
ATP6V1E1	-0.022344944005247263
ATP6V1E1P1	-0.2851687051804896
ATP6V1E2	0.05764682631717302
ATP6V1F	-0.03130570593851247
ATP6V1G1	-0.050757094097409125
ATP6V1G1P2	0.31792481222692803
ATP6V1G1P3	-0.14358554240868676
ATP6V1G1P4	0.023371204386846842
ATP6V1G1P6	-0.053051691466911625
ATP6V1G1P7	-0.01919200109816668
ATP6V1G2	0.10451808058267245
ATP6V1G2-DDX39B	
ATP6V1G3	-0.05773491185251144
ATP6V1H	0.0771165557843039
ATP7A	0.17132881911304104
ATP7B	-0.21132485184617525
ATP8A1	0.19669734221195886
ATP8A2	0.1190909877465837
ATP8A2P1	-0.11456419312661532
ATP8A2P2	0.14102153216117413
ATP8A2P3	-0.14990582812513414
ATP8B1	0.012535481918295822
ATP8B2	0.13835348150643684
ATP8B3	0.064582284563935
ATP8B4	0.0569356807910527
ATP8B5P	-0.21614375706149636
ATP9A	0.10022352712583217
ATP9B	0.16476283418539892
ATPAF1	-0.20290115044055687
ATPAF2	-0.07974165809139691
ATPIF1	-0.13693384740643838
ATR	0.2541658189053017
ATRAID	-0.20881065868829107
ATRIP	-0.0385552065880264
ATRN	-0.012230991693265011
ATRNL1	0.11779777602973555
ATRX	0.33196921032106386
ATXN1	0.20974150762260765
ATXN10	-0.23879448783651142
ATXN1L	0.310073084456686
ATXN2	-0.11877269041681272
ATXN2L	0.15564655869443988
ATXN3	0.2914122375709294
ATXN3L	-0.007854349224721557
ATXN7	0.245169249910044
ATXN7L1	0.10239098800755304
ATXN7L2	0.17551332914312143
ATXN7L3	0.13811581674034343
ATXN7L3B	0.08093117083477203
ATXN8OS	0.16631807369356533
AUH	-0.18856067392087666
AUNIP	-0.10941922907289327
AUP1	-0.11303047269074765
AURKA	-0.11279308447061744
AURKAIP1	-0.0563262960041969
AURKAPS1	-0.25507396950877476
AURKB	-0.21196466386294066
AURKC	0.07692274304707444
AUTS2	-0.10600161696955805
AVEN	0.01712514155603214
AVIL	-0.1046432429399364
AVL9	0.06586143124846801
AVP	0.2368948722324164
AVPI1	-0.1327412127770662
AVPR1A	0.039778615970508344
AVPR1B	0.011909788050051934
AVPR2	-0.0904910607105144
AWAT1	0.05501931623073251
AWAT2	-0.13525074435671716
AXDND1	0.013765187737640256
AXIN1	-0.023024174372856254
AXIN2	0.053309696678185324
AXL	-0.13251634904449439
AZGP1	-0.007532822065387448
AZGP1P1	-0.1358657918259291
AZGP1P2	-0.25693544506196564
AZI1	-0.01436587692759311
AZI2	0.2019734608579206
AZIN1	0.024355230827791598
AZU1	0.15503179175296547
AZU1P1	0.031424946054464165
B2M	0.15604510954133807
B3GALNT1	0.1296409099438559
B3GALNT2	0.18622929164622637
B3GALT1	-0.0019560134892381504
B3GALT2	-0.03617549923096417
B3GALT4	0.030012888919011493
B3GALT5	0.2272237729900409
B3GALT6	-0.04306367308062377
B3GALTL	0.3703623819366217
B3GAT1	0.23233436462685902
B3GAT2	-0.2707901737953569
B3GAT3	-0.0026251668513600805
B3GNT1	-0.2914938403687227
B3GNT2	-0.03483736110721221
B3GNT3	0.022968045947044765
B3GNT4	0.11464891879893407
B3GNT5	-0.043156746796698744
B3GNT6	0.14320624359927056
B3GNT7	0.022959186252715688
B3GNT8	-0.13939876314863978
B3GNT9	-0.09710620965171365
B3GNTL1	-0.1900333370505059
B4GALNT1	0.04034233525015083
B4GALNT2	-0.11272873870339849
B4GALNT3	0.05092692456477197
B4GALNT4	-0.10226555116923881
B4GALT1	0.16106117479609253
B4GALT2	-0.2389971339946135
B4GALT3	0.007358875562414838
B4GALT4	-0.20310528217751472
B4GALT4-AS1	-0.00918913294167288
B4GALT5	-0.007634935610618412
B4GALT6	0.05745767106383912
B4GALT7	-0.23011212870156028
B9D1	-0.21050198397041056
B9D2	-0.18083956080623534
BAALC	0.020375193612599284
BAAT	-0.030158523255475515
BAATP1	-0.2726188228254777
BABAM1	-0.10288751904423353
BACE1	0.09876719222962384
BACE2	0.08300994056547177
BACE2-IT1	-0.07256773126105329
BACH1	0.38249836021139105
BACH1-AS1	-0.12913790227528038
BACH1-IT1	0.4096940761686417
BACH1-IT2	0.0664554990755025
BACH1-IT3	-0.21058268935820015
BACH2	0.24308551054793284
BAD	0.04793294929225742
BAG1	-0.14435152520490918
BAG2	0.020452582057970826
BAG3	0.06342081564555944
BAG4	0.11778387724256936
BAG5	0.1691007658882718
BAG6	0.07837397389095474
BAGE2	-0.14128330797781474
BAHD1	-0.1143975467795777
BAI1	0.03793817506774852
BAI2	0.02479796303276042
BAI3	0.01261495392980025
BAIAP2	-0.014324098976036405
BAIAP2-AS1	0.24292560310783165
BAIAP2L1	0.27729080861386707
BAIAP2L2	-0.1916545115624373
BAIAP3	-0.09172250211848643
BAK1	-0.009601073583420962
BAK1P1	-0.08295340315395842
BAK1P2	0.26308993296585603
BAMBI	0.031754657390661176
BANF1	-0.0398094653384128
BANF1P1	-0.1055024103107888
BANF1P2	-0.15727025617032997
BANF1P3	-0.266708163438168
BANF1P4	-0.03480097338139001
BANF1P5	-0.25391738522284224
BANF2	-0.1791059809358402
BANK1	0.2832145555525952
BANP	0.2349999279384406
BAP1	-0.09230753814487966
BARD1	0.12076948762227237
BARHL1	0.26124880263839967
BARHL2	0.15088705182509224
BARX1	0.12696315760837873
BARX2	-0.0012143911663274097
BASP1	0.19626915078037008
BASP1P1	-0.17827217456027147
BATF	0.277775003395821
BATF2	0.11380693636779192
BATF3	0.2926177417627304
BAX	-0.18269661120356487
BAZ1A	0.29906628462353646
BAZ1B	0.2760548347812748
BAZ2A	0.32854736269560075
BAZ2B	0.3374833807014718
BBC3	0.0660916752993638
BBIP1	-0.00794171870599335
BBOX1	0.07362464803477091
BBS1	-0.14484791840353398
BBS10	0.15567496269908887
BBS12	-0.02853753684849989
BBS2	-0.0972899046055881
BBS4	-0.10254806147084837
BBS5	0.022973075386282113
BBS7	0.16553849361193676
BBS9	0.2817193053770007
BBX	0.30703333047267717
BCAM	-0.14650250319115743
BCAN	-0.11281605199207423
BCAP29	0.16706246452347476
BCAP31	-0.20112207821043074
BCAR1	-0.040556174933170965
BCAR3	-0.07990056658676231
BCAR4	0.0011916780796570204
BCAS1	0.10785472110672228
BCAS2	-0.022448487373813265
BCAS2P1	-0.24192651416491534
BCAS2P2	0.19710086652525344
BCAS2P3	0.25052064862535056
BCAS3	0.12815489922468323
BCAS4	0.14664546060219683
BCAT1	0.13132177576310858
BCAT2	-0.19786194124518086
BCCIP	-0.0705951664575869
BCDIN3D	0.24051679852788443
BCDIN3D-AS1	-0.014606857884287505
BCHE	-0.1093838972685105
BCKDHA	-0.17445765351060394
BCKDHB	-0.1760052680654855
BCKDK	-0.22145541406228453
BCL10	0.18922098856342018
BCL11A	0.20719260900368922
BCL11B	0.20094704959181456
BCL2	0.1824525176254772
BCL2A1	0.16993818586747952
BCL2L1	0.012846518674002737
BCL2L10	-0.11477764373527181
BCL2L11	-0.06039278550789628
BCL2L12	-0.09614482742009994
BCL2L13	0.05788850998744908
BCL2L14	0.03549505049723429
BCL2L15	0.016491439650695685
BCL2L2	-0.2688804051109663
BCL2L2-PABPN1	0.12817749440835133
BCL3	0.08764021505956895
BCL6	0.31796981583869716
BCL6B	0.32172915762396237
BCL7A	0.13075490746487717
BCL7B	-0.16344606093355013
BCL7C	-0.24069086607357576
BCL9	0.029707772873730567
BCL9L	0.14351268363035066
BCLAF1	0.24911650918983078
BCMO1	-0.008101062792928722
BCO2	-0.1301064558050324
BCOR	0.2211682166804985
BCORL1	0.18684249173320347
BCORP1	0.08387441751532104
BCR	0.09653444072134425
BCRP1	-0.1575378763648811
BCRP2	-0.014803569803128344
BCRP3	-0.1997952718868707
BCRP4	-0.1448189067306442
BCRP5	-0.06001569997462732
BCRP6	-0.018728422262857806
BCRP7	-0.21838901878559427
BCRP8	-0.13143798635869938
BCRP9	0.27284938029073424
BCS1L	-0.21437403784194853
BCYRN1	-0.26136075969564065
BDH1	-0.24163778091945226
BDH2	-0.19604244014040914
BDH2P1	-0.32785737870827364
BDKRB1	-0.0206639677500524
BDKRB2	0.26276385351949183
BDNF	-0.05327293443096188
BDNF-AS	-0.25182423967075507
BDP1	0.2890473574682476
BDP1P	-0.05167485466978061
BEAN1	0.03161586432870194
BECN1	-0.2278646049396795
BECN1P1	-0.16009374143503363
BEGAIN	-0.15559938420177627
BEND2	-0.03006718438836958
BEND3	-0.07890330153361154
BEND3P2	0.04660857483377089
BEND3P3	0.11932534407349708
BEND4	0.3628030571883409
BEND5	0.16324655252900305
BEND6	-0.27014368116738624
BEND7	0.005274449626760376
BEST1	0.09677403628737377
BEST2	-0.23622053574337756
BEST3	-0.1907465006862398
BEST4	-0.050440992736388045
BET1	0.03449178837837932
BET1L	0.3561298127588364
BEX1	0.09891855170017312
BEX2	0.19223446588114187
BEX4	-0.03837979767577545
BEX5	-0.26642181229816825
BFAR	0.184017646816908
BFSP1	-0.2982995879979411
BFSP2	0.27131515813539203
BFSP2-AS1	0.14588182151234172
BGLAP	-0.025282716773703043
BGN	0.1739544715265166
BHLHA15	-0.03814256221019776
BHLHA9	-0.4250080895092414
BHLHB9	0.004595923971583397
BHLHE22	0.10325259974651875
BHLHE23	0.11293042206589762
BHLHE40	0.15816105931766847
BHLHE40-AS1	0.319287467596062
BHLHE41	-0.1424034104777145
BHMT	-0.0105186471487773
BHMT2	0.07670547229158918
BICC1	0.1455993920534326
BICD1	0.2277369182906415
BICD2	0.15634492496001418
BID	0.18043049113657575
BIK	0.0730088707024986
BIN1	-0.019412397119772832
BIN2	0.20472064807195378
BIN2P1	0.06568051148594907
BIN2P2	-0.4125470850971029
BIN3	0.25193327875426674
BIRC2	0.12610066960790617
BIRC3	0.37865063771922614
BIRC5	-0.13202178482431776
BIRC6	0.3856545698636537
BIRC6-AS1	-0.1352111050930598
BIRC7	-0.03828886987180618
BIRC8	-0.21087631768346307
BIVM	-0.017922336384230884
BIVM-ERCC5	
BLACE	0.26200873866058816
BLCAP	-0.3431967931879428
BLID	-0.046108220459390704
BLK	0.237853894325715
BLM	0.1288041276335321
BLMH	0.0823830624072363
BLNK	0.1549148974780886
BLOC1S1	-0.2531314784562702
BLOC1S2	0.17719729343333404
BLOC1S3	-0.16068345447547175
BLOC1S4	0.2719253784650477
BLOC1S5	0.0416198652309331
BLOC1S5-TXNDC5	
BLOC1S6	0.2481973998715956
BLVRA	0.094429137611542
BLVRB	-0.28732421991946744
BLZF1	0.1950194572323134
BLZF2P	0.07778844975991382
BMF	-0.045719621173926396
BMI1	0.06889283024220348
BMP1	0.05082523384340782
BMP10	-0.00879071760469638
BMP15	-0.14611567412832155
BMP2	-0.04044119950183068
BMP2K	0.13668814730494389
BMP2KL	0.16637300118917062
BMP3	-0.08247800908136008
BMP4	-0.34009557326890966
BMP5	-0.1319374646763304
BMP6	-0.1303913274780812
BMP6P1	-0.1519345854079927
BMP7	0.039960750401084814
BMP8A	0.29976332952998086
BMP8B	-0.08916790448558617
BMPER	-0.19089798384310463
BMPR1A	0.02135946090398264
BMPR1APS1	0.2747178119543936
BMPR1APS2	0.3795332054509979
BMPR1B	0.0668147598791221
BMPR2	0.41649106804223485
BMS1	0.21737750471774153
BMS1P1	0.29914012804613616
BMS1P10	0.19653923879100993
BMS1P11	-0.19533191834622268
BMS1P12	-0.021858850454952717
BMS1P13	0.1797337959652229
BMS1P14	0.25182428324104383
BMS1P15	0.1688853271328101
BMS1P16	0.17897356828840355
BMS1P17	0.016404880605419607
BMS1P18	-0.12371557300841587
BMS1P19	0.32692489835843436
BMS1P2	-0.03263322456513993
BMS1P20	-0.048528362215644785
BMS1P3	
BMS1P4	-0.12985263458225943
BMS1P5	0.3407379566067669
BMS1P6	0.10084285978290176
BMS1P7	0.257335134915379
BMS1P8	-0.21738113467593753
BMS1P9	0.16734849114782246
BMX	0.08448418190178204
BNC1	0.1066761042692548
BNC2	0.1362326637219601
BNIP1	-0.2183655638215587
BNIP2	0.18985100685165082
BNIP3	0.02304755198313864
BNIP3L	0.2365699926599727
BNIP3P1	-0.011915156889048591
BNIP3P2	
BNIP3P3	
BNIP3P7	0.097556451003126
BNIPL	-0.11500761483192119
BOC	0.0337239742736496
BOD1	-0.2056164021628779
BOD1L1	0.324828321065523
BOD1L2	-0.14202535139202116
BOK	-0.04908684891735024
BOK-AS1	0.3003423973237411
BOLA1	0.04159687324205059
BOLA2	-0.183768869518205
BOLA2B	0.14556809078498678
BOLA3	-0.11223124785947065
BOLA3-AS1	-0.09575481424335514
BOLL	-0.2572194057523742
BOP1	-0.14638111816586133
BORA	-0.00500659654514994
BPESC1	0.10037145181247739
BPGM	-0.058699521676771595
BPHL	-0.08809221500157674
BPI	-0.10691010647188987
BPIFA1	-0.06644814309123943
BPIFA2	-0.06863620068201025
BPIFA3	0.06067916817105471
BPIFA4P	0.04244978593247319
BPIFB1	-0.251403683159071
BPIFB2	-0.20571972756684756
BPIFB3	0.2850779709357791
BPIFB4	0.11677049988062693
BPIFB5P	-0.17084888343502116
BPIFB6	-0.03699769366343564
BPIFB9P	-0.025676862167995227
BPIFC	-0.04953923455276792
BPNT1	-0.23209861407151408
BPTF	0.3107463476410243
BPY2	
BPY2B	
BPY2C	
BPY2DP	-0.05975677723150361
BRAF	0.2535747980961057
BRAFP1	0.08544023799018642
BRAP	0.05752360991770439
BRAT1	0.004201195378784889
BRCA1	0.06975447617231702
BRCA2	0.17836320024815702
BRCC3	-0.18712316817527455
BRD1	0.06844162681776843
BRD2	0.024736762780998386
BRD2-IT1	-0.12270989403146622
BRD3	0.2528468011879319
BRD4	0.354521386739568
BRD7	0.024807298064296233
BRD7P1	-0.11881489769685835
BRD7P2	-0.09097343742888599
BRD7P3	-0.01777982828136082
BRD7P4	-0.07378480461745815
BRD7P5	-0.391264480526814
BRD7P6	0.13776359892772183
BRD8	-0.023135580483164327
BRD9	0.10630741318897001
BRDT	0.22696988653707287
BRE	-0.31700369225388175
BRF1	-0.05689273456715258
BRF2	-0.07127909044646742
BRI3	-0.1715199205557055
BRI3BP	0.17050896509013042
BRI3P1	-0.33449451879574954
BRICD5	-0.22431994167927283
BRINP1	0.35370954469309945
BRINP2	-0.1652092537578607
BRINP3	-0.03897309011586183
BRIP1	-0.06902932324354842
BRIX1	0.0753401247642452
BRK1	0.07073009482147154
BRK1P2	-0.08764712668088462
BRMS1	-0.06575945485293931
BRMS1L	-0.12145600326644479
BROX	0.05410137654520789
BRPF1	0.3087409619444191
BRPF3	-0.13568340364263815
BRS3	0.07601656771754735
BRSK1	0.08157734613998156
BRSK2	0.20861078834522354
BRWD1	0.2884401028914187
BRWD1-AS1	-0.06733654400139823
BRWD1-IT1	-0.27700297617050845
BRWD1-IT2	-0.08450354288563874
BRWD3	0.2933993746778703
BSCL2	-0.1173303316149845
BSDC1	0.0184206481863428
BSG	-0.1678200042679236
BSN	0.033643312902137894
BSN-AS1	-0.16353755269847411
BSN-AS2	0.1602897911742805
BSND	-0.25290761678807616
BSPH1	0.16646541085474276
BSPRY	-0.18332735121967886
BST1	0.040322941329539355
BST2	0.15247568942594397
BSX	-0.0408280183228306
BTAF1	0.18840662424907065
BTBD1	-0.24215087202909535
BTBD10	-0.009980795664573522
BTBD11	0.29636745984110147
BTBD16	-0.025388049354094278
BTBD17	0.1504714277886554
BTBD18	-0.23904422543597503
BTBD19	0.2053264897728591
BTBD2	-0.07746764506831781
BTBD3	-0.17834796505877487
BTBD6	-0.25540719666584777
BTBD7	0.35840100492154586
BTBD7P1	-0.017151581653325997
BTBD7P2	-0.005624354190250816
BTBD8	0.23998962686339523
BTBD9	0.09858402457283476
BTBD9-AS1	0.10656476774357872
BTC	-0.17037201936392912
BTD	-0.0003455855962509541
BTF3	-0.2542702799307894
BTF3L4	0.021335681129616747
BTF3L4P1	-0.17053237826077297
BTF3L4P2	0.393374950991357
BTF3L4P3	-0.3141283816130437
BTF3L4P4	0.016404880605419607
BTF3P10	-0.2815061919749474
BTF3P11	-0.10115582174188019
BTF3P12	-0.2779056972569183
BTF3P13	-0.3279088828947035
BTF3P14	0.10676218487335876
BTF3P15	-0.20019169317489233
BTF3P2	-0.37660289058159513
BTF3P4	-0.381781805756796
BTF3P5	-0.3337771650248558
BTF3P6	-0.2600234406924168
BTF3P7	-0.38401324819456173
BTF3P8	-0.32028774379928343
BTF3P9	-0.4526084805953077
BTG1	0.09347381979167566
BTG2	0.07874415907769933
BTG3	-0.07419624472957632
BTG4	-0.1017096579081801
BTK	0.2897802599787526
BTLA	0.21564650340362107
BTN1A1	-0.06255610938395889
BTN2A1	0.23097764727430883
BTN2A2	0.3012024485535619
BTN2A3P	-0.05248866327276421
BTN3A1	0.2494019049658973
BTN3A2	0.14362546066295812
BTN3A3	0.18053845721259
BTNL10	0.04378115079996853
BTNL2	-0.11792341548286771
BTNL3	-0.31906577173112216
BTNL8	-0.26888101613670456
BTNL9	-0.07125840701249657
BTRC	0.13563732675256787
BUB1	-0.00914571391938766
BUB1B	-0.1651560785305446
BUB3	-0.1392693997287445
BUD13	-0.05265972460526213
BUD31	-0.02070255736181862
BVES	-0.11227890392044755
BVES-AS1	-0.1590190740794116
BYSL	0.14504768145692404
BZRAP1	0.02936315573912846
BZRAP1-AS1	0.2133303133600247
BZW1	0.29194296323204133
BZW1P1	-0.3200747263026871
BZW1P2	0.13914474460249884
BZW2	-0.24358919889315142
C10orf10	0.013787741712337116
C10orf105	0.08510718688505668
C10orf107	-0.3107043829612483
C10orf11	-0.04560361973325309
C10orf111	-0.3087118206736903
C10orf112	0.0346680897157708
C10orf113	-0.2685621830652394
C10orf115	0.285585319979196
C10orf118	0.20394563101771782
C10orf12	0.3256622017914659
C10orf120	0.44974450642926134
C10orf126	0.30922083079788104
C10orf128	0.030428239675873044
C10orf129	0.036554509381982084
C10orf131	0.08764933959085708
C10orf137	0.2604341764117609
C10orf2	0.03207360412997556
C10orf25	0.03960865693575847
C10orf32	-0.29746972753023565
C10orf32-ASMT	
C10orf35	-0.07259455181738689
C10orf40	-0.11618407345951519
C10orf53	-0.19294071180167163
C10orf54	-0.08115474424323503
C10orf55	-0.09444110469907872
C10orf62	0.030624982128161473
C10orf67	0.1160129433568909
C10orf68	-0.07351526150856463
C10orf71	0.05297951582632305
C10orf71-AS1	0.003409272444195311
C10orf76	0.25542851987107495
C10orf82	0.03686180088502518
C10orf85	0.2935632496021445
C10orf88	0.23702997744747537
C10orf90	-0.07216654875872679
C10orf91	0.23390245500119147
C10orf95	-0.026684230984463788
C10orf99	-0.12860971248482153
C11orf1	-0.2858854096334929
C11orf16	0.020086665140486976
C11orf21	0.12861180731395125
C11orf24	-0.11746934139111419
C11orf30	0.24385865217109914
C11orf31	0.02114043818444514
C11orf34	-0.2643065936271292
C11orf35	-0.15900211530932332
C11orf40	0.22808905260028098
C11orf42	-0.03781363887235881
C11orf44	0.004508688328232579
C11orf45	0.11864842357069777
C11orf48	-0.08418726218125791
C11orf49	-0.33271081067229114
C11orf52	0.03464121230935026
C11orf53	-0.1579013910225195
C11orf54	0.055035656180690104
C11orf57	0.22596379697282837
C11orf58	0.0992227840193387
C11orf63	-0.013183310910451286
C11orf65	0.0498034988483265
C11orf68	-0.12339948965931041
C11orf70	0.0745857487204455
C11orf71	-0.21039678997030403
C11orf72	0.10013445279138533
C11orf73	-0.16806955511358232
C11orf74	-0.07810809555546079
C11orf80	0.09256713833033312
C11orf82	0.10463755506079156
C11orf83	-0.09543210031710389
C11orf84	0.032689441996178265
C11orf85	0.18965007960035343
C11orf86	-0.14826666893589263
C11orf87	0.03661025827221097
C11orf88	0.3439173537745457
C11orf89	-0.15601395236336912
C11orf91	0.20636134533623376
C11orf94	0.06817290987568779
C11orf95	0.10729703708177132
C11orf96	0.16248811204357128
C12orf10	-0.33774296974916007
C12orf23	0.30202204795263243
C12orf29	0.2080139952523068
C12orf36	-0.12576901049795436
C12orf39	0.12918623537265417
C12orf4	0.28555672102986973
C12orf40	0.06843236717083652
C12orf42	0.25629602467844803
C12orf43	0.21503618181361225
C12orf44	0.14671474717682143
C12orf45	0.0880644355734837
C12orf49	0.205161547013102
C12orf5	0.19630377411894967
C12orf50	-0.06344085939875095
C12orf52	-0.1058063921935224
C12orf54	0.1140472303527255
C12orf55	-0.13484203722758997
C12orf56	-0.11788517042947985
C12orf57	-0.15836520613936592
C12orf60	-0.03794003064268548
C12orf61	-0.03069833361878086
C12orf65	0.14253652274815384
C12orf66	0.12134749780328608
C12orf68	0.03426339943529152
C12orf71	-0.2337068912796226
C12orf73	-0.11906715106421176
C12orf74	0.1327404182812392
C12orf75	-0.05645665261221959
C12orf76	-0.07588335680746812
C12orf77	0.1383509989065454
C12orf79	0.15011551741013957
C12orf80	0.07618616506733628
C13orf35	-0.16415151550917717
C13orf45	-0.07605160809987901
C14orf1	-0.2447927375671361
C14orf105	-0.13164795345198058
C14orf119	0.10302726163424729
C14orf132	-0.037717632379375574
C14orf142	-0.1868111298260361
C14orf144	-0.05598534626091184
C14orf159	-0.16812762836237505
C14orf164	-0.07863934236889293
C14orf166	-0.023082384470154604
C14orf166B	-0.03628689486602563
C14orf169	
C14orf177	0.15934034225775623
C14orf178	-0.17748572825457792
C14orf180	-0.07010961851881008
C14orf182	-0.018696734487003968
C14orf183	0.18872953482195662
C14orf2	-0.15944525110317154
C14orf23	0.20912403808249602
C14orf28	-0.05528968738758556
C14orf37	-0.041155349236969195
C14orf39	0.036373122587403946
C14orf64	0.15687795904272106
C14orf79	0.01234167717304019
C14orf80	-0.15678534200366467
C14orf93	-0.32122155880387665
C15ORF37	
C15orf26	0.22401584874738206
C15orf27	0.02992056969880878
C15orf32	-0.1378310865513959
C15orf37	-0.02483082810155021
C15orf38	0.13075299305244628
C15orf38-AP3S2	
C15orf39	0.07359739600239253
C15orf40	-0.02354879968898223
C15orf41	-0.15495591019951674
C15orf43	0.1365925674048204
C15orf48	-0.15872549866387664
C15orf52	-0.25687803888555605
C15orf53	0.3664210171196063
C15orf54	0.009674433188191616
C15orf56	0.15457929763055397
C15orf57	0.14745644904068236
C15orf59	-0.2037793983201671
C15orf60	-0.18538869044677656
C15orf61	-0.2241730947621848
C15orf62	0.014188152978307476
C15orf65	-0.11643196996055666
C16orf11	0.0508165644842484
C16orf13	-0.19340447723722418
C16orf3	-0.03589182178657924
C16orf45	-0.11501800092706765
C16orf46	0.34280240543012297
C16orf47	0.16938380823171412
C16orf52	0.10102521822895498
C16orf54	0.2022280634426775
C16orf58	-0.21900399489472447
C16orf59	-0.043315392334108874
C16orf62	0.2072867608666231
C16orf70	-0.22642703184972565
C16orf71	0.14289330232405187
C16orf72	0.18097930198020123
C16orf74	0.030077220141333738
C16orf78	-0.05361619449416868
C16orf80	-0.335208971499299
C16orf82	-0.04629221804758559
C16orf86	0.018497557510815384
C16orf87	0.08976420585283007
C16orf89	-0.02825252917745363
C16orf90	-0.11744322599734348
C16orf91	-0.16830162462875
C16orf92	0.0721226752702319
C16orf93	-0.11068615294334182
C16orf95	-0.28270380340025036
C16orf96	0.2427365302110402
C16orf97	-0.16350906555168937
C16orf98	0.06758891366957284
C17orf100	0.2257957228551735
C17orf102	0.02772576380311386
C17orf103	0.1499260796378528
C17orf104	-0.0028185401796896135
C17orf105	0.19576996825628515
C17orf107	0.20941591372959337
C17orf112	0.23793511677200357
C17orf47	0.021611588020554767
C17orf49	0.2637521673112381
C17orf50	-0.2916854457886412
C17orf51	0.18770996406594873
C17orf53	-0.10705633316227274
C17orf58	0.12742114097929907
C17orf59	-0.09625974559731489
C17orf61-PLSCR3	
C17orf62	0.2602110353656709
C17orf64	-0.007420267526319649
C17orf66	0.043889318108675
C17orf67	0.11388982551211345
C17orf70	0.04903497443876169
C17orf72	0.11475396626028017
C17orf74	0.04575114778912721
C17orf75	-0.18112038231842548
C17orf76-AS1	-0.22346159046606978
C17orf77	0.00023481740904030208
C17orf78	0.06524094994643313
C17orf80	0.03837064595170316
C17orf82	-0.21960556739591136
C17orf85	0.20320045587734195
C17orf89	-0.13832030642301008
C17orf96	0.23930277330706726
C17orf97	0.1412063059839677
C17orf98	-0.32526537593114435
C17orf99	0.20923189153396074
C18orf21	0.3324811938611032
C18orf25	0.1788386137111017
C18orf32	-0.17281345183770838
C18orf42	-0.025234049158930266
C18orf54	0.2244906569730112
C18orf56	-0.1850245264940462
C18orf63	-0.03064429868365196
C18orf8	0.07912342971261094
C19orf10	-0.07920460460258255
C19orf12	0.13647459074578225
C19orf18	-0.22907696799290841
C19orf24	0.022268979818151315
C19orf25	-0.09937003284480758
C19orf26	0.1629173523633132
C19orf33	-0.32129237451661696
C19orf35	-0.03521812586691725
C19orf38	0.1474300136813474
C19orf40	-0.0511853318542316
C19orf43	-0.048070974103012504
C19orf44	0.06841722053968328
C19orf45	-0.2243379778232313
C19orf47	3.9037389579831556e-05
C19orf48	-0.19836318675609393
C19orf52	0.008071541131376666
C19orf53	0.02783581696578751
C19orf54	-0.06408247713635452
C19orf55	-0.013157301881243026
C19orf57	-0.11069243130107624
C19orf59	0.16510804542650293
C19orf60	-0.06151724337923281
C19orf66	0.056495387941770885
C19orf67	-0.22442704244629133
C19orf68	-0.26266422525677086
C19orf69	-0.12914197403296368
C19orf70	-0.0792378417455235
C19orf71	-0.09970515354264727
C19orf73	-0.06926331122399292
C19orf77	-0.038994428677593604
C19orf80	-0.16813982823283644
C19orf81	0.030820855790885164
C19orf82	0.2564861774419631
C1D	-0.16596345622596315
C1DP1	-0.24694264323363943
C1DP2	-0.040295645713783676
C1DP3	0.017649229380971045
C1DP4	0.1467882660473135
C1GALT1	0.09270710525941031
C1GALT1C1	-0.18202283486316684
C1ORF220	
C1QA	-0.02407354145457236
C1QB	-0.030071422747225122
C1QBP	-0.29876778925333153
C1QBPP	-0.14207895729538436
C1QC	-0.06990957452037058
C1QL1	-0.15483549572198604
C1QL2	0.10916540176002715
C1QL3	-0.06432898370093372
C1QL4	0.11901368632547742
C1QTNF1	0.0421550267227762
C1QTNF1-AS1	-0.17723906148622678
C1QTNF2	-0.19710466052146267
C1QTNF3	-0.1507816829828172
C1QTNF4	-0.013221835233649526
C1QTNF5	
C1QTNF6	0.10307353806660169
C1QTNF7	-0.13886360037546808
C1QTNF8	0.2045241144658826
C1QTNF9	-0.1596967150319115
C1QTNF9-AS1	-0.1035990081928441
C1QTNF9B	-0.07216092616412523
C1QTNF9B-AS1	-0.22212773555857965
C1R	0.13971226768851505
C1RL	0.08003969576228291
C1RL-AS1	0.30859654949275256
C1S	0.16992094099369892
C1orf100	-0.1965752424425795
C1orf101	-0.15740260985564156
C1orf105	-0.0472669430152379
C1orf106	0.07237794851518906
C1orf109	0.060006079890143026
C1orf110	0.036150891668732685
C1orf111	-0.026614660672283543
C1orf112	-0.0030267091105047584
C1orf115	-0.06511775956919025
C1orf116	-0.0016806802988258754
C1orf122	0.2606838652263295
C1orf123	-0.20153550250000637
C1orf127	-0.1607211528061659
C1orf131	-0.33068896722240143
C1orf132	0.05042780595455435
C1orf137	0.2457336068623416
C1orf141	0.14404413675862163
C1orf143	0.049524205928575385
C1orf145	0.11724292830324073
C1orf146	-0.04960698027424058
C1orf147	-0.20571465493129193
C1orf158	-0.17560629286693466
C1orf159	-0.06933074284748621
C1orf162	0.14554477631538282
C1orf167	0.06792771431641868
C1orf168	-0.11943465420757063
C1orf170	-0.08116848910457854
C1orf172	-0.20787333259974974
C1orf173	0.2122067539664308
C1orf174	-0.28175845928970283
C1orf177	-0.13153271925471288
C1orf180	0.022812158922106886
C1orf185	-0.19591474898925026
C1orf186	0.052904095973055426
C1orf189	0.11015295803709148
C1orf192	-0.06263901398364874
C1orf194	-0.01995111671839969
C1orf195	0.1938444835903645
C1orf198	0.22828010950725872
C1orf200	0.1829764322134704
C1orf204	-0.12258491625800057
C1orf21	-0.20122574600200643
C1orf210	-0.3348867141640265
C1orf213	-0.2093448390002022
C1orf216	0.1903982563793153
C1orf220	0.08176893383706133
C1orf222	-0.050203338975627954
C1orf226	-0.14912935952796239
C1orf227	0.11253838185627367
C1orf228	0.14199976134568273
C1orf229	-0.3803413867256308
C1orf233	-0.10196627458591588
C1orf234	0.37415698047116763
C1orf27	-0.05729792718115126
C1orf35	-0.24385757163395827
C1orf43	-0.20086976006505564
C1orf50	-0.02125774321963084
C1orf51	-0.08816959670394597
C1orf52	0.06413008049401936
C1orf53	-0.1406121913945535
C1orf54	0.15678644442077916
C1orf56	-0.14676108765843976
C1orf61	0.26607261749178657
C1orf63	-0.2018854131136223
C1orf64	0.019647536228913735
C1orf65	0.015215660044869312
C1orf68	0.017649229380971045
C1orf74	0.16177798845248276
C1orf85	-0.27476791205664025
C1orf86	0.15874721444785575
C1orf87	-0.24177797144898353
C1orf94	-0.24932618900447606
C1orf95	0.16809599399921563
C2	0.189023985092296
C20ORF135	-0.0023652084303447136
C20orf112	-0.048765710369268356
C20orf141	-0.16913873945993296
C20orf144	-0.0769407879887139
C20orf166	-0.2242294469593249
C20orf166-AS1	-0.24471644294686018
C20orf173	-0.0010407187690756096
C20orf187	-0.13471757709992863
C20orf194	0.12647086920926318
C20orf195	-0.24997373133695358
C20orf196	-0.10055196702179685
C20orf197	0.07665487871097533
C20orf201	-0.009666430369222559
C20orf202	-0.11752829921752478
C20orf203	0.1562896478238279
C20orf24	-0.18220430956133918
C20orf26	-0.09335804581006427
C20orf27	-0.19295646072532152
C20orf62	-0.10257995139591847
C20orf78	-0.035611112572660135
C20orf85	0.27668155988127446
C20orf96	-0.2901234028550091
C21orf119	-0.031137295394942338
C21orf128	-0.03279985157450385
C21orf2	-0.11834801810539626
C21orf33	-0.25129623935281453
C21orf37	0.11042164730370828
C21orf49	0.09226177714118765
C21orf54	-0.014434110354108272
C21orf58	-0.20822283975119635
C21orf59	-0.07976727913182623
C21orf62	0.03260718642480337
C21orf67	-0.05368168364847986
C21orf88	0.11762572519076288
C21orf90	0.4111708197337936
C21orf91	0.252379542364223
C21orf91-OT1	-0.1334613146539363
C22orf15	0.059370348659299334
C22orf23	0.06202078224651184
C22orf24	-0.04113661927452022
C22orf26	-0.1730313224117774
C22orf29	0.2047535563236368
C22orf31	0.06371521832531425
C22orf34	0.14754921818974343
C22orf39	-0.13324254128471733
C22orf42	0.4260677061284979
C22orf43	-0.08870938337527565
C22orf46	-0.07250227466100298
C2CD2	0.35181128604033507
C2CD2L	-0.19737555561491707
C2CD3	0.2571604606887699
C2CD4A	0.18777311173313618
C2CD4B	0.27212185016737034
C2CD4C	-0.0860703695530847
C2CD4D	0.38658774180268596
C2CD5	-0.005279684075082615
C2ORF15	-0.13613356351078115
C2orf15	-0.17876747057976142
C2orf16	0.4436262163652223
C2orf27A	0.1361536246194044
C2orf27B	0.13195018027319627
C2orf40	-0.23830078432771426
C2orf42	0.2043268751438135
C2orf43	0.226930702674898
C2orf44	0.3430868034829578
C2orf47	-0.20877851503439163
C2orf48	-0.14336761954346247
C2orf49	0.02469483565532652
C2orf50	0.27109312823531906
C2orf53	0.2763116373077484
C2orf54	0.06487580246632622
C2orf57	-0.001056488708165088
C2orf61	0.05750126154958036
C2orf62	0.18902966958756487
C2orf66	0.035162215596814705
C2orf68	-0.14114925086661143
C2orf69	0.04640493569459459
C2orf70	0.05042759484613847
C2orf71	0.002266357192784781
C2orf72	-0.1008964557712105
C2orf73	-0.20037562261119293
C2orf74	
C2orf76	-0.11671477359023916
C2orf78	-0.3344723682880922
C2orf80	-0.10222339670436513
C2orf81	0.07166355509773042
C2orf82	-0.23146101243223355
C2orf83	-0.10691339613208004
C2orf88	-0.0640264225130687
C2orf91	0.13154967933131587
C3	0.1847075575213224
C3AR1	-0.06027100605696665
C3P1	-0.01690620103233683
C3orf14	-0.20587443868901484
C3orf17	0.24703318891225548
C3orf18	-0.14635257971122997
C3orf20	0.01235359514956999
C3orf22	0.02049186320909086
C3orf27	0.37412298741955974
C3orf30	-0.10826581140633408
C3orf33	0.045946574009224986
C3orf35	-0.0483647212789795
C3orf36	0.2685953725170386
C3orf38	0.2889690484401933
C3orf49	-0.17928339524399356
C3orf52	-0.16229575973465976
C3orf55	-0.020626680375160297
C3orf56	0.12943654023621487
C3orf58	0.055066438849042394
C3orf62	0.11930052298020523
C3orf65	-0.07569468738147951
C3orf67	-0.1365450865683497
C3orf70	-0.2960430604452609
C3orf72	-0.1430823544472928
C3orf79	0.023937816439644453
C3orf80	0.13895038588628714
C3orf83	-0.1115375827758629
C3orf84	-0.00283425807355683
C4A	0.08761384249704159
C4A-AS1	
C4B	0.05687623778329233
C4B-AS1	-0.16631244129127198
C4BPA	0.14862664536431477
C4BPAP1	-0.08655295689834633
C4BPAP2	-0.17624652393832207
C4BPB	0.14643390168568188
C4orf17	-0.3694921409961865
C4orf19	0.029599478349591774
C4orf21	0.08362688912319298
C4orf22	0.011383362362033037
C4orf26	-0.08455652430709198
C4orf27	-0.13859945844862145
C4orf29	0.10096297745570383
C4orf3	0.11450641685713314
C4orf32	0.2972801621798081
C4orf33	-0.1535289286664981
C4orf36	-0.048078910240015725
C4orf40	-0.2917466133345593
C4orf45	-0.18092942816582747
C4orf46	-0.05220798189247055
C4orf47	-0.11260605208646456
C4orf48	-0.18866380751460538
C4orf50	0.038655896147753596
C4orf51	0.012221370278611313
C4orf6	0.16663477211000072
C5	0.021954309276898756
C5AR1	0.15985770667347243
C5AR2	-0.012525849505733948
C5orf15	0.01664413511710125
C5orf17	-0.03347300576682672
C5orf20	
C5orf22	0.11709814163635109
C5orf24	0.029202553515975352
C5orf27	-0.0013968324498304558
C5orf28	0.06566480109397572
C5orf30	-0.042824361858686794
C5orf34	0.05494488931204841
C5orf38	0.0033543034306251075
C5orf42	0.08095085173435611
C5orf45	-0.002338676400007157
C5orf46	-0.1589697551797855
C5orf47	0.21408345775438495
C5orf48	-0.10360449772675293
C5orf49	0.21371000020257716
C5orf50	-0.043321096630062166
C5orf51	0.45249896874499856
C5orf52	0.040869318968070924
C5orf54	-0.13294002326306262
C5orf55	-0.24527334854210528
C5orf56	0.05844796487062685
C5orf58	0.23247443960951297
C5orf60	-0.0906379408132723
C5orf63	-0.025577787649244992
C5orf64	-0.1300879744586926
C6	-0.12062234542151133
C6ORF165	0.00030333945472101916
C6orf1	-0.0012306399562720175
C6orf10	0.1932758084419634
C6orf100	0.07903292638511307
C6orf106	0.21700972781409927
C6orf118	-0.12587242940112728
C6orf120	0.11008072654543256
C6orf123	-0.05998390057617942
C6orf132	-0.05570433788470709
C6orf136	-0.377926717601139
C6orf141	0.07901054646029691
C6orf15	0.08687707583568718
C6orf163	0.11914196897929857
C6orf164	0.24633753391576332
C6orf165	-0.14764640488817973
C6orf183	0.0664702280426183
C6orf195	0.3328358901333192
C6orf201	-0.019672483901869185
C6orf203	-0.07395579608782629
C6orf211	0.030574018695909914
C6orf222	-0.06389999824963086
C6orf223	0.13627026993731328
C6orf226	-0.001010621952440482
C6orf25	0.12466840039480231
C6orf3	-0.1805956242363633
C6orf47	-0.23887285067079211
C6orf47-AS1	0.17688301452721183
C6orf48	-0.029240060131445474
C6orf52	-0.3403554755447614
C6orf57	-0.3007052178606046
C6orf58	-0.2632177494092335
C6orf62	0.10578409377616886
C6orf89	0.0665615560246964
C6orf99	0.04324491309568815
C7	0.09368864143370881
C7orf10	0.03758685567226792
C7orf13	-0.0571571601265982
C7orf25	0.2923793976607965
C7orf26	0.23067433131836557
C7orf31	-0.23176678997207223
C7orf33	0.16039129331056234
C7orf34	-0.010311985447557953
C7orf41	-0.047605166882856834
C7orf43	-0.26106239809261395
C7orf49	0.1965618583029167
C7orf50	-0.21503857234218035
C7orf55	-0.23195080167202847
C7orf55-LUC7L2	0.013371259264538873
C7orf57	-0.07572574887792777
C7orf60	0.19886280830954287
C7orf61	0.11014071162536358
C7orf62	0.2863236130240161
C7orf63	0.1757153142549446
C7orf65	-0.021945316500946273
C7orf66	-0.07351557143303215
C7orf69	0.3739722733765512
C7orf71	0.2658966683836482
C7orf72	0.1586257226041009
C7orf73	-0.33515704804204866
C7orf76	
C8A	0.07234481673918279
C8B	-0.007029050824180973
C8G	-0.18190970110303883
C8orf12	-0.09237950282697267
C8orf17	-0.18096819054449093
C8orf22	0.20047047079644914
C8orf31	0.11203638777630741
C8orf33	-0.14617334366428447
C8orf34	-0.3109060534556211
C8orf37	0.3057436443910633
C8orf4	-0.021462562151007558
C8orf44	-0.045909921836059596
C8orf44-SGK3	0.3580728486616796
C8orf46	-0.11187331511000814
C8orf47	-0.08187642829510008
C8orf48	0.03008029184235765
C8orf49	-0.24784557420010223
C8orf56	-0.005396418811629501
C8orf58	0.024228449921544694
C8orf59	-0.20974570716604585
C8orf74	-0.03212049246246184
C8orf76	0.022237806086730223
C8orf82	-0.0678786611004264
C8orf86	0.050091450676505826
C8orf87	0.18286326243500525
C9	-0.04591230958135216
C9orf106	-0.06744304344107172
C9orf114	0.1897458830489416
C9orf116	-0.1680703501890022
C9orf117	-0.21508689593666644
C9orf129	0.1271396593525034
C9orf131	0.17246455068715189
C9orf135	0.15765804688410293
C9orf135-AS1	0.01895971042934137
C9orf139	0.17838957081421425
C9orf141	-0.16014034516555353
C9orf142	0.022557260112268197
C9orf147	-0.11038914618119043
C9orf152	-0.19006564542385873
C9orf153	0.2683513566097612
C9orf156	0.1570808656877579
C9orf16	0.13411532462697537
C9orf163	-0.15623994426199306
C9orf169	-0.13462964645004605
C9orf170	0.1064987171323146
C9orf171	-0.07295819827442605
C9orf172	0.031407544557934916
C9orf173	0.12057611293147114
C9orf24	-0.2506807670909187
C9orf3	-0.16170673945835648
C9orf37	-0.21509332111766413
C9orf40	-0.19666657169609672
C9orf41	0.06869845081296175
C9orf43	-0.1756335474578873
C9orf47	0.26918304221834416
C9orf50	0.012554319827447868
C9orf53	-0.16000579278473223
C9orf57	-0.20132314651763963
C9orf62	-0.08138531953378454
C9orf64	-0.10334325110573551
C9orf66	0.19085836011014673
C9orf69	-0.15063001874884807
C9orf72	0.2649113502047596
C9orf78	-0.19468503783142807
C9orf84	0.0024751308257078583
C9orf85	-0.2995948381130541
C9orf89	-0.2176576722704894
C9orf9	-0.027670117298159137
C9orf91	0.05431993184508594
C9orf92	0.32128724553763066
C9orf96	-0.23532150577723474
CA1	0.1112515039665409
CA10	-0.13972877561108596
CA11	-0.23176899189799927
CA12	-0.14137668044285953
CA13	-0.11710508900182869
CA14	-0.34795896833110657
CA15P1	-0.03146911973770095
CA15P2	0.07918153169139872
CA2	-0.16172749716295873
CA3	0.0016363790017432508
CA4	0.08515332040220937
CA5A	-0.06640148997047295
CA5AP1	-0.11551006573473498
CA5B	0.0487416528801865
CA5BP1	0.1633155163355261
CA6	0.2580331192576726
CA7	-0.0011212908984268848
CA8	0.013949865622835471
CA9	-0.13758996240057028
CAAP1	-0.08731375989599575
CAB39	0.14010481375578532
CAB39L	-0.21145072958095185
CABIN1	0.2769610210438313
CABLES1	-0.19248949049854924
CABLES2	-0.22847453037792406
CABP1	-0.170629241987602
CABP2	0.016478445795853253
CABP4	0.025542170775335625
CABP5	-0.013405718665713977
CABP7	-0.14899728217657066
CABS1	0.01840643949115347
CABYR	0.17093657833975567
CABYRP1	0.02910254572152967
CACFD1	-0.008645481919665588
CACHD1	0.019802844348260358
CACNA1A	0.1584070260828608
CACNA1B	-0.1059073392808615
CACNA1C	0.11759449531758202
CACNA1C-AS1	0.059055253234414726
CACNA1C-AS2	-0.042452245171060485
CACNA1C-AS3	-0.002392859068664211
CACNA1C-AS4	0.28053452153389247
CACNA1C-IT1	-0.012189950894420582
CACNA1C-IT2	-0.008967050010602105
CACNA1C-IT3	0.05010004088959736
CACNA1D	-0.004702932323663559
CACNA1E	0.12231273173625652
CACNA1F	0.0368178240529935
CACNA1G	0.03834455106274821
CACNA1G-AS1	0.02646401669752346
CACNA1H	-0.23786508732973435
CACNA1I	0.014475102724710955
CACNA1S	-0.06619671430432995
CACNA2D1	0.17773284383619173
CACNA2D2	-0.0929333685607175
CACNA2D3	-0.008565099724323781
CACNA2D3-AS1	-0.03214218975525776
CACNA2D4	-0.1978395780680707
CACNB1	-0.11303765036740125
CACNB2	-0.0026854932931473776
CACNB3	-0.3346073028823597
CACNB4	0.34457707022173334
CACNG1	-0.18092976917120215
CACNG2	0.3037569340303593
CACNG3	0.010822176431802083
CACNG4	0.03988091311810206
CACNG5	0.12710024661432015
CACNG6	0.03429324245596369
CACNG7	-0.08414532658959169
CACNG8	-0.1452308637339811
CACTIN	-0.04588147061955082
CACTIN-AS1	-0.21872462440995408
CACUL1	0.3277404567833644
CACYBP	-0.11660989165929682
CACYBPP1	-0.16475689274910993
CACYBPP2	-0.07691846139135429
CACYBPP3	0.4353841627989267
CAD	0.08370220250571159
CADM1	0.026330242869502467
CADM2	-0.009140174257734557
CADM2-AS1	-0.13374685778207016
CADM2-AS2	
CADM3	-0.05963505949129394
CADM4	-0.11521252507597093
CADPS	-0.025693096342404086
CADPS2	0.06608415557640943
CAGE1	0.04598822462161182
CAHM	0.1433715428399035
CALB1	0.161425424577695
CALB2	-0.03469805912137697
CALCA	0.11414601253722144
CALCB	0.1800745717071261
CALCOCO1	-0.022224839401165902
CALCOCO2	-0.0835215097920205
CALCP	0.01586933788838595
CALCR	-0.19173645599918673
CALCRL	0.15410303029555295
CALD1	-0.13723810076363727
CALHM1	-0.14801655136538236
CALHM2	-0.13549643280426393
CALHM3	0.11161680178778077
CALM1	-0.1215649077912514
CALM1P1	-0.2620413974809461
CALM1P2	-0.08921477280513603
CALM2	-0.10124039869270601
CALM2P1	-0.33101563194545885
CALM2P2	-0.30564026760741536
CALM2P3	-0.3353452928884195
CALM2P4	-0.2157527803008939
CALM3	-0.16507011106434924
CALML3	0.15300273567941566
CALML3-AS1	-0.008130423779587713
CALML4	-0.18172915195099096
CALML5	-0.16075937822220585
CALML6	-0.20963734821682137
CALN1	-0.12956762802155275
CALR	0.020368487094771705
CALR3	0.1568475388269464
CALR4P	0.2368715888494576
CALU	0.07500915829040576
CALY	0.018990039678789185
CAMK1	-0.23328365947847157
CAMK1D	0.04597275718335797
CAMK1G	0.0994467041883779
CAMK2A	0.05830189525685539
CAMK2B	-0.0006552451986181403
CAMK2D	0.09044556958634888
CAMK2G	-0.21743570067446077
CAMK2N1	-0.2070746612825506
CAMK2N2	-0.1079229974263006
CAMK4	0.24878032278643286
CAMKK1	-0.3462004357309755
CAMKK2	-0.09245210500889894
CAMKMT	-0.36245701204115754
CAMKV	-0.08827409173860493
CAMLG	0.07345312051619937
CAMP	0.2370927292214927
CAMSAP1	0.2479112635122879
CAMSAP2	0.263773204943359
CAMSAP3	-0.1077274310817588
CAMTA1	-0.09162380663133755
CAMTA1-IT1	-0.14766280155471437
CAMTA2	0.020269198512453266
CAND1	0.3032524362606996
CAND2	-0.07955086272511339
CANT1	-0.03390092209707397
CANX	0.0036682303090710845
CAP1	0.15436349328873938
CAP1P2	-0.27459689352039446
CAP2	-0.14661422354421974
CAP2P1	-0.040112406004343994
CAPG	-0.266924866441151
CAPN1	0.04910366133491052
CAPN10	0.06861491517573072
CAPN10-AS1	-0.11547782413879255
CAPN11	0.07143161117646075
CAPN12	-0.2831933190261025
CAPN13	-0.1259168702003793
CAPN14	0.16393619201602913
CAPN15	0.01733405766948419
CAPN2	-0.02695264071484639
CAPN3	-0.030676144509541245
CAPN5	-0.16803505924591852
CAPN6	-0.11624999236134723
CAPN7	0.0922349860373308
CAPN8	0.01572227698690241
CAPN9	-0.11604796149411223
CAPNS1	-0.32170819127328987
CAPNS1P1	-0.20327103392926454
CAPNS2	-0.1654938743807027
CAPRIN1	0.1672564753871499
CAPRIN2	-0.01399532893235877
CAPS	0.010801576367443418
CAPS2	-0.10458199179203978
CAPSL	0.15042780519914534
CAPZA1	0.17925221702866953
CAPZA2	0.055403660181906546
CAPZA3	0.1346126009233078
CAPZB	-0.0821381914457999
CARD10	-0.03728452732644337
CARD11	0.22794926435817786
CARD14	0.012482425454507548
CARD16	0.10589261640407646
CARD17	0.19488180633778632
CARD18	-0.2893599983696671
CARD6	0.17668546967313034
CARD8	0.18987913195851394
CARD9	0.041977716708397374
CARF	0.06302723466887956
CARHSP1	0.08149105651463592
CARKD	0.035772363695929885
CARM1	0.04943681567744215
CARM1P1	0.057051853284877094
CARNS1	0.07707272012301107
CARS	0.22550580405331236
CARS-AS1	-0.14478621498949926
CARS2	-0.008131947891978185
CARTPT	0.15928519932903923
CASC1	-0.21414924356104476
CASC10	0.11241348615066639
CASC11	-0.09512102468865193
CASC14	0.0017236675948051829
CASC15	0.015946933831462458
CASC16	-0.23558129261649752
CASC17	0.019851467961876052
CASC2	-0.12454738539653398
CASC3	0.18922294272331988
CASC4	-0.010969654246923416
CASC4P1	-0.04282043448907296
CASC5	0.11040424338508942
CASC6	-0.29517050903815534
CASC7	0.4288828341171421
CASC8	-0.06451149094980478
CASC9	-0.23980976649258015
CASD1	-0.026568245760437238
CASK	-0.12132701270354913
CASK-AS1	-0.015481421172717556
CASKIN1	-0.31240261518567175
CASKIN2	-0.047321316717341036
CASKP1	0.15308015806053532
CASP1	0.15038469588803446
CASP10	0.19057539043341634
CASP12	0.03574122812885961
CASP14	-0.27268900032419063
CASP16	-0.1824093327565991
CASP1P1	
CASP1P2	-0.02142050477735167
CASP2	0.2138201681560526
CASP3	0.025019251526775893
CASP3P1	-0.3907374879162021
CASP4	0.09864439834321055
CASP5	0.1426062631260351
CASP6	-0.3144268415183217
CASP7	-0.04897544552693233
CASP8	0.19666120738093423
CASP8AP2	0.26335997602366007
CASP9	0.06084221851726976
CASQ1	0.05937571763582691
CASQ2	-0.2912916189097896
CASR	0.018184455942129422
CASS4	0.1502926529314224
CAST	0.10503686955964313
CASZ1	0.0007237840059480355
CAT	-0.16638895308636573
CATSPER1	0.3079166102842227
CATSPER2	-0.26788033060070304
CATSPER2P1	0.02555808214616188
CATSPER3	-0.2504532650475881
CATSPER4	0.2822235664865777
CATSPERB	0.2518146067233643
CATSPERD	0.03670643269462354
CATSPERG	0.08381485260362576
CAV1	-0.11151783664821861
CAV2	-0.1728080903969489
CAV3	-0.10060263905336783
CBFA2T2	0.1120908621741071
CBFA2T3	0.2235739822732206
CBFB	0.2521220382979406
CBL	0.33209031441024867
CBLB	0.24913572460840117
CBLC	-0.19937405008606038
CBLL1	0.138202619014549
CBLN1	-0.01373195112221751
CBLN2	-0.1031901547612515
CBLN3	-0.024281687235509615
CBLN4	-0.0348643647687487
CBR1	-0.119158527291636
CBR3	-0.00724511933604224
CBR3-AS1	-0.0798062342638292
CBR4	-0.3045918202798238
CBS	-0.05802510064023388
CBWD1	-0.19672229719313494
CBWD2	-0.1833567459724345
CBWD3	-0.07343627107546301
CBWD5	0.07275368222786334
CBWD6	0.057135183803213814
CBWD7	-0.29997615011016937
CBX1	-0.06964218875668121
CBX1P1	0.016944093252177023
CBX1P2	-0.14594513035099768
CBX1P3	-0.0393282277474959
CBX1P4	-0.1309632578284072
CBX1P5	0.2918114130365762
CBX2	0.30142945053140974
CBX3	0.1875829260839321
CBX3P1	-0.05849360512904134
CBX3P2	-0.20759105162063754
CBX3P3	-0.08455055371152952
CBX3P4	-0.11868901052744138
CBX3P5	-0.08827401127631876
CBX3P6	0.10656476774357872
CBX3P7	-0.0399027698400148
CBX3P8	-0.17971823604741138
CBX3P9	-0.2834239034384547
CBX4	0.18507750306173953
CBX5	0.2322973753903769
CBX5P1	-0.08338845470719461
CBX6	0.157949617945727
CBX7	-0.0330503481659973
CBX8	0.20489813397551931
CBY1	-0.31750596553516663
CBY3	-0.03372297386842396
CC2D1A	-0.14915465316547913
CC2D1B	0.17034769776895484
CC2D2A	-0.0003513938009266325
CC2D2B	0.15613684110632775
CCAR1	0.16148303473408182
CCAR2	0.1565969305334878
CCAT1	-0.0013208724207022218
CCBE1	0.04299233085542735
CCBL1	-0.01090525103780163
CCBL2	0.13218814030565937
CCDC101	-0.2819178287710113
CCDC102A	0.07832463732070508
CCDC102B	0.15580707104763672
CCDC103	0.16685137629578015
CCDC104	-0.06987793593772684
CCDC105	0.00685662117097465
CCDC106	0.15034759234639053
CCDC107	-0.09429287885098483
CCDC108	-0.019618617239354305
CCDC109B	0.20012636541196238
CCDC11	-0.21862595792520373
CCDC110	-0.014665107054675934
CCDC112	-0.1986820146148687
CCDC113	-0.21266759559910742
CCDC114	-0.02253269666125678
CCDC115	-0.11918678639764442
CCDC116	-0.08133894404661739
CCDC117	0.181079105147064
CCDC11P1	0.009662001969239959
CCDC12	0.002322874495385451
CCDC120	-0.20793550623893756
CCDC121	0.04908273402273923
CCDC122	0.13630332142048043
CCDC124	-0.12759267830861182
CCDC125	-0.11801004355749575
CCDC126	-0.02783851618428492
CCDC127	0.005789856180135898
CCDC129	0.04795199067363392
CCDC13	-0.15779738543246935
CCDC13-AS1	0.5089255950807472
CCDC130	-0.12055492121181026
CCDC132	0.08641548965591027
CCDC134	0.3072198564652193
CCDC135	0.29099901001243716
CCDC136	0.14518885388103805
CCDC137	0.2161657133771697
CCDC138	0.06457729296615068
CCDC14	-0.012837356903491326
CCDC140	0.1332846307501093
CCDC141	0.1758631820114975
CCDC142	0.17222893118970356
CCDC144A	0.31066377130236933
CCDC144B	0.3101857262473578
CCDC144CP	0.2081308589317372
CCDC144NL	0.32385144671846017
CCDC146	0.1027841235326678
CCDC147	0.06201497331483841
CCDC147-AS1	0.11325322053045629
CCDC148	0.1575810554609148
CCDC148-AS1	-0.19129441229810565
CCDC149	0.04216802941825384
CCDC15	-0.033123903409788054
CCDC150	-0.10113417351798214
CCDC151	-0.3249518126611756
CCDC152	0.22060868504135386
CCDC153	-0.21512209798737744
CCDC154	0.0590983153145386
CCDC155	0.08303740933939992
CCDC157	0.03799967381570433
CCDC158	0.33784218834919655
CCDC159	-0.15536418486814035
CCDC160	0.09091246532106782
CCDC162P	-0.29953451180162116
CCDC163P	-0.1819906381299188
CCDC166	-0.008052794390027283
CCDC167	0.14906138861131776
CCDC168	0.13041819290371892
CCDC169	-0.19661291456358584
CCDC169-SOHLH2	
CCDC17	-0.32395449099085727
CCDC170	0.0544178475263826
CCDC171	0.13586887924024502
CCDC172	0.015887962664870307
CCDC173	-0.1581057700126454
CCDC174	0.3255126204349118
CCDC175	-0.14041424950156492
CCDC176	-0.18543885722604508
CCDC177	0.001322523993423564
CCDC178	-0.2046427268294223
CCDC179	-0.038684826110553176
CCDC18	0.15679950801798134
CCDC180	-0.14747874048983403
CCDC181	0.07459458622493882
CCDC19	0.1910088165160246
CCDC22	0.012438852876665912
CCDC23	0.170242793896161
CCDC24	-0.18310490619568717
CCDC25	-0.11091173442272524
CCDC26	-0.06343957176069358
CCDC27	0.2797952860182327
CCDC28A	0.0011765581886062993
CCDC28B	0.11242679974163072
CCDC3	0.09477254132298213
CCDC30	0.16123536811391892
CCDC33	0.285741035220782
CCDC34	-0.2831059355944016
CCDC34P1	
CCDC36	0.3381033615691311
CCDC37	0.017606140922896685
CCDC38	0.037839180127794636
CCDC39	0.022221767791386727
CCDC39-AS1	0.008076595874147276
CCDC40	-0.14440429905686966
CCDC41	-0.09420423518070137
CCDC42	-0.054624069232486396
CCDC42B	0.04629843181441797
CCDC43	-0.07116390420523491
CCDC47	-0.10917287385665989
CCDC50	0.11596429312193503
CCDC51	-0.277317925394319
CCDC53	-0.18279164160652558
CCDC54	-0.07664259219283855
CCDC57	-0.004043744286493697
CCDC58	-0.18779362523157606
CCDC58P1	-0.34396952151053445
CCDC58P2	0.007463581238178924
CCDC58P3	-0.1818332889947904
CCDC58P5	0.1310548417707265
CCDC59	0.19702015205317236
CCDC6	0.1994294917941466
CCDC60	0.059977204224849825
CCDC61	-0.20731301052597045
CCDC62	0.036530174681371465
CCDC63	0.22629403846583296
CCDC64	0.14681378563147446
CCDC64B	-0.13133491835850022
CCDC65	0.0004374681989148712
CCDC66	0.12094350695725509
CCDC67	-0.07311925294504407
CCDC68	-0.0640710490175427
CCDC69	0.17857733488205169
CCDC7	-0.11667268673003818
CCDC70	0.09617725064051096
CCDC71	0.11158416813847352
CCDC71L	0.41654282860971137
CCDC73	0.3106531518237129
CCDC74A	-0.20414788765820058
CCDC74B	0.17921536663702517
CCDC75P1	-0.1873392128126124
CCDC77	-0.1755619809311831
CCDC78	0.11295980745440214
CCDC79	-0.16894738861893463
CCDC8	-0.17843572542635913
CCDC80	-0.011577843411416981
CCDC81	-0.2289398283863569
CCDC82	0.04516566355886241
CCDC83	0.19197547779896892
CCDC84	-0.13752909978536812
CCDC85A	-0.0025493438495944867
CCDC85B	0.047294655474714065
CCDC85C	-0.12150698819469632
CCDC86	0.033401295797023826
CCDC87	0.1991677320676955
CCDC88A	0.1584564840077656
CCDC88B	0.2587696124458011
CCDC88C	0.1859377695494385
CCDC89	-0.3074284433257089
CCDC9	0.1815255299796555
CCDC90B	-0.10161080796505596
CCDC91	-0.01643583258588675
CCDC92	-0.06771776676482215
CCDC93	0.12594187703715268
CCDC94	-0.2362769754284985
CCDC96	0.09112643811729355
CCDC97	0.033899796840771906
CCER1	-0.04461087040269912
CCHCR1	-0.1783900942836032
CCIN	-0.1547910963398632
CCK	-0.25422639627416044
CCKAR	-0.2976603858273867
CCKBR	-0.2841810777708754
CCL1	0.2855884303151406
CCL11	0.1818605096868485
CCL13	-0.10439497764466223
CCL14	-0.14714570135867086
CCL15	-0.06500393255482313
CCL15-CCL14	
CCL16	-0.14662825572114022
CCL17	0.14971567720948634
CCL18	0.050200323331722474
CCL19	0.01857564469113831
CCL2	0.26430697722514035
CCL20	0.3246632449864362
CCL21	0.027796436124848074
CCL22	0.029084678122503226
CCL23	-0.151639965174026
CCL24	-0.0356015658945949
CCL25	-0.05815559663228535
CCL26	0.26870670113068523
CCL27	0.058496651695031376
CCL28	0.27193466927236265
CCL3	0.04359238091724653
CCL3L1	0.019066092249837376
CCL3L3	-0.21451383545429323
CCL4	0.04284678694289352
CCL4L1	-0.03884370206921744
CCL4L2	-0.05037668105724127
CCL5	-0.008478501425377667
CCL7	0.1502911039580539
CCL8	0.02514337675217882
CCM2	0.19867104935136712
CCM2L	0.09569084085526125
CCNA1	0.008281359536857482
CCNA2	-0.1784339758062671
CCNB1	-0.09171190952765812
CCNB1IP1	-0.27465442155996184
CCNB1IP1P1	-0.10306425839214534
CCNB1IP1P2	-0.0257331430927892
CCNB1IP1P3	-0.059141250879504434
CCNB2	-0.19891552310159447
CCNB3	0.02857517583246881
CCNC	0.04633011774550442
CCND1	0.11868191354829732
CCND2	-0.11142296223938768
CCND3	-0.04778704762110478
CCNDBP1	0.09250538672807306
CCNE1	-0.021556627991291346
CCNE2	-0.02785351983395394
CCNF	-0.04329533091188032
CCNG1	-0.12400707474156926
CCNG1P1	-0.14800074557459947
CCNG2	0.17401296996622895
CCNH	-0.018296751997523304
CCNI	0.2848656537685941
CCNI2	0.014440415039185426
CCNJ	0.2216083146449955
CCNJL	-0.2373909145016902
CCNJP1	0.18357729723436636
CCNJP2	-0.212242877666578
CCNK	0.14933588368799722
CCNL1	0.04426049900102767
CCNL2	-0.157771440462007
CCNO	-0.06481710235088942
CCNT1	0.36732852593420534
CCNT2	0.08348868364299049
CCNT2P1	-0.05188060213862873
CCNY	-0.028020936186335513
CCNYL1	0.2400282049527993
CCNYL2	0.2119617119599558
CCNYL3	-0.024454226410077336
CCP110	0.3114791558373323
CCPG1	-0.07983759078942733
CCR1	0.08371644753248388
CCR10	0.0291799137307654
CCR12P	0.23230427173118165
CCR2	0.022769409213223166
CCR3	0.1517184769327021
CCR4	0.2777214525533513
CCR5	0.009221948524974256
CCR6	0.3147537087871855
CCR7	0.15629432234075133
CCR8	0.4005318888504706
CCR9	0.20040772069626867
CCRL2	0.1826929440229192
CCRN4L	0.3152378021359282
CCS	-0.2190373832334346
CCSAP	0.12365033650816833
CCSER1	0.06146501602122512
CCSER2	0.25550166467821284
CCT2	0.013457400407213285
CCT3	-0.025125357273357418
CCT4	0.1437322466797377
CCT4P1	0.1046920562966517
CCT4P2	-0.27170651417892394
CCT5	-0.10177124269534686
CCT5P1	-0.3808287197058494
CCT5P2	-0.16740749038070896
CCT6A	0.00036602603484459735
CCT6B	-0.16481747796914506
CCT6P1	0.09646973142916124
CCT6P2	-0.26093690303097034
CCT6P3	-0.049308790679441175
CCT6P4	-0.13397591595901825
CCT7	-0.0982150974591881
CCT7P1	-0.08593398226013892
CCT7P2	-0.0616109258165378
CCT8	0.1410117081076467
CCT8L1P	0.25016681113856404
CCT8L2	-0.043182711346655016
CCT8P1	-0.2885328647123759
CCZ1	-0.18938747083568191
CCZ1B	0.11613400593506817
CD101	-0.09336356548627893
CD109	0.04759127956320296
CD14	0.05456136324251047
CD151	-0.23169273086103004
CD160	0.07304134556919727
CD163	-0.06490663290990913
CD163L1	-0.19582572085934047
CD164	0.02671733332902175
CD164L2	0.06420990418418297
CD177	0.06931011588145239
CD177P1	-0.02216541799660019
CD180	0.2657206861508874
CD19	0.26990296926904633
CD1A	0.20511062549153505
CD1B	0.22340509524868996
CD1C	0.04778074910172064
CD1D	0.04044782837657824
CD1E	-0.03691338244796306
CD2	0.18760957514566834
CD200	0.26188089128063385
CD200R1	-0.046311898499972574
CD200R1L	-0.21268820561311855
CD207	-0.2188297359281463
CD209	-0.00969072306805634
CD22	0.23240153524563012
CD226	0.17892175400054977
CD244	0.07860311139066432
CD247	0.17954415765221726
CD248	-0.09556815661633108
CD24P2	-0.08777625308845002
CD24P4	0.007409583489266591
CD27	0.06546119954309874
CD27-AS1	-0.18527403900918588
CD274	0.1333841711901509
CD276	0.12760437212379142
CD28	0.2486185417694058
CD2AP	-0.04846150281103068
CD2BP2	0.09935643179934595
CD300A	0.12400357525902934
CD300C	0.03014592874589711
CD300E	0.14168960383304893
CD300LB	0.01328337029248563
CD300LD	0.00591921600927021
CD300LF	0.1583074909888158
CD300LG	0.19659434404452608
CD302	-0.034623353124692696
CD320	-0.2841778900481656
CD33	-0.1794981230985276
CD34	0.11462919844383151
CD36	-0.1730220092606673
CD37	0.23330461567255442
CD38	0.1686906859130265
CD3D	0.20796875439982518
CD3E	0.17556671737189278
CD3EAP	0.09915659575450811
CD3G	0.17683008950467952
CD4	0.11459015231243007
CD40	0.2984719643064867
CD40LG	0.13824037766939837
CD44	0.18846926126545516
CD46	0.14515752278054947
CD46P1	0.07745134297588728
CD47	0.20600283852428186
CD48	0.23032245163124548
CD5	0.23753674454314228
CD52	0.1546951378447981
CD53	0.17317822182208728
CD55	0.26982284928809663
CD58	0.016913373335462195
CD59	0.11525469126747734
CD5L	-0.09552833545298475
CD6	0.18479555973811781
CD63	-0.26215964961100513
CD68	-0.19077565413038658
CD69	0.1529488652704544
CD7	0.15408031979710815
CD70	0.22511428551153184
CD72	0.22916517189947733
CD74	0.13653080588299035
CD79A	0.15043778641777475
CD79B	0.22636479711432786
CD80	0.2244045290861553
CD81	0.071690494162318
CD82	0.12298500718083712
CD83	0.27281223749461814
CD84	0.17576147892481395
CD86	0.20238922093500933
CD8A	0.16801802401966934
CD8B	0.12325737047562263
CD8BP	-0.032865890635164145
CD9	-0.2580322740770775
CD93	0.1419606314282907
CD96	0.18887941868013222
CD97	-0.004110149447602258
CD99	-0.2624187788152751
CD99L2	0.02171128124454939
CD99P1	-0.14646509940506208
CDA	-0.10646880712138919
CDADC1	-0.008066139920624766
CDAN1	-0.014950400484463697
CDC123	-0.13177661465785226
CDC14A	-0.08325941786962561
CDC14B	0.09135187623302643
CDC16	-0.10385913899503256
CDC20	-0.17138663662788273
CDC20B	-0.2492105296588442
CDC20P1	0.006396351854862697
CDC23	-0.05697633326266289
CDC25A	0.024813378732160815
CDC25B	0.047047400436981114
CDC25C	-0.30813187043739565
CDC26	-0.020519756895785703
CDC27	0.30503777402370147
CDC27P1	0.059044595858519885
CDC27P2	-0.1848392433290212
CDC34	-0.11310634455290317
CDC37	-0.27491993098662393
CDC37L1	0.014462573959426045
CDC37P1	0.1483849777242121
CDC40	0.21642195660120395
CDC42	-0.012673149769573627
CDC42-IT1	0.14205444288644903
CDC42BPA	0.04294431363287495
CDC42BPB	0.10195761508600895
CDC42BPG	-0.09647785564648502
CDC42EP1	-0.02043071504809879
CDC42EP2	0.14552195097177714
CDC42EP3	0.24014190211989184
CDC42EP4	-0.17623129158900006
CDC42EP5	0.06539780687880353
CDC42P1	-0.38394601026781267
CDC42P2	-0.2426321271231798
CDC42P3	-0.4003129686972729
CDC42P4	0.031714547690420085
CDC42P5	-0.4089391881708968
CDC42P6	-0.16327099445624746
CDC42SE1	0.2588386316322813
CDC42SE2	0.23312414076413085
CDC45	-0.1725579082403736
CDC5L	0.25620249268167633
CDC6	0.010431358789621484
CDC7	0.22780943356007624
CDC73	0.1862913428852933
CDCA2	0.06311743218556935
CDCA3	-0.2650038090228898
CDCA4	-0.033404827252872756
CDCA5	-0.05642734023243613
CDCA7	-0.2739223854007518
CDCA7L	-0.013957632260898084
CDCA8	-0.1952741057695424
CDCP1	0.21844150399432402
CDCP2	0.24938528532162357
CDH1	-0.017156788132951663
CDH10	0.17917830961987244
CDH11	0.26785848307816607
CDH12	-0.2765512355522272
CDH12P1	
CDH12P2	0.02603337963773514
CDH12P3	-0.17928339524399356
CDH12P4	-0.010097459861480295
CDH13	0.1933060914884958
CDH15	0.006691243079915902
CDH16	0.00044277711329220943
CDH17	-0.07995601296056798
CDH18	0.05106334295449359
CDH19	0.008626410155489468
CDH2	0.2450245592496161
CDH20	0.0763966584298237
CDH22	0.05031998413541341
CDH23	0.058532474516285175
CDH23-AS1	0.10656476774357872
CDH24	-0.2677560759313313
CDH26	0.3264194459341811
CDH3	0.14004608767033194
CDH4	0.11640973675335574
CDH5	0.11304218798502857
CDH6	-0.03635279035885014
CDH7	0.08158441118667578
CDH8	-0.10250332912516373
CDH9	-0.1713501238861137
CDHR1	-0.2505268109433933
CDHR2	-0.12386417942128819
CDHR3	-0.07559435154578957
CDHR4	-0.05825452149419794
CDHR5	-0.09023354521791042
CDIP1	-0.05711019653428286
CDIPT	-0.19734551839956302
CDIPT-AS1	-0.337972845128146
CDK1	-0.1873372900419994
CDK10	-0.1345010176383388
CDK11A	-0.09567668576574015
CDK11B	0.0003404439938177292
CDK12	0.3403159122132468
CDK13	0.22822939464001715
CDK14	0.1351663547602735
CDK15	0.105540738902095
CDK16	-0.30578163865580926
CDK17	0.30738079498999116
CDK18	-0.2817072036862251
CDK19	0.11429835011720656
CDK2	0.10074204836152897
CDK20	-0.1197999736952705
CDK2AP1	-0.09522546416037073
CDK2AP2	-0.11247756476611914
CDK2AP2P1	0.18420779317322306
CDK2AP2P2	0.1686209165034575
CDK2AP2P3	0.017649229380971045
CDK3	-0.19946138192956758
CDK4	-0.06905667234683781
CDK5	0.08404258536664266
CDK5R1	0.13440206395901425
CDK5R2	-0.09479211395098465
CDK5RAP1	-0.2168678948314182
CDK5RAP2	0.1980999273608908
CDK5RAP3	-0.15171380050342387
CDK6	0.14546604769021654
CDK7	-0.16111185244129939
CDK8	0.058658501671808666
CDK9	0.14721189093959458
CDKAL1	0.1569581964970237
CDKL1	-0.011702130069506739
CDKL2	0.042449249253795354
CDKL3	-0.06041410248388697
CDKL4	0.005907346713667374
CDKL5	0.24181141707966497
CDKN1A	-0.042081997107859405
CDKN1B	-0.10736596713206403
CDKN1C	-0.21752953111032128
CDKN2A	0.0646322646461704
CDKN2AIP	0.1097153190595252
CDKN2AIPNL	-0.2298337733642184
CDKN2AIPNLP1	-0.16829410329899894
CDKN2AIPNLP2	-0.08594144973869602
CDKN2AIPNLP3	
CDKN2B	-0.06770981010969071
CDKN2B-AS1	-0.10388313169325826
CDKN2C	-0.3722857911374272
CDKN2D	-0.10302298176989454
CDKN3	-0.0210034052893572
CDNF	-0.12640678419669427
CDO1	-0.028843671923157517
CDON	0.1806582998265536
CDPF1	-0.18573325879654368
CDR1	-0.012189950894420582
CDR2	0.1868501373873487
CDR2L	-0.15788975995750748
CDRT1	0.16479965408233468
CDRT15	-0.11077997955783002
CDRT15L2	-0.19624076584051023
CDRT15P1	0.11941219113943648
CDRT15P2	-0.2099852181436954
CDRT4	0.148145661344814
CDRT7	-0.13825543191646317
CDRT8	0.058496651695031376
CDS1	-0.07818115034407404
CDS2	0.1805877010351641
CDSN	-0.00997960003061826
CDT1	-0.14327016649515908
CDV3	0.3236733147856944
CDV3P1	-0.23720211713757378
CDX1	-0.1931934323500494
CDX2	-0.29015966679109634
CDX4	0.016327557129503827
CDY1	0.02316431522700383
CDY10P	-0.03374155878762927
CDY11P	-0.025800318773367702
CDY12P	-0.23344911859497566
CDY13P	
CDY14P	
CDY15P	-0.0031497113226620402
CDY17P	
CDY18P	-0.008967050010602105
CDY19P	
CDY1B	0.1401553747210283
CDY20P	
CDY22P	
CDY23P	
CDY2A	
CDY2B	-0.008967050010602105
CDY3P	0.001207697112737126
CDY4P	-0.09988804322548551
CDY5P	-0.0010407187690756096
CDY6P	-0.09627629760849082
CDY7P	-0.000753384106895418
CDY8P	-0.11509743904987271
CDY9P	0.164597855405272
CDYL	0.017440043116458196
CDYL2	0.17629759412238297
CEA	
CEACAM1	0.03470062210523898
CEACAM16	-0.19735293821849814
CEACAM18	-0.10452622644201996
CEACAM19	-0.26079670795834015
CEACAM20	-0.050433984042556945
CEACAM21	0.04498210427343988
CEACAM22P	-0.09035082498233153
CEACAM3	0.12970245746252754
CEACAM4	0.10883655445386518
CEACAM5	0.10237592780671786
CEACAM6	0.1415141306856313
CEACAM7	0.0597149155684192
CEACAM8	-0.15436549691612236
CEACAMP1	0.231787345680082
CEACAMP10	0.26524681051855176
CEACAMP11	
CEACAMP2	0.18783496515668416
CEACAMP3	0.10112605525994318
CEACAMP4	-0.08515823621090222
CEACAMP5	0.09380231889162952
CEACAMP6	-0.1361258804294952
CEACAMP7	-0.07243224673845453
CEACAMP8	-0.15255377979669574
CEACAMP9	
CEBPA	-0.15260646176664872
CEBPA-AS1	-0.28368370338354637
CEBPB	0.13613794612466487
CEBPD	0.0710030221673469
CEBPE	0.024968262677373246
CEBPG	0.01456344342033508
CEBPZ	0.2125732605771115
CECR1	0.17514026897095128
CECR2	0.1611985440375703
CECR3	-0.28654628016149386
CECR5	-0.27156115710178025
CECR5-AS1	-0.056149163552009454
CECR6	0.2261440073773507
CECR7	0.18070964654584148
CECR9	0.02102875051030506
CEL	-0.12906116916365398
CELA1	0.04837743094628167
CELA2A	-0.1475939828417878
CELA2B	0.24288050010511888
CELA3A	0.10847882463286268
CELA3B	0.07615444210848055
CELF1	0.23648449879855069
CELF2	0.19818620719289742
CELF2-AS1	-0.12114168716227733
CELF2-AS2	-0.043183251025989376
CELF3	0.06961539526455053
CELF4	0.1177538661084863
CELF5	0.005683898539366104
CELF6	-0.017895289544177108
CELP	-0.2903947851651169
CELSR1	0.24357834102432996
CELSR2	0.1867762977258175
CELSR3	0.28833923926225963
CEMP1	-0.011060177920598092
CEND1	-0.1121842598637784
CEND1P1	-0.02013354104659245
CENPA	-0.1647463381208645
CENPB	-0.20465286054087792
CENPBD1	0.25508854963776906
CENPC	0.04524038483691282
CENPCP1	0.14125774711071037
CENPE	0.06210853438353265
CENPF	0.07895945610026979
CENPH	-0.1713002800020323
CENPI	0.07359287607154497
CENPIP1	-0.227606250585787
CENPJ	0.06320617024192145
CENPK	-0.22840473408729955
CENPL	0.04099945730686658
CENPM	-0.2646553277698909
CENPN	0.1261743602875498
CENPO	-0.05248230958978835
CENPP	-0.22559001184247388
CENPQ	-0.06877253812932123
CENPT	-0.168614088388394
CENPV	-0.16572459941375375
CENPVP1	-0.10749493465868465
CENPVP2	
CENPVP3	-0.038684826110553176
CENPW	-0.004517072408610227
CEP104	0.3538173365166199
CEP112	0.15759919626478697
CEP120	0.23449722580129825
CEP128	0.0224172834132919
CEP135	0.269790851491506
CEP152	0.08061074785642153
CEP164	0.1965081552859684
CEP164P1	-0.15552386005304378
CEP170	0.26318454080963893
CEP170B	-0.045203135013745684
CEP170P1	-0.09274406237733729
CEP19	0.3122552901496151
CEP192	0.20121358260783956
CEP250	0.27308577394017436
CEP290	0.21573613243788137
CEP350	0.30987188860987025
CEP41	0.005197218742281902
CEP44	-0.03432189481427825
CEP55	-0.13847844236789933
CEP57	0.13718556021955558
CEP57L1	-0.048378482525886786
CEP57L1P1	0.34418834598006404
CEP63	-0.07001546259949949
CEP68	0.0367668070643973
CEP70	-0.12306008436872698
CEP72	-0.06625552213476077
CEP76	0.1304169968026289
CEP78	0.06752873191693495
CEP85	-0.1302958238001659
CEP85L	0.2317713352378567
CEP89	-0.24508667404568651
CEP95	0.02217667065005393
CEP97	0.31136209975788426
CEPT1	0.25030439625558176
CER1	0.16726481698345663
CERCAM	0.0900934641089349
CERK	0.05251340695042253
CERKL	-0.020008135400883482
CERS1	-0.3180493363319983
CERS2	-0.09115951077493645
CERS3	0.26588954717533864
CERS4	0.0882413498834576
CERS5	0.07287809461067449
CERS6	0.14108225178491604
CERS6-AS1	-0.02869796750817129
CES1	0.08382127413842516
CES1P1	0.4111289763175505
CES1P2	-0.1182440618538483
CES2	-0.04507294551563437
CES3	-0.006092786662606335
CES4A	-0.051865772195204045
CES5A	0.424220189409313
CES5AP1	-0.043904156322887085
CETN1	-0.1810651750095263
CETN2	-0.1253045327868406
CETN3	-0.261604620928734
CETN4P	0.10728366470138116
CETP	0.1667074518433986
CFB	0.32872434983076465
CFC1	0.1276690292902611
CFC1B	0.07320826985172604
CFD	-0.3201921018892569
CFDP1	-0.21603154056280438
CFH	-0.01097353791104012
CFHR1	0.4487117799764603
CFHR2	-0.13929647171013754
CFHR3	0.17447780325984194
CFHR4	0.12059014835995065
CFHR5	-0.20145295836363997
CFI	-0.048682030895686595
CFL1	-0.1782085363517739
CFL1P1	-0.05288344957882791
CFL1P2	-0.2395160762470265
CFL1P3	-0.307972145946733
CFL1P4	-0.23856699313877566
CFL1P5	0.20386622031027835
CFL1P6	-0.14462438558371188
CFL1P7	-0.17452929484764174
CFL1P8	-0.029066098573941948
CFL2	-0.1811086142035136
CFLAR	0.25693029543271917
CFLAR-AS1	-0.018984257050194756
CFP	0.15696577321876348
CFTR	-0.02679690162929277
CFTRP1	-0.008954505178598518
CGA	0.051062708093130814
CGB	-0.03592297836152992
CGB1	
CGB2	0.06956026348295487
CGB5	0.013646807123828706
CGB7	-0.2297441821974008
CGB8	-0.001040718769075604
CGGBP1	0.24839272228546594
CGN	-0.007320185921162942
CGNL1	0.0910219714363002
CGREF1	-0.15607605534580787
CGRRF1	0.09936298440890166
CH25H	0.18371275385114477
CHAC1	0.01779641156000253
CHAC2	0.1679276999783451
CHAD	-0.1314099765695926
CHADL	0.07591515723328514
CHAF1A	-0.20705556628211735
CHAF1B	-0.1651704522603758
CHAMP1	0.40548671808069164
CHAT	-0.03727281199986177
CHCHD1	-0.07628499009369412
CHCHD10	-0.28309980668709633
CHCHD2	-0.13428731007582248
CHCHD2P1	-0.016597075509008755
CHCHD2P11	-0.07108347422161039
CHCHD2P2	-0.2819853761351735
CHCHD2P3	-0.04866133435137047
CHCHD2P4	0.23465087635344323
CHCHD2P5	-0.04393865143812509
CHCHD2P6	-0.2929079765953976
CHCHD2P7	0.20346163485077118
CHCHD2P8	-0.1437521659034735
CHCHD2P9	0.12540710109800754
CHCHD3	-0.3566346751252886
CHCHD3P1	-0.11938332744541066
CHCHD3P2	-0.09076046345928368
CHCHD3P3	-0.2910041230634552
CHCHD4	-0.34357941863804675
CHCHD4P2	-0.008967050010602105
CHCHD4P3	
CHCHD4P4	-0.30595602200495886
CHCHD4P5	-0.041285502512003885
CHCHD5	-0.09472723473648707
CHCHD6	-0.22603432226768033
CHCHD7	0.05232569293742229
CHD1	0.33935109671781477
CHD1L	0.001384024888136382
CHD2	0.317671967867398
CHD3	0.25401985216824297
CHD4	0.38560803402730764
CHD5	0.03241648047767086
CHD6	0.24031837628074093
CHD7	0.41804512818097717
CHD8	0.36049495491098554
CHD9	0.27275608606706225
CHDC2	0.1388964868106885
CHDH	-0.14050464754087671
CHEK1	-0.025907285688060853
CHEK2	-0.15853215298513462
CHEK2P2	-0.03963240866302916
CHEK2P3	-0.04393865143812509
CHEK2P4	-0.18623046484940525
CHEK2P5	0.10656476774357872
CHERP	0.009965618690484733
CHFR	0.1576926989797863
CHGA	-0.03765109628353647
CHGB	0.04996288748847866
CHI3L1	0.22014714982019926
CHI3L2	0.2847753439528091
CHIA	0.24042274306458622
CHIAP1	0.2386623062487757
CHIAP2	0.3454153017304755
CHIAP3	-0.1797525747378465
CHIC1	0.23212348426297125
CHIC2	0.23360546940943747
CHID1	-0.0031291039757433297
CHIT1	0.04168686763850335
CHKA	-0.3336207779968504
CHKB	-0.14996889907677705
CHKB-AS1	0.31478529015728307
CHKB-CPT1B	
CHL1	0.24415757868099788
CHL1-AS1	-0.3036833577847737
CHL1-AS2	0.17905935653862368
CHM	0.22111574513214743
CHML	0.16410222038992892
CHMP1A	-0.07605513550440887
CHMP1AP1	0.12182446300654112
CHMP1B	-0.01797607844385351
CHMP2A	-0.06119976458462399
CHMP2B	0.018978503304424684
CHMP3	-0.31014482172594676
CHMP4A	0.03941523938777085
CHMP4B	-0.2907948018215394
CHMP4BP1	-0.37086891718886833
CHMP4C	-0.2615216930850511
CHMP5	-0.2301818071755865
CHMP6	0.002332510926071482
CHMP7	0.23775640467376788
CHN1	0.15127545110204824
CHN2	-0.009784593548062596
CHODL	-0.2137530456660981
CHODL-AS1	-0.04819739255526028
CHORDC1	0.03135831254879827
CHORDC2P	0.05022837419115485
CHP1	-0.10623674836758318
CHP2	-0.175448589398927
CHPF	0.06092770302427067
CHPF2	0.27581817769069134
CHPT1	-0.1749389850461799
CHRAC1	-0.17793403413579198
CHRD	-0.08987756986037053
CHRDL1	-0.18695906459909023
CHRDL2	0.24166463897579302
CHRFAM7A	-0.19103527048536795
CHRM1	-0.11586812459526374
CHRM2	-0.2703541276390729
CHRM3	0.14482449149723814
CHRM3-AS1	-0.0068674877952260415
CHRM3-AS2	0.15338071249822885
CHRM4	-0.021489384330794743
CHRM5	-0.11558580148042834
CHRNA1	-0.04240289292454983
CHRNA10	0.1555651831856942
CHRNA2	-0.03967116389368458
CHRNA3	-0.04253687804707163
CHRNA4	0.02283635109564072
CHRNA5	-0.07396271304293314
CHRNA6	0.30572155595746126
CHRNA7	-0.03811634558910965
CHRNA9	-0.005150802176290801
CHRNB1	-0.19061564991874747
CHRNB2	0.08012109960211994
CHRNB3	0.055730640512582114
CHRNB4	0.24359361097109092
CHRND	-0.008418412632225944
CHRNE	0.12196514326331341
CHRNG	0.04818903516242735
CHST1	0.11917022548766118
CHST10	0.056896167005182754
CHST11	0.2301198445032191
CHST12	0.07679961986531998
CHST13	-0.02089971928212029
CHST14	0.06324969025475172
CHST15	0.1809590938956072
CHST2	0.20558178959220116
CHST3	0.22367569327615647
CHST4	0.3639545944885902
CHST5	0.062249640195223464
CHST6	-0.013489233578905203
CHST7	-0.016986584216637943
CHST8	0.1782274579399375
CHST9	0.0016890067147894933
CHSY1	0.31157701141014077
CHSY3	0.11254686048084472
CHTF18	-0.208792323908916
CHTF8	-0.009725583804762778
CHTF8P1	-0.28202738351706036
CHTOP	0.07450754183297996
CHUK	0.10702013106321968
CHURC1	-0.06371856515135436
CHURC1-FNTB	
CIAO1	0.12260738893532094
CIAPIN1	0.08030182775272511
CIAPIN1P	-0.2323704147203408
CIB1	-0.05071744240976468
CIB2	-0.07187233171919145
CIB3	0.10233942156942935
CIB4	-0.1414208676485059
CIC	0.1985066463623568
CICP1	-0.07243224673845453
CICP10	-0.03325912453167606
CICP11	-0.060874204692030226
CICP12	-0.1598577837579814
CICP13	0.15612856635659172
CICP14	0.08499791711282548
CICP16	0.06725542938990098
CICP17	-0.00583068424324414
CICP18	0.09656210262602943
CICP19	-0.25580997997251437
CICP2	
CICP20	-0.1353968430538244
CICP22	0.1224023588612299
CICP23	-0.24494621357716828
CICP24	-0.07869342901465999
CICP26	-0.11984396926810874
CICP27	-0.03128888189810227
CICP3	-0.16964727779045297
CICP4	0.006713562406280134
CICP5	-0.013979594555820379
CICP6	-0.17559653181209126
CICP7	-0.10444315419505053
CICP8	-0.047691638595324534
CICP9	0.031258713520654964
CIDEA	-0.2689997442279528
CIDEB	-0.17368989282472097
CIDEC	-0.1805428334492731
CIDECP	-0.21260638479102495
CIITA	0.36182235082790193
CILP	0.08578247539171062
CILP2	0.010910990355485727
CINP	-0.12407964325936924
CIR1	0.11638170297834612
CIR1P1	-0.011416755943012504
CIR1P2	0.1117334963185807
CIR1P3	-0.2580556369369649
CIRBP	-0.167983672375934
CIRBP-AS1	0.1663841592806476
CIRH1A	0.025066940906974956
CISD1	-0.18933081635711535
CISD1P1	0.047215759538642425
CISD2	-0.03574668728372905
CISD3	-0.270806755085361
CISH	-0.12624512080255987
CIT	-0.07855359492451434
CITED1	-0.10335616887425601
CITED2	-0.292217333555212
CITED4	0.07302632209425235
CIZ1	-0.21120502820012232
CKAP2	-0.12069692281289544
CKAP2L	-0.0742457951325565
CKAP4	0.096919585700574
CKAP5	0.14933263398544316
CKB	-0.21773231917543578
CKBP1	-0.10616261349714949
CKLF	-0.028151909724398065
CKLF-CMTM1	0.0036729203630394675
CKM	-0.08912259015282288
CKMT1A	-0.2595797228282848
CKMT1B	-0.2756951024511817
CKMT2	-0.14095751608932153
CKMT2-AS1	-0.042744143800858066
CKS1B	-0.27097929590879083
CKS1BP5	0.06048511227645208
CKS1BP6	-0.3739562183023211
CKS1BP7	-0.36050512002331114
CKS2	-0.1786304840419641
CLASP1	0.38555478614717076
CLASP2	0.25406472957072074
CLASRP	-0.10783276724828705
CLC	0.13419636713124422
CLCA1	-0.0986623674607896
CLCA2	-0.05587810416376524
CLCA3P	0.1396920119645816
CLCA4	0.05619210621623001
CLCC1	0.0994249935943606
CLCF1	0.10941615705274522
CLCN1	-0.06188802221350108
CLCN2	-0.14505456980263354
CLCN3	0.04021304985260958
CLCN4	0.2790192425474825
CLCN5	0.0781101418548763
CLCN6	0.08247564817106899
CLCN7	0.10040172051253209
CLCNKA	-0.11033847300049135
CLCNKB	-0.027596422166845793
CLCP1	-0.24968711077271827
CLCP2	-0.036289743394379986
CLDN1	0.07409967900373693
CLDN10	0.09973882854482516
CLDN10-AS1	-0.05810575351997585
CLDN11	-0.011390461182515884
CLDN12	0.26274881048516946
CLDN14	0.09771033020656757
CLDN15	-0.08755717969003884
CLDN16	0.3107572733133061
CLDN17	-0.12848496119282304
CLDN18	-0.17489687899567513
CLDN19	-0.09425225295237978
CLDN2	0.12621931906294168
CLDN20	-0.11000332326981126
CLDN22	0.16779963902977876
CLDN23	-0.02732100387360528
CLDN24	0.24544290845206157
CLDN25	0.17373147970944489
CLDN3	0.009844769265489082
CLDN4	-0.05405077971974484
CLDN5	0.030722857927166516
CLDN6	-0.12704952475966255
CLDN7	-0.2200933641650771
CLDN8	-0.10184973805099413
CLDN9	0.09685397684700706
CLDND1	0.0631296471135158
CLDND2	-0.22437964533195456
CLEC10A	-0.05688485474413754
CLEC11A	-0.07527587610283383
CLEC12A	0.2950853793613915
CLEC12B	0.23144338508592247
CLEC14A	0.00282091592976339
CLEC16A	0.09834701960266269
CLEC17A	0.3057434081559844
CLEC18A	-0.182465466287997
CLEC18B	-0.044399208605747184
CLEC18C	-0.0055207953503231405
CLEC19A	-0.02674010328611672
CLEC1A	0.1304722311302386
CLEC1B	0.10461583616285665
CLEC2A	0.14567867148892535
CLEC2B	0.15406337889788094
CLEC2D	0.24621331392078696
CLEC2L	-0.2082074920684506
CLEC3A	-0.12368127141867272
CLEC3B	-0.31837083126999793
CLEC4A	0.040008104798192584
CLEC4C	0.08161554478111664
CLEC4D	0.07214292011981478
CLEC4E	0.0934122194295239
CLEC4F	-0.23374068558127725
CLEC4G	-0.09336181230793929
CLEC4GP1	0.06459332750616374
CLEC4M	0.13668380734997507
CLEC5A	0.16145359347593718
CLEC6A	0.12255325146565327
CLEC7A	0.12388303664993898
CLEC9A	0.06177857944360454
CLECL1	0.09420383754232706
CLGN	0.18290899133640892
CLHC1	-0.23271513255340484
CLIC1	-0.1375696041071349
CLIC1P1	-0.22826725018069255
CLIC2	0.0321363005315382
CLIC3	0.1350474039855907
CLIC4	0.13651918022383497
CLIC5	0.1530496096056467
CLIC6	0.10538771026072241
CLINT1	0.07505558865473645
CLIP1	0.33669262347271117
CLIP2	-0.08082521237874782
CLIP3	0.03358581777634241
CLIP4	0.13641479685237312
CLK1	-0.10046901537295003
CLK2	-0.12594886663144833
CLK3	-0.22678299417835346
CLK4	-0.005885264879384254
CLLU1	0.30506206787750545
CLLU1OS	-0.01004642943615658
CLMN	-0.0010905018354362328
CLMP	0.12148499680343991
CLN3	-0.26111637919786296
CLN5	-0.13811135712735792
CLN6	-0.3321533505955593
CLN8	0.0968581582979434
CLNK	0.27786918997554494
CLNS1A	-0.2989402435197958
CLNS1AP1	-0.12142818487020408
CLOCK	0.36706561691924267
CLP1	0.2493605313146873
CLPB	0.20857504402707103
CLPP	-0.16145148960607478
CLPS	0.41040646192540153
CLPSL1	0.11770247435200967
CLPSL2	-0.053940710018038227
CLPTM1	-0.08932613309911869
CLPTM1L	0.004524791256756135
CLPTM1LP1	
CLPX	-0.0035420481830949306
CLRN1	-0.03527961007654464
CLRN1-AS1	0.1288502475243866
CLRN2	0.20781800512730023
CLRN3	-0.054676193940025895
CLSPN	0.17515959706285947
CLSTN1	-0.0008345003758711313
CLSTN2	-0.13663688835926144
CLSTN2-AS1	-0.013285092917965792
CLSTN3	0.30029060006351993
CLTA	-0.2590648952438675
CLTB	-0.10175778739034437
CLTC	0.2372449383448529
CLTCL1	-0.03816884063787991
CLU	0.24816749523458875
CLUAP1	-0.1801486491955672
CLUH	-0.0981959794826996
CLUHP1	0.16856020591942544
CLUHP2	
CLUHP3	0.1978251912830896
CLUHP4	-0.23344911859497566
CLUHP5	0.382135059636399
CLUL1	0.1856832394958096
CLVS1	0.3172299296013466
CLVS2	-0.08391949179049876
CLYBL	-0.1657452891315723
CLYBL-AS1	
CLYBL-AS2	-0.032737273794644306
CMA1	-0.23282320956088745
CMAHP	-0.07054729224142084
CMAS	-0.2573365576603495
CMBL	-0.13244437583364027
CMC1	0.007420804269033481
CMC2	-0.01700371402214799
CMC4	-0.0346139901660742
CMIP	0.10490430210054406
CMKLR1	0.03969269465475309
CMPK1	-0.07144026439339568
CMPK2	-0.10117806565571145
CMSS1	-0.07922935810613134
CMTM1	0.2134179181526941
CMTM2	0.17074975667192946
CMTM3	0.21772483153093358
CMTM4	-0.03941231991551273
CMTM5	-0.13535172371601056
CMTM6	0.1611706870973071
CMTM7	0.1333508888386685
CMTM8	0.047478787118682364
CMTR1	0.23313963803607168
CMTR2	0.30889795498737604
CMYA5	0.20288933407875165
CNBD1	-0.25460690414973874
CNBD2	-0.20056640812259255
CNBP	-0.13636140852980666
CNDP1	0.05170022210779479
CNDP2	-0.0792134416550785
CNEP1R1	0.17839107075405106
CNFN	0.09322063998266075
CNGA1	-0.028641235373546483
CNGA2	0.09129417291790907
CNGA3	-0.07664629812839108
CNGA4	-0.09541393627265352
CNGB1	0.32762122298920227
CNGB3	-0.12464462963659959
CNIH1	-0.34024756996906247
CNIH2	0.0013569952785925726
CNIH3	-0.12875719434040886
CNIH4	-0.2041307512015767
CNKSR1	-0.17749859536867024
CNKSR2	0.2613669202602365
CNKSR3	-0.06152989824851352
CNN1	-0.2872834889203431
CNN2	0.19837898928993006
CNN2P1	0.030675452758821352
CNN2P10	-0.05425969813918133
CNN2P11	-0.06556426434185925
CNN2P12	0.07061012428953728
CNN2P2	-0.2474068244167479
CNN2P3	-0.1950575562357686
CNN2P4	0.2647128550550051
CNN2P5	-0.001107880039759891
CNN2P6	-0.2651170808699128
CNN2P7	0.34668551505696416
CNN2P8	-0.03152542240011003
CNN2P9	0.20307892939238747
CNN3	-0.021909193667612972
CNN3P1	-0.3797209502910535
CNNM1	-0.27987846586603615
CNNM2	-0.05050341774446283
CNNM3	-0.06401766180411264
CNNM4	-0.11610687235247537
CNOT1	0.2805379553097308
CNOT10	0.20021589957267016
CNOT10-AS1	0.16946517264278052
CNOT11	-0.047869083304025166
CNOT2	0.21765692905558517
CNOT3	0.07374681612033067
CNOT4	0.3011857013149025
CNOT4P1	-0.07798748404338929
CNOT6	0.22033448480403725
CNOT6L	0.334299035449057
CNOT6LP1	0.2217865279858046
CNOT7	0.21907375237036192
CNOT7P1	-0.28295605337138446
CNOT7P2	-0.01400164187620809
CNOT8	-0.07368841873323914
CNP	0.15660150067005882
CNPPD1	-0.15387789307042257
CNPY1	0.040827911111959825
CNPY2	-0.12633661504718277
CNPY3	0.22922269870576947
CNPY4	-0.2725104069858562
CNR1	0.16169431771507586
CNR2	0.26181877713601903
CNRIP1	-0.1651324715229489
CNST	0.06650759603532354
CNTD1	-0.09407292792767426
CNTD2	-0.0915804023334235
CNTF	-0.0832513639834006
CNTFR	-0.10227831945492886
CNTFR-AS1	-0.10344428007375998
CNTLN	0.08591994156062338
CNTN1	-0.09438263115362537
CNTN2	-0.024331240459755193
CNTN3	-0.12408555397998451
CNTN4	-0.015973836479189853
CNTN4-AS1	-0.010554672093812867
CNTN4-AS2	0.1304083454217455
CNTN5	-0.15098523176136572
CNTN6	0.06605570188379906
CNTNAP1	0.1479434987511757
CNTNAP2	0.03233512735251794
CNTNAP3	-0.037312472861297505
CNTNAP3B	0.03730609627318849
CNTNAP4	-0.05042250994997181
CNTNAP5	-0.10244745469564462
CNTRL	0.24132322076100426
CNTROB	-0.1791552416949468
COA1	0.20035795208741572
COA3	-0.1823255196018636
COA4	-0.3605055479390157
COA5	-0.18528267934857548
COA6	0.0945991601310643
COASY	-0.1406038044593121
COBL	-0.05572833141546497
COBLL1	0.25982681784568806
COCH	0.0842543345862442
COG1	-0.054382460152754636
COG2	-0.09648690191371262
COG3	0.07299816767252558
COG4	-0.11173643659035153
COG5	0.26257841557102224
COG6	0.13475245874971567
COG7	0.06667164477356306
COG8	0.14026775763960467
COIL	0.1714401299521165
COL10A1	-0.013302782752248455
COL11A1	0.06197457964856711
COL11A2	-0.2544199557746046
COL11A2P1	0.382135059636399
COL12A1	0.13301358768612395
COL13A1	-0.2265309162177419
COL14A1	-0.02156474073756706
COL15A1	0.013438215693305028
COL16A1	0.045774505308272984
COL17A1	0.0020629308484627477
COL18A1	0.09136362065170016
COL18A1-AS1	0.26341382140624914
COL18A1-AS2	-0.12295095530093071
COL19A1	0.24587381359954683
COL1A1	0.06840488050377261
COL1A2	0.09610888356854208
COL20A1	-0.29375515747023506
COL21A1	-0.14009409786562385
COL22A1	0.2327107841523702
COL23A1	0.05744461065666145
COL24A1	0.09648048174612563
COL25A1	-0.4116846712075152
COL26A1	-0.1367322649514328
COL27A1	0.20828966961688464
COL28A1	-0.014203543821432088
COL2A1	-0.005256498047597541
COL3A1	0.10587649164542855
COL4A1	0.16552939050020846
COL4A2	0.10205690764823218
COL4A2-AS1	-0.048981300599082414
COL4A2-AS2	-0.17889941173219495
COL4A3	0.23192397851593793
COL4A3BP	0.11917326779359039
COL4A4	0.2986136786405486
COL4A5	-0.13192790371101043
COL4A6	-0.26849620677270186
COL5A1	0.16211096850400764
COL5A1-AS1	0.12355554946619923
COL5A2	0.14850387507825336
COL5A3	0.11662490604523514
COL6A1	0.10644582475481972
COL6A2	0.07266731817661644
COL6A3	0.18405141486762291
COL6A4P1	0.07905638365722781
COL6A4P2	0.10738433685832413
COL6A5	0.2969282897807635
COL6A6	-0.04912278046021956
COL7A1	0.09780658305671121
COL8A1	0.04635869026748881
COL8A2	0.0072844513658083705
COL9A1	-0.03881291529220576
COL9A2	0.2689391523935407
COL9A3	0.15906825268924146
COLCA1	-0.056617038054389446
COLCA2	-0.19557469361657823
COLEC10	0.03198286286221898
COLEC11	-0.09141400073183084
COLEC12	-0.1664643928694654
COLGALT1	-0.03846961990171567
COLGALT2	-0.3111612978956176
COLQ	0.1494478831181596
COMMD1	0.15110707129615614
COMMD10	0.15241847798347352
COMMD2	0.18594287446124938
COMMD3	-0.04713346827228702
COMMD3-BMI1	
COMMD4	-0.2926559402508634
COMMD5	0.06896182857008955
COMMD6	0.14893088375206295
COMMD7	-0.10109720242476573
COMMD8	0.2097783430517203
COMMD9	-0.27661155343521127
COMP	0.25036388531834164
COMT	-0.33345582911665733
COMTD1	-0.12748916216728037
COPA	0.3354003483459644
COPB1	0.13862517024370505
COPB2	0.18440566522102655
COPE	-0.13357391833689602
COPG1	-0.13038088763632666
COPG2	-0.10712331437955643
COPRS	0.00497236019396366
COPS2	0.1582095468294672
COPS3	-0.007997562176511446
COPS4	0.0936381894528062
COPS5	-0.2196721245731679
COPS5P1	-0.2548915919938115
COPS6	-0.13319436415852098
COPS7A	-0.2191490229739336
COPS7B	0.0193745992527351
COPS8	-0.07558912648997382
COPS8P2	-0.1932322994668729
COPS8P3	-0.1323993487910937
COPZ1	-0.09069355439615805
COPZ2	-0.19171083225519384
COQ10A	0.04744485374830895
COQ10B	0.04269940834623708
COQ10BP2	0.10528641152083533
COQ2	-0.1590053582977506
COQ3	-0.28946860643542727
COQ4	-0.2876833697914628
COQ5	-0.04778178218585991
COQ6	-0.24356583971998233
COQ7	-0.1398753097504414
COQ9	-0.2606432537278836
CORIN	-0.19739247832088352
CORO1A	0.17800501094090598
CORO1B	-0.025920028820892976
CORO1C	0.0645498591392165
CORO2A	0.0001607361640462908
CORO2B	-0.015045481964248519
CORO6	-0.09945673615825443
CORO7	-0.11374096594722119
CORO7-PAM16	
CORT	-0.11471888642062976
COTL1	0.13384022867311593
COTL1P1	0.19956238788559372
COTL1P2	0.2343995591754685
COX10	-0.17425266585486418
COX10-AS1	0.15898745945133072
COX11	-0.1686196330333268
COX11P1	-0.12720004246190875
COX14	-0.17035198201870108
COX15	0.004344083410278321
COX16	-0.2999182115779703
COX17	-0.01013952666544181
COX17P1	-0.20024491220059423
COX18	-0.23707942191759687
COX19	-0.11062822391514926
COX20	-0.3887744406829583
COX20P1	-0.3885486182997516
COX20P2	-0.24336343366194466
COX4I1	-0.22621580006771977
COX4I1P1	-0.2488013509978883
COX4I1P2	0.023128523954010077
COX4I2	0.006134876025667452
COX5A	-0.2833590511742057
COX5AP2	-0.22252348596437097
COX5B	-0.14307415746495455
COX5BP1	0.11440548029142666
COX5BP2	0.07223499763086523
COX5BP3	-0.06796769267396632
COX5BP6	0.16719274412056692
COX5BP7	
COX5BP8	-0.08675023084205014
COX6A1	-0.25522315915149996
COX6A1P2	-0.3318069674830659
COX6A1P3	-0.06330758623661237
COX6A2	0.016672405173970572
COX6B1	-0.1950304511236566
COX6B1P1	-0.28150069720986365
COX6B1P2	0.30832861656825705
COX6B1P3	-0.28813924136651187
COX6B1P4	-0.19381175757364102
COX6B1P5	-0.14007784558052927
COX6B1P6	-0.028896200905749094
COX6B1P7	-0.04604449940480585
COX6B2	-0.13090024534850406
COX6C	-0.16875757373814293
COX6CP1	-0.25620975683517105
COX6CP2	-0.012560956496233953
COX6CP3	0.04500438289726538
COX6CP5	
COX6CP6	-0.13646351064833953
COX7A1	-0.1366982057059776
COX7A2	-0.1363269743159017
COX7A2L	-0.30272336168522207
COX7A2P1	-0.17544212498317757
COX7A2P2	-0.2844077758722017
COX7B	-0.29100958049952513
COX7B2	-0.20335284423495167
COX7BP1	-0.005624354190250816
COX7BP2	-0.26898865527690674
COX7C	-0.14904599184570932
COX7CP1	-0.30927383294417293
COX8A	-0.16355585900741854
COX8C	-0.20445973592561
CP	0.1173887257285094
CPA1	0.3096231430735971
CPA2	-0.04905924399671118
CPA3	0.08088751063652357
CPA4	0.11756387557333862
CPA5	0.06046524574219132
CPA6	-0.13766747203242025
CPAMD8	0.061447484844144314
CPB1	0.016502222337323395
CPB2	0.17408089872787272
CPB2-AS1	-0.057184817327934595
CPD	0.2132393491562457
CPE	-0.06740845848579394
CPEB1	-0.2803308248217684
CPEB2	0.05727939946055637
CPEB2-AS1	0.07195277711175503
CPEB3	-0.010228493984702809
CPEB4	0.370991979108816
CPED1	-0.11265391865120276
CPHL1P	0.035534204657105876
CPLX1	-0.07803955799985582
CPLX2	-0.07781915176284936
CPLX3	
CPLX4	0.2995624647114738
CPM	-0.09487850169028962
CPN1	-0.2758872258545739
CPN2	-0.10550853437037076
CPNE1	-0.09416696547230106
CPNE2	-0.2225150253167445
CPNE3	0.11530575071999855
CPNE4	0.14285259541055043
CPNE5	0.14415610553922587
CPNE6	-0.31137446962236504
CPNE7	-0.1607249766045058
CPNE8	-0.04869070922144874
CPNE9	-0.021806741095960005
CPO	-0.01774280609241992
CPOX	-0.12098996574769826
CPPED1	0.08894324008064323
CPQ	-0.039939292716699264
CPS1	0.06121337256667636
CPSF1	-0.073173020517647
CPSF1P1	0.08609608671763574
CPSF2	0.2671408341064802
CPSF3	0.06418269665583974
CPSF3L	-0.1593680042875342
CPSF4	0.02153486394149357
CPSF4L	-0.024489578525661238
CPSF6	-0.0731522687997753
CPSF7	-0.009252171157233882
CPT1A	-0.11300642268876883
CPT1B	-0.22614433284623128
CPT1C	0.13559721108880118
CPT2	-0.21129527469621467
CPVL	0.05226964255676265
CPXCR1	-0.21363202310011378
CPXM1	0.08811165302067363
CPXM2	0.033478545370830184
CPZ	0.22619210747497487
CR1	0.2800604895278116
CR1L	0.20238143257368107
CR2	0.290454372230023
CRABP1	-0.046221003451891327
CRABP2	0.20175539395219308
CRADD	-0.23266834048223017
CRAMP1L	0.17899717464054996
CRAT	-0.16756069359020273
CRB1	-0.28633973608285757
CRB2	-0.06066415009357761
CRB3	0.011602111622849973
CRBN	-0.05768491826889083
CRCP	-0.12920119034196215
CRCT1	-0.09940629810208192
CREB1	0.31198486535326014
CREB3	-0.03164640619443257
CREB3L1	-0.015737787824144714
CREB3L2	0.10178165307359814
CREB3L3	-0.1856174053135895
CREB3L4	-0.34748836847164993
CREB5	0.18578374624961488
CREBBP	0.3086272581573902
CREBL2	0.14760354729465003
CREBRF	0.23340926124779418
CREBZF	-0.07349688110432372
CREG1	-0.08805130054982614
CREG2	0.016981505313211104
CRELD1	0.08108964800567019
CRELD2	-0.00806384293075827
CREM	0.25119310692554886
CRH	-0.13579041715693488
CRHBP	-0.24788727240119787
CRHR1	-0.027582331642935325
CRHR1-IT1	0.13252936021887687
CRHR2	-0.2103509239564657
CRIM1	0.11620302831113014
CRIP1	-0.2202252344790111
CRIP1P1	0.42161105969272666
CRIP1P2	-0.28029435003463526
CRIP1P3	-0.005624354190250816
CRIP1P4	-0.19568659785649042
CRIP2	0.009421978696862949
CRIP3	-0.04489727192096622
CRIPT	0.11999826955707618
CRISP1	0.1129662395122123
CRISP2	-0.23822246217591392
CRISP3	-0.21204196589117488
CRISPLD1	0.14124279093237743
CRISPLD2	0.11307441199116591
CRK	0.15749961689564232
CRKL	0.2243644160776113
CRLF1	-0.0023369714709469322
CRLF2	0.09837158504339041
CRLF3	0.24791041438157269
CRLS1	-0.21078061189413122
CRMP1	0.263975109966004
CRNDE	0.07972449885642985
CRNKL1	0.21642024318681127
CRNN	-0.01992502854129574
CROCC	0.023858608588155906
CROCCP1	0.25592471415749296
CROCCP2	-0.18278650530129562
CROCCP3	0.12789169778645562
CROCCP4	0.021897455389101896
CROCCP5	0.1690716634944455
CROT	-0.036791031079286426
CRP	0.29918059184985274
CRPP1	0.00804192958458817
CRTAC1	0.24413544850537156
CRTAM	0.19321541574034384
CRTAP	-0.1737737302852537
CRTC1	0.018112871581929736
CRTC2	0.04070276858475189
CRTC3	0.27016895639013533
CRX	-0.3211707199462855
CRY1	0.0068865620214314
CRY2	-0.11425340733861077
CRYAA	-0.2679478736425241
CRYAB	-0.12324774635562817
CRYBA1	0.19829150835164894
CRYBA2	-0.051641315861491205
CRYBA4	-0.00796726017720499
CRYBB1	-0.3106009148289217
CRYBB2	-0.10411324907258865
CRYBB2P1	-0.15799334481668964
CRYBB3	-0.2014311998447076
CRYBG3	0.33187762339884624
CRYGA	-0.04393865143812509
CRYGB	-0.13223016890227848
CRYGC	0.012074864668343436
CRYGD	0.02734624461637642
CRYGEP	0.016404880605419607
CRYGFP	-0.07243224673845453
CRYGGP	-0.1720072680612941
CRYGN	0.0643057972357147
CRYGS	0.07622141860864137
CRYL1	-0.19258274244265608
CRYM	-0.15233047969525987
CRYM-AS1	0.011409236582936522
CRYZ	-0.11476450934505128
CRYZL1	-0.0004059200209092373
CRYZP1	-0.10352839312108793
CS	-0.22148820163170027
CSAD	-0.08851178799523253
CSAG1	0.28430887755576056
CSAG2	-0.11772882370750472
CSAG3	0.045558917458474686
CSAG4	-0.1475939828417878
CSDC2	-0.17626365626206103
CSDE1	0.01555030251187638
CSE1L	0.08769089420031406
CSF1	-0.05415141545780921
CSF1R	-0.01526834001506618
CSF2	0.06370481825958414
CSF2RA	0.1786117304841393
CSF2RB	0.1814183965623057
CSF2RBP1	0.14634180620269766
CSF3	0.11659561402384017
CSF3R	0.10759411354933572
CSGALNACT1	0.13274459105361894
CSGALNACT2	0.19146448614924233
CSH1	-0.041285502512003885
CSH2	
CSHL1	0.2554422973066006
CSK	0.19386914459565524
CSMD1	0.16697939549225907
CSMD2	0.07239882032793289
CSMD3	-0.07061886456513558
CSN1S1	0.2411824165632067
CSN1S2AP	-0.010097459861480295
CSN2	0.1484078822968119
CSN3	0.1782048596935919
CSNK1A1	0.3161407613925288
CSNK1A1L	-0.33158378839549674
CSNK1A1P1	-0.09041755149435371
CSNK1A1P3	-0.28219416785569224
CSNK1D	-0.17112098480595192
CSNK1E	-0.01529226079060933
CSNK1G1	0.3238674853261447
CSNK1G2	0.19150417641686748
CSNK1G2-AS1	-0.04584932073173416
CSNK1G3	0.0785448152304689
CSNK2A1	0.06134390681904343
CSNK2A2	0.17590687407110528
CSNK2A3	0.3678307985242735
CSNK2B	-0.19306731418071457
CSPG4	-0.16671664509391543
CSPG4P10	0.04145660953592724
CSPG4P11	0.25200882768125116
CSPG4P12	-0.2034641278852441
CSPG4P13	0.2060049128308631
CSPG4P1Y	
CSPG4P2Y	
CSPG4P3Y	0.01586933788838595
CSPG4P4Y	
CSPG4P5	
CSPG4P9	-0.08370923119064179
CSPG5	-0.10973138681590992
CSPP1	-0.08386549226842907
CSRNP1	0.05368309329156009
CSRNP2	0.22783152990758515
CSRNP3	-0.058954346868994575
CSRP1	-0.2679730409591263
CSRP2	0.14102264992699168
CSRP2BP	-0.04368105584582358
CSRP3	-0.20333559362937062
CST1	0.28354580141333974
CST11	-0.022512535657039142
CST12P	-0.1718101885523261
CST13P	-0.16163694076499838
CST2	0.09983143341522548
CST2P1	-0.07243224673845453
CST3	-0.1517169160404776
CST4	0.14958590738389207
CST5	0.0016111439298832617
CST6	0.0766230655427227
CST7	0.1911653488894273
CST8	0.13693577377656474
CST9	-0.1796548835653986
CST9L	0.20058858774223484
CST9LP1	-0.12902718117359807
CSTA	0.30097103463785413
CSTB	-0.20675419228409384
CSTF1	0.17439874057229562
CSTF2	0.08411958383267087
CSTF2T	0.3017130823468814
CSTF3	0.15681555424236993
CSTF3-AS1	0.09387985314400588
CSTL1	0.13629259586341458
CSTP1	-0.09505236969056521
CT45A1	0.16856020591942544
CT45A2	
CT45A3	-0.04929266779623301
CT45A4	
CT45A5	-0.1475939828417878
CT45A6	-0.002392859068664211
CT47A1	
CT47A10	
CT47A11	
CT47A12	
CT47A2	
CT47A3	
CT47A4	
CT47A5	
CT47A6	
CT47A7	
CT47A8	
CT47A9	
CT47B1	0.20495605976306355
CT49	0.004086773321752545
CT60	-0.012832405464096159
CT62	-0.06441245412563135
CT64	-0.15487535450395518
CTAG1A	0.06529303329232335
CTAG1B	-0.17629616398763542
CTAG2	-0.1366339220863634
CTAGE1	-0.15094486277768135
CTAGE10P	0.06285390856366861
CTAGE11P	-0.21119196034781898
CTAGE12P	-0.2715634890453683
CTAGE13P	-0.2561467409836275
CTAGE14P	-0.05508819418172564
CTAGE15	0.1070879120163492
CTAGE16P	0.028221218327223428
CTAGE3P	0.06190392375434717
CTAGE4	
CTAGE5	0.004807063673096423
CTAGE6	-0.3496276707432305
CTAGE7P	-0.19954769978504652
CTAGE8	0.0526467887792877
CTAGE9	0.11482790446114204
CTBP1	-0.07119914786758925
CTBP1-AS2	-0.12605052972701328
CTBP2	-0.14744681529944967
CTBP2P1	0.14708841030660344
CTBP2P2	0.03673984151672439
CTBP2P3	0.22378057112686148
CTBP2P4	-0.24782207711659998
CTBP2P5	-0.24281373555919072
CTBP2P6	-0.13076856652796656
CTBP2P7	-0.03172659685096785
CTBP2P8	-0.16291830180321476
CTBS	0.2803137919506344
CTC1	0.1771448230899956
CTCF	0.24262005603195566
CTCFL	-0.19888698166717325
CTD-2316B1.1	-0.10306265006007789
CTD-2316B1.2	-0.005624354190250816
CTDNEP1	-0.23620036071151884
CTDP1	0.2223732532551459
CTDSP1	-0.23705474455812103
CTDSP2	0.1707763149400455
CTDSPL	-0.2328537477498302
CTDSPL2	0.150688565986668
CTF1	-0.0653889349664888
CTF2P	-0.10269992668130776
CTGF	-0.10303873090035882
CTGLF10P	0.02607643583808011
CTGLF11P	-0.07590742030940746
CTGLF12P	-0.01198137079912706
CTH	-0.22963164986081963
CTHRC1	0.19207133797184775
CTIF	0.014731605692618163
CTLA4	0.2409811578228143
CTNNA1	-0.0707242187251785
CTNNA2	-0.05666320278053546
CTNNA3	0.004564336061471768
CTNNAL1	0.04084788776748435
CTNNAP1	-0.47967658746296543
CTNNB1	0.4212642268316349
CTNNBIP1	-0.20311298899777908
CTNNBL1	0.11196966481119976
CTNND1	-0.013313836479041129
CTNND2	-0.19081810420791928
CTNS	-0.08143005117482977
CTPS1	-0.11279207670194467
CTPS2	-0.009577545487174963
CTR9	0.26940674780821805
CTRB1	0.01042048725183666
CTRB2	-0.04455317054824494
CTRC	-0.14283565981490653
CTRL	0.023842929009644912
CTSA	-0.2429545408651031
CTSB	0.01602894345945945
CTSC	0.06392985683267974
CTSD	-0.2097488244660585
CTSE	0.007613323586313304
CTSF	-0.10668210424421841
CTSG	-0.14824514931576183
CTSH	0.17346067298120554
CTSK	0.21289370314882294
CTSL	0.07500500487471466
CTSL3P	0.12363354132390084
CTSLP1	-0.13741148415634816
CTSLP2	-0.04393865143812509
CTSLP3	0.391497114413146
CTSLP4	-0.07168116960424073
CTSLP5	
CTSLP6	-0.1126568366806429
CTSLP7	
CTSLP8	-0.09906843721729569
CTSO	-0.0302930088141158
CTSS	0.06229484611574926
CTSV	-0.30300184343565617
CTSW	-0.21008237547598585
CTSZ	-0.3647727424927178
CTTN	0.02165326771894136
CTTNBP2	-0.303037281535167
CTTNBP2NL	0.2275484091851342
CTU1	-0.17491318851594748
CTU2	-0.15553133660139637
CTXN1	0.051230404740008645
CTXN2	0.008408766409947302
CTXN3	0.12692290425295433
CUBN	0.008186156231538365
CUBNP1	0.04328152143324907
CUBNP2	-0.17199687453342313
CUBNP3	-0.16761247486244624
CUEDC1	-0.3972989422666626
CUEDC2	0.04321006322447568
CUL1	0.2594363807822019
CUL2	0.18430731050029908
CUL3	0.06399351700450806
CUL4A	0.023730575822592182
CUL4AP1	0.060698890622402704
CUL4B	0.11202702574765108
CUL5	0.30444148817230327
CUL7	0.17002216801828518
CUL9	0.14780384950911518
CUTA	-0.2183735786962821
CUTC	0.1246339760703652
CUX1	0.18287450244794054
CUX2	0.020615508204575656
CUX2P1	-0.08195546498964755
CUZD1	0.08005847760488885
CWC15	-0.05737682282674246
CWC22	0.37650498092645335
CWC25	0.153590714261817
CWC27	-0.024424277172078047
CWF19L1	0.26683600559462317
CWF19L2	0.1540370197109873
CWH43	-0.0970783574654868
CX3CL1	0.23846272635895585
CX3CR1	0.14830465788928934
CXADR	-0.15386055337015922
CXADRP1	0.12735605742248218
CXADRP2	-0.11231401150938954
CXADRP3	0.048956501401397574
CXCL1	0.15854976741119486
CXCL10	0.09738562952641588
CXCL11	0.1600986944365402
CXCL12	-0.17258076099202932
CXCL13	0.2392936314127365
CXCL14	-0.2608868059519666
CXCL16	0.06538431291515955
CXCL17	-0.22750917272310278
CXCL1P	-0.07305524760274948
CXCL2	0.2456597696379708
CXCL3	0.1959477191181792
CXCL5	0.18659309654110828
CXCL6	0.20920515241876322
CXCL9	0.12459225791350102
CXCR1	0.10596526135002059
CXCR2	0.10719246437588005
CXCR2P1	0.10628090930420411
CXCR3	0.034698392042405726
CXCR4	0.10104781979051237
CXCR5	0.28143594671147126
CXCR6	0.06389580053063088
CXXC1	-0.19195447229871862
CXXC11	0.10494221505817357
CXXC1P1	0.20183122587915245
CXXC4	0.10317507679425975
CXXC5	-0.07516932511050257
CXorf21	0.19070984518066034
CXorf22	0.10990189261070978
CXorf23	-0.042370542904244704
CXorf24	0.008795925184410625
CXorf27	-0.26778993853244276
CXorf28	-0.324161760722633
CXorf30	0.14824687467841727
CXorf31	0.3394595010940678
CXorf36	0.1721281996767424
CXorf38	0.3524515628973116
CXorf40A	-0.25639997931954867
CXorf40B	-0.09412534090676418
CXorf48	0.06204864090697144
CXorf49	0.10837781426004942
CXorf49B	-0.029087757956112365
CXorf51A	-0.014369055886791738
CXorf51B	0.382135059636399
CXorf56	-0.07421106528074582
CXorf57	0.19179712035435162
CXorf58	-0.04625270613300849
CXorf61	-0.24235073358532797
CXorf64	-0.02085084188030667
CXorf65	-0.014264469563296042
CXorf66	-0.05297423705678533
CXorf67	0.2340257839562913
CYB561	0.06974891164200148
CYB561A3	0.09137920262222447
CYB561D1	0.2829383344829715
CYB561D2	-0.023927471780993262
CYB5A	-0.13516705298522447
CYB5AP5	0.020677228519216523
CYB5B	-0.07740829484062502
CYB5D1	-0.18087842802051038
CYB5D2	-0.20740700182028524
CYB5P4	-0.18518897888036132
CYB5R1	0.061430261409937334
CYB5R2	-0.11715365414402559
CYB5R3	-0.12386149479333865
CYB5R4	0.005855924825760846
CYB5RL	0.12293664551360792
CYBA	0.15801710209531883
CYBB	0.15386937278149018
CYBRD1	0.047717379487994246
CYC1	-0.2883096156494594
CYCS	-0.2131826337240358
CYCSP10	0.13539417460986775
CYCSP12	-0.0634142666181711
CYCSP2	0.25936017495561503
CYCSP25	-0.17428151389708865
CYCSP26	-0.2842527928530328
CYCSP29	0.1592843706517141
CYCSP30	-0.18623046484940525
CYCSP32	-0.10851089834428052
CYCSP33	-0.08172497223415598
CYCSP34	0.029243269033262367
CYCSP35	-0.09743980532758886
CYCSP39	-0.29879694006625984
CYCSP40	-0.2417694393107439
CYCSP41	-0.020571829448897235
CYCSP42	
CYCSP46	0.026868823361781882
CYCSP48	-0.10671645213603662
CYCSP49	-0.1022645360813947
CYCSP52	0.09929633304888784
CYCSP55	-0.3346159447880453
CYCTP	0.27650031901163835
CYFIP1	-0.05037109202554999
CYFIP2	0.29621433406431114
CYGB	-0.22061799300458848
CYHR1	-0.0943946944567254
CYLC1	-0.16508159765439456
CYLC2	0.059672934988062136
CYLD	0.3318454953596694
CYMP	-0.025488140409897206
CYP11A1	-0.09277210919923864
CYP11B1	-0.23160739176862274
CYP11B2	0.2372328391996639
CYP17A1	-0.13831715254273236
CYP17A1-AS1	-0.3725574948970905
CYP19A1	0.13621523335409957
CYP1A1	-0.07642127303778609
CYP1A2	-0.0052934234249269055
CYP1B1	0.2059188924191343
CYP1B1-AS1	-0.24084826735949302
CYP1D1P	-0.1553343578165473
CYP20A1	0.3703142445590518
CYP21A1P	0.1221517936579721
CYP21A2	0.007481954947973236
CYP24A1	0.040944571654930505
CYP26A1	-0.08108416517096594
CYP26B1	0.013867431669492378
CYP26C1	-0.2648495149908497
CYP27A1	-0.1571696382936406
CYP27B1	0.22657473391021515
CYP27C1	-0.018160744559073662
CYP2A13	-0.1614022023770727
CYP2A6	0.031159425449006
CYP2A7	-0.05612524425739642
CYP2A7P1	-0.04695430268892378
CYP2AB1P	0.010758511513344046
CYP2AC1P	-0.16631244129127198
CYP2B6	-0.127672079649618
CYP2B7P1	-0.24807896903203305
CYP2C18	-0.1458458413372098
CYP2C19	0.026397033497805242
CYP2C56P	0.0325503378126686
CYP2C58P	-0.06667766074630105
CYP2C59P	
CYP2C60P	0.023671097231744157
CYP2C61P	-0.04393865143812509
CYP2C8	-0.11805662323565673
CYP2C9	-0.17541350879697495
CYP2D6	-0.22570339303850473
CYP2D7P1	-0.09270682143875802
CYP2D8P1	-0.12441917241260926
CYP2E1	-0.14204841919492564
CYP2F1	0.0342678949181277
CYP2F1P	-0.10101564594099574
CYP2G1P	-0.12868932470318936
CYP2G2P	0.24879292550678417
CYP2J2	-0.1585157681299418
CYP2R1	-0.30073994134312054
CYP2S1	-0.31141636215307217
CYP2T2P	0.0047210699634724455
CYP2T3P	0.049825571474984495
CYP2U1	0.010877380992594601
CYP2W1	-0.1503925743238869
CYP39A1	0.099800693300893
CYP3A4	-0.21731203839843927
CYP3A43	-0.25213523842837376
CYP3A5	-0.0637867886596752
CYP3A7	-0.09858947058081582
CYP46A1	0.08984522428744754
CYP46A4P	0.07625774791817298
CYP4A11	-0.10041755940183662
CYP4A22	0.018652036272964214
CYP4A22-AS1	-0.23603160306112744
CYP4B1	-0.16171536130662925
CYP4F10P	-0.03241003876731775
CYP4F11	-0.06407344189854598
CYP4F12	-0.28226542391874787
CYP4F2	-0.10626398200565174
CYP4F22	-0.11014491104223809
CYP4F23P	-0.07442894038345509
CYP4F24P	-0.326811205755862
CYP4F25P	0.049782769598209146
CYP4F27P	0.16856020591942544
CYP4F29P	-0.09903687008004036
CYP4F3	-0.025990206635898277
CYP4F30P	0.2210348299449712
CYP4F31P	0.16594238993924773
CYP4F32P	0.05896365712910157
CYP4F34P	-0.10706568992799109
CYP4F35P	-0.013766350475611496
CYP4F36P	-0.24116778878542294
CYP4F43P	-0.14578605822064042
CYP4F44P	-0.22590992991544606
CYP4F59P	-0.07414314691512879
CYP4F60P	-0.250529359515829
CYP4F61P	0.2515999808451498
CYP4F8	-0.2165148139633738
CYP4V2	0.15466596403858263
CYP4X1	0.14131111973056906
CYP4Z1	0.08792309267516046
CYP4Z2P	-0.277125413347687
CYP51A1	0.06861395535340871
CYP51P1	-0.059565812000604776
CYP51P2	0.1824818486988352
CYP51P3	0.25258283838140966
CYP7A1	0.30288269195200024
CYP7B1	0.2699014845920805
CYP8B1	0.01867243714294401
CYR61	-0.057466667311068705
CYS1	-0.37860573507639494
CYSLTR1	0.22595244257477712
CYSLTR2	0.24917109469009266
CYSTM1	-0.23486938441733235
CYTH1	0.22774540199805032
CYTH2	-0.015051456412132921
CYTH3	-0.10821970666661061
CYTH4	0.19855042231594977
CYTIP	0.19537684544049672
CYTL1	-0.2581415402683627
CYYR1	0.013207646146741811
CYorf17	-0.026254850304115847
D2HGDH	-0.2574632847042034
DAAM1	0.15279657252863263
DAAM2	-0.2381261232640451
DAB1	0.01189800634125247
DAB2	-0.12054823457918917
DAB2IP	-0.24099957595535987
DACH1	-0.06429768875919646
DACH2	0.02396699575078654
DACT1	-0.1815347421155457
DACT2	-0.2175467966907832
DACT3	-0.21045354424686058
DACT3-AS1	0.03511927881809294
DAD1	-0.12172412304952267
DAG1	0.005665857662404501
DAGLA	0.012899286936290156
DAGLB	0.0776722490312075
DAK	-0.0701845434258704
DALRD3	-0.15695669942197557
DANCR	-0.302046071917106
DAND5	-0.3108095421589567
DAO	0.09242371608566688
DAOA	0.07771678759132407
DAOA-AS1	-0.2858987877021595
DAP	0.06410642268434767
DAP3	-0.1291112253192966
DAP3P1	-0.015295063222519322
DAP3P2	-0.12366442437675429
DAPK1	0.028543171557659657
DAPK1-IT1	-0.2818129032381233
DAPK2	-0.17433440192116267
DAPK3	0.15195876241837172
DAPL1	-0.1255696456311928
DAPP1	0.2835126658971369
DARC	0.23923420326757358
DARS	-0.014559202648073344
DARS2	0.0728413079846225
DAW1	0.09795842021791412
DAXX	0.2135690557920228
DAZ1	
DAZ2	0.1350346654571845
DAZ3	
DAZ4	
DAZAP1	-0.14578531341674286
DAZAP2	-0.20433360448548085
DAZAP2P1	-0.3759536964439116
DAZL	-0.0881425023256576
DBF4	-0.0008902821733279501
DBF4B	-0.006001129213375785
DBF4P1	0.3058828751198501
DBH	0.17018048084881188
DBH-AS1	0.13801491505916522
DBI	-0.24512690200933154
DBIL5P	-0.25552184839841563
DBIL5P2	0.1992140168514294
DBIP1	-0.29129705689316626
DBIP2	0.03886786997010044
DBN1	0.000812899799620466
DBNDD1	0.2267500089482209
DBNDD2	-0.18186068466375974
DBNL	0.13323381431024658
DBP	-0.0717084102332312
DBR1	0.07647015222199055
DBT	0.15148794430527604
DBX1	-0.20403978117979601
DBX2	-0.07886876376307064
DCAF10	0.30834274781301846
DCAF11	-0.11798379793462742
DCAF12	0.0008549806451223906
DCAF12L1	-0.21943027955409894
DCAF12L2	0.01726139441292756
DCAF13	-0.06084168557087664
DCAF13P1	-0.16192729016393984
DCAF13P2	-0.40297982801019117
DCAF13P3	0.11357012077788463
DCAF15	-0.09099238212125604
DCAF16	0.018947731229263447
DCAF17	0.12677581052747564
DCAF4	-0.03449726930111394
DCAF4L1	0.10115909228706652
DCAF4L2	0.09865064001235876
DCAF5	0.2301019442059172
DCAF6	-0.23534253597957655
DCAF7	0.21168905670276525
DCAF8	-0.061668081606874814
DCAF8L1	-0.11741346813448825
DCAF8L2	-0.10361432506975461
DCAKD	-0.27730200927231413
DCBLD1	0.2234119102338562
DCBLD2	0.05666090557679037
DCC	0.13498921564158084
DCD	-0.08965783014451201
DCDC1	-0.08767866905141025
DCDC2	-0.09108140684848856
DCDC2B	0.11111254928187551
DCDC2C	0.034686207804479556
DCHS1	0.19652708539138541
DCHS2	-0.07529492187879332
DCK	0.11233530513226743
DCLK1	-0.14865422664988343
DCLK2	-0.047431487881387915
DCLK3	0.23678644333525975
DCLRE1A	0.14178022025358167
DCLRE1B	-0.08328359536670747
DCLRE1C	0.2594063961354686
DCLRE1CP1	0.15859828806369777
DCN	-0.023409363002942846
DCP1A	0.3944266553098878
DCP1B	0.09056180834648632
DCP2	0.2715382166665228
DCPS	0.005721799207795642
DCST1	-0.14634851263104137
DCST2	-0.3027457529046778
DCSTAMP	0.299332055421759
DCT	-0.1745832217718445
DCTD	0.030288178161447625
DCTN1	0.25093381951863747
DCTN1-AS1	-0.10560872073733882
DCTN2	-0.3245968220229849
DCTN3	-0.29746403732440563
DCTN4	0.10471308741809258
DCTN5	0.05616689964740727
DCTN6	-0.2458911485556045
DCTPP1	-0.15709299428027745
DCUN1D1	0.3403368477848597
DCUN1D2	-0.08898003618965358
DCUN1D2-AS	0.26480475073664084
DCUN1D3	0.21604834712592483
DCUN1D4	0.04633990402181506
DCUN1D5	0.2103375708356699
DCX	-0.24875159117367546
DCXR	-0.0473870357877751
DDA1	-0.1102227654689831
DDAH1	-0.23150463839955826
DDAH2	-0.2984682448784696
DDB1	0.10746401921851163
DDB2	-0.2312506554237642
DDC	-0.10625300166963529
DDC8	0.06800664615717748
DDHD1	0.24376401981865256
DDHD2	-0.09230351046184061
DDI1	-0.050910749634175294
DDI2	0.33460153350226834
DDIT3	-0.0519392441819001
DDIT4	-0.040064761061290755
DDIT4L	-0.03823612624603532
DDN	0.17603851719774327
DDO	-0.11409989181626443
DDOST	-0.2546777112271524
DDR1	-0.09114743031248011
DDR1-AS1	-0.09209629567313053
DDR2	0.19008422137494696
DDRGK1	-0.21922177903897622
DDT	-0.21870869004783988
DDTL	-0.1604355275833344
DDTP1	0.10726337432445546
DDX1	-0.08456303780516314
DDX10	-0.0011121915102630718
DDX10P1	0.20643358945993245
DDX10P2	0.3307677705641648
DDX11	-0.27095829156992307
DDX11-AS1	-0.06741346529874628
DDX11L1	-0.2073592550240212
DDX11L10	-0.03221935557012498
DDX11L16	-0.11939610885141691
DDX11L2	-0.03306422920608363
DDX11L5	0.16080921792020458
DDX11L8	-0.034114663539232454
DDX11L9	0.1463523953569671
DDX12P	-0.02023745157913514
DDX17	0.2586907870959502
DDX18	0.1412613232459377
DDX18P1	0.12446291081666602
DDX18P5	0.003830906394115498
DDX18P6	-0.19245512708132326
DDX19A	0.17630455318196667
DDX19B	-0.18167505932344147
DDX20	0.16717844495453263
DDX21	0.2595739053245055
DDX23	0.2362317423851426
DDX24	0.08363848697160789
DDX25	0.04377623900413017
DDX26B	-0.013319274079199514
DDX26B-AS1	0.2459766548777875
DDX27	-0.011373633642510407
DDX28	0.0977925262714024
DDX31	0.13451075519971706
DDX39A	-0.008139164696265943
DDX39AP1	0.0690231409874725
DDX39B	-0.04665085931097972
DDX39B-AS1	0.24742052314828228
DDX39BP1	-0.05969092654187518
DDX39BP2	-0.06355843690820047
DDX3X	0.2587695811829402
DDX3Y	0.007987175514788671
DDX3YP1	0.1564595443885817
DDX3YP2	-0.06904148604192126
DDX3YP3	-0.048825841545133156
DDX4	0.09108324259846766
DDX41	-0.248492881695627
DDX42	0.09283344433501205
DDX43	0.246667152091767
DDX46	0.2537062275581313
DDX47	0.06732985435126625
DDX49	-0.21419786491097573
DDX5	0.1623283844425555
DDX50	0.13889158093430173
DDX50P1	0.1706714423706969
DDX50P2	-0.07095003831124509
DDX51	-0.07712171019769334
DDX52	0.27344485135805086
DDX53	-0.12315038591572662
DDX54	-0.011113617837429157
DDX55	0.0012266285905612481
DDX56	-0.11852038208543977
DDX58	0.20669367585002352
DDX59	0.25231761063109837
DDX6	0.36567568517638355
DDX60	0.026764024793920656
DDX60L	0.1684444171000432
DDX6P1	0.07652765213636725
DDX6P2	0.2143647913235398
DEAF1	-0.12860528232246105
DEC1	-0.08665758675725152
DECR1	-0.1949284464437582
DECR2	-0.25120988378735765
DEDD	-0.21627517803274332
DEDD2	-0.14304354423310178
DEF6	0.20584040422461464
DEF8	0.2139974693622415
DEFA1	0.04320248830657112
DEFA10P	-0.059857873947867776
DEFA11P	-0.06485674373342257
DEFA1B	
DEFA3	-0.03952161103568451
DEFA4	0.40960340515643734
DEFA5	-0.09977779624428815
DEFA6	-0.10114010510715918
DEFA7P	0.06186008289762535
DEFA8P	0.03092491042404009
DEFA9P	-0.059339073703931364
DEFB1	-0.02824513525211834
DEFB103A	-0.1340953393991187
DEFB103B	0.017649229380971045
DEFB104A	-0.23344911859497566
DEFB104B	0.035899393991165346
DEFB105A	
DEFB105B	-0.1475939828417878
DEFB106A	
DEFB106B	
DEFB107A	
DEFB107B	
DEFB108B	-0.17293915889235056
DEFB108P1	
DEFB108P2	
DEFB108P3	-0.008967050010602105
DEFB108P4	
DEFB109	
DEFB109P1	0.25342417441714943
DEFB109P1B	
DEFB109P3	0.2568636585146012
DEFB110	-0.1475939828417878
DEFB112	0.017649229380971045
DEFB113	
DEFB114	-0.277378425009519
DEFB115	-0.1469750050642281
DEFB116	-0.08764712668088462
DEFB117	-0.23344911859497566
DEFB118	0.09129280636655475
DEFB119	-0.1787997907982976
DEFB121	0.279253956685984
DEFB122	-0.1475939828417878
DEFB123	-0.12913790227528038
DEFB124	0.11684007374806932
DEFB125	0.11247260877697918
DEFB126	-0.09207671009677151
DEFB127	
DEFB128	0.21317294273261217
DEFB129	0.025046814252562843
DEFB130	
DEFB131	-0.1026145160946932
DEFB132	-0.039797090457011026
DEFB133	-0.07243224673845453
DEFB134	-0.2869671463058041
DEFB135	
DEFB136	-0.17629616398763542
DEFB4A	-0.03940575113092861
DEFB4B	-0.16143033790225597
DEFT1P	
DEFT1P2	
DEGS1	0.14327042862067782
DEGS2	-0.09484868580264737
DEK	-0.021236424367053145
DENND1A	-0.031753687850210446
DENND1B	0.13900720631980748
DENND1C	0.19149046237988385
DENND2A	-0.18395461438413924
DENND2C	-0.036378397566837674
DENND2D	0.2697566354055277
DENND3	0.2694798025172475
DENND4A	0.31742103201983124
DENND4B	0.13235474628116586
DENND4C	0.10599395339350638
DENND5A	0.2042453285991493
DENND5B	0.2082675256457788
DENND5B-AS1	0.17232592012340986
DENND6A	0.09793535872884883
DENND6B	-0.21240006874121556
DENR	0.34905952153386327
DEPDC1	-0.10384774057440123
DEPDC1B	-0.2946348024004144
DEPDC4	-0.09894581089022833
DEPDC5	-0.02507739910041906
DEPDC7	-0.10742452046657765
DEPTOR	-0.18571717174791066
DERA	-0.18614934409895625
DERL1	0.13873736009904686
DERL2	0.1824699812434114
DERL3	0.014701217700186587
DES	-0.29611317082012667
DESI1	0.05712647602103837
DESI2	0.020899111479846702
DET1	-0.1603682905382084
DEXI	-0.3401174623918785
DFFA	0.18165007087106352
DFFB	-0.22661742972696017
DFNA5	-0.044764663540750864
DFNB31	-0.08103550055420604
DFNB59	-0.1197144824897356
DGAT1	-0.1725592330771813
DGAT2	-0.12098800033386388
DGAT2L6	0.20226897125189708
DGAT2L7P	-0.2674390604056735
DGCR10	-0.05148304677897084
DGCR11	0.10527383079443768
DGCR14	0.0834969815119247
DGCR2	-0.10079948488783697
DGCR5	0.0006043959901064166
DGCR6	-0.1401081171118657
DGCR6L	0.0005955496058100157
DGCR8	-0.2779012274840432
DGCR9	0.18756047027738024
DGKA	0.015563555693549813
DGKB	-0.03080896901750439
DGKD	0.03713228942303794
DGKE	0.21643177410174252
DGKG	0.2696705062237504
DGKH	0.14823079754235022
DGKI	-0.06274032831860689
DGKK	0.12402170674053391
DGKQ	-0.12427631842561414
DGKZ	-0.07006229370308535
DGKZP1	0.3112245208084428
DGUOK	-0.12914770445209175
DGUOK-AS1	-0.28064867897446905
DHCR24	0.02108908030180082
DHCR7	-0.002089351887896153
DHDDS	-0.07900235956954814
DHDH	-0.09898513695630928
DHFR	-0.171934818528952
DHFRL1	0.1851426357157502
DHFRP1	0.23421921335856893
DHFRP2	0.3045527576831511
DHH	0.20648561203395435
DHODH	-0.2700423653119984
DHPS	-0.0483354860945353
DHRS1	-0.367118332490714
DHRS11	-0.24717648232073292
DHRS12	-0.10499019018256989
DHRS13	0.1284224342064624
DHRS2	-0.03844798202397798
DHRS3	-0.20398275591899506
DHRS4	-0.18264136968684377
DHRS4-AS1	-0.11705989350125863
DHRS4L2	-0.2173785450664754
DHRS7	-0.04059253864284861
DHRS7B	-0.42505704290034757
DHRS7C	-0.3226773831398901
DHRS9	0.09251855822241302
DHRSX	-0.0036361936491885877
DHRSX-IT1	-0.014778094836983223
DHTKD1	0.07831587390518036
DHX15	0.133265374016717
DHX16	-0.1413816830488777
DHX29	0.2581061774498837
DHX30	0.04131598145367021
DHX32	-0.06552330812854693
DHX33	0.21011909889477476
DHX34	0.2466160751346746
DHX35	-0.12846629932806752
DHX36	0.3110238356601261
DHX37	0.14708342470749758
DHX38	-0.04650294534500181
DHX40	0.09817764725654325
DHX40P1	-0.09921624490081983
DHX57	0.16947317335071813
DHX58	-0.02415427906671988
DHX8	0.34740832295918367
DHX9	0.2613230813404935
DHX9P1	-0.2588864152270768
DIABLO	-0.06799315267403351
DIAPH1	0.2109391342850957
DIAPH2	0.21039883408249585
DIAPH2-AS1	0.0690361243895213
DIAPH3	-0.0899736932196191
DIAPH3-AS1	-0.03393763381096674
DIAPH3-AS2	-0.008967050010602105
DICER1	0.3388403646844784
DICER1-AS1	-0.1996542679811508
DIDO1	0.2692086440240215
DIEXF	0.23613529261625693
DIMT1	0.09181044233910297
DIO1	-0.01842493607261518
DIO2	0.04562318052303921
DIO2-AS1	0.3207721273095536
DIO3	-0.19606969443912864
DIO3OS	-0.32982434841923375
DIP2A	0.17362181992580927
DIP2A-IT1	-0.0551981975032453
DIP2B	0.3391850720776475
DIP2C	0.0908406181191718
DIRAS1	-0.22638644238543904
DIRAS2	-0.19589666826639124
DIRAS3	0.015393934509741806
DIRC1	0.11627886017339141
DIRC2	-0.008973685780867663
DIRC3	0.1972324547257798
DIS3	0.34457868707932415
DIS3L	-0.11733095087299387
DIS3L2	0.17854823238319809
DIS3L2P1	0.2431794961580265
DISC1	0.175145071593984
DISC1-IT1	0.028428214615989034
DISC1FP1	-0.012679752947381918
DISP1	0.0032774445477095834
DISP2	-0.27223568915993424
DIXDC1	-0.01289200089527934
DKC1	0.003697391802384855
DKFZP434A062	0.0937666161298928
DKK1	0.07957611878212353
DKK2	0.27487922035024653
DKK3	0.019938294559801693
DKK4	0.023041172680358827
DKKL1	0.0449550515918831
DKKL1P1	-0.038684826110553176
DLAT	-0.1251934913936623
DLC1	0.38900142726721476
DLD	-0.07471761076693671
DLEC1	-0.28606753132177015
DLEC1P1	0.17270831800668204
DLEU1	-0.26161133500927175
DLEU2	0.05073450223190311
DLEU2L	0.21472300510056036
DLEU7	-0.0013329913526852772
DLEU7-AS1	-0.18799470063623955
DLG1	0.19410724564606874
DLG1-AS1	0.022265364151526752
DLG2	-0.002865401722922358
DLG3	-0.07604343115855045
DLG3-AS1	-0.1624234494969915
DLG4	0.22959205387214024
DLG5	0.07577192687465316
DLG5-AS1	-0.07562857318593919
DLGAP1	0.09523089019631807
DLGAP1-AS1	0.19917851837036907
DLGAP1-AS2	-0.20479888621854966
DLGAP1-AS3	0.03329616656092373
DLGAP1-AS4	-0.13741566533593563
DLGAP1-AS5	0.19603777947460488
DLGAP2	0.04926187281451651
DLGAP3	0.3286933560834816
DLGAP4	0.14168669745204096
DLGAP5	-0.08947708026614577
DLGAP5P1	
DLK1	0.09588989895698516
DLK2	0.23241566999340776
DLL1	0.13262518589194672
DLL3	0.20941627638848076
DLL4	0.3253504349030691
DLST	-0.2639483057246157
DLX1	-0.01905152799463033
DLX2	-0.24291932481156708
DLX3	-0.21911007194650484
DLX4	0.2299582893644094
DLX5	0.05659700711292189
DLX6	-0.09920672207187413
DLX6-AS1	0.07813223160221118
DMAP1	-0.1684472061132044
DMBT1	-0.0816353887507773
DMBX1	-0.0663604710891959
DMC1	-0.2038377529355921
DMD	0.011817568587169062
DMD-AS3	-0.005624354190250816
DMGDH	-0.13937571270741403
DMKN	-0.14019581495239755
DMP1	-0.08578321939064257
DMPK	-0.11926016350042988
DMRT1	0.19230267463019307
DMRT2	-0.2096389300833539
DMRT3	0.03986232599736959
DMRTA1	0.13512545422021102
DMRTA2	0.10136066966977503
DMRTB1	0.01872335296080099
DMRTC1	-0.11797091363632806
DMRTC1B	-0.14875775341072678
DMRTC2	-0.08044838354338878
DMTF1	0.0627195660814675
DMTN	-0.1264013617152287
DMWD	0.20405199380949662
DMXL1	0.3035338541742971
DMXL2	0.1544751327265141
DNA2	-0.04599588125605728
DNAAF1	0.018973465461974887
DNAAF2	-0.07157371324603873
DNAAF3	-0.08075460946009465
DNAH1	0.07795622516244183
DNAH10	-0.0443485826793082
DNAH10OS	0.17384806875190992
DNAH11	0.2697302875336694
DNAH12	-0.08822161571359181
DNAH14	-0.13359461674124765
DNAH17	-0.09130941368650637
DNAH17-AS1	-0.030786606404291414
DNAH2	-0.0774265685238893
DNAH3	-0.004681632476010375
DNAH5	0.12983354866908817
DNAH6	-0.1048737278466765
DNAH7	0.017309014347668038
DNAH8	0.25924161985499183
DNAH9	0.230237776611053
DNAI1	-0.2718296628311269
DNAI2	-0.1944995212710826
DNAJA1	0.15797579456829458
DNAJA1P1	0.11578800387307843
DNAJA1P2	-0.17804745705127953
DNAJA1P3	-0.23186757876505057
DNAJA1P4	-0.13510648349186843
DNAJA1P5	0.05312050632680886
DNAJA1P6	0.024484654905999187
DNAJA2	0.022964742275561927
DNAJA3	-0.2656127038568285
DNAJA4	-0.2031215676077052
DNAJB1	-0.1563477986630539
DNAJB11	-0.011687524295193806
DNAJB12	-0.07167830009497754
DNAJB13	-0.23238532889569152
DNAJB14	0.28212214765860266
DNAJB1P1	-0.29947025622249335
DNAJB2	-0.24276635565205248
DNAJB3	0.07702823282930966
DNAJB4	-0.030624928590117
DNAJB5	-0.1251329516372882
DNAJB6	-0.0010720720982358876
DNAJB7	-0.19549392181095535
DNAJB8	0.08790157508871473
DNAJB8-AS1	-0.1643742270448106
DNAJB9	0.16467974257823267
DNAJC1	0.08861443506143818
DNAJC10	0.18477898823385006
DNAJC11	-0.07415659763075681
DNAJC12	-0.04025880998317088
DNAJC13	0.1949768717998462
DNAJC14	0.14836050788344848
DNAJC15	-0.09234605365272938
DNAJC16	0.3639321442627778
DNAJC17	-0.24540509875842376
DNAJC18	0.13618681962785809
DNAJC19	-0.19323864719780043
DNAJC19P1	-0.1770782674100896
DNAJC19P2	-0.06926187737282719
DNAJC19P3	-0.1956331661462662
DNAJC19P4	
DNAJC19P5	0.11914599195199203
DNAJC19P6	-0.040854298938896805
DNAJC19P7	
DNAJC19P8	
DNAJC19P9	-0.2139112358019033
DNAJC2	-0.11984476059886118
DNAJC21	0.32142981876604887
DNAJC22	-0.03731552552471781
DNAJC24	0.07778392430382218
DNAJC25	-0.24701089670990856
DNAJC25-GNG10	
DNAJC27	0.08312476239710513
DNAJC27-AS1	-0.2782950125683725
DNAJC28	0.002581017601485684
DNAJC3	0.2327000722735755
DNAJC3-AS1	-0.08623391952832016
DNAJC30	-0.08169400784696794
DNAJC4	-0.2989733789505311
DNAJC5	0.09195965071289182
DNAJC5B	0.19282731444053852
DNAJC5G	0.12040492574294982
DNAJC6	0.20138358548237228
DNAJC7	-0.09537342438997033
DNAJC8	0.019808151601516784
DNAJC8P1	-0.21698320539990923
DNAJC9	-0.18571918867748619
DNAJC9-AS1	-0.2639037694800835
DNAL1	0.16194238557359744
DNAL4	-0.28305616453702054
DNALI1	0.03975953230594461
DNASE1	-0.04144424218170328
DNASE1L1	-0.1642492275151602
DNASE1L2	-0.10849893925747658
DNASE1L3	0.015543908763591328
DNASE2	0.11817460499751115
DNASE2B	-0.02370212562747762
DND1	-0.37757310729814475
DND1P1	0.05431873551060989
DNER	0.2528721766707168
DNHD1	0.03932669721543221
DNLZ	0.08218637244577566
DNM1	0.11377894242215861
DNM1L	0.10508128104057946
DNM1P17	0.1801180151352695
DNM1P24	
DNM1P28	-0.2418436425094611
DNM1P30	-0.1475939828417878
DNM1P31	-0.029060876358597484
DNM1P32	0.2133350300424457
DNM1P33	0.15302061999284577
DNM1P34	-0.11766209141850814
DNM1P35	0.2217172032407982
DNM1P38	-0.18623046484940525
DNM1P42	0.279253956685984
DNM1P46	0.2938195491411317
DNM1P47	0.26623905797707526
DNM1P48	
DNM1P49	-0.05295278506701142
DNM1P50	-0.08084149905010055
DNM1P51	0.28676419656313806
DNM2	-0.10928676878458708
DNM3	0.18282040637168545
DNM3-IT1	0.16468206169812022
DNM3OS	-0.12486876987098056
DNMBP	0.0012540249593825975
DNMBP-AS1	-0.011115678587545029
DNMT1	0.11192682556187643
DNMT3A	0.2728390780727731
DNMT3B	-0.23915040737302878
DNMT3L	-0.1800359280595981
DNPEP	-0.20171620997774187
DNPH1	-0.1664159963458182
DNTT	0.11456800575129597
DNTTIP1	-0.05425250545792519
DNTTIP2	0.275290988504907
DOC2A	-0.09183062358520926
DOC2B	0.15171045167076302
DOC2GP	-0.18041283354125645
DOCK1	0.07640620388652836
DOCK10	0.2475383087864516
DOCK11	0.2822619212196838
DOCK2	0.2717535511983281
DOCK3	0.16708183763795903
DOCK4	0.23080811353325326
DOCK4-AS1	-0.23513446882998498
DOCK5	0.15006899664812873
DOCK6	-0.07327720592185935
DOCK7	0.15880693880435376
DOCK8	0.3133635207374395
DOCK9	0.34325152782840324
DOCK9-AS1	-0.06630359963158636
DOCK9-AS2	-0.041727871496758405
DOHH	-0.027493738303587943
DOK1	0.06696027556967264
DOK2	0.07547416437097823
DOK3	0.24318121800321696
DOK4	-0.15660556687385727
DOK5	0.2190832861594619
DOK6	-0.06840002654286671
DOK7	0.2535793989237505
DOLK	0.10790317353650394
DOLPP1	-0.1743388269978047
DONSON	-0.07468559087316134
DOPEY1	0.21865383257037702
DOPEY2	0.08217063796892658
DOT1L	0.06896264209207711
DPAGT1	-0.1568771254038366
DPCD	-0.14749450338212244
DPCR1	-0.3042572885602928
DPEP1	-0.09662989255459382
DPEP2	0.16617054374789061
DPEP3	0.34349711252609655
DPF1	-0.1836557868401472
DPF2	0.09703397110747854
DPF3	-0.09737819016384465
DPH1	-0.09365292274074917
DPH2	-0.17746790773157192
DPH3	0.18272247540255954
DPH3P1	-0.19794811496501638
DPH3P2	-0.25638157365369046
DPH5	-0.15119801803209942
DPH6	-0.39511084488854337
DPH6-AS1	0.002794560333433257
DPH7	-0.0686505083905855
DPM1	-0.12735033118178607
DPM2	-0.0961551621966184
DPM3	-0.020432986423188006
DPP10	-0.228799441024376
DPP3	0.04217284065207016
DPP4	-0.041445063043569104
DPP6	0.06781563356028814
DPP7	0.018800522659917107
DPP8	0.23228918663375603
DPP9	0.14769227192492856
DPPA2	0.0008345603609952108
DPPA2P1	0.027431154431123667
DPPA2P2	-0.0604323052361645
DPPA2P3	0.14191480342403098
DPPA2P4	-0.09708333410521983
DPPA3	-0.20503546728767225
DPPA3P1	-0.15637146912941455
DPPA3P2	0.056043601931444025
DPPA3P3	0.279253956685984
DPPA4	0.26555583500362284
DPPA5	-0.16550030381267786
DPPA5P1	-0.005624354190250816
DPPA5P2	0.12187920077500247
DPRX	0.08183145287466613
DPRXP1	0.10956592157735004
DPRXP2	-0.042217351695015996
DPRXP4	-0.003894168637119085
DPRXP5	-0.03624281340314599
DPRXP6	-0.10015875679927772
DPRXP7	0.2468625592929498
DPT	0.0679563499255324
DPY19L1	0.26898212697413065
DPY19L1P1	-0.09100631677919911
DPY19L1P2	0.3512034430371309
DPY19L2	-0.16747498490709678
DPY19L2P1	-0.11661909929059876
DPY19L2P2	0.15200238533880647
DPY19L2P4	0.03421816489341466
DPY19L3	0.19007996415603015
DPY19L4	0.10027331222270008
DPY30	-0.12788662816432175
DPYD	0.26741005601669693
DPYD-AS1	-0.03325912453167606
DPYD-AS2	0.31122303797490247
DPYD-IT1	-0.04424115953191309
DPYS	0.1457770015966609
DPYSL2	0.13163044377584396
DPYSL3	0.12965020528518295
DPYSL4	0.02223553025873809
DPYSL5	0.13783870096846773
DQX1	-0.14808522574633076
DR1	0.10331446202583677
DRAM1	0.2669096580578661
DRAM2	0.13402131319077887
DRAP1	-0.169192416618605
DRAXIN	0.09642131818381534
DRAXINP1	-0.12056250046151
DRC1	0.17374290595473593
DRD1	-0.13528790793842618
DRD2	-0.3996202672257447
DRD3	0.04526975672099329
DRD4	0.002461530224184253
DRD5	-0.046754787113835315
DRD5P1	-0.2209756659452628
DRD5P2	-0.26014149102491557
DRG1	0.022689465025913392
DRG2	0.09955234380664324
DRGX	-0.2649677497642112
DROSHA	0.13106383451521403
DRP2	-0.26434193467716544
DSC1	0.12807351709357762
DSC2	-0.029545638278467113
DSC3	0.3398603128024522
DSCAM	-0.00645434638376626
DSCAM-AS1	0.022150305938976628
DSCAM-IT1	0.019418888597492204
DSCAML1	-0.15164283243583887
DSCC1	-0.16625673386412188
DSCR10	-0.009440347924295735
DSCR3	-0.11194144953667232
DSCR4	0.35403651391467933
DSCR4-IT1	0.02341415982719539
DSCR8	0.2214341439445667
DSCR9	0.22073747634778332
DSE	0.20283264186087133
DSEL	-0.002939959896096204
DSG1	-0.17085037431821598
DSG2	0.134688950837836
DSG3	0.18172978509083354
DSG4	0.04332840907664136
DSN1	-0.12701964843376776
DSP	0.13279001094881768
DSPP	-0.09634360281455129
DST	0.292076427442818
DSTN	-0.22289798673232006
DSTNP1	-0.3083440854604993
DSTNP2	-0.2431641266602524
DSTNP4	-0.3420096160809398
DSTNP5	-0.31135495213526787
DSTYK	0.2108484674836038
DTD1	-0.0288092962910309
DTD2	0.08296005010356179
DTHD1	0.3139936610461796
DTL	0.0019413152619632507
DTNA	-0.2179388904133283
DTNB	0.0357491542812169
DTNBP1	0.2887305981591562
DTWD1	0.08239288139236547
DTWD2	-0.007755542640474554
DTX1	0.27166779386945455
DTX2	0.09475319927196234
DTX2P1	0.048023938820298685
DTX2P1-UPK3BP1-PMS2P11	
DTX3	-0.027850711605214813
DTX3L	0.24297618442225338
DTX4	-0.03368314013601537
DTYMK	-0.1324352391512045
DUOX1	0.2637610228949808
DUOX2	0.1800177993687878
DUOXA1	0.23280789939056218
DUOXA2	0.21415499228091342
DUPD1	0.3090574781506914
DUS1L	-0.2807114603430103
DUS2	0.034576593546020815
DUS3L	0.13291585068443534
DUS4L	-0.16293432089737928
DUSP1	-0.01687373204411769
DUSP10	0.26061601329394624
DUSP11	0.21622633583004602
DUSP12	-0.1498614214055917
DUSP13	-0.048647921830080806
DUSP14	0.11503936692434859
DUSP15	-0.15630558043963866
DUSP16	0.16645980222716375
DUSP18	0.25945548124752243
DUSP19	-0.09753595788925395
DUSP2	0.06967454242231873
DUSP21	0.08727361631781641
DUSP22	0.24537453946779267
DUSP23	-0.07289621417525664
DUSP26	-0.1458310826467897
DUSP27	0.22754208386818073
DUSP28	-0.13525128075110024
DUSP3	0.19486889153601272
DUSP4	0.3924137054492823
DUSP5	0.0038439786195691955
DUSP5P1	-0.06447170408984604
DUSP5P2	-0.19035552193677624
DUSP6	0.17481995134273873
DUSP7	0.17272535953743517
DUSP8	0.03622772706654461
DUSP8P1	0.24400255347177052
DUSP8P2	-0.13812916543892925
DUSP8P3	-0.16182166100998105
DUSP8P4	0.12822859265789405
DUSP8P5	0.12781937419014586
DUSP9	-0.04964211015417808
DUT	-0.1226181871789644
DUTP1	0.0043681766201327564
DUTP2	-0.008967050010602105
DUTP3	-0.28272912508859827
DUTP4	-0.021716436539410834
DUTP5	-0.1720595129770146
DUTP6	-0.1272070062734208
DUTP7	-0.03325912453167606
DUTP8	-0.041285502512003885
DUX4	
DUX4L10	
DUX4L11	
DUX4L12	
DUX4L13	
DUX4L14	
DUX4L15	
DUX4L16	-0.12550427624354185
DUX4L17	0.19609914760647268
DUX4L18	-0.02060042425366547
DUX4L19	0.2062234499512344
DUX4L2	
DUX4L3	
DUX4L4	-0.13314241358557727
DUX4L5	
DUX4L6	
DUX4L7	
DUX4L8	-0.028034100142642758
DUX4L9	-0.27081871575261346
DUXA	-0.15483106926366566
DUXAP1	0.011266850998816023
DUXAP10	
DUXAP2	-0.022604991266534494
DUXAP3	0.04733591185749085
DUXAP4	-0.04669386528404431
DUXAP5	0.279253956685984
DUXAP6	-0.1435954416562552
DUXAP7	-0.08246611591025292
DUXAP8	
DVL1	-0.16981625030668587
DVL2	-0.16290192608217355
DVL3	-0.18774862266480027
DXO	-0.1731564949539468
DYDC1	0.2676909064676695
DYDC2	0.12254229436806811
DYM	0.024815599777001936
DYNAP	-0.06544388236658467
DYNC1H1	0.3866432807331526
DYNC1I1	-0.021276695310089685
DYNC1I2	-0.014841244757428885
DYNC1I2P1	-0.25104478469700475
DYNC1LI1	0.21587971269784242
DYNC1LI2	0.10749555919259172
DYNC2H1	0.14997214986806318
DYNC2LI1	-0.28328843053047176
DYNLL1	-0.14453203935194528
DYNLL1-AS1	0.22752122450797915
DYNLL1P1	-0.3228555263756551
DYNLL2	-0.24193972346022902
DYNLRB1	-0.2380138765145434
DYNLRB2	0.1400987589377908
DYNLT1	-0.1692105934287663
DYNLT3	0.07963299344264108
DYNLT3P1	-0.43126298638413924
DYNLT3P2	-0.04243685697739849
DYRK1A	0.2540237165114522
DYRK1B	-0.11848373130002988
DYRK2	0.3118110440328642
DYRK3	0.2548688568652705
DYRK4	-0.21925842245609675
DYSF	0.20325482932945124
DYTN	-0.15806309729148185
DYX1C1	-0.16375836860199514
DYX1C1-CCPG1	
DZANK1	-0.010263014582905027
DZIP1	0.13354936942789186
DZIP1L	-0.04915393988647347
DZIP3	0.21276601006288937
E2F1	-0.2009194821325188
E2F2	-0.047935667137789274
E2F3	0.2122235596137294
E2F3-IT1	-0.37339902669356695
E2F4	-0.0734945081379255
E2F4P1	-0.3246486360747115
E2F5	0.29117310360869086
E2F6	0.04078443866273301
E2F7	-0.027276894302409926
E2F8	-0.22747518322029286
E4F1	-0.030969021623732294
EAF1	0.3830944747471536
EAF1-AS1	0.02779011101582751
EAF2	0.16761091683389706
EAPP	-0.311930482959991
EARS2	-0.19014012059288662
EBAG9	-0.1578362350914436
EBAG9P1	-0.12060641239774594
EBF1	0.15192475701069444
EBF2	0.042942190623606886
EBF3	0.07589467206319915
EBF4	0.032114287015007216
EBI3	0.11474905447889608
EBLN1	0.19114189277961324
EBLN2	0.20101513176514302
EBNA1BP2	-0.15493866259743574
EBP	-0.3666406338726912
EBPL	-0.28377502547953953
ECD	0.2532502176383752
ECE1	0.23560128199178768
ECE2	-0.08081035334561555
ECEL1	0.03013677503701479
ECEL1P2	-0.1010544820673303
ECEL1P3	-0.05172059252392678
ECH1	-0.16007505086969273
ECHDC1	-0.28887255867491607
ECHDC2	-0.13815407278194167
ECHDC3	-0.26411536596716906
ECHS1	-0.1846000526089789
ECI1	-0.14575929532934895
ECI2	-0.25103199529906933
ECM1	-0.1576110653689611
ECM2	-0.14590099047232638
ECSCR	0.06610734301009473
ECSIT	-0.19990733934458474
ECT2	0.019740494389907243
ECT2L	-0.2095257562727829
EDA	-0.23602587875605985
EDA2R	-0.09797899511607325
EDAR	-0.15835925197177936
EDARADD	0.23863598196157798
EDC3	0.25733785237057405
EDC4	0.11904240437790592
EDDM3A	-0.29949838613316004
EDDM3B	-0.04393865143812509
EDEM1	0.35313039296600746
EDEM2	0.24026051865803869
EDEM3	0.16397588274522723
EDF1	-0.25148795505614796
EDIL3	-0.2170139897362737
EDN1	0.05036984443900251
EDN2	-0.10060223362904966
EDN3	-0.2306734263253348
EDNRA	0.0758452809034047
EDNRB	-0.1182738048122735
EDNRB-AS1	0.039436871324418664
EEA1	0.24036827741437897
EED	0.04188083023590914
EEF1A1	0.016864673733714947
EEF1A1P1	-0.28177287045311794
EEF1A1P10	-0.2415124224118505
EEF1A1P11	-0.349726519978796
EEF1A1P12	-0.3369643609010593
EEF1A1P13	-0.3349681491728752
EEF1A1P14	-0.3124860671397305
EEF1A1P15	-0.04485600094264392
EEF1A1P16	-0.22962803803677387
EEF1A1P17	-0.33296346511572633
EEF1A1P19	-0.34084343200924067
EEF1A1P20	-0.28209304542121116
EEF1A1P21	0.033445035591862425
EEF1A1P22	-0.3685673483518872
EEF1A1P24	-0.3221981619884371
EEF1A1P25	-0.31441882867307824
EEF1A1P26	0.048118997148274556
EEF1A1P27	0.04890951801623055
EEF1A1P28	-0.27695292535951244
EEF1A1P29	-0.2409136446753347
EEF1A1P3	-0.1925257533004045
EEF1A1P30	0.057546995754454766
EEF1A1P31	-0.07356728546901646
EEF1A1P32	-0.022160558638545186
EEF1A1P33	-0.298952759806884
EEF1A1P34	-0.11380405453009071
EEF1A1P36	0.3446560586642767
EEF1A1P37	-0.21695989206497432
EEF1A1P38	-0.36527581687650096
EEF1A1P39	-0.10784147127627712
EEF1A1P4	-0.3535460374438066
EEF1A1P40	0.19372851306222122
EEF1A1P41	-0.1269491918764641
EEF1A1P42	-0.10784241194986745
EEF1A1P5	-0.19663380648494017
EEF1A1P6	-0.31628063606523116
EEF1A1P7	-0.30846062031363997
EEF1A1P8	-0.34089762794078515
EEF1A1P9	-0.3425866230693923
EEF1A2	0.020992871323359405
EEF1B2	-0.14216252732952317
EEF1B2P1	-0.3593565066822915
EEF1B2P2	-0.34526474711004856
EEF1B2P3	-0.29669876784863364
EEF1B2P4	0.14663690966225845
EEF1B2P5	-0.06446285821609112
EEF1D	-0.03125194798853073
EEF1DP1	-0.3648280924208786
EEF1DP2	-0.18306780654228258
EEF1DP3	0.29574306340920864
EEF1DP5	-0.3390876249357141
EEF1E1	-0.1751369284404971
EEF1E1-BLOC1S5	
EEF1G	
EEF1GP1	-0.3018689868179405
EEF1GP2	-0.3898294066543169
EEF1GP3	-0.19595587846452672
EEF1GP4	-0.1017611309189494
EEF1GP5	-0.31802805659768746
EEF1GP6	-0.16642924338233728
EEF1GP7	-0.3014941542278614
EEF1GP8	-0.23543307317142154
EEF2	-0.14141816688656023
EEF2K	-0.156676708590972
EEFSEC	-0.08866054558548347
EEPD1	-0.2643951994574966
EFCAB1	-0.22945210128622975
EFCAB10	-0.15528578821758804
EFCAB11	-0.18476812739396914
EFCAB12	0.04321761391031034
EFCAB13	0.24273225937351414
EFCAB14	0.06377867287777424
EFCAB14-AS1	0.18585171478178097
EFCAB14P1	-0.350102024365913
EFCAB2	-0.05261159813603077
EFCAB3	-0.22984652384624982
EFCAB4A	-0.18546386102845908
EFCAB4B	0.05620843587545152
EFCAB5	-0.08977346221268288
EFCAB6	0.06808153285687663
EFCAB6-AS1	0.14526187157230702
EFCAB7	0.019907613850289555
EFCAB8	0.1014938655852315
EFCAB9	-0.21318646505465982
EFCC1	-0.12082984415245429
EFEMP1	-0.2467467067139187
EFEMP2	-0.0022692547495211713
EFHB	-0.3570130736737613
EFHC1	-0.0055974790557986025
EFHC2	-0.33984749318223817
EFHD1	-0.34482409841846823
EFHD2	-0.148745414291473
EFNA1	-0.2376322952726127
EFNA2	0.06207309411731912
EFNA3	-0.34029447803218005
EFNA4	-0.3012210374587206
EFNA5	0.01547952859238612
EFNB1	-0.12317954232935116
EFNB2	0.12941720187765063
EFNB3	-0.07638461031929467
EFR3A	0.2650260967380834
EFR3B	0.10395858484208646
EFS	-0.20872577652751914
EFTUD1	-0.0025881519013977597
EFTUD1P1	0.16904929251406256
EFTUD1P2	-0.21267682811969613
EFTUD2	0.238127490517375
EGF	-0.2217017259634604
EGFEM1P	0.10756569669452777
EGFL6	0.059687264035928826
EGFL7	-0.004886352258358974
EGFL8	-0.3011123971825878
EGFLAM	0.016466780247006152
EGFLAM-AS1	0.016404880605419607
EGFLAM-AS2	-0.1946374568233617
EGFLAM-AS3	-0.06667766074630105
EGFLAM-AS4	-0.04241969023563888
EGFR	0.21174639953242283
EGFR-AS1	-0.004104557232350656
EGLN1	-0.15704006028310868
EGLN1P1	
EGLN2	0.011948614296603297
EGLN3	-0.12589011227029115
EGLN3-AS1	-0.13083052213168422
EGOT	0.3146517632591352
EGR1	0.07292866554263906
EGR2	0.27349877575730197
EGR3	0.17723872067834284
EGR4	-0.028273811610453926
EHBP1	0.02209910428043004
EHBP1L1	0.148586702929693
EHD1	0.2600328095455124
EHD2	-0.058502502453290584
EHD3	0.24024394918730957
EHD4	0.2057466657276092
EHF	0.09972065827132397
EHHADH	-0.11217797328772429
EHHADH-AS1	0.2059656625112796
EHMT1	0.25213795361175895
EHMT2	-0.039092847703220794
EHMT2-AS1	-0.21222058647519487
EI24	-0.14243675781847814
EI24P1	-0.15746877181557714
EI24P2	0.18947293533789916
EI24P3	-0.2671969919151892
EI24P4	-0.3992467201521344
EID1	-0.09561943837112584
EID2	-0.028541484090823487
EID2B	0.021134955903006264
EID3	0.26238175073922065
EIF1	0.11022532712457846
EIF1AD	0.1738941589900531
EIF1AX	0.11405581341743334
EIF1AX-AS1	0.004052432532767116
EIF1AXP1	0.28506670029685094
EIF1AXP2	-0.16290098752327942
EIF1AY	-0.10066822626644309
EIF1B	0.050543041430273355
EIF2A	-0.02618081998708393
EIF2AK1	-0.03459181049869549
EIF2AK2	0.178108062572699
EIF2AK3	0.18237430483892003
EIF2AK4	0.16829280015535916
EIF2AP4	0.04888637471985587
EIF2B1	-0.17386736274167539
EIF2B2	-0.26812632063019415
EIF2B3	-0.19190223296698625
EIF2B4	-0.08589535032424822
EIF2B5	-0.21572483762935993
EIF2B5-AS1	0.16931410246221024
EIF2B5-IT1	0.009073350080613277
EIF2D	-0.19721362109545906
EIF2S1	0.17551131602924622
EIF2S2	0.0043303447974578505
EIF2S2P2	-0.3023415709435855
EIF2S2P3	-0.3017664553676676
EIF2S2P4	-0.3051051358301413
EIF2S2P5	-0.09851690881341012
EIF2S3	0.22881551121771923
EIF2S3L	-0.19167912015230648
EIF3A	0.254572966943134
EIF3B	0.03785263760678542
EIF3C	-0.17080762915251302
EIF3CL	-0.3202952040100666
EIF3D	-0.15628310670819126
EIF3E	0.013260502529825522
EIF3EP1	-0.09731229255957549
EIF3EP2	0.04910786661652457
EIF3F	-0.17329119194718365
EIF3FP1	-0.24596731359585122
EIF3FP3	-0.22440893540159149
EIF3G	-0.04182809914103896
EIF3H	-0.13389968021844129
EIF3I	-0.11997536299862109
EIF3IP1	-0.16079805755306656
EIF3J	0.04978576215477007
EIF3J-AS1	-0.19389096253978644
EIF3K	-0.24060136240388846
EIF3KP1	0.2119923209270094
EIF3KP2	0.07473902436509575
EIF3KP3	-0.29520851007585097
EIF3L	-0.20935414002776823
EIF3LP1	-0.2121242507029332
EIF3LP2	-0.1984489540537265
EIF3LP3	-0.3178395488823793
EIF3M	0.07496248217390471
EIF4A1	0.03845447011195796
EIF4A1P1	0.19994642560136883
EIF4A1P10	-0.24336725094885453
EIF4A1P11	-0.17661126951086456
EIF4A1P12	-0.04633519349599738
EIF4A1P13	-0.34475452914841076
EIF4A1P2	-0.29313263893490427
EIF4A1P3	-0.4109792928566704
EIF4A1P5	-0.2303792326794584
EIF4A1P6	-0.09461603867932168
EIF4A1P7	-0.30100436912772194
EIF4A1P8	-0.3922583789453204
EIF4A1P9	-0.251111918069055
EIF4A2	0.01698147457906898
EIF4A2P2	-0.04978831072338594
EIF4A2P3	-0.3121942742403781
EIF4A2P4	-0.2356203516549369
EIF4A2P5	-0.12719876770750285
EIF4A3	-0.06511000249276025
EIF4B	0.044560586689631115
EIF4BP2	-0.23245375743980423
EIF4BP3	-0.041934721807529864
EIF4BP4	0.042383271342541794
EIF4BP5	-0.3338934259520977
EIF4BP6	0.2507868441662118
EIF4BP7	-0.22882382808621793
EIF4BP8	-0.07785149349378848
EIF4BP9	-0.24168939242538498
EIF4E	-0.06343619400349121
EIF4E1B	-0.37735956426162864
EIF4E2	-0.37749983076233706
EIF4E2P1	-0.15221902114931932
EIF4E3	0.15295930880756642
EIF4EBP1	-0.23814174041765368
EIF4EBP1P1	0.08547959942501776
EIF4EBP1P2	-0.20933726297900557
EIF4EBP2	-0.07208672960426968
EIF4EBP2P	-0.061110836984339244
EIF4EBP3	-0.36863047082770894
EIF4ENIF1	0.07487907263719498
EIF4G1	0.20521017024562216
EIF4G2	0.16526097499512363
EIF4G3	0.14500005779010292
EIF4H	-0.22567355614367024
EIF4HP1	0.043942350258439615
EIF4HP2	0.0829812450841254
EIF5	-0.019694097223433744
EIF5A	-0.21909637685546438
EIF5A2	0.24230281537795717
EIF5AL1	-0.2950677944835635
EIF5AP2	-0.3123213957171152
EIF5AP3	0.05813328371842439
EIF5AP4	-0.2862762976571846
EIF5B	0.3002391976055032
EIF6	-0.2555281374999368
ELAC1	-0.09481258305025399
ELAC2	-0.16605259741143058
ELANE	-0.26749588498774873
ELAVL1	0.20914263047547016
ELAVL2	-0.1852701376136488
ELAVL3	0.15550327909069134
ELAVL4	0.14485212317721227
ELF1	0.21382876868293985
ELF2	0.12892464485798902
ELF3	-0.13056938524592457
ELF4	0.10429576814931128
ELF5	0.2495022315502246
ELFN1	0.1131444244108014
ELFN2	0.09195210285025547
ELK1	-0.07760519133030193
ELK1P1	0.039500014523092
ELK2AP	0.17429338199043892
ELK2BP	-0.1511124165534187
ELK3	0.26832809939346414
ELK4	0.3525206323203913
ELL	0.1326097239274015
ELL2	0.23702340580783973
ELL2P1	0.32380026516719734
ELL2P2	-0.14763556970060818
ELL2P3	0.27353102735761964
ELL2P4	-0.20500211866131632
ELL3	-0.11187497208898647
ELMO1	0.22251087949788367
ELMO1-AS1	-0.033801661923634894
ELMO2	0.3551668978188291
ELMO2P1	0.10395565591080635
ELMO3	-0.23421165659884974
ELMOD1	0.16845635194621827
ELMOD2	-0.005903235413625005
ELMOD3	-0.014035060888397543
ELMSAN1	0.10769080446377931
ELN	-0.28119946168327803
ELOF1	-0.0530029480809827
ELOVL1	-0.33949066034185754
ELOVL2	0.3000968360011359
ELOVL2-AS1	0.17055169218800148
ELOVL3	0.14928847487560654
ELOVL4	0.05547775322717892
ELOVL5	0.2221381322570744
ELOVL6	0.06690877660952345
ELOVL7	0.11059967709771608
ELP2	0.1702848415236296
ELP3	0.006248784612799698
ELP4	-0.04457533560603018
ELP5	-0.16021384410834152
ELP6	-0.12649556401128434
ELSPBP1	-0.06810644884942217
ELTD1	0.1851969768807054
EMB	0.012664373262661895
EMBP1	-0.1561389692397696
EMC1	0.11452318081177583
EMC10	-0.2701453051386589
EMC2	-0.30048961310031147
EMC3	-0.07318584949420685
EMC4	-0.2994402945299871
EMC6	-0.04608269441010009
EMC7	-0.25061279597154656
EMC8	-0.11501830221295928
EMC9	-0.31366351491244954
EMCN	-0.0699474657265931
EMCN-IT1	-0.0885359432601836
EMCN-IT2	0.16271194431834043
EMCN-IT3	0.13401270407869154
EMD	-0.20883891500214194
EME1	-0.07494202249762595
EME2	-0.290586967445498
EMG1	-0.014719677695320926
EMID1	0.12293526989709669
EMILIN1	0.10072073857215569
EMILIN2	0.19476248019282255
EMILIN3	-0.07066506225792529
EML1	-0.1057971940042755
EML2	-0.09360222570880763
EML3	0.1894545195919197
EML4	0.1749260483186601
EML5	0.037087871224945175
EML6	0.2546383371499005
EMP1	-0.15356971276879094
EMP2	0.09819492858527308
EMP3	-0.0596610732753002
EMR1	0.1759189505065754
EMR2	0.245384929679786
EMR3	0.17175850285849442
EMR4P	-0.01151424483131118
EMX1	-0.2953174663327416
EMX2	-0.06963780209440462
EMX2OS	-0.2449903982318099
EN1	0.15046927931465115
EN2	-0.051485391848895064
ENAH	-0.031236607966685027
ENAM	0.0006724818376783388
ENC1	0.06712764941811357
ENDOD1	-0.024836950776072474
ENDOG	-0.24949042425650428
ENDOU	0.2607859801182307
ENDOV	-0.14854070610090947
ENG	0.12592135531167922
ENGASE	-0.19286585503282289
ENHO	-0.2866822405787442
ENKD1	-0.16812331767968428
ENKUR	0.08940559814006417
ENO1	-0.0018399237662168077
ENO1-AS1	0.03761544598960441
ENO1-IT1	-0.08827836168510365
ENO1P1	
ENO1P2	-0.228751461767966
ENO1P3	0.35232830849646857
ENO1P4	
ENO2	0.056161652082115064
ENO3	-0.25213339213540753
ENO4	0.006273392223224255
ENOPH1	-0.18623876440366904
ENOSF1	-0.016581215714828536
ENOX1	0.11416391233516893
ENOX1-AS1	-0.0567701480135379
ENOX1-AS2	
ENOX2	0.11553153472351636
ENPEP	0.061461765219614085
ENPP1	0.038359252950586106
ENPP2	0.1959483228092849
ENPP3	0.01563840296569773
ENPP4	0.016416967952655223
ENPP5	-0.08559418695077685
ENPP6	-0.35102915066286394
ENPP7	-0.215136219722021
ENPP7P1	-0.22347272278505137
ENPP7P10	-0.16917870265287896
ENPP7P11	-0.18165033084521207
ENPP7P12	-0.21607122860924932
ENPP7P13	-0.2630131328936513
ENPP7P2	0.30180305746351055
ENPP7P3	-0.02616639748992036
ENPP7P4	-0.020230545176468842
ENPP7P5	-0.053421055854894754
ENPP7P6	-0.11364644502559225
ENPP7P8	0.13593449050372985
ENPP7P9	-0.16170673095150628
ENSA	-0.2267154717962037
ENSAP1	-0.35271782555524633
ENSAP2	-0.2230799018494033
ENSAP3	0.12581197954884465
ENTHD1	0.14124939750685306
ENTHD2	-0.06342326133224495
ENTPD1	0.19744229831535287
ENTPD1-AS1	0.08913034326367998
ENTPD2	-0.09794785687282799
ENTPD3	0.15077268854185386
ENTPD3-AS1	-0.1809461797135519
ENTPD4	0.4213754820652151
ENTPD5	-0.09433195535045064
ENTPD6	-0.19735372966725873
ENTPD7	0.1193455907453334
ENTPD8	-0.07409070728143129
ENY2	-0.21554815708122294
EOGT	0.3180520846330221
EOMES	0.10426334424993781
EP300	0.34826886653118794
EP400	0.30811676133931565
EP400NL	0.1233706760756717
EPAS1	0.21090095971358921
EPB41	0.2140098496166501
EPB41L1	-0.3408357240929535
EPB41L2	0.02232180778784429
EPB41L3	-0.060883608018788275
EPB41L4A	0.09523674124514983
EPB41L4A-AS1	-0.1825429475496197
EPB41L4A-AS2	0.2914899691772584
EPB41L4B	-0.2984623659733856
EPB41L5	-0.061602906898591166
EPB42	-0.2000305164572913
EPC1	0.12018649016740474
EPC2	0.15501319258400917
EPCAM	-0.23307777689193576
EPDR1	-0.1570691141608767
EPG5	0.28190683521578286
EPGN	0.11633873039789715
EPHA1	-0.10770151088557929
EPHA1-AS1	-0.009641639798783023
EPHA10	-0.21117384077613743
EPHA2	0.14212160986983646
EPHA3	-0.12673210527880518
EPHA4	0.1360780644454197
EPHA5	-0.019155049338426176
EPHA6	-0.2674964865169476
EPHA7	-0.11549693509724068
EPHA8	-0.13208350420413204
EPHB1	-0.014945664208498136
EPHB2	-0.1434942850774684
EPHB3	0.14000983882031046
EPHB4	-0.08906572889993455
EPHB6	0.1159030194214353
EPHX1	-0.32297568308920704
EPHX2	-0.15667102559163035
EPHX3	0.1879327248789656
EPHX4	0.12838729746836805
EPM2A	-0.014182706615103345
EPM2AIP1	0.11151321052044265
EPN1	-0.1722505663340996
EPN2	0.09556119787577162
EPN2-AS1	-0.041407676672127
EPN3	-0.14917481050387824
EPO	-0.12812108863297242
EPOR	-0.16300767169453903
EPPIN	0.11283562035667805
EPPIN-WFDC6	
EPPK1	0.14614890981815112
EPRS	0.19069292343514377
EPS15	0.31232498236161776
EPS15L1	0.2965334635478756
EPS15P1	-0.129538748899877
EPS8	-0.10361640919732124
EPS8L1	-0.06244286045151244
EPS8L2	-0.20063602036483758
EPS8L3	-0.2530425507879252
EPSTI1	0.0295556912129554
EPT1	-0.012125109363844127
EPX	0.2991066559607012
EPYC	-0.16953303397776895
EQTN	-0.0429739581359037
ERAL1	-0.20357239202934485
ERAP1	0.07151165456823337
ERAP2	0.24802640321765562
ERAS	-0.13206142726942816
ERBB2	-0.08349809527075805
ERBB2IP	0.16212541508887202
ERBB3	-0.10627750319358806
ERBB4	-0.01832244745536286
ERC1	0.34932444792987616
ERC2	0.1323449002727661
ERCC1	0.0008859949883361994
ERCC2	0.04782094161607313
ERCC3	0.17442737541845366
ERCC4	0.32332316131376776
ERCC5	-0.21660358883971695
ERCC6	0.21343746121170165
ERCC6L	0.07673188224673808
ERCC6L2	0.20877185951575053
ERCC8	-0.11760632153370382
EREG	0.04467439597910127
ERF	-0.2817235547952009
ERG	0.2698351272953431
ERGIC1	-0.09266545580387943
ERGIC2	0.2291010396895041
ERGIC3	-0.18429897429131747
ERH	-0.01450597078091798
ERHP1	-0.3907796941285425
ERHP2	0.20411143503636875
ERI1	0.1914078780116694
ERI2	-0.062207793788501595
ERI3	-0.249477329667818
ERI3-IT1	-0.02954425075826563
ERICH1	0.1479942264564248
ERICH1-AS1	-0.03985673360858865
ERICH2	0.050380358718291905
ERLEC1	0.02968927609684624
ERLEC1P1	
ERLIN1	-0.016808039581122806
ERLIN2	-0.08189790217927367
ERMAP	-0.12663527725032267
ERMARD	-0.027867970764954352
ERMN	0.14638419621917254
ERMP1	0.0012687101085996438
ERN1	0.030208712466340545
ERN2	-0.17458715062300717
ERO1L	0.050095919213320794
ERO1LB	0.12382920263036595
ERP27	-0.007375758092056195
ERP29	-0.08291610291608839
ERP29P1	-0.3428644033147551
ERP44	0.1052286996337189
ERRFI1	0.21636188483030358
ERV3-1	0.11307806043895527
ERVFRD-1	-0.10213236585203395
ERVH48-1	0.08963804453898776
ERVK13-1	-0.06919009446751152
ERVK3-1	0.11044371450831511
ERVMER34-1	-0.060403531464529404
ERVMER61-1	0.034432815476359374
ERVV-1	0.09559949724938521
ERVV-2	0.08201924056316377
ERVW-1	-0.05484068389153203
ERVWE2	0.1399626391965518
ESAM	0.08272627046105073
ESCO1	0.3567076392798149
ESCO2	-0.05978242494908255
ESD	-0.13196730593281508
ESF1	0.05860002152816098
ESM1	0.02499491615420168
ESPL1	0.09802249959135731
ESPN	-0.16223959869138266
ESPNL	0.13656294712532704
ESPNP	-0.16451456245576357
ESR1	-0.09664840305469018
ESR2	0.08939366474389264
ESRG	-0.05247167941327934
ESRP1	-0.182309413623323
ESRP2	-0.18277459340885327
ESRRA	-0.16655596925920227
ESRRAP1	-0.28954783366867914
ESRRAP2	-0.2539145093799294
ESRRB	0.2562200540888853
ESRRG	0.04703071277145152
ESX1	-0.10144273937127155
ESYT1	0.09696967706749458
ESYT2	-0.05160783146514953
ESYT3	0.2179699662781852
ETAA1	0.2274515488524472
ETF1	0.29711386299118936
ETF1P1	-0.3052449883401532
ETF1P2	-0.35917722787183903
ETF1P3	-0.03583990669050538
ETFA	-0.26260268433478956
ETFB	-0.2674761865363987
ETFDH	-0.22860016526399196
ETHE1	-0.13194700082760216
ETNK1	0.011283450214638184
ETNK2	-0.032454408748663975
ETNPPL	-0.11636739806309995
ETS1	0.22744261469314755
ETS2	0.01038330899896649
ETV1	-0.04605269482823127
ETV2	-0.12415088187719171
ETV3	0.3392980866264318
ETV3L	0.03629283010160665
ETV4	0.12656154753640647
ETV5	-0.0539186741491251
ETV5-AS1	0.09923732765455737
ETV6	0.2995670718054487
ETV7	0.05516866798337239
EVA1A	0.4091263352459001
EVA1B	0.054073338423508435
EVA1C	-0.053021350636674014
EVC	0.06846750906045862
EVC2	0.10282895845995225
EVI2A	0.11952861731196779
EVI2B	0.13868517670663646
EVI5	0.17115904957904643
EVI5L	0.08385506085929934
EVL	0.1617900052242626
EVPL	-0.06627717328072551
EVPLL	-0.14928697436715
EVX1	-0.07904362667690712
EVX1-AS	-0.24042610989895896
EVX2	0.022537352930586015
EWSR1	-0.0513581753472261
EXD1	0.14249845847123213
EXD2	-0.05248307642028183
EXD3	-0.1482666536870509
EXO1	-0.0904688648920735
EXO5	-0.04272327055728449
EXOC1	0.14104952139156482
EXOC2	0.16059998985391752
EXOC3	-0.09950364063087504
EXOC3L1	0.08993481660975378
EXOC3L2	-0.023340146754915678
EXOC3L4	-0.021853058715485218
EXOC4	0.04717870486776178
EXOC5	0.2802039598035835
EXOC5P1	0.18981913704109654
EXOC6	0.2086830858577141
EXOC6B	0.09417148999623463
EXOC7	0.24080107984274302
EXOC7P1	-0.17655001929823755
EXOC8	0.3832867540771119
EXOG	0.07591749733560939
EXOGP1	0.08477564258865541
EXOSC1	0.1740951605652599
EXOSC10	0.02979835420284191
EXOSC2	0.18369368103593173
EXOSC3	0.05639064031846708
EXOSC3P1	0.11802582172033599
EXOSC3P2	-0.206364193464766
EXOSC4	-0.0003392740494075306
EXOSC5	-0.26530942008243774
EXOSC6	-0.010381027141322342
EXOSC7	-0.22302546762089392
EXOSC8	0.037588401890725286
EXOSC9	0.004136222315965507
EXPH5	0.036274712325640814
EXT1	-0.13483599375629204
EXT2	0.20193554635137204
EXTL1	-0.09616496224396129
EXTL2	0.14567827019774496
EXTL2P1	0.31122303797490247
EXTL3	0.2194954034670553
EXTL3-AS1	-0.022985032028403657
EYA1	-0.28325773344298455
EYA2	-0.21240808795533495
EYA3	0.3449394868643138
EYA4	-0.23319744170238904
EYS	-0.010470396486226137
EZH1	0.06372480212535614
EZH2	-0.05087538684889607
EZH2P1	-0.22114550251238976
EZR	-0.05866581245181137
EZR-AS1	-0.3064414152697452
F10	-0.18202991421540352
F10-AS1	-0.17170724444018848
F11	-0.17827504218723675
F11-AS1	0.21391169575594443
F11R	0.18583449972037258
F12	-0.032738324518897174
F13A1	-0.3236298033892437
F13B	-0.20600201199676388
F2	0.02977286590003293
F2R	0.18022882510236163
F2RL1	-0.05295334091110968
F2RL2	0.13462910563651698
F2RL3	-0.03264787551576765
F3	0.03330237198391519
F5	0.23190535170525195
F7	-0.22838928968485225
F8	0.007024314527433326
F8A1	0.09596381693950086
F8A2	-0.38330094203018666
F8A3	-0.24075613522887304
F9	-0.071139695153209
FA2H	-0.14167088687143836
FAAH	-0.31980202403459235
FAAH2	-0.024031880199232438
FABP1	-0.32331057931891943
FABP12	0.01081649734469321
FABP12P1	-0.07694585665409595
FABP2	-0.017069484125302098
FABP3	-0.3590712454230475
FABP3P2	0.1646590409808923
FABP4	-0.2892550803110451
FABP5	-0.27428627038854614
FABP5P1	-0.27937962407073175
FABP5P10	-0.2562140663854572
FABP5P11	-0.2824687357533781
FABP5P12	0.01097631463416973
FABP5P13	-0.17928339524399356
FABP5P14	-0.0068674877952260415
FABP5P15	0.16598923892611042
FABP5P2	-0.17911387326235464
FABP5P3	-0.20729155601602572
FABP5P4	-0.11643883798376256
FABP5P5	-0.038684826110553176
FABP5P6	-0.13801808433585452
FABP5P7	-0.24477616795123047
FABP6	-0.18454901423075543
FABP7	0.22900089647811755
FABP7P1	0.03422467089762214
FABP7P2	0.058496651695031376
FABP9	-0.04393865143812509
FADD	0.09608405895617005
FADS1	0.20314193697178512
FADS2	-0.0033070091403279204
FADS3	0.1571155281919291
FADS6	-0.1063840081173063
FAF1	-0.2238728069600887
FAF2	0.35865880193738
FAF2P1	-0.24277289677661903
FAH	-0.2472048423332441
FAHD1	-0.16958431273115043
FAHD2A	-0.2222864203257855
FAHD2B	-0.09234015454133479
FAHD2CP	0.023859435663281588
FAHD2P1	-0.20259608843371188
FAIM	-0.10212904588247033
FAIM2	0.053712560364796255
FAIM3	0.22669661972201824
FAM101A	-0.13976244286957326
FAM101B	0.10634645652736342
FAM102A	-0.06229088838458395
FAM102B	0.1849014619231898
FAM103A1	0.020973012740457063
FAM103A2P	-0.023639722437570936
FAM104A	0.1718248436538747
FAM104B	-0.24942962496379723
FAM105A	-0.10439530112442302
FAM105B	0.3768043417315598
FAM106A	0.2527479171218737
FAM106B	0.14389672069234635
FAM106CP	0.229353697197783
FAM106DP	0.08688877106028788
FAM107A	-0.2743048347882437
FAM107B	0.18384507944030148
FAM108A10P	0.23831273189028054
FAM108A8P	-0.14386159414562408
FAM108A9P	-0.12065959533171502
FAM109A	-0.1106750685332568
FAM109B	0.029111754356023412
FAM110A	-0.0009725126398563455
FAM110B	0.07154121037012741
FAM110C	-0.3183385907300879
FAM110D	0.2195627677622512
FAM111A	0.16338220549932617
FAM111B	0.06426025271072967
FAM114A1	-0.09256076419307922
FAM114A2	0.34764643250717997
FAM115A	0.054662937331890024
FAM115B	0.07774493080890109
FAM115C	0.12592080583007517
FAM115D	0.18140154314065643
FAM117A	0.019672241108773508
FAM117B	0.21178525575266083
FAM118A	0.0180816326409499
FAM118B	0.0031796068062183817
FAM120A	-0.0857380246228014
FAM120AOS	-0.04654114363959667
FAM120B	0.1819553914969288
FAM120C	0.18169152312237613
FAM122A	0.1971562161567794
FAM122B	-0.10540183250994557
FAM122C	0.16503532876122287
FAM124A	0.07672996949589944
FAM124B	-0.07299125495117391
FAM126A	0.28811597810241163
FAM126B	0.27224289173020555
FAM127A	0.0952282840010368
FAM127B	-0.1416203196860063
FAM127C	0.16107833377204364
FAM129A	0.04491383346258816
FAM129B	-0.05090642597778409
FAM129C	0.22065497531568276
FAM131A	0.15240787551794996
FAM131B	-0.1613041545957032
FAM131C	-0.2660194964531624
FAM132A	-0.022165785539449295
FAM132B	0.033063768970028405
FAM133A	0.3297199731168988
FAM133B	-0.06849935440798084
FAM133CP	0.11721926528300988
FAM133DP	0.46922241615801963
FAM134A	-0.22736948813874774
FAM134B	0.18708810163388484
FAM134C	0.0640528595567019
FAM135A	0.15016777143360835
FAM135B	-0.1290081823682906
FAM136A	-0.2598569479277334
FAM136BP	-0.26985435972068994
FAM138A	0.22348829787112828
FAM138B	-0.12917398349711773
FAM138C	0.0712726955462615
FAM138D	-0.041189528286107634
FAM138E	-0.23042233970210144
FAM138F	0.02603337963773514
FAM13A	0.06967036991968187
FAM13A-AS1	0.005316302792385068
FAM13B	0.2880847907079173
FAM13C	0.16606240702328057
FAM149A	0.03507506989139686
FAM149B1	-0.10685148944164258
FAM149B1P1	-0.13872914012067938
FAM150A	-0.00026678082155610677
FAM150B	-0.30098127486244475
FAM151A	-0.13115241088446303
FAM151B	0.183325060749581
FAM153A	0.1957322671120105
FAM153B	0.19963664898226072
FAM153C	0.23865262427085543
FAM154A	-0.12312948846784394
FAM154B	-0.07136111776120238
FAM155A	0.012978789276547376
FAM155A-IT1	-0.05344560528495741
FAM155B	0.0031098710723709666
FAM156A	-0.08939350952583036
FAM156B	-0.14560273945171295
FAM157A	0.18492354132693775
FAM157B	0.34402850639488264
FAM157C	0.17856259292367055
FAM159A	0.23406215344402986
FAM159B	-0.14719155796445912
FAM160A1	0.10817069622677442
FAM160A2	-0.17919928756671677
FAM160B1	0.25690483488960647
FAM160B2	-0.015445867264579393
FAM161A	-0.12917054387427182
FAM161B	-0.051411167350221304
FAM162A	-0.17427386144996154
FAM162B	-0.08423703379205326
FAM163A	0.2555610158374709
FAM163B	-0.025993536980457633
FAM166A	-0.03289671623049054
FAM166B	-0.2375885393514249
FAM167A	0.18121557913174857
FAM167B	0.17619349361469056
FAM168A	0.1992406576138401
FAM168B	-0.12128907514199831
FAM169A	0.08035857251437094
FAM169B	-0.12611492315225417
FAM170A	-0.28012115725152803
FAM170B	0.3064066361250275
FAM170B-AS1	-0.07486654127723402
FAM171A1	-0.07089236120133029
FAM171A2	0.08512645845352818
FAM171B	0.193556979472384
FAM172A	0.07928187994404846
FAM172BP	0.07125466118849247
FAM173A	-0.09721670464820933
FAM173B	0.0027390905774253285
FAM174A	-0.22079812021121703
FAM174B	-0.10629572571710949
FAM175A	0.07321921013256072
FAM175B	0.3654114984943071
FAM177A1	-0.15434039654045087
FAM177A1P1	0.05919558001742709
FAM177B	0.10611043251637689
FAM178A	0.12219375495007895
FAM178B	0.08400265280971815
FAM179A	0.03841360255629438
FAM179B	0.17460933034681012
FAM180A	-0.03616079878830815
FAM180B	-0.05772718307631598
FAM181A	-0.012159656833440051
FAM181A-AS1	-0.08867792290557758
FAM181B	-0.07919628872310407
FAM182A	-0.11250673240243492
FAM182B	-0.18304576245051835
FAM183A	-0.0720345613059029
FAM183B	0.18158066028604206
FAM183CP	-0.11016576895639782
FAM184A	0.11491683781274069
FAM184B	-0.13267327050987926
FAM185A	-0.14042539534548418
FAM185BP	0.04256065136144563
FAM186A	-0.053469304295103784
FAM186B	-0.0011656836204091462
FAM187A	
FAM187B	-0.10493675352697719
FAM188A	0.18935577652482535
FAM188B	-0.1430950592162022
FAM188B2	0.07018959714764968
FAM189A1	-0.17467269541029187
FAM189A2	-0.027868997294004542
FAM189B	-0.0682447564940476
FAM192A	-0.28613179406225253
FAM193A	0.1384226916926541
FAM193B	-0.010660712344748177
FAM194A	0.008913484140583253
FAM194B	-0.04813431162274067
FAM195A	-0.15605858780770335
FAM195B	-0.11536949748636563
FAM196A	-0.03989613058914012
FAM196B	-0.00771912984351855
FAM197Y1	-0.008967050010602105
FAM197Y2	-0.008967050010602105
FAM197Y3	-0.12913790227528038
FAM197Y6	
FAM197Y7	
FAM197Y8	-0.03325912453167606
FAM197Y9	0.14518388790234488
FAM198A	-0.07457046783121771
FAM198B	-0.07082327615647976
FAM199X	0.24990207209898616
FAM19A1	0.04445440214066471
FAM19A2	-0.21843751257655197
FAM19A3	-0.02152176632442493
FAM19A4	-0.11010347708365976
FAM19A5	0.19496230465786876
FAM200A	0.2488303267054006
FAM200B	-0.14224333709179443
FAM201A	-0.30951093771283705
FAM201B	-0.17499490850488614
FAM203A	0.09435682109019944
FAM203B	-0.25430474603003567
FAM204A	-0.03521606522859748
FAM204BP	-0.09837785085715449
FAM204CP	-0.008967050010602105
FAM205A	-0.11466171541007246
FAM205B	-0.06790096420066216
FAM205CP	-0.17089695649553746
FAM206A	-0.04548005669855432
FAM206BP	-0.30068869129134634
FAM207A	-0.12981759302757892
FAM207BP	0.06804492971734609
FAM207CP	-0.09835407553855456
FAM208A	0.2325040413869332
FAM208B	0.3050161006783561
FAM209A	0.18878829344221518
FAM209B	0.09763179736784837
FAM20A	0.19645160089316113
FAM20B	0.18855312182934822
FAM20C	0.07502181386994942
FAM210A	0.027105512252568763
FAM210B	-0.14484783155905576
FAM210CP	0.43313140003599454
FAM211A	-0.16455022938347727
FAM211B	-0.23422724245646243
FAM212A	0.11194463334461978
FAM212B	0.09892337437949707
FAM213A	-0.16903716251126785
FAM213B	-0.17513925171995132
FAM214A	0.2826169906352541
FAM214B	-0.028029125861681072
FAM215A	-0.41941515985051747
FAM215B	0.07532412792777293
FAM216A	0.08405683492301813
FAM216B	0.30573139870666705
FAM217A	-0.016409803181448503
FAM217B	0.26567284877252245
FAM218A	-0.12765788150353516
FAM218BP	0.13578733531123255
FAM219A	-0.06253602977459427
FAM219B	-0.19442423332208003
FAM21A	0.029126326925678663
FAM21B	0.008208138494030237
FAM21C	0.15921328848246386
FAM21FP	-0.11454306544279357
FAM220A	0.1504908911748157
FAM220BP	-0.020575821759711496
FAM220CP	-0.20897830979031454
FAM221A	-0.17762312954981102
FAM221B	-0.21650985656461666
FAM222A	-0.16751555713917807
FAM222A-AS1	-0.10925026786797655
FAM222B	0.07564143335974854
FAM224A	0.28311493217483513
FAM224B	-0.12913790227528038
FAM225A	0.28701336975230174
FAM225B	-0.0066042463203028175
FAM226B	0.11315551999594949
FAM227A	-0.00809226464363553
FAM227B	-0.013024952952170666
FAM228A	-0.01682077402691574
FAM228B	0.11846377156559247
FAM229A	-0.16228864646026278
FAM229B	0.037230946107901904
FAM230A	-0.08552941160222051
FAM230B	0.005587144317740671
FAM24A	-0.13264710595631127
FAM24B	0.12692061296948523
FAM25A	-0.04443163470063514
FAM25B	0.16310305372103354
FAM25C	-0.14730231077156775
FAM25D	
FAM25E	-0.24283461141397897
FAM25G	-0.21859674915828203
FAM26D	0.31731239501149494
FAM26E	0.02683070828528328
FAM26F	0.14413514546648545
FAM27A	0.03328838166140639
FAM27B	-0.165531849040015
FAM27C	-0.04362209013285022
FAM27D1	0.21096297708348957
FAM27E1	-0.23542513281088234
FAM27E2	0.08368745145567268
FAM27E3	-0.12679374160939802
FAM27E4	-0.16001564491776182
FAM27L	-0.12775667069153235
FAM32A	-0.17244088585203485
FAM32B	-0.3853624456018894
FAM35A	0.013274212442020495
FAM35BP	-0.3569737294643949
FAM35CP	-0.35176896789693846
FAM35DP	-0.22839638328686643
FAM35EP	-0.15057114037021951
FAM3A	-0.183705132093299
FAM3B	-0.0982327478440437
FAM3C	-0.1590989599698485
FAM3C2	0.14744630755563243
FAM3D	-0.02223044947605463
FAM41AY1	0.047979030773439006
FAM41AY2	
FAM41C	-0.005638250465624253
FAM43A	0.2163820363891381
FAM43B	0.04757805771578068
FAM45A	0.03546140897205862
FAM45B	0.4576299947710106
FAM46A	0.11531309342644862
FAM46B	-0.30149464514195434
FAM46C	0.1905805427231082
FAM46D	0.02634728895581694
FAM47A	-0.10722108038124734
FAM47B	-0.15565670523138805
FAM47C	-0.021551467861197052
FAM47DP	0.023120980862420204
FAM47E	-0.09173995973556345
FAM47E-STBD1	0.03989486140318218
FAM49A	0.21989820806340002
FAM49B	0.20529921562060835
FAM50A	-0.16574829495731994
FAM50B	-0.03488154759665445
FAM53A	0.037363525790516695
FAM53B	-0.03162796062939538
FAM53C	0.2851759675341606
FAM57A	-0.1861326487603433
FAM57B	-0.1647736857644023
FAM58A	-0.13678245635260336
FAM58BP	0.1559968542706527
FAM58CP	0.184742135228048
FAM58DP	0.19874536011775878
FAM60A	0.17398668263958242
FAM60BP	0.055426175522081095
FAM60CP	0.15638570053300274
FAM63A	-0.03204391831899594
FAM63B	0.3358723022730067
FAM64A	-0.33508608401442436
FAM65A	0.17107084283680857
FAM65B	0.24845764744786997
FAM65C	0.1419630898856881
FAM66A	-0.3642427939815082
FAM66B	-0.09421032267222225
FAM66C	0.17982087116737816
FAM66D	0.026192500631861827
FAM66E	-0.24408769254158977
FAM69A	0.21145840788481327
FAM69B	0.11300680568534774
FAM69C	-0.22025997778289244
FAM71A	0.17377126862794692
FAM71B	0.020846406714286142
FAM71C	-0.06977626274619148
FAM71D	-0.3628800997366844
FAM71E1	-0.20404865068417757
FAM71E2	-0.13581347630474164
FAM71F1	0.1591383416780697
FAM71F2	-0.04152170589211695
FAM72A	-0.12814510725840167
FAM72B	0.024812953114304717
FAM72C	0.027090487058943305
FAM72D	-0.007368483032709192
FAM73A	0.1854051800317624
FAM73B	-0.2486926534672314
FAM74A1	
FAM74A2	
FAM74A3	0.07224313913048121
FAM74A4	0.25050456590492737
FAM74A5	0.017649229380971045
FAM74A6	-0.12913790227528055
FAM76A	-0.2022151984346439
FAM76B	0.00964118495632334
FAM78A	0.18823454088973518
FAM78B	-0.10055189011024125
FAM81A	-0.19011279177665338
FAM81B	-0.0593182247430031
FAM83A	0.2905054800584438
FAM83A-AS1	-0.06887747470025678
FAM83B	0.15377693289083902
FAM83C	0.34155944927987963
FAM83C-AS1	-0.292346627236268
FAM83D	-0.1586672330944097
FAM83E	0.05773329075407699
FAM83F	0.049172014049035734
FAM83G	-0.0021286490128360515
FAM83H	0.014624532000447514
FAM83H-AS1	-0.039552641421213765
FAM84A	-0.08793806963002927
FAM84B	-0.03680275763233874
FAM85A	-0.38109929393347974
FAM85B	-0.13122872996795165
FAM86A	-0.17416825362499883
FAM86B1	-0.1854954896456927
FAM86B2	-0.11041057965826728
FAM86B3P	-0.14057376708414837
FAM86C1	-0.05647390810675342
FAM86C2P	-0.226407307016239
FAM86DP	-0.1536736838036735
FAM86EP	0.08964168483793966
FAM86FP	0.06812569239033901
FAM86GP	-0.31064045933341267
FAM86HP	-0.00678263843293199
FAM86JP	-0.17575528505654248
FAM86KP	-0.21169737409571765
FAM86LP	-0.13166180713301706
FAM86MP	0.014584706503436453
FAM87A	-0.07725127908785309
FAM87B	0.05278346935798285
FAM89A	0.19047483710457272
FAM89B	-0.1214514534513716
FAM8A1	-0.018332179545606227
FAM8A2P	-0.09043623602375393
FAM8A3P	-0.20980236495208948
FAM8A4P	0.026215211345927074
FAM8A6P	-0.10928686106583319
FAM90A1	0.012921667949445954
FAM90A10P	-0.1475939828417878
FAM90A11P	-0.04929266779623301
FAM90A12P	0.28053452153389247
FAM90A13P	
FAM90A14P	
FAM90A15P	
FAM90A16P	
FAM90A17P	
FAM90A18P	
FAM90A19P	
FAM90A20P	0.23028806086388476
FAM90A21P	-0.17629616398763542
FAM90A22P	
FAM90A23P	
FAM90A24P	
FAM90A25P	-0.05598742832153253
FAM90A26	0.3037913950597648
FAM90A27P	0.031196185100332802
FAM90A28P	-0.025997980082492846
FAM90A2P	-0.059272333013189044
FAM90A3P	
FAM90A4P	
FAM90A5P	
FAM90A6P	
FAM90A7P	
FAM90A8P	0.00865809844788181
FAM90A9P	
FAM91A1	0.2183933890130704
FAM92A1	0.25520048094702386
FAM92A1P1	0.27314645066833776
FAM92A1P2	-0.017579185049107337
FAM92B	0.33317352276110296
FAM95B1	-0.14802319319105178
FAM96A	-0.27897207338032515
FAM96AP1	
FAM96AP2	-0.21657028206406137
FAM96B	-0.18165894927894569
FAM98A	0.2761979644638489
FAM98B	0.0630099009881816
FAM98C	-0.2573897686917076
FAM99A	0.058496651695031376
FAM99B	0.06594730466533574
FAM9A	-0.008170687924200514
FAM9B	-0.21201436692537237
FAM9C	-0.13947933996875367
FAN1	0.040929278043880406
FANCA	0.06195619531042198
FANCB	0.12333123832728869
FANCC	-0.08226876125172891
FANCD2	0.02273891671675186
FANCD2OS	0.022501614872016767
FANCD2P2	0.07775599314584672
FANCE	-0.132913881115431
FANCF	0.26270475331668813
FANCG	-0.14125997081091005
FANCI	0.02777746453467557
FANCL	-0.01650539568811765
FANCM	-0.007031655897016006
FANK1	0.06764146318678006
FANK1-AS1	
FAP	0.13375209831601226
FAR1	-0.009454496905471794
FAR1-IT1	-0.39790290148445295
FAR1P1	0.34536395060068714
FAR2	-0.16015172792833232
FARP1	0.016923425062172603
FARP1-AS1	0.059851999781863195
FARP2	0.007831666347725063
FARS2	-0.15587438152577318
FARSA	-0.122256912609634
FARSB	-0.24253819404694738
FARSBP1	-0.13699202060257565
FAS	-0.13116820057165546
FASLG	0.0009728777461997548
FASN	0.12582137393630055
FASTK	-0.21287957863147772
FASTKD1	-0.165700370105503
FASTKD2	-0.06842676460078567
FASTKD3	0.030748424689376212
FASTKD5	0.17623249571501298
FAT1	0.24001314318439024
FAT1P1	0.004701692279796685
FAT2	-0.04035358881193588
FAT3	-0.018731302681100376
FAT4	0.14366080497512326
FATE1	-0.08572918536160343
FAU	-0.16719419750100928
FAUP1	-0.2724516917344711
FAUP2	-0.24274122118666158
FAXC	-0.20235817346451607
FAXDC2	0.23965026541576304
FBF1	-0.10683118336529672
FBL	-0.3152705995452743
FBLIM1	0.08646407284256465
FBLL1	-0.08546455579693324
FBLN1	-0.15595942764647303
FBLN2	-0.14206741349039778
FBLN5	0.019157950855183327
FBLN7	0.08718200162049691
FBN1	0.2024193467597077
FBN2	-0.11191283539050344
FBN3	-4.496355342607681e-05
FBP1	-0.08717044169599737
FBP2	0.3224045913770345
FBRS	0.13307371926964479
FBRSL1	-0.05508752427856433
FBXL12	-0.132046199251731
FBXL13	0.2917315103150808
FBXL14	-0.004057990370829162
FBXL15	-0.07240419308043619
FBXL16	-0.06142237656581917
FBXL17	-0.16359765434954432
FBXL18	0.25731238331522155
FBXL19	-0.027261746946417607
FBXL19-AS1	0.31221411969364976
FBXL2	-0.2330734364321282
FBXL20	0.29982898171829353
FBXL21	-0.26782079980204543
FBXL22	-0.2001266779611579
FBXL3	0.003264233033396002
FBXL4	0.08320906932855261
FBXL5	0.21138699024477622
FBXL6	-0.25838374387009005
FBXL7	-0.16821868623747468
FBXL8	-0.13136406509981627
FBXO10	-0.02161573274963515
FBXO11	0.22948103449555585
FBXO15	0.18127625119611235
FBXO16	0.0028521478617614497
FBXO17	-0.18637130557846157
FBXO18	0.18943809514424767
FBXO2	-0.11267198187641239
FBXO21	0.08986784899806202
FBXO22	-0.03879574875951329
FBXO24	-0.14946571212303492
FBXO25	-0.07865660912469694
FBXO27	0.035991563111026255
FBXO28	0.34546107102813256
FBXO3	-0.09395171447112609
FBXO30	0.19868757870875164
FBXO31	-0.2797203431423327
FBXO32	0.1270301790757705
FBXO33	0.22461199841065274
FBXO34	-0.051528386480707095
FBXO36	-0.3809758293369235
FBXO36-IT1	0.24373102887889916
FBXO38	0.15334624763310467
FBXO39	0.19135310917118
FBXO4	-0.17450665475301633
FBXO40	0.1022430092508497
FBXO41	0.21697398338507856
FBXO42	0.13079939099276947
FBXO43	-0.15209776463604854
FBXO44	0.04898591221590629
FBXO45	0.05939814290677437
FBXO46	0.20247292400323652
FBXO47	0.08396880520655964
FBXO48	0.12163411708957084
FBXO5	0.05290858863455848
FBXO6	0.15233591560337903
FBXO7	0.1101228987724156
FBXO8	-0.09140639324819728
FBXO9	-0.12205547798580395
FBXW10	-0.04126961189779328
FBXW11	0.24243939810315093
FBXW11P1	0.08469000633885741
FBXW12	-0.11224693630397735
FBXW2	0.2184171567251213
FBXW4	-0.23870822705722863
FBXW4P1	-0.3198032767315704
FBXW5	-0.04070164503044632
FBXW7	0.16658557450716954
FBXW8	-0.02760240268680735
FBXW9	-0.19625279907415644
FCAMR	0.23111089319399217
FCAR	0.17230211152173341
FCER1A	-0.29188801447476154
FCER1G	0.020248269200513765
FCER2	0.21200237371014263
FCF1	-0.25091268609684514
FCF1P1	-0.23358645740565462
FCF1P10	-0.09344679382270331
FCF1P2	-0.19078760850798926
FCF1P3	-0.03203089492887412
FCF1P4	0.058496651695031376
FCF1P5	-0.06894977286073543
FCF1P6	-0.24788956076611787
FCF1P7	0.10705534454552391
FCF1P8	-0.15542732024131645
FCF1P9	
FCGBP	0.2746820926002098
FCGR1A	0.10655926560052283
FCGR1B	0.10854694619475116
FCGR1C	0.10446189622963134
FCGR2A	0.12079291882553725
FCGR2B	0.08684669725128771
FCGR2C	0.013157751822930523
FCGR3A	0.1134631916964732
FCGR3B	0.10915865417315451
FCGRT	-0.1855366057424372
FCHO1	0.24750693465529036
FCHO2	0.12312859369621271
FCHSD1	0.07580599060799811
FCHSD2	0.2621568675254606
FCN1	0.17191282993722373
FCN2	0.3159325256658331
FCN3	0.17382666771973493
FCRL1	0.2330685482252041
FCRL2	0.17457139812087455
FCRL3	0.2003286304678739
FCRL4	-0.04454455412329427
FCRL5	0.25429719107178517
FCRL6	0.05575251533182063
FCRLA	0.22830770074332277
FCRLB	0.03631652854768513
FDCSP	0.21782630009193352
FDFT1	0.020582445994006826
FDPS	-0.007904435052165428
FDPSP1	-0.2406105024987416
FDPSP2	0.30219298524949056
FDPSP3	0.4188482946020428
FDPSP4	0.054730791236268644
FDPSP5	-0.14580498033485728
FDPSP6	-0.1478074488248196
FDPSP7	-0.3482676517895744
FDPSP8	-0.3630954489521561
FDX1	-0.23512700227254993
FDX1L	-0.2313777874497793
FDX1P1	-0.30765257580797006
FDX1P2	
FDXACB1	0.10741033925826539
FDXR	-0.27197933659950085
FECH	-0.04023245417356016
FECHP1	-0.06651383624238849
FEM1A	0.1120113929232343
FEM1AP1	-0.17040501173650613
FEM1AP2	0.23139622045139965
FEM1AP3	0.04767390054500456
FEM1AP4	-0.09232289128926527
FEM1B	0.2561572371397444
FEM1C	0.09821182651739362
FEN1	-0.05333921276405786
FEN1P1	-0.005655195292349498
FENDRR	-0.054395817479227886
FER	0.2967510978446417
FER1L4	0.11956194641179681
FER1L5	0.003059998040266893
FER1L6	0.1413356710343899
FER1L6-AS1	0.2277460184150015
FER1L6-AS2	-0.017866832623298308
FERD3L	0.0013654540933454309
FERMT1	0.0829617603862451
FERMT2	-0.05498720875414987
FERMT3	0.1295438878721185
FERP1	0.14668829169032302
FES	0.050884906689417704
FETUB	-0.14088872763703064
FEV	0.05865990028594702
FEZ1	0.134727120737379
FEZ2	-0.06301050057572445
FEZF1	-0.0223170331660713
FEZF1-AS1	-0.09564029533498097
FEZF2	0.012816078093894652
FFAR1	-0.20385563479538377
FFAR2	0.1370823407389163
FFAR3	0.08125002045603237
FFAR4	0.042157688230806345
FGA	0.06349766554709482
FGB	0.004199145096241689
FGD1	-0.06963422922408517
FGD2	0.11571690133021893
FGD3	0.18915790428328036
FGD4	0.02096364591648553
FGD5	0.12640126267276466
FGD5-AS1	-0.22583264430474034
FGD5P1	0.06443057653266937
FGD6	0.3611168280995979
FGF1	0.26071580802689664
FGF10	0.2595779274635643
FGF11	0.28260033551520786
FGF12	0.1655197404439893
FGF12-AS1	-0.09716671512897558
FGF12-AS2	0.15933910647178817
FGF12-AS3	0.25358944851730253
FGF13	-0.15104146709912675
FGF13-AS1	-0.31510001718791775
FGF14	0.163832306575087
FGF14-AS1	0.03903722814866742
FGF14-AS2	0.09016526861316511
FGF14-IT1	0.1577017543060986
FGF16	-0.1989507629720392
FGF17	-0.1052317393562215
FGF18	-0.04760314819069379
FGF19	-0.3357494123776472
FGF2	0.12726173690877765
FGF20	0.23802160423377827
FGF21	0.058371993776803445
FGF22	-0.09541069080743463
FGF23	0.33360653444848465
FGF3	-0.1448796964855114
FGF4	0.02605984995349197
FGF5	0.07519347661779957
FGF6	-0.17381441293703898
FGF7	0.20423956822904593
FGF7P1	-0.022852005280697394
FGF7P2	0.20726108223200115
FGF8	-0.12716796617710155
FGF9	-0.18416831375034165
FGFBP1	-0.04664156506268633
FGFBP2	0.018877352783819676
FGFBP3	-0.07630695198541117
FGFR1	-0.019827522472372044
FGFR1OP	-0.13277644017097903
FGFR1OP2	0.2959736951672567
FGFR1OP2P1	0.058496651695031376
FGFR2	-0.10314080405591472
FGFR3	-0.24345429160686663
FGFR3P1	-0.09835407553855456
FGFR3P5	-0.12100564755016469
FGFR3P6	-0.12759123956126672
FGFR4	-0.20297014855089504
FGFRL1	-0.34217681395523125
FGG	-0.15607541158848728
FGGY	-0.1706551353071698
FGL1	0.23453661854292368
FGL2	-0.10278550232368763
FGR	0.2170815087242294
FH	-0.30336432689322185
FHAD1	-0.245709706983934
FHDC1	-0.06897164771144693
FHIT	-0.011877411608938357
FHL1	-0.22615877005722337
FHL2	0.16245050776838507
FHL3	0.15881570975592285
FHL5	0.026174569851250315
FHOD1	-0.11174772003789546
FHOD3	-0.0034293403903008727
FHP1	-0.3165204301022541
FIBCD1	0.19787370459426595
FIBIN	0.30771694163643326
FIBP	-0.07080789353205726
FICD	0.16327320029295567
FIG4	0.03765743779682837
FIGF	0.12544798202107102
FIGLA	0.0002564736818785371
FIGN	-0.08936544625032876
FIGNL1	0.18903101895098215
FILIP1	0.16215177882607013
FILIP1L	0.21052019664012206
FIP1L1	-0.04119812269075072
FIS1	-0.3198379308356848
FITM1	-0.13669763054735537
FITM2	-0.19700809381871504
FIZ1	-0.1725239500145016
FJX1	0.38974019571665774
FKBP10	0.10512864297433198
FKBP11	0.042388630648412286
FKBP14	0.1972821138519768
FKBP15	0.26475460996005545
FKBP1A	-0.1090015998698834
FKBP1AP2	0.24544514200515757
FKBP1AP3	-0.06575232330745288
FKBP1B	-0.09457510470530689
FKBP1C	-0.2360784933574426
FKBP2	-0.26559254478604166
FKBP3	0.054717057987454326
FKBP4	-0.19008317604253705
FKBP4P1	-0.22996933514032122
FKBP5	-0.05600133013915545
FKBP6	-0.1930818762675918
FKBP7	-0.05400297634527489
FKBP8	-0.04013251963780049
FKBP9	-0.11908853137107234
FKBP9L	-0.12139013699098741
FKBPL	-0.054063619573414774
FKRP	-0.10031314587324842
FKSG52	0.279253956685984
FKSG61	-0.22030619389417377
FKSG68	-0.06452292208549258
FKTN	0.1281207230778512
FLAD1	-0.265835444174342
FLCN	-0.14983538710554364
FLG	0.13603330204770434
FLG-AS1	0.1497528400875164
FLG2	0.11044544810170155
FLI1	0.21428954413541032
FLI1-AS1	0.036770058963537876
FLII	-0.07561264683327805
FLNA	-0.029254182383152673
FLNB	0.11255034056880246
FLNB-AS1	-0.2192620028982332
FLNC	-0.2974794163940139
FLOT1	0.050857593318825736
FLOT2	0.050935175299752486
FLRT1	-0.025733813586129046
FLRT2	0.0769426398640251
FLRT3	0.18551917496729436
FLT1	0.23675137422535047
FLT1P1	0.0786105464834464
FLT3	0.09835617066878646
FLT3LG	0.0652307593254031
FLT4	0.17981926514723903
FLVCR1	-0.04317197531746034
FLVCR1-AS1	-0.01863798189141552
FLVCR2	-0.11295113323265331
FLYWCH1	-0.10265789729161226
FLYWCH1P1	0.48105512219111657
FLYWCH2	-0.018452976532322692
FMN1	0.10950615566606021
FMN2	-0.06912723769945762
FMNL1	0.22811443256286812
FMNL2	0.17592641596005054
FMNL3	0.2900941291753419
FMO1	0.01602005481308903
FMO10P	-0.11054818086369592
FMO11P	-0.05223686118908315
FMO2	0.038603828127014884
FMO3	0.10928498367516891
FMO4	0.07532520355205981
FMO5	-0.05282229000227117
FMO6P	0.011198166878106222
FMO7P	-0.07864658684176266
FMO8P	0.19473101509384136
FMO9P	-0.10309183808523469
FMOD	-0.042165176001463606
FMR1	0.08137871046531535
FMR1-AS1	-0.2735873697000977
FMR1-IT1	0.04610888583265186
FMR1NB	-0.0418835620731237
FN1	-0.05932311296947949
FN3K	-0.17558083057947318
FN3KRP	-0.15390708097742045
FNBP1	0.20574044987573573
FNBP1L	0.21327386426947278
FNBP1P1	0.2292792399635159
FNBP4	0.1446640867119752
FNDC1	0.34954459737953464
FNDC1-IT1	0.0737907663480311
FNDC3A	0.22754595454240956
FNDC3B	0.22649910787128358
FNDC3CP	-0.19413376497878818
FNDC4	0.020875363125655806
FNDC5	-0.14696459240305995
FNDC7	-0.12143395774018477
FNDC8	-0.14216350218152263
FNDC9	0.0825139140392328
FNIP1	0.3414146691848845
FNIP2	0.0820066437670813
FNTA	0.029511924320728116
FNTAL1	-0.21216872081856863
FNTAP2	-0.17796090452992358
FNTB	-0.31991344713060926
FOCAD	0.22231790893941356
FOLH1	0.18006321105223502
FOLH1B	0.10334381112081344
FOLR1	-0.13822560909154935
FOLR2	-0.20090485577730716
FOLR3	0.18511274106878275
FOLR4	-0.2064407194993902
FOPNL	0.012064838951967749
FOS	0.09446448945463014
FOSB	-0.09684551792503306
FOSL1	0.0482226883553125
FOSL1P1	-0.20566490963110412
FOSL2	0.041214803856781855
FOXA1	-0.1994124349489976
FOXA2	-0.1460832058503856
FOXA3	-0.05574001354812154
FOXB1	-0.10966613204701672
FOXB2	-0.22073995132256152
FOXC1	0.1662346252526446
FOXC2	0.013347192845143139
FOXD1	0.06692268079848321
FOXD2	-0.11114164084399267
FOXD2-AS1	-0.18310283476297037
FOXD3	-0.111300109059621
FOXD4	0.24537764689772024
FOXD4L1	0.217389759318038
FOXD4L2	-0.120488750014345
FOXD4L3	0.2730864502429347
FOXD4L4	0.035899393991165346
FOXD4L5	-0.23171407531477448
FOXD4L6	0.01052337189449121
FOXE1	0.016976033804576053
FOXE3	-0.2272113396940014
FOXF1	-0.14316085377187512
FOXF2	-0.24962951303351072
FOXG1	-0.21156709326177653
FOXH1	-0.04096717765132537
FOXI1	-0.06564032964724362
FOXI2	0.08030694145193651
FOXI3	-0.15073312490959473
FOXJ1	0.013461574947085338
FOXJ2	0.06920033190523805
FOXJ3	0.1191599671222292
FOXK1	0.21280455123592748
FOXK2	-0.11157108952769713
FOXL1	-0.03458023604179296
FOXL2	-0.03484315325684194
FOXM1	-0.1667588545903036
FOXN1	0.038306347660601134
FOXN2	0.1940373311792625
FOXN3	0.048669389587491035
FOXN3-AS1	-0.12274273497961999
FOXN3-AS2	-0.1988063887882333
FOXN3P1	0.13394661084528553
FOXN4	-0.11853669221006204
FOXO1	0.30328735866860623
FOXO1B	0.06860646042492138
FOXO3	0.27283264648809297
FOXO3B	0.5031312235123379
FOXO4	-0.21464402901536225
FOXO6	-0.08215408340220298
FOXP1	0.1202229484831466
FOXP1-AS1	0.20464718244886224
FOXP1-IT1	0.04468434916088672
FOXP2	-0.008855267219378718
FOXP3	0.34389519011605396
FOXP4	0.06061399256602911
FOXQ1	0.0668365476246624
FOXR1	-0.16210256200001416
FOXR2	-0.044181994753487885
FOXRED1	-0.20673698072671629
FOXRED2	-0.30993810752171175
FOXS1	-0.06240292170945084
FPGS	-0.12637690303952032
FPGT	0.06787081507576567
FPGT-TNNI3K	-0.1693052792241114
FPR1	0.12709683255921878
FPR2	0.06596535136125714
FPR3	0.00967636736980152
FRA10AC1	0.06452151121544311
FRAS1	-0.0049252565815274
FRAT1	-0.041324074897649346
FRAT2	-0.3057480456691485
FRDAP	-0.043321096630062166
FREM1	0.13794107237676206
FREM2	-0.20539788213658894
FREM2-AS1	-0.1171912296214671
FREM3	0.05308463864361823
FRG1	0.017604697863299174
FRG1B	0.08364161238930319
FRG2	0.02603337963773514
FRG2B	0.009309845304425616
FRG2C	-0.041285502512003885
FRK	0.08958760556706842
FRMD1	-0.08634405623890418
FRMD3	0.10056302993364741
FRMD4A	0.15158744407201732
FRMD4B	0.00430629525721603
FRMD5	0.056372483297710996
FRMD6	-5.365339152243582e-05
FRMD6-AS2	-0.22017240354177076
FRMD7	0.13665793880588484
FRMD8	0.14874072119922016
FRMD8P1	-0.13045999137301703
FRMPD1	0.22539718495060831
FRMPD2	-0.30775787020796147
FRMPD2P1	-0.2530506936572715
FRMPD2P2	0.37879924231852574
FRMPD3	0.10611102034861516
FRMPD3-AS1	-0.09825543370216497
FRMPD4	-0.07415812493451128
FRMPD4-AS1	-0.038684826110553176
FRRS1	-0.030896729220245747
FRRS1L	-0.11633070190742535
FRS2	0.08687995662606376
FRS3	-0.391582328606014
FRY	0.12252689595207027
FRY-AS1	-0.17546362193692747
FRYL	0.12183913998788362
FRZB	-0.2166407337768806
FSBP	0.12428516893703612
FSCB	-0.11049278082938742
FSCN1	0.17525929560555226
FSCN2	0.14903063352412935
FSCN3	0.21371759148069205
FSD1	0.061893614468846746
FSD1L	-0.09411968504143635
FSD2	0.13913889617742253
FSHB	-0.05358713144253618
FSHR	-0.16826415848313547
FSIP1	-0.08063804548960869
FSIP2	0.06442448821671569
FST	-0.024394683839748223
FSTL1	0.17566786948233204
FSTL3	-0.025397288452399813
FSTL4	-0.10841719362634879
FSTL5	0.08230641253423557
FTCD	-0.04675846086471004
FTCD-AS1	
FTCDNL1	-0.3191609519738127
FTH1	-0.21119753957063947
FTH1P1	-0.3931210902365336
FTH1P10	-0.3564366014925257
FTH1P11	-0.28758107625009643
FTH1P12	-0.277962872894494
FTH1P14	0.23288636434815804
FTH1P15	-0.12015272164765416
FTH1P16	-0.37322120696307975
FTH1P18	-0.09199627329753989
FTH1P19	0.21795782326556365
FTH1P2	-0.3631713186860303
FTH1P20	-0.3758335208346579
FTH1P21	-0.35495067658502555
FTH1P22	0.1671106479502885
FTH1P23	-0.3634480978517278
FTH1P24	-0.20750546677447115
FTH1P25	-0.03922815147637841
FTH1P26	-0.15378883599766113
FTH1P27	0.2442014687777143
FTH1P3	-0.3171269839474647
FTH1P4	-0.31670443125701786
FTH1P5	-0.3618093485290182
FTH1P6	-0.09627629760849082
FTH1P7	-0.29823015575139045
FTH1P8	-0.3255874341225919
FTH1P9	-0.16170673095150628
FTHL17	-0.20842520807806106
FTL	-0.07927345691136692
FTLP1	0.0015214621739970382
FTLP10	0.12810992587785416
FTLP12	0.05446801734141766
FTLP13	-0.19404769268153
FTLP14	0.04680994687007588
FTLP15	-0.12854060939122952
FTLP16	-0.10694710734513145
FTLP17	-0.37980721187457267
FTLP18	-0.05848175843345079
FTLP19	-0.020382701126155738
FTLP2	-0.30883157078287
FTLP3	-0.2246091517920869
FTLP4	0.2773332048888038
FTLP5	-0.34813087447557944
FTLP6	-0.029122266811776723
FTLP8	-0.027176374314697264
FTMT	-0.23793787545632103
FTO	0.2515445837467868
FTO-IT1	0.11056215104065485
FTOP1	0.003555007737834678
FTSJ1	0.010223848000475325
FTSJ2	0.12576246709194272
FTSJ3	0.22562430546251985
FTX	0.08055281180336768
FUBP1	0.12321651144034303
FUBP3	0.06233085978535364
FUCA1	-0.20820008393564327
FUCA1P1	-0.19990619233965828
FUCA2	-0.3194903283742716
FUK	-0.06353811256508311
FUNDC1	-0.10390922397352446
FUNDC2	-0.045027407195763744
FUNDC2P2	-0.26189815829641183
FUNDC2P3	-0.11154119464754454
FUNDC2P4	0.36605269251401346
FUOM	-0.12422608769458772
FURIN	0.2531706857154012
FUS	0.03196264430454928
FUT1	0.003108929663606693
FUT10	0.40392756738421814
FUT11	0.2452317390967168
FUT2	-0.03713392179131337
FUT3	-0.01972156635621348
FUT4	0.1711639324751201
FUT5	-0.12408109569582264
FUT6	-0.06811720389191259
FUT7	0.25085327918076844
FUT8	0.10973971745796123
FUT9	-0.13346936366951714
FUZ	-0.12573365767230082
FXN	-0.07836184833018699
FXR1	0.11495572491392297
FXR2	-0.09758491733545172
FXYD1	-0.3371845207757416
FXYD2	0.17729872553993675
FXYD3	-0.18515378251549738
FXYD4	-0.3043063826546421
FXYD5	0.09502254570003199
FXYD6	-0.014453312315738959
FXYD6-FXYD2	
FXYD6P1	0.1343474367864414
FXYD6P2	0.16856020591942544
FXYD6P3	
FXYD7	-0.061934319862262645
FYB	0.2245662347438449
FYCO1	0.2305182837784391
FYN	0.22261200066800693
FYTTD1	0.3015214851397975
FYTTD1P1	0.1314983758717893
FZD1	-0.25989439253231167
FZD10	0.0699299155402099
FZD10-AS1	0.08720202543147977
FZD2	-0.031103327931572694
FZD3	0.30410245813061637
FZD4	-0.014002555621788391
FZD5	-0.09465184793219804
FZD6	0.17897208226413971
FZD7	-0.16512113705236783
FZD8	-0.15419430211139606
FZD9	-0.15961946460929463
FZR1	-0.0169953622643091
G0S2	0.12956035088241244
G2E3	0.2073562837675991
G3BP1	0.2598022115598116
G3BP2	0.23214082599835087
G6PC	-0.09055593388796736
G6PC2	-0.1352721637494519
G6PC3	-0.36918677824599566
G6PD	0.12791386553315937
GAA	-0.14989342041082035
GAB1	-0.029372821062895946
GAB2	-0.07006753824451473
GAB3	0.15743093212056317
GAB4	0.05385674586663629
GABARAP	-0.28205809032853385
GABARAPL1	-0.17155567089091653
GABARAPL2	-0.10719376061047753
GABARAPL3	-0.32257684757943306
GABBR1	0.043959970292389475
GABBR2	0.03207914414901728
GABPA	0.1325445458222176
GABPB1	0.2244576363097022
GABPB1-AS1	0.03978576948902458
GABPB2	0.0895231745436412
GABRA1	-0.08850784764781015
GABRA2	0.04414446020807285
GABRA3	-0.23647800858683068
GABRA4	-0.07521387680789571
GABRA5	0.24501034649294065
GABRA6	-0.24401880050495728
GABRB1	0.0014015528816722646
GABRB2	-0.21971100880880118
GABRB3	0.04951068013341782
GABRD	0.2555847106182605
GABRE	-0.12353776726335149
GABRG1	-0.04655053595850053
GABRG2	-0.003148659381829022
GABRG3	0.21190841464797108
GABRP	0.06062335391041932
GABRQ	0.029409006410655573
GABRR1	-0.09190117872398619
GABRR2	0.24660362737103636
GABRR3	0.12370185184828228
GACAT1	-0.0020262560801298656
GAD1	0.06934193448452484
GAD2	0.01164248045781438
GADD45A	-0.09162834885246794
GADD45B	0.04003894354715008
GADD45G	-0.21406631447931493
GADD45GIP1	0.047600134149880034
GADL1	0.18262402696338367
GAGE1	-0.2548729328463642
GAGE10	0.04325695558917794
GAGE12B	
GAGE12C	
GAGE12D	
GAGE12E	
GAGE12F	
GAGE12G	
GAGE12H	
GAGE12I	
GAGE12J	
GAGE13	
GAGE2A	-0.038684826110553176
GAGE2B	
GAGE2C	
GAGE2D	
GAGE2E	
GAK	-0.03254982773158886
GAL	0.08633320537536644
GAL3ST1	-0.13558452461336032
GAL3ST2	0.20551726397373002
GAL3ST3	0.2778270471722371
GAL3ST4	-0.287700270003302
GALC	-0.05620508443789637
GALE	-0.11901441881047849
GALK1	-0.03664167323760813
GALK2	-0.11862742124850412
GALM	-0.3115465107394791
GALNS	0.3075805938948407
GALNT1	0.03747997996545344
GALNT10	0.2440438366401193
GALNT11	-0.15506675542113835
GALNT12	-0.20478776277820182
GALNT13	-0.11714236306280525
GALNT14	0.15652763569894473
GALNT15	0.0876285003431545
GALNT16	-0.09548410013106484
GALNT18	-0.10627649132930633
GALNT2	0.16770032646958966
GALNT3	-0.10432733511338274
GALNT4	0.27185507429313
GALNT5	0.12384640784256863
GALNT6	0.02967786887276891
GALNT7	0.19902646613201022
GALNT8	0.18302938839887173
GALNT9	-0.20269293051506354
GALNTL5	0.07351112901870352
GALNTL6	0.13566328614283027
GALP	-0.16804244453250136
GALR1	0.10504672304701547
GALR2	0.016117880135574966
GALR3	-0.01846047634054386
GALT	-0.18550226499061664
GAMT	-0.0022727967152342834
GAMTP2	-0.2036208116548337
GAN	0.18301362030999155
GANAB	0.13722611852065777
GANC	-0.02935897581810929
GAP43	0.09338251988401383
GAPDH	-0.3677660194460753
GAPDHP1	-0.19848655086460698
GAPDHP14	0.14540680548644774
GAPDHP15	-0.13268336385564278
GAPDHP16	0.034961423077569144
GAPDHP17	-0.03946511491106505
GAPDHP19	0.3988505871322154
GAPDHP2	-0.19250677842308056
GAPDHP20	0.04307872786950721
GAPDHP21	-0.2728884310818518
GAPDHP22	0.14236238652413616
GAPDHP23	0.08919347820394893
GAPDHP24	-0.17408713688372227
GAPDHP25	-0.06072141221257426
GAPDHP26	-0.12472599753335419
GAPDHP27	0.03335703334370811
GAPDHP28	0.09094893821311445
GAPDHP29	-0.3290778615202333
GAPDHP31	-0.1212429743631673
GAPDHP32	-0.1384084297699591
GAPDHP33	0.20817430286527752
GAPDHP34	-0.13320139918766138
GAPDHP36	-0.21582341140936978
GAPDHP37	0.06601905657147966
GAPDHP38	-0.32667153849360814
GAPDHP39	-0.11470144868553707
GAPDHP40	-0.37064983447016486
GAPDHP41	-0.02152311776806361
GAPDHP42	0.09905129910571629
GAPDHP44	-0.32884081856854075
GAPDHP45	0.03890657660037277
GAPDHP46	-0.27385161241633105
GAPDHP47	0.017433094621910068
GAPDHP48	-0.002723006720381312
GAPDHP49	0.1854627531416119
GAPDHP50	0.035447992899276665
GAPDHP51	0.030265004445188898
GAPDHP52	0.04282751629755018
GAPDHP53	0.2086866766898592
GAPDHP54	0.055323222410626774
GAPDHP55	0.35350402461678976
GAPDHP56	0.1406882223648774
GAPDHP57	0.15433723173181674
GAPDHP58	0.07826057158939494
GAPDHP59	-0.05610124546396938
GAPDHP60	-0.25392039298696595
GAPDHP61	-0.37780163164670866
GAPDHP62	-0.025401645157747326
GAPDHP63	-0.33454817279251753
GAPDHP64	-0.05677232047887685
GAPDHP65	-0.3077215014452936
GAPDHP66	-0.0329794988574755
GAPDHP67	-0.3479836779958817
GAPDHP68	-0.3190272766733167
GAPDHP69	-0.20234017318055844
GAPDHP70	-0.25032038966522446
GAPDHP71	-0.3086326659372292
GAPDHP72	-0.32686332951912783
GAPDHP73	0.034314854488784
GAPDHS	-0.1982775716718695
GAPT	0.20630297582823995
GAPVD1	0.34341075337625976
GAR1	-0.18430159835965107
GAREM	0.13601080240584953
GAREML	-0.020296623145033547
GARNL3	0.09439813020673268
GARS	0.0965264782660059
GART	0.23850017538291385
GAS1	0.057889828461920124
GAS2	0.14574541446788167
GAS2L1	-0.15952883360400985
GAS2L2	-0.1509216684872355
GAS2L3	-0.10903202981620794
GAS5	-0.23342195509272132
GAS5-AS1	-0.10487576980528078
GAS6	-0.22143656881163118
GAS6-AS1	0.21935209437619183
GAS6-AS2	-0.2247792097603763
GAS7	0.14100988818769766
GAS8	-0.03015582853419847
GAST	-0.18809873543839545
GATA1	0.08715131464449231
GATA2	-0.11460778551004298
GATA3	0.1033561385654814
GATA3-AS1	0.13249456137225027
GATA4	-0.23017102636495615
GATA5	-0.07025583788555652
GATA6	-0.238720439627001
GATA6-AS1	-0.3129145346443417
GATAD1	0.17667110424376994
GATAD2A	-0.07734863879117475
GATAD2B	0.19879462495482822
GATC	0.15671534101269222
GATM	-0.03923291436617642
GATS	-0.05369118317001613
GATSL1	-0.043018063841443625
GATSL2	-0.04944229463611786
GATSL3	0.0656090847470976
GBA	-0.03946276889031625
GBA2	-0.18917124288986537
GBA3	-0.016902633727125978
GBAP1	-0.17980082806567688
GBAS	-0.26414501993034667
GBE1	-0.11889290295618926
GBF1	0.23077986823915053
GBGT1	0.06531482547385747
GBP1	0.14265085467638758
GBP1P1	0.11113671796751358
GBP2	0.17276945761473908
GBP3	0.2798316000848977
GBP4	0.1873113482209832
GBP5	0.1053305217088574
GBP6	-0.056367967143561945
GBP7	0.07692002213285953
GBX1	-0.08485516624683706
GBX2	0.004257970402234648
GC	-0.10616874502788609
GCA	0.08921304535858643
GCAT	-0.20014749128966094
GCC1	0.3617908195266618
GCC2	0.32776347873033823
GCDH	-0.1577863116438475
GCFC2	-0.08355854218525517
GCG	-0.01183911501859855
GCGR	-0.10693496875038032
GCH1	0.08402754535214607
GCHFR	-0.22853020209996366
GCK	-0.09622540934538502
GCKR	-0.09253181563680164
GCLC	-0.25890562476538603
GCLM	-0.07019735349802138
GCM1	0.18830520549803537
GCM2	-0.014479914764607959
GCN1L1	0.3958119723466642
GCNT1	0.02361977333690593
GCNT1P1	0.20586111119144926
GCNT1P2	0.28053452153389247
GCNT1P3	-0.20236033383020346
GCNT1P4	-0.03454233124738225
GCNT1P5	0.382135059636399
GCNT2	-0.09338361197056648
GCNT3	0.21472714119725253
GCNT4	0.04967221066188414
GCNT6	0.025355422209194227
GCNT7	-0.06571862882527213
GCOM1	0.13810267546775262
GCOM2	-0.11878354405575405
GCSAM	0.15114194724099184
GCSAML	-0.0691750170786034
GCSAML-AS1	0.08254323808195695
GCSH	-0.2668499516269149
GCSHP1	0.10656476774357872
GCSHP2	-0.13027485482203852
GCSHP3	
GCSHP4	-0.18752652823231258
GCSHP5	0.2946021927503149
GDA	0.003696166485393967
GDAP1	-0.08209684298815026
GDAP1L1	0.0765399378050441
GDAP2	0.30591859998866316
GDE1	-0.004305410627332046
GDF1	
GDF10	-0.2406392238614872
GDF11	0.13091874783914992
GDF15	0.18486793708946447
GDF2	0.1643078607078767
GDF3	0.10496187787550432
GDF5	-0.022590877114902163
GDF5OS	0.006380602122937177
GDF6	-0.08657418778304186
GDF7	0.30550263869525623
GDF9	-0.17283465126489164
GDI1	0.0455268006938151
GDI2	0.057198890782605025
GDI2P1	-0.3194915167736802
GDI2P2	-0.24254030528963905
GDNF	-0.22573724521830713
GDNF-AS1	-0.21205546844679385
GDPD1	0.04813244777028949
GDPD2	-0.11536203921353037
GDPD3	-0.17120534787495054
GDPD4	-0.44534104710537253
GDPD5	0.004665406904602646
GDPGP1	0.32789602118629557
GEM	0.2620800103182663
GEMIN2	-0.033032157434835153
GEMIN4	0.08395477781647621
GEMIN5	0.2654618122835499
GEMIN6	0.021986315387068668
GEMIN7	-0.03336749709847146
GEMIN8	-0.22867319641616796
GEMIN8P2	-0.2094298314420744
GEMIN8P3	-0.0604323052361645
GEMIN8P4	-0.19695562710572864
GEN1	0.1843021572434864
GET4	-0.1606420472714495
GFAP	0.14356263603080016
GFER	-0.23503619519056024
GFI1	-0.000938316615231569
GFI1B	0.005244046262713015
GFM1	-0.13702126199474035
GFM2	-0.09913333921125789
GFOD1	-0.04350034028102291
GFOD1-AS1	-0.07022888501510703
GFOD2	-0.12434526952210385
GFPT1	0.15468962750671178
GFPT2	0.17814040335847864
GFRA1	0.12426495360025536
GFRA2	-0.2907116461758401
GFRA3	-0.24047403830431097
GFRA4	0.11567199865462695
GFRAL	-0.017343737082853285
GGA1	-0.1012003866872217
GGA2	0.2050709157186501
GGA3	0.08944957411760132
GGACT	0.02009561892280721
GGCT	-0.2732959493798696
GGCX	0.2652450866241869
GGH	0.03406924450090914
GGN	-0.09314285693807113
GGNBP1	0.2456884400672029
GGNBP2	-0.0899806801935568
GGPS1	-0.03602637494714625
GGT1	-0.1209774500296532
GGT2	-0.052357730318368316
GGT3P	0.0018450107187947564
GGT5	-0.024101801713169387
GGT6	-0.06932433815698066
GGT7	-0.17397152991438003
GGT8P	0.03999607687037325
GGTA1P	-0.207497900105371
GGTA2P	0.05858622860341933
GGTLC1	-0.25609145187306176
GGTLC2	-0.2038744031331637
GGTLC3	-0.06196385154062151
GH1	0.16139263331232756
GH2	-0.038684826110553176
GHDC	-0.10796497409890533
GHITM	-0.2074514328988654
GHR	-0.23492075222705977
GHRH	-0.27859545562113786
GHRHR	-0.22900353323954656
GHRL	0.06775802798346081
GHRLOS	-0.15823738286560124
GHSR	-0.01645501965631027
GID4	0.08516583500469495
GID8	0.19215353296155374
GIF	-0.007660938933218692
GIGYF1	-0.03472372184964524
GIGYF2	0.24058476096398965
GIMAP1	0.1316529377180423
GIMAP2	-0.07188422161379182
GIMAP4	0.11475578225824663
GIMAP5	0.04521564741323916
GIMAP6	0.06902799098766736
GIMAP7	0.06065218742046443
GIMAP8	0.1257119431588409
GIMD1	-0.23788016419639582
GIN1	0.11239875177390936
GINM1	0.05707904802916005
GINS1	-0.061947133918118194
GINS2	-0.16196095912353173
GINS3	-0.13854459816815587
GINS4	-0.04444261003232924
GIP	-0.20550630323682212
GIPC1	-0.038593647570830975
GIPC2	-0.11736417353879801
GIPC3	-0.03778273790090041
GIPR	-0.14641218033080922
GIT1	-0.0776966253558156
GIT2	0.2684311883800203
GJA1	0.15328788655332828
GJA10	-0.2113352792429454
GJA1P1	-0.21584769416468216
GJA3	0.15230100426882634
GJA4	0.018159830876702907
GJA5	0.1013966036825433
GJA6P	0.3764031518910204
GJA8	-0.21347540177083232
GJA9	-0.06778567918997473
GJB1	-0.197741417886092
GJB2	-0.03394747155656571
GJB3	-0.1408989541252513
GJB4	-0.05084205132454736
GJB5	-0.1155527049004605
GJB6	0.030159239239573477
GJB7	0.10193944343482027
GJC1	0.26716396142266924
GJC2	-0.27164369395999505
GJC3	0.021889147272940085
GJD2	0.11988543623440533
GJD3	0.11402411770157668
GJD4	-0.09402206558021825
GJE1	0.3063849010515103
GK	0.011984304307148228
GK-AS1	-0.1788114129781139
GK-IT1	0.09929257980485479
GK2	-0.2644144197848719
GK3P	0.26415233980666103
GK5	0.05197778756262109
GKAP1	-0.1149929865938829
GKN1	-0.2441641988320402
GKN2	-0.021052495695383425
GLA	-0.13129604998491992
GLB1	0.1297919964373789
GLB1L	-0.23437743627647495
GLB1L2	-0.30678991800201794
GLB1L3	0.04267307406124484
GLCCI1	0.2657294664273745
GLCE	-0.022922834843175064
GLDC	0.04964775963461051
GLDCP1	0.044103309759461494
GLDN	0.034134128989549005
GLE1	-0.22226250603396153
GLG1	0.3883244608414727
GLI1	-0.18147784171107126
GLI2	-0.11256806730324138
GLI3	0.09886422839379111
GLI4	-0.2215498557125893
GLIPR1	0.15511686786563045
GLIPR1L1	-0.00733206183928099
GLIPR1L2	-0.020948038965437312
GLIPR2	-0.1276104972084191
GLIS1	-0.0762178623973163
GLIS2	-0.07378483727808909
GLIS3	0.0824551420717538
GLIS3-AS1	-0.08445849102317059
GLMN	0.21311729209410674
GLO1	0.02187418589701284
GLOD4	-0.3037202241074261
GLOD5	-0.17765562457962816
GLP1R	-0.06658065383421455
GLP2R	-0.30873107633564634
GLRA1	-0.06789660650745237
GLRA2	-0.16179950947661947
GLRA3	0.06159606516353897
GLRA4	-0.053338593675228724
GLRB	0.06381125038941174
GLRX	0.03467729103169924
GLRX2	0.02818038437893164
GLRX3	0.27356387904154933
GLRX5	-0.22912727543898023
GLRXP	-0.1931812453724679
GLRXP3	-0.11074037053776871
GLS	-0.00223561679543241
GLS2	0.04379175385689478
GLT1D1	0.16421813320282305
GLT6D1	0.06492024892090333
GLT8D1	-0.2442732248227151
GLT8D2	-0.02556956649746225
GLTP	-0.13891918072775356
GLTPD1	-0.017360928814776567
GLTPD2	-0.21064715115972954
GLTPP1	-0.27629213782952894
GLTSCR1	0.12223262741855821
GLTSCR1L	0.20374548577197343
GLTSCR2	0.03133046744120188
GLUD1	-0.11870493162370369
GLUD1P2	0.13218478888551036
GLUD1P3	-0.009381366835752289
GLUD1P4	-0.16684803032464143
GLUD1P6	0.056660126756751916
GLUD1P7	-0.010834985542539182
GLUD1P8	0.2937039968752436
GLUD1P9	-0.18623046484940525
GLUD2	-0.3279220800118278
GLUDP5	-0.2405501932852405
GLUL	0.05179769650433256
GLULP3	-0.19101244163801506
GLULP4	-0.22125651091717657
GLULP5	0.017649229380971045
GLULP6	-0.18743760079446514
GLYAT	-0.2062805029859263
GLYATL1	-0.07803340633166486
GLYATL1P1	-0.008967050010602105
GLYATL1P2	-0.0018029046139403939
GLYATL1P3	-0.18795122273834702
GLYATL1P4	0.0006107902197623603
GLYATL2	-0.22683268695259526
GLYATL3	-0.017210127180997965
GLYCAM1	-0.027250462645543098
GLYCTK	-0.144638573380959
GLYCTK-AS1	0.049613818999009955
GLYR1	0.06172526303861232
GM2A	0.06538882441252251
GM2AP1	-0.06480498197791773
GM2AP2	-0.10501886117625645
GMCL1	0.08762222706860949
GMCL1P1	-0.2975857722729328
GMDS	-0.06896523117909713
GMDS-AS1	-0.12548988546282885
GMEB1	0.31628512908394535
GMEB2	0.21740534806668843
GMFB	-0.010320390311885008
GMFBP1	-0.25571043052059433
GMFG	0.23924512946834375
GMIP	0.17453445979322899
GML	-0.0027872344206664765
GMNC	0.1320763415263653
GMNN	-0.11924874215606451
GMPPA	-0.10978655918420908
GMPPB	-0.1945693771390022
GMPR	-0.05132676496325075
GMPR2	-0.3323800271449609
GMPS	0.0849455344260496
GMPSP1	0.25479438278118444
GNA11	-0.07165202848751971
GNA12	0.2573349193500367
GNA13	0.1770030757820629
GNA14	0.11559701892181116
GNA15	0.1985575027877322
GNAI1	-0.10223844659528082
GNAI2	0.15516281876548424
GNAI2P1	0.32127390718104337
GNAI2P2	0.03129378400927121
GNAI3	0.05447858836220027
GNAL	-0.014450309997824604
GNAO1	-0.025830860351248264
GNAQ	0.031063675518839946
GNAQP1	0.05691262111848533
GNAS	0.038370242144415534
GNAS-AS1	-0.0020864065935993475
GNAT1	-0.10195459040445982
GNAT2	0.18217869035825152
GNAT3	-0.14057184937767828
GNAZ	-0.17014077787632592
GNB1	-0.11752358684119976
GNB1L	0.0910201056537956
GNB2	-0.15125238006291883
GNB2L1	-0.1536948682506595
GNB3	-0.06564000881475707
GNB4	0.1648532502999937
GNB5	0.2854158234639474
GNE	-0.13620263203210312
GNG10	-0.1961916818021929
GNG11	0.035365658550473134
GNG12	-0.001816535927102041
GNG12-AS1	0.050448566905197195
GNG13	-0.08886331069788847
GNG2	0.20965767989866568
GNG3	0.10995275352522087
GNG4	-0.09888229995945716
GNG5	-0.06131723620056689
GNG5P1	-0.14787065573373714
GNG5P2	-0.03536015077572707
GNG5P3	-0.008689580717229032
GNG5P5	0.11853791787745942
GNG7	0.11859511576406352
GNG8	0.3496820727338929
GNGT1	0.0962246166705053
GNGT2	0.29030068114927665
GNL1	0.22427297440881244
GNL2	0.06079554010568882
GNL3	-0.0020478266923083044
GNL3L	0.3599126910837783
GNL3LP1	-0.0050841256153071005
GNLY	-0.03057208730261027
GNMT	0.015480686432028568
GNPAT	0.07843655145144972
GNPATP	-0.2492060710083367
GNPDA1	-0.1608669288942818
GNPDA2	-0.08462525345216326
GNPNAT1	0.16384038914474
GNPTAB	0.09371402770123563
GNPTG	-0.16196454401894084
GNRH1	-0.216026958670769
GNRH2	0.04542662150719184
GNRHR	-0.07909390159763661
GNRHR2	-0.2266691821803759
GNRHR2P1	
GNS	0.16619711316670113
GOLGA1	0.07954038442529676
GOLGA2	0.1075118187524211
GOLGA2B	-0.1243275839489153
GOLGA2P1	-0.12649253197221863
GOLGA2P2Y	
GOLGA2P3Y	-0.07243224673845453
GOLGA2P4	0.06577612021081743
GOLGA2P6	-0.20929599783493813
GOLGA3	0.30155405195615975
GOLGA4	0.18581901319600974
GOLGA5	0.020654908154568743
GOLGA5P1	0.3246204474851914
GOLGA6A	-0.07666864947579582
GOLGA6B	0.32504922358229776
GOLGA6C	0.046986612019935044
GOLGA6D	-0.1984680418007724
GOLGA6L1	0.1845196632715787
GOLGA6L10	-0.27160095919147337
GOLGA6L11P	
GOLGA6L16P	-0.2349314124202479
GOLGA6L2	-0.05962461975576979
GOLGA6L3	-0.28109518439370784
GOLGA6L4	-0.04599376743187663
GOLGA6L5	-0.19526006411050328
GOLGA6L6	0.15782557435070735
GOLGA6L7P	-0.010886929476704034
GOLGA6L9	-0.4122853253490692
GOLGA7	0.2736970488366135
GOLGA7B	-0.008548477763653757
GOLGA8A	-0.06843003007818174
GOLGA8B	0.09387800252200919
GOLGA8CP	0.02864668003464331
GOLGA8DP	0.15492828966002425
GOLGA8EP	-0.07216624962253837
GOLGA8F	-0.21614303936071616
GOLGA8G	-0.01329803974629305
GOLGA8H	0.30114313128839676
GOLGA8I	-0.024705606326964627
GOLGA8J	-0.277378425009519
GOLGA8K	-0.024985215261878618
GOLGA8M	0.08441279137247193
GOLGA8N	0.09623393264626098
GOLGA8O	0.023373668991362527
GOLGA8Q	0.006198871371984832
GOLGA8R	0.2764437102877957
GOLGA8S	0.020441564427825794
GOLGA8T	0.07277759323658364
GOLGA8UP	-0.0016366435424102009
GOLGB1	0.2935176265531014
GOLIM4	-0.07321160226742418
GOLM1	-0.09440000594483954
GOLPH3	0.094057981523037
GOLPH3L	0.04898976729792037
GOLT1A	-0.056376471234818995
GOLT1B	0.2841740929705077
GON4L	0.37305685736010996
GOPC	0.08654863420075196
GORAB	0.2745318070170776
GORASP1	-0.23109770441919264
GORASP2	-0.14679154589948246
GOSR1	0.2898777652358472
GOSR2	0.17971185570948298
GOT1	-0.2512895426549705
GOT1L1	0.14598999166226814
GOT2	-0.052332529243408185
GOT2P1	0.004234116572758067
GOT2P2	-0.12660441544534787
GOT2P3	-0.3108863646639507
GOT2P5	0.38419619883332873
GP1BA	0.2237162247377724
GP1BB	
GP2	0.07392864064153107
GP5	0.26947743446540895
GP6	-0.19014722214603227
GP9	0.0828042119781316
GPA33	-0.22954121902003177
GPAA1	-0.16798711141433528
GPAA1P1	
GPALPP1	-0.0105873901553607
GPAM	0.04254985601347123
GPANK1	-0.13570055725024754
GPAT2	0.16567255666530675
GPATCH1	0.020136343764075887
GPATCH11	0.30065251676475035
GPATCH2	-0.014682539251317213
GPATCH2L	0.3675845664660053
GPATCH3	-0.0703250351500236
GPATCH4	-0.024234823596741915
GPATCH8	0.19151312946114038
GPBAR1	-0.07454178858087347
GPBP1	0.21832372839235067
GPBP1L1	-0.0968514797704706
GPC1	-0.1880580676989441
GPC2	-0.05643825136094871
GPC3	0.005555307444120529
GPC4	-0.2069521237313016
GPC5	0.10140442163977907
GPC5-AS1	-0.24955037587198625
GPC5-AS2	
GPC5-IT1	-0.009705920612146918
GPC6	-0.06044230022276914
GPC6-AS1	0.3638314238215966
GPC6-AS2	-0.03325912453167606
GPCPD1	0.2118410463512401
GPD1	-0.04282301955226423
GPD1L	-0.2084930031513876
GPD2	-0.06677689822321493
GPER1	-0.14866975908094138
GPHA2	0.2544488513669688
GPHB5	0.16161283533502666
GPHN	-0.286001939936222
GPI	-0.25220836495560733
GPIHBP1	0.10962250426871539
GPKOW	-0.29872609725261934
GPLD1	-0.06092726749541325
GPM6A	-0.0027041641129049083
GPM6B	-0.07199659137965463
GPM6BP1	
GPM6BP2	-0.16170673095150628
GPM6BP3	-0.008967050010602105
GPN1	-0.24009045430185944
GPN2	-0.04253878441597298
GPN3	-0.06566095167143568
GPN3P1	
GPNMB	-0.04925207179697378
GPR1	0.077254153090445
GPR101	-0.014855817664874541
GPR107	0.0937286222122108
GPR108	-0.1172243785003298
GPR110	-0.05841804428140114
GPR111	-0.00434964134547972
GPR112	0.0015471863821625625
GPR113	0.1027823855460064
GPR114	0.22384900904276456
GPR115	-0.1804461312436282
GPR116	0.1553471940427896
GPR119	0.14752763334774147
GPR12	0.138047457698324
GPR123	-0.007250280879586119
GPR124	-0.04836334789801114
GPR125	-0.2012255827780099
GPR126	0.2340886939663631
GPR128	-0.002604455708669979
GPR132	0.2163724116822256
GPR133	-0.19749152051937097
GPR135	-0.007167312449718238
GPR137	0.06872690038098062
GPR137B	0.12808020525471286
GPR137C	0.010977784686971366
GPR139	0.11453577444442313
GPR141	0.12385896832739439
GPR142	0.09168179641518012
GPR143	-0.041239300153921805
GPR143P	-0.22313322594306392
GPR144	-0.31615573682949466
GPR146	-0.10936550830038094
GPR148	0.11002068783673614
GPR149	0.28578620255629755
GPR15	-0.16484209658789215
GPR150	-0.10598257345765932
GPR151	-0.2940458109541679
GPR152	0.10409010605544186
GPR153	0.0573065498811986
GPR155	0.15497269900716829
GPR156	0.055426385314308914
GPR157	0.25162812985701677
GPR158	-0.26163901865581235
GPR158-AS1	0.23716063651181632
GPR160	-0.20472283438366973
GPR161	-0.0574153344717401
GPR162	-0.2241745136953395
GPR17	-0.2070667138281539
GPR171	0.20594436617405146
GPR173	0.046568396111377815
GPR174	0.3660327657428337
GPR176	0.14883510718529605
GPR179	0.270436821236205
GPR18	0.23826761963005
GPR180	0.00270102746958182
GPR182	0.22928518023706349
GPR183	0.1371791569739605
GPR19	0.015637651613679547
GPR20	-0.11322663117862883
GPR21	-0.09265010294037357
GPR22	0.01030082988507251
GPR25	-0.04965251922373979
GPR26	-0.08655746756042822
GPR27	0.12629784009428544
GPR3	0.06773843285455566
GPR31	0.14493882765490718
GPR32	-0.06655382705457338
GPR32P1	-0.04450919405825417
GPR33	0.06178685472293195
GPR34	-0.15121182266560954
GPR35	-0.07418365558391504
GPR37	-0.08911980114111713
GPR37L1	-0.12297842580732056
GPR39	-0.14574045478456174
GPR4	0.2085953302243412
GPR42	0.18200923331355137
GPR45	-0.13057452953374776
GPR50	-0.08673386247184738
GPR50-AS1	0.17870124979386862
GPR52	-0.25872476468264616
GPR53P	-0.25783863386474215
GPR55	0.14918333881857165
GPR56	-0.01376996204794618
GPR6	0.0021255955697280266
GPR61	0.03789238763818844
GPR62	-0.09273126288319536
GPR63	-0.1669524383941377
GPR64	0.19892017554425412
GPR65	0.17552506113570573
GPR68	0.3385004213875797
GPR75	0.23070923836489773
GPR75-ASB3	0.10453180189066671
GPR78	0.11514833832230628
GPR79	-0.20915747109925528
GPR82	0.0386278708501449
GPR83	-0.07188935975262872
GPR84	0.2134028387037284
GPR85	0.22905900905237214
GPR87	-0.2867552878760221
GPR88	0.22645990720928252
GPR89A	-0.1979695837664783
GPR89B	-0.0799695459870496
GPR89C	0.08640584553924628
GPR97	0.1732592833017813
GPR98	-0.09723923414733739
GPRASP1	0.14896157075393926
GPRASP2	-0.018985723803461085
GPRC5A	0.00807137678542308
GPRC5B	0.135097798601798
GPRC5C	-0.15901703507984805
GPRC5D	-0.10903581918364406
GPRC6A	0.07773503215783333
GPRIN1	0.27787314564196436
GPRIN2	0.16962162263156505
GPRIN3	0.18984633490145236
GPS1	-0.2089627457089341
GPS2	-0.2017397551511992
GPSM1	-0.06994768348397003
GPSM2	-0.2781153108631104
GPSM3	0.20867136555999327
GPT	-0.16653664458516776
GPT2	0.11237705207718118
GPX1	-0.05116960385414174
GPX1P1	0.0728578647365839
GPX1P2	-0.2805520760801676
GPX2	-0.13847363185778166
GPX3	-0.20327067977086968
GPX4	-0.19155423680115774
GPX5	0.22472713772510383
GPX6	-0.18964194559734832
GPX7	0.14210484810262794
GPX8	0.06626246166536273
GRAMD1A	0.2223913769067776
GRAMD1B	0.03598764568361627
GRAMD1C	-0.04471506387762225
GRAMD2	0.0065290846285548775
GRAMD3	-0.1411388074597744
GRAMD4	-0.12204178317674874
GRAMD4P1	0.07350519806187426
GRAMD4P2	-0.08476782470066499
GRAMD4P3	-0.1660420476877059
GRAMD4P4	0.23738260504415581
GRAMD4P5	-0.10659193397360457
GRAMD4P6	
GRAMD4P7	0.14618105425673403
GRAMD4P8	0.004907756190583414
GRAP	0.23317237853938572
GRAP2	0.2052311535267959
GRAPL	0.24810003409755377
GRASP	0.07773064400080286
GRB10	0.1468288400244391
GRB14	-0.1355364875282768
GRB2	0.32309844676504534
GRB7	-0.3058873219561273
GREB1	0.1849693983547537
GREB1L	0.047651568939728384
GREM1	0.2034245275209775
GREM2	-0.2485513296945914
GRHL1	0.22534130332981786
GRHL2	-0.07811329150486505
GRHL3	0.15296542982939432
GRHPR	-0.30736396717669495
GRIA1	-0.03923100471019063
GRIA2	-0.17540730870876622
GRIA3	-0.13221670856391504
GRIA4	0.0795072446739334
GRID1	0.001773821435125562
GRID2	0.06353655346535668
GRID2IP	-0.05377876119301182
GRIFIN	0.26942817370664995
GRIK1	0.010040690427411061
GRIK1-AS1	-0.13204561981068166
GRIK1-AS2	
GRIK2	-0.040792360679202826
GRIK3	-0.037669282195914075
GRIK4	-0.12906966230014838
GRIK5	-0.06164742561618648
GRIN1	0.07284626011717354
GRIN2A	-0.33719072337758765
GRIN2B	-0.10045383319630607
GRIN2C	-0.016307363049033772
GRIN2D	0.008075189829554895
GRIN3A	0.23474985426897832
GRIN3B	-0.10020038947617375
GRINA	0.010181351448682633
GRIP1	-0.07668849548247857
GRIP2	0.17110857332562615
GRIPAP1	0.350398592026501
GRK1	-0.10610944553673396
GRK4	-0.12585760498205548
GRK5	0.07553598947685242
GRK6	0.1894019016094404
GRK6P1	0.32519466503782013
GRK7	0.09562979959112468
GRM1	-0.10639817549703422
GRM2	0.21996656381268925
GRM3	-0.27110831650500966
GRM4	-0.09527335937279004
GRM5	0.10854239799619177
GRM5-AS1	0.15206984072895982
GRM6	-0.07210786363391675
GRM7	-0.11704707548326164
GRM7-AS1	-0.2070253065332499
GRM7-AS2	
GRM7-AS3	0.0021108824427976806
GRM8	-0.10177675147832979
GRN	0.009525932016015433
GRP	-0.023172373247962567
GRPEL1	0.1274081666670712
GRPEL2	0.26167740309271736
GRPEL2-AS1	-0.04660265031140264
GRPEL2P1	
GRPEL2P2	-0.06365661363075562
GRPEL2P3	-0.14114335679009754
GRPR	0.1000351698419318
GRSF1	-0.18705417794968976
GRTP1	-0.1498073398871035
GRTP1-AS1	-0.1558353914000559
GRWD1	0.12856049076363182
GRXCR1	0.08710888342512739
GRXCR2	-0.29333293970102975
GSAP	0.15558565806707514
GSC	0.04769647017284703
GSC2	-0.05730439141868529
GSDMA	0.01476292391612428
GSDMB	-0.08287144030891481
GSDMC	0.08762710597584175
GSDMD	0.06188894779433095
GSE1	-0.06357788664049477
GSG1	-0.04536974384805446
GSG1L	-0.36419548034929533
GSG2	0.061780956935462684
GSK3A	-0.20308328604841866
GSK3B	0.33585991518396036
GSKIP	0.0579461940698511
GSN	0.0584803038531501
GSN-AS1	-0.1713402202485541
GSPT1	0.20644173573155994
GSPT2	0.23543845282078293
GSR	-0.22729684190932956
GSS	-0.3057704722511644
GSTA1	-0.09935448988210177
GSTA2	-0.05526330934539548
GSTA3	-0.24317877951215572
GSTA4	-0.3419833663348952
GSTA5	-0.05100367277459594
GSTA6P	-0.008548857168564601
GSTA7P	0.06296718915178537
GSTCD	0.03672363759874081
GSTK1	-0.2835753033681665
GSTM1	0.18154498800772614
GSTM2	-0.13034562630103294
GSTM2P1	-0.13290953418034757
GSTM3	-0.2438638243897027
GSTM3P1	-0.08246611591025292
GSTM3P2	0.2587720749412652
GSTM4	-0.20731217201264351
GSTM5	-0.15891346944693974
GSTM5P1	0.16652757812452934
GSTO1	0.11712168950767962
GSTO2	-0.17042102691687983
GSTO3P	-0.25829729137732965
GSTP1	-0.239092249342792
GSTP1P1	-0.1691722169472678
GSTT1	-0.03529866502178405
GSTT2	-0.02176593912546223
GSTT2B	0.10416624786707938
GSTTP1	
GSTTP2	-0.06350616082008118
GSTZ1	-0.14837556836542298
GSX1	0.05452988336199684
GSX2	0.04980677134352932
GTDC1	-0.05159246838676535
GTF2A1	0.16695874080109627
GTF2A1L	-0.05241457815863949
GTF2A2	-0.06416089505645838
GTF2B	0.15554579071569954
GTF2E1	0.26213352217070285
GTF2E2	0.12248035597023543
GTF2F1	-0.08191853785804318
GTF2F2	-0.22801712665124219
GTF2F2P1	0.23601817947047646
GTF2F2P2	-0.258631460992904
GTF2H1	0.09365904552914076
GTF2H2	0.05885437651300536
GTF2H2B	0.10294922591511316
GTF2H2C	0.08917982849974322
GTF2H3	0.11552916344849304
GTF2H4	-0.24797648677620893
GTF2H5	-0.05425614161903909
GTF2I	0.3696854630548489
GTF2IP1	-0.28912667686681015
GTF2IP2	-0.08484096335699069
GTF2IP3	
GTF2IRD1	0.04376461434984801
GTF2IRD1P1	-0.10490607101392362
GTF2IRD2	-0.04483673281708222
GTF2IRD2B	-0.12601611593121523
GTF2IRD2P1	-0.1695792354093999
GTF3A	0.12189020912738865
GTF3C1	0.34624515979257486
GTF3C2	-0.029920653224321025
GTF3C3	0.1256041862118148
GTF3C4	0.3037204422877789
GTF3C5	-0.14094553557292563
GTF3C6	0.03289031442430294
GTPBP1	0.24536086401067364
GTPBP10	0.22763754009166418
GTPBP2	-0.0956016200178058
GTPBP3	-0.15881747731482143
GTPBP4	0.13195911638207022
GTPBP6	0.06299265338640989
GTPBP8	0.14987705175714222
GTSCR1	0.14878673915142543
GTSE1	-0.05816643345322948
GTSF1	0.23390075374482128
GTSF1L	0.3137968714586324
GUCA1A	0.1164686265311773
GUCA1B	-0.11111234495937299
GUCA1C	-0.06655382705457338
GUCA2A	-0.0160803673901065
GUCA2B	-0.08428963550217738
GUCD1	-0.1767124896294688
GUCY1A2	0.11692689270193557
GUCY1A3	0.18568188013205772
GUCY1B2	-0.09335071041438163
GUCY1B3	0.2379930811739286
GUCY2C	-0.04267269954830644
GUCY2D	-0.03547101155373445
GUCY2EP	0.16566020826717118
GUCY2F	0.16495692958873587
GUCY2GP	0.1259679026723149
GUF1	0.041692835677079126
GUK1	-0.030305290539514047
GULOP	0.004502787410938195
GULP1	-0.03257129108124898
GUSB	-0.20973358796575955
GUSBP1	-0.17933651234763487
GUSBP10	-0.11094605021985185
GUSBP11	0.04051409131152737
GUSBP12	-0.11262564640979995
GUSBP2	0.24661866550971637
GUSBP3	0.051149199640957696
GUSBP4	0.04906840262697453
GUSBP5	-0.21002438473460364
GUSBP6	-0.06732961954786955
GUSBP8	0.13250176738913702
GUSBP9	0.060196802884562806
GVINP1	0.29830994986874826
GVINP2	-0.36180628457908703
GXYLT1	0.3300076871130335
GXYLT1P1	0.04563776672755139
GXYLT1P2	
GXYLT2	0.0197923658006174
GYG1	0.20516294591056627
GYG1P1	-0.24482964955424108
GYG1P2	0.10838036628208313
GYG1P3	0.1340788291405366
GYG2	0.1500273220958246
GYG2-AS1	-0.1961532621089426
GYG2P1	-0.14131496681737027
GYLTL1B	0.2709868143428839
GYPA	0.11125662404094877
GYPB	-0.002993072031100213
GYPC	0.10473265772843975
GYPE	0.2764203977212757
GYS1	0.004968518007457448
GYS2	-0.0011547931893229153
GZF1	0.16539592610831386
GZMA	0.004734244853876438
GZMAP1	-0.12804944600595988
GZMB	-0.003782627484998996
GZMH	-0.0019504189116524029
GZMK	0.051162735850691435
GZMM	0.15954563625541324
H19	-0.1314881381209873
H1F0	-0.2721215143543777
H1FNT	-0.1224811763013574
H1FOO	0.34894056052421224
H1FX	0.06883817231364989
H1FX-AS1	-0.041253692553216155
H2AFB1	-0.11041349538362834
H2AFB2	-0.038684826110553176
H2AFB3	0.2328390438550467
H2AFJ	-0.0388687202790235
H2AFV	-0.17066225649598085
H2AFX	-0.05417152505119735
H2AFY	-0.21812799498701757
H2AFY2	-0.017337068005929174
H2AFZ	-0.03894919708198064
H2AFZP1	-0.27581180025734686
H2AFZP3	-0.31813958056644476
H2AFZP4	-0.02125015056444036
H2AFZP5	-0.14460065891533394
H2AFZP6	0.039472597593538404
H2BFM	-0.09051001803928502
H2BFS	-0.4082857741237358
H2BFWT	-0.1268733368765114
H2BFXP	0.09862637026434148
H3F3A	-0.025374924570876565
H3F3AP1	-0.3031438337088228
H3F3AP3	-0.204092881188166
H3F3AP4	0.12581060756721102
H3F3AP5	-0.3055317451570168
H3F3AP6	-0.31849741920218627
H3F3B	0.12211126862561117
H3F3BP1	-0.23158380066968332
H3F3BP2	0.20664244520634084
H3F3C	-0.3441632775142391
H6PD	0.14633585164297822
HAAO	-0.04129944544905684
HABP2	-0.16109985270055394
HABP4	0.014517660589708842
HACE1	0.15273610975766916
HACL1	-0.1570024919444142
HADH	-0.16641918030480624
HADHA	-0.13879516485709992
HADHAP1	-0.38390876620072933
HADHB	-0.09186309477994294
HAGH	-0.2920705921773681
HAGHL	0.09562712928637175
HAL	0.13321392272809446
HAMP	0.19355274682191734
HAND1	-0.027980215337304437
HAND2	-0.07263280064360912
HAND2-AS1	0.01490232888294452
HAO1	-0.034023056920464305
HAO2	-0.04716930960350437
HAO2-IT1	
HAP1	-0.11318617538280529
HAPLN1	-0.3414167310206639
HAPLN2	-0.1103394723950236
HAPLN3	0.24427737103491015
HAPLN4	-0.36285436803391363
HAR1A	-0.2079555187914604
HAR1B	-0.1874123011903013
HARBI1	0.4090362058151275
HARS	0.052966444550991414
HARS2	-0.23413589241061816
HAS1	0.06894643873816945
HAS2	0.12795692266514858
HAS2-AS1	-0.1420544438163148
HAS3	-0.17242092512766694
HAT1	-0.007264697620731396
HAUS1	-0.0608128484159399
HAUS1P1	0.20020663889003193
HAUS1P2	-0.2163798523853717
HAUS1P3	-0.03325912453167606
HAUS2	0.10740561384704087
HAUS3	0.06374387498861754
HAUS4	-0.07937983070336184
HAUS4P1	-0.06294944925237674
HAUS5	-0.03741066630546393
HAUS6	0.1888123975238692
HAUS6P1	0.2678630227197256
HAUS6P2	-0.05906330112021385
HAUS7	-0.13031337784199698
HAUS8	0.01899551261854431
HAUS8P1	0.21087438507975684
HAVCR1	-0.15985548043517206
HAVCR1P1	0.0029330124949829227
HAVCR2	0.062455743866520676
HAX1	0.04090699568067095
HBA1	-0.33164370803244786
HBA2	-0.20362574050101068
HBB	-0.14194561724764504
HBBP1	0.03225306998629606
HBD	-0.0021313285083067964
HBE1	0.082460253584244
HBEGF	-0.023285666696691864
HBG1	0.07574498563287668
HBG2	0.11425167150000255
HBM	0.07073714584939973
HBP1	0.012707306720117821
HBQ1	-0.25952368425368233
HBS1L	0.10297401725010075
HBZ	-0.04604026276382461
HBZP1	
HCAR1	0.030701933480144147
HCAR2	0.09124889852609498
HCAR3	0.08788989585077225
HCCAT3	-0.21063212661244943
HCCAT5	-0.003701145639919514
HCCS	-0.1749653523598851
HCFC1	0.28614931925588993
HCFC1-AS1	0.017520802009822666
HCFC1R1	-0.2675489269269462
HCFC2	0.2930581028765031
HCFC2P1	-0.15026827816528873
HCG11	0.15621393499624453
HCG14	-0.13118779393266397
HCG15	0.16464222533065492
HCG16	0.05711596303528264
HCG17	-0.04539689383041056
HCG18	0.1652698605663624
HCG19P	0.07603761161169345
HCG20	-0.032150978783710704
HCG21	-0.04342456205790763
HCG22	-0.0621073139099327
HCG23	0.12560198791333269
HCG24	0.4644726154970483
HCG25	0.12564186411524908
HCG27	-0.17222188024022989
HCG4	0.06134589126720879
HCG4B	-0.08989765937606264
HCG4P11	-0.2091168929052776
HCG4P3	-0.06693647807168267
HCG4P5	-0.32457210524419705
HCG4P7	0.1262041668365168
HCG4P8	0.05724195311996421
HCG9	0.033622550028132255
HCG9P5	-0.005624354190250816
HCK	0.12512698984061316
HCLS1	0.21843045129159136
HCN1	0.16911112770183676
HCN2	0.18984943749743452
HCN3	-0.25121874683598505
HCN4	0.0622696494251416
HCP5	0.2168958357608803
HCRT	0.04667748017907126
HCRTR1	0.08144444041052419
HCRTR2	-0.34168901419299164
HCST	0.09260964566647262
HDAC1	0.09440074469732093
HDAC10	-0.18417956203172287
HDAC11	-0.10859828154157362
HDAC11-AS1	-0.16504184146483494
HDAC1P1	0.3668474123516069
HDAC1P2	-0.31466400269921585
HDAC2	0.033309119134114634
HDAC3	-0.2693857294084775
HDAC4	0.3467395309684831
HDAC5	-0.018592191955666984
HDAC6	-0.18648634078435275
HDAC7	0.22312695118020312
HDAC8	-0.10486989861308406
HDAC9	0.17194023611747658
HDC	0.060483911848909395
HDDC2	-0.21865706794532386
HDDC3	-0.14929183511547653
HDGF	-0.209044207696996
HDGFL1	0.040464140981132914
HDGFP1	-0.3297104219982247
HDGFRP2	0.021973088637113426
HDGFRP3	0.0992085989046456
HDHD1	0.050673795206437874
HDHD1P1	0.24366454557137407
HDHD1P2	0.22995910037397402
HDHD1P3	0.3296223933129163
HDHD2	-0.3264978639313257
HDHD3	-0.2621899961116943
HDLBP	0.13796180487300846
HDX	0.19776594495238706
HEATR1	0.315946283409123
HEATR2	0.004338468238841792
HEATR3	-0.007643929230775526
HEATR4	-0.32797799727020804
HEATR5A	0.09295552336079967
HEATR5B	0.24721166646433462
HEATR6	0.20257040077651678
HEBP1	-0.09677552357415455
HEBP2	-0.029559006342762623
HECA	0.2582329796096195
HECTD1	0.30059785581938425
HECTD2	-0.07267133244263327
HECTD3	-0.1660466710328969
HECTD4	0.35676360789409145
HECW1	-0.19067403396460558
HECW1-IT1	0.3615456009634642
HECW2	0.2847964331012227
HEG1	0.19700235636543345
HELB	0.3171962567421187
HELLS	-0.03164436210507536
HELQ	0.23038453195065833
HELT	-0.06033574561512035
HELZ	0.35505661344017636
HELZ2	0.25250669748218885
HEMGN	0.09876013456698425
HEMK1	-0.09757277804442309
HENMT1	0.022774934407280074
HEPACAM	0.15720924744919745
HEPACAM2	-0.16488614195949206
HEPH	-0.017960359360807247
HEPHL1	-0.0289499120752149
HEPN1	-0.039341100100630556
HERC1	0.3206130245239046
HERC2	0.2559493479462244
HERC2P10	0.10668789704100161
HERC2P2	-0.016627534293490714
HERC2P3	0.07666495355058518
HERC2P4	-0.10581634814435081
HERC2P5	-0.3240929937242121
HERC2P7	-0.11670135383315347
HERC2P8	-0.08478770455407417
HERC2P9	-0.14079413028899188
HERC3	0.20034903235473978
HERC4	0.2897593452190704
HERC5	0.10147997618809204
HERC6	-0.005990858358572919
HERPUD1	-0.031862749407063545
HERPUD2	-0.14706499728388833
HES1	-0.12634178163265725
HES2	-0.12751347978308442
HES3	0.05215823688913688
HES4	-0.036356494693663144
HES5	-0.08853378298725581
HES6	-0.1592560131876271
HES7	-0.2631806427563948
HESX1	-0.27576952162906737
HEXA	-0.2672005833495894
HEXA-AS1	-0.06711498631859798
HEXB	-0.21559716589334327
HEXDC	-0.05254711639887754
HEXIM1	-0.16197693648159886
HEXIM2	-0.003942647374975592
HEY1	-0.0072669746430782806
HEY2	-0.04593405109252916
HEYL	-0.03149452358183324
HFE	0.09550638600316728
HFE2	0.13102050191202771
HFM1	0.03971768459137116
HGD	0.023845573944479767
HGF	0.1001649324243779
HGFAC	0.09012435316012818
HGS	-0.01134615451191345
HGSNAT	-0.07733252047911308
HHAT	0.021587142342365084
HHATL	0.10764493713191126
HHATL-AS1	-0.25667853814565345
HHEX	0.2669854008564502
HHIP	-0.16878974120317564
HHIP-AS1	-0.305810524463409
HHIPL1	0.20426035026462805
HHIPL2	0.23863563278923255
HHLA1	-0.24244864648677386
HHLA2	-0.1499389300747797
HHLA3	0.11257070741732747
HIAT1	0.19840494395936117
HIATL1	0.09545074946895724
HIATL2	0.2038083090780334
HIBADH	-0.17539444030154125
HIBCH	0.045912762256259315
HIC1	-0.15898024910444913
HIC2	0.16569298892406498
HID1	-0.10490130192768718
HIF1A	0.25794577999384755
HIF1A-AS1	0.07092135718680276
HIF1A-AS2	-0.27033145188001595
HIF1AN	0.18849912314257447
HIF1AP1	-0.0987565005977257
HIF3A	-0.20813514383964182
HIGD1A	-0.2643203802699859
HIGD1AP1	-0.33768326574491375
HIGD1AP10	-0.1795923000966053
HIGD1AP11	0.08569524766661935
HIGD1AP12	-0.31180139805872314
HIGD1AP13	0.25019954461059996
HIGD1AP14	-0.3464270161140299
HIGD1AP15	-0.3506963280628306
HIGD1AP16	-0.05817626191254822
HIGD1AP17	-0.15300184737904093
HIGD1AP18	0.08729052538650263
HIGD1AP2	-0.18224182458562221
HIGD1AP3	-0.20988910371637542
HIGD1AP4	-0.35370985422158036
HIGD1AP5	0.009272145915596029
HIGD1AP6	0.1124111065868074
HIGD1AP8	-0.06936279399508487
HIGD1AP9	-0.012322032746663495
HIGD1B	0.15180115258095322
HIGD1C	0.0019253026170412346
HIGD2A	-0.041301538002231276
HIGD2B	0.11047453003505905
HILPDA	-0.08074307763447316
HILS1	0.029900832970985156
HIN1L	0.27457149483935434
HINFP	-0.21999379298426083
HINT1	-0.15078226211558385
HINT1P1	-0.20789277737736067
HINT2	-0.20025938926619055
HINT3	0.021735892870536355
HIP1	0.255688251735694
HIP1R	0.05882089884205042
HIPK1	0.28892628787540253
HIPK2	0.2058341598672678
HIPK3	0.2130751208903336
HIPK4	0.24686317698667415
HIRA	-0.24125699546222956
HIRAP1	0.15037659415131932
HIRIP3	-0.27198051974102416
HIST1H1A	-0.09504864294672291
HIST1H1B	0.10560089467094036
HIST1H1C	0.16527259039968947
HIST1H1D	0.07167167898712254
HIST1H1E	0.07326759314640423
HIST1H1PS1	0.0790302379562662
HIST1H1PS2	-0.09270252627875944
HIST1H1T	0.14299453433049988
HIST1H2AA	-0.28770459046074265
HIST1H2AB	-0.21717657475628613
HIST1H2AC	0.03420028560548722
HIST1H2AD	0.035899393991165346
HIST1H2AE	-0.033727726706448406
HIST1H2AG	0.16450878322774132
HIST1H2AH	0.2543006066458425
HIST1H2AI	0.14925243529595314
HIST1H2AJ	0.1629328256693794
HIST1H2AK	0.2303940106905623
HIST1H2AL	-0.07138915543632995
HIST1H2AM	-0.1646276275354523
HIST1H2APS1	0.1831035336272434
HIST1H2APS2	
HIST1H2APS3	-0.005624354190250816
HIST1H2APS4	0.11883639710536324
HIST1H2APS6	
HIST1H2BA	-0.043321096630062166
HIST1H2BB	-0.09225531564434414
HIST1H2BC	-0.05888622924977837
HIST1H2BD	0.05828348436147481
HIST1H2BE	-0.19442367600158214
HIST1H2BF	-0.11426648193405782
HIST1H2BG	-0.005061589129645874
HIST1H2BH	-0.19045396075297943
HIST1H2BI	-0.08444779362194227
HIST1H2BJ	0.1099533754808713
HIST1H2BK	0.19276126075556183
HIST1H2BL	-0.0668991830318895
HIST1H2BM	0.1492290724248323
HIST1H2BN	0.03859049078529266
HIST1H2BO	-0.1861444569311174
HIST1H2BPS1	-0.03753963629084702
HIST1H2BPS2	0.2927753558241081
HIST1H2BPS3	-0.27805174051775283
HIST1H3A	-0.12494546209691532
HIST1H3B	-0.049188861494362815
HIST1H3C	-0.02708896214521418
HIST1H3D	0.08541761280022515
HIST1H3E	0.09799108963998965
HIST1H3F	-0.14630998827987474
HIST1H3G	0.06899124232833018
HIST1H3H	0.11622836670602138
HIST1H3I	0.14630448791154427
HIST1H3J	0.12132026627510215
HIST1H3PS1	-0.34402903185060213
HIST1H4A	-0.2032237953772468
HIST1H4B	-0.3209521577062428
HIST1H4C	-0.09560362745283355
HIST1H4D	-0.11949744978559165
HIST1H4E	-0.15378550758535015
HIST1H4F	0.08820068214187626
HIST1H4G	0.17465354066011646
HIST1H4H	0.351928743363197
HIST1H4I	0.022658098123714016
HIST1H4J	-0.24443987496299166
HIST1H4K	0.06431642369902268
HIST1H4L	0.33050901072492794
HIST1H4PS1	0.17861760549739417
HIST2H2AA3	-0.2703108112269954
HIST2H2AA4	-0.43611989101736637
HIST2H2AB	0.15565066325545698
HIST2H2AC	0.14360359194005842
HIST2H2BA	0.22708328904237007
HIST2H2BB	0.11901311321819356
HIST2H2BC	0.19646931570477003
HIST2H2BD	0.0380672461952671
HIST2H2BE	-0.031443462937859684
HIST2H2BF	0.2428158836054393
HIST2H3A	0.137860970411389
HIST2H3C	-0.019757955535525708
HIST2H3D	0.3594790438542552
HIST2H3DP1	0.21273347027709874
HIST2H3PS2	
HIST2H4A	-0.05623700122342104
HIST2H4B	-0.39965617033987966
HIST3H2A	-0.1798219770965956
HIST3H2BA	-0.06345988594974519
HIST3H2BB	-0.06427057168257226
HIST3H3	0.11596612097913282
HIST4H4	0.09097709807607117
HIVEP1	0.4305224992585326
HIVEP2	0.4028806518885364
HIVEP3	0.4141735057442997
HJURP	-0.09501545740598233
HK1	0.07053133896551342
HK2	0.18082603528416694
HK2P1	0.08450642050088406
HK3	0.200124219252198
HKDC1	0.06176102031771592
HKR1	-0.12931242706747975
HLA-A	0.025462622468704742
HLA-B	0.22797581487603077
HLA-C	0.19241982632228474
HLA-DMA	0.15488649935413878
HLA-DMB	0.0947686302050918
HLA-DOA	0.2137534980889108
HLA-DOB	0.2213333663330098
HLA-DPA1	-0.010557198537163756
HLA-DPA2	-0.29566760510390905
HLA-DPA3	0.33345522466953836
HLA-DPB1	0.08494031693398733
HLA-DPB2	0.23938256782239675
HLA-DQA1	0.08959316225602017
HLA-DQA2	-0.01113637012152059
HLA-DQB1	0.13252895366480913
HLA-DQB1-AS1	-0.2709276910241756
HLA-DQB2	-0.03318968354080863
HLA-DQB3	-0.1475939828417878
HLA-DRA	0.1720228180293024
HLA-DRB1	0.11652456899426361
HLA-DRB5	0.06729840783339122
HLA-DRB6	0.12190390306090397
HLA-DRB9	-0.07224387646375549
HLA-E	0.21166899706459683
HLA-F	0.16155897655120544
HLA-F-AS1	-0.09786154698159745
HLA-G	-0.009518179521351299
HLA-H	-0.010892936055880018
HLA-J	-0.077663810569239
HLA-K	-0.012019537369378129
HLA-L	-0.07250034553826779
HLA-N	0.08844536210146009
HLA-P	-0.0899932530497268
HLA-S	-0.2732165179261588
HLA-T	-0.2551467383746862
HLA-U	0.11774013873969529
HLA-V	0.18140883177845477
HLA-W	-0.16764527653927838
HLA-Z	0.2042015584213384
HLCS	0.022925832077942174
HLCS-IT1	0.09537494763581986
HLF	-0.19874108597365775
HLFP1	-0.26273022149782316
HLTF	0.23684096190233922
HLTF-AS1	-0.06387853277453547
HLX	0.21179346066827265
HM13	-0.016817684948450148
HM13-AS1	-0.16488636387160066
HM13-IT1	0.225801400876564
HMBOX1	0.2621014929241868
HMBOX1-IT1	-0.15344551810599352
HMBS	-0.2632981136864172
HMCES	0.06307949854902568
HMCN1	0.17891190411240676
HMCN2	0.05628389872289223
HMG20A	0.07371039613407353
HMG20B	-0.25515908301795415
HMGA1	-0.14059376936009418
HMGA1P1	-0.15204151194143287
HMGA1P2	-0.21001909669018382
HMGA1P3	-0.2275797628588983
HMGA1P4	-0.026294734310304366
HMGA1P5	-0.038684826110553176
HMGA1P6	0.05441322458791707
HMGA1P7	0.03739790898967861
HMGA1P8	-0.1298250057315905
HMGA2	-0.17412060981357635
HMGB1	-0.16812194857475718
HMGB1P1	-0.32627384669225407
HMGB1P10	-0.25256233686372676
HMGB1P11	-0.2111016207739515
HMGB1P12	-0.12462034820251287
HMGB1P13	-0.1356079027292307
HMGB1P14	0.030270579853498403
HMGB1P15	-0.13045508900272443
HMGB1P16	0.01166632103814048
HMGB1P17	0.23563191164106634
HMGB1P18	-0.07676361211493651
HMGB1P19	0.08943698048406765
HMGB1P20	-0.3688522184213547
HMGB1P21	0.08395162045368233
HMGB1P22	-0.22715026241610686
HMGB1P23	-0.18623046484940525
HMGB1P24	-0.3824734466408431
HMGB1P25	-0.28969781365526187
HMGB1P26	0.02577778337115328
HMGB1P27	0.06367031765820474
HMGB1P28	-0.3174319488524531
HMGB1P29	-0.016392415502896197
HMGB1P3	-0.08062113947481543
HMGB1P30	-0.21831886808630852
HMGB1P31	-0.10453652579748386
HMGB1P32	-0.019142822137883996
HMGB1P35	
HMGB1P36	-0.2226966508335247
HMGB1P37	-0.32713044173691197
HMGB1P38	-0.17502351176783665
HMGB1P39	-0.04757808600535799
HMGB1P4	-0.3379725282734151
HMGB1P41	-0.11942134811893514
HMGB1P42	-0.14648388185141467
HMGB1P44	-0.3211681563812449
HMGB1P45	-0.14829123662407065
HMGB1P46	-0.07184935848168879
HMGB1P47	-0.14191062886847858
HMGB1P48	-0.1759961375325549
HMGB1P5	-0.14449949581618507
HMGB1P7	-0.031202459910624994
HMGB1P8	-0.29980693141026177
HMGB1P9	-0.2811296242101101
HMGB2	-0.2907860725670259
HMGB2P1	-0.2695575870891502
HMGB3	-0.14345350465092807
HMGB3P1	-0.2030931404421919
HMGB3P10	0.018643808556875373
HMGB3P11	-0.18435497306282964
HMGB3P12	-0.07541661138923285
HMGB3P13	0.23472460579952253
HMGB3P14	-0.010000480323131203
HMGB3P15	-0.08084800283369041
HMGB3P16	-0.03325912453167606
HMGB3P17	0.22790970152965992
HMGB3P18	-0.19878847410463213
HMGB3P19	-0.11799914694415758
HMGB3P2	-0.17101434056009307
HMGB3P20	0.034031025429032
HMGB3P21	0.19991236042292965
HMGB3P22	0.02022141051907314
HMGB3P23	-0.018083584239517492
HMGB3P24	-0.17239221541690003
HMGB3P26	-0.07786756900067275
HMGB3P27	0.045940664739969904
HMGB3P3	-0.23102331823701056
HMGB3P30	-0.09368513468486296
HMGB3P31	0.0862264169056725
HMGB3P32	-0.12820629629017774
HMGB3P4	0.06933957162459461
HMGB3P5	-0.2630451639435472
HMGB3P6	-0.28666114691126443
HMGB3P7	-0.19201708551360053
HMGB3P8	-0.006842758994293852
HMGB3P9	0.24563374945028724
HMGB4	0.25103018931136606
HMGCL	-0.11145479857241673
HMGCLL1	-0.09395149104192095
HMGCR	0.08042869247069391
HMGCS1	0.03114927308998583
HMGCS2	-0.22700320676762964
HMGN1	-0.07953787076167694
HMGN1P10	
HMGN1P11	0.21336270396138035
HMGN1P12	
HMGN1P13	-0.10414610227305564
HMGN1P14	-0.0168043334253332
HMGN1P15	0.009279159574692818
HMGN1P16	
HMGN1P17	-0.11531515973837311
HMGN1P18	
HMGN1P19	-0.07243224673845453
HMGN1P2	0.18687209821326378
HMGN1P20	-0.023507213094824123
HMGN1P24	0.08664866192595017
HMGN1P26	0.14886255851750496
HMGN1P28	-0.05238655291302638
HMGN1P3	
HMGN1P30	-0.26839890704414576
HMGN1P32	-0.08649347300649846
HMGN1P33	0.2135935988178896
HMGN1P34	0.24213121672488105
HMGN1P35	-0.19334686693056263
HMGN1P36	0.020936569513083134
HMGN1P37	0.049903864542650875
HMGN1P38	0.005468026443198309
HMGN1P4	-0.025628492888303902
HMGN1P5	-0.13888733367990858
HMGN1P6	0.27892571987740145
HMGN1P7	-0.09158659460741382
HMGN1P8	0.07001266568852668
HMGN1P9	0.16856020591942544
HMGN2	-0.13283379212793353
HMGN2P10	-0.21206777689034909
HMGN2P11	-0.1392857484769068
HMGN2P13	-0.1152677392979756
HMGN2P15	-0.1842817346972898
HMGN2P16	0.24495379035386533
HMGN2P17	-0.2953613126491265
HMGN2P18	-0.25299037087137394
HMGN2P19	-0.19783009618614136
HMGN2P20	0.10402168032325436
HMGN2P21	-0.31040570104004467
HMGN2P22	-0.11846336126870378
HMGN2P23	0.12004558723010707
HMGN2P24	-0.17306226057497565
HMGN2P25	-0.3519561579265343
HMGN2P26	0.017128936515871336
HMGN2P27	-0.38302866116424145
HMGN2P28	-0.06119635560069959
HMGN2P3	-0.07347609825108191
HMGN2P30	-0.35557770922675347
HMGN2P31	0.015736216258494046
HMGN2P32	-0.11575438262517972
HMGN2P34	-0.2181478309568132
HMGN2P35	-0.033636155307114696
HMGN2P36	-0.3149744997370644
HMGN2P38	0.19976711755193216
HMGN2P39	-0.2792823096373681
HMGN2P4	0.05417673160786101
HMGN2P40	-0.38203603058204133
HMGN2P41	-0.06652099668747874
HMGN2P46	-0.1254040579119216
HMGN2P47	-0.12664962542336125
HMGN2P5	0.05191170227638803
HMGN2P6	-0.2413417111333548
HMGN2P7	-0.40164229143635677
HMGN2P8	-0.031786943821039096
HMGN2P9	0.3916787695124297
HMGN3	-0.25355113090849624
HMGN3-AS1	-0.18986482968757007
HMGN3P1	-0.1652753462988901
HMGN4	0.1844263719848238
HMGN5	-0.4620294060063844
HMGXB3	-0.023962351924823617
HMGXB4	0.1919465647087387
HMHA1	0.13352170146607711
HMHB1	0.17937018366579754
HMMR	-0.15180925302524942
HMOX1	-0.27500241522341207
HMOX2	-0.19382135464021907
HMSD	0.22036758273945364
HMX1	-0.16784598181800411
HMX2	0.17533324456323554
HMX3	0.15682091974067014
HN1	-0.1776671438719275
HN1L	-0.04543708106706523
HNF1A	-0.1388759442378586
HNF1A-AS1	-0.1673327275591187
HNF1B	-0.2730871267792843
HNF4A	-0.19411524373418415
HNF4G	-0.06847625515636127
HNF4GP1	-0.14252707607742843
HNMT	-0.19657574572849223
HNRNPA0	-0.0269834656569149
HNRNPA1	0.04371239889267675
HNRNPA1L2	-0.04874685473645802
HNRNPA1P1	0.08329117033248697
HNRNPA1P10	-0.23972850009913427
HNRNPA1P11	0.2806066112007613
HNRNPA1P12	-0.4149765578353037
HNRNPA1P13	0.11436304034084896
HNRNPA1P14	-0.3289315716556876
HNRNPA1P15	-0.2804308491650448
HNRNPA1P16	-0.2395072950128721
HNRNPA1P17	0.11476263684181136
HNRNPA1P18	0.10540768474327145
HNRNPA1P19	-0.3069600297449408
HNRNPA1P2	-0.0017743819299368643
HNRNPA1P20	-0.12487556800316388
HNRNPA1P21	0.35542458511633035
HNRNPA1P22	-0.04051623783825543
HNRNPA1P23	0.009116854149245351
HNRNPA1P24	0.10275488817721533
HNRNPA1P25	0.35039966076756046
HNRNPA1P26	-0.12382361069458357
HNRNPA1P27	0.19422264685487753
HNRNPA1P28	-0.3260333191459886
HNRNPA1P29	-0.08688584176631885
HNRNPA1P3	0.04924225081741306
HNRNPA1P30	-0.24232948134421622
HNRNPA1P31	-0.03172081706608636
HNRNPA1P32	-0.08545590319013109
HNRNPA1P33	-0.03161427024720801
HNRNPA1P34	0.1698518277620008
HNRNPA1P35	-0.2422534982265754
HNRNPA1P36	0.007618596590962622
HNRNPA1P37	-0.02865172871990345
HNRNPA1P38	-0.16355303901277804
HNRNPA1P39	0.0031468991983758152
HNRNPA1P4	-0.33772763397193334
HNRNPA1P40	-0.29830903574997997
HNRNPA1P41	-0.25339688268510296
HNRNPA1P42	-0.0665712223437967
HNRNPA1P43	-0.3050551344466083
HNRNPA1P44	-0.19740977534672233
HNRNPA1P45	-0.20086013014352197
HNRNPA1P46	0.34895318903942596
HNRNPA1P47	-0.15807583039893403
HNRNPA1P48	-0.13532766519007508
HNRNPA1P49	0.14643158927734434
HNRNPA1P5	-0.011890364063961531
HNRNPA1P50	-0.38409594559128335
HNRNPA1P51	-0.29223819058267037
HNRNPA1P52	-0.3961953656663013
HNRNPA1P53	-0.19318513097717652
HNRNPA1P54	-0.058128163965138535
HNRNPA1P55	-0.36863534003556553
HNRNPA1P56	-0.09621119496815099
HNRNPA1P57	-0.33082213275841654
HNRNPA1P58	-0.10972604933907114
HNRNPA1P59	0.1528368724743172
HNRNPA1P6	-0.09040234594014289
HNRNPA1P60	0.1402211141146065
HNRNPA1P61	-0.3211514713852687
HNRNPA1P62	-0.21236303896489656
HNRNPA1P63	-0.3226192058516674
HNRNPA1P64	-0.31848287180526075
HNRNPA1P65	-0.13824786461647437
HNRNPA1P66	-0.11909273808488811
HNRNPA1P67	-0.3701900294027114
HNRNPA1P68	-0.07836096725016331
HNRNPA1P69	0.046436219999003575
HNRNPA1P7	0.16205202219829473
HNRNPA1P70	-0.05565862909132776
HNRNPA1P71	-0.07886115198230789
HNRNPA1P72	-0.031286157102912444
HNRNPA1P73	-0.2480572948257524
HNRNPA1P74	0.1656030481723018
HNRNPA1P76	-0.06796648756333665
HNRNPA1P8	-0.3664601472127207
HNRNPA1P9	-0.2314819079071207
HNRNPA2B1	-0.13371140155544708
HNRNPA3	0.011952034648798465
HNRNPA3P1	-0.27429655305897577
HNRNPA3P10	-0.29603684537776936
HNRNPA3P11	-0.3947260839437245
HNRNPA3P12	-0.2746350073486082
HNRNPA3P13	-0.25806030798678464
HNRNPA3P14	-0.24685287215791327
HNRNPA3P15	-0.19849933328574432
HNRNPA3P16	0.23073562236988585
HNRNPA3P2	-0.20166183651167155
HNRNPA3P3	-0.12716110907740857
HNRNPA3P4	-0.25626814153424676
HNRNPA3P5	-0.30380966164802803
HNRNPA3P6	-0.15078849918448423
HNRNPA3P7	0.07832971627291725
HNRNPA3P8	0.09817214979760878
HNRNPA3P9	-0.018387247519059912
HNRNPAB	-0.12894539505403932
HNRNPABP1	-0.28588764438329856
HNRNPC	0.06642040361754806
HNRNPCL1	-0.2825202240387695
HNRNPCP1	0.021594419667101628
HNRNPCP10	-0.26414333522479116
HNRNPCP2	-0.1556949657989271
HNRNPCP3	-0.11485617670535157
HNRNPCP4	-0.2084893555363135
HNRNPCP5	0.03588132734300307
HNRNPCP6	-0.3254380463237953
HNRNPCP7	-0.001255979173176786
HNRNPCP8	-0.14773888748156366
HNRNPCP9	0.038896431239034475
HNRNPD	-0.06974881872859115
HNRNPDL	0.030898364219057107
HNRNPDLP1	
HNRNPDLP2	0.3442953050891228
HNRNPDLP3	0.382135059636399
HNRNPDLP4	-0.11692949177573551
HNRNPDP1	-0.30374347023831644
HNRNPDP2	-0.008967050010602105
HNRNPF	0.07225218061881965
HNRNPFP1	-0.17824269643265084
HNRNPH1	-0.0406609027832663
HNRNPH1P1	-0.3589076517926475
HNRNPH1P2	0.118336448742282
HNRNPH1P3	-0.2864703585936682
HNRNPH2	-0.18085772517851806
HNRNPH3	-0.15724537127432098
HNRNPH3P1	-0.02682092685107086
HNRNPK	-0.060697584840627074
HNRNPKP1	-0.22254234966958006
HNRNPKP2	-0.3086641934331169
HNRNPKP3	-0.36693993814471493
HNRNPKP4	-0.25294302924160056
HNRNPKP5	-0.22714108732474034
HNRNPL	-0.07821913936490187
HNRNPLL	-0.09354392956930692
HNRNPLP1	-0.3770894876729226
HNRNPLP2	0.08041975632684102
HNRNPM	-0.1562455674635318
HNRNPMP1	-0.06505941642163049
HNRNPMP2	-0.017739623133017916
HNRNPR	-0.07407587973809572
HNRNPRP1	-0.28877372718836736
HNRNPRP2	0.10656476774357872
HNRNPU	0.1953933991524724
HNRNPU-AS1	-0.022746301140958554
HNRNPUL1	-0.04701212375148635
HNRNPUL2	-0.2492639699306913
HNRNPUL2-BSCL2	-0.3093530156107108
HNRNPUP1	-0.3499137804786341
HOGA1	-0.03165558614133863
HOMER1	0.24577506605639876
HOMER2	-0.07484847169258976
HOMER2P1	0.3370676713836246
HOMER2P2	-0.21974878057110253
HOMER3	-0.18958568038982984
HOMEZ	0.1069885748417205
HOOK1	-0.04670453351120092
HOOK2	-0.20205223994848892
HOOK3	0.3077989510868638
HOPX	0.17070800812267695
HORMAD1	0.027512402972361356
HORMAD2	0.1568207571682625
HOTAIR	-0.1798322441356936
HOTAIRM1	0.16912772239582824
HOTTIP	-0.221018839208041
HOXA-AS2	-0.22571740689036346
HOXA-AS3	0.03239519292544055
HOXA-AS4	-0.00877828581558682
HOXA1	0.07590713219415171
HOXA10	-0.1824958296573928
HOXA11	-0.21303091902358276
HOXA11-AS	-0.2474267845895885
HOXA13	-0.16206890285702294
HOXA2	-0.15930801657285132
HOXA3	-0.0940534001421004
HOXA4	-0.20068505549288554
HOXA5	-0.1254130835285416
HOXA6	0.006922803308095015
HOXA7	0.029484099692630567
HOXA9	-0.11720870333442836
HOXB-AS1	-0.03568389952836944
HOXB-AS2	-0.16612057559344362
HOXB-AS3	-0.19477662198408854
HOXB-AS4	-0.20675777320892783
HOXB1	0.17354573515200616
HOXB13	-0.02587350287889862
HOXB2	-0.1394280178455455
HOXB3	-0.12246282666017014
HOXB4	-0.08638669654704821
HOXB5	-0.20973076006427083
HOXB6	-0.1255018977201977
HOXB7	-0.02827676995009067
HOXB8	-0.0808017434669285
HOXB9	-0.1884819698984478
HOXC-AS1	0.19273278475007302
HOXC-AS2	0.3848545200064465
HOXC-AS3	0.3225465773357668
HOXC-AS5	-0.20342833835461335
HOXC10	0.22424358996268334
HOXC11	-0.10309469093495875
HOXC12	-0.11977478363662261
HOXC13	-0.2111413186497627
HOXC4	0.13353679068524396
HOXC5	-0.09622985227567278
HOXC6	0.11427519684772873
HOXC8	0.2535050192259643
HOXC9	0.25002059704009644
HOXD-AS1	0.03796196443264341
HOXD-AS2	-0.035899178035915975
HOXD1	0.12338673460438217
HOXD10	0.014265946103607373
HOXD11	0.08748024681078977
HOXD12	-0.12429488682460271
HOXD13	-0.0796957447900388
HOXD3	0.1503804491036048
HOXD4	0.2355922492079614
HOXD8	0.09704384245902287
HOXD9	-0.06319312502952287
HP	0.2934223074019945
HP1BP3	0.11423520649705095
HPCA	-0.19022061652619257
HPCAL1	-0.12531373234532137
HPCAL4	0.26429088108356846
HPD	0.16539596547659202
HPDL	-0.26920694184883265
HPGD	-0.014999727702807376
HPGDS	-0.061799619301248776
HPN	-0.15203057503324283
HPN-AS1	-0.0718472739349488
HPR	-0.32732715707910437
HPRT1	-0.10608652245199746
HPRTP3	0.02322795131534932
HPRTP4	
HPS1	-0.18920575303619225
HPS3	0.19757271599571022
HPS4	0.04585160309476947
HPS5	0.2523548265160224
HPS6	0.08113211223835615
HPSE	0.20178210949830172
HPSE2	-0.03220928461847111
HPX	-0.14908102961811737
HPYR1	-0.09657640098729246
HR	-0.10294576788625256
HRAS	-0.1591142347209125
HRASLS	-0.08193972280835321
HRASLS2	-0.027441531923034237
HRASLS5	0.028931124209102852
HRC	-0.028319234798290797
HRCT1	-0.20945185121864637
HRG	-0.3188157066705389
HRH1	0.3893448581871422
HRH2	0.13464791829192485
HRH3	-0.14628280165331214
HRH4	0.028801371530893898
HRK	-0.09221225376244198
HRNR	0.01488277118929636
HRSP12	-0.12574385753471962
HS1BP3	-0.13294964958558605
HS1BP3-IT1	0.14165465684617876
HS2ST1	0.15040058423404473
HS3ST1	0.2802856095520512
HS3ST2	-0.039631060420721564
HS3ST3A1	0.29846529601471866
HS3ST3B1	0.1519446279908455
HS3ST4	0.08183133161394125
HS3ST5	-0.3004997874695385
HS3ST6	0.03184191639322657
HS6ST1	-0.05452310399347089
HS6ST1P1	0.30533439427523157
HS6ST2	0.15393604219294799
HS6ST2-AS1	-0.16170673095150628
HS6ST3	0.023300270174168004
HSBP1	-0.13989435715942927
HSBP1L1	-0.2584664357924641
HSBP1P1	-0.1614720787877906
HSBP1P2	-0.3068170445448991
HSCB	0.263714176847825
HSD11B1	0.17239342849368064
HSD11B1L	-0.13082801147347306
HSD11B2	-0.18728072304189058
HSD17B1	-0.0353976988244584
HSD17B10	-0.13961185133831328
HSD17B11	-0.12767445519178422
HSD17B12	0.14657878615610034
HSD17B13	-0.23894793614919282
HSD17B14	-0.08689507878039199
HSD17B1P1	0.07926524190004265
HSD17B2	-0.23201343949936537
HSD17B3	-0.3060290909054768
HSD17B4	-0.19834876284324993
HSD17B6	-0.2823098124216587
HSD17B7	0.0026769808106288356
HSD17B7P1	-0.1894092378674185
HSD17B7P2	0.13714343522650682
HSD17B8	-0.26914793940899195
HSD3B1	-0.028571304614584493
HSD3B2	-0.10060345178208242
HSD3B7	-0.017972646588259703
HSD3BP1	-0.09432896482496272
HSD3BP2	-0.12618383086133042
HSD3BP3	0.03446743647556631
HSD3BP4	-0.12023751359476058
HSD3BP5	-0.2543158321470216
HSDL1	0.11985563520166104
HSDL2	-0.23463552824942085
HSF1	-0.07178115440420121
HSF2	-0.019296609803910115
HSF2BP	0.019449810949616352
HSF4	-0.26428819579122975
HSF5	0.22787657249593132
HSFX1	-0.016558205246009698
HSFX2	-0.2802290838419673
HSFY1	-0.08910218758589171
HSFY1P1	0.2687455661436356
HSFY2	0.30961750224004486
HSFY3P	-0.12913790227528038
HSFY4P	
HSFY5P	
HSFY6P	
HSFY7P	
HSFY8P	
HSH2D	0.13053520241803215
HSP90AA1	0.03161973218993793
HSP90AA4P	-0.3132105870209374
HSP90AA5P	-0.2753965483011955
HSP90AA6P	-0.3029698530034727
HSP90AB1	0.052947268622595925
HSP90AB2P	-0.2426918651296653
HSP90AB3P	-0.21339747979076262
HSP90AB6P	-0.3101802763323072
HSP90AB7P	-0.007854682721980064
HSP90B1	0.15630044630308418
HSP90B2P	-0.25548399279554573
HSP90B3P	-0.3245938578074523
HSPA12A	-0.007709478416766167
HSPA12B	-0.02122345265654325
HSPA13	0.19447835719627807
HSPA14	0.07442170888342019
HSPA1A	-0.22430131408942006
HSPA1B	-0.1779187360516283
HSPA1L	0.0382362336520709
HSPA2	-0.04072032312135738
HSPA4	0.19054235936284664
HSPA4L	0.1052982600308204
HSPA5	0.17612603359998386
HSPA6	0.13783962687949636
HSPA7	-0.011840295139258973
HSPA8	-0.1897287550628681
HSPA8P1	-0.3554980553406362
HSPA8P11	-0.3469079748337281
HSPA8P13	0.016404880605419607
HSPA8P14	-0.28430276139207916
HSPA8P15	0.26938173159632456
HSPA8P16	-0.295993373880436
HSPA8P17	0.21392353636680198
HSPA8P18	-0.31924591190983487
HSPA8P19	0.18866018300037168
HSPA8P20	-0.16230482266340843
HSPA8P3	-0.030091468762799074
HSPA8P4	-0.17712212615848727
HSPA8P5	-0.35958217609842247
HSPA8P6	0.1460590171274826
HSPA8P7	-0.37994151588584446
HSPA8P8	-0.3678687130453108
HSPA8P9	-0.2771181644216423
HSPA9	-0.16921772101803836
HSPA9P1	-0.2732769392171218
HSPB1	-0.053814536816877034
HSPB11	0.2176634694469316
HSPB1P1	-0.29943339415243964
HSPB1P2	-0.20727810897205293
HSPB2	0.0429645961697409
HSPB2-C11orf52	
HSPB3	-0.15445917888809194
HSPB6	-0.23310578839293683
HSPB7	-0.15258784268414746
HSPB8	-0.10018512448923114
HSPB9	0.23840266176695146
HSPBAP1	0.04656533871604531
HSPBP1	-0.22487936285850246
HSPD1	-0.16653687876601042
HSPD1P1	-0.0016363434059188647
HSPD1P10	0.30424434831375713
HSPD1P11	0.0754962901460865
HSPD1P14	0.35193350693074854
HSPD1P15	
HSPD1P16	-0.2940987950218784
HSPD1P18	-0.09898365199224214
HSPD1P2	-0.3722473509112502
HSPD1P21	0.0043681766201327564
HSPD1P3	-0.2125120381605665
HSPD1P5	-0.3228898712839737
HSPD1P6	-0.3136674279316402
HSPD1P7	-0.39605460272157733
HSPD1P8	0.05469432014881194
HSPD1P9	0.12397137328296477
HSPE1	-0.17722459289045833
HSPE1-MOB4	
HSPEP1	-0.012189950894420582
HSPG2	0.1332154583415243
HSPH1	0.19792083419279607
HTATIP2	-0.18280009770804784
HTATSF1	-0.166766700094876
HTATSF1P	-0.2345801289676295
HTATSF1P2	0.31891562008752555
HTN1	-0.17320204260414312
HTN3	0.0009036807830994797
HTR1A	0.24517695369988626
HTR1B	0.06541873002944755
HTR1D	0.034525730814551826
HTR1E	0.06333461555264903
HTR1F	0.12918387705982348
HTR2A	-0.08319543961551756
HTR2A-AS1	-0.06501739021241007
HTR2B	-0.08115383189604114
HTR2C	-0.1764198403924088
HTR3A	0.16023068840280358
HTR3B	0.1439831345345816
HTR3C	-0.1483413554260159
HTR3D	-0.2494323857449322
HTR3E	-0.059028137238841934
HTR3E-AS1	0.0042233717346174095
HTR4	-0.06123089083905731
HTR5A	-0.1943450028863232
HTR5A-AS1	0.12036933786167475
HTR5BP	-0.0658854142340598
HTR6	-0.20458600144971104
HTR7	-0.13810821488131705
HTR7P1	0.048423272996883884
HTRA1	0.03698699983365606
HTRA2	0.034157664549119345
HTRA3	0.12726212054854144
HTRA4	0.0102740380573494
HTT	0.3628999225558774
HTT-AS	-0.008950067843459548
HULC	-0.1725236597771777
HUNK	-0.02116820399927744
HUNK-AS1	-0.20676007558131831
HUS1	0.08174726571471165
HUS1B	-0.06368559429719524
HUWE1	0.3880940551496989
HVCN1	0.21754532900908807
HYAL1	0.033933159547987014
HYAL2	0.008167945871952152
HYAL3	0.25388775192440055
HYAL4	0.12741362469254694
HYALP1	-0.1757410981300537
HYDIN	0.16642136041406272
HYDIN2	0.041724280702519774
HYI	-0.24945595223981235
HYI-AS1	-0.08842978030734838
HYKK	-0.030840095824679722
HYLS1	-0.00010239444564732237
HYOU1	0.11835311353832624
HYPK	0.001501998344542568
IAH1	-0.28463550967622986
IAPP	-0.20964367917725896
IARS	0.07895142435403736
IARS2	-0.2126106023211115
IBA57	0.3252136329235502
IBA57-AS1	0.006205138592852725
IBSP	-0.03366244534423714
IBTK	0.1799820450806837
ICA1	-0.021842112110192526
ICA1L	0.018426073249416766
ICAM1	0.3134175853049749
ICAM2	0.2006009593306056
ICAM3	0.1569380295469231
ICAM4	0.16976080746599262
ICAM5	0.06959204407360335
ICK	0.03085281450797365
ICMT	-0.19947345752001233
ICOS	0.22776598182275232
ICOSLG	0.1492751425925847
ICT1	-0.1085586872494759
ID1	-0.010587751640926426
ID2	-0.0403401524492702
ID3	-0.037979527354026925
ID4	-0.23698588580659677
IDE	0.18417178349874183
IDH1	-0.28183525311779595
IDH1-AS1	-0.2753146587284607
IDH2	-0.24102367838282238
IDH3A	-0.08435992479122341
IDH3B	-0.3172813802212586
IDH3G	-0.27757193752694637
IDI1	-0.026112482939865966
IDI2	-0.010915340126926243
IDI2-AS1	0.00731601740319186
IDNK	-0.1077030827594383
IDO1	0.16435525905530649
IDO2	0.15340450307179634
IDS	0.1425156079423433
IDSP1	-0.2388191626165695
IDUA	-0.055522222855171624
IER2	0.1896488471501996
IER3	0.18100285980984107
IER3IP1	-0.21142066891697325
IER5	0.11551684355693291
IER5L	0.03513274921458344
IFFO1	0.03044323524663163
IFFO2	0.3215818442632953
IFI16	0.2524501398399725
IFI27	0.07165762443109303
IFI27L1	-0.22322651791578016
IFI27L2	0.03334381123590892
IFI30	0.2197062236601297
IFI35	0.11992879188415682
IFI44	-0.012275875278434748
IFI44L	-0.0321922679887197
IFI6	-0.07142368010143307
IFIH1	0.1723225810553067
IFIT1	-0.07843543374887488
IFIT1B	0.12824694842281484
IFIT1P1	0.10503604276753192
IFIT2	0.08123403060216845
IFIT3	-0.010459922793603414
IFIT5	0.18661893756991452
IFIT6P	-0.07190580471086748
IFITM1	-0.030114578279265038
IFITM10	-0.22633102190760765
IFITM2	0.10876320086666938
IFITM3	0.019026390764665918
IFITM4P	-0.19658398846766137
IFITM5	0.16459513772100953
IFITM8P	-0.11646440033624028
IFITM9P	-0.10687560359441456
IFLTD1	0.07629798123220863
IFNA1	
IFNA10	-0.09825543370216497
IFNA11P	
IFNA12P	0.0024361570013071605
IFNA13	-0.19614161732580998
IFNA14	0.017649229380971045
IFNA16	-0.16170673095150628
IFNA17	-0.11154119464754454
IFNA2	0.058496651695031376
IFNA20P	-0.03224419839982786
IFNA21	
IFNA22P	-0.10172299757282743
IFNA4	
IFNA5	0.19454106319841727
IFNA6	-0.20278515989236376
IFNA7	
IFNA8	0.009272145915596029
IFNAR1	0.2798657686345148
IFNAR2	0.20349502588441146
IFNB1	-0.0038360908901882715
IFNE	0.032210387287139944
IFNG	-0.002284599060590964
IFNG-AS1	0.0026446578196931765
IFNGR1	0.3172611668113323
IFNGR2	-0.08526605171951256
IFNK	0.31384840589950336
IFNL1	-0.2748744669316642
IFNL2	-0.2654791804976772
IFNL3	-0.13468448474835423
IFNL3P1	0.0774618820685846
IFNL4	-0.19645436738711408
IFNLR1	0.15731906544705168
IFNNP1	0.2397483013429413
IFNW1	0.2023028931048426
IFNWP15	
IFNWP18	-0.18623046484940525
IFNWP19	0.017649229380971045
IFNWP2	0.10656476774357872
IFNWP4	-0.017654370573183795
IFNWP5	-0.13510648349186843
IFNWP9	-0.005624354190250816
IFRD1	0.0620346071990549
IFRD2	-0.1875990611780996
IFRG15	
IFT122	-0.12506675089911554
IFT140	0.06252137520052217
IFT172	-0.2844623157059719
IFT20	-0.24385512363527798
IFT27	-0.18740961604982104
IFT43	0.0979702935948742
IFT46	-0.21964548298825273
IFT52	-0.18172360849879007
IFT57	-0.1829160431379656
IFT74	-0.2115561815684232
IFT80	-0.016592135781775097
IFT81	0.11275557308842149
IFT88	-0.06482008909461519
IGBP1	-0.16061531950601715
IGBP1-AS1	-0.0007395988859463315
IGBP1-AS2	0.19056634245804593
IGBP1P1	0.11590154494199717
IGBP1P3	-0.20684660186800358
IGBP1P4	0.04800873646833944
IGBP1P5	0.030263074986473383
IGDCC3	0.09047834236939542
IGDCC4	0.23553968798408578
IGF1	-0.029870957792373285
IGF1R	0.13107724719155614
IGF2	-0.16680837721060376
IGF2-AS	-0.12879220946386413
IGF2BP1	0.026085536269833145
IGF2BP2	0.03839010325274534
IGF2BP3	0.13466870487817884
IGF2R	0.30248539189449863
IGFALS	0.10268360441125235
IGFBP1	0.04493396103394125
IGFBP2	0.028415109013736495
IGFBP3	-0.30775073663245606
IGFBP4	-0.0353956463113291
IGFBP5	0.23440296377561645
IGFBP6	-0.17981420515585864
IGFBP7	0.15444227226593063
IGFBP7-AS1	-0.24025371487443384
IGFBPL1	0.022281709122079607
IGFL1	0.19871250268188598
IGFL1P1	0.026250017362976188
IGFL1P2	-0.005624354190250816
IGFL2	-0.2428217428205974
IGFL3	-0.3390809080787893
IGFL4	-0.14291456515270343
IGFLR1	-0.10596769998087183
IGFN1	-0.20300161857184804
IGHA1	0.03799343840680082
IGHA2	-0.1729497298803237
IGHD	0.22231372509750086
IGHD1-1	0.21872110089180982
IGHD1-14	0.10370607281864398
IGHD1-20	-0.33685021154590755
IGHD1-26	-0.05958588861454908
IGHD1-7	-0.006529805302808751
IGHD1OR15-1A	
IGHD1OR15-1B	
IGHD2-15	0.13284696216520575
IGHD2-2	-0.05554379567665504
IGHD2-21	0.26495034694717723
IGHD2-8	-0.15153401246570591
IGHD2OR15-2A	
IGHD2OR15-2B	
IGHD3-10	-0.12545678408876632
IGHD3-16	0.03371008450780963
IGHD3-22	0.2253539178570216
IGHD3-3	0.049183883167175715
IGHD3-9	0.2502689678667342
IGHD3OR15-3A	
IGHD3OR15-3B	
IGHD4-11	0.3133703272679708
IGHD4-17	0.15245219497487195
IGHD4-23	0.2189271364031805
IGHD4-4	0.36133617791889044
IGHD4OR15-4A	
IGHD4OR15-4B	
IGHD5-12	0.10107619503130129
IGHD5-18	0.048809415666223106
IGHD5-24	0.03255683245003807
IGHD5-5	0.2466137570682911
IGHD5OR15-5A	0.10656476774357872
IGHD5OR15-5B	
IGHD6-13	0.19020089826903386
IGHD6-19	0.35869418352854393
IGHD6-25	0.19752999499026697
IGHD6-6	-0.010829645404245412
IGHD7-27	0.13044196316287215
IGHE	-0.09816352049503871
IGHEP1	0.02885451919386653
IGHEP2	0.2885972867635639
IGHG1	0.3162100509595312
IGHG2	-0.024583620906285297
IGHG3	-0.011537344499589106
IGHG4	-0.04069716019639194
IGHGP	-0.0027911041254023387
IGHJ1	-0.08694573010533103
IGHJ1P	0.08011424100687202
IGHJ2	-0.10310806363490205
IGHJ2P	0.20601430381395094
IGHJ3	-0.09100130619516071
IGHJ3P	0.22458006412209625
IGHJ4	-0.13455833560084707
IGHJ5	-0.05906039734992489
IGHJ6	0.04685255746654462
IGHM	0.013129230438889247
IGHMBP2	0.07886096702797965
IGHV1-12	-0.293182496721768
IGHV1-14	-0.07221704303889978
IGHV1-17	0.11417769996053442
IGHV1-18	0.017681433389030703
IGHV1-2	-0.12215905362376114
IGHV1-24	0.19551093197084285
IGHV1-3	0.2943811573880138
IGHV1-45	-0.04280637194321741
IGHV1-46	0.06937228094758034
IGHV1-58	0.06499922201870503
IGHV1-67	-0.03413764425292826
IGHV1-68	-0.14817284991699722
IGHV1-69	0.17637017499642582
IGHV1-8	-0.11614768283845987
IGHV1OR15-1	-0.022233974087603945
IGHV1OR15-2	-0.00926397244651227
IGHV1OR15-3	0.24504410753325528
IGHV1OR15-4	0.059328735773331975
IGHV1OR15-6	-0.1753722678613056
IGHV1OR15-9	-0.08172642221236347
IGHV1OR16-1	-0.013808357558966334
IGHV1OR16-2	0.03387405818303169
IGHV1OR16-3	0.02446488948882299
IGHV1OR16-4	-0.08471622535621291
IGHV1OR21-1	-0.009976578592942573
IGHV2-10	-0.2618421786571488
IGHV2-26	-0.07642222639432183
IGHV2-5	-0.10277801175788996
IGHV2-70	-0.016008671632187287
IGHV2OR16-5	-0.09246515409396557
IGHV3-11	-0.14135486267617656
IGHV3-13	-0.04950232661887577
IGHV3-15	0.05291061946201514
IGHV3-16	-0.05964173091083953
IGHV3-19	-0.1718920248171073
IGHV3-20	0.004613055081230664
IGHV3-21	0.1512844667612597
IGHV3-22	-0.015226341931793362
IGHV3-23	0.00921159689822268
IGHV3-25	-0.15477443184543332
IGHV3-29	0.1525371736985823
IGHV3-30	0.0694239013379004
IGHV3-30-2	-0.33322414432355135
IGHV3-32	0.37763191377429695
IGHV3-33	0.10527165056968428
IGHV3-33-2	0.3772515194182715
IGHV3-35	-0.03169440797092643
IGHV3-36	-0.3181689350819408
IGHV3-37	-0.19089635024158397
IGHV3-38	0.168175299881995
IGHV3-41	-0.02847013193911485
IGHV3-42	-0.10565470629427322
IGHV3-43	0.054164847657702506
IGHV3-47	-0.12329339403432864
IGHV3-48	-0.10891088562731428
IGHV3-49	-0.019602952633925908
IGHV3-50	-0.2346368061679563
IGHV3-52	-0.23117055897042563
IGHV3-53	0.22858267319703185
IGHV3-54	-0.11152106029245633
IGHV3-57	0.1389045101057453
IGHV3-6	-0.07482262011945513
IGHV3-60	-0.23158008714380993
IGHV3-62	-0.18706504619679895
IGHV3-63	-0.21774473310206138
IGHV3-64	-0.11177163459909085
IGHV3-65	-0.3165206579816352
IGHV3-66	-0.29605263529193176
IGHV3-7	-0.07583420107518457
IGHV3-71	0.015009382326329878
IGHV3-72	-0.13423737920886195
IGHV3-73	0.11804682533459994
IGHV3-74	0.095980891203517
IGHV3-75	-0.10825374194766978
IGHV3-76	-0.22577240818012903
IGHV3-79	-0.01825575266078995
IGHV3-9	-0.20054617582462783
IGHV3OR15-7	-0.08142817406483331
IGHV3OR16-10	-0.18540817068752502
IGHV3OR16-11	-0.10039278177167563
IGHV3OR16-12	-0.2561503944007275
IGHV3OR16-13	-0.21450554359746177
IGHV3OR16-15	-0.09133255174986986
IGHV3OR16-6	-0.22030912111387735
IGHV3OR16-7	0.05393533522338912
IGHV3OR16-8	-0.16929559479322953
IGHV3OR16-9	-0.11258745976205146
IGHV4-28	-0.01176638106687556
IGHV4-31	0.14144074199926573
IGHV4-34	0.2123586898708548
IGHV4-39	0.14818070138488135
IGHV4-4	-0.2642106268462706
IGHV4-55	0.10833900138923246
IGHV4-59	-0.0745311302718758
IGHV4-61	0.17620154083759337
IGHV4-80	0.029783196389391184
IGHV4OR15-8	-0.02400151530200533
IGHV5-51	0.1880150278578151
IGHV5-78	0.36388650687924134
IGHV6-1	-0.21417908457164336
IGHV7-27	0.15444978439663554
IGHV7-34-1	0.13175111933911213
IGHV7-40	0.030830860113742323
IGHV7-56	0.27842858030748563
IGHV7-81	0.13616461842658137
IGHVII-1-1	0.2570122437688641
IGHVII-15-1	-0.019811860463232436
IGHVII-20-1	-0.011820523058069512
IGHVII-22-1	0.03903097861731591
IGHVII-26-2	0.03889180816364419
IGHVII-28-1	-0.009683063064053619
IGHVII-30-1	0.2894939824608794
IGHVII-31-1	0.32732265672275
IGHVII-33-1	0.31829946219613203
IGHVII-40-1	0.05541251789994623
IGHVII-43-1	0.12949830753165095
IGHVII-44-2	0.28053452153389247
IGHVII-46-1	
IGHVII-49-1	0.0015237594588917533
IGHVII-51-2	-0.072977632701359
IGHVII-53-1	-0.024136307791970152
IGHVII-60-1	0.2855768850296888
IGHVII-62-1	0.10834008902108279
IGHVII-65-1	-0.02881856162658994
IGHVII-67-1	-0.005624354190250816
IGHVII-74-1	0.21098804645180613
IGHVII-78-1	-0.33183800098814553
IGHVIII-11-1	-0.26023429360770933
IGHVIII-13-1	0.382135059636399
IGHVIII-16-1	-0.1475939828417878
IGHVIII-2-1	0.14235735894816728
IGHVIII-22-2	-0.16948284720465936
IGHVIII-25-1	-0.09425546946540932
IGHVIII-26-1	-0.07938924352726012
IGHVIII-38-1	-0.019285984024357293
IGHVIII-44	-0.10969914170522398
IGHVIII-47-1	0.10005807856579908
IGHVIII-5-1	-0.15911954027422284
IGHVIII-5-2	-0.024823239465419186
IGHVIII-51-1	-0.32317644298330944
IGHVIII-67-2	-0.19423617894857675
IGHVIII-67-3	0.28053452153389247
IGHVIII-67-4	0.19954336752989943
IGHVIII-76-1	-0.20633024112646872
IGHVIII-82	-0.12913790227528038
IGHVIV-44-1	-0.04148397497197855
IGIP	-0.034707387811890957
IGJ	-0.13538559540909187
IGJP1	-0.14802500415952494
IGKC	-0.17951552793418224
IGKJ1	
IGKJ2	
IGKJ3	-0.003313338054133064
IGKJ4	-0.12942110172181143
IGKJ5	0.02180539716358369
IGKV1-12	0.28926034995389766
IGKV1-13	-0.21447033851410977
IGKV1-16	-0.15505848399059505
IGKV1-17	-0.0215262973866464
IGKV1-22	-0.2349006422543231
IGKV1-27	0.21393536488432557
IGKV1-32	0.12829678226539337
IGKV1-33	0.04684191884998988
IGKV1-35	-0.23160463742677054
IGKV1-37	-0.06304767962673731
IGKV1-39	-0.08073098534784527
IGKV1-5	-0.15794634071123761
IGKV1-6	-0.16151320712438183
IGKV1-8	-0.12391885980588396
IGKV1-9	-0.024739732660677388
IGKV1D-12	-0.2833408310341503
IGKV1D-13	-0.18409365472712794
IGKV1D-16	-0.27569269739076924
IGKV1D-17	-0.05579032014409626
IGKV1D-22	-0.05537422176815007
IGKV1D-27	-0.17511297751369923
IGKV1D-32	-0.1533457887152597
IGKV1D-33	0.1213281065204637
IGKV1D-35	-0.2649436577315629
IGKV1D-37	-0.12480497648357941
IGKV1D-39	-0.14594199305576486
IGKV1D-42	-0.2732835403615656
IGKV1D-43	-0.19370430603738675
IGKV1D-8	-0.10529740739287177
IGKV1OR-1	-0.0366447164611978
IGKV1OR-2	-0.0331575729651492
IGKV1OR-3	0.15395066510479752
IGKV1OR10-1	-0.19654544858472206
IGKV1OR2-108	-0.10347285802525803
IGKV1OR2-11	0.014447163634092255
IGKV1OR2-118	-0.07342491042627684
IGKV1OR2-3	-0.09621340418541853
IGKV1OR2-6	-0.10049143573309402
IGKV1OR2-9	-0.09260589393494532
IGKV1OR22-1	-0.019747239515001982
IGKV1OR22-5	-0.14232604144971073
IGKV2-10	0.10461578445430213
IGKV2-14	0.14491984969333538
IGKV2-18	-0.09581028654555802
IGKV2-19	-0.04329866059569774
IGKV2-23	-0.006367795077364363
IGKV2-24	-0.21681178040806742
IGKV2-26	0.07548270986571336
IGKV2-28	-0.11945542585280912
IGKV2-29	-0.036963696876780354
IGKV2-30	-0.11848633862732175
IGKV2-36	-0.16631244129127198
IGKV2-38	0.08027916237431075
IGKV2-4	-0.07675103555940899
IGKV2-40	-0.1447711340045767
IGKV2D-10	-0.2333710349180848
IGKV2D-14	-0.0018937651162178634
IGKV2D-18	-0.07376245555178243
IGKV2D-19	-0.12116614918116143
IGKV2D-23	-0.27793212231928877
IGKV2D-24	-0.2936566843521489
IGKV2D-26	-0.4500691313706717
IGKV2D-28	-0.2254830010020801
IGKV2D-29	-0.13315928535081445
IGKV2D-30	0.2614982081974792
IGKV2D-36	0.05954868822844351
IGKV2D-38	-0.25391738522284224
IGKV2D-40	0.1253125664503223
IGKV2OR2-1	-0.08494023526689368
IGKV2OR2-10	0.0650626033748794
IGKV2OR2-2	0.05920473245006017
IGKV2OR2-7	-0.009176247139255956
IGKV2OR2-7D	-0.1353103840874967
IGKV2OR2-8	-0.25546547383691837
IGKV2OR22-3	-0.12285053373552979
IGKV2OR22-4	-0.008197985580093886
IGKV3-11	0.10798243743004088
IGKV3-15	0.08889437968270242
IGKV3-20	0.19393270414533584
IGKV3-25	-0.10569360571901348
IGKV3-31	-0.21365455432782388
IGKV3-34	0.19122168191725142
IGKV3-7	-0.15462043718439816
IGKV3D-11	-0.10703526292861384
IGKV3D-15	0.0365525825429283
IGKV3D-20	-0.18641112623017794
IGKV3D-25	-0.1313167406156304
IGKV3D-31	-0.1399949276126116
IGKV3D-34	-0.07274380232550445
IGKV3D-7	-0.050386866237151176
IGKV3OR2-268	-0.0650136684184391
IGKV3OR2-5	-0.08892081693196915
IGKV3OR22-2	-0.19576863223067195
IGKV4-1	0.15383990918053042
IGKV5-2	-0.145358636936238
IGKV6-21	0.2256512183704191
IGKV6D-21	-0.21562620624310705
IGKV6D-41	0.3028658502947579
IGKV7-3	-0.01513657659126583
IGLC1	
IGLC2	0.0639768946361795
IGLC3	0.13450378960652737
IGLC4	-0.06508053766354419
IGLC5	0.23918800665982015
IGLC6	-0.07542553927115613
IGLC7	-0.03706362015329531
IGLCOR22-1	-0.06292908420709262
IGLCOR22-2	-0.2663375452402562
IGLJ1	0.2003067927292255
IGLJ2	-0.10055983795586575
IGLJ3	-0.17332358824758393
IGLJ4	0.3310318120440495
IGLJ5	-0.06503932719970197
IGLJ6	-0.10168796852865561
IGLJ7	0.03585391273432911
IGLL1	0.029137160956953
IGLL3P	0.002744782770152459
IGLL5	-0.03691803468306592
IGLON5	0.15089786498557953
IGLV1-36	-0.07892364163266381
IGLV1-40	0.06169469081915045
IGLV1-41	-0.04542793674165021
IGLV1-44	-0.032911484152972306
IGLV1-47	0.19422822845200466
IGLV1-50	-0.056341921837971626
IGLV1-51	-0.1584169473993402
IGLV1-62	-0.0803028637419973
IGLV10-54	-0.20061235762803978
IGLV10-67	-0.06950694637903249
IGLV11-55	-0.16441986873091746
IGLV2-11	-0.046647453024352824
IGLV2-14	0.06017276109338676
IGLV2-18	-0.11696036953921389
IGLV2-23	0.12104595185833952
IGLV2-28	-0.1386925947934235
IGLV2-33	-0.004450608905210464
IGLV2-34	-0.1461991457229689
IGLV2-5	0.030183009652906552
IGLV2-8	0.045273050277562094
IGLV3-1	0.09607174513328222
IGLV3-10	-0.028174305064761943
IGLV3-12	-0.028643623539738053
IGLV3-13	0.1551828644021217
IGLV3-15	0.2539859994459669
IGLV3-16	0.03541616376883183
IGLV3-17	0.1514773161914481
IGLV3-19	0.10781422821093939
IGLV3-2	0.18383777012518074
IGLV3-21	-0.051484900554462275
IGLV3-22	0.012921434740523331
IGLV3-24	-0.16872411096986278
IGLV3-25	-0.09215075993727145
IGLV3-26	-0.052184501986970395
IGLV3-27	0.1398167074143874
IGLV3-29	-0.01577155936912131
IGLV3-30	-0.1708629057556666
IGLV3-31	0.04719411734502764
IGLV3-32	-0.07851672956221492
IGLV3-4	-0.07825337324040528
IGLV3-6	-0.1426833071237243
IGLV3-7	-0.05193117204593522
IGLV3-9	0.2503980638590428
IGLV4-3	0.22699163884075058
IGLV4-60	-0.41077563553641
IGLV4-69	-0.13749356982630684
IGLV5-37	-0.12574228000725488
IGLV5-45	-0.010068833158171735
IGLV5-48	0.11713675407384658
IGLV5-52	-0.08376871274468205
IGLV6-57	0.022710096139530175
IGLV7-35	-0.14864229564722128
IGLV7-43	-0.08372816241100663
IGLV7-46	-0.2394308756141448
IGLV8-61	-0.2090121546443993
IGLV8OR8-1	-0.23696911708645546
IGLV9-49	-0.08351052183866538
IGLVI-20	-0.04973623330202349
IGLVI-38	-0.1393136068470085
IGLVI-42	0.07218392918586616
IGLVI-56	-0.3253280627939414
IGLVI-63	-0.0917243367930968
IGLVI-68	0.15124254695981912
IGLVI-70	0.11054724384052926
IGLVIV-53	-0.10833620957424554
IGLVIV-59	0.09472044748217077
IGLVIV-64	-0.23368770867740143
IGLVIV-65	0.026094344068763254
IGLVIV-66-1	0.5169675597445902
IGLVIVOR22-1	-0.1047944785929655
IGLVIVOR22-2	-0.16132484560433044
IGLVV-58	0.10872231782077732
IGLVV-66	-0.21383095009574013
IGLVVI-22-1	0.035899393991165346
IGLVVI-25-1	-0.1582832571024133
IGLVVII-41-1	0.0966179939137383
IGSF1	0.21854711293316906
IGSF10	0.1011005931906091
IGSF11	-0.06252355708591859
IGSF11-AS1	-0.19124586943944405
IGSF21	-0.2663109542586343
IGSF22	0.2108924101722934
IGSF23	-0.06568190717264849
IGSF3	0.07102767670593507
IGSF5	-0.05339914982334386
IGSF6	0.05997310992577152
IGSF8	-0.17468030409314622
IGSF9	-0.08846285146411621
IGSF9B	0.24787200163288908
IHH	-0.16358094695906414
IK	-0.18020995137560733
IKBIP	0.2340648620661202
IKBKAP	0.34513559409471206
IKBKB	0.1531168011034771
IKBKE	0.40118688549026255
IKBKG	0.3295541379401417
IKBKGP1	-0.27263217484566304
IKZF1	0.2645271536675561
IKZF2	0.3109104001039265
IKZF3	0.3351423197103318
IKZF4	0.27695186075996336
IKZF5	0.21270974252623745
IL10	0.012011828277325508
IL10RA	0.1558281822299853
IL10RB	0.0772999298903608
IL10RB-AS1	0.11466368864385271
IL11	0.07903127057509107
IL11RA	-0.16389445975013123
IL12A	0.1874094255376567
IL12A-AS1	0.050750164409115665
IL12B	0.044879020976232926
IL12RB1	0.17087450686176694
IL12RB2	0.20362513628776444
IL13	0.2512286209078835
IL13RA1	-0.06396917100536217
IL13RA2	0.09299549599292695
IL15	0.15294597847300673
IL15RA	0.21861616720126145
IL16	0.23415519695301645
IL17A	0.28935319632250367
IL17B	-0.29379645494949064
IL17C	0.22181956377225567
IL17D	-0.15706378988126435
IL17F	0.19390306100022314
IL17RA	0.169849547392365
IL17RB	-0.216997095934934
IL17RC	-0.1635948931397704
IL17RD	-0.09514843958332024
IL17RE	-0.15889180353184826
IL17REL	-0.024035548860304956
IL18	0.1575913670999818
IL18BP	-0.0815471615069063
IL18R1	0.3299597919549179
IL18RAP	0.1379458004496975
IL19	-0.02839875957253732
IL1A	0.07750573477647597
IL1B	0.11088735425141488
IL1F10	0.11118181998142206
IL1R1	0.18608609712575958
IL1R2	-0.07987861496028982
IL1RAP	0.10591259690939653
IL1RAPL1	0.17477553103526025
IL1RAPL2	-0.06601532064106527
IL1RL1	0.278703818621252
IL1RL2	-0.17273655412373318
IL1RN	0.06858149625732231
IL2	-0.01867095870642536
IL20	0.30808404876355217
IL20RA	0.057714646007971736
IL20RB	0.02015823732324499
IL20RB-AS1	-0.1193656988473999
IL21	0.14394551547997628
IL21-AS1	0.14159182290329092
IL21R	0.2891903326712959
IL21R-AS1	-0.19543923623679307
IL22	0.08432666178897442
IL22RA1	0.10654624078375635
IL22RA2	0.2575527629596294
IL23A	0.1792635867198817
IL23R	0.09529925882351635
IL24	0.022941311675434735
IL25	0.03281736058667412
IL26	0.17471161563282148
IL27	0.025587748987545518
IL27RA	0.202689870408716
IL2RA	0.20445670822527248
IL2RB	0.20262211687388137
IL2RG	0.12054122079468702
IL3	-0.013264342626964238
IL31	0.06674563060352702
IL31RA	0.08396118291011395
IL32	0.07626850420632937
IL33	0.22865717443805422
IL34	-0.026348187784674425
IL36A	-0.00859827330634757
IL36B	-0.00910789204660683
IL36G	0.13186791534625736
IL36RN	-0.07849086557161832
IL37	-0.18894341927742597
IL3RA	0.21922369650483425
IL4	-0.03770421941745976
IL4I1	0.251256933264476
IL4R	0.22170642783946237
IL5	0.2575853835454558
IL5RA	-0.016272471729726064
IL6	0.11170715031053333
IL6R	0.1874855763455824
IL6RP1	-0.23319031015425676
IL6ST	0.23601539903000224
IL6STP1	0.054781730473361295
IL7	0.07779226231775527
IL7R	0.1391545543316628
IL8	0.14237902417802736
IL9	0.3388018823823047
IL9R	0.3400987418742841
IL9RP2	0.12089986808090745
IL9RP3	0.21083764024290863
IL9RP4	-0.14057578092005096
ILDR1	-0.05719983889774691
ILDR2	0.024367259874975674
ILF2	-0.10807913514129446
ILF2P1	-0.23144901783691876
ILF2P2	-0.34739816998686585
ILF3	-0.09551771855769485
ILF3-AS1	-0.06102149654202506
ILK	-0.0597351304883982
ILKAP	0.03928290667688689
ILVBL	-0.2541672630291451
IMMP1L	-0.16042835172502623
IMMP2L	-0.14576148431137154
IMMP2L-IT1	-0.029481350046196123
IMMT	-0.23555938207725638
IMMTP1	0.06301129799628857
IMP3	-0.049839739608371444
IMP4	-0.30727816440677114
IMPA1	0.12133508135026257
IMPA1P	-0.03427210082797135
IMPA2	-0.22888945837520444
IMPACT	-0.1083384748284669
IMPAD1	0.035800616936774304
IMPDH1	0.13749571712972494
IMPDH1P10	-0.006549760391772114
IMPDH1P11	-0.08194049937355759
IMPDH1P4	-0.11512420239845461
IMPDH1P6	-0.2578292245214897
IMPDH2	-0.3154746469186234
IMPG1	-0.0393940848694055
IMPG2	0.2893504184242577
INA	0.18612948633008305
INADL	0.09398115665129066
INCA1	-0.10821849622729182
INCENP	-0.06928451420603259
INE1	0.14386984750018986
INF2	-0.011327201528385305
ING1	-0.36921713969591335
ING2	-0.16609798833102188
ING3	0.09945718350152118
ING4	-0.1092675576322743
ING5	0.054932473193644256
INGX	-0.06301909444493566
INHA	0.08111605432004038
INHBA	0.06275463218645401
INHBA-AS1	-0.15653241833858508
INHBB	0.10317945124425729
INHBC	0.12677914669167142
INHBE	-0.027558024887052585
INIP	-0.005213839018171717
INMT	-0.11692354071118327
INMT-FAM188B	0.06332422346706953
INO80	0.23468011770754021
INO80B	-0.17663857077251127
INO80C	-0.2639433043174924
INO80D	0.3007680874023118
INO80E	-0.13156119640424718
INPP1	0.058504875995784446
INPP4A	0.15443672283686752
INPP4B	0.08176919068080307
INPP5A	-0.28359941515666925
INPP5B	0.1459737104903277
INPP5D	0.25814355292948493
INPP5E	-0.05777314434743214
INPP5F	0.18365303153833534
INPP5J	-0.23740749362838254
INPP5K	-0.041403935932860236
INPPL1	-0.0015953656286507038
INS	0.025502619094620146
INS-IGF2	-0.10333615222296846
INSC	-0.01175392694726049
INSIG1	-0.05331039363102177
INSIG2	0.10253033546763958
INSL3	-0.05882015763951697
INSL4	-0.0034032032915908956
INSL5	0.20482905619766106
INSL6	-0.2765298436884789
INSM1	0.0894595484279833
INSM2	-0.18707209774630904
INSR	0.05296721134433891
INSRR	0.027405704305011568
INTS1	0.12724760386939665
INTS10	-0.10485924765152256
INTS12	-0.040623083434923137
INTS2	0.19315510349897283
INTS3	0.19975382429314864
INTS4	0.30409652823514927
INTS4L1	-0.4176144460358882
INTS4L2	-0.18903474140676285
INTS5	0.3607820396843362
INTS6	0.3374211855600625
INTS6-AS1	0.1187052510701287
INTS6P1	0.26404072125484873
INTS7	0.13039874800891946
INTS8	0.21197271017027844
INTS9	0.0870510111290997
INTU	-0.02990871958446402
INVS	0.2550902126733731
IP6K1	0.2167958371824945
IP6K2	-0.29179734963846443
IP6K3	0.12908064667571015
IPCEF1	0.11519381586308924
IPMK	0.13682164342493147
IPMKP1	-0.32942228201913376
IPO11	0.16587477044565077
IPO13	-0.10190471692881843
IPO4	-0.17087113611560395
IPO5	0.01929832399778018
IPO7	0.16765154259306378
IPO7P1	-0.26714127541501
IPO7P2	-0.2462398702265817
IPO8	0.2625061916665531
IPO8P1	-0.1637371916275268
IPO9	0.14405878406555886
IPO9-AS1	-0.0964984334044876
IPP	0.1393642392932432
IPPK	0.12057954850852844
IPPKP1	0.3502955556704409
IQCA1	0.2731962542776657
IQCA1P1	0.22120368674946034
IQCB1	0.21396488866035956
IQCB2P	-0.3273579960652522
IQCC	-0.2612979691748622
IQCD	0.0787588271180723
IQCE	0.002624682743692266
IQCF1	0.24735733073550772
IQCF2	-0.212242877666578
IQCF3	-0.3312339389152043
IQCF5	0.031424946054464165
IQCF5-AS1	0.018155177213284766
IQCF6	0.004175351234911644
IQCG	0.3604484540535694
IQCH	0.00764430388590848
IQCH-AS1	-0.07332978315857304
IQCJ	-0.06716584636226658
IQCJ-SCHIP1	0.06534903681709194
IQCJ-SCHIP1-AS1	-0.255657415598937
IQCK	0.0739815924590832
IQGAP1	0.2206391009150696
IQGAP2	0.0014454329928882705
IQGAP3	-0.23690393016887437
IQSEC1	0.24803905357834738
IQSEC2	-0.12256089157688527
IQSEC3	-0.15473438354077482
IQUB	0.003079634715658961
IRAK1	-0.14759108517340133
IRAK1BP1	0.06080814274834705
IRAK2	0.27183178896719273
IRAK3	0.25195727794251516
IRAK4	0.24244350419515637
IREB2	0.1959337016979572
IRF1	0.19417686644867949
IRF2	0.10304785587499662
IRF2BP1	0.08416491563475098
IRF2BP2	-0.1405100517732677
IRF2BPL	0.0668294305361606
IRF3	-0.013105915028906347
IRF4	0.29902489430271384
IRF5	0.06129919709612921
IRF5P1	0.012517359724419773
IRF6	0.04501393344316197
IRF7	0.1046718124100383
IRF8	0.14504107344110884
IRF9	0.039014002800718726
IRG1	0.012769645793591319
IRGC	-0.00423898652231462
IRGM	-0.12951278317517304
IRGQ	0.32328324074364445
IRS1	0.09830646154381072
IRS2	0.2560455787411179
IRS4	0.21012290901956007
IRX1	0.06503213539718751
IRX1P1	0.04939382854518259
IRX2	0.005896547988713322
IRX3	0.06743793360098325
IRX4	-0.041914031420329706
IRX5	0.10670877892290916
IRX6	-0.04253654073943069
ISCA1	-0.3216673182685534
ISCA1P1	0.16753431703381433
ISCA1P2	-0.13552624597687257
ISCA1P3	-0.2649537609712778
ISCA1P4	0.13222788897645268
ISCA1P6	0.09482713720180756
ISCA2	0.1633030239739037
ISCA2P1	-0.4430123772024296
ISCU	-0.047362788354293084
ISCUP1	-0.008967050010602105
ISG15	0.05559808460052682
ISG20	0.15427021794821605
ISG20L2	0.2774129739586742
ISL1	-0.20789470478053954
ISL2	0.028735281468852184
ISLR	0.11989369744361962
ISLR2	0.07733856269082666
ISM1	-0.02195032612259782
ISM1-AS1	0.25616688495117107
ISM2	-0.029130582810972878
ISOC1	-0.11666088023951658
ISOC2	-0.09961527509538255
ISPD	0.11249669893191924
ISPD-AS1	-0.06425102226878007
IST1	0.06591199231223095
ISX	-0.18384646136132282
ISY1	-0.11467476578636908
ISY1-RAB43	
ISYNA1	0.17801758482018576
ITCH	0.26794618858160796
ITCH-AS1	0.004052432532767116
ITCH-IT1	0.1319180811910484
ITFG1	-0.1045130745488834
ITFG2	-0.09223490086350448
ITFG3	-0.19346267686779062
ITGA1	0.18959426306076121
ITGA10	-0.07810805572373833
ITGA11	-0.0670898289821936
ITGA2	0.3602638281963124
ITGA2B	0.06547163622675371
ITGA3	-0.16229129110620089
ITGA4	0.25633470430510324
ITGA5	0.07120169028259381
ITGA6	0.08104197732481432
ITGA7	-0.09165267786519002
ITGA8	0.12917659839858633
ITGA9	-0.12933476152200485
ITGAD	-0.05863366512472475
ITGAE	0.052960949682671586
ITGAL	0.22017925522497558
ITGAM	0.2402200150956819
ITGAV	0.41088087722969924
ITGAX	0.20267100074937325
ITGB1	-0.022093112647025622
ITGB1BP1	-0.06900673924970135
ITGB1BP2	0.008425519689164473
ITGB1P1	-0.1369861257983123
ITGB2	0.1583697496035146
ITGB2-AS1	0.1780602256625624
ITGB3	0.3315444092490014
ITGB3BP	-0.10935422270996767
ITGB4	0.12839827178977012
ITGB5	-0.1496436798606645
ITGB5-AS1	0.2117200286553322
ITGB6	0.2988826568908659
ITGB7	-0.015744558501990594
ITGB8	0.15788607294628332
ITGBL1	0.03472461167858754
ITIH1	0.17688780321398642
ITIH2	-0.06322102923696102
ITIH3	-0.11546369387932157
ITIH4	-0.2370742658975617
ITIH4-AS1	-0.09251772187073991
ITIH5	0.02894067711634096
ITIH6	-0.05699488427540107
ITK	0.1870186951869462
ITLN1	0.287399773006674
ITLN2	-0.1076020836212809
ITM2A	0.08952473070987524
ITM2B	-0.12054154617328519
ITM2BP1	0.06136431478953261
ITM2C	-0.06276698442255993
ITPA	-0.3260483351705838
ITPK1	-0.23816990385234119
ITPK1-AS1	-0.264837870689899
ITPKA	-0.09695417062156628
ITPKB	0.16690571310338492
ITPKB-AS1	0.11588176196049413
ITPKB-IT1	0.20649744140607482
ITPKC	0.06257457692066071
ITPR1	0.2661206371757261
ITPR1-AS1	-0.01380239889543724
ITPR2	0.2550614155110685
ITPR3	-0.014014889440201366
ITPRIP	0.1867249727855739
ITPRIPL1	0.17663790387892359
ITPRIPL2	0.26671679097443235
ITSN1	-0.041258224825627736
ITSN2	0.4233011863767834
IVD	-0.014117921971673292
IVL	0.017422939196593306
IVNS1ABP	0.042964331705208685
IWS1	0.295589287922256
IYD	0.07180784115566619
IZUMO1	-0.06189433225815531
IZUMO2	-0.21556533713591897
IZUMO3	-0.15416647129367703
IZUMO4	0.13026103660405008
JAG1	0.1566683928109208
JAG2	0.01964179652403104
JAGN1	0.015674673312522654
JAK1	0.37127246205505327
JAK2	0.2792626043441018
JAK3	0.2608776588004675
JAKMIP1	0.1837990101312086
JAKMIP2	0.15126279693466213
JAKMIP3	0.23623523458913445
JAM2	0.10766859566205915
JAM3	0.03614121955330423
JARID2	0.3012723020739013
JARID2-AS1	-0.037420250354478435
JAZF1	0.10114696197658053
JAZF1-AS1	0.08647544193350301
JDP2	-0.09455819815900517
JHDM1D	0.32227835630295304
JHDM1D-AS1	-0.11329592417931914
JKAMP	-0.12426242426138412
JMJD1C	0.3285716489417579
JMJD1C-AS1	0.1898790433048844
JMJD4	0.0711095416260283
JMJD6	0.05421660632088954
JMJD7	0.3202451132528443
JMJD7-PLA2G4B	0.08682178289230465
JMJD8	-0.4547577931510794
JMY	0.2510878270173908
JOSD1	0.19886222223592182
JOSD2	0.00772838955099317
JPH1	0.046749202398245406
JPH2	-0.2580814955408713
JPH3	0.012628322284311534
JPH4	-0.11011538463660281
JPX	0.0788239217242115
JRK	0.1744935888623594
JRKL	0.021983581731897617
JRKL-AS1	0.016404880605419607
JSRP1	-0.034744300706622
JTB	-0.11562745263542593
JTBP1	0.035899393991165346
JUN	-0.02464068001265746
JUNB	0.17048236563935928
JUND	-0.19655349662412092
JUP	-0.05232082010004996
KAAG1	-0.03653773214406865
KAL1	0.08878294627078245
KALP	-0.05863044404838374
KALRN	-0.13775462906266964
KANK1	-0.1620092662329023
KANK2	-0.1960659593498335
KANK3	0.07494216795095779
KANK4	-0.11990361793060308
KANSL1	0.1809279860447264
KANSL1-AS1	-0.05120347029073094
KANSL1L	0.05671768879345741
KANSL2	0.12075650391161015
KANSL3	0.10538458380504899
KARS	-0.005801234241349495
KARSP1	-0.10016970435218053
KARSP2	-0.27235249723669896
KARSP3	-0.22522472436112229
KAT2A	-0.19953953991018455
KAT2B	0.19793060250528696
KAT5	-0.268100177996861
KAT6A	0.38940435418384656
KAT6B	0.16655816173561477
KAT7	0.07450071294613113
KAT8	0.05792533433572869
KATNA1	-0.07010228143167424
KATNAL1	0.04686505436348429
KATNAL2	-0.2607496510272002
KATNB1	-0.2588085352976094
KATNBL1	0.03549687162227204
KATNBL1P1	0.11084511410729692
KATNBL1P2	-0.13383860915028287
KATNBL1P3	0.3126396224227164
KATNBL1P4	0.14572852210164128
KATNBL1P5	
KATNBL1P6	-0.11693740915012385
KAZALD1	-0.22318788595038588
KAZN	0.19002116605246336
KBTBD11	-0.032400390929850045
KBTBD11-OT1	-0.08609707155087522
KBTBD12	-0.07115706930122766
KBTBD13	-0.19930687481785617
KBTBD2	0.2568443650465553
KBTBD3	0.08517979009658076
KBTBD4	0.07633520953616878
KBTBD6	0.2008307461454489
KBTBD7	0.23295431069930603
KBTBD8	0.2862132320628522
KCMF1	-0.3726045304409758
KCNA1	0.18668904977063291
KCNA10	-0.401034798931878
KCNA2	0.1063562373990668
KCNA3	0.1879055608581882
KCNA4	0.13489342115925324
KCNA5	0.04994426287456846
KCNA6	0.4272116735596968
KCNA7	-0.37216988865186224
KCNAB1	-0.023503892113947693
KCNAB1-AS1	
KCNAB1-AS2	0.017649229380971045
KCNAB2	0.1589709771728595
KCNAB3	-0.08946802351034577
KCNB1	-0.26009670943201235
KCNB2	0.23302612766712388
KCNC1	0.009737558569753363
KCNC2	-0.2838973206223689
KCNC3	0.16017621690249767
KCNC4	0.01967229203700784
KCNC4-AS1	-0.1139721121649603
KCND1	0.23746512410560563
KCND2	-0.026568015541555662
KCND3	0.2539528444251498
KCND3-AS1	0.31937233720065666
KCND3-IT1	0.23747089330422802
KCNE1	0.09004786282649499
KCNE1L	0.15342090765674107
KCNE2	-0.2233702345088554
KCNE3	0.22127307805654936
KCNE4	0.12957633146291767
KCNF1	0.03288160051573808
KCNG1	-0.1446827757221082
KCNG2	0.19805766137086023
KCNG3	0.02898408865494923
KCNG4	-0.18009892381434858
KCNH1	0.08108406066559304
KCNH1-IT1	-0.14580325444727427
KCNH2	-0.2372939986173527
KCNH3	0.22744842694581507
KCNH4	0.022420170385879616
KCNH5	0.399703502884315
KCNH6	-0.008979125630345263
KCNH7	0.11616152454996673
KCNH8	0.15737770731994855
KCNIP1	0.06407239827103002
KCNIP2	-0.010054647051625636
KCNIP2-AS1	-0.13982746803875626
KCNIP3	-0.3282589407602968
KCNIP4	-0.19846605808303988
KCNJ1	-0.0002727718306901428
KCNJ10	0.21833467819910107
KCNJ11	0.17846413903243402
KCNJ12	-0.0457481093961955
KCNJ13	-0.02144953370222098
KCNJ14	0.0012890318705978021
KCNJ15	0.13617265614357094
KCNJ16	0.24991312785512793
KCNJ2	0.036810413541206996
KCNJ2-AS1	-0.23207844711270093
KCNJ3	0.004176328400919336
KCNJ4	-0.1453424109426037
KCNJ5	-0.11197500607354138
KCNJ6	-0.021421598906675617
KCNJ6-IT1	-0.15326097500387803
KCNJ8	0.10169637531949678
KCNJ9	-0.22628623172140644
KCNK1	0.024151519399096228
KCNK10	-0.320391441449022
KCNK12	0.1364921612282311
KCNK13	-0.03616499687402868
KCNK15	-0.12166769771873902
KCNK16	-0.08628876484839546
KCNK17	-0.13473883376681836
KCNK18	0.22053404764327428
KCNK2	-0.01487782581396155
KCNK3	0.15557836746737083
KCNK4	0.2067776984371969
KCNK5	-0.1960535457634144
KCNK6	0.2211728774825108
KCNK7	0.2713902535144185
KCNK9	0.001150838310691681
KCNMA1	-0.1783499680429946
KCNMB1	-0.2846609420811697
KCNMB2	-0.1447862212295968
KCNMB3	0.13464536578517827
KCNMB3P1	0.10250765202224134
KCNMB4	-0.1803409598866535
KCNN1	0.17575547734617805
KCNN2	-0.18374268535602342
KCNN3	0.18868917253697653
KCNN4	0.05767916656036249
KCNQ1	-0.17378544040974708
KCNQ1-AS1	-0.1416686860235607
KCNQ1DN	-0.03965184501190188
KCNQ1OT1	0.11664445688382474
KCNQ2	0.1198988187058413
KCNQ3	0.15386570968889637
KCNQ4	-0.2739842457839005
KCNQ5	0.19476246876065353
KCNQ5-AS1	
KCNQ5-IT1	-0.14642847503969686
KCNRG	0.0775644428015559
KCNS1	0.2752482171515424
KCNS2	-0.23317542836881977
KCNS3	0.16794274422155425
KCNT1	0.005846874277967624
KCNT2	0.05685289423124573
KCNU1	0.24424896878237692
KCNV1	-0.06016101964401373
KCNV2	0.03802324970844274
KCP	-0.1997575275668893
KCTD1	0.044941056176190576
KCTD10	-0.07091803526502846
KCTD11	0.30142009867668224
KCTD12	0.008144603034477234
KCTD13	-0.17682060778165665
KCTD14	0.014131330987547683
KCTD15	-0.11655467592204044
KCTD16	0.0385535223309269
KCTD17	-0.13225794255928988
KCTD18	0.06848267352910989
KCTD19	-0.04854682870350724
KCTD2	0.06658223564596753
KCTD20	0.3258297362880334
KCTD21	0.2668054811350761
KCTD21-AS1	-0.029578995633744595
KCTD3	-0.15031907080697657
KCTD4	-0.20793209016698921
KCTD5	-0.05504790947244226
KCTD6	-0.01996028230349673
KCTD7	0.019488877839722838
KCTD8	-0.2255252128024854
KCTD9	-0.10422074888197765
KCTD9P1	0.11683347195919737
KCTD9P2	-0.0159990860501021
KDELC1	0.18014814501366658
KDELC1P1	0.07312732509273247
KDELC2	0.003272379532952493
KDELR1	-0.2632018590025286
KDELR2	-0.043549071368917266
KDELR3	0.08341290586124649
KDM1A	-0.0515070502280831
KDM1B	0.1421916542965081
KDM2A	0.3864502754823466
KDM2B	0.1726817856209541
KDM3A	0.13401568345736684
KDM3B	0.2768836644579969
KDM4A	-0.018899537187036873
KDM4A-AS1	-0.09879146500844448
KDM4B	0.26011042556131336
KDM4C	0.009002592274623264
KDM4D	0.0524323012404726
KDM4E	0.014694013296323468
KDM5A	0.3539921093994435
KDM5B	0.3227056354359046
KDM5C	0.19559369656347364
KDM5C-IT1	0.22267930204280606
KDM5D	-0.05156771499329691
KDM6A	0.1754076017640294
KDM6B	0.24328154742952798
KDM8	-0.10905024943808164
KDR	0.26383301769008527
KDSR	0.1390123005864951
KEAP1	-0.20382245298927654
KEL	0.1598489991693479
KERA	-0.15797561290685375
KHDC1	-0.04970780937925192
KHDC1L	0.21822701353404128
KHDC1P1	-0.05207408690207286
KHDC3L	-0.11114149074424526
KHDRBS1	0.2257766097750837
KHDRBS2	0.01101191837090682
KHDRBS3	-0.13883137741012386
KHK	-0.08086942366410146
KHNYN	0.2494429892835161
KHSRP	0.06069297096236366
KHSRPP1	0.03840391506265944
KIAA0020	0.01791388314192402
KIAA0040	0.2485804381306256
KIAA0087	-0.039119520325971956
KIAA0100	0.2189135714532574
KIAA0101	-0.18637657046248324
KIAA0125	0.21168900970270557
KIAA0125P2	-0.13274948512883739
KIAA0141	-0.07302891956760986
KIAA0195	-0.18777247882090478
KIAA0196	0.18102434801289632
KIAA0196-AS1	-0.2200115189336171
KIAA0226	0.28185007919849386
KIAA0226L	0.36998304814879
KIAA0232	0.20934397297734453
KIAA0247	0.2597949287045437
KIAA0319	-0.24415358199134152
KIAA0319L	0.13628347022427464
KIAA0355	0.2004324227167663
KIAA0368	0.2748916984762762
KIAA0391	-0.059501708368889156
KIAA0408	-0.18114988911187055
KIAA0430	0.2873964585359428
KIAA0513	0.1636683322561311
KIAA0556	-0.03917203543776463
KIAA0586	0.24618101209735838
KIAA0753	0.2177630290001644
KIAA0754	0.31759304270106453
KIAA0825	0.2313316729318561
KIAA0895	0.26419595767036164
KIAA0895L	-0.20163217443174625
KIAA0907	-0.1011834051039118
KIAA0922	0.2688518534557812
KIAA0930	0.22463586470812955
KIAA0947	0.346537367457697
KIAA1009	0.18489739847325237
KIAA1024	0.10855843952111102
KIAA1024L	-0.1523545907007041
KIAA1033	0.36506024346559635
KIAA1107	0.13432696962923593
KIAA1109	0.1896299028907307
KIAA1143	0.20066204159191628
KIAA1147	0.2450000801140789
KIAA1161	-0.054546597719013414
KIAA1191	-0.10742176999196124
KIAA1199	0.1301550770268464
KIAA1210	-0.0013077348323195545
KIAA1211	0.05362753181357707
KIAA1211L	-0.2218949203109345
KIAA1217	0.3535541936181757
KIAA1239	-0.07548184657894981
KIAA1244	0.14440129740615065
KIAA1257	-0.18474100751970263
KIAA1279	-0.10971902324025784
KIAA1324	0.0689565423754863
KIAA1324L	0.20011612715670155
KIAA1328	-0.022474488337085003
KIAA1377	0.06154861143278994
KIAA1407	0.04023299144090786
KIAA1429	0.33189548902528243
KIAA1430	0.23793474140021995
KIAA1432	0.26701790300674577
KIAA1456	-0.007028503507493022
KIAA1462	0.22156457754635592
KIAA1467	0.08383751785233687
KIAA1468	-0.08284392495224131
KIAA1522	-0.24110967415780704
KIAA1524	0.011358135990551542
KIAA1549	0.2502929760684973
KIAA1549L	0.18488029189788538
KIAA1551	0.29661044563677835
KIAA1586	0.2535537448771445
KIAA1598	0.1624617186081607
KIAA1614	-0.20926262150721436
KIAA1644	0.0026970619915787
KIAA1671	0.010654012513577057
KIAA1683	-0.18442849787837254
KIAA1715	0.02823560931209383
KIAA1731	0.12932015713608486
KIAA1737	-0.1717543346263175
KIAA1755	0.14651525347372704
KIAA1841	0.04669945531739959
KIAA1875	-0.28614659794746067
KIAA1919	0.03844003680560549
KIAA1958	0.25964680908465226
KIAA1984	-0.10011244237096728
KIAA1984-AS1	0.005430727226349269
KIAA2013	-0.19244842273796486
KIAA2018	0.32166867628777784
KIAA2022	-0.03169032304707149
KIAA2026	0.3291266879697207
KIDINS220	0.22852433547843748
KIF11	-0.04561301103453154
KIF12	-0.1562043136083149
KIF13A	0.12856696347210075
KIF13B	0.200906393321835
KIF14	0.06524366949574063
KIF15	-0.0900972756137044
KIF16B	0.17655469283561684
KIF17	-0.03320071767258973
KIF18A	-0.10125275914669433
KIF18B	-0.15114691606791228
KIF19	-0.15435270517984642
KIF1A	0.14225344213751687
KIF1B	0.24308808137553536
KIF1C	-0.09568804148466128
KIF20A	-0.14376191857970239
KIF20B	0.07130758456754992
KIF21A	0.054166520624403476
KIF21B	0.32331800609054273
KIF22	-0.2885743658532582
KIF23	-0.11961266507692461
KIF24	-0.11738429967300817
KIF25	0.15234165669173994
KIF25-AS1	-0.05634490725997694
KIF26A	-0.051629932381555554
KIF26B	0.024257616415794263
KIF27	0.09455966923274813
KIF2A	0.38655523520173934
KIF2B	-0.2957989733221432
KIF2C	-0.09319715846404507
KIF3A	0.2309134878658443
KIF3B	0.2232026134129185
KIF3C	0.10970798391755557
KIF4A	-0.06591651985849253
KIF4B	0.3602669667101103
KIF4CP	0.0771979804050824
KIF5A	0.04412761325859039
KIF5B	0.2075879390766145
KIF5C	0.1480526327824366
KIF6	0.03993698618734166
KIF7	-0.015083994228995087
KIF9	-0.1721401986381495
KIF9-AS1	0.08725682133315585
KIFAP3	0.016673016742754225
KIFC1	-0.1514188822617456
KIFC2	-0.2597269969452046
KIFC3	0.06910963471668889
KIN	0.11523020740075525
KIR2DL1	0.14292294737974112
KIR2DL3	-0.04085473881367257
KIR2DL4	0.048983156744902924
KIR2DP1	0.4232356877641502
KIR2DS4	-0.03254349720386186
KIR3DL1	0.391241082545042
KIR3DL2	0.13900386284444838
KIR3DL3	0.12024713996793819
KIR3DP1	
KIR3DX1	0.03557538801454364
KIRREL	0.2653364262616984
KIRREL-IT1	-0.05003613230568148
KIRREL2	0.3833469753324273
KIRREL3	-0.1453003457643358
KIRREL3-AS1	-0.2016116979102058
KIRREL3-AS2	0.10611071894979414
KIRREL3-AS3	-0.13724138552136875
KISS1	-0.17107001549154918
KISS1R	0.10795088295968094
KIT	0.07833858410187632
KITLG	-0.18461179592159088
KL	-0.05949545039284545
KLB	0.1475819895436851
KLC1	0.08270013348763429
KLC2	0.17340890035251957
KLC3	-0.13860338030838648
KLC4	-0.2325585637302452
KLF1	-0.15814574582943863
KLF10	-0.3350171003764242
KLF11	-0.04214006674868077
KLF12	0.2905654370283944
KLF13	0.16973298520908653
KLF14	0.4137410144327867
KLF15	-0.2602773631575764
KLF16	-0.16472913984132123
KLF17	-0.25462558997035645
KLF17P1	0.04797808404424902
KLF17P2	-0.09195683174002788
KLF2	-0.02963422646918294
KLF3	0.035663632775539474
KLF3P1	0.04527103260267866
KLF3P2	-0.11727337909051161
KLF4	-0.0313183728727441
KLF5	-0.10443579281458432
KLF6	0.10567641407918411
KLF7	0.08296100556035105
KLF7-IT1	0.057003192906878074
KLF7P1	-0.3262306355673427
KLF8	-0.008756218701251685
KLF8P1	0.04174705618269967
KLF9	-0.21662158847317356
KLHDC1	-0.0876327413130587
KLHDC10	0.035190666843697864
KLHDC2	-0.2827524328131986
KLHDC3	-0.309797777858647
KLHDC4	0.10543625513116744
KLHDC7A	0.061420990809671706
KLHDC7B	0.20155080857989352
KLHDC8A	0.04230473094054813
KLHDC8B	-0.11246755957985516
KLHDC9	-0.2120385426795849
KLHL1	0.2940628509858194
KLHL10	0.023299605229587444
KLHL11	0.3954849422683953
KLHL12	-0.18269572670894507
KLHL13	-0.06939013964282821
KLHL14	0.2488587712304252
KLHL15	0.24470774768093898
KLHL17	-0.005521931820884713
KLHL18	0.357126451082241
KLHL2	0.01032597727903811
KLHL20	0.24437909336477828
KLHL21	0.05048201752397242
KLHL22	-0.019464754806262582
KLHL22-IT1	0.04201878124027912
KLHL23	-0.06711701193843124
KLHL24	0.1792874854917684
KLHL25	0.14095174152809278
KLHL26	0.055969639099592114
KLHL28	0.33685037319857425
KLHL29	0.20373316324698199
KLHL2P1	-0.01180642266893431
KLHL3	0.14974717682101454
KLHL30	-0.08529800472736551
KLHL31	-0.18429043936172815
KLHL32	0.030307507133277064
KLHL33	0.1895376268673569
KLHL34	-0.059265174276409385
KLHL35	-0.1735922110700283
KLHL36	0.26972514572559847
KLHL38	-0.08262417356629176
KLHL4	-0.020520379439863925
KLHL40	0.016474617868493815
KLHL41	0.13567576332819045
KLHL42	0.03562359111738681
KLHL5	0.22415564398515567
KLHL6	0.19398454591292613
KLHL6-AS1	0.013119807583082881
KLHL7	-0.10875847887793702
KLHL7-AS1	0.0005864729059943942
KLHL8	0.08309558458229171
KLHL9	0.23394878634033275
KLK1	-0.09238272212638475
KLK10	-0.009350132526303904
KLK11	-0.017734544293471245
KLK12	-0.18224412333358342
KLK13	0.19318105508674593
KLK14	0.32943145638540416
KLK15	-0.22026440657421897
KLK2	0.11862715775690033
KLK3	-0.2872886715239151
KLK4	-0.18429077388648027
KLK5	0.03960481933923158
KLK6	-0.024535364907286437
KLK7	0.006085384914741741
KLK8	0.011749714252546143
KLK9	0.05709942589380061
KLKB1	-0.09761503040346542
KLKP1	-0.129557576247441
KLLN	-0.1256950080597027
KLRAP1	-0.10668969879001991
KLRB1	-0.15525185375839945
KLRC1	0.08120145207749808
KLRC2	-0.01222760856049882
KLRC3	-0.03513815379585951
KLRC4	0.05792076485052985
KLRC4-KLRK1	-0.07280769960828777
KLRD1	0.06881390205458686
KLRF1	-0.027997209891590442
KLRF2	-0.19620612210977528
KLRG1	0.1395562598052219
KLRG2	-0.11466711939443769
KLRK1	-0.06939291567549417
KMO	0.2680594010678557
KMT2A	0.3451089593511745
KMT2B	0.21467897585445772
KMT2C	0.3992140516234426
KMT2D	0.3564688903634151
KMT2E	0.2366894588311392
KMT2E-AS1	-0.25831343473314444
KNCN	-0.20444284686877165
KNDC1	0.21042645553797354
KNG1	0.18996715706954376
KNOP1	0.016943377703380662
KNOP1P1	-0.047098858222063125
KNOP1P2	-0.15893969446617495
KNOP1P3	0.19976696635212737
KNOP1P4	0.05019445099266299
KNOP1P5	-0.20024188803966153
KNSTRN	-0.23755987010975935
KNTC1	0.0462560391450801
KPNA1	0.27164802994080856
KPNA2	0.04990741326033085
KPNA3	0.30189285141069666
KPNA4	0.3556923560422948
KPNA5	0.2244451060704953
KPNA6	0.43872350171312435
KPNA7	0.008524630247288688
KPNB1	0.2734494975376323
KPRP	-0.03934278549655562
KPTN	0.022328744143620422
KRAS	0.14634423846500857
KRASP1	-0.18727845991608616
KRBA1	0.1532390477605548
KRBA2	0.1436762538132935
KRBOX1	0.11372633043990726
KRBOX1-AS1	0.39117695836658534
KRBOX4	0.0848145410355542
KRCC1	-0.20949862669950575
KREMEN1	0.047589104698045524
KREMEN2	-0.11413778558576314
KRI1	0.1330440474881468
KRIT1	0.0029800945016221205
KRR1	0.27035205138193286
KRR1P1	-0.11304685678050029
KRT1	0.17275669887582237
KRT10	0.06471200561601466
KRT12	-0.11211697239761081
KRT121P	0.26110554386815543
KRT124P	-0.08663250757247526
KRT125P	-0.13247951476033573
KRT126P	-0.1966316238139627
KRT127P	0.25455345814538405
KRT128P	-0.02515031817294966
KRT13	-0.08833600913240401
KRT14	-0.10835450946217115
KRT15	-0.3137071528286099
KRT16	0.1390337234229791
KRT16P1	-0.05474991269910988
KRT16P2	0.03596489581288609
KRT16P3	-0.15416965977552893
KRT16P4	-0.1376434492512526
KRT16P5	0.21048255078167155
KRT17	0.22253123610262043
KRT17P1	0.17118750223375453
KRT17P2	-0.14609780417678886
KRT17P3	-0.35221154664241516
KRT18	-0.0738147129199298
KRT18P1	-0.32737568621042623
KRT18P10	-0.24311303059547615
KRT18P11	-0.24459645521743176
KRT18P12	-0.18894244611092506
KRT18P13	-0.2287206526675209
KRT18P14	0.06088169096266891
KRT18P15	-0.20170143742234312
KRT18P16	-0.2386992035500673
KRT18P17	-0.27013480333695855
KRT18P18	-0.12434353465935931
KRT18P19	0.07699747956205329
KRT18P2	-0.2933296945642624
KRT18P20	-0.24589417667995095
KRT18P21	-0.1861181042348986
KRT18P22	-0.1952422283280058
KRT18P23	-0.17164295067820326
KRT18P24	-0.30276004051917327
KRT18P25	-0.2559166120407527
KRT18P26	-0.2895199557151873
KRT18P27	-0.09675545073752478
KRT18P28	-0.23109742613704043
KRT18P29	-0.26059320951468995
KRT18P3	-0.33125225879383546
KRT18P31	-0.14422139769378806
KRT18P32	-0.0850368885323158
KRT18P33	-0.1811133734362768
KRT18P34	-0.23570850886986555
KRT18P35	0.0016151395608221765
KRT18P36	0.032565174530677116
KRT18P37	0.02550154555450298
KRT18P38	-0.22009726772419402
KRT18P39	-0.25811448604336257
KRT18P4	-0.18881064021626381
KRT18P40	-0.038740760544971255
KRT18P41	-0.258548029082293
KRT18P42	-0.3239489712301323
KRT18P43	0.028441947170923392
KRT18P44	-0.16164048871650813
KRT18P45	0.05542995523984473
KRT18P46	0.36503396146413514
KRT18P47	0.03547606135644462
KRT18P48	-0.23634621585728813
KRT18P49	-0.2164700206174729
KRT18P5	-0.08300532020322401
KRT18P50	-0.16061849189391814
KRT18P51	0.22750848871439344
KRT18P52	0.15225444067593916
KRT18P53	-0.08466126331892945
KRT18P54	-0.3284256022917857
KRT18P55	-0.28733912342787393
KRT18P56	-0.21832085098488144
KRT18P57	-0.15867002531798055
KRT18P58	-0.2662993434490354
KRT18P59	-0.09532925091689322
KRT18P6	0.166401787684355
KRT18P60	-0.18753270251644882
KRT18P61	-0.22218263118918172
KRT18P62	0.13373305179632522
KRT18P63	0.07528259210942986
KRT18P64	-0.1555487980671446
KRT18P65	-0.29525377192151936
KRT18P66	0.07577555486557196
KRT18P67	-0.164903392808259
KRT18P68	-0.12283259358898548
KRT18P7	-0.14188110260013234
KRT18P8	-0.30769792662837736
KRT18P9	-0.05483903370300761
KRT19	-0.11554166903644571
KRT19P1	-0.33350142529554316
KRT19P2	-0.0016994623320272409
KRT19P3	-0.343540847788328
KRT19P4	0.2506671942154661
KRT19P6	0.2679683777878442
KRT2	0.01723150289145545
KRT20	-0.10090553172663218
KRT222	-0.29755168639424595
KRT223P	0.3119025195538762
KRT23	0.04943000458303219
KRT24	-0.08277530238158946
KRT25	0.26534662770886874
KRT26	0.11796168268012268
KRT27	-0.007984832481641465
KRT28	0.027675348592108198
KRT3	0.06858650907981961
KRT31	-0.19314732018863037
KRT32	0.25033134420700154
KRT33A	0.11615425186016143
KRT33B	-0.2027970331491012
KRT34	0.4765208372019308
KRT35	0.013277971043174812
KRT36	-0.006253055220424358
KRT37	0.003547946515140431
KRT38	0.23238567695016452
KRT39	-0.24344993332807413
KRT4	-0.41554570530054363
KRT40	0.17416727409473515
KRT41P	0.2682651798572045
KRT42P	-0.155063538940089
KRT43P	-0.1405966584332991
KRT5	-0.062315585157069434
KRT6A	-0.030216522069206928
KRT6B	-0.020558694145226965
KRT6C	-0.07004713314582957
KRT7	0.15192561681270383
KRT71	0.1491161382096677
KRT72	0.15679224078315854
KRT73	0.20666104203824687
KRT74	0.12573040322069906
KRT75	0.08712118276632769
KRT76	-0.06917125364868136
KRT77	-0.02911769210587878
KRT78	0.21344913007119015
KRT79	-0.22100822473012452
KRT8	-0.1801558937839458
KRT80	0.09852288975975561
KRT81	-0.20261938908508204
KRT82	-0.003901087757512003
KRT83	-0.019593806464148617
KRT84	0.05265189836759379
KRT85	0.15137780095651043
KRT86	-0.2423319746831109
KRT8P1	-0.049856743406635325
KRT8P10	-0.3146402605207543
KRT8P11	-0.17583804180463586
KRT8P12	0.12198939973762955
KRT8P13	-0.2744558153677484
KRT8P14	-0.3295271337644544
KRT8P15	0.011490202900476995
KRT8P17	-0.2837707673564033
KRT8P18	-0.3122847028041987
KRT8P19	-0.17762088947019333
KRT8P2	-0.2732425922279491
KRT8P20	-0.25860042525466453
KRT8P21	-0.2065457544174844
KRT8P22	-0.06569398001971913
KRT8P23	-0.09338340641168252
KRT8P24	-0.24032498751522252
KRT8P25	-0.07175069928333609
KRT8P26	-0.19702621338121312
KRT8P27	-0.008087826908893854
KRT8P28	-0.28781893266954084
KRT8P29	-0.07809856263595613
KRT8P3	-0.15821842401828132
KRT8P30	-0.24917418309493947
KRT8P31	-0.19492340531285332
KRT8P32	-0.28157431446212905
KRT8P33	-0.22304066228249336
KRT8P34	0.32825364038812344
KRT8P35	-0.25655871238220085
KRT8P36	-0.31608179959102023
KRT8P37	-0.36568389789140915
KRT8P38	-0.07642209917534949
KRT8P39	-0.21862081430955066
KRT8P4	-0.03707203382273626
KRT8P40	-0.007810932900710166
KRT8P41	-0.2786179552142151
KRT8P42	-0.3327126458495361
KRT8P43	-0.27206312935726906
KRT8P44	-0.03953777202127487
KRT8P45	-0.20112939230871205
KRT8P46	-0.04758671260974757
KRT8P47	-0.28237866682130974
KRT8P48	-0.27150991713650513
KRT8P49	-0.32695217559028733
KRT8P5	-0.30897316563510735
KRT8P50	-0.19741377934530155
KRT8P51	-0.1459963392427341
KRT8P6	0.056500268304773095
KRT8P7	-0.15913049342273655
KRT8P8	-0.13388414121546996
KRT8P9	-0.30693482379098014
KRT9	0.026773724161360972
KRTAP1-1	0.19207948697309235
KRTAP1-3	-0.2791757420398631
KRTAP1-4	-0.016670384347289603
KRTAP1-5	0.19455728299702366
KRTAP10-1	-0.1175184964988561
KRTAP10-10	-0.26958621173876596
KRTAP10-11	-0.033794732473408286
KRTAP10-12	-0.17434025087805202
KRTAP10-13P	-0.10915715263384808
KRTAP10-2	-0.026923815618855807
KRTAP10-3	0.025206504369433953
KRTAP10-4	-0.22681653735687055
KRTAP10-5	0.0910553258562773
KRTAP10-6	0.08454720051746549
KRTAP10-7	0.11529556849760053
KRTAP10-8	-0.24239623132246532
KRTAP10-9	-0.2845222991935762
KRTAP11-1	0.19421768869671874
KRTAP12-1	-0.07782851528876028
KRTAP12-2	0.04230545074579458
KRTAP12-3	0.013460166654900435
KRTAP12-4	-0.1284297381992517
KRTAP13-1	-0.08617880418832588
KRTAP13-2	-0.036223256156578995
KRTAP13-3	
KRTAP13-4	-0.1720072680612941
KRTAP13-5P	-0.005624354190250816
KRTAP13-6P	
KRTAP15-1	
KRTAP16-1	-0.003909197492752042
KRTAP17-1	0.2702833081949102
KRTAP19-1	-0.041285502512003885
KRTAP19-10P	
KRTAP19-11P	-0.03325912453167606
KRTAP19-2	0.28053452153389247
KRTAP19-3	-0.05705424817102884
KRTAP19-4	0.0102764052830052
KRTAP19-5	0.3161776310959886
KRTAP19-6	
KRTAP19-7	0.1455479057359193
KRTAP19-8	-0.008967050010602105
KRTAP19-9P	
KRTAP2-1	
KRTAP2-2	-0.25391738522284224
KRTAP2-3	0.05653718660625481
KRTAP2-4	0.16856020591942544
KRTAP2-5P	-0.09365798665018861
KRTAP20-1	-0.16170673095150628
KRTAP20-2	
KRTAP20-3	
KRTAP20-4	
KRTAP21-1	
KRTAP21-2	0.382135059636399
KRTAP21-3	0.10656476774357872
KRTAP21-4P	0.2570122437688641
KRTAP22-1	-0.18623046484940525
KRTAP22-2	-0.07243224673845453
KRTAP23-1	-0.107640076470282
KRTAP24-1	-0.10707178617422526
KRTAP25-1	0.10656476774357872
KRTAP26-1	0.28839048207553475
KRTAP27-1	-0.19614161732580998
KRTAP29-1	-0.1330270174919595
KRTAP3-1	0.21742216109999224
KRTAP3-2	0.04426584889453859
KRTAP3-3	-0.2959923615374485
KRTAP3-4P	-0.03325912453167606
KRTAP4-1	-0.008457608578365163
KRTAP4-11	0.09637724766561749
KRTAP4-12	-0.002993072031100213
KRTAP4-16P	-0.15092660768968974
KRTAP4-2	0.20246297419790676
KRTAP4-3	-0.12848705998445392
KRTAP4-4	
KRTAP4-5	-0.008967050010602105
KRTAP4-6	-0.021322470982478463
KRTAP4-7	-0.12913790227528038
KRTAP4-8	-0.038684826110553176
KRTAP4-9	-0.0516229933539667
KRTAP5-1	0.04290266338740115
KRTAP5-10	-0.18725897939365027
KRTAP5-11	-0.04040318728867396
KRTAP5-14P	
KRTAP5-2	0.17213900337201246
KRTAP5-3	-0.021410079633249007
KRTAP5-4	-0.07267105840683773
KRTAP5-5	0.09387457109846238
KRTAP5-6	-0.22156097872652586
KRTAP5-7	0.1883579802055843
KRTAP5-8	0.209774839527341
KRTAP5-9	-0.2530288362648822
KRTAP5-AS1	0.15365590340836127
KRTAP6-1	0.035899393991165346
KRTAP6-2	0.10193823724180191
KRTAP6-3	-0.17941624815013035
KRTAP7-1	
KRTAP8-1	-0.041285502512003885
KRTAP8-2P	0.02603337963773514
KRTAP8-3P	0.382135059636399
KRTAP9-1	0.16763423346712672
KRTAP9-10P	-0.04393865143812509
KRTAP9-11P	
KRTAP9-12P	-0.17077684886637584
KRTAP9-2	
KRTAP9-3	
KRTAP9-4	-0.2632580996332873
KRTAP9-6	0.07211210446140537
KRTAP9-7	0.25929991987566586
KRTAP9-8	
KRTAP9-9	-0.12913790227528038
KRTCAP2	-0.13005810611439822
KRTCAP3	-0.3227291206409269
KRTDAP	-0.12186299838540597
KSR1	0.30233276910043066
KSR1P1	-0.18623046484940525
KSR2	0.08334864877295166
KTI12	0.25774014757946573
KTN1	0.10281370374555467
KTN1-AS1	2.561330308781899e-06
KXD1	-0.20931780828855143
KY	-0.16943810195105022
KYNU	0.1762638011132863
KYNUP1	0.21939494268628737
KYNUP2	-0.041285502512003885
KYNUP3	
L1CAM	-0.05485664560792914
L1TD1	0.06842763355250624
L2HGDH	-0.047383304172293174
L3HYPDH	0.03423776316253781
L3MBTL1	-0.019042733291634726
L3MBTL2	0.18498172432064725
L3MBTL3	0.18548786079177312
L3MBTL4	0.12847865655798155
LACC1	0.06111149462981693
LACE1	-0.15420020744243826
LACRT	0.20033043609345205
LACTB	-0.07520073260675435
LACTB2	-0.18359720423509107
LACTBL1	-0.16423826131911842
LAD1	-0.13042982435935344
LAG3	-0.008556793993481296
LAGE3	0.08918724686587029
LAIR1	0.10327106651901802
LAIR2	0.2848883392994123
LALBA	0.0006197175182900976
LAMA1	-0.20176615581282856
LAMA2	-0.10932208216604118
LAMA3	0.3230918882769616
LAMA4	0.14173742343503268
LAMA5	0.06203719462050115
LAMB1	0.0651996749758677
LAMB2	0.11874047368655867
LAMB3	0.010516481198433767
LAMB4	-0.05036256947309131
LAMC1	0.1997249101104545
LAMC2	0.2691616811511258
LAMC3	0.002530162196805684
LAMP1	-0.32245183967759916
LAMP2	-0.017093533765144
LAMP3	0.11835090223518256
LAMP5	-0.011181728374597025
LAMTOR1	-0.20960341973963748
LAMTOR2	-0.1662108392505794
LAMTOR3	0.03480760730015856
LAMTOR3P1	-0.1956442061857054
LAMTOR3P2	-0.2535418972537965
LAMTOR4	-0.24990282140108794
LAMTOR5	-0.15108002436216092
LAMTOR5-AS1	-0.07761571369109008
LAMTOR5P1	-0.16238902248462503
LANCL1	-0.04329567945336905
LANCL2	-0.038033889016460556
LANCL3	-0.1521275199134559
LAP3	0.11425260287196601
LAP3P1	-0.16941021283826987
LAP3P2	-0.024718396661471426
LAPTM4A	-0.09893825487447866
LAPTM4B	-0.19252171433878287
LAPTM5	0.14547653751664955
LARGE	0.041406709505680095
LARGE-AS1	0.2649606704018938
LARGE-IT1	0.06890705974605742
LARP1	0.26843833774408477
LARP1B	-0.09037565359372736
LARP1BP1	-0.3582609789009553
LARP1BP2	-0.11869578162023679
LARP1BP3	-0.09626253094422778
LARP1P1	-0.1949228365580264
LARP4	0.2773547232108483
LARP4B	0.18504255141431608
LARP4P	0.21768721106348154
LARP6	0.0766909088499182
LARP7	-0.07758305862454087
LARS	0.043058194167747206
LARS2	0.1436838086636349
LARS2-AS1	0.07448852260482708
LAS1L	-0.1231713010561019
LASP1	0.025441362821659978
LAT	0.1161504339864897
LAT2	0.23780946759347066
LATS1	0.32515201392197596
LATS2	0.29315211655197804
LATS2-AS1	-0.06560238401549631
LAX1	0.2519555855777271
LAYN	0.21013730165702837
LBH	0.23878619870197562
LBP	0.06306097356609393
LBR	0.009363544730004622
LBX1	-0.19108481148578593
LBX1-AS1	0.4338044937238919
LBX2	0.029029173394065466
LBX2-AS1	-0.15996410343612333
LCA10	-0.12086680805451326
LCA5	0.05522880505340957
LCA5L	-0.001104535295921757
LCAT	-0.058602652501284505
LCE1A	-0.27448754926128743
LCE1B	-0.23304495052313406
LCE1C	0.0426747714630397
LCE1D	0.16151611741739946
LCE1E	0.1371678186993572
LCE1F	
LCE2A	-0.22124353818477607
LCE2B	0.2257292446222348
LCE2C	0.03657717227915576
LCE2D	-0.004344561145051568
LCE3A	-0.01495122419552358
LCE3B	
LCE3C	-0.03224419839982786
LCE3D	-0.23392876851555255
LCE3E	-0.07321590418042599
LCE4A	-0.21128698508305305
LCE5A	0.25342417441714943
LCE6A	-0.09478013008788565
LCK	0.23678527808669908
LCLAT1	0.020427945603280342
LCMT1	-0.1508632851094381
LCMT2	0.33396765186116567
LCN1	0.02756173269656844
LCN10	0.15600406955407142
LCN12	-0.12418805896702702
LCN15	0.037236928548351256
LCN1P1	-0.03249796718284225
LCN1P2	-0.12913790227528038
LCN2	0.06222225912969535
LCN6	-0.0024232148254268496
LCN8	-0.14200661693855404
LCN9	-0.16629404861366262
LCNL1	0.06878794390087785
LCOR	0.2628640916931305
LCORL	0.056366844437759134
LCP1	0.22818617074710373
LCP2	0.19503437566495282
LCT	-0.1564473109668305
LCTL	-0.03763225780131541
LDB1	0.011660341601301567
LDB2	-0.008370342077921275
LDB3	-0.2985873936866004
LDHA	-0.04871075758600498
LDHAL6A	0.0744918295538421
LDHAL6B	0.22457776264016144
LDHAL6CP	0.026439372293414937
LDHAL6DP	-0.008967050010602105
LDHAL6EP	0.08515248287899042
LDHAL6FP	-0.14246694857822806
LDHAP1	-0.2769466436695506
LDHAP2	-0.2742174027307726
LDHAP3	-0.2847466288035927
LDHAP4	-0.18041951078378468
LDHAP5	-0.3182843539913972
LDHAP7	-0.2795646602035269
LDHB	0.045754588801522375
LDHBP1	0.16757233503496743
LDHBP2	-0.18909394990138503
LDHBP3	-0.12323326054622359
LDHC	-0.05928907641422931
LDHD	-0.001593775130397904
LDLR	0.19983922900498047
LDLRAD1	-0.009398259899958811
LDLRAD2	-0.027313291482628798
LDLRAD3	0.2643829456218427
LDLRAD4	0.2768068331645841
LDLRAD4-AS1	0.03995493582078211
LDLRAP1	0.020667194701578486
LDOC1	0.1738764015102686
LDOC1L	0.07985604052734108
LEAP2	-0.008704936893605058
LECT1	-0.111030626361106
LECT2	-0.08437332632639913
LEF1	0.20897328890991623
LEF1-AS1	0.05176139310566757
LEFTY1	-0.1460788032786994
LEFTY2	0.08804237633315594
LEKR1	-0.39896503952379114
LELP1	-0.10524273559594695
LEMD1	0.14925045365692963
LEMD1-AS1	0.03841960121411363
LEMD2	-0.003762073512641449
LEMD3	0.15377673515471216
LENEP	-0.03818205274171345
LENG1	-0.08416449066822664
LENG8	-0.05975777121961118
LENG8-AS1	0.0563555107461994
LENG9	0.10208716650355255
LEO1	0.18291371497911674
LEP	0.24723832741443114
LEPR	0.18061035548835233
LEPRE1	0.1661983602255444
LEPREL1	-0.015861625366245063
LEPREL1-AS1	-0.20324986967888653
LEPREL2	-0.03792004401552195
LEPREL4	-0.024114657426153985
LEPROT	0.08362496399117123
LEPROTL1	0.13673220335456435
LETM1	-0.07364238409161167
LETM1P2	-0.3143776424787178
LETM2	0.18900320115695285
LETMD1	-0.21399423360457162
LEUTX	-0.1487350424188484
LFNG	-0.1230718513591311
LGALS1	-0.10253655194288232
LGALS12	0.2616495531009743
LGALS13	-0.07499523710598309
LGALS14	-0.27982284027939286
LGALS16	-0.03904969715613384
LGALS17A	-0.1357496144290639
LGALS2	-0.10863332240038778
LGALS3	-0.2620258821683781
LGALS3BP	-0.05417952753971627
LGALS4	-0.2007926710710743
LGALS7	-0.11713747472345434
LGALS7B	0.11976610042627948
LGALS8	0.1768802914534753
LGALS8-AS1	-0.08397077695056915
LGALS9	-0.17347743118227982
LGALS9B	-0.11427682672197859
LGALS9C	-0.108016387804661
LGALSL	-0.11848221850286984
LGI1	-0.14249940174557868
LGI2	0.19572352214273472
LGI3	-0.029104836470907523
LGI4	-0.23730919773390166
LGMN	-0.35167497313305995
LGMNP1	-0.2706448544193428
LGR4	-0.007646804489101198
LGR5	0.10643273172426283
LGR6	-0.23749375219722987
LGSN	-0.020510844452522933
LHB	-0.21761151904532103
LHCGR	0.08285464544598883
LHFP	-0.04255289892630606
LHFPL1	-0.06752518081175667
LHFPL2	0.20817223973094892
LHFPL3	0.22238439892852488
LHFPL3-AS1	0.0012487526130285594
LHFPL4	-0.14338098221757614
LHFPL5	0.04401008374174986
LHPP	0.03700156355305777
LHX1	0.09533076353290706
LHX2	0.04826021258921857
LHX3	-0.02758158147651399
LHX4	-0.2697095152979304
LHX5	-0.03899672773411483
LHX6	0.12832793288618602
LHX8	-0.2748721942577869
LHX9	0.04060455195567432
LIAS	-0.26074783084652925
LIF	0.010925891395745976
LIFR	0.025292582622210673
LIFR-AS1	-0.05670025968268006
LIG1	-0.1751223658822829
LIG3	0.18155004118406734
LIG4	0.3243035664555333
LILRA1	0.15837875705337723
LILRA2	0.15356412579333623
LILRA3	-0.024701483067504408
LILRA4	-0.07713477830255061
LILRA5	0.18402755037893945
LILRA6	0.0596754661244851
LILRB1	0.1847766681342535
LILRB2	0.05465024287544915
LILRB3	0.0749534377161556
LILRB4	0.20884163948130652
LILRB5	-0.22861532900075116
LILRP1	0.24737727607115606
LILRP2	0.027241303086956326
LIM2	0.028579122423772422
LIMA1	-0.05927864144241792
LIMCH1	-0.03545533499342303
LIMD1	0.21593066353426346
LIMD1-AS1	0.17493299973863213
LIMD2	0.19760838018251678
LIME1	-0.13612955842611066
LIMK1	0.2006662100278347
LIMK2	0.010134171012670555
LIMS1	0.17516871703155512
LIMS2	-0.19848997720069209
LIMS3	-0.2635096139879704
LIMS3L	-0.21551945913515538
LIN28A	0.0007839577003364212
LIN28AP1	-0.0594844373722068
LIN28AP2	
LIN28B	0.16404933763729415
LIN37	-0.23147081154315777
LIN52	-0.1762375519804219
LIN54	0.03686136664407142
LIN7A	0.18355282503575523
LIN7B	-0.3120950964552572
LIN7C	0.14249180434433792
LIN9	-0.09069362127519964
LINC-ROR	0.4178792919116635
LINC00028	0.012669680333435228
LINC00029	-0.019766857765437587
LINC00032	-0.08248708906683401
LINC00035	-0.22281384023236706
LINC00051	-0.057126547877221184
LINC00052	-0.07722174840810715
LINC00083	-0.01424675027036097
LINC00085	-0.09331752872818051
LINC00086	0.016660189598890176
LINC00087	0.1351004251895961
LINC00092	-0.23275169617586466
LINC00094	0.21178669523426222
LINC00102	0.102438941248278
LINC00106	-0.05348025445679682
LINC00111	0.050662533796894525
LINC00112	-0.15936085119923596
LINC00113	0.02603337963773514
LINC00114	0.19237695177171993
LINC00115	-0.009105073590316582
LINC00116	-0.04894246112130912
LINC00152	0.258998350646401
LINC00158	-0.03362823305566185
LINC00159	-0.07689682470044647
LINC00160	0.12126706904220204
LINC00161	-0.16170673095150628
LINC00162	0.13004487098668024
LINC00163	-0.1665088539716113
LINC00167	0.29539061180064147
LINC00173	0.20363464394475375
LINC00174	0.07424138089588306
LINC00176	-0.21532522575505336
LINC00184	0.05868889211432308
LINC00189	0.2519282721127351
LINC00200	0.21371098755593498
LINC00202-1	0.32816698355936336
LINC00202-2	0.011966675628084978
LINC00205	0.10012015165383367
LINC00207	-0.0953662262635997
LINC00208	0.06945473027225779
LINC00210	-0.21369279446122275
LINC00211	0.27741610505908715
LINC00221	0.0527863384443157
LINC00222	-0.16001582929589436
LINC00226	0.182033890095016
LINC00229	-0.03482695507338104
LINC00237	-0.11786422827633827
LINC00238	-0.3458338697253474
LINC00240	0.15491861744297847
LINC00242	0.19349680485914383
LINC00243	-0.09330278359490358
LINC00261	-0.17439818715905334
LINC00263	-0.08159134906716285
LINC00264	0.2969488519547208
LINC00265	0.12782177037989562
LINC00265-2P	0.279253956685984
LINC00265-3P	
LINC00266-1	0.01634414323365751
LINC00266-2P	
LINC00266-3	0.10656476774357872
LINC00266-4P	
LINC00269	-0.0549974157828523
LINC00271	-0.1943925126098808
LINC00272	0.12125833179919086
LINC00273	-0.2556624706596709
LINC00276	-0.02907626320814784
LINC00277	0.016946869565020818
LINC00278	-0.051611980847601775
LINC00279	-0.04393865143812509
LINC00280	
LINC00284	-0.1495329181031941
LINC00290	0.26329000296132926
LINC00293	0.09785021333879361
LINC00297	0.00804192958458817
LINC00299	0.1302756094186437
LINC00301	-0.206417888290215
LINC00302	-0.17203210372158195
LINC00303	-0.06588302199757051
LINC00304	0.18653014788722092
LINC00305	-0.04689297572864004
LINC00307	0.09530249520301567
LINC00308	-0.19958441596620385
LINC00309	0.22204932105887457
LINC00310	-0.0988445042546677
LINC00311	-0.13818844297097643
LINC00312	-0.01778837906375978
LINC00313	-0.25973491233610085
LINC00314	0.09003346074583315
LINC00315	-0.12610523900088141
LINC00316	-0.1402303161780353
LINC00317	-0.008967050010602105
LINC00319	-0.2924129319571912
LINC00320	-0.04958671992984577
LINC00322	-0.07813604716920836
LINC00323	0.33023775293007873
LINC00324	-0.17286447333567861
LINC00326	-0.07148902786830853
LINC00327	-0.258136007384519
LINC00328-2P	-0.12913790227528038
LINC00330	-0.05162171100661292
LINC00331	
LINC00332	0.1188898295898469
LINC00333	0.28053452153389247
LINC00334	-0.055546417451971454
LINC00336	-0.06238424482255017
LINC00337	-0.16647557838181154
LINC00338	-0.18574242005081545
LINC00339	-0.26827337407538576
LINC00341	0.11106397958987783
LINC00342	0.05131562799028824
LINC00343	0.07032533329713618
LINC00345	-0.3339742209957889
LINC00346	0.022970302067527166
LINC00347	0.19050330080569394
LINC00348	-0.21046982824351146
LINC00349	-0.008967050010602105
LINC00350	0.2657257682966955
LINC00351	-0.13445303791827726
LINC00352	-0.18623046484940525
LINC00353	
LINC00354	-0.020018991106197887
LINC00355	0.02083836492595346
LINC00358	0.058496651695031376
LINC00359	-0.24570528698895813
LINC00362	
LINC00363	
LINC00364	-0.11085353814654822
LINC00365	0.22151813785660904
LINC00366	-0.3008163341844048
LINC00368	0.279253956685984
LINC00370	
LINC00371	-0.16621899179405294
LINC00374	0.11146864687402286
LINC00375	-0.11163736284643579
LINC00376	0.1432001242726042
LINC00378	-0.23344911859497566
LINC00379	-0.24538169420051734
LINC00380	-0.07434815698218468
LINC00381	0.06452924367993183
LINC00382	-0.08262226740322087
LINC00383	0.10656476774357872
LINC00384	0.09349587461237789
LINC00385	-0.12809999231662852
LINC00387	
LINC00388	0.21594273648773152
LINC00390	-0.11747550378396221
LINC00391	0.051003593513169125
LINC00392	-0.13529458894207283
LINC00393	-0.03674047430071931
LINC00395	0.382135059636399
LINC00396	0.15013502296380385
LINC00397	-0.20752784872156238
LINC00398	0.05194299188810793
LINC00399	-0.2665279645090723
LINC00400	-0.06176440888542152
LINC00401	0.0024943937570552103
LINC00402	0.16179580479456968
LINC00403	-0.043816202163439386
LINC00404	0.13567986279111827
LINC00407	0.1670141174174569
LINC00408	-0.12913790227528038
LINC00410	-0.09118142727868177
LINC00411	-0.08246044475267789
LINC00412	-0.14139348388819184
LINC00415	-0.1890095175741599
LINC00421	0.07404644324213053
LINC00423	0.24235150652994436
LINC00424	-0.005624354190250816
LINC00426	0.13440269928097062
LINC00427	-0.07064582202140443
LINC00428	0.009619398004122216
LINC00430	-0.23295588854710564
LINC00431	0.09146135872664335
LINC00433	-0.07243543775455616
LINC00434	-0.051315547199707455
LINC00437	-0.09825543370216497
LINC00440	-0.2548684061139926
LINC00441	-0.16385361148580255
LINC00442	0.036481794802455794
LINC00443	-0.14293976498670422
LINC00444	-0.04391311913372641
LINC00445	-0.008967050010602105
LINC00446	0.382135059636399
LINC00448	-0.11160842232441326
LINC00449	0.08937094970191242
LINC00452	0.11015869997100101
LINC00454	0.07564388316609985
LINC00456	-0.03325912453167606
LINC00457	-0.30808109448793564
LINC00458	-0.012826280798814708
LINC00459	-0.11309198053485696
LINC00460	0.300557001395591
LINC00461	0.10249236296599988
LINC00462	-0.05497820059701351
LINC00466	0.3527502249168524
LINC00467	-0.09799946286232741
LINC00469	0.17348135788047656
LINC00470	0.055726066580252184
LINC00471	-0.0485556967489651
LINC00472	-0.009170187191200212
LINC00473	0.23857660120450913
LINC00474	-0.15270220344384433
LINC00475	-0.11446095318494931
LINC00476	-0.10807865601521725
LINC00477	0.2639281872895949
LINC00478	-0.13970789449970228
LINC00479	-0.17397870170652865
LINC00482	-0.26838962991676246
LINC00483	-0.11662513250132184
LINC00484	-0.1929779624325684
LINC00485	0.021074732118682736
LINC00486	-0.1731856044399618
LINC00487	-0.017303633097569018
LINC00488	0.09480332305715176
LINC00489	-0.038684826110553176
LINC00491	-0.20179536065695491
LINC00492	-0.008967050010602105
LINC00493	0.027816831384199426
LINC00494	0.22498729387998984
LINC00498	
LINC00499	-0.20931093813114698
LINC00500	0.11410349487390394
LINC00501	-0.3000725216756518
LINC00502	0.2664188266001483
LINC00504	-0.10017524800957733
LINC00505	0.014120062768866747
LINC00507	-0.2040852607198594
LINC00508	0.3129119412403919
LINC00511	-0.1382199284765624
LINC00514	-0.08147828188830994
LINC00515	-0.10063488228033877
LINC00517	-0.17913071079237666
LINC00518	0.18604198666727773
LINC00519	-0.06201678985654991
LINC00520	0.15260476224613018
LINC00521	0.03477344214854172
LINC00523	0.2558344064217275
LINC00524	0.04308027635084439
LINC00525	-0.1514570783118375
LINC00526	-0.17399402105203998
LINC00528	0.1598574416193134
LINC00529	0.0763618546299942
LINC00533	0.012308874085135143
LINC00534	0.5093769761988503
LINC00535	-0.1669425112497795
LINC00536	-0.011285649701572958
LINC00537	0.14514044096724713
LINC00539	0.005269835829158764
LINC00543	-0.11190910923515103
LINC00544	0.007739912057554986
LINC00545	0.2889321166654414
LINC00551	-0.02767482534217961
LINC00552	0.2353052618011991
LINC00554	0.0024311780537923616
LINC00555	-0.25842938034333135
LINC00556	0.06844784647818562
LINC00557	-0.11451965306826138
LINC00558	0.33889341395809536
LINC00559	0.1880041501906983
LINC00560	0.07982706204885806
LINC00561	0.18553274220593502
LINC00562	-0.0777698158200335
LINC00563	0.27703376409936
LINC00564	-0.09321505859971418
LINC00565	0.13808455269593298
LINC00566	0.19377607446288686
LINC00567	0.1617726844406819
LINC00568	0.07307446400905483
LINC00570	0.006533084716216453
LINC00571	-0.14161706149284117
LINC00572	-0.034351893271284
LINC00574	0.09379585144066219
LINC00575	-0.13992713006685834
LINC00577	-0.14105944625326144
LINC00578	0.18340622140064688
LINC00582	0.016814927075655427
LINC00583	-0.21230197885417595
LINC00587	-0.005624354190250816
LINC00588	0.23122885936610116
LINC00589	0.14236642437057212
LINC00592	-0.07572762639047038
LINC00593	0.3028579694237279
LINC00594	-0.25244089466356756
LINC00595	-0.33518929724184204
LINC00596	0.12699804729718414
LINC00598	0.19470030140185937
LINC00599	0.09654179388708874
LINC00601	0.10676582316759366
LINC00603	0.27448871601755975
LINC00604	-0.16836659633527215
LINC00605	-0.11213917482752118
LINC00606	-0.31627659789901025
LINC00607	-0.1561981407942807
LINC00608	-0.28397881159511085
LINC00609	-0.02467990920557376
LINC00610	-0.07956845919524057
LINC00612	-0.1278060274898811
LINC00613	-0.2402323315723637
LINC00614	0.1424770665403527
LINC00615	-0.008806938363873631
LINC00616	0.134107564428547
LINC00617	0.16510352686875024
LINC00618	0.055251682555137314
LINC00619	-0.06015751216831434
LINC00620	-0.03760582462582311
LINC00621	-0.23269659817082947
LINC00622	-0.00404849923148423
LINC00623	-0.35811551957102117
LINC00624	0.039332081389447666
LINC00626	-0.17077818710338016
LINC00629	0.06275743536425618
LINC00630	0.2250655402382906
LINC00632	-0.04320416613425241
LINC00633	-0.041255192493627454
LINC00634	-0.036160893209983315
LINC00635	-0.13645458074126898
LINC00636	0.1552636969840152
LINC00637	-0.10502603410086901
LINC00638	0.018255166516734932
LINC00639	-0.10276026170959784
LINC00640	-0.03582921274730952
LINC00641	0.23218103903098042
LINC00642	-0.13159851328359118
LINC00643	0.2892809694054803
LINC00644	
LINC00645	0.018023710202619836
LINC00648	-0.07216617027952314
LINC00649	0.1034719204500717
LINC00652	-0.27449173402146776
LINC00654	-0.07960499718622202
LINC00656	-0.06373425784004161
LINC00657	0.0036273810199203365
LINC00658	-0.04370369207277508
LINC00659	-0.11315276987678155
LINC00661	0.04396249526391976
LINC00662	-0.19746899995716646
LINC00663	-0.04526163449237581
LINC00664	-0.029778530968703164
LINC00665	0.06720200984399344
LINC00667	-0.038653834674803066
LINC00668	-0.1091286110988327
LINC00669	-0.16479367790269012
LINC00670	-0.137513350124087
LINC00671	-0.005032774755303895
LINC00672	0.18439130678921437
LINC00674	0.034741128615878816
LINC00675	-0.24362135770307383
LINC00676	-0.038684826110553176
LINC00677	0.08435200726016572
LINC00678	-0.2598341942640069
LINC00680	-0.23721937078225816
LINC00681	-0.038684826110553176
LINC00682	0.014663748868587416
LINC00683	-0.1540263615789983
LINC00684	
LINC00685	0.02406632316453605
LINC00686	-0.08192368387892413
LINC00687	-0.008967050010602105
LINC00689	0.18716470370698676
LINC00690	-0.22870359678377297
LINC00691	-0.22512044850127644
LINC00692	-0.07233833604013921
LINC00693	-0.20981341393896324
LINC00694	0.08690984295497697
LINC00696	-0.03878485132130066
LINC00698	0.2032538174452809
LINC00700	0.31567545599727803
LINC00701	-0.2104901484257163
LINC00702	-0.24994681819037173
LINC00703	-0.09581645604831729
LINC00704	-0.2257038251913763
LINC00705	-0.0801333134637979
LINC00707	0.04449787779667002
LINC00708	-0.04393865143812509
LINC00709	0.017649229380971045
LINC00710	0.09555131037371091
LINC00837	-0.14686766747500332
LINC00838	-0.3326920647696126
LINC00839	0.14914092432485296
LINC00840	0.23587768215705265
LINC00841	-0.18699288167615205
LINC00842	-0.04023050582591495
LINC00843	0.2384553652074216
LINC00844	-0.18125504903360926
LINC00845	-0.16191590917627985
LINC00846	0.016507138454941707
LINC00847	-0.04461647209472528
LINC00851	-0.30925640888089345
LINC00852	-0.17587343058627974
LINC00853	-0.23563825424057386
LINC00854	0.005183699722888521
LINC00856	-0.046057724875691056
LINC00857	-0.08184227146701768
LINC00858	0.07419247181784254
LINC00861	0.11726722153583634
LINC00862	0.3903847432422438
LINC00863	0.21714363006079232
LINC00864	-0.210046209278712
LINC00865	-0.07781189878280291
LINC00866	0.331824112404271
LINC00867	-0.0952044185604969
LINC00868	-0.11819681269124134
LINC00870	-0.23463678153835002
LINC00871	-0.29649633005317527
LINC00877	0.06974913865582948
LINC00879	-0.014623964196644565
LINC00880	0.08369151373224067
LINC00881	0.2375485429906715
LINC00882	-0.03145254789558161
LINC00883	-0.20178136026424706
LINC00884	0.25814117688487037
LINC00885	-0.045920729240376254
LINC00886	-0.1848448989267549
LINC00887	-0.1503093694055089
LINC00888	0.019689017394211708
LINC00890	-0.0007848938134698124
LINC00892	-0.14672748774970523
LINC00893	-0.15493754343558064
LINC00894	-0.1554083115450383
LINC00896	-0.22315269560805434
LINC00898	-0.1509013820447025
LINC00899	-0.19422372877087932
LINC00900	0.01871034606057768
LINC00901	0.2345196195854358
LINC00903	
LINC00904	-0.22678106139710905
LINC00905	-0.08102437585468236
LINC00906	-0.004269960633428206
LINC00907	0.2573694354459292
LINC00908	0.0410815457537057
LINC00909	0.2035849320559798
LINC00910	-0.06578977945386942
LINC00911	0.32715314301585713
LINC00917	0.03661422318122846
LINC00919	0.3300108616995409
LINC00920	0.12827110960945393
LINC00922	0.18392700057322145
LINC00923	0.06559823695862309
LINC00924	-0.16627374546199175
LINC00925	0.27018124307078967
LINC00926	0.15711713356074036
LINC00927	-0.071575173296731
LINC00928	0.15095936816079367
LINC00929	-0.005748807096391578
LINC00930	0.0005538584774818246
LINC00933	-0.22433264980767126
LINC00935	-0.047980003451134755
LINC00936	-0.07666145522705985
LINC00937	0.1401861796793065
LINC00938	-0.15542462641001747
LINC00939	-0.17533622250180686
LINC00940	-0.07250193206792287
LINC00941	-0.02501166068558219
LINC00942	-0.025761578612297085
LINC00943	0.09225838121237905
LINC00944	0.2919683774287552
LINC00945	-0.10400307194539779
LINC00948	-0.11475136775596002
LINC00951	0.3911961314170639
LINC00954	0.17815512619632154
LINC00955	-0.06116030760495154
LINC00957	-0.006344032414080124
LINC00958	-0.14552926854945078
LINC00959	-0.06763949668592154
LINC00960	-0.22402227702996266
LINC00961	-0.4190973067561237
LINC00963	0.013727847838422088
LINC00964	-0.2988774159005838
LINC00966	0.24927223709683632
LINC00967	0.35120973742644296
LINC00968	0.03404057434113959
LINC00969	0.0016639991807413362
LINC00970	-0.01101066885294858
LINC00971	-0.16209049974898526
LINC00972	-0.28524272545292284
LINC00973	0.3574827060071362
LINC00974	-0.11928430901516905
LINC00977	-0.13106067040564678
LINC00982	0.028341423702155078
LINC00984	0.022443418530119684
LINC00987	-0.04099704956317948
LINC00989	0.21174090720576094
LINC00992	-0.043718473497286935
LINC00993	-0.2382675072419143
LINC00994	0.19888817187548236
LINC00996	0.04139813919964044
LINC00998	0.26520968365992964
LINC00999	0.014561136116401351
LINC01001	0.06211317031386049
LINC01002	0.20884704403633897
LINC01003	-0.2522692556235804
LINC01004	-0.15968455908519436
LINC01005	
LINC01006	-0.24878906638409148
LINC01007	-0.0862891478590101
LINC01010	0.3102315132350313
LINC01011	-0.15164341639480242
LINC01013	-0.07668028843233282
LINC01014	-0.013584753182585629
LINC01015	0.09961323589503332
LINC01016	-0.38120935803751593
LINC01018	0.10278992108681574
LINC01019	0.2096215907131462
LINC01020	0.33406828136016214
LINC01021	0.32317886807035173
LINC01022	0.14675905825847604
LINC01023	-0.017369343179225907
LINC01024	-0.08295111842900377
LINC01028	-0.12089875962948969
LINC01029	-0.027086728252232677
LINC01030	0.3304013811932507
LINC01031	0.04304388354388687
LINC01032	0.13663040006822055
LINC01033	-0.029205921351383758
LINC01034	0.026518927847648074
LINC01035	
LINC01036	-0.13980667645257175
LINC01037	0.16285005961199314
LINC01038	-0.2114495503336078
LINC01039	0.07883517935109545
LINC01040	0.10527353648657863
LINC01043	-0.18470345868069327
LINC01044	0.0016730716057967502
LINC01046	-0.19240273239498018
LINC01047	-0.008967050010602105
LINC01048	-0.2104901484257163
LINC01049	-0.22625257544710362
LINC01050	0.25481332421789593
LINC01052	0.16856020591942544
LINC01053	0.0818483664619612
LINC01054	0.009481067475088392
LINC01055	-0.16986535940753142
LINC01056	0.05328288871513282
LINC01057	-0.2647241602975039
LINC01058	-0.019550204203281532
LINC01059	-0.3140491792734595
LINC01060	0.1429273942948015
LINC01063	0.19442074730825828
LINC01065	-0.14230680455455813
LINC01066	0.02603337963773514
LINC01067	0.019022369641575262
LINC01068	0.25359307334529413
LINC01069	-0.23344911859497566
LINC01070	0.06312411314469389
LINC01071	-0.0730605648874483
LINC01072	-0.13069200935989814
LINC01074	
LINC01075	
LINC01076	-0.2804884194948327
LINC01077	-0.007498642698460566
LINC01078	0.010352046118145969
LINC01079	-0.1743616678308527
LINC01081	-0.14582749228447459
LINC01082	-0.17283042321698447
LINC01085	0.17491078269227409
LINC01087	0.26550661649517077
LINC01088	-0.12426721329360392
LINGO1	-0.1441584850379604
LINGO2	-0.00816885176805601
LINGO3	-0.09411571015704072
LINGO4	-0.07870702305329193
LINS	0.19309069566686632
LIPA	-0.20033356607066793
LIPC	-0.09998280171612577
LIPE	-0.02207301247664951
LIPE-AS1	-0.2045109688227944
LIPF	-0.2452011655834305
LIPG	0.17822274062418306
LIPH	0.05059054777242864
LIPI	-0.192138047516106
LIPJ	0.07884208810456611
LIPK	0.29439576768462905
LIPM	-0.038684826110553176
LIPN	0.02248428679562358
LIPT1	0.12494506552929152
LIPT1P1	0.09191962045286338
LIPT2	0.018356112209499748
LITAF	0.11608441930279213
LIX1	0.3868093436893473
LIX1L	0.11525053108162234
LLGL1	0.20914967867012327
LLGL2	-0.11517132520060075
LLPH	0.10604649550060306
LMAN1	0.13836081778188694
LMAN1L	-0.05150144100995387
LMAN2	-0.08500302463927985
LMAN2L	0.10358740155947682
LMBR1	0.22686648404315649
LMBR1L	-0.012960791101912162
LMBRD1	0.027239854786693867
LMBRD2	0.04630514019689189
LMCD1	0.1435108494657429
LMCD1-AS1	-0.29385330320365355
LMF1	0.11167812606177159
LMF2	-0.08207972336554735
LMLN	0.29242058136850846
LMLN-AS1	0.04917916217568213
LMNA	-0.26797379324824183
LMNB1	-0.12282574007506623
LMNB2	-0.11750250300095082
LMO1	0.05150128411336159
LMO2	0.11855005191955079
LMO3	-0.2313004935671719
LMO4	-0.01617178622269705
LMO7	-0.005160093995960085
LMOD1	-0.27054449021360394
LMOD2	-0.06203318285082744
LMOD3	-0.1974389982350582
LMTK2	0.014439669959443157
LMTK3	-0.12518849575007285
LMX1A	0.005361234866864384
LMX1B	0.17859012588674059
LNP1	-0.0233448768043918
LNPEP	0.36841817516919445
LNX1	-0.11068150473250192
LNX1-AS1	-0.0057308248213679925
LNX1-AS2	-0.19737644552276834
LNX2	0.0061491551159903865
LOC401913	-0.02757758568149299
LOH12CR1	0.2681738323775847
LOH12CR2	0.1184418634298457
LONP1	-0.09265119441147207
LONP2	0.16616615143499258
LONRF1	0.0887470559188926
LONRF2	0.10101490011748815
LONRF2P1	-0.19389723124793148
LONRF2P2	0.17585360829679564
LONRF3	0.22667546495432941
LOR	0.1020347700601194
LOX	-0.10729167533395381
LOXHD1	0.0845382562783381
LOXL1	-0.0010283429219650813
LOXL1-AS1	0.01686423614908506
LOXL2	0.19551172771461456
LOXL3	-0.08465349064439928
LOXL4	0.17682697500100528
LPA	-0.021202469443001425
LPAL2	-0.042342650995134685
LPAR1	0.06383993292030761
LPAR2	-0.04615216781841778
LPAR3	0.014030835072730506
LPAR4	-0.07941891497955744
LPAR5	-0.02976943891235575
LPAR6	-0.14195781547297012
LPCAT1	0.2812357721190147
LPCAT2	-0.02579021472955319
LPCAT2BP	0.07481509398568217
LPCAT3	-0.24760959666546167
LPCAT4	-0.1678521841269588
LPGAT1	0.07032352052758949
LPHN1	-0.20743607501805494
LPHN2	0.2234047167444176
LPHN3	-0.021212094311279114
LPIN1	0.3648024685774249
LPIN2	0.2638828527257507
LPIN3	-0.28548961287283225
LPL	0.12822252937151166
LPO	0.20796078959560355
LPP	0.033315867255402164
LPP-AS1	0.012777332493114019
LPP-AS2	0.20218643092508204
LPPR1	0.03754804898261358
LPPR3	-0.18491000164039884
LPPR4	-0.23743840914754813
LPPR5	-0.12112695721352394
LPXN	0.26129931815729457
LRAT	-0.12283128748265855
LRBA	0.19157413098171847
LRCH1	0.2958126371992486
LRCH2	0.030513620058324108
LRCH3	0.24633996721767715
LRCH4	0.028317213639060576
LRCOL1	0.31333242858593874
LRFN1	-0.0745802202117761
LRFN2	0.09975021949656852
LRFN3	0.22747487459442883
LRFN4	0.03454686832934372
LRFN5	0.1360444719838456
LRG1	-0.01667725469793908
LRGUK	0.1326587972191225
LRIF1	0.23212785791981763
LRIG1	-0.03646634188435539
LRIG2	0.15196533266561302
LRIG3	0.0994935221739952
LRIT1	0.3529675657234103
LRIT2	0.012962725160758139
LRIT3	0.07293973725054514
LRMP	0.1650282932370557
LRP1	0.02767450997377929
LRP10	0.10027701026914711
LRP11	-0.1445742934975197
LRP12	0.057000604506741194
LRP1B	0.050423510979236176
LRP2	0.03197031218956797
LRP2BP	-0.10227136399242309
LRP3	-0.1989435416542974
LRP4	-0.14504660898035243
LRP4-AS1	-0.20804274541512552
LRP5	-0.029664891346234318
LRP5L	-0.062155842146329514
LRP6	0.05246670993366857
LRP8	0.24976833333432494
LRPAP1	0.014035144718434731
LRPPRC	-0.08495592143903749
LRR1	-0.1267944779580372
LRRC1	-0.1333311099478737
LRRC10	-0.189221718225924
LRRC10B	-0.016903519658605082
LRRC14	-0.15876650877530085
LRRC14B	0.03265157199410142
LRRC15	-0.027292341964011615
LRRC16A	0.15966851434141652
LRRC16B	0.009646989924958604
LRRC17	-0.196226691253369
LRRC18	-0.11793479156377241
LRRC19	0.002821487530193457
LRRC2	-0.006079609594133356
LRRC20	-0.2251918197313268
LRRC23	0.11833984967215552
LRRC24	-0.12406741225981355
LRRC25	0.027246731509260668
LRRC26	-0.1491853837298515
LRRC27	-0.24153214123561345
LRRC28	0.010078375123284283
LRRC29	-0.2311144332388491
LRRC3	-0.013204773598302924
LRRC3-AS1	-0.031424871115276566
LRRC30	0.35061054655880974
LRRC31	0.07456605155239279
LRRC32	0.11093093959885501
LRRC34	0.21283696745067013
LRRC36	0.25558568958022343
LRRC37A	0.09608770198148082
LRRC37A11P	0.19463093164274534
LRRC37A12P	-0.04664567165398932
LRRC37A13P	-0.049170787392007066
LRRC37A14P	-0.032975813115069544
LRRC37A15P	0.3336840983882846
LRRC37A16P	-0.1402569442511314
LRRC37A17P	0.1362682260566727
LRRC37A2	0.23192483550969803
LRRC37A3	0.3163566164886412
LRRC37A4P	-0.01746952267299688
LRRC37A5P	-0.033832454155294976
LRRC37A6P	-0.058141513620164606
LRRC37A7P	-0.12883553470300393
LRRC37A9P	0.026465078901725607
LRRC37B	-0.07135570421921071
LRRC37BP1	-0.04837782629850653
LRRC38	0.27492215341106235
LRRC39	-0.19649904694007564
LRRC3B	-0.3645967492725141
LRRC3C	-0.11716029822675375
LRRC3DN	-0.08522206476565165
LRRC4	0.16537560541108512
LRRC40	-0.014932598088570746
LRRC41	0.19007832403434508
LRRC42	0.13122041465848555
LRRC43	0.1832392155660333
LRRC45	-0.20855492904010914
LRRC46	-0.016578848086511444
LRRC47	-0.22930603304141606
LRRC48	-0.16458853094201176
LRRC49	-0.010240999855640972
LRRC4B	0.09858864843874945
LRRC4C	0.14671826821727554
LRRC52	0.3038547612786123
LRRC53	0.021047836096685375
LRRC55	0.26050304606769537
LRRC56	-0.06033002044944286
LRRC57	0.12276046150243482
LRRC58	0.21761198592049946
LRRC59	-0.09217406830786971
LRRC6	-0.052142555318058524
LRRC61	0.25483694676822705
LRRC63	0.07056999977470857
LRRC66	-0.03635984314175494
LRRC69	0.25343168340500444
LRRC7	-0.06348539620852317
LRRC70	0.09075239484910821
LRRC71	0.2008562071462903
LRRC72	0.21769874628441627
LRRC73	0.015376154583138976
LRRC8A	0.1433021535589235
LRRC8B	0.34732143191147014
LRRC8C	0.16830664838513246
LRRC8D	-0.04586482518778918
LRRC8E	0.2028693520384764
LRRC9	-0.08750284483170943
LRRCC1	-0.0877965090720744
LRRD1	0.015692488423661218
LRRFIP1	0.32873973979939397
LRRFIP1P1	0.2074247580565604
LRRFIP2	-0.21351000409013512
LRRIQ1	0.1598039432113623
LRRIQ3	0.0809292265752338
LRRIQ4	0.16544371762103482
LRRK1	0.1745328666444239
LRRK2	0.1937107842583593
LRRN1	0.15290281054046695
LRRN2	-0.16827761629845983
LRRN3	0.01307127196677363
LRRN4	-0.006575602591266454
LRRN4CL	-0.27013127072148563
LRRTM1	-0.11110434817065433
LRRTM2	0.11513665259750656
LRRTM3	-0.19884420496954974
LRRTM4	-0.014337770769763373
LRSAM1	0.12600010787602783
LRTM1	-0.15611109198822332
LRTM2	0.07362207662947536
LRTOMT	-0.2305312552820018
LRWD1	0.01294895130169351
LSAMP	0.2673881951714861
LSAMP-AS1	-0.019069437243612267
LSG1	0.044108642103435645
LSM1	-0.17648624443390593
LSM10	0.18833856115344141
LSM11	-0.02522677746865816
LSM12	0.13086746458460793
LSM12P1	0.3992696557571108
LSM14A	0.054838818981587496
LSM14B	-0.1728079625150331
LSM2	-0.20638909050044132
LSM3	-0.13146280585809236
LSM3P2	-0.07961094847605658
LSM3P3	-0.3406914677821177
LSM3P4	-0.17640170536242783
LSM3P5	0.15025026761709212
LSM4	-0.15627861973995888
LSM5	-0.12837298930306879
LSM6	0.2059930079694751
LSM6P2	-0.23907235396065155
LSM7	-0.06593414777437871
LSMD1	-0.20129999152555644
LSMEM1	0.1044726441679041
LSMEM2	-0.23498236944769524
LSP1	0.04709220034883466
LSP1P2	0.295303284401071
LSP1P3	-0.18976609751098272
LSR	-0.07288662679222135
LSS	0.13787971604569826
LST1	0.12538359531352705
LST3	0.01586933788838595
LTA	0.2914367931353534
LTA4H	0.08074176441860322
LTB	0.2525916334225367
LTB4R	-0.08212711861331735
LTB4R2	0.07007397926906751
LTBP1	0.04289596408417686
LTBP2	0.24167285940169989
LTBP3	-0.08001733680575712
LTBP4	-0.20961436108931428
LTBR	-0.16372613454490184
LTC4S	-0.18796301630923065
LTF	0.09957389473861447
LTK	-0.23057134917098976
LTN1	0.25387396266687595
LTV1	-0.04324298575909386
LTV1P1	-0.2504405850273906
LUC7L	0.03440797442149607
LUC7L2	
LUC7L3	-0.029877369271865167
LUCAT1	0.3623237847640055
LUM	0.0764788412131291
LURAP1	-0.1610555650943573
LURAP1L	0.04990017175402437
LUZP1	0.23550915994509727
LUZP2	-0.12474176610366652
LUZP4	0.26546443962004773
LUZP4P1	0.05550356192440642
LUZP6	
LUZPP1	-0.03775396799019679
LXN	0.08965265136370314
LY6D	-0.15137166222651996
LY6E	0.05830550702220597
LY6G5B	-0.24324571351233668
LY6G5C	0.04401326471487185
LY6G6C	-0.3557486939974029
LY6G6D	0.24627929430345114
LY6G6E	-0.1838701003101942
LY6G6F	0.19289733475286605
LY6H	-0.21819337142172052
LY6K	-0.2578611315680074
LY75	0.05357194971355605
LY75-CD302	
LY86	0.16619083321182412
LY86-AS1	0.19382966262391
LY9	0.2349636883113128
LY96	0.1351538183582252
LYAR	0.07798256739383233
LYG1	0.06162780739861142
LYG2	-0.2602143231700455
LYL1	0.16238830214360284
LYN	0.23218742656513938
LYNX1	0.031147383325258286
LYPD1	0.2874117338029135
LYPD2	-0.2888375412767953
LYPD3	-0.0031653788051679396
LYPD4	-0.08926589530961862
LYPD5	0.10693804340535171
LYPD6	-0.03778656262616518
LYPD6B	0.24624644919331015
LYPD8	-0.08075152944080015
LYPLA1	-0.13509420686256912
LYPLA1P1	-0.06904148604192126
LYPLA1P2	-0.1682978563440761
LYPLA1P3	-0.19856358372536
LYPLA2	-0.1426495031097006
LYPLA2P1	-0.18208646622973787
LYPLAL1	-0.013348102220086902
LYRM1	-0.07639843314379068
LYRM2	0.16039202128323926
LYRM4	-0.059832814374786984
LYRM5	-0.16265517389442696
LYRM7	0.04830010066852281
LYRM9	-0.1885908100437003
LYSMD1	-0.14866008633909086
LYSMD2	0.2424268504344367
LYSMD3	0.2708511971935542
LYSMD4	-0.13896213968614715
LYST	0.2891919795822766
LYVE1	-0.07157649190888613
LYZ	-0.09435939604919076
LYZL1	-0.23580688834443653
LYZL2	0.06162634421269805
LYZL4	-0.0750717766251076
LYZL6	0.30441334763902606
LZIC	0.18047344555367212
LZTFL1	0.08359755248140359
LZTR1	-0.14394776219374866
LZTS1	0.11609167788853234
LZTS1-AS1	-0.18866760152756512
LZTS2	-0.08946485701018023
LZTS3	-0.10001570493904036
M1AP	-0.14401571812674163
M6PR	0.19133181027930452
MAATS1	-0.11939707067569447
MAB21L1	0.06040352372487127
MAB21L2	0.17728486491651066
MAB21L3	-0.051221897624371134
MACC1	0.11240676086565726
MACC1-AS1	0.10849610927799845
MACF1	0.37244758976843895
MACROD1	-0.171090407722615
MACROD2	0.02217649209400738
MACROD2-AS1	-0.1885207230247055
MACROD2-IT1	-0.15455883800495032
MAD1L1	0.15044555391113518
MAD2L1	-0.16511136661793288
MAD2L1BP	-0.04697751213406025
MAD2L2	0.13168489322919963
MADCAM1	0.013694593359041671
MADD	0.26956560737468777
MAEA	-0.08288667362593957
MAEL	0.21517381859569393
MAF	-0.1413058151398342
MAF1	-0.2517313182046646
MAFA	-0.10242686320606487
MAFB	-0.03884182361524554
MAFF	0.21997276592597445
MAFG	-0.05261472002446206
MAFG-AS1	-0.03065097306177414
MAFK	0.01875599051220541
MAG	0.06837375265286771
MAGEA1	0.08086741616005556
MAGEA10	-0.022941585413154827
MAGEA11	-0.12569189447753942
MAGEA12	-0.007106485580509276
MAGEA13P	0.24897301760582147
MAGEA2	0.0017152167669955511
MAGEA2B	0.023393329540672195
MAGEA3	0.04139408584653955
MAGEA4	0.32785741612772773
MAGEA5	0.2275543078856689
MAGEA6	-0.07802314681476417
MAGEA7P	0.06382222168203973
MAGEA8	-0.04565246110325223
MAGEA8-AS1	0.1214792585341166
MAGEA9	-0.12222603610163559
MAGEA9B	0.04879988933885471
MAGEB1	-0.10409302388815543
MAGEB10	-0.08342961963508105
MAGEB16	-0.18612149888097562
MAGEB17	-0.14092886714339295
MAGEB18	-0.09315763334738267
MAGEB2	-0.10096269713704853
MAGEB3	-0.2802332045078519
MAGEB4	0.3669671407254123
MAGEB5	0.01586933788838595
MAGEB6	0.22070740623530782
MAGEB6P1	-0.23712366005009572
MAGEC1	0.046120556064587044
MAGEC2	0.16786308471455866
MAGEC3	0.04474315409279911
MAGED1	0.039978297011165946
MAGED2	0.10086374633139378
MAGED4	-0.12237692766523633
MAGED4B	-0.33813833491986056
MAGEE1	0.155129263302542
MAGEE2	-0.22498291567554562
MAGEF1	-0.11038681630169508
MAGEH1	0.10680908981806948
MAGEL2	-0.17197214933864596
MAGI1	-0.06291219308148929
MAGI1-AS1	0.3063849010515103
MAGI1-IT1	-0.21301210684450111
MAGI2	-0.17196107165909583
MAGI2-AS1	0.10656476774357872
MAGI2-AS2	-0.03224419839982786
MAGI2-AS3	0.0937217640883121
MAGI3	0.07577785632131709
MAGIX	-0.009491664759121067
MAGOH	-0.12726308788169685
MAGOH2	-0.13699899031929913
MAGOHB	-0.1091387643846472
MAGT1	0.16647565888748697
MAK	0.11115963078020129
MAK16	0.3170084491021533
MAL	0.19043442652456602
MAL2	-0.09903282434426798
MALAT1	-0.1838850865809439
MALL	-0.035252314511936354
MALSU1	0.0038003583801944347
MALT1	0.31536102969720314
MAMDC2	-0.22972737911872243
MAMDC2-AS1	-0.10965033311780079
MAMDC4	-0.24384196074047576
MAML1	0.1733503241926858
MAML2	0.031363095189861336
MAML3	-0.07148166753029954
MAMLD1	-0.013756453469387336
MAMSTR	-0.17119134329286503
MAN1A1	0.10065194181204896
MAN1A2	0.40527408741788656
MAN1B1	-0.08941255765430581
MAN1C1	0.00579620101330422
MAN2A1	0.22859904363957093
MAN2A2	0.08806731076591345
MAN2B1	0.020752038257878525
MAN2B2	-0.13455109664230402
MAN2C1	-0.1411318095516103
MANBA	0.0967104180361817
MANBAL	-0.2940817202980706
MANEA	0.11234285943302547
MANEA-AS1	0.08990182087847891
MANEAL	-0.06027361849630553
MANF	0.12340379598646156
MANSC1	-0.029756668698302558
MANSC4	0.030622268862731908
MAOA	-0.10392363436950798
MAOB	-0.015438278556951674
MAP10	0.2844741707112498
MAP1A	-0.08575372555111806
MAP1B	-0.07008578965794118
MAP1LC3A	-0.12556754910145843
MAP1LC3B	0.17549750016024124
MAP1LC3B2	-0.14736243429961338
MAP1LC3C	0.27874296952588445
MAP1LC3P	
MAP1S	0.22142879552960676
MAP2	0.32818296191852453
MAP2K1	0.32920229973490384
MAP2K1P1	-0.06864750080522683
MAP2K2	-0.07299114477021444
MAP2K3	0.15566570923834266
MAP2K4	0.23133372152331053
MAP2K4P1	-0.1675133190451703
MAP2K5	-0.20493837234854065
MAP2K6	0.015189196995479668
MAP2K7	-0.07456235770434641
MAP3K1	0.3514478937186658
MAP3K10	-0.018427436338319975
MAP3K11	-0.07252832823042009
MAP3K12	0.04806927496135314
MAP3K13	0.29022838287925135
MAP3K14	0.1634013085103274
MAP3K14-AS1	0.059094200239487804
MAP3K15	-0.04034363380927846
MAP3K19	-0.0645980057722141
MAP3K2	0.2724965248213613
MAP3K3	0.14128828919265735
MAP3K4	0.2324516255033322
MAP3K5	0.3559538302107877
MAP3K6	-0.17225026623104558
MAP3K7	0.11970853426566395
MAP3K7CL	0.10797073411216229
MAP3K8	0.2513878794997714
MAP3K9	0.3444694802925971
MAP4	0.1321953530005913
MAP4K1	0.19774401611136458
MAP4K2	0.24117662517381333
MAP4K3	-0.00405556881329496
MAP4K4	0.2715324325168614
MAP4K5	0.1435828177126059
MAP6	-0.11750874347064653
MAP6D1	-0.03747011570826906
MAP7	-0.05896653478693366
MAP7D1	0.09325599403072328
MAP7D2	0.2900421520597809
MAP7D3	0.12186358778644708
MAP9	0.280354532474459
MAPK1	0.11069270710229404
MAPK10	-0.07928313637899244
MAPK11	0.13545921776762052
MAPK12	-0.034140594237531505
MAPK13	-0.02767909641979644
MAPK14	0.16297014788175218
MAPK15	-0.06344331615840891
MAPK1IP1L	0.3293593159543563
MAPK3	-0.1735089318666434
MAPK4	-0.26056861589228486
MAPK6	0.08773234054655689
MAPK6PS2	0.009616839359595225
MAPK6PS3	-0.27233790193227175
MAPK6PS4	-0.40151812396896275
MAPK7	0.05300513521870719
MAPK8	0.005997431877292932
MAPK8IP1	-0.13964411039227803
MAPK8IP2	-0.028988236528425373
MAPK8IP3	0.09682581628972355
MAPK9	-0.10656379250779224
MAPKAP1	-0.1576009115206145
MAPKAPK2	0.24221565863655103
MAPKAPK3	-0.22469275664378133
MAPKAPK5	-0.4184010796201377
MAPKAPK5-AS1	-0.328688837134542
MAPKAPK5P1	0.36752369956534064
MAPKBP1	-0.11055987221667603
MAPRE1	0.2450813303707595
MAPRE1P1	-0.3173123974779107
MAPRE1P3	-0.013460155957890824
MAPRE2	0.24945260224810112
MAPRE3	-0.15746687802956474
MAPT	0.05235155930457401
MAPT-AS1	-0.08001858752943847
MARC1	-0.03619519233139864
MARC2	-0.13006228202061654
MARCH1	0.18011799396298703
MARCH10	-0.13127863876244295
MARCH11	0.0634176185756447
MARCH2	-0.061134007125028235
MARCH3	-0.050058245439450644
MARCH4	-0.03525483542794514
MARCH5	-0.16032384696774685
MARCH6	0.11403644649485466
MARCH7	0.17185416687028388
MARCH8	0.04467074329397593
MARCH9	0.049022094153739135
MARCKS	-0.1574362564222493
MARCKSL1	-0.05025165271234627
MARCKSL1P1	0.02304585954144646
MARCKSL1P2	-0.030143747356524208
MARCO	0.05174726759564081
MARK1	0.05170170960778367
MARK2	0.03920593393367395
MARK2P10	0.060689769321122175
MARK2P11	0.011692122278101534
MARK2P12	0.0352851318704421
MARK2P13	0.34100891433934183
MARK2P14	0.03347555834335282
MARK2P15	0.34876780677802155
MARK2P4	0.034860380103040704
MARK2P5	-0.13320139918766138
MARK2P6	0.097556451003126
MARK2P8	
MARK2P9	0.1534594849537731
MARK3	0.15896840861990022
MARK4	0.24027209277566222
MARS	0.14356233322348327
MARS2	-0.029922001758915077
MARVELD1	-0.24771267435339178
MARVELD2	0.10324579053783775
MARVELD3	-0.0322572948870467
MAS1	0.009229849402115966
MAS1L	-0.30146116037235254
MAS1LP1	-0.025373143626361595
MASP1	0.03755640621640356
MASP2	-0.004055601525941382
MAST1	0.14378657092720948
MAST2	-0.04915261588362309
MAST3	0.29885712224159744
MAST4	0.1783003609842473
MAST4-AS1	-0.2464475018352087
MAST4-IT1	-0.12913790227528038
MASTL	0.09591521145254171
MAT1A	-0.15638687006993474
MAT2A	-0.018307969594995872
MAT2B	0.08877425720168816
MATK	-0.014596987239248104
MATN1	0.18926082149297876
MATN1-AS1	0.1193995044272346
MATN2	-0.05108829020522511
MATN3	-0.40917528516444795
MATN4	0.09750517230518217
MATR3	0.140261513066745
MAU2	0.041399852672330414
MAVS	0.20379276490661524
MAX	0.14265780801284117
MAZ	-0.3070907068118815
MB	-0.1084052488987593
MB21D1	0.3141334524253983
MB21D2	0.18283908676588304
MBD1	0.06294379149714543
MBD2	-0.0007688875691994096
MBD3	-0.002005686773646191
MBD3L1	0.5157642788510329
MBD3L2	-0.05207408690207286
MBD3L3	
MBD3L4	
MBD3L5	-0.041285502512003885
MBD4	0.15947419047189912
MBD5	0.20563903262638472
MBD6	-0.23921403576817662
MBIP	-0.07052191831717347
MBL1P	-0.23862438351229187
MBL2	0.007036568165303485
MBL3P	0.25825386934962397
MBLAC1	-0.3246778827138847
MBLAC2	-0.12689154161994842
MBNL1	0.17792959121979485
MBNL1-AS1	-0.13650870373040896
MBNL2	0.06307645013437975
MBNL3	0.14472655903585935
MBOAT1	-0.07356043805970712
MBOAT2	-0.00990458851238978
MBOAT4	0.23934612166573957
MBOAT7	-0.0655095706714277
MBP	0.301356861612469
MBTD1	0.16197113925208165
MBTPS1	0.1354792411341849
MBTPS2	0.20995912168494982
MC1R	-0.1427793076897275
MC2R	0.24356714402027407
MC3R	0.10934107350785736
MC4R	-0.07318117906304789
MC5R	0.19614024623380164
MCAM	-0.014333140495871826
MCAT	-0.020473452628393094
MCC	0.25039922111702256
MCCC1	-0.19489498584188264
MCCC1-AS1	-0.10942485951611941
MCCC2	-0.18661934662871738
MCCD1	-0.08963703357429827
MCCD1P1	0.22027675795967344
MCCD1P2	0.035885838998621855
MCEE	-0.18774813085477132
MCF2	0.1439568011550572
MCF2L	-0.013486715560313618
MCF2L-AS1	-0.18568808317314442
MCF2L2	0.05639427787040985
MCFD2	0.28031162382492164
MCFD2P1	0.129667400998915
MCHR1	0.29858880456680104
MCHR2	0.2725258685978263
MCHR2-AS1	-0.03989558369559487
MCIDAS	-0.07216495624338619
MCL1	0.2514345817448468
MCM10	0.07592960189379624
MCM2	-0.1578154483540632
MCM3	-0.07637151045397757
MCM3AP	0.14481005688902526
MCM3AP-AS1	0.24538844557207914
MCM4	-0.17190083786098806
MCM5	-0.10302290726159216
MCM6	-0.011462372600284267
MCM7	-0.20071184213320198
MCM8	0.0005695350040065826
MCM9	0.21335346057254545
MCMBP	0.18193994298897664
MCMDC2	-0.07948547491485275
MCOLN1	-0.25140263204419955
MCOLN2	-0.08907215856929192
MCOLN3	-0.15115568733936074
MCPH1	0.3128326257898494
MCRS1	0.04181721516358094
MCTP1	0.09321869525151913
MCTP2	0.2105463146819949
MCTS1	-0.08708886508961539
MCU	-0.21689383352292482
MCUR1	-0.15851769635921822
MDC1	0.10662618461008352
MDC1-AS1	0.009799573944272173
MDFI	0.1688821506913371
MDFIC	0.10645426479743052
MDGA1	0.16425362259785026
MDGA2	-0.05199271711318341
MDH1	-0.2115764285089614
MDH1B	-0.402325816760428
MDH2	-0.3187399892352186
MDK	-0.0006447456603948165
MDM1	0.23126604189911254
MDM2	0.2722344246343423
MDM4	0.1939799224154896
MDN1	0.3061001149007947
MDP1	-0.3488827646886762
MDS2	0.0769895353283153
ME1	-0.10379966387061423
ME2	0.015359420012267373
ME3	-0.351629811825285
MEA1	-0.07552453625911618
MEAF6	0.05358369191323553
MEAF6P1	0.1489514381790345
MECOM	0.05949777952827967
MECP2	0.2505310724796196
MECR	-0.278228255104935
MED1	0.3835452937835447
MED10	0.10984521564502778
MED11	-0.17382059929131483
MED12	0.3107903819157704
MED12L	0.1447246374189516
MED13	0.2567215875933597
MED13L	0.353988407653071
MED13P1	0.28053452153389247
MED14	-0.006499456887048449
MED14-AS1	-0.15959746370446298
MED14P1	
MED15	0.08539751393347329
MED15P1	-0.18144851932712316
MED15P3	
MED15P4	0.20525848482388387
MED15P5	0.0029778351154899087
MED15P6	0.02162287337387241
MED15P7	0.00804192958458817
MED15P8	-0.22519008969631382
MED15P9	-0.055531557491007515
MED16	0.15723789048643902
MED17	0.11788295284967008
MED18	-0.033260420017316605
MED19	-0.21558114967560063
MED20	0.01395577967256606
MED21	-0.06036111151888494
MED22	0.141899194096191
MED23	0.1650212431167567
MED24	-0.06528832598360072
MED25	0.05482889772240761
MED26	0.22401315216228207
MED27	-0.20916351210734543
MED28	0.06686619058343683
MED28P1	0.08419372239907391
MED28P2	
MED28P3	0.0019983750150345558
MED28P4	0.13252152870902803
MED28P5	
MED28P6	-0.00896705001060209
MED28P7	-0.15899935368801543
MED28P8	-0.0343521416742274
MED29	-0.043114018721596314
MED30	-0.0917275163335459
MED31	0.20254973358397382
MED4	-0.08311040657247358
MED4-AS1	0.06819911730087973
MED6	0.3270444776772162
MED6P1	0.02101537546018829
MED7	-0.13232675572642214
MED8	0.011574793883000511
MED9	-0.2757224358988326
MEDAG	0.11151918844546149
MEF2A	0.08421208564998037
MEF2AP1	
MEF2B	-0.08941265688106075
MEF2BNB	-0.2416942200822422
MEF2BNB-MEF2B	-0.06521775808596394
MEF2C	0.2451940143033685
MEF2C-AS1	0.13303426079285913
MEF2D	0.028617032712425678
MEFV	0.09681003188992635
MEG3	-0.11528518169501105
MEG8	-0.0613065201866042
MEG9	0.0923850678422099
MEGF10	0.08297706551183436
MEGF11	0.08447011390983496
MEGF6	0.05304500481239377
MEGF8	-0.08445638375527502
MEGF9	0.2561162511125953
MEGT1	0.28242979420151126
MEI1	-0.024917998606594167
MEI4	-0.20808639182824307
MEIG1	0.05939872490388687
MEIOB	-0.029617819140484905
MEIS1	0.12858727774024056
MEIS1-AS1	-0.0207793910861547
MEIS1-AS2	0.11936958698459174
MEIS1-AS3	-0.15082903157585856
MEIS2	-0.03143564410765767
MEIS3	0.061347781380364313
MEIS3P1	0.18528792277585665
MEIS3P2	0.20616558941401084
MELK	-0.14234498385519986
MEMO1	0.26536806117256734
MEMO1P1	0.44205145454310213
MEMO1P3	-0.0018631515529866141
MEMO1P4	-0.17203210372158195
MEMO1P5	-0.005624354190250816
MEN1	0.16210554042653927
MEOX1	0.24460341045369305
MEOX2	-0.01808604266878378
MEP1A	0.018424080916831887
MEP1AP1	-0.24989504906888002
MEP1AP2	-0.16222983128471904
MEP1AP3	-0.23335462101196267
MEP1AP4	-0.20420003941765688
MEP1B	-0.018285561385305054
MEPCE	-0.01403227313853423
MEPE	0.18249578885532441
MERTK	0.007672973753975618
MESDC1	0.10056471021681142
MESDC2	0.0788238004840993
MESP1	-0.11926036360353545
MESP2	-0.11566145152249754
MEST	-0.20916133494840594
MESTP1	-0.18509049654571968
MESTP2	0.3454725008823043
MESTP3	-0.04821126106742602
MESTP4	-0.1545139317543247
MET	0.28519238946571057
METAP1	-0.13243960155643605
METAP1D	-0.28707803187922026
METAP2	0.07726554519275773
METRN	-0.16398902196170023
METRNL	-0.11069297355776578
METTL1	0.023526277620313805
METTL10	-0.12820917299282533
METTL11B	-0.05501676826863888
METTL12	-0.06539829538336302
METTL13	-0.0475613297269314
METTL14	0.2113291177373587
METTL15	-0.09474210471559324
METTL15P1	0.3107611297024925
METTL15P3	0.16300186776428693
METTL16	0.17022770890794975
METTL17	-0.2627526266907973
METTL18	-0.05861171207563779
METTL20	-0.006137552875974815
METTL21A	0.12631697129884256
METTL21AP1	0.045716760313999856
METTL21B	-0.15030607981343022
METTL21C	-0.11632109916163864
METTL21EP	-0.06547691350746086
METTL22	0.1698570251742006
METTL23	-0.07192320808913989
METTL24	-0.025240989262814043
METTL25	-0.05826704801210855
METTL2A	0.1037526233064596
METTL2B	-0.10706667002026839
METTL3	-0.13530081107629757
METTL4	0.199958203155376
METTL5	-0.20779103561074966
METTL6	0.28320789538139735
METTL7A	-0.10990647110483676
METTL7AP1	-0.2504206405268263
METTL7B	-0.16967668635494407
METTL8	0.24658901566346975
METTL9	0.22208270091720073
MEX3A	0.1340677008743825
MEX3B	0.05005899933536659
MEX3C	0.20712697854959752
MEX3D	0.032855217862181145
MFAP1	0.14954988638019157
MFAP1P1	-0.11572166165235531
MFAP2	0.17699933011621014
MFAP3	0.42853546826986594
MFAP3L	-0.080003923472108
MFAP4	-0.09037370568761191
MFAP5	-0.268888418169626
MFF	-0.1427949683345488
MFGE8	-0.0015639142688477496
MFHAS1	0.12957836463293546
MFI2	-0.05064377599017453
MFI2-AS1	-0.19147615615157673
MFN1	0.18480063323034943
MFN2	-0.046153050042666025
MFNG	0.15353116653226137
MFRP	
MFSD1	-0.08163673708604992
MFSD10	0.16952139872082123
MFSD11	-0.16352316097519842
MFSD12	0.04968574069647501
MFSD2A	-0.06343624467437751
MFSD2B	-0.04249869267804634
MFSD3	-0.32759773627426797
MFSD4	-0.021975081454854977
MFSD5	0.09160045013358573
MFSD6	-0.12691103165886886
MFSD6L	0.16153355125608893
MFSD7	-0.20912003010851327
MFSD8	0.05609902490920353
MFSD9	0.011270050210992725
MGA	0.3345338024294324
MGAM	0.02983174726310211
MGARP	-0.269907248262067
MGAT1	-0.046205158857988635
MGAT2	0.23879367757121595
MGAT3	0.06098773204536825
MGAT4A	0.16443979392783692
MGAT4B	-0.26102162055919614
MGAT4C	-0.09590850488261113
MGAT5	0.18155775294796453
MGAT5B	0.028605872639572733
MGEA5	0.18907140238863696
MGLL	-0.16274014964741632
MGME1	-0.22948819230326467
MGMT	0.07378931466670485
MGP	0.2109961347567762
MGRN1	0.0020483349220214576
MGST1	-0.08517400874136216
MGST2	-0.19586009809447463
MGST3	-0.26473084392610885
MIA	0.1081934869558776
MIA-RAB4B	
MIA2	-0.11575964041415056
MIA3	0.2886142501228238
MIAT	0.16151905910548095
MIB1	0.32426267667623093
MIB2	-0.09804134147265581
MICA	-0.19415091375612795
MICAL1	0.0023513811933970024
MICAL2	0.13220943553508718
MICAL3	0.2004986533102944
MICALCL	0.14753708646763494
MICALL1	0.31396624512973004
MICALL2	-0.2689076799070491
MICB	0.22560582102874002
MICC	-0.03078320567076731
MICD	-0.015011561376496662
MICE	0.014155613078226076
MICF	0.0685520810027695
MICG	-0.11445639293442786
MICU1	-0.3548094727313215
MICU2	-0.06975825762365384
MICU3	0.06768976793249093
MID1	0.2498387343913718
MID1IP1	-0.12853498390651694
MID1IP1-AS1	0.001353219916981319
MID2	0.17279878357534245
MIDN	-0.09846048700751607
MIEF1	0.027723747057985946
MIEF2	0.01683513680120728
MIEN1	-0.0990390513227302
MIER1	0.01797831157148909
MIER2	0.2519046127316963
MIER3	-0.12922537580803548
MIF	-0.22125918749351353
MIF4GD	-0.1497353222507752
MIIP	0.14469708576538243
MILR1	0.07912031349774519
MIMT1	-0.1183850776903754
MINA	0.09881249509981165
MINK1	-0.1091907199058441
MINOS1	-0.2041985866641901
MINOS1-NBL1	-0.19291302590496498
MINOS1P2	-0.04188993947554591
MINOS1P3	-0.017813750784566755
MINOS1P4	-0.008967050010602105
MINPP1	0.12812741392289578
MIOS	0.298588681717625
MIOX	0.03457539318511172
MIP	-0.2172203700724274
MIPEP	-0.2993642912966673
MIPEPP1	-0.2834501525064185
MIPEPP2	-0.24891888669164852
MIPEPP3	0.035051929343301994
MIPOL1	-0.14168663590703742
MIR1-1	
MIR100	
MIR101-1	0.3426831012890025
MIR101-2	0.31409905788637055
MIR103A1	0.17956670826958215
MIR103A2	-0.0024050688721241006
MIR105-1	0.382135059636399
MIR105-2	
MIR106A	-0.16170673095150628
MIR106B	0.09934612047142025
MIR107	0.06435139150372247
MIR10A	-0.2388448206253232
MIR10B	0.21531349082175483
MIR1178	
MIR1179	0.02322795131534932
MIR1180	-0.038684826110553176
MIR1181	
MIR1182	
MIR1183	
MIR1184-1	0.3232851934371778
MIR1184-2	
MIR1184-3	
MIR1185-1	
MIR1185-2	
MIR1193	0.382135059636399
MIR1197	-0.008967050010602105
MIR1200	
MIR1202	
MIR1203	-0.014369055886791738
MIR1205	-0.2349314124202479
MIR1207	-0.0027073123096089755
MIR1208	
MIR122	
MIR1224	-0.12053307808013355
MIR1225	-0.1475939828417878
MIR1226	
MIR1227	-0.038684826110553176
MIR1228	
MIR1229	-0.008967050010602105
MIR1231	
MIR1233-1	
MIR1233-2	-0.041285502512003885
MIR1234	
MIR1236	
MIR1237	-0.08998803699253889
MIR1238	0.28053452153389247
MIR124-2	0.01586933788838595
MIR124-3	0.05891250375932283
MIR1245A	-0.008967050010602105
MIR1249	-0.22039006982080653
MIR1250	0.12108224620911684
MIR1251	
MIR1252	-0.16289457552099712
MIR1253	
MIR1255A	-0.07341669026250092
MIR1255B1	-0.22347247714647803
MIR1255B2	
MIR1256	-0.05988694252028145
MIR1257	
MIR1258	-0.1475939828417878
MIR125A	0.13318767573058876
MIR125B1	0.10422200229950876
MIR125B2	0.0777063698800658
MIR126	-0.03747247993650508
MIR1260A	
MIR1260B	-0.2393880254432238
MIR1261	
MIR1262	-0.03567869857081824
MIR1263	-0.20657029844496
MIR1265	
MIR1266	
MIR1267	
MIR1268A	-0.07176362191552761
MIR1269A	
MIR1269B	
MIR127	
MIR1270-1	
MIR1270-2	
MIR1271	0.3304013811932507
MIR1272	-0.21230197885417595
MIR1273C	0.15327161350523796
MIR1275	
MIR1276	-0.04031482072258107
MIR1277	0.035899393991165346
MIR1278	-0.040854298938896805
MIR128-1	-0.12913790227528038
MIR128-2	-0.18623046484940525
MIR1281	
MIR1282	-0.34784846927355045
MIR1283-1	
MIR1283-2	
MIR1284	0.23163580628268887
MIR1285-1	0.20070002983097385
MIR1285-2	
MIR1286	-0.107640076470282
MIR1287	
MIR1288	-0.04393865143812509
MIR1289-1	-0.06782347094462803
MIR1289-2	-0.0010407187690756096
MIR129-1	
MIR129-2	
MIR1290	-0.07243224673845453
MIR1292	
MIR1293	0.028083047147559412
MIR1294	-0.008967050010602105
MIR1295A	
MIR1296	0.27925395668598385
MIR1298	
MIR1299	-0.05759789875918301
MIR1301	0.05180068618566463
MIR1302-1	
MIR1302-10	-0.29006264069259796
MIR1302-11	-0.3508170742567553
MIR1302-2	0.11020927924065503
MIR1302-3	-0.16124569308884765
MIR1302-4	
MIR1302-5	0.39545113282308675
MIR1302-6	
MIR1302-8	
MIR1302-9	0.26676170483200723
MIR1303	-0.2558963483751338
MIR1304	
MIR1305	0.24278680393119761
MIR1306	
MIR1307	0.279253956685984
MIR130A	0.03021251057758826
MIR130B	0.016404880605419607
MIR132	-0.04375742999688998
MIR1323	
MIR1324	0.16856020591942544
MIR133A1	-0.2636277192545942
MIR133A2	-0.23344911859497566
MIR133B	
MIR133BHG	0.17091637471932908
MIR134	
MIR1343	-0.015141435865460674
MIR135A1	0.34565330162406865
MIR135A2	-0.16701942765290276
MIR135B	0.07153699913819392
MIR136	-0.25391738522284224
MIR137HG	-0.0364654075670395
MIR138-1	0.22213273718988444
MIR138-2	
MIR139	
MIR140	0.09466036058431247
MIR141	-0.17899224800496566
MIR142	0.0900598210234417
MIR143	0.17811793743302035
MIR143HG	-0.0019419474991255613
MIR144	-0.1494393731368207
MIR145	-0.19318035034447295
MIR1468	0.058496651695031376
MIR1469	
MIR146A	0.2854276351226598
MIR146B	-0.2031975277059982
MIR1470	-0.010246296597765187
MIR1471	-0.038684826110553176
MIR147A	
MIR147B	
MIR148A	-0.016040681804909484
MIR148B	0.08830830100384197
MIR149	0.16023005042984284
MIR150	0.16655322690296265
MIR151A	-0.03325912453167606
MIR151B	0.01586933788838595
MIR152	0.006514132104397323
MIR153-1	-0.139075120731468
MIR153-2	-0.09825543370216497
MIR1537	0.3300182084110014
MIR1538	-0.17203210372158195
MIR1539	0.1853278530853695
MIR154	
MIR155HG	0.16587497524374514
MIR1587	0.08884534464998027
MIR15B	
MIR16-1	-0.06974346554044514
MIR16-2	
MIR17HG	0.06309704433074256
MIR181A1	-0.005624354190250816
MIR181A1HG	0.05967697010082386
MIR181A2	0.1646590409808923
MIR181A2HG	-0.021713335199010086
MIR181B1	0.02927404401012747
MIR181B2	0.17075870891491662
MIR181C	0.23793511677200357
MIR181D	0.272847980219388
MIR182	-0.031233237101161788
MIR1825	
MIR1827	
MIR183	0.07922981034762824
MIR184	0.3121217187691797
MIR185	-0.11122244320269714
MIR186	0.09529860996038399
MIR187	0.24717328587881182
MIR188	
MIR18B	-0.11160842232441326
MIR1908	
MIR1909	
MIR190A	
MIR190B	
MIR191	-0.2071876936688595
MIR1910	0.004798473506504502
MIR1911	0.07090521313914123
MIR1912	
MIR1913	0.058496651695031376
MIR1914	
MIR1915	-0.03454233124738225
MIR192	-0.29106444235908957
MIR193A	0.010155277290037934
MIR193B	
MIR194-1	-0.14393929405624173
MIR194-2	-0.18498307768533256
MIR196A1	-0.16857340316721753
MIR196A2	-0.16631244129127198
MIR196B	
MIR197	-0.019517633562435296
MIR1972-1	-0.11794508693686541
MIR1972-2	-0.008967050010602105
MIR1976	
MIR199A1	-0.09503361581809677
MIR199A2	0.04753747260574263
MIR199B	0.08088552911710516
MIR19B2	
MIR200A	-0.2580050711340215
MIR200B	-0.1466445062457994
MIR200C	-0.14756904691277353
MIR202	-0.09638101320948987
MIR203	0.42607874655505573
MIR204	
MIR2053	
MIR205HG	0.12254967819121008
MIR206	
MIR208A	
MIR208B	
MIR20B	
MIR21	
MIR210	-0.22839718445715843
MIR210HG	-0.2543758769282082
MIR211	
MIR2110	
MIR2113	
MIR2114	0.16856020591942544
MIR2115	-0.23344911859497566
MIR2116	-0.2008167940297062
MIR2117	0.01586933788838595
MIR212	
MIR214	0.09689910800609089
MIR215	-0.28455193655921274
MIR216A	
MIR216B	0.382135059636399
MIR217	
MIR218-1	
MIR218-2	-0.10122894656269944
MIR219-1	-0.20115352358141897
MIR219-2	0.0349025926381554
MIR221	-0.0002298579327962827
MIR222	0.1825267211204017
MIR223	0.1797358276316888
MIR224	
MIR2276	-0.049787228448337724
MIR2277	
MIR2278	0.058496651695031376
MIR22HG	-0.15592012783422698
MIR2355	-0.019936495458863578
MIR2392	0.016404880605419607
MIR23A	0.23764032163692594
MIR23B	-0.2457144759485146
MIR23C	0.2651576206361861
MIR24-2	-0.15765740895803926
MIR2467	-0.1475939828417878
MIR25	-0.21950233357573853
MIR2681	-0.1762961639876355
MIR26A1	0.20574975518042668
MIR26A2	0.1209159747976254
MIR26B	-0.1685155603437859
MIR27A	-0.1213349972704118
MIR27B	-0.16464786539064608
MIR28	
MIR2909	-0.18892423281311121
MIR296	-0.03346412090907506
MIR297	
MIR298	0.16306382627481242
MIR299	
MIR29B1	0.16905757433289506
MIR300	
MIR301A	
MIR301B	
MIR302A	
MIR302B	-0.01495122419552358
MIR302C	
MIR302D	
MIR302E	
MIR3064	
MIR3074	-0.20119679410498406
MIR30A	-0.18623046484940525
MIR30B	0.19452939712682493
MIR30C1	-0.059584742793304155
MIR30C2	0.039030417516697787
MIR30D	
MIR30E	
MIR31	0.08996145256720348
MIR3115	
MIR3116-1	0.279253956685984
MIR3117	-0.008774861493042298
MIR3118-1	0.01803095101156211
MIR3118-2	-0.17682778128839663
MIR3118-3	
MIR3118-4	
MIR3119-2	
MIR3121	
MIR3122	0.007463581238178924
MIR3123	
MIR3124	0.4565464676052455
MIR3125	0.09835961690184264
MIR3126	
MIR3127	0.08880901997539811
MIR3128	0.2802443446142849
MIR3129	-0.17670144952250963
MIR3130-1	0.016404880605419607
MIR3131	-0.04562129662614465
MIR3132	0.0036419205821119523
MIR3133	-0.07610700343785745
MIR3134	0.017649229380971045
MIR3135A	0.03589939399116534
MIR3135B	-0.05207408690207286
MIR3136	-0.16053306980517398
MIR3137	-0.19329647889849955
MIR3138	0.01673710505566233
MIR3139	0.15338989694053
MIR3140	
MIR3141	
MIR3142	-0.008967050010602105
MIR3143	-0.07628471982889658
MIR3144	
MIR3145	0.1280390841020215
MIR3146	0.06390171859816733
MIR3147	0.17671764091107856
MIR3148	
MIR3150B	0.050101839797440734
MIR3151	
MIR3152	
MIR3153	0.20303259205272295
MIR3154	
MIR3155A	-0.01716398396015824
MIR3156-1	
MIR3156-2	
MIR3156-3	
MIR3157	-0.2061047826165229
MIR3158-1	
MIR3159	
MIR3160-2	0.02603337963773514
MIR3161	-0.0952267490303563
MIR3162	
MIR3163	
MIR3164	0.0024287809819365544
MIR3165	
MIR3166	-0.23344911859497566
MIR3167	0.21843507037764717
MIR3168	-0.2786424023990226
MIR3169	
MIR3170	-0.18623046484940525
MIR3173	-0.12536506232443104
MIR3174	0.07254605020132626
MIR3175	0.382135059636399
MIR3176	0.2353046490011396
MIR3177	-0.06310256182710393
MIR3178	-0.047085873738116756
MIR3179-1	-0.09304294756392271
MIR3179-2	-0.27247549521318126
MIR3179-3	-0.008967050010602105
MIR3180-1	0.05101865926610076
MIR3180-2	0.03835142723816192
MIR3180-3	-0.03456947631020039
MIR3180-4	0.05043933924124895
MIR3180-5	0.02019827854155048
MIR3182	
MIR3183	-0.34790157803463173
MIR3184	-0.03224419839982786
MIR3185	-0.14772197737050882
MIR3186	
MIR3187	-0.010097459861480295
MIR3188	0.06417638515772753
MIR3189	-0.14507381568002825
MIR3191	
MIR3192	0.3169869833915647
MIR3193	0.07226825004596325
MIR3194	0.09979040274040896
MIR3196	-0.06667766074630105
MIR3197	-0.05487152658469254
MIR3198-1	-0.2825181059695116
MIR3198-2	
MIR3199-2	
MIR31HG	0.048238217645934126
MIR32	0.017649229380971045
MIR3200	0.2570122437688641
MIR3201	-0.04929266779623301
MIR3202-1	0.12458309858452629
MIR320A	0.07115209034781714
MIR320B1	
MIR320B2	0.07663353859384354
MIR320C1	-0.23452279113385383
MIR320C2	-0.07243224673845453
MIR320D1	-0.20188911692138123
MIR320D2	
MIR320E	0.31964926572130486
MIR323A	
MIR323B	0.016404880605419607
MIR324	0.029715039472931006
MIR325	
MIR326	-0.00919658354386776
MIR328	-0.281685431868588
MIR329-1	
MIR329-2	
MIR330	
MIR331	-0.17543186239143693
MIR335	
MIR337	-0.1475939828417878
MIR338	0.01586933788838595
MIR339	-0.08745647986753173
MIR33A	-0.124695318145955
MIR33B	-0.11544247035619734
MIR340	-0.08867607744700326
MIR342	0.16892647786670537
MIR345	0.03186336977932496
MIR346	
MIR34A	-0.014200391759273435
MIR34B	0.010352046118145969
MIR34C	
MIR3605	0.23000057357277737
MIR3607	
MIR3609	-0.2853236310947006
MIR361	-0.0010407187690756096
MIR3610	
MIR3611	-0.23042233970210144
MIR3612	-0.038684826110553176
MIR3613	0.035041892385602895
MIR3614	
MIR3615	-0.04566263060114831
MIR3616	-0.09766460327766707
MIR3617	-0.08125782210503671
MIR3618	
MIR3619	-0.18913428951519762
MIR362	
MIR3620	
MIR3621	-0.1886165853789711
MIR3622A	
MIR363	0.036514563145298266
MIR3646	-0.2846465269220798
MIR3648	-0.17437487481913885
MIR3649	-0.3166485313183766
MIR3650	
MIR3652	
MIR3654	-0.0376764262042468
MIR3655	
MIR3657	0.037962347964917056
MIR3659	0.01586933788838595
MIR365A	-0.12913790227528038
MIR365B	
MIR3660	
MIR3661	-0.18101633268533193
MIR3663	-0.09539750532214313
MIR3664	0.382135059636399
MIR3665	-0.17941624815013035
MIR3666	-0.1475939828417878
MIR3667	-0.04665489291101785
MIR3668	
MIR367	
MIR3670-1	
MIR3670-2	-0.03325912453167606
MIR3671	-0.02167115730513146
MIR3672	
MIR3675	
MIR3677	0.09573909136869903
MIR3678	-0.18623046484940525
MIR3679	0.0476598787704239
MIR3680-1	-0.02555791480541157
MIR3680-2	-0.01349551797812701
MIR3681	
MIR3682	0.004923958651170679
MIR3683	-0.03325912453167606
MIR3684	
MIR3685	-0.1391071784783431
MIR3686	0.02603337963773514
MIR3688-2	
MIR3689A	
MIR3689B	
MIR3689C	
MIR3689D1	
MIR3689D2	
MIR3689E	
MIR3689F	
MIR369	0.28053452153389247
MIR3690	0.15866556484652974
MIR3691	0.382135059636399
MIR3692	-0.2349314124202479
MIR370	0.035899393991165346
MIR3713	
MIR3714	
MIR371A	0.02603337963773514
MIR371B	0.10441469701837423
MIR372	
MIR373	
MIR374A	0.02101537546018829
MIR374B	0.162243255195238
MIR375	0.26683766109555096
MIR376A1	
MIR376C	
MIR377	0.07719175228326641
MIR378A	-0.1896352417835373
MIR378B	
MIR378C	
MIR378D1	
MIR378D2	-0.11071237792495796
MIR378E	
MIR378F	-0.005624354190250816
MIR378G	-0.09660219637320284
MIR378H	-0.05784289218578386
MIR378I	0.21457016631147457
MIR379	
MIR380	
MIR381	
MIR381HG	-0.005703469425240764
MIR382	-0.03325912453167606
MIR383	-0.008967050010602105
MIR3907	0.0171325253419336
MIR3908	-0.008967050010602105
MIR3909	0.34426016154527483
MIR3910-1	
MIR3911	-0.07578042647960112
MIR3912	0.07610264253704817
MIR3913-2	0.11529556849760053
MIR3914-1	
MIR3915	
MIR3916	0.08218763770404124
MIR3917	
MIR3918	-0.050367861720039105
MIR3919	
MIR3920	
MIR3921	
MIR3922	
MIR3923	
MIR3924	
MIR3925	
MIR3926-2	
MIR3927	0.017649229380971045
MIR3928	
MIR3929	
MIR3934	0.44934147458078255
MIR3935	
MIR3936	-0.11515968546075474
MIR3937	
MIR3938	0.28053452153389247
MIR3939	0.06545429583500027
MIR3940	
MIR3941	0.11175806459237175
MIR3942	0.004520248420005959
MIR3943	0.035899393991165346
MIR3944	-0.0514550468368248
MIR3945	0.17406914107298244
MIR3960	
MIR3972	
MIR3973	
MIR3976	
MIR3978	
MIR409	-0.16170673095150628
MIR410	0.02101537546018829
MIR411	-0.16170673095150628
MIR412	-0.04929266779623301
MIR421	0.21143467388317955
MIR422A	
MIR423	
MIR425	-0.08538073441054135
MIR4252	
MIR4253	-0.14160309327007062
MIR4254	-0.13471757709992863
MIR4255	
MIR4257	-0.03325912453167606
MIR4258	0.06597111923897218
MIR4260	-0.011531178603452924
MIR4261	
MIR4262	
MIR4263	0.2371132639185305
MIR4264	-0.23344911859497566
MIR4265	
MIR4266	
MIR4267	0.023977123997907364
MIR4268	
MIR4269	
MIR4270	
MIR4271	0.07053219815511386
MIR4273	
MIR4274	-0.09825543370216497
MIR4276	
MIR4277	0.2844171656949327
MIR4279	0.10656476774357872
MIR4280	
MIR4281	
MIR4282	
MIR4283-1	
MIR4283-2	
MIR4284	
MIR4285	-0.03191032319868568
MIR4286	
MIR4287	0.28053452153389247
MIR4288	
MIR4289	-0.17629616398763542
MIR429	-0.25783145066284124
MIR4290	
MIR4291	
MIR4292	0.20028047918685313
MIR4293	
MIR4294	-0.03325912453167606
MIR4295	-0.0928683260051038
MIR4296	-0.18676401093554265
MIR4297	
MIR4298	-0.2692324288390999
MIR4299	
MIR4300	
MIR4301	
MIR4303	
MIR4304	
MIR4305	
MIR4306	0.017649229380971045
MIR4307	-0.005624354190250816
MIR4308	0.017649229380971045
MIR4309	
MIR431	-0.08192368387892413
MIR4310	
MIR4311	0.07696852422924835
MIR4312	0.25193708859595493
MIR4313	-0.1004489775193902
MIR4314	-0.2888264745806051
MIR4316	
MIR4318	
MIR4319	0.004052432532767116
MIR432	0.035899393991165346
MIR4321	
MIR4322	-0.1754423073862096
MIR4323	
MIR4324	0.09402147299816437
MIR4325	-0.09825543370216497
MIR4326	0.027528221712179484
MIR4327	
MIR4329	
MIR433	-0.008967050010602105
MIR4330	
MIR4418	-0.12913790227528038
MIR4420	-0.0441289173533499
MIR4421	-0.10357630241340299
MIR4422	
MIR4423	-0.1475939828417878
MIR4424	0.27260117128874195
MIR4425	0.12269559130568561
MIR4426	-0.09043463996188761
MIR4427	-0.1354318154478319
MIR4428	-0.038684826110553176
MIR4429	
MIR4431	-0.008967050010602105
MIR4432	
MIR4433	-0.038684826110553176
MIR4435-1	-0.038684826110553176
MIR4435-1HG	0.2166425639174014
MIR4435-2	-0.008967050010602105
MIR4436A	0.39301124344280053
MIR4436B1	-0.24488490759316758
MIR4436B2	0.10656476774357872
MIR4437	
MIR4438	
MIR4439	
MIR4440	-0.1475939828417878
MIR4441	0.006547242833624125
MIR4442	0.037847976151226
MIR4443	
MIR4444-1	0.04231698507759168
MIR4445	
MIR4446	0.08483868090879762
MIR4447	
MIR4448	-0.18251479761931858
MIR4449	0.019418888597492204
MIR4450	
MIR4451	-0.04393865143812509
MIR4452	
MIR4453	-0.15740014301686905
MIR4454	-0.09434583642217997
MIR4455	
MIR4456	
MIR4457	-0.107640076470282
MIR4458HG	-0.2563853830849835
MIR4460	0.09923732765455737
MIR4462	0.28053452153389247
MIR4463	-0.2598341942640069
MIR4464	-0.0010407187690756096
MIR4465	-0.008967050010602105
MIR4466	-0.12913790227528038
MIR4467	
MIR4468	
MIR4469	-0.0826876407536262
MIR4470	
MIR4471	-0.23344911859497566
MIR4472-1	-0.041285502512003885
MIR4472-2	
MIR4473	
MIR4474	0.035899393991165346
MIR4475	
MIR4476	
MIR4477B	0.05627218900483598
MIR4478	0.25308562061829804
MIR4479	0.04481741045967236
MIR448	0.017649229380971045
MIR4480	-0.010097459861480295
MIR4482-1	-0.07996671626769676
MIR4484	-0.25391738522284224
MIR4486	
MIR4487	
MIR4488	-0.07903216078966367
MIR4489	-0.0676512697475588
MIR4490	
MIR4491	
MIR4492	-0.039863080720728784
MIR4493	
MIR4494	
MIR4495	
MIR4497	
MIR4498	0.035899393991165346
MIR4499	-0.30291301138215265
MIR449A	0.016404880605419607
MIR449B	0.382135059636399
MIR449C	-0.18148115847327412
MIR4500	-0.23681211750290634
MIR4500HG	0.08120990309858007
MIR4502	-0.059693575491324966
MIR4503	
MIR4504	
MIR4505	0.02603337963773514
MIR4506	-0.287168711113513
MIR4508	-0.23344911859497566
MIR4509-1	
MIR4509-2	
MIR4509-3	-0.0010407187690756096
MIR450A1	-0.08246044475267789
MIR450A2	-0.19740634336453
MIR450B	-0.16385977994856857
MIR4510	
MIR4511	-0.22179835028343922
MIR4512	-0.024186367540843665
MIR4513	0.13551499976286696
MIR4514	-0.04026908365644521
MIR4515	0.07318080195915312
MIR4516	-0.09533461811216326
MIR4517	
MIR4518	0.42879019971874494
MIR4519	-0.13545753298340032
MIR452	
MIR4520A	-0.02948215790781934
MIR4522	-0.08192368387892413
MIR4523	-0.054085311519117676
MIR4524B	
MIR4525	0.2047049554984879
MIR4526	0.15297161856510708
MIR4527	
MIR4529	
MIR4530	0.029438270730595715
MIR4533	-0.041285502512003885
MIR4534	0.031028033428583665
MIR4535	-0.1475939828417878
MIR454	-0.03989558369559487
MIR4540	-0.1475939828417878
MIR455	
MIR4632	0.023842929009644912
MIR4633	0.07940878410389164
MIR4634	
MIR4635	-0.09532389808610005
MIR4636	-0.0914238524752208
MIR4637	0.005544325959730158
MIR4638	
MIR4639	-0.1263822312780119
MIR4640	
MIR4641	0.2576702733293763
MIR4642	0.1486373172377373
MIR4643	
MIR4644	-0.1501888361611513
MIR4645	0.1077086378825356
MIR4646	
MIR4647	
MIR4648	0.04940906774896934
MIR4649	
MIR4650-1	
MIR4650-2	
MIR4651	
MIR4652	0.002435796059693521
MIR4653	-0.16042454450135835
MIR4654	
MIR4655	0.279253956685984
MIR4656	
MIR4657	
MIR4658	-0.008967050010602105
MIR4659B	-0.0029857706476470757
MIR4660	-0.030308846225666507
MIR4661	
MIR4662B	
MIR4663	
MIR4664	-0.17401140689724798
MIR4665	-0.10501886117625645
MIR4666A	-0.10943371563552354
MIR4666B	
MIR4667	0.16856020591942544
MIR4668	0.028648652842403793
MIR4669	
MIR4670	
MIR4671	-0.23344911859497566
MIR4672	-0.03754995823774005
MIR4673	-0.12013170032326892
MIR4674	-0.2489553910537765
MIR4675	0.16856020591942544
MIR4676	
MIR4677	0.010879583970350739
MIR4679-2	
MIR4680	
MIR4681	-0.16191590917627985
MIR4682	0.1368354583000896
MIR4683	
MIR4684	0.02603337963773514
MIR4685	-0.19414795663758386
MIR4686	-0.2349314124202479
MIR4687	
MIR4688	-0.23344911859497566
MIR4689	-0.14489492222074196
MIR4690	-0.12913790227528038
MIR4691	
MIR4692	-0.0160006694737087
MIR4693	-0.04393865143812509
MIR4694	
MIR4695	
MIR4696	0.0611345654013878
MIR4697	-0.07827564908528087
MIR4698	-0.16170673095150628
MIR4699	
MIR4700	
MIR4701	-0.19657353663761326
MIR4703	
MIR4704	
MIR4705	
MIR4706	0.22090791280602332
MIR4707	
MIR4708	
MIR4709	
MIR4710	
MIR4711	
MIR4712	0.20912576355135096
MIR4713	
MIR4714	0.02603337963773514
MIR4715	
MIR4716	
MIR4717	-0.00550965028217673
MIR4718	
MIR4719	
MIR4720	
MIR4721	
MIR4722	-0.010097459861480295
MIR4723	
MIR4724	
MIR4725	-0.005624354190250816
MIR4726	
MIR4727	
MIR4728	-0.3078877977455653
MIR4729	-0.18168367772162286
MIR4730	0.11029163781401179
MIR4731	-0.09192238709616314
MIR4733	-0.0013528932276856268
MIR4734	-0.17629616398763542
MIR4735	
MIR4736	
MIR4737	-0.059375965998944215
MIR4738	
MIR4739	-0.21994068779246098
MIR4740	0.02603337963773514
MIR4741	
MIR4742	0.3269098551127206
MIR4743	
MIR4744	0.2707009343122734
MIR4745	
MIR4746	0.16567840804956163
MIR4747	
MIR4748	-0.19062297500659892
MIR4749	
MIR4750	
MIR4751	
MIR4752	-0.008967050010602105
MIR4753	-0.0916769129754555
MIR4754	
MIR4755	0.16334912050780676
MIR4756	0.13081547212312417
MIR4757	-0.13404933456493806
MIR4758	
MIR4759	
MIR4760	-0.12913790227528038
MIR4761	-0.22658629797149363
MIR4762	
MIR4763	
MIR4764	
MIR4765	-0.005624354190250816
MIR4766	-0.08145073190532583
MIR4767	0.199979625571414
MIR4768	0.19185281134861085
MIR4769	-0.07243224673845453
MIR4770	
MIR4771-1	-0.17562077063599627
MIR4771-2	0.19824571882452277
MIR4772	0.3355483099766241
MIR4773-1	
MIR4774	-0.25391738522284224
MIR4775	
MIR4776-2	0.016404880605419607
MIR4777	0.01586933788838595
MIR4778	
MIR4779	
MIR4780	-0.005624354190250816
MIR4781	
MIR4782	-0.0029286182886685366
MIR4783	-0.005624354190250816
MIR4784	
MIR4785	
MIR4786	0.10992882550578804
MIR4787	-0.1475939828417878
MIR4788	
MIR4789	
MIR4790	0.008633396677178783
MIR4791	
MIR4793	
MIR4794	-0.152590840704164
MIR4795	0.07096154237211573
MIR4796	
MIR4797	0.04100878167559302
MIR4798	
MIR4799	-0.04393865143812509
MIR4800	
MIR4801	-0.008967050010602105
MIR4802	-0.19455339337350563
MIR4803	
MIR4804	0.030747499671561873
MIR483	-0.12573767601974606
MIR484	
MIR485	-0.04393865143812509
MIR486	0.03481220756273014
MIR487A	
MIR487B	
MIR488	
MIR489	
MIR490	0.03925601441433006
MIR491	-0.06701174359007223
MIR492	
MIR493	0.035899393991165346
MIR494	
MIR495	
MIR496	-0.041285502512003885
MIR497HG	-0.05730352430933111
MIR498	0.382135059636399
MIR4999	0.13907846471721452
MIR499A	-0.23344911859497566
MIR5000	-0.26040653062199787
MIR5001	0.16671915846956306
MIR5002	
MIR5003	0.052672192006553126
MIR5004	
MIR5006	0.09098420807271435
MIR5007	
MIR5008	0.06492027247751961
MIR5009	-0.11526267882713022
MIR500A	
MIR500B	
MIR501	
MIR5010	0.025025217337367553
MIR5011	0.01586933788838595
MIR502	-0.16170673095150628
MIR503	-0.1145027423837322
MIR503HG	-0.004913494992499052
MIR504	
MIR5047	
MIR505	-0.1475939828417878
MIR506	
MIR507	
MIR508	0.10907830401936452
MIR5088	
MIR5089	-0.03339528068743501
MIR509-1	
MIR509-2	
MIR509-3	
MIR5090	
MIR5091	-0.28208741692727224
MIR5092	0.1516612863254826
MIR5093	-0.16170673095150628
MIR5094	-0.0609784942882377
MIR510	
MIR5100	0.07252350281020223
MIR511-1	
MIR511-2	
MIR512-1	
MIR512-2	-0.23344911859497566
MIR513A1	
MIR513A2	
MIR513B	
MIR513C	
MIR514A1	
MIR514A2	
MIR514A3	
MIR514B	-0.23344911859497566
MIR515-1	
MIR515-2	
MIR516A1	
MIR516A2	
MIR516B1	
MIR516B2	
MIR517A	-0.04393865143812509
MIR517B	
MIR517C	
MIR5186	
MIR5187	0.058697725916566
MIR5188	0.0033082978912641336
MIR5189	0.17992255282955683
MIR518A1	
MIR518A2	
MIR518B	0.27832565258718983
MIR518C	
MIR518D	
MIR518E	
MIR518F	
MIR5190	-0.041285502512003885
MIR5191	
MIR5192	-0.23018256270179233
MIR5193	
MIR5194	-0.02798754603853068
MIR5196	-0.18904832022140697
MIR5197	
MIR519A1	
MIR519A2	-0.17153160761128652
MIR519B	-0.03325912453167606
MIR519C	
MIR519D	-0.03325912453167606
MIR519E	
MIR520A	
MIR520B	
MIR520C	
MIR520D	
MIR520E	
MIR520F	
MIR520G	
MIR520H	
MIR521-1	
MIR521-2	
MIR522	
MIR523	-0.008967050010602105
MIR524	
MIR525	
MIR526A1	
MIR526A2	
MIR526B	
MIR527	
MIR532	0.279253956685984
MIR539	
MIR541	0.0017152167669955511
MIR542	
MIR543	-0.18623046484940525
MIR544A	-0.01938668126395752
MIR544B	0.005411198075494515
MIR545	0.07678236616463079
MIR548A1	
MIR548A2	
MIR548A3	0.03419923401481591
MIR548AA1	
MIR548AA2	0.22749081797784804
MIR548AB	
MIR548AC	0.3018434270459894
MIR548AD	
MIR548AE1	
MIR548AE2	
MIR548AG1	
MIR548AG2	
MIR548AH	0.31122303797490247
MIR548AI	
MIR548AJ1	
MIR548AJ2	
MIR548AK	
MIR548AL	-0.00550965028217673
MIR548AM	0.04075413526273091
MIR548AN	-0.15248706616669636
MIR548AO	-0.04393865143812509
MIR548AP	
MIR548AQ	-0.08071896775022261
MIR548AR	-0.0730448508415098
MIR548AS	0.382135059636399
MIR548AT	0.01614575808600067
MIR548AV	
MIR548AW	
MIR548AX	
MIR548B	
MIR548C	-0.038684826110553176
MIR548E	-0.04217107192912035
MIR548F1	
MIR548F2	-0.16170673095150628
MIR548F3	0.382135059636399
MIR548F4	
MIR548F5	
MIR548G	
MIR548H1	-0.06996383019911945
MIR548H2	-0.18623046484940525
MIR548H3	-0.18623046484940525
MIR548H4	
MIR548H5	
MIR548I1	-0.06630277577577741
MIR548I2	-0.10832912541440301
MIR548I3	
MIR548I4	
MIR548J	-0.18148115847327412
MIR548K	0.018236300433339698
MIR548L	0.044919364206258854
MIR548M	
MIR548N	0.10310695567094576
MIR548O	0.1372775945802178
MIR548O2	
MIR548P	0.1824398892566302
MIR548Q	
MIR548S	0.382135059636399
MIR548T	0.035899393991165346
MIR548U	
MIR548V	0.08957363100823437
MIR548W	
MIR548X	
MIR548X2	-0.16170673095150628
MIR548Y	
MIR549	0.10656476774357872
MIR550A1	-0.24258769805641558
MIR550A2	0.25665700367376
MIR550A3	0.3591173816253454
MIR551A	-0.12913790227528038
MIR551B	0.382135059636399
MIR552	-0.0010407187690756096
MIR553	0.20604684411154048
MIR554	-0.025926019277065525
MIR555	0.02603337963773514
MIR556	-0.027275696904652882
MIR557	
MIR5579	-0.008967050010602105
MIR558	-0.10924259486960604
MIR5580	0.10656476774357872
MIR5581	0.20309723088913578
MIR5582	0.015371371126028351
MIR5583-1	
MIR5584	
MIR5585	0.017649229380971045
MIR5586	
MIR5587	0.007564546478062959
MIR5589	
MIR559	-0.0010715018843640506
MIR5590	
MIR5591	
MIR561	0.23269908644294732
MIR562	-0.008967050010602105
MIR563	0.16379539617999223
MIR564	
MIR567	-0.0736789646400587
MIR568	0.1440183168902758
MIR5680	
MIR5681A	0.035899393991165346
MIR5682	
MIR5683	
MIR5684	0.016404880605419607
MIR5685	
MIR5687	
MIR5688	
MIR5689	-0.03325912453167606
MIR569	0.059662087963395616
MIR5690	-0.1215567534112715
MIR5691	
MIR5692A1	
MIR5692A2	
MIR5692B	-0.0675244235716
MIR5692C1	-0.04393865143812509
MIR5692C2	0.0314090293398153
MIR5693	0.12099525339756635
MIR5694	0.16856020591942544
MIR5695	-0.18623046484940525
MIR5696	-0.000498508838477273
MIR5697	0.17254598624370796
MIR5698	-0.10501886117625645
MIR5699	-0.04393865143812509
MIR570	-0.2058935527787421
MIR5700	-0.1017957823525765
MIR5701-1	
MIR5701-2	
MIR5702	
MIR5703	
MIR5704	0.058496651695031376
MIR5705	
MIR5706	-0.09627629760849082
MIR5707	0.08348058161991967
MIR5708	
MIR571	-0.02366515627913226
MIR572	-0.02880478728979768
MIR573	-0.08084799783455118
MIR574	0.18977624557992936
MIR575	
MIR576	0.07603104689250915
MIR577	-0.08246611591025292
MIR578	-0.07121786787586117
MIR579	-0.0638285812610316
MIR580	-0.14112537341536777
MIR581	-0.04340147068074904
MIR582	
MIR583	-0.14746875976764695
MIR584	-0.0575080500618827
MIR585	
MIR586	
MIR587	0.02603337963773514
MIR588	
MIR589	0.002643537876070178
MIR590	0.39194728364218373
MIR591	0.01586933788838595
MIR592	
MIR593	0.12016501065951403
MIR595	-0.11579247983228341
MIR596	0.1269767510189131
MIR597	0.10786558338679465
MIR598	0.23644316466210952
MIR599	
MIR600HG	0.06143300340398808
MIR601	0.19841517016184498
MIR602	-0.007264562196426743
MIR603	-0.008967050010602105
MIR604	-0.038814990914863665
MIR605	-0.2011560881897311
MIR606	-0.008967050010602105
MIR607	-0.009754163765561763
MIR608	-0.04852622785708435
MIR609	
MIR610	
MIR611	
MIR613	0.26903873518104116
MIR614	
MIR615	-0.16051084488106676
MIR616	0.01269768134321628
MIR617	0.017649229380971045
MIR618	
MIR619	-0.021059581606065518
MIR620	
MIR621	-0.06457522455894628
MIR622	
MIR623	0.03406767948803513
MIR624	0.2687455661436356
MIR625	
MIR626	
MIR627	-0.09526433028658692
MIR628	0.1804394509942576
MIR629	
MIR630	
MIR631	-0.08365743079249417
MIR632	
MIR633	
MIR634	
MIR635	0.20630406590967498
MIR636	
MIR637	
MIR638	0.016404880605419607
MIR639	
MIR640	-0.006554492844495171
MIR641	-0.05010221041370352
MIR642A	-0.014639996449485562
MIR643	0.05981305397542215
MIR644A	-0.09268919980492259
MIR645	0.28397863865954664
MIR646	0.3539873783691936
MIR647	-0.11274568447715433
MIR648	0.02603337963773514
MIR649	
MIR650	
MIR651	-0.041285502512003885
MIR652	-0.23110985724523708
MIR653	
MIR654	
MIR655	
MIR656	0.038401380845962126
MIR657	-0.09401137662282184
MIR658	
MIR659	0.46222648319605736
MIR660	
MIR661	0.0973370918154813
MIR662	0.0352851318704421
MIR663A	-0.07158849480756062
MIR663B	0.0014750392527230652
MIR665	
MIR670	
MIR671	
MIR676	
MIR7-1	
MIR7-2	-0.07738490240921803
MIR7-3	0.19824571882452277
MIR7-3HG	-0.2062553569867309
MIR708	-0.11265869790121905
MIR711	
MIR718	
MIR744	-0.09670445004167333
MIR758	
MIR759	
MIR760	-0.05203610964289908
MIR761	
MIR762	-0.3337105042612775
MIR764	
MIR765	0.17627077272314562
MIR766	-0.041427955708035626
MIR767	
MIR769	-0.007762255145955435
MIR770	-0.01565195539109175
MIR802	0.035899393991165346
MIR873	
MIR874	-0.10861447116249351
MIR875	
MIR876	
MIR877	-0.18459979672764845
MIR885	
MIR887	0.37993348734262716
MIR888	
MIR889	
MIR890	
MIR891A	
MIR891B	
MIR892A	
MIR892B	
MIR9-1	
MIR9-3	-0.03325912453167606
MIR920	-0.16170673095150628
MIR921	
MIR922	
MIR92A2	0.382135059636399
MIR92B	0.001693858486872488
MIR93	-0.08131992768374355
MIR933	-0.018739911619123376
MIR934	-0.18623046484940525
MIR935	
MIR936	-0.04179482463197689
MIR937	
MIR938	0.03339821368270773
MIR939	
MIR940	-0.22510221925870139
MIR941-1	0.18717333936352074
MIR941-2	-0.03020471077716618
MIR941-3	-0.1475939828417878
MIR942	-0.3310273616705467
MIR943	
MIR944	
MIR95	-0.1788627797818158
MIR96	0.41863380762370106
MIR98	0.15960391011269584
MIR99A	
MIR99B	-0.18623046484940525
MIRLET7A1	-0.22791918063051939
MIRLET7A2	
MIRLET7A3	
MIRLET7B	
MIRLET7C	-0.22478444700198574
MIRLET7D	-0.20221850171361053
MIRLET7DHG	0.13437050514623988
MIRLET7E	0.06956026348295487
MIRLET7F1	0.005138420705119463
MIRLET7F2	
MIRLET7G	0.11796020882109551
MIRLET7I	0.06546303620674271
MIS12	0.2602743078462651
MIS18A	-0.23531610168414868
MIS18A-AS1	0.02050662275540397
MIS18BP1	0.1453769606858113
MISP	-0.06590014564788836
MITD1	-0.053876220264037086
MITF	0.14413861167150327
MIXL1	0.15761605873364654
MKI67	0.020469402147625278
MKI67IP	0.20568836508706567
MKI67IPP1	-0.13652825759512352
MKI67IPP2	-0.18300595122167052
MKI67IPP3	0.13687067369362682
MKI67IPP4	0.016210422492720568
MKI67IPP6	-0.03879381073638815
MKI67IPP7	0.2328316202457033
MKI67IPP8	-0.08815386790817502
MKI67IPP9	
MKKS	-0.21304431750288944
MKL1	0.2511023908771941
MKL2	0.2999108638524275
MKLN1	0.40217989526725684
MKLN1-AS1	0.13977076586007364
MKLN1-AS2	0.05956580385807897
MKNK1	-0.2625513850181733
MKNK1-AS1	-0.17471012674732989
MKNK2	-0.07640047669278689
MKNK2P1	-0.25933834608815587
MKRN1	-0.1654656614549851
MKRN2	0.026943409396512418
MKRN3	0.3046950007711723
MKRN4P	-0.3012691095217262
MKRN5P	-0.1762738736868766
MKRN7P	-0.24538648525061088
MKRN9P	-0.23973184917685805
MKRNP2	-0.04396482829775898
MKS1	-0.00767124494986021
MKX	0.0022981231548858576
MLANA	0.13330328112827053
MLC1	0.0010047326416265433
MLEC	-0.019268034143312934
MLF1	-0.14263176730144458
MLF1IP	-0.07874905764463637
MLF2	-0.15685588527231079
MLH1	-0.03370865336551167
MLH3	-0.018471493510216458
MLIP	0.027289253774459832
MLIP-AS1	0.09159786537913668
MLIP-IT1	-0.02778216978072601
MLK4	-0.03842305091062037
MLK7-AS1	-0.17290071654736963
MLKL	0.15139561620735395
MLLT1	0.2904158095965455
MLLT10	0.012470336489671038
MLLT10P1	-0.122734088108195
MLLT10P2	
MLLT11	0.29458592222425556
MLLT3	-0.05257320844499026
MLLT4	0.09227218915754132
MLLT4-AS1	-0.16691177343478644
MLLT6	0.028146039195638458
MLN	-0.08380042762018004
MLNR	0.1352951148438671
MLPH	-0.15104943215172154
MLST8	-0.28584921800821306
MLTK	0.249664039904848
MLX	-0.17901196626377772
MLXIP	0.059524676201839204
MLXIPL	-0.14177177665780158
MLYCD	-0.16268542390807714
MMAA	0.15496840417502758
MMAB	-0.18493618421943794
MMACHC	-0.06746837690341968
MMADHC	0.1793200874362036
MMD	0.15638433238775895
MMD2	-0.005945378640561579
MME	-0.01268357344334724
MME-AS1	
MMEL1	-0.034710797048259245
MMGT1	0.13413815250575503
MMP1	0.10572076506538976
MMP10	0.34453686123752203
MMP11	-0.09013568475539965
MMP12	0.2194753405915697
MMP13	0.04727158675723455
MMP14	0.22124612271674782
MMP15	-0.03444061244493724
MMP16	0.014934880941840213
MMP17	0.048942418920078466
MMP19	0.1278862994121669
MMP2	0.11852970701662788
MMP20	-0.07442530690480852
MMP21	0.09568894089507325
MMP23A	0.09623318182956575
MMP23B	-0.2511586310575676
MMP24	-0.04370729038963106
MMP24-AS1	-0.2387974979780832
MMP25	0.16363088212033086
MMP26	-0.2001507859119698
MMP27	0.16238345597137863
MMP28	-0.26706117947468816
MMP3	0.09599939768737892
MMP7	-0.04056625017973834
MMP8	0.04569655180288275
MMP9	0.24768162830482732
MMRN1	0.18668725676902082
MMRN2	0.07227405292678647
MMS19	-0.03562070431561107
MMS22L	-0.04756183249589815
MN1	-0.21110464681724134
MNAT1	0.04836362378435077
MND1	-0.12397635156562448
MNDA	0.12047727460120299
MNS1	-0.2627910035532835
MNT	0.237963548971988
MNX1	-0.2779573265060486
MNX1-AS1	-0.20779226633565345
MNX1-AS2	-0.360950786813889
MOAP1	-0.14968793915682288
MOB1A	0.28031904892673215
MOB1AP1	-0.10483322177232719
MOB1AP2	0.18632679930761867
MOB1B	0.151184541122018
MOB2	-0.1858548136733362
MOB3A	0.26128006198324666
MOB3B	0.0691189170796618
MOB3C	0.11776437915174248
MOB4	-0.018850582545131247
MOBP	-0.2930111848554957
MOCOS	0.03786251969830159
MOCS1	-0.29014093092157517
MOCS1P1	0.00644813375799507
MOCS2	-0.16869233711808151
MOCS3	0.2531255887791767
MOG	0.03466970037030078
MOGAT1	-0.11720534625577456
MOGAT2	-0.13802517829074523
MOGAT3	-0.08345511380180516
MOGS	-0.13143733748757902
MOK	-0.1912943531868589
MON1A	-0.21623660983423137
MON1B	0.13153696665824863
MON2	0.19310917583975393
MORC1	-0.21742942073644136
MORC1-AS1	-0.12913790227528038
MORC2	0.29200815025437826
MORC2-AS1	0.13813914312102415
MORC3	0.2670801030311109
MORC4	0.029256822537527167
MORF4	-0.3456674383709011
MORF4L1	-0.07567001926997348
MORF4L1P1	0.14959248876428086
MORF4L1P4	0.05024203384897956
MORF4L1P5	0.10565669679729242
MORF4L1P6	0.10656476774357872
MORF4L1P7	-0.13090575155021147
MORF4L2	-0.042875024887693056
MORF4L2-AS1	-0.010141090627636342
MORF4L2P1	-0.18671176791699592
MORN1	-0.06884294655158994
MORN2	-0.05525433916328626
MORN3	0.22686452463961557
MORN4	-0.17671756642465486
MORN5	-0.08630341258535126
MOS	-0.10346093780554752
MOSPD1	0.08945971962885882
MOSPD2	0.0860044042016665
MOSPD3	-0.15811880409334808
MOV10	0.16183819570820732
MOV10L1	-0.11556038240677205
MOXD1	0.2121336969103912
MOXD2P	-0.15245372046957703
MPC1	-0.24252565691164243
MPC1L	-0.28125101703623695
MPC2	-0.21303021186159216
MPDU1	0.01490410529432107
MPDZ	0.13901158819776305
MPEG1	-0.057113588269741535
MPG	-0.04889423817410992
MPHOSPH10	0.11258068669121098
MPHOSPH6	-0.06311363037248471
MPHOSPH8	0.26977463315939887
MPHOSPH9	0.14810023490787275
MPI	-0.23373320533933528
MPL	-0.0940813409670758
MPLKIP	0.047460477761132075
MPND	-0.19612606089620788
MPO	0.3082647837372175
MPP1	-0.21286939319850323
MPP2	-0.26483882381404306
MPP3	0.08805418086526236
MPP4	-0.0020249907754596253
MPP5	-0.003309467293394435
MPP6	0.14024756061767055
MPP7	-0.007984435086921492
MPPE1	-0.027077505444262073
MPPE1P1	-0.03507273103622305
MPPED1	-0.34182364517643943
MPPED2	0.00644285829615584
MPRIP	0.12861588374432423
MPRIP-AS1	-0.24324452524378
MPRIPP1	0.19681848855545073
MPST	-0.08924238316307007
MPTX1	-0.051151343802405186
MPV17	-0.03067416343675457
MPV17L	-0.01229466076634698
MPV17L2	-0.17686137081013859
MPZ	-0.15676183082950054
MPZL1	0.008574156994835488
MPZL2	-0.3008721388493884
MPZL3	-0.12386672568013382
MR1	0.169863390012958
MRAP	-0.007258352677268153
MRAP2	0.09313744791170976
MRAS	0.1266440492088578
MRC1	-0.14036525166008157
MRC1L1	0.0035670028257326182
MRC2	0.06701284745517719
MRE11A	0.12121751533557483
MREG	0.21901813432548686
MRFAP1	-0.010195263265965903
MRFAP1L1	0.014668244153003683
MRGBP	-0.1467396702313845
MRGPRD	-0.08298934893953847
MRGPRE	0.07198187271774334
MRGPRF	0.038710189302448
MRGPRG	-0.12564974011179583
MRGPRG-AS1	-0.025272784152656557
MRGPRX1	0.019338088839251952
MRGPRX2	-0.123517516189115
MRGPRX3	-0.14375035617032528
MRGPRX4	0.13205840212067887
MRI1	0.0849397199737149
MRM1	-0.24228032131480426
MRO	-0.05617400050567258
MROH1	0.14672466290214362
MROH2A	-0.20856708598060325
MROH2B	0.21024747039191155
MROH3P	-0.2299829312627274
MROH4P	0.12596207841855359
MROH5	0.28160161818181934
MROH6	-0.142940306064398
MROH7	-0.15617946818267758
MROH7-TTC4	-0.34876117466115375
MROH8	-0.3408896220559101
MROH9	0.06742612404359047
MRP63	0.11385474594000479
MRP63P6	0.0909267787812763
MRP63P7	-0.10483322177232719
MRPL1	-0.06444527163437869
MRPL10	-0.2555559517493403
MRPL11	-0.23824467090007545
MRPL12	-0.07206620224660416
MRPL13	-0.1701692823914236
MRPL14	-0.03724825776096909
MRPL15	-0.13962152050191495
MRPL15P1	0.20364593484647914
MRPL16	-0.32261556331056385
MRPL17	-0.07586849332383609
MRPL18	-0.17530502872795983
MRPL19	0.1473517798353928
MRPL2	-0.3523728065023592
MRPL20	0.013832723010623351
MRPL20P1	0.37764819689293033
MRPL21	-0.17872617321808093
MRPL22	-0.0030747824299316284
MRPL22P1	0.2507607466583214
MRPL23	-0.20590883760354045
MRPL23-AS1	0.09408925136808785
MRPL24	-0.29387569880796516
MRPL27	-0.11131986105730114
MRPL28	-0.17681035738308348
MRPL2P1	-0.21426637868148976
MRPL3	-0.1879321368058668
MRPL30	0.22870388830564037
MRPL32	-0.2138609442259161
MRPL32P1	
MRPL33	0.14895367120508038
MRPL34	-0.07093572010052436
MRPL35	-0.28157656729626895
MRPL35P1	-0.3138511429297137
MRPL35P2	-0.22257026421437606
MRPL35P3	-0.20167143222812528
MRPL35P4	0.010419109193067341
MRPL36	-0.13511810706454538
MRPL37	-0.3051904483678135
MRPL37P1	-0.20535357606764215
MRPL38	-0.20471558865413256
MRPL39	-0.1287271647811925
MRPL3P1	-0.3184975465192266
MRPL4	-0.2511610511265026
MRPL40	-0.15949906048845747
MRPL40P1	-0.00937559015677553
MRPL41	0.01445716124580486
MRPL42	0.035700016101986726
MRPL42P2	-0.39715198748392555
MRPL42P3	0.24789890179080434
MRPL42P4	
MRPL42P6	
MRPL43	-0.19522531398927606
MRPL44	0.022192267713675218
MRPL45	-0.2813678875372209
MRPL45P1	-0.15366196365731197
MRPL45P2	-0.32134631075325487
MRPL46	-0.05451393147175256
MRPL47	-0.09227417497407399
MRPL48	-0.15279564466699289
MRPL48P1	0.017788999303590243
MRPL49	-0.07466565094195936
MRPL49P1	0.043345536535959725
MRPL49P2	-0.03904486812597204
MRPL50	0.18696546827920615
MRPL50P1	
MRPL50P2	-0.26614617475575053
MRPL50P4	0.027324445495577762
MRPL51	-0.14606282143007607
MRPL51P2	0.020981147700354804
MRPL52	0.07872186820381309
MRPL53	0.07515859005465099
MRPL53P1	-0.04393865143812509
MRPL54	0.06604515299345622
MRPL55	-0.05274153809144247
MRPL9	-0.1989904512256992
MRPL9P1	-0.36129073190346056
MRPS10	0.20741103803049385
MRPS10P1	-0.23409187328932315
MRPS10P2	0.017649229380971045
MRPS11	-0.09815535749598535
MRPS11P1	-0.2604949373764918
MRPS12	-0.10967866937245994
MRPS14	-0.10080199438495395
MRPS15	-0.07808346850291531
MRPS15P1	0.39430707231163153
MRPS16	-0.1984140091716655
MRPS16P1	-0.13138442329571004
MRPS16P2	-0.15577755913442481
MRPS16P3	-0.09054438679151015
MRPS17	-0.09565945677381198
MRPS17P1	-0.2525969236172812
MRPS17P3	
MRPS17P9	0.1535859611486365
MRPS18A	-0.16749740116376607
MRPS18AP1	-0.3677383162859969
MRPS18B	-0.3496674344777506
MRPS18BP1	0.09120057039753625
MRPS18BP2	-0.038287038709002345
MRPS18C	-0.16985241591507003
MRPS18CP4	-0.016004360981424253
MRPS18CP6	-0.13090190122027556
MRPS2	-0.17553455039851565
MRPS21	-0.14273610018185823
MRPS21P1	-0.2927384668369026
MRPS21P2	0.3065805974449058
MRPS21P3	0.12558381843294883
MRPS21P6	0.052628500619235616
MRPS21P7	0.0611345654013878
MRPS21P8	
MRPS21P9	
MRPS22	-0.22600568915261293
MRPS23	-0.006058810182654668
MRPS24	-0.13178079965944436
MRPS25	-0.21376399768652757
MRPS26	-0.09921754250207558
MRPS27	-0.125680649398312
MRPS28	-0.26812563912603127
MRPS30	-0.02822974459408274
MRPS31	-0.017203169528725457
MRPS31P2	0.2689323602723422
MRPS31P4	0.1200572183321395
MRPS31P5	0.1417027630446432
MRPS33	-0.14443340212678876
MRPS33P2	0.027310699173273507
MRPS33P3	-0.36778544263598717
MRPS33P4	-0.005624354190250816
MRPS34	-0.22902309603066423
MRPS35	-0.13091118077330852
MRPS35P2	0.382135059636399
MRPS35P3	0.02322795131534932
MRPS36	-0.22414343567161918
MRPS36P1	-0.24028776037056535
MRPS36P2	-0.02943494232680328
MRPS36P3	
MRPS36P4	-0.19317980388065376
MRPS36P5	0.02101537546018829
MRPS5	-0.31656143615863214
MRPS5P3	-0.22354626049314538
MRPS5P4	0.035899393991165346
MRPS6	-0.3278632263142866
MRPS6P2	-0.08569097900588186
MRPS6P4	
MRPS7	-0.2703963323228327
MRPS9	-0.23669564782390776
MRRF	-0.35176941734065115
MRRFP1	-0.2503775164824823
MRS2	0.1378262579541329
MRS2P2	0.03008969780340963
MRTO4	-0.02577155102776285
MRVI1	-0.10718116484612658
MRVI1-AS1	0.01936852416133159
MS4A1	0.2352210237124075
MS4A10	-0.05290872016383041
MS4A12	-0.12129502171056428
MS4A13	-0.1645840022396745
MS4A14	0.04326949230261543
MS4A15	-0.2579874142442286
MS4A18	0.03366883276039195
MS4A2	0.05621210647690097
MS4A3	0.05402174024955402
MS4A4A	-0.19557467279779225
MS4A4E	-0.18083355788139593
MS4A5	-0.08492332856223651
MS4A6A	-0.2567663848573927
MS4A6E	-0.23502817629437653
MS4A7	-0.05006181120262313
MS4A8	-0.050690800579895924
MSANTD1	-0.04515149830961423
MSANTD2	0.04365509463689048
MSANTD2P1	-0.3357677737208494
MSANTD3	0.15633949483610263
MSANTD3-TMEFF1	
MSANTD4	0.24522956442369323
MSC	0.23535772283066286
MSGN1	0.12249773669855013
MSH2	-0.05033873327126071
MSH3	0.08906558780619313
MSH4	0.16263757639529328
MSH5	-0.02466555589936178
MSH5-SAPCD1	-0.03325912453167606
MSH6	0.15774542867023067
MSI1	-0.18571059279575694
MSI2	0.12622717464887043
MSL1	0.03757848710623512
MSL2	0.3010475022446517
MSL3	0.2000321641250326
MSL3P1	0.26010885964221625
MSLN	-0.03129097922128829
MSLNL	0.10510039826067516
MSMB	-0.2978404999635369
MSMO1	-0.009132847913162179
MSMP	-0.014883132880516205
MSN	0.23216713563554048
MSNP1	-0.014987417701643099
MSR1	-0.1474546956435724
MSRA	-0.13523974714558062
MSRB1	-0.07254390916144206
MSRB1P1	0.3144245373022431
MSRB2	0.04204428554163692
MSRB3	-0.1377892452930257
MSS51	-0.04095481899427752
MST1	-0.24215472984129247
MST1L	-0.09008946637875424
MST1P2	-0.12759816573702756
MST1R	-0.021846439454897986
MST4	0.16157965023581258
MSTN	-0.22025131975841852
MSTO1	-0.12715210198965302
MSTO2P	-0.04718248817171415
MSX1	-0.08509619903810677
MSX2	0.24836613328219884
MSX2P1	0.10136817782100585
MT-ATP6	
MT-ATP8	
MT-CO1	
MT-CO2	
MT-CO3	
MT-CYB	
MT-ND1	
MT-ND2	
MT-ND3	
MT-ND4	
MT-ND4L	
MT-ND5	
MT-ND6	
MT-RNR1	
MT-RNR2	
MT-TA	
MT-TC	
MT-TD	
MT-TE	
MT-TF	
MT-TG	
MT-TH	
MT-TI	
MT-TK	
MT-TL1	
MT-TL2	
MT-TM	
MT-TN	
MT-TP	
MT-TQ	
MT-TR	
MT-TS1	
MT-TS2	
MT-TT	
MT-TV	
MT-TW	
MT-TY	
MT1A	0.07936762864486227
MT1B	-0.08526693012059545
MT1CP	0.02753089776305308
MT1DP	-0.03240968593375819
MT1E	0.08195963376812768
MT1F	0.055545266467111915
MT1G	0.14961024111905424
MT1H	0.1188164944794331
MT1HL1	-0.04519859167747406
MT1JP	-0.05434281568617677
MT1L	0.22014846522033973
MT1M	0.1372416172408763
MT1P1	0.04157453665448587
MT1P3	-0.06467157446287805
MT1X	-0.04434854084343433
MT1XP1	0.04873666098044049
MT2A	0.20872316276854194
MT2P1	0.11539944983656678
MT3	-0.14028338705889887
MT4	0.042346772175909334
MTA1	-0.10403100684061933
MTA2	0.09856317952983495
MTA3	-0.09060572918988001
MTAP	0.01586231097681188
MTAPP1	0.04287076087453229
MTAPP2	0.14129214507387292
MTATP6P1	-0.43419338501155835
MTATP6P2	-0.33728638720151694
MTATP6P3	0.15956997316739574
MTATP6P4	-0.039428243271473346
MTATP6P7	0.02112391246772471
MTATP6P9	-0.4059839034443611
MTATP8P1	-0.33385491935334505
MTATP8P2	-0.243020586856316
MTBP	0.03478352068088401
MTCH1	-0.30461163387345785
MTCH2	-0.25744709218889195
MTCO1P3	-0.25263157002099607
MTCO2P1	-0.026765039325795277
MTCO2P3	
MTCO3P1	0.12691944709595435
MTCO3P2	0.035899393991165346
MTCP1	-0.16649900711898735
MTCYBP1	0.15099357494657759
MTCYBP2	-0.07243224673845453
MTCYBP3	0.2929126087801173
MTCYBP4	-0.08399945191295079
MTDH	0.28938656353326575
MTERF	0.25221260696117004
MTERFD1	-0.020618202921872022
MTERFD2	0.005533802462696246
MTERFD3	-0.04858583173434258
MTF1	0.2541751991417895
MTF2	0.2552259186366451
MTFMT	-0.44728543503448887
MTFP1	0.005469559120449641
MTFR1	-0.3213227727907702
MTFR1L	-0.28541406252774565
MTFR2	-0.13866734964812846
MTG1	-0.1989637219993189
MTG2	-0.0011687885536737755
MTHFD1	-0.07114393654052435
MTHFD1L	0.09095556860478335
MTHFD1P1	-0.12615893028077194
MTHFD2	0.1900524075121758
MTHFD2L	-0.11741442818631459
MTHFD2P1	-0.07706838204295628
MTHFD2P2	
MTHFD2P3	0.16856020591942544
MTHFD2P4	-0.05318115011832195
MTHFD2P5	-0.009728031853482297
MTHFD2P6	0.073100501623283
MTHFD2P7	-0.020474363501691312
MTHFR	0.4558504386946989
MTHFS	-0.038865480677661206
MTHFSD	0.1052837708995188
MTIF2	-0.17092812958360126
MTIF3	-0.34132294911056094
MTL5	-0.1941238460962944
MTM1	-0.1650453057097753
MTMR1	0.11501028278693025
MTMR10	0.22896904134069512
MTMR11	-0.2412729116770131
MTMR12	0.33025246391540464
MTMR14	0.026637728252866758
MTMR2	0.1681020514799898
MTMR3	0.17502383735836144
MTMR4	0.17228550463659273
MTMR6	0.31564449044366766
MTMR7	-0.02383653186866222
MTMR8	0.21436424414461527
MTMR9	0.25467376653518126
MTMR9LP	-0.05269219198582661
MTND1P1	-0.23344911859497566
MTND1P10	0.24961383206217566
MTND1P11	-0.022234485196338288
MTND1P12	
MTND1P13	0.06323512814386051
MTND1P14	-0.29010229928851433
MTND1P15	-0.17326868996819264
MTND1P16	0.41273122048739713
MTND1P17	-0.007778965042422754
MTND1P18	-0.17444400430985077
MTND1P19	-0.0772943422591898
MTND1P2	-0.1599659518548665
MTND1P20	0.13276887658217212
MTND1P21	-0.004380188593329968
MTND1P22	-0.16078381869098093
MTND1P23	-0.326140736633006
MTND1P24	0.07536244334336711
MTND1P26	-0.025640511994959907
MTND1P27	-0.3217948313000138
MTND1P28	0.05604577305706536
MTND1P29	-0.10068698862948254
MTND1P3	0.24991538760699922
MTND1P30	-0.13104149473593696
MTND1P31	-0.05121653970006137
MTND1P32	-0.2842610823652922
MTND1P33	-0.22685933421909152
MTND1P34	0.3488291976052401
MTND1P35	0.08450900140278608
MTND1P36	-0.15070749466842295
MTND1P4	-0.0351929953400324
MTND1P5	0.054503021185727425
MTND1P6	-0.10867662649614535
MTND1P7	-0.05984668850191896
MTND1P9	-0.1211839281645407
MTND2P11	0.33357813750121146
MTND2P12	-0.23641320490365852
MTND2P14	-0.17937738048362253
MTND2P15	-0.14395544872530694
MTND2P16	-0.21289742161467298
MTND2P17	0.08623967944264083
MTND2P18	0.04130030305367943
MTND2P19	0.053537150734153
MTND2P2	-0.09408222632415758
MTND2P20	-0.05499406598374302
MTND2P21	0.018285156298850327
MTND2P22	-0.21509970581788496
MTND2P23	0.21305273769584349
MTND2P24	0.10709861054504725
MTND2P25	0.05057089099213528
MTND2P26	-0.1177326535015751
MTND2P28	-0.08241423215524095
MTND2P29	-0.26216909792773746
MTND2P3	-0.008967050010602105
MTND2P30	0.16585419652472821
MTND2P31	-0.15227214356269053
MTND2P32	-0.13645964968466068
MTND2P33	-0.09668821003297394
MTND2P4	0.006165545517278471
MTND2P5	-0.1282576257535078
MTND2P6	-0.15534869100490573
MTND2P7	0.06971914474771036
MTND2P8	-0.14283544823991487
MTND2P9	-0.31654491675619306
MTND3P1	-0.1526087890559428
MTND3P10	-0.08757588157823168
MTND3P2	0.016404880605419607
MTND3P3	-0.00942449619296428
MTND3P4	-0.13751363877179598
MTND3P5	0.15973171022620322
MTND3P6	0.38712490986521425
MTND3P7	0.012628632381651819
MTND3P8	0.2572231093407777
MTND3P9	-0.14174129170092564
MTND4LP1	-0.10172771421810407
MTND4P1	0.005619756307300377
MTND4P10	0.24233409486288854
MTND4P11	-0.08380756055064562
MTND4P12	-0.32614432635561336
MTND4P13	-0.1201474423957543
MTND4P14	0.28210469785070563
MTND4P15	-0.35791601489684316
MTND4P16	0.2584098829848475
MTND4P17	-0.06639799175864657
MTND4P18	-0.08047766724338483
MTND4P19	-0.12723496525314607
MTND4P2	0.08192621601959145
MTND4P20	-0.07872303145976602
MTND4P21	0.22731680923695782
MTND4P22	0.05240741183052621
MTND4P23	-0.22161765432246988
MTND4P24	-0.3119937666061215
MTND4P25	-0.01899013549211463
MTND4P26	-0.27702802799419085
MTND4P27	-0.2060849635018579
MTND4P28	0.13704064680131953
MTND4P29	-0.06195756749387588
MTND4P3	-0.1657258119102789
MTND4P30	0.2006466488398861
MTND4P31	-0.02111550815076159
MTND4P32	0.21737893679422296
MTND4P4	-0.08328610076464481
MTND4P5	0.1915851788332555
MTND4P6	0.016700672036096164
MTND4P7	-0.03535352604421504
MTND4P8	-0.19171899317732646
MTND4P9	0.12876198525117977
MTND5P1	-0.17902038347044186
MTND5P10	-0.19042470861313263
MTND5P11	-0.3336946175378993
MTND5P12	-0.2239559851709852
MTND5P13	-0.04574658189130757
MTND5P14	0.08790137803551486
MTND5P15	-0.004588118935154595
MTND5P16	-0.09828364419999085
MTND5P17	0.2104721538009745
MTND5P18	-0.020002020519823565
MTND5P19	-0.1383923052142797
MTND5P2	0.1040037582067291
MTND5P20	0.03559053221712118
MTND5P21	0.12299924332260405
MTND5P22	
MTND5P23	-0.15858291932203944
MTND5P24	-0.09966446760605346
MTND5P25	0.11772801145001645
MTND5P26	0.1573539899495806
MTND5P27	-0.18120710282654903
MTND5P28	-0.021010365329186875
MTND5P29	0.17460471004852046
MTND5P3	0.047955255620099495
MTND5P30	-0.30507746613515807
MTND5P31	0.17007330251776817
MTND5P4	-0.12584179064576145
MTND5P5	-0.10501886117625645
MTND5P6	-0.07446215573994902
MTND5P7	-0.2577410252531344
MTND5P8	0.15307004512000905
MTND5P9	0.21328025799510508
MTND6P1	0.10886695606926987
MTND6P10	-0.2047442981429543
MTND6P11	-0.04393865143812509
MTND6P12	-0.23344911859497566
MTND6P13	-0.008967050010602105
MTND6P14	0.02943368080390464
MTND6P15	-0.09825543370216497
MTND6P16	-0.23258736072685562
MTND6P17	-0.008967050010602105
MTND6P18	-0.05377910531697161
MTND6P19	-0.09204918500010147
MTND6P2	-0.018083584239517492
MTND6P20	-0.2402323315723637
MTND6P21	0.07059027447140279
MTND6P3	-0.3635612156177701
MTND6P4	-0.3449469220922134
MTND6P5	-0.2810975989661168
MTND6P6	
MTND6P7	0.02939104661421876
MTND6P8	-0.18623046484940525
MTND6P9	-0.2736837326778179
MTNR1A	0.3450076398536569
MTNR1B	-0.04794756592264753
MTO1	-0.026686272145538432
MTOR	0.2669432728654122
MTOR-AS1	0.10956592157735004
MTPAP	0.09938641813747706
MTPN	0.3089128016451504
MTR	0.2706433590207341
MTRF1	-0.22060091806807935
MTRF1L	0.1029712367499449
MTRNR2L1	-0.3299222637262264
MTRNR2L10	-0.3403072957778114
MTRNR2L11	-0.08820979551446806
MTRNR2L12	-0.36089783655329
MTRNR2L13	-0.24721639954570776
MTRNR2L2	-0.3241222203184697
MTRNR2L3	-0.34720510746688216
MTRNR2L4	-0.33032445963457163
MTRNR2L5	-0.3865802674068248
MTRNR2L6	-0.3359412246329516
MTRNR2L7	0.01572519657553133
MTRNR2L8	-0.33666168896503856
MTRNR2L9	-0.20108502355008237
MTRR	0.260087943502877
MTSS1	-0.08242575026958149
MTSS1L	-0.07427185429468089
MTTP	-0.06591364835312877
MTUS1	0.23419651110361417
MTUS2	0.2347645343763951
MTUS2-AS1	-0.0862971278749549
MTUS2-AS2	0.04887829704182841
MTX1	-0.1552529337921588
MTX1P1	-0.1807435390787696
MTX2	-0.318835395008019
MTX3	0.38089406996208863
MUC1	0.009734565009058031
MUC12	-0.0446184666379554
MUC13	0.016083785845654078
MUC15	0.34695867239521594
MUC16	0.22449322084387627
MUC17	0.05299714284203911
MUC19	0.030175162128498825
MUC2	0.1522044457171539
MUC20	-0.22212404385689605
MUC21	-0.22364442176736538
MUC22	-0.03970211275453832
MUC3A	-0.01648283055150016
MUC4	0.08053273807856944
MUC5AC	-0.08578965754692552
MUC5B	-0.07723417630686631
MUC6	-0.2084430560744385
MUC7	0.132943244697034
MUC8	-0.03632057844967879
MUCL1	0.01502897096435527
MUL1	0.027456644846152636
MUM1	-0.08145838768140193
MUM1L1	0.0056693400339447655
MURC	0.002121415416440074
MUS81	-0.12033585834534402
MUSK	0.2207531599132465
MUSTN1	-0.016666036128556043
MUT	-0.053269260720383974
MUTYH	-0.23366807613233392
MVB12A	-0.01696081144189182
MVB12B	-0.21639122820019463
MVD	-0.002372500265015769
MVK	-0.1090308050030554
MVP	-0.21908973743699983
MX1	0.04431499155611591
MX2	0.13619341206735636
MXD1	0.05029254579407411
MXD3	-0.06485091378869655
MXD4	-0.043623728217568436
MXI1	-0.16103704756837814
MXRA5	0.21076015497861356
MXRA5P1	-0.14764249371556723
MXRA7	-0.086598480223307
MXRA8	-0.05261041936233817
MYADM	-0.152279569554717
MYADML	0.13734859100904917
MYADML2	-0.18569324544283902
MYB	-0.12218554047240163
MYB-AS1	-0.17203210372158195
MYBBP1A	0.027501070849463884
MYBL1	0.20255991946478072
MYBL2	0.08466952616237063
MYBPC1	0.02602327079721299
MYBPC2	0.1434789981560449
MYBPC3	0.07912827014687288
MYBPH	0.2850673109604633
MYBPHL	-0.04723200386781236
MYC	0.01988695668329745
MYCBP	-0.17764010806591637
MYCBP2	0.33987293631754034
MYCBP2-AS1	0.1851928565465902
MYCBP2-AS2	0.35665380991508855
MYCBPAP	-0.030692287470972357
MYCL	0.05519147097008709
MYCLP1	-0.20980437777642846
MYCLP2	-0.16940104146496016
MYCN	-0.005222288583175427
MYCNOS	0.2501095901962692
MYCNUN	-0.038684826110553176
MYCT1	0.06322820934791062
MYD88	-0.0007079832056645158
MYEF2	0.020495703004446076
MYEOV	0.0688390632538389
MYEOV2	0.0481257122693646
MYF5	-0.09338956343645574
MYF6	-0.055914010396701616
MYH1	0.057539774602746376
MYH10	0.32186265278654796
MYH11	-0.21628618536128433
MYH13	0.06222361073019736
MYH14	0.005668266889722485
MYH15	-0.18016447005128514
MYH16	0.02074420544673799
MYH2	0.22667027737583195
MYH3	0.042699812010565386
MYH4	-0.2849481235897381
MYH6	-0.03949760582541978
MYH7	0.09308187858470841
MYH7B	-0.04485299682854585
MYH8	0.07980133471212289
MYH9	0.266536899398074
MYL1	-0.09252348486289579
MYL10	-0.18944069768294255
MYL12A	-0.05829432039664386
MYL12B	-0.1848130373061974
MYL2	-0.2627771176314599
MYL3	-0.052130859160505756
MYL4	-0.011856836797457769
MYL5	-0.315977204147631
MYL6	-0.1655864640297899
MYL6B	0.03940030494919842
MYL6P1	-0.06266106616933746
MYL6P2	-0.3118577897896982
MYL6P3	-0.3053511894835381
MYL6P4	-0.04798848007384778
MYL7	-0.20736926608449394
MYL8P	-0.22565436410169867
MYL9	-0.23968988753768491
MYLIP	0.03277074660661982
MYLK	-0.08161122111261046
MYLK-AS1	-0.22780637589402286
MYLK-AS2	-0.11674398831252487
MYLK2	0.0640111460499329
MYLK3	-0.1481585504497354
MYLK4	-0.07978638751201442
MYLKP1	-0.16820381722560018
MYLPF	-0.04178755485457238
MYNN	0.20753254897929896
MYO10	0.004290589841688626
MYO15A	-0.14438851171400063
MYO15B	-0.1713715880447602
MYO16	-0.08123637798550835
MYO16-AS1	0.08447713294338711
MYO16-AS2	-0.21287835477528022
MYO18A	0.2747426897377771
MYO18B	0.1423383809398073
MYO19	-0.2746843359647036
MYO1A	-0.02597504579253908
MYO1B	0.28012728727741704
MYO1C	-0.06362151594773356
MYO1D	-0.1816421714413996
MYO1E	0.2469096728219968
MYO1F	0.16928330110802758
MYO1G	0.19630027184526025
MYO1H	0.18677301835600307
MYO3A	-0.14231237749383494
MYO3B	0.1957264140253735
MYO5A	0.18687200645826293
MYO5B	0.008018335276034625
MYO5BP1	-0.1875739827854409
MYO5BP2	-0.3729429440805531
MYO5BP3	-0.2984085764916391
MYO5C	-0.07815206988801712
MYO6	0.15341314268258896
MYO7A	-0.06666947040589492
MYO7B	0.11411814358417717
MYO9A	0.24087973754220887
MYO9B	0.2168560350053262
MYOC	-0.2493164287211393
MYOCD	0.032662152803924024
MYOD1	-0.050315647919833596
MYOF	0.07340574771323273
MYOG	0.014410215242528356
MYOM1	-0.061176194798491144
MYOM2	-0.2417746802116419
MYOM3	-0.05985558450050152
MYOT	-0.023689960364964437
MYOZ1	0.02674254151681429
MYOZ2	0.13185323723755749
MYOZ3	-0.24687570961232458
MYPN	0.16372349740825703
MYPOP	-0.046288526320794304
MYRF	0.042710192632579344
MYRFL	-0.015199427337296083
MYRIP	-0.2279915123359457
MYSM1	0.14723249402921595
MYT1	0.09304675370068609
MYT1L	0.24118067912233926
MYZAP	-0.0803081901096191
MZB1	0.1385747094355601
MZF1	-0.06380363658936992
MZT1	0.04945821467767332
MZT2A	0.0376665922660579
MZT2B	0.05504859163079807
Metazoa_SRP	0.15550841300461463
N4BP1	0.21120155501235993
N4BP2	0.3391634248218205
N4BP2L1	0.05055205568927448
N4BP2L2	0.07997866194805393
N4BP3	0.2888853177581869
N6AMT1	-0.13640589878441725
N6AMT2	-0.04773822888732394
NAA10	-0.13068633146996236
NAA11	0.07302047227669374
NAA15	0.20345076000130832
NAA16	0.14478554690261028
NAA20	-0.1162906558461821
NAA25	0.2924451590756054
NAA30	0.1847494274994164
NAA35	0.12813784448527754
NAA38	-0.1308288168639069
NAA40	-0.12869261418906733
NAA50	0.1865146194046787
NAA60	-0.25559687591096625
NAAA	-0.04515910726608084
NAALAD2	-0.2211344028674118
NAALADL1	-0.04044782925198442
NAALADL2	0.05829722597674652
NAALADL2-AS1	-0.23344911859497566
NAALADL2-AS2	0.0037794846101744744
NAALADL2-AS3	0.2233377295167829
NAB1	0.16284954151153538
NAB2	-0.004081895827881103
NABP1	0.19615273769393948
NABP2	-0.28415705134261066
NACA	-0.2673265443191645
NACA2	-0.3084356973374565
NACA3P	-0.28412363555964787
NACAD	-0.17964501627420065
NACAP1	-0.36888638303049265
NACC1	-0.05927960850505681
NACC2	0.027160064030539048
NADK	-0.06107181910011117
NADK2	-0.13307674293640157
NADK2-AS1	-0.19129441229810565
NADSYN1	-0.36906126357753044
NAE1	-0.17934961287585996
NAF1	0.1885073526560753
NAGA	-0.19674829681328573
NAGK	0.06091759286032587
NAGLU	-0.18464473406450785
NAGPA	-0.053340046222082334
NAGS	-0.12349086098027433
NAIF1	0.13403625864993993
NAIP	0.2958629463031847
NALCN	0.3241426349289469
NALCN-AS1	0.10904342888129175
NAMA	-0.0032567239919743425
NAMPT	0.18115822686043864
NAMPTL	0.12766440347714453
NANOG	0.19362026149408257
NANOGNB	-0.219963107666519
NANOGNBP1	-0.17391851215599888
NANOGNBP2	-0.09222291793650786
NANOGNBP3	-0.258759597874434
NANOGP1	0.03624511091287896
NANOGP10	-0.06286193588643811
NANOGP2	-0.13132876008836503
NANOGP3	-0.038684826110553176
NANOGP4	0.03902321808953879
NANOGP5	-0.15355958341724246
NANOGP6	0.14723087096981594
NANOGP7	-0.025977848063425193
NANOGP8	0.0791592888097601
NANOGP9	-0.07140816683006762
NANOS1	0.4100017689291254
NANOS2	0.16738962820196437
NANOS3	-0.21382421257710416
NANP	0.19288245763900655
NANS	-0.15250302967338591
NAP1L1	0.23405141560657539
NAP1L1P1	-0.09813900281214426
NAP1L1P2	0.2912363511384569
NAP1L1P3	-0.09249087514567382
NAP1L2	-0.17104764635546
NAP1L3	-0.06372454701917872
NAP1L4	-0.08266605528735575
NAP1L4P1	-0.10527961879314746
NAP1L4P2	-0.07223995186767086
NAP1L4P3	-0.07151863416581182
NAP1L5	0.2482107775281854
NAP1L6	0.032955826418907916
NAPA	-0.14928842574516332
NAPA-AS1	-0.09367579356652994
NAPB	-0.18598560203466696
NAPEPLD	-0.031124474235779572
NAPG	0.12983979822260241
NAPRT1	-0.15658501328775823
NAPSA	-0.09560378862088605
NAPSB	0.13266391327881577
NARF	-0.08360777945910507
NARF-IT1	0.30374977227915934
NARFL	0.04531872351593545
NARG2	0.13372025554665892
NARG2P1	-0.27144894359591715
NARG2P2	0.060609799094080354
NARS	-0.1821030480560238
NARS2	0.07841542896992676
NASP	-0.02361208751107832
NAT1	0.1364211504312377
NAT10	0.07599668150765437
NAT14	0.09927325144960587
NAT16	0.2485633419974111
NAT2	-0.15882966048838926
NAT6	-0.09707333922998584
NAT8	-0.06390534221602746
NAT8L	0.010719736113516983
NAT9	0.11054128878748457
NATP	
NAV1	0.16099238778102565
NAV2	-0.15514199665793407
NAV2-AS1	
NAV2-AS2	-0.02370241390120971
NAV2-AS3	0.01855225821183507
NAV2-AS4	-0.07738340576449451
NAV2-AS5	-0.037900821805635275
NAV2-IT1	-0.12913790227528038
NAV3	0.040809159092224795
NBAS	0.2743206840716464
NBEA	0.1849234657700497
NBEAL1	0.2796090832569435
NBEAL2	0.23566359292407596
NBEAP1	0.0859264033961521
NBEAP3	-0.18623046484940525
NBL1	-0.16537839152834605
NBN	0.1973251422907638
NBPF1	-0.10841524564070956
NBPF10	0.15971288142183276
NBPF11	0.2470409176857995
NBPF12	0.27019715927005955
NBPF13P	0.3435462254008552
NBPF14	0.2054872360785038
NBPF15	0.3382466799368159
NBPF16	0.20367144349067287
NBPF18P	-0.05695488452868121
NBPF20	0.0777281215538121
NBPF21P	-0.08193699016969382
NBPF22P	-0.14286455603306986
NBPF23	-0.012159481211469845
NBPF24	-0.1279553943874087
NBPF2P	0.10369222583499448
NBPF3	0.11652063718877771
NBPF4	0.11428067933925631
NBPF5P	-0.10842533480370192
NBPF6	0.04774129658047574
NBPF7	0.3208026634800364
NBPF8	-0.09386797698676447
NBPF9	0.25115012887419425
NBR1	-0.026290163654891962
NBR2	-0.0898633003863331
NCALD	0.013202770395509164
NCAM1	0.14035666627976884
NCAM1-AS1	0.024741307843160185
NCAM2	-0.2094033627231107
NCAN	0.1993507972141412
NCAPD2	0.0211302191377937
NCAPD2P1	-0.2596173309575176
NCAPD3	0.01090936203903501
NCAPG	-0.012812457066328846
NCAPG2	-0.16610317232414606
NCAPH	-0.16076355312230434
NCAPH2	-0.02114232255068246
NCBP1	0.10548029322128932
NCBP2	-0.10859851104354024
NCBP2-AS1	-0.28986025489605544
NCBP2-AS2	-0.20682979424790826
NCBP2L	-0.2511451320623408
NCCRP1	-0.28750942821851344
NCDN	0.21793137665108003
NCEH1	0.05866447031035685
NCF1	0.26724937453541825
NCF1B	0.24377077803835534
NCF1C	0.21348610122068964
NCF2	0.1671277694544998
NCF4	0.01569955665743813
NCK1	0.23698760302024885
NCK2	-0.0639352309290429
NCKAP1	0.03141133460215153
NCKAP1L	0.26354172716507007
NCKAP5	-0.0014832228919268748
NCKAP5-IT1	-0.06502613667747903
NCKAP5L	0.18017508791833894
NCKIPSD	-0.408914937267558
NCL	-0.029838843648991916
NCLN	-0.20157261577152172
NCLP1	-0.18197844129965773
NCLP2	0.06467670746703284
NCMAP	-0.12370835533289172
NCOA1	0.30404104997526243
NCOA2	0.2805072376083046
NCOA3	0.35043141483826745
NCOA4	-0.08841761437191306
NCOA5	0.2531251608799738
NCOA6	0.24142234089605177
NCOA7	0.31009253933660474
NCOA7-AS1	-0.1713554044399223
NCOR1	0.22302027777738787
NCOR1P1	0.15660660514604274
NCOR1P2	-0.1938426912760674
NCOR1P3	-0.20963147643231017
NCOR2	0.10338893534830015
NCR1	0.17480263210641292
NCR2	-0.1016806410575865
NCR3	0.09881202214593773
NCR3LG1	0.14264911489134374
NCS1	-0.05634557151567571
NCSTN	0.005752071796633236
NCSTNP1	
NDC1	-0.11348466054682847
NDC80	-0.15281459646227538
NDE1	0.29234075766415263
NDE1P2	-0.1050515895060779
NDEL1	0.09131897973940599
NDFIP1	-0.06748675383239235
NDFIP2	-0.11586987545775829
NDFIP2-AS1	-0.06363700768361326
NDN	0.02396227791755331
NDNF	-0.19370088573580665
NDNL2	0.09449167828839823
NDOR1	0.059947696840795636
NDP	0.22324934102233507
NDP-AS1	0.21822701353404128
NDRG1	-0.11874762232014398
NDRG2	-0.3362697457042388
NDRG3	-0.12011761949704511
NDRG4	0.2405981084361321
NDST1	0.031019212418149828
NDST2	-0.016185675352296307
NDST3	0.24617742194930248
NDST4	0.00278611513701786
NDUFA1	-0.18257460373264403
NDUFA10	-0.3487623995472558
NDUFA11	-0.18655754462739016
NDUFA12	-0.1908469079548125
NDUFA12P1	-0.23344911859497566
NDUFA13	-0.09397856570649976
NDUFA2	-0.18572630631713805
NDUFA3	-0.15594141759508756
NDUFA3P1	0.10526845642636187
NDUFA3P2	-0.010097459861480295
NDUFA3P3	-0.163634677556821
NDUFA3P4	-0.12855121522785176
NDUFA3P6	0.27501356306228875
NDUFA4	-0.22552512649993606
NDUFA4L2	0.016172277786689795
NDUFA4P2	0.22772420483456168
NDUFA5	-0.12365363466481226
NDUFA5P1	-0.09539750532214313
NDUFA5P10	-0.15883960009776896
NDUFA5P11	0.031716987869588195
NDUFA5P12	-0.15963374964756122
NDUFA5P2	-0.26450202261168404
NDUFA5P3	0.02843696012186379
NDUFA5P4	0.12493289567957261
NDUFA5P5	0.0883518947655261
NDUFA5P6	-0.23142625595053418
NDUFA5P7	-0.1475939828417878
NDUFA5P8	
NDUFA5P9	0.14885085440221482
NDUFA6	-0.24359331004933493
NDUFA6-AS1	-0.03478288198142771
NDUFA7	-0.19237752789802184
NDUFA8	-0.20274185098535624
NDUFA9	-0.16888465387078044
NDUFA9P1	-0.31234213880152534
NDUFAB1	-0.10875453910513107
NDUFAF1	-0.012300372692866457
NDUFAF2	-0.20873737032511913
NDUFAF3	-0.06041259212205431
NDUFAF4	-0.12309818745185266
NDUFAF4P1	-0.2632511859499455
NDUFAF4P2	-0.2374898366404073
NDUFAF4P3	-0.02570090645685999
NDUFAF4P4	-0.17106642069814293
NDUFAF5	-0.2800582076208834
NDUFAF6	-0.1929232985596102
NDUFAF7	-0.17402059153133428
NDUFB1	-0.2463477118663248
NDUFB10	-0.1933370990435394
NDUFB11	0.022609222133147512
NDUFB11P1	0.008340053190210313
NDUFB1P1	-0.33731216432880085
NDUFB1P2	-0.15321353820914085
NDUFB2	-0.033344414996822815
NDUFB2-AS1	-0.1926588238579847
NDUFB3	-0.23607469374404058
NDUFB4	-0.2109847508642637
NDUFB4P1	-0.21636519465309806
NDUFB4P2	-0.23473724895091472
NDUFB5	-0.10134789201453152
NDUFB6	-0.13008089327608208
NDUFB7	-0.06657732316012492
NDUFB8	-0.25262502640583834
NDUFB8P1	0.3567766563401022
NDUFB8P2	-0.2801850575862231
NDUFB9	-0.19487582948307416
NDUFC1	-0.12766972629858958
NDUFC2	-0.086063001146572
NDUFC2-KCTD14	
NDUFS1	-0.14276527815524934
NDUFS2	-0.22332221877294936
NDUFS3	-0.23360722405383452
NDUFS4	-0.34174866818129956
NDUFS5	-0.28462373133510227
NDUFS5P1	0.26676170483200723
NDUFS5P2	-0.09176058297258294
NDUFS5P3	-0.31089331820816796
NDUFS5P4	-0.2397454211024247
NDUFS5P5	0.16458712237592907
NDUFS5P6	-0.18623046484940525
NDUFS6	-0.11824323044052766
NDUFS7	0.06276033841664556
NDUFS8	-0.1053144742547491
NDUFV1	-0.25170968116335485
NDUFV2	0.030205689963770092
NDUFV2P1	-0.3853393321358932
NDUFV3	-0.13631386975656298
NEAT1	-0.19322008945369915
NEB	0.22969279393356837
NEBL	0.22543672339138865
NEBL-AS1	-0.14453380070222055
NECAB1	0.027581020710403973
NECAB2	0.09809098770613245
NECAB3	-0.30677458019691267
NECAP1	-0.045080614558330304
NECAP1P1	-0.31652250630254014
NECAP1P2	-0.18168367772162286
NECAP2	0.27565664467572804
NEDD1	0.11595065605083364
NEDD4	0.3670739363766283
NEDD4L	-0.05164986457135225
NEDD8	-0.19839932127508764
NEDD8-MDP1	
NEDD9	0.1258453461841006
NEFH	0.28061736958060546
NEFHP1	-0.19240892868690893
NEFL	0.11083742580336399
NEFLP1	0.0087338974816345
NEFM	0.0071099564056943875
NEFMP1	0.15264116813678621
NEGR1	-0.22136053764004374
NEGR1-IT1	-0.29539032829625195
NEIL1	-0.06134893607485728
NEIL2	-0.015284126905089682
NEIL3	-0.23441878073849645
NEK1	0.2625467544939234
NEK10	0.02679786527631508
NEK11	-0.0072438524764170086
NEK2	-0.2985142022312259
NEK2P2	-0.0335296883752386
NEK2P4	-0.2494815605732299
NEK3	-0.02562210051717835
NEK4	0.1854194673143177
NEK4P1	0.16856020591942544
NEK4P2	-0.09976640471857856
NEK4P3	-0.07243224673845453
NEK5	0.007669591978422087
NEK6	0.21096417906207282
NEK7	0.08810148327099623
NEK8	0.18464635410343266
NEK9	0.23884310024654634
NELFA	-0.1516971091258167
NELFB	-0.2237764297270398
NELFCD	-0.1740337719058108
NELFE	-0.062354767364946405
NELL1	0.11589503175261734
NELL2	0.08757750577710355
NEMF	0.16988008124457446
NENF	-0.11688444073199185
NEO1	0.003848909541846262
NEPNP	0.06552818875768078
NES	0.031658511785427126
NET1	0.021723201283908956
NETO1	0.0386727640328696
NETO2	-0.018123069912883212
NEU1	-0.18512513927533028
NEU2	0.15156224026300863
NEU3	0.2489605358391326
NEU4	0.10250927756483354
NEURL	-0.1141997700723364
NEURL1B	-0.06007869386569926
NEURL2	-0.13621560555476808
NEURL3	0.08390830035891496
NEURL4	-0.08389567432622783
NEUROD1	-0.06970921928664409
NEUROD2	0.03960234228884732
NEUROD4	-0.025263913392798362
NEUROD6	0.052119403169920156
NEUROG1	0.10487336749083666
NEUROG2	0.1348665298486222
NEUROG3	0.21068701862024902
NEXN	-0.24073005972719133
NEXN-AS1	0.23740365672112076
NF1	0.3631535845366681
NF1P1	-0.14981500383270402
NF1P2	0.06465753070614638
NF1P3	-0.107640076470282
NF1P4	-0.14910830103896028
NF1P5	0.129466960324139
NF1P6	0.17840434598796906
NF1P8	-0.1431920775027846
NF2	0.23260574401330347
NFAM1	0.1984733238883982
NFASC	0.07367674802546727
NFAT5	0.3313181132815729
NFATC1	0.19897149243108903
NFATC2	0.2915242600865429
NFATC2IP	0.020737074680310195
NFATC3	0.3462514462781955
NFATC4	0.015566793191967783
NFE2	0.18978854929255104
NFE2L1	-0.09538701600098765
NFE2L2	0.017226532718641274
NFE2L3	0.3104612774496873
NFE2L3P1	-0.2715224049810582
NFE4	0.1260866412179034
NFIA	-0.07614353403403533
NFIB	0.1947058931237313
NFIC	-0.10288755473261754
NFIL3	0.006177121325075058
NFIX	-0.17370886285724307
NFKB1	0.28846406610048725
NFKB2	0.35928857373176587
NFKBIA	0.12069298033561386
NFKBIB	0.015872523010603344
NFKBID	0.2335050832045856
NFKBIE	0.36647558064449615
NFKBIL1	-0.10861969222647928
NFKBIZ	0.2949581763400891
NFRKB	-0.02994184082542905
NFS1	-0.3748357481026028
NFU1	-0.2514434768090921
NFU1P1	-0.19953621030312985
NFU1P2	0.1956359947783624
NFX1	0.10781683124293236
NFXL1	0.18397032643134284
NFYA	0.15373621318452513
NFYAP1	0.013071062413753524
NFYB	-0.10919705042036719
NFYC	-0.17957228286990456
NGB	-0.1757118665415787
NGDN	-0.07447964861323893
NGEF	-0.16784979234448463
NGF	-0.2504949926106625
NGFR	0.06979208279454847
NGFRAP1	-0.21600724407490454
NGLY1	0.0074799925631890566
NGRN	0.2126478144215788
NHEJ1	-0.15877790449886126
NHLH1	0.08636340787863594
NHLH2	-0.20681610541678477
NHLRC1	0.14047063334507096
NHLRC2	0.3994777010027524
NHLRC3	0.007178402409427092
NHLRC4	0.05935448181470917
NHP2	-0.2525336552036106
NHP2L1	-0.11834208628359394
NHP2P1	-0.3058081268945905
NHP2P2	-0.07577434572230946
NHS	0.002521764145774073
NHS-AS1	0.16039129331056234
NHSL1	0.10421072491123383
NHSL2	0.25310192441160306
NICN1	-0.026704599161682874
NID1	0.20750391022128295
NID2	-0.018864136483962353
NIF3L1	-0.3478957497176198
NIM1	-0.20323500767537855
NIN	0.267623883182196
NINJ1	0.10485323907011317
NINJ2	0.16138439116594466
NINL	0.24414735005429633
NIP7	0.19222920660658468
NIP7P1	-0.16191590917627985
NIP7P2	0.21024747934387958
NIP7P3	-0.23363551706731464
NIPA1	0.16569406415187493
NIPA2	-0.04733250033390219
NIPA2P1	
NIPA2P2	-0.1340953393991187
NIPA2P4	-0.11752005007447089
NIPA2P5	0.034291856350711566
NIPAL1	-0.02386722547758365
NIPAL2	0.022257832584442586
NIPAL3	0.005278523510116488
NIPAL4	0.03514721560744456
NIPBL	0.31343168103056346
NIPSNAP1	-0.3041312475654805
NIPSNAP3A	-0.2433353938947728
NIPSNAP3B	-0.07378529403008313
NISCH	0.09421197555057581
NIT1	-0.12340993217329031
NIT2	-0.2948156971454345
NKAIN1	0.02281789886322644
NKAIN1P1	0.22717333591383948
NKAIN2	-0.0344189238891635
NKAIN3	-0.1969082151759001
NKAIN4	0.10114534170757178
NKAP	0.13196888649396443
NKAPL	0.24279261480614803
NKAPP1	0.09180026923758591
NKD1	-0.15332859371279126
NKD2	-0.25911318545003137
NKG2-E	
NKG7	0.04285260298473765
NKIRAS1	0.22745314951573567
NKIRAS2	0.06831629942654321
NKPD1	0.1458129587516819
NKRF	0.27452560018283534
NKTR	0.20976801549325488
NKX1-1	0.14327746738285815
NKX1-2	-0.09793027127068556
NKX2-1	0.16414323977756134
NKX2-1-AS1	-0.24480249252781783
NKX2-2	0.12083207065548936
NKX2-2-AS1	-0.028437085992967133
NKX2-3	-0.28315253668997314
NKX2-4	-0.14091021539589052
NKX2-5	0.09162841315771848
NKX2-6	-0.2099238369890317
NKX2-8	-0.13216077013183078
NKX3-1	0.3536533192732423
NKX3-2	-0.140891032015127
NKX6-1	0.03930643006874703
NKX6-2	-0.11887477922805903
NKX6-3	0.10136304858184877
NLE1	0.019659486280777995
NLGN1	-0.25562155899883265
NLGN1-AS1	-0.03325912453167606
NLGN2	0.07924290213123614
NLGN3	-0.16038678001863238
NLGN4X	0.038564829034127286
NLGN4Y	-0.00804963541729606
NLGN4Y-AS1	-0.008967050010602105
NLK	0.08855608454347158
NLN	-0.4026251276545523
NLRC3	0.23982963123358506
NLRC4	0.19253888919471138
NLRC5	0.19035131485301596
NLRP1	0.16353741593318713
NLRP10	0.2364706759929829
NLRP11	-0.15651512110785973
NLRP12	0.15211106986583645
NLRP13	0.29220152268401006
NLRP14	0.13084374257043496
NLRP2	0.14604200393154473
NLRP3	0.1375720949277717
NLRP4	0.06803267310206773
NLRP5	-0.030737521083556544
NLRP6	-0.06360212883986645
NLRP7	0.09078342107156674
NLRP8	-0.11029666754372287
NLRP9	-0.16159756497795388
NLRP9P	0.2994800766473121
NLRX1	-0.2558146977504334
NMB	0.02225131073626261
NMBR	-0.14080790726033884
NMD3	0.19534596915044114
NMD3P1	-0.37955026846920653
NMD3P2	-0.2008404876246717
NME1	-0.19867585793439357
NME1-NME2	-0.3318010010557592
NME1P1	-0.06080933733682614
NME2	
NME2P1	-0.2981585031288254
NME3	0.06572347944080276
NME4	-0.1974193168336525
NME5	0.02903574497658968
NME6	0.14425429370430373
NME7	-0.03381579697701416
NME8	0.18287013297590501
NME9	0.11955432810336224
NMI	0.24057302486820373
NMNAT1	-0.012100378047738846
NMNAT1P1	-0.02376746262569061
NMNAT1P2	-0.1940739684716242
NMNAT1P3	-0.19849809267553267
NMNAT1P4	0.06240891824714885
NMNAT1P5	0.06648290263231724
NMNAT2	0.15184637619627006
NMNAT3	-0.16521521648188628
NMRAL1	-0.13031042865228826
NMRK1	0.0406558532049578
NMRK2	0.07299559538391741
NMS	0.13568178895232372
NMT1	0.2249439548595567
NMT2	-0.13626489296894903
NMU	-0.0870997785379753
NMUR1	-0.22619692712145528
NMUR2	0.018383311667261214
NNAT	-0.05203114499341804
NNMT	0.30349699001577624
NNT	-0.0009824260506805656
NNT-AS1	0.06614034791655402
NOA1	-0.2775796665646025
NOB1	-0.168986316715057
NOBOX	-0.06365222805899672
NOC2L	-0.15249634167043524
NOC3L	0.2359363962754441
NOC4L	-0.03335883657163394
NOD1	0.21906085458030494
NOD2	0.1433318882997428
NODAL	-0.12749111507880512
NOG	0.14836998505759713
NOL10	0.19678222138602586
NOL11	0.03443849004626982
NOL12	-0.2729511652994539
NOL3	-0.3020559216833689
NOL4	0.04207553731493855
NOL5BP	-0.10624488382603363
NOL6	0.16867679237093594
NOL7	-0.11331032383511798
NOL8	0.26648304119006194
NOL9	0.28987375336586585
NOLC1	0.0981260232171549
NOM1	0.03362343729497225
NOMO1	0.046910279980698376
NOMO2	0.32796075918009254
NOMO3	-0.06964498503775332
NONO	-0.02585502688018299
NONOP2	-0.08684454002547455
NOP10	0.19313210054125216
NOP14	-0.015292262985053342
NOP14-AS1	0.08508496295505949
NOP16	-0.13884151698244038
NOP2	0.13242140127437116
NOP56	0.049952417463805895
NOP58	0.0423555426304486
NOP9	0.015245735304237444
NOS1	0.2546945375130357
NOS1AP	0.0052466760091703455
NOS2	0.24169198530483846
NOS2P1	0.19505742059070266
NOS2P2	0.03157551696527927
NOS2P3	0.026734670384002613
NOS3	0.13913436724772285
NOSIP	-0.058377242146392096
NOSTRIN	0.0754231219224623
NOTCH1	0.19534269672942722
NOTCH2	0.30421283624731876
NOTCH2NL	0.20641880409374275
NOTCH2P1	-0.11764225517915433
NOTCH3	0.10924158731374996
NOTCH4	0.1275389277724552
NOTO	-0.22218643845554742
NOTUM	-0.051161824163468594
NOV	0.025950628879592697
NOVA1	-0.280628652251275
NOVA1-AS1	-0.4304930856915826
NOVA2	0.23010918651135742
NOX1	0.1572030491625041
NOX3	-0.13848707523447207
NOX4	0.041431984718238765
NOX5	0.0008795326448187453
NOXA1	-0.1820101524181384
NOXO1	0.0527839035965445
NOXRED1	-0.03892946478453864
NPAP1	0.015261359134503116
NPAP1P2	-0.027660209750385314
NPAP1P3	-0.18400155890559566
NPAP1P4	0.13518825640136842
NPAP1P6	-0.09925776445979295
NPAS1	-0.042893414738380695
NPAS2	0.24997571332857582
NPAS3	-0.12861890913553933
NPAS4	-0.1665651230152478
NPAT	0.2772510778601986
NPB	-0.28078828335809747
NPBWR1	-0.10923465384288976
NPBWR2	0.14642347286923513
NPC1	0.2859927856241673
NPC1L1	-0.24022531928452734
NPC2	-0.22937214814503112
NPDC1	0.06494037897086448
NPEPL1	-0.08839109888950633
NPEPPS	0.15276950047681664
NPFF	
NPFFR1	0.21081368342036627
NPFFR2	0.11396540109318562
NPHP1	-0.13747308549534584
NPHP3	0.10348312315205234
NPHP3-AS1	0.040553071452445244
NPHP4	0.029567002563962455
NPHS1	0.28043483909909395
NPHS2	0.07969062648711797
NPIPA1	-0.21823901627721531
NPIPA2	-0.17681530225008335
NPIPA3	0.045051992442877005
NPIPA5	-0.15860511834718935
NPIPA7	-0.1255279456577251
NPIPA8	0.30855268361984434
NPIPB11	-0.08495063125382292
NPIPB15	-0.24595559120079655
NPIPB1P	-0.19558998115861206
NPIPB3	-0.10917192549593269
NPIPB4	0.08191107200008038
NPIPB5	-0.19713468211404522
NPIPB6	-0.11870503547392044
NPIPB7	-0.22330479553863755
NPIPB8	0.10735430553920017
NPIPB9	-0.23127441680699004
NPIPP1	-0.30681883383249015
NPL	0.07430087410423447
NPLOC4	0.1525038058888802
NPM1	-0.0668013099178756
NPM1P10	0.13217295390656303
NPM1P11	0.09077953112816149
NPM1P12	0.06320370488246083
NPM1P13	-0.16077156004544754
NPM1P14	-0.06322832318094761
NPM1P17	-0.07978705956104178
NPM1P18	0.04132040200123571
NPM1P19	-0.24423509847776137
NPM1P2	0.07595160001082123
NPM1P21	-0.1680078975797522
NPM1P22	0.07820014467418493
NPM1P23	
NPM1P24	-0.15398826416462272
NPM1P25	0.019735962460124965
NPM1P26	-0.27072043370732285
NPM1P27	-0.15294215836364253
NPM1P28	0.091541061085196
NPM1P29	-0.14469435154523325
NPM1P30	0.1295357627037468
NPM1P31	0.05276161893185214
NPM1P32	-0.418972238994568
NPM1P33	-0.10954350126439792
NPM1P34	0.009783731957591291
NPM1P35	-0.3967426715833862
NPM1P36	0.1427379225211295
NPM1P37	-0.0239392033231167
NPM1P38	0.025240906578518074
NPM1P39	-0.15939865772184122
NPM1P4	0.07292215827014611
NPM1P40	-0.19792128971858575
NPM1P41	-0.2674382412754883
NPM1P42	0.23518523902730942
NPM1P43	-0.007082869776585303
NPM1P45	-0.26368012886616327
NPM1P46	-0.2937516233029702
NPM1P47	0.2400699326372797
NPM1P48	0.31662816707390773
NPM1P49	0.15610276759496355
NPM1P5	-0.0682055813665354
NPM1P50	-0.20576417206535538
NPM1P51	0.2557633809222563
NPM1P52	0.1381400463433536
NPM1P6	-0.032947029083104006
NPM1P8	-0.19133329296912224
NPM1P9	0.027051491839331126
NPM2	-0.2099495401719804
NPM3	-0.18406528744754333
NPNT	-0.16944688236479713
NPPA	0.18659050123020166
NPPA-AS1	-0.21398622330864897
NPPB	-0.0701102805343727
NPPC	0.10339600460696532
NPR1	0.16840739180858147
NPR2	-0.07202870279135652
NPR3	0.12379717812714566
NPRL2	-0.3016430877824162
NPRL3	0.015935763305294344
NPS	-0.008967050010602105
NPSR1	0.020343870314872683
NPSR1-AS1	0.04527944080478524
NPTN	-0.3129252050345678
NPTX1	-0.15561124277004507
NPTX2	0.2755648786641945
NPTXR	0.026970870984698657
NPVF	0.03081504352056394
NPW	0.013547353976438041
NPY	-0.3071241010932149
NPY1R	-0.08948205503723487
NPY2R	0.09245005543254654
NPY4R	0.1228923497386232
NPY5R	-0.10067748729783475
NPY6R	0.020601681149132973
NQO1	-0.023501131806417774
NQO2	-0.02676990376186268
NR0B1	-0.09065584008258833
NR0B2	-0.2656374964458974
NR1D1	-0.030424321551795523
NR1D2	-0.1030011211671921
NR1H2	-0.004870985092803349
NR1H3	0.09638175723695942
NR1H4	0.07516058399404771
NR1H5P	0.20108214454982823
NR1I2	-0.02307503342420407
NR1I3	-0.2805572461802518
NR2C1	-0.00959904882384061
NR2C2	0.27547048915178446
NR2C2AP	-0.1622709071377105
NR2E1	0.17116899286946577
NR2E3	-0.10965468763963544
NR2F1	0.005204424625616698
NR2F1-AS1	0.01881686089775178
NR2F2	-0.02830489436574549
NR2F2-AS1	-0.12690699657915175
NR2F6	-0.2078764732972329
NR3C1	0.18704483810462735
NR3C2	0.07578637559418355
NR4A1	-0.14004828550375353
NR4A2	-0.10578095089244385
NR4A3	0.1129106294690848
NR5A1	-0.15165034750100814
NR5A2	0.047432858150417555
NR6A1	-0.16934828697845009
NRADDP	0.21271321883039288
NRAP	0.06096462266071822
NRARP	-0.1344253378384384
NRAS	0.20429520575426638
NRBF2	0.14709478800063722
NRBF2P1	-0.2640715267291444
NRBF2P2	0.017964917483165557
NRBF2P3	-0.4197786418694038
NRBF2P4	-0.13437429813231216
NRBF2P5	0.04538706023985588
NRBP1	-0.06631793665160195
NRBP2	-0.20137862564097392
NRCAM	0.14014327655925246
NRD1	0.24831701290303662
NRDE2	0.23103462484781992
NREP	-0.09317439179975892
NREP-AS1	0.1849714879999111
NRF1	0.24194508156406555
NRG1	0.037057071123436786
NRG1-IT1	-0.14257257152256222
NRG1-IT2	0.04366008043316813
NRG1-IT3	-0.12913790227528038
NRG2	0.029716985669551166
NRG3	0.0921462589630364
NRG3-AS1	0.1440411396246208
NRG4	-0.10076031152585453
NRGN	-0.23321850437269662
NRIP1	0.11698404271270281
NRIP2	0.19246401243834793
NRIP3	0.1294288410232962
NRK	0.1210549232489484
NRL	-0.1278736067119693
NRM	-0.06780876364702887
NRN1	-0.014631481587270612
NRN1L	-0.18395750158716692
NRON	-0.008967050010602105
NRP1	0.09268853696708546
NRP2	0.1797200660939055
NRROS	0.1953608854591228
NRSN1	0.1742001178895699
NRSN2	-0.18624179833258972
NRTN	-0.29557774552785837
NRXN1	0.009273937762475645
NRXN2	-0.017114588487462126
NRXN3	-0.053008557472202934
NSA2	-0.22330284085357213
NSD1	0.4148541045327006
NSDHL	-0.15943586759439993
NSF	-0.07921640251660156
NSFL1C	-0.16603156413887368
NSFP1	0.07886629888724689
NSG1	-0.05511146641742965
NSG2	0.12073816033251791
NSL1	0.0590665967743267
NSMAF	0.04314235680117655
NSMCE1	-0.15116440993111604
NSMCE2	-0.2408089048625691
NSMCE4A	-0.3992350146094031
NSMF	-0.18711417040801845
NSRP1	0.11321173604526648
NSRP1P1	-0.08186672145047193
NSUN2	0.0328472946411028
NSUN3	0.018806169762387758
NSUN4	0.2423854786238549
NSUN5	0.042388538165958424
NSUN5P1	-0.13507156681239382
NSUN5P2	-0.17724350064980113
NSUN6	-0.24145434384772171
NSUN7	-0.010128425983176322
NT5C	-0.21725017852751136
NT5C1A	0.07662622001832041
NT5C1B	-0.1824441539020738
NT5C1B-RDH14	
NT5C2	0.22313926190151742
NT5C3A	-0.009916291608702549
NT5C3AP1	-0.13259177172779546
NT5C3B	-0.12210412650403024
NT5CP1	0.18005867796918212
NT5CP2	-0.1857664135330174
NT5DC1	-0.18579810755576598
NT5DC2	0.01931285289609118
NT5DC3	0.047670951692115875
NT5DC4	0.31887606447156897
NT5E	0.18874521884827794
NT5M	-0.29610504842868024
NTAN1	-0.2942427708569247
NTAN1P2	0.410635802814916
NTAN1P3	0.025964705806307938
NTF3	-0.28335144378068416
NTF4	-0.23836336319132953
NTF6A	-0.07243224673845453
NTF6B	
NTF6G	-0.008967050010602105
NTHL1	-0.17947510803938752
NTM	-0.05303415809953942
NTM-IT	-0.010246296597765187
NTMT1	0.02086712824692596
NTN1	-0.03690659290776749
NTN3	-0.21438670936856463
NTN4	-0.1766405666511661
NTN5	0.1468634437694543
NTNG1	0.014586487005948669
NTNG2	0.19859681816753633
NTPCR	-0.31157471707687145
NTRK1	0.15969799280196775
NTRK2	-0.015289601558789372
NTRK3	-0.11492497024497857
NTRK3-AS1	0.16208948535980972
NTS	-0.14764649469198252
NTSR1	-0.002575024517240976
NTSR2	-0.005682715646485144
NUAK1	-0.054353697206855275
NUAK2	-0.061638005403590226
NUB1	0.12384697252574355
NUBP1	-0.058959224447532786
NUBP2	0.005556408767462149
NUBPL	-0.2225364046634003
NUCB1	-0.07867937924428726
NUCB1-AS1	-0.19988119342752747
NUCB2	-0.0009231729305661127
NUCKS1	-0.08725265007975874
NUDC	-0.09046155033623628
NUDCD1	0.048423235666564195
NUDCD2	-0.29084601258550846
NUDCD3	-0.053878801543589275
NUDT1	-0.19626345432258963
NUDT10	-0.010242488166972189
NUDT11	-0.08854741734403557
NUDT12	-0.15132403401375089
NUDT13	-0.07112473436728285
NUDT14	-0.1067292831532907
NUDT15	-0.1387882005526354
NUDT16	-0.1758352159090132
NUDT16L1	-0.09877715176658493
NUDT16P	-0.26491463077856636
NUDT17	-0.17455313766713415
NUDT18	-0.12314766739274195
NUDT19	0.07579087781522625
NUDT19P3	0.2775110966251674
NUDT19P4	-0.18623046484940525
NUDT19P5	0.014639995145194712
NUDT2	-0.15292215713967025
NUDT21	0.06777076509367093
NUDT22	-0.13476772053742253
NUDT3	0.06032745580734416
NUDT4	0.0585889953838875
NUDT4P1	0.2751857483217339
NUDT5	-0.0757507463882575
NUDT6	-0.2733679642437796
NUDT7	-0.23348468914577244
NUDT8	-0.18453817918209311
NUDT9	-0.34614309096813606
NUF2	-0.03807306471338214
NUFIP1	0.1259886148802972
NUFIP1P	0.43571319479808984
NUFIP2	0.32782922285002863
NUGGC	0.2245232111319752
NUMA1	0.13775146511116312
NUMB	0.045618320834157226
NUMBL	-0.2389605800789853
NUP107	-0.029810052543483973
NUP133	0.21176220270807852
NUP153	0.3784511280861444
NUP155	0.22347441051103784
NUP160	0.2605559848632132
NUP188	0.2247436224858953
NUP205	0.29800760232428236
NUP210	0.21289740593965442
NUP210L	-0.027205698892165692
NUP210P1	-0.2971894633041344
NUP210P2	-0.050616486445056945
NUP210P3	-0.058535531988414796
NUP214	0.2711586949365913
NUP35	-0.18411187955513136
NUP37	-0.014354204273870179
NUP43	0.009666416193271068
NUP50	0.29517173787231443
NUP54	-0.12680748972066597
NUP62	0.1670673553325455
NUP62CL	-0.2194339770442691
NUP85	0.09853376473922194
NUP88	-0.03717971763124927
NUP93	-0.026387824012814993
NUP98	0.3892032553402061
NUPL1	0.27466250597599123
NUPL1P1	-0.06393111813402931
NUPL2	0.02169906705214777
NUPR1	-0.18127179294028015
NUPR1L	0.14967306057488994
NUS1	0.17103020527644813
NUS1P1	0.25875829872073713
NUS1P2	0.11425138911346389
NUS1P3	0.07879469998911763
NUS1P4	-0.11103649821916568
NUSAP1	-0.1811680097835537
NUTF2	-0.1484161977481195
NUTF2P2	-0.11966548854790085
NUTM1	0.05920071340632065
NUTM2A	-0.1843518998725152
NUTM2A-AS1	0.13944982266521133
NUTM2B	0.1841898598575666
NUTM2D	0.17454934046652104
NUTM2E	-0.19112687667354022
NUTM2F	-0.23255003222573475
NUTM2G	0.01583417828494135
NUTM2HP	-0.08114908144586015
NVL	-0.013543403176325911
NWD1	-0.015719412977147854
NXF1	0.03539836637662931
NXF2	-0.04375357735303611
NXF2B	0.2461363542404137
NXF3	0.2502848172263759
NXF4	-0.020662044873096024
NXF5	-0.19910442886036608
NXN	0.1571037285370815
NXNL1	0.2570122437688641
NXNL2	0.061386283546530945
NXPE1	0.11083380433946409
NXPE2	0.09212195796435566
NXPE2P1	0.1508041753119939
NXPE3	0.2524736983856732
NXPE4	-0.08013579650967191
NXPH1	-0.19966348094332068
NXPH2	0.06582409322350107
NXPH3	-0.2896653182736722
NXPH4	0.024849207259426534
NXT1	0.21614632422514754
NXT1P1	-0.10667294588044646
NXT2	0.11463957444108985
NYAP1	-0.06743219953932683
NYAP2	0.23287097180696323
NYNRIN	-0.15740776827147016
NYX	-0.1427499461776245
OACYLP	-0.1906533904017843
OAF	-0.23284088689822027
OARD1	-0.25383221692999275
OAS1	-0.09195124995494508
OAS2	0.09452527462190205
OAS3	0.10104457044404613
OASL	-0.04166424584708998
OAT	-0.04853476323668524
OAZ1	-0.14291633690841432
OAZ2	0.04397507507352425
OAZ3	0.020329354494782015
OBFC1	-0.22193655989610955
OBP2A	0.012172540542455286
OBP2B	-0.044670107659079875
OBSCN	0.1836401041424386
OBSL1	0.029518795234524824
OC90	0.35723272459721234
OCA2	0.01244897461716343
OCEL1	-0.100684822965738
OCIAD1	-0.18898066555603715
OCIAD1-AS1	
OCIAD2	-0.04318505558893321
OCLN	0.02303152924420497
OCM	0.16366510105355392
OCM2	-0.05085781769021335
OCRL	-0.08402393578385743
OCSTAMP	0.20267628142934693
ODAM	-0.06040101956710389
ODC1	0.08955406552150313
ODCP	-0.06757461990575757
ODF1	0.043405316963677165
ODF2	0.09852835692650604
ODF2L	0.17776147912656926
ODF3	0.007415916224552484
ODF3B	0.05690913997622586
ODF3L1	-0.15535143191090825
ODF3L2	-0.09673455272659597
ODF4	-0.18776796821508646
OFCC1	-0.033406303595599623
OFD1	0.16976299169113623
OFD1P10Y	-0.038684826110553176
OFD1P11Y	0.41951897739895294
OFD1P12Y	0.25342417441714943
OFD1P13Y	
OFD1P15Y	
OFD1P17	-0.05583027456714342
OFD1P18Y	
OFD1P1Y	0.382135059636399
OFD1P2Y	
OFD1P3Y	-0.2273965012594228
OFD1P4Y	-0.10223962203243331
OFD1P5Y	0.21087438507975684
OFD1P6Y	0.20726261170444854
OFD1P7Y	-0.2613520147938076
OFD1P8Y	-0.041285502512003885
OFD1P9Y	0.10656476774357872
OGDH	-0.15555143946566907
OGDHL	-0.15805373375903659
OGFOD1	0.13544259236440814
OGFOD1P1	-0.23739612777093871
OGFOD2	-0.23197938670759896
OGFOD3	-0.11021762097212709
OGFR	0.12923784895348892
OGFR-AS1	-0.10910064732697075
OGFRL1	0.07202053043732759
OGG1	-0.15842353571617657
OGN	-0.17006431730178134
OGT	0.09023634815968097
OIP5	-0.21185862794873123
OIP5-AS1	0.18160304583584022
OIT3	-0.013072635828551823
OLA1	-0.1453599741524692
OLA1P1	-0.32024293486928634
OLA1P2	-0.17121707656572885
OLA1P3	-0.1313843086190346
OLAH	0.1865585967219247
OLFM1	0.18649346452190316
OLFM2	0.08288273567617017
OLFM3	0.1381480805355181
OLFM4	-0.029396995825520748
OLFML1	-0.1056819816315199
OLFML2A	0.0838275853628228
OLFML2B	0.14773825118575296
OLFML3	-0.08086752352407259
OLIG1	0.02425663798607906
OLIG2	0.18244782388289338
OLIG3	-0.2131861530667272
OLR1	0.08132096810070825
OMA1	0.010418252071135723
OMD	-0.29317638328932516
OMG	0.014332607636340903
OMP	-0.18484232353564584
ONECUT1	-0.18241661319536084
ONECUT2	-0.11136332197676305
ONECUT3	0.01148113437124777
OOEP	0.2957604408717827
OOEP-AS1	-0.12745214265861493
OOSP1	-0.12537085372681778
OPA1	0.02654751966511231
OPA1-AS1	0.18289035160189707
OPA3	0.1835497332754409
OPALIN	-0.0936648285202984
OPCML	-0.024261979944033264
OPCML-IT1	0.06854391089015917
OPCML-IT2	-0.12913790227528038
OPHN1	0.00577492766747088
OPLAH	-0.19354422660319887
OPN1LW	-0.1472190810127907
OPN1MW	0.279253956685984
OPN1MW2	
OPN1SW	0.1221104998255583
OPN3	0.0380856008822186
OPN4	-0.24000274559703239
OPN5	0.07749442109892384
OPRD1	0.11305242526399564
OPRK1	-0.28188536217906623
OPRL1	0.22079653146505088
OPRM1	-0.14962653411113344
OPTC	-0.06675963283907319
OPTN	0.11098482659469693
OR10A2	0.02603337963773514
OR10A3	0.017649229380971045
OR10A4	-0.008967050010602105
OR10A5	0.28053452153389247
OR10A6	-0.1897008022376694
OR10A7	-0.006422891846376481
OR10AA1P	-0.1314446872963195
OR10AB1P	0.0285141382750776
OR10AC1P	0.07106648258946943
OR10AD1	0.01586933788838595
OR10AE1P	-0.011931156840863981
OR10AE3P	0.001013706395992336
OR10AF1P	-0.12913790227528038
OR10AG1	
OR10AH1P	0.03716197197435781
OR10AK1P	-0.1475939828417878
OR10B1P	0.37922339513052833
OR10C1	0.3802746969707951
OR10D1P	-0.25963941648341915
OR10D3	-0.2745725348616134
OR10D4P	-0.2020325302936623
OR10D5P	-0.015149156786419128
OR10G1P	
OR10G2	-0.042552175552615465
OR10G3	0.14944030640848846
OR10G4	-0.26528066232121505
OR10G5P	-0.03294396221476156
OR10G6	0.11856892561165111
OR10G7	-0.0440309379742963
OR10G8	-0.208317459298181
OR10G9	-0.017654370573183795
OR10H1	-0.043117018773800156
OR10H2	-0.009413982346069815
OR10H3	0.21321763252947823
OR10H4	0.26819605543844766
OR10H5	-0.21818047926481843
OR10J1	-0.21487741647685288
OR10J2P	0.349409531065193
OR10J3	0.09810007655127814
OR10J4	-0.038684826110553176
OR10J5	-0.09491884401356912
OR10J6P	-0.23042233970210144
OR10J7P	-0.08243140414575134
OR10J8P	-0.043321096630062166
OR10J9P	0.035899393991165346
OR10K1	-0.002416941797158549
OR10K2	-0.0753977537438002
OR10N1P	0.18333713030909557
OR10P1	0.24531461062210616
OR10Q1	-0.11259185491705423
OR10Q2P	-0.005624354190250816
OR10R1P	0.28861594787202755
OR10R2	-0.1404147435887762
OR10R3P	-0.13341040494684603
OR10S1	-0.252611561815999
OR10T1P	-0.045303075091384065
OR10T2	-0.021755133523701446
OR10U1P	0.06678390910603708
OR10V1	0.09719078191230034
OR10V2P	0.04545020653762208
OR10V3P	-0.060033733115360574
OR10W1	0.1993311173889753
OR10X1	0.01586933788838595
OR10Y1P	0.20058039373797573
OR10Z1	-0.17245787660798306
OR11A1	-0.1883865277677846
OR11G1P	-0.07126903781625842
OR11G2	-0.07243224673845453
OR11H1	-0.07243224673845453
OR11H12	
OR11H13P	-0.08550702085557024
OR11H2	
OR11H3P	
OR11H4	0.017649229380971045
OR11H5P	-0.031433134487394966
OR11H6	0.0982640612266499
OR11H7	-0.016670384347289603
OR11I1P	0.09953354334883646
OR11J1P	
OR11J2P	-0.008967050010602105
OR11J5P	
OR11K1P	0.02603337963773514
OR11K2P	-0.11311766298347392
OR11L1	0.06546518029683261
OR11M1P	0.13665508312298527
OR11N1P	0.21843507037764717
OR11Q1P	0.26903873518104116
OR12D1	0.2775110966251674
OR12D2	-0.017916573308129055
OR12D3	0.13059420507821717
OR13A1	-0.010898781581443922
OR13C1P	-0.0010407187690756096
OR13C2	
OR13C3	-0.07243224673845453
OR13C4	
OR13C5	0.382135059636399
OR13C6P	-0.04937218717908674
OR13C7P	-0.050537787111857246
OR13C8	-0.19923470810383254
OR13C9	-0.041285502512003885
OR13D1	0.24373102887889916
OR13D2P	-0.12913790227528038
OR13D3P	
OR13E1P	0.11870339051516302
OR13F1	-0.008967050010602105
OR13G1	-0.08407555751831415
OR13H1	-0.06988513514151656
OR13I1P	0.056319694656477896
OR13J1	0.1771579043852606
OR13K1P	
OR13Z1P	-0.04393865143812509
OR13Z2P	-0.27173356557480083
OR13Z3P	-0.23344911859497566
OR14A16	-0.0848733492769435
OR14A2	-0.1897008022376694
OR14C36	0.017649229380971045
OR14I1	-0.169389796715121
OR14J1	-0.0039749589578466004
OR14K1	0.033217385084267505
OR14L1P	0.2765036343248049
OR1A1	-0.08368466948190272
OR1A2	-0.18753105458063685
OR1AA1P	-0.005624354190250816
OR1AB1P	-0.24779076907125105
OR1AC1P	
OR1B1	-0.16239809210859274
OR1C1	-0.04655608315881195
OR1D2	-0.07522693475654875
OR1D3P	-0.05377910531697161
OR1D4	0.3669029818371073
OR1D5	0.10956592157735004
OR1E1	0.07751587284099593
OR1E2	0.20044349291316965
OR1E3	-0.03624281340314599
OR1F1	0.118880427801887
OR1F12	-0.1685002144787466
OR1F2P	-0.2070260538003833
OR1G1	0.03458302899109107
OR1H1P	0.22307499625492067
OR1I1	-0.10960413446473827
OR1J1	-0.10241426120215968
OR1J2	0.037062745529077366
OR1J4	0.05562612118211567
OR1K1	-0.17924489682432818
OR1L1	-0.11756366226413496
OR1L3	0.1857455964116544
OR1L4	-0.08246611591025292
OR1L6	-0.09157026496933342
OR1L8	-0.06794686333629457
OR1M1	-0.20623388587467786
OR1M4P	
OR1N1	0.14947538285252737
OR1N2	-0.040463557763019305
OR1P1	0.04589833533756699
OR1Q1	0.19116018652617786
OR1R1P	-0.02860468854336656
OR1S1	-0.005624354190250816
OR1S2	-0.023635869323012964
OR1X1P	-0.12021211233164156
OR1X5P	0.08952137877088887
OR2A1	0.10197891102727777
OR2A1-AS1	0.08213588418480057
OR2A12	-0.15442717292084565
OR2A13P	-0.008967050010602105
OR2A14	0.02603337963773514
OR2A15P	-0.10319981353980655
OR2A2	
OR2A20P	-0.15537482192037638
OR2A25	0.0024361570013071605
OR2A3P	-0.15545213321227339
OR2A4	-0.06103047375466353
OR2A41P	-0.008967050010602105
OR2A42	0.15650197293023
OR2A5	-0.13239921337727775
OR2A7	0.12849546070672002
OR2A9P	0.09141598850619558
OR2AD1P	-0.23217805680281875
OR2AE1	-0.036308594019317984
OR2AF1P	-0.04393865143812509
OR2AG1	0.044755299141020506
OR2AG2	0.12260509762142018
OR2AH1P	-0.05597230155683405
OR2AI1P	-0.21365456223175341
OR2AJ1	0.06568782286186171
OR2AK2	0.02603337963773514
OR2AL1P	
OR2AM1P	0.022662560124105672
OR2AO1P	
OR2AP1	-0.04393865143812509
OR2AQ1P	
OR2AS1P	-0.07243224673845453
OR2AS2P	0.04840093013440368
OR2AT1P	0.275232431474977
OR2AT2P	-0.10883965874472833
OR2AT4	-0.1678595078039912
OR2B11	-0.17482365450536413
OR2B2	0.00681932024687689
OR2B3	0.15897192360362108
OR2B4P	0.1312134962692433
OR2B6	0.01764536631256417
OR2B7P	0.3488291976052401
OR2B8P	-0.3438414269312523
OR2BH1P	0.2735103810745467
OR2C1	0.060209451269767886
OR2C3	-0.02719653801405246
OR2D2	0.006195036957003786
OR2D3	0.039834247436183454
OR2E1P	
OR2F1	-0.30313415897541823
OR2F2	0.15124254695981912
OR2G1P	-0.1475939828417878
OR2G2	0.17570509091266476
OR2G3	-0.024117014765278576
OR2G6	0.2176969944049176
OR2H1	-0.16018500792294463
OR2H2	-0.04187818975544691
OR2H4P	0.18117482541829688
OR2H5P	-0.05972752693741689
OR2I1P	-0.035769780223264276
OR2J1	
OR2J2	0.008076595874147276
OR2J3	0.279253956685984
OR2J4P	0.16856020591942544
OR2K2	0.20266398064835534
OR2L13	-0.14978074095029031
OR2L1P	0.02027055628536667
OR2L2	-0.18168367772162286
OR2L3	-0.022585857448049168
OR2L5	
OR2L6P	0.08411086272955035
OR2L8	
OR2L9P	-0.008967050010602105
OR2M1P	-0.04393865143812509
OR2M2	-0.09627629760849082
OR2M3	0.2632805091076467
OR2M4	0.16856020591942544
OR2M5	
OR2M7	0.35108150157455487
OR2N1P	0.15119124845396933
OR2P1P	-0.10852362761708836
OR2Q1P	0.13139468367526683
OR2R1P	-0.2191227944353973
OR2S1P	-0.18326808472136258
OR2S2	-0.07021824526835234
OR2T1	-0.14386159414562408
OR2T10	0.05618092012511021
OR2T11	0.2570122437688641
OR2T12	-0.277378425009519
OR2T2	0.36958710122949395
OR2T27	0.25929991987566586
OR2T29	0.19559635091323554
OR2T3	0.2854248609029612
OR2T32P	-0.2854121105169659
OR2T33	-0.0798006616546408
OR2T34	-0.008967050010602105
OR2T35	-0.17000737733351745
OR2T4	
OR2T5	-0.02329383765759376
OR2T6	0.035899393991165346
OR2T7	-0.18623046484940525
OR2T8	-0.03311332887374598
OR2U1P	-0.27171829595653596
OR2U2P	-0.09286658275050971
OR2V1	-0.025041435755450207
OR2V2	0.017649229380971045
OR2W1	0.15404174582579372
OR2W2P	-0.1427729475987067
OR2W3	-0.06197351155069552
OR2W4P	-0.0018273061226770151
OR2W5	-0.006184109925068189
OR2W6P	0.07617659372817323
OR2X1P	-0.07864658684176266
OR2Y1	-0.04016026758457954
OR2Z1	0.2978163629356894
OR3A1	0.31782132344454983
OR3A2	0.2858716584878595
OR3A3	0.032875991279585765
OR3A4P	-0.04847787673769185
OR3A5P	
OR3B1P	0.29983231232147683
OR3D1P	0.3329721105796697
OR4A10P	
OR4A11P	-0.07243224673845453
OR4A12P	-0.1589421082448224
OR4A13P	-0.008967050010602105
OR4A14P	0.01586933788838595
OR4A15	-0.11359218780375312
OR4A16	-0.04929266779623301
OR4A17P	0.10471469037371174
OR4A18P	-0.06967640192648335
OR4A19P	0.279253956685984
OR4A1P	-0.028804374675688374
OR4A21P	
OR4A2P	
OR4A3P	
OR4A40P	-0.2134351319004109
OR4A41P	-0.005624354190250816
OR4A42P	-0.002723731796336038
OR4A43P	-0.05705424817102884
OR4A44P	-0.1855604744518873
OR4A45P	0.22278487341663886
OR4A46P	-0.0010407187690756096
OR4A47	-0.23344911859497566
OR4A48P	0.21203867459878273
OR4A49P	0.035899393991165346
OR4A4P	
OR4A5	-0.12913790227528038
OR4A50P	
OR4A6P	
OR4A7P	
OR4A8P	-0.02422761512157392
OR4A9P	
OR4B1	-0.018083584239517492
OR4B2P	-0.0736825294815556
OR4C10P	-0.04929266779623301
OR4C11	-0.07341669026250092
OR4C12	-0.2104901484257163
OR4C13	0.01586933788838595
OR4C14P	-0.008967050010602105
OR4C15	-0.038684826110553176
OR4C16	
OR4C1P	0.016404880605419607
OR4C2P	-0.107640076470282
OR4C3	-0.09835407553855456
OR4C46	
OR4C4P	-0.22403497835833372
OR4C5	-0.1828406470737475
OR4C50P	
OR4C6	0.05382803542904844
OR4C7P	0.02603337963773514
OR4C9P	-0.07397117094249062
OR4D1	-0.02347530085214372
OR4D10	
OR4D11	-0.10220764011417884
OR4D12P	0.06948950956382549
OR4D2	-0.04735237434504772
OR4D5	0.09491275126558361
OR4D6	0.34191892069405916
OR4D7P	-0.1501888361611513
OR4D8P	0.02603337963773514
OR4D9	-0.3683026617869992
OR4E1	-0.08278100684566311
OR4E2	-0.07153063703785634
OR4F13P	-0.07079599365314423
OR4F14P	-0.1475939828417878
OR4F15	0.516855171988359
OR4F16	-0.08246611591025292
OR4F17	-0.11745585393405607
OR4F1P	
OR4F21	-0.058306201751664705
OR4F28P	0.08547959942501776
OR4F29	-0.14765038126533736
OR4F2P	0.26071777095457666
OR4F3	0.03481220756273014
OR4F4	-0.039863080720728784
OR4F5	-0.18144851932712316
OR4F6	-0.23551680903414662
OR4F7P	-0.08045058971729319
OR4F8P	-0.2613520147938076
OR4G11P	-0.13805436336770285
OR4G1P	0.3304013811932507
OR4G2P	0.31122303797490247
OR4G3P	-0.07122082323031456
OR4G4P	0.01586933788838595
OR4H12P	-0.15366485003443112
OR4H6P	0.30334073835030717
OR4K1	0.19170350459025204
OR4K11P	-0.2349314124202479
OR4K12P	0.23366450996600066
OR4K13	-0.007239079479032233
OR4K14	
OR4K15	0.010725399990616745
OR4K16P	-0.05988694252028145
OR4K17	-0.0711678974969703
OR4K2	-0.05370309542537894
OR4K3	-0.023873510728512556
OR4K4P	-0.14877220133801125
OR4K5	-0.12913790227528038
OR4K6P	
OR4K7P	0.38437316745114897
OR4K8P	-0.12969302308440517
OR4L1	-0.09627629760849082
OR4M1	-0.07988443361253267
OR4M2	
OR4N1P	-0.04393865143812509
OR4N2	0.09812872271233579
OR4N3P	-0.008967050010602105
OR4N4	
OR4N5	0.013071062413753524
OR4P1P	
OR4P4	-0.04393865143812509
OR4Q1P	-0.1475939828417878
OR4Q2	-0.06880637343937768
OR4Q3	0.10289836615528611
OR4R1P	-0.09825543370216497
OR4R2P	
OR4R3P	0.0047246083749739
OR4S1	-0.08458722936831585
OR4S2	-0.03325912453167606
OR4T1P	0.13979766377264363
OR4U1P	0.275232431474977
OR4V1P	-0.07249739205723882
OR4X1	-0.13796968722559338
OR4X2	0.06025213097790901
OR4X7P	-0.005624354190250816
OR51A10P	-0.12564314449402875
OR51A1P	-0.1632558051624901
OR51A2	
OR51A3P	0.17951910524096396
OR51A4	-0.07243224673845453
OR51A5P	
OR51A6P	0.2215935545704701
OR51A7	-0.059857873947867776
OR51A8P	
OR51A9P	-0.020823267842355987
OR51AB1P	0.01586933788838595
OR51B2	0.05170629379745905
OR51B3P	0.23798117600504645
OR51B4	0.33993651896009003
OR51B5	0.08972451755362115
OR51B6	0.28053452153389247
OR51B8P	
OR51C1P	0.18646690691969756
OR51C4P	-0.041285502512003885
OR51D1	-0.008967050010602105
OR51E1	0.08018521045048188
OR51E2	0.010083642784840554
OR51F1	0.009610976478063148
OR51F2	-0.008967050010602105
OR51F3P	0.0013112260041822053
OR51F4P	-0.15158248519418516
OR51F5P	-0.08246611591025292
OR51G1	-0.007816888221812632
OR51G2	-0.013460155957890824
OR51H1P	0.0820585670755384
OR51H2P	-0.20758787158949915
OR51I1	-0.021591231443637695
OR51I2	0.25672066272371447
OR51J1	
OR51K1P	0.035899393991165346
OR51L1	-0.20673087853197342
OR51M1	0.2646557942191441
OR51N1P	0.017491379551835416
OR51P1P	0.05954896401331032
OR51Q1	0.11494038287801696
OR51R1P	-0.1331075231927351
OR51S1	-0.10085467696097335
OR51T1	-0.01890320998434068
OR51V1	-0.20307264480939716
OR52A1	-0.2327813467861604
OR52A4	-0.2161618373181129
OR52A5	0.19254278012762538
OR52B1P	-0.038684826110553176
OR52B2	-0.1109759588232286
OR52B3P	-0.2259010859025828
OR52B4	-0.2243883060678327
OR52B5P	-0.24034020514207852
OR52B6	0.00681932024687689
OR52D1	0.2740909741771514
OR52E1	-0.23344911859497566
OR52E2	-0.13631522549543082
OR52E3P	-0.13579744207640382
OR52E4	-0.008967050010602105
OR52E6	-0.18659030202510296
OR52E7P	-0.17203210372158195
OR52E8	-0.02352007723032693
OR52H1	0.07570142410547898
OR52H2P	-0.18092272717903213
OR52I1	0.2799551451908575
OR52I2	-0.0010407187690756096
OR52J1P	0.19464340534855817
OR52J2P	-0.07037039184791734
OR52J3	-0.04929266779623301
OR52K1	0.2412902047812229
OR52K2	0.27202590290661915
OR52K3P	0.2014368007680257
OR52L1	0.0335711470151007
OR52L2P	0.26873858960097574
OR52M1	-0.15531266249356665
OR52M2P	-0.007498642698460566
OR52N1	0.01870527054586326
OR52N2	-0.16762594743977186
OR52N3P	-0.03735951173466111
OR52N4	0.28732889277197476
OR52N5	-0.02235908047102546
OR52P1P	0.10615528574370518
OR52P2P	-0.26694605679004696
OR52R1	-0.0791880849870193
OR52S1P	-0.23344911859497566
OR52T1P	0.06750371931906028
OR52U1P	0.1088052623349535
OR52V1P	0.05162122474866531
OR52W1	0.21392353636680198
OR52X1P	-0.04247987951446686
OR52Y1P	0.2683927329965247
OR52Z1	-0.05314893483019911
OR55B1P	-0.09117976679870739
OR56A1	-0.12679834993129907
OR56A3	0.07826530228859363
OR56A4	0.057422162446101065
OR56A7P	0.010112647310582932
OR56B1	0.29755988274430206
OR56B2P	0.0559304760842752
OR56B3P	-0.20022237527722553
OR56B4	0.02101537546018829
OR5A1	-0.08794032123092695
OR5A2	0.02322795131534932
OR5AC1	-0.17941624815013035
OR5AC2	-0.05988694252028145
OR5AC4P	
OR5AH1P	-0.00982901276638641
OR5AK1P	0.04840093013440368
OR5AK2	-0.1035918343326422
OR5AK3P	0.009272145915596029
OR5AK4P	
OR5AL1	-0.0010407187690756096
OR5AL2P	0.2136217790790766
OR5AM1P	0.23085021460561897
OR5AN1	0.28053452153389247
OR5AN2P	0.004052432532767116
OR5AO1P	-0.015141435865460674
OR5AP1P	-0.15954706286824438
OR5AP2	-0.2628612110081325
OR5AQ1P	0.38526951846985474
OR5AR1	-0.09317995844190288
OR5AS1	0.24771058361026904
OR5AU1	-0.10662265254043786
OR5AW1P	0.10634525446665892
OR5AZ1P	0.022601264629750015
OR5B10P	-0.07243224673845453
OR5B12	-0.07362425261496777
OR5B15P	
OR5B17	0.2022127324512271
OR5B19P	
OR5B1P	-0.29774196760800675
OR5B2	0.1560181360403608
OR5B21	0.08743112766807007
OR5B3	0.017649229380971045
OR5BA1P	-0.20013988884294895
OR5BB1P	-0.21862390663081155
OR5BC1P	
OR5BD1P	0.2940270615624404
OR5BE1P	-0.17629616398763542
OR5BH1P	-0.23696170752165566
OR5BJ1P	
OR5BK1P	-0.27511136761550475
OR5BL1P	0.01586933788838595
OR5BM1P	0.017649229380971045
OR5BN1P	0.0043681766201327564
OR5BN2P	
OR5BP1P	-0.005624354190250816
OR5BQ1P	-0.07782851528876028
OR5BR1P	-0.23452279113385383
OR5BS1P	0.0033458148390456415
OR5BT1P	0.15794653418924992
OR5C1	-0.0834480819739591
OR5D13	-0.016670384347289603
OR5D14	-0.2205178031117322
OR5D15P	0.16856020591942544
OR5D16	
OR5D17P	0.009611881258932548
OR5D18	0.09372738476339557
OR5D2P	0.01586933788838595
OR5D3P	-0.23344911859497566
OR5E1P	0.4062566532642103
OR5F1	
OR5F2P	0.058496651695031376
OR5G1P	-0.027138676910503434
OR5G3	-0.08097861604765229
OR5G4P	
OR5G5P	0.08559469149602544
OR5H1	
OR5H14	0.01708706092572217
OR5H15	-0.07243224673845453
OR5H2	-0.0010407187690756096
OR5H3P	-0.18623046484940525
OR5H4P	-0.008967050010602105
OR5H5P	-0.09825543370216497
OR5H6	-0.17629616398763542
OR5H7P	0.01586933788838595
OR5H8P	0.01586933788838595
OR5I1	-0.18623046484940525
OR5J1P	0.04402422355282162
OR5J2	-0.23344911859497566
OR5J7P	
OR5K1	
OR5K2	-0.25391738522284224
OR5K3	-0.11154119464754454
OR5K4	0.06689143108374769
OR5L1	-0.2682626353986454
OR5L2	
OR5M1	
OR5M10	-0.03325912453167606
OR5M11	0.13449212163444868
OR5M12P	-0.07397117094249062
OR5M13P	-0.19614161732580998
OR5M14P	-0.005624354190250816
OR5M2P	-0.23344911859497566
OR5M3	-0.21844335005239393
OR5M4P	0.061302949939995084
OR5M5P	0.14795892180739162
OR5M6P	-0.1357701651621489
OR5M7P	
OR5M8	
OR5M9	0.20232247116638408
OR5P1P	-0.04929266779623301
OR5P2	-0.05289312145816717
OR5P3	0.01586933788838595
OR5P4P	0.17579546863248394
OR5R1	
OR5S1P	0.16139322282986646
OR5T1	-0.23344911859497566
OR5T2	0.24788118137353155
OR5T3	-0.01919200109816668
OR5V1	-0.0391269005690893
OR5W1P	-0.02751787260989578
OR5W2	-0.008967050010602105
OR6A2	-0.1043012469283683
OR6B1	-0.07116240041208917
OR6B2	0.16856020591942544
OR6B3	-0.1082557429043202
OR6C1	-0.23413906233875903
OR6C2	
OR6C3	0.08068425950109712
OR6C4	-0.028164477314698438
OR6C5P	-0.04393865143812509
OR6C6	0.10656476774357872
OR6C64P	0.30406760981104
OR6C65	
OR6C66P	-0.17629616398763542
OR6C68	-0.06724004297718868
OR6C69P	-0.04929266779623301
OR6C70	0.050403287425741024
OR6C71P	0.09264081707958585
OR6C72P	-0.0575080500618827
OR6C73P	0.2685328931314829
OR6C74	0.3441232923525653
OR6C75	0.004052432532767116
OR6C76	-0.23570080736398508
OR6C7P	-0.14442804016610766
OR6D1P	0.11039903101546147
OR6E1P	-0.01685555061977413
OR6F1	0.017649229380971045
OR6J1	0.0013065364637584523
OR6K1P	0.08185269862026694
OR6K2	-0.15642652964744544
OR6K3	0.1936170296122196
OR6K4P	-0.0024849258241754183
OR6K5P	0.10621328913587527
OR6K6	0.10699875191465709
OR6L1P	
OR6L2P	-0.12378219134085518
OR6M1	-0.022408974522204996
OR6M2P	0.09121675976903681
OR6M3P	-0.13446134174286634
OR6N1	-0.09023153265089684
OR6N2	-0.008967050010602105
OR6P1	0.003341686266028984
OR6Q1	-0.041608733751793636
OR6R1P	0.05758580364647624
OR6R2P	
OR6S1	-0.08799906809993445
OR6T1	-0.10129499342681858
OR6U2P	-0.16223069654629996
OR6V1	0.11364924998277773
OR6W1P	-0.19612667716395532
OR6X1	-0.23084928588024098
OR6Y1	0.06271761902350732
OR7A10	
OR7A11P	0.0883518947655261
OR7A15P	-0.008967050010602105
OR7A17	-0.038684826110553176
OR7A18P	
OR7A19P	-0.2571441011745019
OR7A1P	0.02196045505167659
OR7A3P	0.2110622838519024
OR7A5	-0.02883744782794919
OR7C1	0.03224234424722219
OR7C2	-0.09389265738358496
OR7D1P	-0.23342173610988615
OR7D2	-0.13700326685857633
OR7D4	-0.008619086766190881
OR7E100P	0.3040671859628607
OR7E101P	0.27602045023571053
OR7E102P	-0.12715273267196908
OR7E104P	-0.008967050010602105
OR7E105P	0.026668146077077078
OR7E106P	0.19885949743366507
OR7E108P	0.041872365325036645
OR7E109P	-0.21446679362866375
OR7E10P	-0.2759949145051731
OR7E110P	0.1730167830308287
OR7E111P	-0.008967050010602105
OR7E115P	-0.15930543499560976
OR7E116P	-0.0074684000383079185
OR7E117P	0.029952996161099758
OR7E11P	0.1521640775871606
OR7E121P	-0.10634839462641814
OR7E122P	0.19216822228406213
OR7E125P	-0.18513184858205933
OR7E126P	-0.09240541887241777
OR7E128P	0.09014875031371555
OR7E129P	-0.17941624815013035
OR7E12P	0.202716147249748
OR7E130P	0.05958237083157198
OR7E136P	0.09850572821780311
OR7E13P	-0.20567983648275295
OR7E140P	0.14177204530592646
OR7E148P	-0.1828686032070833
OR7E149P	-0.17941624815013035
OR7E14P	-0.0509321790405906
OR7E154P	-0.10037829227158941
OR7E155P	0.10907830401936452
OR7E156P	-0.04393865143812509
OR7E157P	0.02936853623531794
OR7E158P	0.16208312250219464
OR7E159P	-0.06311183065543745
OR7E15P	-0.11128636246761653
OR7E160P	0.16856020591942544
OR7E161P	0.12858007966222199
OR7E162P	-0.2732342853723389
OR7E163P	0.05058210007590966
OR7E16P	-0.020018991106197887
OR7E18P	-0.041285502512003885
OR7E19P	0.1862498582616361
OR7E1P	-0.03785805980516719
OR7E21P	-0.2552891358120102
OR7E22P	0.1683178606036006
OR7E23P	-0.02995848714464425
OR7E24	0.06183662413878973
OR7E25P	-0.13540074277914976
OR7E26P	-0.34722760486785137
OR7E28P	
OR7E29P	-0.17174024165719412
OR7E2P	-0.09204918500010147
OR7E31P	0.059404992531047904
OR7E33P	-0.35507124743284574
OR7E35P	-0.09812662249959947
OR7E36P	0.08126485898797846
OR7E37P	0.33190013533892826
OR7E38P	-0.058736860968824856
OR7E39P	-0.036628202538112255
OR7E43P	-0.1136461244186779
OR7E46P	0.22789052364886098
OR7E47P	-0.20429646968473303
OR7E4P	-0.1475939828417878
OR7E53P	-0.07306154988548112
OR7E55P	-0.03292832985318453
OR7E59P	0.11959925805226661
OR7E5P	0.004442602129402402
OR7E62P	-0.14426628220591123
OR7E66P	-0.18085569173085944
OR7E7P	-0.14941407800242099
OR7E83P	-0.028745324633360544
OR7E84P	-0.17700061134435083
OR7E85P	-0.04127453824269202
OR7E86P	0.01586933788838595
OR7E87P	0.0861093186510339
OR7E89P	0.058582262417536404
OR7E8P	-0.03624281340314599
OR7E90P	-0.038684826110553176
OR7E91P	-0.08546286555243882
OR7E93P	-0.09835407553855456
OR7E94P	-0.03818517314642565
OR7E96P	-0.038684826110553176
OR7E97P	0.3121217187691797
OR7E99P	0.0936549549523237
OR7G1	-0.010040708331347395
OR7G2	-0.08657557959152547
OR7G3	-0.006655710161531765
OR7H1P	-0.008967050010602105
OR7H2P	
OR7K1P	-0.010000480323131203
OR7L1P	0.0022750343976947023
OR7M1P	-0.31757918285839226
OR8A1	-0.2983448615414234
OR8A2P	0.1848604378018968
OR8A3P	0.382135059636399
OR8B10P	0.28053452153389247
OR8B12	-0.2719185026925931
OR8B1P	-0.005624354190250816
OR8B2	
OR8B3	
OR8B4	-0.09743980532758886
OR8B5P	0.28876343970187074
OR8B6P	-0.10722083898688552
OR8B7P	0.1417417422828828
OR8B8	-0.004332350890666587
OR8B9P	0.260291325447254
OR8C1P	0.17273963949096235
OR8D1	-0.20104311903706543
OR8D2	0.274680807265112
OR8D4	-0.03138810182445821
OR8F1P	-0.17018963994217998
OR8G1	0.2311252791929617
OR8G2P	-0.06279269637637074
OR8G3P	0.34756584029430887
OR8G5	-0.06109047881011274
OR8G7P	0.2771011211511314
OR8H1	-0.10361432506975461
OR8H2	
OR8H3	-0.14735999481833212
OR8I1P	-0.17203685414304978
OR8I2	-0.11291066164641365
OR8I4P	
OR8J1	-0.0010407187690756096
OR8J2	-0.03239803314583324
OR8J3	
OR8K1	0.06540502744486439
OR8K2P	-0.19143726134146913
OR8K3	0.04481741045967236
OR8K4P	-0.03287557119882951
OR8K5	0.030497649727827328
OR8L1P	-0.12913790227528038
OR8Q1P	0.2319516482037284
OR8R1P	-0.10315709898060822
OR8S1	-0.34506099478162366
OR8S21P	
OR8T1P	-0.10638538665141145
OR8U1	-0.10483322177232719
OR8V1P	-0.010097459861480295
OR8X1P	0.14380825163079353
OR9A1P	-0.041285502512003885
OR9A2	-0.14082014159150458
OR9A3P	-0.1312785149962131
OR9A4	0.13075787801039945
OR9G1	-0.05865268678135484
OR9G2P	-0.10329816865597988
OR9G3P	-0.23921327990594368
OR9G4	-0.107640076470282
OR9H1P	-0.26640835681575037
OR9I1	0.44459532230119625
OR9I2P	-0.008967050010602105
OR9I3P	0.382135059636399
OR9K1P	-0.07199974457682519
OR9K2	-0.1907301377180137
OR9L1P	-0.1519053048731676
OR9M1P	
OR9N1P	-0.08173958043124811
OR9P1P	0.382135059636399
OR9Q1	-0.13373234511377627
OR9Q2	-0.0024722201456462787
OR9R1P	0.19883896561230363
OR9S24P	-0.1497964811686307
ORAI1	0.12494359662878148
ORAI2	0.23259543354519094
ORAI3	-0.039732779851755544
ORAOV1	-0.14915675406669793
ORAOV1P1	-0.10430854797272147
ORC1	-0.1392816621432017
ORC2	0.07186931176941032
ORC3	-0.07995926340954845
ORC4	0.17272479980673497
ORC5	0.01989354089078235
ORC6	-0.0710508569531531
ORM1	0.10080844392284272
ORM2	0.022664217733945207
ORMDL1	0.015544931285962158
ORMDL2	-0.02177199468906083
ORMDL3	-0.2935230964957126
OS9	-0.292663900026583
OSBP	0.032726039636611574
OSBP2	-0.14538683183758444
OSBPL10	0.1521121214942084
OSBPL10-AS1	0.18711396480328654
OSBPL11	0.26616051645696176
OSBPL1A	-0.2859702217206354
OSBPL2	0.22733815142197725
OSBPL3	0.19383937770671222
OSBPL5	-0.2113900949061408
OSBPL6	0.06848159812854904
OSBPL7	-0.3508245431864679
OSBPL8	0.4103391418883175
OSBPL9	-0.08655120458056337
OSBPL9P1	-0.09973929170904622
OSBPL9P2	0.018678181964622963
OSBPL9P3	-0.20601173644222429
OSBPL9P4	-0.07293954958486382
OSBPL9P5	
OSCAR	0.2237985511945674
OSCP1	-0.12099404975894759
OSER1	0.04002445250721328
OSER1-AS1	-0.10764483758451879
OSGEP	-0.20109138746060037
OSGEPL1	-0.24477318531930994
OSGEPL1-AS1	-0.006988306961292917
OSGIN1	-0.10537559840445859
OSGIN2	0.2623992861690805
OSM	0.10665830839240945
OSMR	0.26111611513257227
OSR1	-0.2648612832465842
OSR2	-0.13891740105100625
OST4	-0.14075148930984407
OSTC	-0.026287765461242802
OSTCP1	-0.33733377248350166
OSTCP2	-0.37046829256552083
OSTCP4	-0.3140845397961296
OSTCP5	-0.1680140212969994
OSTCP6	-0.17139437987878672
OSTCP8	-0.09672368815534056
OSTF1	0.07093569678035154
OSTF1P1	-0.06486440182841981
OSTM1	0.1463317575145914
OSTM1-AS1	-0.06531788945249006
OSTN	-0.15296043784705005
OSTN-AS1	-0.050690038665173694
OTC	-0.05537270142444447
OTOA	-0.03277314634600568
OTOF	0.10951613799019466
OTOG	-0.18808308524872142
OTOGL	0.0943872745682067
OTOL1	-0.2100300932833315
OTOP1	0.03518747049502194
OTOP2	-0.1027492927391791
OTOP3	-0.20036171345520168
OTOR	-0.04692291848861176
OTOS	-0.1926136367046846
OTP	0.34095965152590224
OTUB1	-0.09090145640630685
OTUB2	0.1320600423971697
OTUD1	0.12158970963541149
OTUD3	0.04870857434402732
OTUD4	0.36605473621817064
OTUD5	-0.27218371478846765
OTUD6A	-0.3449593565772235
OTUD6B	0.08638039531504982
OTUD7A	-0.0944820829642402
OTUD7B	0.02789442820014326
OTX1	0.09162995287164886
OTX2	-0.25359709614278875
OTX2-AS1	-0.05640405840670106
OVCA2	
OVCH1	0.018604414600503556
OVCH1-AS1	0.12239076895499569
OVCH2	0.23729440545989464
OVGP1	-0.2032318379779445
OVOL1	-0.2933396845024177
OVOL2	-0.30662318738317956
OVOL3	0.160110165668304
OXA1L	-0.3681210513178997
OXCT1	0.07032273924009344
OXCT1-AS1	0.21900793870259946
OXCT2	-0.2926068875824013
OXCT2P1	0.2568175088693243
OXER1	-0.053770549626284664
OXGR1	-0.13699241388654285
OXLD1	-0.08848125859537471
OXNAD1	-0.11019329567924395
OXR1	-0.020588778482167662
OXSM	-0.22335436114076224
OXSR1	0.13910612911672887
OXT	-0.14041431220368025
OXTR	0.2180782685084912
P2RX1	-0.1827206243958072
P2RX2	-0.00329429960275735
P2RX3	-0.040452611351247024
P2RX4	-0.06987950295194335
P2RX5	0.19082475401816967
P2RX5-TAX1BP3	0.2552560826545848
P2RX6	-0.4608712697076262
P2RX6P	-0.0949283838064993
P2RX7	0.09453824153627145
P2RY1	-0.07153950076291977
P2RY10	0.3037523081879174
P2RY11	0.06739948334114605
P2RY12	0.06598478523689644
P2RY13	0.13474541968783965
P2RY14	-0.00797523096245827
P2RY2	0.025419875309494248
P2RY4	0.18573286070923042
P2RY6	0.12379141261027567
P2RY8	0.19466916514752947
P4HA1	0.14800851441897608
P4HA2	-0.023829418266517525
P4HA2-AS1	
P4HA3	0.15467823095072908
P4HB	-0.10893004468566705
P4HTM	-0.13051848657135123
PA2G4	-0.23039895020619075
PA2G4P1	-0.2998489212266507
PA2G4P2	-0.2589851969706194
PA2G4P3	-0.21103967801588405
PA2G4P4	-0.2930020436286141
PAAF1	-0.19729125180846094
PABPC1	0.03808736631431471
PABPC1L	0.006164055257618231
PABPC1L2A	0.08357519479769489
PABPC1L2B	0.3727789014421119
PABPC1P1	-0.3555291666526601
PABPC1P10	-0.2957828014567001
PABPC1P11	-0.020628576903804333
PABPC1P12	-0.08123672995025574
PABPC1P13	0.025503841916215405
PABPC1P2	-0.164558691661973
PABPC1P3	-0.34832274387949014
PABPC1P4	-0.14970354070770847
PABPC1P5	0.15367669389118743
PABPC1P6	0.09924838509980508
PABPC1P7	0.01235155980474052
PABPC1P8	0.21082913231729064
PABPC1P9	0.2727424829280553
PABPC3	-0.32203329228451916
PABPC4	0.08213150234073391
PABPC4L	0.15496554649535227
PABPC5	0.08497039787082901
PABPC5-AS1	0.09427130565574592
PABPN1	-0.26331690768061167
PABPN1L	-0.06629505429638757
PACRG	0.05199053682648457
PACRGL	-0.31690259186839576
PACS1	0.21301926802550086
PACS2	-0.15185484440356886
PACSIN1	0.08625206714629094
PACSIN2	-0.08860355156662196
PACSIN3	-0.1940366866715312
PADI1	-0.2377755610121552
PADI2	-0.14716631387753643
PADI3	-0.039933103241134034
PADI4	0.26439832654452833
PADI6	0.037969319129004066
PAEP	0.029729673562090195
PAF1	-0.12789841621372425
PAFAH1B1	0.30184495460835753
PAFAH1B2	0.2590657393421547
PAFAH1B3	-0.14756707753471346
PAFAH2	-0.021486649211544563
PAG1	0.13067373989303835
PAGE1	-0.10727226322593829
PAGE2	-0.2004746683207574
PAGE2B	-0.11895320416270978
PAGE3	0.03901307929772057
PAGE4	-0.1429162729635223
PAGE5	0.017243225907706716
PAGR1	-0.029197922808480496
PAH	-0.32093392509070834
PAICS	-0.11913264343641426
PAICSP1	0.07747609133622188
PAICSP2	0.029127765610000286
PAICSP3	-0.19945710468146835
PAICSP4	-0.11829062934812591
PAICSP5	0.13032995589810187
PAICSP6	0.3870482908754461
PAICSP7	-0.028974017535625573
PAIP1	-0.043043019082114053
PAIP1P1	0.13847001632334144
PAIP2	0.07369438778618191
PAIP2B	-0.11818715165058176
PAK1	-0.08230503580840944
PAK1IP1	-0.09251109099166659
PAK2	0.39134299736184114
PAK3	0.317689080295394
PAK4	-0.08807559751081621
PAK6	-0.31949605049624563
PAK7	-0.20798615460655218
PALB2	0.2074998518225121
PALD1	-0.07291692884266575
PALLD	0.029987478655794327
PALM	-0.29813310468361454
PALM2	0.3285304529763503
PALM2-AKAP2	
PALM3	-0.31148973602936897
PALMD	0.013544349232258892
PAM	-0.04863455333998973
PAM16	0.15338279357053544
PAMR1	-0.3332975688765722
PAN2	-0.15125434448206607
PAN3	0.15873512023264202
PAN3-AS1	-0.04372155092654976
PANK1	-0.0819990838230243
PANK2	0.07979134481072973
PANK3	0.010615557309131985
PANK4	0.06997152576296964
PANX1	0.15740596934428355
PANX2	0.09523259246267166
PANX3	-0.27422408892169475
PAOX	-0.046559461887565594
PAPD4	0.09493649042155222
PAPD5	-0.0075912145843613455
PAPD7	0.13431835830869449
PAPL	0.11376999449741516
PAPLN	0.08945640200995425
PAPOLA	0.20926864424209363
PAPOLB	0.1733754934948416
PAPOLG	0.2906779231295748
PAPPA	0.1414664604713407
PAPPA-AS1	-0.03918470578174524
PAPPA-AS2	-0.13181567193790136
PAPPA2	0.18570523500207986
PAPSS1	0.06956718874224667
PAPSS2	-0.02116342273500054
PAQR3	-0.05342387443189421
PAQR4	-0.2793863944032105
PAQR5	-0.16557108688996586
PAQR6	-0.22095524345374115
PAQR7	-0.24347511104346306
PAQR8	-0.015263485071554263
PAQR9	0.1474370343379446
PARD3	0.195685515166751
PARD3-AS1	-0.3336089709901826
PARD3B	0.04668717270501453
PARD6A	0.1935950893439752
PARD6B	-0.01856631674703095
PARD6G	0.026540488676541067
PARG	-0.07564535396318325
PARGP1	0.40578544152991414
PARK2	-0.0524076718332618
PARK7	-0.028568398547272396
PARL	-0.21825516129086311
PARM1	-0.006972362369135846
PARN	0.17001255429132284
PARP1	0.28521632938663555
PARP10	0.0874833605665278
PARP11	0.2413419228106437
PARP12	0.04610423082767596
PARP14	0.33521958222815756
PARP15	0.2250081574743692
PARP16	-0.21970621013801933
PARP1P1	-0.1489753180196091
PARP2	-0.26283436644977765
PARP3	-0.1485020310166332
PARP4	0.15706310946380725
PARP4P1	-0.17975448587505738
PARP4P2	-0.2743522039417497
PARP4P3	-0.24921984260921445
PARP6	0.009131150206249805
PARP8	0.31983264739587514
PARP9	0.13059187766950853
PARPBP	-0.03573692157212567
PARS2	-0.14803458152333102
PART1	-0.03929970447246387
PARVA	0.14623834269001332
PARVB	0.1556319871989689
PARVG	0.18033157025720697
PASD1	0.08028658979821933
PASK	0.22166217226087281
PATE1	-0.21748960378694598
PATE2	-0.11090585462480783
PATE3	0.20890144863647994
PATE4	-0.07005476251933569
PATL1	0.060801872229463726
PATL2	0.13206126064525994
PATZ1	0.04868359214784852
PAWR	-0.01958464542583017
PAWRP1	-0.09488981286271153
PAX1	-0.07528047514184436
PAX2	0.004102898249796843
PAX3	0.2985060822024986
PAX4	0.14519945068092371
PAX5	0.2832237879731818
PAX6	0.17106199592826268
PAX7	-0.38690431108717777
PAX8	-0.1244806670396471
PAX9	-0.05761984707039612
PAXBP1	0.23898055060742013
PAXBP1-AS1	-0.10726385980193621
PAXIP1	-0.07537657516140339
PAXIP1-AS1	-0.16020875795395426
PAXIP1-AS2	0.136830904655458
PBDC1	-0.07948262873661477
PBK	-0.2796552221637494
PBLD	-0.07162325659565036
PBOV1	0.27351848645668
PBRM1	0.3267667802043053
PBX1	-0.13321524155564468
PBX2	0.08623480388198707
PBX2P1	0.11446440224627831
PBX3	-0.028313041239701797
PBX4	-0.0700014783766372
PBXIP1	0.01536230951075026
PC	-0.0280947882602972
PCA3	0.25417659674398274
PCAT1	-0.23575794615744378
PCAT2	-0.05668819655733457
PCAT4	-0.1535648461042889
PCAT6	0.10445898782660896
PCAT7	-0.13339967018161
PCBD1	-0.3006804288986581
PCBD2	-0.19688668769189385
PCBP1	-0.1410843105626853
PCBP1-AS1	-0.12562426115580513
PCBP2	-0.1534387715431507
PCBP2P1	-0.06099156994302038
PCBP2P3	-0.17092569820430825
PCBP3	0.2266398982562122
PCBP4	-0.25626694380405424
PCCA	-0.05605978792995068
PCCA-AS1	0.03978150659317651
PCCB	-0.14406938263071886
PCDH1	0.046014629935295454
PCDH10	-0.20530413364428696
PCDH11X	-0.007132838408676134
PCDH11Y	0.05248339912172076
PCDH12	0.1743640194982576
PCDH15	0.15758854860869542
PCDH17	0.26288094861518546
PCDH18	0.09926443948900798
PCDH19	-0.19875641236058592
PCDH20	0.2980846195524956
PCDH7	-0.05711280724904662
PCDH8	0.09575315267184668
PCDH8P1	-0.19734630376758996
PCDH9	0.21139653803350716
PCDH9-AS1	-0.05520056793226451
PCDH9-AS2	
PCDH9-AS3	
PCDH9-AS4	
PCDHA1	-0.13357769261182953
PCDHA10	-0.06342730182911212
PCDHA11	0.14026175642972447
PCDHA12	0.21560580066834958
PCDHA13	0.10599902758621904
PCDHA14	0.12532984032128755
PCDHA2	-0.02854334871193727
PCDHA3	-0.04887560180046448
PCDHA4	0.04784143893402433
PCDHA5	-0.12111427148892619
PCDHA6	0.01860096912199522
PCDHA7	0.1627570644312338
PCDHA8	0.035826259715743956
PCDHA9	-0.04276712293471337
PCDHAC1	0.2928819042470067
PCDHAC2	0.3179308808260219
PCDHB1	0.10470105457397329
PCDHB10	0.015460978395362751
PCDHB11	0.1267343276397777
PCDHB12	0.057193289520593237
PCDHB13	0.022639523495240954
PCDHB14	0.00022810396650953956
PCDHB15	-0.019198588030533335
PCDHB16	-0.13613174428795358
PCDHB17	-0.01295577940323212
PCDHB18	-0.2568992739499616
PCDHB19P	-0.1951981705630302
PCDHB2	-0.0436585801806792
PCDHB3	-0.11093688645605149
PCDHB4	-0.18268338157810468
PCDHB5	0.09515011204541586
PCDHB6	-0.23561021569118107
PCDHB7	-0.1634864446674898
PCDHB8	-0.09919789124019834
PCDHB9	0.011809985179464222
PCDHGA1	0.036427034272287585
PCDHGA10	0.30528711647773227
PCDHGA11	0.10525686078178229
PCDHGA12	0.263898647916446
PCDHGA2	-0.006059317927506193
PCDHGA3	-0.02565337951358665
PCDHGA4	0.0987115161861103
PCDHGA5	-0.06505101738374751
PCDHGA6	0.12375502114245296
PCDHGA7	-0.14002932395429735
PCDHGA8	-0.03642786485074417
PCDHGA9	0.24057781142516993
PCDHGB1	0.24524061081353626
PCDHGB2	0.01075373862763887
PCDHGB3	0.26983057215794937
PCDHGB4	-0.27248523708538486
PCDHGB6	0.11267711063483306
PCDHGB7	0.2237030441130562
PCDHGB8P	-0.03485925838477244
PCDHGC3	0.12002647728461288
PCDHGC4	-0.09151458420027275
PCDHGC5	-0.1577991411488092
PCDP1	-0.05300934366045444
PCED1A	-0.07614906334576002
PCED1B	0.22980539952409415
PCED1B-AS1	0.2019463520042763
PCED1CP	0.005605815669724401
PCF11	0.2933328867097744
PCGEM1	-0.14077934143605322
PCGF1	-0.2533215762324729
PCGF2	-0.18941759037915076
PCGF3	0.01155467523650459
PCGF5	0.23949955906040934
PCGF6	0.002839618818954505
PCGF7P	0.47209475524378697
PCID2	0.0780658913614451
PCIF1	0.03840529042481004
PCK1	-0.25003344247578974
PCK2	-0.10062204347139796
PCLO	0.15863587255014586
PCM1	0.23962429205691727
PCMT1	-0.15074559373156315
PCMTD1	0.11182617841011713
PCMTD1P1	0.0881242072522533
PCMTD1P2	-0.1733895591017373
PCMTD1P3	-0.20928042544374947
PCMTD2	0.07424936867486646
PCNA	-0.2501315458953198
PCNAP1	0.08920707971180498
PCNAP3	-0.28274971592195003
PCNAP4	-0.050545160270373195
PCNP	0.018107894836349548
PCNPP1	-0.14228812391892393
PCNPP2	-0.08781778963216137
PCNPP3	-0.36649910432858496
PCNPP4	-0.038684826110553176
PCNPP5	-0.26166808867872227
PCNT	0.2583570656467526
PCNX	0.36625610765491606
PCNXL2	0.1698089120191777
PCNXL3	0.12247344682636652
PCNXL4	0.21288103364192668
PCOLCE	0.10850660365016146
PCOLCE-AS1	-0.036289775787200725
PCOLCE2	-0.20380247547611413
PCP2	-0.09344221864000597
PCP4	-0.1248965735957892
PCP4L1	-0.2730912178203963
PCSK1	-0.07079933653122915
PCSK1N	0.06721388839791474
PCSK2	-0.12707462508590586
PCSK4	-0.02707664798778237
PCSK5	-0.009287237019589618
PCSK6	-0.04294397696000776
PCSK7	-0.22524943152168878
PCSK9	0.11854581529573052
PCTP	-0.16680888033338773
PCYOX1	0.21197760324146156
PCYOX1L	0.011953400000836912
PCYT1A	0.06692477291887987
PCYT1B	-0.13572934390484956
PCYT1B-AS1	
PCYT2	-0.22433455428501073
PDAP1	-0.2650531002194599
PDC	0.15049957835825659
PDCD1	0.06252803299161677
PDCD10	-0.18460894188863425
PDCD11	0.14222343281196753
PDCD1LG2	0.1523535637517795
PDCD2	0.007107589824222727
PDCD2L	-0.05642307359742998
PDCD4	-0.10723443072854438
PDCD4-AS1	-0.06310746611418308
PDCD5	-0.15126190088841004
PDCD6	-0.2368516156115935
PDCD6IP	0.02391704836001348
PDCD7	0.022559576676090657
PDCL	0.1322708895892937
PDCL2	0.3483815793569212
PDCL3	-0.06870279365357329
PDCL3P1	-0.17147415606987032
PDCL3P3	-0.2594954355450472
PDCL3P4	0.015538129891462336
PDCL3P5	0.3953862460403758
PDCL3P6	-0.28954830155391814
PDCL3P7	0.027349724590071706
PDDC1	-0.10644767553602008
PDE10A	0.24855831333425388
PDE11A	0.10942048000468017
PDE12	0.20873322563739313
PDE1A	-0.11695345456900941
PDE1B	0.20469871792863376
PDE1C	-0.00578510025491102
PDE2A	-0.06998451708860463
PDE3A	0.023769284279655467
PDE3B	0.22500810925335177
PDE4A	0.26560458549696025
PDE4B	0.20830568281318002
PDE4C	0.19244358071670992
PDE4D	0.29173761977270174
PDE4DIP	0.12135511476325103
PDE5A	-0.15128090197393962
PDE6A	-0.22872119950068676
PDE6B	0.11618429691445896
PDE6C	-0.18057741794091334
PDE6D	0.0065822737384455795
PDE6G	0.10142789531207241
PDE6H	0.1677030161686528
PDE7A	0.1578560613784379
PDE7B	-0.08969470983565872
PDE8A	-0.05225814320372639
PDE8B	-0.08844596154554472
PDE9A	0.011487316556867485
PDF	-0.04811147058876883
PDGFA	-0.027208487953921695
PDGFB	-0.025058443945555148
PDGFC	-0.19378167874566435
PDGFD	-0.12644792449839565
PDGFRA	0.036264132803981095
PDGFRB	0.1572784258718796
PDGFRL	0.03493975355378355
PDHA1	-0.29774239057564267
PDHA2	-0.13156678380112377
PDHB	-0.28526388483358683
PDHX	-0.17942382389666983
PDIA2	-0.2650251815264071
PDIA3	-0.007470931993665013
PDIA3P	-0.1803847307173875
PDIA4	0.07796774493016931
PDIA5	-0.1878813288613895
PDIA6	0.09087591007303417
PDIK1L	0.06245938289232662
PDILT	0.29159311887497247
PDK1	0.0706462059149915
PDK2	-0.20697689847597278
PDK3	0.15669496676512695
PDK4	-0.15339437382751306
PDLIM1	-0.20720902272781103
PDLIM1P1	-0.3089087273250382
PDLIM1P2	0.19809024295845554
PDLIM1P3	0.02921306736484434
PDLIM1P4	-0.1733027812559634
PDLIM2	-0.12773658627954074
PDLIM3	-0.17341511806816434
PDLIM4	0.03276717187397021
PDLIM5	0.4153650755098865
PDLIM7	-0.11645863467084819
PDP1	0.33064191654492325
PDP2	0.34863834102506186
PDPK1	0.24337412527372174
PDPN	0.2930702545137427
PDPR	0.20003473969620644
PDRG1	0.22749910678975643
PDS5A	0.32022686678620516
PDS5B	0.2261826073083619
PDSS1	-0.3458121673126333
PDSS2	-0.11606295111840162
PDX1	-0.19603440584443713
PDX1-AS1	0.16015208667876477
PDXDC1	-0.06538115150212587
PDXDC2P	-0.19972534357584748
PDXK	0.036685201986567835
PDXP	-0.2758617106606612
PDYN	0.059698774585854444
PDZD11	-0.08065028748066201
PDZD2	-0.045891355242582574
PDZD3	-0.2995508270698918
PDZD4	-0.28452762544838806
PDZD7	-0.16496928127207525
PDZD8	0.15586026514832407
PDZD9	-0.09429190885408696
PDZK1	-0.06851547156868644
PDZK1IP1	0.07908985928603907
PDZK1P1	-0.1382565760910878
PDZK1P2	-0.0010407187690756096
PDZRN3	-0.036275921354806936
PDZRN3-AS1	-0.017696640254643712
PDZRN4	-0.10180055555319201
PEA15	0.10833294219637214
PEAK1	0.34544691721473936
PEAR1	-0.0065096427084783606
PEBP1	-0.2641098999951617
PEBP1P1	-0.15921795845078054
PEBP1P2	-0.2832396754003792
PEBP1P3	-0.12158501433423641
PEBP4	0.08655062333784645
PECR	-0.06229955983857705
PEF1	0.07187782405501764
PEG10	0.17825684110816759
PEG3	-0.12966147496710648
PELI1	0.160283442959566
PELI2	-0.004948408735194297
PELI3	-0.13361266668032937
PELO	0.2335241438314859
PELP1	-0.10182718993294788
PEMT	-0.4052071254371538
PENK	-0.02216173273146303
PEPD	-0.0674793418254128
PER1	-0.1433415073346475
PER2	-0.04181855414329119
PER3	-0.21806920578158787
PERP	-0.04924596399630327
PES1	-0.04926908682112877
PES1P1	0.0974940090925096
PES1P2	0.19326126703380064
PET100	-0.20613845364460412
PET112	-0.2055824075759895
PET117	-0.3546890957615322
PEX1	0.043474221264748016
PEX10	-0.3995625485268227
PEX11A	-0.2917112329893557
PEX11B	-0.023770091313254475
PEX11G	-0.21249181176686854
PEX12	0.23773025373254938
PEX12P1	0.06281768313778471
PEX13	0.21122584563505684
PEX14	-0.36651302120323753
PEX16	-0.08529020798690116
PEX19	-0.23666199357142004
PEX2	-0.10284119091824682
PEX26	-0.013045132509329803
PEX3	-0.10545973758745485
PEX5	-0.12145895206529349
PEX5L	-0.0933116388208309
PEX5L-AS1	0.1696713628151729
PEX5L-AS2	
PEX6	-0.008019171725338678
PEX7	-0.17649231943430502
PF4	0.04716849870520335
PF4V1	0.004172140411814218
PFAS	-0.04862115305673431
PFDN1	0.036450122421213975
PFDN2	0.0492256354773028
PFDN4	0.13451476245451155
PFDN5	-0.1561085445717719
PFDN6	-0.21954314147234374
PFKFB1	0.2105586623022708
PFKFB2	0.03225992248380468
PFKFB3	0.23044464427558944
PFKFB4	-0.014190775219968824
PFKL	-0.17427981549272697
PFKM	-0.20462620297352424
PFKP	-0.11863439312824793
PFN1	-0.13716515438393131
PFN1P1	-0.31046755926567526
PFN1P10	-0.2084842071377997
PFN1P11	0.022850223187527045
PFN1P12	0.04933505881125681
PFN1P2	-0.19443884083414464
PFN1P3	-0.1921575042341854
PFN1P4	-0.16191590917627985
PFN1P5	-0.0809585846524552
PFN1P6	0.10456159727012994
PFN1P7	
PFN1P8	-0.17727424849608464
PFN1P9	-0.3777128343461824
PFN2	-0.1382658357660146
PFN3	0.17476720100585458
PFN4	-0.022299142009983956
PGA3	-0.07513939969115306
PGA4	0.10656476774357872
PGA5	-0.1771822294752332
PGAM1	-0.06564057691245398
PGAM1P1	-0.18274646691561963
PGAM1P10	0.2679337039229904
PGAM1P11	0.18108214133819286
PGAM1P12	-0.2516348188396068
PGAM1P13	0.2568636585146012
PGAM1P2	-0.17022788831982621
PGAM1P3	-0.05586851868045305
PGAM1P4	-0.2183172703551017
PGAM1P5	-0.11370318123151649
PGAM1P6	-0.31008252569512074
PGAM1P7	0.09109256768869528
PGAM1P8	
PGAM1P9	-0.19610327397967026
PGAM2	-0.010670266352882284
PGAM3P	
PGAM4	-0.26429807196252203
PGAM4P1	0.011633631432387185
PGAM4P2	0.1739838589245311
PGAM5	-0.10463121821134345
PGAM5P1	-0.036457683981604774
PGAP1	-0.06022045643117698
PGAP2	-0.2841789388214398
PGAP3	-0.21399003714909973
PGBD1	-0.09033722780570283
PGBD2	0.11600320687832096
PGBD3	0.1636345996459008
PGBD4	0.22339532576548685
PGBD4P1	0.04876171632165055
PGBD4P3	
PGBD4P4	-0.2091237020201935
PGBD4P5	0.025970779725324373
PGBD4P6	0.10608091309335434
PGBD4P7	-0.029893459246307583
PGBD4P8	0.17621416035339932
PGBD5	-0.08052862336350881
PGC	-0.24098650695044482
PGCP1	0.04936413315764935
PGD	-0.11403397482572522
PGDP1	-0.3030524216930603
PGF	0.17977306568735568
PGGT1B	0.06409169826755842
PGGT1BP1	-0.14906541922312513
PGGT1BP2	-0.1883627481258868
PGK1	-0.09400167872648355
PGK1P2	-0.16863443351860175
PGK2	0.0031737450593962327
PGLS	-0.07401291711183398
PGLYRP1	0.10491334587147509
PGLYRP2	-0.06526671869118594
PGLYRP3	0.046674582006046704
PGLYRP4	0.2172335862915886
PGM1	-0.2974859968094331
PGM2	0.09499136287601719
PGM2L1	0.2906241832605185
PGM3	0.23172120011147426
PGM5	-0.24855095460013152
PGM5-AS1	-0.22707493797283118
PGM5P2	0.05854956618079207
PGP	-0.204129407785424
PGPEP1	0.06536812354601362
PGPEP1L	-0.2744761547187808
PGR	0.008952279308777972
PGRMC1	-0.19756950598354953
PGRMC2	-0.06163709441919543
PGS1	0.14002257683535824
PHACTR1	0.2897513911811113
PHACTR2	0.029743418770744955
PHACTR3	-0.0036197489414179804
PHACTR4	0.03622373177339236
PHAX	0.2919377558630165
PHB	-0.22578270117405333
PHB2	-0.2816602477538917
PHB2P1	-0.19736343784762145
PHBP1	-0.38727457371737156
PHBP10	-0.3194319752268011
PHBP11	-0.2612540537618624
PHBP12	-0.2723567439805536
PHBP13	-0.12144321202281314
PHBP14	-0.03325912453167606
PHBP15	-0.03241010161682113
PHBP3	-0.30419613205605145
PHBP4	-0.24777876719609637
PHBP5	-0.20751019507848953
PHBP6	0.02835880360321798
PHBP7	-0.32493455809570804
PHBP8	-0.3811863721867106
PHBP9	-0.11119579037048327
PHC1	0.03020620078146126
PHC1P1	0.3216670329252896
PHC2	0.17752664165121904
PHC3	0.2763926868400045
PHEX	0.13191209023051492
PHEX-AS1	-0.2980721658896963
PHF1	0.04804821428461364
PHF10	0.12877972803869683
PHF11	0.17681329398205492
PHF12	0.11760282886190575
PHF13	0.034583753956491325
PHF14	-0.05491360310094135
PHF15	0.14528561601790527
PHF16	0.2568882010045873
PHF17	0.28817888886908666
PHF19	0.07692915315482374
PHF2	0.14148465977107247
PHF20	0.30009012333115426
PHF20L1	0.3810487373491643
PHF21A	0.24670857893549542
PHF21B	0.055724304241698205
PHF23	-0.07950761673371019
PHF2P2	-0.11238979823868894
PHF3	0.20202833409083445
PHF5A	-0.13564279801579904
PHF5CP	-0.42592655068148144
PHF6	0.20296330346953942
PHF7	-0.327917080883833
PHF8	0.2986906593997441
PHGDH	0.046006454497067986
PHGR1	-0.21627985331710678
PHIP	0.3134607970661898
PHKA1	-0.0020946359804373408
PHKA1-AS1	-0.038734328700421004
PHKA1P1	0.252575050337276
PHKA2	-0.1400863674138249
PHKA2-AS1	-0.21295076038536645
PHKB	0.06591764498337925
PHKBP1	0.058760521512822524
PHKBP2	-0.12913790227528038
PHKG1	0.12972514581228525
PHKG1P1	-0.04929266779623301
PHKG1P2	-0.08133674144458725
PHKG1P4	-0.0825388637415604
PHKG2	-0.19972161497144877
PHLDA1	0.25498538591118486
PHLDA2	0.07540257253348719
PHLDA3	-0.09740968405459381
PHLDB1	-0.28608504666679735
PHLDB2	0.18654581706179166
PHLDB3	-0.13234766747130586
PHLPP1	-0.0968814803236214
PHLPP2	-0.008761759191288264
PHOSPHO1	0.0392737249351214
PHOSPHO2	0.018760920602775275
PHOX2A	-0.03062387825850226
PHOX2B	0.023281150634835265
PHPT1	-0.08327588206586445
PHRF1	0.09740558031544526
PHTF1	0.20479519317942474
PHTF2	0.07994721270177849
PHYH	-0.12811770343464102
PHYHD1	-0.0377558450987513
PHYHIP	-0.06506425093474175
PHYHIPL	-0.11672371027475854
PHYKPL	-0.17033732314259142
PI15	0.019231659837869144
PI16	-0.24279537080037694
PI3	0.10689059468087105
PI4K2A	0.17286448621084385
PI4K2B	-0.0152176044059289
PI4KA	0.3137875145773009
PI4KAP1	0.3091062390994777
PI4KAP2	-0.2244462692811555
PI4KB	0.14444116463490614
PIANP	-0.08824405834171808
PIAS1	0.2815852269102836
PIAS2	0.0836029282227699
PIAS3	0.004930129711257695
PIAS4	0.09552377405327149
PIBF1	0.15538609220050473
PICALM	0.2088803407847172
PICK1	-0.18396164611900367
PID1	-0.18901357354497392
PIDD	-0.17728861561457493
PIEZO1	0.06436623824390686
PIEZO1P1	
PIEZO1P2	0.3417037188627079
PIEZO2	-0.07399399525440571
PIF1	-0.021753781606763188
PIFO	-0.18733496883785863
PIGA	0.28085110080923786
PIGB	0.0007391322831087701
PIGC	-0.022970867296305302
PIGCP1	-0.3275898735902828
PIGCP2	0.02322795131534932
PIGF	-0.19508436301913543
PIGFP1	0.28082282819184595
PIGFP2	0.001607017271710607
PIGFP3	-0.04929266779623301
PIGG	0.0950198399313689
PIGH	-0.10141813097624561
PIGHP1	0.198836043272606
PIGK	0.08035848285066402
PIGL	-0.22886598360371857
PIGM	0.23262715148176
PIGN	-0.02401519218669327
PIGO	-0.12728764397902095
PIGP	-0.005506231717813953
PIGPP2	-0.17203210372158195
PIGPP3	-0.10577185630326362
PIGPP4	
PIGQ	-0.06388307757473236
PIGQP1	0.0061827096326884014
PIGR	0.1894237071143887
PIGS	-0.03232956302211529
PIGT	-0.24150503299584
PIGU	-0.3010526621793502
PIGUP1	-0.29729348649992293
PIGV	-0.23154065098293275
PIGW	-0.16033215751270752
PIGX	0.2179190686699227
PIGY	
PIGZ	-0.14549215220474487
PIH1	-0.056393835618046874
PIH1D1	-0.09069399599152494
PIH1D2	-0.025638754003312194
PIH1D3	0.007693305290640667
PIK3AP1	0.23745297062124882
PIK3C2A	0.37657950013658453
PIK3C2B	0.14437468459873468
PIK3C2G	-0.06303628409508735
PIK3C3	0.30054622399089725
PIK3CA	0.2761792467454051
PIK3CB	0.17566782370958708
PIK3CD	0.25820839054157657
PIK3CG	0.25688353756462706
PIK3IP1	0.03235422153574687
PIK3R1	0.028485530572705853
PIK3R2	-0.0767121144750603
PIK3R3	0.22140597048108002
PIK3R4	0.31459787908230613
PIK3R5	0.1219292088397607
PIK3R6	-0.0489014053719053
PIKFYVE	0.37609649537179707
PILRA	0.08276905099334131
PILRB	-0.0670436839680808
PIM1	0.0705591171814052
PIM2	0.15335318954269445
PIM3	0.08552756505020899
PIN1	-0.023390409700827213
PIN1P1	-0.019498406047414034
PIN4	0.00850068284100619
PIN4P1	-0.24940208916255416
PINK1	-0.06086751550335967
PINK1-AS	-0.10865396594895037
PINLYP	-0.21192829840642072
PINX1	-0.15604486929418973
PIP	-0.06540137532300347
PIP4K2A	0.19262900261742394
PIP4K2B	0.19225390033897893
PIP4K2C	-0.013444707635932888
PIP5K1A	0.15789354148551665
PIP5K1B	-0.18524903307539467
PIP5K1C	0.10925848337749153
PIP5K1P1	-0.1287421332708013
PIP5K1P2	-0.1180351167960579
PIP5KL1	-0.13119853666706913
PIPOX	-0.05064731469199171
PIPSL	-0.22754722335247976
PIR	-0.17533991726082393
PIRT	0.17344518342700224
PISD	0.1442147180152511
PITHD1	-0.21994797612697278
PITPNA	-0.10498949225995197
PITPNA-AS1	-0.17400962152932703
PITPNB	0.38171240121968464
PITPNC1	0.26340787508111396
PITPNM1	0.15485647185986892
PITPNM2	0.01044051295578406
PITPNM3	-0.07552030910440218
PITRM1	-0.04139085957977898
PITRM1-AS1	-0.10932477928622628
PITX1	-0.16447256001623883
PITX2	-0.04545732554672651
PITX3	0.2034406214711999
PIWIL1	-0.2593391114851051
PIWIL2	-0.08736870154923015
PIWIL3	-0.010336733815197842
PIWIL4	-0.020496531815929253
PJA1	0.26466679587126285
PJA2	0.16398975933276044
PKD1	0.06592727790943924
PKD1L1	-0.005266464230432696
PKD1L2	0.10081319520965568
PKD1L3	0.002409718029504563
PKD1P1	-0.17411699593101468
PKD1P5	0.12091960519449597
PKD1P6	0.11841280215066982
PKD2	0.1332208838523682
PKD2L1	-0.01676882509760157
PKD2L2	-0.16935405979416174
PKDCC	-0.225874383953911
PKDREJ	0.3432357240394472
PKHD1	-0.024763387860778172
PKHD1L1	0.20813134654361268
PKIA	0.2374249481923779
PKIB	-0.1174962149453722
PKIG	0.12249023442716826
PKLR	-0.06432391353469977
PKM	-0.019288714849214118
PKMP1	-0.31764554053065924
PKMP2	-0.08201590438382025
PKMP3	-0.08569056150130581
PKMP4	-0.09158923380083804
PKMP5	-0.3301215493845253
PKMYT1	-0.10003087184021402
PKN1	0.1523235225442732
PKN2	0.14468194967226075
PKN3	-0.1706713971650349
PKNOX1	0.11268670107016579
PKNOX2	0.07701282589483233
PKP1	0.16046904072622048
PKP2	-0.003313022378274168
PKP3	-0.1508606126742884
PKP4	0.04287038968171299
PKP4P1	-0.15955531907940124
PLA1A	0.11136508881690575
PLA2G10	-0.2506900102341441
PLA2G12A	-0.25161687558275375
PLA2G12AP1	-0.13287494431249455
PLA2G12AP2	
PLA2G12B	0.010108111881949303
PLA2G15	-0.19408380267134295
PLA2G16	-0.09364607164423663
PLA2G1B	-0.030428706778255172
PLA2G2A	-0.007709261712247016
PLA2G2C	-0.3188011521038398
PLA2G2D	0.1821586746501624
PLA2G2E	-0.09740849548968211
PLA2G2F	0.116946947011276
PLA2G3	-0.05658216316954314
PLA2G4A	-0.059718288577405014
PLA2G4B	-0.3324028728353859
PLA2G4C	0.06311401403291851
PLA2G4D	0.09442869698369356
PLA2G4E	0.028115815657630282
PLA2G4F	-0.1885942295692801
PLA2G5	-0.2038747620812107
PLA2G6	0.019858681190987236
PLA2G7	0.14545498552377467
PLA2R1	-0.08108751203617122
PLAA	0.11125057799501847
PLAC1	-0.08591499535986567
PLAC1L	0.09219904606332567
PLAC4	-0.14865996112297492
PLAC8	0.14623029876735905
PLAC8L1	-0.04562891717659452
PLAC9	-0.2131715763980938
PLAG1	0.19657371368955368
PLAGL1	-0.043945620352187145
PLAGL2	0.16567709896387445
PLAT	0.050320551107083014
PLAU	0.2503606894593835
PLAUR	0.16720800873644556
PLB1	-0.1317134008840462
PLBD1	-0.1562889319955907
PLBD2	0.11517269653382323
PLCB1	0.09552213615059713
PLCB1-IT1	0.26828268448114834
PLCB2	0.11130190456160247
PLCB2-AS1	-0.007061902585908661
PLCB3	-0.0733664824051054
PLCB4	-0.007211979193141547
PLCD1	-0.10108906565408715
PLCD3	-0.21303730152413278
PLCD4	-0.18502315634245567
PLCE1	-0.0038194166703989538
PLCE1-AS1	0.24220212643944164
PLCG1	0.08618285123156731
PLCG2	0.26660537210618
PLCH1	-0.0014874672986409914
PLCH1-AS1	-0.16289457552099712
PLCH1-AS2	
PLCH2	0.03858570355419363
PLCL1	0.16102305353594745
PLCL2	0.12217667235455704
PLCL2-AS1	0.18327581774737803
PLCXD1	0.04557173482554082
PLCXD2	0.35096867137134463
PLCXD2-AS1	-0.34522823534994723
PLCXD3	0.03727219455189856
PLCZ1	0.10452254978928788
PLD1	-0.03805845236352247
PLD2	0.0538184747800833
PLD3	-0.040455121750565204
PLD4	-0.0329584363852381
PLD5	-0.29841558642800137
PLD6	0.015476431146283895
PLEC	0.1916942117715958
PLEK	0.11280034630545849
PLEK2	-0.031071957240197103
PLEKHA1	0.08578511843797659
PLEKHA2	0.33424771308345036
PLEKHA3	-0.1104838625979049
PLEKHA3P1	0.20951784840805746
PLEKHA4	-0.12896073319213805
PLEKHA5	-0.07822251226673216
PLEKHA6	-0.11848545824604456
PLEKHA7	0.003988957134359718
PLEKHA8	0.2339743365664686
PLEKHA8P1	0.25593744960597214
PLEKHB1	-0.06970486847364271
PLEKHB2	0.009889646703246527
PLEKHD1	0.15583678236357065
PLEKHF1	0.12458040659902384
PLEKHF2	0.24410019826496349
PLEKHG1	0.3682232817898743
PLEKHG2	0.2801115412132983
PLEKHG3	-0.043731705766713994
PLEKHG4	-0.08660347344546253
PLEKHG4B	0.06105168733843765
PLEKHG5	-0.11469965470832928
PLEKHG6	-0.2429721526598134
PLEKHG7	0.0027532732040184272
PLEKHH1	-0.11006116948188435
PLEKHH2	0.10824157990035044
PLEKHH3	-0.014942012112627138
PLEKHJ1	-0.18569884759983718
PLEKHM1	0.024988821134520372
PLEKHM1P	-0.047604657855853404
PLEKHM2	0.1827726007462818
PLEKHM3	0.178833960827097
PLEKHN1	0.05108258067984123
PLEKHO1	0.23852994394179172
PLEKHO2	0.21500005195999444
PLEKHS1	0.05320822211270078
PLG	-0.10288746237732829
PLGLA	-0.13672362505838434
PLGLB1	0.050009335756451126
PLGLB2	-0.05374863990353892
PLGRKT	-0.13121213948685634
PLIN1	-0.2070630819344063
PLIN2	-0.2020850872994446
PLIN3	0.051359787736451334
PLIN4	-0.2130280041306846
PLIN5	-0.019963014509195024
PLK1	-0.16761248013113905
PLK1S1	0.017903632402060443
PLK2	0.11347650077767626
PLK3	0.07486059268829623
PLK4	-0.11978465506304475
PLK5	-0.21078012556542366
PLLP	-0.06821860842137742
PLN	-0.10282544496442851
PLOD1	0.05646539151804849
PLOD2	-0.15244105813649894
PLOD3	0.03128254474454396
PLP1	-0.04961147801531085
PLP2	-0.19213575921869452
PLRG1	0.40182464929847006
PLS1	0.031524767340064375
PLS1-AS1	-0.002993072031100213
PLS3	0.17511880247956074
PLSCR1	0.244897743603297
PLSCR2	0.3134546642188736
PLSCR4	0.004417237451464165
PLSCR5	0.1824435654901999
PLSCR5-AS1	
PLTP	-0.12866108500218243
PLVAP	-0.1199593504129816
PLXDC1	-0.025839212217147276
PLXDC2	0.28485151037755024
PLXNA1	0.29454011688162013
PLXNA2	0.03353919673498418
PLXNA3	0.19248585662553408
PLXNA4	0.1844099989333934
PLXNB1	-0.24364243056069607
PLXNB2	0.08419224149177211
PLXNB3	-0.1335394007632656
PLXNC1	0.16258429030643773
PLXND1	0.10325193005263351
PM20D1	-0.14157669173897802
PM20D2	-0.1074190148456712
PMAIP1	0.24334412884690687
PMCH	0.13210253396225313
PMCHL1	-0.1145027423837322
PMCHL2	-0.01481191446216197
PMEL	-0.14411501749877806
PMEPA1	0.32690652899320327
PMF1	-0.0751345218542744
PMF1-BGLAP	0.16856020591942544
PMFBP1	-0.004779087937959768
PML	0.26700005746553185
PMM1	-0.16195321989444955
PMM2	-0.021179822288588734
PMM2P1	-0.39407440903174074
PMP2	-0.1385740366340493
PMP22	-0.18744918008932523
PMPCA	-0.24438079647067287
PMPCB	-0.1821941061320594
PMS1	0.005716972040810009
PMS2	0.2572211405970994
PMS2CL	0.026038007651439623
PMS2P1	0.17657017510145023
PMS2P10	-0.06279269637637074
PMS2P11	0.11408229196240782
PMS2P2	-0.07141598092384929
PMS2P3	-0.086391120628424
PMS2P4	-0.13820931257471442
PMS2P5	0.11181828801253169
PMS2P9	0.11054258693252202
PMVK	-0.2673651777721715
PNCK	-0.07291612327306522
PNISR	0.03369857313441364
PNKD	-0.24358058071068953
PNKP	0.07546223171127661
PNLDC1	-0.2724727854670603
PNLIP	-0.09210471501793072
PNLIPP1	-0.10962403779217986
PNLIPRP1	-0.2354056597459075
PNLIPRP2	-0.04772461548415755
PNLIPRP3	0.045448366492178996
PNMA1	-0.0018560606591229254
PNMA2	0.29426436950345336
PNMA3	0.18004344844921064
PNMA5	-0.03533290547082442
PNMA6A	-0.105654296076709
PNMA6B	
PNMA6C	-0.1035901204017465
PNMA6D	-0.2349314124202479
PNMAL1	0.08002033510679649
PNMAL2	-0.07564193268680619
PNMT	0.09742966733607379
PNN	-0.06859073045881173
PNO1	0.04948963984692094
PNOC	0.07417296732431083
PNP	0.17617772818266256
PNPLA1	0.23020448446842806
PNPLA2	-0.09198455174482523
PNPLA3	0.04811672342814153
PNPLA4	-0.06956657025129037
PNPLA4P1	0.2264407244628734
PNPLA5	0.3212696391420392
PNPLA6	-0.003636395184291718
PNPLA7	0.05483732637914075
PNPLA8	0.3356192748927938
PNPO	-0.2426671185830284
PNPT1	-0.18918150956290236
PNPT1P1	-0.2357412155890724
PNPT1P2	-0.13666427478147397
PNRC1	0.25267061515175143
PNRC2	-0.13054044793294273
POC1A	-0.1968154496115803
POC1B	-0.06053557130199661
POC1B-GALNT4	
POC5	0.08093266003882599
PODN	-0.2896413054158528
PODNL1	0.06383252771150176
PODXL	0.06584429653704424
PODXL2	-0.08433298833884627
POF1B	0.07144180346072884
POFUT1	-0.051557056366079324
POFUT2	0.08292116694123046
POGK	0.32899809047336515
POGLUT1	0.27630785737032976
POGZ	0.20532377824569192
POLA1	0.07004853940600847
POLA2	-0.047692493752768
POLB	0.2251747508772972
POLD1	-0.1772451014934954
POLD2	-0.11107924431814431
POLD2P1	-0.2996849693700906
POLD3	0.24291696780724367
POLD4	-0.12432360790089107
POLDIP2	-0.2419546977899437
POLDIP3	0.15687491179036497
POLE	0.1843729892661956
POLE2	-0.17921245399359348
POLE3	-0.09144382358475787
POLE4	-0.045295573918173015
POLG	0.0718130000666246
POLG2	0.03637267755150211
POLH	0.20093789627712547
POLHP1	-0.13138805904164655
POLI	-0.10774772934941479
POLK	0.2544014655071361
POLL	-0.06900314634366178
POLM	-0.033259758390768106
POLN	0.18557303752349474
POLQ	-0.008235408240927678
POLR1A	0.20429209100924567
POLR1B	0.13137647230346886
POLR1C	-0.05747958294081414
POLR1D	-0.13737847086567095
POLR1E	0.12210215873520414
POLR2A	0.25458576116595816
POLR2B	0.17132560808075184
POLR2C	0.040794555700680135
POLR2CP	0.3715315361224424
POLR2D	0.44924301375037723
POLR2E	-0.19002206665870666
POLR2F	-0.1774996395122399
POLR2G	-0.26059609960876584
POLR2H	-0.34290678476116254
POLR2I	-0.11609274337071729
POLR2J	-0.05449178158158368
POLR2J2	-0.1660936443494969
POLR2J3	0.05963549959524956
POLR2J4	-0.09204269544525731
POLR2K	-0.17608443105422053
POLR2KP1	-0.237467696479301
POLR2KP2	0.06092410634351245
POLR2L	-0.12812816606443894
POLR2LP	-0.2397056428739402
POLR2M	-0.1456504722932193
POLR3A	0.31673522596410403
POLR3B	-0.014807884938250105
POLR3C	0.2153571800800016
POLR3D	0.1084276610165552
POLR3DP1	0.07532585155637626
POLR3E	-0.08630012547933243
POLR3F	-0.017790616518745788
POLR3G	0.24514864542738912
POLR3GL	-0.20678522404346014
POLR3H	0.18320588939254137
POLR3K	-0.18533970495211566
POLR3KP1	-0.23344911859497566
POLR3KP2	-0.033253174638984286
POLRMT	-0.19767999107158654
POLRMTP1	-0.07210449492728045
POM121	0.24580122983326005
POM121B	0.13487450708775098
POM121C	0.1871294054021612
POM121L10P	-0.22365879894544896
POM121L12	0.12851408594302455
POM121L13P	-0.041285502512003885
POM121L14P	-0.0010407187690756096
POM121L1P	-0.003513586806180635
POM121L2	0.007614416301428836
POM121L3P	-0.09919910194149513
POM121L4P	-0.07441767218614191
POM121L7	0.4060321043030015
POM121L8P	-0.022866996014839852
POM121L9P	-0.018573789075706275
POMC	0.21086466549248398
POMGNT1	-0.3084493752008454
POMGNT2	-0.28037320233857066
POMK	0.3123278554859527
POMP	0.2757306908300157
POMT1	-0.03614344385667741
POMT2	-0.2721088838996358
POMZP3	0.041652300622966494
PON1	-0.1775105921872797
PON2	-0.025322599696813875
PON3	-0.20760260801166172
POP1	0.21278305294362243
POP4	-0.012209279138764814
POP5	-0.27737999778143724
POP7	-0.20281668692941102
POPDC2	0.17079784989060937
POPDC3	0.10905033493746245
POR	-0.18284197003389152
PORCN	-0.06942396813235811
POSTN	-0.11006264859706609
POT1	0.07839677265090009
POTEA	0.16497583316875503
POTEB	-0.0038175842362802555
POTEB2	0.11638945976650181
POTEC	0.3416516576734002
POTED	-0.026051630049923495
POTEE	-0.306932442933415
POTEF	-0.11256140701580114
POTEG	-0.1971830106559371
POTEH	0.24373102887889916
POTEH-AS1	-0.04040401912056214
POTEI	0.13928843288435347
POTEJ	0.3023825304683785
POTEKP	-0.2084969282433756
POTEM	0.318607834437241
POU1F1	0.26660729969981467
POU2AF1	0.22853557831786386
POU2F1	0.283202449430037
POU2F2	0.2804947091308483
POU2F3	-0.1188422731490894
POU3F1	0.1373906356645623
POU3F2	0.06926505851463352
POU3F3	0.038180852805468915
POU3F4	-0.3675872832440309
POU4F1	0.1083978789265025
POU4F2	0.2713460400655456
POU4F3	-0.08286843340692857
POU5F1	-0.08942277432622124
POU5F1B	-0.029701224834783393
POU5F1P2	0.2174092420701771
POU5F1P3	-0.1268569158746662
POU5F1P4	0.2021484171316108
POU5F1P5	0.017276047482156574
POU5F1P6	0.26269181014329807
POU5F1P7	0.279253956685984
POU5F2	0.055551176262584066
POU6F1	0.03045254121701647
POU6F2	-0.11342105136867395
POU6F2-AS1	-0.034121641271894446
POU6F2-AS2	-0.086416012618765
PP2D1	0.04665311767949274
PPA1	0.23224059698181726
PPA2	-0.1765334621369604
PPAN	0.27757486169343
PPAN-P2RY11	-0.2315658310506148
PPAP2A	-0.11513285352419322
PPAP2B	0.0057568702414222805
PPAP2C	-0.11976348817498401
PPAPDC1A	0.06498171832923112
PPAPDC1B	-0.1082763370030482
PPAPDC2	-0.03941867169274386
PPAPDC3	0.09345585652847141
PPARA	0.04309662366200153
PPARD	-0.029800723245735756
PPARG	-0.22390291746756644
PPARGC1A	-0.18054807823686894
PPARGC1B	-0.07816535503309537
PPAT	0.004558543033569216
PPATP1	0.37368849829902645
PPATP2	-0.03325912453167606
PPBP	0.032434286225897536
PPBPP1	-0.1475939828417878
PPBPP2	0.14212945305565383
PPCDC	-0.1046625091731544
PPCS	-0.1099285915094009
PPDPF	0.06686986078680517
PPEF1	-0.0036717711388837473
PPEF1-AS1	-0.12913790227528038
PPEF2	-0.2877572396870368
PPFIA1	0.2001833768737639
PPFIA2	-0.1665219323319398
PPFIA3	-0.21545868985946695
PPFIA4	-0.01579007386556817
PPFIBP1	0.2013699002656762
PPFIBP2	-0.1589534028809038
PPHLN1	0.05423404566956052
PPIA	-0.20091083224728623
PPIAL4A	0.04512741482318867
PPIAL4B	-0.04282814771721665
PPIAL4C	0.014418535467583465
PPIAL4D	-0.08136845285388883
PPIAL4E	0.1645747362060051
PPIAL4F	-0.030884355416585733
PPIAL4G	0.09628856190691136
PPIAP1	0.06572212701676158
PPIAP10	0.15855559189756877
PPIAP11	-0.2785014045311038
PPIAP13	-0.3805988476963543
PPIAP14	-0.10058616673059856
PPIAP15	-0.11376979587221979
PPIAP16	-0.011650555945963243
PPIAP17	
PPIAP19	-0.3556066648834659
PPIAP2	-0.11861202152626787
PPIAP20	-0.22209322446173024
PPIAP21	-0.15262410087576694
PPIAP22	0.2436471076882335
PPIAP23	-0.10610400556352279
PPIAP24	0.09169549516733877
PPIAP25	0.12149310648349075
PPIAP26	-0.20255028798271427
PPIAP27	-0.14985283766016175
PPIAP28	-0.05196022564057808
PPIAP29	-0.1568174918087146
PPIAP3	-0.08887859877500849
PPIAP30	-0.42656090127269664
PPIAP31	-0.29974732795294373
PPIAP6	-0.24357503538801864
PPIAP7	-0.2752298997913786
PPIAP9	-0.25822766542911996
PPIB	-0.05680932443568362
PPIC	-0.08900175393834843
PPID	0.13270603272498674
PPIE	-0.11152054893241067
PPIEL	-0.09230743129293272
PPIF	-0.18452176885320307
PPIG	0.11582244738954812
PPIH	-0.17228709080386115
PPIHP1	-0.06891458368890552
PPIL1	0.15765809142170326
PPIL1P1	-0.10268763493197221
PPIL2	-0.02869466647936421
PPIL3	-0.2643439768826897
PPIL4	0.04543820016916968
PPIL6	-0.15852628819817793
PPIP5K1	-0.35083598684109335
PPIP5K2	0.03481668835001157
PPL	0.032156653792550983
PPM1A	-0.11907317371705924
PPM1AP1	-0.2854037208890777
PPM1B	-0.005696527845173942
PPM1D	0.008530968788797676
PPM1E	0.0575777857355683
PPM1F	0.09297443398161871
PPM1G	-0.20147448902539386
PPM1H	0.09689615512878473
PPM1J	-0.026682760809159174
PPM1K	0.30240146874136337
PPM1L	0.11137774293185672
PPM1M	0.17491422273266966
PPM1N	0.09672331549995469
PPME1	-0.10718191515373679
PPOX	-0.08092913933889871
PPP1CA	0.04523042908529392
PPP1CB	-0.19675964093106554
PPP1CC	-0.1614505849679618
PPP1R10	0.30206397254671924
PPP1R10P1	0.14392240665221057
PPP1R11	-0.0267612521867309
PPP1R11P1	-0.2774736253547374
PPP1R11P2	-0.19178924741835446
PPP1R12A	0.15394111631166385
PPP1R12B	0.020633121373480293
PPP1R12BP1	-0.1988486540281522
PPP1R12BP2	-0.2315658310506148
PPP1R12C	-0.2421450863116427
PPP1R13B	-0.0770802107861097
PPP1R13L	0.03771249174881649
PPP1R14A	-0.3527153879039396
PPP1R14B	-0.21163093015130344
PPP1R14BP2	-0.3681971314546567
PPP1R14BP3	-0.2978472916929064
PPP1R14BP5	-0.07156534005581029
PPP1R14C	-0.06105733509028233
PPP1R14D	-0.024875710184843195
PPP1R15A	-0.11732295158613257
PPP1R15B	0.28329500179447376
PPP1R16A	-0.13727612254871638
PPP1R16B	0.30262195574337447
PPP1R17	-0.011940246099328694
PPP1R18	0.24121854791852634
PPP1R1A	0.0359897745324653
PPP1R1AP1	-0.03837364301540315
PPP1R1AP2	0.017649229380971045
PPP1R1B	-0.3027798229958097
PPP1R1C	0.012199906755210746
PPP1R2	0.07597331692880417
PPP1R21	0.11312395555235576
PPP1R26	-0.1255943988569443
PPP1R26-AS1	-0.19195957009669612
PPP1R26P1	0.075677524265556
PPP1R26P2	-0.035091454681360726
PPP1R26P3	-0.15091128051857014
PPP1R26P5	0.18317650867712962
PPP1R27	-0.07562626201672
PPP1R2P1	-0.12741250634985665
PPP1R2P10	0.042351170990671004
PPP1R2P2	-0.059675574126615144
PPP1R2P3	-0.20553934351167918
PPP1R2P4	
PPP1R2P5	0.2123232515545905
PPP1R2P6	-0.051701740889467995
PPP1R2P9	0.1524780172203118
PPP1R32	-0.2013057382880369
PPP1R35	-0.075416331209066
PPP1R36	-0.2618757713862835
PPP1R37	-0.0795773099723072
PPP1R3A	0.059216022932240236
PPP1R3B	-0.007803791608511869
PPP1R3C	-0.14816766842752055
PPP1R3D	0.23404814877977956
PPP1R3E	-0.12364167277560231
PPP1R3F	0.2969086450430629
PPP1R3G	-0.06304510802211237
PPP1R42	-0.00916731992895549
PPP1R7	-0.10460175372606176
PPP1R8	-0.03920241171438114
PPP1R8P1	-0.2349523421733552
PPP1R9A	0.140002728828873
PPP1R9B	0.19836995255331752
PPP2CA	0.11737433135942434
PPP2CB	-0.22199444926844297
PPP2R1A	-0.21584355437275562
PPP2R1B	0.11307884956718021
PPP2R2A	0.15050964861140284
PPP2R2B	0.10163462836584146
PPP2R2B-IT1	
PPP2R2C	0.11413497675817698
PPP2R2D	-0.12379413891319267
PPP2R2DP1	-0.015412898767258171
PPP2R3A	-0.02722468644369371
PPP2R3B	-0.10982054204445667
PPP2R3C	0.21594434238936208
PPP2R4	0.004213960348435201
PPP2R5A	0.07004759528949549
PPP2R5B	0.2848117519541187
PPP2R5C	0.21836601972210753
PPP2R5D	-0.12478750935145623
PPP2R5E	0.07320115736479006
PPP3CA	0.18451164488204216
PPP3CB	0.08253947112450724
PPP3CC	0.13997399820053583
PPP3R1	0.13744081098180286
PPP3R2	0.08067057397277572
PPP4C	0.09676583605853027
PPP4R1	0.09900687199374616
PPP4R1L	0.3866339365596408
PPP4R2	0.2927421511932287
PPP4R4	-0.18514504122129624
PPP5C	-0.24423314018980494
PPP5D1	-0.28100448560603253
PPP6C	-0.03483317968396556
PPP6R1	0.17102662366431157
PPP6R2	-0.17573958770250375
PPP6R2P1	-0.13236186625930418
PPP6R3	0.10112934585566184
PPRC1	0.28399670913058905
PPT1	0.07412550922709217
PPT2	-0.2237257332914755
PPT2-EGFL8	-0.23656820087609523
PPTC7	-0.04716148569205002
PPWD1	0.09287480418319598
PPY	-0.052272619544493096
PPY2	0.35214003503777175
PQBP1	-0.25310412600212095
PQLC1	-0.029463912141004522
PQLC1P1	
PQLC2	-0.05483641388518772
PQLC3	-0.1427126279857668
PRAC1	-0.2014200526678958
PRAC2	-0.3016932408829717
PRADC1	-0.23527343001814696
PRADC1P1	-0.24782943983221523
PRAF2	-0.01313227192117695
PRAM1	0.12412287150204827
PRAME	-0.12395566713511365
PRAMEF1	
PRAMEF10	-0.21469908076283203
PRAMEF11	
PRAMEF12	-0.01586921000608735
PRAMEF13	-0.04393865143812509
PRAMEF14	-0.060598111021221396
PRAMEF15	-0.17629616398763542
PRAMEF17	
PRAMEF18	
PRAMEF19	-0.2315658310506148
PRAMEF2	-0.008967050010602105
PRAMEF20	
PRAMEF21	
PRAMEF22	
PRAMEF23	
PRAMEF25	0.10656476774357872
PRAMEF26	
PRAMEF4	
PRAMEF5	-0.1475939828417878
PRAMEF6	
PRAMEF7	-0.08764712668088462
PRAMEF8	-0.1859908610885572
PRAMEF9	-0.005624354190250816
PRAMENP	0.0575112733329271
PRAP1	-0.23696229336361463
PRB1	0.049283796550672686
PRB2	0.23401856454193384
PRB3	-0.11873145661200211
PRB4	-0.32509852269513323
PRC1	-0.21621148382100577
PRC1-AS1	-0.16593185282676348
PRCC	0.0896175451353021
PRCD	0.010919762816155247
PRCP	0.1131083302931921
PRDM1	0.13626353631445143
PRDM10	0.07574404625687302
PRDM11	-0.005103200336139592
PRDM12	0.12311165455074921
PRDM13	0.09312745691413572
PRDM14	-0.2454710732369074
PRDM15	0.22607628516576206
PRDM16	0.0033118797287194387
PRDM2	0.2987124865103068
PRDM4	-0.09038127336559351
PRDM5	-0.15518691573292712
PRDM6	-0.2821852124547643
PRDM7	-0.16534479057902443
PRDM8	0.21855455617381903
PRDM9	-0.18844055245417005
PRDX1	-0.04586184149144786
PRDX2	-0.31780315768366507
PRDX2P1	-0.2607403516260722
PRDX2P2	-0.2437822550719945
PRDX2P3	0.254647758429704
PRDX2P4	-0.30199264083800725
PRDX3	-0.17665761632200305
PRDX3P1	-0.33059022068988575
PRDX3P2	-0.1605366271404186
PRDX3P3	0.0043681766201327564
PRDX3P4	-0.3389674166026393
PRDX4	0.0889863346285787
PRDX4P1	
PRDX5	-0.22475375001085734
PRDX6	-0.211401071190063
PREB	0.03258170400263417
PRED57	-0.22841481311023232
PRELID1	-0.11934914335544304
PRELID1P1	-0.20909740304723765
PRELID1P2	0.28053452153389247
PRELID1P3	-0.26831171844349594
PRELID1P4	-0.2865566196058259
PRELID2	0.21066340554043375
PRELID2P1	0.03053036114400454
PRELP	0.22119615458829345
PREP	0.03630896118775628
PREPL	0.13326044151695743
PREX1	0.18217631441032636
PREX2	0.08673987641738187
PRF1	0.007227523821215635
PRG2	0.1282351404148569
PRG3	0.15508859636031871
PRG4	0.3307853134580605
PRH1	
PRH2	0.20329371592659193
PRICKLE1	0.2168784708099432
PRICKLE2	0.017556594231904088
PRICKLE2-AS1	
PRICKLE2-AS2	-0.041189528286107634
PRICKLE2-AS3	0.29516481553173296
PRICKLE3	-0.07955963315738987
PRICKLE4	-0.27640805612931024
PRIM1	-0.1156209699821942
PRIM2	-0.1623183519736999
PRIMA1	-0.25704918679022526
PRIMPOL	-0.1257270940863145
PRKAA1	0.22620605953215464
PRKAA2	-0.061349946070905825
PRKAB1	-0.019427285375565456
PRKAB2	-0.01649202042427157
PRKACA	-0.1131809245159557
PRKACB	-0.02931199258934146
PRKACG	-0.23306065928112316
PRKAG1	-0.3792748615865637
PRKAG2	-0.12907180443510016
PRKAG2-AS1	-0.12976742076396505
PRKAG3	0.12216806665425606
PRKAR1A	0.17272522884372377
PRKAR1AP	0.02895393413839524
PRKAR1B	0.0029292376192682494
PRKAR2A	0.03736716111765578
PRKAR2A-AS1	-0.07216452050427957
PRKAR2B	0.07643068053971337
PRKCA	0.08106693863270678
PRKCB	0.2722264184126622
PRKCD	-0.09356090795387195
PRKCDBP	0.07781001941452158
PRKCE	0.052413387851513116
PRKCG	-0.012562055948176049
PRKCH	0.24513222227130754
PRKCI	0.007737708870145149
PRKCQ	0.20303387352110652
PRKCQ-AS1	0.16613912595001432
PRKCSH	-0.16062008053390864
PRKCZ	-0.1851989139093439
PRKD1	0.061529315563169346
PRKD2	0.17535165782033885
PRKD3	0.2839778929311981
PRKDC	0.29127693600877813
PRKG1	0.01195113314192292
PRKG1-AS1	0.0636001144133029
PRKG2	-0.04604843187591286
PRKRA	-0.05566627807776309
PRKRIP1	0.03786236101590513
PRKRIR	0.15710059073253485
PRKRIRP1	-0.21744975330296631
PRKRIRP2	-0.3910179559146898
PRKRIRP3	-0.33515345341207015
PRKRIRP4	0.2924129670691216
PRKRIRP5	0.18608767490282876
PRKRIRP6	-0.1076852866863664
PRKRIRP7	0.31456120225777967
PRKRIRP8	-0.22766834606654826
PRKRIRP9	-0.06746518906990168
PRKX	0.17249633454983496
PRKX-AS1	-0.038684826110553176
PRKXP1	0.10400449605873702
PRKY	-0.016385680401108722
PRL	0.038438983700192934
PRLH	0.0014750392527230652
PRLHR	0.05821151641781346
PRLR	0.04326242535499449
PRM1	0.15773989439916547
PRM2	-0.01491552678569957
PRM3	0.2619052655187281
PRMT1	-0.1254483665955718
PRMT10	0.032036184932052514
PRMT2	-0.13885650365538424
PRMT3	-0.2789837606276211
PRMT5	-0.21368556838469552
PRMT5-AS1	-0.12549922985077294
PRMT6	0.012178756431530852
PRMT7	-0.13386064654529733
PRMT8	0.06945072125296312
PRND	-0.17424181852839235
PRNP	0.045529531416809585
PRNT	-0.07943409802637948
PROB1	0.14564781787505074
PROC	-0.06748413444523224
PROCA1	-0.14141633427423875
PROCR	-0.21411628627358395
PRODH	-0.06934621820941142
PRODH2	-0.06593753844884877
PROK1	-0.09850884829131126
PROK2	0.22974757937585177
PROKR1	-0.03744405588848815
PROKR2	0.12886680827716587
PROL1	-0.18576023042732143
PROM1	-0.07428726430407007
PROM2	-0.21674829957535302
PROP1	-0.11794107146691331
PRORSD1P	-0.25210753630309346
PROS1	-0.20582716812328
PROSC	-0.10943673447370605
PROSER1	0.06844131721565658
PROSER2	0.09393616789279205
PROSER2-AS1	0.20645194434258074
PROSP	-0.37744814845085733
PROX1	0.1947452567930715
PROX1-AS1	-0.1694193499895025
PROX2	-0.22376904531098074
PROZ	0.004633496134410211
PRPF18	0.08546564918781134
PRPF19	-0.19771711133575423
PRPF19P1	0.13423925210817114
PRPF3	0.07159962563816594
PRPF31	-0.11910731462384366
PRPF38A	-0.10117493945689883
PRPF38AP1	-0.337094297779143
PRPF38AP2	-0.2441803633637222
PRPF38B	0.030527438456126422
PRPF39	-0.026364727304485632
PRPF4	0.24928158313602666
PRPF40A	0.1313578879542738
PRPF40B	-0.12838015307690104
PRPF4B	0.1710091743242313
PRPF6	-0.022525180652151575
PRPF8	0.2572040380690005
PRPH	0.17801123778427586
PRPH2	0.07736752410888943
PRPS1	0.13615550571258891
PRPS1L1	0.22639583005310648
PRPS1P1	-0.27793212231928877
PRPS1P2	-0.13971727561593375
PRPS2	-0.12383828202426107
PRPSAP1	-0.23608275524430467
PRPSAP2	0.06643472176130531
PRR11	-0.024356086491906404
PRR12	0.08012072898519665
PRR13	-0.18122188093597955
PRR14	-0.001870946952494342
PRR14L	0.3415100672936779
PRR15	-0.1827278629576541
PRR15L	-0.19286796698535114
PRR16	0.08517194046728978
PRR18	0.0925850243094952
PRR19	0.1260322141581492
PRR20A	
PRR20B	
PRR20C	
PRR20D	
PRR20E	
PRR20FP	
PRR21	-0.23344911859497566
PRR22	-0.027027713999465946
PRR23A	-0.14882303331378902
PRR23B	-0.09973623351565443
PRR23C	0.16010606460949603
PRR24	-0.12031078409934326
PRR25	0.27530481518158384
PRR26	-0.2077424940184055
PRR3	0.05747651349570386
PRR4	-0.194615248255637
PRR5	-0.22943220283022658
PRR5-ARHGAP8	0.04760455519254791
PRR5L	-0.043535625069664456
PRR7	0.021954899739091826
PRR7-AS1	-0.24474046156637577
PRR9	0.04375606393981038
PRRC1	0.1613713706476366
PRRC2A	0.2495976148089048
PRRC2B	0.3073483766894954
PRRC2C	0.42422606644989647
PRRC2CP1	
PRRG1	0.03672338927163322
PRRG2	-0.12909698201759212
PRRG3	0.0761847417928561
PRRG4	0.11876114161029831
PRRT1	-0.2751879818502564
PRRT2	-0.21811937073359972
PRRT3	0.14113638102254988
PRRT3-AS1	0.0478365653291372
PRRT4	0.010237438416858348
PRRX1	0.16498049505286666
PRRX2	0.18856143297597316
PRSS1	-0.10409357821380841
PRSS12	-0.23114374414160316
PRSS16	-0.16531354380788094
PRSS21	0.23936913504405946
PRSS22	0.07264136078993443
PRSS23	-0.14921551733687824
PRSS27	-0.16839556180363482
PRSS29P	0.17603404734382544
PRSS3	-0.08531511089520809
PRSS30P	-0.06430817800791676
PRSS33	-0.008179768864847533
PRSS35	-0.2513809511058045
PRSS36	-0.2044741301703575
PRSS37	-0.18135029864129448
PRSS38	0.15515293676590677
PRSS3P1	-0.20063418676061615
PRSS3P2	-0.12739618084512688
PRSS3P3	-0.12976592803265252
PRSS3P4	-0.12769245004385635
PRSS41	0.2451945140677512
PRSS42	-0.05481280519798382
PRSS44	-0.10826273749715702
PRSS45	-0.20151586537304983
PRSS46	0.08174461120113628
PRSS48	-0.052148786145128204
PRSS50	0.2551341750039589
PRSS51	-0.18514048651372741
PRSS53	-0.0389010890138588
PRSS54	0.1562036613375623
PRSS55	0.008493069523220882
PRSS56	0.09372442761070773
PRSS57	0.1725350347199637
PRSS58	0.12202098649294826
PRSS8	-0.17664565538912794
PRTFDC1	-0.2474523367553903
PRTG	0.27216959078802616
PRTN3	0.36092275190991135
PRUNE	-0.1648253639252684
PRUNE2	-0.1957632048685897
PRUNEP1	-0.22749039792536874
PRX	0.021252499234701242
PRY	-0.07088919914499395
PRY2	-0.1376434492512526
PRYP1	
PRYP2	0.01586933788838595
PRYP3	
PRYP4	
PRYP5	-0.17629616398763542
PRYP6	-0.08000903638029085
PSAP	-0.033586422144311685
PSAPL1	0.007640711350659438
PSAT1	0.18724466817813196
PSAT1P1	-0.1703922903419027
PSAT1P2	0.010066161170133021
PSAT1P3	-0.14056781404027868
PSAT1P4	0.25537631593450405
PSCA	0.037948858425234655
PSD	0.20690914236830807
PSD2	-0.1588132588183428
PSD3	-0.05635435241508499
PSD4	0.14664345373325863
PSEN1	0.1784165997360062
PSEN2	0.036610703985502015
PSENEN	-0.023096300717391657
PSG1	0.22751441147155332
PSG10P	-0.14439585426235593
PSG11	0.20303298998383135
PSG2	-0.21887906268780385
PSG3	0.1419748685069734
PSG4	-0.04172153951293781
PSG5	-0.2141031345062848
PSG6	-0.08831788270148933
PSG7	-0.159246162849583
PSG8	-0.1798591346622086
PSG9	-0.15903611100681722
PSIP1	0.0761216273761447
PSKH1	-0.27042259621365783
PSKH2	0.03290076663500583
PSMA1	-0.23726618934678387
PSMA2	-0.009881744263584923
PSMA2P1	-0.03760582462582311
PSMA2P2	-0.37514114193008047
PSMA2P3	-0.30014775640105706
PSMA3	0.00393810953922126
PSMA3P	-0.031222882573745114
PSMA4	-0.10285484723348035
PSMA5	-0.08059848474128589
PSMA6	-0.17693429549063755
PSMA6P1	-0.3719387922649097
PSMA6P2	-0.2817893011611065
PSMA6P3	0.21076337408404802
PSMA6P4	-0.2482838722010132
PSMA7	-0.05166557873478523
PSMA8	0.21078589743941561
PSMB1	-0.20739659286099996
PSMB10	-0.028041451293665053
PSMB11	0.3632155587671579
PSMB2	-0.1182266904835897
PSMB3	-0.10184078127366501
PSMB3P2	-0.09585347906683386
PSMB4	-0.09956028858132483
PSMB5	-0.15423899431638174
PSMB6	0.028643649605278206
PSMB7	-0.1943719499664268
PSMB7P1	-0.22828246598443483
PSMB8	0.0770108128450219
PSMB9	0.13844562907973965
PSMC1	-0.2161343669540526
PSMC1P1	0.3856198133779826
PSMC1P10	-0.36950202114718456
PSMC1P11	-0.32636304008051853
PSMC1P12	-0.2702451353384658
PSMC1P13	-0.16309029115475768
PSMC1P2	-0.16740727590843626
PSMC1P3	-0.36769946597468445
PSMC1P4	-0.2941133520931615
PSMC1P5	-0.33523747878724935
PSMC1P6	-0.06784815432576552
PSMC1P7	-0.3319723445066591
PSMC1P8	-0.23603151592240607
PSMC1P9	-0.3545594685996758
PSMC2	0.046958753821301984
PSMC3	-0.15804939712222144
PSMC3IP	-0.037786253692720054
PSMC4	-0.13124076155503583
PSMC5	-0.16739697131843093
PSMC6	-0.06619720824539498
PSMD1	0.17146451783178412
PSMD10	0.012441092999851145
PSMD10P1	0.19843215333152003
PSMD10P2	-0.07108541283066082
PSMD10P3	-0.07047099426559805
PSMD11	0.03209235078033392
PSMD12	0.23084120507490116
PSMD12P	-0.2860308449521663
PSMD13	-0.13620172436355218
PSMD14	-0.11727515001589119
PSMD2	-0.07591427722502736
PSMD3	-0.2239559241575306
PSMD4	-0.16529704845958398
PSMD4P1	-0.22541699928703401
PSMD5	0.20572916091290808
PSMD5-AS1	-0.05419923429911256
PSMD6	0.016979860255476743
PSMD6-AS2	0.15141033120657077
PSMD7	-0.2476947651784815
PSMD7P1	-0.16685373068569023
PSMD8	-0.14025057665508506
PSMD9	-0.075011723313368
PSME1	0.08268370058612212
PSME2	0.0848284620602412
PSME2P2	0.1372048631019968
PSME3	0.06661589839996679
PSME4	0.3055824631418143
PSMF1	-0.052940308339062526
PSMG1	0.06201903433430506
PSMG2	-0.17515554153981877
PSMG3	-0.2867422109201107
PSMG3-AS1	-0.13372857972887547
PSMG4	0.11630878434076833
PSORS1C1	-0.3711226171132318
PSORS1C2	-0.0755470681133932
PSORS1C3	-0.15982340404540663
PSPC1	0.0882242832063108
PSPC1P1	0.1268532764689338
PSPC1P2	-0.005624354190250816
PSPH	-0.010883084948941062
PSPHP1	0.00294442081825516
PSPN	0.12234530868381632
PSRC1	-0.300848535843303
PSTK	-0.10386263121133411
PSTPIP1	0.19072145797662773
PSTPIP2	0.12811911695413566
PTAFR	0.17410846022550908
PTAR1	0.11594041261062075
PTBP1	0.046972475831688565
PTBP1P	-0.35868269307704564
PTBP2	-0.006239109632837471
PTBP3	0.3392753940342164
PTCD1	-0.2474426801446785
PTCD2	0.19281593445639086
PTCD2P1	0.20819981864082665
PTCD2P2	0.06863146854577265
PTCD3	-0.006073473738966188
PTCH1	-0.21738882838584528
PTCH2	-0.2666228224955024
PTCHD1	-0.20971494189503717
PTCHD2	-0.24839062407610102
PTCHD3	0.1603265807931754
PTCHD3P1	0.2527006703971318
PTCHD3P2	0.3535086427300671
PTCHD3P3	-0.051586307651235966
PTCHD4	-0.10326615087238679
PTCRA	-0.14537201350479037
PTCSC3	0.08426266299973467
PTDSS1	-0.06601682731366731
PTDSS2	0.0077723098074531805
PTEN	0.19376799086884758
PTENP1	-0.22464863722190967
PTER	-0.12133692987125944
PTF1A	0.046995623301440956
PTGDR	-0.23611611085512357
PTGDR2	-0.3152586370728464
PTGDS	0.24713027881240385
PTGER1	0.1882741989442307
PTGER2	-0.13252861191847964
PTGER3	-0.13788059212050557
PTGER4	0.12716661304180396
PTGER4P2	0.08772735663121883
PTGER4P3	-0.25108152820943613
PTGES	0.19318139011686858
PTGES2	-0.2814288476899778
PTGES3	-0.027937771050252774
PTGES3L	-0.3592601935163079
PTGES3L-AARSD1	
PTGES3P1	0.03614679374959118
PTGES3P2	-0.1820674656683944
PTGES3P3	-0.42937960527967844
PTGES3P4	-0.18730423554339973
PTGES3P5	
PTGFR	0.2180495725578908
PTGFRN	0.00801728727243816
PTGIR	0.23651152064132544
PTGIS	-0.20080941939833408
PTGR1	-0.0943074580494909
PTGR2	-0.40507329382547164
PTGS1	-0.10231643793570791
PTGS2	0.09684964838818991
PTH	-0.09825543370216497
PTH1R	-0.2531204610875331
PTH2	-0.11553990196551238
PTH2R	0.3578827154201094
PTHLH	0.08720349049262659
PTK2	0.22897972807759362
PTK2B	0.26244089422604816
PTK6	-0.14268365114631995
PTK7	0.12222633645477143
PTMA	-0.2806273879955194
PTMAP1	-0.1713267052954881
PTMAP2	-0.111571819249318
PTMAP3	-0.34674008267805534
PTMAP4	-0.3235450469659019
PTMAP5	-0.2696906943474043
PTMAP6	-0.04536059839260033
PTMAP8	-0.36036911556934365
PTMS	-0.28979842338090467
PTN	-0.3114256032347493
PTOV1	-0.1134975914308884
PTOV1-AS1	-0.06475815992260443
PTP4A1	0.054209083166440214
PTP4A1P1	-0.31566302803971014
PTP4A1P2	0.03900263386123021
PTP4A1P3	-0.019709853372198535
PTP4A1P4	-0.2504723470900998
PTP4A1P5	0.1886054371611062
PTP4A1P6	-0.20044608819290477
PTP4A1P7	-0.1846707784585352
PTP4A2	-0.0419098787736462
PTP4A2P1	-0.14696089884956828
PTP4A2P2	0.18418243384107744
PTP4A3	0.06980605449239687
PTPDC1	-0.22880424253757048
PTPLA	-0.026636218035075702
PTPLAD1	-0.07416580097782315
PTPLAD2	0.1004739635439479
PTPLB	0.08433293308507238
PTPMT1	-0.17963797528780234
PTPN1	0.25738449144038694
PTPN11	0.2545557622397335
PTPN12	0.21745016924433563
PTPN13	0.05769533202812235
PTPN14	0.20570690704634978
PTPN18	-0.1731415450921701
PTPN2	0.15993724088189842
PTPN20A	-0.05195347860237712
PTPN20B	0.04029904976723351
PTPN20CP	0.15460862310618448
PTPN21	-0.1656368131932789
PTPN22	0.2892167663539675
PTPN23	0.19700407745032117
PTPN2P1	-0.1978791276188737
PTPN2P2	-0.21541282290471173
PTPN3	-0.028897232422052162
PTPN4	0.22081010133100729
PTPN5	0.09244214246090121
PTPN6	0.21780396651298853
PTPN7	0.21009771539517924
PTPN9	-0.06208971927879921
PTPRA	-0.1302526117964649
PTPRB	-0.06813575436049683
PTPRC	0.28108825958188666
PTPRCAP	0.13564705260565113
PTPRD	0.11255705625262472
PTPRE	0.3013102934078787
PTPRF	-0.06073998644002936
PTPRG	0.23389819618436972
PTPRG-AS1	-0.13433012343703424
PTPRH	0.10336333016227216
PTPRJ	0.27717560908818717
PTPRK	0.06875532069152018
PTPRM	0.006123708063933654
PTPRN	0.08887552383809433
PTPRN2	0.20036892405283038
PTPRO	-0.09308886881099253
PTPRQ	0.031663651136977125
PTPRR	-0.1815743705762035
PTPRS	0.025209841795674842
PTPRT	0.18336560404050736
PTPRU	0.15609272406931457
PTPRVP	-0.20603893874196183
PTPRZ1	-0.04181834570976374
PTRF	-0.05978023808297285
PTRH1	0.08689712396583209
PTRH2	-0.019671015645555047
PTRHD1	-0.034932271480900924
PTS	0.20063292253647355
PTTG1	-0.1826480505266684
PTTG1IP	-0.0494940902192469
PTTG2	-0.1475939828417878
PTTG3P	-0.3391517690200468
PTTG4P	
PTX3	0.05373085583340038
PTX4	0.2607447567264582
PUF60	-0.10557455970808696
PUM1	0.2866949424089324
PUM2	0.18841169885987044
PURA	0.22460881166551377
PURB	0.36283175474790297
PURG	0.13361569438776716
PUS1	-0.009076530586767705
PUS10	0.002305211320021724
PUS3	0.28806609868742794
PUS7	-0.08532382601013087
PUS7L	0.35861199320762566
PUSL1	0.009708960885607937
PVALB	0.1063650822163611
PVR	0.08984361703317485
PVRIG	0.005839713786315521
PVRIG2P	
PVRL1	-0.2315256584611112
PVRL2	0.1484709192301747
PVRL3	-0.04332785915088495
PVRL3-AS1	0.2769333865949099
PVRL4	0.12597521257659522
PVT1	0.18316251035599368
PWAR6	-0.016747594014129934
PWP1	-0.08948592496576992
PWP2	0.04783585702508721
PWRN1	-0.08650298610673557
PWRN2	-0.017659805266419724
PWRN3	-0.03308628555870036
PWRN4	0.3063849010515103
PWWP2A	-0.13055953019241331
PWWP2AP1	0.05686223224092609
PWWP2B	-0.042870502983788826
PXDC1	-0.05475822316260442
PXDN	0.1955078402940672
PXDNL	0.24323352399231207
PXK	0.21837924351335103
PXMP2	-0.29067546081029705
PXMP4	-0.12285648173446034
PXN	0.18687544353181612
PXN-AS1	-0.4018323635101428
PXT1	0.3189924655971731
PYCARD	-0.05171763935404277
PYCR1	0.03576001452540067
PYCR2	-0.19357629994508477
PYCRL	-0.07128669875569905
PYDC1	-0.09878154194411141
PYDC2	
PYGB	-0.1931385440033325
PYGL	-0.10273851758398435
PYGM	-0.09953430038323612
PYGO1	0.1883859364287673
PYGO2	-0.032997018653155595
PYHIN1	0.2631148116473183
PYROXD1	0.1760519078929968
PYROXD2	-0.19045800888408315
PYURF	-0.19687783283653096
PYY	0.2277763623317941
PYY2	-0.2684681935627194
PYY3	9.76849095728414e-05
PZP	0.005579620514545007
QARS	-0.3328154578822889
QDPR	-0.23605799712383171
QKI	0.16032961101742385
QPCT	0.19191397756140777
QPCTL	-0.16160839723804335
QPRT	-0.20622309275655545
QRFP	0.09598584162528834
QRFPR	-0.10359396818801937
QRICH1	0.012580191070538904
QRICH2	0.047227735040750334
QRSL1	0.1604751744800541
QRSL1P1	-0.2739473096824352
QRSL1P2	0.05622005187867216
QRSL1P3	0.04702081704906148
QSER1	0.22450050405732933
QSOX1	-0.01015687754418401
QSOX2	0.228611361198956
QTRT1	-0.1889412670486093
QTRT1P1	-0.23344911859497566
QTRTD1	0.19545346965281726
R3HCC1	-0.20510898015554313
R3HCC1L	0.15352387367690118
R3HDM1	0.1580692110081567
R3HDM2	-0.17687840207178557
R3HDM2P1	0.07695616697686584
R3HDM2P2	-0.07688990530149667
R3HDM4	0.15751416562797363
R3HDML	-0.06691276603240551
RAB10	-0.023695840073226126
RAB11A	0.013795264820467296
RAB11AP1	-0.15454402265330347
RAB11AP2	0.279253956685984
RAB11B	0.049213094214352875
RAB11B-AS1	-0.1514237767272501
RAB11FIP1	0.014678674455597876
RAB11FIP1P1	-0.22602582301067806
RAB11FIP2	0.10445369879577986
RAB11FIP3	-0.03733792589443632
RAB11FIP4	0.11394317352847137
RAB11FIP5	0.031785614383729933
RAB12	-0.07007200603247532
RAB13	-0.0124535285898836
RAB14	0.09851793970349378
RAB15	-0.2186205023367771
RAB17	-0.1322146297821378
RAB18	-0.06036517025632077
RAB19	0.27162833509529005
RAB1A	-0.1484415297174456
RAB1B	-0.2141333626711863
RAB1C	-0.17076712668907976
RAB20	-0.158586217461186
RAB21	0.07037189171613958
RAB22A	0.20515173451250132
RAB23	0.07790409979708376
RAB24	0.07796055275585681
RAB25	-0.20137799150053246
RAB26	-0.27338020975692146
RAB27A	0.12732454568431154
RAB27B	0.03890617077585103
RAB28	-0.07927371875405591
RAB2A	-0.13219593841520627
RAB2B	-0.07751629173942981
RAB30	0.20121952271565982
RAB30-AS1	-0.01579555723773927
RAB31	0.150319422946026
RAB32	0.11614148940557185
RAB33A	0.04934838747985191
RAB33B	0.27278727285392307
RAB34	0.07359552689269774
RAB35	0.10167327341091605
RAB36	0.11381231358052417
RAB37	0.014926846169394712
RAB38	-0.03506888689825624
RAB39A	0.21642179419686933
RAB39B	0.27531433664076105
RAB3A	-0.3196783386268015
RAB3B	0.025975131581705526
RAB3C	0.16498722941765617
RAB3D	0.08450197461319028
RAB3GAP1	0.20922763852800194
RAB3GAP2	0.3767845123243911
RAB3IL1	-0.17153343368930304
RAB3IP	0.06644068264889054
RAB40A	-0.3234608307009012
RAB40AL	-0.13160061933497144
RAB40B	-0.2175556938616634
RAB40C	-0.12725491934162123
RAB41	-0.1878911061026831
RAB42	-0.20131526979950826
RAB42P1	0.06333779938950823
RAB43	0.14466617552259417
RAB43P1	0.2750554814675741
RAB44	-0.21419167230498
RAB4A	-0.2272771005235751
RAB4B	-0.21376398225209936
RAB4B-EGLN2	
RAB5A	-0.060443416115221506
RAB5B	0.05791520104050103
RAB5C	-0.30938751329677994
RAB5CP1	-0.0772447601142345
RAB5CP2	-0.27699131079454875
RAB6A	-0.001966092728957195
RAB6B	0.09314126445406802
RAB6C	-0.3172292823826653
RAB7A	-0.3327887853960372
RAB7L1	0.3343941441521912
RAB8A	-0.0525075486501502
RAB8B	0.3251457162274568
RAB9A	0.037966590551046335
RAB9AP1	-0.0010407187690756096
RAB9AP2	
RAB9AP3	-0.17941624815013035
RAB9AP4	-0.1718101885523261
RAB9AP5	
RAB9B	-0.1461817959175204
RAB9BP1	-0.17777920632169986
RABAC1	-0.04341480077118125
RABEP1	0.3406694147344279
RABEP2	0.18398729571207612
RABEPK	-0.1719904379027175
RABEPKP1	0.2431527393061291
RABGAP1	-0.0022884451816506416
RABGAP1L	0.12392138947048974
RABGAP1L-IT1	0.0075233156303416895
RABGEF1	0.1205366116967622
RABGGTA	-0.24689064160516982
RABGGTB	-0.1422098516829072
RABIF	0.11268864121029404
RABL2A	-0.017841086638487033
RABL2B	0.08552632136585749
RABL3	0.060661871759237235
RABL5	0.12214244817728151
RABL6	-0.2292269447383392
RAC1	-0.09031314440099303
RAC1P1	-0.17440607456560606
RAC1P2	-0.24547802536209787
RAC1P3	-0.009736728842294732
RAC1P4	-0.24409319829192272
RAC1P5	-0.35603916148454684
RAC1P6	
RAC1P7	
RAC1P8	-0.16170673095150628
RAC2	0.24993425798791036
RAC3	-0.26723619098411666
RACGAP1	-0.2112662769927441
RAD1	0.10106972962536544
RAD17	0.07205187140064298
RAD17P1	-0.20127395139255086
RAD17P2	-0.2875008007371469
RAD18	-0.06128832726807764
RAD21	0.02411997553099717
RAD21-AS1	-0.2885340285677554
RAD21L1	0.20832251267693605
RAD23A	-0.08401137638693987
RAD23B	-0.03079548870579264
RAD23BLP	-0.03590026279924363
RAD23BP1	-0.30457459478883914
RAD23BP2	0.03300734943404833
RAD50	0.15771403046153398
RAD51	-0.23484507883669836
RAD51-AS1	0.04218533621720353
RAD51AP1	-0.22351843520554002
RAD51AP2	-0.17623427949386142
RAD51B	0.02743257576198402
RAD51C	-0.0998507073653513
RAD51D	0.042634704905678666
RAD51L3-RFFL	
RAD52	-0.20726389916984217
RAD54B	0.05176168822051062
RAD54L	-0.1732143968816928
RAD54L2	0.419703371839017
RAD9A	-0.09853228716805933
RAD9B	0.24099340393536423
RADIL	0.14404209019135505
RAE1	-0.0434669659631533
RAET1E	-0.0021071892369976643
RAET1E-AS1	-0.15652086514676392
RAET1G	-0.12057398051098976
RAET1K	0.3045446189640143
RAET1L	-0.11942258422650234
RAET1M	-0.019794630336454056
RAF1	-0.10058484334418764
RAG1	0.13373896850712078
RAG2	-0.14284356290802977
RAI1	0.23395072763403335
RAI1-AS1	-0.19316120647071472
RAI14	0.22667425825666876
RAI2	-0.1142786507332711
RALA	-0.007228672711221212
RALB	0.1509940758972803
RALBP1	0.0029319010245673262
RALGAPA1	0.043338301033397884
RALGAPA1P	0.3978499496435679
RALGAPA2	0.28449119883553853
RALGAPB	0.3040224023038103
RALGDS	-0.009573331300455658
RALGPS1	-0.017564730666924013
RALGPS2	0.3461365233999874
RALY	-0.1347846973809087
RALYL	-0.153833974824156
RAMP1	0.019377289505012697
RAMP2	0.040498613988955434
RAMP2-AS1	0.15002480181943884
RAMP3	0.13890647229231767
RAN	-0.02324436650960038
RANBP1	-0.19163696687757045
RANBP10	0.013744456928583155
RANBP17	0.10462548464664302
RANBP2	0.37038332937159224
RANBP20P	-0.0878210010937386
RANBP3	-0.06745046408081322
RANBP3L	0.13844713629472025
RANBP6	0.22817184419446151
RANBP9	0.04952714780271883
RANGAP1	0.009089206265909849
RANGRF	-0.0806456334565696
RANP1	-0.3192182265312646
RANP2	-0.3441584527374937
RANP3	0.267447815268758
RANP4	0.009369437318740775
RANP5	-0.014273395346911685
RANP6	-0.35227977850993347
RANP7	0.015214428067950338
RANP8	-0.03645761999364037
RANP9	
RAP1A	0.05555576671761252
RAP1AP	-0.42815501136024536
RAP1B	0.22216976898929508
RAP1GAP	-0.16669843599097833
RAP1GAP2	0.020724902759611048
RAP1GDS1	0.20124662691233322
RAP2A	0.128592862221161
RAP2B	-0.03449266466231848
RAP2C	0.20940987723463003
RAP2C-AS1	-0.08436284950487244
RAP2CP1	-0.003348909375455786
RAPGEF1	0.2281111822394961
RAPGEF2	0.2724443890303981
RAPGEF3	-0.005803273407466336
RAPGEF4	0.13742222626301745
RAPGEF4-AS1	-0.04387151314621526
RAPGEF5	0.14916708733425865
RAPGEF6	0.16371157383617677
RAPGEFL1	-0.31162665471806517
RAPH1	0.3065096047264578
RAPSN	-0.1161012304980855
RARA	-0.014764264853931161
RARB	0.17754247821143757
RARG	-0.24046733463107078
RARRES1	0.05022244695286132
RARRES2	0.13251315250627907
RARRES2P1	
RARRES2P2	-0.1277249465033152
RARRES2P3	0.25342417441714943
RARRES2P4	0.28930763119846287
RARRES2P5	0.08323475998489675
RARRES2P6	0.349409531065193
RARRES2P7	-0.12142635636031934
RARRES2P8	-0.31648549189166514
RARRES2P9	0.15456907199535655
RARRES3	0.13238040750454652
RARS	-0.051883742772143714
RARS2	0.026928201090229347
RASA1	0.06575517441172785
RASA2	0.29204192149754543
RASA2-IT1	0.06473674695866176
RASA3	0.19878748147990927
RASA3-IT1	-0.03613810340140662
RASA4	-0.05492249328520027
RASA4B	-0.005346106300017584
RASA4CP	0.008873161716893452
RASA4DP	0.24108699743985443
RASAL1	0.11453910000666911
RASAL2	0.1967882991795434
RASAL2-AS1	-0.15623922153448094
RASAL3	0.18740657406524158
RASD1	-0.06008530709826216
RASD2	0.17277783916143916
RASEF	-0.0413115551008008
RASGEF1A	0.21579691845615623
RASGEF1B	0.33975678840746565
RASGEF1C	-0.006306973394285409
RASGRF1	0.17527134050284363
RASGRF2	0.21427100441767058
RASGRP1	0.31278761781828046
RASGRP2	0.17494278619241999
RASGRP3	0.18011034874696621
RASGRP4	0.07185773069541639
RASIP1	0.19700979303003469
RASL10A	-0.40946731509525364
RASL10B	-0.0867231137302576
RASL11A	-0.34410569231123433
RASL11B	-0.07468082167244337
RASL12	-0.08848257227787813
RASSF1	0.0976738132398999
RASSF10	0.008654920233972527
RASSF2	0.29264758316435274
RASSF3	0.13373805033373332
RASSF4	-0.03323467144292322
RASSF5	0.25784351614833445
RASSF6	0.20634522277181822
RASSF7	-0.06070621029225387
RASSF8	0.08091748594570335
RASSF8-AS1	0.14299877425021254
RASSF9	0.14289608920333355
RAVER1	0.1368434362407976
RAVER2	-0.2327237839606059
RAX	0.29838820227031515
RAX2	0.01234420022710308
RB1	0.17139130597499264
RB1CC1	0.1820112089530194
RBAK	0.39379796703759146
RBAK-RBAKDN	
RBAKDN	-0.13535566547703676
RBBP4	0.11510743131586426
RBBP4P1	-0.1807932956344458
RBBP4P2	-0.32887090821255005
RBBP4P3	-0.02951032521252106
RBBP4P4	-0.08855853256922806
RBBP4P5	-0.29218248469019786
RBBP4P6	
RBBP5	0.3205635114466336
RBBP6	0.3190650844492441
RBBP7	-0.3109776983822515
RBBP8	0.1352600589498826
RBBP8NL	-0.2510971840055046
RBBP8P1	0.035003831844639656
RBBP9	0.01289668945811771
RBCK1	0.13477738876041948
RBFA	-0.25425277718021705
RBFADN	-0.14435500719997887
RBFOX1	-0.15130417629007378
RBFOX2	-0.029421391047719705
RBFOX3	-0.2055137790126946
RBKS	-0.050971386189550945
RBL1	-0.027582628154555148
RBL2	0.21754798870016717
RBM10	-0.01234106957935543
RBM11	0.04675462138116723
RBM12	0.33234788333867193
RBM12B	0.27836109482466964
RBM12B-AS1	0.14323787462692186
RBM14	-0.24825615140980814
RBM14-RBM4	-0.05295045546204744
RBM15	0.3855868612271372
RBM15B	0.11573001837739344
RBM17	-0.10736701016374027
RBM18	0.24789883210620137
RBM19	0.19678012039327777
RBM20	-0.11673788695753676
RBM22	-0.0071723855842338894
RBM22P1	0.03747156396924738
RBM22P10	-0.23344911859497566
RBM22P11	-0.028164477314698438
RBM22P2	-0.07198460070379736
RBM22P3	0.059288730375457836
RBM22P5	0.1313120924620362
RBM22P6	
RBM22P7	
RBM22P8	-0.1475939828417878
RBM22P9	
RBM23	-0.04596676271449828
RBM24	-0.13274688453531613
RBM25	0.13529852658601266
RBM26	0.2616511992079837
RBM26-AS1	-0.2131139465358029
RBM27	0.296677068602372
RBM28	0.11184801718523155
RBM3	-0.39642597632988313
RBM33	0.1710915797656356
RBM34	0.042682666653087224
RBM38	0.06785453519753745
RBM39	0.02845830308483867
RBM4	0.1504880348556851
RBM41	0.17954619059783053
RBM42	0.003228056163706053
RBM43	0.09104533320880494
RBM43P1	-0.1495471020403227
RBM44	0.06163020878044037
RBM45	0.0121730634468796
RBM46	0.21967836189217813
RBM47	-0.052157801714802
RBM48	0.20915853866490505
RBM48P1	-0.22511208945941416
RBM4B	-0.007733394993786247
RBM5	0.12844480341479975
RBM6	0.07677410427693378
RBM7	0.03934142247491815
RBM8A	0.06083776643947123
RBM8B	-0.08847116968733368
RBMS1	0.17610700584270678
RBMS1P1	0.42228817580141653
RBMS2	0.198553169410445
RBMS2P1	0.4011001781961662
RBMS3	0.04058643871454772
RBMS3-AS1	-0.005624354190250816
RBMS3-AS2	-0.2036208116548337
RBMS3-AS3	-0.12243703515665871
RBMX	-0.08223971892448671
RBMX2	-0.11177251200606655
RBMX2P1	0.14003884913826692
RBMX2P2	-0.2992812171012064
RBMX2P3	0.08125941310987134
RBMX2P4	-0.0018273061226770151
RBMX2P5	0.3001753532133264
RBMXL1	0.3582266647307258
RBMXL2	-0.15032199240093955
RBMXL3	-0.004686603563328829
RBMXP1	-0.20528702960325934
RBMXP2	-0.11343301313616888
RBMXP4	-0.1501607221499952
RBMY1A1	
RBMY1A3P	-0.04490535648852427
RBMY1B	
RBMY1D	
RBMY1E	
RBMY1F	
RBMY1HP	
RBMY1J	
RBMY1KP	
RBMY2AP	-0.010246296597765187
RBMY2BP	-0.03325912453167606
RBMY2DP	-0.0010407187690756096
RBMY2EP	-0.0038064394919032594
RBMY2FP	-0.12770475962203182
RBMY2GP	-0.17203210372158195
RBMY2HP	0.03903722814866742
RBMY2JP	-0.2965673687054946
RBMY2KP	-0.06513308402971986
RBMY2NP	-0.07243224673845453
RBMY2OP	-0.017916573308129055
RBMY2QP	
RBMY2TP	0.03908459442205934
RBMY2UP	
RBMY2WP	0.10656476774357872
RBMY2XP	
RBMY2YP	
RBMY3AP	-0.08316411093656421
RBP1	-0.025968531745288462
RBP2	-0.12245515368919212
RBP3	-0.065205408011151
RBP4	-0.1015640467186703
RBP5	0.2445624026767529
RBP7	-0.14359312010974085
RBPJ	0.18669869664275915
RBPJL	-0.048515928825001504
RBPJP2	-0.03602477173521312
RBPJP5	-0.4107213958769699
RBPJP6	-0.1458156116946808
RBPJP7	0.07992749700685213
RBPMS	-0.040262016236253015
RBPMS-AS1	0.09723212937488468
RBPMS2	-0.3011043758868891
RBPMSLP	-0.18623046484940525
RBX1	-0.2528538976466073
RC3H1	0.37968169238589006
RC3H1-IT1	-0.028703844192879257
RC3H2	0.3798177821873974
RCAN1	0.05885760109758493
RCAN2	-0.24267774506881115
RCAN3	0.24300290767971328
RCBTB1	0.11129513329058895
RCBTB2	0.004749341151027578
RCBTB2P1	0.056309209632270145
RCC1	-0.10354814570540632
RCC2	0.005473739597978532
RCC2P1	0.01586933788838595
RCC2P2	-0.06658178899965549
RCC2P3	-0.17301450587848957
RCC2P4	0.014043898312898349
RCC2P5	0.24823710521033646
RCC2P6	0.06541525665132426
RCC2P7	-0.05683544693997058
RCC2P8	-0.18281724394304455
RCCD1	-0.3269128610462637
RCE1	-0.1557222825062343
RCHY1	-0.0643723230872585
RCL1	0.09303190550644429
RCN1	0.18539357922540228
RCN1P1	0.026231494392432293
RCN1P2	-0.0062711368439286016
RCN2	-0.01617227189097237
RCN3	-0.08984673110408296
RCOR1	0.32642159820056094
RCOR2	-0.24630555287118522
RCOR3	-0.035987693099288696
RCSD1	0.07246208100385024
RCVRN	0.277783075400916
RD3	-0.23488128666015567
RD3L	-0.1166144656606096
RDH10	0.22766084859607633
RDH11	-0.04012540556113088
RDH12	-0.14937959680583018
RDH13	-0.12172793129673663
RDH14	-0.013472353643420337
RDH16	0.07495156349443936
RDH5	-0.17847762269482345
RDH8	0.07376018869356307
RDM1	-0.18163872310682613
RDX	-0.018716349441449714
REC8	0.1315120300178344
RECK	-0.08894155601355798
RECQL	0.2368645590454892
RECQL4	-0.177177484475676
RECQL5	0.0495168572008336
REEP1	-0.1937350599716155
REEP2	-0.29501168788198817
REEP3	-0.018236460382127295
REEP4	-0.21050889986928342
REEP5	0.14249094530551001
REEP6	-0.10538112982021983
REG1A	-0.18974806150063256
REG1B	-0.20374395541706822
REG1P	-0.198603111444276
REG3A	-0.13197057823329897
REG3G	-0.13894330527349774
REG4	0.0571705515886495
REL	0.3857122813316778
RELA	0.26972418850995294
RELB	0.23046848359538996
RELL1	0.1906546493708718
RELL2	0.018513942636634417
RELN	0.2635402697846185
RELT	0.23571113707786684
REM1	0.17830186177548363
REM2	0.25357493426257305
REN	-0.059054415318672004
RENBP	0.012116726907719226
REP15	-0.11529111363113817
REPIN1	-0.17083593622434332
REPS1	0.12903205238575075
REPS2	-0.07947253342986327
RER1	-0.11525942558246606
RERE	-0.10853375685908492
REREP1Y	0.01586933788838595
REREP2Y	-0.14490172374891602
RERG	0.1802285973746773
RERG-AS1	0.01586933788838595
RERG-IT1	0.2665085773482884
RERGL	0.04655968826662905
RESP18	-0.16183723162676558
REST	0.2905182156962751
RET	-0.1005955834893896
RETN	-0.0007876282928572139
RETNLB	-0.2751813578923678
RETSAT	-0.03636052820498314
REV1	0.05953082462070039
REV3L	0.20767122496143464
REV3L-IT1	-0.11374452843169156
REXO1	0.0025346879788883535
REXO1L1	
REXO1L10P	-0.1859908610885572
REXO1L11P	-0.03345841980695849
REXO1L2P	
REXO1L3P	-0.0010407187690756096
REXO1L8P	-0.18623046484940525
REXO1L9P	
REXO2	-0.17541512776797633
REXO4	-0.005620550248518156
RFC1	0.17574230646842157
RFC2	-0.08294289724390429
RFC3	-0.1342664323578054
RFC3P1	-0.13883217111892787
RFC4	-0.10062931559917981
RFC5	-0.18560588962259222
RFESD	0.20798178377745624
RFESDP1	0.3396275187273088
RFFL	0.10601911865493496
RFK	0.008199860660827615
RFKP1	0.5549897847862321
RFKP2	
RFNG	-0.08718723438791916
RFPL1	-0.08637107811152589
RFPL1S	0.14511242321052303
RFPL2	0.09357664545906029
RFPL3	-0.22662939774418606
RFPL3S	0.1625647066422677
RFPL4A	-0.3061700800862615
RFPL4AL1	0.041210181912164995
RFPL4AP1	0.3597912840148505
RFPL4AP3	
RFPL4AP5	0.23278787950901436
RFPL4AP7	-0.016670384347289603
RFPL4B	0.048851205108413356
RFT1	0.13167783529106705
RFTN1	0.24272875043670344
RFTN1P1	-0.06590390149047137
RFTN2	0.1341877045866045
RFWD2	-0.10919527985679807
RFWD2P1	-0.2080366761024236
RFWD3	0.21066584227504523
RFX1	-0.011299827987013948
RFX2	-0.24238777154378133
RFX3	0.19117809355135212
RFX4	-0.00018581348937260795
RFX5	0.23220218056867603
RFX6	0.04718916690562793
RFX7	0.2441137037658478
RFX8	0.022892091813089127
RFXANK	-0.21474542654981854
RFXAP	-0.07975959351783737
RGAG1	-0.3119186987714167
RGAG4	-0.03015709692946323
RGCC	0.15199013415844795
RGL1	-0.025492935075264046
RGL2	0.09403346330156305
RGL3	-0.20952741989944987
RGL4	0.20357755203181913
RGMA	-0.16548968620321589
RGMB	-0.11951426357728932
RGMB-AS1	-0.11644810960144306
RGN	-0.32382736379020133
RGP1	-0.0018581035057956194
RGPD1	0.145930612314049
RGPD2	0.15060710722561335
RGPD3	0.19691626053618755
RGPD4	-0.14530024264429175
RGPD5	-0.3901037844705274
RGPD6	-0.001122844813713483
RGPD8	0.29366499344446556
RGR	0.020928392791923014
RGS1	-0.010523695395611425
RGS10	0.08239143859364076
RGS11	-0.28689000886389276
RGS12	0.06602378760766205
RGS13	0.04020409818189001
RGS14	0.17428645846310453
RGS16	0.31758332320061755
RGS17	-0.1183280690296535
RGS17P1	-0.02815412859763577
RGS18	0.256443391417182
RGS19	0.14427846960592114
RGS2	0.1666092538369262
RGS20	0.2768270848584563
RGS21	-0.21151722317430477
RGS22	-0.12620910226644888
RGS3	0.14397911501111685
RGS4	0.19991067837206483
RGS5	0.1414049469323497
RGS6	-0.0074674434429014775
RGS7	0.05150857359764792
RGS7BP	0.2557503837851552
RGS8	0.057825982727713186
RGS9	-0.0016674688097153068
RGS9BP	-0.04679232394614614
RGSL1	0.11324123541785225
RHAG	-0.10116413531828895
RHBDD1	0.1294994244545279
RHBDD2	-0.2064759067941683
RHBDD3	-0.08252824340387133
RHBDF1	0.044248719621574534
RHBDF1P1	0.19048586728181738
RHBDF2	0.17914043237122695
RHBDL1	-0.1277504292921044
RHBDL2	-0.10808015834245363
RHBDL3	-0.19192840057962682
RHBG	-0.2559421672052859
RHCE	0.013454406247797701
RHCG	-0.059394402612256196
RHD	-0.1050826061915939
RHEB	0.02035227334509357
RHEBL1	0.22992614755516763
RHEBP1	0.1487415901335422
RHEBP2	0.22081554415521848
RHEBP3	-0.18623046484940525
RHNO1	-0.17162664182641438
RHO	-0.10410517358170221
RHOA	0.05375322061974591
RHOA-IT1	0.04969954632654012
RHOB	-0.1084920248557956
RHOBTB1	-0.027430430519233596
RHOBTB2	0.006196252218098288
RHOBTB3	0.2117316006727126
RHOC	-0.18669634549479908
RHOD	-0.054700076073499145
RHOF	-0.0072261643255648374
RHOG	0.07541931255733823
RHOH	0.27503221061410266
RHOJ	0.12566920642830182
RHOQ	0.15455542296313
RHOQP1	-0.38063004137150275
RHOQP2	0.46183151656649124
RHOQP3	0.12732340402327372
RHOT1	0.005416890239206832
RHOT1P1	0.36071235269238044
RHOT1P2	-0.05250597919978397
RHOT1P3	0.08495407569238247
RHOT2	-0.1756088670974385
RHOU	-0.17192343195869253
RHOV	0.0745350828914715
RHOXF1	-0.20727600578562363
RHOXF2	0.09677291730491565
RHOXF2B	-0.1621669457193155
RHPN1	0.06457724492930618
RHPN1-AS1	0.08866190079529004
RHPN2	-0.14579375973283304
RIBC1	-0.283991012167171
RIBC2	-0.0011839586838150943
RIC3	0.16689549693837388
RIC8A	0.00849702042019486
RIC8B	0.04247451260335262
RICTOR	0.26490746057755593
RIF1	0.3517421398139095
RIIAD1	-0.005265657036938725
RILP	-0.21399224929880353
RILPL1	-0.16772081461332977
RILPL2	0.08596543021189579
RIMBP2	0.01605893737239585
RIMBP3	0.10157345497212174
RIMBP3B	0.28542101380664026
RIMBP3C	-0.12585282335319758
RIMKLA	-0.0471109772402542
RIMKLB	-0.015040415689464083
RIMKLBP1	0.11587547353012558
RIMKLBP2	0.01764922938097109
RIMS1	0.11849432059772348
RIMS2	0.08930153247024238
RIMS3	0.05822192205989001
RIMS4	-0.09431449853497151
RIN1	-0.12578039269245428
RIN2	-0.022075222532929782
RIN3	0.10418391908188634
RING1	-0.20550103948992726
RINL	0.17238315446357166
RINT1	0.2533152180116826
RIOK1	0.2120175786505945
RIOK2	0.09780256178258108
RIOK3	-0.02725916015414251
RIOK3P1	-0.1463086867355253
RIPK1	0.35664903549958366
RIPK2	0.20104180273810165
RIPK3	-0.06463237565848859
RIPK4	-0.1392832500110236
RIPPLY1	0.013784643130678774
RIPPLY2	-0.15489509049765415
RIPPLY3	-0.2345828485347696
RIT1	0.05243171010066763
RIT2	0.26079794392827016
RLBP1	-0.09833254319098354
RLF	0.4075476559068209
RLIM	0.35871697010519965
RLIMP1	0.2796847789565436
RLIMP2	-0.05130506742378987
RLN1	-0.1276295016278135
RLN2	0.03731507068273622
RLN3	-0.28936452033604815
RLTPR	0.1825959637781704
RMDN1	-0.19281606585522237
RMDN2	-0.19836566541423725
RMDN2-AS1	0.1605977866482194
RMDN3	-0.1407774875461865
RMI1	0.049961999413953705
RMI2	-0.17938137597980922
RMND1	-0.14638435281292705
RMND5A	0.014066172876686855
RMND5B	-0.054222476071381795
RMRP	0.00625915656059605
RMRPP5	-0.010097459861480295
RMST	-0.09262441707805211
RN7SK	0.09986710370721612
RN7SKP1	0.017649229380971045
RN7SKP10	-0.00198969328092917
RN7SKP100	0.27602045023571053
RN7SKP101	0.28053452153389247
RN7SKP102	-0.23344911859497566
RN7SKP103	0.382135059636399
RN7SKP104	
RN7SKP105	0.009272145915596029
RN7SKP106	0.269205995024131
RN7SKP107	0.024247180718189158
RN7SKP108	0.018236300433339698
RN7SKP109	0.016811536166788273
RN7SKP11	0.016194065835952606
RN7SKP110	-0.041285502512003885
RN7SKP111	0.15029183308035932
RN7SKP112	0.03903722814866742
RN7SKP113	0.2570122437688641
RN7SKP114	-0.24773825330537774
RN7SKP115	-0.14938913947803512
RN7SKP116	-0.08221460324528573
RN7SKP117	0.22874584093157407
RN7SKP118	-0.07549259822981302
RN7SKP119	-0.06378749038757393
RN7SKP12	
RN7SKP120	
RN7SKP121	0.10634525446665892
RN7SKP122	0.02603337963773514
RN7SKP123	-0.1475939828417878
RN7SKP124	0.2742888431351271
RN7SKP125	
RN7SKP126	
RN7SKP127	-0.21004531788137618
RN7SKP128	
RN7SKP129	0.279253956685984
RN7SKP13	0.24827921477427106
RN7SKP130	0.22977330367566254
RN7SKP131	-0.005624354190250816
RN7SKP132	
RN7SKP133	-0.03640813568948768
RN7SKP134	-0.008967050010602105
RN7SKP135	
RN7SKP136	0.382135059636399
RN7SKP137	0.03748971405308953
RN7SKP139	0.02603337963773514
RN7SKP14	-0.0604323052361645
RN7SKP140	-0.041285502512003885
RN7SKP141	0.21730942727460695
RN7SKP142	0.44459532230119625
RN7SKP143	0.0611345654013878
RN7SKP144	-0.008967050010602105
RN7SKP145	-0.17629616398763542
RN7SKP146	
RN7SKP147	-0.041285502512003885
RN7SKP148	-0.005624354190250816
RN7SKP149	0.382135059636399
RN7SKP15	0.035899393991165346
RN7SKP150	0.24883332028875194
RN7SKP151	0.21090018560926507
RN7SKP152	-0.19143726134146913
RN7SKP153	0.2554422973066006
RN7SKP154	0.07992749700685213
RN7SKP155	-0.005624354190250816
RN7SKP156	-0.008967050010602105
RN7SKP157	-0.038684826110553176
RN7SKP158	-0.03624281340314599
RN7SKP159	-0.1475939828417878
RN7SKP16	0.20748273686562657
RN7SKP160	-0.3209253307415586
RN7SKP161	
RN7SKP162	-0.0257331430927892
RN7SKP163	-0.12913790227528038
RN7SKP164	-0.18623046484940525
RN7SKP165	0.021120444375241982
RN7SKP166	-0.008967050010602105
RN7SKP167	-0.09409216140615095
RN7SKP168	-0.01919200109816668
RN7SKP169	-0.3029510103819719
RN7SKP17	0.0036083109532605135
RN7SKP170	
RN7SKP171	
RN7SKP172	0.382135059636399
RN7SKP173	0.10294187109934616
RN7SKP174	0.018236300433339698
RN7SKP177	
RN7SKP178	0.28053452153389247
RN7SKP179	-0.008967050010602105
RN7SKP18	0.04481741045967236
RN7SKP180	0.03631168484281071
RN7SKP181	
RN7SKP182	
RN7SKP183	-0.09945876784725294
RN7SKP184	0.01586933788838595
RN7SKP185	-0.01000612769058821
RN7SKP186	-0.1475939828417878
RN7SKP187	
RN7SKP188	-0.14092571166016732
RN7SKP189	0.10656476774357872
RN7SKP19	
RN7SKP190	
RN7SKP191	0.16856020591942544
RN7SKP192	-0.008967050010602105
RN7SKP193	-0.0604323052361645
RN7SKP194	-0.005624354190250816
RN7SKP195	
RN7SKP196	-0.041285502512003885
RN7SKP197	-0.017916573308129055
RN7SKP198	0.12162620860116649
RN7SKP199	-0.16775815289684157
RN7SKP2	0.279253956685984
RN7SKP20	
RN7SKP200	
RN7SKP202	-0.12129904910668907
RN7SKP203	-0.17067946352260555
RN7SKP204	-0.1344935663485167
RN7SKP205	-0.03325912453167606
RN7SKP206	0.28053452153389247
RN7SKP207	0.058496651695031376
RN7SKP208	0.09565071949216097
RN7SKP209	
RN7SKP21	-0.041285502512003885
RN7SKP210	
RN7SKP211	
RN7SKP212	-0.008967050010602105
RN7SKP213	-0.13883217111892787
RN7SKP214	-0.06924583877811001
RN7SKP216	0.01586933788838595
RN7SKP217	0.3161776310959886
RN7SKP218	
RN7SKP219	-0.010097459861480295
RN7SKP22	0.03389282535712016
RN7SKP220	0.10656476774357872
RN7SKP221	
RN7SKP222	0.3051893325225415
RN7SKP223	
RN7SKP224	-0.01938668126395752
RN7SKP225	-0.0198919694286598
RN7SKP226	-0.015141435865460674
RN7SKP227	0.03903722814866742
RN7SKP228	0.13088408568627227
RN7SKP229	0.20819981864082665
RN7SKP23	-0.024063426700110472
RN7SKP230	-0.29539032829625195
RN7SKP231	0.26676170483200723
RN7SKP232	0.043998641710024745
RN7SKP233	
RN7SKP234	0.16856020591942544
RN7SKP235	
RN7SKP237	
RN7SKP238	0.279253956685984
RN7SKP239	0.05705245731365393
RN7SKP24	-0.008967050010602105
RN7SKP240	-0.22074937801377095
RN7SKP241	0.035899393991165346
RN7SKP242	
RN7SKP243	0.2173465640876421
RN7SKP244	0.11883569096025455
RN7SKP245	-0.05529181045947515
RN7SKP246	0.1304083454217455
RN7SKP247	
RN7SKP248	-0.1760579583356084
RN7SKP249	0.0030213149169928417
RN7SKP25	0.19995664425750137
RN7SKP250	-0.11905928068225238
RN7SKP252	
RN7SKP253	0.015764543264920855
RN7SKP254	-0.17629616398763542
RN7SKP255	-0.22783901805250156
RN7SKP256	0.39891410912222597
RN7SKP257	-0.008967050010602105
RN7SKP258	-0.09284394645435304
RN7SKP259	-0.03624281340314599
RN7SKP26	0.007633174139389823
RN7SKP260	-0.16170673095150628
RN7SKP261	-0.21043307436902636
RN7SKP262	0.10656476774357872
RN7SKP263	-0.005624354190250816
RN7SKP264	-0.008967050010602105
RN7SKP265	-0.041285502512003885
RN7SKP266	
RN7SKP267	0.1304083454217455
RN7SKP268	-0.18623046484940525
RN7SKP269	-0.0129275226309546
RN7SKP27	0.0426619050361906
RN7SKP270	-0.14490172374891602
RN7SKP271	-0.056393835618046874
RN7SKP272	0.021345854143682622
RN7SKP273	0.0790105035170454
RN7SKP275	-0.02014299585048351
RN7SKP276	-0.028811981398306957
RN7SKP277	
RN7SKP278	0.058496651695031376
RN7SKP279	-0.12913790227528038
RN7SKP28	0.15807460659313724
RN7SKP280	0.1681936029797673
RN7SKP281	-0.16631244129127198
RN7SKP282	-0.10361432506975461
RN7SKP283	-0.10830052125201248
RN7SKP284	
RN7SKP285	0.058496651695031376
RN7SKP286	
RN7SKP287	-0.008967050010602105
RN7SKP288	
RN7SKP289	0.02322795131534932
RN7SKP29	0.07833734335876072
RN7SKP291	-0.02352007723032693
RN7SKP292	0.03053534768395015
RN7SKP293	
RN7SKP294	
RN7SKP295	0.016404880605419607
RN7SKP296	-0.05731810482701494
RN7SKP297	-0.1475939828417878
RN7SKP298	
RN7SKP3	
RN7SKP30	-0.1207253388124214
RN7SKP31	
RN7SKP32	0.243302674926575
RN7SKP33	0.14940253651709565
RN7SKP34	-0.16170673095150628
RN7SKP35	-0.08764712668088462
RN7SKP36	0.058496651695031376
RN7SKP37	0.08915052604108885
RN7SKP38	-0.24427343040725802
RN7SKP39	
RN7SKP40	-0.1475939828417878
RN7SKP42	
RN7SKP43	-0.04769471128672524
RN7SKP44	-0.17912651242072908
RN7SKP45	-0.08129991892683519
RN7SKP46	0.01586933788838595
RN7SKP47	0.035899393991165346
RN7SKP48	-0.036834304321107444
RN7SKP49	0.035899393991165346
RN7SKP5	-0.10901290040009098
RN7SKP50	0.17636910824092927
RN7SKP51	-0.0853082347694022
RN7SKP52	
RN7SKP53	-0.03624281340314599
RN7SKP54	
RN7SKP55	-0.054136270656658825
RN7SKP56	
RN7SKP57	-0.1242162757536367
RN7SKP58	
RN7SKP59	
RN7SKP6	-0.216462334762771
RN7SKP60	-0.15442088986115152
RN7SKP61	
RN7SKP62	-0.025064173929832262
RN7SKP63	
RN7SKP64	-0.212242877666578
RN7SKP65	-0.23042233970210144
RN7SKP66	
RN7SKP67	0.01586933788838595
RN7SKP68	0.01586933788838595
RN7SKP69	0.02603337963773514
RN7SKP7	-0.008967050010602105
RN7SKP70	-0.10877067810365447
RN7SKP71	0.2831715152190289
RN7SKP72	-0.14640829612391354
RN7SKP73	0.00804192958458817
RN7SKP74	
RN7SKP75	-0.12913790227528038
RN7SKP76	0.23927283200852265
RN7SKP77	-0.16170673095150628
RN7SKP78	0.16130459436305927
RN7SKP79	-0.10235839023740342
RN7SKP8	0.1304083454217455
RN7SKP80	-0.16439383313954978
RN7SKP81	0.279253956685984
RN7SKP82	-0.12913790227528038
RN7SKP83	-0.13189236683266065
RN7SKP85	-0.015945387187770776
RN7SKP86	0.19228433039542336
RN7SKP87	-0.07243224673845453
RN7SKP88	0.1376909837623505
RN7SKP89	-0.05963915216681359
RN7SKP9	-0.27035901167677046
RN7SKP90	-0.02514053602857349
RN7SKP91	
RN7SKP92	
RN7SKP93	-0.1056695844396254
RN7SKP94	0.08915052604108885
RN7SKP95	-0.22360467466408632
RN7SKP96	0.01586933788838595
RN7SKP97	-0.10016237164869651
RN7SKP98	
RN7SKP99	
RN7SL1	0.1625587749093496
RN7SL100P	0.1588424707305392
RN7SL101P	-0.008967050010602105
RN7SL104P	
RN7SL105P	-0.2936428759832953
RN7SL106P	
RN7SL107P	0.02322795131534932
RN7SL108P	0.10886695606926987
RN7SL110P	-0.07243224673845453
RN7SL111P	-0.29173205698490395
RN7SL113P	0.04703842320800484
RN7SL116P	-0.215895570676914
RN7SL117P	
RN7SL118P	0.2856000209270595
RN7SL11P	0.17951910524096396
RN7SL120P	-0.09825543370216497
RN7SL121P	-0.05865268678135484
RN7SL122P	-0.008967050010602105
RN7SL123P	-0.008967050010602105
RN7SL124P	0.11595103019552523
RN7SL125P	-0.1939105108333792
RN7SL126P	-0.1718101885523261
RN7SL127P	0.08552453221047482
RN7SL128P	-0.015878291727536076
RN7SL12P	0.3654605053121354
RN7SL130P	0.31093343371557136
RN7SL131P	-0.1475939828417878
RN7SL132P	0.20212763619189436
RN7SL134P	-0.14667386931597803
RN7SL135P	-0.041285502512003885
RN7SL138P	-0.07460990576043447
RN7SL140P	-0.041285502512003885
RN7SL141P	0.039834247436183454
RN7SL143P	-0.07657886810624999
RN7SL144P	-0.32617524011353033
RN7SL145P	-0.04392140769690585
RN7SL146P	-0.04715711897724328
RN7SL147P	0.2225610167183142
RN7SL148P	0.016404880605419607
RN7SL149P	-0.10551844387210935
RN7SL14P	0.24944613105083643
RN7SL150P	-0.12913790227528038
RN7SL151P	-0.08049131614298476
RN7SL152P	-0.008967050010602105
RN7SL153P	-0.03610602011230093
RN7SL154P	-0.10483322177232719
RN7SL155P	0.004052432532767116
RN7SL156P	
RN7SL159P	
RN7SL15P	-0.23042233970210144
RN7SL160P	-0.059004985619498164
RN7SL162P	-0.008967050010602105
RN7SL163P	-0.18623046484940525
RN7SL164P	-0.2349314124202479
RN7SL165P	0.24803536652960945
RN7SL166P	0.17313669071469054
RN7SL167P	-0.08998803699253889
RN7SL168P	
RN7SL169P	
RN7SL16P	0.093696472142687
RN7SL170P	0.0368756609949987
RN7SL172P	0.18538609518571958
RN7SL173P	-0.07088899399638046
RN7SL174P	0.3060835461527988
RN7SL176P	
RN7SL177P	
RN7SL178P	-0.14386159414562408
RN7SL180P	-0.21282845118404675
RN7SL181P	-0.06812685150009744
RN7SL182P	0.004052432532767116
RN7SL183P	
RN7SL184P	-0.008967050010602105
RN7SL185P	-0.07243224673845453
RN7SL186P	-0.16048500787117348
RN7SL187P	-0.1682674598917544
RN7SL188P	-0.004991955477234141
RN7SL189P	
RN7SL18P	0.382135059636399
RN7SL190P	-0.23344911859497566
RN7SL191P	-0.07243224673845453
RN7SL192P	-0.07545667290849972
RN7SL193P	
RN7SL196P	-0.09743980532758886
RN7SL197P	-0.05993047441716833
RN7SL198P	
RN7SL199P	
RN7SL19P	0.03033499390903464
RN7SL2	0.13093128248761826
RN7SL200P	0.19201846533023514
RN7SL201P	-0.2349314124202479
RN7SL202P	0.1811861948873839
RN7SL204P	-0.008967050010602105
RN7SL205P	-0.2230933921950968
RN7SL208P	
RN7SL209P	
RN7SL20P	-0.12907685813976535
RN7SL210P	-0.277378425009519
RN7SL211P	-0.15152931524954835
RN7SL213P	-0.01123554159440467
RN7SL214P	0.017649229380971045
RN7SL215P	0.382135059636399
RN7SL216P	-0.12913790227528038
RN7SL217P	-0.192138047516106
RN7SL218P	-0.059857873947867776
RN7SL219P	0.1944455291010289
RN7SL220P	0.033496541135501684
RN7SL221P	-0.008967050010602105
RN7SL222P	
RN7SL223P	-0.07243224673845453
RN7SL225P	-0.2349314124202479
RN7SL228P	-0.008967050010602105
RN7SL229P	
RN7SL22P	-0.2628612110081325
RN7SL230P	0.03602074469596001
RN7SL231P	-0.17280246774351674
RN7SL233P	-0.11773538036738897
RN7SL234P	-0.14008933190644526
RN7SL236P	0.0024361570013071605
RN7SL237P	-0.23344911859497566
RN7SL238P	0.382135059636399
RN7SL239P	0.07345575947413116
RN7SL23P	0.12200727070770388
RN7SL240P	
RN7SL241P	
RN7SL242P	-0.038684826110553176
RN7SL244P	
RN7SL246P	0.14212045120484806
RN7SL248P	0.382135059636399
RN7SL250P	
RN7SL251P	-0.13649338769846858
RN7SL252P	
RN7SL253P	0.13852673938421833
RN7SL254P	0.035899393991165346
RN7SL255P	
RN7SL258P	0.09735725101870658
RN7SL259P	-0.05705424817102884
RN7SL25P	
RN7SL261P	0.2685328931314829
RN7SL262P	
RN7SL263P	0.04046656021313797
RN7SL265P	-0.1344146775283386
RN7SL266P	-0.19515065813518565
RN7SL267P	-0.07004784277600673
RN7SL268P	
RN7SL269P	-0.0469302231905321
RN7SL26P	0.058496651695031376
RN7SL270P	-0.0010407187690756096
RN7SL271P	-0.09614359154518355
RN7SL272P	-0.22207872725335726
RN7SL273P	-0.041285502512003885
RN7SL274P	0.01586933788838595
RN7SL275P	-0.23344911859497566
RN7SL277P	0.1616588190541582
RN7SL278P	
RN7SL279P	
RN7SL280P	0.35388367743395927
RN7SL282P	
RN7SL283P	
RN7SL284P	-0.008967050010602105
RN7SL285P	
RN7SL286P	0.3348886415895529
RN7SL288P	-0.24217981426037866
RN7SL28P	-0.18623046484940525
RN7SL290P	
RN7SL291P	0.01586933788838595
RN7SL292P	-0.08246611591025292
RN7SL293P	-0.038684826110553176
RN7SL294P	
RN7SL296P	0.03402208826749085
RN7SL297P	0.17247175972478312
RN7SL299P	-0.1475939828417878
RN7SL3	-0.06426038715387371
RN7SL300P	-0.01831151704676897
RN7SL301P	0.3120302103076554
RN7SL302P	
RN7SL303P	0.10656476774357872
RN7SL304P	-0.01919200109816668
RN7SL305P	
RN7SL306P	0.21421273495217813
RN7SL307P	-0.2113654695017587
RN7SL308P	0.14427625689498777
RN7SL309P	-0.22114858412945596
RN7SL30P	0.01586933788838595
RN7SL310P	-0.18623046484940525
RN7SL311P	-0.027075491327894295
RN7SL313P	-0.22001471126547945
RN7SL314P	-0.09763586874818274
RN7SL316P	-0.053424658856803545
RN7SL317P	0.41951897739895294
RN7SL318P	-0.13799771110796819
RN7SL319P	
RN7SL320P	0.22514325264409896
RN7SL321P	-0.008967050010602105
RN7SL322P	-0.19238296252828377
RN7SL323P	-0.0010407187690756096
RN7SL325P	-0.17629616398763542
RN7SL326P	-0.00896705001060209
RN7SL327P	
RN7SL328P	0.45753402805896665
RN7SL329P	-0.012809453896249788
RN7SL32P	0.27673718459319285
RN7SL330P	0.28053452153389247
RN7SL331P	
RN7SL332P	-0.23344911859497566
RN7SL333P	0.23197285634437265
RN7SL334P	0.018105220034454368
RN7SL335P	-0.008967050010602105
RN7SL336P	-0.03256194440380249
RN7SL337P	0.40060305445624694
RN7SL338P	-0.005624354190250816
RN7SL339P	-0.05988694252028145
RN7SL33P	-0.005624354190250816
RN7SL340P	
RN7SL341P	-0.0010407187690756096
RN7SL342P	-0.21219118046111837
RN7SL343P	-0.0274684299302628
RN7SL344P	0.2318678164280937
RN7SL346P	0.02270523373343756
RN7SL34P	0.062499954136972825
RN7SL350P	
RN7SL351P	-0.10233447448136997
RN7SL352P	0.002371218367148027
RN7SL353P	0.2515999808451498
RN7SL354P	
RN7SL356P	-0.16191590917627985
RN7SL357P	-0.17197153554359484
RN7SL359P	0.19088101196001198
RN7SL35P	
RN7SL361P	-0.038684826110553176
RN7SL362P	
RN7SL363P	
RN7SL364P	-0.3181095554606173
RN7SL366P	-0.05188060213862873
RN7SL368P	0.06840839014118114
RN7SL369P	-0.008967050010602105
RN7SL36P	0.22647384779538987
RN7SL370P	0.27832565258718983
RN7SL371P	0.0012649374986758394
RN7SL372P	0.279253956685984
RN7SL375P	0.061542837754725604
RN7SL376P	0.10928130390045442
RN7SL377P	0.2724652725601498
RN7SL378P	-0.14998742049635638
RN7SL379P	-0.14119335191473098
RN7SL37P	-0.11419492230598016
RN7SL380P	-0.1475939828417878
RN7SL381P	0.08372473557384351
RN7SL382P	
RN7SL383P	-0.2349314124202479
RN7SL384P	-0.11315291446315408
RN7SL385P	0.27797581452397035
RN7SL386P	-0.061942735141275025
RN7SL387P	-0.03582126268311453
RN7SL388P	0.1034551382475065
RN7SL38P	-0.020798567365412513
RN7SL390P	-0.0088760154729965
RN7SL391P	
RN7SL392P	-0.0004074161226801621
RN7SL393P	-0.0594844373722068
RN7SL394P	-0.02737598640514048
RN7SL395P	-0.010097459861480295
RN7SL396P	-0.31016737369663044
RN7SL397P	-0.12361131157209664
RN7SL398P	
RN7SL399P	-0.039863080720728784
RN7SL39P	
RN7SL400P	0.382135059636399
RN7SL401P	
RN7SL402P	
RN7SL403P	0.25652693234560014
RN7SL404P	0.2224375159297607
RN7SL405P	0.05058210007590966
RN7SL408P	-0.14273294344079498
RN7SL40P	-0.1851335607762731
RN7SL411P	-0.056393835618046874
RN7SL413P	-0.12913790227528038
RN7SL414P	-0.09267652400873465
RN7SL415P	-0.04213038381821803
RN7SL416P	0.27948670475500453
RN7SL417P	
RN7SL418P	
RN7SL419P	-0.0022098043345070272
RN7SL41P	
RN7SL420P	-0.24891888669164852
RN7SL422P	0.33333441625201843
RN7SL423P	
RN7SL424P	-0.11175265620181878
RN7SL425P	-0.10703763946586707
RN7SL426P	-0.22086763875105517
RN7SL428P	
RN7SL429P	0.01586933788838595
RN7SL42P	-0.20851472441110067
RN7SL430P	-0.1122395032640961
RN7SL431P	0.1846004188292922
RN7SL432P	0.2501597397168391
RN7SL434P	0.3370838077716845
RN7SL435P	0.349409531065193
RN7SL438P	-0.2348363879261206
RN7SL43P	-0.12528404120627248
RN7SL440P	-0.021402323969712873
RN7SL441P	-0.07456684546258413
RN7SL442P	0.11084511410729692
RN7SL443P	0.008748989785545589
RN7SL444P	0.025378267587263713
RN7SL445P	0.26676170483200723
RN7SL446P	-0.020018991106197887
RN7SL447P	0.2488629918755399
RN7SL448P	-0.07134645965862545
RN7SL449P	0.23146724932813936
RN7SL44P	0.382135059636399
RN7SL451P	0.2568316883930779
RN7SL452P	0.14943849396068032
RN7SL453P	
RN7SL454P	0.06943429983357444
RN7SL455P	-0.16170673095150628
RN7SL456P	-0.12998428644797463
RN7SL457P	0.195081369816529
RN7SL459P	-0.3036566439795046
RN7SL45P	0.09456509614745488
RN7SL460P	-0.038684826110553176
RN7SL461P	0.07610264253704817
RN7SL462P	
RN7SL464P	0.2865120980650653
RN7SL465P	
RN7SL466P	-0.0010407187690756096
RN7SL468P	
RN7SL469P	
RN7SL470P	
RN7SL471P	-0.07543042399467856
RN7SL472P	0.05963992333730929
RN7SL473P	0.22999261858242973
RN7SL474P	0.058496651695031376
RN7SL475P	0.14342012813909613
RN7SL477P	0.2456645375267901
RN7SL478P	
RN7SL479P	-0.038684826110553176
RN7SL47P	0.06273304448233724
RN7SL480P	-0.011782763130868333
RN7SL481P	-0.16188703882904354
RN7SL482P	-0.22731364830190334
RN7SL483P	0.09059123011624876
RN7SL484P	-0.010774768125045936
RN7SL487P	-0.10715756977168701
RN7SL488P	-0.005624354190250816
RN7SL489P	0.01586933788838595
RN7SL48P	
RN7SL491P	-0.024331580799184304
RN7SL492P	0.00804192958458817
RN7SL493P	0.06789987405615978
RN7SL494P	0.2237077323392496
RN7SL495P	
RN7SL496P	-0.005624354190250816
RN7SL497P	0.06167242160753861
RN7SL498P	-0.03538126968359585
RN7SL499P	
RN7SL49P	-0.21451583994645618
RN7SL4P	-0.11120898474033554
RN7SL500P	-0.12275074770198731
RN7SL502P	-0.02737598640514048
RN7SL503P	0.3997313644202634
RN7SL504P	-0.277378425009519
RN7SL505P	-0.08057723094874455
RN7SL507P	-0.018597299063447172
RN7SL508P	-0.08472643365768005
RN7SL509P	0.025502619094620146
RN7SL50P	
RN7SL510P	-0.04002055446809138
RN7SL513P	-0.03279890867327006
RN7SL515P	-0.18623046484940525
RN7SL516P	-0.1458949086754942
RN7SL517P	0.07248703798696579
RN7SL518P	-0.10483322177232719
RN7SL519P	
RN7SL51P	0.28053452153389247
RN7SL520P	-0.23344911859497566
RN7SL521P	0.12360970824611088
RN7SL523P	0.018236300433339698
RN7SL524P	-0.11474354249556915
RN7SL525P	-0.03849909742783316
RN7SL526P	0.124368585624695
RN7SL527P	0.01586933788838595
RN7SL52P	-0.1216181382209592
RN7SL530P	0.04758302308573889
RN7SL531P	
RN7SL535P	0.06564777943296735
RN7SL536P	
RN7SL538P	-0.20770720546292235
RN7SL539P	
RN7SL541P	0.05381226236715707
RN7SL542P	
RN7SL543P	-0.06444821489750759
RN7SL544P	
RN7SL545P	
RN7SL546P	-0.2421630128890872
RN7SL547P	0.01586933788838595
RN7SL549P	0.0043681766201327564
RN7SL551P	-0.17395910419017663
RN7SL552P	-0.07033168973013938
RN7SL553P	-0.14636727682896555
RN7SL554P	0.035899393991165346
RN7SL555P	-0.02795862566116044
RN7SL556P	0.13617985999418847
RN7SL557P	-0.005624354190250816
RN7SL558P	0.0759532180729886
RN7SL559P	0.07308832789637824
RN7SL55P	-0.008967050010602105
RN7SL560P	-0.2655048696479408
RN7SL561P	0.382135059636399
RN7SL563P	
RN7SL564P	-0.1199717361897447
RN7SL565P	
RN7SL566P	-0.05545351422204718
RN7SL567P	0.382135059636399
RN7SL568P	0.01586933788838595
RN7SL569P	-0.13148398802194408
RN7SL570P	0.02943368080390464
RN7SL571P	
RN7SL573P	-0.0008508216642855636
RN7SL574P	0.20301029747278582
RN7SL575P	0.16095360018343635
RN7SL577P	-0.07933433473029369
RN7SL578P	-0.12913790227528038
RN7SL57P	-0.17864551951217408
RN7SL580P	0.382135059636399
RN7SL581P	0.17749042285338604
RN7SL582P	0.02603337963773514
RN7SL583P	-0.12461250039136353
RN7SL584P	-0.04393865143812509
RN7SL585P	-0.038684826110553176
RN7SL586P	-0.058535531988414796
RN7SL587P	-0.14788905256130155
RN7SL589P	-0.14544795512213343
RN7SL58P	0.15759447463361373
RN7SL591P	-0.17629616398763542
RN7SL592P	-0.12770475962203182
RN7SL594P	0.01586933788838595
RN7SL596P	0.10036771866412528
RN7SL597P	-0.07419894585276869
RN7SL598P	0.017649229380971045
RN7SL5P	0.18881697519142498
RN7SL600P	0.18070221078119916
RN7SL601P	0.3063849010515103
RN7SL602P	-0.07737068772193627
RN7SL604P	
RN7SL605P	0.11224839261017415
RN7SL606P	-0.013066854784861697
RN7SL607P	-0.08129991892683519
RN7SL608P	0.22649208774043075
RN7SL60P	-0.043321096630062166
RN7SL610P	-0.08814940012394507
RN7SL612P	0.03008409586522817
RN7SL614P	-0.012523805412086631
RN7SL615P	-0.23712366005009572
RN7SL616P	
RN7SL617P	0.279253956685984
RN7SL618P	-0.10483322177232719
RN7SL619P	-0.1808143213915285
RN7SL620P	-0.008967050010602105
RN7SL621P	-0.277378425009519
RN7SL622P	0.12163395373471703
RN7SL623P	0.16567607095579504
RN7SL624P	-0.14490172374891602
RN7SL625P	-0.0010407187690756096
RN7SL627P	0.07678800247539082
RN7SL628P	0.382135059636399
RN7SL629P	0.30040048743853526
RN7SL62P	
RN7SL630P	-0.14028338948827607
RN7SL632P	0.07429619497588662
RN7SL633P	-0.2682626353986454
RN7SL634P	-0.18240374751185903
RN7SL635P	0.017649229380971045
RN7SL636P	-0.010880777292370776
RN7SL638P	-0.03325912453167606
RN7SL63P	0.035899393991165346
RN7SL640P	
RN7SL643P	-0.04393865143812509
RN7SL644P	0.049055135231214804
RN7SL645P	-0.038684826110553176
RN7SL646P	0.035899393991165346
RN7SL647P	0.035899393991165346
RN7SL648P	0.026985505131441705
RN7SL649P	-0.008967050010602105
RN7SL650P	0.12666430175666968
RN7SL652P	0.03868099425101939
RN7SL653P	
RN7SL654P	-0.23712366005009572
RN7SL655P	-0.041285502512003885
RN7SL656P	
RN7SL657P	
RN7SL658P	-0.08871762748456985
RN7SL659P	0.04617027564267642
RN7SL65P	
RN7SL660P	-0.14745670441866818
RN7SL663P	-0.13791742676943375
RN7SL664P	-0.1639763359963522
RN7SL665P	-0.15293429599684544
RN7SL666P	-0.1371469941931849
RN7SL667P	-0.12913790227528038
RN7SL668P	-0.07067830920389598
RN7SL66P	0.04481741045967236
RN7SL670P	-0.20472562255093396
RN7SL671P	-0.328330926433596
RN7SL672P	-0.12630302084257833
RN7SL673P	
RN7SL674P	-0.19350275126088132
RN7SL675P	
RN7SL676P	
RN7SL677P	-0.008967050010602105
RN7SL678P	-0.12175541240246851
RN7SL679P	0.10471469037371174
RN7SL67P	0.20021564181428786
RN7SL680P	0.21237836772915752
RN7SL681P	-0.10801176474107388
RN7SL683P	-0.13450105592875666
RN7SL684P	-0.12913790227528038
RN7SL685P	0.016404880605419607
RN7SL687P	0.10656476774357872
RN7SL688P	0.42141733390418584
RN7SL689P	0.07800070836486894
RN7SL68P	0.10380534130278997
RN7SL690P	
RN7SL691P	
RN7SL692P	-0.03877032682770888
RN7SL693P	0.279253956685984
RN7SL694P	-0.02737598640514048
RN7SL697P	-0.15116547993630763
RN7SL698P	-0.008967050010602105
RN7SL69P	0.04671085300985985
RN7SL700P	-0.008967050010602105
RN7SL702P	-0.012189950894420582
RN7SL703P	0.02603337963773514
RN7SL704P	-0.1718101885523261
RN7SL705P	0.058496651695031376
RN7SL706P	-0.04905083633249575
RN7SL708P	-0.227606250585787
RN7SL709P	0.25346716064708114
RN7SL70P	
RN7SL711P	-0.23635546551691436
RN7SL712P	-0.0866940683987402
RN7SL713P	0.0043681766201327564
RN7SL714P	
RN7SL716P	-0.13390255339013857
RN7SL717P	
RN7SL718P	
RN7SL719P	-0.02565927861739917
RN7SL720P	0.05738631384325549
RN7SL722P	
RN7SL724P	0.382135059636399
RN7SL727P	
RN7SL728P	-0.026783367548374657
RN7SL72P	
RN7SL731P	
RN7SL732P	-0.13671407360499988
RN7SL733P	0.01586933788838595
RN7SL734P	0.16856020591942544
RN7SL735P	0.14427625689498777
RN7SL736P	-0.03296470178201283
RN7SL737P	0.11010412335701082
RN7SL738P	
RN7SL73P	0.02322795131534932
RN7SL740P	-0.05327894076400363
RN7SL741P	-0.2076904585567338
RN7SL743P	-0.24154530174479785
RN7SL744P	0.17337753174654527
RN7SL745P	0.21431555806025127
RN7SL748P	-0.02352007723032693
RN7SL749P	-0.16435030507329051
RN7SL74P	-0.038684826110553176
RN7SL750P	0.02943368080390464
RN7SL751P	0.12384217996209916
RN7SL752P	0.1515328325028016
RN7SL753P	-0.0895471727677534
RN7SL754P	-0.18623046484940525
RN7SL756P	-0.23344911859497566
RN7SL757P	
RN7SL759P	-0.10483322177232719
RN7SL75P	0.17595595560298313
RN7SL761P	-0.17629616398763542
RN7SL762P	-0.0010407187690756096
RN7SL763P	
RN7SL764P	-0.16754667363509396
RN7SL766P	0.31122303797490247
RN7SL767P	-0.1853887019042676
RN7SL769P	-0.12622832264094877
RN7SL76P	-0.3043193659363797
RN7SL771P	0.2978545380132979
RN7SL774P	0.129074438181987
RN7SL775P	0.3450686291742994
RN7SL776P	
RN7SL77P	
RN7SL782P	-0.19685704741001647
RN7SL783P	-0.059857873947867776
RN7SL784P	0.009113565775560616
RN7SL785P	
RN7SL786P	0.17613686081584626
RN7SL787P	-0.008967050010602105
RN7SL788P	-0.06271197894303679
RN7SL789P	-0.017432199328821257
RN7SL78P	-0.01560952960627513
RN7SL790P	-0.18623046484940525
RN7SL791P	-0.1436962633148292
RN7SL792P	0.2052937787390542
RN7SL793P	-0.11168498216910698
RN7SL794P	0.22750565274074303
RN7SL795P	
RN7SL796P	
RN7SL797P	-0.2349314124202479
RN7SL798P	-0.04393865143812509
RN7SL799P	0.15107213378676976
RN7SL79P	0.053257273205631624
RN7SL7P	-0.04093956906310941
RN7SL800P	-0.06521864832735777
RN7SL801P	0.3481937888577356
RN7SL802P	
RN7SL804P	0.20846474014053845
RN7SL806P	-0.23344911859497566
RN7SL807P	
RN7SL808P	0.023977123997907364
RN7SL809P	-0.08371517595724769
RN7SL810P	-0.20069576654592877
RN7SL811P	-0.12913790227528038
RN7SL812P	0.40822545556273043
RN7SL813P	-0.11585959059132735
RN7SL814P	-0.08926108561978935
RN7SL815P	-0.04393865143812509
RN7SL817P	-0.12913790227528038
RN7SL818P	-0.04393865143812509
RN7SL819P	0.2590895858111118
RN7SL81P	0.1645959309474486
RN7SL820P	-0.008967050010602105
RN7SL822P	0.009610976478063148
RN7SL823P	0.27915777503713096
RN7SL824P	0.058496651695031376
RN7SL825P	0.2732436185658171
RN7SL826P	0.016404880605419607
RN7SL82P	
RN7SL831P	
RN7SL832P	0.039919963592882864
RN7SL833P	0.16543916984233867
RN7SL834P	-0.08627139032282535
RN7SL835P	0.382135059636399
RN7SL836P	-0.14580874973211239
RN7SL837P	0.28053452153389247
RN7SL838P	-0.10382777822379786
RN7SL83P	-0.008967050010602105
RN7SL841P	
RN7SL842P	0.10129649613106996
RN7SL843P	-0.05705424817102884
RN7SL845P	0.05058210007590966
RN7SL846P	0.02019827854155048
RN7SL847P	-0.05089486826874497
RN7SL849P	-0.1501888361611513
RN7SL850P	-0.29216033264111
RN7SL851P	0.06605224635878681
RN7SL853P	0.02322795131534932
RN7SL854P	
RN7SL856P	0.3129040454727979
RN7SL860P	
RN7SL861P	0.21958422818111206
RN7SL862P	0.058496651695031376
RN7SL863P	-0.06062635544555586
RN7SL864P	0.21686032636051492
RN7SL865P	
RN7SL868P	-0.04658583889718492
RN7SL869P	-0.008967050010602105
RN7SL870P	-0.0604323052361645
RN7SL87P	-0.03624281340314599
RN7SL88P	
RN7SL89P	-0.04393865143812509
RN7SL8P	0.09093199112672198
RN7SL91P	-0.008967050010602105
RN7SL92P	-0.1145027423837322
RN7SL93P	-0.2349314124202479
RN7SL96P	0.022569933083890447
RN7SL97P	-0.1649432264402123
RN7SL98P	
RNA5-8SP2	0.3279605073117589
RNA5-8SP3	-0.008967050010602105
RNA5-8SP4	
RNA5-8SP5	-0.2598341942640069
RNA5-8SP6	-0.1786482503291495
RNA5-8SP7	
RNA5S1	
RNA5S10	
RNA5S11	
RNA5S12	
RNA5S13	
RNA5S14	
RNA5S15	
RNA5S16	
RNA5S17	
RNA5S2	
RNA5S3	
RNA5S4	
RNA5S5	
RNA5S6	
RNA5S7	
RNA5S8	
RNA5S9	-0.24264439066515306
RNA5SP100	-0.16170673095150628
RNA5SP101	-0.0010407187690756096
RNA5SP102	
RNA5SP103	
RNA5SP104	-0.23371475841978445
RNA5SP105	
RNA5SP106	
RNA5SP107	-0.2349314124202479
RNA5SP109	
RNA5SP110	0.29439576768462905
RNA5SP111	0.0772564680992572
RNA5SP112	
RNA5SP113	
RNA5SP114	
RNA5SP115	
RNA5SP116	-0.038684826110553176
RNA5SP117	
RNA5SP118	
RNA5SP119	
RNA5SP120	
RNA5SP121	-0.1453578662970976
RNA5SP122	-0.061345266359161044
RNA5SP123	
RNA5SP124	
RNA5SP125	
RNA5SP126	0.10656476774357872
RNA5SP127	
RNA5SP128	0.10656476774357872
RNA5SP129	-0.10821000931122625
RNA5SP130	
RNA5SP131	-0.008967050010602105
RNA5SP132	0.035899393991165304
RNA5SP133	-0.04929266779623301
RNA5SP134	
RNA5SP135	0.16856020591942544
RNA5SP136	-0.008967050010602105
RNA5SP137	0.279253956685984
RNA5SP138	
RNA5SP139	-0.2780930861124712
RNA5SP140	
RNA5SP141	-0.07864658684176266
RNA5SP142	
RNA5SP143	
RNA5SP144	
RNA5SP145	0.30406760981104
RNA5SP146	-0.06245990066766646
RNA5SP147	-0.03325912453167606
RNA5SP148	
RNA5SP149	-0.2554231401564847
RNA5SP150	-0.16315814768227788
RNA5SP151	0.09678448219398694
RNA5SP152	-0.005624354190250816
RNA5SP153	
RNA5SP154	-0.10342252796824242
RNA5SP155	0.1933316140050122
RNA5SP156	0.3621426401356582
RNA5SP157	
RNA5SP158	-0.03624281340314599
RNA5SP159	-0.04929266779623301
RNA5SP160	-0.23344911859497566
RNA5SP161	-0.23940693799911666
RNA5SP162	0.12107715427257715
RNA5SP163	
RNA5SP164	-0.00896705001060209
RNA5SP165	
RNA5SP166	-0.16170673095150598
RNA5SP167	
RNA5SP168	
RNA5SP169	-0.008967050010602105
RNA5SP170	
RNA5SP171	
RNA5SP172	
RNA5SP173	
RNA5SP174	0.010878275302783427
RNA5SP175	0.02603337963773514
RNA5SP176	
RNA5SP177	
RNA5SP178	
RNA5SP179	
RNA5SP18	-0.0816740007770962
RNA5SP180	-0.041285502512003885
RNA5SP181	
RNA5SP182	0.382135059636399
RNA5SP183	
RNA5SP184	-0.09825543370216497
RNA5SP185	-0.23344911859497566
RNA5SP186	-0.12913790227528038
RNA5SP187	-0.038684826110553176
RNA5SP188	-0.16170673095150628
RNA5SP189	
RNA5SP19	0.2409339230316286
RNA5SP190	-0.04929266779623301
RNA5SP191	-0.005624354190250816
RNA5SP192	
RNA5SP193	0.01586933788838595
RNA5SP194	0.05286499690088307
RNA5SP195	-0.30397069276409233
RNA5SP196	0.2835141572695237
RNA5SP197	0.16856020591942544
RNA5SP198	
RNA5SP199	-0.09539750532214313
RNA5SP20	-0.06813336836057372
RNA5SP200	
RNA5SP201	-0.04393865143812509
RNA5SP202	-0.007119476848128907
RNA5SP203	
RNA5SP204	0.2215935545704701
RNA5SP205	
RNA5SP206	0.004052432532767116
RNA5SP207	0.16566676599064456
RNA5SP208	
RNA5SP209	
RNA5SP21	
RNA5SP210	-0.18623046484940525
RNA5SP211	
RNA5SP212	-0.23295588854710564
RNA5SP213	
RNA5SP214	
RNA5SP215	0.004052432532767116
RNA5SP216	0.01586933788838595
RNA5SP217	0.16433744936717073
RNA5SP218	-0.18623046484940525
RNA5SP219	0.0910272501849855
RNA5SP22	
RNA5SP220	
RNA5SP221	0.02322795131534932
RNA5SP222	-0.21118343398090225
RNA5SP223	
RNA5SP224	
RNA5SP225	-0.18623046484940525
RNA5SP226	0.1681062886485329
RNA5SP227	
RNA5SP228	-0.008967050010602105
RNA5SP229	
RNA5SP23	-0.1475939828417878
RNA5SP230	
RNA5SP231	
RNA5SP232	
RNA5SP233	
RNA5SP234	-0.0010407187690756096
RNA5SP235	
RNA5SP236	
RNA5SP237	-0.1040548710296871
RNA5SP238	
RNA5SP239	-0.029145763196477405
RNA5SP24	
RNA5SP240	-0.2349314124202479
RNA5SP241	0.3564698648071673
RNA5SP242	-0.1672283508012217
RNA5SP243	
RNA5SP244	
RNA5SP245	0.07696852422924835
RNA5SP246	-0.14628129893496622
RNA5SP247	0.16856020591942544
RNA5SP248	0.2600248504463338
RNA5SP249	
RNA5SP25	-0.07970116133213595
RNA5SP250	-0.11519291672628348
RNA5SP251	
RNA5SP252	
RNA5SP253	
RNA5SP254	
RNA5SP255	-0.008967050010602105
RNA5SP256	0.017649229380971045
RNA5SP258	
RNA5SP259	0.16856020591942544
RNA5SP26	-0.1971244314998617
RNA5SP260	0.016899952999175055
RNA5SP261	
RNA5SP262	-0.18623046484940525
RNA5SP263	0.382135059636399
RNA5SP264	
RNA5SP265	
RNA5SP266	
RNA5SP267	
RNA5SP268	0.36059806265213873
RNA5SP269	0.01586933788838595
RNA5SP27	
RNA5SP270	
RNA5SP271	
RNA5SP272	
RNA5SP273	
RNA5SP274	
RNA5SP275	-0.2349314124202479
RNA5SP276	
RNA5SP277	
RNA5SP278	
RNA5SP279	
RNA5SP28	-0.17629616398763542
RNA5SP280	
RNA5SP281	
RNA5SP282	-0.008967050010602105
RNA5SP283	0.14456379769805747
RNA5SP284	0.14645446384089775
RNA5SP285	
RNA5SP286	
RNA5SP287	
RNA5SP288	
RNA5SP289	0.054551334224193976
RNA5SP29	0.02603337963773514
RNA5SP290	0.016404880605419607
RNA5SP291	
RNA5SP292	
RNA5SP293	
RNA5SP294	-0.09222291793650786
RNA5SP295	-0.008967050010602105
RNA5SP296	-0.11631728274237489
RNA5SP297	
RNA5SP298	-0.10099737740614821
RNA5SP299	0.041153848380389185
RNA5SP30	0.02322795131534932
RNA5SP300	-0.18623046484940525
RNA5SP301	0.26769378003347355
RNA5SP302	
RNA5SP303	
RNA5SP304	-0.23344911859497566
RNA5SP305	
RNA5SP306	
RNA5SP307	0.01961434855488729
RNA5SP308	-0.17629616398763542
RNA5SP309	0.382135059636399
RNA5SP31	0.382135059636399
RNA5SP310	-0.23344911859497566
RNA5SP311	
RNA5SP312	0.27602045023571053
RNA5SP313	
RNA5SP314	
RNA5SP315	
RNA5SP316	
RNA5SP317	
RNA5SP318	
RNA5SP319	
RNA5SP320	
RNA5SP321	
RNA5SP322	
RNA5SP323	-0.005624354190250816
RNA5SP324	-0.03325912453167606
RNA5SP325	0.32129286740692853
RNA5SP326	
RNA5SP327	-0.005624354190250816
RNA5SP328	
RNA5SP329	0.16856020591942544
RNA5SP33	0.16296218150463598
RNA5SP330	
RNA5SP331	
RNA5SP332	0.382135059636399
RNA5SP333	-0.07408485109840007
RNA5SP334	
RNA5SP335	
RNA5SP336	
RNA5SP337	
RNA5SP338	
RNA5SP339	
RNA5SP34	-0.038684826110553176
RNA5SP340	-0.1848738139702339
RNA5SP341	
RNA5SP342	0.19437694500596314
RNA5SP343	
RNA5SP344	
RNA5SP345	0.0930565573743642
RNA5SP346	
RNA5SP347	-0.008967050010602105
RNA5SP348	
RNA5SP349	-0.04929266779623301
RNA5SP35	
RNA5SP350	
RNA5SP351	0.016404880605419607
RNA5SP352	-0.05096611733013176
RNA5SP353	0.017649229380971045
RNA5SP354	0.1928003210907069
RNA5SP355	-0.041285502512003885
RNA5SP356	
RNA5SP358	
RNA5SP359	
RNA5SP36	
RNA5SP360	
RNA5SP361	
RNA5SP362	
RNA5SP363	
RNA5SP364	
RNA5SP365	-0.02015964999276705
RNA5SP366	
RNA5SP367	-0.2388563769924192
RNA5SP368	0.19925338885429938
RNA5SP369	-0.03224419839982786
RNA5SP37	
RNA5SP370	-0.15018315669403
RNA5SP371	
RNA5SP372	-0.06058566200445101
RNA5SP373	
RNA5SP374	-0.008967050010602105
RNA5SP375	-0.12913790227528038
RNA5SP376	0.058496651695031376
RNA5SP377	
RNA5SP378	-0.08246611591025292
RNA5SP379	-0.07243224673845453
RNA5SP38	-0.18623046484940525
RNA5SP380	0.017649229380971045
RNA5SP382	-0.17149062367389659
RNA5SP383	-0.13640204729776503
RNA5SP384	-0.0036382260109590757
RNA5SP385	0.10151226916863633
RNA5SP387	-0.12553101781298684
RNA5SP388	-0.212242877666578
RNA5SP389	-0.15752774339515654
RNA5SP39	-0.1475939828417878
RNA5SP390	
RNA5SP391	
RNA5SP392	
RNA5SP393	
RNA5SP394	
RNA5SP395	-0.12917464279120497
RNA5SP396	-0.1145027423837322
RNA5SP397	
RNA5SP399	0.2113539697593426
RNA5SP40	
RNA5SP400	0.017649229380971045
RNA5SP401	
RNA5SP402	0.10656476774357872
RNA5SP403	-0.09835407553855456
RNA5SP404	-0.09491884401356912
RNA5SP405	-0.11291066164641365
RNA5SP406	
RNA5SP407	
RNA5SP408	
RNA5SP409	
RNA5SP41	0.02603337963773514
RNA5SP410	-0.2349314124202479
RNA5SP413	
RNA5SP415	0.10656476774357872
RNA5SP416	
RNA5SP417	
RNA5SP418	
RNA5SP419	
RNA5SP42	-0.1718101885523261
RNA5SP420	
RNA5SP421	-0.008967050010602105
RNA5SP422	
RNA5SP423	
RNA5SP424	0.017649229380971045
RNA5SP425	0.05157525741511701
RNA5SP426	-0.03325912453167606
RNA5SP427	-0.23344911859497566
RNA5SP428	
RNA5SP429	-0.06667766074630105
RNA5SP43	
RNA5SP430	
RNA5SP431	
RNA5SP432	-0.008967050010602105
RNA5SP433	
RNA5SP434	0.0867518413709328
RNA5SP435	0.3343537725435023
RNA5SP436	
RNA5SP437	0.382135059636399
RNA5SP438	
RNA5SP439	0.2923945648138417
RNA5SP44	
RNA5SP440	-0.1347175770999286
RNA5SP441	0.382135059636399
RNA5SP442	-0.11487733618663576
RNA5SP443	
RNA5SP444	
RNA5SP445	
RNA5SP446	
RNA5SP447	-0.3152795713303315
RNA5SP448	
RNA5SP449	
RNA5SP45	-0.24439930055421918
RNA5SP450	0.07263368171888461
RNA5SP451	
RNA5SP452	-0.010319660720780935
RNA5SP453	
RNA5SP454	-0.0699971112803358
RNA5SP455	
RNA5SP456	
RNA5SP457	-0.133496559361583
RNA5SP458	-0.010097459861480295
RNA5SP459	
RNA5SP46	
RNA5SP460	
RNA5SP461	-0.038684826110553176
RNA5SP462	
RNA5SP463	-0.008967050010602105
RNA5SP464	-0.02797802925027375
RNA5SP465	0.05939812697109825
RNA5SP466	-0.0252720071814584
RNA5SP467	0.009709769723170543
RNA5SP468	0.01586933788838595
RNA5SP469	0.02603337963773514
RNA5SP47	
RNA5SP470	-0.03325912453167606
RNA5SP471	
RNA5SP472	
RNA5SP473	-0.07639102324343003
RNA5SP474	0.0038238146301184336
RNA5SP475	
RNA5SP476	
RNA5SP477	-0.008967050010602105
RNA5SP478	0.058496651695031376
RNA5SP479	-0.1469564745314546
RNA5SP48	-0.24262169514362253
RNA5SP480	0.28053452153389247
RNA5SP481	
RNA5SP482	
RNA5SP483	0.2135935988178896
RNA5SP484	
RNA5SP485	-0.005624354190250816
RNA5SP486	-0.008967050010602105
RNA5SP487	
RNA5SP488	-0.005624354190250816
RNA5SP489	
RNA5SP49	
RNA5SP490	
RNA5SP491	-0.06279269637637074
RNA5SP492	0.1311800223266546
RNA5SP493	
RNA5SP494	
RNA5SP495	
RNA5SP496	-0.28018521812306935
RNA5SP497	0.02603337963773514
RNA5SP498	-0.23344911859497566
RNA5SP499	-0.06926187737282719
RNA5SP50	
RNA5SP500	0.16856020591942544
RNA5SP501	-0.16170673095150628
RNA5SP502	
RNA5SP503	-0.23344911859497566
RNA5SP504	
RNA5SP505	-0.038684826110553176
RNA5SP507	0.16856020591942544
RNA5SP508	-0.19407781696980023
RNA5SP509	
RNA5SP51	
RNA5SP510	-0.12364040475628639
RNA5SP511	-0.02352007723032693
RNA5SP512	0.21326933793749026
RNA5SP513	
RNA5SP514	
RNA5SP515	-0.038684826110553176
RNA5SP516	
RNA5SP517	
RNA5SP518	-0.008967050010602105
RNA5SP519	
RNA5SP52	-0.18623046484940525
RNA5SP520	-0.07243224673845453
RNA5SP521	
RNA5SP522	
RNA5SP523	
RNA5SP53	0.058496651695031376
RNA5SP54	
RNA5SP55	-0.1340953393991187
RNA5SP56	
RNA5SP57	
RNA5SP58	
RNA5SP59	
RNA5SP60	
RNA5SP61	0.04177117463849877
RNA5SP62	
RNA5SP63	
RNA5SP64	
RNA5SP65	-0.1376434492512526
RNA5SP66	-0.09825543370216501
RNA5SP67	0.017649229380971045
RNA5SP68	-0.23344911859497566
RNA5SP69	-0.25391738522284224
RNA5SP70	0.035899393991165346
RNA5SP71	0.04909660087832386
RNA5SP72	-0.16775815289684157
RNA5SP73	0.382135059636399
RNA5SP74	-0.017654370573183795
RNA5SP75	-0.06752377260299475
RNA5SP76	
RNA5SP77	
RNA5SP78	-0.10501886117625645
RNA5SP79	0.10656476774357872
RNA5SP80	-0.07243224673845453
RNA5SP82	0.343758710467084
RNA5SP84	-0.20069576654592877
RNA5SP85	-0.1390200171259628
RNA5SP86	-0.30193000944884724
RNA5SP87	
RNA5SP88	
RNA5SP89	-0.008967050010602105
RNA5SP90	-0.021716436539410834
RNA5SP91	
RNA5SP92	0.08735934118349198
RNA5SP93	
RNA5SP94	
RNA5SP95	
RNA5SP96	-0.008967050010602105
RNA5SP97	-0.19157305762796623
RNA5SP98	0.007907557992540011
RNA5SP99	-0.107640076470282
RNASE1	-0.06073025750019964
RNASE10	0.24487064735357172
RNASE11	0.1431394500214952
RNASE12	0.04372449739492519
RNASE13	-0.2149616775971076
RNASE2	-0.030496596778926237
RNASE3	0.10212910031766466
RNASE4	0.08457482099809308
RNASE6	-0.13724498976700017
RNASE7	-0.05435092007268132
RNASE8	-0.18623046484940525
RNASE9	0.1235279135782589
RNASEH1	0.2556472500284224
RNASEH1P1	0.19201095134583332
RNASEH1P2	-0.08004150171805889
RNASEH2A	-0.1834015528740804
RNASEH2B	0.041837912506609246
RNASEH2B-AS1	-0.31370543635392784
RNASEH2C	0.03808526182547902
RNASEH2CP1	-0.18818251206088357
RNASEK	-0.25322557256200373
RNASEK-C17orf49	0.064596604496835
RNASEL	0.20393124024881246
RNASET2	-0.06356814509260517
RND1	0.19805062540194227
RND2	-0.04321799154031503
RND3	0.08294118229395099
RNF10	-0.053588505462901864
RNF103	-0.09678416146231332
RNF103-CHMP3	
RNF10P1	-0.2065086479411081
RNF11	-0.003762835438145666
RNF111	0.31340023759970215
RNF112	-0.2917591297473367
RNF113A	-0.11942981323964542
RNF113B	0.1295032490331016
RNF114	0.29614207144788496
RNF115	-0.1433841954214356
RNF11B	0.16841157461117973
RNF121	-0.2013195507429259
RNF122	0.2117461559836127
RNF123	-0.020894530079017343
RNF125	0.011025123481994316
RNF126	0.005518173364096777
RNF126P1	-0.3008554360296293
RNF128	-0.19717425139902067
RNF13	-0.18517230927200107
RNF130	-0.3002329856440549
RNF133	-0.11310693266319867
RNF135	-0.10699612269422748
RNF138	-0.03211373238532279
RNF138P1	-0.08161165048936249
RNF139	0.07215913335794447
RNF139-AS1	-0.09253791996162426
RNF14	-0.04754084828628293
RNF141	-0.163550135847457
RNF144A	0.24093135694767623
RNF144A-AS1	0.2307847427148372
RNF144B	0.021127616316084792
RNF145	0.280832901424975
RNF146	0.06828712252977748
RNF148	0.03538706392217739
RNF149	0.24507148304442694
RNF150	0.09132757800946577
RNF151	-0.014035006731130216
RNF152	-0.02950279475185125
RNF157	-0.09543783623780182
RNF157-AS1	0.2852171900100516
RNF165	-0.19255577949921493
RNF166	-0.010043220556741117
RNF167	-0.2757504307120735
RNF168	0.04246754806512133
RNF169	0.2749215904281979
RNF17	0.028639123127124976
RNF170	-0.07404479830285575
RNF175	0.13878771039888782
RNF180	0.23160425618288577
RNF181	-0.18629200563460457
RNF182	0.043364213399708466
RNF183	0.07882214677137236
RNF185	0.03189647665549826
RNF185-AS1	0.036410733268200185
RNF186	0.10155672357979205
RNF187	-0.16476983838611628
RNF19A	0.18941056461961836
RNF19B	0.18359059366773592
RNF19BPX	-0.008967050010602105
RNF19BPY	-0.03325912453167606
RNF2	0.0004029799392817301
RNF20	0.2686200663670155
RNF207	-0.16771886865467067
RNF208	-0.21172741755917196
RNF212	-0.045898144785090335
RNF213	0.30759954013370183
RNF214	0.1209375924600124
RNF215	0.02062172679624881
RNF216	0.2567297738385412
RNF216-IT1	0.028617680989189653
RNF216P1	0.07727204352791517
RNF217	0.07296517287765258
RNF219	0.18071491025918748
RNF219-AS1	-0.1774097528611624
RNF220	-0.22242562468287425
RNF222	-0.09082293412074585
RNF223	-0.16263628875225206
RNF224	-0.09454072672727627
RNF24	0.2769850950349267
RNF25	0.036176185166842144
RNF26	-0.13086097256762547
RNF2P1	0.2837243986795697
RNF31	0.11435751987214196
RNF32	-0.2833403999559934
RNF34	0.1340965232134561
RNF38	0.14117613473938775
RNF39	-0.14911244052936096
RNF4	0.3135095998874517
RNF40	0.28995688772157147
RNF41	0.30971980656438436
RNF43	-0.08654889764423014
RNF44	0.11851994026963296
RNF5	-0.3268876819127674
RNF5P1	0.3290322307564395
RNF6	0.2732654566655053
RNF6P1	-0.05540845530088136
RNF7	-0.11400150258891967
RNF7P1	0.001746258742927445
RNF8	0.04830312497107874
RNFT1	0.0724601698552505
RNFT1P2	-0.212242877666578
RNFT1P3	-0.11394369475601177
RNFT2	0.08911070045264682
RNGTT	0.25264122702343855
RNGTTP1	-0.08657194220751527
RNH1	-0.0894819088661024
RNLS	-0.2937397247815702
RNMT	0.27654697528457467
RNMTL1	0.1282912791774291
RNMTL1P1	0.0335711470151007
RNMTL1P2	0.06045588781610575
RNPC3	-0.0387154078404061
RNPEP	-0.23863049578595363
RNPEPL1	-0.027645049472550514
RNPS1	-0.03404485029736399
RNPS1P1	-0.08881526016550635
RNU1-1	0.4343395128876422
RNU1-100P	0.1413683963169612
RNU1-101P	-0.18623046484940525
RNU1-103P	-0.03521162013813737
RNU1-104P	
RNU1-105P	0.279253956685984
RNU1-106P	-0.02016700028139627
RNU1-107P	
RNU1-108P	
RNU1-109P	-0.0010407187690756096
RNU1-112P	
RNU1-114P	0.16856020591942544
RNU1-115P	-0.1475939828417878
RNU1-117P	0.16856020591942544
RNU1-119P	
RNU1-11P	-0.26255016411026405
RNU1-120P	-0.07252757577565046
RNU1-122P	-0.061306052703912255
RNU1-123P	
RNU1-124P	0.08359457598425324
RNU1-125P	
RNU1-128P	
RNU1-129P	-0.0010407187690756096
RNU1-130P	
RNU1-131P	
RNU1-132P	
RNU1-133P	-0.17629616398763542
RNU1-134P	0.0819732044536694
RNU1-136P	
RNU1-137P	-0.1475939828417878
RNU1-138P	
RNU1-139P	
RNU1-13P	-0.008967050010602105
RNU1-140P	
RNU1-141P	
RNU1-142P	
RNU1-143P	0.10656476774357872
RNU1-146P	
RNU1-148P	-0.008967050010602105
RNU1-149P	
RNU1-14P	0.02939104661421876
RNU1-150P	
RNU1-15P	-0.1475939828417878
RNU1-16P	-0.08069736896572227
RNU1-17P	
RNU1-18P	
RNU1-19P	-0.18623046484940525
RNU1-2	0.050458306483003326
RNU1-20P	0.05683645809188669
RNU1-21P	
RNU1-22P	-0.01825962847333886
RNU1-23P	
RNU1-24P	-0.03224419839982786
RNU1-27P	-0.17050784476850234
RNU1-28P	-0.3742012174658319
RNU1-3	
RNU1-31P	
RNU1-32P	
RNU1-33P	-0.16170673095150628
RNU1-34P	-0.23344911859497566
RNU1-35P	
RNU1-36P	
RNU1-38P	-0.03325912453167606
RNU1-39P	
RNU1-4	
RNU1-40P	
RNU1-41P	
RNU1-42P	0.3611318606855236
RNU1-43P	
RNU1-44P	
RNU1-45P	-0.26622586330151243
RNU1-46P	-0.04393865143812509
RNU1-47P	-0.23344911859497566
RNU1-48P	
RNU1-49P	
RNU1-51P	-0.11160641376361774
RNU1-52P	-0.005624354190250816
RNU1-54P	
RNU1-55P	
RNU1-56P	-0.10154132846529966
RNU1-57P	
RNU1-58P	-0.09222291793650786
RNU1-59P	-0.004941550873792577
RNU1-61P	0.006736761452538026
RNU1-62P	
RNU1-63P	-0.2254139368711573
RNU1-64P	
RNU1-65P	
RNU1-67P	-0.34213563014032805
RNU1-68P	-0.09825543370216497
RNU1-70P	0.02943034046682006
RNU1-72P	-0.03214793409896078
RNU1-73P	0.21061640404424642
RNU1-74P	-0.041285502512003885
RNU1-75P	0.017649229380971045
RNU1-76P	
RNU1-77P	-0.1501888361611513
RNU1-78P	
RNU1-7P	-0.07341669026250092
RNU1-80P	
RNU1-82P	
RNU1-83P	-0.021903357190123113
RNU1-84P	-0.09491884401356912
RNU1-85P	-0.038684826110553176
RNU1-86P	
RNU1-87P	0.04878219011443398
RNU1-88P	-0.1900981679047843
RNU1-89P	-0.11154119464754454
RNU1-8P	-0.038684826110553176
RNU1-91P	-0.16337597789769173
RNU1-92P	0.16856020591942544
RNU1-93P	0.064596604496835
RNU1-94P	0.13480249093278157
RNU1-95P	
RNU1-96P	-0.16170673095150628
RNU1-97P	
RNU1-98P	-0.1718101885523261
RNU105B	
RNU105C	-0.17629616398763542
RNU11	-0.3296084524381965
RNU11-2P	
RNU11-3P	0.16533808179992202
RNU11-4P	-0.00023723265621944083
RNU11-5P	0.279253956685984
RNU11-6P	
RNU12	0.14899381979814763
RNU12-2P	-0.07161969564380437
RNU2-10P	
RNU2-11P	0.0706550003220377
RNU2-12P	0.02603337963773514
RNU2-13P	0.10656476774357872
RNU2-14P	-0.08601672115909241
RNU2-15P	
RNU2-16P	
RNU2-17P	-0.14493726106434368
RNU2-18P	0.03749558537206564
RNU2-19P	
RNU2-20P	0.01586933788838595
RNU2-21P	
RNU2-22P	0.17031585133192834
RNU2-23P	-0.08240900582374315
RNU2-24P	0.08066050756496361
RNU2-25P	
RNU2-26P	-0.23344911859497566
RNU2-27P	
RNU2-28P	0.058496651695031376
RNU2-29P	-0.2349314124202479
RNU2-2P	
RNU2-30P	
RNU2-31P	
RNU2-32P	
RNU2-33P	-0.15292571825062476
RNU2-34P	
RNU2-35P	-0.20621965802001613
RNU2-36P	0.07720939109333318
RNU2-37P	-0.33929652832802376
RNU2-38P	
RNU2-39P	
RNU2-3P	-0.288756877117008
RNU2-40P	
RNU2-41P	0.016404880605419607
RNU2-42P	-0.1459510824493295
RNU2-43P	
RNU2-44P	
RNU2-45P	
RNU2-46P	
RNU2-47P	0.0024361570013071605
RNU2-48P	-0.05644950991393985
RNU2-49P	
RNU2-50P	-0.008967050010602105
RNU2-51P	
RNU2-52P	0.09098168341913562
RNU2-53P	
RNU2-54P	
RNU2-55P	
RNU2-56P	0.0948421901916504
RNU2-57P	
RNU2-58P	-0.023457975563248006
RNU2-59P	0.1821048459348829
RNU2-5P	-0.07640754977911123
RNU2-60P	
RNU2-61P	-0.06882104211928236
RNU2-62P	0.22301896521805453
RNU2-63P	-0.22966057079887628
RNU2-64P	-0.30196038165955935
RNU2-65P	
RNU2-66P	-0.008967050010602105
RNU2-68P	-0.16417125118669268
RNU2-69P	
RNU2-6P	-0.033794357498731456
RNU2-70P	0.10050821249287256
RNU2-71P	
RNU2-72P	
RNU2-7P	-0.18895984778970057
RNU2-8P	0.382135059636399
RNU2-9P	
RNU3P3	
RNU4-1	0.14682322252852137
RNU4-10P	
RNU4-11P	
RNU4-12P	
RNU4-13P	0.02603337963773514
RNU4-14P	-0.08697547344988142
RNU4-15P	0.017649229380971045
RNU4-16P	-0.17784247551905283
RNU4-17P	
RNU4-18P	-0.17629616398763542
RNU4-2	-0.06324709542815804
RNU4-20P	
RNU4-21P	0.061822555211182344
RNU4-22P	0.2770368343818091
RNU4-23P	-0.21785075876257098
RNU4-24P	0.04629308170278942
RNU4-25P	
RNU4-26P	
RNU4-27P	0.16856020591942544
RNU4-28P	0.07229094858342738
RNU4-29P	-0.07353050447760032
RNU4-30P	-0.18623046484940525
RNU4-31P	-0.1145027423837322
RNU4-32P	-0.060805171277253905
RNU4-33P	
RNU4-34P	-0.06799496913384058
RNU4-35P	
RNU4-36P	-0.26032404260036296
RNU4-37P	
RNU4-38P	0.14975947071329676
RNU4-39P	0.13257892142837757
RNU4-40P	0.027581240890106967
RNU4-41P	-0.008967050010602105
RNU4-42P	
RNU4-43P	-0.005624354190250816
RNU4-44P	-0.008967050010602105
RNU4-45P	
RNU4-46P	
RNU4-47P	-0.09835407553855456
RNU4-48P	
RNU4-49P	-0.0010407187690756096
RNU4-4P	
RNU4-50P	-0.3747869627519043
RNU4-51P	-0.18623046484940525
RNU4-52P	0.16946517264278052
RNU4-53P	0.35336727973625076
RNU4-54P	
RNU4-55P	
RNU4-56P	-0.23344911859497566
RNU4-57P	-0.008967050010602105
RNU4-58P	-0.09409216140615095
RNU4-59P	
RNU4-60P	-0.12902718117359807
RNU4-61P	
RNU4-62P	0.22631303230045588
RNU4-63P	-0.12913790227528038
RNU4-64P	
RNU4-65P	
RNU4-66P	
RNU4-67P	
RNU4-68P	-0.13704941501065315
RNU4-69P	-0.17941624815013035
RNU4-6P	-0.008967050010602105
RNU4-70P	
RNU4-71P	
RNU4-72P	-0.14702114369821673
RNU4-73P	
RNU4-74P	-0.008967050010602105
RNU4-75P	-0.008967050010602105
RNU4-76P	0.01586933788838595
RNU4-77P	
RNU4-78P	0.036162940755895066
RNU4-79P	-0.18623046484940525
RNU4-7P	
RNU4-80P	-0.20585404984358985
RNU4-81P	
RNU4-82P	0.062361818241057104
RNU4-83P	
RNU4-84P	0.017649229380971045
RNU4-85P	-0.004306301484292906
RNU4-86P	0.17541607801331774
RNU4-87P	-0.27793212231928877
RNU4-88P	0.28053452153389247
RNU4-8P	0.021345854143682622
RNU4-90P	
RNU4-91P	-0.17072379324553638
RNU4-92P	0.382135059636399
RNU4-9P	0.00865809844788181
RNU4ATAC	-0.21235785735107296
RNU4ATAC10P	
RNU4ATAC11P	
RNU4ATAC12P	0.2568636585146012
RNU4ATAC13P	-0.008967050010602105
RNU4ATAC14P	-0.10883965874472833
RNU4ATAC15P	-0.015731300925250602
RNU4ATAC16P	0.03589939399116534
RNU4ATAC17P	0.382135059636399
RNU4ATAC18P	0.04066595830460338
RNU4ATAC2P	0.02943368080390464
RNU4ATAC3P	0.27602045023571053
RNU4ATAC4P	
RNU4ATAC5P	
RNU4ATAC6P	-0.22603772242833625
RNU4ATAC7P	
RNU4ATAC8P	0.017649229380971045
RNU4ATAC9P	
RNU5A-1	-0.1080260311531233
RNU5A-2P	-0.12770475962203182
RNU5A-3P	-0.008967050010602105
RNU5A-4P	
RNU5A-5P	-0.23923082421176206
RNU5A-6P	
RNU5A-7P	
RNU5A-8P	0.382135059636399
RNU5B-1	0.1365000275647952
RNU5B-2P	0.382135059636399
RNU5B-3P	
RNU5B-4P	-0.06351443497647115
RNU5B-6P	
RNU5D-1	-0.38735401016370025
RNU5D-2P	
RNU5E-1	0.18213854490220646
RNU5E-10P	-0.042136021670239804
RNU5E-2P	0.35114721410677663
RNU5E-3P	
RNU5E-4P	-0.18623046484940525
RNU5E-5P	
RNU5E-6P	
RNU5E-7P	
RNU5E-8P	
RNU5E-9P	
RNU5F-1	-0.2600506450236211
RNU5F-2P	-0.1717420018321987
RNU5F-3P	0.10656476774357872
RNU5F-4P	-0.008967050010602105
RNU5F-6P	
RNU5F-7P	
RNU5F-8P	
RNU6-1	-0.16873291221053557
RNU6-1000P	0.10656476774357872
RNU6-1001P	
RNU6-1002P	0.11999615406162722
RNU6-1003P	0.28053452153389247
RNU6-1004P	0.19854378255703167
RNU6-1005P	-0.132040635554326
RNU6-1006P	
RNU6-1007P	
RNU6-1008P	
RNU6-1009P	0.02603337963773514
RNU6-100P	-0.016168669991854158
RNU6-1010P	-0.16757003253953684
RNU6-1011P	-0.0010407187690756096
RNU6-1012P	
RNU6-1013P	0.16856020591942544
RNU6-1014P	0.10656476774357872
RNU6-1015P	0.0102764052830052
RNU6-1016P	0.14782307120237054
RNU6-1017P	0.03755491400465694
RNU6-1018P	
RNU6-1019P	-0.041285502512003885
RNU6-101P	-0.0957497659611411
RNU6-1020P	0.035899393991165346
RNU6-1021P	
RNU6-1022P	0.0011600993887257217
RNU6-1023P	
RNU6-1024P	-0.23344911859497566
RNU6-1025P	-0.31631112753273194
RNU6-1026P	0.279253956685984
RNU6-1027P	
RNU6-1028P	-0.008967050010602105
RNU6-1029P	0.33333441625201843
RNU6-102P	
RNU6-1031P	
RNU6-1032P	0.382135059636399
RNU6-1033P	
RNU6-1034P	
RNU6-1035P	-0.277378425009519
RNU6-1036P	0.09056745491333296
RNU6-1037P	
RNU6-1038P	-0.17203685414304978
RNU6-1039P	0.3301893068910863
RNU6-103P	0.04032007141442326
RNU6-1040P	
RNU6-1041P	-0.008967050010602105
RNU6-1042P	-0.03325912453167606
RNU6-1043P	
RNU6-1044P	
RNU6-1045P	0.023977123997907364
RNU6-1046P	-0.20739265004093882
RNU6-1047P	-0.04393865143812509
RNU6-1048P	0.06223986568228065
RNU6-1049P	
RNU6-104P	
RNU6-1050P	-0.09627629760849082
RNU6-1051P	0.04267139341674225
RNU6-1052P	0.035899393991165346
RNU6-1053P	0.16737946318114272
RNU6-1054P	0.11456359823547725
RNU6-1055P	-0.13320139918766138
RNU6-1056P	
RNU6-1057P	-0.14942628078515025
RNU6-1059P	
RNU6-105P	
RNU6-1060P	
RNU6-1061P	-0.08683488034174305
RNU6-1062P	0.023842929009644912
RNU6-1064P	0.195081369816529
RNU6-1065P	
RNU6-1066P	
RNU6-1067P	-0.16289457552099712
RNU6-1068P	-0.10634839462641814
RNU6-1069P	0.25179419022324867
RNU6-106P	
RNU6-1071P	
RNU6-1072P	0.01586933788838595
RNU6-1073P	0.10656476774357872
RNU6-1074P	
RNU6-1075P	
RNU6-1076P	
RNU6-1077P	
RNU6-1078P	
RNU6-1079P	-0.02016143894007916
RNU6-107P	0.08463867541152478
RNU6-1080P	-0.041285502512003885
RNU6-1081P	
RNU6-1082P	
RNU6-1083P	
RNU6-1084P	0.017649229380971045
RNU6-1085P	
RNU6-1086P	0.49085187287069354
RNU6-1087P	
RNU6-1088P	-0.16009813244180146
RNU6-1089P	0.2605431521056232
RNU6-108P	-0.17454769008853838
RNU6-1090P	-0.03446630523585208
RNU6-1091P	
RNU6-1092P	
RNU6-1093P	0.37800381235408437
RNU6-1094P	-0.008967050010602105
RNU6-1095P	0.10656476774357872
RNU6-1096P	-0.06310447297718512
RNU6-1097P	
RNU6-1098P	-0.008967050010602105
RNU6-1099P	-0.03310901160382929
RNU6-109P	
RNU6-10P	0.17088426748198196
RNU6-1100P	-0.03261587285382168
RNU6-1101P	0.21770649725326535
RNU6-1102P	
RNU6-1103P	
RNU6-1104P	-0.1475939828417878
RNU6-1105P	0.21048255078167155
RNU6-1106P	
RNU6-1107P	
RNU6-1108P	-0.07243224673845453
RNU6-1109P	
RNU6-110P	
RNU6-1110P	
RNU6-1111P	0.38884446565356323
RNU6-1112P	-0.2172751356672936
RNU6-1113P	
RNU6-1114P	
RNU6-1115P	
RNU6-1116P	
RNU6-1117P	
RNU6-1118P	
RNU6-1119P	
RNU6-111P	0.02322795131534932
RNU6-1120P	-0.04929266779623301
RNU6-1121P	
RNU6-1122P	0.16856020591942544
RNU6-1123P	-0.2349314124202479
RNU6-1124P	0.28053452153389247
RNU6-1125P	
RNU6-1126P	
RNU6-1127P	-0.04393865143812509
RNU6-1128P	-0.23344911859497566
RNU6-1129P	
RNU6-112P	
RNU6-1130P	
RNU6-1131P	
RNU6-1132P	
RNU6-1133P	-0.02514053602857349
RNU6-1134P	
RNU6-1135P	
RNU6-1136P	-0.10186706073284511
RNU6-1137P	-0.23344911859497566
RNU6-1138P	0.0003737340941426801
RNU6-1139P	0.035899393991165346
RNU6-113P	
RNU6-1140P	
RNU6-1141P	
RNU6-1143P	
RNU6-1144P	-0.18623046484940525
RNU6-1145P	
RNU6-1146P	
RNU6-1147P	-0.06810707950833164
RNU6-1148P	
RNU6-1149P	-0.008967050010602105
RNU6-114P	
RNU6-1150P	
RNU6-1151P	
RNU6-1152P	-0.08277117056065002
RNU6-1153P	
RNU6-1154P	
RNU6-1155P	
RNU6-1156P	0.048095227073158005
RNU6-1157P	0.08857766856979503
RNU6-1158P	-0.04393865143812509
RNU6-1159P	
RNU6-115P	-0.09825543370216497
RNU6-1160P	-0.3026671350981272
RNU6-1161P	0.050305981252576924
RNU6-1162P	-0.12913790227528038
RNU6-1163P	
RNU6-1164P	
RNU6-1165P	-0.2455402519539331
RNU6-1167P	-0.041285502512003885
RNU6-1168P	0.01586933788838595
RNU6-1169P	
RNU6-116P	
RNU6-1170P	0.08730360601905764
RNU6-1171P	-0.07862090925815554
RNU6-1172P	
RNU6-1174P	-0.04393865143812509
RNU6-1175P	-0.14490172374891602
RNU6-1176P	-0.25127893349232355
RNU6-1177P	-0.08764712668088462
RNU6-1178P	
RNU6-1179P	
RNU6-117P	-0.03325912453167606
RNU6-1180P	-0.03624281340314599
RNU6-1181P	-0.04393865143812509
RNU6-1183P	
RNU6-1184P	
RNU6-1185P	
RNU6-1186P	
RNU6-1187P	
RNU6-1188P	-0.227606250585787
RNU6-1189P	-0.09729498931280424
RNU6-118P	0.03956333829627824
RNU6-1190P	0.004052432532767116
RNU6-1191P	0.017649229380971045
RNU6-1192P	
RNU6-1193P	
RNU6-1194P	
RNU6-1195P	
RNU6-1196P	
RNU6-1197P	
RNU6-1198P	
RNU6-1199P	
RNU6-119P	
RNU6-11P	0.12059006354241325
RNU6-1200P	
RNU6-1201P	-0.1946374568233617
RNU6-1203P	
RNU6-1204P	
RNU6-1205P	0.279253956685984
RNU6-1206P	0.02603337963773514
RNU6-1207P	0.20461838975915841
RNU6-1208P	
RNU6-1209P	-0.029136956442194627
RNU6-120P	
RNU6-1210P	
RNU6-1211P	0.017649229380971045
RNU6-1212P	-0.1475939828417878
RNU6-1213P	-0.03325912453167606
RNU6-1214P	
RNU6-1215P	
RNU6-1216P	-0.1886165853789711
RNU6-1217P	0.16856020591942544
RNU6-1218P	0.058496651695031376
RNU6-1219P	0.09692147948545887
RNU6-121P	0.10656476774357872
RNU6-1220P	-0.12913790227528038
RNU6-1221P	
RNU6-1222P	
RNU6-1223P	0.2642497793989316
RNU6-1224P	
RNU6-1225P	0.08624695488519636
RNU6-1226P	
RNU6-1227P	
RNU6-1228P	-0.003543830880973106
RNU6-1229P	
RNU6-122P	-0.058057657950492836
RNU6-1230P	0.16856020591942544
RNU6-1231P	0.06320334740161807
RNU6-1232P	
RNU6-1233P	
RNU6-1234P	
RNU6-1235P	0.035899393991165346
RNU6-1236P	
RNU6-1237P	0.039834247436183454
RNU6-1238P	0.07967397561691382
RNU6-1239P	
RNU6-123P	0.16592851999114624
RNU6-1240P	
RNU6-1241P	
RNU6-1242P	-0.11745585393405607
RNU6-1243P	
RNU6-1244P	
RNU6-1245P	-0.04393865143812509
RNU6-1246P	
RNU6-1247P	
RNU6-1248P	
RNU6-1249P	0.016404880605419607
RNU6-1250P	-0.1718101885523261
RNU6-1251P	0.24929389390489962
RNU6-1252P	
RNU6-1254P	-0.16498287007596174
RNU6-1255P	0.15436784804245413
RNU6-1256P	-0.008967050010602105
RNU6-1257P	0.28053452153389247
RNU6-1258P	-0.09789529320336018
RNU6-125P	0.0377063747429974
RNU6-1260P	-0.0010407187690756096
RNU6-1261P	
RNU6-1262P	0.05010885939694023
RNU6-1263P	0.04572983591712535
RNU6-1264P	-0.06655382705457338
RNU6-1265P	-0.04393865143812509
RNU6-1266P	-0.08528316662907114
RNU6-1267P	-0.015371093769668017
RNU6-1268P	
RNU6-1269P	
RNU6-126P	0.3181636620118738
RNU6-1270P	
RNU6-1271P	-0.12913790227528038
RNU6-1272P	0.008748989785545589
RNU6-1273P	
RNU6-1274P	0.02159076609673535
RNU6-1275P	-0.00896705001060209
RNU6-1276P	0.2488116820570114
RNU6-1277P	-0.1475939828417878
RNU6-1278P	-0.13649338769846858
RNU6-1279P	0.02603337963773514
RNU6-127P	
RNU6-1280P	-0.008967050010602105
RNU6-1281P	
RNU6-1282P	
RNU6-1283P	0.10926838372074263
RNU6-1284P	
RNU6-1285P	-0.027673841274339556
RNU6-1286P	
RNU6-1287P	-0.06667766074630105
RNU6-1288P	
RNU6-1289P	-0.07243224673845453
RNU6-128P	-0.12913790227528038
RNU6-1290P	
RNU6-1291P	
RNU6-1292P	
RNU6-1293P	0.28053452153389247
RNU6-1294P	-0.0469302231905321
RNU6-1295P	0.2568636585146012
RNU6-1296P	
RNU6-1297P	
RNU6-1298P	-0.10282150879612537
RNU6-1299P	-0.008967050010602105
RNU6-129P	-0.04393865143812509
RNU6-12P	-0.2422124436528071
RNU6-1300P	-0.055265684635666466
RNU6-1301P	0.0061827096326884014
RNU6-1303P	
RNU6-1304P	
RNU6-1305P	0.01586933788838595
RNU6-1306P	
RNU6-1307P	
RNU6-1308P	-0.1475939828417878
RNU6-1309P	-0.05422035507997881
RNU6-130P	-0.13944665843122625
RNU6-1310P	-0.008967050010602105
RNU6-1311P	-0.008967050010602105
RNU6-1312P	-0.12913790227528038
RNU6-1313P	-0.005624354190250816
RNU6-1314P	
RNU6-1315P	-0.09113454566310492
RNU6-1316P	0.11566307931075542
RNU6-1317P	-0.07243224673845453
RNU6-1318P	
RNU6-1319P	-0.0870943343872513
RNU6-131P	-0.18623046484940525
RNU6-1320P	
RNU6-1321P	0.02193631446546023
RNU6-1322P	-0.03446630523585208
RNU6-1323P	
RNU6-1324P	
RNU6-1325P	
RNU6-1326P	
RNU6-1327P	0.33731693644813127
RNU6-1328P	
RNU6-1329P	0.538608299783444
RNU6-132P	0.31122303797490247
RNU6-1330P	0.05711411779648788
RNU6-1331P	
RNU6-1332P	-0.008967050010602105
RNU6-1333P	
RNU6-1334P	-0.16170673095150628
RNU6-1335P	-0.04393865143812509
RNU6-1336P	
RNU6-1337P	-0.09825543370216497
RNU6-1338P	
RNU6-1339P	
RNU6-133P	
RNU6-1340P	-0.3194114870468645
RNU6-135P	0.279253956685984
RNU6-136P	-0.18623046484940525
RNU6-137P	0.11812420425337074
RNU6-138P	
RNU6-139P	-0.18623046484940525
RNU6-13P	-0.25068713790279357
RNU6-140P	-0.31866743035855577
RNU6-141P	-0.07243224673845453
RNU6-142P	
RNU6-143P	
RNU6-144P	-0.005624354190250816
RNU6-145P	-0.16324427898253607
RNU6-146P	
RNU6-147P	-0.12913790227528038
RNU6-148P	
RNU6-14P	-0.03325912453167606
RNU6-150P	
RNU6-151P	-0.12913790227528038
RNU6-152P	0.382135059636399
RNU6-153P	
RNU6-154P	
RNU6-155P	
RNU6-156P	-0.11160842232441326
RNU6-157P	
RNU6-158P	
RNU6-159P	-0.2349314124202479
RNU6-15P	-0.017220313282898064
RNU6-160P	
RNU6-161P	
RNU6-162P	
RNU6-163P	-0.010112784649633009
RNU6-164P	0.035899393991165346
RNU6-165P	
RNU6-166P	
RNU6-167P	-0.021677009645701795
RNU6-168P	
RNU6-169P	
RNU6-16P	-0.046454457596544464
RNU6-170P	
RNU6-171P	-0.1397253961371589
RNU6-172P	-0.10656578042192692
RNU6-173P	0.017649229380971045
RNU6-174P	
RNU6-175P	
RNU6-176P	0.00654759962532891
RNU6-177P	
RNU6-178P	0.017649229380971045
RNU6-179P	
RNU6-17P	-0.04929266779623301
RNU6-180P	
RNU6-181P	0.25434503112154594
RNU6-182P	0.4297246368600619
RNU6-183P	
RNU6-184P	
RNU6-185P	
RNU6-187P	
RNU6-188P	-0.16191590917627985
RNU6-189P	
RNU6-18P	-0.1483425885517934
RNU6-190P	
RNU6-191P	-0.23344911859497566
RNU6-192P	
RNU6-193P	
RNU6-194P	
RNU6-195P	-0.0501638224765395
RNU6-196P	0.22136449268014255
RNU6-197P	0.017649229380971045
RNU6-198P	-0.04393865143812509
RNU6-199P	
RNU6-19P	0.1282774419894646
RNU6-2	-0.29391011389771
RNU6-200P	
RNU6-201P	
RNU6-202P	0.058496651695031376
RNU6-203P	
RNU6-204P	-0.1789297187896674
RNU6-205P	
RNU6-206P	
RNU6-207P	
RNU6-208P	
RNU6-209P	
RNU6-20P	0.05516628796384758
RNU6-210P	-0.08998803699253889
RNU6-211P	0.02603337963773514
RNU6-212P	-0.04393865143812509
RNU6-213P	0.08818348006254417
RNU6-214P	
RNU6-215P	
RNU6-216P	
RNU6-217P	
RNU6-218P	0.03903722814866742
RNU6-219P	
RNU6-21P	0.02603337963773514
RNU6-220P	-0.043321096630062166
RNU6-221P	
RNU6-222P	0.1770790211395462
RNU6-223P	
RNU6-224P	
RNU6-225P	
RNU6-226P	0.024207692407524996
RNU6-227P	0.013912101803749069
RNU6-228P	-0.2781327451394348
RNU6-229P	
RNU6-22P	0.11989932816779132
RNU6-230P	0.001036926232994718
RNU6-231P	-0.2349314124202479
RNU6-232P	-0.18623046484940525
RNU6-233P	-0.00896705001060209
RNU6-234P	-0.23181802055817535
RNU6-235P	
RNU6-236P	-0.17629616398763542
RNU6-237P	-0.12913790227528038
RNU6-238P	-0.09225009261330903
RNU6-239P	
RNU6-23P	
RNU6-240P	
RNU6-241P	
RNU6-242P	0.2962014802884675
RNU6-243P	
RNU6-244P	
RNU6-245P	
RNU6-246P	0.17603894301182418
RNU6-247P	0.047131804937326056
RNU6-248P	
RNU6-249P	0.260291325447254
RNU6-24P	-0.038684826110553176
RNU6-250P	
RNU6-251P	-0.07132596023286049
RNU6-252P	
RNU6-253P	
RNU6-254P	
RNU6-255P	-0.2349314124202479
RNU6-256P	
RNU6-257P	
RNU6-258P	
RNU6-259P	
RNU6-25P	-0.25335573241117687
RNU6-260P	
RNU6-261P	
RNU6-262P	-0.0732810621813181
RNU6-263P	
RNU6-264P	
RNU6-266P	-0.008967050010602105
RNU6-267P	-0.11498023575800463
RNU6-268P	-0.10634839462641814
RNU6-269P	
RNU6-26P	-0.25626801688462936
RNU6-270P	
RNU6-271P	
RNU6-272P	-0.1475939828417878
RNU6-273P	
RNU6-274P	
RNU6-275P	-0.06219398493952008
RNU6-276P	
RNU6-277P	-0.04806320307592657
RNU6-278P	
RNU6-279P	0.244477218708669
RNU6-27P	-0.01999814849071847
RNU6-280P	
RNU6-281P	
RNU6-282P	
RNU6-283P	
RNU6-284P	
RNU6-285P	
RNU6-286P	
RNU6-287P	-0.16170673095150628
RNU6-288P	0.035899393991165346
RNU6-289P	
RNU6-28P	0.20789107466130954
RNU6-290P	-0.12913790227528038
RNU6-291P	
RNU6-292P	-0.05988694252028145
RNU6-293P	-0.0257331430927892
RNU6-294P	
RNU6-295P	
RNU6-296P	-0.008967050010602105
RNU6-297P	
RNU6-298P	0.16856020591942544
RNU6-299P	
RNU6-29P	-0.13835684658725364
RNU6-300P	
RNU6-301P	0.010352046118145969
RNU6-302P	
RNU6-303P	
RNU6-304P	-0.13977331854918604
RNU6-306P	-0.04929266779623301
RNU6-307P	0.13455051740469
RNU6-308P	
RNU6-309P	0.10634525446665892
RNU6-30P	-0.23344911859497566
RNU6-310P	
RNU6-311P	
RNU6-312P	-0.32087050374687776
RNU6-313P	0.28053452153389247
RNU6-314P	
RNU6-315P	0.10907830401936452
RNU6-316P	0.15882152654437248
RNU6-317P	-0.041285502512003885
RNU6-318P	-0.13107172998943004
RNU6-319P	-0.277378425009519
RNU6-31P	-0.12155113484559346
RNU6-320P	
RNU6-321P	-0.23344911859497566
RNU6-322P	0.08291281082710085
RNU6-324P	-0.04393865143812509
RNU6-325P	
RNU6-326P	-0.038684826110553176
RNU6-327P	-0.23341035167192548
RNU6-328P	-0.011834709443031645
RNU6-329P	
RNU6-32P	0.1377606145302253
RNU6-330P	
RNU6-331P	-0.03624281340314599
RNU6-332P	
RNU6-333P	
RNU6-334P	
RNU6-335P	
RNU6-336P	-0.1265866641983206
RNU6-337P	
RNU6-338P	
RNU6-339P	
RNU6-33P	-0.2510212121762136
RNU6-340P	-0.07243224673845453
RNU6-341P	0.16613691984045414
RNU6-342P	
RNU6-343P	-0.042181393543035725
RNU6-344P	
RNU6-345P	
RNU6-346P	
RNU6-347P	-0.08550702085557024
RNU6-348P	
RNU6-349P	-0.04929266779623301
RNU6-34P	0.007907557992540011
RNU6-351P	-0.18623046484940525
RNU6-352P	-0.0010407187690756096
RNU6-353P	-0.28595247558118436
RNU6-354P	-0.1645939618392461
RNU6-355P	
RNU6-356P	0.02603337963773514
RNU6-358P	
RNU6-359P	0.10656476774357872
RNU6-35P	0.0871280565256309
RNU6-360P	
RNU6-361P	
RNU6-362P	
RNU6-363P	
RNU6-364P	0.19279284054358106
RNU6-365P	
RNU6-366P	
RNU6-367P	-0.06742532968436453
RNU6-368P	
RNU6-369P	0.27832565258718983
RNU6-36P	0.006263583979367901
RNU6-370P	-0.022564332942948837
RNU6-371P	
RNU6-373P	
RNU6-374P	
RNU6-375P	-0.10483322177232719
RNU6-376P	0.035899393991165346
RNU6-377P	0.038761013985077
RNU6-378P	-0.09409216140615095
RNU6-379P	-0.09132749761120523
RNU6-37P	-0.2268490183188509
RNU6-380P	
RNU6-381P	
RNU6-382P	
RNU6-383P	-0.16170673095150628
RNU6-384P	0.17123782193619963
RNU6-386P	
RNU6-387P	-0.1475939828417878
RNU6-388P	-0.029994244539351178
RNU6-389P	
RNU6-38P	
RNU6-390P	
RNU6-391P	
RNU6-392P	
RNU6-393P	0.2667811012002119
RNU6-394P	-0.12913790227528038
RNU6-395P	
RNU6-396P	-0.2349314124202479
RNU6-397P	
RNU6-398P	-0.19333790813963564
RNU6-399P	-0.023221740872900624
RNU6-39P	-0.07541099186467037
RNU6-3P	-0.2548046003883184
RNU6-400P	
RNU6-401P	
RNU6-402P	
RNU6-403P	-0.11467343241723492
RNU6-405P	
RNU6-406P	-0.04929266779623301
RNU6-407P	0.026362386257705605
RNU6-408P	-0.17629616398763542
RNU6-409P	
RNU6-40P	-0.06655382705457338
RNU6-410P	-0.038684826110553176
RNU6-411P	
RNU6-412P	
RNU6-413P	
RNU6-414P	-0.2613520147938076
RNU6-415P	-0.005624354190250816
RNU6-416P	-0.008967050010602105
RNU6-417P	-0.008967050010602105
RNU6-418P	-0.13370658085543718
RNU6-419P	
RNU6-41P	-0.22740817796261026
RNU6-420P	
RNU6-421P	-0.008967050010602105
RNU6-422P	0.382135059636399
RNU6-424P	-0.18623046484940525
RNU6-425P	
RNU6-426P	
RNU6-428P	
RNU6-429P	
RNU6-42P	-0.039698356924892944
RNU6-430P	-0.23344911859497566
RNU6-431P	-0.04847428113996781
RNU6-432P	
RNU6-433P	
RNU6-434P	0.382135059636399
RNU6-435P	
RNU6-436P	-0.04393865143812509
RNU6-437P	-0.17203210372158195
RNU6-438P	
RNU6-439P	0.279253956685984
RNU6-43P	-0.16407267392293762
RNU6-440P	
RNU6-441P	
RNU6-442P	-0.12913790227528038
RNU6-443P	
RNU6-444P	0.26903873518104116
RNU6-445P	
RNU6-446P	-0.009340646121756615
RNU6-447P	
RNU6-448P	
RNU6-449P	0.1304083454217455
RNU6-44P	
RNU6-450P	-0.09680526604158565
RNU6-451P	
RNU6-452P	
RNU6-453P	
RNU6-454P	
RNU6-455P	-0.008967050010602105
RNU6-456P	
RNU6-457P	-0.03325912453167604
RNU6-458P	0.017649229380971045
RNU6-45P	-0.022387021100694262
RNU6-460P	-0.23344911859497566
RNU6-461P	
RNU6-462P	
RNU6-463P	
RNU6-464P	
RNU6-465P	-0.0010407187690756096
RNU6-466P	0.2563810772952082
RNU6-468P	-0.04393865143812509
RNU6-469P	0.15687968623263232
RNU6-46P	0.11259876753873721
RNU6-470P	-0.005624354190250816
RNU6-471P	-0.23042233970210144
RNU6-472P	
RNU6-473P	
RNU6-474P	
RNU6-475P	
RNU6-476P	
RNU6-477P	0.279253956685984
RNU6-478P	
RNU6-479P	-0.009782592553678568
RNU6-47P	
RNU6-480P	
RNU6-481P	-0.1594380752366821
RNU6-482P	0.035899393991165346
RNU6-483P	-0.008967050010602105
RNU6-484P	
RNU6-485P	0.1970598894476741
RNU6-486P	
RNU6-487P	
RNU6-488P	
RNU6-489P	
RNU6-48P	0.2148385104472791
RNU6-490P	-0.038684826110553176
RNU6-491P	
RNU6-492P	
RNU6-493P	
RNU6-494P	
RNU6-495P	-0.1971244314998617
RNU6-496P	-0.005624354190250816
RNU6-497P	-0.038684826110553176
RNU6-498P	-0.1475939828417878
RNU6-499P	
RNU6-49P	-0.1475939828417878
RNU6-4P	-0.1679518166145846
RNU6-500P	
RNU6-501P	-0.012544211180018281
RNU6-502P	0.16104677736892095
RNU6-503P	0.02603337963773514
RNU6-504P	
RNU6-505P	0.15721377903149086
RNU6-506P	
RNU6-507P	
RNU6-508P	
RNU6-509P	-0.16170673095150628
RNU6-50P	-0.022026350509675573
RNU6-510P	-0.2941005498674233
RNU6-511P	
RNU6-512P	-0.18623046484940525
RNU6-513P	
RNU6-514P	
RNU6-516P	-0.17866109519477033
RNU6-517P	
RNU6-518P	
RNU6-519P	-0.13133653452468108
RNU6-520P	0.11102334926748969
RNU6-521P	0.02603337963773514
RNU6-522P	
RNU6-523P	-0.16191590917627985
RNU6-524P	0.1440411396246208
RNU6-525P	-0.008967050010602105
RNU6-526P	0.035899393991165346
RNU6-527P	-0.008967050010602105
RNU6-528P	
RNU6-529P	-0.05167499545286353
RNU6-52P	
RNU6-530P	0.017649229380971045
RNU6-531P	-0.022261963456306752
RNU6-532P	-0.008967050010602105
RNU6-533P	-0.008967050010602105
RNU6-534P	-0.03230635483735694
RNU6-535P	
RNU6-536P	-0.05207408690207286
RNU6-537P	
RNU6-538P	
RNU6-539P	0.01586933788838595
RNU6-53P	0.11297116961650856
RNU6-540P	0.02345607682047494
RNU6-541P	
RNU6-542P	
RNU6-543P	
RNU6-544P	
RNU6-545P	
RNU6-546P	
RNU6-547P	-0.2349314124202479
RNU6-548P	0.10689168259537873
RNU6-549P	0.20036117375729964
RNU6-54P	-0.0010407187690756096
RNU6-550P	
RNU6-551P	
RNU6-552P	
RNU6-553P	-0.17320204260414312
RNU6-554P	-0.27323229953680217
RNU6-555P	
RNU6-556P	-0.04393865143812509
RNU6-557P	-0.041285502512003885
RNU6-558P	0.1315006186054195
RNU6-559P	
RNU6-55P	
RNU6-560P	
RNU6-561P	
RNU6-562P	0.017649229380971045
RNU6-563P	-0.2349314124202479
RNU6-564P	0.03319964358305031
RNU6-565P	
RNU6-566P	
RNU6-567P	0.2570122437688641
RNU6-56P	
RNU6-570P	0.08087089496418595
RNU6-571P	
RNU6-572P	
RNU6-573P	
RNU6-574P	-0.04802803798365353
RNU6-575P	
RNU6-576P	-0.04929266779623301
RNU6-577P	0.04745331107011761
RNU6-578P	
RNU6-579P	-0.050696928636669976
RNU6-57P	
RNU6-580P	
RNU6-581P	
RNU6-582P	-0.11359218780375312
RNU6-583P	-0.3234968225037342
RNU6-584P	
RNU6-586P	-0.00550965028217673
RNU6-587P	
RNU6-588P	0.39817221600582065
RNU6-589P	
RNU6-58P	
RNU6-590P	0.035899393991165346
RNU6-591P	
RNU6-592P	
RNU6-593P	-0.10628486113467298
RNU6-595P	-0.12913790227528038
RNU6-596P	
RNU6-597P	
RNU6-598P	0.01177921245838145
RNU6-599P	
RNU6-59P	0.23881330179136645
RNU6-5P	-0.17554984728481207
RNU6-600P	
RNU6-601P	
RNU6-602P	
RNU6-603P	-0.005624354190250816
RNU6-604P	
RNU6-605P	-0.16191590917627985
RNU6-606P	0.3656943968752785
RNU6-607P	-0.005624354190250816
RNU6-608P	
RNU6-609P	
RNU6-60P	0.017649229380971045
RNU6-610P	0.10944592635310364
RNU6-611P	0.05647322876550792
RNU6-612P	
RNU6-613P	
RNU6-614P	
RNU6-615P	-0.16170673095150628
RNU6-616P	-0.1720072680612941
RNU6-617P	
RNU6-618P	-0.13331454022520361
RNU6-619P	0.058496651695031376
RNU6-61P	0.382135059636399
RNU6-620P	
RNU6-621P	0.06605749769003251
RNU6-622P	-0.008967050010602105
RNU6-623P	
RNU6-624P	
RNU6-625P	
RNU6-626P	0.16856020591942544
RNU6-627P	
RNU6-628P	-0.0010407187690756096
RNU6-629P	-0.0010407187690756096
RNU6-62P	
RNU6-630P	
RNU6-631P	
RNU6-632P	
RNU6-633P	
RNU6-634P	
RNU6-635P	-0.04929266779623301
RNU6-636P	
RNU6-637P	-0.038684826110553176
RNU6-638P	0.3237866015838036
RNU6-639P	
RNU6-63P	0.08045514419443787
RNU6-640P	0.17943279213046942
RNU6-641P	
RNU6-642P	
RNU6-643P	
RNU6-644P	
RNU6-645P	-0.1718101885523261
RNU6-646P	0.13954174539661143
RNU6-647P	-0.038684826110553176
RNU6-648P	
RNU6-649P	
RNU6-64P	
RNU6-650P	-0.008967050010602105
RNU6-651P	
RNU6-652P	0.30192125907413664
RNU6-653P	-0.1475939828417878
RNU6-654P	
RNU6-655P	
RNU6-656P	
RNU6-657P	
RNU6-658P	-0.10630351696248386
RNU6-659P	
RNU6-65P	
RNU6-660P	
RNU6-661P	
RNU6-662P	
RNU6-663P	-0.041285502512003885
RNU6-664P	
RNU6-665P	0.04372130882656184
RNU6-666P	-0.23344911859497566
RNU6-667P	-0.03862979098940059
RNU6-668P	0.15249384769826815
RNU6-669P	0.16856020591942544
RNU6-66P	
RNU6-670P	-0.17629616398763542
RNU6-672P	0.058496651695031376
RNU6-673P	
RNU6-674P	
RNU6-675P	0.05895648456221964
RNU6-677P	
RNU6-678P	0.14221297340436245
RNU6-679P	
RNU6-67P	
RNU6-680P	0.22867209398342012
RNU6-681P	-0.07243224673845453
RNU6-682P	
RNU6-684P	
RNU6-685P	
RNU6-686P	0.02603337963773514
RNU6-687P	
RNU6-689P	-0.04958918991029357
RNU6-68P	
RNU6-690P	-0.1475939828417878
RNU6-692P	
RNU6-693P	0.279253956685984
RNU6-694P	0.10656476774357872
RNU6-695P	-0.16170673095150628
RNU6-696P	
RNU6-697P	
RNU6-698P	0.02603337963773514
RNU6-699P	0.01586933788838595
RNU6-69P	
RNU6-6P	-0.23901516968209421
RNU6-7	-0.1323429506938688
RNU6-700P	
RNU6-701P	0.06347317369480936
RNU6-702P	
RNU6-703P	-0.018888566342491215
RNU6-704P	
RNU6-705P	0.0790105035170454
RNU6-706P	
RNU6-707P	
RNU6-708P	
RNU6-709P	
RNU6-70P	
RNU6-710P	
RNU6-711P	
RNU6-712P	
RNU6-713P	
RNU6-714P	
RNU6-715P	
RNU6-716P	
RNU6-717P	-0.008967050010602105
RNU6-718P	
RNU6-719P	
RNU6-71P	
RNU6-720P	
RNU6-721P	
RNU6-722P	
RNU6-723P	
RNU6-724P	-0.16170673095150628
RNU6-725P	-0.0010407187690756096
RNU6-726P	
RNU6-727P	
RNU6-728P	-0.008967050010602105
RNU6-729P	-0.04425176729381053
RNU6-72P	
RNU6-730P	-0.18623046484940525
RNU6-731P	
RNU6-732P	-0.041285502512003885
RNU6-733P	
RNU6-735P	-0.27781276240743613
RNU6-737P	0.24382561699223837
RNU6-738P	
RNU6-739P	
RNU6-73P	
RNU6-740P	
RNU6-741P	
RNU6-742P	
RNU6-743P	-0.09825543370216497
RNU6-744P	
RNU6-745P	
RNU6-746P	
RNU6-747P	0.10656476774357872
RNU6-748P	0.3068680767732049
RNU6-749P	-0.005624354190250816
RNU6-74P	
RNU6-750P	0.27602045023571053
RNU6-751P	
RNU6-752P	-0.008967050010602105
RNU6-753P	-0.038684826110553176
RNU6-754P	
RNU6-755P	
RNU6-756P	
RNU6-757P	-0.017328978488143874
RNU6-758P	-0.32349924799571605
RNU6-759P	0.27836345954863995
RNU6-75P	
RNU6-760P	
RNU6-761P	-0.14328416636721736
RNU6-762P	0.13952690548202729
RNU6-763P	
RNU6-764P	
RNU6-765P	
RNU6-766P	0.279253956685984
RNU6-767P	0.17814076891522704
RNU6-768P	0.1910145334836704
RNU6-769P	
RNU6-76P	
RNU6-770P	0.04578390405530958
RNU6-771P	
RNU6-772P	
RNU6-774P	
RNU6-775P	
RNU6-776P	0.08624695488519636
RNU6-777P	-0.03545472757254895
RNU6-778P	0.279253956685984
RNU6-77P	
RNU6-780P	-0.008967050010602105
RNU6-781P	
RNU6-782P	
RNU6-783P	
RNU6-784P	-0.033757705705457976
RNU6-785P	
RNU6-786P	-0.08695050252393928
RNU6-787P	0.279253956685984
RNU6-788P	
RNU6-789P	-0.03325912453167606
RNU6-78P	
RNU6-790P	-0.024516264064198785
RNU6-791P	
RNU6-792P	0.16856020591942544
RNU6-793P	
RNU6-794P	
RNU6-795P	0.02350289635703084
RNU6-796P	0.382135059636399
RNU6-797P	
RNU6-798P	
RNU6-799P	-0.03325912453167606
RNU6-79P	
RNU6-8	-0.2560286460439542
RNU6-800P	
RNU6-801P	
RNU6-803P	-0.09825543370216497
RNU6-804P	
RNU6-805P	-0.008967050010602105
RNU6-806P	0.058496651695031376
RNU6-807P	-0.08194144360661056
RNU6-808P	0.26954858078394256
RNU6-809P	
RNU6-80P	0.07766501452964376
RNU6-810P	-0.21009723878730963
RNU6-811P	-0.23344911859497566
RNU6-812P	
RNU6-813P	
RNU6-815P	
RNU6-816P	
RNU6-817P	-0.21916653346008586
RNU6-818P	-0.011931156840863981
RNU6-819P	-0.04393865143812509
RNU6-81P	
RNU6-820P	0.02100080838128472
RNU6-821P	0.07101646848236488
RNU6-822P	
RNU6-823P	-0.14759398284178765
RNU6-824P	
RNU6-826P	0.15113578373871345
RNU6-827P	0.25342417441714943
RNU6-828P	-0.1682276062022782
RNU6-829P	-0.04929266779623301
RNU6-82P	0.18491216349541076
RNU6-830P	-0.18623046484940525
RNU6-831P	
RNU6-832P	0.28053452153389247
RNU6-833P	-0.26160023821877504
RNU6-834P	0.3391129766850245
RNU6-835P	-0.17629616398763542
RNU6-836P	
RNU6-837P	
RNU6-838P	-0.05174172514338205
RNU6-839P	-0.07922844011489426
RNU6-83P	0.058496651695031376
RNU6-840P	
RNU6-841P	0.16856020591942544
RNU6-842P	
RNU6-843P	-0.12913790227528038
RNU6-844P	-0.008967050010602105
RNU6-845P	
RNU6-847P	-0.29539032829625195
RNU6-848P	0.21843507037764717
RNU6-849P	
RNU6-850P	
RNU6-851P	
RNU6-853P	0.08958960075379845
RNU6-854P	
RNU6-855P	
RNU6-856P	0.03282858292322895
RNU6-857P	
RNU6-858P	-0.057002401468063305
RNU6-859P	-0.03239803314583324
RNU6-860P	
RNU6-861P	
RNU6-862P	0.07511860413657355
RNU6-863P	
RNU6-864P	
RNU6-865P	
RNU6-866P	
RNU6-867P	-0.04929266779623301
RNU6-869P	0.1829792642684413
RNU6-871P	0.017649229380971045
RNU6-873P	
RNU6-874P	
RNU6-875P	-0.008967050010602105
RNU6-876P	0.2612874581258282
RNU6-877P	
RNU6-878P	0.029856573720179667
RNU6-879P	
RNU6-880P	-0.1709598688036778
RNU6-881P	
RNU6-882P	0.44459532230119625
RNU6-883P	-0.04511726231069579
RNU6-884P	-0.008967050010602105
RNU6-885P	
RNU6-886P	0.28053452153389247
RNU6-887P	
RNU6-888P	-0.2349314124202479
RNU6-889P	-0.03325912453167606
RNU6-890P	-0.09276060235919642
RNU6-891P	-0.05018358900814413
RNU6-892P	0.1741286468259041
RNU6-893P	
RNU6-894P	
RNU6-895P	
RNU6-896P	
RNU6-897P	
RNU6-898P	
RNU6-899P	-0.039863080720728784
RNU6-9	-0.2057565002415991
RNU6-900P	0.3290994728893111
RNU6-901P	0.035899393991165346
RNU6-902P	
RNU6-903P	0.279253956685984
RNU6-904P	
RNU6-905P	0.1646590409808923
RNU6-906P	0.382135059636399
RNU6-907P	-0.12734955145725468
RNU6-908P	-0.10708620069086447
RNU6-909P	0.017649229380971045
RNU6-910P	-0.041285502512003885
RNU6-911P	
RNU6-912P	0.28053452153389247
RNU6-913P	
RNU6-914P	
RNU6-915P	0.28887760046081556
RNU6-916P	-0.14132836859697664
RNU6-917P	0.2264738225568429
RNU6-918P	
RNU6-919P	
RNU6-920P	0.30739963565067824
RNU6-921P	
RNU6-922P	
RNU6-923P	
RNU6-924P	-0.23344911859497566
RNU6-925P	0.08901932223000306
RNU6-926P	
RNU6-927P	
RNU6-928P	0.42714550328710726
RNU6-929P	0.009272145915596029
RNU6-930P	
RNU6-931P	0.16856020591942544
RNU6-932P	0.05569570679489411
RNU6-933P	-0.23426835990169828
RNU6-934P	
RNU6-935P	
RNU6-936P	-0.055873091585593115
RNU6-937P	
RNU6-938P	-0.038684826110553176
RNU6-939P	
RNU6-940P	
RNU6-941P	
RNU6-942P	0.382135059636399
RNU6-943P	
RNU6-944P	-0.044668101294532025
RNU6-945P	0.13088444594430063
RNU6-946P	0.019072346295034747
RNU6-947P	
RNU6-948P	-0.2252086477527413
RNU6-949P	
RNU6-950P	
RNU6-951P	0.006661914517408466
RNU6-952P	0.017649229380971045
RNU6-953P	0.08360233503951173
RNU6-954P	-0.0010407187690756096
RNU6-955P	
RNU6-956P	-0.22743641117234115
RNU6-957P	
RNU6-958P	
RNU6-959P	
RNU6-95P	
RNU6-960P	
RNU6-961P	-0.07773864014470101
RNU6-964P	
RNU6-965P	
RNU6-966P	
RNU6-967P	-0.18623046484940525
RNU6-968P	
RNU6-969P	-0.18623046484940525
RNU6-970P	
RNU6-971P	
RNU6-972P	0.02603337963773514
RNU6-973P	
RNU6-974P	
RNU6-975P	0.21245139069068997
RNU6-976P	
RNU6-977P	-0.08192368387892413
RNU6-978P	
RNU6-979P	
RNU6-97P	0.06601947086771603
RNU6-980P	
RNU6-982P	
RNU6-983P	
RNU6-984P	
RNU6-985P	
RNU6-986P	0.28053452153389247
RNU6-987P	
RNU6-989P	
RNU6-98P	
RNU6-990P	
RNU6-991P	
RNU6-992P	0.0014969034072464722
RNU6-993P	-0.12913790227528038
RNU6-994P	
RNU6-995P	-0.008967050010602105
RNU6-996P	
RNU6-997P	0.16856020591942544
RNU6-998P	0.02603337963773514
RNU6-999P	0.31122303797490247
RNU6-99P	
RNU6ATAC	-0.08158516839537198
RNU6ATAC10P	-0.23295588854710564
RNU6ATAC11P	
RNU6ATAC12P	
RNU6ATAC13P	
RNU6ATAC14P	-0.06195363054128247
RNU6ATAC15P	
RNU6ATAC16P	0.05691778818011676
RNU6ATAC17P	
RNU6ATAC18P	-0.01147205282045127
RNU6ATAC19P	
RNU6ATAC20P	-0.21167342023835276
RNU6ATAC21P	-0.008967050010602105
RNU6ATAC22P	
RNU6ATAC23P	-0.008967050010602105
RNU6ATAC24P	0.495951932713781
RNU6ATAC25P	0.23246623980735298
RNU6ATAC26P	0.14558988576489434
RNU6ATAC27P	0.26102973149962666
RNU6ATAC28P	
RNU6ATAC29P	0.16856020591942544
RNU6ATAC2P	-0.2536789997874126
RNU6ATAC30P	-0.0845005801993892
RNU6ATAC31P	0.23434494364507438
RNU6ATAC32P	-0.18623046484940525
RNU6ATAC33P	-0.16170673095150628
RNU6ATAC34P	
RNU6ATAC35P	-0.05965410262493819
RNU6ATAC36P	-0.07782851528876028
RNU6ATAC37P	
RNU6ATAC38P	-0.2103256681807074
RNU6ATAC39P	-0.14888503202521114
RNU6ATAC3P	
RNU6ATAC40P	
RNU6ATAC41P	
RNU6ATAC42P	
RNU6ATAC4P	0.38687962488654476
RNU6ATAC5P	0.382135059636399
RNU6ATAC6P	
RNU6ATAC7P	-0.1475939828417878
RNU6ATAC8P	-0.15348146086643744
RNU6ATAC9P	
RNU6V	-0.041285502512003885
RNU7-1	
RNU7-102P	
RNU7-103P	-0.1589421082448224
RNU7-104P	
RNU7-105P	
RNU7-106P	
RNU7-107P	-0.1475939828417878
RNU7-110P	-0.31336439638898067
RNU7-111P	-0.1655117546195711
RNU7-113P	-0.108568464646393
RNU7-115P	-0.23981544416520212
RNU7-116P	
RNU7-119P	
RNU7-11P	-0.09381262739378292
RNU7-120P	
RNU7-121P	-0.18623046484940525
RNU7-123P	
RNU7-124P	-0.04512193314014586
RNU7-125P	0.18580989445881937
RNU7-126P	-0.008967050010602105
RNU7-127P	
RNU7-128P	
RNU7-129P	-0.008967050010602105
RNU7-12P	-0.089484381331368
RNU7-130P	
RNU7-133P	
RNU7-134P	0.20944509190412214
RNU7-135P	
RNU7-136P	
RNU7-137P	
RNU7-138P	
RNU7-13P	-0.06928665768374968
RNU7-140P	-0.008973720789020772
RNU7-141P	-0.16170673095150628
RNU7-143P	
RNU7-144P	
RNU7-147P	0.28053452153389247
RNU7-148P	
RNU7-149P	0.016404880605419607
RNU7-14P	-0.03446630523585208
RNU7-151P	0.12367742953202462
RNU7-152P	
RNU7-153P	
RNU7-154P	
RNU7-155P	
RNU7-156P	-0.008967050010602105
RNU7-157P	
RNU7-159P	-0.16170673095150628
RNU7-160P	-0.04393865143812509
RNU7-161P	0.01586933788838595
RNU7-163P	-0.1337160313651193
RNU7-164P	0.016404880605419607
RNU7-165P	
RNU7-167P	
RNU7-169P	
RNU7-16P	-0.1289626811985201
RNU7-170P	0.09859519803186868
RNU7-171P	0.14758412622305506
RNU7-172P	-0.27618496262352316
RNU7-173P	-0.05476434333171434
RNU7-174P	
RNU7-175P	-0.17629616398763542
RNU7-176P	0.02322795131534932
RNU7-179P	-0.23344911859497566
RNU7-180P	
RNU7-181P	-0.32562072669051156
RNU7-182P	
RNU7-183P	
RNU7-185P	
RNU7-186P	
RNU7-187P	
RNU7-188P	
RNU7-18P	
RNU7-190P	
RNU7-192P	
RNU7-193P	-0.227606250585787
RNU7-194P	
RNU7-195P	-0.03325912453167606
RNU7-196P	
RNU7-197P	
RNU7-19P	-0.04393865143812509
RNU7-200P	
RNU7-20P	
RNU7-21P	
RNU7-22P	
RNU7-23P	
RNU7-24P	
RNU7-25P	0.08257860547074639
RNU7-26P	
RNU7-27P	-0.005624354190250812
RNU7-28P	
RNU7-29P	-0.06980252194083694
RNU7-2P	
RNU7-30P	0.27220605146986243
RNU7-31P	
RNU7-34P	
RNU7-35P	
RNU7-36P	0.02089027725887313
RNU7-37P	
RNU7-38P	0.058496651695031376
RNU7-3P	
RNU7-40P	-0.2967595689287309
RNU7-41P	-0.2731601090855727
RNU7-43P	-0.038684826110553176
RNU7-45P	0.15334379250121807
RNU7-46P	
RNU7-47P	0.07461416584541179
RNU7-48P	-0.3628462093886852
RNU7-49P	
RNU7-4P	
RNU7-50P	
RNU7-51P	
RNU7-52P	
RNU7-53P	
RNU7-54P	-0.1475939828417878
RNU7-55P	
RNU7-56P	
RNU7-57P	0.3233630169930615
RNU7-58P	0.15222189154554014
RNU7-59P	-0.15380996247259923
RNU7-5P	
RNU7-60P	
RNU7-61P	-0.23579818743708625
RNU7-62P	
RNU7-63P	
RNU7-64P	
RNU7-65P	
RNU7-66P	
RNU7-67P	
RNU7-69P	
RNU7-6P	0.31122303797490247
RNU7-70P	
RNU7-71P	0.058496651695031376
RNU7-72P	0.012012744866005405
RNU7-73P	-0.09825543370216497
RNU7-74P	
RNU7-75P	
RNU7-76P	
RNU7-77P	0.22712003960268046
RNU7-79P	
RNU7-7P	
RNU7-80P	0.19317411905639068
RNU7-81P	
RNU7-84P	
RNU7-85P	0.016404880605419607
RNU7-87P	-0.17629616398763542
RNU7-88P	
RNU7-8P	-0.1475939828417878
RNU7-90P	
RNU7-92P	0.279253956685984
RNU7-93P	
RNU7-94P	
RNU7-95P	
RNU7-96P	0.02603337963773514
RNU7-97P	0.01561343543035179
RNU7-99P	
RNU7-9P	
RNVU1-1	
RNVU1-10	0.08154978774554367
RNVU1-11	
RNVU1-12	
RNVU1-13	0.13593403656008404
RNVU1-14	0.010132218168095529
RNVU1-15	0.2009055196290868
RNVU1-16	
RNVU1-17	-0.2349314124202479
RNVU1-18	-0.01499689639375287
RNVU1-19	0.05459001680358305
RNVU1-2	0.3800985019774474
RNVU1-20	0.3495844511834913
RNVU1-3	
RNVU1-4	0.10656476774357872
RNVU1-5	0.02603337963773514
RNVU1-6	0.10104298220996315
RNVU1-7	0.10020480666545302
RNVU1-8	
RNVU1-9	-0.12371557300841587
RNY1	-0.23331622585123235
RNY1P1	-0.1475939828417878
RNY1P2	
RNY1P3	
RNY1P4	-0.12913790227528038
RNY1P5	0.01586933788838595
RNY1P6	-0.24139426428639849
RNY1P7	
RNY1P8	0.01586933788838595
RNY3	-0.14831712487477655
RNY3P1	0.1114399379498342
RNY3P10	
RNY3P2	
RNY3P3	
RNY3P4	
RNY3P5	
RNY3P6	
RNY3P7	0.16856020591942544
RNY3P8	-0.2349314124202479
RNY3P9	
RNY4	0.13390046894445612
RNY4P1	-0.14119335191473098
RNY4P10	
RNY4P11	0.3164978382512303
RNY4P13	-0.18623046484940525
RNY4P14	-0.18623046484940525
RNY4P15	
RNY4P16	-0.10662046544971931
RNY4P17	
RNY4P18	0.279253956685984
RNY4P19	0.025052582440756452
RNY4P2	-0.18623046484940525
RNY4P20	
RNY4P22	
RNY4P23	-0.1475939828417878
RNY4P24	
RNY4P25	
RNY4P26	
RNY4P27	-0.08845198647264466
RNY4P28	
RNY4P29	0.275232431474977
RNY4P3	-0.10738377379462202
RNY4P30	
RNY4P31	0.01586933788838595
RNY4P4	-0.260695682990461
RNY4P5	-0.1475939828417878
RNY4P6	0.02943368080390464
RNY4P7	0.17450614811608997
RNY4P8	0.0955026796723745
RNY4P9	0.06833513487979001
RNY5	-0.22409814078958204
RNY5P1	-0.008771765223605
RNY5P3	
RNY5P4	0.10886695606926987
RNY5P5	-0.1475939828417878
RNY5P8	0.24472055866481157
ROBO1	0.32148118693245376
ROBO2	0.08579586295159719
ROBO2P1	0.058496651695031376
ROBO3	0.16258403840618582
ROBO4	0.11557044553336707
ROCK1	0.31302753491973856
ROCK1P1	0.04189078491278089
ROCK2	0.19398195997938436
ROGDI	-0.3348925212689486
ROM1	0.04143368726722589
ROMO1	-0.03443944108116589
ROPN1	-0.09175950917463159
ROPN1B	-0.12477300519311733
ROPN1L	0.10677098487049522
ROPN1L-AS1	0.14997781989713002
ROR1	0.16961692828264083
ROR2	0.08960055757764486
RORA	0.23108419030821797
RORB	-0.16440091058738493
RORC	-0.17340840187565948
ROS1	0.12516789802275946
RP1	-0.03536422298621052
RP11-13G14.4	0.26383503188183793
RP11-363D14.1	-0.07935943823437581
RP11-95H11.1	-0.041255192493627454
RP1L1	-0.20056581222053985
RP2	0.20373148116135423
RP4-622L5.2	
RP4-622L5.7	-0.09764529284987551
RP9	-0.1861856834352158
RP9P	-0.2085245935676864
RPA1	-0.029669592853120482
RPA2	-0.11669871178287837
RPA2P1	-0.10483322177232719
RPA2P2	-0.2654573514922259
RPA2P3	-0.3118062005244701
RPA3	-0.1672693192972044
RPA3-AS1	0.1122068790539731
RPA4	-0.1317030012292884
RPAIN	-0.0936339560213568
RPAP1	0.31764391002253844
RPAP2	0.3455841986293743
RPAP3	0.22782497023476828
RPE	0.09699583898335834
RPE65	-0.3664109160547868
RPEP1	-0.03325912453167606
RPEP2	-0.24303163922918236
RPEP3	0.02120330500980553
RPEP4	0.10491275800675164
RPEP5	-0.016670384347289603
RPEP6	
RPF1	-0.09393344640092732
RPF2	0.07729783410799643
RPF2P1	-0.024335717936700394
RPF2P2	-0.005624354190250816
RPGR	0.021351375792614074
RPGRIP1	0.03383555294716946
RPGRIP1L	-0.04735218161384379
RPH3A	0.031195042296374906
RPH3AL	0.06092685203432026
RPIA	-0.25060400064273175
RPIAP1	-0.008384211452882739
RPL10	-0.032223321348135735
RPL10A	-0.08868377891652252
RPL10AP2	-0.30156707418165796
RPL10AP6	-0.2840929901491733
RPL10L	-0.244690289720583
RPL10P1	-0.2948732905844375
RPL10P14	-0.24729113600627878
RPL10P15	-0.23761942598709412
RPL10P3	-0.2974522873502278
RPL11	-0.1857207761740753
RPL11P5	-0.24631053032935074
RPL12	-0.24450790891989854
RPL12L3	-0.31714887248566
RPL12P1	-0.14105170506312867
RPL12P11	0.09018590643880545
RPL12P18	-0.0195751432046569
RPL12P2	-0.1538756609893309
RPL12P23	-0.07230465536304524
RPL12P29	-0.32653307190881026
RPL12P3	0.19289733475286605
RPL12P33	-0.12844724526118406
RPL12P34	-0.037178764841833266
RPL12P37	0.17133675862515263
RPL12P38	-0.2562242722742004
RPL12P39	-0.0688760500529102
RPL12P4	-0.3352090782395904
RPL12P41	-0.2955525632187115
RPL12P43	-0.14667927099674774
RPL12P44	-0.24342722341014744
RPL12P8	-0.17234209642830564
RPL12P9	-0.15390153274638704
RPL13	0.0006432501517086433
RPL13A	-0.17156408547612056
RPL13AP	0.18322962043213228
RPL13AP17	-0.16423994795486913
RPL13AP2	-0.2728581767705682
RPL13AP20	-0.23394036116301364
RPL13AP25	-0.3196728992526383
RPL13AP3	-0.3485970010506148
RPL13AP5	-0.12444314321786057
RPL13AP6	-0.2982309008516937
RPL13AP7	-0.12946410046074616
RPL13P	-0.13107045222806787
RPL13P12	-0.3134270624866776
RPL13P2	-0.16430870573505313
RPL13P4	-0.03325912453167606
RPL13P5	0.21465574155305978
RPL13P6	-0.33187426907898143
RPL14	-0.061164144224325735
RPL14P1	-0.1609428581948195
RPL14P5	-0.08306317590279963
RPL15	-0.07552607477578953
RPL15P1	-0.11751727591930888
RPL15P18	-0.3752878134567576
RPL15P2	-0.3234006480126995
RPL15P20	-0.3108700889494946
RPL15P21	-0.0019604366579356086
RPL15P3	-0.10935168913872453
RPL15P4	0.09498017438969303
RPL17	-0.19357034528297457
RPL17-C18orf32	
RPL17P1	0.061150044136347156
RPL17P11	0.017317248790446053
RPL17P12	0.054092520753074184
RPL17P17	-0.025702006484328275
RPL17P19	-0.009008278885712304
RPL17P2	0.1724338930211167
RPL17P20	-0.34183409921047536
RPL17P22	-0.2062391009726206
RPL17P25	-0.24415258611808857
RPL17P26	-0.07723907204370864
RPL17P3	0.13748388585944957
RPL17P33	-0.014766274963170409
RPL17P35	0.17951910524096396
RPL17P37	-0.25425589091325984
RPL17P40	-0.1440956193202279
RPL17P41	0.018977079960151598
RPL17P42	-0.24660824720630725
RPL17P43	-0.23158506731091533
RPL17P44	-0.11501073872447226
RPL17P45	0.18903881104873502
RPL17P46	-0.02551303211030336
RPL17P49	-0.31357592149006347
RPL17P50	-0.3530683171656814
RPL17P51	0.3713967306715957
RPL18	0.07192309859975256
RPL18A	0.012184927175942667
RPL18AP14	0.11417690992474164
RPL18AP15	-0.22852009275246893
RPL18AP16	-0.29461976365925885
RPL18AP17	-0.04393865143812509
RPL18AP2	-0.288629395808696
RPL18AP3	-0.05182844933604232
RPL18AP7	-0.023429173778263552
RPL18AP8	-0.028654140230017514
RPL18P10	0.08847013259029149
RPL18P11	0.10504944475369267
RPL18P13	-0.2979115998282975
RPL19	-0.02852119299402424
RPL19P1	0.033608245637113676
RPL19P11	-0.23485394142778748
RPL19P12	-0.2509132320691529
RPL19P13	-0.03208914688429095
RPL19P14	-0.22734245428229438
RPL19P18	0.012926837186133987
RPL19P20	-0.09563578924447892
RPL19P21	-0.3068698903854212
RPL21	-0.08978726619891578
RPL21P1	-0.23208739919612018
RPL21P10	-0.12709499587633355
RPL21P103	-0.21926939799618886
RPL21P104	0.06045317630334588
RPL21P106	-0.2802911617949886
RPL21P107	-0.02542336063442349
RPL21P108	-0.05909135105557027
RPL21P109	0.12453157266548408
RPL21P11	-0.34470753075979865
RPL21P110	-0.08998356314191727
RPL21P111	-0.1357352100782012
RPL21P112	0.012412948796690377
RPL21P116	-0.3474204194642346
RPL21P119	0.19307448143785053
RPL21P12	-0.32052931673613294
RPL21P120	-0.33574815314204204
RPL21P121	-0.14746875976764695
RPL21P122	-0.12708825801221119
RPL21P123	-0.23498627201256442
RPL21P126	0.20603196619619493
RPL21P127	-0.06652237633107537
RPL21P129	0.3377177235925705
RPL21P13	-0.24973761029591932
RPL21P131	-0.15687143920284993
RPL21P132	0.05544193792708504
RPL21P133	0.25842499066922175
RPL21P134	-0.14687981103134662
RPL21P135	-0.05585468374757259
RPL21P17	-0.13546758373852066
RPL21P2	-0.1462724911878462
RPL21P23	0.06563380779159148
RPL21P24	-0.12232447114998803
RPL21P28	-0.33299096539596645
RPL21P3	0.13701217073436578
RPL21P32	0.1351930373252962
RPL21P38	-0.16567776909708842
RPL21P39	0.13009757534015626
RPL21P4	-0.24912005283232969
RPL21P40	-0.008219509774741326
RPL21P41	0.21253983159857526
RPL21P42	-0.18301946769736624
RPL21P43	-0.1111228619651258
RPL21P44	-0.05113369645626564
RPL21P47	-0.21824845919192434
RPL21P5	-0.43602716478680936
RPL21P50	-0.003079812533431123
RPL21P54	0.24446407733510858
RPL21P6	
RPL21P65	0.06755579841243385
RPL21P66	0.3368093411414511
RPL21P67	-0.10851785924444995
RPL21P7	-0.26197707810997756
RPL21P71	-0.14484675400048866
RPL21P75	0.046726672245226655
RPL21P8	-0.09901932017292463
RPL21P9	-0.02007240089991226
RPL22	-0.3145825041405004
RPL22L1	0.3124033925233821
RPL22P11	-0.27852528958915024
RPL22P18	-0.29885511718836894
RPL22P19	0.0022727125530259086
RPL22P22	0.1404278510282181
RPL23	-0.29083782764222277
RPL23A	-0.04383200242914434
RPL23AP1	
RPL23AP10	0.012486568215655568
RPL23AP12	-0.21055151614389847
RPL23AP2	-0.29735176772953054
RPL23AP22	0.291892546682692
RPL23AP23	-0.07739331561226978
RPL23AP3	-0.36441815528732024
RPL23AP35	-0.2968256427505539
RPL23AP39	-0.11429445538745812
RPL23AP4	-0.21080906923727052
RPL23AP40	-0.023705203194480443
RPL23AP46	0.08439046617407636
RPL23AP50	0.02603337963773514
RPL23AP51	
RPL23AP53	0.2610158827878155
RPL23AP54	0.193304428119662
RPL23AP6	-0.2723364675275213
RPL23AP60	-0.09447658702942077
RPL23AP62	0.27020947138637424
RPL23AP64	-0.2904073765938528
RPL23AP67	-0.04180832312543599
RPL23AP68	-0.3308799699840758
RPL23AP69	-0.28886045601806826
RPL23AP7	-0.06665947896127597
RPL23AP72	-0.20273089736452204
RPL23AP73	-0.1266473971879308
RPL23AP76	0.10540768474327145
RPL23AP77	0.022967287830491272
RPL23AP78	0.11825686969849666
RPL23AP79	0.08347240700554308
RPL23AP80	-0.23617780034295838
RPL23AP81	0.09703888949267135
RPL23AP83	0.0035374034102163368
RPL23P10	-0.12886528712090606
RPL23P11	-0.3898608688355618
RPL23P2	0.1123465485068243
RPL23P4	0.16278290049245833
RPL23P8	-0.3143957013591504
RPL24	-0.0026097191716540342
RPL24P2	-0.18792104861266495
RPL24P4	-0.2697610403891594
RPL24P7	-0.1329955299525747
RPL24P8	-0.21030374599887502
RPL26	-0.33429654478398696
RPL26L1	-0.16045830233401698
RPL26P20	-0.31110519829309224
RPL26P3	-0.07623164493405038
RPL26P30	-0.34851690898208726
RPL26P31	-0.191189234370378
RPL26P34	0.3186843049126286
RPL26P35	-0.3422412275688852
RPL26P37	-0.2767616803046604
RPL26P9	0.019011572290299577
RPL27	-0.014707658106029007
RPL27A	-0.15276925801061889
RPL27AP	0.04893818764782824
RPL27AP5	-0.35004039644071105
RPL27AP8	-0.24858068292697613
RPL27P12	-0.09670880113655504
RPL28	0.07489898146015761
RPL29	-0.10205092696432722
RPL29P11	0.055250237327748114
RPL29P12	-0.27062363389488775
RPL29P14	0.007337844761070042
RPL29P19	-0.10323194308993443
RPL29P2	-0.13999951718654882
RPL29P22	0.15087724335439812
RPL29P23	0.018191742392084962
RPL29P24	0.33259316371031916
RPL29P25	-0.16852350487831996
RPL29P28	-0.24133343505305427
RPL29P29	0.00718291710312458
RPL29P3	-0.36688025325270335
RPL29P30	-0.1972132519825217
RPL29P32	-0.23344911859497566
RPL29P33	-0.27198179139900625
RPL29P7	-0.23329749798093208
RPL3	-0.19421162710082804
RPL30	-0.09632809403486269
RPL30P1	-0.2555686899481869
RPL30P10	0.2266456565569135
RPL30P11	0.3843035263070171
RPL30P12	0.23421730385259876
RPL30P13	-0.015189194031728704
RPL30P14	-0.20259759327158555
RPL30P15	-0.18391732410569567
RPL30P16	0.2267117991395097
RPL30P2	-0.3153234046803291
RPL30P3	-0.08402245520410867
RPL30P4	-0.391554420137698
RPL30P5	-0.1936346670283804
RPL30P6	-0.1475939828417878
RPL30P7	0.056119111111821766
RPL30P9	
RPL31	-0.059311763408525287
RPL31P1	0.08006641486696606
RPL31P11	0.08827621216861628
RPL31P12	-0.09033682925134788
RPL31P13	-0.23344911859497566
RPL31P15	
RPL31P2	-0.3256558532630638
RPL31P20	-0.2926734290505971
RPL31P28	-0.1848361276379763
RPL31P3	-0.2275236502257725
RPL31P33	-0.16631244129127198
RPL31P35	0.33108585699263937
RPL31P40	-0.10699737484664258
RPL31P41	0.11745836955053576
RPL31P47	-0.05111541826689527
RPL31P49	-0.08508286550401027
RPL31P50	-0.2211979123491344
RPL31P52	-0.0761303728870849
RPL31P53	-0.03528281844742215
RPL31P54	
RPL31P56	-0.06596059023057631
RPL31P57	-0.1984989656232027
RPL31P58	0.012427774803243726
RPL31P59	-0.10794449692117794
RPL31P60	0.035899393991165346
RPL31P61	-0.32896639609233674
RPL31P63	-0.32969214653083173
RPL31P7	-0.314669688155172
RPL31P9	0.06813478394298128
RPL32	0.01597792438674536
RPL32P1	0.1925485307807406
RPL32P14	-0.03325912453167606
RPL32P26	-0.15793441403767
RPL32P28	0.06515322867485886
RPL32P29	
RPL32P3	0.08789800274618588
RPL32P31	-0.2742818425384842
RPL32P33	-0.0396407729160696
RPL32P34	-0.3914000465754629
RPL32P35	
RPL32P9	-0.045391819630906854
RPL34	-0.11257234951840041
RPL34-AS1	0.10083475653726523
RPL34P1	0.10549448761130792
RPL34P17	0.18698959117811131
RPL34P18	-0.2709557209352013
RPL34P21	0.06561673086618589
RPL34P22	0.02902263298073164
RPL34P23	-0.2875339018302459
RPL34P26	-0.3170188314687235
RPL34P27	-0.3417620215865582
RPL34P29	0.25699968860033284
RPL34P3	-0.17921230713672806
RPL34P31	-0.33570639738315106
RPL34P33	-0.29906608267138224
RPL34P34	-0.3264676663424644
RPL34P6	0.3549393338578627
RPL35	0.11218747520894459
RPL35A	-0.08343539663203178
RPL35AP	-0.3000928030975242
RPL35AP12	-0.018083584239517492
RPL35AP15	-0.20817958617974291
RPL35AP18	0.10656476774357872
RPL35AP19	0.33706947613076343
RPL35AP21	-0.01629034495122971
RPL35AP22	-0.23059876688966172
RPL35AP26	0.11950181160333417
RPL35AP3	0.2817746277554987
RPL35AP30	-0.007690855628356823
RPL35AP31	0.1781873485004543
RPL35AP32	-0.06026872520172155
RPL35AP33	-0.25965805387172547
RPL35AP35	-0.26782082918455363
RPL35AP4	0.047375946329165114
RPL35P1	-0.2011082718101495
RPL35P2	-0.2551740903282609
RPL35P3	0.3847389737621965
RPL35P4	0.047939443051975145
RPL35P5	-0.29711637933009816
RPL35P6	-0.26909289188589813
RPL35P8	-0.297642383107356
RPL35P9	-0.12223577910910248
RPL36	-0.18665799210475856
RPL36A	-0.17985517288077238
RPL36A-HNRNPH2	
RPL36AL	0.06129136996198567
RPL36AP10	-0.10562938742196706
RPL36AP13	-0.33112003952675995
RPL36AP15	0.23786877720944427
RPL36AP21	-0.3489337376468853
RPL36AP26	-0.3027259342894781
RPL36AP29	-0.19447929852950135
RPL36AP33	0.013729277890609532
RPL36AP35	-0.01859907268045309
RPL36AP39	0.06180771080574777
RPL36AP40	-0.33628712604178124
RPL36AP41	-0.43028449662388585
RPL36AP43	-0.2364332598286419
RPL36AP45	-0.23348538455852935
RPL36AP48	-0.3549571390257747
RPL36AP51	-0.3888819417912686
RPL36AP53	-0.1643174533471582
RPL36AP55	-0.056551306042097016
RPL36AP6	-0.15684606558861508
RPL36P1	
RPL36P16	-0.12710259454471692
RPL36P18	0.05053985712346121
RPL36P19	0.017649229380971045
RPL36P2	-0.15335075928488712
RPL36P20	-0.21162189954891475
RPL36P4	-0.20010848947997442
RPL37	-0.014288532769642214
RPL37A	-0.030536753317038777
RPL37AP1	-0.32520257996924085
RPL37AP8	-0.30295331825386757
RPL37P1	0.06298452564109809
RPL37P10	0.0728285588252388
RPL37P15	-0.047897975043502954
RPL37P2	-0.27867321529706013
RPL37P21	
RPL37P23	-0.07549337941070848
RPL37P25	0.22729008572615197
RPL37P3	-0.0725842410610051
RPL37P4	-0.194619772991224
RPL38	-0.1662736594693886
RPL38P1	-0.22944781152506852
RPL38P3	-0.1806375064445504
RPL38P4	-0.3834333501120186
RPL39	-0.15189297683156866
RPL39L	0.07459446478066496
RPL39P	-0.21835752152266238
RPL39P25	0.21056384366861422
RPL39P26	0.009592819133520298
RPL39P28	0.11425749769168295
RPL39P29	-0.0741035846115498
RPL39P3	-0.14425401830804388
RPL39P31	-0.09880308436215825
RPL39P33	-0.15786359267439262
RPL39P34	
RPL39P36	0.06433019678292747
RPL39P38	-0.36568166711585726
RPL39P40	-0.054132305791436845
RPL39P5	-0.21620119979063318
RPL39P6	-0.2581336525648861
RPL3L	0.048091710307274806
RPL3P1	-0.37844922658269975
RPL3P10	-0.34284670028164027
RPL3P11	0.011263957547278774
RPL3P12	-0.3005904998186842
RPL3P13	0.12603048147639742
RPL3P2	-0.31497123748892464
RPL3P3	-0.25973558714762923
RPL3P4	-0.3180191260775763
RPL3P5	-0.27311141055267535
RPL3P6	-0.34707405146833126
RPL3P7	-0.26458018952102036
RPL3P8	-0.23105216498547934
RPL3P9	-0.3361048481496063
RPL4	0.03194346793244931
RPL41	-0.15285713347348648
RPL41P1	0.048991516358100055
RPL41P2	-0.3373292004673764
RPL4P1	0.10020449467520297
RPL4P2	-0.37956939097668896
RPL4P3	-0.2868518138808368
RPL4P4	-0.19357588360469694
RPL4P5	-0.2827096385158809
RPL4P6	0.22942847636979186
RPL5	-0.21545880298053124
RPL5P1	-0.29900928463389015
RPL5P10	-0.11525650297371814
RPL5P11	-0.3484274795760076
RPL5P12	-0.24825461538908303
RPL5P13	-0.14452837580386863
RPL5P14	0.18454773558769932
RPL5P15	-0.2896123527258928
RPL5P16	
RPL5P17	-0.3394057654815637
RPL5P18	-0.31812084789449074
RPL5P19	0.2728708433541217
RPL5P2	0.02622348235430883
RPL5P20	-0.41925966006709126
RPL5P21	0.12587404796227428
RPL5P22	-0.35095324082350843
RPL5P23	-0.34382194832101526
RPL5P24	-0.3901791280678575
RPL5P25	-0.2314238132607376
RPL5P26	-0.1267088876704234
RPL5P27	-0.04246867416372546
RPL5P28	-0.05482716478877843
RPL5P29	-0.38001115928086604
RPL5P3	-0.3390149515256848
RPL5P30	-0.26050042289458686
RPL5P31	-0.18499514709684242
RPL5P32	0.17723219372044952
RPL5P33	-0.1915657213824829
RPL5P34	-0.34812251929627025
RPL5P35	-0.30813988872225034
RPL5P4	-0.40989399022592615
RPL5P5	-0.30087883145336014
RPL5P6	-0.32479142624269475
RPL5P7	-0.2453849877249694
RPL5P8	-0.2870879463728149
RPL5P9	-0.3439606555957722
RPL6	-0.0025693835010454614
RPL6P12	0.17991570619840325
RPL6P21	0.06835129875652457
RPL6P25	-0.21271692500644096
RPL6P27	-0.1825334863770513
RPL6P29	-0.17584994290465533
RPL6P30	-0.253825764975874
RPL6P5	-0.1934795770614159
RPL6P7	0.16026207935892536
RPL6P8	-0.05596153120827236
RPL6P9	-0.0037858402988488757
RPL7	-0.1522782409271864
RPL7A	-0.23442483756967075
RPL7AL2	-0.034458390225320504
RPL7AL3	0.10656476774357872
RPL7AP10	0.01675640391968285
RPL7AP11	-0.27779999455071247
RPL7AP14	-0.3549768179925989
RPL7AP2	-0.1321947228755754
RPL7AP23	-0.2064455830875967
RPL7AP25	-0.1919794168961385
RPL7AP26	-0.35553406703059803
RPL7AP28	-0.10189786998366833
RPL7AP3	0.025089016592374766
RPL7AP30	-0.2629206228788436
RPL7AP31	-0.34522080895276386
RPL7AP33	-0.2792918895813257
RPL7AP34	-0.3433358107489144
RPL7AP38	0.11508659380679544
RPL7AP4	-0.16893611699291933
RPL7AP56	0.14995676378916195
RPL7AP57	0.35850256134338754
RPL7AP58	-0.002444063169713345
RPL7AP6	0.2803570973995296
RPL7AP60	0.000838637231229658
RPL7AP61	-0.17629616398763542
RPL7AP64	0.117796819159907
RPL7AP65	0.039257692060275504
RPL7AP66	-0.3169763881219313
RPL7AP69	0.0803886104246135
RPL7AP7	-0.023040773764158348
RPL7AP71	0.06791441548386465
RPL7AP72	-0.102212801657108
RPL7AP73	-0.24720392888164183
RPL7AP8	-0.26636559971665846
RPL7L1	0.21804073377121674
RPL7L1P1	-0.10124325247568518
RPL7L1P10	
RPL7L1P11	0.15536207173860003
RPL7L1P12	0.14101556707673615
RPL7L1P13	-0.023910519381047903
RPL7L1P2	-0.05796923491312244
RPL7L1P3	-0.05281728590684593
RPL7L1P4	-0.12982713481863986
RPL7L1P5	-0.08472800138667635
RPL7L1P7	-0.008967050010602105
RPL7L1P8	0.4277666139184351
RPL7L1P9	0.1412566122109425
RPL7P14	0.112864590043473
RPL7P2	-0.1610640958678537
RPL7P22	0.48313419083955106
RPL7P26	-0.3079711084310267
RPL7P29	-0.08014597002136686
RPL7P3	-0.036504962865250686
RPL7P30	-0.2070686312689174
RPL7P31	0.03492957704636134
RPL7P36	-0.1256975807101855
RPL7P4	0.006390399841942487
RPL7P40	-0.15302164537993998
RPL7P41	0.04311307941841512
RPL7P44	-0.3155105449369378
RPL7P45	-0.15160345557607516
RPL7P47	-0.35576164498833607
RPL7P48	-0.3316296388662775
RPL7P5	-0.33140482813472755
RPL7P50	-0.36467999813210006
RPL7P51	0.18992192229058366
RPL7P53	-0.1010691635977244
RPL7P54	0.26679630300288404
RPL7P55	0.06144907551244708
RPL7P56	-0.31815796575221966
RPL7P57	0.044108723801830306
RPL8	-0.2113761173812388
RPL8P2	-0.06829957800174574
RPL9	-0.3056722192851566
RPL9P15	0.27801277308935146
RPL9P16	-0.09140367118529867
RPL9P18	0.04357738141427141
RPL9P2	0.39655911831265933
RPL9P25	
RPL9P28	0.09977905138906139
RPL9P29	0.10392688178455473
RPL9P3	-0.04695813299974493
RPL9P30	0.41017273730175724
RPL9P31	-0.11888913087125991
RPL9P32	0.1798470404449271
RPL9P33	0.21350526247944923
RPL9P5	-0.08043838994714811
RPL9P7	0.3743302010770419
RPL9P8	0.17886764347410974
RPL9P9	0.14451356942051402
RPLP0	-0.3765160965991628
RPLP0P1	-0.1763561798177213
RPLP0P11	0.02782386253359033
RPLP0P2	-0.028140645080465442
RPLP0P6	-0.3797561671085421
RPLP0P7	-0.14455641097460253
RPLP1	-0.25562453243923117
RPLP1P11	
RPLP1P13	-0.2826591336368563
RPLP2	0.04548484161406051
RPLP2P1	-0.16409401334529514
RPN1	0.010914899051998264
RPN2	0.013554015640918293
RPP14	-0.14036121496269638
RPP21	-0.18880181505757365
RPP25	-0.14690743295160213
RPP25L	-0.13040978242162954
RPP30	-0.037444515920152355
RPP38	-0.04845285680437701
RPP40	-0.009061398321990212
RPP40P1	-0.008967050010602105
RPP40P2	0.14749672148896714
RPPH1	-0.16582808384028497
RPPH1-2P	
RPPH1-3P	
RPRD1A	0.1042263000802076
RPRD1B	0.0806239176359903
RPRD2	0.1438163012027156
RPRM	-0.033245973508354204
RPRML	-0.031116264525481996
RPS10	-0.1386821855526945
RPS10-NUDT3	
RPS10L	-0.29694833741656623
RPS10P14	-0.15654927878634264
RPS10P16	0.01361227818782164
RPS10P18	-0.07591548499636827
RPS10P2	-0.23748346641586676
RPS10P20	
RPS10P21	0.2530750657429986
RPS10P27	-0.11484867916260522
RPS10P28	0.10876274803603195
RPS10P3	-0.25747998322454935
RPS10P7	0.10518231453559307
RPS11	-0.06250680466937658
RPS11P1	0.05357709629841627
RPS11P5	-0.22435074852834108
RPS11P6	0.3820421661131152
RPS11P7	-0.26595353292197704
RPS12	-0.09065421016399061
RPS12P10	-0.02230346933211595
RPS12P15	0.09511742769277814
RPS12P18	-0.17088448817657248
RPS12P2	0.0231587642026641
RPS12P20	0.29882575238459785
RPS12P21	
RPS12P23	-0.3268659226495466
RPS12P24	-0.06062538052559785
RPS12P26	-0.21517976129096952
RPS12P27	-0.13933312883986104
RPS12P28	0.17716469749186675
RPS12P31	-0.0839217218838099
RPS12P5	0.056785476891092326
RPS13	0.05759043137677941
RPS14	-0.2005593513608494
RPS14P3	-0.2834530138448013
RPS14P4	-0.07259028455058879
RPS14P7	-0.19143726134146913
RPS15	0.03030018404475054
RPS15A	-0.23292714867752734
RPS15AP1	-0.18392808540360173
RPS15AP10	0.27242404151884436
RPS15AP11	-0.1998182830984608
RPS15AP12	-0.26302747386562436
RPS15AP16	0.0014750392527230652
RPS15AP18	-0.03325436192102448
RPS15AP24	-0.29771418792781745
RPS15AP25	-0.14875606143572542
RPS15AP27	0.03438977487569215
RPS15AP3	-0.06209428715631821
RPS15AP32	-0.013772465291878226
RPS15AP34	0.10446053051438617
RPS15AP36	0.3058124417793281
RPS15AP38	-0.3687041025096511
RPS15AP40	-0.3123093250108426
RPS15AP5	-0.3168569966457234
RPS15AP6	-0.2884163125446034
RPS15AP7	0.18577667896687594
RPS15AP9	-0.06849398773016185
RPS15P5	-0.187146610472091
RPS15P9	-0.02964623022470244
RPS16	0.3028837477427348
RPS16P5	0.019418888597492204
RPS16P8	-0.0297758315587132
RPS16P9	0.04714615413072856
RPS17	0.32557718154660253
RPS17L	-0.06378133520135781
RPS17P1	-0.3679540142447283
RPS17P11	
RPS17P13	0.006863903040053581
RPS17P14	-0.3599541134861765
RPS17P15	0.06752788744744286
RPS17P17	0.2890282001309995
RPS17P2	0.1788803109904809
RPS17P5	-0.07407774194843436
RPS17P8	
RPS18	-0.25676735629968533
RPS18P1	-0.1867860690077704
RPS18P12	-0.33594288387286525
RPS18P13	-0.23907143597687602
RPS18P6	-0.22842295900983378
RPS18P9	-0.347843893341814
RPS19	0.17387928746618095
RPS19BP1	0.0630224733127661
RPS19P1	-0.006379178880149928
RPS19P3	-0.11651515866400404
RPS19P6	-0.06694047086134165
RPS2	-0.2805648067347391
RPS20	-0.0034018179396021336
RPS20P1	0.034437811129845154
RPS20P10	-0.2655894827662436
RPS20P14	-0.2962197492728018
RPS20P15	-0.18065820143256184
RPS20P2	0.08844264789678287
RPS20P20	0.4017695414765679
RPS20P21	
RPS20P22	0.02991288155111601
RPS20P23	-0.11160842232441326
RPS20P24	-0.3343097949921232
RPS20P25	-0.06968885515345098
RPS20P31	-0.11151806601617772
RPS20P32	-0.074871745860131
RPS20P33	0.22307639716164687
RPS20P35	-0.3256383247703276
RPS20P4	0.2492506303296139
RPS21	-0.08323694568882192
RPS21P4	-0.3391962211584993
RPS21P8	0.04106815094636329
RPS23	0.06347448783989383
RPS23P1	-0.1360044998088629
RPS23P10	-0.05086114207909919
RPS23P2	-0.20003770408791977
RPS23P3	0.2014433431962861
RPS23P4	-0.0676238049271233
RPS23P5	-0.006760454155231349
RPS23P6	-0.17823373593556713
RPS23P7	0.2014097778201593
RPS23P8	-0.31544263340618267
RPS23P9	0.01586933788838595
RPS24	-0.23217806495850915
RPS24P1	-0.16657018635104082
RPS24P12	0.14703081635439857
RPS24P13	-0.12435003775321493
RPS24P14	-0.15138032659663772
RPS24P16	-0.2793198565849263
RPS24P17	-0.3271191601961516
RPS24P18	-0.15670881776851217
RPS24P6	-0.27560543974015983
RPS24P7	-0.2785501018433294
RPS24P8	-0.32333934293340255
RPS25	-0.11392854598445536
RPS26	0.16629959349741047
RPS26P11	0.09605161462792192
RPS26P13	-0.05165349563592536
RPS26P2	0.32050157120029205
RPS26P21	0.06463984615299202
RPS26P24	
RPS26P3	-0.11662010298069028
RPS26P31	-0.163598700164592
RPS26P34	0.08315927151976024
RPS26P35	-0.25790362598474154
RPS26P4	-0.1014996767057333
RPS26P43	-0.20640449411847553
RPS26P47	0.05864143781667374
RPS26P49	0.10082614547337784
RPS26P5	-0.23344911859497566
RPS26P52	-0.29755300061163203
RPS26P54	0.0732066199159973
RPS26P55	-0.20670637933664554
RPS26P56	0.1870456832856512
RPS26P6	-0.018955620732030127
RPS26P8	-0.0771272931699852
RPS27	0.05233057948938949
RPS27A	0.0452537590905861
RPS27AP1	-0.335397965670528
RPS27AP14	0.2264407244628734
RPS27AP2	-0.2892220656586662
RPS27AP3	-0.33288105376419985
RPS27L	-0.10350300016171674
RPS27P1	-0.13849813693853483
RPS27P12	-0.08192368387892413
RPS27P14	-0.18837162423527967
RPS27P15	-0.04785535399838078
RPS27P16	0.18200705206758008
RPS27P18	-0.1475939828417878
RPS27P20	0.024842508904385944
RPS27P22	0.19737061055535624
RPS27P23	0.008789191665608933
RPS27P25	0.024566646958032103
RPS27P26	-0.17812619420253098
RPS27P27	-0.07919692231888426
RPS27P29	0.02584364868367047
RPS27P5	-0.3086825726677106
RPS28	-0.19781103750812679
RPS28P1	-0.15326097500387803
RPS28P8	-0.12913790227528038
RPS29	-0.05130685629039872
RPS29P12	0.07307892497547169
RPS29P13	-0.01825962847333886
RPS29P2	-0.05705424817102884
RPS29P20	-0.11475741119788342
RPS29P22	0.030530247121424676
RPS29P24	0.382135059636399
RPS29P25	-0.038684826110553176
RPS29P26	0.27892571987740145
RPS29P28	0.009272145915596029
RPS29P6	-0.07771687869886101
RPS2P1	-0.07620283710920168
RPS2P2	0.08532700193999936
RPS2P24	0.058667753685167856
RPS2P25	-0.06518427623760364
RPS2P28	-0.2923785641579567
RPS2P32	0.16586307891348923
RPS2P35	-0.2245358798639422
RPS2P39	-0.13187958081588055
RPS2P4	-0.26845475901282867
RPS2P41	-0.22191199753133395
RPS2P44	0.054582272401554804
RPS2P45	0.1057611078827395
RPS2P46	-0.3460077060480525
RPS2P48	-0.24059637301410985
RPS2P5	-0.28917493908710346
RPS2P52	-0.13632574375362863
RPS2P55	-0.32189137285527664
RPS2P6	-0.19314861618532714
RPS2P7	-0.2871792944274172
RPS3	0.040116900807534765
RPS3A	-0.036082380466304305
RPS3AP1	-0.058263859845089215
RPS3AP12	0.2481801381600215
RPS3AP14	0.007877941581372058
RPS3AP15	-0.0799337834261625
RPS3AP17	0.023545116226920022
RPS3AP2	0.18661100954229046
RPS3AP22	-0.1451984504974381
RPS3AP23	-0.017231164007617913
RPS3AP24	0.0011463336043331088
RPS3AP25	-0.3104824318704803
RPS3AP26	-0.24201771586227486
RPS3AP29	0.06799268333462011
RPS3AP3	-0.22633025021734632
RPS3AP30	0.05825759169623925
RPS3AP32	0.023779012037668808
RPS3AP33	-0.10269886277141632
RPS3AP34	-0.3980934835644898
RPS3AP35	-0.22978295062321605
RPS3AP39	0.06847438051953171
RPS3AP4	0.01398580862250126
RPS3AP40	0.30132213192339274
RPS3AP41	-0.049847044621902745
RPS3AP42	0.042964941689018855
RPS3AP43	-0.024003643788863598
RPS3AP44	-0.32560175867704527
RPS3AP46	-0.20954564103014497
RPS3AP47	-0.3230850396103279
RPS3AP49	-0.342429152686367
RPS3AP5	-0.312782700810357
RPS3AP50	0.01830833680525378
RPS3AP52	-0.019333131460615622
RPS3AP53	0.00033756934760338186
RPS3AP6	-0.1438623476743231
RPS3AP9	-0.09391183743961355
RPS3P1	-0.35025042492941383
RPS3P2	0.3971282048691874
RPS3P6	-0.3331697406871054
RPS3P7	-0.14494884012620163
RPS4X	-0.08288736497424509
RPS4XP1	-0.2976388026299939
RPS4XP10	-0.2513449728463328
RPS4XP11	-0.20505985524150236
RPS4XP12	-0.20020074230456733
RPS4XP13	-0.2450691038493417
RPS4XP14	-0.11178264724769782
RPS4XP15	-0.19700721890107356
RPS4XP16	-0.14160520880836286
RPS4XP17	-0.2726326083217009
RPS4XP18	0.024075833481837224
RPS4XP19	-0.17185223198381164
RPS4XP2	-0.010636391493318924
RPS4XP20	-0.296136787545425
RPS4XP21	0.00548199649976324
RPS4XP22	-0.1767379374873251
RPS4XP23	-0.24713215074508332
RPS4XP3	-0.36262283936066125
RPS4XP4	0.0858366395737213
RPS4XP5	-0.283442795574673
RPS4XP6	-0.20858221530600632
RPS4XP7	-0.2191231768373091
RPS4XP8	-0.3068122833552439
RPS4XP9	0.07387307800191363
RPS4Y1	-0.12328722838123532
RPS4Y2	-0.16366263260399594
RPS5	-0.048589826223531585
RPS5P2	-0.06046781599981766
RPS5P3	-0.2775122059967527
RPS5P7	0.30722314132611844
RPS6	-0.1282119452756869
RPS6KA1	-0.027366242895694594
RPS6KA2	0.12904137387064862
RPS6KA2-AS1	0.03561391125298022
RPS6KA2-IT1	0.0831442542502971
RPS6KA3	0.15748749444081747
RPS6KA4	-0.1245447093397623
RPS6KA5	0.003622590841531549
RPS6KA6	-0.03955748588457242
RPS6KB1	0.24870766836300598
RPS6KB2	-0.31206510242615154
RPS6KC1	0.26325746121274224
RPS6KL1	-0.13991544203746328
RPS6P12	-0.1893934845140004
RPS6P16	0.13374613434171326
RPS6P2	-0.20725974143533107
RPS6P20	-0.17177146108829963
RPS6P21	-0.1707242171058689
RPS6P22	0.4330428232350133
RPS6P23	0.007226189222551588
RPS6P7	-0.0360765365679118
RPS6P8	0.2379451174396354
RPS7	0.10121423146564365
RPS7P1	-0.026469285181506496
RPS7P10	-0.3620031543389504
RPS7P11	-0.3422876554038451
RPS7P12	0.04732098366272534
RPS7P13	0.09596313767553039
RPS7P14	-0.26120428837260545
RPS7P15	-0.11702121232765655
RPS7P2	-0.007923634768620283
RPS7P3	-0.3449594981019706
RPS7P4	-0.34325914244704847
RPS7P5	0.23049197287067927
RPS7P6	-0.1545089700768383
RPS7P7	-0.2430465048377761
RPS7P8	-0.08985343010735233
RPS7P9	0.0074700283552840445
RPS8	0.0011446829661684362
RPS8P3	-0.3465794200641869
RPS8P6	-0.10108080306157152
RPS9	-0.17181371526224853
RPS9P1	-0.13844023664016888
RPSA	-0.2694402846925832
RPSAP1	-0.17402234238958328
RPSAP14	-0.31514759329445097
RPSAP15	-0.14271425258493803
RPSAP2	0.08989203200107253
RPSAP34	-0.050616486445056945
RPSAP35	0.07992749700685213
RPSAP37	0.02862324860015896
RPSAP4	-0.2878524009167429
RPSAP41	-0.03495339131565547
RPSAP42	-0.11743221293656124
RPSAP43	0.024236046170580033
RPSAP47	0.13847064127123146
RPSAP51	-0.2305171003688664
RPSAP52	-0.18233906375754685
RPSAP53	0.058283413267270295
RPSAP54	0.021999045018202813
RPSAP55	-0.25803416098215337
RPSAP56	0.0027704868487639363
RPSAP57	0.14840732663251777
RPSAP58	0.3505474239006871
RPSAP6	-0.23738866586711743
RPSAP63	-0.2576755169864122
RPSAP64	-0.09538377459032372
RPSAP8	-0.28175412718437803
RPSAP9	-0.1858556188590787
RPTN	-0.16481296632102782
RPTOR	0.21915433455952107
RPUSD1	-0.04827566054771687
RPUSD2	-0.09206698769462772
RPUSD3	-0.3077662220096421
RPUSD4	0.10969737422038532
RQCD1	0.24604218792325103
RRAD	0.09256554977938915
RRAGA	-0.048685898198299694
RRAGB	0.04969684944791782
RRAGC	0.10642772020978669
RRAGD	-0.054932361217050765
RRAS	0.2587791301279024
RRAS2	-0.09437851903886071
RRBP1	0.24219330696961608
RREB1	0.08925644949015929
RRH	-0.37226484369664
RRM1	-0.17321568814801577
RRM1-AS1	-0.1475939828417878
RRM2	-0.033601668309802823
RRM2B	0.15383414703719353
RRM2P2	-0.2918790792484434
RRM2P3	-0.21640252678763439
RRM2P4	0.27229162697309234
RRN3	0.004014119098586112
RRN3P1	0.06701023822885091
RRN3P2	0.10649996627789639
RRN3P3	-0.09952905602257153
RRNAD1	-0.13879967733731813
RRP1	0.018083534982821996
RRP12	0.17457161767701085
RRP15	0.07423426646041914
RRP1B	0.256642496481053
RRP36	0.2580318439553651
RRP7A	-0.010648530216630087
RRP7B	0.04088320260040651
RRP8	-0.13521219226065323
RRP9	-0.04186092233679385
RRS1	-0.024165224485422118
RS1	0.12793826115491888
RSAD1	-0.19656527131590376
RSAD2	-0.027468252632403614
RSBN1	0.1589823956453848
RSBN1L	0.13993264452847723
RSBN1L-AS1	-0.32192843572095076
RSC1A1	
RSF1	0.26613696452253055
RSF1-IT1	-0.08382353868803771
RSF1-IT2	-0.19617838609830138
RSG1	0.22379524000282547
RSL1D1	0.08150226291176935
RSL24D1	-0.0405545634781685
RSL24D1P1	-0.26047520834628246
RSL24D1P11	-0.027603481857604202
RSL24D1P2	0.03998215481997484
RSL24D1P3	-0.13288557459440553
RSL24D1P4	-0.09272428251259807
RSL24D1P5	0.03513199836103154
RSL24D1P6	0.040443184443812036
RSL24D1P8	-0.1881963775640575
RSL24D1P9	0.09137451739461368
RSPH1	-0.23997241164000893
RSPH10B	-0.11088282094905928
RSPH10B2	0.29241246818229605
RSPH3	-0.0023292610264853924
RSPH4A	0.09099190837719794
RSPH6A	-0.0789200260731907
RSPH9	0.12703792406656267
RSPO1	0.1671487862474961
RSPO2	-0.14239590678336764
RSPO3	0.16863415756703687
RSPO4	0.1786892074568568
RSPRY1	0.30331905359073047
RSRC1	-0.17110775744525944
RSRC2	-0.1654082798961161
RSU1	-0.024102174037229637
RSU1P1	0.11565946701134416
RSU1P2	-0.02292985561339892
RSU1P3	0.36996178826739146
RTBDN	-0.2242752655664131
RTCA	-0.14799746888374857
RTCB	-0.10968895436911284
RTDR1	0.23584768087090538
RTEL1	-0.12374413532072905
RTEL1-TNFRSF6B	-0.04809531803260472
RTEL1P1	-0.1040183865588256
RTF1	0.15370722424327637
RTFDC1	-0.12718193806105405
RTKN	-0.2397469518005178
RTKN2	0.05799355265551515
RTL1	0.1264799225909393
RTN1	0.07786600569134387
RTN2	0.022612914227115692
RTN3	-0.17511474743181335
RTN3P1	-0.3151534100319938
RTN4	-0.10198481631787816
RTN4IP1	-0.16780002993210863
RTN4R	-0.017950945816479904
RTN4RL1	-0.26895667690627406
RTN4RL2	0.14276502964997217
RTP1	-0.1522896453360867
RTP2	-0.00792235326811325
RTP3	0.006601996760195151
RTP4	-0.04722773035463879
RTTN	0.03938508002240914
RUFY1	0.4014129192748367
RUFY2	0.06302901808913397
RUFY3	0.23750784200628253
RUFY4	0.00575752401732006
RUNDC1	0.12405383140995159
RUNDC3A	-0.013416647235693446
RUNDC3B	-0.15893592981937738
RUNX1	0.3295541909207981
RUNX1T1	-0.016737230822836825
RUNX2	0.02187650836720728
RUNX3	0.31187204939510205
RUSC1	-0.16181794650030631
RUSC1-AS1	-0.21396065939477815
RUSC2	-0.1442699581483554
RUVBL1	0.003227897775169168
RUVBL1-AS1	-0.04749863903182887
RUVBL2	-0.21870143453911542
RWDD1	-0.07438318789488456
RWDD2A	0.355586615733473
RWDD2B	-0.08714293052740112
RWDD3	-0.014942749753889735
RWDD4	-0.2426330484299764
RWDD4P1	-0.19218190312634656
RWDD4P2	0.001945698189064317
RXFP1	0.09385968206577545
RXFP2	0.04715540129170128
RXFP3	0.07423568294266124
RXFP4	-0.18169052397421512
RXRA	-0.06186445430569808
RXRB	-0.2109990246150673
RXRG	-0.2278547259315562
RYBP	0.2976793886712258
RYK	0.05335851903388298
RYKP1	-0.012479948355998012
RYR1	0.014566837231870512
RYR2	0.14181068866599664
RYR3	-0.23128719591493047
S100A1	-0.09629043330675371
S100A10	-0.2234139957742211
S100A11	0.04774445348435467
S100A11P1	-0.2684338344260734
S100A11P2	-0.30934340854184095
S100A12	0.18900680478113716
S100A13	-0.21833731630334316
S100A14	-0.3167207919650887
S100A16	-0.1280143829920729
S100A2	0.19503791117551597
S100A3	0.12020346840377659
S100A4	0.022207715412836213
S100A5	0.04939433348962965
S100A6	-0.014735314053934224
S100A7	-0.0885541940546683
S100A7A	-0.047038152824590625
S100A7L2	-0.09825543370216497
S100A8	0.19015336717931364
S100A9	0.12471767552459281
S100B	-0.003076331078655447
S100G	0.06809538574805306
S100P	0.048058696213745984
S100PBP	0.14583840064745046
S100Z	0.18505577527059783
S1PR1	0.20841226897647253
S1PR2	0.23044928446059065
S1PR3	0.2680591678125933
S1PR4	0.11205933829444471
S1PR5	0.04800759542196964
SAA1	0.1092628459668001
SAA2	0.1818339298259872
SAA2-SAA4	
SAA3P	0.33657422026602724
SAA4	0.2152075911472411
SAAL1	-0.0010737088426982966
SAC3D1	-0.15426225265672577
SACM1L	0.10014871372505434
SACS	0.3314787531178361
SACS-AS1	-0.06564146676182754
SAE1	-0.09128548393531744
SAFB	0.06869974127312452
SAFB2	0.10990605968512601
SAG	-0.0037100230815018645
SAGE1	0.06590131920460157
SALL1	-0.1418113178943895
SALL1P1	0.18437296668531944
SALL2	0.07049262253743975
SALL3	0.16721547085032054
SALL4	0.368840089170559
SALL4P1	-0.17544144481434318
SALL4P2	-0.2815951772914635
SALL4P5	-0.17556737890239896
SALL4P6	-0.12884945792723623
SALL4P7	0.13757290387783683
SAMD1	-0.22093207692397177
SAMD10	-0.026150581650926572
SAMD11	-0.19859379421576634
SAMD11P1	-0.24700508445026337
SAMD12	0.07583160439406533
SAMD13	-0.17448139044060726
SAMD14	0.05039826887543946
SAMD15	0.19597747658673284
SAMD3	0.025907997220266245
SAMD4A	0.16084902774623755
SAMD4B	0.18960142351341658
SAMD5	0.09612057097883099
SAMD7	0.318771118840219
SAMD8	0.24398538660383876
SAMD9	0.2430844529889617
SAMD9L	0.21690096621670857
SAMHD1	0.19092355107195993
SAMM50	-0.20199603726194365
SAMSN1	0.15926265891090943
SAMSN1-AS1	-0.09447376652656625
SAP130	0.1508820031411361
SAP18	-0.17410619346578424
SAP25	
SAP30	-0.3009608708310432
SAP30BP	0.05831721110602414
SAP30L	-0.022475287586064784
SAP30L-AS1	0.3433803283139054
SAPCD1	-0.24195484733909917
SAPCD1-AS1	-0.09000405783303618
SAPCD2	-0.18959643668543993
SAR1A	0.2565763217443814
SAR1AP4	0.18786682603571264
SAR1B	0.035701291868122424
SAR1P1	-0.2409723367886725
SAR1P3	-0.3083857631854428
SARDH	0.16826463631995997
SARM1	-0.08771014519798413
SARNP	-0.030005047072866168
SARS	-0.18061941535024525
SARS2	-0.3300958505478482
SART1	-0.07330066982510752
SART3	0.23735173253206002
SASH1	0.1682394464544915
SASH3	0.22697328564911579
SASS6	-0.06326737058906223
SAT1	-0.01838361712647955
SAT2	-0.1705307069202118
SATB1	0.1657608946767261
SATB2	0.009047435002240874
SATB2-AS1	-0.21637777902002694
SATL1	0.19289733475286605
SAV1	0.37924327318373663
SAYSD1	-0.0860338561857699
SBDS	-0.09371300055961297
SBDSP1	-0.2576380003469915
SBF1	0.26239432265275764
SBF1P1	-0.32186393017232384
SBF2	0.16370143147337896
SBF2-AS1	-0.27239531129282535
SBK1	-0.17253436959938448
SBK2	0.24830369001216895
SBK3	-0.09223009740780952
SBNO1	0.35334426462990337
SBNO2	0.2864768564501885
SBP1	
SBSN	0.05612562622387884
SBSPON	-0.036500460839903735
SC5D	-0.19004968796781976
SCAF1	0.08871251523184806
SCAF11	0.32540124245469576
SCAF4	0.3162303532651843
SCAF8	0.21605420765298736
SCAI	0.0936010503521404
SCAMP1	0.007816442584399716
SCAMP2	-0.20265452897033098
SCAMP3	-0.29795536765572417
SCAMP4	0.21691053384653267
SCAMP5	-0.1365790005384612
SCAND1	0.08976766951228463
SCAND2P	0.21012360760872542
SCAND3	0.22192175947697404
SCAND3P1	-0.05524211012634201
SCAP	-0.07132976826391846
SCAPER	-0.013492926159212073
SCARA3	0.12605853178679524
SCARA5	-0.2778552835429856
SCARB1	-0.19859055678510057
SCARB2	-0.07805600377648686
SCARF1	0.07776211899969397
SCARF2	-0.04316611313759608
SCARNA1	0.1536031516087464
SCARNA10	-0.2979388144089723
SCARNA11	0.13877910766062382
SCARNA12	-0.008967050010602105
SCARNA13	-0.17435245482237008
SCARNA14	0.07922981034762824
SCARNA15	-0.1894073881673488
SCARNA16	0.16856020591942544
SCARNA17	-0.323732737866807
SCARNA18	-0.3149071222179723
SCARNA2	-0.28699728156014637
SCARNA20	0.10264521753202613
SCARNA21	-0.1655506950396473
SCARNA22	0.1480765582476717
SCARNA23	-0.10708252178645486
SCARNA3	0.0848991062048187
SCARNA4	-0.24312584818891655
SCARNA5	-0.07071596908585256
SCARNA6	-0.2873413775220775
SCARNA7	-0.3123752658644474
SCARNA8	-0.07580816141470445
SCARNA9	-0.2987662905611152
SCCPDH	-0.12266961678229521
SCD	0.08246672057867638
SCD5	-0.044609039795122964
SCDP1	0.025812445126460165
SCEL	-0.01035279304385165
SCEL-AS1	-0.1475939828417878
SCFD1	0.12710032356950937
SCFD2	-0.19954933068028394
SCG2	0.036789953768143625
SCG3	0.17043977571817392
SCG5	0.20231348230566157
SCGB1A1	0.06691241733733963
SCGB1B2P	0.00028621420860312736
SCGB1C1	-0.10490858750890084
SCGB1D1	0.022406070799782535
SCGB1D2	-0.10831719434067359
SCGB1D4	-0.23344911859497566
SCGB1D5P	
SCGB2A1	-0.15524276918263907
SCGB2A2	-0.10265091995919566
SCGB2B2	-0.13509117094147313
SCGB2B3P	-0.3117848824684135
SCGB3A1	-0.07412711604388467
SCGB3A2	0.129316397877361
SCGN	-0.04485844153024994
SCHIP1	-0.1444523165413411
SCIMP	0.2450040376221744
SCIN	0.060928127938034184
SCLT1	0.18341645870116347
SCLY	0.04268100121282998
SCMH1	-0.17886630858151947
SCML1	-0.10302056859577152
SCML2	-0.04175457641517477
SCML2P1	0.04609144085689061
SCML2P2	0.14144572028265467
SCML4	0.04190267570243607
SCN10A	0.04467445250640488
SCN11A	0.18473442239720195
SCN1A	0.12396156356483297
SCN1B	-0.05970934464979188
SCN2A	0.19815594139723963
SCN2B	-0.07275273078767454
SCN3A	0.09912922068123865
SCN3B	0.07028608568364428
SCN4A	0.13676586213185285
SCN4B	-0.14972739450323216
SCN5A	0.08234258766945358
SCN7A	-0.0533578514942755
SCN8A	0.2083726235219927
SCN9A	-0.05227257017880925
SCNM1	0.03901524711583311
SCNN1A	-0.09938156698193061
SCNN1B	0.13605302399468394
SCNN1D	-0.11859721801909756
SCNN1G	0.016145134477634757
SCO1	-0.19021483210361365
SCO2	0.030712380131986017
SCOC	0.007401785335364231
SCOCP1	0.021905402359503917
SCP2	-0.05704818096189352
SCP2D1	
SCPEP1	0.05167922073195458
SCRG1	0.18985285506006525
SCRIB	0.0362918928716259
SCRN1	0.24635156031854774
SCRN2	-0.25654605756604315
SCRN3	0.0019097473311668173
SCRT1	-0.26782196688103926
SCRT2	-0.1411379835022253
SCT	-0.1640454329773057
SCTR	-0.13423404158285232
SCUBE1	-0.1765999882791011
SCUBE2	-0.15314568310399684
SCUBE3	0.00652566295447353
SCXA	-0.17362111609348
SCXB	-0.041285502512003885
SCYL1	-0.05215385687641957
SCYL2	0.2679919156182361
SCYL3	0.15360399931677307
SDAD1	0.19899765029281252
SDAD1P1	0.19113494897072053
SDAD1P2	0.16134453525451012
SDAD1P3	
SDAD1P4	0.10656476774357872
SDC1	-0.2690866738506017
SDC2	-0.21137653070641688
SDC3	0.11035253397337567
SDC4	0.19543833399224575
SDC4P	0.02341415982719539
SDCBP	0.22172171868304527
SDCBP2	-0.12519300435662095
SDCBP2-AS1	0.1475521408826696
SDCBP2P1	-0.03453610567104472
SDCBPP1	-0.21545439970419206
SDCBPP2	-0.2713371751046529
SDCBPP3	-0.25988332240024414
SDCCAG3	-0.15197686882610875
SDCCAG3P1	-0.1714149905334485
SDCCAG3P2	-0.42095621461788374
SDCCAG8	-0.005758771270928399
SDE2	0.30427147583580855
SDF2	-0.14284357050300234
SDF2L1	-0.00018830057419303537
SDF4	-0.15104874679135372
SDHA	-0.36950119956358357
SDHAF1	-0.2904550474197742
SDHAF2	-0.00909949306318951
SDHAP1	-0.07112371667407077
SDHAP2	
SDHAP3	-0.12388454281286382
SDHB	-0.2825499749810899
SDHC	-0.0615137102503715
SDHCP1	-0.012272537885659865
SDHCP2	-0.28741880340055986
SDHCP3	-0.3686823049791815
SDHCP4	0.05855928458778851
SDHD	-0.1216191560948302
SDHDP2	-0.35941007435584826
SDHDP6	-0.22086414062100918
SDIM1	0.13089274871147374
SDK1	0.18071193821476714
SDK2	0.147997864470118
SDPR	-0.3076986454395936
SDR16C5	0.20983051384594037
SDR16C6P	0.009489925921039939
SDR39U1	-0.14235749456526292
SDR42E1	0.06613369535075475
SDR42E2	-0.041411035248544795
SDR9C7	-0.23482654634733502
SDS	-0.19854504122957703
SDSL	-0.12421324665573898
SEC11A	-0.2530158718776946
SEC11C	-0.11929248975097251
SEC13	-0.07513802507985035
SEC13P1	-0.34447198066490026
SEC14L1	0.19625523619353827
SEC14L1P1	-0.05868320965620808
SEC14L2	-0.06843611710430639
SEC14L3	0.08150243040540996
SEC14L4	0.042386782738213974
SEC14L5	0.03600711415651302
SEC14L6	0.2123326462231483
SEC16A	0.3609409396607792
SEC16B	-0.17211529658033548
SEC1P	0.05652740450657805
SEC22A	0.05299097974843778
SEC22B	0.11743822106843918
SEC22C	-0.057235036050243396
SEC23A	-0.0038566320845927382
SEC23B	0.16676243696098766
SEC23IP	0.2336700643135304
SEC24A	0.24023770798541974
SEC24B	0.246504002056426
SEC24B-AS1	0.023862263875881466
SEC24C	0.17497597373136983
SEC24D	0.008479105024108135
SEC31A	0.2709105674339367
SEC31B	-0.0724616388218069
SEC61A1	0.15409134112299117
SEC61A2	0.07666878437639107
SEC61B	-0.21020721267577352
SEC61G	0.029695289940655806
SEC62	0.24306505319919824
SEC62-AS1	-0.15046175594661662
SEC63	0.0014200673967414217
SEC63P1	-0.24325051939717532
SEC63P2	-0.2780808516085966
SECISBP2	0.01958557022146137
SECISBP2L	0.2838798683541019
SECTM1	-0.1079859275953132
SEH1L	0.17558651438554482
SEL1L	0.272013781591214
SEL1L2	0.08836320665304993
SEL1L3	0.15291060528031467
SELE	0.0808157355487167
SELENBP1	-0.19797773026461699
SELK	0.1549222147112231
SELL	0.25013813272101465
SELM	0.10869988823911944
SELO	0.11375046525725725
SELP	0.1644993107233746
SELPLG	0.1832783193358329
SELRC1	0.11235901262004028
SELT	-0.17280389918334765
SELV	-0.13665769875348133
SEMA3A	0.07791494018040614
SEMA3B	-0.17962519889568007
SEMA3B-AS1	-0.2434919177852174
SEMA3C	0.17611193159588742
SEMA3D	-0.03893231135399659
SEMA3E	-0.2725401383641537
SEMA3F	-0.09325144206888591
SEMA3G	-0.18031533244878328
SEMA4A	0.08176813927128682
SEMA4B	0.15255429664627812
SEMA4C	0.08091036249718826
SEMA4D	0.23624337283298996
SEMA4F	0.21586864292987618
SEMA4G	-0.1909218718189683
SEMA5A	-0.030432532891300674
SEMA5B	-0.0865180405729043
SEMA6A	0.05644170474399382
SEMA6B	0.02558218003396021
SEMA6C	-0.1468537776997695
SEMA6D	0.08317338937282791
SEMA7A	0.365655328250335
SEMG1	0.12065215220115907
SEMG2	0.08938768085277139
SENP1	0.263591209794476
SENP2	0.15870180531897082
SENP3	-0.05452328117821595
SENP3-EIF4A1	0.049909884285848576
SENP5	0.29366397289699736
SENP6	0.09805120543971635
SENP7	0.1703876312061612
SENP8	0.08629152123437091
SEP15	0.030988538095554623
SEPHS1	-0.19376179591934087
SEPHS1P1	0.011141991411569118
SEPHS1P4	-0.3473061181890447
SEPHS1P6	-0.3661812567430885
SEPHS1P7	0.06831502913441824
SEPHS2	-0.11966544014360606
SEPHS2P1	-0.018859865976108378
SEPN1	-0.04160720815056205
SEPP1	0.00817109609677476
SEPSECS	0.06743166889303462
SEPT1	0.20448642952359894
SEPT10	-0.011504556108503932
SEPT10P1	-0.360242527262149
SEPT11	-0.16158790966123832
SEPT12	-0.07663670207193105
SEPT14	-0.012081197203353227
SEPT2	-0.047172475717222634
SEPT2P1	-0.3029482103267709
SEPT3	0.054226855443512655
SEPT4	0.12156617044728965
SEPT5	-0.15727607916507252
SEPT6	0.2539261605397203
SEPT7	0.1720209925037511
SEPT7P2	-0.09383218612144571
SEPT7P3	-0.1207118722898829
SEPT7P4	0.20819981864082665
SEPT7P5	-0.3366326774809474
SEPT7P6	-0.30645878985577113
SEPT7P7	-0.3214868170992887
SEPT7P8	0.2569449866281801
SEPT7P9	-0.08785018936275789
SEPT8	-0.0773077559910541
SEPT9	0.1147874151708797
SEPW1	-0.36228310731402824
SEPW1P	-0.33580870148638836
SERAC1	0.27022379822471976
SERBP1	-0.08332968740444882
SERBP1P1	-0.32943456727920006
SERBP1P2	-0.025628729251737495
SERBP1P3	-0.37847945314256515
SERBP1P4	0.243302674926575
SERBP1P5	-0.35105041265157133
SERBP1P6	-0.34280576990800454
SERF1A	0.07120857802634906
SERF1AP1	-0.23344911859497566
SERF1B	-0.21253012357583417
SERF2	-0.13056573381739447
SERGEF	-0.13558662860296822
SERHL	0.06388704302544353
SERHL2	0.01544188514876695
SERINC1	-0.023054306566748856
SERINC2	-0.2379500680412864
SERINC3	0.10596030048022827
SERINC4	0.07389373324222794
SERINC5	0.1649818828309923
SERP1	0.040610064180105036
SERP2	-0.24016255160754799
SERPINA1	-0.07770720465879644
SERPINA10	-0.09360816670544132
SERPINA11	-0.2787113476654961
SERPINA12	-0.34225720324144515
SERPINA13P	0.33460572351620604
SERPINA2P	0.14282884343089036
SERPINA3	0.07671951540640938
SERPINA4	-0.11025676378637789
SERPINA5	0.2869002125900804
SERPINA6	-0.28809094259310086
SERPINA7	-0.04916002565859374
SERPINA9	0.020159666252661038
SERPINB1	0.05365442809056538
SERPINB10	-0.009341541230285298
SERPINB11	-0.18971829785872954
SERPINB12	-0.115178515120993
SERPINB13	0.1280844879389739
SERPINB2	0.04128061847933602
SERPINB3	-0.031217123852192982
SERPINB4	-0.04486986215606406
SERPINB5	0.10354444681661613
SERPINB6	-0.12970021801038367
SERPINB7	-0.018205785055470332
SERPINB8	0.22617790768444798
SERPINB8P1	0.10656476774357872
SERPINB9	0.18697413413982955
SERPINC1	-0.11450248123714125
SERPIND1	0.10379529457187205
SERPINE1	0.029674408586301493
SERPINE2	0.1300838378804703
SERPINE3	-0.045641670840152325
SERPINF1	0.12279620697209284
SERPINF2	0.012030472674527419
SERPING1	0.07836357619023825
SERPINH1	0.069362672145607
SERPINH1P1	-0.08224666366714893
SERPINI1	0.10418414749831986
SERPINI2	-0.07532706069352592
SERTAD1	0.15769688157571612
SERTAD2	0.11608590371972438
SERTAD3	-0.11241537168516376
SERTAD4	0.036049479171843674
SERTAD4-AS1	-0.19869634046816723
SERTM1	0.08005904392251686
SESN1	-0.16837051984053264
SESN2	-0.11937574786210996
SESN3	0.21764372023781361
SESTD1	0.29234062325779825
SET	-0.02810875418638435
SETBP1	0.20210676570245387
SETD1A	0.2953264328748116
SETD1B	0.3078784116383981
SETD2	0.2813020884644509
SETD3	0.012752044876603334
SETD4	-0.08782599268032854
SETD5	0.283587903734018
SETD5-AS1	-0.2611959582988579
SETD6	-0.13157021556687817
SETD7	0.13431881696806078
SETD8	-0.2975570727820494
SETD9	-0.35697676845206666
SETDB1	0.1696822710606649
SETDB2	0.08267154775430571
SETMAR	-0.018736102241518653
SETP1	-0.24523514676650876
SETP10	-0.017974001671510923
SETP11	-0.22594628153709093
SETP12	-0.17945629138839014
SETP14	-0.05969161753215847
SETP15	0.2135935988178896
SETP16	-0.19308422697753366
SETP17	0.19477134382804004
SETP18	-0.3074236698132621
SETP2	-0.14124084429082784
SETP20	-0.01756436941449697
SETP21	-0.3152034621295497
SETP22	-0.1565679947752455
SETP4	-0.05264533224512651
SETP5	0.24477197134997852
SETP6	-0.06087261679565947
SETP7	-0.11349313125083645
SETP8	-0.3250932938177759
SETP9	0.13358110296582607
SETX	0.4442719990659928
SEZ6	0.03383428770022165
SEZ6L	-0.2379833118357544
SEZ6L2	0.23737200590646015
SF1	0.11522837223956738
SF3A1	0.29441356788378875
SF3A2	-0.05986470619021014
SF3A3	-0.034949128125320694
SF3A3P1	-0.13880951881784712
SF3A3P2	-0.13259467571714986
SF3B1	0.15927413206590552
SF3B14	-0.23189918047105815
SF3B2	-0.013194960253652804
SF3B3	0.2266385018163791
SF3B4	-0.19867853459914542
SF3B5	-0.198577179624833
SFI1	0.04524345794422863
SFMBT1	-0.05179059964807958
SFMBT2	0.2577634531658949
SFN	-0.004345364921485038
SFPQ	0.12322155365032561
SFPQP1	-0.15250078181177534
SFR1	0.18656619872147634
SFRP1	-0.1966572480095572
SFRP2	0.17465540106424252
SFRP4	-0.3844651177993783
SFRP5	-0.10087785363203407
SFSWAP	-0.02348536508549064
SFT2D1	0.04267772755112107
SFT2D2	0.2530369218795158
SFT2D3	-0.027303674284371287
SFTA1P	-0.16865702800768567
SFTA2	0.20239772607879652
SFTA3	-0.22757680476711148
SFTPA1	-0.15587440019476462
SFTPA2	0.10068655562046881
SFTPA3P	-0.16170673095150628
SFTPB	-0.1098428011114794
SFTPC	-0.2829026976014593
SFTPD	-0.2643847045827826
SFXN1	0.062461823191645324
SFXN2	-0.14696679038146548
SFXN3	-0.1113415110554536
SFXN4	-0.2818456170096684
SFXN5	-0.333814435743651
SGCA	-0.1441150167954763
SGCB	0.2534871604475967
SGCD	-0.03456799955582582
SGCE	-0.05417506921678724
SGCG	-0.3259991737998324
SGCZ	-0.02746396560968209
SGIP1	0.3372930340035563
SGK1	-0.017560750181104322
SGK2	-0.17758171036025447
SGK223	0.004762081296815071
SGK3	-0.14461455435212128
SGK494	-0.2460581784512288
SGMS1	0.17741533764700015
SGMS2	0.16489463424997985
SGOL1	0.00235854251715311
SGOL1-AS1	0.22358403175451388
SGOL2	-0.036194519938949975
SGPL1	0.1594201501098669
SGPP1	0.1049152790149278
SGPP2	0.11429117699482695
SGSH	0.009738288514854662
SGSM1	-0.0785309892863869
SGSM2	0.02669976010459864
SGSM3	0.13921808431
SGTA	-0.005479595219350979
SGTB	0.1443983399972902
SH2B1	-0.2168772056175518
SH2B2	0.16049491667487162
SH2B3	0.24000849753261366
SH2D1A	0.2182255005365783
SH2D1B	-0.016542912841350794
SH2D2A	0.22874601246514695
SH2D3A	0.05356436855486217
SH2D3C	0.2658848473313999
SH2D4A	-0.060814562492734675
SH2D4B	0.1251673328051236
SH2D5	-0.05724200986023866
SH2D6	-0.1327471521599707
SH2D7	0.05723629408709299
SH3BGR	-0.2613377792333931
SH3BGRL	0.12588420299452277
SH3BGRL2	-0.11860969725959963
SH3BGRL3	-0.06129819980177399
SH3BP1	-0.09872208754278125
SH3BP2	0.1403528477291603
SH3BP4	-0.093753944982738
SH3BP5	0.1416603055095913
SH3BP5-AS1	0.11758117758757831
SH3BP5L	-0.13123493980804105
SH3D19	-0.03528781888009103
SH3D21	-0.209769428905921
SH3GL1	-0.0845275578208565
SH3GL1P1	0.05500431766437551
SH3GL1P2	0.05139347050609813
SH3GL1P3	-0.21021955537289996
SH3GL2	-0.17862786666573785
SH3GL3	-0.23887251778529128
SH3GLB1	0.12769222015907913
SH3GLB2	-0.2655235689075581
SH3KBP1	0.07456521089147108
SH3PXD2A	0.15440990018256717
SH3PXD2B	0.1010630091903195
SH3RF1	-0.09224398832783462
SH3RF2	-0.08019266667621579
SH3RF3	0.1813747214293311
SH3RF3-AS1	0.2577626757954637
SH3TC1	0.2502549942844798
SH3TC2	-0.05945845081298709
SH3YL1	-0.04855065255860349
SHANK1	-0.06356050050978922
SHANK2	-0.04336398690195852
SHANK2-AS1	0.07313794770650311
SHANK2-AS2	-0.18517113898073687
SHANK2-AS3	0.1630328756281662
SHANK3	0.0656086323877099
SHARPIN	-0.3494273207901138
SHB	0.027656225064429486
SHBG	-0.1830244774439281
SHC1	0.21416977352802438
SHC1P1	0.09973502314810605
SHC1P2	-0.20531853502695346
SHC2	-0.0023145559984357883
SHC3	0.09083657569145204
SHC4	0.07737604605202565
SHCBP1	0.07487660082453336
SHCBP1L	-0.15413050619646984
SHD	-0.2537550932943589
SHE	0.10194124482051241
SHF	-0.20521461623500253
SHFM1	-0.20034020160187577
SHFM1P1	-0.24994688885931376
SHH	0.3425233223441706
SHISA2	-0.05014209030470957
SHISA3	0.14168127094811545
SHISA4	-0.22606515806542224
SHISA5	0.1263617272191208
SHISA6	0.22794020287586303
SHISA7	-0.09675566213530024
SHISA8	-0.04710759815385335
SHISA9	0.20938302298338785
SHKBP1	0.22597164377886325
SHMT1	-0.12787223268426565
SHMT1P1	-0.1641814749270239
SHMT2	-0.062248816180137154
SHOC2	0.257721521722523
SHOX	-0.2213013729000846
SHOX2	-0.19433662564971635
SHPK	-0.18340421245936
SHPRH	0.16623710686130422
SHQ1	0.09367021891293216
SHROOM1	-0.22468623484619005
SHROOM2	-0.028081970812729052
SHROOM2P1	-0.013085020216282968
SHROOM3	0.03183369327695673
SHROOM4	0.2846857911563506
SI	0.054743303406201
SIAE	-0.07614294933221374
SIAH1	0.03613967047213081
SIAH1P1	-0.08558742585866502
SIAH2	0.03501304070968676
SIAH2-AS1	-0.16634879332297334
SIAH3	-0.07584994823878335
SIDT1	0.0033152095197880697
SIDT1-AS1	-0.20069576654592877
SIDT2	-0.09367029163505858
SIGIRR	-0.06115778457052698
SIGLEC1	-0.11259591431824936
SIGLEC10	0.20688768686716769
SIGLEC11	-0.17533082353698454
SIGLEC12	0.02553174258768674
SIGLEC14	0.21225392916361138
SIGLEC15	-0.2412495711795412
SIGLEC16	-0.2163835731299806
SIGLEC17P	-0.05763492171596726
SIGLEC18P	0.06021245231536189
SIGLEC19P	-0.1464355242481455
SIGLEC20P	0.14766052498393925
SIGLEC21P	0.2919218497873228
SIGLEC22P	0.08424315542133205
SIGLEC26P	-0.14009687993396686
SIGLEC27P	0.02603337963773514
SIGLEC28P	-0.1475939828417878
SIGLEC29P	0.12400110707660292
SIGLEC30P	-0.012189950894420582
SIGLEC31P	0.02603337963773514
SIGLEC5	0.26027514558470005
SIGLEC6	0.04702841713774434
SIGLEC7	0.10870100796165935
SIGLEC8	0.029928233456838753
SIGLEC9	0.13820518085630976
SIGLECL1	0.008531748790671425
SIGMAR1	-0.37920615434814137
SIK1	-0.1261120872817386
SIK2	0.1324001742517932
SIK3	0.2802902380911018
SIKE1	0.21430247514263506
SIL1	0.013945107529375474
SIM1	0.0983409968571857
SIM2	-0.2059501887520537
SIMC1	0.11080942950759506
SIN3A	0.20968357104420351
SIN3B	0.24545013140328364
SIPA1	0.211165377146074
SIPA1L1	0.28765023631950226
SIPA1L2	0.020903307648069983
SIPA1L3	0.07306358829468139
SIRPA	0.06939974114400593
SIRPAP1	0.37028381780757497
SIRPB1	0.2397042214687912
SIRPB2	0.06355879427958454
SIRPD	-0.0640662014175882
SIRPG	0.1564983183361601
SIRT1	0.2261803855454466
SIRT2	-0.04885104481547139
SIRT3	-0.0633516922768984
SIRT4	0.02017045755166262
SIRT5	-0.1767460148308847
SIRT6	-0.03447596576710504
SIRT7	-0.17983778475146509
SIT1	0.22261173500080267
SIVA1	-0.14196746402920768
SIX1	0.12423610863276377
SIX2	0.025951454332505338
SIX3	0.2304644387442327
SIX3-AS1	-0.05693572000201859
SIX4	0.35680106932747235
SIX5	-0.14396122433665204
SIX6	-0.04716133420953166
SKA1	-0.004963599217743619
SKA2	-0.06885838593338742
SKA2P1	-0.04230188313447302
SKA3	-0.08036411252382815
SKAP1	0.10944126405660416
SKAP2	0.201557027074866
SKI	0.10410372023676472
SKIDA1	-0.008762102800232319
SKIL	0.3848782607935044
SKINTL	0.19633247749295993
SKIV2L	0.08024693556799979
SKIV2L2	0.14004949734122307
SKOR1	0.08883974766004453
SKOR2	0.03731206710148902
SKP1	-0.15838967121025938
SKP1P1	-0.26645640030006434
SKP2	-0.1465732223907911
SLA	0.14906238499332047
SLA2	0.1808980158553264
SLAIN1	0.14835334934772104
SLAIN2	0.16121269408961386
SLAMF1	0.27790466821333815
SLAMF6	0.21210597278840562
SLAMF6P1	0.008374242564366037
SLAMF7	0.05895482438744056
SLAMF8	0.1642509446357738
SLAMF9	0.11238349446458566
SLBP	-0.12995197820707868
SLC10A1	-0.14212270562628865
SLC10A2	-0.015801817434483143
SLC10A3	-0.09670134808533105
SLC10A4	0.20292041587115955
SLC10A5	0.17460091205235512
SLC10A5P1	-0.07217079222069034
SLC10A6	0.17133989050903908
SLC10A7	-0.016619945955580296
SLC11A1	0.2063641486349853
SLC11A2	0.024305516920883466
SLC12A1	0.0869184898085248
SLC12A2	0.06130866777063988
SLC12A3	0.18028791557091514
SLC12A4	0.09370259590878088
SLC12A5	0.03821484513568863
SLC12A6	0.33632730109477427
SLC12A7	0.044551980541257766
SLC12A8	0.03030479367317021
SLC12A9	0.041278844066169086
SLC13A1	0.040719202850635294
SLC13A2	-0.23362397576366087
SLC13A3	-0.06574331478044096
SLC13A4	-0.15315329735864716
SLC13A5	0.1409052342682843
SLC14A1	-0.09069448748422465
SLC14A2	-0.009540581007047095
SLC15A1	-0.11827251179349632
SLC15A2	-0.0446220799451161
SLC15A3	0.07000977039828624
SLC15A4	0.12254086679908778
SLC15A5	-0.1723583938123454
SLC16A1	-0.19621845830386628
SLC16A10	-0.00887147310101279
SLC16A11	0.0006142063576913988
SLC16A12	0.03961042948559762
SLC16A13	-0.12301234683537048
SLC16A14	0.029397481792294615
SLC16A14P1	0.1452748335386309
SLC16A1P1	-0.18388159150511996
SLC16A2	0.1397748139415477
SLC16A3	-0.0371640316444643
SLC16A4	-0.13440139080359154
SLC16A5	-0.2598267757334571
SLC16A6	0.1054165348177742
SLC16A6P1	0.06410738824238792
SLC16A7	0.26540443772764993
SLC16A8	0.14265745431629276
SLC16A9	0.02638430827951073
SLC17A1	0.010049874264334612
SLC17A2	-0.10159211189642749
SLC17A3	0.07350048693717265
SLC17A4	-0.19734411411590239
SLC17A5	0.027490483789562224
SLC17A6	0.25403645714058815
SLC17A7	-0.2857046575119956
SLC17A8	0.00840708789665621
SLC17A9	-0.01864969311879455
SLC18A1	0.14669266852661544
SLC18A2	0.10638471036967259
SLC18A3	-0.0835617113734064
SLC18B1	-0.09222584936661958
SLC19A1	-0.030299067579373996
SLC19A2	0.020787298872407167
SLC19A3	-0.26336876430864725
SLC1A1	-0.03407700936962133
SLC1A2	0.1950541034188407
SLC1A3	0.07133429784366999
SLC1A4	-0.07792231756729114
SLC1A5	-0.17109672734714534
SLC1A6	-0.0839683956646601
SLC1A7	-0.17684045558452344
SLC20A1	-0.013706546474591437
SLC20A1P1	0.25381674323603204
SLC20A1P2	-0.005624354190250816
SLC20A1P3	0.2570122437688641
SLC20A2	-0.11671324324601086
SLC22A1	0.30445331740095505
SLC22A10	0.1624006729933409
SLC22A11	0.06843209207316935
SLC22A12	0.07600522408556991
SLC22A13	0.009062368871489285
SLC22A14	0.1264387157094278
SLC22A15	0.1668760665695183
SLC22A16	-0.12505461799697595
SLC22A17	0.0033581376944697636
SLC22A18	-0.13334915641973144
SLC22A18AS	-0.14995499725798458
SLC22A2	-0.1340250186666625
SLC22A20	0.06348684435169566
SLC22A23	-0.16135510846495074
SLC22A24	0.02704968703628065
SLC22A25	0.051490380936857816
SLC22A3	0.0972653497396537
SLC22A31	-0.0869193654488963
SLC22A4	-0.1111216476657625
SLC22A5	-0.18216324616578186
SLC22A6	0.19219051904298773
SLC22A7	-0.20891091543810847
SLC22A8	0.20051888040504906
SLC22A9	0.24984586747819995
SLC23A1	-0.05029035410777617
SLC23A2	0.15395830237681193
SLC23A3	-0.09165854410477177
SLC24A1	0.07497343085430622
SLC24A2	-0.0658464138177576
SLC24A3	-0.033947034105541944
SLC24A4	0.15526095712724053
SLC24A5	0.1356564588067188
SLC25A1	-0.13130599618427033
SLC25A10	-0.2470026547451035
SLC25A11	-0.2607182801418857
SLC25A12	-0.09008485101258235
SLC25A13	-0.15577601066997646
SLC25A14	-0.22365756426883204
SLC25A14P1	0.06590880019093084
SLC25A15	-0.026873957468530076
SLC25A15P1	-0.277378425009519
SLC25A15P2	0.11601127576824048
SLC25A15P3	-0.12067790180036597
SLC25A15P4	-0.13821152687279772
SLC25A15P5	-0.23344911859497566
SLC25A16	-0.1606772735528726
SLC25A17	0.2209063415995961
SLC25A18	0.0232518144884928
SLC25A18P1	-0.12913790227528038
SLC25A19	0.15834601733737963
SLC25A1P1	0.05456918479799181
SLC25A1P2	0.08313826925816467
SLC25A1P3	0.22246050028275735
SLC25A1P4	-0.1537785074576505
SLC25A1P5	-0.029347781891940476
SLC25A2	-0.006736057379891229
SLC25A20	-0.2125194267913213
SLC25A20P1	-0.03912735106875333
SLC25A21	-0.22586908385380314
SLC25A21-AS1	-0.16732891209575088
SLC25A22	-0.06523233606485362
SLC25A23	-0.1329199159531431
SLC25A24	0.017020664871442714
SLC25A24P1	0.23697427875070332
SLC25A24P2	-0.08256493397353934
SLC25A25	-0.07782208065235553
SLC25A26	-0.3333689358788695
SLC25A27	-0.18135520066893623
SLC25A28	-0.0750824248539893
SLC25A29	0.20314349583295574
SLC25A3	-0.21749385811734462
SLC25A30	0.09942881693891631
SLC25A30-AS1	-0.19248532745019017
SLC25A31	0.07059677899686581
SLC25A32	0.2361225632526021
SLC25A33	-0.05457390843196461
SLC25A34	-0.14429091857829837
SLC25A35	-0.36196363452106195
SLC25A36	0.03448829153700298
SLC25A36P1	-0.0979048147486855
SLC25A37	0.1994410821595029
SLC25A38	-0.15513008436796216
SLC25A38P1	-0.17483366204729386
SLC25A39	-0.2665511277078059
SLC25A39P1	-0.18311505468582748
SLC25A39P2	-0.08909142490745013
SLC25A3P1	-0.1913394140781393
SLC25A3P2	-0.30194227228669124
SLC25A4	-0.28611013692300236
SLC25A40	0.04383025921105465
SLC25A41	-0.09345393349895777
SLC25A42	-0.15745017252985416
SLC25A43	-0.3130407359220529
SLC25A44	-0.021009581525822437
SLC25A45	-0.04120939090768607
SLC25A46	0.09922670576532697
SLC25A47	0.10377810103750233
SLC25A47P1	0.06731300206581735
SLC25A48	-0.06456658594158188
SLC25A5	-0.2687968875351034
SLC25A5-AS1	-0.11522801598617118
SLC25A51	0.10320509991941593
SLC25A51P1	0.11125079822559458
SLC25A51P2	0.26655575737926757
SLC25A51P3	-0.1455497608860771
SLC25A52	0.09149770588446016
SLC25A53	0.32367226706035146
SLC25A5P1	-0.2728304837282214
SLC25A5P2	-0.34682598624567473
SLC25A5P3	-0.31230379805506453
SLC25A5P4	-0.10821122506978681
SLC25A5P5	-0.2298308414280289
SLC25A5P6	-0.3977797460407489
SLC25A5P7	-0.3461687068389646
SLC25A5P8	-0.28867079453898387
SLC25A5P9	-0.02047694818725513
SLC25A6	-0.19297713258475407
SLC25A6P1	0.02597353146874785
SLC25A6P2	-0.27799876599108453
SLC25A6P3	0.2711754249137436
SLC25A6P4	-0.1957741667257631
SLC25A6P5	-0.1636116720494598
SLC25A6P6	0.10656476774357872
SLC26A1	-0.11178168884744583
SLC26A10	-0.11362262640270389
SLC26A11	-0.006428103454738486
SLC26A2	-0.1455526700322151
SLC26A3	-0.038162400554031674
SLC26A4	-0.03545451679798274
SLC26A4-AS1	-0.033393593820827225
SLC26A5	-0.06418757670509248
SLC26A6	-0.31663206494563645
SLC26A7	0.02832004204978498
SLC26A8	0.150688346662678
SLC26A9	0.07203335211919439
SLC27A1	0.02665734985451366
SLC27A2	-0.07727546475306882
SLC27A3	-0.21671003904545588
SLC27A4	-0.21594718617991343
SLC27A5	-0.25905820952514164
SLC27A6	-0.238539236778215
SLC28A1	-0.11143414237227396
SLC28A2	-0.04257002480247947
SLC28A3	0.21125285048376669
SLC29A1	-0.08004629917268119
SLC29A2	-0.0870079361416095
SLC29A3	-0.029478873934049653
SLC29A4	-0.17721316813201035
SLC29A4P1	-0.1267615541612328
SLC29A4P2	-0.004577785044673102
SLC2A1	0.20709010863251778
SLC2A1-AS1	0.11014980111725425
SLC2A10	0.06572519403110307
SLC2A11	-0.09943176372600371
SLC2A12	-0.05270676760084663
SLC2A13	0.2061505246119193
SLC2A13P1	-0.1718101885523261
SLC2A14	0.1437641818765714
SLC2A2	0.05419220998640983
SLC2A3	0.17006424626574496
SLC2A3P1	
SLC2A3P2	0.03258564118900478
SLC2A3P4	0.024376924692030184
SLC2A4	-0.3836321539670984
SLC2A4RG	-0.1486897318306396
SLC2A5	-0.06794489392027171
SLC2A6	0.15140467322344942
SLC2A7	-0.2388065765016264
SLC2A8	-0.30168941698491303
SLC2A9	-0.10628275222825488
SLC30A1	0.1511060277690923
SLC30A10	-0.13624505199928125
SLC30A2	0.15007370353747665
SLC30A3	0.2169402397588655
SLC30A4	-0.015149872740021579
SLC30A5	-0.05314530603653047
SLC30A6	0.20076066017366914
SLC30A7	0.3510108229034641
SLC30A8	-0.16448890769045021
SLC30A9	-0.09109159621110964
SLC31A1	0.08503867527508131
SLC31A1P1	0.07450015225204318
SLC31A2	0.14134962413599092
SLC32A1	0.05885316289843743
SLC33A1	0.19205148754852586
SLC34A1	0.11698224708359216
SLC34A2	-0.134512409195311
SLC34A3	-0.23877606004810878
SLC35A1	-0.13896814887537073
SLC35A2	-0.12639551317824116
SLC35A3	-0.0692752460381803
SLC35A4	-0.14196931626107218
SLC35A5	0.0953204740121164
SLC35B1	-0.10238186616623599
SLC35B2	-0.18727799217395177
SLC35B3	-0.06759991402107914
SLC35B4	0.20293077377486296
SLC35C1	0.10594847136463884
SLC35C2	-0.11646056146545626
SLC35D1	0.039597693393464216
SLC35D2	-0.04659137459272596
SLC35D3	0.267066280915586
SLC35E1	0.24664163865578617
SLC35E1P1	0.02225696931363611
SLC35E2	0.21256966584359668
SLC35E2B	0.15602113938452
SLC35E3	-0.1533566936660316
SLC35E4	-0.02123858009928284
SLC35F1	0.07423445247965788
SLC35F2	0.04725499788784579
SLC35F3	0.00786393462615159
SLC35F4	-0.29850257275240993
SLC35F5	0.12408992541904552
SLC35F6	3.234836354841644e-05
SLC35G1	-0.34070311857620106
SLC35G2	0.07207863831166174
SLC35G3	-0.15796667909716272
SLC35G5	-0.1466789384865906
SLC35G6	-0.21829304001833746
SLC36A1	-0.10202871210778296
SLC36A2	0.062196002984612093
SLC36A3	0.14039089351157757
SLC36A4	0.04372196513331649
SLC37A1	0.10637539843340074
SLC37A2	0.047899147526918616
SLC37A3	-0.07467126178686513
SLC37A4	-0.097260456762982
SLC38A1	0.27709984086125306
SLC38A10	0.13271588634638254
SLC38A11	0.04233506958704375
SLC38A2	0.15858021142339063
SLC38A3	-0.15058545810833204
SLC38A4	-0.17778396862809473
SLC38A5	-0.13097342230339964
SLC38A6	-0.09879436852993871
SLC38A7	0.011979664431800145
SLC38A8	-0.0018882252560267353
SLC38A9	-0.04399999075409324
SLC39A1	-0.1483834786347902
SLC39A10	0.1656694482096467
SLC39A11	-0.05163988771600597
SLC39A12	-0.3118561499007842
SLC39A12-AS1	0.20918310324134368
SLC39A13	-0.07375238445882625
SLC39A14	0.06107340265206141
SLC39A2	-0.22806688498011668
SLC39A3	-0.004064191395314906
SLC39A4	-0.21116253082220685
SLC39A5	-0.12507286702083723
SLC39A6	0.1761569801944363
SLC39A7	-0.2095162854056261
SLC39A8	0.015080331635793216
SLC39A9	0.09445152316551202
SLC3A1	-0.019092306211604456
SLC3A2	0.0014930855185678494
SLC40A1	0.12050418609816475
SLC41A1	0.3083256205698217
SLC41A2	-0.010721502339541084
SLC41A3	-0.16453673634842755
SLC43A1	-0.16349107387545422
SLC43A2	-0.06431599058041564
SLC43A3	0.2268570226144606
SLC44A1	-0.05996076361390131
SLC44A2	0.13168524716240504
SLC44A3	-0.20987034695039133
SLC44A4	-0.07621613420779896
SLC44A5	-0.09378158230944204
SLC45A1	-0.09869986823111167
SLC45A2	-0.2568524961495958
SLC45A3	-0.03107289958226064
SLC45A4	0.059307904788167526
SLC46A1	-0.1434426479398927
SLC46A2	0.025022046618081228
SLC46A3	-0.04131712301337865
SLC47A1	-0.15210145439498352
SLC47A2	-0.2665800596251354
SLC48A1	-0.16539430766683647
SLC4A1	-0.08016613135722254
SLC4A10	-0.22328425135925614
SLC4A11	-0.01132011039057652
SLC4A1AP	0.1577283538325006
SLC4A2	-0.05246725970119504
SLC4A3	-0.024649832316288117
SLC4A4	0.013470155587814621
SLC4A5	-0.08001794680299608
SLC4A7	0.09435556938866885
SLC4A8	0.3230292895864313
SLC4A9	0.01622153956067122
SLC50A1	-0.22527657169463983
SLC51A	-0.26072340942330174
SLC51B	-0.28837916266558905
SLC52A1	-0.17965058007524187
SLC52A2	-0.03619934336577575
SLC52A3	-0.07209629571131894
SLC5A1	-0.0071864073192785885
SLC5A10	-0.2601771730445059
SLC5A11	-0.007056801798554261
SLC5A12	0.005116964622918677
SLC5A2	-0.08405989340286892
SLC5A3	0.19782094442297934
SLC5A4	-0.1718740949402023
SLC5A4P1	-0.07243224673845453
SLC5A5	0.01136944800238744
SLC5A6	-0.19397980459082628
SLC5A7	-0.10363039413925103
SLC5A8	0.04775226179936976
SLC5A9	-0.017839015379105955
SLC6A1	-0.1845325413392106
SLC6A1-AS1	-0.12032530028877877
SLC6A10P	-0.23144679263170048
SLC6A11	-0.11626157857721017
SLC6A12	-0.08646537986992334
SLC6A13	-0.0057460101003521565
SLC6A14	0.18868710346215148
SLC6A15	-0.07275361400822979
SLC6A16	0.21507857085374107
SLC6A17	0.13435713945001962
SLC6A18	0.004640127271597324
SLC6A19	-0.08169914666914951
SLC6A2	0.09443792133628705
SLC6A20	0.05757825311528122
SLC6A21P	0.03089735996954621
SLC6A3	0.2291236732363342
SLC6A4	-0.047211418515857737
SLC6A5	0.11717744066728127
SLC6A6	0.11508547264192266
SLC6A6P1	-0.22237923526686354
SLC6A7	-0.2887115290938763
SLC6A8	-0.04871568987501211
SLC6A9	0.0075277704565603855
SLC7A1	0.24464917447403045
SLC7A10	0.1947437165494212
SLC7A11	0.29839112080943664
SLC7A11-AS1	-0.036486088584558964
SLC7A13	-0.15756702116698523
SLC7A14	0.11840793470470853
SLC7A15P	0.1064892223556038
SLC7A2	0.1476513375570585
SLC7A3	-0.21810315063508773
SLC7A4	-0.17374414395849616
SLC7A5	0.2506395838474799
SLC7A5P1	-0.14268229596861587
SLC7A5P2	
SLC7A6	0.3147946902965967
SLC7A6OS	0.12544317584480214
SLC7A7	-0.02791263983031532
SLC7A8	-0.209662520171727
SLC7A9	-0.015584175814188708
SLC8A1	0.008063105963239581
SLC8A1-AS1	-0.17446406696621505
SLC8A2	-0.2664228126262919
SLC8A3	0.1259508142806376
SLC8B1	0.09742531612389756
SLC9A1	-0.1544529366114012
SLC9A2	-0.1714901786899476
SLC9A3	0.02271489105060844
SLC9A3P1	0.04392530592589461
SLC9A3P2	-0.0992773275067105
SLC9A3P3	0.1707884355962141
SLC9A3P4	-0.1617127084245253
SLC9A3R1	-0.16525464495603165
SLC9A3R2	-0.16222587792216672
SLC9A4	-0.408291767530677
SLC9A5	-0.24159715973783583
SLC9A6	0.07140222863636694
SLC9A7	0.28122425763848014
SLC9A7P1	0.1901930318515158
SLC9A8	-0.03845770225519231
SLC9A9	0.10778064667475586
SLC9A9-AS1	0.01998337233486944
SLC9A9-AS2	0.05554838843071625
SLC9B1	0.177234253226526
SLC9B1P1	-0.0958210933220306
SLC9B1P2	-0.038684826110553176
SLC9B1P3	-0.008967050010602105
SLC9B1P4	0.005230344653645533
SLC9B2	0.18726689703111618
SLC9C1	0.11816277428310892
SLC9C2	0.12015305883094252
SLCO1A2	-0.15954823720304503
SLCO1B1	0.11412254273914693
SLCO1B3	0.02548780532853472
SLCO1B7	0.2734575775890524
SLCO1C1	-0.14067348394230325
SLCO2A1	0.2536741595120728
SLCO2B1	-0.018345685881074887
SLCO3A1	0.23080446392199902
SLCO4A1	0.029868219496750073
SLCO4C1	0.07709436653291549
SLCO5A1	0.3202239775277893
SLCO6A1	-0.2523347252680854
SLFN11	0.29743630826581746
SLFN12	0.341327016501715
SLFN12L	0.25872227203108106
SLFN13	0.3338600338279738
SLFN14	-0.10805267579486123
SLFN5	0.23881622161651325
SLFNL1	-0.2789523793655243
SLIRP	-0.08558656129865774
SLIT1	0.2864148918015632
SLIT2	-0.0019100537883687603
SLIT2-IT1	-0.333193735256817
SLIT3	-0.26254853706995135
SLITRK1	0.14739387025893286
SLITRK2	-0.12464406776427502
SLITRK3	-0.12638164635254376
SLITRK4	-0.1256473129116664
SLITRK5	-0.17880402989345473
SLITRK6	-0.0787092944151511
SLK	0.3034563292854738
SLMAP	0.10247918756948908
SLMO1	0.010573146071881688
SLMO2	-0.17595920528208456
SLMO2P1	-0.22190062994794585
SLMO2P2	-0.10501886117625645
SLMO2P3	-0.4430611640028481
SLN	-0.017675936811334305
SLPI	0.11853830614080708
SLTM	0.108673547080496
SLU7	0.21882536065399807
SLURP1	0.05594396146643357
SLX1A	0.06683663969353501
SLX1A-SULT1A3	
SLX1B	-0.16785748640494588
SLX1B-SULT1A4	
SLX4	0.2459188108424251
SLX4IP	0.2558817466044852
SMAD1	0.20652872493987962
SMAD2	0.1538085737761771
SMAD3	0.2457025972639433
SMAD4	0.00885583523073319
SMAD5	0.24192290428980556
SMAD5-AS1	0.12221236953652653
SMAD6	-0.27423305241448165
SMAD7	-0.22316564697305794
SMAD9	-0.33097005100821836
SMAD9-AS1	-0.21925537161978045
SMAGP	-0.2869777511346314
SMAP1	-0.07613207411742998
SMAP2	0.054243745731285896
SMARCA1	0.14736215691749488
SMARCA2	0.11672926799249789
SMARCA4	0.1318855520635351
SMARCA5	0.2991001450473082
SMARCA5-AS1	-0.07242139831312149
SMARCAD1	0.24331588931774487
SMARCAL1	0.16083724729879645
SMARCB1	-0.12521784443256692
SMARCC1	0.2523341185069693
SMARCC2	0.1814985291362207
SMARCD1	0.2233618794463184
SMARCD2	-0.14324015237706847
SMARCD3	-0.07471212711170469
SMARCE1	-0.1443304489534427
SMARCE1P1	-0.22001491979561358
SMARCE1P2	-0.3040038492685182
SMARCE1P4	0.198246819404004
SMARCE1P5	-0.31526447065107527
SMARCE1P6	-0.1742031184736065
SMC1A	0.19285403862335848
SMC1B	0.21857014099570082
SMC2	-0.03347590650552736
SMC3	0.14050238535938953
SMC4	0.09228820323219708
SMC5	0.1139470673100181
SMC5-AS1	-0.034168316353254104
SMC6	0.20754992281379658
SMCHD1	0.184776055783381
SMCO1	0.43482941583402224
SMCO2	0.2808117347055815
SMCO3	0.06439377153866267
SMCO4	-0.0826954444219302
SMCP	-0.013024402692949336
SMCR2	0.21386632895566482
SMCR5	0.23214579397639798
SMCR8	0.34308169466967114
SMDT1	-0.10656522122720768
SMEK1	0.23944159449994443
SMEK2	0.12492500120975367
SMEK3P	-0.259993363028059
SMG1	0.3180049449138744
SMG1P1	-0.0463725621940583
SMG5	0.2527564310203389
SMG6	0.3659455331663216
SMG7	0.3624434841900884
SMG7-AS1	0.026337187554165403
SMG8	0.37059346481186156
SMG9	0.09315415943326011
SMIM1	0.16570958411417921
SMIM10	-0.08204035963908103
SMIM11	-0.18927842946417495
SMIM11P1	0.0010977543507708634
SMIM12	-0.13366313127488208
SMIM13	0.06036176452823699
SMIM14	0.0003084082158655041
SMIM15	-0.024819455539536444
SMIM17	-0.20337793325294987
SMIM18	0.17340443286312907
SMIM19	-0.2202598678682462
SMIM2	0.10040826104436852
SMIM2-AS1	-0.06038437717983063
SMIM2-IT1	0.12741412233899593
SMIM20	-0.3422794345654901
SMIM21	0.02204069345742039
SMIM22	-0.005598852272598988
SMIM3	0.2273978605139398
SMIM4	-0.2933896978376316
SMIM5	-0.22932764917845294
SMIM6	-0.14983873753383245
SMIM7	0.17616690242260355
SMIM8	-0.1355933450740555
SMIM9	-0.10198155784889755
SMKR1	0.04547794550392491
SMLR1	-0.056907267043287954
SMN1	-0.06163747004606772
SMN2	0.22469286684122786
SMNDC1	0.14038749314663418
SMO	0.14074382766128213
SMOC1	-0.0035760624912862067
SMOC2	0.15887229487345123
SMOX	0.3161865252049273
SMPD1	0.07498240131583535
SMPD2	0.06248555475614697
SMPD3	-0.03925073017247275
SMPD4	0.07259810484086984
SMPD4P1	0.09621830694041487
SMPD4P2	-0.21195215283578864
SMPDL3A	-0.09087590214822604
SMPDL3B	-0.1806461954139703
SMPX	-0.02928679962264643
SMR3A	-0.010097459861480295
SMR3B	-0.2815842570654674
SMS	-0.12483781192286156
SMTN	-0.2738341754264656
SMTNL1	-0.045375905319983374
SMTNL2	0.038723444947932284
SMU1	0.2754299573427665
SMUG1	0.0997130740653294
SMURF1	0.48956962492677913
SMURF2	0.12606940378955322
SMURF2P1	0.10207635219425475
SMYD1	0.012421448773104533
SMYD2	-0.06184105233946257
SMYD3	-0.014031814932114263
SMYD3-IT1	-0.22312171625205565
SMYD4	0.056836482292385554
SMYD5	-0.1289637599470619
SNAI1	0.07420653920403102
SNAI1P1	0.21595774581493346
SNAI2	-0.2425945333939747
SNAI3	0.014414502738057944
SNAI3-AS1	0.07852481891592164
SNAP23	0.2104301185009636
SNAP23P	-0.0920177386930897
SNAP25	0.18300502067976337
SNAP25-AS1	0.2415072565445945
SNAP29	-0.03624644071794394
SNAP47	0.13153332989913755
SNAP47-AS1	0.10828029007680155
SNAP91	0.1088667429740005
SNAPC1	0.28038610863152574
SNAPC2	-0.19360991295439806
SNAPC3	-0.05631877446342597
SNAPC4	0.17517235146003737
SNAPC5	-0.14948519984070635
SNAPC5P1	
SNAPIN	0.17503875838854668
SNCA	-0.016394566055772327
SNCAIP	0.20250771301845122
SNCB	0.17281470476400143
SNCG	-0.25651599193069785
SND1	-0.1022719269362489
SNED1	0.09834908198188726
SNF8	-0.13383341485280456
SNHG1	-0.11169434577139643
SNHG10	-0.17486185999290424
SNHG11	-0.22388221096699193
SNHG12	-0.15818793131105474
SNHG14	0.13239960320300095
SNHG15	-0.025629518618372777
SNHG16	-0.12545016350291005
SNHG17	-0.26532587825115733
SNHG18	0.09874330493916855
SNHG3	-0.20858418894817327
SNHG5	0.15298501383020793
SNHG6	-0.1237208969651507
SNHG7	-0.03545387134278838
SNHG8	-0.34586354536459535
SNHG9	-0.274945864007408
SNIP1	0.3439768093522055
SNN	0.3047404089550594
SNORA1	-0.09835926331626241
SNORA10	
SNORA11	-0.09820265616513241
SNORA11B	-0.10202365507603432
SNORA11C	0.16856020591942544
SNORA11D	
SNORA11E	
SNORA12	-0.0789800228320613
SNORA13	-0.12458751902779563
SNORA14A	-0.21005707856827463
SNORA14B	0.040906261815884644
SNORA15	-0.24038591301453924
SNORA16B	0.18721259832108905
SNORA17	-0.008967050010602105
SNORA18	-0.23389444940653425
SNORA19	-0.20138823293493643
SNORA20	-0.23862631075421803
SNORA21	
SNORA22	0.3061824784964361
SNORA23	-0.2835877861319341
SNORA24	0.29995449629709975
SNORA25	0.13696012112624126
SNORA26	0.11712764474839857
SNORA27	-0.13625801895729767
SNORA28	0.03424789529422359
SNORA29	
SNORA2A	0.04036430800151259
SNORA2B	0.008218232760968598
SNORA3	-0.10548026185008219
SNORA30	-0.043670702197036095
SNORA31	-0.2296170192986322
SNORA32	-0.2682626353986454
SNORA33	0.02779992197970073
SNORA34	0.3204997574374189
SNORA35	0.029129852614404265
SNORA36A	
SNORA36B	-0.28751429574575155
SNORA36C	-0.31184392376349
SNORA37	-0.29463347130692286
SNORA38	-0.1430540787236531
SNORA38B	-0.057704452165823025
SNORA4	0.23854584504798054
SNORA40	0.17100172812120026
SNORA41	0.21500930760506143
SNORA42	0.14880149708925774
SNORA43	0.040462401198115
SNORA44	
SNORA45	-0.2550085395188068
SNORA46	0.093273405571
SNORA47	-0.03713911169812834
SNORA48	-0.17802489312860667
SNORA49	0.09446466166073429
SNORA50	0.21460633874854743
SNORA51	-0.06150955363187084
SNORA52	
SNORA53	0.2041020527732054
SNORA54	-0.12864205010117538
SNORA55	0.1407698515461615
SNORA56	
SNORA57	-0.2524292363367054
SNORA58	0.11158206471379681
SNORA59A	-0.16675717224590533
SNORA59B	-0.01647361941049899
SNORA5A	-0.08989376009336272
SNORA5B	
SNORA5C	0.21202294895005078
SNORA6	
SNORA60	-0.3189574086075261
SNORA62	-0.07006976415319935
SNORA63	-0.13397522233935344
SNORA64	0.24665471777680886
SNORA65	-0.13723115061881552
SNORA66	-0.2404683508072826
SNORA67	0.0931566902304877
SNORA68	-0.13892536362640154
SNORA69	0.2632779271986179
SNORA70	-0.08564217642712646
SNORA70B	-0.16744705990366918
SNORA70C	
SNORA70D	0.05821341905233238
SNORA70E	
SNORA70F	0.07440040299370666
SNORA70G	
SNORA71A	0.08319885695030058
SNORA71B	0.07220721159288512
SNORA71C	-0.0518309930602027
SNORA71D	-0.16894003840631075
SNORA72	0.1528949801659115
SNORA73	-0.11278899764135794
SNORA73B	0.02311663764988237
SNORA74	0.3155058308922589
SNORA74A	0.310117074771401
SNORA74B	0.2821896026319075
SNORA75	0.04995049024116443
SNORA76	-0.25542263425619394
SNORA77	0.21683883943806018
SNORA79	0.02361360308154322
SNORA7A	
SNORA7B	-0.055912464393385354
SNORA8	-0.19816454362198913
SNORA80	0.1303788604545347
SNORA80B	-0.017713230479494867
SNORA81	-0.15195140295880746
SNORA84	0.16245995327398527
SNORA9	0.1950398464766104
SNORD10	
SNORD100	0.07633508097148205
SNORD101	0.045622322372460826
SNORD102	
SNORD103A	0.07100070054976529
SNORD103B	0.16306815731558758
SNORD104	-0.3103244308367381
SNORD105	-0.06926187737282719
SNORD105B	-0.29539032829625195
SNORD108	0.362482292859257
SNORD109A	0.37409373898010695
SNORD109B	-0.009356766588749904
SNORD11	-0.13967518180175229
SNORD110	
SNORD111	-0.03243908238339988
SNORD111B	0.09895034132519148
SNORD112	-0.03582246491980444
SNORD113-1	0.24445067386016292
SNORD113-2	-0.18623046484940525
SNORD113-3	-0.021606708842720094
SNORD113-4	-0.09200824250858075
SNORD113-5	
SNORD113-6	
SNORD113-7	
SNORD113-8	0.2328316202457033
SNORD113-9	0.058496651695031376
SNORD114-1	0.059649385216887195
SNORD114-10	-0.19614161732580998
SNORD114-11	-0.04658583889718492
SNORD114-12	-0.2349314124202479
SNORD114-13	-0.12902718117359807
SNORD114-14	-0.057756765656687824
SNORD114-15	
SNORD114-16	
SNORD114-17	0.08807197274507904
SNORD114-18	
SNORD114-19	
SNORD114-2	-0.041285502512003885
SNORD114-20	
SNORD114-21	-0.09356945385311216
SNORD114-22	-0.008967050010602105
SNORD114-23	
SNORD114-24	-0.041285502512003885
SNORD114-25	0.035899393991165346
SNORD114-26	-0.23344911859497566
SNORD114-27	
SNORD114-28	-0.16170673095150628
SNORD114-29	
SNORD114-3	-0.020798567365412513
SNORD114-30	-0.1475939828417878
SNORD114-31	
SNORD114-4	
SNORD114-5	
SNORD114-6	
SNORD114-7	0.28053452153389247
SNORD114-9	
SNORD115-1	
SNORD115-10	
SNORD115-11	
SNORD115-12	
SNORD115-14	
SNORD115-15	
SNORD115-16	
SNORD115-17	
SNORD115-18	
SNORD115-19	
SNORD115-2	
SNORD115-20	
SNORD115-21	
SNORD115-22	
SNORD115-23	-0.23344911859497566
SNORD115-24	
SNORD115-25	
SNORD115-27	
SNORD115-28	
SNORD115-29	
SNORD115-3	0.01586933788838595
SNORD115-30	
SNORD115-31	
SNORD115-32	-0.16170673095150628
SNORD115-33	-0.10501886117625645
SNORD115-34	
SNORD115-35	
SNORD115-36	
SNORD115-37	
SNORD115-38	
SNORD115-39	
SNORD115-4	
SNORD115-40	
SNORD115-41	
SNORD115-42	
SNORD115-43	
SNORD115-44	
SNORD115-45	
SNORD115-47	
SNORD115-48	
SNORD115-5	
SNORD115-6	
SNORD115-8	
SNORD115-9	
SNORD116-1	-0.0892564391481322
SNORD116-10	-0.2068024983703802
SNORD116-11	
SNORD116-12	-0.039863080720728784
SNORD116-13	-0.26084916041319806
SNORD116-14	-0.03453461319078094
SNORD116-15	-0.18256532942565393
SNORD116-16	-0.10554639821059723
SNORD116-17	-0.0485976851786298
SNORD116-18	-0.3065459714636467
SNORD116-19	0.11034390492827988
SNORD116-2	-0.15297313882860858
SNORD116-20	0.13466523217566834
SNORD116-23	-0.05957367635842857
SNORD116-24	0.2541347442825502
SNORD116-25	-0.1448359123377927
SNORD116-26	0.04859647975565791
SNORD116-27	-0.22548845716283977
SNORD116-29	-0.3184000264578226
SNORD116-3	0.19678427974226223
SNORD116-30	
SNORD116-5	-0.05121204953227317
SNORD116-6	-0.022228627117297915
SNORD116-7	-0.051137832618143954
SNORD116-8	-0.08101413587161299
SNORD116-9	0.18247423323217996
SNORD117	-0.08122874619711062
SNORD118	
SNORD119	0.0846784259285048
SNORD11B	0.058944360918287184
SNORD12	0.09429944693838435
SNORD121A	0.4114578504223737
SNORD121B	0.08121095183437102
SNORD123	-0.2482503440520077
SNORD124	-0.11441206652385008
SNORD125	0.008904976211416738
SNORD126	-0.23344911859497566
SNORD127	-0.11311488016583178
SNORD12B	-0.11740203168175908
SNORD12C	0.192527717287505
SNORD13	-0.3030365022047674
SNORD14	0.058496651695031376
SNORD14A	-0.04645762157705727
SNORD14B	
SNORD14C	
SNORD14D	
SNORD14E	-0.01851854365421097
SNORD15A	-0.11195614921752627
SNORD15B	-0.04210172554049589
SNORD16	
SNORD17	-0.2580384579854599
SNORD18A	
SNORD18B	
SNORD18C	
SNORD19	0.060814229532983266
SNORD19B	-0.13937275447054773
SNORD1B	-0.23425281856789612
SNORD2	
SNORD20	-0.1386060941694652
SNORD21	
SNORD22	
SNORD23	
SNORD24	
SNORD27	-0.13349001380290199
SNORD28	-0.0010407187690756096
SNORD29	0.035899393991165346
SNORD30	
SNORD31	-0.04393865143812509
SNORD32A	
SNORD32B	
SNORD33	
SNORD34	
SNORD35A	
SNORD35B	
SNORD36A	
SNORD36B	
SNORD36C	
SNORD37	-0.1769263504069171
SNORD38A	
SNORD38B	
SNORD39	0.19033594246185723
SNORD3A	0.08609741315859853
SNORD3B-1	-0.1484543738562477
SNORD3B-2	-0.3634977799183439
SNORD3C	-0.23679457094802764
SNORD3D	-0.15951820615771758
SNORD41	-0.2503150036244688
SNORD42A	
SNORD42B	
SNORD43	0.01586933788838595
SNORD44	
SNORD45A	
SNORD45B	
SNORD45C	
SNORD46	-0.046966161695136066
SNORD48	-0.008967050010602105
SNORD4A	-0.09589007977648083
SNORD4B	
SNORD5	-0.18623046484940525
SNORD51	0.06764439885249818
SNORD52	
SNORD53	-0.1730260162327583
SNORD54	
SNORD55	
SNORD56	0.027579981032785136
SNORD56B	
SNORD57	
SNORD58A	
SNORD58B	
SNORD58C	
SNORD59A	-0.10253033498180865
SNORD6	-0.06334443884536917
SNORD60	-0.24188373209773237
SNORD61	0.035899393991165346
SNORD62A	0.04589365866364671
SNORD62B	-0.07923480586536862
SNORD63	-0.09747586095975919
SNORD64	0.41050721386035804
SNORD65	
SNORD66	-0.2224731647919706
SNORD67	-0.046627898930536704
SNORD68	
SNORD69	-0.19994900022331213
SNORD7	-0.09468330875308754
SNORD70	-0.1845800906267485
SNORD71	-0.05083983817985967
SNORD72	0.34320735146722237
SNORD73A	
SNORD74	-0.20509185045038816
SNORD75	0.20113953736829668
SNORD77	-0.08963703357429827
SNORD78	-0.06823485740403643
SNORD79	
SNORD8	-0.014076675371768148
SNORD81	
SNORD82	0.10656476774357872
SNORD83A	-0.11145844481600284
SNORD83B	
SNORD84	
SNORD85	-0.04356339071214984
SNORD86	
SNORD87	
SNORD88A	-0.4531356718113392
SNORD88B	
SNORD88C	
SNORD89	-0.23725139485370322
SNORD9	0.12186224759417509
SNORD90	0.035899393991165346
SNORD91A	0.1776357725852702
SNORD91B	-0.06243027772875339
SNORD92	-0.008967050010602105
SNORD93	0.24937813887892335
SNORD94	-0.183857664001475
SNORD95	
SNORD96A	
SNORD96B	-0.10605887432974606
SNORD97	-0.03325912453167606
SNORD98	
SNORD99	-0.30535758260532003
SNPH	0.3125732702673146
SNRK	0.2129071278589848
SNRK-AS1	-0.1629210090853987
SNRNP200	0.2298442971285113
SNRNP25	-0.24727452042716896
SNRNP27	-0.09215481004994121
SNRNP35	-0.029460880869969
SNRNP40	-0.12738395804800529
SNRNP48	0.11459010639841788
SNRNP70	-0.17419723672476117
SNRPA	-0.17109013852839053
SNRPA1	-0.07672515375799949
SNRPB	-0.1265420703192632
SNRPB2	0.05623195030201024
SNRPBP1	-0.1777736121032272
SNRPC	-0.2754688913986918
SNRPD1	-0.11746017983888563
SNRPD2	-0.014809289181545978
SNRPD2P1	-0.01159506965002304
SNRPD2P2	0.15466643166213345
SNRPD3	-0.2406175963778496
SNRPE	-0.15209435533845075
SNRPEP10	-0.21656945035104785
SNRPEP2	0.03628893601616481
SNRPEP3	0.094895246638052
SNRPEP4	0.17541678201679894
SNRPEP5	-0.11287118258463186
SNRPEP6	-0.24228677691612843
SNRPEP7	-0.02878439641140381
SNRPEP8	
SNRPEP9	-0.2545899319222825
SNRPF	-0.1253486841497495
SNRPFP1	-0.2174083758808481
SNRPFP2	-0.12913790227528038
SNRPFP3	-0.16170673095150628
SNRPFP4	
SNRPG	-0.0661845753407945
SNRPGP1	0.16485023444615782
SNRPGP10	0.008896800527067004
SNRPGP11	0.02196045505167659
SNRPGP12	-0.16170673095150628
SNRPGP13	0.020656440590683275
SNRPGP14	-0.09004311483862397
SNRPGP2	0.23143141945032755
SNRPGP3	-0.08963857811932759
SNRPGP4	-0.1023454444129534
SNRPGP5	0.014301600601668185
SNRPGP6	-0.035938630788553895
SNRPGP7	0.349409531065193
SNRPGP8	-0.16138724897979756
SNRPGP9	-0.19350072155202475
SNRPN	0.16388927248894775
SNTA1	-0.17662389262985775
SNTB1	-0.04850340318788354
SNTB2	0.31097422308618505
SNTG1	0.007074512368071084
SNTG2	0.03853125251965329
SNTN	0.07337208751343953
SNUPN	-0.08008903950167351
SNURF	0.30150637181341666
SNURFL	
SNW1	0.1492964023656444
SNX1	0.019738081571219198
SNX10	0.1392951351752631
SNX11	0.1539041739062765
SNX12	-0.1888879473092208
SNX13	0.03313477218628879
SNX14	0.1396905725329178
SNX15	-0.07066451140528303
SNX16	0.33040546209399835
SNX17	0.02535383971322429
SNX18	0.07541472708203484
SNX18P13	-0.059937100689242934
SNX18P14	-0.07321590418042599
SNX18P15	0.3385863043645542
SNX18P16	-0.19010392559548783
SNX18P2	0.0102764052830052
SNX18P23	0.13058725737501972
SNX18P24	-0.01155905178202212
SNX18P25	-0.23812415204625365
SNX18P26	-0.20121076425064946
SNX18P27	-0.23344911859497566
SNX18P3	0.04140218039098394
SNX18P4	-0.10268307917119181
SNX18P5	-0.03454233124738225
SNX18P6	-0.1475939828417878
SNX18P7	0.19174437939311223
SNX18P8	-0.07430950410395167
SNX18P9	0.04657705776644324
SNX19	0.12061751832915948
SNX19P1	-0.08096804404267145
SNX19P2	-0.2803143065791555
SNX19P3	0.40222609884704486
SNX2	0.00606130556406609
SNX20	0.2522873557468349
SNX21	-0.1512690495712183
SNX22	0.1883061347088296
SNX24	-0.18088723392298806
SNX25	0.33565150133716587
SNX25P1	-0.11901583706681794
SNX27	0.09969808816875902
SNX29	0.2858482226218033
SNX29P1	0.07828917245393324
SNX29P2	0.2298873921154603
SNX2P2	-0.019987414189321335
SNX3	-0.18475921306819676
SNX30	-0.19102914867404663
SNX31	-0.037928413945942825
SNX32	-0.05082170466321872
SNX33	0.10495208501498962
SNX33P1	0.2910081241354486
SNX3P1X	-0.17629616398763542
SNX4	-0.1970106489647301
SNX5	-0.1846377490984902
SNX5P1	-0.30852238743280214
SNX6	0.013417437551412026
SNX6P1	-0.32632225394362496
SNX7	-0.17715524572732808
SNX8	-0.29145591930239073
SNX9	0.04069749510006241
SOAT1	0.1499997729039819
SOAT2	-0.21405722564791865
SOBP	0.1248837949370281
SOCS1	0.22621253305290956
SOCS2	-0.05955155185983052
SOCS2-AS1	-0.3567580698152668
SOCS2P1	-0.2530040113142197
SOCS2P2	-0.09411653994671187
SOCS3	0.1784258866701127
SOCS4	0.3291846951379412
SOCS5	0.15528392216968281
SOCS5P1	-0.03325912453167606
SOCS5P2	-0.09532357745054669
SOCS5P3	0.014730255369281967
SOCS5P4	0.13086302574048742
SOCS5P5	-0.19313903190883827
SOCS6	0.09519865620695817
SOCS7	0.29789238102327614
SOD1	-0.21706597493649482
SOD1P1	-0.08490285367851368
SOD1P2	0.09803960560357082
SOD1P3	-0.07466052451530893
SOD2	0.21139673945753434
SOD2P1	-0.043321096630062166
SOD3	0.09640890149201199
SOGA1	0.1024840276423137
SOGA2	0.142727860900444
SOGA2P1	-0.0998226373735889
SOGA3	0.01435938963222562
SOHLH1	-0.18111317678736233
SOHLH2	0.0725014999981337
SON	0.360012815016023
SORBS1	-0.24374066743215583
SORBS2	-0.20063005886112584
SORBS3	-0.23372035133598115
SORCS1	0.033249551370459526
SORCS2	0.2646410833295363
SORCS3	-0.2388976591133855
SORCS3-AS1	-0.2315658310506148
SORD	0.0030969940544355572
SORL1	0.16352316235313075
SORT1	0.028863041053603135
SOS1	0.22805940739474298
SOS1-IT1	0.3051293294547774
SOS2	0.13315655990370662
SOST	0.1832601156031918
SOSTDC1	-0.3160939007956754
SOWAHA	-0.09321747307039377
SOWAHB	-0.15419129318888444
SOWAHC	0.08108307972173605
SOWAHD	0.12732435125565467
SOX1	-0.03604428791254517
SOX10	-0.12851131568389496
SOX11	0.16677982510867392
SOX12	-0.025217171706415145
SOX13	-0.16741004070323567
SOX14	-0.035653858440598866
SOX15	-0.13287902717337338
SOX17	-0.02715467256147405
SOX18	0.03623511242790447
SOX2	-0.06469465322764889
SOX2-OT	-0.1389881673783515
SOX21	0.36388950269621156
SOX21-AS1	-0.183823743964238
SOX3	0.22345973877022066
SOX30	0.12176531677385605
SOX4	0.25093588214361795
SOX5	0.05453839506324257
SOX5P	-0.0257331430927892
SOX6	0.01728922985487352
SOX7	-0.1625130861855867
SOX8	-0.1558698882366769
SOX9	-0.10588582893820946
SP1	0.347831465707823
SP100	0.2088130310801298
SP110	0.3041306142575041
SP140	0.27426490542449555
SP140L	0.300892052479642
SP2	-0.0029049219282654176
SP3	0.20020076679996934
SP3P	-0.12109714277335039
SP4	0.2784489800779769
SP5	0.06146528467413152
SP6	-0.02172910667551732
SP7	0.13157600924390497
SP8	-0.06908674270112801
SP9	0.2036925988710785
SPA17	-0.019337909142458806
SPA17P1	-0.02508392528633393
SPACA1	0.16356995191246554
SPACA3	-0.06665539135746007
SPACA4	0.0077867072944557275
SPACA5	-0.0355479748564075
SPACA5B	
SPACA7	0.24199775453789868
SPAG1	-0.05925414342934441
SPAG11A	-0.06279269637637074
SPAG11B	-0.14864803377725763
SPAG16	-0.06734482328241269
SPAG17	-0.14506548799015548
SPAG4	0.13997328872138415
SPAG5	-0.19036652167588608
SPAG5-AS1	-0.06197387889277178
SPAG6	0.13510004923757768
SPAG7	-0.051876262545141966
SPAG8	-0.131797349357784
SPAG9	0.25100276035942176
SPAM1	0.0005318044298715377
SPANXA1	
SPANXA2	
SPANXA2-OT1	-0.252407623717845
SPANXB1	
SPANXB2	
SPANXC	0.382135059636399
SPANXD	-0.016670384347289603
SPANXN1	
SPANXN2	0.097556451003126
SPANXN3	-0.24895936015630196
SPANXN4	0.0728285588252388
SPANXN5	-0.017649591520534507
SPARC	0.06393767083275088
SPARCL1	0.05069786873581512
SPAST	0.23537798449325206
SPATA1	-0.16894847837694252
SPATA12	0.0351966173073922
SPATA13	0.06401759740202687
SPATA13-AS1	-0.02086378299782135
SPATA16	0.016231834948855665
SPATA17	-0.22905941490378112
SPATA18	0.1666469642711772
SPATA19	-0.0007690815789060453
SPATA2	-0.16358130374148683
SPATA20	-0.18080965074312796
SPATA20P1	0.08858414238437141
SPATA21	0.05713215098348241
SPATA22	0.009700522493959328
SPATA24	0.0933484454217912
SPATA25	-0.15898132872689774
SPATA2L	0.032976328234505074
SPATA2P1	-0.13289939134701123
SPATA3	-0.17427009941381663
SPATA31A1	0.09134616268681281
SPATA31A2	-0.008967050010602105
SPATA31A3	-0.006687932190014048
SPATA31A4	0.07625035436510377
SPATA31A5	-0.16964296918850083
SPATA31A6	0.08337691900769993
SPATA31A7	0.25050456590492737
SPATA31B1	0.12136483969776883
SPATA31C1	-0.16430301513004364
SPATA31C2	0.014872045231736334
SPATA31D1	-0.20998353764034627
SPATA31D2P	-0.029292636087785755
SPATA31D3	-0.010097459861480295
SPATA31D4	
SPATA31D5P	0.26584376036440294
SPATA31E1	-0.23497168869269558
SPATA31E2P	-0.09102367510198836
SPATA31E3P	0.27333328226673814
SPATA32	0.12265038061498305
SPATA33	-0.1526810223981179
SPATA4	-0.18866937915115
SPATA41	0.11152175528806474
SPATA42	0.0361690156560809
SPATA5	0.020109082146898237
SPATA5L1	0.08102326711351152
SPATA6	-0.06177758793822788
SPATA6L	-0.04445051562875375
SPATA7	-0.20895269075696687
SPATA8	0.15937068622060602
SPATA8-AS1	-0.2036208116548337
SPATA9	0.025249117318031256
SPATC1	0.1803113769907994
SPATC1L	-0.11992844371765439
SPATS1	-0.19252214702881543
SPATS2	0.1311683985239614
SPATS2L	-0.06900758349113456
SPC24	-0.33013856203788977
SPC25	-0.16693042374426825
SPCS1	-0.21349300612193153
SPCS2	0.16814049552005395
SPCS2P1	-0.2164041713818463
SPCS2P3	-0.10726685495243181
SPCS2P4	0.22628410008169164
SPCS3	0.32416840137975156
SPDEF	0.006917067282909232
SPDL1	-0.1777775615037087
SPDYA	-0.13506989088586507
SPDYC	-0.23019458748255145
SPDYE1	-0.027013285897587447
SPDYE2	-0.2059626852183723
SPDYE2B	
SPDYE3	-0.18948983659703073
SPDYE4	-0.2528417951032634
SPDYE6	-0.13103116081754862
SPDYE7P	-0.2877464517959808
SPDYE8P	
SPDYE9P	0.1900328972720035
SPECC1	0.19704858871938075
SPECC1L	0.02073719039995042
SPECC1L-ADORA2A	-0.07435713523040315
SPEF1	-0.18272820733638673
SPEF2	0.0007429124741591686
SPEG	-0.2821312542316615
SPEM1	-0.12934481661213773
SPEN	0.3843277348319641
SPERT	0.21493308644343267
SPESP1	0.22389185725124075
SPG11	0.2804248682019697
SPG20	0.13118898005659468
SPG20OS	0.227232565707144
SPG21	0.07681942578845763
SPG7	-0.22355114618199506
SPHK1	0.13845152576984923
SPHK2	-0.16705452907255897
SPHKAP	0.4453618584216675
SPI1	0.09371876464844663
SPIB	-0.05278464630894474
SPIC	0.04412421208514372
SPICE1	-0.08702000329242271
SPIDR	0.06048372546156655
SPIN1	0.056491686776211636
SPIN2A	0.10102477325688299
SPIN2B	-0.08409905748899903
SPIN3	-0.005453526282125426
SPIN4	-0.11928231051456376
SPIN4-AS1	-0.1685002144787466
SPINK1	-0.12967668200814386
SPINK13	-0.11033343001881052
SPINK14	0.236542315862845
SPINK2	-0.24229977813970288
SPINK4	-0.03365684172858002
SPINK5	0.09880901164258035
SPINK6	0.21674922854078035
SPINK7	0.05463773087317963
SPINK8	0.12576116107548074
SPINK9	-0.16012109391055088
SPINT1	-0.17091833531702075
SPINT2	-0.21233938544434294
SPINT3	-0.0010407187690756096
SPINT4	-0.18623046484940525
SPINT5P	
SPIRE1	0.19600407182182422
SPIRE2	-0.28031203663174664
SPN	0.23309804275595022
SPNS1	0.011452851229319013
SPNS2	0.07136166958916774
SPNS3	0.013315719334713452
SPO11	0.1457297893958498
SPOCD1	-0.08699846972708865
SPOCK1	-0.15625186169009228
SPOCK2	0.23053863871275418
SPOCK3	-0.014613372955757327
SPON1	-0.06361222061920749
SPON2	-0.04733513721480531
SPOP	0.11416565752942948
SPOPL	0.1660343947626524
SPP1	0.13457616884121354
SPP2	-0.010459970315845151
SPPL2A	0.0027937255794605632
SPPL2B	-0.058085039834092356
SPPL2C	-0.17816968565434083
SPPL3	-0.027169798068585247
SPR	-0.3043837681240327
SPRED1	0.1885820544394995
SPRED2	-0.0055056407089026736
SPRED3	-0.005167289167538914
SPRN	0.06047580417534542
SPRR1A	-0.0010407187690756096
SPRR1B	-0.0717682567846962
SPRR2A	-0.05543219525628747
SPRR2B	
SPRR2C	
SPRR2D	-0.07745742371252284
SPRR2E	-0.10387634051748972
SPRR2F	0.1067717070661448
SPRR2G	-0.0661086195162445
SPRR3	-0.04828214696932516
SPRR4	-0.0788458155999067
SPRTN	0.21310088521358106
SPRY1	-0.05376708151898679
SPRY2	0.0731005689534103
SPRY3	-0.005700903035925868
SPRY4	0.26203888018764343
SPRYD3	6.630007772629702e-05
SPRYD4	-0.23154514835751336
SPRYD7	-0.1093143625230544
SPSB1	-0.09346160266045801
SPSB2	0.40859543997584197
SPSB3	-0.11138626256616552
SPSB4	0.295961279150706
SPTA1	-0.04953743770862383
SPTAN1	0.2889061626542722
SPTB	-0.3019069054035346
SPTBN1	0.33347729280100263
SPTBN2	0.07553274591970877
SPTBN4	-0.05597362692803928
SPTBN5	0.02382807612763713
SPTLC1	0.0424290506331947
SPTLC1P1	0.11097036213047201
SPTLC1P2	-0.21209454146224901
SPTLC1P3	-0.06555612831180323
SPTLC1P4	0.03346086581714109
SPTLC1P5	0.10365232466204619
SPTLC2	0.06588705249151426
SPTLC3	0.12525416340285944
SPTSSA	-0.23784107086083695
SPTSSB	-0.055555189803550536
SPTY2D1	0.29963417846848933
SPTY2D1-AS1	-0.169074837704551
SPZ1	0.2550126979673748
SQLE	0.10979735983922002
SQRDL	-0.14311184107012262
SQSTM1	0.013413281224633604
SQSTM1P1	0.09330894409342197
SRA1	-0.02150987651347183
SRBD1	0.07227440670130152
SRC	-0.06155927604661693
SRCAP	0.39040756862416276
SRCIN1	-0.128644206807262
SRCRB4D	-0.2542095909825546
SRD5A1	-0.09652560242583964
SRD5A1P1	-0.11965108372755558
SRD5A2	0.17592857299225234
SRD5A3	-0.05679466238972919
SRD5A3-AS1	0.14185832430589337
SREBF1	0.02729772279774819
SREBF2	-0.0014606096148310117
SREK1	-0.04883278334567199
SREK1IP1	0.32939948960582555
SRF	0.07636030077340326
SRFBP1	0.1047286802377783
SRGAP1	0.09641954181567353
SRGAP2	0.20718503554571877
SRGAP2-AS1	-0.278912718722044
SRGAP2B	0.2553830914320364
SRGAP2C	0.2844258177069779
SRGAP3	-0.004245435552837077
SRGAP3-AS1	0.012016636578993973
SRGAP3-AS2	-0.11911351593409633
SRGAP3-AS3	
SRGAP3-AS4	-0.1309677480699777
SRGN	0.16013392888923386
SRGNP1	
SRI	-0.12481016493771739
SRIP1	0.015466261406100792
SRIP2	-0.2633541054761271
SRIP3	-0.3505771101880903
SRL	0.1316920859441096
SRM	0.15351022130693617
SRMP1	0.17507604865763116
SRMP2	-0.14399365502985578
SRMS	0.028887992113692626
SRP14	-0.2424324065400739
SRP14-AS1	-0.025118842054466413
SRP19	0.12670983061488914
SRP54	0.014001411719173623
SRP68	0.16600778261029037
SRP68P1	-0.1453578662970976
SRP68P2	-0.03296470178201283
SRP68P3	-0.18668815277771783
SRP72	0.17215648469144254
SRP72P1	-0.36233220757921497
SRP72P2	-0.24074015390302478
SRP9	-0.20564663491583865
SRP9P1	-0.2754883624203731
SRPK1	0.08578505534470338
SRPK2	0.1555985568906909
SRPK3	-0.19004463718923495
SRPR	0.11429764946997396
SRPRB	0.05406610891400924
SRPX	-0.15354555312910456
SRPX2	0.17022525339945757
SRR	-0.11179191145160164
SRRD	0.11938718491129925
SRRM1	0.32389520252660475
SRRM1P2	-0.028164477314698438
SRRM1P3	0.013963997309131764
SRRM2	0.2082374537050717
SRRM2-AS1	-0.20845952577056848
SRRM3	-0.020651633033195713
SRRM4	0.012664810426102213
SRRM5	0.1465473525991846
SRRT	-0.12150745899576394
SRSF1	-0.08021179957848172
SRSF10	-0.13971432234450007
SRSF10P1	-0.06988276336219684
SRSF11	-0.03599212042010396
SRSF12	0.1027092776898372
SRSF1P1	0.21542991027363675
SRSF2	-0.06386749563646754
SRSF3	0.010191076670076377
SRSF4	0.04477698719741207
SRSF5	0.0011195143703511916
SRSF6	0.11763688807460404
SRSF7	-0.07028376447197274
SRSF8	-0.10390941713522969
SRSF9	-0.019690471977996192
SRSF9P1	0.237932900315816
SRXN1	-0.4170803112389408
SRY	-0.18345661986127787
SS18	0.03371538016527464
SS18L1	0.010440374011026836
SS18L2	0.022251536879069233
SS18L2P1	-0.3575205080975797
SS18L2P2	0.3121217187691797
SSB	0.06960595980518573
SSBP1	-0.02296367510882909
SSBP2	-0.07461687083989714
SSBP3	-0.18106681572155478
SSBP3-AS1	0.11670298924301035
SSBP4	-0.3283355944737145
SSC5D	0.0038034959829788646
SSFA2	0.33477759511154837
SSH1	0.37494819100159993
SSH2	0.26298011846971164
SSH3	-0.22505776454747617
SSMEM1	-0.18059888820277403
SSNA1	-0.16709394982118686
SSPN	-0.04987503236766521
SSPO	-0.045843872409907324
SSR1	0.20156567680573678
SSR1P1	0.008748989785545589
SSR1P2	0.05950417878943595
SSR2	-0.1856286400720862
SSR3	0.12812048055352276
SSR4	0.07886598015995774
SSR4P1	0.15615046589888396
SSRP1	-0.08153063977862207
SSSCA1	0.009362109499169725
SSSCA1-AS1	0.3053638997672538
SST	0.149053187518214
SSTR1	-0.049757946095677914
SSTR2	-0.24388424709370748
SSTR3	0.19394777160302312
SSTR4	0.0812339086228958
SSTR5	0.1812572150594614
SSTR5-AS1	0.06551257773298981
SSU72	-0.006010307796105795
SSU72P1	0.04404793607444543
SSU72P2	-0.008967050010602105
SSU72P3	
SSU72P4	
SSU72P5	0.0019983750150345558
SSU72P6	0.10656476774357872
SSU72P7	
SSU72P8	-0.061233380174336195
SSUH2	-0.21775311735327418
SSX1	-0.025071123956503457
SSX2	0.054551334224193976
SSX2B	0.22729008572615197
SSX2IP	-0.16094814323151135
SSX3	0.2687455661436356
SSX4	0.00804192958458817
SSX4B	-0.19611794833157695
SSX5	0.1583797455446084
SSX6	0.010011965871436466
SSX7	-0.0010407187690756096
SSX8	-0.13481106849418714
SSX9	0.007150358051705789
SSXP1	-0.2170684908246862
SSXP10	0.08344012707806256
SSXP3	0.15375063135936734
SSXP4	
SSXP5	
SSXP9	0.3063849010515103
ST13	-0.1818960551358826
ST13P10	-0.23089777104487963
ST13P11	0.029726349373489697
ST13P12	-0.24890940394653757
ST13P13	-0.06547677863307703
ST13P14	-0.1589421082448224
ST13P15	-0.3779963020432698
ST13P16	0.02925234811186699
ST13P18	-0.30960882903996717
ST13P19	-0.18076617181485033
ST13P2	-0.1626516400082497
ST13P20	-0.06285171767600202
ST13P21	-0.3025630460544908
ST13P3	-0.16436205936800122
ST13P4	-0.0167863194684324
ST13P5	-0.14806206288553014
ST13P6	-0.35040630567862924
ST14	-0.11753079411023293
ST18	0.11921886129038851
ST20	-0.04196089380970963
ST20-MTHFS	-0.11169470920492354
ST3GAL1	0.2056433798156331
ST3GAL1P1	0.2856815965402139
ST3GAL2	0.19108188550318858
ST3GAL3	-0.08377920333961697
ST3GAL4	-0.14695157445498452
ST3GAL5	0.1990126332202203
ST3GAL6	0.05035458265646285
ST3GAL6-AS1	-0.16363299073520313
ST5	0.06720162145270406
ST6GAL1	0.07415938436766352
ST6GAL2	-0.027279565559351213
ST6GAL2-IT1	0.06210244852173067
ST6GALNAC1	-0.1686506361572684
ST6GALNAC2	-0.17683357876968128
ST6GALNAC2P1	-0.014947168753821351
ST6GALNAC3	0.0280898204786559
ST6GALNAC4	-0.07802831661077657
ST6GALNAC4P1	0.09312012097913175
ST6GALNAC5	0.04445028549766358
ST6GALNAC6	-0.08476372099468266
ST7	0.009683802976101984
ST7-AS1	-0.21298778990401204
ST7-AS2	-0.09887301210413828
ST7-OT4	0.07034798026316261
ST7L	0.09140171782382765
ST8SIA1	0.21511019894024241
ST8SIA2	-0.0990516707959174
ST8SIA3	0.19854294227782826
ST8SIA4	0.2372972656760313
ST8SIA5	0.00221485889304884
ST8SIA6	0.11526614197909406
ST8SIA6-AS1	0.18950234731314994
STAB1	-0.16914672762846303
STAB2	-0.04684532986974363
STAC	0.07176166950336946
STAC2	-0.1327948613166874
STAC3	0.1176825754767833
STAG1	0.11604966854680027
STAG2	0.15848266700820157
STAG3	0.16236707129214906
STAG3L1	-0.10651862473981338
STAG3L2	-0.05532509399019519
STAG3L3	-0.010415703317725622
STAG3L4	-0.15103309474296173
STAG3L5P	-0.2262556432534529
STAG3L5P-PVRIG2P-PILRB	-0.08637422687454817
STAM	0.17036805575709593
STAM2	0.16950147811034094
STAMBP	-0.024654539737693642
STAMBPL1	0.03700833727795022
STAP1	0.22937827290565752
STAP2	-0.12649064236443597
STAR	0.27690096287517674
STARD10	-0.13487079489538423
STARD13	0.049285162815691855
STARD13-AS	-0.0030405958475642073
STARD13-IT1	-0.12057380433813429
STARD3	0.08614945398699596
STARD3NL	0.02283465397096451
STARD4	0.10175975578975426
STARD4-AS1	-0.028067348063830825
STARD5	-0.24069334133609774
STARD6	0.12175760658773827
STARD7	-0.1765774718617537
STARD8	0.02116442958246297
STARD9	0.10493617764665307
STARP1	0.044285983481419273
STAT1	0.10687647999400533
STAT2	0.20241822841256432
STAT3	0.35435414161104617
STAT4	0.2995890558981885
STAT5A	0.27794168393783947
STAT5B	0.2517825884416813
STAT6	0.05596479462718327
STATH	-0.006189114533469313
STAU1	0.3636235908657911
STAU2	-0.002463402794613236
STAU2-AS1	-0.14051967993217532
STC1	0.05707224259146642
STC2	0.17114730708910791
STEAP1	0.1865109950836943
STEAP1B	0.18713490345761374
STEAP2	0.20971250915622286
STEAP2-AS1	-0.12047952485893405
STEAP3	0.055438836660184294
STEAP3-AS1	-0.16914607164898987
STEAP4	0.13645869184397375
STH	-0.2017576826059285
STIL	-0.023677066060435372
STIM1	-0.043512086533154984
STIM2	0.26479584111158894
STIP1	0.03157306364093442
STK10	0.29092079212089067
STK11	-0.2718086893848155
STK11IP	-0.1682525450336894
STK16	-0.3286978269378812
STK17A	0.28176687892478114
STK17B	0.2532340175011982
STK19	-0.23085933152216676
STK19P	0.27641094861044946
STK24	0.056472527429940536
STK24-AS1	-0.19741931013537922
STK25	-0.08903193988485526
STK3	0.11741311892500528
STK31	-0.09042183978170243
STK32A	0.18677750593666073
STK32B	-0.070597355589262
STK32C	-0.15158415052216084
STK33	0.02741652417009237
STK33P1	-0.11134442130215318
STK35	0.032492991254960225
STK36	-0.03516945410836982
STK38	-0.023475598467651838
STK38L	0.1617918456491319
STK39	0.11802502476490011
STK4	0.3313133951279915
STK4-AS1	0.04394579436898833
STK40	0.14557250422092047
STMN1	-0.09884699881182119
STMN1P2	0.07508299015865852
STMN2	-0.37486637809332574
STMN3	0.05493225713441922
STMN4	0.16979375104185976
STMND1	0.12480807681422702
STOM	0.21243773253425616
STOML1	0.043038782407308886
STOML2	-0.14437491753751364
STOML3	-0.12891664789989732
STON1	0.22472426498567158
STON1-GTF2A1L	0.00935848854951298
STON2	-0.008351818418299427
STOX1	-0.028518230177412587
STOX2	-0.047639786955066654
STPG1	-0.12528088791459874
STPG2	-0.01552593297560839
STPG2-AS1	-0.008967050010602105
STRA13	-0.2534878341262968
STRA6	0.27119360160143274
STRA8	-0.20393085389414778
STRADA	-0.019837950180790643
STRADB	-0.17995753473506676
STRADBP1	-0.2871473690650927
STRAP	-0.02746238920563039
STRBP	-0.0015505136167983662
STRC	-0.2657677916017894
STRCP1	-0.2698334688432899
STRIP1	0.04823034036308458
STRIP2	0.2221999690275028
STRN	0.25680893420946727
STRN3	0.027379839000061468
STRN4	-0.21878084477892906
STS	0.13508442154624464
STSP1	-0.05630734460088608
STT3A	0.06740742044767083
STT3A-AS1	0.11479011632575754
STT3B	-0.028854297541277798
STUB1	-0.18696363638892455
STX10	-0.22153331472265708
STX11	0.15656408883820258
STX12	0.07736720251015834
STX16	0.01672656124130108
STX16-NPEPL1	-0.11493298874323062
STX17	0.3134258134166571
STX18	-0.0829216472225083
STX18-AS1	-0.1781862169826244
STX18-IT1	-0.003524014574426433
STX19	0.09235585561200187
STX1A	-0.23399794426092188
STX1B	0.14699710739875585
STX2	0.00932384372262915
STX3	-0.1581584665616105
STX4	-0.016822744826709143
STX5	-0.01571773420458463
STX6	0.2177878915098812
STX7	0.23793347083229277
STX8	0.07524938615195316
STXBP1	0.0574616785486424
STXBP2	-0.18951293066238714
STXBP3	-0.015180710845558094
STXBP4	0.26921415242924795
STXBP5	0.4156005587297855
STXBP5-AS1	0.0018629200661964274
STXBP5L	-0.10751315932701741
STXBP6	0.007477238864818517
STYK1	-0.046323932538497155
STYX	0.35259712195671644
STYXL1	-0.1777157950668034
SUB1	0.07798742657974285
SUB1P1	-0.19039634491956614
SUB1P2	-0.03828011855972131
SUB1P3	-0.3376946286800018
SUB1P4	-0.22946605005347115
SUCLA2	-0.2626991071091303
SUCLA2-AS1	-0.17586811649003276
SUCLA2P1	-0.280886357069865
SUCLA2P2	0.04087911676371542
SUCLA2P3	-0.32361337158939274
SUCLG1	-0.2772712471757519
SUCLG2	-0.2410113903043941
SUCLG2P2	-0.36586445132845336
SUCLG2P4	-0.31095732386355435
SUCNR1	0.03980037446067298
SUCO	0.13963734745897924
SUDS3	0.1646648098152051
SUDS3P1	0.29555881852406723
SUFU	0.17849047704109558
SUGP1	-0.17084223460455816
SUGP2	0.11065663732656691
SUGT1	-0.10470154015594203
SUGT1P	0.07916706754411765
SUGT1P2	-0.1869186038857414
SUGT1P3	-0.08038872620981442
SULF1	0.12251342128639578
SULF2	0.16951109952694418
SULT1A1	-0.2993700695055523
SULT1A2	-0.2772146640447634
SULT1A3	-0.022393707915405434
SULT1A4	0.004079432947988152
SULT1B1	0.11686221424734354
SULT1C2	-0.184921834673096
SULT1C2P1	0.029268378528097633
SULT1C3	-0.16987015611647174
SULT1C4	-0.023185957625419643
SULT1D1P	-0.18658030343843138
SULT1E1	0.009450930324793909
SULT2A1	-0.10460847250301064
SULT2B1	-0.15948947134380098
SULT4A1	-0.1994803069185734
SULT6B1	-0.15317719264459906
SUMF1	-0.32758553689453107
SUMF2	0.03198803774774467
SUMO1	-0.15574567053023636
SUMO1P1	-0.20651061092543269
SUMO1P2	-0.2792911549074948
SUMO1P3	-0.17782232612599813
SUMO1P4	-0.330349247568303
SUMO2	-0.23843599803417168
SUMO2P1	-0.3127263744836041
SUMO2P2	-0.23344911859497566
SUMO2P3	-0.3208023912402088
SUMO2P4	0.22319517991812288
SUMO2P5	-0.17685834647304927
SUMO2P6	-0.2973338738393552
SUMO2P7	-0.04939957011108193
SUMO2P8	-0.1598008146041518
SUMO3	-0.1034150547245868
SUMO4	-0.09126277701094972
SUN1	-0.11212653599349759
SUN2	0.007205849708602223
SUN3	0.146959868057392
SUN5	0.013593200913646797
SUOX	-0.3798155109504163
SUPT16H	0.1603335884954166
SUPT20H	0.11569868558732863
SUPT20HL1	-0.22703912386440767
SUPT20HL2	-0.2975795314805217
SUPT3H	-0.00999277383505812
SUPT4H1	-0.11709755004511267
SUPT5H	0.32253176512712894
SUPT6H	0.39206151219893537
SUPT7L	0.061910047656716524
SUPV3L1	-0.10496775271321312
SURF1	-0.2617297715193398
SURF2	-0.12659695697434892
SURF4	-0.06372781177088306
SURF6	-0.1687315404834197
SURF6P1	
SUSD1	0.05376708111464157
SUSD2	-0.07874622878892615
SUSD3	0.1368583728522356
SUSD4	0.23644693554894117
SUSD5	0.18352626548110623
SUV39H1	-0.28081346215616
SUV39H2	0.022642082776324617
SUV420H1	0.11753986367767827
SUV420H2	-0.2475867895059961
SUZ12	0.2723482371378155
SUZ12P	-0.10264561872401208
SV2A	0.126790149657654
SV2B	0.0481787493689019
SV2C	0.14590403942149285
SVEP1	0.2555899200210813
SVIL	0.1776874949028911
SVILP1	-0.14382732544748156
SVIP	0.0036091760417472354
SVOP	0.24473326278357313
SVOPL	-0.12104241609519685
SWAP70	0.30395953579739476
SWI5	-0.186519322053599
SWSAP1	-0.07883689912902496
SWT1	0.190800411487156
SYAP1	0.11718863022299923
SYBU	-0.19454314430791986
SYCE1	0.1769804876610377
SYCE1L	-0.16774213109563746
SYCE2	0.24922055969175164
SYCE3	0.11789562111623227
SYCN	-0.18818997107237323
SYCP1	-0.08224700507697236
SYCP2	0.27141685501426355
SYCP2L	0.37211983912415
SYCP3	0.006819119419845846
SYDE1	0.14543180211135523
SYDE2	0.08758569783097274
SYF2	-0.27239927650811957
SYF2P1	0.31122303797490247
SYF2P2	0.1903130057258194
SYK	0.17360203072081765
SYMPK	0.059520425302831054
SYN1	0.33284173172971643
SYN2	-0.24346696890678998
SYN3	-0.17017047407242103
SYNC	-0.1193403006900474
SYNCRIP	0.16944083351785283
SYNDIG1	0.17825665257651954
SYNDIG1L	0.2302470080726994
SYNE1	0.22780078428161996
SYNE1-AS1	0.2929656519882881
SYNE2	0.09935314051445696
SYNE3	0.15211278667922515
SYNE4	0.05228741042783157
SYNGAP1	0.13897403933119684
SYNGR1	-0.006623430855994472
SYNGR2	-0.00172675023677709
SYNGR3	0.07670178366258248
SYNGR4	-0.2333703565148307
SYNJ1	0.39991302814783514
SYNJ2	0.017557947483169748
SYNJ2-IT1	-0.17991156350515672
SYNJ2BP	0.2732747575386858
SYNJ2BP-COX16	
SYNM	-0.2283938158161569
SYNPO	-0.12495401879210172
SYNPO2	-0.20588865151026137
SYNPO2L	-0.05775484943772355
SYNPR	0.15263336908263064
SYNPR-AS1	-0.11466322699397247
SYNRG	0.3942104027151299
SYP	-0.2818764190350748
SYP-AS1	0.03601839099328713
SYPL1	0.022269484210655076
SYPL2	-0.1424277031635631
SYS1	0.1765539681172135
SYS1-DBNDD2	0.336478036064371
SYT1	0.0836761769596247
SYT10	0.044610210398273585
SYT11	0.23804947895503634
SYT12	0.0003015769867384614
SYT13	-0.07207800820475255
SYT14	0.022880433116568694
SYT15	0.1318095491521301
SYT16	0.18593437147562358
SYT17	-0.1576058512644079
SYT2	0.07654619109891017
SYT3	0.15821053162542534
SYT4	0.15726011248202176
SYT5	0.059385922651019274
SYT6	-0.2549966648606238
SYT7	-0.17603674982757295
SYT8	-0.2269414587502305
SYT9	-0.11491507666706276
SYTL1	0.13725258039309554
SYTL2	-0.013659263459443856
SYTL3	0.34276998410218873
SYTL4	-0.10814709562427564
SYTL5	0.1534174752423262
SYVN1	0.19153783421776224
SZRD1	-0.001082208035618532
SZT2	0.2808218022288889
SZT2-AS1	-0.08071544736799095
T	0.1320441689103093
TAAR1	0.044573415942745206
TAAR2	-0.12077147485508491
TAAR3	0.037688627915910274
TAAR4P	-0.11652948596325792
TAAR5	-0.002939613871271711
TAAR6	0.09727216377513273
TAAR7P	
TAAR8	0.338913796560499
TAAR9	-0.09356945385311216
TAB1	-0.05922502150064496
TAB2	0.14399077577424255
TAB3	0.16234464404993046
TAB3-AS1	-0.12410958954066337
TAB3-AS2	-0.05207408690207286
TAB3P1	-0.04417841592343168
TAC1	0.018899525941288405
TAC3	0.11113870169561965
TAC4	-0.2307239814242154
TACC1	0.11713280728340443
TACC1P1	-0.0028215258161090875
TACC2	-0.08028028344136318
TACC3	0.05371413390143047
TACO1	-0.2770101852947083
TACR1	0.28281186196716496
TACR2	-0.32035441796368064
TACR3	-0.27724520752236453
TACSTD2	-0.032530516462147184
TADA1	-0.04967091404695057
TADA2A	-0.099033923130457
TADA2B	0.30309645020122006
TADA3	-0.028296482884618068
TAF1	0.22227010087359692
TAF10	-0.12380091084674041
TAF11	-0.09300165362889233
TAF12	-0.06935120122283349
TAF13	0.2187519494148772
TAF13P2	0.00804192958458817
TAF15	-0.19356909947437734
TAF1A	0.36360556157695295
TAF1B	0.17418798096565766
TAF1C	-0.06757774056010164
TAF1D	0.008740813375351578
TAF1L	
TAF2	0.22706218963466032
TAF3	0.1263754850299768
TAF4	-0.1221045308128117
TAF4B	0.24485424602218533
TAF5	-0.2853121422236035
TAF5L	0.1267830798587454
TAF6	0.03442321034464809
TAF6L	-0.24536271834540427
TAF7	-0.09354142062184968
TAF7L	-0.004249051495494773
TAF8	0.2691170306021614
TAF9	-0.23852265997332553
TAF9B	-0.049368366461057675
TAF9BP1	0.24245765086358204
TAF9BP2	0.06337833244446629
TAF9P1	
TAF9P2	0.2568636585146012
TAF9P3	-0.24869240913157253
TAGAP	0.11287174151383417
TAGLN	-0.20733599817443954
TAGLN2	-0.13939648295307827
TAGLN2P1	-0.2777925826805849
TAGLN3	0.08601050770671409
TAL1	0.16977346838189586
TAL2	-0.020005949986838044
TALDO1	-0.19553705581542358
TAMM41	-0.14398727165884415
TANC1	0.20039622758148626
TANC2	0.37033589652533205
TANGO2	-0.151599602431432
TANGO6	0.19658661443675543
TANK	0.3093405827193947
TAOK1	0.3194844562145881
TAOK2	0.19392258414559155
TAOK3	0.25248626443478966
TAP1	0.17714615565991557
TAP2	0.22830407088120555
TAPBP	0.22384909635490166
TAPBPL	-0.30857882759872546
TAPSAR1	0.17475001220987302
TAPT1	0.10687985045652648
TAPT1-AS1	0.09996627789638622
TARBP1	-0.0685989385040686
TARBP2	-0.20542764803275051
TARDBP	0.0628401607314325
TARDBPP1	-0.0062116384276660695
TARDBPP2	-0.14827065350354252
TARM1	-0.4500685988098274
TARS	0.18070840208869526
TARS2	-0.03656195973130877
TARS2P1	0.0611345654013878
TARSL2	0.1140996032799193
TAS1R1	0.03363694273682521
TAS1R2	-0.18567693494161433
TAS1R3	0.01673186828253197
TAS2R1	0.07907222520072384
TAS2R10	0.3732242338781419
TAS2R12	0.3139398568398672
TAS2R13	-0.06514990483398406
TAS2R14	0.15348945480349832
TAS2R15	0.2027090062487502
TAS2R16	-0.02746452375314817
TAS2R18	0.18685331040407957
TAS2R19	0.2024694278379371
TAS2R20	0.013218419396060619
TAS2R2P	-0.0069769486982716785
TAS2R3	0.15786665636141806
TAS2R30	-0.16734180751236946
TAS2R31	-0.008734664039349528
TAS2R38	0.1738411108303274
TAS2R39	0.08066316765579867
TAS2R4	0.2181941946284553
TAS2R40	-0.004787790299491896
TAS2R41	-0.07243224673845453
TAS2R42	0.19470137361156015
TAS2R43	-0.01073599350828255
TAS2R46	-0.3276664268631677
TAS2R5	-0.007374696691527079
TAS2R50	0.13855113487290566
TAS2R6	-0.08560638737505673
TAS2R60	-0.3097542812651813
TAS2R62P	-0.1998918320602499
TAS2R63P	-0.4164523209212464
TAS2R64P	-0.0494546758098015
TAS2R67P	
TAS2R7	0.058496651695031376
TAS2R8	-0.21527436799663052
TAS2R9	0.019676791563953206
TASP1	-0.15244955233959312
TAT	-0.014083441639454346
TATDN1	-0.23479986950169965
TATDN1P1	-0.35596081652359085
TATDN2	-0.2612525480476219
TATDN2P1	0.026823499854049835
TATDN2P2	0.1917792858970842
TATDN2P3	0.21805555969573373
TATDN3	-0.18107938271446888
TAX1BP1	0.10273304559434933
TAX1BP3	-0.2981077469468243
TAZ	-0.22929359676812763
TBATA	0.09946566187500257
TBC1D1	0.1792672020374259
TBC1D10A	-0.16895044158593442
TBC1D10B	-0.10095378110434326
TBC1D10C	0.14311699931952834
TBC1D12	-0.15721156849366863
TBC1D13	0.03135706977483636
TBC1D14	-0.017081356447890036
TBC1D15	0.14104039315591663
TBC1D16	0.09882058769378911
TBC1D17	-0.0630573884529555
TBC1D19	0.058232479932309865
TBC1D2	-0.07101709145982445
TBC1D20	0.055938415279835396
TBC1D21	-0.03729425552235271
TBC1D22A	-0.171667428812194
TBC1D22B	0.2243288025014984
TBC1D23	0.05819428861865534
TBC1D24	-0.09646181200729174
TBC1D25	0.19134709383757098
TBC1D26	-0.08667262913752485
TBC1D27	0.10940893623500607
TBC1D28	0.25272767991005846
TBC1D29	-0.09333338617650079
TBC1D2B	0.21088445152703952
TBC1D3	0.20239802965791936
TBC1D30	0.09416234287933813
TBC1D31	-0.018520143714887992
TBC1D32	0.009285427993246102
TBC1D3B	0.017448225705066205
TBC1D3C	-0.1339795252524407
TBC1D3F	0.12731376111028286
TBC1D3G	0.04156065560236222
TBC1D3H	-0.19823272787641838
TBC1D3P1	-0.23712366005009572
TBC1D3P1-DHX40P1	-0.06733684768356754
TBC1D3P2	0.4076422414990524
TBC1D3P3	-0.02726951093468966
TBC1D3P4	0.09331629545905376
TBC1D3P5	-0.13706529974226614
TBC1D3P6	0.04828377931705342
TBC1D3P7	-0.016276128995243583
TBC1D4	0.22987046659846047
TBC1D5	0.3141919141865755
TBC1D7	-0.0957630675603736
TBC1D8	0.17100275111073346
TBC1D8B	0.05954670666999879
TBC1D9	0.19521345330115522
TBC1D9B	0.0014722792362074119
TBCA	-0.12419363215151567
TBCAP1	-0.27028537522535584
TBCAP2	0.20028776033294723
TBCAP3	0.3177008586491893
TBCB	-0.1604181495493011
TBCC	-0.002404370698581476
TBCCD1	0.11996379756705185
TBCD	0.03849067687671544
TBCE	-0.18500313508898392
TBCEL	0.13061086303752723
TBCK	0.3927234163419757
TBK1	0.3818646613215044
TBKBP1	0.1131688397877033
TBL1X	0.23108505238221344
TBL1XR1	0.07382524188641695
TBL1XR1-AS1	0.08872342334232232
TBL1Y	0.11169176683927436
TBL1YP1	0.10283639100540927
TBL2	0.039495114032680585
TBL3	0.02016205246408993
TBP	0.11274844404814036
TBPL1	0.029067026227344354
TBPL2	-0.04267397175104331
TBR1	-0.013424039747256013
TBRG1	0.057550938213173655
TBRG4	-0.17363996923267808
TBX1	0.1048924646656765
TBX10	-0.10578394235673273
TBX15	0.06595908258317587
TBX18	-0.1970514091797899
TBX19	0.06464115185980167
TBX2	-0.14964102736060297
TBX20	0.36860988072537976
TBX21	0.137539413339421
TBX22	-0.07960287997015214
TBX3	-0.05151336525851242
TBX4	0.030557443158445198
TBX5	-0.03155050831657108
TBX5-AS1	0.02172907139014399
TBX6	-0.09683835800720383
TBXA2R	-0.2911103754505752
TBXAS1	0.028982495170951802
TC2N	0.18362723622354385
TCAIM	-0.054826292119638624
TCAM1P	0.217157559585418
TCAP	0.2070555790404645
TCEA1	0.16780770481106758
TCEA1P1	-0.08160529597883036
TCEA1P2	0.2965208011134981
TCEA1P4	0.113609254520741
TCEA2	-0.007405011150411256
TCEA3	-0.19598546773680547
TCEAL1	-0.17934456196504306
TCEAL2	-0.11848226454870182
TCEAL3	-0.2478039271096612
TCEAL3-AS1	-0.057144176451781235
TCEAL4	-0.21768912140361354
TCEAL4P1	-0.045733915658538196
TCEAL5	-0.19150994916433883
TCEAL6	-0.20635182869361643
TCEAL7	-0.10683559135522738
TCEAL8	-0.14941883253835692
TCEANC	0.2664462799712337
TCEANC2	0.08445389511262431
TCEB1	0.09017894441653757
TCEB1P10	
TCEB1P11	
TCEB1P12	
TCEB1P13	
TCEB1P14	-0.008967050010602105
TCEB1P15	-0.23344911859497566
TCEB1P16	-0.008967050010602105
TCEB1P17	
TCEB1P18	-0.03619179213229792
TCEB1P19	0.07617484912676566
TCEB1P2	0.017261731448868174
TCEB1P20	-0.07694585665409595
TCEB1P21	-0.08355585611940096
TCEB1P22	-0.2828829670874627
TCEB1P23	0.02603337963773514
TCEB1P24	0.24373102887889916
TCEB1P26	
TCEB1P28	0.260291325447254
TCEB1P29	-0.24679778827478766
TCEB1P3	-0.3703146885410285
TCEB1P30	-0.18623046484940525
TCEB1P31	-0.11656421718748952
TCEB1P32	-0.10642089251620936
TCEB1P33	-0.1913282252081956
TCEB1P34	
TCEB1P35	
TCEB1P4	
TCEB1P5	-0.17629616398763542
TCEB1P6	
TCEB1P7	
TCEB1P8	0.382135059636399
TCEB1P9	
TCEB2	-0.04534373734338825
TCEB2P1	-0.06454495481283387
TCEB2P2	-0.10940871372074984
TCEB2P3	0.19501231101098984
TCEB2P4	-0.07782851528876028
TCEB3	0.2721159543642411
TCEB3B	0.02268304325732468
TCEB3C	
TCEB3CL	
TCEB3CL2	-0.12913790227528038
TCERG1	0.013383475281235926
TCERG1L	0.06565232773815308
TCF12	0.08645835776560651
TCF15	0.057107597590872146
TCF19	-0.1456379365304682
TCF20	0.3191244808628924
TCF21	-0.2391690192284332
TCF23	-0.2661497237499255
TCF24	0.20294727944331545
TCF25	-0.057845966377333434
TCF3	-0.027396209112372342
TCF4	0.2573841392361264
TCF7	0.19670525383975054
TCF7L1	-0.20470564991531473
TCF7L1-IT1	-0.1962835291851571
TCF7L2	0.009462773402951926
TCFL5	-0.08516877062394353
TCHH	-0.06255290163112324
TCHHL1	0.04533778794606414
TCHP	0.015402261338506865
TCIRG1	-0.033842203805281044
TCL1A	0.19554383609402917
TCL1B	-0.10003908238429829
TCL6	0.21997495401203251
TCN1	-0.12041926525147839
TCN2	-0.02494430171327794
TCOF1	0.04944577248892158
TCP1	0.04711349566221602
TCP10	-0.07133835182621594
TCP10L	0.19914337404981317
TCP10L2	-0.35882166661597825
TCP11	0.24721003945829745
TCP11L1	0.15803887222238563
TCP11L2	0.150906573216678
TCP11X1	
TCP11X2	-0.23344911859497566
TCP11X3P	0.1979570311874156
TCP1P1	-0.19197038648262948
TCTA	-0.1508235605372127
TCTE1	0.010888758941153355
TCTE3	0.004537291829332475
TCTEX1D1	0.045283743237246564
TCTEX1D2	-0.14072771534531398
TCTEX1D4	-0.03640706655700885
TCTN1	0.11349378630721495
TCTN2	0.1416883348049177
TCTN3	-0.03337463562514994
TDG	0.2745587636678693
TDGF1	0.1385585362881959
TDGF1P1	
TDGF1P2	
TDGF1P3	0.13591959562919576
TDGF1P4	
TDGF1P5	-0.06208260445091256
TDGF1P6	-0.10081953239722377
TDGF1P7	0.02106041530101693
TDH	0.01866871301604722
TDO2	0.31886295928027114
TDP1	0.04206614194438335
TDP2	-0.20302390276116986
TDPX2	-0.3287967640314699
TDRD1	0.15329576050099755
TDRD10	-0.17301415226522354
TDRD12	0.25721922153188065
TDRD15	0.11494507151880456
TDRD3	-0.20546007727470186
TDRD5	0.24542822284163857
TDRD6	0.042332859931269756
TDRD7	0.09726502393747664
TDRD9	0.3346124726224217
TDRG1	-0.15682951011454346
TDRKH	0.009177495779129989
TDRP	0.0632342709888244
TEAD1	0.2954312095079327
TEAD2	0.00869551745674726
TEAD3	-0.24375733282505546
TEAD4	-0.05906690305367981
TEC	0.042453385476944216
TECPR1	0.15772269444450432
TECPR2	0.16026075789874925
TECR	-0.3071591627042095
TECRL	0.017479599344286077
TECRP1	0.31283287226694595
TECRP2	-0.2783996478037743
TECTA	-0.03189225155065427
TECTB	0.028364280857402335
TEDDM1	0.17401521664782188
TEDDM1P1	0.02839406260297776
TEF	-0.17653002627137335
TEFM	-0.017614026298723315
TEK	0.09705694788554106
TEKT1	0.18568708527710576
TEKT2	0.27398080029658967
TEKT3	-0.11903553298788098
TEKT4	-0.0059432014869542785
TEKT4P2	0.2565735608756571
TEKT5	-0.011254037881802188
TELO2	0.048369533869432775
TEN1	0.4919995738038502
TEN1-CDK3	-0.29815616425072716
TENC1	-0.07073047284584726
TENM1	0.07769793171493258
TENM2	0.04143085129880762
TENM3	0.10850969228989012
TENM4	0.1895743047044928
TEP1	0.18674455387021047
TEPP	0.029719902447571018
TERC	0.15736217244289152
TERF1	0.1168277483928411
TERF1P1	-0.02562177098943106
TERF1P2	-0.11872558687477817
TERF1P3	-0.29989280946243035
TERF1P4	-0.011275301635501365
TERF1P5	0.3216696366994022
TERF2	0.1586776247884493
TERF2IP	0.1360885837182393
TERT	-0.1644893546594568
TES	-0.18178203973884785
TESC	-0.008409968974661687
TESK1	-0.08467628879947589
TESK2	-0.13510363370017817
TESPA1	0.17886204637027556
TET1	0.00535527384810915
TET1P1	0.4109088362058979
TET2	0.2977782594151323
TET2-AS1	0.10693623633180663
TET3	0.13939335707124995
TEX10	0.19075786139588422
TEX101	0.05125520374354323
TEX11	0.031501970483342606
TEX12	-0.3328606604658251
TEX13A	0.17934143359164323
TEX13B	0.382135059636399
TEX14	0.05113210306425744
TEX15	-0.11433679957804146
TEX19	-0.11597765564684848
TEX2	-0.02501777372352916
TEX21P	0.190729171651823
TEX22	0.05988052448365946
TEX26	-0.07525960882554929
TEX26-AS1	0.07976177524341728
TEX261	-0.05017633792327613
TEX264	-0.282607978064105
TEX28	-0.040899458384812855
TEX28P1	
TEX28P2	
TEX29	-0.009076227908235864
TEX30	0.0548109769569408
TEX33	-0.033867878712080676
TEX35	0.0238483160948313
TEX36	0.03497953896225831
TEX37	-0.030087446226975487
TEX38	-0.15827345046055913
TEX40	0.035899393991165346
TEX41	0.07843540209320499
TEX9	0.054928387680038084
TF	0.02053169071258103
TFAM	0.018544625591363304
TFAMP1	-0.4197509405168496
TFAMP2	-0.008967050010602105
TFAP2A	-0.07041671530200366
TFAP2A-AS1	0.007750679703683684
TFAP2B	0.10053111651776844
TFAP2C	0.031452642094473404
TFAP2D	0.19161263623496577
TFAP2E	0.05111085991221697
TFAP4	-0.14931309487130257
TFB1M	-0.10050310273365126
TFB2M	-0.11135694243929445
TFCP2	0.052006398921369185
TFCP2L1	0.03258589329341497
TFDP1	-0.07054736073222537
TFDP2	0.04525731410461672
TFDP3	-0.12796516198929725
TFE3	0.20715340842645769
TFEB	0.0825316966466894
TFEC	0.20401128539441818
TFF1	-0.09532780398709907
TFF2	-0.2169708946975151
TFF3	0.13213963993642883
TFG	-0.21168267980528177
TFIP11	0.37476616045154193
TFP1	-0.252165303732897
TFPI	-0.026058881721686043
TFPI2	-0.010425528704222234
TFPT	0.10616642111562548
TFR2	0.16768275559754076
TFRC	0.20442953058766503
TG	0.12478544153897524
TGDS	0.19974030855015545
TGFA	-0.22321205246057785
TGFA-IT1	-0.13382012737184595
TGFB1	0.13915739158434373
TGFB1I1	-0.15513306761833054
TGFB2	-0.01896193453976428
TGFB3	0.2710117722959019
TGFBI	0.07775436300301278
TGFBR1	0.34807642822881
TGFBR2	0.20377237461557135
TGFBR3	-0.05909328014268257
TGFBR3L	-0.2795701274071566
TGFBRAP1	0.06963386264599293
TGIF1	-0.10200158698148121
TGIF1P1	-0.04902736086154419
TGIF2	0.3119407869535973
TGIF2-C20orf24	
TGIF2LX	-0.03325912453167606
TGIF2LY	0.10656476774357872
TGIF2P1	0.08298553194385562
TGM1	-0.07331118629808793
TGM2	0.27058346072007633
TGM3	0.022294688930387625
TGM4	0.021078843069016934
TGM5	0.0007119943260738222
TGM6	0.22065754865026152
TGM7	-0.28806724559044444
TGOLN2	0.0008146358080178178
TGS1	0.3368933035071689
TH	0.026555056769714085
THA1P	0.14087881184117862
THADA	0.2773549479743698
THAP1	0.30595465724456655
THAP10	-0.19403635060479604
THAP11	0.07880082402926099
THAP2	0.3328356818004604
THAP3	0.10141540044626092
THAP4	-0.18171606458493933
THAP5	0.025627094392205813
THAP5P1	0.05617064052085033
THAP6	0.14137203098559153
THAP7	-0.15373844152547608
THAP7-AS1	0.016234843154244383
THAP8	-0.12851922437850186
THAP9	0.08039029229581873
THAP9-AS1	-0.08943845121353884
THBD	0.04510534595380189
THBS1	0.12612111345382707
THBS2	0.0661339117001816
THBS3	-0.030075365495365946
THBS4	0.2774424715601526
THEG	-0.14637169767007463
THEGL	-0.15287006381470875
THEM4	-0.0914986232080958
THEM5	0.29388121436838927
THEM6	-0.16023713363962422
THEMIS	0.16496090743478198
THEMIS2	0.14874255438837786
THEMIS3P	-0.1475939828417878
THG1L	-0.18703113945447528
THNSL1	0.03768804070077156
THNSL2	-0.09530632567921102
THOC1	0.20719622410403665
THOC2	0.17236396761227651
THOC3	-0.021116463911327234
THOC5	0.024279341119783734
THOC6	-0.1785962349699825
THOC7	-0.23090597329276344
THOC7-AS1	-0.04393865143812509
THOP1	-0.06512521748791054
THPO	0.19141416974171252
THRA	-0.2812770490583374
THRAP3	0.23458340041007103
THRAP3P1	-0.2901012631115839
THRB	-0.10528590421982698
THRB-AS1	-0.2456061790069335
THRB-IT1	0.1688916780902896
THRSP	-0.08048737337197728
THSD1	0.14145536205945766
THSD4	-0.17645861904062973
THSD7A	0.20582260190672672
THSD7B	0.13744001711883494
THTPA	-0.10645629874996552
THUMPD1	0.11017192691164171
THUMPD1P1	-0.16042991684363403
THUMPD2	0.09738129292153609
THUMPD3	0.10565681433217292
THY1	0.1488046854040999
THYN1	-0.2010605965807396
TIA1	0.03628711287833113
TIAF1	0.1523176764245044
TIAL1	0.13229357676229958
TIAM1	0.16622246307114907
TIAM2	0.05020590083501633
TICAM1	-0.03908021194728153
TICAM2	-0.13515823680157704
TICRR	-0.03207564616275177
TIE1	0.14473736977528778
TIFA	0.2280586553187917
TIFAB	0.26635475665351166
TIGD1	-0.23225049715638885
TIGD2	0.07178350371609875
TIGD3	-0.014790097501781225
TIGD4	-0.11237257574835434
TIGD5	-0.03209725336297015
TIGD6	0.0914052094582944
TIGD7	-0.042767685680539964
TIGIT	0.2741961532997944
TIMD4	0.11395437226449831
TIMELESS	0.03907510586691212
TIMM10	-0.062438464289663105
TIMM10B	-0.009750080431648909
TIMM13	-0.245903016129407
TIMM17A	-0.0744263122248701
TIMM17B	-0.07289041313251104
TIMM21	-0.13778552121006943
TIMM22	-0.01974635933394871
TIMM23	-0.16271611406480538
TIMM23B	-0.20524437301742904
TIMM44	-0.05018664208090892
TIMM50	-0.259765035459754
TIMM8A	-0.02766365415571897
TIMM8AP1	0.17945950172736908
TIMM8B	0.030889566080930048
TIMM8BP1	0.17728823839008928
TIMM8BP2	-0.12322958366826366
TIMM9	0.09791967999998398
TIMM9P1	0.0019983750150345558
TIMM9P2	0.382135059636399
TIMM9P3	-0.1867775318059819
TIMMDC1	-0.18056927107610285
TIMP1	0.2566809680755845
TIMP2	-0.046566749389442615
TIMP3	-0.18576527985710736
TIMP4	-0.2063494278251322
TINAG	-0.06866252935697757
TINAGL1	-0.24973349440276515
TINCR	-0.030864963862863203
TINF2	0.08718111834997326
TIPARP	0.24282434092679397
TIPARP-AS1	-0.2366099878554745
TIPIN	0.03295719202979371
TIPRL	-0.02279617034546934
TIRAP	-0.010930826111096826
TJAP1	0.014990293290141996
TJP1	0.16178198561349724
TJP2	0.09618626144436297
TJP3	0.015139432477122705
TK1	-0.17838391886548838
TK2	-0.029944843830674882
TKT	-0.14757684893844092
TKTL1	0.2551410826423636
TKTL2	0.005544521626383039
TLCD1	-0.2268662932314146
TLCD2	0.14059185584327927
TLDC1	-0.02855641303705459
TLDC2	-0.17680611131125418
TLE1	-0.057727616070192
TLE1P1	0.3629662926100318
TLE2	-0.19035970250713122
TLE3	0.04761364276228121
TLE4	0.043306349135608484
TLE6	0.024695048118347905
TLK1	0.11191108346352746
TLK1P1	-0.09124799858645692
TLK2	0.019502660015002653
TLK2P1	0.3977981578069938
TLL1	0.0609060484440915
TLL2	0.19498172095004426
TLN1	0.32580930246832335
TLN2	0.07082165835926178
TLR1	0.2194967794016583
TLR10	0.2914758676896895
TLR12P	-0.1140193402172674
TLR2	0.11910407630872827
TLR3	0.03951143757031776
TLR4	0.15287436884798697
TLR5	0.1435157937982938
TLR6	0.2796030651939331
TLR7	0.13473767122140065
TLR8	0.163885955083725
TLR8-AS1	0.29759224619616936
TLR9	0.2395948947249812
TLX1	-0.08095483216957722
TLX1NB	0.17634369241018527
TLX2	0.18308931968571784
TLX3	0.2099470806843922
TM2D1	-0.18376030130680404
TM2D2	0.14936265707075053
TM2D3	0.15929413281102603
TM4SF1	0.051250275050115104
TM4SF1-AS1	-0.15875793970318394
TM4SF18	0.11443987631596612
TM4SF19	0.1642145391328259
TM4SF19-AS1	0.035289272894132674
TM4SF2	
TM4SF20	-0.04829135998314021
TM4SF4	-0.2348706172963279
TM4SF5	-0.16957197152409836
TM6SF1	0.008928920461311895
TM6SF2	-0.11601140304285018
TM7SF2	-0.027751897719166172
TM7SF3	-0.08327921753638988
TM9SF1	0.2181794161652301
TM9SF2	-0.03696371348487591
TM9SF3	-0.0057103547447274585
TM9SF4	0.26691407676840323
TMA16	-0.00019215453851751743
TMA16P1	-0.2258311740784852
TMA16P2	-0.0639865672239311
TMA7	-0.0006761472063090537
TMBIM1	0.029776945091002968
TMBIM4	-0.10298866820539977
TMBIM6	-0.05696573619206976
TMC1	-0.23088075667077174
TMC2	-0.07490490409775587
TMC3	0.20950980036407277
TMC4	-0.2093693954142399
TMC5	0.05571885070380034
TMC6	0.17758116638416044
TMC7	0.1541415522191077
TMC8	0.17806135507326143
TMCC1	0.17828495130632527
TMCC1-AS1	-0.1213246775643016
TMCC1P1	-0.023893642239910834
TMCC2	0.15912699734730731
TMCC3	-0.03177618830465926
TMCO1	-0.06551382648128587
TMCO2	0.3566731636919477
TMCO3	0.06707474490731266
TMCO4	-0.15349636867344701
TMCO5A	0.11517770944872228
TMCO5B	0.06202884021116097
TMCO6	-0.21401311614978474
TMED1	0.07024521121885308
TMED10	-0.021899066881850046
TMED10P1	-0.18707923827161446
TMED10P2	0.09857104712997344
TMED11P	-0.05162263555333726
TMED2	-0.05797481137415615
TMED3	-0.1792060897101838
TMED4	-0.16631419637385617
TMED5	0.2440970490326341
TMED6	0.046621344730761766
TMED7	0.048693778108619086
TMED7-TICAM2	-0.2902642148192441
TMED8	0.2775058050631891
TMED9	-0.068753891351178
TMEFF1	-0.0031828388904124915
TMEFF2	-0.29673224755127864
TMEM100	-0.25890273808460096
TMEM101	-0.24490693896078045
TMEM102	-0.07739570102297877
TMEM104	0.1408421771921537
TMEM105	-0.23985472416259832
TMEM106A	0.06878514869595394
TMEM106B	0.07562891422571479
TMEM106C	-0.17390658146234164
TMEM107	-0.10531296505772464
TMEM108	0.06544332647004485
TMEM109	-0.04470684121952016
TMEM11	-0.14507890088991565
TMEM110	0.027870595510527833
TMEM110-MUSTN1	-0.2516050600039152
TMEM114	-0.0674035787175379
TMEM115	-0.20598312274268493
TMEM116	-0.17938741606563707
TMEM117	-0.02955270603943684
TMEM119	0.08827547035818656
TMEM120A	-0.15000052229856867
TMEM120B	-0.04914310847999097
TMEM121	0.07115239315412633
TMEM123	-0.057142018013378856
TMEM125	-0.32322921777061586
TMEM126A	-0.19885954439072537
TMEM126B	-0.1063374551450029
TMEM127	0.08666592824617364
TMEM128	-0.25372686795993343
TMEM129	-0.23927687210934492
TMEM130	0.2779482792593326
TMEM131	0.10610689306917295
TMEM132A	0.15163241799280855
TMEM132B	0.07019267568221395
TMEM132C	-0.11964378382453118
TMEM132D	0.011100829245008464
TMEM132E	-0.24369571435190698
TMEM133	-0.078075057333763
TMEM134	-0.20911199814485268
TMEM135	-0.003373307072982204
TMEM136	0.17908380461416637
TMEM138	0.007736777309178899
TMEM139	-0.12501234707348996
TMEM140	0.060193108063095524
TMEM141	-0.16463414057231077
TMEM143	-0.323407902984794
TMEM144	-0.07502905043000856
TMEM145	-0.11942954815036314
TMEM147	-0.15879292413191293
TMEM14A	-0.07657606597882399
TMEM14B	-0.2604151501723827
TMEM14C	-0.24756464044220164
TMEM14D	-0.22136523056459975
TMEM14E	-0.19089418174643014
TMEM150A	-0.08917805582265331
TMEM150B	-0.09848757097601409
TMEM150C	0.0410890644336303
TMEM151A	-0.09015830188245526
TMEM151B	0.09854107053695979
TMEM154	0.2539566648624236
TMEM155	0.05863961138950423
TMEM156	0.210755023866719
TMEM158	0.1443156252726876
TMEM159	0.07134240709137142
TMEM160	-0.14099607350830798
TMEM161A	-0.06455179035508067
TMEM161B	-0.06564316797130117
TMEM161B-AS1	-0.2262720658590036
TMEM161BP1	-0.13902106396905067
TMEM163	0.24362316016871524
TMEM164	0.018389335794783836
TMEM165	0.14307661638644836
TMEM167A	0.07661550343845985
TMEM167AP1	-0.0658104674513041
TMEM167B	0.10914390837191659
TMEM168	-0.10729141356537975
TMEM169	0.08822327850284624
TMEM17	0.08938898227950763
TMEM170A	0.08249923498603874
TMEM170B	0.10873425096473173
TMEM171	-0.06068592011203613
TMEM173	-0.09596035100512493
TMEM174	-0.27269300201330804
TMEM175	-0.12818552789688273
TMEM176A	-0.13123967053664512
TMEM176B	0.24351035273135008
TMEM177	-0.24351534701880442
TMEM178A	-0.16511710974215282
TMEM178B	0.32136461302870467
TMEM179	0.046639545990579616
TMEM179B	0.0856483769922061
TMEM18	-0.27822525245547214
TMEM180	-0.21599201531020493
TMEM181	0.17111552404291658
TMEM182	0.03947265673831983
TMEM183A	-0.0862213432947847
TMEM183AP1	-0.18747996700306468
TMEM184A	-0.16353047606421348
TMEM184B	0.19950387762154698
TMEM184C	0.15522252154346464
TMEM185A	0.05117907348068867
TMEM185AP1	-0.15215793510007863
TMEM185B	0.2715503678096438
TMEM186	-0.15969217706846386
TMEM187	-0.08001929562565648
TMEM189	-0.21719395436832364
TMEM189-UBE2V1	
TMEM19	-0.09805924460427809
TMEM190	0.36398976499449986
TMEM191A	-0.24647624179593952
TMEM191C	0.20973703257900378
TMEM192	-0.0510661648040702
TMEM194A	0.13736134683178336
TMEM194B	0.1666054680045928
TMEM196	0.1505714145220855
TMEM198	-0.2357633061115169
TMEM198B	-0.19431247396114446
TMEM199	-0.054184111626022616
TMEM2	0.1845287674119779
TMEM200A	0.0697431675334376
TMEM200B	-0.12658176118618272
TMEM200C	0.25277801225443486
TMEM201	-0.16498930086216132
TMEM202	0.1679211850129118
TMEM203	-0.10601667786819235
TMEM204	0.09293607367663324
TMEM205	-0.2830055230760546
TMEM206	0.13833460314166107
TMEM207	0.0419675916139867
TMEM208	0.031531243738076135
TMEM209	0.01165349251195013
TMEM210	-0.170741095430628
TMEM211	0.23629884797574835
TMEM212	-0.0906519713891347
TMEM212-AS1	0.1535160817928469
TMEM212-IT1	
TMEM213	0.06382533389034949
TMEM214	-0.09798933613359935
TMEM215	0.34849190997701246
TMEM216	-0.11638528388056742
TMEM217	0.27596608470696044
TMEM218	-0.061536647057032996
TMEM219	-0.04878636811602533
TMEM220	-0.04801920071004632
TMEM221	0.19693869038895453
TMEM222	-0.09401762865975352
TMEM223	-0.04981983370194513
TMEM225	0.11164307129095376
TMEM229A	-0.004520826100359006
TMEM229B	0.0723084972657513
TMEM230	-0.22965578984516724
TMEM231	0.005560071598289063
TMEM232	-0.041097780996021384
TMEM233	0.2299336089640197
TMEM234	-0.11065531719080375
TMEM235	-0.2683243846678911
TMEM236	-0.018684268277409155
TMEM237	-0.04445908596382288
TMEM238	-0.21254203208899797
TMEM239	0.07895672525638345
TMEM240	-0.07688309401805543
TMEM241	0.11578931904032976
TMEM242	-0.24662723673093312
TMEM243	0.05187499133180806
TMEM244	0.42505435266591013
TMEM245	0.09252071939056698
TMEM246	0.056756858414372044
TMEM247	0.30923538890830143
TMEM248	0.20380568060531473
TMEM248P1	-0.17346845577619893
TMEM249	-0.268138192162637
TMEM25	-0.029716686569629728
TMEM251	-0.05132392485630802
TMEM252	-0.09317427727011157
TMEM253	-0.0928828707603773
TMEM254	-0.1834672094871597
TMEM254-AS1	0.17071938978412077
TMEM255A	0.008324582771599219
TMEM255B	-0.014302692634869824
TMEM256	-0.14891077724116566
TMEM256-PLSCR3	0.05330163472559303
TMEM256P1	0.014960294174617196
TMEM256P2	-0.04393865143812509
TMEM257	-0.1337842836779095
TMEM258	-0.1330561281855249
TMEM259	-0.25072899417951394
TMEM26	-0.18535990813904635
TMEM260	0.12852835904096935
TMEM261	-0.26554453018004787
TMEM261P1	-0.14438269254895855
TMEM27	-0.27020381569506896
TMEM30A	0.190666337753672
TMEM30B	-0.080149619714693
TMEM30C	0.231703731748926
TMEM31	-0.16622926315349365
TMEM33	0.053898161654311806
TMEM35	-0.29240425984918905
TMEM37	-0.16946156315681649
TMEM38A	-0.16880216254892963
TMEM38B	-0.20017164707318877
TMEM39A	0.05890829369291525
TMEM39B	-0.16384279683915
TMEM40	0.010006426092972275
TMEM41A	-0.06064283692530949
TMEM41B	0.11420223380351725
TMEM42	-0.11522122392657098
TMEM43	0.01182715552980487
TMEM44	0.010991773679314169
TMEM44-AS1	-0.10294069690524035
TMEM45A	0.040443261116292255
TMEM45B	-0.0005553064496933243
TMEM47	-0.17277174474875256
TMEM5	-0.12366558471427778
TMEM5-AS1	0.20230643791042055
TMEM50A	-0.07921071109019846
TMEM50B	0.05979082059394262
TMEM51	-0.23566496224941139
TMEM51-AS1	-0.0658980752182298
TMEM52	-0.13826053751500392
TMEM52B	-0.1789237116669693
TMEM53	-0.14334787631858442
TMEM54	-0.15890188856341958
TMEM55A	0.08018009505907725
TMEM55B	-0.23045858812952869
TMEM56	-0.10457547686783795
TMEM57	0.20939987853517128
TMEM59	-0.06661437565600471
TMEM59L	-0.1532430528661057
TMEM60	-0.1760338054671142
TMEM61	-0.15802069073775438
TMEM62	-0.31163052321684204
TMEM63A	0.023696943627856532
TMEM63B	-0.10821086534771993
TMEM63C	-0.0648772310043353
TMEM64	0.1086933911139333
TMEM65	-0.07410490185359886
TMEM66	0.06412097579785579
TMEM67	0.17442964669642214
TMEM68	0.0932412326325109
TMEM69	-0.23627943705948518
TMEM70	-0.12175446222592098
TMEM71	0.22449899011435545
TMEM72	-0.19665831531780043
TMEM72-AS1	-0.1954177898287832
TMEM74	-0.3076121675367964
TMEM74B	-0.14474860828174793
TMEM75	-0.01637121025221955
TMEM78	-0.2191724789897605
TMEM79	0.14062235956626934
TMEM80	-0.027542824608196667
TMEM81	0.0467426044927642
TMEM82	-0.15245377672043436
TMEM86A	0.08724034681262725
TMEM86B	-0.12734041613633562
TMEM87A	0.11293226560904955
TMEM87B	0.16459553647176697
TMEM88	-0.15720895957868372
TMEM88B	0.02089552282878553
TMEM89	-0.20802044090792957
TMEM8A	-0.06331844680608338
TMEM8B	-0.13054356567162692
TMEM8C	-0.10548931657007325
TMEM9	-0.11071090703098677
TMEM91	-0.014468885939206833
TMEM92	0.040548711398411486
TMEM95	-0.03399769953539258
TMEM97	-0.19682677481916255
TMEM97P1	-0.038849064784273274
TMEM97P2	-0.0356000924522918
TMEM98	-0.20951898458525198
TMEM99	0.16446104105318834
TMEM9B	0.009251556569545677
TMEM9B-AS1	0.1276705607445829
TMF1	0.35218157088597124
TMIE	-0.22407323634722473
TMIGD1	-0.03387679548706306
TMIGD2	0.05957533547228569
TMLHE	-0.1732379261653151
TMLHE-AS1	-0.049163421228089824
TMOD1	-0.012595737639045056
TMOD2	0.10457497846888969
TMOD3	0.18670893907462283
TMOD4	
TMPO	0.01578504187980237
TMPO-AS1	-0.12698401972282028
TMPOP1	-0.05565328755273982
TMPPE	0.386066669396956
TMPRSS11A	0.06417702166424148
TMPRSS11B	-0.20086041590709425
TMPRSS11BNL	
TMPRSS11CP	
TMPRSS11D	0.3001061102198723
TMPRSS11E	-0.14965540839264596
TMPRSS11F	0.2459567738577234
TMPRSS11GP	-0.005624354190250816
TMPRSS12	-0.16624512811198797
TMPRSS13	0.18019084465405708
TMPRSS15	0.10653050544495522
TMPRSS2	0.1800730961850165
TMPRSS3	-0.04452310079833319
TMPRSS4	-0.03460991363298845
TMPRSS4-AS1	-0.014176108188694114
TMPRSS5	-0.217204306130869
TMPRSS6	0.2970714732082943
TMPRSS7	-0.06601215185355465
TMPRSS9	-0.12457873947607305
TMSB10	0.050211081333107845
TMSB10P1	-0.3442071064548696
TMSB10P2	-0.28653033481430495
TMSB15A	0.2876586557616983
TMSB15B	0.08782687166081803
TMSB4X	0.14535764578682805
TMSB4XP1	-0.31267314578523236
TMSB4XP2	-0.33368160771776006
TMSB4XP3	-0.17318538580577958
TMSB4XP4	-0.3176423840062159
TMSB4XP6	-0.32795006424946765
TMSB4XP8	-0.22921347466360914
TMSB4Y	-0.07945768626704766
TMTC1	0.07855856246295319
TMTC2	0.0033276508695222725
TMTC3	0.2706001985532006
TMTC4	-0.04239877037415714
TMUB1	-0.15883479961619454
TMUB2	-0.1049758135263683
TMX1	0.08409473676862149
TMX2	-0.2764387563427909
TMX2-CTNND1	
TMX3	0.22159312950067242
TMX4	0.23376307025198298
TNC	0.14168405239320905
TNF	0.11782936122424727
TNFAIP1	0.32096257221765595
TNFAIP2	0.18000845360322007
TNFAIP3	0.2062529319600492
TNFAIP6	0.08817034094660936
TNFAIP8	0.2524174388070008
TNFAIP8L1	0.03619974498587696
TNFAIP8L2	0.22351846430327
TNFAIP8L3	0.15724612075611236
TNFRSF10A	0.28178157796920633
TNFRSF10B	0.31061864958557817
TNFRSF10C	0.09763239205273035
TNFRSF10D	0.07976508644980042
TNFRSF11A	-0.10590652373311917
TNFRSF11B	0.11424118592009368
TNFRSF12A	0.1059677968154457
TNFRSF13B	-0.006474424459012101
TNFRSF13C	0.24053571833559334
TNFRSF14	0.001901637996397031
TNFRSF17	0.032098669013410124
TNFRSF18	0.1333399112181137
TNFRSF19	-0.25607086529543743
TNFRSF1A	-0.12628854193387878
TNFRSF1B	0.15631694515595826
TNFRSF21	0.03912287793815051
TNFRSF25	-0.054191240517245595
TNFRSF4	0.2414653435399285
TNFRSF6B	
TNFRSF8	0.27914692994017304
TNFRSF9	0.3313257744927785
TNFSF10	0.2741867201336126
TNFSF11	0.3044155840287768
TNFSF12	-0.07997187439135248
TNFSF12-TNFSF13	
TNFSF13	-0.004219869463245736
TNFSF13B	-0.0013340879263282219
TNFSF14	0.38670982599704756
TNFSF15	0.2789431712179364
TNFSF18	-0.10302421122418923
TNFSF4	0.0028137806702340836
TNFSF8	0.13124039649201635
TNFSF9	-0.08348879883030093
TNIK	0.12430509795045669
TNIP1	0.2638849278624024
TNIP2	-0.001614726437993142
TNIP3	0.07968814050682796
TNK1	-0.025307473977799623
TNK2	0.17804988008506067
TNK2-AS1	0.0749229192359803
TNKS	0.19234276181006274
TNKS1BP1	0.36711656233741996
TNKS2	0.2603567444438764
TNKS2-AS1	-0.08069376385684673
TNMD	-0.18989074042174467
TNN	0.14868168107936136
TNNC1	-0.1291875760615126
TNNC2	-0.15003075170334515
TNNI1	0.06763267672738991
TNNI2	0.09736660761338418
TNNI3	-0.3675098131501902
TNNI3K	-0.35906066684062526
TNNT1	-0.13819135005130972
TNNT2	-0.0278959089648834
TNNT3	0.12467208118134167
TNP1	0.26811376493056
TNP2	-0.003966677058398227
TNPO1	0.24716826504839715
TNPO1P1	-0.04913085999049441
TNPO1P2	-0.3250307382471754
TNPO2	-0.0205529442610207
TNPO3	0.2769638429554869
TNR	0.23546436686983963
TNR-IT1	0.01586933788838595
TNRC18	0.16650742202218838
TNRC18P1	-0.022504714006472658
TNRC18P2	-0.024596757802559748
TNRC18P3	-0.19969093730136003
TNRC6A	0.24979703789340324
TNRC6B	0.274074712967461
TNRC6C	0.24850769609777779
TNRC6C-AS1	0.14599389068521393
TNS1	-0.03951692897271345
TNS3	0.19763433553547682
TNS4	-0.014123122566232181
TNXA	0.12796050333974257
TNXB	0.047843736612907424
TOB1	-0.2680103339279356
TOB1-AS1	-0.25812134191138186
TOB2	-0.04945067030545348
TOB2P1	0.09973958301504071
TOE1	-0.04309517715689581
TOLLIP	-0.10545948127801316
TOLLIP-AS1	-0.0400401815731025
TOM1	-0.12415272915838486
TOM1L1	-0.20249775269229833
TOM1L2	-0.047672360936247375
TOMM20	-0.16842133159476677
TOMM20L	-0.2373879928097436
TOMM22	-0.24131669778047796
TOMM22P1	
TOMM22P2	-0.12913790227528038
TOMM22P3	-0.06453015786470977
TOMM22P4	-0.05297423705678533
TOMM22P5	-0.13720131922613313
TOMM22P6	
TOMM34	-0.12410246430631758
TOMM40	-0.16118003188459937
TOMM40L	-0.11603009100699412
TOMM5	-0.26309328283484185
TOMM6	
TOMM7	-0.06438384528228945
TOMM70A	-0.04218901519245659
TONSL	-0.25301416008821775
TOP1	0.30526884678605387
TOP1MT	-0.2387535102881827
TOP1P1	0.058496651695031376
TOP2A	-0.059591653370531975
TOP2B	0.18931693169262626
TOP3A	0.30928241164744813
TOP3B	-0.19491835442572059
TOP3BP1	-0.2740555253627849
TOPAZ1	-0.19946935200642513
TOPBP1	0.19641861015191567
TOPORS	0.19486648211226157
TOPORS-AS1	-0.1407023504452709
TOR1A	0.05650117179952118
TOR1AIP1	0.22064134066242133
TOR1AIP2	0.01432285092941164
TOR1B	0.007907412324749266
TOR2A	-0.21886739636777994
TOR3A	0.25088186160191817
TOR4A	0.0900325568671751
TOX	-0.08950653190004774
TOX2	0.017811601314770678
TOX3	-0.12889915929018908
TOX4	-0.00896994219590213
TOX4P1	-0.29114418496410244
TP53	0.03309019412875991
TP53AIP1	-0.35016862677068505
TP53BP1	0.3558258631713168
TP53BP2	0.27966842910769635
TP53I11	-0.1193522999482262
TP53I13	-0.16857156591293548
TP53I3	-0.182046096045791
TP53INP1	0.16249688083186203
TP53INP2	-0.05192786983089836
TP53RK	0.21015419792501852
TP53TG1	-0.09550835722515623
TP53TG3	-0.2815083813264106
TP53TG3B	
TP53TG3C	-0.12902718117359807
TP53TG3D	0.034172869705071815
TP53TG5	-0.1825977895422684
TP63	0.19997675043331473
TP73	0.10177818986730582
TP73-AS1	0.061718135857216194
TPBG	0.10988691380092902
TPBGL	0.1340706791216425
TPCN1	0.09822479339472796
TPCN2	0.07709229541114064
TPD52	-0.06662806864922241
TPD52L1	-0.20329160381315695
TPD52L2	0.006462838592376529
TPD52L3	0.02660401165187378
TPGS1	0.08719414066702993
TPGS2	-0.13728075914382654
TPH1	0.05189559002922266
TPH2	-0.01896773997071086
TPI1	-0.2884450873465979
TPI1P1	-0.3387472791820008
TPI1P2	0.022555565653674555
TPI1P3	-0.3204085706128003
TPI1P4	-0.41545157549002515
TPK1	0.14711340730291636
TPM1	-0.32945707152084175
TPM2	-0.26448279099269406
TPM3	-0.014699524861304415
TPM3P1	-0.31605666312820946
TPM3P2	-0.0599806908570039
TPM3P3	-0.03498424474384296
TPM3P4	-0.32083059935165864
TPM3P6	0.15027406913551652
TPM3P7	-0.3816638875505234
TPM3P8	-0.15279087142249867
TPM3P9	0.07407086717172563
TPM4	0.23744973211490267
TPM4P1	-0.15425103925960765
TPMT	-0.032756988464567094
TPMTP1	-0.12018493877487961
TPMTP2	-0.24013460254152463
TPMTP3	0.08027819583288763
TPMTP4	-0.21281156349967603
TPO	0.015280874781744837
TPP1	0.21029098669627863
TPP2	0.09009891899443345
TPPP	-0.1975353514965037
TPPP2	-0.2786863361554357
TPPP3	-0.2842401917247381
TPR	0.2584351745159681
TPRA1	-0.2069206511967944
TPRG1	0.10471092757822421
TPRG1-AS1	0.22171654974927946
TPRG1-AS2	-0.1475939828417878
TPRG1L	-0.2208853492865682
TPRKB	-0.2870027956124499
TPRKBP1	-0.1893363640567936
TPRKBP2	0.3282690521178888
TPRN	-0.15932245221488847
TPRX1	-0.14215138578314354
TPRX1P1	
TPRX2P	0.30806737567154596
TPRXL	-0.03685109709140724
TPSAB1	-0.0032747605931713313
TPSB2	-0.35233569731339687
TPSD1	-0.06329852885684739
TPSG1	0.0965180942152261
TPSP2	-0.47321146716672663
TPST1	0.10323887702066101
TPST2	0.12393868379342507
TPST2P1	0.18865222665574607
TPT1	-0.17410219186773174
TPT1-AS1	-0.07254917898269629
TPT1P1	-0.32425558498915763
TPTE	-0.17195628926239453
TPTE2	0.1287520435516165
TPTE2P1	-0.12396927787317713
TPTE2P2	-0.06561141090761974
TPTE2P3	-0.15259627904945386
TPTE2P4	-0.07402388038050065
TPTE2P5	-0.004761731408855742
TPTE2P6	-0.18821057656452603
TPTEP1	0.374638790644711
TPX2	-0.127502029231731
TRA2A	-0.10019340085611163
TRA2B	-0.01926356838783132
TRABD	-0.06800217495578
TRABD2A	-0.11020413488497031
TRABD2B	-0.005951131075651424
TRAC	0.24379190797262576
TRADD	-0.04939182138984361
TRAF1	0.2783794976684945
TRAF2	0.30857141825807455
TRAF3	0.3960206903381067
TRAF3IP1	-0.001357715953367804
TRAF3IP2	-0.11440941688896054
TRAF3IP2-AS1	0.09206480080833561
TRAF3IP3	0.21833588280277855
TRAF4	-0.14748034489495246
TRAF5	0.22627903326529686
TRAF6	0.20370095793231455
TRAF6P1	0.026611105043272947
TRAF7	-0.1966088136002464
TRAFD1	0.25426300191111906
TRAIP	-0.2787991269953084
TRAJ1	0.10930432293148513
TRAJ10	0.27220301527162344
TRAJ11	0.18231371940858365
TRAJ12	0.08927025226209528
TRAJ13	0.21515290792584577
TRAJ14	0.1854214627726566
TRAJ15	0.1035485277646718
TRAJ16	0.21410238415322885
TRAJ17	0.1569793241923536
TRAJ18	0.16395558249032388
TRAJ19	0.35141753123824293
TRAJ2	0.29039845166300976
TRAJ20	-0.17863403624641908
TRAJ21	-0.04494616222988098
TRAJ22	-0.050812583956446604
TRAJ23	-0.22949330988050629
TRAJ24	-0.11452967677818449
TRAJ25	0.00013496158858242223
TRAJ26	0.15633469520018245
TRAJ27	-0.13601162103644013
TRAJ28	0.3487177144045475
TRAJ29	-0.03320028760737606
TRAJ3	0.08573113131483631
TRAJ30	-0.07442265761246905
TRAJ31	-0.0052688824332551305
TRAJ32	0.1784851965730932
TRAJ33	0.019110937971377594
TRAJ34	0.096172677661308
TRAJ35	0.046400882971169365
TRAJ36	0.2055967087622553
TRAJ37	0.2811154335504311
TRAJ38	0.4121003200063328
TRAJ39	0.12211568474709747
TRAJ4	0.214944072809589
TRAJ40	-0.219446398730413
TRAJ41	-0.2869344344004389
TRAJ42	0.292865123098256
TRAJ43	-0.06339646274248595
TRAJ44	0.24846620201346303
TRAJ45	-0.03044287728420819
TRAJ46	-0.23077143311064555
TRAJ47	0.0177370838355511
TRAJ48	-0.13851716877786294
TRAJ49	0.09004724674482886
TRAJ5	0.22081137368626355
TRAJ50	0.13379487307304824
TRAJ51	0.382135059636399
TRAJ52	-0.060366239921133526
TRAJ53	-0.1332839651336877
TRAJ54	0.13786824393514954
TRAJ55	-0.22743641117234115
TRAJ56	-0.053367267825738016
TRAJ57	-0.17245787660798306
TRAJ58	-0.13209042656972095
TRAJ59	-0.1475939828417878
TRAJ6	-0.02670998660057543
TRAJ60	-0.05705424817102884
TRAJ61	0.16509324295565578
TRAJ7	-0.021902787928411275
TRAJ8	0.4148358143854629
TRAJ9	0.04542858096664199
TRAK1	-0.1681896988416242
TRAK2	-0.12056090533169585
TRAM1	0.22377600452340587
TRAM1L1	-0.1206382057398825
TRAM2	0.22981382893117228
TRAM2-AS1	-0.2423326390289779
TRANK1	0.1959692291258099
TRAP1	-0.30968102861651603
TRAPPC1	-0.05551499575410441
TRAPPC10	0.17473682674489463
TRAPPC11	0.15028327877311914
TRAPPC12	-0.06808254356103932
TRAPPC12-AS1	-0.11750989390460703
TRAPPC13	-0.004338522410143861
TRAPPC2	0.15646021841308003
TRAPPC2L	-0.27328866160463056
TRAPPC2P1	0.194945474950827
TRAPPC2P10	
TRAPPC2P2	0.279253956685984
TRAPPC2P3	-0.038684826110553176
TRAPPC2P4	
TRAPPC2P5	
TRAPPC2P7	
TRAPPC2P8	
TRAPPC2P9	
TRAPPC3	-0.10289866239656077
TRAPPC3L	0.03815071588772052
TRAPPC4	-0.10172335980010558
TRAPPC5	0.09635222886058527
TRAPPC6A	-0.027512754703807516
TRAPPC6B	0.1339172258314357
TRAPPC8	0.22329654118687842
TRAPPC9	0.41693001442537203
TRAT1	0.1696645239016538
TRAV1-1	0.2080123418250261
TRAV1-2	-0.12290407195790387
TRAV10	0.15611210998425482
TRAV11	-0.01173718238474834
TRAV12-1	0.1392700878784077
TRAV12-2	0.2344426263505791
TRAV12-3	0.2357327264984348
TRAV13-1	0.2052184131029647
TRAV13-2	0.2274678583339942
TRAV14DV4	0.16086982513542916
TRAV15	0.13810988376643737
TRAV16	0.18157556001703898
TRAV17	0.2743816260543424
TRAV18	0.1747807892826883
TRAV19	0.2824941945634295
TRAV2	0.24482118093232794
TRAV20	0.26057188489330324
TRAV21	0.2894968546096788
TRAV22	0.3294224651397156
TRAV23DV6	0.34248150747579
TRAV24	0.3005384800445711
TRAV25	0.32896750367150335
TRAV26-1	-0.07366620646897579
TRAV26-2	0.32084602316388305
TRAV27	0.2975614445588266
TRAV28	0.24967028837904817
TRAV29DV5	0.20533364372119745
TRAV3	0.19135303294893716
TRAV30	-0.09427002401879861
TRAV31	0.19450677473247727
TRAV32	-0.16170673095150628
TRAV33	-0.11077819858624674
TRAV34	0.2865999980190133
TRAV35	0.17676069882010248
TRAV36DV7	0.24476529285823015
TRAV37	-0.09463316990709149
TRAV38-1	0.2513402462804746
TRAV38-2DV8	0.2882500738848545
TRAV39	0.3422353024409979
TRAV4	0.28293009963254717
TRAV40	-0.054476807512897914
TRAV41	0.38097584424123915
TRAV5	0.38600914892837807
TRAV6	0.2845192073526349
TRAV7	0.024636516436098876
TRAV8-1	0.26139708982536763
TRAV8-2	0.19156718798238956
TRAV8-3	0.2931872578296029
TRAV8-4	0.16923164426034704
TRAV8-5	0.035995649043635974
TRAV8-6	0.17251186513642106
TRAV8-7	0.27856102840617913
TRAV9-1	0.360660867710904
TRAV9-2	0.27879504420449236
TRBC2	0.19444469401090395
TRBJ2-1	-0.0707582088875846
TRBJ2-2	0.19399110220609536
TRBJ2-2P	0.06847600754384765
TRBJ2-3	0.20190097527974063
TRBJ2-4	0.19893894203915766
TRBJ2-5	-0.1365336604475366
TRBJ2-6	0.15863093851908086
TRBJ2-7	0.10876327241803564
TRBV1	0.16829583301439102
TRBV10-1	0.16738675753697668
TRBV10-2	0.028194118070153214
TRBV11-1	0.2095573424059687
TRBV11-2	0.42212951960814704
TRBV12-1	0.20647372089941404
TRBV12-2	0.18579799345449896
TRBV19	0.16975640963999938
TRBV2	0.26916276937847206
TRBV20-1	0.2554348646098494
TRBV20OR9-2	-0.31139923150304755
TRBV21-1	0.09035362786138768
TRBV21OR9-2	0.028026863696317874
TRBV22-1	0.0909267787812763
TRBV22OR9-2	
TRBV23-1	0.1370654551183632
TRBV23OR9-2	-0.12666121002273903
TRBV24-1	0.048087988555319955
TRBV24OR9-2	-0.008967050010602105
TRBV25-1	0.3655971572867827
TRBV25OR9-2	0.025280350783787587
TRBV26	-0.008967050010602105
TRBV26OR9-2	0.3600693796971958
TRBV27	0.15414116266966094
TRBV28	0.2774105263041817
TRBV29-1	0.18963007369060622
TRBV29OR9-2	0.13291993224518894
TRBV3-1	0.22099561609868307
TRBV30	-0.23630798418036894
TRBV4-1	0.08319136028786604
TRBV4-2	0.07600009602698703
TRBV5-1	0.20231915774335063
TRBV5-2	-0.008967050010602105
TRBV5-3	0.16702710050508904
TRBV5-4	0.13670191840496462
TRBV5-5	0.1902724582629618
TRBV5-6	0.44921022235563884
TRBV5-7	0.23149846751949668
TRBV6-1	0.19218730198744238
TRBV6-4	-0.017681942803875438
TRBV6-5	0.20645126516722087
TRBV6-6	0.1474103595896161
TRBV6-7	-0.09060023817610727
TRBV6-8	0.012727615070670856
TRBV6-9	-0.02358519670239703
TRBV7-1	0.08707241329157948
TRBV7-3	0.22916291247602044
TRBV7-4	0.21042216591487722
TRBV7-5	-0.015782594432530404
TRBV7-6	0.2591825832691161
TRBV7-7	0.11150257830903793
TRBV7-8	0.1622863928288203
TRBV8-1	
TRBV8-2	0.08089502996177497
TRBV9	0.33825126087460006
TRBVA	
TRBVB	-0.09409216140615095
TRDC	0.030790838040619703
TRDD1	
TRDD2	0.035899393991165346
TRDD3	0.08193851307330781
TRDJ1	0.13016397797847465
TRDJ2	0.35369356362625803
TRDJ3	0.1738618795428344
TRDJ4	-0.08355469964534416
TRDMT1	0.19559819784660867
TRDN	-0.34282274328805984
TRDV1	0.17066304386205572
TRDV2	-0.08606727757212057
TRDV3	-0.08358902894206549
TREH	-0.11463060256830244
TREM1	0.10478877974460095
TREM2	-0.24290036399533324
TREML1	0.08713315699248865
TREML2	0.20557000724462574
TREML3P	-0.04814276987343636
TREML4	-0.07713548030072427
TREML5P	-0.10629463267606214
TRERF1	0.32655845218443563
TRERNA1	-0.09112873455184231
TREX1	-0.0787597131941797
TREX2	0.24808711323689087
TRGC1	-0.002373015712870495
TRGC2	-0.024606744054643307
TRGJ1	0.3684157341452073
TRGJ2	0.06815817053573783
TRGJP	-0.09235148189792267
TRGJP1	0.2825990313220987
TRGJP2	-0.179320068821023
TRGV1	0.1466306276480516
TRGV10	0.013334879453402714
TRGV11	0.17328750775665214
TRGV2	-0.003319748143593937
TRGV3	0.10973048500666116
TRGV4	0.029382220171212652
TRGV5	0.21495735273363137
TRGV5P	0.2044428589281778
TRGV6	0.15125062199620606
TRGV7	-0.04121195297951415
TRGV8	0.222322760238556
TRGV9	0.02633766804124503
TRGVA	-0.011854514450106022
TRGVB	0.10233303264666878
TRH	0.16164765286959543
TRHDE	-0.1497860565284998
TRHDE-AS1	0.004844084133502066
TRHR	-0.1307038480407703
TRIAP1	-0.03065629161665953
TRIAP1P1	
TRIB1	0.10685650234472013
TRIB2	0.2936438845126451
TRIB3	0.14111506176334465
TRIL	
TRIM10	-0.081043938946925
TRIM11	0.07085261440181315
TRIM13	0.158268855519422
TRIM14	-0.023056278190343102
TRIM15	0.12031615362680469
TRIM16	0.17190927712924922
TRIM16L	-0.29371339815656555
TRIM17	-0.24776988038557643
TRIM2	0.07323397033964121
TRIM21	0.20205945997797825
TRIM22	0.1814567960706392
TRIM23	0.20547362180969386
TRIM24	0.07825103212439043
TRIM25	0.13100064129294886
TRIM26	0.12587873274785694
TRIM26BP	0.039982152345695056
TRIM27	0.18917583340750052
TRIM28	-0.04171601493904118
TRIM29	0.04087167079745208
TRIM3	-0.19911548255810987
TRIM31	0.05182431106922484
TRIM31-AS1	-0.08354337639875598
TRIM32	0.010910938352084653
TRIM33	0.2985929971548365
TRIM34	0.03097019814535936
TRIM35	0.08721611554338546
TRIM36	-0.1490359587023259
TRIM36-IT1	-0.10127069336491609
TRIM37	0.057058919929251696
TRIM38	0.3790645448731923
TRIM39	0.21967304227517076
TRIM39-RPP21	
TRIM4	0.2934245984068177
TRIM40	0.2892591386450123
TRIM41	-0.14763413518288956
TRIM42	0.06308756583189927
TRIM43	0.275123804416944
TRIM43B	-0.07490936427170568
TRIM43CP	-0.06771789217600625
TRIM44	0.3186051855489523
TRIM45	-0.28804630495346567
TRIM46	0.10595188731866155
TRIM47	-0.015557693608119316
TRIM48	0.03903722814866742
TRIM49	0.24215245203047617
TRIM49B	-0.2628612110081325
TRIM49C	-0.0735175939970319
TRIM49D1	0.014016784201860642
TRIM5	0.2019886240389736
TRIM50	-0.231947909951828
TRIM51	
TRIM51BP	-0.08886973564974113
TRIM51CP	
TRIM51DP	
TRIM51EP	-0.16170673095150628
TRIM51FP	
TRIM51GP	0.07675860874039324
TRIM51HP	-0.11525478465694508
TRIM51JP	0.023525794675710338
TRIM52	0.10618682694266661
TRIM52-AS1	-0.04093669161221739
TRIM53AP	-0.008967050010602105
TRIM53BP	0.09264081707958585
TRIM53CP	-0.14636727682896555
TRIM54	-0.1391663547504372
TRIM55	-0.18480533022391568
TRIM56	0.34770564467035553
TRIM58	0.06363878352925295
TRIM59	0.21481207611775172
TRIM6	-0.29458235414413964
TRIM6-TRIM34	
TRIM60	0.0038161770387567006
TRIM60P10Y	
TRIM60P11Y	
TRIM60P13	0.035899393991165346
TRIM60P14	-0.07209556055458537
TRIM60P15	-0.008967050010602105
TRIM60P16	-0.008967050010602105
TRIM60P17	-0.1928596558861967
TRIM60P18	0.028392392672302858
TRIM60P19	0.18602945124542533
TRIM60P3Y	-0.008967050010602105
TRIM60P5Y	
TRIM60P8Y	
TRIM60P9Y	-0.008967050010602105
TRIM61	0.37151955519329066
TRIM62	0.2742111235372199
TRIM63	-0.18889300121804936
TRIM64	-0.267822837736567
TRIM64B	0.020962172264838753
TRIM64C	-0.09708333410521983
TRIM64DP	0.12184931493889554
TRIM64EP	-0.17203210372158195
TRIM64FP	0.11454740169534439
TRIM65	-0.07672664078514296
TRIM66	-0.11083117972819448
TRIM67	0.3036351748729388
TRIM68	0.03092045632530713
TRIM69	0.23338912415788018
TRIM7	-0.04348441296805752
TRIM71	0.03154753790155904
TRIM72	0.23348907220062945
TRIM73	-0.21894430672217782
TRIM74	0.027958728386322157
TRIM77	-0.04008042004656544
TRIM8	0.1544506007693861
TRIM9	-0.024047418909682365
TRIML1	0.29677763244707617
TRIML2	0.026916678711197232
TRIO	0.19392973951065762
TRIOBP	-0.24979366651582385
TRIP10	-0.16542566934910832
TRIP11	0.3225132785358512
TRIP12	0.3997305576505993
TRIP13	-0.09147080000062162
TRIP4	0.08128298955583574
TRIP6	0.12139063308680256
TRIQK	0.005003974487779431
TRIT1	-0.0038114652875032773
TRMT1	-0.021684277547939553
TRMT10A	0.27814995447909435
TRMT10B	0.05486467446703013
TRMT10C	0.1772068598478538
TRMT11	-0.15443130545697528
TRMT112	0.06333239682608945
TRMT112P1	-0.008967050010602105
TRMT112P2	
TRMT112P4	0.11525704139163098
TRMT112P5	-0.2172751356672936
TRMT12	-0.007135890997542171
TRMT13	0.168171367742204
TRMT1L	0.12559744219998223
TRMT2A	-0.14934748201991932
TRMT2B	-0.06687770961418746
TRMT2B-AS1	-0.27363524872805395
TRMT44	0.06479588747955489
TRMT5	0.1224534094846236
TRMT6	0.03244147761091055
TRMT61A	-0.27169690423896264
TRMT61B	-0.08574227028059371
TRMU	-0.0986268613255458
TRNAI2	-0.005147479467281258
TRNAI6	-0.001490858301608414
TRNAQ41P	-0.35112429592438665
TRNAS30P	
TRNAU1AP	-0.13483331405760118
TRNP1	-0.2608645623673744
TRNT1	0.18339580151520615
TRO	0.07755306477315008
TROAP	-0.2400613328181019
TROVE2	0.3046040271644076
TRPA1	0.1423869923156676
TRPC1	0.06561331137025145
TRPC2	-0.17344845616710894
TRPC3	-0.051168221562117214
TRPC4	0.08762143884736215
TRPC4AP	0.1966309254002857
TRPC5	0.1320391031623906
TRPC5OS	-0.2597443501133771
TRPC6	0.06631389607170934
TRPC6P	-0.0011857789576814712
TRPC7	-0.11570688724748164
TRPC7-AS1	0.005471899928392312
TRPC7-AS2	0.19127739485592418
TRPM1	0.1657782893328821
TRPM2	0.038262941422799256
TRPM3	0.15663839804769938
TRPM4	-0.12046356851871387
TRPM5	-0.006041236706112365
TRPM6	-0.07703454397852745
TRPM7	0.08128257794771415
TRPM8	-0.12361748045722709
TRPS1	0.2264071247042186
TRPT1	-0.3149098470220032
TRPV1	-0.07261558946423884
TRPV2	0.14593772708420555
TRPV3	-0.05315768116216442
TRPV4	0.10020416822580114
TRPV5	-0.05953863923686332
TRPV6	-0.11926697651976563
TRRAP	0.413728439354157
TRUB1	0.03538298601681207
TRUB2	-0.22299379803731928
TSACC	-0.04112147712963308
TSC1	0.24808967892097178
TSC2	0.1653208423601174
TSC22D1	0.004645577802198413
TSC22D2	0.056379261462578587
TSC22D3	-0.12602545285448752
TSC22D4	0.08946350195878616
TSEN15	0.07843195714614017
TSEN15P1	-0.055272438416125995
TSEN15P2	0.382135059636399
TSEN15P3	-0.16170673095150628
TSEN2	-0.2834351421078534
TSEN2P1	-0.11603560248420125
TSEN34	-0.17936080205126384
TSEN54	-0.2302936089544355
TSFM	-0.18851533587621513
TSG101	-0.14611892679221136
TSGA10	0.07292975039354813
TSGA10IP	-0.13161501541163828
TSGA13	-0.14125231869242072
TSHB	0.279253956685984
TSHR	0.19762305694705568
TSHZ1	-0.14266313276494544
TSHZ2	0.2215697549033481
TSHZ3	0.047158278942320685
TSIX	0.004790360099972984
TSKS	0.3780921698544917
TSKU	-0.1678441538989694
TSLP	-0.24152963521720677
TSN	0.12426858760739355
TSNARE1	-0.09976725995523511
TSNAX	0.039307902711182695
TSNAX-DISC1	0.25571368779852843
TSNAXIP1	0.03395157215786571
TSPAN1	-0.07709996217960219
TSPAN10	-0.1397650554277186
TSPAN11	0.24796275049146363
TSPAN12	-0.13102844517039114
TSPAN13	-0.09323576233783029
TSPAN14	-0.08377198928650714
TSPAN15	-0.21310938868055823
TSPAN16	-0.21608460306509478
TSPAN17	0.13169480182212234
TSPAN18	0.013742935137905699
TSPAN19	0.006876709676156061
TSPAN2	-0.07695130054843907
TSPAN3	-0.24891671814009605
TSPAN31	0.16232011811929695
TSPAN32	0.1393095874482445
TSPAN33	0.14725559744216915
TSPAN4	-0.05572767739724171
TSPAN5	0.19906178353270085
TSPAN6	-0.10510988962270326
TSPAN7	-0.24550628445426634
TSPAN8	-0.0551035254476714
TSPAN9	-0.012811049343403786
TSPAN9-IT1	-0.008377195312614197
TSPEAR	-0.1963954129709456
TSPEAR-AS1	0.31951196912361157
TSPO	0.05297513532071732
TSPO2	-0.12953538116834964
TSPY1	
TSPY10	
TSPY11P	-0.16913970963809177
TSPY12P	0.15090989318890055
TSPY13P	-0.04393865143812509
TSPY14P	0.01586933788838595
TSPY15P	-0.09825543370216497
TSPY16P	0.02603337963773514
TSPY17P	0.2374434146922825
TSPY18P	-0.18623046484940525
TSPY19P	0.0017152167669955511
TSPY2	0.02110353609233014
TSPY20P	0.017649229380971045
TSPY21P	
TSPY22P	-0.10483322177232719
TSPY23P	
TSPY24P	0.18502000944044317
TSPY25P	0.10634525446665892
TSPY26P	0.005906623957332339
TSPY3	
TSPY4	
TSPY5P	0.275232431474977
TSPY6P	
TSPY7P	
TSPY8	-0.005624354190250816
TSPYL1	0.05090126487926167
TSPYL2	0.03614494274071511
TSPYL4	0.09379308916755244
TSPYL5	0.25512110946715055
TSPYL6	-0.2382422219848523
TSR1	0.2621655968886569
TSR2	-0.2878596150321533
TSR3	-0.025449616796508576
TSSC1	-0.02947003214863195
TSSC1-IT1	0.1302844680732024
TSSC2	0.13137173634076402
TSSC4	0.05086746873243284
TSSK1A	0.030298910297538662
TSSK1B	0.13907145879106003
TSSK2	0.14587505109990867
TSSK3	0.025458874310723804
TSSK4	-0.127950967402483
TSSK5P1	0.10656476774357872
TSSK6	-0.12253990256047581
TST	-0.11768245936732087
TSTA3	-0.14464733207306163
TSTD1	-0.12971116834754315
TSTD2	0.08642996506564374
TSTD3	-0.05069287321197301
TTBK1	-0.3047987984760368
TTBK2	0.237268940430305
TTC1	-0.13087211600044954
TTC12	0.10685540798968564
TTC13	-0.02323842654232053
TTC14	0.13947593904139402
TTC16	0.06542896417227538
TTC17	0.06387122988510058
TTC18	0.08140775211321348
TTC19	-0.25783419206945274
TTC21A	0.004131305599066131
TTC21B	0.1868079146977096
TTC22	-0.15661985348216792
TTC23	-0.3331241778085
TTC23L	0.177781138381723
TTC24	0.27920563549040883
TTC25	0.021404089443691255
TTC26	0.09680143467314174
TTC27	0.09432622049558044
TTC28	0.19389472327214385
TTC28-AS1	-0.20473763747008913
TTC29	-0.1536610155842952
TTC3	0.26384838790572973
TTC3-AS1	-0.14263282733829766
TTC30A	-0.014296459935159347
TTC30B	0.15529508956746635
TTC31	-0.21601588942468838
TTC32	-0.15062123836391716
TTC33	0.1802289865760699
TTC34	-0.034531746802685795
TTC36	-0.10134101022627948
TTC37	0.16755851094971183
TTC38	0.013375447938068233
TTC39A	-0.12106195075660264
TTC39B	0.1181571105918493
TTC39C	0.20166656907182476
TTC39CP1	-0.12913790227528038
TTC39DP	-0.22407139251822764
TTC3P1	0.03881287236048558
TTC4	-0.029212118381505548
TTC40	0.1301255551214465
TTC4P1	0.4597486512739658
TTC5	-0.16027420693151603
TTC6	-0.05160346234688775
TTC7A	-0.010973737469490569
TTC7B	0.11181554634388578
TTC8	-0.20129490125973584
TTC9	0.25113352659667615
TTC9B	-0.08128344131272147
TTC9C	-0.05179325818791981
TTF1	0.2417400707468542
TTF2	-0.06169346799939556
TTI1	0.2294632553097238
TTI2	0.0867161808435645
TTK	-0.1413685430852998
TTL	0.15793201144485294
TTLL1	-0.2151840675596299
TTLL10	-0.2417537498558367
TTLL10-AS1	-0.04745698071645608
TTLL11	0.03163804240194018
TTLL11-IT1	-0.015539770393533285
TTLL12	-0.03488619484877591
TTLL13	-0.1226498756880908
TTLL2	-0.12740207619608732
TTLL3	-0.18183821915149045
TTLL4	0.3046265239521224
TTLL5	-0.3010503628518146
TTLL6	-0.2694963645182996
TTLL7	-0.03713573744104869
TTLL7-IT1	0.03506557601642535
TTLL8	0.26941759247920427
TTLL9	0.05444080206630562
TTN	0.2714385352461602
TTN-AS1	0.17799487138135084
TTPA	-0.23072120106069482
TTPAL	0.34896008924226574
TTR	-0.09261172973861355
TTTY1	0.15180737036241304
TTTY10	-0.25313092604636184
TTTY11	0.03251076513785253
TTTY12	-0.09356945385311216
TTTY13	-0.19779726910976225
TTTY14	-0.20101890120450616
TTTY15	-0.01146922977377608
TTTY16	
TTTY17A	
TTTY17B	
TTTY17C	
TTTY18	-0.27102928558897443
TTTY19	0.0019983750150345558
TTTY1B	
TTTY2	-0.14020500588646723
TTTY20	
TTTY21	
TTTY21B	
TTTY22	0.1646590409808923
TTTY23	0.28053452153389247
TTTY23B	-0.0010407187690756096
TTTY25P	-0.1287439432693359
TTTY2B	-0.1558855974045817
TTTY3	
TTTY4	-0.008967050010602105
TTTY4B	0.279253956685984
TTTY4C	
TTTY5	0.01586933788838595
TTTY6	
TTTY6B	-0.18623046484940525
TTTY7	-0.2724276581874481
TTTY7B	-0.14119335191473098
TTTY8	0.035899393991165346
TTTY8B	-0.08658710783298788
TTTY9B	-0.22761462260913956
TTYH1	-0.2203814679163284
TTYH2	0.05187020982593916
TTYH3	0.01072512066704874
TUB	-0.04491838162745891
TUBA1A	-0.10711954696163152
TUBA1B	-0.1620642447620337
TUBA1C	-0.001671748141473028
TUBA3C	0.3854743907535907
TUBA3D	-0.20073417857779133
TUBA3E	-0.15019191175970548
TUBA3FP	-0.08111362229954314
TUBA3GP	0.050436024437622365
TUBA4A	-0.23309943241308986
TUBA4B	-0.3003623201044199
TUBA8	0.005244529168645613
TUBA8P2	0.15412674824317518
TUBAL3	-0.15238940333391313
TUBAP	0.1894865012838821
TUBB	-0.0973372879006671
TUBB1	0.3318812702251192
TUBB1P1	-0.125824965362078
TUBB1P2	-0.2161618373181129
TUBB2A	0.11162878836311797
TUBB2B	0.12690820943272
TUBB2BP1	0.2924388992901139
TUBB3	0.14569657681470435
TUBB3P1	-0.35723145803324885
TUBB3P2	-0.20884044513133385
TUBB4A	0.33745797520479726
TUBB4AP1	0.09870525544799964
TUBB4B	-0.22252444453798037
TUBB4BP1	-0.1475939828417878
TUBB4BP2	0.0606687583362513
TUBB4BP3	-0.27282089338293886
TUBB4BP4	-0.22372264977758347
TUBB4BP5	0.057414306607450796
TUBB4BP6	-0.18232522891911063
TUBB4BP7	-0.10910974355038125
TUBB6	-0.13501369392811033
TUBB7P	-0.2609191913355581
TUBB8	-0.2140278904164488
TUBB8P1	0.19936217024173927
TUBB8P10	-0.03726586574615405
TUBB8P11	0.003006642375534621
TUBB8P2	0.3172226416799837
TUBB8P3	-0.044227990706262314
TUBB8P4	0.1193857145738813
TUBB8P5	-0.17189733244447933
TUBB8P6	-0.08909363658935984
TUBB8P7	-0.21925153642694317
TUBB8P8	-0.09931423083294448
TUBB8P9	-0.23009663464580873
TUBBP1	-0.2519530530936857
TUBBP10	-0.1979377257824712
TUBBP11	
TUBBP2	-0.2645914492569435
TUBBP5	-0.015076532932855765
TUBBP6	-0.22515808042534569
TUBBP8	0.1586505034855469
TUBBP9	0.27150904297517287
TUBD1	0.26560659681577936
TUBE1	-0.02471126490438117
TUBG1	-0.22077571585966527
TUBG1P	-0.0634652702725594
TUBG2	-0.10065210517211305
TUBGCP2	-0.01331556150639134
TUBGCP3	-0.011039338756816638
TUBGCP4	0.24596468783758502
TUBGCP5	-0.27968665450755653
TUBGCP6	0.05781708974122795
TUFM	-0.14391550232978184
TUFMP1	-0.36318884135316937
TUFT1	0.03813372596451531
TUG1	0.13184508165544293
TULP1	-0.1040945147662365
TULP2	-0.03257021352833356
TULP3	0.03216012348159099
TULP3P1	-0.03289675874838855
TULP4	0.19428225263684887
TUSC1	-0.05554682324672644
TUSC2	-0.16968385691120602
TUSC3	0.02278050928867198
TUSC5	0.001762701048806485
TUSC7	0.15934360768112152
TUT1	-0.08207981266387739
TVP23A	0.20357024056085374
TVP23B	0.2104485643122591
TVP23BP1	0.10656476774357872
TVP23BP2	0.1533507197230443
TVP23C	-0.05227112013459035
TVP23C-CDRT4	
TVP23CP1	-0.31347156107858437
TVP23CP2	-0.1763301811293904
TWF1	0.027853139421982653
TWF1P1	-0.03323864453657044
TWF2	-0.025465618723282575
TWIST1	0.11927377898004292
TWIST2	0.05145438446759882
TWISTNB	0.19249894051591007
TWSG1	0.08692312882430792
TXK	0.1076747285970677
TXLNA	0.2798222376092489
TXLNB	0.22925928895298608
TXLNG	0.22495441671837277
TXLNG2P	-0.050622705235352936
TXN	-0.33267496685650877
TXN2	-0.2771412518191298
TXNDC11	0.029238511783458227
TXNDC12	-0.031370136677663314
TXNDC12-AS1	
TXNDC15	-0.02474682789948603
TXNDC16	0.021331566254328742
TXNDC17	-0.20255219512584396
TXNDC2	-0.18760373012564474
TXNDC5	0.013433245378482504
TXNDC8	0.5337701013181079
TXNDC9	0.1857256972168207
TXNIP	-0.28473400374885466
TXNL1	0.008672649507654522
TXNL1P1	-0.04929266779623301
TXNL4A	-0.198285199693387
TXNL4B	-0.0185844224800502
TXNRD1	-0.04554911330684975
TXNRD2	-0.09668569283125536
TXNRD3	-0.01990866684846957
TXNRD3NB	
TYK2	0.08071248511205958
TYMP	0.09647576218118786
TYMS	-0.12005764652591014
TYR	0.11503977187253538
TYRL	
TYRO3	0.02432589772667507
TYRO3P	-0.0727682126090944
TYROBP	-0.0062725040287117655
TYRP1	0.004901770135160108
TYSND1	-0.1998563029192751
TYW1	0.17753812322466014
TYW1B	0.08895601042468604
TYW3	0.11448406920516895
TYW5	0.23555940139693815
U1	0.028537678739075575
U2AF1	-0.1405784664878771
U2AF1L4	-0.19273469206005564
U2AF2	-0.15371028625507144
U2SURP	0.23574534277458448
U3	-0.09520794978848625
U4	0.1742861747971169
U6	0.23795334084817213
U7	
U73166.2	-0.1323424825794262
U8	-0.20698731338410334
UACA	0.025365791725389775
UAP1	-0.014817276474042405
UAP1L1	-0.005262531947110965
UBA1	0.2172932179567056
UBA2	0.1613113317831238
UBA3	0.018461459141760356
UBA5	-0.09499049290198776
UBA52	0.16645665257974687
UBA52P3	-0.33061974795516985
UBA52P5	-0.3058545154069733
UBA52P6	-0.22833813755128654
UBA52P7	-0.15941924043365446
UBA52P8	0.02413063504069166
UBA52P9	0.06936162246066482
UBA6	0.43348389213318367
UBA6-AS1	0.08799695436686099
UBA7	0.2890354304249578
UBAC1	-0.31701468657609355
UBAC2	-0.09909931854745102
UBAC2-AS1	-0.21827918229997523
UBALD1	0.07302803154591202
UBALD2	-0.16714636481236197
UBAP1	0.1713935305728655
UBAP1L	0.009334060035095414
UBAP2	-0.007375670387893134
UBAP2L	0.05351174478491655
UBASH3A	0.24371493349373552
UBASH3B	0.1650377118903056
UBB	-0.09753840017082258
UBBP1	-0.23342720806615724
UBBP2	-0.10370811092152223
UBBP3	-0.115907746917567
UBBP4	-0.28351319539323894
UBBP5	-0.2036326634384086
UBC	0.10091891677320064
UBD	0.30750342421408017
UBDP1	0.016404880605419607
UBE2A	-0.021222067942687044
UBE2B	0.020018723483558775
UBE2C	-0.16644911260914383
UBE2CP1	-0.13686048491786032
UBE2CP2	-0.0717047086542064
UBE2CP3	-0.26643950503076
UBE2CP4	-0.3277029306880013
UBE2D1	0.08750794462595307
UBE2D2	-0.1699668302552378
UBE2D3	0.15385231680817482
UBE2D3P1	-0.31394509720838437
UBE2D3P2	-0.33258660667361206
UBE2D3P3	0.06638948744718319
UBE2D3P4	0.035899393991165346
UBE2D4	-0.21887835708581357
UBE2DNL	-0.15161791713995773
UBE2E1	-0.15195894308563865
UBE2E1-AS1	0.020298399872828332
UBE2E2	0.1198415122489451
UBE2E2-AS1	0.011365903681662471
UBE2E3	-0.07343463312003644
UBE2F	0.25029058615191563
UBE2F-SCLY	0.030484965718982876
UBE2FP1	-0.1530420894971574
UBE2FP2	-0.053742325380721226
UBE2FP3	0.2746917391296124
UBE2G1	0.36317187113719845
UBE2G2	-0.05752769258829307
UBE2H	0.23312286881845162
UBE2HP1	0.05812928454430503
UBE2I	0.014613251260860225
UBE2J1	0.190917324656494
UBE2J2	0.23087228911062718
UBE2K	-0.07778696466373748
UBE2L2	-0.10543378262238934
UBE2L3	0.08893846963191435
UBE2L4	-0.29205796748812496
UBE2L5P	-0.10454375076609927
UBE2L6	0.18207418617907625
UBE2M	-0.1745783829879295
UBE2MP1	-0.12293901230385093
UBE2N	0.032490184740746546
UBE2NL	-0.3414655265570445
UBE2O	0.24315005704220968
UBE2Q1	-0.27674658791269185
UBE2Q1-AS1	0.1047727728042464
UBE2Q2	0.018198751511175282
UBE2Q2P1	0.061300572936824775
UBE2Q2P2	0.05462663990455449
UBE2Q2P3	-0.2089314399110865
UBE2Q2P4Y	
UBE2Q2P5Y	
UBE2QL1	-0.11076322594077466
UBE2R2	-0.03769319765571726
UBE2S	-0.050011207101338766
UBE2SP1	-0.05032925446593304
UBE2SP2	-0.1940743738147284
UBE2T	-0.17482079429365116
UBE2U	0.011272538390652868
UBE2V1	0.15571579833059207
UBE2V1P1	-0.09629600672863672
UBE2V1P10	
UBE2V1P11	-0.10828998998958102
UBE2V1P12	
UBE2V1P2	-0.2928229836919494
UBE2V1P3	0.288189422341405
UBE2V1P4	
UBE2V1P5	0.09751083358427365
UBE2V1P6	0.05554035127269124
UBE2V1P7	
UBE2V1P8	-0.13341906452684746
UBE2V1P9	-0.2672933675185007
UBE2V2	0.08194208259695086
UBE2V2P1	-0.05984518584738616
UBE2V2P2	0.02322795131534932
UBE2V2P3	-0.30456794554914757
UBE2V2P4	-0.13471757709992863
UBE2W	0.15366953486531096
UBE2WP1	-0.047431186298813134
UBE2Z	0.1858704668546596
UBE3A	0.2414304363211912
UBE3AP2	-0.25351585101238505
UBE3B	0.05836974398833657
UBE3C	0.10441478098167982
UBE3D	0.024319970176767524
UBE4A	0.27535755122574346
UBE4B	-0.048455872026751716
UBFD1	0.20984032685788365
UBFD1P1	0.07588093041869265
UBIAD1	0.14385155342811187
UBL3	-0.06533857382694559
UBL4A	-0.13316874688339386
UBL4B	0.11088914600212987
UBL5	0.0462059326530722
UBL5P1	
UBL5P2	-0.29348004857076515
UBL5P3	0.33854839642637
UBL5P4	-0.2873912868595671
UBL7	0.08068648227871282
UBL7-AS1	-0.11453760052038266
UBLCP1	0.3705473031169882
UBN1	0.1727310708959663
UBN2	0.34315480670577425
UBOX5	-0.10452839621818297
UBOX5-AS1	-0.175419520737191
UBP1	-0.05274834548389251
UBQLN1	0.070847114183767
UBQLN1P1	-0.01389188898182212
UBQLN2	0.1567073938774004
UBQLN3	0.15222000921542894
UBQLN4	-0.04497853476290417
UBQLN4P1	0.38776238032752863
UBQLN4P2	-0.017588798217379235
UBQLNL	0.14446363049035624
UBR1	0.3145488037610788
UBR2	0.22769699160371146
UBR3	0.2644554291897384
UBR4	0.3397846358324703
UBR5	0.32929839383821563
UBR7	-0.2549545061591621
UBTD1	0.17406692460277082
UBTD2	0.06553683128083153
UBTF	0.0646181114447606
UBTFL1	0.3476463014164872
UBTFL2	-0.18611991121349739
UBTFL3	0.06621490558208666
UBTFL5	-0.11921477361302676
UBTFL6	0.04709660553162771
UBTFL7	-0.23382047967816444
UBTFL8	0.12013532494336922
UBXN1	-0.10390790463408907
UBXN10	-0.37898654845006097
UBXN11	-0.13449396789024895
UBXN2A	0.3131072797270642
UBXN2B	0.20596903155869706
UBXN4	0.14217427159099147
UBXN6	-0.08980546750142436
UBXN7	0.32602279516283383
UBXN7-AS1	-0.2609159604199928
UBXN8	-0.1807648713834161
UCA1	0.10829010828685376
UCHL1	0.004905112451963981
UCHL1-AS1	0.01586933788838595
UCHL3	-0.22072193128568293
UCHL5	-0.19783943776941107
UCK1	-0.022766576764704075
UCK2	-0.2022641779535027
UCKL1	-0.2829227785502998
UCMA	0.22981378089751406
UCN	0.11230370754583285
UCN2	0.054271755064404965
UCN3	-0.09007714625775252
UCP1	-0.03180508309254198
UCP2	0.19928696526879344
UCP3	0.15712313577075826
UEVLD	0.040103762921764124
UFC1	-0.22339396148558532
UFD1L	-0.10656279584215278
UFL1	0.1590679568753375
UFL1-AS1	-0.0365426302491114
UFM1	0.14399232419244135
UFSP1	0.07809223306616758
UFSP2	-0.19822191728728042
UGCG	0.24756966359312665
UGDH	-0.07290356136142931
UGDH-AS1	-0.03813007995810949
UGGT1	0.4193089839223932
UGGT2	0.19783902224028266
UGP2	-0.04206132555964769
UGT1A1	-0.22233416704850226
UGT1A10	-0.1579103413460612
UGT1A11P	0.15675226241304183
UGT1A12P	-0.18676396872538842
UGT1A13P	-0.3522362738083261
UGT1A2P	0.05559818589134302
UGT1A3	
UGT1A4	-0.12916090807531957
UGT1A5	
UGT1A6	-0.07627362491599837
UGT1A7	-0.16703763781270026
UGT1A8	-0.06320528718159375
UGT1A9	-0.1740274425114667
UGT2A1	0.03797014768415499
UGT2A2	0.0061827096326884014
UGT2A3	-0.1323910368314522
UGT2A3P7	-0.11487733618663576
UGT2B10	-0.14220391313582817
UGT2B11	0.13122476543759146
UGT2B15	-0.183235747028049
UGT2B17	0.0857126817524947
UGT2B28	0.015035568484456512
UGT2B29P	0.05450224060417498
UGT2B4	0.22428635931975216
UGT2B7	-0.13465204697146668
UGT3A1	-0.14524073977220234
UGT3A2	-0.2468906629297393
UGT8	-0.13863159800005523
UHMK1	0.3654939475703547
UHRF1	0.015104662765216414
UHRF1BP1	0.09869477885024303
UHRF1BP1L	0.2391708147777211
UHRF2	0.20656741705163664
UHRF2P1	-0.23496687883688205
UIMC1	0.22208546752471295
ULBP1	-0.06757358953061249
ULBP2	0.11762266291021382
ULBP3	0.20435611792237016
ULK1	0.055576863254366525
ULK2	0.041227299762738916
ULK3	-0.1282542320673507
ULK4	-0.19799301071726721
ULK4P1	0.10178911977626978
ULK4P2	0.14549874515857542
ULK4P3	-0.08050426065200514
UMOD	0.3009944826785484
UMODL1	-0.056588940079843913
UMPS	0.053122056454764394
UNC119	0.08745299665604918
UNC119B	0.05927986183895971
UNC13A	0.18138297182571012
UNC13B	-0.006368424788036399
UNC13C	-0.12303153920091016
UNC13D	0.15815123820642285
UNC45A	0.18420995859614003
UNC45B	0.08083954672365654
UNC50	-0.12754014278707984
UNC5A	0.06173197759340533
UNC5B	-0.11860780414900883
UNC5B-AS1	0.07623520427377535
UNC5C	0.07075462134157788
UNC5CL	-0.15420796854617194
UNC5D	-0.002102822019866783
UNC79	0.1926946260642769
UNC80	0.04665531886752287
UNC93A	-0.17580319298726205
UNC93B1	0.06260669837224266
UNC93B2	-0.2879223855535037
UNC93B3	0.17744209935034708
UNC93B4	0.008993469887518752
UNC93B5	-0.043454174978316905
UNC93B6	-0.3269156232662734
UNC93B7	-0.17479448484618698
UNC93B8	0.35731340131967676
UNCX	-0.10737954921608348
UNG	-0.17681629068374008
UNGP1	-0.06269668045034005
UNGP3	-0.1420014236290024
UNK	-0.11084327951749044
UNKL	0.0033634952011737064
UOX	-0.09830303522144736
UPB1	-0.10593201155292174
UPF1	0.22667470444243715
UPF2	0.328785853088227
UPF3A	-0.20775184419240042
UPF3AP1	0.27626806477676263
UPF3AP2	0.22253049190838997
UPF3AP3	-0.22676926436014327
UPF3B	-0.16480527864033825
UPK1A	0.2518956483126851
UPK1A-AS1	0.08120450701635941
UPK1B	-0.10268710370885521
UPK2	0.3684017222083855
UPK3A	-0.014619515989445928
UPK3B	-0.013238307348450893
UPK3BL	
UPK3BP1	0.20182991373048081
UPP1	0.05006608244440001
UPP2	0.1634077137564376
UPRT	-0.16725756527184685
UQCC1	-0.1016702031770973
UQCC2	0.043610999692741535
UQCR10	-0.2381069310585902
UQCR11	-0.02903969778850609
UQCRB	-0.20850409962453814
UQCRBP1	-0.3512213320243922
UQCRBP2	-0.24786070922546122
UQCRBP3	-0.14854380881092452
UQCRC1	-0.2345275569543128
UQCRC2	-0.31972914876606806
UQCRC2P1	-0.2134372437440922
UQCRFS1	-0.24181620445790547
UQCRFS1P1	-0.3421866489291895
UQCRFS1P2	-0.2941138159659815
UQCRFS1P3	0.09841335754784836
UQCRH	-0.2532447568101205
UQCRHP1	-0.04672311546675974
UQCRHP2	-0.1039828623655005
UQCRHP3	0.032461401155904866
UQCRHP4	-0.07321590418042599
UQCRQ	-0.052644605531977855
URAD	-0.1657585053257067
URAHP	-0.11694201112513437
URB1	0.31873071558280486
URB2	0.2733814278508317
URGCP	-0.07987344625918588
URGCP-MRPS24	
URI1	-0.05128003486851909
URM1	-0.07045648970924856
UROC1	0.07705374223474418
UROD	-0.32444971554930296
UROS	-0.0852167536229379
USB1	0.1385388604918438
USE1	0.004463472244180506
USF1	0.11761929962821342
USF1P1	0.1432596478323915
USF2	-0.1734913691844612
USH1C	-0.15553834696230207
USH1G	-0.13094707417478021
USH2A	-0.01082548192138791
USHBP1	-0.045503832697983096
USMG5	-0.11657197713538348
USMG5P1	-0.28616893138126237
USO1	0.2030895221484763
USP1	0.07056258250315524
USP10	0.2772445874132034
USP11	0.2946352019623338
USP12	-0.23510699821520348
USP12-AS1	0.017649229380971045
USP12-AS2	0.07371526845454275
USP12PX	0.31261058977316075
USP12PY	0.014876723047793717
USP13	0.15481591111617377
USP14	0.23046336655253
USP15	0.1908673409297135
USP16	0.11492461705972061
USP17L10	0.24897301760582147
USP17L11	
USP17L12	
USP17L13	
USP17L14P	-0.03325912453167606
USP17L15	
USP17L16P	
USP17L17	
USP17L18	
USP17L19	
USP17L1P	
USP17L2	-0.15116547993630763
USP17L20	
USP17L21	
USP17L22	
USP17L23	
USP17L24	
USP17L25	
USP17L26	
USP17L27	
USP17L28	
USP17L29	
USP17L3	0.3161776310959886
USP17L30	
USP17L4	0.01586933788838595
USP17L5	
USP17L6P	0.035899393991165346
USP17L7	-0.15879200184450182
USP17L8	
USP17L9P	
USP18	-0.02191036792883561
USP19	0.11136062287149645
USP2	-0.11859249065488837
USP2-AS1	-0.30006023517411007
USP20	0.23088297374080755
USP21	-0.13305731350333413
USP22	0.24594464086351353
USP24	0.3790252868702794
USP24P1	0.07922981034762824
USP25	0.05104839252063996
USP26	-0.016456501598610486
USP27X	-0.041011677586777255
USP27X-AS1	0.09980112123587682
USP28	0.21448178906048684
USP29	-0.061856609857743015
USP3	0.17736946323112093
USP3-AS1	-0.16496766995516424
USP30	-0.15174084730804513
USP30-AS1	0.06056578906861808
USP31	0.12238181427230813
USP32	0.3685083818126168
USP32P1	0.333565916843202
USP32P2	0.14729462697150375
USP32P3	0.114632030047968
USP33	0.18335287542629855
USP34	0.3525326281873975
USP35	-0.08610863919506585
USP36	0.06182733583381368
USP37	0.36046439737458746
USP38	0.2035198745712075
USP39	-0.27325187417902363
USP4	0.27096665542534376
USP40	0.21906937452319242
USP41	0.0313276511135311
USP42	0.36084201229188473
USP43	-0.07794887265227861
USP44	0.17424954504903453
USP45	-0.037178461630739484
USP46	0.019408674230618435
USP46-AS1	-0.002844189919430788
USP47	0.30524617432037715
USP48	0.19871964670337317
USP49	0.15749867484166077
USP5	-0.15077923717248828
USP50	-0.2225902184008714
USP51	0.1492982777349486
USP53	0.161489071138686
USP54	0.1879811180576505
USP6	0.060785673491117305
USP6NL	0.2710393586578684
USP7	0.02679672636207874
USP8	0.21348094649263846
USP8P1	0.18581440351509595
USP9X	0.3049089688582417
USP9Y	0.02677389027154362
USP9YP1	0.05683645809188669
USP9YP10	
USP9YP11	
USP9YP12	0.00804192958458817
USP9YP13	
USP9YP14	-0.047363564763044666
USP9YP15	
USP9YP16	
USP9YP17	-0.18623046484940525
USP9YP18	
USP9YP19	
USP9YP2	-0.3809930271475579
USP9YP20	
USP9YP21	
USP9YP22	0.21508913979963365
USP9YP23	
USP9YP24	-0.16170673095150628
USP9YP25	
USP9YP26	
USP9YP27	-0.23344911859497566
USP9YP28	-0.16290098752327942
USP9YP29	
USP9YP3	0.12886810507809068
USP9YP30	
USP9YP31	
USP9YP32	
USP9YP33	
USP9YP34	
USP9YP35	
USP9YP36	-0.004344561145051568
USP9YP4	-0.008967050010602105
USP9YP5	-0.1975617457524797
USP9YP6	-0.03325912453167606
USP9YP7	
USP9YP8	0.015035447947456282
USP9YP9	
USPL1	0.21166127643481467
UST	0.18044185569405835
UTF1	-0.3428139581119611
UTP11L	0.1921471003489485
UTP14A	0.13219200118558208
UTP14C	0.3116855439364538
UTP15	0.23205588187605666
UTP18	0.11383578458324022
UTP20	0.2833934283898182
UTP23	0.20859916183616348
UTP3	0.159572576802252
UTP6	0.2710320395216715
UTRN	0.22616095070213973
UTS2	0.2806358739217061
UTS2B	-0.02414849878304632
UTS2R	-0.06919596515882752
UTY	-0.016530193373060862
UVRAG	0.2272790027100989
UVSSA	-0.05798650232748775
UXS1	-0.03617179964551564
UXT	-0.2652296665896858
VAC14	0.2211815353351501
VAC14-AS1	-0.03595573303675817
VAMP1	0.05507877987470505
VAMP2	-0.20861131412920655
VAMP3	-0.08212388974507084
VAMP4	0.12271650225743745
VAMP5	0.1319587558274358
VAMP7	-0.0958630875977694
VAMP8	-0.1112123551320524
VANGL1	0.09280252279783535
VANGL2	-0.07094188554121794
VAPA	-0.06454124594969599
VAPB	-0.13457899818124777
VARS	-0.024558652393661756
VARS2	-0.3488886103429353
VASH1	0.1658823685909565
VASH2	0.17296310274205917
VASN	0.16974871932494925
VASP	0.0731709714697522
VAT1	-0.24869973268883933
VAT1L	-0.0764672778932042
VAV1	0.2669350039388461
VAV2	0.007317589650167633
VAV3	-0.10564966885034648
VAV3-AS1	0.1978611896648523
VAX1	-0.18356316237517045
VAX2	-0.012933974900563725
VBP1	0.010743157504952569
VCAM1	0.225713385260605
VCAN	0.21539395685580368
VCAN-AS1	0.20088046455094458
VCL	0.00609837742360241
VCP	0.22710167945147114
VCPIP1	0.32888942274977195
VCPKMT	0.217274258986849
VCX	-0.053836492899834
VCX2	0.034637413507744186
VCX3A	-0.04784325280799444
VCX3B	-0.15037754132110603
VCY	-0.005624354190250812
VCY1B	0.08471965945657588
VDAC1	-0.2487620639076772
VDAC1P1	-0.3583142057099377
VDAC1P10	-0.2787794782302701
VDAC1P11	-0.26429910526520994
VDAC1P12	-0.1348826661815763
VDAC1P2	-0.32336220223682915
VDAC1P3	-0.3825414309142142
VDAC1P4	-0.1632568670928996
VDAC1P5	-0.33700027224961043
VDAC1P6	-0.2678684427888262
VDAC1P7	-0.3309604222418391
VDAC1P8	-0.2973182799243144
VDAC1P9	-0.10504424526184265
VDAC2	-0.046174764261638725
VDAC2P1	-0.2293017016500271
VDAC3	-0.2289556057932736
VDAC3P1	-0.18991663976861103
VDR	-0.10470250262022501
VEGFA	-0.1782212372962693
VEGFB	-0.17644014867260147
VEGFC	0.023169208399087888
VENTX	-0.1031724195043838
VENTXP1	-0.08836752304380639
VENTXP2	-0.16170673095150628
VENTXP4	-0.14647918485664854
VENTXP5	0.09567436844247666
VENTXP6	0.010158751985604588
VENTXP7	0.2345451047873294
VEPH1	-0.04544363052377597
VEZF1	0.008815202888658915
VEZF1P1	-0.13671572455419986
VEZT	0.21429276998653418
VGF	0.012594206426254194
VGLL1	-0.022008397751537272
VGLL2	0.12047129772825259
VGLL3	0.0029792934795119614
VGLL4	-0.07931728522745929
VHL	0.25469158917031054
VHLL	0.17514332982444403
VIL1	-0.17417112360333234
VILL	-0.05344714931855867
VIM	0.06724556351861612
VIM-AS1	0.07233694389559595
VIMP	0.039991434666458464
VIMP1	-0.18724637987497628
VIP	-0.0620186750450979
VIPAS39	-0.12493148187037936
VIPR1	-0.279324356802045
VIPR1-AS1	-0.11975096358756755
VIPR2	0.0697890430883311
VIT	-0.11715346349970743
VKORC1	-0.20483744324228875
VKORC1L1	0.11045151103486123
VLDLR	-0.030011797328842307
VMA21	0.27294187966806915
VMAC	0.15955147776543652
VMO1	-0.09204841557145023
VMP1	-0.08267247320296185
VN1R1	-0.002121166020355157
VN1R104P	0.19484320476110042
VN1R105P	-0.036922802932663756
VN1R107P	-0.17203210372158195
VN1R108P	0.0022893881787358137
VN1R10P	-0.008954505178598518
VN1R110P	-0.10283772947316114
VN1R11P	0.23041346628356318
VN1R12P	-0.0010407187690756096
VN1R13P	
VN1R14P	0.17598555077886963
VN1R17P	-0.11004039563935293
VN1R2	-0.026004060892058044
VN1R20P	-0.10206094323860768
VN1R21P	-0.1368800054099472
VN1R25P	-0.10483322177232719
VN1R28P	0.21591401605797725
VN1R3	-0.18949968780814894
VN1R31P	
VN1R32P	-0.05297423705678533
VN1R33P	-0.0824905935597885
VN1R34P	-0.03224419839982786
VN1R35P	-0.005624354190250816
VN1R36P	
VN1R37P	-0.02615774623273874
VN1R38P	0.04147873382238048
VN1R4	-0.10279958342678797
VN1R40P	
VN1R42P	0.19208003946118585
VN1R46P	-0.05207408690207286
VN1R48P	-0.008967050010602105
VN1R5	0.004658196679089771
VN1R51P	-0.21860272656110094
VN1R53P	0.30886808994283105
VN1R64P	-0.04645045115344982
VN1R65P	0.025386196658713042
VN1R66P	0.0024361570013071605
VN1R67P	0.2193694144894447
VN1R68P	0.244477218708669
VN1R69P	-0.008967050010602105
VN1R6P	-0.23760498670896799
VN1R70P	0.0919802005916154
VN1R71P	-0.16204248973232857
VN1R78P	-0.09627629760849082
VN1R79P	
VN1R7P	-0.07243224673845453
VN1R80P	0.027139991347274857
VN1R81P	-0.05004648316022576
VN1R82P	0.23505456546074535
VN1R83P	0.11859346890448959
VN1R84P	0.025543140110726486
VN1R85P	-0.28229959121164827
VN1R87P	-0.016670384347289603
VN1R88P	-0.17629616398763542
VN1R8P	-0.10906139469436613
VN1R90P	
VN1R91P	-0.23344911859497566
VN1R92P	
VN1R93P	-0.00896705001060209
VN1R96P	0.015842653808821477
VN2R10P	0.3613528305981131
VN2R11P	-0.15730000532408797
VN2R17P	-0.2013999707760851
VN2R19P	-0.03849358668340471
VN2R1P	-0.11545365627068682
VN2R3P	-0.0625840243671302
VN2R4P	0.10656476774357872
VN2R5P	
VN2R6P	0.016404880605419607
VN2R9P	0.22075481302137584
VNN1	0.2796907253562339
VNN2	0.1837626150611463
VNN3	0.17064839881221627
VOPP1	0.30769012282054636
VPRBP	0.18894530288931888
VPREB1	-0.1315933377605701
VPREB3	0.27693536650542044
VPS11	0.15122781425407017
VPS13A	0.19844532923677868
VPS13A-AS1	-0.054783605443042525
VPS13B	0.3042006799266581
VPS13C	0.3725542758839767
VPS13D	0.29829274650358983
VPS16	0.0025511387795620712
VPS18	0.27169278671608726
VPS25	-0.31685505477881615
VPS25P1	-0.10903746558139339
VPS26A	0.1411988556081834
VPS26AP1	0.044175308234566474
VPS26B	-0.24040149607068406
VPS26BP1	-0.04791614587265579
VPS28	-0.15493080885889507
VPS29	-0.12970627269345414
VPS33A	0.07904634619306773
VPS33B	0.10339902360907634
VPS35	0.09380390262836348
VPS36	-0.022200020652317586
VPS37A	-0.01593697976989901
VPS37B	-0.007548523144349505
VPS37C	-0.09638877224222007
VPS37D	-0.07485885754713549
VPS39	0.19019256071037025
VPS41	0.25250113095379717
VPS45	0.05602419710057692
VPS4A	-0.14798634685885376
VPS4B	0.12756644228221248
VPS51	-0.1733540743504183
VPS52	-0.17985160432533864
VPS53	0.16865095209166617
VPS54	0.15871952163385455
VPS72	0.03566283269180219
VPS8	0.1325618986016626
VPS9D1	-0.11305062066545532
VPS9D1-AS1	0.20828877235355822
VRK1	-0.01779620937720402
VRK2	0.22370024201972974
VRK3	-0.04662320525533348
VRTN	0.032594377886884233
VSIG1	0.16085591656510953
VSIG10	-0.21117408453606967
VSIG10L	0.08702108365334388
VSIG2	-0.21699254189476097
VSIG4	-0.14596253756625724
VSIG8	-0.00212862951800366
VSNL1	-0.029437079336085793
VSTM1	0.1696659063493234
VSTM2A	-0.33282559728550115
VSTM2B	0.30657868100996366
VSTM2L	-0.1322582070118594
VSTM4	-0.028846166550971195
VSTM5	-0.17147208292106014
VSX1	0.01676744313929529
VSX2	-0.2540768848507578
VTA1	-0.05734902279684944
VTCN1	-0.2105112471607445
VTI1A	0.15601181655805546
VTI1B	0.06780766958159597
VTI1BP1	-0.3597382630125286
VTI1BP2	0.02549278389944861
VTI1BP3	0.4435236485748829
VTI1BP4	-0.1297087870596126
VTN	-0.040400330687530496
VTRNA1-1	0.13896204446118182
VTRNA1-2	0.15186692920833447
VTRNA1-3	0.06221880550294299
VTRNA2-1	0.14873091926122278
VTRNA3-1P	0.01586933788838595
VWA1	0.07959701037468098
VWA2	-0.1298398579788099
VWA3A	0.0890700341888427
VWA3B	-0.15148710124065573
VWA5A	-0.2041616742809473
VWA5B1	-0.16069459664618682
VWA5B2	-0.016575044336941788
VWA7	-0.1823149527727901
VWA8	0.1678552731520542
VWA8P1	0.05427006212197454
VWA9	-0.059032456545141804
VWC2	-0.0389640723636819
VWC2L	-0.04402802748559583
VWC2L-IT1	
VWCE	0.22795862126817706
VWDE	0.2099437202409939
VWF	0.18992432088082836
VWFP1	0.20790766548171624
Vault	-0.08098929493999658
WAC	0.1730921276270469
WAC-AS1	0.08836753716023607
WAPAL	0.27953654852352083
WARS	0.10383874263007958
WARS2	-0.2207447704767337
WARS2-IT1	-0.012345789611574577
WARS2P1	0.3195026546974533
WAS	0.20353624311245394
WASF1	0.20142661051160016
WASF2	0.1719285168221355
WASF3	0.183752569471438
WASF3-AS1	0.06009414746945961
WASF4P	-0.2513414046652832
WASF5P	0.08816842325320973
WASH2P	-0.09083521816872196
WASH3P	-0.06967776729052196
WASH4P	-0.08479483781446963
WASH5P	0.08479457490591678
WASH6P	-0.166228039517306
WASH7P	-0.14850081901699677
WASIR1	-0.039194504224940724
WASIR2	0.02685501244030614
WASL	-0.060966002118517215
WBP1	-0.23118663421088556
WBP11	0.017295461832717584
WBP11P1	-0.25821606985260315
WBP1L	0.32574348058020514
WBP1LP1	0.09608491230684196
WBP1LP2	0.23926684234907858
WBP1LP3	
WBP1LP4	
WBP1LP5	
WBP1LP6	0.08146643951156896
WBP1LP7	-0.007813638517492574
WBP2	-0.01342422660407208
WBP2NL	-0.09447627900982221
WBP2P1	-0.11764558140882639
WBP4	-0.04608770298447091
WBP5	-0.21962112776303302
WBSCR16	-0.23413207705389902
WBSCR17	-0.31254139056479946
WBSCR22	-0.21001507971967104
WBSCR27	0.04144146395938145
WBSCR28	-0.2708816802122024
WDFY1	0.10948976026243273
WDFY2	0.23086929756930535
WDFY3	0.2846220138048689
WDFY3-AS1	-0.27175682430827486
WDFY3-AS2	-0.13686443394670433
WDFY4	0.2884023592608488
WDHD1	-0.009481521959803634
WDPCP	0.24082140044382475
WDR1	-0.08047979775748962
WDR11	0.2353866268972281
WDR11-AS1	0.11144425564443397
WDR12	-0.027817941205195887
WDR13	-0.3319451417363537
WDR16	0.0670062177356661
WDR17	0.13251934413016314
WDR18	-0.2213755610068831
WDR19	0.15466766070050525
WDR20	-0.019691080001734015
WDR24	0.1105684019588967
WDR25	-0.320373711774703
WDR26	0.25756159219903846
WDR27	-0.06509318198598436
WDR3	0.05862322042591172
WDR31	0.08153779477349632
WDR33	0.3285099242379002
WDR34	-0.2196717212840407
WDR35	0.21727648781777542
WDR36	0.22074829471870328
WDR37	0.21250127970248905
WDR38	-0.1203013640654298
WDR4	0.16377902985509288
WDR41	0.3451884104653011
WDR43	0.10449672012194688
WDR44	0.1697608223817666
WDR45	-0.06846645639131804
WDR45B	-0.28661835533892105
WDR46	-0.019119816935527747
WDR47	0.05669951124629483
WDR48	0.1821524752828192
WDR49	-0.056730829436572795
WDR5	-0.14741382110528028
WDR52	-0.04981880182019765
WDR52-AS1	-0.06279269637637074
WDR53	0.14421102290036192
WDR54	0.15690929973634782
WDR55	0.07290507550895696
WDR59	0.039968720704042136
WDR5B	0.29413980321370664
WDR6	-0.170869180579606
WDR60	-0.05720887724779496
WDR61	-0.3126567783241345
WDR62	-0.04199442148816272
WDR63	0.07544371792468128
WDR64	-0.011953521503626888
WDR65	-0.06025938819128514
WDR66	0.18872483752587585
WDR7	0.20419165698304115
WDR7-UT1	-0.09159727071411689
WDR70	-0.11902377345228883
WDR72	-0.005030525582809128
WDR73	0.232512074775621
WDR74	-0.1054272135284779
WDR75	0.12920872319058213
WDR76	0.061305565949943575
WDR77	0.048770152774553585
WDR78	-0.07965518697660835
WDR81	0.13817731878637055
WDR82	0.15885999676909096
WDR82P1	-0.1749349114256009
WDR83	-0.09178818798370322
WDR83OS	-0.17901272787197026
WDR86	0.2279775649161042
WDR86-AS1	0.046843514234115986
WDR87	-0.046596290745024166
WDR88	0.15322796748449408
WDR89	0.12803008951440326
WDR90	-0.27243420690172543
WDR91	0.13680237238561943
WDR92	-0.17464472346332674
WDR93	-0.16427075857170875
WDR95P	-0.10814616434260144
WDR96	-0.2696784372096831
WDSUB1	-0.1876092088875275
WDTC1	-0.013320187536891544
WDYHV1	-0.02110984079177936
WEE1	-0.22129082355087787
WEE2	-0.25759008870186906
WEE2-AS1	0.014566814331040857
WFDC1	-0.30216056742464537
WFDC10A	-0.277939411694331
WFDC10B	-0.16048949007208518
WFDC11	-0.17793856571959907
WFDC12	0.06688327045599586
WFDC13	-0.32499507624107465
WFDC2	-0.0659924439086178
WFDC3	0.16795516657622542
WFDC5	0.15370200993835603
WFDC6	-0.20793218538425629
WFDC8	0.3561813706249059
WFDC9	
WFIKKN1	-0.09707220420335795
WFIKKN2	-0.1023584012486172
WFS1	-0.14440039430766768
WHAMM	0.11767898798268346
WHAMMP2	0.11495143497416713
WHAMMP3	0.2354047285070301
WHSC1	-0.045646818834179564
WHSC1L1	0.2061041292907415
WIBG	-0.18353624972281715
WIF1	-0.10364255326198642
WIPF1	0.275907711459457
WIPF2	0.14700379294933302
WIPF3	-0.008584599150263866
WIPI1	-0.046936363783330555
WIPI2	-0.03464602206461132
WISP1	0.2653985981668918
WISP1-UT1	
WISP2	-0.11567784450157059
WISP3	0.062088002868146995
WIZ	-0.05246439545721123
WLS	-0.04702326919240628
WNK1	0.3609760979575456
WNK2	0.01908942767253211
WNK3	0.24326736098459814
WNK4	-0.12359378268017845
WNT1	0.15353576067157249
WNT10A	-0.11682326797450478
WNT10B	-0.028126751059290234
WNT11	-0.12639958769318596
WNT16	0.2582752563621375
WNT2	0.08966285518892113
WNT2B	0.06132013706760318
WNT3	-0.06671632002846611
WNT3A	0.0010270082802060986
WNT4	0.11721907434815938
WNT5A	0.10473896004813005
WNT5A-AS1	0.24092551270555115
WNT5B	-0.04405821104841457
WNT6	-0.09597731406166826
WNT7A	0.05206060914872992
WNT7B	-0.04807418847988272
WNT8A	-0.08120116659644094
WNT8B	0.05529516589982881
WNT9A	-0.23478899493550542
WNT9B	-0.2163455014352694
WRAP53	-0.07381864397566652
WRAP73	-0.06751381199257825
WRB	-0.16343583957202515
WRBP1	
WRN	0.2322855504290169
WRNIP1	-0.24516473303966244
WSB1	0.0977915351406896
WSB2	-0.09923187618192135
WSCD1	-0.10182384523814997
WSCD2	0.03898639194042501
WT1	-0.11615482190532528
WT1-AS	0.1548370843528747
WTAP	0.16658689385158898
WTAPP1	0.3900508085182146
WTIP	-0.05202506778132312
WWC1	-0.12077967665061466
WWC2	0.21208905123505598
WWC2-AS1	-0.008967050010602105
WWC2-AS2	-0.020720641591516993
WWC3	0.26103817402578117
WWC3-AS1	0.26676170483200723
WWOX	0.139165636507132
WWP1	0.08400775059904025
WWP1P1	-0.0912000895923987
WWP2	0.13929594548380475
WWTR1	0.09939736746356914
WWTR1-AS1	0.1871737076120566
WWTR1-IT1	-0.07304275635177418
XAB2	-0.08446697847586607
XAF1	0.17490445170007854
XAGE1A	
XAGE1B	
XAGE1C	-0.005624354190250816
XAGE1D	
XAGE1E	
XAGE2	-0.13764578704947594
XAGE2B	-0.03988914956028614
XAGE3	-0.04471818674138199
XAGE5	-0.03863608746638955
XBP1	0.08441455751304694
XBP1P1	-0.10400337260798079
XCL1	0.07030068750592551
XCL2	0.2129791437078733
XCR1	0.1389001257334778
XDH	0.20167413843751034
XG	0.16562287809320417
XGPY	
XIAP	0.3334478638797882
XIAP-AS1	-0.008967050010602105
XIRP1	0.15236352257726204
XIRP2	-0.03746962043282902
XIRP2-AS1	-0.1718101885523261
XIST	0.06583537161376597
XK	-0.16859866090489117
XKR3	0.259447729279718
XKR4	-0.03162107511688961
XKR5	0.023229973330750435
XKR6	0.38481722885376735
XKR7	0.06946227483931233
XKR8	-0.018886324587157638
XKR9	-0.02988736552055632
XKRX	0.12648091324739422
XKRYP1	0.017649229380971045
XKRYP2	0.03431221622086946
XKRYP3	-0.005624354190250816
XKRYP4	-0.041285502512003885
XKRYP5	
XKRYP6	
XPA	0.024538388127846644
XPC	0.13109906706152388
XPNPEP1	-0.21938968482124402
XPNPEP2	-0.03900014458587419
XPNPEP3	0.1243297280222188
XPO1	0.037287014897348265
XPO4	0.2224298511024824
XPO5	0.19850675922225827
XPO6	0.12981568921390857
XPO7	0.17186222413851146
XPOT	0.2160643129025864
XPOTP1	0.1797071138911475
XPR1	0.16807623769853133
XRCC1	-0.21541301617023514
XRCC2	0.010164550658000664
XRCC3	-0.22023766127443622
XRCC4	-0.07215412061230042
XRCC5	0.15497838583966225
XRCC6	-0.2004398876369049
XRCC6BP1	-0.2067240735980893
XRCC6P1	-0.23376503503269816
XRCC6P2	-0.33678360192152734
XRCC6P3	-0.10285050689800726
XRCC6P4	-0.33550455261789236
XRCC6P5	-0.18466287562303363
XRN1	0.2983962168700926
XRN2	0.1991524777398618
XRRA1	0.3373863902096099
XXYLT1	-0.25414288757702436
XXYLT1-AS1	0.0035096170431148806
XXYLT1-AS2	0.0670958211623984
XYLB	0.05143711747391581
XYLT1	0.2075964960009288
XYLT2	0.11726080543271439
YAE1D1	-0.06653865494703146
YAF2	0.1900563226077466
YAP1	0.13296280568803173
YAP1P1	0.2906282223853366
YAP1P2	0.23403779246309905
YARS	0.08338164028301041
YARS2	0.2035053445439198
YBEY	-0.3397441411111432
YBX1	-0.34525348041464926
YBX1P1	-0.33695017309094355
YBX1P10	-0.37695541020753875
YBX1P2	-0.3160324982732645
YBX1P3	0.20074185843900477
YBX1P4	-0.0826787602631994
YBX1P5	-0.07099553145169345
YBX1P6	-0.31493989164291386
YBX1P7	0.24972465974173555
YBX1P8	-0.17712004045973218
YBX1P9	-0.026608658903128222
YBX2	-0.32926274020986124
YBX3	0.08723263939639683
YBX3P1	0.016061909037849653
YDJC	-0.07830605280491779
YEATS2	0.3088341410853598
YEATS2-AS1	-0.056343468667732266
YEATS4	-0.1662127747994603
YES1	0.12085241223743244
YIF1A	-0.10059981070894908
YIF1B	-0.11947198278593807
YIPF1	-0.0844472857897882
YIPF2	-0.1062158995138351
YIPF3	-0.15583971940891156
YIPF4	0.34808443615432433
YIPF5	0.3252331033259358
YIPF6	0.13799837085431674
YIPF7	0.042144836467505296
YJEFN3	-0.22756092312487275
YKT6	0.06135682519511806
YLPM1	0.25561993757896806
YME1L1	0.23707645042499542
YME1L1P1	-0.016670384347289603
YOD1	0.05365386273949676
YPEL1	-0.08978409293393624
YPEL2	0.20499931525847617
YPEL3	-0.09672709204895698
YPEL4	0.011078989536215243
YPEL5	0.16649871368746164
YRDC	0.1448763311234351
YRDCP2	-0.14323898197462168
YRDCP3	0.2764836489162878
YTHDC1	0.15964405810617663
YTHDC2	0.23097223343082876
YTHDF1	0.14543815225250267
YTHDF1P1	-0.09007369020794907
YTHDF2	0.2945196047252917
YTHDF3	0.17858960911374155
YTHDF3-AS1	-0.13589310580579567
YWHAB	0.11568458553520382
YWHAE	-0.21697547116743757
YWHAG	0.07789249941259344
YWHAH	-0.34895507841551077
YWHAQ	-0.2304277964259755
YWHAQP5	-0.19697901439637164
YWHAQP6	-0.08387282917350254
YWHAQP7	0.14034268740115075
YWHAQP9	-0.10047564623864437
YWHAZ	0.1510610063691569
YWHAZP2	-0.3110597974756571
YWHAZP3	-0.12562915146101164
YWHAZP4	0.11167367002436444
YWHAZP5	-0.11788589151053651
YWHAZP6	-0.30467096905151997
YWHAZP7	-0.002226889355061667
YWHAZP8	0.019941717519056552
YY1	0.03901107853875006
YY1AP1	0.11008483445560246
YY1P1	-0.01963919984831914
YY1P2	0.13128811761299783
YY2	-0.11149471706867675
Y_RNA	-0.026374750847541737
ZACN	0.22252811791625324
ZADH2	-0.182920071576289
ZAN	-0.025158977507670925
ZAP70	0.1291830249092444
ZAR1	-0.02803433473471287
ZAR1L	-0.048009099015248656
ZBBX	-0.22932838133538117
ZBED1	0.10849539260674526
ZBED1P1	0.045517986502316816
ZBED2	0.23095037679254576
ZBED3	0.004222395054181684
ZBED3-AS1	0.07188159028186984
ZBED4	0.20415260571576618
ZBED5	0.02456765358448116
ZBED5-AS1	-0.32538060175672906
ZBED6	0.3654344538913217
ZBED6CL	0.10490745760129051
ZBP1	0.10042645586518101
ZBTB1	0.26529558723407204
ZBTB10	-0.01872032018465749
ZBTB11	0.3124969841842048
ZBTB11-AS1	0.01197287578098041
ZBTB12	-0.12023676043758345
ZBTB12P1	-0.09329173744043513
ZBTB14	0.05234404249752625
ZBTB16	-0.20673894674339321
ZBTB17	0.07944799852131444
ZBTB18	0.19547358337366302
ZBTB2	0.28899438127839105
ZBTB20	0.03819519203888414
ZBTB20-AS1	0.10751679494063174
ZBTB20-AS2	0.016404880605419607
ZBTB20-AS3	-0.22116963750724764
ZBTB20-AS4	0.2779212702061043
ZBTB21	0.38603412968482903
ZBTB22	-0.1646214308853136
ZBTB24	0.4382474400146899
ZBTB25	0.21896406730431744
ZBTB26	0.14265528760513255
ZBTB3	0.004429928052187839
ZBTB32	0.1984125929517435
ZBTB33	0.2968364845696454
ZBTB34	0.22825890072392685
ZBTB37	0.27632602129763484
ZBTB38	0.3041464499719152
ZBTB39	0.29240211440710456
ZBTB4	0.05228191470532647
ZBTB40	0.2244143267060525
ZBTB40-IT1	0.0632946537602912
ZBTB41	0.2843833827371796
ZBTB42	-0.07756157003171713
ZBTB43	0.3826949760125134
ZBTB44	0.26729388592294256
ZBTB45	0.1202836319082427
ZBTB46	0.1707467883308444
ZBTB47	-0.1614931153176463
ZBTB48	-0.040180549017045236
ZBTB49	0.15750927608440013
ZBTB5	0.2457936503676267
ZBTB6	0.34227474229806587
ZBTB7A	-0.13403895576357833
ZBTB7B	-0.1570580178075064
ZBTB7C	-0.2626950473418074
ZBTB8A	-0.1769299827884707
ZBTB8B	0.09842401187800316
ZBTB8OS	-0.13244256119698414
ZBTB8OSP1	-0.06849486722181428
ZBTB8OSP2	-0.18811841349990505
ZBTB9	0.05976528594117027
ZC2HC1A	-0.1154684346630773
ZC2HC1B	0.14561139817538157
ZC2HC1C	-0.13111253077199445
ZC3H10	0.18463633398943008
ZC3H11A	0.20164410245666864
ZC3H11B	-0.2531522151977948
ZC3H12A	0.25119687826450704
ZC3H12B	-0.07956141692592257
ZC3H12C	0.44014926571387103
ZC3H12D	0.2711365373109611
ZC3H13	0.3037538537611278
ZC3H14	-0.16778158630321058
ZC3H15	0.2098699763325469
ZC3H18	0.33482536297935417
ZC3H3	0.21207801304950433
ZC3H4	0.21922128096277776
ZC3H6	0.1123959917905307
ZC3H7A	0.20265502765938556
ZC3H7B	0.05692283185443922
ZC3H8	0.021163536040914987
ZC3HAV1	0.230767492257238
ZC3HAV1L	0.2938522114351721
ZC3HC1	0.2598433700609011
ZC4H2	-0.2598515231585891
ZCCHC10	-0.04035790415019135
ZCCHC11	0.3042632390106601
ZCCHC12	0.009671628488472564
ZCCHC13	-0.02352007723032693
ZCCHC14	-0.02186117855910816
ZCCHC16	0.1611431239455837
ZCCHC17	-0.07145570832734083
ZCCHC18	0.17476419439429544
ZCCHC2	0.2720232620733414
ZCCHC24	0.07609565632375419
ZCCHC3	0.03842320945953811
ZCCHC4	0.16101805738607844
ZCCHC5	1.129397319564122e-05
ZCCHC6	0.37999178633716524
ZCCHC7	0.18029700836599757
ZCCHC8	0.20936584950224646
ZCCHC9	0.021145128227300313
ZCRB1	-0.20329159171169386
ZCWPW1	0.029510153701518205
ZCWPW2	-0.12360996852927827
ZDBF2	0.3903410657058512
ZDHHC1	-0.3497535643222123
ZDHHC11	-0.0004114508356408288
ZDHHC11B	-0.2554075689732824
ZDHHC12	-0.04184574054133211
ZDHHC13	0.01944534423030102
ZDHHC14	0.056054379370132794
ZDHHC15	-0.07780009344338643
ZDHHC16	-0.15879620746432108
ZDHHC17	0.17210093941274673
ZDHHC18	0.2003230934475359
ZDHHC19	-0.061532495685692086
ZDHHC2	0.0727139872417405
ZDHHC20	0.3318128122646837
ZDHHC20-IT1	0.0800749391882115
ZDHHC20P1	-0.07154371905779544
ZDHHC20P2	-0.12352809628017682
ZDHHC20P3	0.382135059636399
ZDHHC20P4	0.3780521397063493
ZDHHC21	0.22326769187426657
ZDHHC22	-0.012925992707920131
ZDHHC23	-0.002645040239127125
ZDHHC24	0.28329399773264813
ZDHHC3	-0.15512477336094435
ZDHHC4	-0.08855558564824588
ZDHHC4P1	-0.21779759200335094
ZDHHC5	0.28040534149050134
ZDHHC6	-0.07057510589283426
ZDHHC7	-0.21784428787582552
ZDHHC8	0.0019110024253020767
ZDHHC8P1	-0.342116707371521
ZDHHC9	-0.11803271102085096
ZEB1	0.22264823256683242
ZEB1-AS1	0.13149331119339902
ZEB2	0.060542669330022045
ZEB2-AS1	-0.002611591245062575
ZEB2P1	-0.36943806024933834
ZER1	-0.03376681650518731
ZFAND1	-0.13917273108532863
ZFAND2A	-0.04165565649022513
ZFAND2B	-0.23760881735952705
ZFAND3	0.08122135830958371
ZFAND4	0.0975034596858412
ZFAND5	0.13587227327236537
ZFAND6	0.024564607642810692
ZFAND6P1	
ZFAS1	-0.1184024624214753
ZFAT	0.018718182984696734
ZFAT-AS1	0.0016974961844533308
ZFC3H1	0.13343761617034577
ZFHX2	0.32197915267904625
ZFHX3	0.1388516257205265
ZFHX4	-0.06524756312144764
ZFHX4-AS1	0.13292559776020554
ZFP1	0.14763003579175682
ZFP14	0.20355208712271916
ZFP2	-0.2062612197030255
ZFP28	0.08251471357549782
ZFP3	0.22548748710961952
ZFP30	0.267023780291805
ZFP36	-0.02238552784019165
ZFP36L1	0.07846936200414015
ZFP36L2	-0.13604206673178407
ZFP37	0.09869118991448093
ZFP41	-0.009114031676056723
ZFP42	0.18510424509287804
ZFP57	0.15556349374908954
ZFP62	0.0652219201493612
ZFP64	-0.001732249011343812
ZFP64P1	-0.11402808620760035
ZFP69	0.1376768793992463
ZFP69B	0.21145562736819548
ZFP82	0.19062000731842954
ZFP90	0.18889200573560128
ZFP91	0.0042073736393490446
ZFP91-CNTF	
ZFP92	0.07197742231187432
ZFPL1	-0.12628850749365628
ZFPM1	0.08649727908326725
ZFPM2	-0.0004554792595393259
ZFR	0.15038957931684852
ZFR2	0.19828248490921346
ZFRP1	-0.2886569087827472
ZFX	0.25288907260914734
ZFX-AS1	0.00874650050925935
ZFY	-0.02125092623649718
ZFY-AS1	-0.06322740086292122
ZFYVE1	0.23803467382074334
ZFYVE16	0.2997508318107867
ZFYVE19	-0.24760355454928126
ZFYVE20	0.22051232599076256
ZFYVE21	-0.2713779773509628
ZFYVE26	0.18084920231354898
ZFYVE27	-0.031101428830669593
ZFYVE28	-0.049386514075904976
ZFYVE9	0.06509783700882227
ZFYVE9P1	-0.05475872660045997
ZFYVE9P2	0.09311172571216154
ZG16	0.05271176898011835
ZG16B	0.08549417832249707
ZGLP1	-0.20656942822681312
ZGPAT	0.10848576522574276
ZHX1	0.09354163871645649
ZHX1-C8ORF76	0.11672891890475699
ZHX2	0.3448887384538309
ZHX3	0.011036629118428322
ZIC1	-0.10744256055015214
ZIC2	-0.025044160204508614
ZIC3	-0.039176392925813514
ZIC4	0.04424828692184615
ZIC4-AS1	
ZIC5	-0.07951360014844554
ZIK1	0.2029518956729195
ZIK1P1	0.2215935545704701
ZIM2	-0.09623052965786748
ZIM3	-0.10505258982956281
ZKSCAN1	0.10229962664568128
ZKSCAN2	0.31293088936276775
ZKSCAN3	0.11681888795821022
ZKSCAN4	0.1496157367537259
ZKSCAN5	0.3017260524824573
ZKSCAN7	0.08643091403746747
ZKSCAN8	0.2672171988916714
ZMAT1	0.1387846100533419
ZMAT2	-0.1390608111739307
ZMAT3	0.19666339302082836
ZMAT4	-0.12574383570072215
ZMAT5	-0.1196545761897411
ZMIZ1	0.046862922845189496
ZMIZ1-AS1	0.05205419494336708
ZMIZ2	-0.08415515665606732
ZMPSTE24	0.010880921399701203
ZMYM1	0.21394112244244112
ZMYM2	0.240149183932945
ZMYM3	0.14978644140420444
ZMYM4	0.2749173704019202
ZMYM4-AS1	-0.19355257289503067
ZMYM5	0.2878770047673689
ZMYM6	0.15264301861765803
ZMYM6NB	-0.041285502512003885
ZMYND10	-0.1635795757902968
ZMYND10-AS1	-0.07636181232582999
ZMYND11	0.028661089927252116
ZMYND12	-0.04375813751042503
ZMYND15	0.01952606391450945
ZMYND19	-0.155417721061378
ZMYND19P1	-0.029763747033755873
ZMYND8	0.020299291360565748
ZNF10	-0.06766906041142524
ZNF100	-0.05467560773219469
ZNF101	0.2844502970399659
ZNF101P1	-0.14228619239774312
ZNF101P2	0.4873488980334634
ZNF106	0.38437743050152223
ZNF107	0.21075909684832234
ZNF112	-0.0035150947191664884
ZNF114	-0.06244113242847561
ZNF114P1	
ZNF117	0.12514952617727435
ZNF12	0.0901351434319825
ZNF121	0.08804330373107727
ZNF123P	0.1741215518684614
ZNF124	-0.07854542497808595
ZNF131	0.10394183832318372
ZNF132	0.0061849725514075285
ZNF133	-0.06278825075379482
ZNF134	0.2189624660378994
ZNF135	0.015184657692106782
ZNF136	0.3607448748478157
ZNF137P	0.2029047011603947
ZNF138	-0.05715417152583836
ZNF14	0.25143185479041885
ZNF140	0.1213671921516944
ZNF141	0.24839212361196886
ZNF142	0.20764589791457355
ZNF143	0.2462840699234275
ZNF146	0.13637958388626528
ZNF148	0.2943990588554768
ZNF154	0.285909369797817
ZNF155	0.26878214067623024
ZNF157	0.014337842486388403
ZNF16	0.03650309169783147
ZNF160	0.19450580643808912
ZNF165	0.04488216476894739
ZNF169	-0.007867011692035816
ZNF17	0.16901564781376896
ZNF174	-0.14309219984916843
ZNF175	0.22855472517757622
ZNF177	-0.03974663037059485
ZNF18	0.17714766832744183
ZNF180	0.2548027984863428
ZNF181	0.040227916707101505
ZNF182	0.1464851353030243
ZNF184	0.2158743988484228
ZNF185	-0.22034077466931792
ZNF189	0.3476058174092552
ZNF19	-0.01307023585985448
ZNF192P1	0.15029114956122233
ZNF192P2	-0.0005933049761188839
ZNF195	0.03545756735600363
ZNF197	0.07867380073080601
ZNF197-AS1	-0.16891932399676762
ZNF2	0.2679043597368495
ZNF20	-0.029336790903417002
ZNF200	0.2767195047145287
ZNF202	0.08490584739905634
ZNF204P	-0.1805093558591562
ZNF205	-0.16793839545419445
ZNF205-AS1	0.029680406451301607
ZNF207	-0.07875990968775308
ZNF208	0.23135657297581766
ZNF209P	-0.23190368567752656
ZNF211	0.15524708871274726
ZNF212	0.07482340308407806
ZNF213	-0.041604890208093895
ZNF214	0.01858984823964827
ZNF215	0.2689367922308519
ZNF217	0.22422317064564987
ZNF219	-0.2728564138302428
ZNF22	0.221926855897719
ZNF221	0.3290594301691337
ZNF222	0.14062646576869975
ZNF223	0.04830492080102734
ZNF224	0.14505539906443377
ZNF225	0.18805447592869157
ZNF226	-0.010718130023028898
ZNF227	0.10533600401367302
ZNF229	-0.02428405594436863
ZNF23	0.04545623490167681
ZNF230	0.0738645791811366
ZNF232	0.025066715037725694
ZNF233	-0.06432815832729644
ZNF234	0.23554369639944414
ZNF235	0.20173289846578646
ZNF236	0.22900836303542035
ZNF239	0.014560138253399494
ZNF24	0.34057079491815784
ZNF248	-0.018725535367088153
ZNF25	-0.037015634547065926
ZNF250	-0.03844978096495863
ZNF251	-0.14955757952565504
ZNF252P	0.2162188435373626
ZNF252P-AS1	-0.24281853042918156
ZNF253	0.2594176213860824
ZNF254	-0.004955849030448678
ZNF256	0.14625524901122997
ZNF257	-0.0599455887403314
ZNF259	0.19558113831886842
ZNF259P1	-0.003235954666681498
ZNF26	0.10081207072258637
ZNF260	0.33849864619233316
ZNF263	0.07814655950449516
ZNF264	0.41187120925612597
ZNF266	0.09996710904075456
ZNF267	0.27424788802227223
ZNF268	0.2805519457884196
ZNF271	0.26206851431257994
ZNF273	0.0844686962426335
ZNF274	0.2672504660415812
ZNF275	0.2352443260748047
ZNF276	0.0006267609028984971
ZNF277	0.07202891035582562
ZNF28	0.20065996242586784
ZNF280A	-0.1216511420486687
ZNF280B	0.18199227029906287
ZNF280C	0.23217259650078273
ZNF280D	0.06300368925535242
ZNF281	0.35037879008845896
ZNF282	0.009308421487142119
ZNF283	0.20145918136954832
ZNF284	-0.022740293816739306
ZNF285	0.04130684166047267
ZNF285B	0.01141626330724782
ZNF286A	0.2921774948008537
ZNF286B	0.4124609103567623
ZNF287	0.16134373707492838
ZNF292	0.29500671736989187
ZNF295-AS1	0.2749897132809738
ZNF296	-0.010555644255603342
ZNF299P	0.12402760688878654
ZNF29P	0.2328316202457033
ZNF3	0.02300045826340438
ZNF30	-0.0064098098213864595
ZNF300	0.06575140278482677
ZNF300P1	0.12706522451327715
ZNF302	-0.008051980401544246
ZNF304	0.1725792007264718
ZNF311	-0.10439290521729896
ZNF316	0.33366973382437126
ZNF317	0.3986875828778043
ZNF317P1	-0.03446630523585208
ZNF318	0.26027952130317783
ZNF319	0.28888424082941416
ZNF32	0.1388162137235209
ZNF32-AS1	0.18872910495724313
ZNF32-AS2	-0.2435470840033997
ZNF32-AS3	0.21462973350897183
ZNF320	0.14146575688851742
ZNF321P	
ZNF322	0.21031571707955218
ZNF322P1	0.08035218382267993
ZNF324	0.21929974699535623
ZNF324B	0.1395442177687985
ZNF326	-0.24983429479949337
ZNF329	0.10959239688209495
ZNF330	-0.29427926633933826
ZNF331	0.07134812051578875
ZNF333	0.18367410930789563
ZNF334	0.005664017117134995
ZNF335	0.0014394362403740658
ZNF337	0.028841322544771026
ZNF33A	0.08278756928530143
ZNF33AP1	-0.02958979853359724
ZNF33B	-0.01875105604369444
ZNF33BP1	-0.06390298129984567
ZNF34	-0.12162135156474278
ZNF341	0.12963237428138752
ZNF343	0.04113438897127341
ZNF345	0.0514961461401161
ZNF346	0.27873119712563654
ZNF346-IT1	0.08178856310499202
ZNF347	0.32462825747140206
ZNF35	0.28355653860353597
ZNF350	0.026372645685781678
ZNF354A	0.21770029086075401
ZNF354B	0.12373187260030385
ZNF354C	0.3076718788536976
ZNF355P	0.14046384870809714
ZNF358	-0.061528726596583316
ZNF362	-0.148823919565571
ZNF365	-0.31685095601175006
ZNF366	0.20649914606385608
ZNF367	-0.2993579017895718
ZNF37A	0.30270000926509216
ZNF37BP	0.1468219546686498
ZNF382	0.2576742895243331
ZNF383	0.23506131248998932
ZNF384	-0.027477954739684684
ZNF385A	0.05572675462739506
ZNF385B	-0.07379090636567258
ZNF385C	-0.07103436228446204
ZNF385D	0.32429299268388756
ZNF385D-AS1	-0.12318830050207583
ZNF385D-AS2	-0.10465317471024359
ZNF391	-0.13385187416877783
ZNF394	0.1433131358396517
ZNF395	-0.17275075708349805
ZNF396	0.09633827328669699
ZNF397	0.1987807779989304
ZNF398	0.27258132478464037
ZNF402P	-0.3026492710287765
ZNF404	-0.01084853631663069
ZNF407	0.301061592297499
ZNF408	0.17393801637941475
ZNF41	0.11172409648522975
ZNF410	-0.293249772690631
ZNF414	0.07333591888594285
ZNF415	-0.04292951360287062
ZNF416	0.3503708331282276
ZNF417	0.2866474175135564
ZNF418	0.09722415966836528
ZNF419	0.13503325098894725
ZNF420	0.27335814271844316
ZNF423	-0.10088853338110106
ZNF425	0.15026529731689428
ZNF426	0.29999059207711787
ZNF428	-0.13875353817050307
ZNF429	0.0026838566322212676
ZNF43	-0.0033658246257486702
ZNF430	0.2572637835256628
ZNF431	0.09162262016919288
ZNF432	0.13905586730804034
ZNF433	-0.012475845175388522
ZNF436	0.0315030827458469
ZNF438	0.06064279676134184
ZNF439	0.03423173011679736
ZNF44	-0.1931837099943519
ZNF440	-0.17568899192686957
ZNF441	0.10223380554812182
ZNF442	-0.003876024745455169
ZNF443	-0.09282129087300667
ZNF444	-0.07590311877770142
ZNF444P1	0.032610769924504
ZNF445	0.20351684804375636
ZNF446	-0.14488627784669397
ZNF449	-0.006933461679472273
ZNF45	0.2839427312611492
ZNF451	0.22772715735515953
ZNF454	0.10453656868302229
ZNF460	0.21272618097498475
ZNF461	0.17138560108141906
ZNF462	0.1425988806896974
ZNF467	0.040311545656976915
ZNF468	0.10002124220857604
ZNF469	0.10355628568432744
ZNF470	0.39396238350579726
ZNF471	0.09659849323653248
ZNF473	0.12963039643329038
ZNF474	-0.0007216411938626848
ZNF479	0.09515023199038457
ZNF48	-0.028196263875805365
ZNF480	0.2664325353827886
ZNF483	0.08977503395836949
ZNF484	0.08682328179928579
ZNF485	0.12896327271826746
ZNF486	0.24355837501265515
ZNF487	-0.18034039147955824
ZNF488	-0.04235773949024008
ZNF490	0.35519390992169575
ZNF491	-0.046024458290344884
ZNF492	0.07520090833223242
ZNF493	0.02535435650565225
ZNF496	0.05999974020886821
ZNF497	-0.3476390569047731
ZNF500	-0.14950323540250743
ZNF501	0.05318000775635993
ZNF502	-0.2130918387344143
ZNF503	-0.32860363307528495
ZNF503-AS1	-0.2199591934843159
ZNF503-AS2	-0.2656045901136494
ZNF506	0.30140438055975444
ZNF507	0.22446987725078693
ZNF510	0.2539288572465279
ZNF511	-0.3192900260789868
ZNF512	-0.019101693101944317
ZNF512B	0.03485884100279381
ZNF513	-0.18733092775054
ZNF514	-0.013306064792219055
ZNF516	-0.04033594829459085
ZNF517	-0.03185785540234309
ZNF518A	0.24274508707545298
ZNF518B	0.4610662588076392
ZNF519	-0.1841607891808555
ZNF521	0.1399948088556726
ZNF524	-0.018467167970387006
ZNF525	0.22758041374982235
ZNF526	0.28602390550463624
ZNF527	0.17758524824674063
ZNF528	-0.008209539054050047
ZNF529	0.1427511404646668
ZNF530	0.1923087724016967
ZNF532	0.10731826719938056
ZNF534	0.13964039242914503
ZNF536	-0.11894706321757868
ZNF540	0.16380431234453785
ZNF541	0.021122599341977997
ZNF542	0.20610306727677785
ZNF543	0.31121529994232217
ZNF544	0.1933753118844282
ZNF546	0.20426228872210403
ZNF547	0.25671323854549777
ZNF548	0.1593339093706336
ZNF549	0.19650445188903132
ZNF550	0.11079995232798028
ZNF551	0.18426928004972842
ZNF552	0.0015291949526060433
ZNF554	-0.03387942645518468
ZNF555	0.19636983777200798
ZNF556	-0.1783523426676723
ZNF557	0.3586523047193918
ZNF558	0.14003616298777494
ZNF559	0.1468236855244015
ZNF560	0.21004265656913265
ZNF561	0.23355083886727512
ZNF562	0.3090402211298159
ZNF563	-0.12396796996867003
ZNF564	-0.08500924227388058
ZNF565	0.14786968445682727
ZNF566	0.15965367644373826
ZNF567	0.2526626613467324
ZNF568	0.15489351535779627
ZNF569	0.20141825907824723
ZNF57	-0.19992083893630314
ZNF570	0.189124030287934
ZNF571	0.1417952450970476
ZNF571-AS1	0.06890440385130521
ZNF572	0.16252174368450517
ZNF573	0.3565181002107402
ZNF574	-0.03520574504238539
ZNF575	-0.1875722825395763
ZNF576	-0.220796495502662
ZNF577	-0.001489852347197761
ZNF578	0.23204676471194233
ZNF579	-0.10682746829638895
ZNF580	-0.1292788826552627
ZNF581	0.12288495679219806
ZNF582	0.2765634496613539
ZNF582-AS1	0.07740642329906978
ZNF583	0.29310974535867773
ZNF584	-0.13280056768490106
ZNF585A	0.23496068068132597
ZNF585B	0.16959480283602862
ZNF586	0.11111940040301538
ZNF587	0.3203129077120243
ZNF587B	0.1238051571754624
ZNF587P1	-0.032061505224463216
ZNF589	0.23095982790000466
ZNF592	0.25664129253142165
ZNF593	0.044184733185829564
ZNF594	0.1517752012759165
ZNF595	-0.03650188811170456
ZNF596	0.1123693829687183
ZNF597	0.3070427793777808
ZNF598	0.11534787193517815
ZNF599	-0.14123840840003463
ZNF600	0.05347574033856615
ZNF605	-0.02375183633600987
ZNF606	-0.03997858905401951
ZNF607	0.24368884338580551
ZNF608	0.10565615300795382
ZNF609	0.24097639401571003
ZNF610	0.11397874484993734
ZNF611	0.3026404718287342
ZNF613	-0.020084605312309885
ZNF614	0.27042200745043393
ZNF615	0.09925928566674407
ZNF616	0.12009763401496448
ZNF618	0.11753948823617202
ZNF619	0.07280046106496094
ZNF620	0.25750521852264296
ZNF621	0.29398925562872175
ZNF622	-0.06397325931217865
ZNF623	0.25308684686722055
ZNF624	0.1543176662998093
ZNF625	0.37266952868465
ZNF625-ZNF20	
ZNF626	0.22730760265364988
ZNF627	0.12375606479903417
ZNF628	0.09168711136055312
ZNF629	0.04757370706190415
ZNF630	0.10769591730589598
ZNF630-AS1	0.10656476774357872
ZNF638	0.31882796941792313
ZNF639	0.14113470402781592
ZNF641	0.2816488914702921
ZNF644	0.19696152411737564
ZNF645	-0.13506900120919552
ZNF646	0.2750308327276198
ZNF648	0.1380704392416787
ZNF649	0.019898738695817805
ZNF652	0.06929860472956582
ZNF652P1	-0.09447124631926487
ZNF653	0.005638760206340483
ZNF654	0.4300512978204691
ZNF655	0.07878737787283706
ZNF658	0.23888676615437188
ZNF658B	0.2554752720972615
ZNF66	0.2507897159661055
ZNF660	-0.027589315027591994
ZNF662	-0.12226248585525949
ZNF663P	-0.15304245225611426
ZNF664	-0.1174147508879408
ZNF665	-0.0575988837176431
ZNF667	-0.08721535033123165
ZNF667-AS1	-0.04703139000203455
ZNF668	0.0018484159838027046
ZNF669	0.03866663961762868
ZNF670	-0.11573270912813548
ZNF671	0.26340593064942175
ZNF672	-0.22775618301542672
ZNF674	0.11300189456060421
ZNF674-AS1	-0.2605235929754493
ZNF675	0.046697328384533235
ZNF676	0.08434888568909711
ZNF677	0.1897444326355317
ZNF678	0.039975392594425854
ZNF679	-0.253066398545516
ZNF680	-0.0550858515191166
ZNF681	-0.0546355822938901
ZNF682	0.18587605828983475
ZNF683	0.06099748411814278
ZNF684	-0.2039886669242325
ZNF687	0.2575168473839729
ZNF688	-0.10240720182765321
ZNF689	0.13276490770285967
ZNF69	-0.05384817133270883
ZNF691	0.17331627566373856
ZNF692	-0.20432023798014068
ZNF695	0.07032509251124337
ZNF696	0.25906536439951766
ZNF697	0.22184094073777394
ZNF699	0.41242754282963073
ZNF7	0.015134694407558437
ZNF70	0.2708479279873203
ZNF700	-0.05041670468332256
ZNF701	0.3098154078874822
ZNF702P	-0.06547788189092385
ZNF703	-0.2306873955445063
ZNF704	-0.04066766468118672
ZNF705A	0.036563821548585666
ZNF705B	0.10859034136409977
ZNF705C	
ZNF705D	-0.17414793927050445
ZNF705E	-0.12940905636176353
ZNF705G	0.02673121840915202
ZNF706	-0.10119430391911662
ZNF707	0.13103113710422307
ZNF708	0.2678823222767722
ZNF709	0.2103591513238801
ZNF70P1	0.03161270974035634
ZNF71	0.30622343740804614
ZNF710	0.10545062230997591
ZNF711	-0.02175559541531353
ZNF713	0.1277366310117005
ZNF714	-0.05374876903272769
ZNF716	-0.05352194109969217
ZNF717	-0.06343259230926697
ZNF718	-0.07826478342199022
ZNF720	0.19025466932778937
ZNF720P1	0.13156794357707227
ZNF721	0.21516782347501534
ZNF723	0.025800031288049426
ZNF724P	0.20263519881085412
ZNF725P	-0.15998341491938298
ZNF726	-0.07507972821709824
ZNF727	
ZNF728	-0.03066722022038707
ZNF729	-0.20580603476728776
ZNF72P	-0.03325912453167606
ZNF730	0.2092935201445639
ZNF732	0.09347627939453992
ZNF733P	0.1740844586687421
ZNF734P	0.24810774689422327
ZNF736	0.2981697455367766
ZNF736P10Y	-0.13875358371527485
ZNF736P11Y	-0.03325912453167606
ZNF736P12Y	
ZNF736P1Y	
ZNF736P2Y	
ZNF736P3Y	-0.06535487583477569
ZNF736P4Y	-0.16170673095150628
ZNF736P5Y	
ZNF736P6Y	-0.12897068245148247
ZNF736P7Y	-0.10651998961394402
ZNF736P8Y	0.027295534675399642
ZNF736P9Y	-0.09755808433965595
ZNF737	0.20004310528342734
ZNF738	-0.20934118997350598
ZNF74	0.0023425723831667668
ZNF740	0.11717965753133161
ZNF746	0.1370498609220684
ZNF747	0.13165923649188743
ZNF749	0.35931161220603797
ZNF750	-0.25221791437394814
ZNF75A	0.08063128354466123
ZNF75D	-0.024404436842324257
ZNF76	-0.1560248150648356
ZNF761	0.13247852567216808
ZNF763	0.025591011130392846
ZNF764	-0.18923305743178917
ZNF765	0.33814066666222675
ZNF766	0.07395738632141999
ZNF767	-0.12580864311281847
ZNF768	-0.1455288564977776
ZNF77	-0.1522533585329318
ZNF770	0.2807274647517804
ZNF771	-0.1986646606690693
ZNF772	0.10506938833273351
ZNF773	0.19593173026735136
ZNF774	-0.05449473383515461
ZNF775	-0.12781586989512295
ZNF776	0.13467538474245705
ZNF777	0.08903601674750274
ZNF778	0.15177138833673015
ZNF780A	0.20629740236999067
ZNF780B	0.2552538730548826
ZNF781	0.08956831157729685
ZNF782	-0.03538910852170729
ZNF783	0.14163684608289143
ZNF784	-0.13736221613670457
ZNF785	-0.0713753040032264
ZNF786	0.2837512422038078
ZNF787	-0.08710078774474113
ZNF788	0.06192871952018003
ZNF789	-0.255703348248517
ZNF79	0.1679171878411712
ZNF790	0.16291960132521602
ZNF791	0.23946962729418045
ZNF792	0.14124383786306924
ZNF793	-0.10983762677896174
ZNF799	-0.1802864177391756
ZNF8	0.3595228198796864
ZNF80	0.29947828382192154
ZNF800	0.3230234899528214
ZNF804A	0.21951581253098695
ZNF804B	-0.12355326081493415
ZNF805	0.4181580004127888
ZNF806	-0.2605171453495301
ZNF807	-0.24821392561032762
ZNF808	0.2792651950584095
ZNF81	0.28591221374787806
ZNF812	-0.006293814811072819
ZNF813	0.17170973244563573
ZNF814	-0.0662545320363179
ZNF815P	0.2209030141280085
ZNF816	0.011624737116427416
ZNF816-ZNF321P	
ZNF818P	0.1774982906704403
ZNF821	-0.08569274419400198
ZNF823	-0.1852026070892267
ZNF826P	0.23793164126567642
ZNF827	0.3240610062705399
ZNF829	0.08493495450425097
ZNF83	0.02990863619566938
ZNF830	0.06779099803366957
ZNF831	0.22305910126645517
ZNF833P	-0.33727828362799417
ZNF835	0.1998145763944118
ZNF836	0.1429500925828608
ZNF837	0.10082160869774699
ZNF839	-0.08087895643617225
ZNF839P1	-0.19129441229810565
ZNF84	-0.308901063100147
ZNF840	0.2403624084085144
ZNF841	0.22931555536550122
ZNF843	0.23850292242518448
ZNF844	0.10371372315590117
ZNF845	0.3513652255886233
ZNF846	0.07916356923457374
ZNF847P	-0.07489095734055408
ZNF849P	0.19242572626692156
ZNF85	0.10216644566940233
ZNF850	0.32977091179726037
ZNF852	0.23757676625851482
ZNF853	-0.00824284309564377
ZNF859P	-0.22161217733505542
ZNF860	0.23820221571771671
ZNF861P	0.33816151232991315
ZNF862	-0.050872237954508646
ZNF863P	0.36112662358972447
ZNF865	-0.16854737575162285
ZNF876P	0.09752669075343248
ZNF877P	0.21968618389135777
ZNF878	0.33429127268272074
ZNF879	0.2377264262698238
ZNF880	0.2933107734670139
ZNF883	-0.004452484651555458
ZNF885P	
ZNF886P	-0.008967050010602105
ZNF888	-0.027517357260596162
ZNF890P	0.006321835726599569
ZNF891	0.40145552769032117
ZNF90	0.014069359310453595
ZNF90P1	0.10380348929748513
ZNF90P2	-0.0011837163785530318
ZNF90P3	-0.2520280105146199
ZNF91	0.07002377645510789
ZNF92	0.17286222216605285
ZNF92P1Y	-0.056245154986015886
ZNF92P2	-0.19187436629670318
ZNF92P3	-0.12503470078311552
ZNF93	0.24843642125260612
ZNF962P	-0.09076111002354743
ZNF965P	0.382135059636399
ZNF969P	-0.040788634155007907
ZNF98	0.08870260435705234
ZNF99	0.23307558360507222
ZNFX1	0.3346455391565285
ZNHIT1	-0.06647563004425126
ZNHIT1P1	0.06396191853020157
ZNHIT2	0.15262743419308752
ZNHIT3	-0.11608192451682423
ZNHIT6	0.00670032974992953
ZNRD1	0.26467005560825807
ZNRD1-AS1	-0.006706093562145222
ZNRF1	-0.04792220198860998
ZNRF2	-0.05346384044787904
ZNRF2P1	0.17554529982008546
ZNRF2P2	0.07441139492693821
ZNRF2P3	-0.17056646476323484
ZNRF3	-0.22007356449089505
ZNRF3-AS1	0.007475012728842469
ZNRF3-IT1	-0.21973182154465445
ZNRF4	0.09690561118915328
ZP1	-0.14358097338970158
ZP2	-0.2062326885113011
ZP3	-0.1916594640127235
ZP4	0.3251029146332726
ZPBP	-0.2477577506472879
ZPBP2	0.31408479807181944
ZPLD1	0.061460017479674896
ZRANB1	0.13935370717685167
ZRANB2	-0.07800689879257551
ZRANB2-AS1	-0.20889349466763812
ZRANB2-AS2	-0.020511872138407085
ZRANB3	-0.036142131654584006
ZRSR1	-0.06918205739044388
ZRSR2	0.07539306801467255
ZSCAN1	-0.04215937994589027
ZSCAN10	0.10290257641805521
ZSCAN12	0.28722713340581857
ZSCAN12P1	0.10882360563570644
ZSCAN16	-0.0690365033197065
ZSCAN16-AS1	0.09222023550708676
ZSCAN18	0.01156227764390348
ZSCAN2	0.18544831355020427
ZSCAN20	0.3080141051116299
ZSCAN21	0.032155910155677495
ZSCAN22	0.23798805221894279
ZSCAN23	0.2079360716503822
ZSCAN25	0.18784206268113476
ZSCAN29	0.18111763293808653
ZSCAN30	0.20663015032237828
ZSCAN31	-0.1854381472293618
ZSCAN32	0.3077632861946373
ZSCAN4	-0.06787224086082409
ZSCAN5A	-0.06515223160216865
ZSCAN5B	-0.09183512351104924
ZSCAN5C	-0.07096637005098337
ZSCAN5D	-0.21281811570116713
ZSCAN9	0.030955000560356386
ZSWIM1	-0.00865671265066882
ZSWIM2	-0.07773112397226242
ZSWIM3	0.023729275319902435
ZSWIM4	0.272840387866788
ZSWIM5	-0.2754854783711111
ZSWIM5P1	0.12436001527081784
ZSWIM5P2	-0.2704919078279857
ZSWIM5P3	0.2557662635114943
ZSWIM6	0.12392248164040359
ZSWIM7	-0.14178311742245583
ZSWIM8	-0.013869557622347295
ZSWIM8-AS1	-0.07009541675706314
ZUFSP	0.06704155149177152
ZW10	0.11890458505070947
ZWILCH	-0.026207782078619336
ZWINT	-0.20287309331891842
ZXDA	0.276268592023062
ZXDB	0.22146723531325263
ZXDC	0.018780611846674643
ZYG11A	0.2794019570143588
ZYG11AP1	-0.12913790227528038
ZYG11B	0.0925117625875414
ZYX	0.07802018011063377
ZZEF1	0.20127087172723152
ZZZ3	0.15346043011557894
hsa-mir-1199	-0.14574075640622242
hsa-mir-1253	0.02603337963773514
hsa-mir-335	-0.2996312450835061
hsa-mir-466	
hsa-mir-490	-0.3394390127774188
hsa-mir-548ba	-0.04393865143812509
hsa-mir-6080	-0.21493663707649016
hsa-mir-7162	-0.10133431524150037
hsa-mir-7515	0.11871676019773988
hsa-mir-8072	-0.3091538403784037
hsa-mir-892c	
