Run	External ID	Collection_Date	host_subject_id	Library Name	Sample Name	age_consent	age_at_diagnosis	host_sex	diagnosis	Project	Participant ID	site_sub_coll	week_num	date_of_receipt	interval_days	visit_num	reads_filtered	IntervalName	IntervalSequence	ProjectSpecificID	site_name	Education Level	Occupation	Antibiotics	Chemotherapy
SRR5946771	MSM5LLDI	2013-12-11	2008	MSM5LLDI_MGX	M2008C1	30	30	female	CD	G109894	M2008	M2008C1	0	2013-12-11	0	4	5639380	Stool Collection #1	4	2008	MGH	Bachelor's degree	Paid	No	No
SRR5946775	MSM5LLDK	2013-12-19	2008	MSM5LLDK_MGX	M2008C2	30	30	female	CD	G109895	M2008	M2008C2	1	2013-12-19	8	5	7051289	Stool Collection #2	5	2008	MGH	Bachelor's degree	Paid	No	No
SRR5946770	MSM5LLDM	2014-01-08	2008	MSM5LLDM_MGX	M2008C3	30	30	female	CD	G109893	M2008	M2008C3	4	2014-01-08	20	6	9001671	Stool Collection #3	6	2008	MGH	Bachelor's degree	Paid	No	No
SRR5946768	MSM5LLDQ	2014-02-05	2008	MSM5LLDQ_MGX	M2008C5	30	30	female	CD	G109891	M2008	M2008C5	8	2014-02-05	16	8	11476191	Stool Collection #5	8	2008	MGH	Bachelor's degree	Paid	No	No
SRR5935763	MSM5LLDS	2014-02-19	2008	MSM5LLDS_MGX	M2008C6	30	30	female	CD	G109979	M2008	M2008C6	10	2014-02-19	14	9	5174442	Stool Collection #6	9	2008	MGH	Bachelor's degree	Paid	No	No
SRR5946769	MSM5LLDU	2014-03-05	2008	MSM5LLDU_MGX	M2008C7	30	30	female	CD	G109892	M2008	M2008C7	12	2014-03-05	14	11	45690	Stool Collection #7	11	2008	MGH	Bachelor's degree	Paid	No	No
SRR5935854	MSM5LLDC	2014-08-08	2008	MSM5LLDC_MGX	M2008C17	30	30	female	CD	G109984	M2008	M2008C17	34	2014-08-08	21	22	9964918	Stool Collection #17	22	2008	MGH	Bachelor's degree	Paid	No	No
SRR5936180	MSM5LLDE	2014-08-15	2008	MSM5LLDE_MGX	M2008C18	30	30	female	CD	G110752	M2008	M2008C18	35	2014-08-15	7	23	3071277	Stool Collection #18	23	2008	MGH	Bachelor's degree	Paid	No	No
SRR5935828	MSM5LLDA	2014-08-27	2008	MSM5LLDA_MGX	M2008C19	30	30	female	CD	G109959	M2008	M2008C19	37	2014-08-27	12	25	8326075	Stool Collection #19	25	2008	MGH	Bachelor's degree	Paid	No	No
SRR5936069	MSM6J2LB	2014-12-12	2008	MSM6J2LB_MGX	M2008C22	30	30	female	CD	G109967	M2008	M2008C22	52	2014-12-12	71	28	2154281	Stool Collection #22	28	2008	MGH	Bachelor's degree	Paid	No	No
SRR5935762	MSM5LLGL	2014-07-31	2014	MSM5LLGL_MGX	M2014C13	30	30	male	CD	G110750	M2014	M2014C13	24	2014-07-31	16	18	18129640	Stool Collection #13	18	2014	MGH	Professional/Doctoral degree	Paid	No	No
SRR5935862	MSM6J2IQ	2014-08-13	2014	MSM6J2IQ_MGX	M2014C14	30	30	male	CD	G109985	M2014	M2014C14	26	2014-08-13	13	19	15465326	Stool Collection #14	19	2014	MGH	Professional/Doctoral degree	Paid	No	No
SRR5936221	MSM6J2IY	2014-10-07	2014	MSM6J2IY_MGX	M2014C18	30	30	male	CD	G110742	M2014	M2014C18	34	2014-10-07	14	23	27148672	Stool Collection #18	23	2014	MGH	Professional/Doctoral degree	Paid	No	No
SRR5935937	MSM6J2J1	2014-10-21	2014	MSM6J2J1_MGX	M2014C19	30	30	male	CD	G110726	M2014	M2014C19	36	2014-10-21	14	25	12939779	Stool Collection #19	25	2014	MGH	Professional/Doctoral degree	Paid	No	No
SRR5935753	MSM6J2QR	2014-11-04	2014	MSM6J2QR_MGX	M2014C20	30	30	male	CD	G109952	M2014	M2014C20	38	2014-11-04	14	26	14164131	Stool Collection #20	26	2014	MGH	Professional/Doctoral degree	Paid	No	No
SRR5935855	MSM5LLEP	2014-08-07	2021	MSM5LLEP_MGX	M2021C10	26	26	male	CD	G109983	M2021	M2021C10	21	2014-08-07	17	14	15957882	Stool Collection #10	14	2021	MGH	"Some college, no degree"	Student	No	No
SRR5935766	MSM5LLER	2014-09-03	2021	MSM5LLER_MGX	M2021C11	26	26	male	CD	G110747	M2021	M2021C11	25	2014-09-03	27	15	14120658	Stool Collection #11	15	2021	MGH	"Some college, no degree"	Student	No	No
SRR5935756	MSM6J2LT	2014-11-05	2021	MSM6J2LT_MGX	M2021C17	26	26	male	CD	G110743	M2021	M2021C17	34	2014-11-05	28	22	16053514	Stool Collection #17	22	2021	MGH	"Some college, no degree"	Student	No	No
SRR5936177	MSM6J2J3	2014-08-13	2025	MSM6J2J3_MGX	M2025C8	43	43	female	CD	G109986	M2025	M2025C8	16	2014-08-13	13	12	8958447	Stool Collection #8	12	2025	MGH	High school graduate or GED	Paid	No	Yes
SRR5935829	MSM6J2J5	2014-08-28	2025	MSM6J2J5_MGX	M2025C9	43	43	female	CD	G109960	M2025	M2025C9	18	2014-08-28	15	13	11220804	Stool Collection #9	13	2025	MGH	High school graduate or GED	Paid	No	Yes
SRR5936225	MSM6J2JB	2014-09-30	2025	MSM6J2JB_MGX	M2025C11	43	43	female	CD	G110740	M2025	M2025C11	23	2014-09-30	13	15	6159505	Stool Collection #11	15	2025	MGH	High school graduate or GED	Paid	No	Yes
SRR5936040	MSM6J2JD	2014-10-10	2025	MSM6J2JD_MGX	M2025C12	43	43	female	CD	G109941	M2025	M2025C12	24	2014-10-10	10	16	11632012	Stool Collection #12	16	2025	MGH	High school graduate or GED	Paid	No	Yes
SRR5936036	MSM6J2PK	2014-12-23	2025	MSM6J2PK_MGX	M2025C17	43	43	female	CD	G109970	M2025	M2025C17	35	2014-12-23	20	22	13777712	Stool Collection #17	22	2025	MGH	High school graduate or GED	Paid	Yes	Yes
SRR5936233	MSM6J2PM	2015-01-16	2025	MSM6J2PM_MGX	M2025C19	43	43	female	CD	G110737	M2025	M2025C19	38	2015-01-16	24	25	16724365	Stool Collection #19	25	2025	MGH	High school graduate or GED	Paid	No	Yes
SRR5935856	MSM6J2HB	2014-08-07	2026	MSM6J2HB_MGX	M2026C8	21	21	female	UC	G109982	M2026	M2026C8	16	2014-08-07	28	12	1496	Stool Collection #8	12	2026	MGH	"Some college, no degree"	Student	No	No
SRR5936182	MSM6J2HD	2014-08-14	2026	MSM6J2HD_MGX	M2026C9	21	21	female	UC	G110751	M2026	M2026C9	17	2014-08-14	7	13	6535443	Stool Collection #9	13	2026	MGH	"Some college, no degree"	Student	No	No
SRR5936082	MSM6J2HF	2014-08-22	2026	MSM6J2HF_MGX	M2026C10	21	21	female	UC	G110745	M2026	M2026C10	18	2014-08-22	8	14	7711575	Stool Collection #10	14	2026	MGH	"Some college, no degree"	Student	No	No
SRR5935835	MSM6J2HH	2014-09-04	2026	MSM6J2HH_MGX	M2026C11	21	21	female	UC	G110748	M2026	M2026C11	20	2014-09-04	13	15	1341509	Stool Collection #11	15	2026	MGH	"Some college, no degree"	Student	No	No
SRR5935943	MSM6J2HJ	2014-09-19	2026	MSM6J2HJ_MGX	M2026C12	21	21	female	UC	G110738	M2026	M2026C12	22	2014-09-19	15	16	4167639	Stool Collection #12	16	2026	MGH	"Some college, no degree"	Student	No	No
SRR5936219	MSM6J2HL	2014-10-03	2026	MSM6J2HL_MGX	M2026C13	21	21	female	UC	G110741	M2026	M2026C13	24	2014-10-03	14	18	8328934	Stool Collection #13	18	2026	MGH	"Some college, no degree"	Student	No	No
SRR5936237	MSM6J2OH	2014-10-21	2026	MSM6J2OH_MGX	M2026C14	21	21	female	UC	G110727	M2026	M2026C14	26	2014-10-21	18	19	2856587	Stool Collection #14	19	2026	MGH	"Some college, no degree"	Student	No	No
SRR5935751	MSM6J2OJ	2014-11-06	2026	MSM6J2OJ_MGX	M2026C15	21	21	female	UC	G110744	M2026	M2026C15	29	2014-11-06	16	20	18645528	Stool Collection #15	20	2026	MGH	"Some college, no degree"	Student	No	No
SRR5935996	MSM6J2OL	2014-11-21	2026	MSM6J2OL_MGX	M2026C16	21	21	female	UC	G110753	M2026	M2026C16	31	2014-11-21	15	21	13480509	Stool Collection #16	21	2026	MGH	"Some college, no degree"	Student	No	No
SRR5936153	MSM6J2ON	2014-12-04	2026	MSM6J2ON_MGX	M2026C17	21	21	female	UC	G110754	M2026	M2026C17	33	2014-12-04	13	22	9754761	Stool Collection #17	22	2026	MGH	"Some college, no degree"	Student	No	No
SRR5936053	MSM6J2OP	2015-01-21	2026	MSM6J2OP_MGX	M2026C21	21	21	female	UC	G109973	M2026	M2026C21	40	2015-01-21	48	27	16176572	Stool Collection #21	27	2026	MGH	"Some college, no degree"	Student	No	No
SRR5935787	MSM79HEA	2015-03-02	2026	MSM79HEA_MGX	M2026C23	21	21	female	UC	G110664	M2026	M2026C23	45	2015-03-02	40	29	16351468	Stool Collection #23	29	2026	MGH	"Some college, no degree"	Student	No	No
SRR5936181	MSM5LLHC	2014-08-19	2027	MSM5LLHC_MGX	M2027C7	41	41	male	CD	G109955	M2027	M2027C7	15	2014-08-19	28	11	14184444	Stool Collection #7	11	2027	MGH	High school graduate or GED	Paid	No	No
SRR5936085	MSM6J2KC	2014-08-26	2027	MSM6J2KC_MGX	M2027C8	41	41	male	CD	G109957	M2027	M2027C8	16	2014-08-26	7	12	14887547	Stool Collection #8	12	2027	MGH	High school graduate or GED	Paid	No	No
SRR5935913	MSM6J2KE	2014-09-09	2027	MSM6J2KE_MGX	M2027C9	41	41	male	CD	G109964	M2027	M2027C9	18	2014-09-09	14	13	10969172	Stool Collection #9	13	2027	MGH	High school graduate or GED	Paid	No	No
SRR5936236	MSM6J2KM	2014-10-21	2027	MSM6J2KM_MGX	M2027C13	41	41	male	CD	G109944	M2027	M2027C13	24	2014-10-21	14	18	10863730	Stool Collection #13	18	2027	MGH	High school graduate or GED	Paid	No	No
SRR5935759	MSM6J2R2	2014-11-04	2027	MSM6J2R2_MGX	M2027C14	41	41	male	CD	G109953	M2027	M2027C14	26	2014-11-04	14	19	15312937	Stool Collection #14	19	2027	MGH	High school graduate or GED	Paid	No	No
SRR5936072	MSM6J2R8	2014-12-17	2027	MSM6J2R8_MGX	M2027C17	41	41	male	CD	G109968	M2027	M2027C17	32	2014-12-17	14	22	14413696	Stool Collection #17	22	2027	MGH	High school graduate or GED	Paid	No	No
SRR5936214	MSM6J2RA	2015-01-13	2027	MSM6J2RA_MGX	M2027C18	41	41	male	CD	G110736	M2027	M2027C18	36	2015-01-13	27	23	12760888	Stool Collection #18	23	2027	MGH	High school graduate or GED	Paid	No	No
SRR5935986	MSM6J2RC	2015-02-17	2027	MSM6J2RC_MGX	M2027C19	41	41	male	CD	G109901	M2027	M2027C19	41	2015-02-17	35	25	16250888	Stool Collection #19	25	2027	MGH	High school graduate or GED	Paid	No	No
SRR5935858	MSM6J2IE	2014-08-06	2028	MSM6J2IE_MGX	M2028C8	24	24	female	CD	G109981	M2028	M2028C8	14	2014-08-06	14	12	11226152	Stool Collection #8	12	2028	MGH	"Some college, no degree"	Paid	Yes	No
SRR5936087	MSM6J2IG	2014-08-27	2028	MSM6J2IG_MGX	M2028C9	24	24	female	CD	G110746	M2028	M2028C9	17	2014-08-27	21	13	10487420	Stool Collection #9	13	2028	MGH	"Some college, no degree"	Paid	Yes	No
SRR5935917	MSM6J2II	2014-09-10	2028	MSM6J2II_MGX	M2028C10	24	24	female	CD	G110749	M2028	M2028C10	19	2014-09-10	14	14	6776300	Stool Collection #10	14	2028	MGH	"Some college, no degree"	Paid	No	No
SRR5935944	MSM6J2IK	2014-09-22	2028	MSM6J2IK_MGX	M2028C11	24	24	female	CD	G110739	M2028	M2028C11	20	2014-09-22	12	15	12927097	Stool Collection #11	15	2028	MGH	"Some college, no degree"	Paid	No	No
SRR5935790	MSM6J2IM	2014-10-09	2028	MSM6J2IM_MGX	M2028C12	24	24	female	CD	G110725	M2028	M2028C12	23	2014-10-09	17	16	9202496	Stool Collection #12	16	2028	MGH	"Some college, no degree"	Paid	No	No
SRR5935932	MSM6J2IO	2014-10-16	2028	MSM6J2IO_MGX	M2028C13	24	24	female	CD	G109943	M2028	M2028C13	24	2014-10-16	7	18	12765421	Stool Collection #13	18	2028	MGH	"Some college, no degree"	Paid	No	No
SRR5935907	MSM6J2Q3	2014-10-29	2028	MSM6J2Q3_MGX	M2028C14	24	24	female	CD	G109951	M2028	M2028C14	26	2014-10-29	13	19	9760979	Stool Collection #14	19	2028	MGH	"Some college, no degree"	Paid	No	No
SRR5946756	MSM6J2Q5	2014-11-20	2028	MSM6J2Q5_MGX	M2028C15	24	24	female	CD	G111283	M2028	M2028C15	29	2014-11-20	22	20	14152798	Stool Collection #15	20	2028	MGH	"Some college, no degree"	Paid	Yes	No
SRR5946621	MSM6J2Q7	2014-12-01	2028	MSM6J2Q7_MGX	M2028C16	24	24	female	CD	G111281	M2028	M2028C16	30	2014-12-01	11	21	14845118	Stool Collection #16	21	2028	MGH	"Some college, no degree"	Paid	Yes	No
SRR5947044	MSM6J2Q9	2014-12-17	2028	MSM6J2Q9_MGX	M2028C17	24	24	female	CD	G111290	M2028	M2028C17	33	2014-12-17	16	22	11343916	Stool Collection #17	22	2028	MGH	"Some college, no degree"	Paid	Yes	No
SRR5946742	MSM6J2QB	2015-01-08	2028	MSM6J2QB_MGX	M2028C18	24	24	female	CD	G111303	M2028	M2028C18	36	2015-01-08	22	23	12072596	Stool Collection #18	23	2028	MGH	"Some college, no degree"	Paid	No	No
SRR5935746	MSM6J2QD	2015-02-03	2028	MSM6J2QD_MGX	M2028C19	24	24	female	CD	G109975	M2028	M2028C19	40	2015-02-03	26	25	11012637	Stool Collection #19	25	2028	MGH	"Some college, no degree"	Paid	No	No
SRR5947039	MSM79H65	2015-02-12	2028	MSM79H65_MGX	M2028C21	24	24	female	CD	G111338	M2028	M2028C21	41	2015-02-12	1	27	13493131	Stool Collection #21	27	2028	MGH	"Some college, no degree"	Paid	No	No
SRR5946693	MSM79H63	2015-02-11	2028	MSM79H63_MGX	M2028C20	24	24	female	CD	G111337	M2028	M2028C20	41	2015-02-11	8	26	13889943	Stool Collection #20	26	2028	MGH	"Some college, no degree"	Paid	No	No
SRR5946605	MSM79H67	2015-03-06	2028	MSM79H67_MGX	M2028C22	24	24	female	CD	G111330	M2028	M2028C22	44	2015-03-06	22	28	6810930	Stool Collection #22	28	2028	MGH	"Some college, no degree"	Paid	No	No
SRR5946945	MSM79H69	2015-03-26	2028	MSM79H69_MGX	M2028C23	24	24	female	CD	G111363	M2028	M2028C23	47	2015-03-26	20	29	11045386	Stool Collection #23	29	2028	MGH	"Some college, no degree"	Paid	No	No
SRR5947015	MSM79H6B	2015-04-09	2028	MSM79H6B_MGX	M2028C24	24	24	female	CD	G111327	M2028	M2028C24	49	2015-04-09	14	30	15518701	Stool Collection #24	30	2028	MGH	"Some college, no degree"	Paid	No	No
SRR5936079	MSM5LLF4	2014-08-20	2034	MSM5LLF4_MGX	M2034C5	22	22	female	CD	G109956	M2034	M2034C5	7	2014-08-20	15	8	6302589	Stool Collection #5	8	2034	MGH	"Some college, no degree"	Student	No	No
SRR5947007	MSM5LLF6	2014-09-08	2034	MSM5LLF6_MGX	M2034C6	22	22	female	CD	G111293	M2034	M2034C6	10	2014-09-08	19	9	15291927	Stool Collection #6	9	2034	MGH	"Some college, no degree"	Student	No	No
SRR5946664	MSM5LLF8	2014-09-17	2034	MSM5LLF8_MGX	M2034C7	22	22	female	CD	G111300	M2034	M2034C7	11	2014-09-17	9	11	7862394	Stool Collection #7	11	2034	MGH	"Some college, no degree"	Student	No	No
SRR5946973	MSM6J2LH	2014-10-02	2034	MSM6J2LH_MGX	M2034C8	22	22	female	CD	G111298	M2034	M2034C8	14	2014-10-02	15	12	7502492	Stool Collection #8	12	2034	MGH	"Some college, no degree"	Student	No	No
SRR5936038	MSM6J2LJ	2014-10-14	2034	MSM6J2LJ_MGX	M2034C9	22	22	female	CD	G109942	M2034	M2034C9	15	2014-10-14	12	13	13283999	Stool Collection #9	13	2034	MGH	"Some college, no degree"	Student	No	No
SRR5935899	MSM6J2LL	2014-10-29	2034	MSM6J2LL_MGX	M2034C10	22	22	female	CD	G109950	M2034	M2034C10	17	2014-10-29	15	14	11602546	Stool Collection #10	14	2034	MGH	"Some college, no degree"	Student	No	No
SRR5947095	MSM6J2LN	2014-11-12	2034	MSM6J2LN_MGX	M2034C11	22	22	female	CD	G111296	M2034	M2034C11	19	2014-11-12	14	15	16264782	Stool Collection #11	15	2034	MGH	"Some college, no degree"	Student	No	No
SRR5947050	MSM6J2LR	2014-12-17	2034	MSM6J2LR_MGX	M2034C13	22	22	female	CD	G111289	M2034	M2034C13	24	2014-12-17	16	18	10081822	Stool Collection #13	18	2034	MGH	"Some college, no degree"	Student	No	No
SRR5936076	MSM6J2MB	2014-12-19	2034	MSM6J2MB_MGX	M2034C14	22	22	female	CD	G109969	M2034	M2034C14	25	2014-12-19	2	19	11343429	Stool Collection #14	19	2034	MGH	"Some college, no degree"	Student	No	No
SRR5947090	MSM6J2MD	2015-01-12	2034	MSM6J2MD_MGX	M2034C15	22	22	female	CD	G111302	M2034	M2034C15	28	2015-01-12	24	20	16135985	Stool Collection #15	20	2034	MGH	"Some college, no degree"	Student	No	Yes
SRR5946668	MSM6J2MF	2015-01-26	2034	MSM6J2MF_MGX	M2034C16	22	22	female	CD	G111285	M2034	M2034C16	30	2015-01-26	14	21	14188311	Stool Collection #16	21	2034	MGH	"Some college, no degree"	Student	No	Yes
SRR5935888	MSM6J2MH	2015-02-04	2034	MSM6J2MH_MGX	M2034C17	22	22	female	CD	G109896	M2034	M2034C17	31	2015-02-04	9	22	14120662	Stool Collection #17	22	2034	MGH	"Some college, no degree"	Student	No	Yes
SRR5935832	MSM6J2MJ	2015-02-18	2034	MSM6J2MJ_MGX	M2034C18	22	22	female	CD	G109902	M2034	M2034C18	33	2015-02-18	14	23	6882452	Stool Collection #18	23	2034	MGH	"Some college, no degree"	Student	No	No
SRR5946607	MSM6J2ML	2015-03-06	2034	MSM6J2ML_MGX	M2034C19	22	22	female	CD	G111341	M2034	M2034C19	36	2015-03-06	16	25	10316542	Stool Collection #19	25	2034	MGH	"Some college, no degree"	Student	No	No
SRR5946821	MSM79HBN	2015-03-19	2034	MSM79HBN_MGX	M2034C20	22	22	female	CD	G111348	M2034	M2034C20	38	2015-03-19	13	26	7161612	Stool Collection #20	26	2034	MGH	"Some college, no degree"	Student	No	Yes
SRR5946948	MSM79HBP	2015-03-31	2034	MSM79HBP_MGX	M2034C21	22	22	female	CD	G111353	M2034	M2034C21	39	2015-03-31	12	27	5606398	Stool Collection #21	27	2034	MGH	"Some college, no degree"	Student	No	Yes
SRR5946650	MSM79HBR	2015-04-21	2034	MSM79HBR_MGX	M2034C22	22	22	female	CD	G111344	M2034	M2034C22	42	2015-04-21	21	28	11697504	Stool Collection #22	28	2034	MGH	"Some college, no degree"	Student	Yes	Yes
SRR5946774	MSM79HBT	2015-04-29	2034	MSM79HBT_MGX	M2034C23	22	22	female	CD	G111350	M2034	M2034C23	43	2015-04-29	8	29	6867907	Stool Collection #23	29	2034	MGH	"Some college, no degree"	Student	Yes	No
SRR5946686	MSM79HBV	2015-05-12	2034	MSM79HBV_MGX	M2034C24	22	22	female	CD	G111369	M2034	M2034C24	45	2015-05-12	13	30	6801912	Stool Collection #24	30	2034	MGH	"Some college, no degree"	Student	No	No
SRR5947000	MSM6J2HN	2014-08-07	2039	MSM6J2HN_MGX	M2039C2	40		female	HD	G111292	M2039	M2039C2	2	2014-08-07	17	5	19863682	Stool Collection #2	5	2039	MGH	Bachelor's degree	Paid	No	No
SRR5936084	MSM6J2HP	2014-08-26	2039	MSM6J2HP_MGX	M2039C3	40		female	HD	G109958	M2039	M2039C3	5	2014-08-26	19	6	9743569	Stool Collection #3	6	2039	MGH	Bachelor's degree	Paid	No	No
SRR5935916	MSM6J2HR	2014-09-12	2039	MSM6J2HR_MGX	M2039C4	40		female	HD	G109965	M2039	M2039C4	7	2014-09-12	17	7	16507857	Stool Collection #4	7	2039	MGH	Bachelor's degree	Paid	No	No
SRR5935749	MSM6J2HT	2014-10-01	2039	MSM6J2HT_MGX	M2039C5	40		female	HD	G109949	M2039	M2039C5	10	2014-10-01	19	8	18879988	Stool Collection #5	8	2039	MGH	Bachelor's degree	Paid	No	No
SRR5947097	MSM6J2QL	2014-11-10	2039	MSM6J2QL_MGX	M2039C8	40		female	HD	G111295	M2039	M2039C8	16	2014-11-10	14	12	16570404	Stool Collection #8	12	2039	MGH	Bachelor's degree	Paid	No	No
SRR5935995	MSM6J2QH	2014-11-24	2039	MSM6J2QH_MGX	M2039C9	40		female	HD	G109976	M2039	M2039C9	18	2014-11-24	14	13	13923448	Stool Collection #9	13	2039	MGH	Bachelor's degree	Paid	No	No
SRR5935817	MSM6J2QP	2014-12-09	2039	MSM6J2QP_MGX	M2039C10	40		female	HD	G109977	M2039	M2039C10	20	2014-12-09	15	14	14261247	Stool Collection #10	14	2039	MGH	Bachelor's degree	Paid	No	No
SRR5946751	MSM6J2QJ	2015-01-06	2039	MSM6J2QJ_MGX	M2039C12	40		female	HD	G111287	M2039	M2039C12	24	2015-01-06	18	16	10390727	Stool Collection #12	16	2039	MGH	Bachelor's degree	Paid	No	No
SRR5936052	MSM6J2QF	2015-01-20	2039	MSM6J2QF_MGX	M2039C13	40		female	HD	G109947	M2039	M2039C13	26	2015-01-20	14	18	14057161	Stool Collection #13	18	2039	MGH	Bachelor's degree	Paid	No	No
SRR5936112	MSM79H5Q	2015-02-27	2039	MSM79H5Q_MGX	M2039C16	40		female	HD	G109903	M2039	M2039C16	31	2015-02-27	15	21	13949897	Stool Collection #16	21	2039	MGH	Bachelor's degree	Paid	No	No
SRR5946788	MSM79H5U	2015-03-11	2039	MSM79H5U_MGX	M2039C17	40		female	HD	G111356	M2039	M2039C17	33	2015-03-11	12	22	9972410	Stool Collection #17	22	2039	MGH	Bachelor's degree	Paid	No	No
SRR5935876	MSM79H5Y	2015-03-25	2039	MSM79H5Y_MGX	M2039C18	40		female	HD	G109913	M2039	M2039C18	35	2015-03-25	14	23	15788305	Stool Collection #18	23	2039	MGH	Bachelor's degree	Paid	No	No
SRR5946851	MSM79H5S	2015-04-08	2039	MSM79H5S_MGX	M2039C19	40		female	HD	G111329	M2039	M2039C19	37	2015-04-08	14	25	13716619	Stool Collection #19	25	2039	MGH	Bachelor's degree	Paid	No	No
SRR5935976	MSM79HAH	2015-06-25	2039	MSM79HAH_MGX	M2039C24	40		female	HD	G109918	M2039	M2039C24	48	2015-06-25	13	30	10628913	Stool Collection #24	30	2039	MGH	Bachelor's degree	Paid	No	No
SRR5935827	MSM6J2JN	2014-08-28	2041	MSM6J2JN_MGX	M2041C2	55		male	HD	G109961	M2041	M2041C2	2	2014-08-28	14	5	16261036	Stool Collection #2	5	2041	MGH	Bachelor's degree	Paid	No	No
SRR5935912	MSM6J2JP	2014-09-09	2041	MSM6J2JP_MGX	M2041C3	55		male	HD	G109972	M2041	M2041C3	3	2014-09-09	12	6	7997664	Stool Collection #3	6	2041	MGH	Bachelor's degree	Paid	No	No
SRR5935784	MSM6J2JR	2014-10-09	2041	MSM6J2JR_MGX	M2041C4	55		male	HD	G109940	M2041	M2041C4	8	2014-10-09	30	7	14800110	Stool Collection #4	7	2041	MGH	Bachelor's degree	Paid	No	No
SRR5946911	MSM6J2JT	2014-10-21	2041	MSM6J2JT_MGX	M2041C5	55		male	HD	G111308	M2041	M2041C5	9	2014-10-21	12	8	13135152	Stool Collection #5	8	2041	MGH	Bachelor's degree	Paid	No	No
SRR5935812	MSM6J2LV	2014-12-09	2041	MSM6J2LV_MGX	M2041C8	55		male	HD	G109978	M2041	M2041C8	16	2014-12-09	26	12	9108193	Stool Collection #8	12	2041	MGH	Bachelor's degree	Paid	No	No
SRR5936035	MSM6J2SE	2014-12-23	2041	MSM6J2SE_MGX	M2041C9	55		male	HD	G109971	M2041	M2041C9	18	2014-12-23	14	13	13141049	Stool Collection #9	13	2041	MGH	Bachelor's degree	Paid	No	No
SRR5946652	MSM6J2SI	2015-01-29	2041	MSM6J2SI_MGX	M2041C11	55		male	HD	G111284	M2041	M2041C11	24	2015-01-29	16	15	12549592	Stool Collection #11	15	2041	MGH	Bachelor's degree	Paid	No	No
SRR5935985	MSM6J2SK	2015-02-11	2041	MSM6J2SK_MGX	M2041C12	55		male	HD	G109899	M2041	M2041C12	25	2015-02-11	13	16	14604275	Stool Collection #12	16	2041	MGH	Bachelor's degree	Paid	No	No
SRR5946846	MSM79HES	2015-04-07	2041	MSM79HES_MGX	M2041C16	55		male	HD	G111342	M2041	M2041C16	33	2015-04-07	12	21	12954701	Stool Collection #16	21	2041	MGH	Bachelor's degree	Paid	No	No
SRR5936081	MSM79HEU	2015-04-21	2041	MSM79HEU_MGX	M2041C17	55		male	HD	G109909	M2041	M2041C17	35	2015-04-21	14	22	11752116	Stool Collection #17	22	2041	MGH	Bachelor's degree	Paid	No	No
SRR5946772	MSM79HEW	2015-04-29	2041	MSM79HEW_MGX	M2041C18	55		male	HD	G111349	M2041	M2041C18	36	2015-04-29	8	23	5558757	Stool Collection #18	23	2041	MGH	Bachelor's degree	Paid	No	No
SRR5935795	MSM79HEY	2015-05-19	2041	MSM79HEY_MGX	M2041C19	55		male	HD	G109923	M2041	M2041C19	39	2015-05-19	20	25	11924315	Stool Collection #19	25	2041	MGH	Bachelor's degree	Paid	No	No
SRR5935850	MSM79HB6	2015-08-03	2041	MSM79HB6_MGX	M2041C24	55		male	HD	G109928	M2041	M2041C24	50	2015-08-03	6	30	11028924	Stool Collection #24	30	2041	MGH	Bachelor's degree	Paid	No	No
SRR5935833	MSM6J2JZ	2014-09-03	2042	MSM6J2JZ_MGX	M2042C2	44		male	HD	G109962	M2042	M2042C2	1	2014-09-03	8	5	12711145	Stool Collection #2	5	2042	MGH	High school graduate or GED	Paid	No	No
SRR5935914	MSM6J2K2	2014-09-09	2042	MSM6J2K2_MGX	M2042C3	44		male	HD	G109963	M2042	M2042C3	2	2014-09-09	6	6	12402471	Stool Collection #3	6	2042	MGH	High school graduate or GED	Paid	No	No
SRR5946985	MSM6J2K4	2014-09-16	2042	MSM6J2K4_MGX	M2042C4	44		male	HD	G111301	M2042	M2042C4	3	2014-09-16	7	7	21160242	Stool Collection #4	7	2042	MGH	High school graduate or GED	Paid	No	No
SRR5935938	MSM6J2K6	2014-09-23	2042	MSM6J2K6_MGX	M2042C5	44		male	HD	G109948	M2042	M2042C5	4	2014-09-23	7	8	17642530	Stool Collection #5	8	2042	MGH	High school graduate or GED	Paid	No	No
SRR5946671	MSM6J2K8	2014-09-30	2042	MSM6J2K8_MGX	M2042C6	44		male	HD	G111299	M2042	M2042C6	5	2014-09-30	7	9	8662962	Stool Collection #6	9	2042	MGH	High school graduate or GED	Paid	No	No
SRR5946921	MSM6J2KA	2014-10-07	2042	MSM6J2KA_MGX	M2042C7	44		male	HD	G111297	M2042	M2042C7	6	2014-10-07	7	11	15028907	Stool Collection #7	11	2042	MGH	High school graduate or GED	Paid	No	No
SRR5946760	MSM6J2RK	2014-11-19	2042	MSM6J2RK_MGX	M2042C8	44		male	HD	G111294	M2042	M2042C8	12	2014-11-19	43	12	20347690	Stool Collection #8	12	2042	MGH	High school graduate or GED	Paid	No	No
SRR5946628	MSM6J2RM	2014-12-02	2042	MSM6J2RM_MGX	M2042C9	44		male	HD	G111286	M2042	M2042C9	14	2014-12-02	13	13	18445065	Stool Collection #9	13	2042	MGH	High school graduate or GED	Paid	No	No
SRR5935810	MSM6J2RO	2014-12-10	2042	MSM6J2RO_MGX	M2042C10	44		male	HD	G109966	M2042	M2042C10	15	2014-12-10	8	14	15280604	Stool Collection #10	14	2042	MGH	High school graduate or GED	Paid	No	No
SRR5946876	MSM6J2RQ	2014-12-16	2042	MSM6J2RQ_MGX	M2042C11	44		male	HD	G111291	M2042	M2042C11	16	2014-12-16	6	15	23353077	Stool Collection #11	15	2042	MGH	High school graduate or GED	Paid	No	No
SRR5946747	MSM6J2RU	2015-01-06	2042	MSM6J2RU_MGX	M2042C12	44		male	HD	G111304	M2042	M2042C12	19	2015-01-06	21	16	20893143	Stool Collection #12	16	2042	MGH	High school graduate or GED	Paid	No	No
SRR5936238	MSM6J2RS	2015-01-14	2042	MSM6J2RS_MGX	M2042C13	44		male	HD	G109945	M2042	M2042C13	20	2015-01-14	8	18	16682192	Stool Collection #13	18	2042	MGH	High school graduate or GED	Paid	No	No
SRR5946867	MSM79H6D	2015-02-24	2042	MSM79H6D_MGX	M2042C14	44		male	HD	G111339	M2042	M2042C14	26	2015-02-24	41	19	20152279	Stool Collection #14	19	2042	MGH	High school graduate or GED	Paid	No	No
SRR5935793	MSM79H6F	2015-03-04	2042	MSM79H6F_MGX	M2042C15	44		male	HD	G109904	M2042	M2042C15	27	2015-03-04	8	20	1771479	Stool Collection #15	20	2042	MGH	High school graduate or GED	Paid	No	No
SRR5946791	MSM79H6J	2015-03-11	2042	MSM79H6J_MGX	M2042C16	44		male	HD	G111355	M2042	M2042C16	28	2015-03-11	7	21	16280114	Stool Collection #16	21	2042	MGH	High school graduate or GED	Paid	No	No
SRR5946817	MSM79H6H	2015-03-18	2042	MSM79H6H_MGX	M2042C17	44		male	HD	G111358	M2042	M2042C17	29	2015-03-18	7	22	15182830	Stool Collection #17	22	2042	MGH	High school graduate or GED	Paid	No	No
SRR5946930	MSM79H6L	2015-03-25	2042	MSM79H6L_MGX	M2042C18	44		male	HD	G111360	M2042	M2042C18	30	2015-03-25	7	23	15880828	Stool Collection #18	23	2042	MGH	High school graduate or GED	Paid	No	No
SRR5946847	MSM79H6N	2015-04-03	2042	MSM79H6N_MGX	M2042C19	44		male	HD	G111354	M2042	M2042C19	31	2015-04-03	9	25	18785851	Stool Collection #19	25	2042	MGH	High school graduate or GED	Paid	No	No
SRR5936115	MSM79H9Y	2015-04-21	2042	MSM79H9Y_MGX	M2042C20	44		male	HD	G109910	M2042	M2042C20	34	2015-04-21	18	26	12894067	Stool Collection #20	26	2042	MGH	High school graduate or GED	Paid	No	No
SRR5946776	MSM79HA1	2015-04-30	2042	MSM79HA1_MGX	M2042C21	44		male	HD	G111328	M2042	M2042C21	35	2015-04-30	9	27	19711129	Stool Collection #21	27	2042	MGH	High school graduate or GED	Paid	No	No
SRR5935989	MSM79HA3	2015-06-03	2042	MSM79HA3_MGX	M2042C22	44		male	HD	G109927	M2042	M2042C22	40	2015-06-03	34	28	15933358	Stool Collection #22	28	2042	MGH	High school graduate or GED	Paid	No	No
SRR5950520	MSM79HA7	2015-06-30	2042	MSM79HA7_MGX	M2042C23_MGX	44		male	HD	G111366	M2042	M2042C23	44	2015-06-30	27	29	15797824	Stool Collection #23	29	2042	MGH	High school graduate or GED	Paid	No	No
SRR5947048	MSM6J2PO	2014-12-23	2047	MSM6J2PO_MGX	M2047C1	57		male	HD	G111288	M2047	M2047C1	0	2014-12-23	0	4	8027696	Stool Collection #1	4	2047	MGH	Bachelor's degree	Paid	No	No
SRR5936231	MSM6J2PS	2015-01-20	2047	MSM6J2PS_MGX	M2047C3	57		male	HD	G109946	M2047	M2047C3	4	2015-01-20	13	6	12806959	Stool Collection #3	6	2047	MGH	Bachelor's degree	Paid	No	No
SRR5935892	MSM6J2PU	2015-02-11	2047	MSM6J2PU_MGX	M2047C4	57		male	HD	G109897	M2047	M2047C4	7	2015-02-11	22	7	2121841	Stool Collection #4	7	2047	MGH	Bachelor's degree	Paid	No	No
SRR5946987	MSM6J2PW	2015-03-03	2047	MSM6J2PW_MGX	M2047C5	57		male	HD	G111340	M2047	M2047C5	10	2015-03-03	20	8	8909541	Stool Collection #5	8	2047	MGH	Bachelor's degree	Paid	No	No
SRR5935866	MSM79HC4	2015-04-13	2047	MSM79HC4_MGX	M2047C9	57		male	HD	G109907	M2047	M2047C9	15	2015-04-13	13	13	13126820	Stool Collection #9	13	2047	MGH	Bachelor's degree	Paid	No	No
SRR5936191	MSM79HC8	2015-05-12	2047	MSM79HC8_MGX	M2047C11	57		male	HD	G109922	M2047	M2047C11	20	2015-05-12	11	15	12071512	Stool Collection #11	15	2047	MGH	Bachelor's degree	Paid	No	No
SRR5935970	MSM79H7O	2015-06-22	2047	MSM79H7O_MGX	M2047C13	57		male	HD	G109916	M2047	M2047C13	25	2015-06-22	28	18	13062195	Stool Collection #13	18	2047	MGH	Bachelor's degree	Paid	No	No
SRR5936095	MSM79H7Q	2015-07-08	2047	MSM79H7Q_MGX	M2047C14	57		male	HD	G109920	M2047	M2047C14	28	2015-07-08	16	19	14672725	Stool Collection #14	19	2047	MGH	Bachelor's degree	Paid	No	No
SRR5950531	MSM79H7W	2015-08-10	2047	MSM79H7W_MGX	M2047C18_MGX	57		male	HD	G111322	M2047	M2047C18	32	2015-08-10	7	23	12407665	Stool Collection #18	23	2047	MGH	Bachelor's degree	Paid	No	No
SRR5936099	MSM79H7Y	2015-08-17	2047	MSM79H7Y_MGX	M2047C19	57		male	HD	G109933	M2047	M2047C19	33	2015-08-17	7	25	11811153	Stool Collection #19	25	2047	MGH	Bachelor's degree	Paid	No	No
SRR5962906	MSM9VZNH_TR	2015-08-31	2047	MSM9VZNH_TR_MGX	M2047C20_TR_MGX	57		male	HD	M2047C20_MGX	M2047	M2047C20	35	2015-08-31	14	26	8637268	Stool Collection #20	26	2047	MGH	Bachelor's degree	Paid	No	No
SRR5935774	MSM9VZNH	2015-08-31	2047	MSM9VZNH_MGX	M2047C20	57		male	HD	G109935	M2047	M2047C20	35	2015-08-31	14	26	12252642	Stool Collection #20	26	2047	MGH	Bachelor's degree	Paid	No	No
SRR5946966	MSM9VZNL	2015-09-28	2047	MSM9VZNL_MGX	M2047C22	57		male	HD	G109930	M2047	M2047C22	39	2015-09-28	14	28	10476754	Stool Collection #22	28	2047	MGH	Bachelor's degree	Paid	No	No
SRR5936013	MSM6J2Q1	2014-11-07	2048	MSM6J2Q1_MGX	M2048C1	28		male	HD	G109954	M2048	M2048C1	0	2014-11-07	0	4	16589743	Stool Collection #1	4	2048	MGH	Bachelor's degree	Retired	No	No
SRR5946626	MSM6J2LW	2014-11-25	2048	MSM6J2LW_MGX	M2048C2	28		male	HD	G111282	M2048	M2048C2	2	2014-11-25	18	5	19719936	Stool Collection #2	5	2048	MGH	Bachelor's degree	Retired	No	No
SRR5946880	MSM6J2LY	2014-12-08	2048	MSM6J2LY_MGX	M2048C3	28		male	HD	G111280	M2048	M2048C3	4	2014-12-08	13	6	12775930	Stool Collection #3	6	2048	MGH	Bachelor's degree	Retired	No	No
SRR5935963	MSM6J2M3	2015-01-15	2048	MSM6J2M3_MGX	M2048C5	28		male	HD	G109980	M2048	M2048C5	9	2015-01-15	28	8	14739325	Stool Collection #5	8	2048	MGH	Bachelor's degree	Retired	No	No
SRR5946787	MSM79HBL	2015-03-11	2048	MSM79HBL_MGX	M2048C8	28		male	HD	G111346	M2048	M2048C8	17	2015-03-11	21	12	14822086	Stool Collection #8	12	2048	MGH	Bachelor's degree	Retired	No	No
SRR5946777	MSM79HFW	2015-05-01	2048	MSM79HFW_MGX	M2048C11	28		male	HD	G111351	M2048	M2048C11	25	2015-05-01	23	15	14940584	Stool Collection #11	15	2048	MGH	Bachelor's degree	Retired	No	No
SRR5936195	MSM79HFY	2015-05-12	2048	MSM79HFY_MGX	M2048C12	28		male	HD	G109924	M2048	M2048C12	26	2015-05-12	11	16	15001823	Stool Collection #12	16	2048	MGH	Bachelor's degree	Retired	No	No
SRR5950571	MSM79H6Y	2015-06-26	2048	MSM79H6Y_MGX	M2048C15_MGX	28		male	HD	G111367	M2048	M2048C15	33	2015-06-26	45	20	5790065	Stool Collection #15	20	2048	MGH	Bachelor's degree	Retired	No	No
SRR5935825	MSM79HBB	2015-08-04	2048	MSM79HBB_MGX	M2048C18	28		male	HD	G109929	M2048	M2048C18	38	2015-08-04	39	23	11458399	Stool Collection #18	23	2048	MGH	Bachelor's degree	Retired	No	No
SRR5935984	MSM79H54	2015-02-12	2060	MSM79H54_MGX	M2060C3	62		female	HD	G109900	M2060	M2060C3	4	2015-02-12	14	6	12883607	Stool Collection #3	6	2060	MGH	Professional/Doctoral degree	Paid	No	No
SRR5946682	MSM79H58	2015-03-11	2060	MSM79H58_MGX	M2060C5	62		female	HD	G111347	M2060	M2060C5	8	2015-03-11	14	8	13023942	Stool Collection #5	8	2060	MGH	Professional/Doctoral degree	Paid	No	No
SRR5946651	MSM79H5A	2015-03-25	2060	MSM79H5A_MGX	M2060C6	62		female	HD	G111364	M2060	M2060C6	10	2015-03-25	14	9	11650081	Stool Collection #6	9	2060	MGH	Professional/Doctoral degree	Paid	No	No
SRR5936118	MSM79H9A	2015-04-22	2060	MSM79H9A_MGX	M2060C8	62		female	HD	G109908	M2060	M2060C8	14	2015-04-22	1	12	14364027	Stool Collection #8	12	2060	MGH	Professional/Doctoral degree	Paid	No	No
SRR5950759	MSM79H9C	2015-05-06	2060	MSM79H9C_MGX	M2060C9_MGX	62		female	HD	G111352	M2060	M2060C9	16	2015-05-06	14	13	12704952	Stool Collection #9	13	2060	MGH	Professional/Doctoral degree	Paid	No	No
SRR5935968	MSM79H9G	2015-06-17	2060	MSM79H9G_MGX	M2060C12	62		female	HD	G109915	M2060	M2060C12	22	2015-06-17	14	16	14159958	Stool Collection #12	16	2060	MGH	Professional/Doctoral degree	Paid	No	No
SRR5935975	MSM79H9K	2015-06-24	2060	MSM79H9K_MGX	M2060C13	62		female	HD	G109917	M2060	M2060C13	23	2015-06-24	7	18	11627896	Stool Collection #13	18	2060	MGH	Professional/Doctoral degree	Paid	No	No
SRR5947028	MSM9VZF7	2015-07-21	2060	MSM9VZF7_MGX	M2060C14	62		female	HD	G111323	M2060	M2060C14	27	2015-07-21	27	19	18105050	Stool Collection #14	19	2060	MGH	Professional/Doctoral degree	Paid	No	No
SRR5936143	MSM9VZFF	2015-09-09	2060	MSM9VZFF_MGX	M2060C18	62		female	HD	G109936	M2060	M2060C18	34	2015-09-09	8	23	14351844	Stool Collection #18	23	2060	MGH	Professional/Doctoral degree	Paid	No	No
SRR5950686	MSM9VZFH	2015-09-23	2060	MSM9VZFH_MGX	M2060C19_MGX	62		female	HD	G111320	M2060	M2060C19	36	2015-09-23	14	25	13961871	Stool Collection #19	25	2060	MGH	Professional/Doctoral degree	Paid	No	No
SRR5946981	MSM9VZPT	2015-10-06	2060	MSM9VZPT_MGX	M2060C20	62		female	HD	G111318	M2060	M2060C20	38	2015-10-06	13	26	14702391	Stool Collection #20	26	2060	MGH	Professional/Doctoral degree	Paid	No	No
SRR5935740	MSM79H5E	2015-01-29	2061	MSM79H5E_MGX	M2061C2	56		male	HD	G109974	M2061	M2061C2	2	2015-01-29	16	5	10532933	Stool Collection #2	5	2061	MGH		Paid	No	No
SRR5935981	MSM79H5G	2015-02-11	2061	MSM79H5G_MGX	M2061C3	56		male	HD	G109898	M2061	M2061C3	4	2015-02-11	13	6	11536010	Stool Collection #3	6	2061	MGH		Paid	No	No
SRR5936132	MSM79H5K	2015-03-10	2061	MSM79H5K_MGX	M2061C5	56		male	HD	G109905	M2061	M2061C5	8	2015-03-10	14	8	13776375	Stool Collection #5	8	2061	MGH		Paid	No	No
SRR5946818	MSM79H5M	2015-03-24	2061	MSM79H5M_MGX	M2061C6	56		male	HD	G111357	M2061	M2061C6	10	2015-03-24	14	9	15638139	Stool Collection #6	9	2061	MGH		Paid	No	No
SRR5936020	MSM79H9M	2015-04-29	2061	MSM79H9M_MGX	M2061C8	56		male	HD	G109912	M2061	M2061C8	15	2015-04-29	15	12	13350083	Stool Collection #8	12	2061	MGH		Paid	No	No
SRR5936058	MSM79H9Q	2015-05-27	2061	MSM79H9Q_MGX	M2061C10	56		male	HD	G109926	M2061	M2061C10	19	2015-05-27	15	14	10685804	Stool Collection #10	14	2061	MGH		Paid	No	No
SRR5936097	MSM79H9W	2015-07-08	2061	MSM79H9W_MGX	M2061C12	56		male	HD	G109919	M2061	M2061C12	25	2015-07-08	29	16	13394122	Stool Collection #12	16	2061	MGH		Paid	No	No
SRR5936105	MSM9VZGO	2015-08-12	2061	MSM9VZGO_MGX	M2061C14	56		male	HD	G109934	M2061	M2061C14	30	2015-08-12	15	19	11530104	Stool Collection #14	19	2061	MGH		Paid	No	No
SRR5950652	MSM9VZGS	2015-09-10	2061	MSM9VZGS_MGX	M2061C16_MGX	56		male	HD	G111310	M2061	M2061C16	34	2015-09-10	16	21	8578633	Stool Collection #16	21	2061	MGH		Paid	No	No
SRR5950733	MSM9VZGU	2015-09-24	2061	MSM9VZGU_MGX	M2061C17_MGX	56		male	HD	G111321	M2061	M2061C17	36	2015-09-24	14	22	10431815	Stool Collection #17	22	2061	MGH		Paid	No	No
SRR5946971	MSM9VZLJ	2015-10-06	2061	MSM9VZLJ_MGX	M2061C18	56		male	HD	G109931	M2061	M2061C18	38	2015-10-06	12	23	12982663	Stool Collection #18	23	2061	MGH		Paid	No	No
SRR5946803	MSM9VZHB	2015-12-01	2061	MSM9VZHB_MGX	M2061C21	56		male	HD	G109939	M2061	M2061C21	46	2015-12-01	14	27	12199674	Stool Collection #21	27	2061	MGH		Paid	No	No
SRR5946895	MSM9VZHF	2016-01-05	2061	MSM9VZHF_MGX	M2061C23	56		male	HD	G109906	M2061	M2061C23	51	2016-01-05	22	29	9562684	Stool Collection #23	29	2061	MGH		Paid	No	No
SRR5946785	MSM79HF3	2015-03-12	2064	MSM79HF3_MGX	M2064C2	74	74	male	UC	G111345	M2064	M2064C2	2	2015-03-12	15	5	6640025	Stool Collection #2	5	2064	MGH	"Some college, no degree"	Paid	No	No
SRR5935884	MSM79HF5	2015-03-26	2064	MSM79HF5_MGX	M2064C3	74	74	male	UC	G109914	M2064	M2064C3	4	2015-03-26	14	6	11721218	Stool Collection #3	6	2064	MGH	"Some college, no degree"	Paid	No	No
SRR5947011	MSM79HF7	2015-04-09	2064	MSM79HF7_MGX	M2064C4	74	74	male	UC	G111362	M2064	M2064C4	6	2015-04-09	14	7	16129289	Stool Collection #4	7	2064	MGH	"Some college, no degree"	Paid	No	No
SRR5962898	MSM79HF9_TR	2015-04-23	2064	MSM79HF9_TR_MGX	M2064C5_TR_MGX	74	74	male	UC	M2064C5_MGX	M2064	M2064C5	8	2015-04-23	14	8	5021352	Stool Collection #5	8	2064	MGH	"Some college, no degree"	Paid	Yes	No
SRR5936064	MSM79HF9	2015-04-23	2064	MSM79HF9_MGX	M2064C5	74	74	male	UC	G109911	M2064	M2064C5	8	2015-04-23	14	8	5421604	Stool Collection #5	8	2064	MGH	"Some college, no degree"	Paid	Yes	No
SRR5950758	MSM79HFB	2015-05-07	2064	MSM79HFB_MGX	M2064C6_MGX	74	74	male	UC	G111368	M2064	M2064C6	10	2015-05-07	14	9	22578495	Stool Collection #6	9	2064	MGH	"Some college, no degree"	Paid	No	No
SRR5935799	MSM79HAJ	2015-05-14	2064	MSM79HAJ_MGX	M2064C7	74	74	male	UC	G109925	M2064	M2064C7	11	2015-05-14	7	11	9090227	Stool Collection #7	11	2064	MGH	"Some college, no degree"	Paid	No	No
SRR5936140	MSM79HAL	2015-06-03	2064	MSM79HAL_MGX	M2064C8	74	74	male	UC	G109921	M2064	M2064C8	14	2015-06-03	20	12	9928526	Stool Collection #8	12	2064	MGH	"Some college, no degree"	Paid	No	No
SRR5950630	MSM79HAN	2015-06-18	2064	MSM79HAN_MGX	M2064C9_MGX	74	74	male	UC	G111359	M2064	M2064C9	16	2015-06-18	15	13	15067932	Stool Collection #9	13	2064	MGH	"Some college, no degree"	Paid	No	No
SRR5950732	MSM79HAT	2015-07-15	2064	MSM79HAT_MGX	M2064C10_MGX	74	74	male	UC	G111370	M2064	M2064C10	20	2015-07-15	27	14	9384124	Stool Collection #10	14	2064	MGH	"Some college, no degree"	Paid	No	No
SRR5950767	MSM79HAR	2015-08-04	2064	MSM79HAR_MGX	M2064C11_MGX	74	74	male	UC	G111314	M2064	M2064C11	22	2015-08-04	20	15	14631084	Stool Collection #11	15	2064	MGH	"Some college, no degree"	Paid	Yes	No
SRR5950532	MSM9VZLL	2015-08-17	2064	MSM9VZLL_MGX	M2064C12_MGX	74	74	male	UC	G111316	M2064	M2064C12	24	2015-08-17	13	16	15229108	Stool Collection #12	16	2064	MGH	"Some college, no degree"	Paid	Yes	No
SRR5935926	MSM9VZLN	2015-09-09	2064	MSM9VZLN_MGX	M2064C13	74	74	male	UC	G109937	M2064	M2064C13	28	2015-09-09	23	18	13757202	Stool Collection #13	18	2064	MGH	"Some college, no degree"	Paid	No	No
SRR5935978	MSM9VZLP	2015-09-14	2064	MSM9VZLP_MGX	M2064C14	74	74	male	UC	G109938	M2064	M2064C14	28	2015-09-14	5	19	6975345	Stool Collection #14	19	2064	MGH	"Some college, no degree"	Paid	No	No
SRR5950736	MSM9VZLR	2015-09-29	2064	MSM9VZLR_MGX	M2064C15_MGX	74	74	male	UC	G111319	M2064	M2064C15	30	2015-09-29	15	20	7395333	Stool Collection #15	20	2064	MGH	"Some college, no degree"	Paid	No	No
SRR5947082	MSM9VZLV	2015-10-20	2064	MSM9VZLV_MGX	M2064C16	74	74	male	UC	G109932	M2064	M2064C16	33	2015-10-20	21	21	10572096	Stool Collection #16	21	2064	MGH	"Some college, no degree"	Paid	No	No
SRR5946929	MSM9VZLT	2015-11-17	2064	MSM9VZLT_MGX	M2064C18	74	74	male	UC	G110267	M2064	M2064C18	37	2015-11-17	28	23	8825479	Stool Collection #18	23	2064	MGH	"Some college, no degree"	Paid	No	No
SRR5950499	MSMA26ER	2015-12-15	2064	MSMA26ER_MGX	M2064C19_MGX	74	74	male	UC	G111305	M2064	M2064C19	41	2015-12-15	28	25	5098685	Stool Collection #19	25	2064	MGH	"Some college, no degree"	Paid	Yes	No
SRR5946962	MSMA26ET	2016-02-11	2064	MSMA26ET_MGX	M2064C21	74	74	male	UC	G110202	M2064	M2064C21	50	2016-02-11	23	27	8025801	Stool Collection #21	27	2064	MGH	"Some college, no degree"	Paid	No	No
SRR5950779	MSMA26EZ	2016-02-16	2064	MSMA26EZ_MGX	M2064C22_MGX	74	74	male	UC	G111334	M2064	M2064C22	50	2016-02-16	5	28	8864836	Stool Collection #22	28	2064	MGH	"Some college, no degree"	Paid	No	No
SRR5950538	MSMA2688	2016-03-02	2064	MSMA2688_MGX	M2064C23_MGX	74	74	male	UC	G111326	M2064	M2064C23	53	2016-03-02	15	29	9755597	Stool Collection #23	29	2064	MGH	"Some college, no degree"	Paid	No	No
SRR5946782	MSM79HDK	2015-04-16	2068	MSM79HDK_MGX	M2068C2	19	19	female	CD	G111343	M2068	M2068C2	2	2015-04-16	15	5	10424978	Stool Collection #2	5	2068	MGH	"Some college, no degree"	Student	Yes	No
SRR5936018	MSM79HDM	2015-04-28	2068	MSM79HDM_MGX	M2068C3	19	19	female	CD	G110214	M2068	M2068C3	3	2015-04-28	12	6	6278414	Stool Collection #3	6	2068	MGH	"Some college, no degree"	Student	Yes	No
SRR5950720	MSM79HDO	2015-05-12	2068	MSM79HDO_MGX	M2068C4_MGX	19	19	female	CD	G111371	M2068	M2068C4	5	2015-05-12	14	7	3216800	Stool Collection #4	7	2068	MGH	"Some college, no degree"	Student	Yes	No
SRR5962901	MSM79HDQ_TR	2015-05-27	2068	MSM79HDQ_TR_MGX	M2068C5_TR_MGX	19	19	female	CD	M2068C5_MGX	M2068	M2068C5	8	2015-05-27	15	8	5163534	Stool Collection #5	8	2068	MGH	"Some college, no degree"	Student	No	No
SRR5936063	MSM79HDQ	2015-05-27	2068	MSM79HDQ_MGX	M2068C5	19	19	female	CD	G110229	M2068	M2068C5	8	2015-05-27	15	8	9126150	Stool Collection #5	8	2068	MGH	"Some college, no degree"	Student	No	No
SRR5950668	MSM79HDS	2015-06-09	2068	MSM79HDS_MGX	M2068C6_MGX	19	19	female	CD	G111373	M2068	M2068C6	9	2015-06-09	13	9	5020564	Stool Collection #6	9	2068	MGH	"Some college, no degree"	Student	No	No
SRR5950633	MSM79HDU	2015-06-23	2068	MSM79HDU_MGX	M2068C7_MGX	19	19	female	CD	G111372	M2068	M2068C7	11	2015-06-23	14	11	11261291	Stool Collection #7	11	2068	MGH	"Some college, no degree"	Student	Yes	No
SRR5950656	MSM79H98	2015-07-07	2068	MSM79H98_MGX	M2068C8_MGX	19	19	female	CD	G111374	M2068	M2068C8	13	2015-07-07	14	12	16910683	Stool Collection #8	12	2068	MGH	"Some college, no degree"	Student	Yes	No
SRR5962903	MSM9VZEK_TR	2015-07-21	2068	MSM9VZEK_TR_MGX	M2068C9_TR_MGX	19	19	female	CD	M2068C9_MGX	M2068	M2068C9	15	2015-07-21	14	13	3667324	Stool Collection #9	13	2068	MGH	"Some college, no degree"	Student	Yes	No
SRR5935847	MSM9VZEK	2015-07-21	2068	MSM9VZEK_MGX	M2068C9	19	19	female	CD	G110224	M2068	M2068C9	15	2015-07-21	14	13	5030166	Stool Collection #9	13	2068	MGH	"Some college, no degree"	Student	Yes	No
SRR5950773	MSM9VZEM	2015-08-04	2068	MSM9VZEM_MGX	M2068C10_MGX	19	19	female	CD	G111313	M2068	M2068C10	17	2015-08-04	14	14	9037288	Stool Collection #10	14	2068	MGH	"Some college, no degree"	Student	Yes	No
SRR5950569	MSM9VZEO	2015-08-19	2068	MSM9VZEO_MGX	M2068C11_MGX	19	19	female	CD	G111311	M2068	M2068C11	20	2015-08-19	15	15	11438906	Stool Collection #11	15	2068	MGH	"Some college, no degree"	Student	Yes	No
SRR5950601	MSM9VZEQ	2015-09-09	2068	MSM9VZEQ_MGX	M2068C12_MGX	19	19	female	CD	G111312	M2068	M2068C12	23	2015-09-09	21	16	12346861	Stool Collection #12	16	2068	MGH	"Some college, no degree"	Student	No	No
SRR5936148	MSM9VZES	2015-09-15	2068	MSM9VZES_MGX	M2068C13	19	19	female	CD	G110253	M2068	M2068C13	23	2015-09-15	6	18	7508987	Stool Collection #13	18	2068	MGH	"Some college, no degree"	Student	No	No
SRR5946965	MSM7J16J	2015-09-30	2068	MSM7J16J_MGX	M2068C14	19	19	female	CD	G110238	M2068	M2068C14	26	2015-09-30	15	19	8091156	Stool Collection #14	19	2068	MGH	"Some college, no degree"	Student	No	No
SRR5950492	MSM7J16L	2015-10-16	2068	MSM7J16L_MGX	M2068C15_MGX	19	19	female	CD	G111309	M2068	M2068C15	28	2015-10-16	16	20	15423943	Stool Collection #15	20	2068	MGH	"Some college, no degree"	Student	No	No
SRR5950544	MSM7J16N	2015-11-02	2068	MSM7J16N_MGX	M2068C16_MGX	19	19	female	CD	G111317	M2068	M2068C16	30	2015-11-02	17	21	7978027	Stool Collection #16	21	2068	MGH	"Some college, no degree"	Student	No	No
SRR5950577	MSM7J16P	2015-11-12	2068	MSM7J16P_MGX	M2068C17_MGX	19	19	female	CD	G111307	M2068	M2068C17	32	2015-11-12	10	22	11480282	Stool Collection #17	22	2068	MGH	"Some college, no degree"	Student	No	No
SRR5950575	MSM7J16R	2015-12-01	2068	MSM7J16R_MGX	M2068C18_MGX	19	19	female	CD	G111306	M2068	M2068C18	34	2015-12-01	19	23	13624751	Stool Collection #18	23	2068	MGH	"Some college, no degree"	Student	No	No
SRR5947020	MSM9VZJB	2015-12-11	2068	MSM9VZJB_MGX	M2068C19	19	19	female	CD	G110274	M2068	M2068C19	36	2015-12-11	10	25	9217819	Stool Collection #19	25	2068	MGH	"Some college, no degree"	Student	No	No
SRR5950698	MSMA26AL	2016-01-05	2068	MSMA26AL_MGX	M2068C20_MGX	19	19	female	CD	G111336	M2068	M2068C20	39	2016-01-05	25	26	7034993	Stool Collection #20	26	2068	MGH	"Some college, no degree"	Student	No	No
SRR5950653	MSMA26AN	2016-01-20	2068	MSMA26AN_MGX	M2068C21_MGX	19	19	female	CD	G111335	M2068	M2068C21	42	2016-01-20	15	27	4239583	Stool Collection #21	27	2068	MGH	"Some college, no degree"	Student	No	No
SRR5950782	MSMA26AP	2016-02-02	2068	MSMA26AP_MGX	M2068C22_MGX	19	19	female	CD	G111331	M2068	M2068C22	43	2016-02-02	13	28	10327053	Stool Collection #22	28	2068	MGH	"Some college, no degree"	Student	No	No
SRR5950778	MSMA26AR	2016-02-17	2068	MSMA26AR_MGX	M2068C23_MGX	19	19	female	CD	G111332	M2068	M2068C23	46	2016-02-17	15	29	6995001	Stool Collection #23	29	2068	MGH	"Some college, no degree"	Student	No	No
SRR5950541	MSMA26AT	2016-03-01	2068	MSMA26AT_MGX	M2068C24_MGX	19	19	female	CD	G111325	M2068	M2068C24	47	2016-03-01	13	30	8879781	Stool Collection #24	30	2068	MGH	"Some college, no degree"	Student	No	No
SRR5946848	MSM79HBZ	2015-04-03	2069	MSM79HBZ_MGX	M2069C1	29	29	female	UC	G111361	M2069	M2069C1	0	2015-04-03	0	4	2570503	Stool Collection #1	4	2069	MGH	Master's degree	Paid	Yes	No
SRR5936026	MSM79HDA	2015-05-05	2069	MSM79HDA_MGX	M2069C3	29	29	female	UC	G110216	M2069	M2069C3	4	2015-05-05	14	6	5514572	Stool Collection #3	6	2069	MGH	Master's degree	Paid	No	No
SRR5935800	MSM79HDC	2015-05-19	2069	MSM79HDC_MGX	M2069C4	29	29	female	UC	G110228	M2069	M2069C4	6	2015-05-19	14	7	15080750	Stool Collection #4	7	2069	MGH	Master's degree	Paid	No	No
SRR5935988	MSM79HDE	2015-06-02	2069	MSM79HDE_MGX	M2069C5	29	29	female	UC	G110231	M2069	M2069C5	8	2015-06-02	14	8	13369023	Stool Collection #5	8	2069	MGH	Master's degree	Paid	No	No
SRR5962900	MSM79HDG_TR	2015-06-16	2069	MSM79HDG_TR_MGX	M2069C6_TR_MGX	29	29	female	UC	M2069C6_MGX	M2069	M2069C6	10	2015-06-16	14	9	10152220	Stool Collection #6	9	2069	MGH	Master's degree	Paid	No	No
SRR5935750	MSM79HDG	2015-06-16	2069	MSM79HDG_MGX	M2069C6	29	29	female	UC	G110233	M2069	M2069C6	10	2015-06-16	14	9	6552112	Stool Collection #6	9	2069	MGH	Master's degree	Paid	No	No
SRR5935954	MSM79HDI	2015-06-30	2069	MSM79HDI_MGX	M2069C7	29	29	female	UC	G110220	M2069	M2069C7	12	2015-06-30	14	11	9090422	Stool Collection #7	11	2069	MGH	Master's degree	Paid	No	No
SRR5936092	MSM9VZEU	2015-07-14	2069	MSM9VZEU_MGX	M2069C8	29	29	female	UC	G110222	M2069	M2069C8	14	2015-07-14	14	12	11097405	Stool Collection #8	12	2069	MGH	Master's degree	Paid	No	No
SRR5936167	MSM9VZEW	2015-07-28	2069	MSM9VZEW_MGX	M2069C9	29	29	female	UC	G110226	M2069	M2069C9	16	2015-07-28	14	13	11924213	Stool Collection #9	13	2069	MGH	Master's degree	Paid	No	No
SRR5936199	MSM9VZEY	2015-08-11	2069	MSM9VZEY_MGX	M2069C10	29	29	female	UC	G110248	M2069	M2069C10	18	2015-08-11	14	14	16213222	Stool Collection #10	14	2069	MGH	Master's degree	Paid	No	No
SRR5935777	MSM9VZF1	2015-08-25	2069	MSM9VZF1_MGX	M2069C11	29	29	female	UC	G110249	M2069	M2069C11	20	2015-08-25	14	15	8173074	Stool Collection #11	15	2069	MGH	Master's degree	Paid	No	No
SRR5935923	MSM9VZF3	2015-09-09	2069	MSM9VZF3_MGX	M2069C12	29	29	female	UC	G110257	M2069	M2069C12	22	2015-09-09	15	16	13187252	Stool Collection #12	16	2069	MGH	Master's degree	Paid	No	No
SRR5935898	MSM9VZF5	2015-09-22	2069	MSM9VZF5_MGX	M2069C13	29	29	female	UC	G110237	M2069	M2069C13	24	2015-09-22	13	18	5116710	Stool Collection #13	18	2069	MGH	Master's degree	Paid	No	No
SRR5946968	MSM9VZOY	2015-10-06	2069	MSM9VZOY_MGX	M2069C14	29	29	female	UC	G110239	M2069	M2069C14	26	2015-10-06	14	19	8032830	Stool Collection #14	19	2069	MGH	Master's degree	Paid	No	No
SRR5947080	MSM9VZOU	2015-10-20	2069	MSM9VZOU_MGX	M2069C15	29	29	female	UC	G110255	M2069	M2069C15	28	2015-10-20	14	20	3082897	Stool Collection #15	20	2069	MGH	Master's degree	Paid	No	No
SRR5946733	MSM9VZOW	2015-11-03	2069	MSM9VZOW_MGX	M2069C16	29	29	female	UC	G110256	M2069	M2069C16	30	2015-11-03	14	21	16170330	Stool Collection #16	21	2069	MGH	Master's degree	Paid	No	No
SRR5946927	MSM9VZOS	2015-11-17	2069	MSM9VZOS_MGX	M2069C17	29	29	female	UC	G110266	M2069	M2069C17	32	2015-11-17	14	22	9495177	Stool Collection #17	22	2069	MGH	Master's degree	Paid	No	No
SRR5947021	MSM9VZP1	2015-12-04	2069	MSM9VZP1_MGX	M2069C18	29	29	female	UC	G110272	M2069	M2069C18	35	2015-12-04	17	23	10786198	Stool Collection #18	23	2069	MGH	Master's degree	Paid	No	No
SRR5946679	MSM9VZP3	2015-12-15	2069	MSM9VZP3_MGX	M2069C19	29	29	female	UC	G110263	M2069	M2069C19	36	2015-12-15	11	25	8549173	Stool Collection #19	25	2069	MGH	Master's degree	Paid	No	No
SRR5946655	MSMA26EH	2016-01-05	2069	MSMA26EH_MGX	M2069C20	29	29	female	UC	G110213	M2069	M2069C20	39	2016-01-05	21	26	397590	Stool Collection #20	26	2069	MGH	Master's degree	Paid	Yes	No
SRR5947064	MSMA26EJ	2016-01-20	2069	MSMA26EJ_MGX	M2069C21	29	29	female	UC	G110212	M2069	M2069C21	41	2016-01-20	15	27	8281176	Stool Collection #21	27	2069	MGH	Master's degree	Paid	No	No
SRR5947073	MSMA26EL	2016-02-02	2069	MSMA26EL_MGX	M2069C22	29	29	female	UC	G110206	M2069	M2069C22	43	2016-02-02	13	28	5049637	Stool Collection #22	28	2069	MGH	Master's degree	Paid	No	No
SRR5950746	MSMA26EN	2016-02-17	2069	MSMA26EN_MGX	M2069C23_MGX	29	29	female	UC	G111333	M2069	M2069C23	45	2016-02-17	15	29	4847948	Stool Collection #23	29	2069	MGH	Master's degree	Paid	No	No
SRR5946720	MSMA26EP	2016-02-23	2069	MSMA26EP_MGX	M2069C24	29	29	female	UC	G110203	M2069	M2069C24	46	2016-02-23	6	30	307328	Stool Collection #24	30	2069	MGH	Master's degree	Paid	Yes	No
SRR5935741	MSM79H7C	2015-06-15	2071	MSM79H7C_MGX	M2071C2	26	23	female	UC	G110217	M2071	M2071C2	2	2015-06-15	18	5	16518327	Stool Collection #2	5	2071	MGH	Bachelor's degree	Paid	No	No
SRR5935950	MSM79H7E	2015-06-26	2071	MSM79H7E_MGX	M2071C3	26	23	female	UC	G110219	M2071	M2071C3	4	2015-06-26	11	6	13123561	Stool Collection #3	6	2071	MGH	Bachelor's degree	Paid	No	No
SRR5935782	MSM79H7M	2015-08-19	2071	MSM79H7M_MGX	M2071C4	26	23	female	UC	G110246	M2071	M2071C4	11	2015-08-19	54	7	10128088	Stool Collection #4	7	2071	MGH	Bachelor's degree	Paid	Yes	No
SRR5936152	MSM79H7G	2015-09-16	2071	MSM79H7G_MGX	M2071C6	26	23	female	UC	G110244	M2071	M2071C6	15	2015-09-16	19	9	13852177	Stool Collection #6	9	2071	MGH	Bachelor's degree	Paid	No	No
SRR5947066	MSMA26AX	2016-01-14	2071	MSMA26AX_MGX	M2071C7	26	23	female	UC	G110211	M2071	M2071C7	33	2016-01-14	120	11	6902798	Stool Collection #7	11	2071	MGH	Bachelor's degree	Paid	No	No
SRR5947071	MSMA26AZ	2016-01-27	2071	MSMA26AZ_MGX	M2071C8	26	23	female	UC	G110198	M2071	M2071C8	34	2016-01-27	13	12	12127595	Stool Collection #8	12	2071	MGH	Bachelor's degree	Paid	No	No
SRR5962908	MSMA26AZ_TR	2016-01-27	2071	MSMA26AZ_TR_MGX	M2071C8_TR_MGX	26	23	female	UC	M2071C8_MGX	M2071	M2071C8	34	2016-01-27	13	12	9753125	Stool Collection #8	12	2071	MGH	Bachelor's degree	Paid	No	No
SRR5946722	MSMA26AV	2016-02-26	2071	MSMA26AV_MGX	M2071C9	26	23	female	UC	G110204	M2071	M2071C9	39	2016-02-26	30	13	8362699	Stool Collection #9	13	2071	MGH	Bachelor's degree	Paid	No	No
SRR5946638	MSMB4LZ4	2016-07-06	2071	MSMB4LZ4_MGX	M2071C12	26	23	female	UC	G110187	M2071	M2071C12	57	2016-07-06	13	16	10514614	Stool Collection #12	16	2071	MGH	Bachelor's degree	Paid	No	No
SRR5946701	MSM79HCG	2015-04-03	2072	MSM79HCG_MGX	M2072C1	51		male	HD	G111365	M2072	M2072C1	0	2015-04-03	0	4	18371846	Stool Collection #1	4	2072	MGH	Master's degree	Unpaid/volunteer	No	No
SRR5936019	MSM79HCI	2015-05-04	2072	MSM79HCI_MGX	M2072C2	51		male	HD	G110215	M2072	M2072C2	4	2015-05-04	31	5	11843957	Stool Collection #2	5	2072	MGH	Master's degree	Unpaid/volunteer	No	No
SRR5936198	MSM79HCK	2015-05-12	2072	MSM79HCK_MGX	M2072C3	51		male	HD	G110227	M2072	M2072C3	5	2015-05-12	8	6	10869850	Stool Collection #3	6	2072	MGH	Master's degree	Unpaid/volunteer	No	No
SRR5936056	MSM79HCP	2015-05-27	2072	MSM79HCP_MGX	M2072C5	51		male	HD	G110230	M2072	M2072C5	7	2015-05-27	8	8	14093427	Stool Collection #5	8	2072	MGH	Master's degree	Unpaid/volunteer	No	No
SRR5936137	MSM79HCR	2015-06-09	2072	MSM79HCR_MGX	M2072C6	51		male	HD	G110232	M2072	M2072C6	9	2015-06-09	13	9	5520739	Stool Collection #6	9	2072	MGH	Master's degree	Unpaid/volunteer	No	Yes
SRR5935971	MSM79H81	2015-06-23	2072	MSM79H81_MGX	M2072C7	51		male	HD	G110218	M2072	M2072C7	11	2015-06-23	14	11	11815294	Stool Collection #7	11	2072	MGH	Master's degree	Unpaid/volunteer	No	No
SRR5936098	MSM79H83	2015-07-07	2072	MSM79H83_MGX	M2072C8	51		male	HD	G110221	M2072	M2072C8	13	2015-07-07	14	12	21042081	Stool Collection #8	12	2072	MGH	Master's degree	Unpaid/volunteer	No	No
SRR5950506	MSM79H85	2015-07-21	2072	MSM79H85_MGX	M2072C9_MGX	51		male	HD	G111324	M2072	M2072C9	15	2015-07-21	14	13	17512754	Stool Collection #9	13	2072	MGH	Master's degree	Unpaid/volunteer	No	No
SRR5935872	MSM79H87	2015-08-04	2072	MSM79H87_MGX	M2072C10	51		male	HD	G110245	M2072	M2072C10	17	2015-08-04	14	14	17794753	Stool Collection #10	14	2072	MGH	Master's degree	Unpaid/volunteer	No	No
SRR5950563	MSM79H89	2015-08-18	2072	MSM79H89_MGX	M2072C11_MGX	51		male	HD	G111315	M2072	M2072C11	19	2015-08-18	14	15	9913975	Stool Collection #11	15	2072	MGH	Master's degree	Unpaid/volunteer	No	No
SRR5950602	MSM79H8B	2015-09-01	2072	MSM79H8B_MGX	M2072C12_MGX	51		male	HD	G110063	M2072	M2072C12	21	2015-09-01	14	16	11095172	Stool Collection #12	16	2072	MGH	Master's degree	Unpaid/volunteer	No	No
SRR5935849	MSM9VZOG	2015-09-22	2072	MSM9VZOG_MGX	M2072C13	51		male	HD	G110235	M2072	M2072C13	24	2015-09-22	21	18	18029932	Stool Collection #13	18	2072	MGH	Master's degree	Unpaid/volunteer	No	No
SRR5950735	MSM9VZOI	2015-09-29	2072	MSM9VZOI_MGX	M2072C14_MGX	51		male	HD	G110072	M2072	M2072C14	25	2015-09-29	7	19	11499970	Stool Collection #14	19	2072	MGH	Master's degree	Unpaid/volunteer	No	Yes
SRR5946866	MSM9VZOK	2015-10-13	2072	MSM9VZOK_MGX	M2072C15	51		male	HD	G110240	M2072	M2072C15	27	2015-10-13	14	20	6676181	Stool Collection #15	20	2072	MGH	Master's degree	Unpaid/volunteer	No	No
SRR5950549	MSM9VZOM	2015-10-28	2072	MSM9VZOM_MGX	M2072C16_MGX	51		male	HD	G110065	M2072	M2072C16	29	2015-10-28	15	21	12022190	Stool Collection #16	21	2072	MGH	Master's degree	Unpaid/volunteer	No	No
SRR5950584	MSM9VZOO	2015-11-09	2072	MSM9VZOO_MGX	M2072C17_MGX	51		male	HD	G110057	M2072	M2072C17	31	2015-11-09	12	22	10324255	Stool Collection #17	22	2072	MGH	Master's degree	Unpaid/volunteer	No	No
SRR5946808	MSM9VZOQ	2015-11-23	2072	MSM9VZOQ_MGX	M2072C18	51		male	HD	G110269	M2072	M2072C18	33	2015-11-23	14	23	8452248	Stool Collection #18	23	2072	MGH	Master's degree	Unpaid/volunteer	No	No
SRR5947022	MSM9VZHJ	2015-12-07	2072	MSM9VZHJ_MGX	M2072C19	51		male	HD	G110273	M2072	M2072C19	35	2015-12-07	14	25	9431840	Stool Collection #19	25	2072	MGH	Master's degree	Unpaid/volunteer	No	No
SRR5950697	MSM9VZHL	2015-12-22	2072	MSM9VZHL_MGX	M2072C20_MGX	51		male	HD	G110014	M2072	M2072C20	37	2015-12-22	15	26	5108691	Stool Collection #20	26	2072	MGH	Master's degree	Unpaid/volunteer	No	No
SRR5946670	MSM9VZHN	2016-01-04	2072	MSM9VZHN_MGX	M2072C21	51		male	HD	G110209	M2072	M2072C21	39	2016-01-04	13	27	16419751	Stool Collection #21	27	2072	MGH	Master's degree	Unpaid/volunteer	No	No
SRR5950658	MSM9VZHP	2016-01-19	2072	MSM9VZHP_MGX	M2072C22_MGX	51		male	HD	G110018	M2072	M2072C22	41	2016-01-19	15	28	9043707	Stool Collection #22	28	2072	MGH	Master's degree	Unpaid/volunteer	No	No
SRR5950783	MSM9VZHR	2016-02-01	2072	MSM9VZHR_MGX	M2072C23_MGX	51		male	HD	G110032	M2072	M2072C23	43	2016-02-01	13	29	11051956	Stool Collection #23	29	2072	MGH	Master's degree	Unpaid/volunteer	No	No
SRR5946952	MSM9VZHT	2016-02-17	2072	MSM9VZHT_MGX	M2072C24	51		male	HD	G110200	M2072	M2072C24	45	2016-02-17	16	30	7554986	Stool Collection #24	30	2072	MGH	Master's degree	Unpaid/volunteer	No	No
SRR5935843	MSM79H8D	2015-07-17	2075	MSM79H8D_MGX	M2075C1	61		male	HD	G110223	M2075	M2075C1	0	2015-07-17	0	4	16390538	Stool Collection #1	4	2075	MGH	Bachelor's degree	Paid	No	No
SRR5947029	MSM79H8F	2015-07-31	2075	MSM79H8F_MGX	M2075C2	61		male	HD	G110034	M2075	M2075C2	2	2015-07-31	14	5	12526071	Stool Collection #2	5	2075	MGH	Bachelor's degree	Paid	No	No
SRR5947032	MSM79H8H	2015-08-11	2075	MSM79H8H_MGX	M2075C3	61		male	HD	G110069	M2075	M2075C3	3	2015-08-11	11	6	7718850	Stool Collection #3	6	2075	MGH	Bachelor's degree	Paid	No	No
SRR5935924	MSM79H8L	2015-09-09	2075	MSM79H8L_MGX	M2075C5	61		male	HD	G110243	M2075	M2075C5	7	2015-09-09	15	8	10471041	Stool Collection #5	8	2075	MGH	Bachelor's degree	Paid	No	No
SRR5950690	MSM79H8N	2015-09-22	2075	MSM79H8N_MGX	M2075C6_MGX	61		male	HD	G110076	M2075	M2075C6	9	2015-09-22	13	9	14249226	Stool Collection #6	9	2075	MGH	Bachelor's degree	Paid	No	No
SRR5947081	MSM9VZJZ	2015-10-29	2075	MSM9VZJZ_MGX	M2075C9	61		male	HD	G110242	M2075	M2075C9	14	2015-10-29	8	13	19071426	Stool Collection #9	13	2075	MGH	Bachelor's degree	Paid	No	No
SRR5950702	MSM9VZGW	2016-01-05	2075	MSM9VZGW_MGX	M2075C13_MGX	61		male	HD	G110016	M2075	M2075C13	24	2016-01-05	21	18	11353226	Stool Collection #13	18	2075	MGH	Bachelor's degree	Paid	No	No
SRR5947069	MSM9VZGY	2016-01-21	2075	MSM9VZGY_MGX	M2075C14	61		male	HD	G110197	M2075	M2075C14	26	2016-01-21	16	19	5810084	Stool Collection #14	19	2075	MGH	Bachelor's degree	Paid	No	No
SRR5950519	MSM9VZH7	2016-03-15	2075	MSM9VZH7_MGX	M2075C18_MGX	61		male	HD	G110009	M2075	M2075C18	34	2016-03-15	14	23	6555427	Stool Collection #18	23	2075	MGH	Bachelor's degree	Paid	No	No
SRR5946831	MSMAPC7J	2016-04-06	2075	MSMAPC7J_MGX	M2075C19	61		male	HD	G110180	M2075	M2075C19	37	2016-04-06	22	25	13372313	Stool Collection #19	25	2075	MGH	Bachelor's degree	Paid	No	No
SRR5962902	MSM9VZMA_TR	2015-08-31	2077	MSM9VZMA_TR_MGX	M2077C2_TR_MGX	32		female	HD	M2077C2_MGX	M2077	M2077C2	5	2015-08-31	40	5	11562185	Stool Collection #2	5	2077	MGH	Bachelor's degree	Paid	No	No
SRR5935773	MSM9VZMA	2015-08-31	2077	MSM9VZMA_MGX	M2077C2	32		female	HD	G110251	M2077	M2077C2	5	2015-08-31	40	5	20671643	Stool Collection #2	5	2077	MGH	Bachelor's degree	Paid	No	No
SRR5950726	MSM9VZME	2015-09-29	2077	MSM9VZME_MGX	M2077C3_MGX	32		female	HD	G110073	M2077	M2077C3	9	2015-09-29	0	6	10749286	Stool Collection #3	6	2077	MGH	Bachelor's degree	Paid	No	No
SRR5950727	MSM9VZMC	2015-09-29	2077	MSM9VZMC_MGX	M2077C4_MGX	32		female	HD	G110074	M2077	M2077C4	9	2015-09-29	29	7	16154671	Stool Collection #4	7	2077	MGH	Bachelor's degree	Paid	No	No
SRR5946737	MSM9VZMI	2015-11-12	2077	MSM9VZMI_MGX	M2077C6	32		female	HD	G110265	M2077	M2077C6	16	2015-11-12	21	9	20950171	Stool Collection #6	9	2077	MGH	Bachelor's degree	Paid	No	No
SRR5946672	MSM9VZHX	2015-12-18	2077	MSM9VZHX_MGX	M2077C9	32		female	HD	G110208	M2077	M2077C9	21	2015-12-18	18	13	14400849	Stool Collection #9	13	2077	MGH	Bachelor's degree	Paid	No	No
SRR5950696	MSM9VZHZ	2016-01-11	2077	MSM9VZHZ_MGX	M2077C10_MGX	32		female	HD	G110011	M2077	M2077C10	24	2016-01-11	24	14	7008941	Stool Collection #10	14	2077	MGH	Bachelor's degree	Paid	Yes	No
SRR5947070	MSM9VZI2	2016-01-21	2077	MSM9VZI2_MGX	M2077C11	32		female	HD	G110205	M2077	M2077C11	26	2016-01-21	10	15	13082293	Stool Collection #11	15	2077	MGH	Bachelor's degree	Paid	No	No
SRR5946725	MSM9VZI6	2016-02-29	2077	MSM9VZI6_MGX	M2077C13	32		female	HD	G110207	M2077	M2077C13	31	2016-02-29	25	18	14992158	Stool Collection #13	18	2077	MGH	Bachelor's degree	Paid	Yes	No
SRR5950593	MSMAPC7P	2016-04-02	2077	MSMAPC7P_MGX	M2077C14_MGX	32		female	HD	G109991	M2077	M2077C14	36	2016-04-02	33	19	11011855	Stool Collection #14	19	2077	MGH	Bachelor's degree	Paid	No	No
SRR5946829	MSMAPC7R	2016-04-14	2077	MSMAPC7R_MGX	M2077C15	32		female	HD	G110182	M2077	M2077C15	38	2016-04-14	12	20	11057861	Stool Collection #15	20	2077	MGH	Bachelor's degree	Paid	No	No
SRR5946825	MSMAPC7T	2016-04-21	2077	MSMAPC7T_MGX	M2077C16	32		female	HD	G110183	M2077	M2077C16	39	2016-04-21	7	21	11207488	Stool Collection #16	21	2077	MGH	Bachelor's degree	Paid	No	No
SRR5946713	MSMB4LZC	2016-07-15	2077	MSMB4LZC_MGX	M2077C21	32		female	HD	G110185	M2077	M2077C21	51	2016-07-15	15	27	7753138	Stool Collection #21	27	2077	MGH	Bachelor's degree	Paid	No	No
SRR5936168	MSM9VZFL	2015-07-28	2079	MSM9VZFL_MGX	M2079C2	29		male	HD	G110225	M2079	M2079C2	1	2015-07-28	13	5	11083441	Stool Collection #2	5	2079	MGH	Professional/Doctoral degree	Paid	No	No
SRR5950524	MSM9VZFN	2015-08-11	2079	MSM9VZFN_MGX	M2079C3_MGX	29		male	HD	G110033	M2079	M2079C3	3	2015-08-11	14	6	10919691	Stool Collection #3	6	2079	MGH	Professional/Doctoral degree	Paid	No	No
SRR5935929	MSM9VZFR	2015-09-09	2079	MSM9VZFR_MGX	M2079C5	29		male	HD	G110252	M2079	M2079C5	8	2015-09-09	15	8	14472060	Stool Collection #5	8	2079	MGH	Professional/Doctoral degree	Paid	No	No
SRR5950689	MSM9VZFT	2015-09-22	2079	MSM9VZFT_MGX	M2079C6_MGX	29		male	HD	G110075	M2079	M2079C6	9	2015-09-22	13	9	10426685	Stool Collection #6	9	2079	MGH	Professional/Doctoral degree	Paid	No	No
SRR5946731	MSM9VZKC	2015-11-03	2079	MSM9VZKC_MGX	M2079C8	29		male	HD	G110259	M2079	M2079C8	15	2015-11-03	28	12	8937777	Stool Collection #8	12	2079	MGH	Professional/Doctoral degree	Paid	No	No
SRR5946925	MSM9VZKE	2015-11-17	2079	MSM9VZKE_MGX	M2079C9	29		male	HD	G110260	M2079	M2079C9	17	2015-11-17	14	13	14778616	Stool Collection #9	13	2079	MGH	Professional/Doctoral degree	Paid	No	No
SRR5947019	MSM9VZKI	2015-12-15	2079	MSM9VZKI_MGX	M2079C11	29		male	HD	G110264	M2079	M2079C11	21	2015-12-15	14	15	13555921	Stool Collection #11	15	2079	MGH	Professional/Doctoral degree	Paid	No	No
SRR5950784	MSMA26BN	2016-01-28	2079	MSMA26BN_MGX	M2079C12_MGX	29		male	HD	G110030	M2079	M2079C12	28	2016-01-28	44	16	13566056	Stool Collection #12	16	2079	MGH	Professional/Doctoral degree	Paid	No	No
SRR5946723	MSMA26BR	2016-02-24	2079	MSMA26BR_MGX	M2079C14	29		male	HD	G110194	M2079	M2079C14	32	2016-02-24	13	19	7756376	Stool Collection #14	19	2079	MGH	Professional/Doctoral degree	Paid	No	No
SRR5950769	MSMA26BT	2016-03-10	2079	MSMA26BT_MGX	M2079C15_MGX	29		male	HD	G110004	M2079	M2079C15	34	2016-03-10	15	20	15619928	Stool Collection #15	20	2079	MGH	Professional/Doctoral degree	Paid	No	No
SRR5950518	MSMA26BV	2016-03-23	2079	MSMA26BV_MGX	M2079C16_MGX	29		male	HD	G110006	M2079	M2079C16	36	2016-03-23	13	21	7704656	Stool Collection #16	21	2079	MGH	Professional/Doctoral degree	Paid	No	No
SRR5946834	MSMA26BX	2016-04-06	2079	MSMA26BX_MGX	M2079C17	29		male	HD	G110181	M2079	M2079C17	38	2016-04-06	14	22	10635585	Stool Collection #17	22	2079	MGH	Professional/Doctoral degree	Paid	No	No
SRR5946707	MSMB4LZ8	2016-08-22	2079	MSMB4LZ8_MGX	M2079C21	29		male	HD	G110193	M2079	M2079C21	57	2016-08-22	20	27	11138007	Stool Collection #21	27	2079	MGH	Professional/Doctoral degree	Paid	No	No
SRR5947056	MSM9VZLZ	2015-08-18	2083	MSM9VZLZ_MGX	M2083C1	25	20	male	UC	G110068	M2083	M2083C1	0	2015-08-18	0	4	292768	Stool Collection #1	4	2083	MGH	Professional/Doctoral degree	Student	Yes	No
SRR5950651	MSM9VZNR	2015-09-10	2083	MSM9VZNR_MGX	M2083C2_MGX	25	20	male	UC	G110071	M2083	M2083C2	3	2015-09-10	23	5	10298354	Stool Collection #2	5	2083	MGH	Professional/Doctoral degree	Student	No	No
SRR5946862	MSM9VZNX	2015-10-13	2083	MSM9VZNX_MGX	M2083C4	25	20	male	UC	G110254	M2083	M2083C4	8	2015-10-13	13	7	17647359	Stool Collection #4	7	2083	MGH	Professional/Doctoral degree	Student	No	No
SRR5950792	MSM9VZNZ	2015-10-29	2083	MSM9VZNZ_MGX	M2083C5_MGX	25	20	male	UC	G110064	M2083	M2083C5	10	2015-10-29	16	8	10617660	Stool Collection #5	8	2083	MGH	Professional/Doctoral degree	Student	No	No
SRR5950617	MSM9VZO2	2015-11-19	2083	MSM9VZO2_MGX	M2083C6_MGX	25	20	male	UC	G110056	M2083	M2083C6	13	2015-11-19	21	9	14558211	Stool Collection #6	9	2083	MGH	Professional/Doctoral degree	Student	No	No
SRR5947025	MSM9VZIM	2015-12-03	2083	MSM9VZIM_MGX	M2083C7	25	20	male	UC	G110271	M2083	M2083C7	15	2015-12-03	14	11	7429005	Stool Collection #7	11	2083	MGH	Professional/Doctoral degree	Student	No	No
SRR5950701	MSM9VZIO	2015-12-15	2083	MSM9VZIO_MGX	M2083C8_MGX	25	20	male	UC	G110077	M2083	M2083C8	17	2015-12-15	12	12	3795891	Stool Collection #8	12	2083	MGH	Professional/Doctoral degree	Student	No	No
SRR5946903	MSM9VZIQ	2016-01-05	2083	MSM9VZIQ_MGX	M2083C9	25	20	male	UC	G110210	M2083	M2083C9	20	2016-01-05	21	13	14363648	Stool Collection #9	13	2083	MGH	Professional/Doctoral degree	Student	No	No
SRR5950785	MSM9VZIS	2016-01-27	2083	MSM9VZIS_MGX	M2083C10_MGX	25	20	male	UC	G110012	M2083	M2083C10	23	2016-01-27	22	14	11367884	Stool Collection #10	14	2083	MGH	Professional/Doctoral degree	Student	No	No
SRR5946961	MSM9VZIU	2016-02-11	2083	MSM9VZIU_MGX	M2083C11	25	20	male	UC	G110201	M2083	M2083C11	25	2016-02-11	15	15	15764742	Stool Collection #11	15	2083	MGH	Professional/Doctoral degree	Student	No	No
SRR5950742	MSM9VZIW	2016-02-18	2083	MSM9VZIW_MGX	M2083C12_MGX	25	20	male	UC	G110078	M2083	M2083C12	26	2016-02-18	7	16	10898091	Stool Collection #12	16	2083	MGH	Professional/Doctoral degree	Student	No	No
SRR5950599	MSMAPC55	2016-04-08	2083	MSMAPC55_MGX	M2083C13_MGX	25	20	male	UC	G109992	M2083	M2083C13	33	2016-04-08	50	18	13479111	Stool Collection #13	18	2083	MGH	Professional/Doctoral degree	Student	No	No
SRR5950626	MSMAPC57	2016-04-20	2083	MSMAPC57_MGX	M2083C14_MGX	25	20	male	UC	G109997	M2083	M2083C14	35	2016-04-20	12	19	7978958	Stool Collection #14	19	2083	MGH	Professional/Doctoral degree	Student	No	No
SRR5946892	MSMAPC59	2016-04-26	2083	MSMAPC59_MGX	M2083C15	25	20	male	UC	G110184	M2083	M2083C15	36	2016-04-26	6	20	9972420	Stool Collection #15	20	2083	MGH	Professional/Doctoral degree	Student	No	No
SRR5950558	MSMAPC5B	2016-05-04	2083	MSMAPC5B_MGX	M2083C16_MGX	25	20	male	UC	G109987	M2083	M2083C16	37	2016-05-04	8	21	7163705	Stool Collection #16	21	2083	MGH	Professional/Doctoral degree	Student	No	No
SRR5946630	MSMAPC5D	2016-06-24	2083	MSMAPC5D_MGX	M2083C17	25	20	male	UC	G110190	M2083	M2083C17	44	2016-06-24	51	22	11218296	Stool Collection #17	22	2083	MGH	Professional/Doctoral degree	Student	No	No
SRR5950705	MSMB4LZP	2016-07-08	2083	MSMB4LZP_MGX	M2083C18_MGX	25	20	male	UC	G110000	M2083	M2083C18	46	2016-07-08	14	23	8741949	Stool Collection #18	23	2083	MGH	Professional/Doctoral degree	Student	No	No
SRR5946714	MSMB4LZR	2016-07-21	2083	MSMB4LZR_MGX	M2083C19	25	20	male	UC	G110192	M2083	M2083C19	48	2016-07-21	13	25	12422467	Stool Collection #19	25	2083	MGH	Professional/Doctoral degree	Student	No	No
SRR5936197	MSM9VZMM	2015-08-10	2084	MSM9VZMM_MGX	M2084C1	23		female	HD	G110247	M2084	M2084C1	0	2015-08-10	0	4	21739912	Stool Collection #1	4	2084	MGH	Bachelor's degree	Student	No	No
SRR5935778	MSM9VZMO	2015-08-25	2084	MSM9VZMO_MGX	M2084C2	23		female	HD	G110250	M2084	M2084C2	2	2015-08-25	15	5	10554324	Stool Collection #2	5	2084	MGH	Bachelor's degree	Student	No	No
SRR5950693	MSM9VZMS	2015-09-22	2084	MSM9VZMS_MGX	M2084C4_MGX	23		female	HD	G110070	M2084	M2084C4	6	2015-09-22	13	7	11814786	Stool Collection #4	7	2084	MGH	Bachelor's degree	Student	No	No
SRR5946969	MSM9VZMU	2015-10-06	2084	MSM9VZMU_MGX	M2084C5	23		female	HD	G110236	M2084	M2084C5	8	2015-10-06	14	8	16988079	Stool Collection #5	8	2084	MGH	Bachelor's degree	Student	No	No
SRR5950491	MSM9VZMW	2015-10-20	2084	MSM9VZMW_MGX	M2084C6_MGX	23		female	HD	G110067	M2084	M2084C6	10	2015-10-20	14	9	11325540	Stool Collection #6	9	2084	MGH	Bachelor's degree	Student	No	No
SRR5950545	MSM9VZL7	2015-11-03	2084	MSM9VZL7_MGX	M2084C7_MGX	23		female	HD	G110062	M2084	M2084C7	12	2015-11-03	14	11	9261757	Stool Collection #7	11	2084	MGH	Bachelor's degree	Student	No	No
SRR5946923	MSM9VZL9	2015-11-17	2084	MSM9VZL9_MGX	M2084C8	23		female	HD	G110258	M2084	M2084C8	14	2015-11-17	14	12	14309984	Stool Collection #8	12	2084	MGH	Bachelor's degree	Student	No	No
SRR5946905	MSM9VZLB	2015-12-02	2084	MSM9VZLB_MGX	M2084C9	23		female	HD	G110270	M2084	M2084C9	16	2015-12-02	15	13	17093858	Stool Collection #9	13	2084	MGH	Bachelor's degree	Student	No	No
SRR5950581	MSM9VZLD	2015-12-15	2084	MSM9VZLD_MGX	M2084C10_MGX	23		female	HD	G110058	M2084	M2084C10	18	2015-12-15	13	14	8733249	Stool Collection #10	14	2084	MGH	Bachelor's degree	Student	No	No
SRR5950699	MSM9VZLF	2016-01-04	2084	MSM9VZLF_MGX	M2084C11_MGX	23		female	HD	G110015	M2084	M2084C11	21	2016-01-04	20	15	8932030	Stool Collection #11	15	2084	MGH	Bachelor's degree	Student	No	No
SRR5950660	MSM9VZLH	2016-01-20	2084	MSM9VZLH_MGX	M2084C12_MGX	23		female	HD	G110020	M2084	M2084C12	23	2016-01-20	16	16	9406564	Stool Collection #12	16	2084	MGH	Bachelor's degree	Student	No	No
SRR5947072	MSMA26BB	2016-02-02	2084	MSMA26BB_MGX	M2084C13	23		female	HD	G110199	M2084	M2084C13	25	2016-02-02	13	18	16251559	Stool Collection #13	18	2084	MGH	Bachelor's degree	Student	No	No
SRR5950747	MSMA26BD	2016-02-17	2084	MSMA26BD_MGX	M2084C14_MGX	23		female	HD	G110079	M2084	M2084C14	27	2016-02-17	15	19	9363011	Stool Collection #14	19	2084	MGH	Bachelor's degree	Student	No	No
SRR5950489	MSMA26BF	2016-03-01	2084	MSMA26BF_MGX	M2084C15_MGX	23		female	HD	G110003	M2084	M2084C15	29	2016-03-01	13	20	10650765	Stool Collection #15	20	2084	MGH	Bachelor's degree	Student	No	No
SRR5950515	MSMA26BH	2016-03-15	2084	MSMA26BH_MGX	M2084C16_MGX	23		female	HD	G110005	M2084	M2084C16	31	2016-03-15	14	21	10200812	Stool Collection #16	21	2084	MGH	Bachelor's degree	Student	No	No
SRR5950512	MSMA26BJ	2016-03-30	2084	MSMA26BJ_MGX	M2084C17_MGX	23		female	HD	G110010	M2084	M2084C17	33	2016-03-30	15	22	10429533	Stool Collection #17	22	2084	MGH	Bachelor's degree	Student	No	No
SRR5950598	MSMA26BL	2016-04-12	2084	MSMA26BL_MGX	M2084C18_MGX	23		female	HD	G109993	M2084	M2084C18	35	2016-04-12	13	23	13146562	Stool Collection #18	23	2084	MGH	Bachelor's degree	Student	No	No
SRR5946889	MSMAPC6K	2016-04-27	2084	MSMAPC6K_MGX	M2084C19	23		female	HD	G110195	M2084	M2084C19	37	2016-04-27	15	25	15686087	Stool Collection #19	25	2084	MGH	Bachelor's degree	Student	No	No
SRR5950559	MSMAPC6M	2016-05-11	2084	MSMAPC6M_MGX	M2084C20_MGX	23		female	HD	G110025	M2084	M2084C20	39	2016-05-11	14	26	11322698	Stool Collection #20	26	2084	MGH	Bachelor's degree	Student	No	No
SRR5950561	MSMAPC6O	2016-05-24	2084	MSMAPC6O_MGX	M2084C21_MGX	23		female	HD	G109988	M2084	M2084C21	41	2016-05-24	13	27	9758259	Stool Collection #21	27	2084	MGH	Bachelor's degree	Student	No	No
SRR5950711	MSMB4LZZ	2016-06-07	2084	MSMB4LZZ_MGX	M2084C22_MGX	23		female	HD	G109989	M2084	M2084C22	43	2016-06-07	14	28	12027284	Stool Collection #22	28	2084	MGH	Bachelor's degree	Student	Yes	No
SRR5950706	MSMB4LZV	2016-06-21	2084	MSMB4LZV_MGX	M2084C23_MGX	23		female	HD	G109998	M2084	M2084C23	45	2016-06-21	14	29	7456846	Stool Collection #23	29	2084	MGH	Bachelor's degree	Student	Yes	No
SRR5946711	MSMB4LZX	2016-07-06	2084	MSMB4LZX_MGX	M2084C24	23		female	HD	G110186	M2084	M2084C24	47	2016-07-06	15	30	7922089	Stool Collection #24	30	2084	MGH	Bachelor's degree	Student	No	No
SRR5935845	MSM9VZPH	2015-09-18	2085	MSM9VZPH_MGX	M2085C2	23	24	male	CD	G110234	M2085	M2085C2	3	2015-09-18	24	5	12773622	Stool Collection #2	5	2085	MGH	Bachelor's degree	Paid	No	No
SRR5946856	MSM9VZPL	2015-10-14	2085	MSM9VZPL_MGX	M2085C4	23	24	male	CD	G110241	M2085	M2085C4	7	2015-10-14	15	7	14302902	Stool Collection #4	7	2085	MGH	Bachelor's degree	Paid	No	No
SRR5950548	MSM9VZPN	2015-10-27	2085	MSM9VZPN_MGX	M2085C5_MGX	23	24	male	CD	G110066	M2085	M2085C5	9	2015-10-27	13	8	6833647	Stool Collection #5	8	2085	MGH	Bachelor's degree	Paid	No	No
SRR5947023	MSM9VZIY	2015-12-08	2085	MSM9VZIY_MGX	M2085C8	23	24	male	CD	G110261	M2085	M2085C8	15	2015-12-08	7	12	9276312	Stool Collection #8	12	2085	MGH	Bachelor's degree	Paid	No	No
SRR5946902	MSM9VZJ3	2016-01-05	2085	MSM9VZJ3_MGX	M2085C10	23	24	male	CD	G110196	M2085	M2085C10	19	2016-01-05	19	14	23275018	Stool Collection #10	14	2085	MGH	Bachelor's degree	Paid	No	No
SRR5950787	MSMA26CV	2016-02-08	2085	MSMA26CV_MGX	M2085C11_MGX	23	24	male	CD	G110080	M2085	M2085C11	23	2016-02-08	34	15	11689750	Stool Collection #11	15	2085	MGH	Bachelor's degree	Paid	No	No
SRR5950739	MSMA26CX	2016-02-24	2085	MSMA26CX_MGX	M2085C12_MGX	23	24	male	CD	G110002	M2085	M2085C12	26	2016-02-24	16	16	15982393	Stool Collection #12	16	2085	MGH	Bachelor's degree	Paid	No	No
SRR5946833	MSMAPC6A	2016-04-02	2085	MSMAPC6A_MGX	M2085C13	23	24	male	CD	G110179	M2085	M2085C13	31	2016-04-02	38	18	8398609	Stool Collection #13	18	2085	MGH	Bachelor's degree	Paid	No	No
SRR5950596	MSMAPC6C	2016-04-12	2085	MSMAPC6C_MGX	M2085C14_MGX	23	24	male	CD	G109994	M2085	M2085C14	33	2016-04-12	10	19	13187671	Stool Collection #14	19	2085	MGH	Bachelor's degree	Paid	No	No
SRR5950632	MSMAPC6E	2016-04-19	2085	MSMAPC6E_MGX	M2085C15_MGX	23	24	male	CD	G109996	M2085	M2085C15	34	2016-04-19	7	20	14501527	Stool Collection #15	20	2085	MGH	Bachelor's degree	Paid	No	No
SRR5946887	MSMAPC6G	2016-05-03	2085	MSMAPC6G_MGX	M2085C17	23	24	male	CD	G110189	M2085	M2085C17	36	2016-05-03	14	22	14755955	Stool Collection #17	22	2085	MGH	Bachelor's degree	Paid	No	No
SRR5946639	MSMB4LXY	2016-06-01	2085	MSMB4LXY_MGX	M2085C19	23	24	male	CD	G110191	M2085	M2085C19	40	2016-06-01	15	25	17089759	Stool Collection #19	25	2085	MGH	Bachelor's degree	Paid	No	No
SRR5946706	MSMB4LYB	2016-08-10	2085	MSMB4LYB_MGX	M2085C21	23	24	male	CD	G110188	M2085	M2085C21	50	2016-08-10	57	28	11707557	Stool Collection #22	28	2085	MGH	Bachelor's degree	Paid	No	No
SRR5946924	MSM9VZL5	2015-11-17	2097	MSM9VZL5_MGX	M2097C1	21		male	HD	G110268	M2097	M2097C1	0	2015-11-17	0	4	17176262	Stool Collection #1	4	2097	MGH	"Some college, no degree"	Paid	No	No
SRR5947017	MSMA26DM	2015-12-15	2097	MSMA26DM_MGX	M2097C2	21		male	HD	G110262	M2097	M2097C2	4	2015-12-15	28	5	15526691	Stool Collection #2	5	2097	MGH	"Some college, no degree"	Paid	No	No
SRR5950664	MSMA26DG	2016-01-20	2097	MSMA26DG_MGX	M2097C3_MGX	21		male	HD	G110019	M2097	M2097C3	9	2016-01-20	36	6	7273557	Stool Collection #3	6	2097	MGH	"Some college, no degree"	Paid	No	No
SRR5946958	MSMA26DI	2016-02-03	2097	MSMA26DI_MGX	M2097C4	21		male	HD	G110089	M2097	M2097C4	11	2016-02-03	14	7	12892288	Stool Collection #4	7	2097	MGH	"Some college, no degree"	Paid	No	No
SRR5946955	MSMA26DO	2016-02-09	2097	MSMA26DO_MGX	M2097C5	21		male	HD	G110090	M2097	M2097C5	12	2016-02-09	6	8	15652757	Stool Collection #5	8	2097	MGH	"Some college, no degree"	Paid	No	No
SRR5950745	MSMA26DK	2016-02-23	2097	MSMA26DK_MGX	M2097C6_MGX	21		male	HD	G110001	M2097	M2097C6	14	2016-02-23	14	9	16059504	Stool Collection #6	9	2097	MGH	"Some college, no degree"	Paid	No	No
SRR5950594	MSMAPC5H	2016-04-19	2097	MSMAPC5H_MGX	M2097C10_MGX	21		male	HD	G109995	M2097	M2097C10	22	2016-04-19	6	14	10057134	Stool Collection #10	14	2097	MGH	"Some college, no degree"	Paid	No	No
SRR5946891	MSMAPC5L	2016-05-03	2097	MSMAPC5L_MGX	M2097C12	21		male	HD	G110088	M2097	M2097C12	24	2016-05-03	14	16	12643903	Stool Collection #12	16	2097	MGH	"Some college, no degree"	Paid	No	No
SRR5946632	MSMB4LXW	2016-06-22	2097	MSMB4LXW_MGX	M2097C15	21		male	HD	G110085	M2097	M2097C15	31	2016-06-22	6	20	6685647	Stool Collection #15	20	2097	MGH	"Some college, no degree"	Paid	No	No
SRR5946844	MSMB4LXS	2016-06-30	2097	MSMB4LXS_MGX	M2097C16	21		male	HD	G109999	M2097	M2097C16	32	2016-06-30	8	21	10456109	Stool Collection #16	21	2097	MGH	"Some college, no degree"	Paid	Yes	No
SRR5947057	MSMB4LZK	2016-08-11	2097	MSMB4LZK_MGX	M2097C17	21		male	HD	G110083	M2097	M2097C17	38	2016-08-11	42	22	14967161	Stool Collection #17	22	2097	MGH	"Some college, no degree"	Paid	No	No
SRR5947018	MSMA267V	2015-12-15	2103	MSMA267V_MGX	M2103C2	35	35	female	UC	G110127	M2103	M2103C2	2	2015-12-15	14	5	10969534	Stool Collection #2	5	2103	MGH	Master's degree	Paid	No	No
SRR5950700	MSMA267X	2016-01-06	2103	MSMA267X_MGX	M2103C3_MGX	35	35	female	UC	G110017	M2103	M2103C3	5	2016-01-06	22	6	10688002	Stool Collection #3	6	2103	MGH	Master's degree	Paid	No	No
SRR5950748	MSMA2684	2016-02-17	2103	MSMA2684_MGX	M2103C6_MGX	35	35	female	UC	G110081	M2103	M2103C6	11	2016-02-17	15	9	10199394	Stool Collection #6	9	2103	MGH	Master's degree	Paid	No	No
SRR5946832	MSMAPC5Z	2016-04-02	2103	MSMAPC5Z_MGX	M2103C8	35	35	female	UC	G110087	M2103	M2103C8	17	2016-04-02	32	12	10925369	Stool Collection #8	12	2103	MGH	Master's degree	Paid	No	No
SRR5950560	MSMAPC66	2016-05-18	2103	MSMAPC66_MGX	M2103C10_MGX	35	35	female	UC	G110022	M2103	M2103C10	24	2016-05-18	23	14	9064003	Stool Collection #10	14	2103	MGH	Master's degree	Paid	No	No
SRR5946637	MSMAPC64	2016-06-01	2103	MSMAPC64_MGX	M2103C11	35	35	female	UC	G110084	M2103	M2103C11	26	2016-06-01	14	15	9146295	Stool Collection #11	15	2103	MGH	Master's degree	Paid	No	No
SRR5946709	MSMB4LYH	2016-08-02	2103	MSMB4LYH_MGX	M2103C14	35	35	female	UC	G110086	M2103	M2103C14	35	2016-08-02	21	19	9890677	Stool Collection #14	19	2103	MGH	Master's degree	Paid	No	No
SRR5935860	CSM5MCXD	2014-08-05	3001	CSM5MCXD_MGX	C3001C11	43	28	female	CD	G110156	C3001	C3001C11	20	2014-08-05	14	15	11141935	Stool Collection #11	15	3001	Cedars-Sinai	Bachelor's degree	Paid	No	No
SRR5946995	CSM5MCYS	2014-09-03	3001	CSM5MCYS_MGX	C3001C13	43	28	female	CD	G110044	C3001	C3001C13	24	2014-09-03	15	18	13145137	Stool Collection #13	18	3001	Cedars-Sinai	Bachelor's degree	Paid	No	No
SRR5946666	CSM67U9J	2014-09-17	3001	CSM67U9J_MGX	C3001C14	43	28	female	CD	G110049	C3001	C3001C14	26	2014-09-17	14	19	9745701	Stool Collection #14	19	3001	Cedars-Sinai	Bachelor's degree	Paid	No	No
SRR5935780	CSM67UA2	2014-09-30	3001	CSM67UA2_MGX	C3001C15	43	28	female	CD	G110131	C3001	C3001C15	28	2014-09-30	13	20	10716561	Stool Collection #15	20	3001	Cedars-Sinai	Bachelor's degree	Paid	No	No
SRR5946755	CSM67UGC	2014-11-12	3001	CSM67UGC_MGX	C3001C18	43	28	female	CD	G110046	C3001	C3001C18	34	2014-11-12	15	23	2153223	Stool Collection #18	23	3001	Cedars-Sinai	Bachelor's degree	Paid	No	No
SRR5946620	CSM79HG5	2014-11-25	3001	CSM79HG5_MGX	C3001C19	43	28	female	CD	G110040	C3001	C3001C19	36	2014-11-25	13	25	15474525	Stool Collection #19	25	3001	Cedars-Sinai	Bachelor's degree	Paid	No	No
SRR5935808	CSM79HGP	2014-12-10	3001	CSM79HGP_MGX	C3001C20	43	28	female	CD	G110162	C3001	C3001C20	38	2014-12-10	15	26	15500977	Stool Collection #20	26	3001	Cedars-Sinai	Bachelor's degree	Paid	No	No
SRR5947001	CSM5MCVL	2014-08-06	3002	CSM5MCVL_MGX	C3002C8	76	47	female	CD	G110038	C3002	C3002C8	14	2014-08-06	15	12	10614698	Stool Collection #8	12	3002	Cedars-Sinai	Professional/Doctoral degree	Retired	No	Yes
SRR5935841	CSM5MCVN	2014-08-19	3002	CSM5MCVN_MGX	C3002C9	76	47	female	CD	G110144	C3002	C3002C9	16	2014-08-19	13	13	11276921	Stool Collection #9	13	3002	Cedars-Sinai	Professional/Doctoral degree	Retired	No	Yes
SRR5946915	CSM67UBF	2014-10-15	3002	CSM67UBF_MGX	C3002C13	76	47	female	CD	G110061	C3002	C3002C13	24	2014-10-15	15	18	9182817	Stool Collection #13	18	3002	Cedars-Sinai	Professional/Doctoral degree	Retired	No	No
SRR5935900	CSM67UBH	2014-10-28	3002	CSM67UBH_MGX	C3002C14	76	47	female	CD	G110126	C3002	C3002C14	26	2014-10-28	13	19	14394739	Stool Collection #14	19	3002	Cedars-Sinai	Professional/Doctoral degree	Retired	No	No
SRR5935811	CSM67UBN	2014-12-09	3002	CSM67UBN_MGX	C3002C17	76	47	female	CD	G110174	C3002	C3002C17	32	2014-12-09	14	22	10067044	Stool Collection #17	22	3002	Cedars-Sinai	Professional/Doctoral degree	Retired	No	Yes
SRR5947049	CSM67UBR	2014-12-23	3002	CSM67UBR_MGX	C3002C18	76	47	female	CD	G110036	C3002	C3002C18	34	2014-12-23	14	23	7058985	Stool Collection #18	23	3002	Cedars-Sinai	Professional/Doctoral degree	Retired	No	Yes
SRR5936218	CSM79HJW	2015-01-06	3002	CSM79HJW_MGX	C3002C19	76	47	female	CD	G110166	C3002	C3002C19	36	2015-01-06	14	25	16779856	Stool Collection #19	25	3002	Cedars-Sinai	Professional/Doctoral degree	Retired	Yes	No
SRR5946909	CSM79HJY	2015-01-20	3002	CSM79HJY_MGX	C3002C20	76	47	female	CD	G110051	C3002	C3002C20	38	2015-01-20	14	26	10066412	Stool Collection #20	26	3002	Cedars-Sinai	Professional/Doctoral degree	Retired	No	No
SRR5935761	CSM5FZ4M	2014-07-16	3003	CSM5FZ4M_MGX	C3003C6	43	29	female	UC	G110153	C3003	C3003C6	9	2014-07-16	15	9	14191802	Stool Collection #6	9	3003	Cedars-Sinai	Master's degree	Paid	No	No
SRR5935887	CSM5MCWQ	2014-08-28	3003	CSM5MCWQ_MGX	C3003C9	43	29	female	UC	G110148	C3003	C3003C9	16	2014-08-28	15	13	8976280	Stool Collection #9	13	3003	Cedars-Sinai	Master's degree	Paid	No	No
SRR5947100	CSM67UBX	2014-10-22	3003	CSM67UBX_MGX	C3003C13	43	29	female	UC	G110059	C3003	C3003C13	23	2014-10-22	15	18	14167506	Stool Collection #13	18	3003	Cedars-Sinai	Master's degree	Paid	No	No
SRR5936012	CSM67UBZ	2014-11-06	3003	CSM67UBZ_MGX	C3003C14	43	29	female	UC	G110137	C3003	C3003C14	26	2014-11-06	15	19	12903710	Stool Collection #14	19	3003	Cedars-Sinai	Master's degree	Paid	Yes	No
SRR5936217	CSM67UC6	2015-01-06	3003	CSM67UC6_MGX	C3003C17	43	29	female	UC	G110177	C3003	C3003C17	34	2015-01-06	19	22	15995264	Stool Collection #17	22	3003	Cedars-Sinai	Master's degree	Paid	No	No
SRR5946654	CSM79HLM	2015-01-29	3003	CSM79HLM_MGX	C3003C19	43	29	female	UC	G110042	C3003	C3003C19	38	2015-01-29	9	25	12761039	Stool Collection #19	25	3003	Cedars-Sinai	Master's degree	Paid	No	No
SRR5935863	CSM5MCXH	2014-08-12	3004	CSM5MCXH_MGX	C3004C7	47	33	female	UC	G110158	C3004	C3004C7	13	2014-08-12	20	11	12264273	Stool Collection #7	11	3004	Cedars-Sinai	Bachelor's degree	Paid	No	No
SRR5936080	CSM5MCXJ	2014-08-19	3004	CSM5MCXJ_MGX	C3004C8	47	33	female	UC	G110146	C3004	C3004C8	14	2014-08-19	7	12	11132334	Stool Collection #8	12	3004	Cedars-Sinai	Bachelor's degree	Paid	No	No
SRR5935830	CSM5MCXL	2014-09-03	3004	CSM5MCXL_MGX	C3004C9	47	33	female	UC	G110149	C3004	C3004C9	16	2014-09-03	15	13	14304007	Stool Collection #9	13	3004	Cedars-Sinai	Bachelor's degree	Paid	No	No
SRR5935909	CSM5MCXN	2014-09-16	3004	CSM5MCXN_MGX	C3004C10	47	33	female	UC	G110129	C3004	C3004C10	18	2014-09-16	13	14	11866008	Stool Collection #10	14	3004	Cedars-Sinai	Bachelor's degree	Paid	No	No
SRR5936224	CSM5MCXP	2014-09-30	3004	CSM5MCXP_MGX	C3004C11	47	33	female	UC	G110139	C3004	C3004C11	20	2014-09-30	14	15	13288031	Stool Collection #11	15	3004	Cedars-Sinai	Bachelor's degree	Paid	No	No
SRR5935933	CSM5MCXR	2014-10-15	3004	CSM5MCXR_MGX	C3004C12	47	33	female	UC	G110121	C3004	C3004C12	22	2014-10-15	15	16	9809632	Stool Collection #12	16	3004	Cedars-Sinai	Bachelor's degree	Paid	No	No
SRR5935908	CSM67UDF	2014-10-29	3004	CSM67UDF_MGX	C3004C13	47	33	female	UC	G110134	C3004	C3004C13	24	2014-10-29	14	18	9297012	Stool Collection #13	18	3004	Cedars-Sinai	Bachelor's degree	Paid	No	No
SRR5936009	CSM67UDJ	2014-11-12	3004	CSM67UDJ_MGX	C3004C14	47	33	female	UC	G110141	C3004	C3004C14	26	2014-11-12	14	19	12061457	Stool Collection #14	19	3004	Cedars-Sinai	Bachelor's degree	Paid	No	No
SRR5936157	CSM67UDN	2014-11-25	3004	CSM67UDN_MGX	C3004C15	47	33	female	UC	G110171	C3004	C3004C15	28	2014-11-25	13	20	10425801	Stool Collection #15	20	3004	Cedars-Sinai	Bachelor's degree	Paid	No	No
SRR5962888	CSM67UDR_TR	2014-12-09	3004	CSM67UDR_TR_MGX	C3004C16_TR_MGX	47	33	female	UC	C3004C16_MGX	C3004	C3004C16	30	2014-12-09	14	21	8002427	Stool Collection #16	21	3004	Cedars-Sinai	Bachelor's degree	Paid	No	No
SRR5935814	CSM67UDR	2014-12-09	3004	CSM67UDR_MGX	C3004C16	47	33	female	UC	G110161	C3004	C3004C16	30	2014-12-09	14	21	5072555	Stool Collection #16	21	3004	Cedars-Sinai	Bachelor's degree	Paid	No	No
SRR5936216	CSM67UDY	2015-01-06	3004	CSM67UDY_MGX	C3004C18	47	33	female	UC	G110176	C3004	C3004C18	34	2015-01-06	28	23	7304439	Stool Collection #18	23	3004	Cedars-Sinai	Bachelor's degree	Paid	No	No
SRR5962894	CSM79HLA_TR	2015-01-20	3004	CSM79HLA_TR_MGX	C3004C19_TR_MGX	47	33	female	UC	C3004C19_MGX	C3004	C3004C19	36	2015-01-20	14	25	8447834	Stool Collection #19	25	3004	Cedars-Sinai	Bachelor's degree	Paid	No	No
SRR5936051	CSM79HLA	2015-01-20	3004	CSM79HLA_MGX	C3004C19	47	33	female	UC	G110167	C3004	C3004C19	36	2015-01-20	14	25	12500111	Stool Collection #19	25	3004	Cedars-Sinai	Bachelor's degree	Paid	No	No
SRR5936005	CSM79HLG	2015-02-03	3004	CSM79HLG_MGX	C3004C20	47	33	female	UC	G110170	C3004	C3004C20	38	2015-02-03	14	26	10654815	Stool Collection #20	26	3004	Cedars-Sinai	Bachelor's degree	Paid	No	No
SRR5935826	CSM79HLE	2015-02-17	3004	CSM79HLE_MGX	C3004C21	47	33	female	UC	G110095	C3004	C3004C21	40	2015-02-17	14	27	8766149	Stool Collection #21	27	3004	Cedars-Sinai	Bachelor's degree	Paid	No	No
SRR5936176	CSM79HLC	2015-03-09	3004	CSM79HLC_MGX	C3004C22	47	33	female	UC	G110100	C3004	C3004C22	42	2015-03-09	20	28	13425624	Stool Collection #22	28	3004	Cedars-Sinai	Bachelor's degree	Paid	No	No
SRR5946938	CSM79HLI	2015-03-17	3004	CSM79HLI_MGX	C3004C23	47	33	female	UC	G110029	C3004	C3004C23	44	2015-03-17	8	29	11181040	Stool Collection #23	29	3004	Cedars-Sinai	Bachelor's degree	Paid	No	No
SRR5946715	CSM79HLK	2015-03-31	3004	CSM79HLK_MGX	C3004C24	47	33	female	UC	G109990	C3004	C3004C24	46	2015-03-31	14	30	4184632	Stool Collection #24	30	3004	Cedars-Sinai	Bachelor's degree	Paid	No	No
SRR5936178	CSM5MCY4	2014-08-13	3005	CSM5MCY4_MGX	C3005C7	76	58	female	UC	G110159	C3005	C3005C7	12	2014-08-13	19	11	9853027	Stool Collection #7	11	3005	Cedars-Sinai	"Some college, no degree"	Retired	No	No
SRR5935919	CSM5MCY8	2014-09-09	3005	CSM5MCY8_MGX	C3005C9	76	58	female	UC	G110151	C3005	C3005C9	15	2014-09-09	13	13	16789955	Stool Collection #9	13	3005	Cedars-Sinai	"Some college, no degree"	Retired	No	No
SRR5947096	CSM67UE3	2014-11-05	3005	CSM67UE3_MGX	C3005C13	76	58	female	UC	G110048	C3005	C3005C13	24	2014-11-05	15	18	13073516	Stool Collection #13	18	3005	Cedars-Sinai	"Some college, no degree"	Retired	No	No
SRR5935999	CSM67UE7	2014-11-18	3005	CSM67UE7_MGX	C3005C14	76	58	female	UC	G110142	C3005	C3005C14	25	2014-11-18	13	19	9821447	Stool Collection #14	19	3005	Cedars-Sinai	"Some college, no degree"	Retired	No	No
SRR5936162	CSM67UEA	2014-12-02	3005	CSM67UEA_MGX	C3005C15	76	58	female	UC	G110173	C3005	C3005C15	27	2014-12-02	14	20	9747180	Stool Collection #15	20	3005	Cedars-Sinai	"Some college, no degree"	Retired	No	No
SRR5947088	CSM67UEM	2015-01-13	3005	CSM67UEM_MGX	C3005C17	76	58	female	UC	G110054	C3005	C3005C17	33	2015-01-13	27	22	9333666	Stool Collection #17	22	3005	Cedars-Sinai	"Some college, no degree"	Retired	No	No
SRR5935742	CSM67UEI	2015-01-29	3005	CSM67UEI_MGX	C3005C19	76	58	female	UC	G110168	C3005	C3005C19	36	2015-01-29	16	25	12325884	Stool Collection #19	25	3005	Cedars-Sinai	"Some college, no degree"	Retired	No	No
SRR5935979	CSM79HO1	2015-02-11	3005	CSM79HO1_MGX	C3005C20	76	58	female	UC	G110093	C3005	C3005C20	38	2015-02-11	13	26	10113319	Stool Collection #20	26	3005	Cedars-Sinai	"Some college, no degree"	Retired	No	No
SRR5935859	CSM5MCUO	2014-08-06	3006	CSM5MCUO_MGX	C3006C6	32	24	male	UC	G110157	C3006	C3006C6	9	2014-08-06	13	9	15777116	Stool Collection #6	9	3006	Cedars-Sinai	Professional/Doctoral degree	Paid	No	No
SRR5935942	CSM5MCX3	2014-09-16	3006	CSM5MCX3_MGX	C3006C9	32	24	male	UC	G110130	C3006	C3006C9	15	2014-09-16	13	13	13416035	Stool Collection #9	13	3006	Cedars-Sinai	Professional/Doctoral degree	Paid	No	No
SRR5946759	CSM67UFV	2014-11-12	3006	CSM67UFV_MGX	C3006C13	32	24	male	UC	G110047	C3006	C3006C13	23	2014-11-12	15	18	11896500	Stool Collection #13	18	3006	Cedars-Sinai	Professional/Doctoral degree	Paid	No	No
SRR5936158	CSM67UFZ	2014-11-25	3006	CSM67UFZ_MGX	C3006C14	32	24	male	UC	G110172	C3006	C3006C14	25	2014-11-25	13	19	11547515	Stool Collection #14	19	3006	Cedars-Sinai	Professional/Doctoral degree	Paid	No	No
SRR5946823	CSM67UG8	2015-01-20	3006	CSM67UG8_MGX	C3006C18	32	24	male	UC	G110052	C3006	C3006C18	33	2015-01-20	13	23	13797327	Stool Collection #18	23	3006	Cedars-Sinai	Professional/Doctoral degree	Paid	No	No
SRR5946663	CSM79HMN	2015-02-03	3006	CSM79HMN_MGX	C3006C19	32	24	male	UC	G110041	C3006	C3006C19	35	2015-02-03	14	25	7727697	Stool Collection #19	25	3006	Cedars-Sinai	Professional/Doctoral degree	Paid	No	No
SRR5946872	CSM79HMP	2015-02-18	3006	CSM79HMP_MGX	C3006C20	32	24	male	UC	G110024	C3006	C3006C20	37	2015-02-18	15	26	8948934	Stool Collection #20	26	3006	Cedars-Sinai	Professional/Doctoral degree	Paid	No	No
SRR5936185	CSM79HMT	2015-03-17	3006	CSM79HMT_MGX	C3006C22	32	24	male	UC	G110107	C3006	C3006C22	41	2015-03-17	13	28	10478140	Stool Collection #22	28	3006	Cedars-Sinai	Professional/Doctoral degree	Paid	No	No
SRR5936088	CSM5MCW6	2014-08-26	3008	CSM5MCW6_MGX	C3008C5	53	24	female	CD	G110147	C3008	C3008C5	8	2014-08-26	7	8	9067660	Stool Collection #5	8	3008	Cedars-Sinai	Unknown/Not Reported	Paid	Yes	No
SRR5946984	CSM5MCYW	2014-09-10	3008	CSM5MCYW_MGX	C3008C6	53	24	female	CD	G110043	C3008	C3008C6	10	2014-09-10	15	9	10510539	Stool Collection #6	9	3008	Cedars-Sinai	Unknown/Not Reported	Paid	Yes	No
SRR5936239	CSM5MCZ3	2014-10-21	3008	CSM5MCZ3_MGX	C3008C9	53	24	female	CD	G110123	C3008	C3008C9	16	2014-10-21	14	13	11737967	Stool Collection #9	13	3008	Cedars-Sinai	Unknown/Not Reported	Paid	Yes	No
SRR5947046	CSM5MCZ5	2014-12-16	3008	CSM5MCZ5_MGX	C3008C13	53	24	female	CD	G110037	C3008	C3008C13	24	2014-12-16	14	18	13145392	Stool Collection #13	18	3008	Cedars-Sinai	Unknown/Not Reported	Paid	Yes	No
SRR5947058	CSM5MCZ7	2015-01-07	3008	CSM5MCZ7_MGX	C3008C14	53	24	female	CD	G110055	C3008	C3008C14	27	2015-01-07	22	19	11624694	Stool Collection #14	19	3008	Cedars-Sinai	Unknown/Not Reported	Paid	Yes	No
SRR5935980	CSM79HKT	2015-02-11	3008	CSM79HKT_MGX	C3008C17	53	24	female	CD	G110094	C3008	C3008C17	32	2015-02-11	7	22	12236812	Stool Collection #17	22	3008	Cedars-Sinai	Unknown/Not Reported	Paid	Yes	No
SRR5946865	CSM79HKV	2015-02-24	3008	CSM79HKV_MGX	C3008C18	53	24	female	CD	G110031	C3008	C3008C18	34	2015-02-24	13	23	14709513	Stool Collection #18	23	3008	Cedars-Sinai	Unknown/Not Reported	Paid	Yes	No
SRR5946786	CSM79HQ9	2015-03-11	3008	CSM79HQ9_MGX	C3008C19	53	24	female	CD	G110028	C3008	C3008C19	36	2015-03-11	15	25	20575152	Stool Collection #19	25	3008	Cedars-Sinai	Unknown/Not Reported	Paid	Yes	No
SRR5946942	CSM79HQB	2015-03-25	3008	CSM79HQB_MGX	C3008C20	53	24	female	CD	G110007	C3008	C3008C20	38	2015-03-25	14	26	9793380	Stool Collection #20	26	3008	Cedars-Sinai	Unknown/Not Reported	Paid	Yes	No
SRR5936119	CSM79HQF	2015-04-22	3008	CSM79HQF_MGX	C3008C22	53	24	female	CD	G110105	C3008	C3008C22	42	2015-04-22	14	28	10590187	Stool Collection #22	28	3008	Cedars-Sinai	Unknown/Not Reported	Paid	Yes	No
SRR5936186	CSM5MCWC	2014-08-19	3009	CSM5MCWC_MGX	C3009C4	56	44	male	CD	G110145	C3009	C3009C4	6	2014-08-19	14	7	11929952	Stool Collection #4	7	3009	Cedars-Sinai	High school graduate or GED	Paid	No	No
SRR5935831	CSM5MCWE	2014-09-03	3009	CSM5MCWE_MGX	C3009C5	56	44	male	CD	G110150	C3009	C3009C5	8	2014-09-03	15	8	12793095	Stool Collection #5	8	3009	Cedars-Sinai	High school graduate or GED	Paid	No	No
SRR5946662	CSM5MCWG	2014-09-16	3009	CSM5MCWG_MGX	C3009C6	56	44	male	CD	G110050	C3009	C3009C6	10	2014-09-16	13	9	11535025	Stool Collection #6	9	3009	Cedars-Sinai	High school graduate or GED	Paid	Yes	No
SRR5935903	CSM67UAA	2014-10-28	3009	CSM67UAA_MGX	C3009C9	56	44	male	CD	G110124	C3009	C3009C9	16	2014-10-28	14	13	7701940	Stool Collection #9	13	3009	Cedars-Sinai	High school graduate or GED	Paid	No	No
SRR5946883	CSM67UAG	2014-12-09	3009	CSM67UAG_MGX	C3009C12	56	44	male	CD	G110039	C3009	C3009C12	22	2014-12-09	14	16	7190717	Stool Collection #12	16	3009	Cedars-Sinai	High school graduate or GED	Paid	No	No
SRR5936222	CSM79HI3	2015-01-06	3009	CSM79HI3_MGX	C3009C13	56	44	male	CD	G110175	C3009	C3009C13	26	2015-01-06	28	18	15910606	Stool Collection #13	18	3009	Cedars-Sinai	High school graduate or GED	Paid	No	No
SRR5935894	CSM79HI7	2015-02-03	3009	CSM79HI7_MGX	C3009C15	56	44	male	CD	G110169	C3009	C3009C15	30	2015-02-03	14	20	11814729	Stool Collection #15	20	3009	Cedars-Sinai	High school graduate or GED	Paid	No	No
SRR5935794	CSM79HIB	2015-03-04	3009	CSM79HIB_MGX	C3009C18	56	44	male	CD	G110098	C3009	C3009C18	34	2015-03-04	15	23	13404095	Stool Collection #18	23	3009	Cedars-Sinai	High school graduate or GED	Paid	No	No
SRR5946935	CSM7KOJE	2015-03-17	3009	CSM7KOJE_MGX	C3009C19	56	44	male	CD	G110008	C3009	C3009C19	36	2015-03-17	13	25	9704069	Stool Collection #19	25	3009	Cedars-Sinai	High school graduate or GED	Paid	No	No
SRR5936207	CSM7KOJG	2015-03-31	3009	CSM7KOJG_MGX	C3009C20	56	44	male	CD	G110109	C3009	C3009C20	38	2015-03-31	14	26	15409373	Stool Collection #20	26	3009	Cedars-Sinai	High school graduate or GED	Paid	No	No
SRR5936062	CSM7KOJO	2015-05-27	3009	CSM7KOJO_MGX	C3009C24	56	44	male	CD	G110116	C3009	C3009C24	46	2015-05-27	15	30	11840412	Stool Collection #24	30	3009	Cedars-Sinai	High school graduate or GED	Paid	No	No
SRR5936179	CSM5MCXT	2014-08-14	3010	CSM5MCXT_MGX	C3010C2	51	30	female	CD	G110160	C3010	C3010C2	2	2014-08-14	15	5	4338542	Stool Collection #2	5	3010	Cedars-Sinai	Master's degree	Paid	No	No
SRR5946999	CSM5MCXV	2014-08-27	3010	CSM5MCXV_MGX	C3010C3	51	30	female	CD	G110045	C3010	C3010C3	4	2014-08-27	13	6	10671042	Stool Collection #3	6	3010	Cedars-Sinai	Master's degree	Paid	No	No
SRR5936163	CSM5MCY2	2014-10-07	3010	CSM5MCY2_MGX	C3010C6	51	30	female	CD	G110132	C3010	C3010C6	9	2014-10-07	14	9	7874726	Stool Collection #6	9	3010	Cedars-Sinai	Master's degree	Paid	No	No
SRR5936002	CSM67UCK	2014-11-20	3010	CSM67UCK_MGX	C3010C9	51	30	female	CD	G110143	C3010	C3010C9	16	2014-11-20	15	13	7909374	Stool Collection #9	13	3010	Cedars-Sinai	Master's degree	Paid	Yes	No
SRR5947086	CSM79HK9	2015-01-13	3010	CSM79HK9_MGX	C3010C12	51	30	female	CD	G110053	C3010	C3010C12	23	2015-01-13	28	16	10927337	Stool Collection #12	16	3010	Cedars-Sinai	Master's degree	Paid	No	No
SRR5935890	CSM79HKB	2015-02-03	3010	CSM79HKB_MGX	C3010C13	51	30	female	CD	G110104	C3010	C3010C13	26	2015-02-03	21	18	8504058	Stool Collection #13	18	3010	Cedars-Sinai	Master's degree	Paid	Yes	No
SRR5946794	CSM79HOF	2015-03-10	3010	CSM79HOF_MGX	C3010C17	51	30	female	CD	G110082	C3010	C3010C17	31	2015-03-10	6	22	7920311	Stool Collection #17	22	3010	Cedars-Sinai	Master's degree	Paid	No	No
SRR5946814	CSM79HOH	2015-03-24	3010	CSM79HOH_MGX	C3010C18	51	30	female	CD	G110013	C3010	C3010C18	33	2015-03-24	14	23	17133651	Stool Collection #18	23	3010	Cedars-Sinai	Master's degree	Paid	No	No
SRR5935869	CSM7KOL4	2015-04-07	3010	CSM7KOL4_MGX	C3010C19	51	30	female	CD	G110110	C3010	C3010C19	35	2015-04-07	14	25	14642952	Stool Collection #19	25	3010	Cedars-Sinai	Master's degree	Paid	No	No
SRR5935804	CSM7KOLA	2015-05-19	3010	CSM7KOLA_MGX	C3010C22	51	30	female	CD	G110115	C3010	C3010C22	41	2015-05-19	14	28	13253407	Stool Collection #22	28	3010	Cedars-Sinai	Master's degree	Paid	No	No
SRR5935967	CSM7KOLE	2015-06-16	3010	CSM7KOLE_MGX	C3010C24	51	30	female	CD	G110112	C3010	C3010C24	45	2015-06-16	14	30	6429845	Stool Collection #24	30	3010	Cedars-Sinai	Master's degree	Paid	No	No
SRR5962889	CSM67UEW_TR	2014-12-08	3011	CSM67UEW_TR_MGX	C3011C9_TR_MGX	37	25	female	UC	C3011C9_MGX	C3011	C3011C9	14	2014-12-08	13	13	4264790	Stool Collection #9	13	3011	Cedars-Sinai	Professional/Doctoral degree	Paid	No	Yes
SRR5935962	CSM67UEW	2014-12-08	3011	CSM67UEW_MGX	C3011C9	37	25	female	UC	G110155	C3011	C3011C9	14	2014-12-08	13	13	4406241	Stool Collection #9	13	3011	Cedars-Sinai	Professional/Doctoral degree	Paid	No	Yes
SRR5962886	CSM67UF1	2014-12-20	3011	CSM67UF1_MGX	C3011C10_MGX	37	25	female	UC	G110035	C3011	C3011C10	16	2014-12-20	12	14	6891493	Stool Collection #10	14	3011	Cedars-Sinai	Professional/Doctoral degree	Paid	No	No
SRR5936234	CSM67UF5	2015-01-12	3011	CSM67UF5_MGX	C3011C11	37	25	female	UC	G110102	C3011	C3011C11	19	2015-01-12	23	15	5286043	Stool Collection #11	15	3011	Cedars-Sinai	Professional/Doctoral degree	Paid	No	No
SRR5946875	CSM79HM1	2015-02-17	3011	CSM79HM1_MGX	C3011C14	37	25	female	UC	G110023	C3011	C3011C14	24	2015-02-17	19	19	11984253	Stool Collection #14	19	3011	Cedars-Sinai	Professional/Doctoral degree	Paid	No	No
SRR5947006	CSM79HM7	2015-04-10	3011	CSM79HM7_MGX	C3011C19	37	25	female	UC	G110027	C3011	C3011C19	32	2015-04-10	8	25	15280644	Stool Collection #19	25	3011	Cedars-Sinai	Professional/Doctoral degree	Paid	No	No
SRR5935796	CSM7KOMP	2015-05-15	3011	CSM7KOMP_MGX	C3011C21	37	25	female	UC	G110117	C3011	C3011C21	37	2015-05-15	18	27	14959288	Stool Collection #21	27	3011	Cedars-Sinai	Professional/Doctoral degree	Paid	No	No
SRR5935748	CSM7KOMT	2015-06-12	3011	CSM7KOMT_MGX	C3011C23	37	25	female	UC	G110111	C3011	C3011C23	41	2015-06-12	10	29	11859630	Stool Collection #23	29	3011	Cedars-Sinai	Professional/Doctoral degree	Paid	No	No
SRR5935945	CSM5MCZB	2014-09-16	3012	CSM5MCZB_MGX	C3012C2	37	30	female	CD	G110128	C3012	C3012C2	3	2014-09-16	22	5	13903402	Stool Collection #2	5	3012	Cedars-Sinai	Master's degree	Paid	No	No
SRR5935946	CSM5MCZD	2014-09-23	3012	CSM5MCZD_MGX	C3012C3	37	30	female	CD	G110138	C3012	C3012C3	4	2014-09-23	7	6	13361397	Stool Collection #3	6	3012	Cedars-Sinai	Master's degree	Paid	No	No
SRR5936166	CSM5MCZF	2014-10-07	3012	CSM5MCZF_MGX	C3012C4	37	30	female	CD	G110133	C3012	C3012C4	6	2014-10-07	14	7	9159219	Stool Collection #4	7	3012	Cedars-Sinai	Master's degree	Paid	No	No
SRR5946914	CSM67U9B	2014-10-21	3012	CSM67U9B_MGX	C3012C5	37	30	female	CD	G110060	C3012	C3012C5	8	2014-10-21	14	8	9352410	Stool Collection #5	8	3012	Cedars-Sinai	Master's degree	Paid	No	No
SRR5935754	CSM67U9D	2014-11-04	3012	CSM67U9D_MGX	C3012C6	37	30	female	CD	G110136	C3012	C3012C6	10	2014-11-04	14	9	10479849	Stool Collection #6	9	3012	Cedars-Sinai	Master's degree	Paid	No	No
SRR5936075	CSM67UGO	2014-12-17	3012	CSM67UGO_MGX	C3012C9	37	30	female	CD	G110164	C3012	C3012C9	16	2014-12-17	15	13	5035192	Stool Collection #9	13	3012	Cedars-Sinai	Master's degree	Paid	No	No
SRR5946703	CSM79HOJ	2015-02-11	3012	CSM79HOJ_MGX	C3012C13	37	30	female	CD	G110021	C3012	C3012C13	24	2015-02-11	14	18	16684852	Stool Collection #13	18	3012	Cedars-Sinai	Master's degree	Paid	No	No
SRR5936109	CSM79HOL	2015-02-24	3012	CSM79HOL_MGX	C3012C14	37	30	female	CD	G110096	C3012	C3012C14	26	2015-02-24	13	19	15402050	Stool Collection #14	19	3012	Cedars-Sinai	Master's degree	Paid	No	No
SRR5946646	CSM79HOT	2015-04-21	3012	CSM79HOT_MGX	C3012C18	37	30	female	CD	G110026	C3012	C3012C18	34	2015-04-21	14	23	10696343	Stool Collection #18	23	3012	Cedars-Sinai	Master's degree	Paid	No	No
SRR5950614	CSM7KOMX	2015-05-07	3012	CSM7KOMX_MGX	C3012C19_MGX	37	30	female	CD	G110605	C3012	C3012C19	36	2015-05-07	16	25	10985915	Stool Collection #19	25	3012	Cedars-Sinai	Master's degree	Paid	No	No
SRR5950722	CSM7KOMZ	2015-05-19	3012	CSM7KOMZ_MGX	C3012C20_MGX	37	30	female	CD	G110614	C3012	C3012C20	38	2015-05-19	12	26	6813418	Stool Collection #20	26	3012	Cedars-Sinai	Master's degree	Paid	No	No
SRR5935992	CSM7KON2	2015-06-02	3012	CSM7KON2_MGX	C3012C21	37	30	female	CD	G110118	C3012	C3012C21	40	2015-06-02	14	27	7495754	Stool Collection #21	27	3012	Cedars-Sinai	Master's degree	Paid	No	No
SRR5935837	CSM7KON8	2015-07-14	3012	CSM7KON8_MGX	C3012C24	37	30	female	CD	G110114	C3012	C3012C24	46	2015-07-14	14	30	9337938	Stool Collection #24	30	3012	Cedars-Sinai	Master's degree	Paid	No	No
SRR5935767	CSM67U9H	2014-09-24	3013	CSM67U9H_MGX	C3013C2	26	13	female	UC	G110152	C3013	C3013C2	2	2014-09-24	15	5	5166426	Stool Collection #2	5	3013	Cedars-Sinai	"Some college, no degree"	Student	No	No
SRR5947103	CSM67U9N	2014-10-21	3013	CSM67U9N_MGX	C3013C4	26	13	female	UC	G110638	C3013	C3013C4	6	2014-10-21	14	7	1210255	Stool Collection #4	7	3013	Cedars-Sinai	"Some college, no degree"	Student	No	No
SRR5935959	CSM79HGF	2014-12-17	3013	CSM79HGF_MGX	C3013C8	26	13	female	UC	G110154	C3013	C3013C8	14	2014-12-17	14	12	3266358	Stool Collection #8	12	3013	Cedars-Sinai	"Some college, no degree"	Student	No	No
SRR5936111	CSM79HPK	2015-02-24	3013	CSM79HPK_MGX	C3013C13	26	13	female	UC	G110097	C3013	C3013C13	24	2015-02-24	13	18	8053482	Stool Collection #13	18	3013	Cedars-Sinai	"Some college, no degree"	Student	No	No
SRR5935865	CSM79HPS	2015-04-14	3013	CSM79HPS_MGX	C3013C16	26	13	female	UC	G110106	C3013	C3013C16	31	2015-04-14	33	21	8045078	Stool Collection #16	21	3013	Cedars-Sinai	"Some college, no degree"	Student	No	No
SRR5946799	CSM79HPO	2015-04-28	3013	CSM79HPO_MGX	C3013C18	26	13	female	UC	G110609	C3013	C3013C18	33	2015-04-28	7	23	446490	Stool Collection #18	23	3013	Cedars-Sinai	"Some college, no degree"	Student	No	No
SRR5950762	CSM79HPU	2015-05-05	3013	CSM79HPU_MGX	C3013C19_MGX	26	13	female	UC	G110572	C3013	C3013C19	34	2015-05-05	7	25	44454	Stool Collection #19	25	3013	Cedars-Sinai	"Some college, no degree"	Student	No	No
SRR5936190	CSM7KONU	2015-06-03	3013	CSM7KONU_MGX	C3013C21	26	13	female	UC	G110119	C3013	C3013C21	38	2015-06-03	14	27	915711	Stool Collection #21	27	3013	Cedars-Sinai	"Some college, no degree"	Student	No	No
SRR5935931	CSM67UAK	2014-10-21	3015	CSM67UAK_MGX	C3015C2	50	37	female	UC	G110122	C3015	C3015C2	3	2014-10-21	21	5	8942148	Stool Collection #2	5	3015	Cedars-Sinai	Unknown/Not Reported	Unknown/Not Reported	No	No
SRR5935904	CSM67UAM	2014-10-28	3015	CSM67UAM_MGX	C3015C3	50	37	female	UC	G110125	C3015	C3015C3	4	2014-10-28	7	6	15549404	Stool Collection #3	6	3015	Cedars-Sinai	Unknown/Not Reported	Unknown/Not Reported	No	No
SRR5946754	CSM67UAO	2014-11-12	3015	CSM67UAO_MGX	C3015C4	50	37	female	UC	G116698	C3015	C3015C4	6	2014-11-12	15	7	7983916	Stool Collection #4	7	3015	Cedars-Sinai	Unknown/Not Reported	Unknown/Not Reported	No	No
SRR5946627	CSM67UAQ	2014-11-25	3015	CSM67UAQ_MGX	C3015C5	50	37	female	UC	G110652	C3015	C3015C5	8	2014-11-25	13	8	11999895	Stool Collection #5	8	3015	Cedars-Sinai	Unknown/Not Reported	Unknown/Not Reported	No	No
SRR5946881	CSM67UAS	2014-12-09	3015	CSM67UAS_MGX	C3015C6	50	37	female	UC	G110656	C3015	C3015C6	10	2014-12-09	14	9	14279735	Stool Collection #6	9	3015	Cedars-Sinai	Unknown/Not Reported	Unknown/Not Reported	No	No
SRR5936030	CSM79HID	2014-12-23	3015	CSM79HID_MGX	C3015C7	50	37	female	UC	G110165	C3015	C3015C7	12	2014-12-23	14	11	14845802	Stool Collection #7	11	3015	Cedars-Sinai	Unknown/Not Reported	Unknown/Not Reported	No	No
SRR5946749	CSM79HIF	2015-01-06	3015	CSM79HIF_MGX	C3015C8	50	37	female	UC	G116703	C3015	C3015C8	14	2015-01-06	14	12	13447892	Stool Collection #8	12	3015	Cedars-Sinai	Unknown/Not Reported	Unknown/Not Reported	No	No
SRR5946907	CSM79HIH	2015-01-20	3015	CSM79HIH_MGX	C3015C9	50	37	female	UC	G110649	C3015	C3015C9	16	2015-01-20	14	13	12527928	Stool Collection #9	13	3015	Cedars-Sinai	Unknown/Not Reported	Unknown/Not Reported	No	No
SRR5946657	CSM79HIJ	2015-02-03	3015	CSM79HIJ_MGX	C3015C10	50	37	female	UC	G116707	C3015	C3015C10	18	2015-02-03	14	14	11284595	Stool Collection #10	14	3015	Cedars-Sinai	Unknown/Not Reported	Unknown/Not Reported	No	No
SRR5946873	CSM79HIL	2015-02-17	3015	CSM79HIL_MGX	C3015C11	50	37	female	UC	G116734	C3015	C3015C11	20	2015-02-17	14	15	9058969	Stool Collection #11	15	3015	Cedars-Sinai	Unknown/Not Reported	Unknown/Not Reported	No	No
SRR5935792	CSM79HIN	2015-03-03	3015	CSM79HIN_MGX	C3015C12	50	37	female	UC	G110101	C3015	C3015C12	22	2015-03-03	14	16	11437860	Stool Collection #12	16	3015	Cedars-Sinai	Unknown/Not Reported	Unknown/Not Reported	No	No
SRR5946943	CSM7KOJQ	2015-03-17	3015	CSM7KOJQ_MGX	C3015C13	50	37	female	UC	G110589	C3015	C3015C13	24	2015-03-17	14	18	13927144	Stool Collection #13	18	3015	Cedars-Sinai	Unknown/Not Reported	Unknown/Not Reported	No	No
SRR5946716	CSM7KOJS	2015-03-31	3015	CSM7KOJS_MGX	C3015C14	50	37	female	UC	G110575	C3015	C3015C14	26	2015-03-31	14	19	15236515	Stool Collection #14	19	3015	Cedars-Sinai	Unknown/Not Reported	Unknown/Not Reported	No	No
SRR5946674	CSM7KOJU	2015-04-14	3015	CSM7KOJU_MGX	C3015C15	50	37	female	UC	G116740	C3015	C3015C15	28	2015-04-14	14	20	8935057	Stool Collection #15	20	3015	Cedars-Sinai	Unknown/Not Reported	Unknown/Not Reported	No	No
SRR5947102	CSM7KOJW	2015-04-28	3015	CSM7KOJW_MGX	C3015C16	50	37	female	UC	G116745	C3015	C3015C16	30	2015-04-28	14	21	7123525	Stool Collection #16	21	3015	Cedars-Sinai	Unknown/Not Reported	Unknown/Not Reported	No	No
SRR5946685	CSM7KOJY	2015-05-12	3015	CSM7KOJY_MGX	C3015C17	50	37	female	UC	G116752	C3015	C3015C17	32	2015-05-12	14	22	10938488	Stool Collection #17	22	3015	Cedars-Sinai	Unknown/Not Reported	Unknown/Not Reported	No	No
SRR5950683	CSM7KOK1	2015-05-27	3015	CSM7KOK1_MGX	C3015C18_MGX	50	37	female	UC	G110613	C3015	C3015C18	34	2015-05-27	15	23	16651840	Stool Collection #18	23	3015	Cedars-Sinai	Unknown/Not Reported	Unknown/Not Reported	No	No
SRR5950669	CSM7KOPG	2015-06-09	3015	CSM7KOPG_MGX	C3015C19_MGX	50	37	female	UC	G110617	C3015	C3015C19	36	2015-06-09	13	25	11775517	Stool Collection #19	25	3015	Cedars-Sinai	Unknown/Not Reported	Unknown/Not Reported	No	No
SRR5935974	CSM7KOPI	2015-06-23	3015	CSM7KOPI_MGX	C3015C20	50	37	female	UC	G110113	C3015	C3015C20	38	2015-06-23	14	26	11363114	Stool Collection #20	26	3015	Cedars-Sinai	Unknown/Not Reported	Unknown/Not Reported	No	No
SRR5950484	CSM7KOPK	2015-07-08	3015	CSM7KOPK_MGX	C3015C21_MGX	50	37	female	UC	G116729	C3015	C3015C21	40	2015-07-08	15	27	9085323	Stool Collection #21	27	3015	Cedars-Sinai	Unknown/Not Reported	Unknown/Not Reported	No	No
SRR5950504	CSM7KOPM	2015-07-21	3015	CSM7KOPM_MGX	C3015C22_MGX	50	37	female	UC	G116709	C3015	C3015C22	42	2015-07-21	13	28	11201610	Stool Collection #22	28	3015	Cedars-Sinai	Unknown/Not Reported	Unknown/Not Reported	No	No
SRR5950771	CSM7KOPO	2015-08-04	3015	CSM7KOPO_MGX	C3015C23_MGX	50	37	female	UC	G116691	C3015	C3015C23	44	2015-08-04	14	29	8905535	Stool Collection #23	29	3015	Cedars-Sinai	Unknown/Not Reported	Unknown/Not Reported	No	No
SRR5935807	CSM67UAU	2014-10-15	3016	CSM67UAU_MGX	C3016C2	32	12	female	CD	G110120	C3016	C3016C2	2	2014-10-15	15	5	16709059	Stool Collection #2	5	3016	Cedars-Sinai	Bachelor's degree	Paid	No	No
SRR5935755	CSM67UAW	2014-10-29	3016	CSM67UAW_MGX	C3016C3	32	12	female	CD	G110135	C3016	C3016C3	4	2014-10-29	14	6	6071706	Stool Collection #3	6	3016	Cedars-Sinai	Bachelor's degree	Paid	No	No
SRR5936011	CSM67UAY	2014-11-12	3016	CSM67UAY_MGX	C3016C4	32	12	female	CD	G110140	C3016	C3016C4	6	2014-11-12	14	7	7372555	Stool Collection #4	7	3016	Cedars-Sinai	Bachelor's degree	Paid	No	No
SRR5946631	CSM67UB1	2014-11-25	3016	CSM67UB1_MGX	C3016C5	32	12	female	CD	G110653	C3016	C3016C5	8	2014-11-25	13	8	11699157	Stool Collection #5	8	3016	Cedars-Sinai	Bachelor's degree	Paid	No	No
SRR5936068	CSM67UB3	2014-12-10	3016	CSM67UB3_MGX	C3016C6	32	12	female	CD	G110163	C3016	C3016C6	10	2014-12-10	15	9	7544632	Stool Collection #6	9	3016	Cedars-Sinai	Bachelor's degree	Paid	No	No
SRR5936215	CSM79HIR	2015-01-08	3016	CSM79HIR_MGX	C3016C8	32	12	female	CD	G110178	C3016	C3016C8	14	2015-01-08	29	12	11447688	Stool Collection #8	12	3016	Cedars-Sinai	Bachelor's degree	Paid	No	No
SRR5936046	CSM79HIT	2015-01-22	3016	CSM79HIT_MGX	C3016C9	32	12	female	CD	G110103	C3016	C3016C9	16	2015-01-22	14	13	5400699	Stool Collection #9	13	3016	Cedars-Sinai	Bachelor's degree	Paid	No	No
SRR5935895	CSM79HIV	2015-02-04	3016	CSM79HIV_MGX	C3016C10	32	12	female	CD	G110091	C3016	C3016C10	18	2015-02-04	13	14	10579131	Stool Collection #10	14	3016	Cedars-Sinai	Bachelor's degree	Paid	No	No
SRR5936108	CSM79HIX	2015-02-18	3016	CSM79HIX_MGX	C3016C11	32	12	female	CD	G110092	C3016	C3016C11	20	2015-02-18	14	15	14786205	Stool Collection #11	15	3016	Cedars-Sinai	Bachelor's degree	Paid	Yes	No
SRR5935786	CSM79HIZ	2015-03-04	3016	CSM79HIZ_MGX	C3016C12	32	12	female	CD	G110099	C3016	C3016C12	22	2015-03-04	14	16	10054318	Stool Collection #12	16	3016	Cedars-Sinai	Bachelor's degree	Paid	Yes	No
SRR5946819	CSM7KOK3	2015-03-18	3016	CSM7KOK3_MGX	C3016C13	32	12	female	CD	G110590	C3016	C3016C13	24	2015-03-18	14	18	897534	Stool Collection #13	18	3016	Cedars-Sinai	Bachelor's degree	Paid	No	No
SRR5936205	CSM7KOK5	2015-04-01	3016	CSM7KOK5_MGX	C3016C14	32	12	female	CD	G110108	C3016	C3016C14	26	2015-04-01	14	19	2651940	Stool Collection #14	19	3016	Cedars-Sinai	Bachelor's degree	Paid	Yes	No
SRR5947014	CSM7KOK7	2015-04-14	3016	CSM7KOK7_MGX	C3016C15	32	12	female	CD	G110587	C3016	C3016C15	28	2015-04-14	13	20	4684135	Stool Collection #15	20	3016	Cedars-Sinai	Bachelor's degree	Paid	Yes	No
SRR5950714	CSM7KOKB	2015-05-14	3016	CSM7KOKB_MGX	C3016C17_MGX	32	12	female	CD	G116678	C3016	C3016C17	32	2015-05-14	30	22	4933384	Stool Collection #17	22	3016	Cedars-Sinai	Bachelor's degree	Paid	Yes	No
SRR5950676	CSM7KOKD	2015-05-28	3016	CSM7KOKD_MGX	C3016C18_MGX	32	12	female	CD	G116749	C3016	C3016C18	34	2015-05-28	14	23	9254394	Stool Collection #18	23	3016	Cedars-Sinai	Bachelor's degree	Paid	Yes	No
SRR5950674	CSM7KOPS	2015-06-11	3016	CSM7KOPS_MGX	C3016C19_MGX	32	12	female	CD	G116682	C3016	C3016C19	36	2015-06-11	14	25	10178001	Stool Collection #19	25	3016	Cedars-Sinai	Bachelor's degree	Paid	Yes	No
SRR5950627	CSM7KOPU	2015-06-23	3016	CSM7KOPU_MGX	C3016C20_MGX	32	12	female	CD	G116683	C3016	C3016C20	38	2015-06-23	12	26	8955287	Stool Collection #20	26	3016	Cedars-Sinai	Bachelor's degree	Paid	Yes	No
SRR5950485	CSM7KOPW	2015-07-08	3016	CSM7KOPW_MGX	C3016C21_MGX	32	12	female	CD	G116753	C3016	C3016C21	40	2015-07-08	15	27	5690075	Stool Collection #21	27	3016	Cedars-Sinai	Bachelor's degree	Paid	Yes	No
SRR5950766	CSM7KOQ1	2015-08-04	3016	CSM7KOQ1_MGX	C3016C23_MGX	32	12	female	CD	G110631	C3016	C3016C23	44	2015-08-04	13	29	2256714	Stool Collection #23	29	3016	Cedars-Sinai	Bachelor's degree	Paid	Yes	No
SRR5962905	CSM67UB9	2014-11-12	3017	CSM67UB9_MGX	C3017C4_MGX	45	8	male	CD	G116699	C3017	C3017C4	6	2014-11-12	15	7	13171571	Stool Collection #4	7	3017	Cedars-Sinai	Unknown/Not Reported	Unknown/Not Reported	Yes	No
SRR5946629	CSM67UBB	2014-12-02	3017	CSM67UBB_MGX	C3017C5	45	8	male	CD	G110655	C3017	C3017C5	9	2014-12-02	20	8	11672420	Stool Collection #5	8	3017	Cedars-Sinai	Unknown/Not Reported	Unknown/Not Reported	Yes	No
SRR5946871	CSM79HJA	2015-02-18	3017	CSM79HJA_MGX	C3017C11	45	8	male	CD	G116735	C3017	C3017C11	20	2015-02-18	15	15	8099785	Stool Collection #11	15	3017	Cedars-Sinai	Unknown/Not Reported	Unknown/Not Reported	Yes	No
SRR5946820	CSM7KOKF	2015-03-18	3017	CSM7KOKF_MGX	C3017C13	45	8	male	CD	G110591	C3017	C3017C13	24	2015-03-18	14	18	18261309	Stool Collection #13	18	3017	Cedars-Sinai	Unknown/Not Reported	Unknown/Not Reported	Yes	No
SRR5947013	CSM7KOKJ	2015-04-14	3017	CSM7KOKJ_MGX	C3017C15	45	8	male	CD	G116671	C3017	C3017C15	28	2015-04-14	14	20	10197535	Stool Collection #15	20	3017	Cedars-Sinai	Unknown/Not Reported	Unknown/Not Reported	Yes	No
SRR5950725	CSM7KOKN	2015-05-12	3017	CSM7KOKN_MGX	C3017C17_MGX	45	8	male	CD	G116727	C3017	C3017C17	32	2015-05-12	13	22	9860307	Stool Collection #17	22	3017	Cedars-Sinai	Unknown/Not Reported	Unknown/Not Reported	Yes	No
SRR5950672	CSM7KOQX	2015-06-17	3017	CSM7KOQX_MGX	C3017C19_MGX	45	8	male	CD	G110600	C3017	C3017C19	37	2015-06-17	20	25	9386141	Stool Collection #19	25	3017	Cedars-Sinai	Unknown/Not Reported	Unknown/Not Reported	Yes	No
SRR5950790	CSM7KOR2	2015-07-08	3017	CSM7KOR2_MGX	C3017C21_MGX	45	8	male	CD	G116685	C3017	C3017C21	40	2015-07-08	15	27	11787030	Stool Collection #21	27	3017	Cedars-Sinai	Unknown/Not Reported	Unknown/Not Reported	Yes	No
SRR5946885	CSM79HHO	2014-12-12	3021	CSM79HHO_MGX	C3021C2	38	29	female	CD	G116705	C3021	C3021C2	1	2014-12-12	7	5	9119182	Stool Collection #2	5	3021	Cedars-Sinai	Unknown/Not Reported	Unknown/Not Reported	No	No
SRR5946811	CSM79HHM	2015-01-08	3021	CSM79HHM_MGX	C3021C3	38	29	female	CD	G116700	C3021	C3021C3	4	2015-01-08	27	6	15400580	Stool Collection #3	6	3021	Cedars-Sinai	Unknown/Not Reported	Unknown/Not Reported	No	No
SRR5946653	CSM79HHU	2015-01-28	3021	CSM79HHU_MGX	C3021C5	38	29	female	CD	G116706	C3021	C3021C5	7	2015-01-28	13	8	10991339	Stool Collection #5	8	3021	Cedars-Sinai	Unknown/Not Reported	Unknown/Not Reported	No	No
SRR5946692	CSM79HN2	2015-02-06	3021	CSM79HN2_MGX	C3021C6	38	29	female	CD	G110573	C3021	C3021C6	9	2015-02-06	9	9	19350815	Stool Collection #6	9	3021	Cedars-Sinai	Unknown/Not Reported	Unknown/Not Reported	No	No
SRR5946941	CSM79HN6	2015-03-12	3021	CSM79HN6_MGX	C3021C9	38	29	female	CD	G116741	C3021	C3021C9	13	2015-03-12	14	13	9362198	Stool Collection #9	13	3021	Cedars-Sinai	Unknown/Not Reported	Unknown/Not Reported	No	No
SRR5950763	CSM7KOLK	2015-05-05	3021	CSM7KOLK_MGX	C3021C14_MGX	38	29	female	CD	G110597	C3021	C3021C14	21	2015-05-05	13	19	10021442	Stool Collection #14	19	3021	Cedars-Sinai	Unknown/Not Reported	Unknown/Not Reported	No	No
SRR5950680	CSM7KOLM	2015-05-22	3021	CSM7KOLM_MGX	C3021C15_MGX	38	29	female	CD	G116747	C3021	C3021C15	24	2015-05-22	17	20	19694142	Stool Collection #15	20	3021	Cedars-Sinai	Unknown/Not Reported	Unknown/Not Reported	No	No
SRR5950509	CSM7KOSV	2015-07-15	3021	CSM7KOSV_MGX	C3021C19_MGX	38	29	female	CD	G116687	C3021	C3021C19	31	2015-07-15	7	25	11814078	Stool Collection #19	25	3021	Cedars-Sinai	Unknown/Not Reported	Unknown/Not Reported	No	No
SRR5950775	CSM7KOSX	2015-07-24	3021	CSM7KOSX_MGX	C3021C20_MGX	38	29	female	CD	G116720	C3021	C3021C20	33	2015-07-24	9	26	9675141	Stool Collection #20	26	3021	Cedars-Sinai	Unknown/Not Reported	Unknown/Not Reported	No	No
SRR5946762	CSM67UH7	2014-11-24	3022	CSM67UH7_MGX	C3022C1	69		male	HD	G110651	C3022	C3022C1	0	2014-11-24	0	4	12316857	Stool Collection #1	4	3022	Cedars-Sinai	Unknown/Not Reported	Unknown/Not Reported	No	No
SRR5946740	CSM79HGX	2015-01-21	3022	CSM79HGX_MGX	C3022C4	69		male	HD	G116737	C3022	C3022C4	8	2015-01-21	13	7	6757311	Stool Collection #4	7	3022	Cedars-Sinai	Unknown/Not Reported	Unknown/Not Reported	No	No
SRR5946660	CSM79HGZ	2015-02-04	3022	CSM79HGZ_MGX	C3022C5	69		male	HD	G116733	C3022	C3022C5	10	2015-02-04	14	8	9366416	Stool Collection #5	8	3022	Cedars-Sinai	Unknown/Not Reported	Unknown/Not Reported	No	No
SRR5946868	CSM79HOV	2015-02-20	3022	CSM79HOV_MGX	C3022C6	69		male	HD	G110595	C3022	C3022C6	12	2015-02-20	16	9	6461568	Stool Collection #6	9	3022	Cedars-Sinai	Unknown/Not Reported	Unknown/Not Reported	No	No
SRR5946989	CSM79HOX	2015-03-04	3022	CSM79HOX_MGX	C3022C7	69		male	HD	G110583	C3022	C3022C7	14	2015-03-04	12	11	16114362	Stool Collection #7	11	3022	Cedars-Sinai	Unknown/Not Reported	Unknown/Not Reported	No	No
SRR5946946	CSM79HOZ	2015-03-17	3022	CSM79HOZ_MGX	C3022C9	69		male	HD	G116676	C3022	C3022C9	16	2015-03-17	13	13	12259726	Stool Collection #9	13	3022	Cedars-Sinai	Unknown/Not Reported	Unknown/Not Reported	No	No
SRR5946993	CSM79HP2	2015-04-01	3022	CSM79HP2_MGX	C3022C10	69		male	HD	G110568	C3022	C3022C10	18	2015-04-01	15	14	24495274	Stool Collection #10	14	3022	Cedars-Sinai	Unknown/Not Reported	Unknown/Not Reported	No	No
SRR5946645	CSM79HP4	2015-04-21	3022	CSM79HP4_MGX	C3022C11	69		male	HD	G116738	C3022	C3022C11	21	2015-04-21	20	15	7912072	Stool Collection #11	15	3022	Cedars-Sinai	Unknown/Not Reported	Unknown/Not Reported	No	No
SRR5946780	CSM79HP6	2015-05-05	3022	CSM79HP6_MGX	C3022C12	69		male	HD	G110610	C3022	C3022C12	23	2015-05-05	14	16	9065735	Stool Collection #12	16	3022	Cedars-Sinai	Unknown/Not Reported	Unknown/Not Reported	No	No
SRR5950642	CSM7KOOH	2015-05-29	3022	CSM7KOOH_MGX	C3022C14_MGX	69		male	HD	G116680	C3022	C3022C14	26	2015-05-29	24	19	8460849	Stool Collection #14	19	3022	Cedars-Sinai	Unknown/Not Reported	Unknown/Not Reported	No	No
SRR5950673	CSM7KOOJ	2015-06-10	3022	CSM7KOOJ_MGX	C3022C15_MGX	69		male	HD	G110618	C3022	C3022C15	28	2015-06-10	12	20	15859558	Stool Collection #15	20	3022	Cedars-Sinai	Unknown/Not Reported	Unknown/Not Reported	No	No
SRR5950507	CSM7KOOL	2015-06-24	3022	CSM7KOOL_MGX	C3022C16_MGX	69		male	HD	G110601	C3022	C3022C16	30	2015-06-24	14	21	7530888	Stool Collection #16	21	3022	Cedars-Sinai	Unknown/Not Reported	Unknown/Not Reported	No	No
SRR5950791	CSM7KOON	2015-07-08	3022	CSM7KOON_MGX	C3022C17_MGX	69		male	HD	G110606	C3022	C3022C17	32	2015-07-08	14	22	12128966	Stool Collection #17	22	3022	Cedars-Sinai	Unknown/Not Reported	Unknown/Not Reported	No	No
SRR5950503	CSM7KOOP	2015-07-23	3022	CSM7KOOP_MGX	C3022C18_MGX	69		male	HD	G110581	C3022	C3022C18	34	2015-07-23	15	23	12589739	Stool Collection #18	23	3022	Cedars-Sinai	Unknown/Not Reported	Unknown/Not Reported	No	No
SRR5950530	CSM7KOOR	2015-08-05	3022	CSM7KOOR_MGX	C3022C19_MGX	69		male	HD	G116710	C3022	C3022C19	36	2015-08-05	13	25	2258	Stool Collection #19	25	3022	Cedars-Sinai	Unknown/Not Reported	Unknown/Not Reported	No	No
SRR5950605	CSMA8M9R	2015-09-01	3022	CSMA8M9R_MGX	C3022C20_MGX	69		male	HD	G110637	C3022	C3022C20	40	2015-09-01	27	26	21113407	Stool Collection #20	26	3022	Cedars-Sinai	Unknown/Not Reported	Unknown/Not Reported	No	No
SRR5950648	CSMAAEUA	2015-09-15	3022	CSMAAEUA_MGX	C3022C21_MGX	69		male	HD	G110619	C3022	C3022C21	42	2015-09-15	14	27	12714279	Stool Collection #21	27	3022	Cedars-Sinai	Unknown/Not Reported	Unknown/Not Reported	No	No
SRR5950752	CSMAE44D	2015-09-29	3022	CSMAE44D_MGX	C3022C22_MGX	69		male	HD	G110624	C3022	C3022C22	44	2015-09-29	14	28	14052348	Stool Collection #22	28	3022	Cedars-Sinai	Unknown/Not Reported	Unknown/Not Reported	No	No
SRR5950490	CSMAG78W	2015-10-15	3022	CSMAG78W_MGX	C3022C23_MGX	69		male	HD	G116716	C3022	C3022C23	46	2015-10-15	16	29	10654087	Stool Collection #23	29	3022	Cedars-Sinai	Unknown/Not Reported	Unknown/Not Reported	No	No
SRR5950543	CSMAHYLR	2015-10-28	3022	CSMAHYLR_MGX	C3022C24_MGX	69		male	HD	G110626	C3022	C3022C24	48	2015-10-28	13	30	9177793	Stool Collection #24	30	3022	Cedars-Sinai	Unknown/Not Reported	Unknown/Not Reported	No	No
SRR5947037	CSM79HH4	2014-12-23	3023	CSM79HH4_MGX	C3023C3	60	45	male	CD	G116704	C3023	C3023C3	4	2014-12-23	14	6	9116647	Stool Collection #3	6	3023	Cedars-Sinai	Unknown/Not Reported	Unknown/Not Reported	No	No
SRR5946908	CSM79HH8	2015-01-20	3023	CSM79HH8_MGX	C3023C5	60	45	male	CD	G116675	C3023	C3023C5	8	2015-01-20	14	8	8840623	Stool Collection #5	8	3023	Cedars-Sinai	Unknown/Not Reported	Unknown/Not Reported	No	No
SRR5946659	CSM79HHA	2015-02-03	3023	CSM79HHA_MGX	C3023C6	60	45	male	CD	G110580	C3023	C3023C6	10	2015-02-03	14	9	10986119	Stool Collection #6	9	3023	Cedars-Sinai	Unknown/Not Reported	Unknown/Not Reported	No	No
SRR5946615	CSM79HPA	2015-03-03	3023	CSM79HPA_MGX	C3023C8	60	45	male	CD	G116662	C3023	C3023C8	14	2015-03-03	14	12	8471114	Stool Collection #8	12	3023	Cedars-Sinai	Unknown/Not Reported	Unknown/Not Reported	No	No
SRR5962899	CSM79HPA_TR	2015-03-03	3023	CSM79HPA_TR_MGX	C3023C8_TR_MGX	60	45	male	CD	C3023C8_MGX	C3023	C3023C8	14	2015-03-03	14	12	11692877	Stool Collection #8	12	3023	Cedars-Sinai	Unknown/Not Reported	Unknown/Not Reported	No	No
SRR5947074	CSM79HPC	2015-03-17	3023	CSM79HPC_MGX	C3023C9	60	45	male	CD	G116677	C3023	C3023C9	16	2015-03-17	14	13	9387996	Stool Collection #9	13	3023	Cedars-Sinai	Unknown/Not Reported	Unknown/Not Reported	No	No
SRR5950721	CSM7KONA	2015-05-12	3023	CSM7KONA_MGX	C3023C13_MGX	60	45	male	CD	G110612	C3023	C3023C13	24	2015-05-12	14	18	2549066	Stool Collection #13	18	3023	Cedars-Sinai	Unknown/Not Reported	Unknown/Not Reported	No	No
SRR5950508	CSM7KONK	2015-07-21	3023	CSM7KONK_MGX	C3023C18_MGX	60	45	male	CD	G116688	C3023	C3023C18	34	2015-07-21	14	23	12549551	Stool Collection #18	23	3023	Cedars-Sinai	Unknown/Not Reported	Unknown/Not Reported	No	No
SRR5950534	CSM7KOTA	2015-08-06	3023	CSM7KOTA_MGX	C3023C19_MGX	60	45	male	CD	G110632	C3023	C3023C19	36	2015-08-06	16	25	13799215	Stool Collection #19	25	3023	Cedars-Sinai	Unknown/Not Reported	Unknown/Not Reported	No	No
SRR5950564	CSM7KOTC	2015-08-18	3023	CSM7KOTC_MGX	C3023C20_MGX	60	45	male	CD	G116664	C3023	C3023C20	38	2015-08-18	12	26	6073717	Stool Collection #20	26	3023	Cedars-Sinai	Unknown/Not Reported	Unknown/Not Reported	No	No
SRR5950760	CSM7KOTK	2015-10-13	3023	CSM7KOTK_MGX	C3023C24_MGX	60	45	male	CD	G116715	C3023	C3023C24	46	2015-10-13	14	30	8913444	Stool Collection #24	30	3023	Cedars-Sinai	Unknown/Not Reported	Unknown/Not Reported	No	No
SRR5962887	CSM79HHW	2014-12-17	3027	CSM79HHW_MGX	C3027C1_MGX	36	29	female	CD	G110646	C3027	C3027C1	0	2014-12-17	0	4	8901332	Stool Collection #1	4	3027	Cedars-Sinai		Paid	No	No
SRR5946750	CSM79HJM	2015-01-06	3027	CSM79HJM_MGX	C3027C2	36	29	female	CD	G116668	C3027	C3027C2	2	2015-01-06	20	5	15262098	Stool Collection #2	5	3027	Cedars-Sinai		Paid	No	No
SRR5947089	CSM79HJO	2015-01-13	3027	CSM79HJO_MGX	C3027C3	36	29	female	CD	G116701	C3027	C3027C3	3	2015-01-13	7	6	13616749	Stool Collection #3	6	3027	Cedars-Sinai		Paid	No	No
SRR5946913	CSM79HJQ	2015-01-21	3027	CSM79HJQ_MGX	C3027C4	36	29	female	CD	G110642	C3027	C3027C4	5	2015-01-21	8	7	354351	Stool Collection #4	7	3027	Cedars-Sinai		Paid	No	No
SRR5946694	CSM79HJS	2015-02-11	3027	CSM79HJS_MGX	C3027C5	36	29	female	CD	G116673	C3027	C3027C5	8	2015-02-11	21	8	10930422	Stool Collection #5	8	3027	Cedars-Sinai		Paid	No	No
SRR5946617	CSM79HJU	2015-02-24	3027	CSM79HJU_MGX	C3027C6	36	29	female	CD	G110582	C3027	C3027C6	9	2015-02-24	13	9	13580078	Stool Collection #6	9	3027	Cedars-Sinai		Paid	Yes	No
SRR5946790	CSM79HQV	2015-03-10	3027	CSM79HQV_MGX	C3027C7	36	29	female	CD	G110585	C3027	C3027C7	11	2015-03-10	14	11	20861845	Stool Collection #7	11	3027	Cedars-Sinai		Paid	Yes	No
SRR5946933	CSM79HQX	2015-03-24	3027	CSM79HQX_MGX	C3027C8	36	29	female	CD	G110593	C3027	C3027C8	13	2015-03-24	14	12	12439386	Stool Collection #8	12	3027	Cedars-Sinai		Paid	No	No
SRR5947010	CSM79HQZ	2015-04-08	3027	CSM79HQZ_MGX	C3027C9	36	29	female	CD	G110594	C3027	C3027C9	16	2015-04-08	15	13	15421905	Stool Collection #9	13	3027	Cedars-Sinai		Paid	No	No
SRR5946648	CSM79HR2	2015-04-21	3027	CSM79HR2_MGX	C3027C10	36	29	female	CD	G116672	C3027	C3027C10	17	2015-04-21	13	14	11828074	Stool Collection #10	14	3027	Cedars-Sinai		Paid	No	No
SRR5950610	CSM79HR4	2015-05-06	3027	CSM79HR4_MGX	C3027C11_MGX	36	29	female	CD	G110598	C3027	C3027C11	20	2015-05-06	15	15	5721245	Stool Collection #11	15	3027	Cedars-Sinai		Paid	No	No
SRR5950716	CSM79HR6	2015-05-19	3027	CSM79HR6_MGX	C3027C12_MGX	36	29	female	CD	G116746	C3027	C3027C12	21	2015-05-19	13	16	9107834	Stool Collection #12	16	3027	Cedars-Sinai		Paid	Yes	No
SRR5950640	CSM7KOOT	2015-06-02	3027	CSM7KOOT_MGX	C3027C13_MGX	36	29	female	CD	G110616	C3027	C3027C13	23	2015-06-02	14	18	15389292	Stool Collection #13	18	3027	Cedars-Sinai		Paid	Yes	No
SRR5950665	CSM7KOOV	2015-06-17	3027	CSM7KOOV_MGX	C3027C14_MGX	36	29	female	CD	G116750	C3027	C3027C14	26	2015-06-17	15	19	5653761	Stool Collection #14	19	3027	Cedars-Sinai		Paid	No	No
SRR5950501	CSM7KOOX	2015-07-01	3027	CSM7KOOX_MGX	C3027C15_MGX	36	29	female	CD	G110604	C3027	C3027C15	28	2015-07-01	14	20	11349850	Stool Collection #15	20	3027	Cedars-Sinai		Paid	No	No
SRR5950488	CSM7KOOZ	2015-07-14	3027	CSM7KOOZ_MGX	C3027C16_MGX	36	29	female	CD	G110657	C3027	C3027C16	29	2015-07-14	13	21	15559500	Stool Collection #16	21	3027	Cedars-Sinai		Paid	No	No
SRR5950774	CSM7KOP2	2015-07-28	3027	CSM7KOP2_MGX	C3027C17_MGX	36	29	female	CD	G110565	C3027	C3027C17	31	2015-07-28	14	22	13818712	Stool Collection #17	22	3027	Cedars-Sinai		Paid	No	No
SRR5950606	CSMA88CB	2015-08-31	3027	CSMA88CB_MGX	C3027C18_MGX	36	29	female	CD	G110629	C3027	C3027C18	36	2015-08-31	34	23	5992713	Stool Collection #18	23	3027	Cedars-Sinai		Paid	No	No
SRR5950645	CSMA9J65	2015-09-10	3027	CSMA9J65_MGX	C3027C19_MGX	36	29	female	CD	G116719	C3027	C3027C19	38	2015-09-10	10	25	5371949	Stool Collection #19	25	3027	Cedars-Sinai		Paid	No	No
SRR5950692	CSMACTZP	2015-09-22	3027	CSMACTZP_MGX	C3027C20_MGX	36	29	female	CD	G110621	C3027	C3027C20	39	2015-09-22	12	26	12206940	Stool Collection #20	26	3027	Cedars-Sinai		Paid	No	No
SRR5950755	CSMAF72L	2015-10-06	3027	CSMAF72L_MGX	C3027C21_MGX	36	29	female	CD	G110623	C3027	C3027C21	41	2015-10-06	14	27	13626550	Stool Collection #21	27	3027	Cedars-Sinai		Paid	No	No
SRR5950502	CSMAH393	2015-10-21	3027	CSMAH393_MGX	C3027C23_MGX	36	29	female	CD	G110636	C3027	C3027C23	44	2015-10-21	15	29	10702370	Stool Collection #23	29	3027	Cedars-Sinai		Paid	No	No
SRR5950539	CSMAIG7X	2015-11-03	3027	CSMAIG7X_MGX	C3027C24_MGX	36	29	female	CD	G116692	C3027	C3027C24	45	2015-11-03	13	30	7107280	Stool Collection #24	30	3027	Cedars-Sinai		Paid	No	No
SRR5946910	CSM79HKX	2015-01-20	3028	CSM79HKX_MGX	C3028C2	33	22	male	CD	G110648	C3028	C3028C2	1	2015-01-20	13	5	22334780	Stool Collection #2	5	3028	Cedars-Sinai	Unknown/Not Reported	Paid	No	No
SRR5946691	CSM79HKZ	2015-02-05	3028	CSM79HKZ_MGX	C3028C3	33	22	male	CD	G110650	C3028	C3028C3	4	2015-02-05	16	6	23305321	Stool Collection #3	6	3028	Cedars-Sinai	Unknown/Not Reported	Paid	No	No
SRR5946606	CSM79HL4	2015-03-06	3028	CSM79HL4_MGX	C3028C5	33	22	male	CD	G110658	C3028	C3028C5	8	2015-03-06	10	8	8539925	Stool Collection #5	8	3028	Cedars-Sinai	Unknown/Not Reported	Paid	No	No
SRR5946944	CSM79HL6	2015-03-25	3028	CSM79HL6_MGX	C3028C6	33	22	male	CD	G110567	C3028	C3028C6	11	2015-03-25	19	9	7660597	Stool Collection #6	9	3028	Cedars-Sinai	Unknown/Not Reported	Paid	No	No
SRR5946854	CSM7KOKR	2015-04-08	3028	CSM7KOKR_MGX	C3028C7	33	22	male	CD	G116743	C3028	C3028C7	13	2015-04-08	14	11	9209463	Stool Collection #7	11	3028	Cedars-Sinai	Unknown/Not Reported	Paid	No	No
SRR5946801	CSM7KOKT	2015-04-24	3028	CSM7KOKT_MGX	C3028C8	33	22	male	CD	G110608	C3028	C3028C8	15	2015-04-24	16	12	7302255	Stool Collection #8	12	3028	Cedars-Sinai	Unknown/Not Reported	Paid	No	No
SRR5950635	CSM7KOKZ	2015-06-05	3028	CSM7KOKZ_MGX	C3028C11_MGX	33	22	male	CD	G116748	C3028	C3028C11	21	2015-06-05	17	15	16964666	Stool Collection #11	15	3028	Cedars-Sinai	Unknown/Not Reported	Paid	No	No
SRR5950612	CSM7KOL2	2015-06-30	3028	CSM7KOL2_MGX	C3028C12_MGX	33	22	male	CD	G110602	C3028	C3028C12	24	2015-06-30	25	16	15914117	Stool Collection #12	16	3028	Cedars-Sinai	Unknown/Not Reported	Paid	No	No
SRR5950734	CSM7KORC	2015-07-07	3028	CSM7KORC_MGX	C3028C13_MGX	33	22	male	CD	G116754	C3028	C3028C13	25	2015-07-07	7	18	7252466	Stool Collection #13	18	3028	Cedars-Sinai	Unknown/Not Reported	Paid	No	No
SRR5950600	CSM7KORK	2015-09-04	3028	CSM7KORK_MGX	C3028C15_MGX	33	22	male	CD	G116718	C3028	C3028C15	34	2015-09-04	36	20	12259075	Stool Collection #15	20	3028	Cedars-Sinai	Unknown/Not Reported	Paid	No	No
SRR5950691	CSM7KORI	2015-09-22	3028	CSM7KORI_MGX	C3028C16_MGX	33	22	male	CD	G110620	C3028	C3028C16	36	2015-09-22	18	21	10311596	Stool Collection #16	21	3028	Cedars-Sinai	Unknown/Not Reported	Paid	No	No
SRR5950750	CSM7KORG	2015-10-05	3028	CSM7KORG_MGX	C3028C17_MGX	33	22	male	CD	G116714	C3028	C3028C17	38	2015-10-05	13	22	10674842	Stool Collection #17	22	3028	Cedars-Sinai	Unknown/Not Reported	Paid	No	No
SRR5946702	CSM79HNE	2015-02-11	3029	CSM79HNE_MGX	C3029C2	32	20	male	UC	G110574	C3029	C3029C2	1	2015-02-11	13	5	7140753	Stool Collection #2	5	3029	Cedars-Sinai	Unknown/Not Reported	Paid	No	No
SRR5947055	CSM79HNI	2015-03-10	3029	CSM79HNI_MGX	C3029C4	32	20	male	UC	G110586	C3029	C3029C4	5	2015-03-10	14	7	14781980	Stool Collection #4	7	3029	Cedars-Sinai	Unknown/Not Reported	Paid	No	No
SRR5946680	CSM79HNK	2015-03-24	3029	CSM79HNK_MGX	C3029C5	32	20	male	UC	G110592	C3029	C3029C5	7	2015-03-24	14	8	8606372	Stool Collection #5	8	3029	Cedars-Sinai	Unknown/Not Reported	Paid	No	No
SRR5946852	CSM79HNM	2015-04-07	3029	CSM79HNM_MGX	C3029C6	32	20	male	UC	G110570	C3029	C3029C6	9	2015-04-07	14	9	17935082	Stool Collection #6	9	3029	Cedars-Sinai	Unknown/Not Reported	Paid	No	No
SRR5950679	CSM7KOLY	2015-05-20	3029	CSM7KOLY_MGX	C3029C9_MGX	32	20	male	UC	G110611	C3029	C3029C9	15	2015-05-20	15	13	19915417	Stool Collection #9	13	3029	Cedars-Sinai	Unknown/Not Reported	Paid	No	No
SRR5947026	CSM7KOS7	2015-07-15	3029	CSM7KOS7_MGX	C3029C13	32	20	male	UC	G110607	C3029	C3029C13	23	2015-07-15	15	18	14483813	Stool Collection #13	18	3029	Cedars-Sinai	Unknown/Not Reported	Paid	No	No
SRR5946980	CSM7KOSH	2015-09-22	3029	CSM7KOSH_MGX	C3029C18	32	20	male	UC	G110628	C3029	C3029C18	33	2015-09-22	13	23	13333606	Stool Collection #18	23	3029	Cedars-Sinai	Unknown/Not Reported	Paid	No	No
SRR5950756	CSM9X1Y5	2015-10-07	3029	CSM9X1Y5_MGX	C3029C19_MGX	32	20	male	UC	G110625	C3029	C3029C19	35	2015-10-07	15	25	11357459	Stool Collection #19	25	3029	Cedars-Sinai	Unknown/Not Reported	Paid	No	No
SRR5946940	CSM79HNO	2015-02-11	3030	CSM79HNO_MGX	C3030C2	44	5	male	CD	G116742	C3030	C3030C2	1	2015-02-11	13	5	11501890	Stool Collection #2	5	3030	Cedars-Sinai	Unknown/Not Reported	Paid	No	No
SRR5946826	CSM79HNU	2015-03-24	3030	CSM79HNU_MGX	C3030C5	44	5	male	CD	G116732	C3030	C3030C5	7	2015-03-24	14	8	8416488	Stool Collection #5	8	3030	Cedars-Sinai	Unknown/Not Reported	Paid	No	No
SRR5946853	CSM79HNW	2015-04-07	3030	CSM79HNW_MGX	C3030C6	44	5	male	CD	G110569	C3030	C3030C6	9	2015-04-07	14	9	7413021	Stool Collection #6	9	3030	Cedars-Sinai	Unknown/Not Reported	Paid	No	No
SRR5950681	CSM7KOMB	2015-05-22	3030	CSM7KOMB_MGX	C3030C9_MGX	44	5	male	CD	G116679	C3030	C3030C9	16	2015-05-22	17	13	9126828	Stool Collection #9	13	3030	Cedars-Sinai	Unknown/Not Reported	Paid	No	No
SRR5950526	CSM7KOMH	2015-06-30	3030	CSM7KOMH_MGX	C3030C12_MGX	44	5	male	CD	G110603	C3030	C3030C12	21	2015-06-30	14	16	18618530	Stool Collection #12	16	3030	Cedars-Sinai	Unknown/Not Reported	Paid	No	No
SRR5950776	CSM7KOSL	2015-07-28	3030	CSM7KOSL_MGX	C3030C13_MGX	44	5	male	CD	G116663	C3030	C3030C13	25	2015-07-28	28	18	3049081	Stool Collection #13	18	3030	Cedars-Sinai	Unknown/Not Reported	Paid	No	No
SRR5950565	CSM7KOSP	2015-08-25	3030	CSM7KOSP_MGX	C3030C15_MGX	44	5	male	CD	G116665	C3030	C3030C15	29	2015-08-25	14	20	14369885	Stool Collection #15	20	3030	Cedars-Sinai	Unknown/Not Reported	Paid	No	No
SRR5950728	CSM7KOST	2015-09-24	3030	CSM7KOST_MGX	C3030C16_MGX	44	5	male	CD	G110622	C3030	C3030C16	34	2015-09-24	30	21	13412418	Stool Collection #16	21	3030	Cedars-Sinai	Unknown/Not Reported	Paid	No	No
SRR5950493	CSM7KOSJ	2015-10-20	3030	CSM7KOSJ_MGX	C3030C17_MGX	44	5	male	CD	G110635	C3030	C3030C17	37	2015-10-20	26	22	2909162	Stool Collection #17	22	3030	Cedars-Sinai	Unknown/Not Reported	Paid	No	No
SRR5946700	CSM79HR8	2015-04-02	3031	CSM79HR8_MGX	C3031C2		18	female	CD	G116724	C3031	C3031C2	5	2015-04-02	37	5	1525315	Stool Collection #2	5	3031	Cedars-Sinai	Unknown/Not Reported	Paid	No	No
SRR5946784	CSM79HRC	2015-04-15	3031	CSM79HRC_MGX	C3031C5		18	female	CD	G116739	C3031	C3031C5	7	2015-04-15	2	8	10334087	Stool Collection #5	8	3031	Cedars-Sinai	Unknown/Not Reported	Paid	No	No
SRR5946778	CSM79HRE	2015-05-04	3031	CSM79HRE_MGX	C3031C6		18	female	CD	G110596	C3031	C3031C6	9	2015-05-04	19	9	13863727	Stool Collection #6	9	3031	Cedars-Sinai	Unknown/Not Reported	Paid	Yes	No
SRR5950737	CSM79HRG	2015-05-08	3031	CSM79HRG_MGX	C3031C7_MGX		18	female	CD	G116744	C3031	C3031C7	10	2015-05-08	4	11	7055814	Stool Collection #7	11	3031	Cedars-Sinai	Unknown/Not Reported	Paid	Yes	No
SRR5950636	CSM7KOO5	2015-06-04	3031	CSM7KOO5_MGX	C3031C8_MGX		18	female	CD	G116681	C3031	C3031C8	14	2015-06-04	27	12	10664988	Stool Collection #8	12	3031	Cedars-Sinai	Unknown/Not Reported	Paid	Yes	No
SRR5950486	CSM7KOO9	2015-07-10	3031	CSM7KOO9_MGX	C3031C10_MGX		18	female	CD	G116686	C3031	C3031C10	19	2015-07-10	7	14	9427223	Stool Collection #10	14	3031	Cedars-Sinai	Unknown/Not Reported	Paid	No	No
SRR5950527	CSM7KOOD	2015-08-13	3031	CSM7KOOD_MGX	C3031C11_MGX		18	female	CD	G116689	C3031	C3031C11	24	2015-08-13	34	15	10482915	Stool Collection #11	15	3031	Cedars-Sinai	Unknown/Not Reported	Paid	No	No
SRR5950761	CSM7KOOF	2015-10-13	3031	CSM7KOOF_MGX	C3031C12_MGX		18	female	CD	G116713	C3031	C3031C12	33	2015-10-13	61	16	9094311	Stool Collection #12	16	3031	Cedars-Sinai	Unknown/Not Reported	Paid	No	No
SRR5950616	CSM9X1Z4	2015-11-20	3031	CSM9X1Z4_MGX	C3031C13_MGX		18	female	CD	G116697	C3031	C3031C13	38	2015-11-20	38	18	10166719	Stool Collection #13	18	3031	Cedars-Sinai	Unknown/Not Reported	Paid	No	No
SRR5950786	CSM9X1ZC	2016-02-08	3031	CSM9X1ZC_MGX	C3031C15_MGX		18	female	CD	G116674	C3031	C3031C15	49	2016-02-08	18	20	7071212	Stool Collection #15	20	3031	Cedars-Sinai	Unknown/Not Reported	Paid	No	Yes
SRR5950637	CSM7KOP6	2015-06-03	3032	CSM7KOP6_MGX	C3032C2_MGX	42	19	female	UC	G110615	C3032	C3032C2	2	2015-06-03	14	5	11020119	Stool Collection #2	5	3032	Cedars-Sinai	Unknown/Not Reported	Paid	No	No
SRR5946688	CSM7KOP8	2015-06-17	3032	CSM7KOP8_MGX	C3032C3	42	19	female	UC	G110599	C3032	C3032C3	4	2015-06-17	14	6	18650313	Stool Collection #3	6	3032	Cedars-Sinai	Unknown/Not Reported	Paid	No	No
SRR5950770	CSM7KOPE	2015-07-29	3032	CSM7KOPE_MGX	C3032C6_MGX	42	19	female	UC	G110630	C3032	C3032C6	10	2015-07-29	14	9	15570007	Stool Collection #6	9	3032	Cedars-Sinai	Unknown/Not Reported	Paid	Yes	No
SRR5950609	CSM7KOU9	2015-08-26	3032	CSM7KOU9_MGX	C3032C8_MGX	42	19	female	UC	G116721	C3032	C3032C8	14	2015-08-26	14	12	14297345	Stool Collection #8	12	3032	Cedars-Sinai	Unknown/Not Reported	Paid	No	No
SRR5946978	CSM7KOUB	2015-09-11	3032	CSM7KOUB_MGX	C3032C9	42	19	female	UC	G110627	C3032	C3032C9	16	2015-09-11	16	13	11471665	Stool Collection #9	13	3032	Cedars-Sinai	Unknown/Not Reported	Paid	No	No
SRR5950585	CSM9X1ZO	2015-11-04	3032	CSM9X1ZO_MGX	C3032C13_MGX	42	19	female	UC	G110639	C3032	C3032C13	24	2015-11-04	15	18	18606034	Stool Collection #13	18	3032	Cedars-Sinai	Unknown/Not Reported	Paid	No	No
SRR5950618	CSM9X1ZQ	2015-11-18	3032	CSM9X1ZQ_MGX	C3032C14_MGX	42	19	female	UC	G110640	C3032	C3032C14	26	2015-11-18	14	19	21460533	Stool Collection #14	19	3032	Cedars-Sinai	Unknown/Not Reported	Paid	No	No
SRR5946836	CSM9X1ZY	2016-01-12	3032	CSM9X1ZY_MGX	C3032C18	42	19	female	UC	G110579	C3032	C3032C18	33	2016-01-12	8	23	7465055	Stool Collection #18	23	3032	Cedars-Sinai	Unknown/Not Reported	Paid	No	No
SRR5946843	CSM9X22G	2016-02-08	3032	CSM9X22G_MGX	C3032C19	42	19	female	UC	G110576	C3032	C3032C19	37	2016-02-08	27	25	17021410	Stool Collection #19	25	3032	Cedars-Sinai	Unknown/Not Reported	Paid	No	No
SRR5950789	CSM9X22I	2016-02-10	3032	CSM9X22I_MGX	C3032C20_MGX	42	19	female	UC	G110584	C3032	C3032C20	38	2016-02-10	2	26	19918623	Stool Collection #20	26	3032	Cedars-Sinai	Unknown/Not Reported	Paid	No	No
SRR5950551	CSM9X22K	2016-02-25	3032	CSM9X22K_MGX	C3032C21_MGX	42	19	female	UC	G116723	C3032	C3032C21	40	2016-02-25	15	27	11010853	Stool Collection #21	27	3032	Cedars-Sinai	Unknown/Not Reported	Paid	No	No
SRR5950523	CSM7KORO	2015-06-23	3034	CSM7KORO_MGX	C3034C2_MGX	36	35	female	UC	G116751	C3034	C3034C2	2	2015-06-23	14	5	3959417	Stool Collection #2	5	3034	Cedars-Sinai	Unknown/Not Reported	Unknown/Not Reported	No	No
SRR5950794	CSM7KORM	2015-07-08	3034	CSM7KORM_MGX	C3034C3_MGX	36	35	female	UC	G116684	C3034	C3034C3	4	2015-07-08	15	6	8565055	Stool Collection #3	6	3034	Cedars-Sinai	Unknown/Not Reported	Unknown/Not Reported	No	No
SRR5950772	CSM7KORU	2015-08-04	3034	CSM7KORU_MGX	C3034C5_MGX	36	35	female	UC	G116690	C3034	C3034C5	8	2015-08-04	14	8	7783786	Stool Collection #5	8	3034	Cedars-Sinai	Unknown/Not Reported	Unknown/Not Reported	Yes	No
SRR5950568	CSM7KORS	2015-08-19	3034	CSM7KORS_MGX	C3034C6_MGX	36	35	female	UC	G110634	C3034	C3034C6	10	2015-08-19	15	9	11323988	Stool Collection #6	9	3034	Cedars-Sinai	Unknown/Not Reported	Unknown/Not Reported	Yes	No
SRR5950643	CSM9X1XU	2015-09-16	3034	CSM9X1XU_MGX	C3034C8_MGX	36	35	female	UC	G116711	C3034	C3034C8	14	2015-09-16	12	12	8069774	Stool Collection #8	12	3034	Cedars-Sinai	Unknown/Not Reported	Unknown/Not Reported	Yes	No
SRR5950580	CSM9X1Y3	2015-12-08	3034	CSM9X1Y3_MGX	C3034C12_MGX	36	35	female	UC	G116736	C3034	C3034C12	26	2015-12-08	40	16	8789337	Stool Collection #12	16	3034	Cedars-Sinai	Unknown/Not Reported	Unknown/Not Reported	No	No
SRR5950788	CSM9X21J	2016-02-02	3034	CSM9X21J_MGX	C3034C15_MGX	36	35	female	UC	G116731	C3034	C3034C15	34	2016-02-02	13	20	10947529	Stool Collection #15	20	3034	Cedars-Sinai	Unknown/Not Reported	Unknown/Not Reported	No	No
SRR5950744	CSM9X21L	2016-02-19	3034	CSM9X21L_MGX	C3034C16_MGX	36	35	female	UC	G110588	C3034	C3034C16	36	2016-02-19	17	21	10628067	Stool Collection #16	21	3034	Cedars-Sinai	Unknown/Not Reported	Unknown/Not Reported	No	No
SRR5950536	CSM9X21N	2016-03-01	3034	CSM9X21N_MGX	C3034C17_MGX	36	35	female	UC	G110566	C3034	C3034C17	38	2016-03-01	11	22	15264904	Stool Collection #17	22	3034	Cedars-Sinai	Unknown/Not Reported	Unknown/Not Reported	No	No
SRR5950533	CSM7KOTO	2015-08-18	3035	CSM7KOTO_MGX	C3035C3_MGX	62	30	male	CD	G110633	C3035	C3035C3	4	2015-08-18	14	6	9631421	Stool Collection #3	6	3035	Cedars-Sinai	Unknown/Not Reported	Paid	No	No
SRR5950604	CSM7KOTQ	2015-09-01	3035	CSM7KOTQ_MGX	C3035C4_MGX	62	30	male	CD	G116666	C3035	C3035C4	6	2015-09-01	14	7	8614081	Stool Collection #4	7	3035	Cedars-Sinai	Unknown/Not Reported	Paid	No	No
SRR5950688	CSM7KOTS	2015-09-17	3035	CSM7KOTS_MGX	C3035C5_MGX	62	30	male	CD	G116667	C3035	C3035C5	8	2015-09-17	16	8	5955172	Stool Collection #5	8	3035	Cedars-Sinai	Unknown/Not Reported	Paid	No	No
SRR5950754	CSM7KOTU	2015-10-13	3035	CSM7KOTU_MGX	C3035C6_MGX	62	30	male	CD	G116717	C3035	C3035C6	12	2015-10-13	26	9	7232412	Stool Collection #6	9	3035	Cedars-Sinai	Unknown/Not Reported	Paid	No	No
SRR5950587	CSM9X1YV	2015-11-10	3035	CSM9X1YV_MGX	C3035C8_MGX	62	30	male	CD	G116696	C3035	C3035C8	16	2015-11-10	12	12	12410312	Stool Collection #8	12	3035	Cedars-Sinai	Unknown/Not Reported	Paid	No	No
SRR5950703	CSM9X21R	2016-01-08	3035	CSM9X21R_MGX	C3035C12_MGX	62	30	male	CD	G110577	C3035	C3035C12	24	2016-01-08	17	16	14778418	Stool Collection #12	16	3035	Cedars-Sinai	Unknown/Not Reported	Paid	No	No
SRR5950655	CSM9X21T	2016-01-21	3035	CSM9X21T_MGX	C3035C13_MGX	62	30	male	CD	G116730	C3035	C3035C13	26	2016-01-21	13	18	7856633	Stool Collection #13	18	3035	Cedars-Sinai	Unknown/Not Reported	Paid	No	No
SRR5950516	CSM9X222	2016-03-18	3035	CSM9X222_MGX	C3035C17_MGX	62	30	male	CD	G110571	C3035	C3035C17	34	2016-03-18	16	22	10070024	Stool Collection #17	22	3035	Cedars-Sinai	Unknown/Not Reported	Paid	No	No
SRR5950521	CSM9X233	2016-04-01	3035	CSM9X233_MGX	C3035C18_MGX	62	30	male	CD	G110563	C3035	C3035C18	36	2016-04-01	14	23	9650694	Stool Collection #18	23	3035	Cedars-Sinai	Unknown/Not Reported	Paid	No	No
SRR5950595	CSM9X235	2016-04-12	3035	CSM9X235_MGX	C3035C19_MGX	62	30	male	CD	G116728	C3035	C3035C19	38	2016-04-12	11	25	6975044	Stool Collection #19	25	3035	Cedars-Sinai	Unknown/Not Reported	Paid	No	No
SRR5950556	CSM9X237	2016-05-05	3035	CSM9X237_MGX	C3035C20_MGX	62	30	male	CD	G116670	C3035	C3035C20	41	2016-05-05	23	26	8744133	Stool Collection #20	26	3035	Cedars-Sinai	Unknown/Not Reported	Paid	No	No
SRR5950553	CSM9X23B	2016-05-26	3035	CSM9X23B_MGX	C3035C22_MGX	62	30	male	CD	G116669	C3035	C3035C22	44	2016-05-26	16	28	11979303	Stool Collection #22	28	3035	Cedars-Sinai	Unknown/Not Reported	Paid	No	No
SRR5950650	CSM7KOUL	2015-09-09	3037	CSM7KOUL_MGX	C3037C3_MGX	46	28	female	UC	G116693	C3037	C3037C3	4	2015-09-09	13	6	7888945	Stool Collection #3	6	3037	Cedars-Sinai	Unknown/Not Reported	Paid	No	No
SRR5950694	CSM7KOUN	2015-09-23	3037	CSM7KOUN_MGX	C3037C4_MGX	46	28	female	UC	G116712	C3037	C3037C4	6	2015-09-23	14	7	11184522	Stool Collection #4	7	3037	Cedars-Sinai	Unknown/Not Reported	Paid	No	No
SRR5950623	CSM9X219	2015-11-12	3037	CSM9X219_MGX	C3037C7_MGX	46	28	female	UC	G116694	C3037	C3037C7	13	2015-11-12	23	11	10478375	Stool Collection #7	11	3037	Cedars-Sinai	Unknown/Not Reported	Paid	No	No
SRR5950619	CSM9X213	2015-11-17	3037	CSM9X213_MGX	C3037C8_MGX	46	28	female	UC	G116695	C3037	C3037C8	14	2015-11-17	5	12	12203272	Stool Collection #8	12	3037	Cedars-Sinai	Unknown/Not Reported	Paid	No	No
SRR5950780	CSM9X215	2015-12-01	3037	CSM9X215_MGX	C3037C9_MGX	46	28	female	UC	G110641	C3037	C3037C9	16	2015-12-01	14	13	22183613	Stool Collection #9	13	3037	Cedars-Sinai	Unknown/Not Reported	Paid	No	No
SRR5950662	CSM9X211	2016-01-12	3037	CSM9X211_MGX	C3037C11_MGX	46	28	female	UC	G110578	C3037	C3037C11	22	2016-01-12	28	15	20407907	Stool Collection #11	15	3037	Cedars-Sinai	Unknown/Not Reported	Paid	No	No
SRR5950514	CSM9X22S	2016-03-22	3037	CSM9X22S_MGX	C3037C16_MGX	46	28	female	UC	G116725	C3037	C3037C16	32	2016-03-22	14	21	9935944	Stool Collection #16	21	3037	Cedars-Sinai	Unknown/Not Reported	Paid	No	No
SRR5950591	CSM9X22U	2016-04-06	3037	CSM9X22U_MGX	C3037C17_MGX	46	28	female	UC	G116726	C3037	C3037C17	34	2016-04-06	15	22	11444469	Stool Collection #17	22	3037	Cedars-Sinai	Unknown/Not Reported	Paid	No	No
SRR5950555	CSM9X23H	2016-05-04	3037	CSM9X23H_MGX	C3037C18_MGX	46	28	female	UC	G110564	C3037	C3037C18	38	2016-05-04	28	23	13509059	Stool Collection #18	23	3037	Cedars-Sinai	Unknown/Not Reported	Paid	No	No
SRR5950710	CSM9X23N	2016-06-14	3037	CSM9X23N_MGX	C3037C21_MGX	46	28	female	UC	G116722	C3037	C3037C21	44	2016-06-14	12	27	10529625	Stool Collection #21	27	3037	Cedars-Sinai	Unknown/Not Reported	Paid	No	No
SRR5946845	HSM5FZBZ	2014-07-31	4001	HSM5FZBZ_MGX	H4001C11	14	14	male	CD	G116708	H4001	H4001C11	20	2014-07-31	16	15	5938620	Stool Collection #11	15	4001	Cincinnati	Some high school	Student	No	No
SRR5946996	HSM5MD7J	2014-08-26	4001	HSM5MD7J_MGX	H4001C13	14	14	male	CD	G110645	H4001	H4001C13	23	2014-08-26	12	18	7796160	Stool Collection #13	18	4001	Cincinnati	Some high school	Student	No	No
SRR5947099	HSM5MD79	2014-11-04	4001	HSM5MD79_MGX	H4001C18	14	14	male	CD	G110643	H4001	H4001C18	33	2014-11-04	14	23	5447245	Stool Collection #18	23	4001	Cincinnati	Some high school	Student	No	No
SRR5946758	HSM67VDZ	2014-11-19	4001	HSM67VDZ_MGX	H4001C19	14	14	male	CD	G110644	H4001	H4001C19	36	2014-11-19	15	25	4603687	Stool Collection #19	25	4001	Cincinnati	Some high school	Student	No	No
SRR5946624	HSM67VE4	2014-12-02	4001	HSM67VE4_MGX	H4001C20	14	14	male	CD	G110654	H4001	H4001C20	37	2014-12-02	13	26	4788388	Stool Collection #20	26	4001	Cincinnati	Some high school	Student	No	No
SRR5947053	HSM5MD4Y	2014-07-01	4004	HSM5MD4Y_MGX	H4004C4	14	14	male	CD	G110647	H4004	H4004C4	6	2014-07-01	14	7	7291657	Stool Collection #4	7	4004	Cincinnati	Some high school	Student	No	No
SRR5947002	HSM5MD53	2014-08-01	4004	HSM5MD53_MGX	H4004C6	14	14	male	CD	G116702	H4004	H4004C6	10	2014-08-01	16	9	8953138	Stool Collection #6	9	4004	Cincinnati	Some high school	Student	No	No
SRR5935918	HSM5MD5P	2014-09-09	4004	HSM5MD5P_MGX	H4004C9	14	14	male	CD	G110542	H4004	H4004C9	16	2014-09-09	13	13	14930732	Stool Collection #9	13	4004	Cincinnati	Some high school	Student	No	No
SRR5935752	HSM6XRSG	2014-11-05	4004	HSM6XRSG_MGX	H4004C13	14	14	male	CD	G110530	H4004	H4004C13	24	2014-11-05	15	18	14298105	Stool Collection #13	18	4004	Cincinnati	Some high school	Student	No	No
SRR5935997	HSM6XRSI	2014-11-18	4004	HSM6XRSI_MGX	H4004C14	14	14	male	CD	G110535	H4004	H4004C14	26	2014-11-18	13	19	11995485	Stool Collection #14	19	4004	Cincinnati	Some high school	Student	No	No
SRR5947085	HSM67VDP	2015-01-15	4004	HSM67VDP_MGX	H4004C18	14	14	male	CD	G111764	H4004	H4004C18	34	2015-01-15	9	23	8771701	Stool Collection #18	23	4004	Cincinnati	Some high school	Student	No	No
SRR5936048	HSM7CYZT	2015-01-28	4004	HSM7CYZT_MGX	H4004C19	14	14	male	CD	G110476	H4004	H4004C19	36	2015-01-28	13	25	7354566	Stool Collection #19	25	4004	Cincinnati	Some high school	Student	No	No
SRR5935891	HSM7CYZV	2015-02-11	4004	HSM7CYZV_MGX	H4004C20	14	14	male	CD	G110472	H4004	H4004C20	38	2015-02-11	14	26	14665853	Stool Collection #20	26	4004	Cincinnati	Some high school	Student	No	No
SRR5936208	HSM7CZ14	2015-04-07	4004	HSM7CZ14_MGX	H4004C24	14	14	male	CD	G110493	H4004	H4004C24	46	2015-04-07	14	30	8954624	Stool Collection #24	30	4004	Cincinnati	Some high school	Student	No	No
SRR5935853	HSM5MD48	2014-08-12	4006	HSM5MD48_MGX	H4006C6	8	8	male	CD	G110543	H4006	H4006C6	10	2014-08-12	12	9	11015049	Stool Collection #6	9	4006	Cincinnati	7th grade or less	Student	Yes	No
SRR5936086	HSM5MD7K	2014-08-26	4006	HSM5MD7K_MGX	H4006C7	8	8	male	CD	G110538	H4006	H4006C7	12	2014-08-26	14	11	11880477	Stool Collection #7	11	4006	Cincinnati	7th grade or less	Student	No	No
SRR5947003	HSM5MD7M	2014-09-09	4006	HSM5MD7M_MGX	H4006C8	8	8	male	CD	G111756	H4006	H4006C8	14	2014-09-09	14	12	791121	Stool Collection #8	12	4006	Cincinnati	7th grade or less	Student	No	No
SRR5935941	HSM5MD7O	2014-09-23	4006	HSM5MD7O_MGX	H4006C9	8	8	male	CD	G110526	H4006	H4006C9	16	2014-09-23	14	13	285604	Stool Collection #9	13	4006	Cincinnati	7th grade or less	Student	Yes	No
SRR5936223	HSM5MD7Q	2014-10-07	4006	HSM5MD7Q_MGX	H4006C10	8	8	male	CD	G110528	H4006	H4006C10	18	2014-10-07	14	14	6243882	Stool Collection #10	14	4006	Cincinnati	7th grade or less	Student	Yes	No
SRR5935936	HSM5MD7S	2014-10-24	4006	HSM5MD7S_MGX	H4006C11	8	8	male	CD	G110512	H4006	H4006C11	20	2014-10-24	17	15	8232814	Stool Collection #11	15	4006	Cincinnati	7th grade or less	Student	Yes	No
SRR5936017	HSM5MD7U	2014-11-07	4006	HSM5MD7U_MGX	H4006C12	8	8	male	CD	G110531	H4006	H4006C12	22	2014-11-07	14	16	9448370	Stool Collection #12	16	4006	Cincinnati	7th grade or less	Student	No	No
SRR5936004	HSM67VEC	2014-11-20	4006	HSM67VEC_MGX	H4006C13	8	8	male	CD	G110557	H4006	H4006C13	24	2014-11-20	13	18	8397530	Stool Collection #13	18	4006	Cincinnati	7th grade or less	Student	No	Yes
SRR5936155	HSM67VEE	2014-12-02	4006	HSM67VEE_MGX	H4006C14	8	8	male	CD	G110559	H4006	H4006C14	26	2014-12-02	12	19	10562616	Stool Collection #14	19	4006	Cincinnati	7th grade or less	Student	No	No
SRR5947047	HSM67VEG	2014-12-16	4006	HSM67VEG_MGX	H4006C15	8	8	male	CD	G111822	H4006	H4006C15	28	2014-12-16	14	20	2452178	Stool Collection #15	20	4006	Cincinnati	7th grade or less	Student	No	No
SRR5936210	HSM67VEI	2015-01-13	4006	HSM67VEI_MGX	H4006C16	8	8	male	CD	G110518	H4006	H4006C16	32	2015-01-13	28	21	9780466	Stool Collection #16	21	4006	Cincinnati	7th grade or less	Student	No	Yes
SRR5936230	HSM67VEK	2015-01-20	4006	HSM67VEK_MGX	H4006C17	8	8	male	CD	G110522	H4006	H4006C17	33	2015-01-20	7	22	12998741	Stool Collection #17	22	4006	Cincinnati	7th grade or less	Student	No	No
SRR5962892	HSM67VEM_TR	2015-01-29	4006	HSM67VEM_TR_MGX	H4006C18_TR_MGX	8	8	male	CD	H4006C18_MGX	H4006	H4006C18	34	2015-01-29	9	23	10332908	Stool Collection #18	23	4006	Cincinnati	7th grade or less	Student	No	No
SRR5936125	HSM67VEM	2015-01-29	4006	HSM67VEM_MGX	H4006C18	8	8	male	CD	G110478	H4006	H4006C18	34	2015-01-29	9	23	17020557	Stool Collection #18	23	4006	Cincinnati	7th grade or less	Student	No	No
SRR5935897	HSM7CYX2	2015-02-11	4006	HSM7CYX2_MGX	H4006C19	8	8	male	CD	G110473	H4006	H4006C19	36	2015-02-11	13	25	18268120	Stool Collection #19	25	4006	Cincinnati	7th grade or less	Student	No	No
SRR5936107	HSM7CYX4	2015-02-24	4006	HSM7CYX4_MGX	H4006C20	8	8	male	CD	G110469	H4006	H4006C20	38	2015-02-24	13	26	13287027	Stool Collection #20	26	4006	Cincinnati	7th grade or less	Student	No	No
SRR5936134	HSM7CYX6	2015-03-11	4006	HSM7CYX6_MGX	H4006C21	8	8	male	CD	G110486	H4006	H4006C21	40	2015-03-11	15	27	11713750	Stool Collection #21	27	4006	Cincinnati	7th grade or less	Student	No	No
SRR5935880	HSM7CYX8	2015-03-24	4006	HSM7CYX8_MGX	H4006C22	8	8	male	CD	G110492	H4006	H4006C22	42	2015-03-24	13	28	11848931	Stool Collection #22	28	4006	Cincinnati	7th grade or less	Student	No	No
SRR5936209	HSM7CYXA	2015-04-07	4006	HSM7CYXA_MGX	H4006C23	8	8	male	CD	G110482	H4006	H4006C23	44	2015-04-07	14	29	10983739	Stool Collection #23	29	4006	Cincinnati	7th grade or less	Student	No	No
SRR5935930	HSM7CYXC	2015-04-21	4006	HSM7CYXC_MGX	H4006C24	8	8	male	CD	G110484	H4006	H4006C24	46	2015-04-21	14	30	9139454	Stool Collection #24	30	4006	Cincinnati	7th grade or less	Student	No	No
SRR5946997	HSM5MD4O	2014-08-20	4007	HSM5MD4O_MGX	H4007C5	15	15	female	CD	G111765	H4007	H4007C5	9	2014-08-20	21	8	13777876	Stool Collection #5	8	4007	Cincinnati	Some high school	Student	No	No
SRR5936235	HSM5MD4N	2014-08-28	4007	HSM5MD4N_MGX	H4007C6	15	15	female	CD	G110540	H4007	H4007C6	10	2014-08-28	8	9	14423993	Stool Collection #6	9	4007	Cincinnati	Some high school	Student	No	No
SRR5936045	HSM6XRSN	2014-10-08	4007	HSM6XRSN_MGX	H4007C9	15	15	female	CD	G110508	H4007	H4007C9	16	2014-10-08	15	13	16826511	Stool Collection #9	13	4007	Cincinnati	Some high school	Student	No	No
SRR5936001	HSM6XRST	2014-11-18	4007	HSM6XRST_MGX	H4007C12	15	15	female	CD	G110534	H4007	H4007C12	22	2014-11-18	14	16	18518965	Stool Collection #12	16	4007	Cincinnati	Some high school	Student	No	No
SRR5946878	HSM67VHQ	2014-12-04	4007	HSM67VHQ_MGX	H4007C13	15	15	female	CD	G111831	H4007	H4007C13	24	2014-12-04	16	18	10025310	Stool Collection #13	18	4007	Cincinnati	Some high school	Student	No	No
SRR5946877	HSM67VHS	2014-12-16	4007	HSM67VHS_MGX	H4007C14	15	15	female	CD	G111820	H4007	H4007C14	26	2014-12-16	12	19	9786365	Stool Collection #14	19	4007	Cincinnati	Some high school	Student	No	No
SRR5936227	HSM67VHW	2015-01-20	4007	HSM67VHW_MGX	H4007C16	15	15	female	CD	G110519	H4007	H4007C16	31	2015-01-20	5	21	13303844	Stool Collection #16	21	4007	Cincinnati	Some high school	Student	No	No
SRR5947043	HSM67VI1	2015-02-12	4007	HSM67VI1_MGX	H4007C18	15	15	female	CD	G111793	H4007	H4007C18	34	2015-02-12	23	23	10561736	Stool Collection #18	23	4007	Cincinnati	Some high school	Student	No	No
SRR5946991	HSM7CYXQ	2015-03-06	4007	HSM7CYXQ_MGX	H4007C19	15	15	female	CD	G111768	H4007	H4007C19	37	2015-03-06	22	25	8212298	Stool Collection #19	25	4007	Cincinnati	Some high school	Student	No	No
SRR5946789	HSM7CYXS	2015-03-11	4007	HSM7CYXS_MGX	H4007C20	15	15	female	CD	G111803	H4007	H4007C20	38	2015-03-11	5	26	10791089	Stool Collection #20	26	4007	Cincinnati	Some high school	Student	No	No
SRR5935768	HSM5MD5B	2014-08-05	4008	HSM5MD5B_MGX	H4008C4	13		female	HD	G110547	H4008	H4008C4	6	2014-08-05	14	7	15746810	Stool Collection #4	7	4008	Cincinnati	7th grade or less	Student	No	No
SRR5935966	HSM5MD5D	2014-08-19	4008	HSM5MD5D_MGX	H4008C5	13		female	HD	G110548	H4008	H4008C5	8	2014-08-19	14	8	10734168	Stool Collection #5	8	4008	Cincinnati	7th grade or less	Student	No	No
SRR5935769	HSM6XRSX	2014-09-15	4008	HSM6XRSX_MGX	H4008C7	13		female	HD	G110551	H4008	H4008C7	11	2014-09-15	13	11	11374178	Stool Collection #7	11	4008	Cincinnati	7th grade or less	Student	No	No
SRR5935965	HSM67VFX	2014-12-09	4008	HSM67VFX_MGX	H4008C13	13		female	HD	G111834	H4008	H4008C13	24	2014-12-09	14	18	9856185	Stool Collection #13	18	4008	Cincinnati	7th grade or less	Student	No	No
SRR5936031	HSM67VFZ	2014-12-23	4008	HSM67VFZ_MGX	H4008C14	13		female	HD	G110554	H4008	H4008C14	26	2014-12-23	14	19	14927168	Stool Collection #14	19	4008	Cincinnati	7th grade or less	Student	No	No
SRR5936104	HSM67VG8	2015-02-18	4008	HSM67VG8_MGX	H4008C18	13		female	HD	G110471	H4008	H4008C18	34	2015-02-18	15	23	18484823	Stool Collection #18	23	4008	Cincinnati	7th grade or less	Student	No	No
SRR5946937	HSM7CZ2H	2015-03-17	4008	HSM7CZ2H_MGX	H4008C20	13		female	HD	G111775	H4008	H4008C20	38	2015-03-17	14	26	6353868	Stool Collection #20	26	4008	Cincinnati	7th grade or less	Student	No	No
SRR5935915	HSM6XRT8	2014-09-16	4009	HSM6XRT8_MGX	H4009C7	6		female	HD	G110523	H4009	H4009C7	11	2014-09-16	13	11	9839797	Stool Collection #7	11	4009	Cincinnati	7th grade or less	Student	No	No
SRR5962883	HSM6XRTG	2014-11-12	4009	HSM6XRTG_MGX	H4009C11_MGX	6		female	HD	G111826	H4009	H4009C11	19	2014-11-12	14	15	12090034	Stool Collection #11	15	4009	Cincinnati	7th grade or less	Student	No	No
SRR5935958	HSM67VGA	2014-12-10	4009	HSM67VGA_MGX	H4009C13	6		female	HD	G110546	H4009	H4009C13	23	2014-12-10	15	18	6257809	Stool Collection #13	18	4009	Cincinnati	7th grade or less	Student	No	No
SRR5936213	HSM67VGC	2015-01-07	4009	HSM67VGC_MGX	H4009C15	6		female	HD	G110516	H4009	H4009C15	27	2015-01-07	28	20	10772354	Stool Collection #15	20	4009	Cincinnati	7th grade or less	Student	No	No
SRR5935893	HSM67VGG	2015-02-04	4009	HSM67VGG_MGX	H4009C17	6		female	HD	G110468	H4009	H4009C17	31	2015-02-04	15	22	11439786	Stool Collection #17	22	4009	Cincinnati	7th grade or less	Student	No	No
SRR5962896	HSM67VGK_TR	2015-03-03	4009	HSM67VGK_TR_MGX	H4009C19_TR_MGX	6		female	HD	H4009C19_MGX	H4009	H4009C19	35	2015-03-03	14	25	12130776	Stool Collection #19	25	4009	Cincinnati	7th grade or less	Student	No	No
SRR5935788	HSM67VGK	2015-03-03	4009	HSM67VGK_MGX	H4009C19	6		female	HD	G110474	H4009	H4009C19	35	2015-03-03	14	25	11073432	Stool Collection #19	25	4009	Cincinnati	7th grade or less	Student	No	No
SRR5935969	HSM5MD43	2014-08-21	4010	HSM5MD43_MGX	H4010C4	13	13	male	UC	G110549	H4010	H4010C4	6	2014-08-21	13	7	12500366	Stool Collection #4	7	4010	Cincinnati	7th grade or less	Student	No	No
SRR5935940	HSM5MD3Y	2014-09-23	4010	HSM5MD3Y_MGX	H4010C6	13	13	male	UC	G110525	H4010	H4010C6	11	2014-09-23	33	9	3072948	Stool Collection #6	9	4010	Cincinnati	7th grade or less	Student	No	No
SRR5936039	HSM5MD41	2014-10-15	4010	HSM5MD41_MGX	H4010C8	13	13	male	UC	G110510	H4010	H4010C8	14	2014-10-15	22	12	14185240	Stool Collection #8	12	4010	Cincinnati	7th grade or less	Student	No	No
SRR5935815	HSM6XRTM	2014-12-09	4010	HSM6XRTM_MGX	H4010C12	13	13	male	UC	G110562	H4010	H4010C12	22	2014-12-09	14	16	7153480	Stool Collection #12	16	4010	Cincinnati	7th grade or less	Student	No	No
SRR5936211	HSM6XRTQ	2015-01-12	4010	HSM6XRTQ_MGX	H4010C14	13	13	male	UC	G110517	H4010	H4010C14	26	2015-01-12	34	19	2493579	Stool Collection #14	19	4010	Cincinnati	7th grade or less	Student	No	No
SRR5946613	HSM6XRTO	2015-02-26	4010	HSM6XRTO_MGX	H4010C17	13	13	male	UC	G111804	H4010	H4010C17	33	2015-02-26	45	22	17488485	Stool Collection #17	22	4010	Cincinnati	7th grade or less	Student	No	No
SRR5946793	HSM6XRTS	2015-03-10	4010	HSM6XRTS_MGX	H4010C18	13	13	male	UC	G111814	H4010	H4010C18	35	2015-03-10	12	23	12537515	Stool Collection #18	23	4010	Cincinnati	7th grade or less	Student	No	No
SRR5935883	HSM67VGY	2015-03-18	4010	HSM67VGY_MGX	H4010C19	13	13	male	UC	G110491	H4010	H4010C19	36	2015-03-18	8	25	15315397	Stool Collection #19	25	4010	Cincinnati	7th grade or less	Student	No	No
SRR5936142	HSM67VH1	2015-06-05	4010	HSM67VH1_MGX	H4010C24	13	13	male	UC	G110504	H4010	H4010C24	47	2015-06-05	29	30	10581353	Stool Collection #24	30	4010	Cincinnati	7th grade or less	Student	No	No
SRR5935770	HSM5MD6I	2014-09-09	4013	HSM5MD6I_MGX	H4013C4	8		male	HD	G110550	H4013	H4013C4	5	2014-09-09	13	7	16180523	Stool Collection #4	7	4013	Cincinnati	7th grade or less	Student	No	No
SRR5935764	HSM5MD6K	2014-09-24	4013	HSM5MD6K_MGX	H4013C5	8		male	HD	G110545	H4013	H4013C5	7	2014-09-24	15	8	11689514	Stool Collection #5	8	4013	Cincinnati	7th grade or less	Student	No	No
SRR5946974	HSM5MD6M	2014-10-07	4013	HSM5MD6M_MGX	H4013C6	8		male	HD	G111810	H4013	H4013C6	9	2014-10-07	13	9	6304581	Stool Collection #6	9	4013	Cincinnati	7th grade or less	Student	No	No
SRR5936000	HSM6XRRJ	2014-11-20	4013	HSM6XRRJ_MGX	H4013C9	8		male	HD	G110556	H4013	H4013C9	15	2014-11-20	16	13	16145227	Stool Collection #9	13	4013	Cincinnati	7th grade or less	Student	Yes	No
SRR5946954	HSM6XRVA	2015-01-22	4013	HSM6XRVA_MGX	H4013C13	8		male	HD	G111811	H4013	H4013C13	24	2015-01-22	10	18	9880611	Stool Collection #13	18	4013	Cincinnati	7th grade or less	Student	No	No
SRR5962893	HSM6XRVC_TR	2015-01-27	4013	HSM6XRVC_TR_MGX	H4013C14_TR_MGX	8		male	HD	H4013C14_MGX	H4013	H4013C14	25	2015-01-27	5	19	13128415	Stool Collection #14	19	4013	Cincinnati	7th grade or less	Student	No	No
SRR5936043	HSM6XRVC	2015-01-27	4013	HSM6XRVC_MGX	H4013C14	8		male	HD	G110477	H4013	H4013C14	25	2015-01-27	5	19	17247647	Stool Collection #14	19	4013	Cincinnati	7th grade or less	Student	No	No
SRR5936130	HSM6XRVK	2015-03-12	4013	HSM6XRVK_MGX	H4013C18	8		male	HD	G110488	H4013	H4013C18	31	2015-03-12	15	23	9088498	Stool Collection #18	23	4013	Cincinnati	7th grade or less	Student	No	No
SRR5947004	HSM7J4QZ	2015-04-14	4013	HSM7J4QZ_MGX	H4013C19	8		male	HD	G111776	H4013	H4013C19	36	2015-04-14	33	25	10804767	Stool Collection #19	25	4013	Cincinnati	7th grade or less	Student	No	No
SRR5936065	HSM7J4R2	2015-05-21	4013	HSM7J4R2_MGX	H4013C22	8		male	HD	G110500	H4013	H4013C22	41	2015-05-21	37	28	17189889	Stool Collection #22	28	4013	Cincinnati	7th grade or less	Student	No	No
SRR5936089	HSM5MD66	2014-08-26	4014	HSM5MD66_MGX	H4014C3	10	10	female	CD	G110539	H4014	H4014C3	4	2014-08-26	28	6	4790863	Stool Collection #3	6	4014	Cincinnati	7th grade or less	Student	No	Yes
SRR5962891	HSM5MD6A_TR	2014-09-23	4014	HSM5MD6A_TR_MGX	H4014C5_TR_MGX	10	10	female	CD	H4014C5_MGX	H4014	H4014C5	8	2014-09-23	14	8	11481091	Stool Collection #5	8	4014	Cincinnati	7th grade or less	Student	No	No
SRR5935939	HSM5MD6A	2014-09-23	4014	HSM5MD6A_MGX	H4014C5	10	10	female	CD	G110524	H4014	H4014C5	8	2014-09-23	14	8	7765825	Stool Collection #5	8	4014	Cincinnati	7th grade or less	Student	No	No
SRR5946922	HSM5MD6C	2014-10-07	4014	HSM5MD6C_MGX	H4014C6	10	10	female	CD	G111792	H4014	H4014C6	10	2014-10-07	14	9	4510676	Stool Collection #6	9	4014	Cincinnati	7th grade or less	Student	No	No
SRR5936003	HSM6XRRV	2014-11-20	4014	HSM6XRRV_MGX	H4014C9	10	10	female	CD	G110558	H4014	H4014C9	16	2014-11-20	16	13	6697708	Stool Collection #9	13	4014	Cincinnati	7th grade or less	Student	No	No
SRR5946741	HSM6XRS2	2015-01-07	4014	HSM6XRS2_MGX	H4014C12	10	10	female	CD	G111773	H4014	H4014C12	23	2015-01-07	20	16	3078257	Stool Collection #12	16	4014	Cincinnati	7th grade or less	Student	No	No
SRR5936226	HSM6XRVM	2015-01-20	4014	HSM6XRVM_MGX	H4014C13	10	10	female	CD	G110521	H4014	H4014C13	25	2015-01-20	13	18	5494415	Stool Collection #13	18	4014	Cincinnati	7th grade or less	Student	No	No
SRR5936122	HSM6XRVO	2015-02-03	4014	HSM6XRVO_MGX	H4014C14	10	10	female	CD	G110555	H4014	H4014C14	27	2015-02-03	14	19	5686861	Stool Collection #14	19	4014	Cincinnati	7th grade or less	Student	No	No
SRR5947005	HSM6XRVU	2015-04-10	4014	HSM6XRVU_MGX	H4014C19	10	10	female	CD	G111812	H4014	H4014C19	36	2015-04-10	31	25	11940739	Stool Collection #19	25	4014	Cincinnati	7th grade or less	Student	No	No
SRR5935874	HSM6XRVW	2015-04-21	4014	HSM6XRVW_MGX	H4014C20	10	10	female	CD	G110481	H4014	H4014C20	38	2015-04-21	11	26	13175819	Stool Collection #20	26	4014	Cincinnati	7th grade or less	Student	No	No
SRR5935844	HSM7J4QT	2015-07-17	4014	HSM7J4QT_MGX	H4014C24	10	10	female	CD	G110496	H4014	H4014C24	50	2015-07-17	31	30	3944003	Stool Collection #24	30	4014	Cincinnati	7th grade or less	Student	No	No
SRR5936183	HSM5MD62	2014-08-19	4015	HSM5MD62_MGX	H4015C2	15	15	male	CD	G110537	H4015	H4015C2	2	2014-08-19	14	5	15404321	Stool Collection #2	5	4015	Cincinnati	Some high school	Student	No	No
SRR5935834	HSM5MD6Y	2014-09-03	4015	HSM5MD6Y_MGX	H4015C3	15	15	male	CD	G110541	H4015	H4015C3	4	2014-09-03	15	6	12610073	Stool Collection #3	6	4015	Cincinnati	Some high school	Student	No	No
SRR5946665	HSM5MD71	2014-09-17	4015	HSM5MD71_MGX	H4015C4	15	15	male	CD	G111746	H4015	H4015C4	6	2014-09-17	14	7	6804760	Stool Collection #4	7	4015	Cincinnati	Some high school	Student	No	No
SRR5936220	HSM5MD73	2014-10-02	4015	HSM5MD73_MGX	H4015C5	15	15	male	CD	G110527	H4015	H4015C5	8	2014-10-02	15	8	11153295	Stool Collection #5	8	4015	Cincinnati	Some high school	Student	No	No
SRR5946917	HSM5MD75	2014-10-21	4015	HSM5MD75_MGX	H4015C6	15	15	male	CD	G111800	H4015	H4015C6	11	2014-10-21	19	9	974861	Stool Collection #6	9	4015	Cincinnati	Some high school	Student	No	No
SRR5935905	HSM6XRS4	2014-10-28	4015	HSM6XRS4_MGX	H4015C7	15	15	male	CD	G110514	H4015	H4015C7	12	2014-10-28	7	11	2469233	Stool Collection #7	11	4015	Cincinnati	Some high school	Student	Yes	No
SRR5947094	HSM6XRS6	2014-11-12	4015	HSM6XRS6_MGX	H4015C8	15	15	male	CD	G111774	H4015	H4015C8	14	2014-11-12	15	12	3747411	Stool Collection #8	12	4015	Cincinnati	Some high school	Student	No	No
SRR5946761	HSM6XRS8	2014-11-25	4015	HSM6XRS8_MGX	H4015C9	15	15	male	CD	G111829	H4015	H4015C9	16	2014-11-25	13	13	187078	Stool Collection #9	13	4015	Cincinnati	Some high school	Student	No	No
SRR5946752	HSM6XRSE	2015-01-07	4015	HSM6XRSE_MGX	H4015C12	15	15	male	CD	G111782	H4015	H4015C12	22	2015-01-07	29	16	2837208	Stool Collection #12	16	4015	Cincinnati	Some high school	Student	No	No
SRR5946912	HSM7CYZ5	2015-01-21	4015	HSM7CYZ5_MGX	H4015C13	15	15	male	CD	G111747	H4015	H4015C13	24	2015-01-21	14	18	11870251	Stool Collection #13	18	4015	Cincinnati	Some high school	Student	No	No
SRR5936124	HSM7CYZ7	2015-02-03	4015	HSM7CYZ7_MGX	H4015C14	15	15	male	CD	G110480	H4015	H4015C14	26	2015-02-03	13	19	12423983	Stool Collection #14	19	4015	Cincinnati	Some high school	Student	No	No
SRR5947040	HSM7CYZ9	2015-02-17	4015	HSM7CYZ9_MGX	H4015C15	15	15	male	CD	G111749	H4015	H4015C15	28	2015-02-17	14	20	5463019	Stool Collection #15	20	4015	Cincinnati	Some high school	Student	No	No
SRR5946614	HSM7CYZB	2015-03-03	4015	HSM7CYZB_MGX	H4015C16	15	15	male	CD	G111769	H4015	H4015C16	30	2015-03-03	14	21	3611138	Stool Collection #16	21	4015	Cincinnati	Some high school	Student	No	No
SRR5946816	HSM7CYZD	2015-03-18	4015	HSM7CYZD_MGX	H4015C17	15	15	male	CD	G111742	H4015	H4015C17	32	2015-03-18	15	22	1936712	Stool Collection #17	22	4015	Cincinnati	Some high school	Student	No	No
SRR5946719	HSM7CYZF	2015-03-31	4015	HSM7CYZF_MGX	H4015C18	15	15	male	CD	G111781	H4015	H4015C18	34	2015-03-31	13	23	2859713	Stool Collection #18	23	4015	Cincinnati	Some high school	Student	No	No
SRR5946994	HSM7J4QB	2015-04-15	4015	HSM7J4QB_MGX	H4015C19	15	15	male	CD	G111787	H4015	H4015C19	36	2015-04-15	15	25	3973175	Stool Collection #19	25	4015	Cincinnati	Some high school	Student	No	No
SRR5946773	HSM7J4QD	2015-04-29	4015	HSM7J4QD_MGX	H4015C20	15	15	male	CD	G111806	H4015	H4015C20	38	2015-04-29	14	26	718594	Stool Collection #20	26	4015	Cincinnati	Some high school	Student	No	No
SRR5936196	HSM7J4QF	2015-05-12	4015	HSM7J4QF_MGX	H4015C21	15	15	male	CD	G110499	H4015	H4015C21	40	2015-05-12	13	27	17278097	Stool Collection #21	27	4015	Cincinnati	Some high school	Student	No	No
SRR5950675	HSM7J4QH	2015-05-28	4015	HSM7J4QH_MGX	H4015C22_MGX	15	15	male	CD	G111744	H4015	H4015C22	42	2015-05-28	16	28	4088357	Stool Collection #22	28	4015	Cincinnati	Some high school	Student	No	No
SRR5936175	HSM7J4QJ	2015-06-10	4015	HSM7J4QJ_MGX	H4015C23	15	15	male	CD	G110494	H4015	H4015C23	44	2015-06-10	13	29	8522	Stool Collection #23	29	4015	Cincinnati	Some high school	Student	No	No
SRR5950625	HSM7J4QL	2015-06-24	4015	HSM7J4QL_MGX	H4015C24_MGX	15	15	male	CD	G111743	H4015	H4015C24	46	2015-06-24	14	30	6908770	Stool Collection #24	30	4015	Cincinnati	Some high school	Student	No	No
SRR5946920	HSM5MD6Q	2014-10-08	4016	HSM5MD6Q_MGX	H4016C3	10		female	HD	G111818	H4016	H4016C3	5	2014-10-08	15	6	6823355	Stool Collection #3	6	4016	Cincinnati	7th grade or less	Student	No	No
SRR5936010	HSM5MD6W	2014-11-12	4016	HSM5MD6W_MGX	H4016C6	10		female	HD	G110533	H4016	H4016C6	10	2014-11-12	14	9	11984665	Stool Collection #6	9	4016	Cincinnati	7th grade or less	Student	Yes	No
SRR5936041	HSM67VF3	2014-12-23	4016	HSM67VF3_MGX	H4016C9	10		female	HD	G110553	H4016	H4016C9	15	2014-12-23	7	13	16904253	Stool Collection #9	13	4016	Cincinnati	7th grade or less	Student	No	No
SRR5946874	HSM7CYXE	2015-02-20	4016	HSM7CYXE_MGX	H4016C13	10		female	HD	G111813	H4016	H4016C13	24	2015-02-20	16	18	11266688	Stool Collection #13	18	4016	Cincinnati	7th grade or less	Student	No	No
SRR5946988	HSM7CYXG	2015-03-04	4016	HSM7CYXG_MGX	H4016C14	10		female	HD	G111777	H4016	H4016C14	26	2015-03-04	12	19	9792112	Stool Collection #14	19	4016	Cincinnati	7th grade or less	Student	No	No
SRR5936141	HSM7CYXI	2015-03-17	4016	HSM7CYXI_MGX	H4016C15	10		female	HD	G110490	H4016	H4016C15	27	2015-03-17	13	20	2413772	Stool Collection #15	20	4016	Cincinnati	7th grade or less	Student	No	No
SRR5947101	HSM7CYXO	2015-04-29	4016	HSM7CYXO_MGX	H4016C18	10		female	HD	G111815	H4016	H4016C18	34	2015-04-29	15	23	12876812	Stool Collection #18	23	4016	Cincinnati	7th grade or less	Student	Yes	No
SRR5936192	HSM7J4I3	2015-05-12	4016	HSM7J4I3_MGX	H4016C19	10		female	HD	G110498	H4016	H4016C19	35	2015-05-12	13	25	18779325	Stool Collection #19	25	4016	Cincinnati	7th grade or less	Student	No	No
SRR5950646	HSM7J4KO	2015-05-29	4016	HSM7J4KO_MGX	H4016C20_MGX	10		female	HD	G111817	H4016	H4016C20	38	2015-05-29	17	26	10527376	Stool Collection #20	26	4016	Cincinnati	7th grade or less	Student	No	No
SRR5936173	HSM7J4KQ	2015-07-29	4016	HSM7J4KQ_MGX	H4016C24	10		female	HD	G110506	H4016	H4016C24	47	2015-07-29	19	30	14400346	Stool Collection #24	30	4016	Cincinnati	7th grade or less	Student	No	No
SRR5935765	HSM6XRQB	2014-09-17	4017	HSM6XRQB_MGX	H4017C1	16	16	female	CD	G110544	H4017	H4017C1	0	2014-09-17	0	4	10590141	Stool Collection #1	4	4017	Cincinnati	Some high school	Student	Yes	No
SRR5947060	HSM67VHK	2014-10-01	4017	HSM67VHK_MGX	H4017C2	16	16	female	CD	G111819	H4017	H4017C2	2	2014-10-01	14	5	1358610	Stool Collection #2	5	4017	Cincinnati	Some high school	Student	Yes	No
SRR5935805	HSM6XRQI	2014-10-15	4017	HSM6XRQI_MGX	H4017C3	16	16	female	CD	G110511	H4017	H4017C3	4	2014-10-15	14	6	2823476	Stool Collection #3	6	4017	Cincinnati	Some high school	Student	Yes	No
SRR5935906	HSM6XRQK	2014-10-28	4017	HSM6XRQK_MGX	H4017C4	16	16	female	CD	G110515	H4017	H4017C4	5	2014-10-28	13	7	9734036	Stool Collection #4	7	4017	Cincinnati	Some high school	Student	Yes	No
SRR5935998	HSM6XRQM	2014-11-19	4017	HSM6XRQM_MGX	H4017C5	16	16	female	CD	G110536	H4017	H4017C5	9	2014-11-19	22	8	14240758	Stool Collection #5	8	4017	Cincinnati	Some high school	Student	No	No
SRR5936154	HSM6XRQO	2014-12-04	4017	HSM6XRQO_MGX	H4017C6	16	16	female	CD	G110561	H4017	H4017C6	11	2014-12-04	15	9	7567564	Stool Collection #6	9	4017	Cincinnati	Some high school	Student	No	No
SRR5936071	HSM67VF9	2014-12-17	4017	HSM67VF9_MGX	H4017C7	16	16	female	CD	G110552	H4017	H4017C7	13	2014-12-17	13	11	15684693	Stool Collection #7	11	4017	Cincinnati	Some high school	Student	Yes	No
SRR5936044	HSM67VFD	2015-01-28	4017	HSM67VFD_MGX	H4017C10	16	16	female	CD	G110467	H4017	H4017C10	19	2015-01-28	42	14	12216232	Stool Collection #10	14	4017	Cincinnati	Some high school	Student	Yes	No
SRR5947036	HSM67VFF	2015-02-11	4017	HSM67VFF_MGX	H4017C11	16	16	female	CD	G111802	H4017	H4017C11	21	2015-02-11	14	15	9051441	Stool Collection #11	15	4017	Cincinnati	Some high school	Student	Yes	No
SRR5946619	HSM67VFH	2015-02-25	4017	HSM67VFH_MGX	H4017C12	16	16	female	CD	G111741	H4017	H4017C12	23	2015-02-25	14	16	6567040	Stool Collection #12	16	4017	Cincinnati	Some high school	Student	Yes	No
SRR5936129	HSM67VFJ	2015-03-12	4017	HSM67VFJ_MGX	H4017C13	16	16	female	CD	G110489	H4017	H4017C13	25	2015-03-12	15	18	12465126	Stool Collection #13	18	4017	Cincinnati	Some high school	Student	Yes	No
SRR5946822	HSM7CYY3	2015-03-24	4017	HSM7CYY3_MGX	H4017C14	16	16	female	CD	G111766	H4017	H4017C14	26	2015-03-24	12	19	9592411	Stool Collection #14	19	4017	Cincinnati	Some high school	Student	Yes	No
SRR5946849	HSM7CYY5	2015-04-08	4017	HSM7CYY5_MGX	H4017C15	16	16	female	CD	G111794	H4017	H4017C15	29	2015-04-08	15	20	8323595	Stool Collection #15	20	4017	Cincinnati	Some high school	Student	No	No
SRR5936117	HSM7CYY7	2015-04-21	4017	HSM7CYY7_MGX	H4017C16	16	16	female	CD	G110483	H4017	H4017C16	30	2015-04-21	13	21	15081248	Stool Collection #16	21	4017	Cincinnati	Some high school	Student	No	No
SRR5935802	HSM7CYYD	2015-05-19	4017	HSM7CYYD_MGX	H4017C18	16	16	female	CD	G110497	H4017	H4017C18	34	2015-05-19	28	23	16720131	Stool Collection #18	23	4017	Cincinnati	Some high school	Student	No	No
SRR5935990	HSM7CYY9	2015-05-28	4017	HSM7CYY9_MGX	H4017C19	16	16	female	CD	G110503	H4017	H4017C19	36	2015-05-28	9	25	17805099	Stool Collection #19	25	4017	Cincinnati	Some high school	Student	No	No
SRR5936138	HSM7CYYB	2015-06-09	4017	HSM7CYYB_MGX	H4017C20	16	16	female	CD	G110505	H4017	H4017C20	37	2015-06-09	12	26	6602463	Stool Collection #20	26	4017	Cincinnati	Some high school	Student	Yes	No
SRR5946916	HSM6XRQS	2014-10-14	4018	HSM6XRQS_MGX	H4018C3	13		female	HD	G111809	H4018	H4018C3	4	2014-10-14	14	6	10206731	Stool Collection #3	6	4018	Cincinnati	7th grade or less	Student	No	No
SRR5935901	HSM6XRQU	2014-10-29	4018	HSM6XRQU_MGX	H4018C4	13		female	HD	G110529	H4018	H4018C4	6	2014-10-29	15	7	13284535	Stool Collection #4	7	4018	Cincinnati	7th grade or less	Student	No	No
SRR5936008	HSM6XRQW	2014-11-12	4018	HSM6XRQW_MGX	H4018C5	13		female	HD	G110532	H4018	H4018C5	8	2014-11-12	14	8	10993415	Stool Collection #5	8	4018	Cincinnati	7th grade or less	Student	No	No
SRR5946622	HSM6XRQY	2014-12-01	4018	HSM6XRQY_MGX	H4018C6	13		female	HD	G111830	H4018	H4018C6	10	2014-12-01	19	9	8656003	Stool Collection #6	9	4018	Cincinnati	7th grade or less	Student	No	No
SRR5936228	HSM67VFR	2015-01-20	4018	HSM67VFR_MGX	H4018C10	13		female	HD	G110520	H4018	H4018C10	18	2015-01-20	14	14	11703610	Stool Collection #10	14	4018	Cincinnati	7th grade or less	Student	No	No
SRR5946611	HSM7CYYF	2015-03-03	4018	HSM7CYYF_MGX	H4018C13	13		female	HD	G111786	H4018	H4018C13	24	2015-03-03	14	18	11992730	Stool Collection #13	18	4018	Cincinnati	7th grade or less	Student	No	No
SRR5936127	HSM7CYYH	2015-03-17	4018	HSM7CYYH_MGX	H4018C14	13		female	HD	G110487	H4018	H4018C14	26	2015-03-17	14	19	15068309	Stool Collection #14	19	4018	Cincinnati	7th grade or less	Student	No	No
SRR5950719	HSM7CYYP	2015-05-12	4018	HSM7CYYP_MGX	H4018C18_MGX	13		female	HD	G111779	H4018	H4018C18	34	2015-05-12	14	23	7250968	Stool Collection #18	23	4018	Cincinnati	7th grade or less	Student	No	No
SRR5935991	HSM7J4LD	2015-05-27	4018	HSM7J4LD_MGX	H4018C19	13		female	HD	G110502	H4018	H4018C19	36	2015-05-27	15	25	14440610	Stool Collection #19	25	4018	Cincinnati	7th grade or less	Student	No	No
SRR5950638	HSM7J4LF	2015-06-09	4018	HSM7J4LF_MGX	H4018C20_MGX	13		female	HD	G111790	H4018	H4018C20	38	2015-06-09	13	26	9318082	Stool Collection #20	26	4018	Cincinnati	7th grade or less	Student	No	No
SRR5935973	HSM7J4LH	2015-06-23	4018	HSM7J4LH_MGX	H4018C21	13		female	HD	G110495	H4018	H4018C21	40	2015-06-23	14	27	2522	Stool Collection #21	27	4018	Cincinnati	7th grade or less	Student	No	No
SRR5935851	HSM7J4LN	2015-08-04	4018	HSM7J4LN_MGX	H4018C24	13		female	HD	G110507	H4018	H4018C24	46	2015-08-04	14	30	13770999	Stool Collection #24	30	4018	Cincinnati	7th grade or less	Student	Yes	No
SRR5936042	HSM6XRR5	2014-10-14	4019	HSM6XRR5_MGX	H4019C2	11	11	female	UC	G110509	H4019	H4019C2	2	2014-10-14	14	5	3415124	Stool Collection #2	5	4019	Cincinnati	7th grade or less	Student	No	No
SRR5935935	HSM6XRR7	2014-10-28	4019	HSM6XRR7_MGX	H4019C3	11	11	female	UC	G110513	H4019	H4019C3	4	2014-10-28	14	6	7135469	Stool Collection #3	6	4019	Cincinnati	7th grade or less	Student	No	No
SRR5947093	HSM6XRR9	2014-11-12	4019	HSM6XRR9_MGX	H4019C4	11	11	female	UC	G111783	H4019	H4019C4	6	2014-11-12	15	7	1176	Stool Collection #4	7	4019	Cincinnati	7th grade or less	Student	No	No
SRR5936161	HSM6XRRB	2014-12-02	4019	HSM6XRRB_MGX	H4019C5	11	11	female	UC	G110560	H4019	H4019C5	9	2014-12-02	20	8	15688766	Stool Collection #5	8	4019	Cincinnati	7th grade or less	Student	No	No
SRR5946879	HSM6XRRD	2014-12-09	4019	HSM6XRRD_MGX	H4019C6	11	11	female	UC	G111832	H4019	H4019C6	10	2014-12-09	7	9	14781295	Stool Collection #6	9	4019	Cincinnati	7th grade or less	Student	No	Yes
SRR5947059	HSM6XRUX	2014-12-23	4019	HSM6XRUX_MGX	H4019C7	11	11	female	UC	G111823	H4019	H4019C7	12	2014-12-23	14	11	8253965	Stool Collection #7	11	4019	Cincinnati	7th grade or less	Student	No	Yes
SRR5947038	HSM6XRUZ	2015-01-06	4019	HSM6XRUZ_MGX	H4019C8	11	11	female	UC	G111824	H4019	H4019C8	14	2015-01-06	14	12	4196479	Stool Collection #8	12	4019	Cincinnati	7th grade or less	Student	No	Yes
SRR5946824	HSM6XRV2	2015-01-20	4019	HSM6XRV2_MGX	H4019C9	11	11	female	UC	G111755	H4019	H4019C9	16	2015-01-20	14	13	3561086	Stool Collection #9	13	4019	Cincinnati	7th grade or less	Student	No	Yes
SRR5936123	HSM6XRV4	2015-02-03	4019	HSM6XRV4_MGX	H4019C10	11	11	female	UC	G110479	H4019	H4019C10	18	2015-02-03	14	14	12864911	Stool Collection #10	14	4019	Cincinnati	7th grade or less	Student	No	Yes
SRR5935983	HSM6XRV6	2015-02-17	4019	HSM6XRV6_MGX	H4019C11	11	11	female	UC	G110470	H4019	H4019C11	20	2015-02-17	14	15	16286620	Stool Collection #11	15	4019	Cincinnati	7th grade or less	Student	No	Yes
SRR5935785	HSM6XRV8	2015-03-04	4019	HSM6XRV8_MGX	H4019C12	11	11	female	UC	G110475	H4019	H4019C12	22	2015-03-04	15	16	13817528	Stool Collection #12	16	4019	Cincinnati	7th grade or less	Student	No	Yes
SRR5947075	HSM7J4PC	2015-03-17	4019	HSM7J4PC_MGX	H4019C13	11	11	female	UC	G111760	H4019	H4019C13	24	2015-03-17	13	18	3562116	Stool Collection #13	18	4019	Cincinnati	7th grade or less	Student	No	Yes
SRR5947009	HSM7J4PE	2015-04-14	4019	HSM7J4PE_MGX	H4019C14	11	11	female	UC	G111785	H4019	H4019C14	28	2015-04-14	28	19	6637483	Stool Collection #14	19	4019	Cincinnati	7th grade or less	Student	No	Yes
SRR5946649	HSM7J4PG	2015-04-21	4019	HSM7J4PG_MGX	H4019C15	11	11	female	UC	G111805	H4019	H4019C15	29	2015-04-21	7	20	12147907	Stool Collection #15	20	4019	Cincinnati	7th grade or less	Student	No	Yes
SRR5936189	HSM7J4PI	2015-05-06	4019	HSM7J4PI_MGX	H4019C16	11	11	female	UC	G110485	H4019	H4019C16	31	2015-05-06	15	21	6347335	Stool Collection #16	21	4019	Cincinnati	7th grade or less	Student	No	Yes
SRR5936061	HSM7J4PK	2015-05-20	4019	HSM7J4PK_MGX	H4019C17	11	11	female	UC	G110501	H4019	H4019C17	33	2015-05-20	14	22	256241	Stool Collection #17	22	4019	Cincinnati	7th grade or less	Student	No	Yes
SRR5936135	HSM7J4PM	2015-06-09	4019	HSM7J4PM_MGX	H4019C18	11	11	female	UC	G110318	H4019	H4019C18	36	2015-06-09	20	23	8179108	Stool Collection #18	23	4019	Cincinnati	7th grade or less	Student	No	Yes
SRR5950671	HSM7J4M4	2015-06-16	4019	HSM7J4M4_MGX	H4019C19_MGX	11	11	female	UC	G111799	H4019	H4019C19	37	2015-06-16	7	25	5824234	Stool Collection #19	25	4019	Cincinnati	7th grade or less	Student	No	Yes
SRR5950629	HSM7J4M6	2015-06-23	4019	HSM7J4M6_MGX	H4019C20_MGX	11	11	female	UC	G111761	H4019	H4019C20	38	2015-06-23	7	26	6565927	Stool Collection #20	26	4019	Cincinnati	7th grade or less	Student	No	Yes
SRR5936094	HSM7J4M8	2015-07-08	4019	HSM7J4M8_MGX	H4019C21	11	11	female	UC	G110300	H4019	H4019C21	40	2015-07-08	15	27	11662024	Stool Collection #21	27	4019	Cincinnati	7th grade or less	Student	No	Yes
SRR5936171	HSM7J4MA	2015-07-28	4019	HSM7J4MA_MGX	H4019C22	11	11	female	UC	G110322	H4019	H4019C22	43	2015-07-28	20	28	13440896	Stool Collection #22	28	4019	Cincinnati	7th grade or less	Student	No	Yes
SRR5936067	HSM7J4MC	2015-08-11	4019	HSM7J4MC_MGX	H4019C23	11	11	female	UC	G110334	H4019	H4019C23	45	2015-08-11	14	29	12968093	Stool Collection #23	29	4019	Cincinnati	7th grade or less	Student	No	Yes
SRR5936027	HSM7J4ME	2015-08-18	4019	HSM7J4ME_MGX	H4019C24	11	11	female	UC	G110336	H4019	H4019C24	46	2015-08-18	7	30	12841605	Stool Collection #24	30	4019	Cincinnati	7th grade or less	Student	No	Yes
SRR5947063	HSM6XRR3	2014-10-07	4020	HSM6XRR3_MGX	H4020C1	13	13	male	CD	G111801	H4020	H4020C1	0	2014-10-07	0	4	12349955	Stool Collection #1	4	4020	Cincinnati	Some high school	Student	No	No
SRR5935760	HSM67VCZ	2014-11-04	4020	HSM67VCZ_MGX	H4020C3	13	13	male	CD	G110357	H4020	H4020C3	4	2014-11-04	14	6	10834802	Stool Collection #3	6	4020	Cincinnati	Some high school	Student	No	No
SRR5936006	HSM67VD2	2014-11-18	4020	HSM67VD2_MGX	H4020C4	13	13	male	CD	G110359	H4020	H4020C4	6	2014-11-18	14	7	18998684	Stool Collection #4	7	4020	Cincinnati	Some high school	Student	No	No
SRR5936160	HSM67VD4	2014-12-04	4020	HSM67VD4_MGX	H4020C5	13	13	male	CD	G110366	H4020	H4020C5	8	2014-12-04	16	8	12331290	Stool Collection #5	8	4020	Cincinnati	Some high school	Student	No	No
SRR5936073	HSM67VD6	2014-12-16	4020	HSM67VD6_MGX	H4020C6	13	13	male	CD	G110360	H4020	H4020C6	10	2014-12-16	12	9	11253783	Stool Collection #6	9	4020	Cincinnati	Some high school	Student	No	No
SRR5936029	HSM67VHB	2015-01-06	4020	HSM67VHB_MGX	H4020C7	13	13	male	CD	G110362	H4020	H4020C7	13	2015-01-06	21	11	12062829	Stool Collection #7	11	4020	Cincinnati	Some high school	Student	No	No
SRR5936232	HSM67VHD	2015-01-14	4020	HSM67VHD_MGX	H4020C8	13	13	male	CD	G110356	H4020	H4020C8	14	2015-01-14	8	12	8723510	Stool Collection #8	12	4020	Cincinnati	Some high school	Student	No	No
SRR5936120	HSM67VHF	2015-01-27	4020	HSM67VHF_MGX	H4020C9	13	13	male	CD	G110284	H4020	H4020C9	16	2015-01-27	13	13	14112482	Stool Collection #9	13	4020	Cincinnati	Some high school	Student	No	No
SRR5947042	HSM67VHH	2015-02-13	4020	HSM67VHH_MGX	H4020C10	13	13	male	CD	G111767	H4020	H4020C10	18	2015-02-13	17	14	5483222	Stool Collection #10	14	4020	Cincinnati	Some high school	Student	No	No
SRR5936114	HSM67VHJ	2015-02-26	4020	HSM67VHJ_MGX	H4020C11	13	13	male	CD	G110282	H4020	H4020C11	20	2015-02-26	13	15	19733683	Stool Collection #11	15	4020	Cincinnati	Some high school	Student	No	No
SRR5946792	HSM6XRUV	2015-03-10	4020	HSM6XRUV_MGX	H4020C12	13	13	male	CD	G111750	H4020	H4020C12	22	2015-03-10	12	16	16559344	Stool Collection #12	16	4020	Cincinnati	Some high school	Student	No	No
SRR5935885	HSM7J4PO	2015-03-26	4020	HSM7J4PO_MGX	H4020C13	13	13	male	CD	G110291	H4020	H4020C13	24	2015-03-26	16	18	11770258	Stool Collection #13	18	4020	Cincinnati	Some high school	Student	No	No
SRR5935870	HSM7J4PQ	2015-04-13	4020	HSM7J4PQ_MGX	H4020C14	13	13	male	CD	G110287	H4020	H4020C14	26	2015-04-13	18	19	13573453	Stool Collection #14	19	4020	Cincinnati	Some high school	Student	No	No
SRR5935873	HSM7J4PS	2015-04-21	4020	HSM7J4PS_MGX	H4020C15	13	13	male	CD	G110286	H4020	H4020C15	28	2015-04-21	8	20	12876696	Stool Collection #15	20	4020	Cincinnati	Some high school	Student	No	No
SRR5950765	HSM7J4PU	2015-05-06	4020	HSM7J4PU_MGX	H4020C16_MGX	13	13	male	CD	G111788	H4020	H4020C16	30	2015-05-06	15	21	5243148	Stool Collection #16	21	4020	Cincinnati	Some high school	Student	No	No
SRR5936054	HSM7J4PW	2015-05-22	4020	HSM7J4PW_MGX	H4020C17	13	13	male	CD	G110311	H4020	H4020C17	32	2015-05-22	16	22	9167170	Stool Collection #17	22	4020	Cincinnati	Some high school	Student	No	No
SRR5936133	HSM7J4PY	2015-06-10	4020	HSM7J4PY_MGX	H4020C18	13	13	male	CD	G110317	H4020	H4020C18	35	2015-06-10	19	23	10429937	Stool Collection #18	23	4020	Cincinnati	Some high school	Student	No	No
SRR5935972	HSM7J4IO	2015-06-23	4020	HSM7J4IO_MGX	H4020C19	13	13	male	CD	G110298	H4020	H4020C19	37	2015-06-23	13	25	9126017	Stool Collection #19	25	4020	Cincinnati	Some high school	Student	No	No
SRR5935949	HSM7J4IP	2015-07-01	4020	HSM7J4IP_MGX	H4020C20	13	13	male	CD	G110303	H4020	H4020C20	38	2015-07-01	8	26	11035186	Stool Collection #20	26	4020	Cincinnati	Some high school	Student	No	No
SRR5935842	HSM7J4IQ	2015-07-17	4020	HSM7J4IQ_MGX	H4020C21	13	13	male	CD	G110306	H4020	H4020C21	40	2015-07-17	16	27	13974774	Stool Collection #21	27	4020	Cincinnati	Some high school	Student	No	No
SRR5936170	HSM7J4IR	2015-07-28	4020	HSM7J4IR_MGX	H4020C22	13	13	male	CD	G110308	H4020	H4020C22	42	2015-07-28	11	28	13399787	Stool Collection #22	28	4020	Cincinnati	Some high school	Student	No	No
SRR5936090	HSM7J4IS	2015-08-11	4020	HSM7J4IS_MGX	H4020C23	13	13	male	CD	G110329	H4020	H4020C23	44	2015-08-11	14	29	10574061	Stool Collection #23	29	4020	Cincinnati	Some high school	Student	No	No
SRR5936014	HSM67VEO	2014-11-12	4022	HSM67VEO_MGX	H4022C2	9		female	HD	G110358	H4022	H4022C2	2	2014-11-12	15	5	13063009	Stool Collection #2	5	4022	Cincinnati	7th grade or less	Student	No	No
SRR5946625	HSM67VEQ	2014-11-25	4022	HSM67VEQ_MGX	H4022C3	9		female	HD	G111827	H4022	H4022C3	4	2014-11-25	13	6	8976123	Stool Collection #3	6	4022	Cincinnati	7th grade or less	Student	No	No
SRR5935813	HSM67VES	2014-12-09	4022	HSM67VES_MGX	H4022C4	9		female	HD	G110368	H4022	H4022C4	6	2014-12-09	14	7	16980669	Stool Collection #4	7	4022	Cincinnati	7th grade or less	Student	No	No
SRR5936037	HSM67VEU	2014-12-23	4022	HSM67VEU_MGX	H4022C5	9		female	HD	G110361	H4022	H4022C5	8	2014-12-23	14	8	14646639	Stool Collection #5	8	4022	Cincinnati	7th grade or less	Student	No	No
SRR5946746	HSM67VEW	2015-01-06	4022	HSM67VEW_MGX	H4022C6	9		female	HD	G111791	H4022	H4022C6	10	2015-01-06	14	9	7267662	Stool Collection #6	9	4022	Cincinnati	7th grade or less	Student	No	No
SRR5935889	HSM7CYZJ	2015-02-04	4022	HSM7CYZJ_MGX	H4022C8	9		female	HD	G110363	H4022	H4022C8	14	2015-02-04	15	12	10923180	Stool Collection #8	12	4022	Cincinnati	7th grade or less	Student	No	No
SRR5947052	HSM7CYZL	2015-02-17	4022	HSM7CYZL_MGX	H4022C9	9		female	HD	G111740	H4022	H4022C9	16	2015-02-17	13	13	9854870	Stool Collection #9	13	4022	Cincinnati	7th grade or less	Student	No	No
SRR5946730	HSM7CYZR	2015-04-01	4022	HSM7CYZR_MGX	H4022C12	9		female	HD	G111748	H4022	H4022C12	22	2015-04-01	15	16	13992680	Stool Collection #12	16	4022	Cincinnati	7th grade or less	Student	No	No
SRR5947104	HSM7J4RE	2015-04-28	4022	HSM7J4RE_MGX	H4022C14	9		female	HD	G111780	H4022	H4022C14	26	2015-04-28	14	19	10672395	Stool Collection #14	19	4022	Cincinnati	7th grade or less	Student	No	No
SRR5935797	HSM7J4G1	2015-05-14	4022	HSM7J4G1_MGX	H4022C15	9		female	HD	G110310	H4022	H4022C15	28	2015-05-14	16	20	8439380	Stool Collection #15	20	4022	Cincinnati	7th grade or less	Student	No	No
SRR5946689	HSM7J4G8	2015-06-23	4022	HSM7J4G8_MGX	H4022C18	9		female	HD	G111770	H4022	H4022C18	34	2015-06-23	14	23	9618991	Stool Collection #18	23	4022	Cincinnati	7th grade or less	Student	No	No
SRR5947027	HSM7J4IU	2015-07-07	4022	HSM7J4IU_MGX	H4022C19	9		female	HD	G111807	H4022	H4022C19	36	2015-07-07	14	25	8942491	Stool Collection #19	25	4022	Cincinnati	7th grade or less	Student	No	No
SRR5947031	HSM7J4IW	2015-07-22	4022	HSM7J4IW_MGX	H4022C20	9		female	HD	G111772	H4022	H4022C20	38	2015-07-22	15	26	7615060	Stool Collection #20	26	4022	Cincinnati	7th grade or less	Student	No	No
SRR5936156	HSM6XRUL	2014-11-25	4023	HSM6XRUL_MGX	H4023C2	16		male	HD	G110364	H4023	H4023C2	1	2014-11-25	11	5	12563320	Stool Collection #2	5	4023	Cincinnati	Some high school	Student	No	No
SRR5935816	HSM6XRUN	2014-12-09	4023	HSM6XRUN_MGX	H4023C3	16		male	HD	G110367	H4023	H4023C3	3	2014-12-09	14	6	12244288	Stool Collection #3	6	4023	Cincinnati	Some high school	Student	No	No
SRR5936033	HSM6XRUR	2015-01-06	4023	HSM6XRUR_MGX	H4023C5	16		male	HD	G110354	H4023	H4023C5	7	2015-01-06	28	8	15410076	Stool Collection #5	8	4023	Cincinnati	Some high school	Student	No	No
SRR5936229	HSM6XRQ8	2015-01-20	4023	HSM6XRQ8_MGX	H4023C6	16		male	HD	G110353	H4023	H4023C6	9	2015-01-20	14	9	15117987	Stool Collection #6	9	4023	Cincinnati	Some high school	Student	No	No
SRR5946696	HSM7CZ16	2015-02-05	4023	HSM7CZ16_MGX	H4023C7	16		male	HD	G111828	H4023	H4023C7	11	2015-02-05	16	11	6392758	Stool Collection #7	11	4023	Cincinnati	Some high school	Student	No	No
SRR5946870	HSM7CZ18	2015-02-18	4023	HSM7CZ18_MGX	H4023C8	16		male	HD	G111784	H4023	H4023C8	13	2015-02-18	13	12	5635830	Stool Collection #8	12	4023	Cincinnati	Some high school	Student	No	No
SRR5935798	HSM7CZ1A	2015-03-04	4023	HSM7CZ1A_MGX	H4023C9	16		male	HD	G110283	H4023	H4023C9	15	2015-03-04	14	13	20086639	Stool Collection #9	13	4023	Cincinnati	Some high school	Student	No	No
SRR5946815	HSM7CZ1C	2015-03-18	4023	HSM7CZ1C_MGX	H4023C10	16		male	HD	G111751	H4023	H4023C10	17	2015-03-18	14	14	17357857	Stool Collection #10	14	4023	Cincinnati	Some high school	Student	No	No
SRR5946729	HSM7CZ1E	2015-04-01	4023	HSM7CZ1E_MGX	H4023C11	16		male	HD	G111739	H4023	H4023C11	19	2015-04-01	14	15	13821849	Stool Collection #11	15	4023	Cincinnati	Some high school	Student	No	No
SRR5946992	HSM7CZ1G	2015-04-15	4023	HSM7CZ1G_MGX	H4023C12	16		male	HD	G111778	H4023	H4023C12	21	2015-04-15	14	16	9832517	Stool Collection #12	16	4023	Cincinnati	Some high school	Student	No	No
SRR5946779	HSM7J4HA	2015-04-28	4023	HSM7J4HA_MGX	H4023C13	16		male	HD	G111797	H4023	H4023C13	23	2015-04-28	13	18	8028972	Stool Collection #13	18	4023	Cincinnati	Some high school	Student	No	No
SRR5936025	HSM7J4HC	2015-05-05	4023	HSM7J4HC_MGX	H4023C14	16		male	HD	G110369	H4023	H4023C14	24	2015-05-05	7	19	14390429	Stool Collection #14	19	4023	Cincinnati	Some high school	Student	No	No
SRR5950715	HSM7J4HE	2015-05-12	4023	HSM7J4HE_MGX	H4023C15_MGX	16		male	HD	G111762	H4023	H4023C15	25	2015-05-12	7	20	13268015	Stool Collection #15	20	4023	Cincinnati	Some high school	Student	No	No
SRR5950634	HSM7J4HG	2015-06-09	4023	HSM7J4HG_MGX	H4023C16_MGX	16		male	HD	G111808	H4023	H4023C16	29	2015-06-09	28	21	6349040	Stool Collection #16	21	4023	Cincinnati	Some high school	Student	No	No
SRR5950628	HSM7J4HI	2015-06-23	4023	HSM7J4HI_MGX	H4023C17_MGX	16		male	HD	G111752	H4023	H4023C17	31	2015-06-23	14	22	14150156	Stool Collection #17	22	4023	Cincinnati	Some high school	Student	No	No
SRR5950487	HSM7J4HK	2015-07-08	4023	HSM7J4HK_MGX	H4023C18_MGX	16		male	HD	G111798	H4023	H4023C18	33	2015-07-08	15	23	9233816	Stool Collection #18	23	4023	Cincinnati	Some high school	Student	No	No
SRR5936165	HSM7J4KC	2015-07-23	4023	HSM7J4KC_MGX	H4023C19	16		male	HD	G110321	H4023	H4023C19	35	2015-07-23	15	25	15183983	Stool Collection #19	25	4023	Cincinnati	Some high school	Student	No	No
SRR5950562	HSM7J4KG	2015-08-18	4023	HSM7J4KG_MGX	H4023C21_MGX	16		male	HD	G111763	H4023	H4023C21	39	2015-08-18	13	27	7425164	Stool Collection #21	27	4023	Cincinnati	Some high school	Student	No	No
SRR5950603	HSM7J4KI	2015-09-02	4023	HSM7J4KI_MGX	H4023C22_MGX	16		male	HD	G111754	H4023	H4023C22	41	2015-09-02	15	28	12371155	Stool Collection #22	28	4023	Cincinnati	Some high school	Student	No	No
SRR5935848	HSM7J4KK	2015-09-16	4023	HSM7J4KK_MGX	H4023C23	16		male	HD	G110324	H4023	H4023C23	43	2015-09-16	14	29	18120340	Stool Collection #23	29	4023	Cincinnati	Some high school	Student	No	No
SRR5950753	HSM7J4KM	2015-09-30	4023	HSM7J4KM_MGX	H4023C24_MGX	16		male	HD	G111745	H4023	H4023C24	45	2015-09-30	14	30	10525734	Stool Collection #24	30	4023	Cincinnati	Some high school	Student	No	No
SRR5962882	HSM67VDT	2014-11-19	4024	HSM67VDT_MGX	H4024C1_MGX	11		male	HD	G111833	H4024	H4024C1	0	2014-11-19	0	4	15307557	Stool Collection #1	4	4024	Cincinnati	7th grade or less	Student	No	No
SRR5936159	HSM67VI3	2014-12-03	4024	HSM67VI3_MGX	H4024C2	11		male	HD	G110365	H4024	H4024C2	2	2014-12-03	14	5	13121552	Stool Collection #2	5	4024	Cincinnati	7th grade or less	Student	No	No
SRR5947045	HSM67VI5	2014-12-16	4024	HSM67VI5_MGX	H4024C3	11		male	HD	G111821	H4024	H4024C3	3	2014-12-16	13	6	14885497	Stool Collection #3	6	4024	Cincinnati	7th grade or less	Student	No	No
SRR5946748	HSM67VI7	2015-01-06	4024	HSM67VI7_MGX	H4024C4	11		male	HD	G111825	H4024	H4024C4	6	2015-01-06	21	7	11385678	Stool Collection #4	7	4024	Cincinnati	7th grade or less	Student	No	No
SRR5936212	HSM67VI9	2015-01-13	4024	HSM67VI9_MGX	H4024C5	11		male	HD	G110355	H4024	H4024C5	7	2015-01-13	7	8	20288788	Stool Collection #5	8	4024	Cincinnati	7th grade or less	Student	Yes	No
SRR5936126	HSM67VIB	2015-01-27	4024	HSM67VIB_MGX	H4024C6	11		male	HD	G110280	H4024	H4024C6	9	2015-01-27	14	9	16051294	Stool Collection #6	9	4024	Cincinnati	7th grade or less	Student	Yes	No
SRR5947041	HSM7CZ24	2015-02-13	4024	HSM7CZ24_MGX	H4024C7	11		male	HD	G111758	H4024	H4024C7	12	2015-02-13	17	11	9615570	Stool Collection #7	11	4024	Cincinnati	7th grade or less	Student	No	No
SRR5946612	HSM7CZ26	2015-02-26	4024	HSM7CZ26_MGX	H4024C8	11		male	HD	G111795	H4024	H4024C8	14	2015-02-26	13	12	12758807	Stool Collection #8	12	4024	Cincinnati	7th grade or less	Student	No	No
SRR5946609	HSM7CZ28	2015-03-10	4024	HSM7CZ28_MGX	H4024C9	11		male	HD	G111759	H4024	H4024C9	15	2015-03-10	12	13	13150127	Stool Collection #9	13	4024	Cincinnati	7th grade or less	Student	No	No
SRR5946947	HSM7CZ2A	2015-03-26	4024	HSM7CZ2A_MGX	H4024C10	11		male	HD	G111757	H4024	H4024C10	18	2015-03-26	16	14	9369441	Stool Collection #10	14	4024	Cincinnati	7th grade or less	Student	No	No
SRR5946644	HSM7CZ2E	2015-04-21	4024	HSM7CZ2E_MGX	H4024C11	11		male	HD	G111796	H4024	H4024C11	21	2015-04-21	26	15	11486231	Stool Collection #11	15	4024	Cincinnati	7th grade or less	Student	No	No
SRR5950740	HSM7J4HW	2015-05-06	4024	HSM7J4HW_MGX	H4024C13_MGX	11		male	HD	G111771	H4024	H4024C13	24	2015-05-06	15	18	11636357	Stool Collection #13	18	4024	Cincinnati	7th grade or less	Student	No	No
SRR5950718	HSM7J4HY	2015-05-19	4024	HSM7J4HY_MGX	H4024C14_MGX	11		male	HD	G111753	H4024	H4024C14	25	2015-05-19	13	19	15349082	Stool Collection #14	19	4024	Cincinnati	7th grade or less	Student	No	No
SRR5935745	HSM7J4I5	2015-06-16	4024	HSM7J4I5_MGX	H4024C16	11		male	HD	G110320	H4024	H4024C16	29	2015-06-16	28	21	10492470	Stool Collection #16	21	4024	Cincinnati	7th grade or less	Student	No	No
SRR5950500	HSM7J4I7	2015-07-01	4024	HSM7J4I7_MGX	H4024C17_MGX	11		male	HD	G111816	H4024	H4024C17	32	2015-07-01	15	22	9847418	Stool Collection #17	22	4024	Cincinnati	7th grade or less	Student	No	No
SRR5950592	HSM7J4I9	2015-07-20	4024	HSM7J4I9_MGX	H4024C18_MGX	11		male	HD	G111789	H4024	H4024C18	34	2015-07-20	19	23	8498056	Stool Collection #18	23	4024	Cincinnati	7th grade or less	Student	No	No
SRR5950528	HSM7J4O1	2015-08-17	4024	HSM7J4O1_MGX	H4024C19_MGX	11		male	HD	G111890	H4024	H4024C19	38	2015-08-17	28	25	15048360	Stool Collection #19	25	4024	Cincinnati	7th grade or less	Student	No	No
SRR5950717	HSM7J4NY	2015-08-21	4024	HSM7J4NY_MGX	H4024C20_MGX	11		male	HD	G110337	H4024	H4024C20	39	2015-08-21	4	26	13815596	Stool Collection #20	26	4024	Cincinnati	7th grade or less	Student	No	No
SRR5935772	HSM7J4O3	2015-08-26	4024	HSM7J4O3_MGX	H4024C21	11		male	HD	G110339	H4024	H4024C21	40	2015-08-26	5	27	15271553	Stool Collection #21	27	4024	Cincinnati	7th grade or less	Student	No	No
SRR5950649	HSM7J4O5	2015-09-14	4024	HSM7J4O5_MGX	H4024C22_MGX	11		male	HD	G111895	H4024	H4024C22	42	2015-09-14	19	28	12639266	Stool Collection #22	28	4024	Cincinnati	7th grade or less	Student	No	No
SRR5950729	HSM7J4O7	2015-09-24	4024	HSM7J4O7_MGX	H4024C23_MGX	11		male	HD	G111881	H4024	H4024C23	44	2015-09-24	10	29	21529693	Stool Collection #23	29	4024	Cincinnati	7th grade or less	Student	No	No
SRR5946857	HSM7J4O9	2015-10-07	4024	HSM7J4O9_MGX	H4024C24	11		male	HD	G110327	H4024	H4024C24	46	2015-10-07	13	30	17636992	Stool Collection #24	30	4024	Cincinnati	7th grade or less	Student	No	No
SRR5936110	HSM7CZ1V	2015-02-24	4027	HSM7CZ1V_MGX	H4027C3	15	15	male	UC	G110281	H4027	H4027C3	3	2015-02-24	13	6	20224822	Stool Collection #3	6	4027	Cincinnati	Some high school	Student	No	No
SRR5935881	HSM7CZ1Z	2015-03-24	4027	HSM7CZ1Z_MGX	H4027C5	15	15	male	UC	G110292	H4027	H4027C5	7	2015-03-24	13	8	13113792	Stool Collection #5	8	4027	Cincinnati	Some high school	Student	No	No
SRR5946858	HSM7CZ22	2015-04-08	4027	HSM7CZ22_MGX	H4027C6	15	15	male	UC	G111845	H4027	H4027C6	10	2015-04-08	15	9	7518889	Stool Collection #6	9	4027	Cincinnati	Some high school	Student	No	No
SRR5950723	HSM7J4GP	2015-05-19	4027	HSM7J4GP_MGX	H4027C9_MGX	15	15	male	UC	G111875	H4027	H4027C9	15	2015-05-19	13	13	14459980	Stool Collection #9	13	4027	Cincinnati	Some high school	Student	No	No
SRR5935993	HSM7J4GR	2015-06-02	4027	HSM7J4GR_MGX	H4027C10	15	15	male	UC	G110315	H4027	H4027C10	17	2015-06-02	14	14	13462231	Stool Collection #10	14	4027	Cincinnati	Some high school	Student	No	No
SRR5950510	HSM7J4NC	2015-07-21	4027	HSM7J4NC_MGX	H4027C13_MGX	15	15	male	UC	G111854	H4027	H4027C13	24	2015-07-21	20	18	9604725	Stool Collection #13	18	4027	Cincinnati	Some high school	Student	No	No
SRR5936174	HSM7J4NE	2015-07-28	4027	HSM7J4NE_MGX	H4027C14	15	15	male	UC	G110331	H4027	H4027C14	25	2015-07-28	7	19	7657083	Stool Collection #14	19	4027	Cincinnati	Some high school	Student	No	No
SRR5946976	HSM7J4NM	2015-09-22	4027	HSM7J4NM_MGX	H4027C18	15	15	male	UC	G111889	H4027	H4027C18	33	2015-09-22	13	23	14142146	Stool Collection #18	23	4027	Cincinnati	Some high school	Student	No	No
SRR5946982	HSMA33O1	2015-10-06	4027	HSMA33O1_MGX	H4027C19	15	15	male	UC	G111883	H4027	H4027C19	35	2015-10-06	14	25	2771250	Stool Collection #19	25	4027	Cincinnati	Some high school	Student	No	No
SRR5947083	HSMA33O3	2015-10-20	4027	HSMA33O3_MGX	H4027C20	15	15	male	UC	G110344	H4027	H4027C20	37	2015-10-20	14	26	1693756	Stool Collection #20	26	4027	Cincinnati	Some high school	Student	No	No
SRR5946934	HSM67VID	2015-02-11	4028	HSM67VID_MGX	H4028C2	13	13	female	CD	G111866	H4028	H4028C2	1	2015-02-11	13	5	6047043	Stool Collection #2	5	4028	Cincinnati	7th grade or less	Student	No	No
SRR5946869	HSM67VIF	2015-02-24	4028	HSM67VIF_MGX	H4028C3	13	13	female	CD	G111856	H4028	H4028C3	3	2015-02-24	13	6	7291844	Stool Collection #3	6	4028	Cincinnati	7th grade or less	Student	No	No
SRR5935871	HSM67VIL	2015-04-07	4028	HSM67VIL_MGX	H4028C6	13	13	female	CD	G110294	H4028	H4028C6	9	2015-04-07	11	9	13179061	Stool Collection #6	9	4028	Cincinnati	7th grade or less	Student	No	No
SRR5936060	HSM7J4GD	2015-05-20	4028	HSM7J4GD_MGX	H4028C9	13	13	female	CD	G110313	H4028	H4028C9	15	2015-05-20	13	13	13835956	Stool Collection #9	13	4028	Cincinnati	7th grade or less	Student	No	No
SRR5935910	HSM7J4MY	2015-07-17	4028	HSM7J4MY_MGX	H4028C13	13	13	female	CD	G110305	H4028	H4028C13	24	2015-07-17	14	18	14020076	Stool Collection #13	18	4028	Cincinnati	7th grade or less	Student	No	No
SRR5936028	HSM7J4N4	2015-08-17	4028	HSM7J4N4_MGX	H4028C15	13	13	female	CD	G110335	H4028	H4028C15	28	2015-08-17	31	20	10139752	Stool Collection #15	20	4028	Cincinnati	7th grade or less	Student	No	No
SRR5936145	HSM7J4N6	2015-09-10	4028	HSM7J4N6_MGX	H4028C16	13	13	female	CD	G110342	H4028	H4028C16	32	2015-09-10	24	21	14898819	Stool Collection #16	21	4028	Cincinnati	7th grade or less	Student	No	No
SRR5950687	HSM7J4N8	2015-09-17	4028	HSM7J4N8_MGX	H4028C17_MGX	13	13	female	CD	G111888	H4028	H4028C17	33	2015-09-17	7	22	14798724	Stool Collection #17	22	4028	Cincinnati	7th grade or less	Student	No	No
SRR5950731	HSM7J4NA	2015-09-24	4028	HSM7J4NA_MGX	H4028C18_MGX	13	13	female	CD	G111880	H4028	H4028C18	34	2015-09-24	7	23	10565043	Stool Collection #18	23	4028	Cincinnati	7th grade or less	Student	No	No
SRR5936128	HSM7CZ2Z	2015-03-17	4030	HSM7CZ2Z_MGX	H4030C2	16	16	male	CD	G110289	H4030	H4030C2	1	2015-03-17	13	5	7175423	Stool Collection #2	5	4030	Cincinnati	Some high school	Student	Yes	No
SRR5936200	HSM7CZ32	2015-04-03	4030	HSM7CZ32_MGX	H4030C3	16	16	male	CD	G110293	H4030	H4030C3	4	2015-04-03	17	6	8722919	Stool Collection #3	6	4030	Cincinnati	Some high school	Student	No	No
SRR5936016	HSM7CZ36	2015-04-29	4030	HSM7CZ36_MGX	H4030C5	16	16	male	CD	G110288	H4030	H4030C5	8	2015-04-29	14	8	12038080	Stool Collection #5	8	4030	Cincinnati	Some high school	Student	No	Yes
SRR5936188	HSM7CZ38	2015-05-12	4030	HSM7CZ38_MGX	H4030C6	16	16	male	CD	G110309	H4030	H4030C6	9	2015-05-12	13	9	14508227	Stool Collection #6	9	4030	Cincinnati	Some high school	Student	No	No
SRR5935953	HSM7J4L5	2015-06-25	4030	HSM7J4L5_MGX	H4030C9	16	16	male	CD	G110297	H4030	H4030C9	16	2015-06-25	15	13	12979706	Stool Collection #9	13	4030	Cincinnati	Some high school	Student	No	No
SRR5935846	HSM7J4L9	2015-07-21	4030	HSM7J4L9_MGX	H4030C11	16	16	male	CD	G110307	H4030	H4030C11	19	2015-07-21	7	15	12230143	Stool Collection #11	15	4030	Cincinnati	Some high school	Student	No	No
SRR5950567	HSM7J4ON	2015-08-20	4030	HSM7J4ON_MGX	H4030C13_MGX	16	16	male	CD	G111892	H4030	H4030C13	24	2015-08-20	7	18	10214400	Stool Collection #13	18	4030	Cincinnati	Some high school	Student	No	No
SRR5935927	HSM7J4OP	2015-09-03	4030	HSM7J4OP_MGX	H4030C14	16	16	male	CD	G110328	H4030	H4030C14	26	2015-09-03	14	19	7646401	Stool Collection #14	19	4030	Cincinnati	Some high school	Student	No	No
SRR5946863	HSM7J4OT	2015-10-08	4030	HSM7J4OT_MGX	H4030C16	16	16	male	CD	G110326	H4030	H4030C16	31	2015-10-08	15	21	11821500	Stool Collection #16	21	4030	Cincinnati	Some high school	Student	No	No
SRR5950757	HSM7J4OV	2015-10-13	4030	HSM7J4OV_MGX	H4030C17_MGX	16	16	male	CD	G111896	H4030	H4030C17	31	2015-10-13	5	22	7690608	Stool Collection #17	22	4030	Cincinnati	Some high school	Student	No	No
SRR5950590	HSM7J4OX	2015-11-09	4030	HSM7J4OX_MGX	H4030C18_MGX	16	16	male	CD	G111902	H4030	H4030C18	35	2015-11-09	27	23	14351362	Stool Collection #18	23	4030	Cincinnati	Some high school	Student	No	No
SRR5950622	HSMA33JZ	2015-11-18	4030	HSMA33JZ_MGX	H4030C19_MGX	16	16	male	CD	G111905	H4030	H4030C19	37	2015-11-18	9	25	707976	Stool Collection #19	25	4030	Cincinnati	Some high school	Student	No	No
SRR5935882	HSM7CZ3A	2015-03-24	4031	HSM7CZ3A_MGX	H4031C2	12	12	male	CD	G110290	H4031	H4031C2	2	2015-03-24	15	5	13274882	Stool Collection #2	5	4031	Cincinnati	7th grade or less	Student	No	No
SRR5936206	HSM7CZ3C	2015-04-07	4031	HSM7CZ3C_MGX	H4031C3	12	12	male	CD	G110295	H4031	H4031C3	4	2015-04-07	14	6	11701393	Stool Collection #3	6	4031	Cincinnati	7th grade or less	Student	No	No
SRR5936121	HSM7CZ3E	2015-04-22	4031	HSM7CZ3E_MGX	H4031C4	12	12	male	CD	G110285	H4031	H4031C4	6	2015-04-22	15	7	9767072	Stool Collection #4	7	4031	Cincinnati	7th grade or less	Student	No	No
SRR5946783	HSM7CZ3G	2015-05-05	4031	HSM7CZ3G_MGX	H4031C5	12	12	male	CD	G111873	H4031	H4031C5	8	2015-05-05	13	8	9272335	Stool Collection #5	8	4031	Cincinnati	7th grade or less	Student	No	No
SRR5950677	HSM7J4PA	2015-05-19	4031	HSM7J4PA_MGX	H4031C6_MGX	12	12	male	CD	G111876	H4031	H4031C6	10	2015-05-19	14	9	8696598	Stool Collection #6	9	4031	Cincinnati	7th grade or less	Student	No	No
SRR5935948	HSM7J4MK	2015-07-01	4031	HSM7J4MK_MGX	H4031C9	12	12	male	CD	G110301	H4031	H4031C9	16	2015-07-01	15	13	10785520	Stool Collection #9	13	4031	Cincinnati	7th grade or less	Student	No	No
SRR5950572	HSM7J4OB	2015-08-25	4031	HSM7J4OB_MGX	H4031C13_MGX	12	12	male	CD	G111894	H4031	H4031C13	24	2015-08-25	14	18	13851988	Stool Collection #13	18	4031	Cincinnati	7th grade or less	Student	No	No
SRR5935928	HSM7J4OE	2015-09-09	4031	HSM7J4OE_MGX	H4031C14	12	12	male	CD	G110341	H4031	H4031C14	26	2015-09-09	15	19	14565544	Stool Collection #14	19	4031	Cincinnati	7th grade or less	Student	No	No
SRR5950589	HSM7J4OL	2015-11-10	4031	HSM7J4OL_MGX	H4031C18_MGX	12	12	male	CD	G111903	H4031	H4031C18	35	2015-11-10	18	23	23154366	Stool Collection #18	23	4031	Cincinnati	7th grade or less	Student	No	No
SRR5946928	HSMA33JB	2015-11-17	4031	HSMA33JB_MGX	H4031C19	12	12	male	CD	G110350	H4031	H4031C19	36	2015-11-17	7	25	19184571	Stool Collection #19	25	4031	Cincinnati	7th grade or less	Student	No	No
SRR5946805	HSMA33JD	2015-12-01	4031	HSMA33JD_MGX	H4031C20	12	12	male	CD	G110348	H4031	H4031C20	38	2015-12-01	14	26	10737528	Stool Collection #20	26	4031	Cincinnati	7th grade or less	Student	No	No
SRR5946683	HSM7J4Q1	2015-03-24	4032	HSM7J4Q1_MGX	H4032C2	12	12	male	CD	G111865	H4032	H4032C2	1	2015-03-24	13	5	14916483	Stool Collection #2	5	4032	Cincinnati	7th grade or less	Student	No	No
SRR5950764	HSM7J4Q7	2015-05-05	4032	HSM7J4Q7_MGX	H4032C5_MGX	12	12	male	CD	G111867	H4032	H4032C5	7	2015-05-05	14	8	11768659	Stool Collection #5	8	4032	Cincinnati	7th grade or less	Student	No	No
SRR5950678	HSM7J4Q9	2015-05-20	4032	HSM7J4Q9_MGX	H4032C6_MGX	12	12	male	CD	G111877	H4032	H4032C6	10	2015-05-20	15	9	14688449	Stool Collection #6	9	4032	Cincinnati	7th grade or less	Student	No	No
SRR5935819	HSM7J4MS	2015-06-03	4032	HSM7J4MS_MGX	H4032C7	12	12	male	CD	G110316	H4032	H4032C7	12	2015-06-03	14	11	10896310	Stool Collection #7	11	4032	Cincinnati	7th grade or less	Student	No	No
SRR5950768	HSM7J4MW	2015-07-01	4032	HSM7J4MW_MGX	H4032C9_MGX	12	12	male	CD	G111870	H4032	H4032C9	16	2015-07-01	15	13	11206541	Stool Collection #9	13	4032	Cincinnati	7th grade or less	Student	No	No
SRR5935838	HSM7J4IC	2015-07-15	4032	HSM7J4IC_MGX	H4032C10	12	12	male	CD	G110304	H4032	H4032C10	18	2015-07-15	14	14	14615363	Stool Collection #10	14	4032	Cincinnati	7th grade or less	Student	No	No
SRR5935779	HSM7J4OZ	2015-08-25	4032	HSM7J4OZ_MGX	H4032C13	12	12	male	CD	G110330	H4032	H4032C13	23	2015-08-25	13	18	5948323	Stool Collection #13	18	4032	Cincinnati	7th grade or less	Student	No	No
SRR5950644	HSM7J4P2	2015-09-16	4032	HSM7J4P2_MGX	H4032C14_MGX	12	12	male	CD	G111887	H4032	H4032C14	27	2015-09-16	22	19	19267233	Stool Collection #14	19	4032	Cincinnati	7th grade or less	Student	No	No
SRR5950583	HSMA33MV	2015-11-09	4032	HSMA33MV_MGX	H4032C18_MGX	12	12	male	CD	G111901	H4032	H4032C18	34	2015-11-09	20	23	13942581	Stool Collection #18	23	4032	Cincinnati	7th grade or less	Student	No	No
SRR5950620	HSMA33JN	2015-11-17	4032	HSMA33JN_MGX	H4032C19_MGX	12	12	male	CD	G111904	H4032	H4032C19	35	2015-11-17	8	25	15110108	Stool Collection #19	25	4032	Cincinnati	7th grade or less	Student	No	No
SRR5950781	HSMA33JP	2015-12-01	4032	HSMA33JP_MGX	H4032C20_MGX	12	12	male	CD	G111908	H4032	H4032C20	37	2015-12-01	14	26	19442231	Stool Collection #20	26	4032	Cincinnati	7th grade or less	Student	No	No
SRR5946678	HSMA33JR	2015-12-16	4032	HSMA33JR_MGX	H4032C21	12	12	male	CD	G110352	H4032	H4032C21	40	2015-12-16	15	27	12791224	Stool Collection #21	27	4032	Cincinnati	7th grade or less	Student	No	No
SRR5936022	HSM7J4HM	2015-05-05	4035	HSM7J4HM_MGX	H4035C2	16	16	male	UC	G110370	H4035	H4035C2	2	2015-05-05	14	5	10932463	Stool Collection #2	5	4035	Cincinnati	Some high school	Student	No	No
SRR5936059	HSM7J4HO	2015-05-19	4035	HSM7J4HO_MGX	H4035C3	16	16	male	UC	G110312	H4035	H4035C3	4	2015-05-19	14	6	10515892	Stool Collection #3	6	4035	Cincinnati	Some high school	Student	No	No
SRR5935987	HSM7J4HQ	2015-06-02	4035	HSM7J4HQ_MGX	H4035C4	16	16	male	UC	G110314	H4035	H4035C4	6	2015-06-02	14	7	9308837	Stool Collection #4	7	4035	Cincinnati	Some high school	Student	No	No
SRR5935783	HSM7J4HS	2015-06-16	4035	HSM7J4HS_MGX	H4035C5	16	16	male	UC	G110319	H4035	H4035C5	8	2015-06-16	14	8	2565286	Stool Collection #5	8	4035	Cincinnati	Some high school	Student	No	No
SRR5935956	HSM7J4HU	2015-06-30	4035	HSM7J4HU_MGX	H4035C6	16	16	male	UC	G110299	H4035	H4035C6	10	2015-06-30	14	9	2377807	Stool Collection #6	9	4035	Cincinnati	Some high school	Student	No	No
SRR5935839	HSM7J4JZ	2015-07-14	4035	HSM7J4JZ_MGX	H4035C7	16	16	male	UC	G110302	H4035	H4035C7	12	2015-07-14	14	11	1085628	Stool Collection #7	11	4035	Cincinnati	Some high school	Student	No	No
SRR5935852	HSM7J4K2	2015-08-04	4035	HSM7J4K2_MGX	H4035C8	16	16	male	UC	G110323	H4035	H4035C8	15	2015-08-04	21	12	7226887	Stool Collection #8	12	4035	Cincinnati	Some high school	Student	No	No
SRR5936078	HSM7J4K4	2015-08-11	4035	HSM7J4K4_MGX	H4035C9	16	16	male	UC	G110333	H4035	H4035C9	16	2015-08-11	7	13	355331	Stool Collection #9	13	4035	Cincinnati	Some high school	Student	No	No
SRR5935776	HSM7J4K6	2015-08-25	4035	HSM7J4K6_MGX	H4035C10	16	16	male	UC	G110338	H4035	H4035C10	18	2015-08-25	14	14	3168885	Stool Collection #10	14	4035	Cincinnati	Some high school	Student	No	No
SRR5936144	HSM7J4K8	2015-09-09	4035	HSM7J4K8_MGX	H4035C11	16	16	male	UC	G110340	H4035	H4035C11	20	2015-09-09	15	15	2778564	Stool Collection #11	15	4035	Cincinnati	Some high school	Student	No	No
SRR5935821	HSM7J4KA	2015-09-22	4035	HSM7J4KA_MGX	H4035C12	16	16	male	UC	G110325	H4035	H4035C12	22	2015-09-22	13	16	297656	Stool Collection #12	16	4035	Cincinnati	Some high school	Student	No	No
SRR5950751	HSMA33OP	2015-10-06	4035	HSMA33OP_MGX	H4035C13_MGX	16	16	male	UC	G111884	H4035	H4035C13	24	2015-10-06	14	18	747950	Stool Collection #13	18	4035	Cincinnati	Some high school	Student	No	No
SRR5946855	HSMA33OR	2015-10-20	4035	HSMA33OR_MGX	H4035C14	16	16	male	UC	G110345	H4035	H4035C14	26	2015-10-20	14	19	1575344	Stool Collection #14	19	4035	Cincinnati	Some high school	Student	No	No
SRR5947084	HSMA33OT	2015-11-03	4035	HSMA33OT_MGX	H4035C15	16	16	male	UC	G110346	H4035	H4035C15	28	2015-11-03	14	20	1076581	Stool Collection #15	20	4035	Cincinnati	Some high school	Student	No	No
SRR5946739	HSMA33OV	2015-11-17	4035	HSMA33OV_MGX	H4035C16	16	16	male	UC	G110351	H4035	H4035C16	30	2015-11-17	14	21	13298124	Stool Collection #16	21	4035	Cincinnati	Some high school	Student	No	No
SRR5950576	HSMA33OX	2015-12-01	4035	HSMA33OX_MGX	H4035C17_MGX	16	16	male	UC	G111907	H4035	H4035C17	32	2015-12-01	14	22	7913141	Stool Collection #17	22	4035	Cincinnati	Some high school	Student	No	No
SRR5947016	HSMA33OZ	2015-12-15	4035	HSMA33OZ_MGX	H4035C18	16	16	male	UC	G110349	H4035	H4035C18	34	2015-12-15	14	23	17216043	Stool Collection #18	23	4035	Cincinnati	Some high school	Student	No	No
SRR5946906	HSMA33MA	2016-01-05	4035	HSMA33MA_MGX	H4035C19	16	16	male	UC	G110277	H4035	H4035C19	37	2016-01-05	21	25	6406050	Stool Collection #19	25	4035	Cincinnati	Some high school	Student	No	No
SRR5950695	HSMA33MC	2016-01-12	4035	HSMA33MC_MGX	H4035C20_MGX	16	16	male	UC	G111851	H4035	H4035C20	38	2016-01-12	7	26	2606768	Stool Collection #20	26	4035	Cincinnati	Some high school	Student	Yes	No
SRR5947068	HSMA33ME	2016-01-26	4035	HSMA33ME_MGX	H4035C21	16	16	male	UC	G110278	H4035	H4035C21	40	2016-01-26	14	27	1380481	Stool Collection #21	27	4035	Cincinnati	Some high school	Student	Yes	No
SRR5946956	HSMA33MG	2016-02-09	4035	HSMA33MG_MGX	H4035C22	16	16	male	UC	G110279	H4035	H4035C22	42	2016-02-09	14	28	1091349	Stool Collection #22	28	4035	Cincinnati	Some high school	Student	No	No
SRR5950738	HSMA33MI	2016-02-23	4035	HSMA33MI_MGX	H4035C23_MGX	16	16	male	UC	G111838	H4035	H4035C23	44	2016-02-23	14	29	495864	Stool Collection #23	29	4035	Cincinnati	Some high school	Student	No	No
SRR5946718	HSMA33MK	2016-03-08	4035	HSMA33MK_MGX	H4035C24	16	16	male	UC	G110275	H4035	H4035C24	46	2016-03-08	14	30	904471	Stool Collection #24	30	4035	Cincinnati	Some high school	Student	No	No
SRR5935977	HSM7J4J7	2015-06-23	4038	HSM7J4J7_MGX	H4038C2	15	15	male	CD	G110296	H4038	H4038C2	2	2015-06-23	14	5	12666841	Stool Collection #2	5	4038	Cincinnati	Some high school	Student	No	No
SRR5950793	HSM7J4J9	2015-07-07	4038	HSM7J4J9_MGX	H4038C3_MGX	15	15	male	CD	G111871	H4038	H4038C3	4	2015-07-07	14	6	10655262	Stool Collection #3	6	4038	Cincinnati	Some high school	Student	No	Yes
SRR5935822	HSM7J4JD	2015-08-04	4038	HSM7J4JD_MGX	H4038C5	15	15	male	CD	G110332	H4038	H4038C5	8	2015-08-04	14	8	13365293	Stool Collection #5	8	4038	Cincinnati	Some high school	Student	No	Yes
SRR5950566	HSM7J4JF	2015-08-18	4038	HSM7J4JF_MGX	H4038C6_MGX	15	15	male	CD	G111891	H4038	H4038C6	10	2015-08-18	14	9	15646868	Stool Collection #6	9	4038	Cincinnati	Some high school	Student	No	Yes
SRR5936149	HSMA33NA	2015-09-15	4038	HSMA33NA_MGX	H4038C8	15	15	male	CD	G110343	H4038	H4038C8	14	2015-09-15	13	12	13106647	Stool Collection #8	12	4038	Cincinnati	Some high school	Student	No	Yes
SRR5946979	HSMA33NC	2015-09-30	4038	HSMA33NC_MGX	H4038C9	15	15	male	CD	G111882	H4038	H4038C9	16	2015-09-30	15	13	13188455	Stool Collection #9	13	4038	Cincinnati	Some high school	Student	Yes	Yes
SRR5946807	HSMA33KE	2015-11-24	4038	HSMA33KE_MGX	H4038C13	15	15	male	CD	G110347	H4038	H4038C13	24	2015-11-24	12	18	10869291	Stool Collection #13	18	4038	Cincinnati	Some high school	Student	No	Yes
SRR5946841	HSMA33KM	2016-02-04	4038	HSMA33KM_MGX	H4038C18	15	15	male	CD	G111874	H4038	H4038C18	34	2016-02-04	15	23	12289543	Stool Collection #18	23	4038	Cincinnati	Some high school	Student	No	Yes
SRR5950749	HSMA33KO	2016-02-17	4038	HSMA33KO_MGX	H4038C19_MGX	15	15	male	CD	G111844	H4038	H4038C19	36	2016-02-17	13	25	9562210	Stool Collection #19	25	4038	Cincinnati	Some high school	Student	No	Yes
SRR5950535	HSMA33PX	2016-03-02	4038	HSMA33PX_MGX	H4038C20_MGX	15	15	male	CD	G111839	H4038	H4038C20	38	2016-03-02	14	26	11131994	Stool Collection #20	26	4038	Cincinnati	Some high school	Student	No	Yes
SRR5946764	HSMA33PZ	2016-03-22	4038	HSMA33PZ_MGX	H4038C21	15	15	male	CD	G110276	H4038	H4038C21	41	2016-03-22	20	27	16776657	Stool Collection #21	27	4038	Cincinnati	Some high school	Student	Yes	Yes
SRR5946886	HSMA33Q6	2016-05-11	4038	HSMA33Q6_MGX	H4038C24	15	15	male	CD	G110376	H4038	H4038C24	48	2016-05-11	13	30	11039915	Stool Collection #24	30	4038	Cincinnati	Some high school	Student	No	Yes
SRR5935743	HSM7J4LP	2015-06-15	4039	HSM7J4LP_MGX	H4039C1	12	12	female	CD	G110408	H4039	H4039C1	0	2015-06-15	0	4	201473	Stool Collection #1	4	4039	Cincinnati	7th grade or less	Student	Yes	No
SRR5935955	HSM7J4JH	2015-06-30	4039	HSM7J4JH_MGX	H4039C2	12	12	female	CD	G110411	H4039	H4039C2	2	2015-06-30	15	5	5429628	Stool Collection #2	5	4039	Cincinnati	7th grade or less	Student	Yes	No
SRR5936091	HSM7J4JJ	2015-07-14	4039	HSM7J4JJ_MGX	H4039C3	12	12	female	CD	G110413	H4039	H4039C3	4	2015-07-14	14	6	13354597	Stool Collection #3	6	4039	Cincinnati	7th grade or less	Student	No	No
SRR5936102	HSM7J4JN	2015-08-11	4039	HSM7J4JN_MGX	H4039C5	12	12	female	CD	G110434	H4039	H4039C5	8	2015-08-11	14	8	5823381	Stool Collection #5	8	4039	Cincinnati	7th grade or less	Student	No	No
SRR5950573	HSM7J4JP	2015-08-25	4039	HSM7J4JP_MGX	H4039C6_MGX	12	12	female	CD	G111893	H4039	H4039C6	10	2015-08-25	14	9	9891418	Stool Collection #6	9	4039	Cincinnati	7th grade or less	Student	No	No
SRR5946972	HSMA33NO	2015-10-06	4039	HSMA33NO_MGX	H4039C9	12	12	female	CD	G110425	H4039	H4039C9	16	2015-10-06	14	13	13994575	Stool Collection #9	13	4039	Cincinnati	7th grade or less	Student	No	No
SRR5947076	HSMA33NQ	2015-10-20	4039	HSMA33NQ_MGX	H4039C10	12	12	female	CD	G110427	H4039	H4039C10	18	2015-10-20	14	14	6682428	Stool Collection #10	14	4039	Cincinnati	7th grade or less	Student	No	No
SRR5950613	HSMA33KQ	2015-12-01	4039	HSMA33KQ_MGX	H4039C13_MGX	12	12	female	CD	G111906	H4039	H4039C13	24	2015-12-01	14	18	6753788	Stool Collection #13	18	4039	Cincinnati	7th grade or less	Student	No	No
SRR5950611	HSMA33KS	2015-12-15	4039	HSMA33KS_MGX	H4039C14_MGX	12	12	female	CD	G111911	H4039	H4039C14	26	2015-12-15	14	19	13211670	Stool Collection #14	19	4039	Cincinnati	7th grade or less	Student	No	No
SRR5946900	HSMA33KU	2016-01-05	4039	HSMA33KU_MGX	H4039C15	12	12	female	CD	G110391	H4039	H4039C15	29	2016-01-05	21	20	11835019	Stool Collection #15	20	4039	Cincinnati	7th grade or less	Student	No	No
SRR5946960	HSMA33L1	2016-02-09	4039	HSMA33L1_MGX	H4039C18	12	12	female	CD	G110386	H4039	H4039C18	34	2016-02-09	13	23	10097398	Stool Collection #18	23	4039	Cincinnati	7th grade or less	Student	No	No
SRR5946721	HSMA33PL	2016-02-23	4039	HSMA33PL_MGX	H4039C19	12	12	female	CD	G110387	H4039	H4039C19	36	2016-02-23	14	25	10346691	Stool Collection #19	25	4039	Cincinnati	7th grade or less	Student	No	No
SRR5950537	HSMA33PN	2016-03-08	4039	HSMA33PN_MGX	H4039C20_MGX	12	12	female	CD	G111840	H4039	H4039C20	38	2016-03-08	14	26	12354902	Stool Collection #20	26	4039	Cincinnati	7th grade or less	Student	No	No
SRR5935875	HSM7J4NO	2015-08-04	4040	HSM7J4NO_MGX	H4040C2	17	13	female	UC	G110432	H4040	H4040C2	2	2015-08-04	19	5	19098642	Stool Collection #2	5	4040	Cincinnati	Some high school	Student	No	No
SRR5935925	HSM7J4NS	2015-09-03	4040	HSM7J4NS_MGX	H4040C4	17	13	female	UC	G110436	H4040	H4040C4	7	2015-09-03	14	7	14408922	Stool Collection #4	7	4040	Cincinnati	Some high school	Student	No	No
SRR5946964	HSM7J4NU	2015-09-23	4040	HSM7J4NU_MGX	H4040C5	17	13	female	UC	G110421	H4040	H4040C5	9	2015-09-23	20	8	15833273	Stool Collection #5	8	4040	Cincinnati	Some high school	Student	No	No
SRR5946736	HSMA33OD	2015-11-06	4040	HSMA33OD_MGX	H4040C9	17	13	female	UC	G110438	H4040	H4040C9	16	2015-11-06	8	13	12621529	Stool Collection #9	13	4040	Cincinnati	Some high school	Student	No	No
SRR5946675	HSMA33OJ	2015-12-23	4040	HSMA33OJ_MGX	H4040C13	17	13	female	UC	G110390	H4040	H4040C13	22	2015-12-23	12	18	15904735	Stool Collection #13	18	4040	Cincinnati	Some high school	Student	No	No
SRR5950657	HSMA33OL	2016-01-14	4040	HSMA33OL_MGX	H4040C14_MGX	17	13	female	UC	G111853	H4040	H4040C14	26	2016-01-14	22	19	14850127	Stool Collection #14	19	4040	Cincinnati	Some high school	Student	No	No
SRR5950574	HSMA33LX	2016-03-11	4040	HSMA33LX_MGX	H4040C18_MGX	17	13	female	UC	G111847	H4040	H4040C18	34	2016-03-11	57	23	16115545	Stool Collection #18	23	4040	Cincinnati	Some high school	Student	No	No
SRR5950513	HSMA33LZ	2016-03-31	4040	HSMA33LZ_MGX	H4040C19_MGX	17	13	female	UC	G111849	H4040	H4040C19	37	2016-03-31	20	25	16962394	Stool Collection #19	25	4040	Cincinnati	Some high school	Student	No	No
SRR5946830	HSMA33M2	2016-04-07	4040	HSMA33M2_MGX	H4040C20	17	13	female	UC	G110371	H4040	H4040C20	38	2016-04-07	7	26	9505963	Stool Collection #20	26	4040	Cincinnati	Some high school	Student	No	No
SRR5946894	HSMA33M8	2016-05-23	4040	HSMA33M8_MGX	H4040C23	17	13	female	UC	G110377	H4040	H4040C23	44	2016-05-23	19	29	12497910	Stool Collection #23	29	4040	Cincinnati	Some high school	Student	No	No
SRR5950647	HSMA33MX	2015-09-10	4042	HSMA33MX_MGX	H4042C2_MGX	15	15	male	UC	G111886	H4042	H4042C2	2	2015-09-10	17	5	213433	Stool Collection #2	5	4042	Cincinnati	Some high school	Student	No	No
SRR5946963	HSMA33MZ	2015-09-24	4042	HSMA33MZ_MGX	H4042C3	15	15	male	UC	G110423	H4042	H4042C3	4	2015-09-24	14	6	7618149	Stool Collection #3	6	4042	Cincinnati	Some high school	Student	No	No
SRR5947054	HSMA33N4	2015-10-21	4042	HSMA33N4_MGX	H4042C5	15	15	male	UC	G111897	H4042	H4042C5	8	2015-10-21	8	8	195363	Stool Collection #5	8	4042	Cincinnati	Some high school	Student	No	No
SRR5946983	HSMA33IO	2015-12-14	4042	HSMA33IO_MGX	H4042C9	15	15	male	UC	G111909	H4042	H4042C9	16	2015-12-14	41	13	129901	Stool Collection #9	13	4042	Cincinnati	Some high school	Student	No	No
SRR5950743	HSMA33IS	2016-02-19	4042	HSMA33IS_MGX	H4042C13_MGX	15	15	male	UC	G111858	H4042	H4042C13	25	2016-02-19	31	18	1931688	Stool Collection #13	18	4042	Cincinnati	Some high school	Student	No	No
SRR5946888	HSMA33RD	2016-05-03	4042	HSMA33RD_MGX	H4042C18	15	15	male	UC	G110374	H4042	H4042C18	36	2016-05-03	28	23	15211153	Stool Collection #18	23	4042	Cincinnati	Some high school	Student	No	No
SRR5946898	HSMA33RF	2016-05-24	4042	HSMA33RF_MGX	H4042C20	15	15	male	UC	G110378	H4042	H4042C20	39	2016-05-24	21	26	8089018	Stool Collection #20	26	4042	Cincinnati	Some high school	Student	No	No
SRR5946860	HSMA33IE	2015-10-06	4043	HSMA33IE_MGX	H4043C2	14	14	female	CD	G110422	H4043	H4043C2	2	2015-10-06	14	5	8404210	Stool Collection #2	5	4043	Cincinnati	Some high school	Student	No	No
SRR5950497	HSMA33IG	2015-10-21	4043	HSMA33IG_MGX	H4043C3_MGX	14	14	female	CD	G111898	H4043	H4043C3	4	2015-10-21	15	6	10332792	Stool Collection #3	6	4043	Cincinnati	Some high school	Student	No	No
SRR5946932	HSMA33IK	2015-11-18	4043	HSMA33IK_MGX	H4043C5	14	14	female	CD	G110444	H4043	H4043C5	8	2015-11-18	14	8	9933722	Stool Collection #5	8	4043	Cincinnati	Some high school	Student	No	No
SRR5950659	HSMA33LP	2016-01-13	4043	HSMA33LP_MGX	H4043C9_MGX	14	14	female	CD	G111852	H4043	H4043C9	16	2016-01-13	8	13	15872061	Stool Collection #9	13	4043	Cincinnati	Some high school	Student	No	No
SRR5946767	HSMA33QY	2016-03-15	4043	HSMA33QY_MGX	H4043C12	14	14	female	CD	G110384	H4043	H4043C12	25	2016-03-15	21	16	6582004	Stool Collection #12	16	4043	Cincinnati	Some high school	Student	No	No
SRR5946839	HSMA33R1	2016-03-22	4043	HSMA33R1_MGX	H4043C13	14	14	female	CD	G111841	H4043	H4043C13	26	2016-03-22	7	18	13133187	Stool Collection #13	18	4043	Cincinnati	Some high school	Student	No	No
SRR5946827	HSMA33R5	2016-04-20	4043	HSMA33R5_MGX	H4043C16	14	14	female	CD	G110373	H4043	H4043C16	30	2016-04-20	18	21	14055123	Stool Collection #16	21	4043	Cincinnati	Some high school	Student	No	No
SRR5950557	HSMA33R7	2016-05-10	4043	HSMA33R7_MGX	H4043C17_MGX	14	14	female	CD	G111859	H4043	H4043C17	33	2016-05-10	20	22	8556180	Stool Collection #17	22	4043	Cincinnati	Some high school	Student	No	No
SRR5950552	HSMA33R9	2016-05-26	4043	HSMA33R9_MGX	H4043C19_MGX	14	14	female	CD	G111842	H4043	H4043C19	35	2016-05-26	16	25	5614559	Stool Collection #19	25	4043	Cincinnati	Some high school	Student	No	No
SRR5946840	HSMA33S4	2016-06-16	4043	HSMA33S4_MGX	H4043C20	14	14	female	CD	G111836	H4043	H4043C20	38	2016-06-16	21	26	9016669	Stool Collection #20	26	4043	Cincinnati	Some high school	Student	No	No
SRR5950684	HSMA33NW	2015-09-23	4044	HSMA33NW_MGX	H4044C1_MGX	16	16	male	UC	G111879	H4044	H4044C1	0	2015-09-23	0	4	9290162	Stool Collection #1	4	4044	Cincinnati	Some high school	Student	No	No
SRR5946732	HSMA33P6	2015-11-06	4044	HSMA33P6_MGX	H4044C4	16	16	male	UC	G110437	H4044	H4044C4	6	2015-11-06	24	7	10189134	Stool Collection #4	7	4044	Cincinnati	Some high school	Student	No	No
SRR5946738	HSMA33IA	2015-11-10	4044	HSMA33IA_MGX	H4044C5	16	16	male	UC	G110439	H4044	H4044C5	6	2015-11-10	4	8	17280649	Stool Collection #5	8	4044	Cincinnati	Some high school	Student	No	No
SRR5946809	HSMA33IC	2015-11-20	4044	HSMA33IC_MGX	H4044C6	16	16	male	UC	G110445	H4044	H4044C6	8	2015-11-20	10	9	14231082	Stool Collection #6	9	4044	Cincinnati	Some high school	Student	No	No
SRR5947067	HSMA33LB	2016-01-13	4044	HSMA33LB_MGX	H4044C9	16	16	male	UC	G110385	H4044	H4044C9	16	2016-01-13	26	13	1725829	Stool Collection #9	13	4044	Cincinnati	Some high school	Student	No	No
SRR5946726	HSMA33LH	2016-03-03	4044	HSMA33LH_MGX	H4044C12	16	16	male	UC	G110389	H4044	H4044C12	23	2016-03-03	15	16	3781297	Stool Collection #12	16	4044	Cincinnati	Some high school	Student	No	No
SRR5962907	HSMA33LH_TR	2016-03-03	4044	HSMA33LH_TR_MGX	H4044C12_TR_MGX	16	16	male	UC	H4044C12_MGX	H4044	H4044C12	23	2016-03-03	15	16	7815959	Stool Collection #12	16	4044	Cincinnati	Some high school	Student	No	No
SRR5946717	HSMA33LJ	2016-03-14	4044	HSMA33LJ_MGX	H4044C13	16	16	male	UC	G110383	H4044	H4044C13	24	2016-03-14	11	18	11202531	Stool Collection #13	18	4044	Cincinnati	Some high school	Student	No	No
SRR5950597	HSMA33RR	2016-04-12	4044	HSMA33RR_MGX	H4044C15_MGX	16	16	male	UC	G111835	H4044	H4044C15	28	2016-04-12	13	20	2449780	Stool Collection #15	20	4044	Cincinnati	Some high school	Student	No	No
SRR5946636	HSMA33RT	2016-06-20	4044	HSMA33RT_MGX	H4044C20	16	16	male	UC	G110379	H4044	H4044C20	38	2016-06-20	69	26	12661030	Stool Collection #20	26	4044	Cincinnati	Some high school	Student	No	No
SRR5946705	HSMA33RX	2016-08-04	4044	HSMA33RX_MGX	H4044C21	16	16	male	UC	G110382	H4044	H4044C21	45	2016-08-04	45	27	18775617	Stool Collection #21	27	4044	Cincinnati	Some high school	Student	No	No
SRR5962885	HSMA33RX_TR	2016-08-04	4044	HSMA33RX_TR_MGX	H4044C21_TR_MGX	16	16	male	UC	H4044C21_MGX	H4044	H4044C21	45	2016-08-04	45	27	13529188	Stool Collection #21	27	4044	Cincinnati	Some high school	Student	No	No
SRR5950498	HSMA33NY	2015-10-23	4045	HSMA33NY_MGX	H4045C1_MGX	14		female	HD	G111885	H4045	H4045C1	0	2015-10-23	0	4	10499204	Stool Collection #1	4	4045	Cincinnati	Some high school	Student	No	No
SRR5946931	HSMA33J3	2015-11-18	4045	HSMA33J3_MGX	H4045C3	14		female	HD	G110443	H4045	H4045C3	3	2015-11-18	15	6	18002612	Stool Collection #3	6	4045	Cincinnati	Some high school	Student	No	No
SRR5947024	HSMA33J5	2015-12-03	4045	HSMA33J5_MGX	H4045C4	14		female	HD	G110446	H4045	H4045C4	5	2015-12-03	15	7	13917542	Stool Collection #4	7	4045	Cincinnati	Some high school	Student	No	No
SRR5950582	HSMA33J7	2015-12-15	4045	HSMA33J7_MGX	H4045C5_MGX	14		female	HD	G111910	H4045	H4045C5	7	2015-12-15	12	8	9794393	Stool Collection #5	8	4045	Cincinnati	Some high school	Student	No	No
SRR5950704	HSMA33J9	2016-01-07	4045	HSMA33J9_MGX	H4045C6_MGX	14		female	HD	G111850	H4045	H4045C6	10	2016-01-07	23	9	10143866	Stool Collection #6	9	4045	Cincinnati	Some high school	Student	No	No
SRR5946959	HSMA33MS	2016-02-12	4045	HSMA33MS_MGX	H4045C9	14		female	HD	G110388	H4045	H4045C9	16	2016-02-12	17	13	13819974	Stool Collection #9	13	4045	Cincinnati	Some high school	Student	No	No
SRR5950522	HSMA33QM	2016-04-02	4045	HSMA33QM_MGX	H4045C13_MGX	14		female	HD	G111848	H4045	H4045C13	23	2016-04-02	11	18	14368372	Stool Collection #13	18	4045	Cincinnati	Some high school	Student	No	No
SRR5946828	HSMA33QO	2016-04-19	4045	HSMA33QO_MGX	H4045C14	14		female	HD	G110372	H4045	H4045C14	25	2016-04-19	17	19	15278706	Stool Collection #14	19	4045	Cincinnati	Some high school	Student	No	No
SRR5950708	HSMA33SE	2016-06-14	4045	HSMA33SE_MGX	H4045C18_MGX	14		female	HD	G111837	H4045	H4045C18	33	2016-06-14	12	23	15224233	Stool Collection #18	23	4045	Cincinnati	Some high school	Student	No	No
SRR5946640	HSMA33SG	2016-06-29	4045	HSMA33SG_MGX	H4045C19	14		female	HD	G110380	H4045	H4045C19	35	2016-06-29	15	25	6476332	Stool Collection #19	25	4045	Cincinnati	Some high school	Student	No	No
SRR5946712	HSMA33SI	2016-07-14	4045	HSMA33SI_MGX	H4045C20	14		female	HD	G110381	H4045	H4045C20	37	2016-07-14	15	26	11849372	Stool Collection #20	26	4045	Cincinnati	Some high school	Student	No	No
SRR5946708	HSMA33SK	2016-07-27	4045	HSMA33SK_MGX	H4045C21	14		female	HD	G110375	H4045	H4045C21	39	2016-07-27	13	27	13138926	Stool Collection #21	27	4045	Cincinnati	Some high school	Student	No	No
SRR5946998	ESM5MEBE	2014-08-12	5001	ESM5MEBE_MGX	E5001C11	8	8	female	CD	G111920	E5001	E5001C11	19	2014-08-12	28	15	8735553	Stool Collection #11	15	5001	Emory	7th grade or less	Student	No	No
SRR5935911	ESM5GEXY	2014-09-16	5001	ESM5GEXY_MGX	E5001C12	8	8	female	CD	G110450	E5001	E5001C12	24	2014-09-16	35	16	16526433	Stool Collection #12	16	5001	Emory	7th grade or less	Student	No	No
SRR5935902	ESM5MEBG	2014-10-29	5001	ESM5MEBG_MGX	E5001C16	8	8	female	CD	G110452	E5001	E5001C16	31	2014-10-29	13	21	13106686	Stool Collection #16	21	5001	Emory	7th grade or less	Student	No	No
SRR5947092	ESM5MECQ	2014-11-12	5001	ESM5MECQ_MGX	E5001C17	8	8	female	CD	G111917	E5001	E5001C17	33	2014-11-12	14	22	12120273	Stool Collection #17	22	5001	Emory	7th grade or less	Student	No	No
SRR5946882	ESM5MEBI	2014-12-03	5001	ESM5MEBI_MGX	E5001C19	8	8	female	CD	G111929	E5001	E5001C19	36	2014-12-03	21	25	18213857	Stool Collection #19	25	5001	Emory	7th grade or less	Student	No	No
SRR5936070	ESM5MECL	2014-12-16	5001	ESM5MECL_MGX	E5001C20	8	8	female	CD	G110463	E5001	E5001C20	37	2014-12-16	13	26	17864647	Stool Collection #20	26	5001	Emory	7th grade or less	Student	No	No
SRR5935857	ESM5MEBS	2014-08-06	5004	ESM5MEBS_MGX	E5004C8	7	7	female	UC	G110461	E5004	E5004C8	13	2014-08-06	15	12	12248421	Stool Collection #8	12	5004	Emory	7th grade or less	Student	No	No
SRR5936083	ESM5MEBU	2014-08-20	5004	ESM5MEBU_MGX	E5004C9	7	7	female	UC	G110457	E5004	E5004C9	15	2014-08-20	14	13	11249841	Stool Collection #9	13	5004	Emory	7th grade or less	Student	No	No
SRR5946918	ESM5MEC3	2014-10-21	5004	ESM5MEC3_MGX	E5004C13	7	7	female	UC	G111899	E5004	E5004C13	24	2014-10-21	19	18	11609808	Stool Collection #13	18	5004	Emory	7th grade or less	Student	No	No
SRR5935758	ESM5MEC5	2014-10-30	5004	ESM5MEC5_MGX	E5004C14	7	7	female	UC	G110453	E5004	E5004C14	26	2014-10-30	9	19	8206601	Stool Collection #14	19	5004	Emory	7th grade or less	Student	No	No
SRR5946884	ESM5MEDU	2014-12-15	5004	ESM5MEDU_MGX	E5004C17	7	7	female	UC	G111922	E5004	E5004C17	32	2014-12-15	19	22	9667543	Stool Collection #17	22	5004	Emory	7th grade or less	Student	No	No
SRR5947091	ESM5MEC9	2015-01-09	5004	ESM5MEC9_MGX	E5004C19	7	7	female	UC	G111914	E5004	E5004C19	36	2015-01-09	25	25	16002434	Stool Collection #19	25	5004	Emory	7th grade or less	Student	No	No
SRR5946656	ESM718SY	2015-01-29	5004	ESM718SY_MGX	E5004C20	7	7	female	UC	G111924	E5004	E5004C20	39	2015-01-29	20	26	15277728	Stool Collection #20	26	5004	Emory	7th grade or less	Student	No	No
SRR5936113	ESM5ME9U	2015-02-24	5004	ESM5ME9U_MGX	E5004C22	7	7	female	UC	G110395	E5004	E5004C22	42	2015-02-24	18	28	13755773	Stool Collection #22	28	5004	Emory	7th grade or less	Student	No	No
SRR5936184	ESM5MEDN	2014-08-19	5009	ESM5MEDN_MGX	E5009C2	17		female	CD	G110456	E5009	E5009C2	2	2014-08-19	16	5	4953101	Stool Collection #2	5	5009	Emory	Some high school	Student	Yes	No
SRR5946667	ESM5MEDK	2014-09-23	5009	ESM5MEDK_MGX	E5009C5	17		female	CD	G111915	E5009	E5009C5	7	2014-09-23	14	8	15102309	Stool Collection #5	8	5009	Emory	Some high school	Student	No	No
SRR5946919	ESM5MEDD	2014-10-07	5009	ESM5MEDD_MGX	E5009C6	17		female	CD	G111916	E5009	E5009C6	9	2014-10-07	14	9	20097546	Stool Collection #6	9	5009	Emory	Some high school	Student	No	No
SRR5935934	ESM5MEDF	2014-10-21	5009	ESM5MEDF_MGX	E5009C7	17		female	CD	G110442	E5009	E5009C7	11	2014-10-21	14	11	9836954	Stool Collection #7	11	5009	Emory	Some high school	Student	No	No
SRR5946753	ESM718UH	2014-11-18	5009	ESM718UH_MGX	E5009C9	17		female	CD	G111918	E5009	E5009C9	15	2014-11-18	12	13	8571979	Stool Collection #9	13	5009	Emory	Some high school	Student	No	No
SRR5936050	ESM7F5AK	2015-01-26	5009	ESM7F5AK_MGX	E5009C13	17		female	CD	G110399	E5009	E5009C13	25	2015-01-26	20	18	13248853	Stool Collection #13	18	5009	Emory	Some high school	Student	No	No
SRR5946658	ESM7F5AM	2015-02-03	5009	ESM7F5AM_MGX	E5009C14	17		female	CD	G111925	E5009	E5009C14	26	2015-02-03	8	19	18977788	Stool Collection #14	19	5009	Emory	Some high school	Student	No	No
SRR5936203	ESM7F5CB	2015-03-31	5009	ESM7F5CB_MGX	E5009C18	17		female	CD	G110404	E5009	E5009C18	34	2015-03-31	5	23	13201583	Stool Collection #18	23	5009	Emory	Some high school	Student	No	No
SRR5946669	ESM7F5CD	2015-04-15	5009	ESM7F5CD_MGX	E5009C19	17		female	CD	G111862	E5009	E5009C19	36	2015-04-15	15	25	14152967	Stool Collection #19	25	5009	Emory	Some high school	Student	No	No
SRR5946798	ESM7F5CF	2015-04-28	5009	ESM7F5CF_MGX	E5009C20	17		female	CD	G111872	E5009	E5009C20	38	2015-04-28	13	26	17565108	Stool Collection #20	26	5009	Emory	Some high school	Student	No	No
SRR5935947	ESM5MEB7	2014-09-24	5013	ESM5MEB7_MGX	E5013C2	15	15	female	CD	G110451	E5013	E5013C2	1	2014-09-24	12	5	13633269	Stool Collection #2	5	5013	Emory	Some high school	Student	No	No
SRR5936049	ESM5MED2	2014-10-08	5013	ESM5MED2_MGX	E5013C3	15	15	female	CD	G110441	E5013	E5013C3	3	2014-10-08	14	6	17899624	Stool Collection #3	6	5013	Emory	Some high school	Student	No	No
SRR5935757	ESM718V8	2014-11-05	5013	ESM718V8_MGX	E5013C5	15	15	female	CD	G110454	E5013	E5013C5	7	2014-11-05	12	8	16286706	Stool Collection #5	8	5013	Emory	Some high school	Student	No	No
SRR5946757	ESM718V4	2014-11-19	5013	ESM718V4_MGX	E5013C6	15	15	female	CD	G111919	E5013	E5013C6	9	2014-11-19	14	9	16075116	Stool Collection #6	9	5013	Emory	Some high school	Student	No	No
SRR5936077	ESM718TK	2014-12-22	5013	ESM718TK_MGX	E5013C8	15	15	female	CD	G110465	E5013	E5013C8	14	2014-12-22	19	12	14787612	Stool Collection #8	12	5013	Emory	Some high school	Student	No	No
SRR5946812	ESM718TM	2015-01-08	5013	ESM718TM_MGX	E5013C9	15	15	female	CD	G111913	E5013	E5013C9	16	2015-01-08	17	13	5434094	Stool Collection #9	13	5013	Emory	Some high school	Student	No	No
SRR5935896	ESM718TF	2015-02-11	5013	ESM718TF_MGX	E5013C12	15	15	female	CD	G110393	E5013	E5013C12	21	2015-02-11	13	16	12409479	Stool Collection #12	16	5013	Emory	Some high school	Student	No	No
SRR5946616	ESM718T9	2015-02-26	5013	ESM718T9_MGX	E5013C13	15	15	female	CD	G111857	E5013	E5013C13	23	2015-02-26	15	18	10642295	Stool Collection #13	18	5013	Emory	Some high school	Student	No	No
SRR5935886	ESM718T7	2015-03-18	5013	ESM718T7_MGX	E5013C14	15	15	female	CD	G110402	E5013	E5013C14	26	2015-03-18	20	19	16942105	Stool Collection #14	19	5013	Emory	Some high school	Student	No	No
SRR5935867	ESM7F5C5	2015-04-09	5013	ESM7F5C5_MGX	E5013C16	15	15	female	CD	G110406	E5013	E5013C16	29	2015-04-09	15	21	10603699	Stool Collection #16	21	5013	Emory	Some high school	Student	No	No
SRR5946641	ESM7F5C7	2015-04-22	5013	ESM7F5C7_MGX	E5013C17	15	15	female	CD	G111846	E5013	E5013C17	31	2015-04-22	13	22	12526412	Stool Collection #17	22	5013	Emory	Some high school	Student	No	No
SRR5950666	ESM9IEP1	2015-06-18	5013	ESM9IEP1_MGX	E5013C20_MGX	15	15	female	CD	G111869	E5013	E5013C20	39	2015-06-18	57	26	7226136	Stool Collection #20	26	5013	Emory	Some high school	Student	No	No
SRR5947098	PSM6XBQS	2014-10-28	6005	PSM6XBQS_MGX	P6005C2	11	11	male	CD	G111900	P6005	P6005C2	2	2014-10-28	18	5	11330977	Stool Collection #2	5	6005	MGH Pediatrics	7th grade or less	Student	No	No
SRR5936007	PSM6XBQU	2014-11-12	6005	PSM6XBQU_MGX	P6005C3	11	11	male	CD	G110455	P6005	P6005C3	4	2014-11-12	15	6	13722413	Stool Collection #3	6	6005	MGH Pediatrics	7th grade or less	Student	No	No
SRR5962895	PSM6XBQY_TR	2014-12-10	6005	PSM6XBQY_TR_MGX	P6005C5_TR_MGX	11	11	male	CD	P6005C5_MGX	P6005	P6005C5	8	2014-12-10	15	8	4488300	Stool Collection #5	8	6005	MGH Pediatrics	7th grade or less	Student	No	No
SRR5935809	PSM6XBQY	2014-12-10	6005	PSM6XBQY_MGX	P6005C5	11	11	male	CD	G110462	P6005	P6005C5	8	2014-12-10	15	8	1539039	Stool Collection #5	8	6005	MGH Pediatrics	7th grade or less	Student	No	No
SRR5947051	PSM6XBR1	2014-12-23	6005	PSM6XBR1_MGX	P6005C6	11	11	male	CD	G111923	P6005	P6005C6	10	2014-12-23	13	9	13874912	Stool Collection #6	9	6005	MGH Pediatrics	7th grade or less	Student	No	No
SRR5946695	PSM6XBSS	2015-02-05	6005	PSM6XBSS_MGX	P6005C9	11	11	male	CD	G111926	P6005	P6005C9	16	2015-02-05	16	13	18033347	Stool Collection #9	13	6005	MGH Pediatrics	7th grade or less	Student	No	No
SRR5962897	PSM6XBSU_TR	2015-02-18	6005	PSM6XBSU_TR_MGX	P6005C10_TR_MGX	11	11	male	CD	P6005C10_MGX	P6005	P6005C10	18	2015-02-18	13	14	833	Stool Collection #10	14	6005	MGH Pediatrics	7th grade or less	Student	No	No
SRR5936106	PSM6XBSU	2015-02-18	6005	PSM6XBSU_MGX	P6005C10	11	11	male	CD	G110394	P6005	P6005C10	18	2015-02-18	13	14	12447218	Stool Collection #10	14	6005	MGH Pediatrics	7th grade or less	Student	No	No
SRR5946949	PSM6XBT1	2015-03-31	6005	PSM6XBT1_MGX	P6005C13	11	11	male	CD	G111843	P6005	P6005C13	24	2015-03-31	14	18	5134636	Stool Collection #13	18	6005	MGH Pediatrics	7th grade or less	Student	No	No
SRR5946699	PSM7J1C8	2015-04-14	6005	PSM7J1C8_MGX	P6005C14	11	11	male	CD	G111863	P6005	P6005C14	26	2015-04-14	14	19	17118024	Stool Collection #14	19	6005	MGH Pediatrics	7th grade or less	Student	No	No
SRR5936193	PSM7J1CC	2015-05-12	6005	PSM7J1CC_MGX	P6005C16	11	11	male	CD	G110416	P6005	P6005C16	30	2015-05-12	12	21	13913140	Stool Collection #16	21	6005	MGH Pediatrics	7th grade or less	Student	No	No
SRR5950667	PSM7J1CG	2015-06-10	6005	PSM7J1CG_MGX	P6005C18_MGX	11	11	male	CD	G111868	P6005	P6005C18	34	2015-06-10	14	23	15803635	Stool Collection #18	23	6005	MGH Pediatrics	7th grade or less	Student	Yes	No
SRR5935957	PSM7J1CI	2015-07-01	6005	PSM7J1CI_MGX	P6005C19	11	11	male	CD	G110412	P6005	P6005C19	37	2015-07-01	21	25	15448023	Stool Collection #19	25	6005	MGH Pediatrics	7th grade or less	Student	No	No
SRR5936172	PSM7J136	2015-07-29	6005	PSM7J136_MGX	P6005C20	11	11	male	CD	G110431	P6005	P6005C20	41	2015-07-29	28	26	12761785	Stool Collection #20	26	6005	MGH Pediatrics	7th grade or less	Student	No	No
SRR5935824	PSM7J13E	2015-09-22	6005	PSM7J13E_MGX	P6005C24	11	11	male	CD	G110429	P6005	P6005C24	49	2015-09-22	13	30	8745097	Stool Collection #24	30	6005	MGH Pediatrics	7th grade or less	Student	No	No
SRR5962890	PSM6XBRK_TR	2014-11-12	6009	PSM6XBRK_TR_MGX	P6009C1_TR_MGX	16	16	male	CD	P6009C1_MGX	P6009	P6009C1	0	2014-11-12	0	4	7021122	Stool Collection #1	4	6009	MGH Pediatrics	Some high school	Student	No	No
SRR5935960	PSM6XBRK	2014-11-12	6009	PSM6XBRK_MGX	P6009C1	16	16	male	CD	G110458	P6009	P6009C1	0	2014-11-12	0	4	10640474	Stool Collection #1	4	6009	MGH Pediatrics	Some high school	Student	No	No
SRR5935964	PSM6XBS4	2014-12-09	6009	PSM6XBS4_MGX	P6009C3	16	16	male	CD	G110460	P6009	P6009C3	3	2014-12-09	14	6	14288910	Stool Collection #3	6	6009	MGH Pediatrics	Some high school	Student	No	No
SRR5946745	PSM6XBS8	2015-01-06	6009	PSM6XBS8_MGX	P6009C5	16	16	male	CD	G111912	P6009	P6009C5	7	2015-01-06	14	8	11808834	Stool Collection #5	8	6009	MGH Pediatrics	Some high school	Student	No	No
SRR5946744	PSM6XBSA	2015-01-22	6009	PSM6XBSA_MGX	P6009C6	16	16	male	CD	G111860	P6009	P6009C6	10	2015-01-22	16	9	11987449	Stool Collection #6	9	6009	MGH Pediatrics	Some high school	Student	No	No
SRR5946795	PSM6XBTL	2015-03-31	6009	PSM6XBTL_MGX	P6009C11	16	16	male	CD	G111930	P6009	P6009C11	19	2015-03-31	14	15	17696156	Stool Collection #11	15	6009	MGH Pediatrics	Some high school	Student	Yes	No
SRR5936066	PSM6XBTP	2015-04-28	6009	PSM6XBTP_MGX	P6009C13	16	16	male	CD	G110407	P6009	P6009C13	23	2015-04-28	14	18	14094445	Stool Collection #13	18	6009	MGH Pediatrics	Some high school	Student	No	No
SRR5936164	PSM7J1CU	2015-07-28	6009	PSM7J1CU_MGX	P6009C19	16	16	male	CD	G110415	P6009	P6009C19	36	2015-07-28	21	25	12222284	Stool Collection #19	25	6009	MGH Pediatrics	Some high school	Student	No	No
SRR5962884	PSM7J13Y	2015-09-10	6009	PSM7J13Y_MGX	P6009C22_MGX	16	16	male	CD	G111921	P6009	P6009C22	43	2015-09-10	16	28	13080683	Stool Collection #22	28	6009	MGH Pediatrics	Some high school	Student	No	No
SRR5935823	PSM7J141	2015-09-22	6009	PSM7J141_MGX	P6009C23	16	16	male	CD	G110430	P6009	P6009C23	44	2015-09-22	12	29	20771083	Stool Collection #23	29	6009	MGH Pediatrics	Some high school	Student	No	No
SRR5936074	PSM6XBSI	2014-12-17	6010	PSM6XBSI_MGX	P6010C2	10	10	male	CD	G110464	P6010	P6010C2	2	2014-12-17	14	5	10714403	Stool Collection #2	5	6010	MGH Pediatrics	7th grade or less	Student	No	No
SRR5936032	PSM6XBSO	2015-01-06	6010	PSM6XBSO_MGX	P6010C3	10	10	male	CD	G110449	P6010	P6010C3	4	2015-01-06	20	6	2410557	Stool Collection #3	6	6010	MGH Pediatrics	7th grade or less	Student	No	No
SRR5950713	PSM6XBSM	2015-01-20	6010	PSM6XBSM_MGX	P6010C4_MGX	10	10	male	CD	G110447	P6010	P6010C4	6	2015-01-20	14	7	8614593	Stool Collection #4	7	6010	MGH Pediatrics	7th grade or less	Student	No	No
SRR5946698	PSM6XBSK	2015-02-05	6010	PSM6XBSK_MGX	P6010C5	10	10	male	CD	G111928	P6010	P6010C5	9	2015-02-05	16	8	12022432	Stool Collection #5	8	6010	MGH Pediatrics	7th grade or less	Student	No	No
SRR5935982	PSM6XBV2	2015-02-17	6010	PSM6XBV2_MGX	P6010C6	10	10	male	CD	G110392	P6010	P6010C6	10	2015-02-17	12	9	6000186	Stool Collection #6	9	6010	MGH Pediatrics	7th grade or less	Student	No	No
SRR5935791	PSM6XBV4	2015-03-03	6010	PSM6XBV4_MGX	P6010C7	10	10	male	CD	G110397	P6010	P6010C7	12	2015-03-03	14	11	10140220	Stool Collection #7	11	6010	MGH Pediatrics	7th grade or less	Student	Yes	No
SRR5935879	PSM6XBUG	2015-03-24	6010	PSM6XBUG_MGX	P6010C8	10	10	male	CD	G110403	P6010	P6010C8	15	2015-03-24	21	12	9894551	Stool Collection #8	12	6010	MGH Pediatrics	7th grade or less	Student	Yes	No
SRR5936202	PSM6XBUI	2015-04-07	6010	PSM6XBUI_MGX	P6010C10	10	10	male	CD	G110405	P6010	P6010C10	17	2015-04-07	14	14	1484805	Stool Collection #10	14	6010	MGH Pediatrics	7th grade or less	Student	Yes	No
SRR5946642	PSM6XBUM	2015-04-24	6010	PSM6XBUM_MGX	P6010C11	10	10	male	CD	G111864	P6010	P6010C11	20	2015-04-24	17	15	13792568	Stool Collection #11	15	6010	MGH Pediatrics	7th grade or less	Student	No	No
SRR5936023	PSM6XBUK	2015-05-05	6010	PSM6XBUK_MGX	P6010C12	10	10	male	CD	G110400	P6010	P6010C12	21	2015-05-05	11	16	15132822	Stool Collection #12	16	6010	MGH Pediatrics	7th grade or less	Student	No	No
SRR5935803	PSM6XBUQ	2015-05-19	6010	PSM6XBUQ_MGX	P6010C13	10	10	male	CD	G110417	P6010	P6010C13	23	2015-05-19	14	18	18392585	Stool Collection #13	18	6010	MGH Pediatrics	7th grade or less	Student	No	No
SRR5950639	PSM6XBUO	2015-06-02	6010	PSM6XBUO_MGX	P6010C14_MGX	10	10	male	CD	G111878	P6010	P6010C14	25	2015-06-02	14	19	12931886	Stool Collection #14	19	6010	MGH Pediatrics	7th grade or less	Student	No	No
SRR5935744	PSM7J18E	2015-06-16	6010	PSM7J18E_MGX	P6010C15	10	10	male	CD	G110409	P6010	P6010C15	27	2015-06-16	14	20	15328392	Stool Collection #15	20	6010	MGH Pediatrics	7th grade or less	Student	No	No
SRR5935952	PSM7J18G	2015-06-30	6010	PSM7J18G_MGX	P6010C16	10	10	male	CD	G110410	P6010	P6010C16	29	2015-06-30	14	21	14042650	Stool Collection #16	21	6010	MGH Pediatrics	7th grade or less	Student	No	No
SRR5936101	PSM7J18I	2015-07-14	6010	PSM7J18I_MGX	P6010C17	10	10	male	CD	G110414	P6010	P6010C17	31	2015-07-14	14	22	13924152	Stool Collection #17	22	6010	MGH Pediatrics	7th grade or less	Student	No	No
SRR5935861	PSM7J18K	2015-07-30	6010	PSM7J18K_MGX	P6010C18	10	10	male	CD	G110419	P6010	P6010C18	34	2015-07-30	16	23	12454794	Stool Collection #18	23	6010	MGH Pediatrics	7th grade or less	Student	No	Yes
SRR5936147	PSM7J18M	2015-08-11	6010	PSM7J18M_MGX	P6010C19	10	10	male	CD	G110433	P6010	P6010C19	35	2015-08-11	12	25	9290953	Stool Collection #19	25	6010	MGH Pediatrics	7th grade or less	Student	No	Yes
SRR5935920	PSM7J14L	2015-09-09	6010	PSM7J14L_MGX	P6010C20	10	10	male	CD	G110428	P6010	P6010C20	40	2015-09-09	29	26	10015758	Stool Collection #20	26	6010	MGH Pediatrics	7th grade or less	Student	No	Yes
SRR5935878	PSM7J14N	2015-09-22	6010	PSM7J14N_MGX	P6010C21	10	10	male	CD	G110420	P6010	P6010C21	41	2015-09-22	13	27	12313240	Stool Collection #21	27	6010	MGH Pediatrics	7th grade or less	Student	No	No
SRR5946859	PSM7J14P	2015-10-07	6010	PSM7J14P_MGX	P6010C22	10	10	male	CD	G110426	P6010	P6010C22	44	2015-10-07	15	28	13153319	Stool Collection #22	28	6010	MGH Pediatrics	7th grade or less	Student	No	No
SRR5947078	PSM7J14R	2015-10-20	6010	PSM7J14R_MGX	P6010C23	10	10	male	CD	G110424	P6010	P6010C23	45	2015-10-20	13	29	18882417	Stool Collection #23	29	6010	MGH Pediatrics	7th grade or less	Student	No	No
SRR5947087	PSM7J14T	2015-11-03	6010	PSM7J14T_MGX	P6010C24	10	10	male	CD	G110440	P6010	P6010C24	47	2015-11-03	14	30	7838658	Stool Collection #24	30	6010	MGH Pediatrics	7th grade or less	Student	No	No
SRR5935961	PSM6XBSE	2014-12-19	6012	PSM6XBSE_MGX	P6012C1	16	16	female	UC	G110459	P6012	P6012C1	0	2014-12-19	0	4	3222005	Stool Collection #1	4	6012	MGH Pediatrics	Some high school	Student	No	No
SRR5936034	PSM6XBVI	2015-01-06	6012	PSM6XBVI_MGX	P6012C2	16	16	female	UC	G110466	P6012	P6012C2	2	2015-01-06	18	5	12296239	Stool Collection #2	5	6012	MGH Pediatrics	Some high school	Student	No	No
SRR5936047	PSM6XBVK	2015-01-21	6012	PSM6XBVK_MGX	P6012C3	16	16	female	UC	G110398	P6012	P6012C3	4	2015-01-21	15	6	11267690	Stool Collection #3	6	6012	MGH Pediatrics	Some high school	Student	No	No
SRR5946697	PSM6XBVM	2015-02-05	6012	PSM6XBVM_MGX	P6012C4	16	16	female	UC	G111927	P6012	P6012C4	6	2015-02-05	15	7	10166042	Stool Collection #4	7	6012	MGH Pediatrics	Some high school	Student	No	No
SRR5946951	PSM6XBVO	2015-02-17	6012	PSM6XBVO_MGX	P6012C5	16	16	female	UC	G111855	P6012	P6012C5	8	2015-02-17	12	8	9804402	Stool Collection #5	8	6012	MGH Pediatrics	Some high school	Student	No	No
SRR5946990	PSM6XBVQ	2015-03-04	6012	PSM6XBVQ_MGX	P6012C6	16	16	female	UC	G111861	P6012	P6012C6	10	2015-03-04	15	9	19448318	Stool Collection #6	9	6012	MGH Pediatrics	Some high school	Student	No	No
SRR5946939	PSM6XBVS	2015-03-17	6012	PSM6XBVS_MGX	P6012C7	16	16	female	UC	G111958	P6012	P6012C7	12	2015-03-17	13	11	13479636	Stool Collection #7	11	6012	MGH Pediatrics	Some high school	Student	No	No
SRR5946850	PSM7J1B7	2015-04-07	6012	PSM7J1B7_MGX	P6012C8	16	16	female	UC	G111938	P6012	P6012C8	15	2015-04-07	21	12	12047569	Stool Collection #8	12	6012	MGH Pediatrics	Some high school	Student	No	No
SRR5946643	PSM7J1B9	2015-04-22	6012	PSM7J1B9_MGX	P6012C9	16	16	female	UC	G111953	P6012	P6012C9	17	2015-04-22	15	13	11459608	Stool Collection #9	13	6012	MGH Pediatrics	Some high school	Student	No	No
SRR5936024	PSM7J1BB	2015-05-06	6012	PSM7J1BB_MGX	P6012C11	16	16	female	UC	G110401	P6012	P6012C11	19	2015-05-06	14	15	16198960	Stool Collection #11	15	6012	MGH Pediatrics	Some high school	Student	No	No
SRR5950641	PSM7J1BD	2015-06-02	6012	PSM7J1BD_MGX	P6012C12_MGX	16	16	female	UC	G111970	P6012	P6012C12	23	2015-06-02	27	16	8443062	Stool Collection #12	16	6012	MGH Pediatrics	Some high school	Student	No	No
SRR5935994	PSM7J1BF	2015-06-02	6012	PSM7J1BF_MGX	P6012C13	16	16	female	UC	G110418	P6012	P6012C13	23	2015-06-02	0	18	13050356	Stool Collection #13	18	6012	MGH Pediatrics	Some high school	Student	No	No
SRR5950624	PSM7J1BH	2015-06-24	6012	PSM7J1BH_MGX	P6012C14_MGX	16	16	female	UC	G111962	P6012	P6012C14	26	2015-06-24	22	19	220	Stool Collection #14	19	6012	MGH Pediatrics	Some high school	Student	No	No
SRR5935775	PSM7J18Q	2015-08-25	6012	PSM7J18Q_MGX	P6012C18	16	16	female	UC	G110435	P6012	P6012C18	35	2015-08-25	62	23	13010195	Stool Collection #18	23	6012	MGH Pediatrics	Some high school	Student	No	No
SRR5936057	PSM6XBT3	2015-01-21	6013	PSM6XBT3_MGX	P6013C2	6	6	male	UC	G110448	P6013	P6013C2	2	2015-01-21	15	5	4554699	Stool Collection #2	5	6013	MGH Pediatrics	7th grade or less	Student	No	No
SRR5946661	PSM6XBT5	2015-02-04	6013	PSM6XBT5_MGX	P6013C3	6	6	male	UC	G111946	P6013	P6013C3	4	2015-02-04	14	6	1780518	Stool Collection #3	6	6013	MGH Pediatrics	7th grade or less	Student	No	No
SRR5946950	PSM6XBT7	2015-02-17	6013	PSM6XBT7_MGX	P6013C4	6	6	male	UC	G111947	P6013	P6013C4	6	2015-02-17	13	7	5463789	Stool Collection #4	7	6013	MGH Pediatrics	7th grade or less	Student	No	No
SRR5935789	PSM6XBT9	2015-03-03	6013	PSM6XBT9_MGX	P6013C5	6	6	male	UC	G110396	P6013	P6013C5	8	2015-03-03	14	8	1513695	Stool Collection #5	8	6013	MGH Pediatrics	7th grade or less	Student	No	No
SRR5946936	PSM6XBTB	2015-03-17	6013	PSM6XBTB_MGX	P6013C6	6	6	male	UC	G111959	P6013	P6013C6	10	2015-03-17	14	9	8909172	Stool Collection #6	9	6013	MGH Pediatrics	7th grade or less	Student	No	No
SRR5946728	PSM6XBTD	2015-04-02	6013	PSM6XBTD_MGX	P6013C7	6	6	male	UC	G111940	P6013	P6013C7	12	2015-04-02	16	11	1901	Stool Collection #7	11	6013	MGH Pediatrics	7th grade or less	Student	No	No
SRR5935864	PSM7J1AM	2015-04-15	6013	PSM7J1AM_MGX	P6013C8	6	6	male	UC	G110666	P6013	P6013C8	14	2015-04-15	13	12	7068364	Stool Collection #8	12	6013	MGH Pediatrics	7th grade or less	Student	No	No
SRR5946796	PSM7J1AS	2015-04-28	6013	PSM7J1AS_MGX	P6013C9	6	6	male	UC	G111957	P6013	P6013C9	16	2015-04-28	13	13	13145432	Stool Collection #9	13	6013	MGH Pediatrics	7th grade or less	Student	No	No
SRR5936194	PSM7J1AU	2015-05-12	6013	PSM7J1AU_MGX	P6013C10	6	6	male	UC	G110673	P6013	P6013C10	18	2015-05-12	14	14	10625108	Stool Collection #10	14	6013	MGH Pediatrics	7th grade or less	Student	No	No
SRR5950685	PSM7J1AO	2015-05-27	6013	PSM7J1AO_MGX	P6013C11_MGX	6	6	male	UC	G111969	P6013	P6013C11	20	2015-05-27	15	15	8915020	Stool Collection #11	15	6013	MGH Pediatrics	7th grade or less	Student	No	No
SRR5950670	PSM7J1AQ	2015-06-10	6013	PSM7J1AQ_MGX	P6013C12_MGX	6	6	male	UC	G111973	P6013	P6013C12	22	2015-06-10	14	16	11450698	Stool Collection #12	16	6013	MGH Pediatrics	7th grade or less	Student	No	No
SRR5950741	PSM7J1AW	2015-06-23	6013	PSM7J1AW_MGX	P6013C13_MGX	6	6	male	UC	G111963	P6013	P6013C13	24	2015-06-23	13	18	2498	Stool Collection #13	18	6013	MGH Pediatrics	7th grade or less	Student	No	No
SRR5936093	PSM7J193	2015-07-09	6013	PSM7J193_MGX	P6013C14	6	6	male	UC	G110678	P6013	P6013C14	26	2015-07-09	16	19	12478984	Stool Collection #14	19	6013	MGH Pediatrics	7th grade or less	Student	No	No
SRR5950505	PSM7J127	2015-07-22	6013	PSM7J127_MGX	P6013C15_MGX	6	6	male	UC	G111994	P6013	P6013C15	28	2015-07-22	13	20	15204626	Stool Collection #15	20	6013	MGH Pediatrics	7th grade or less	Student	No	No
SRR5950529	PSM7J129	2015-08-05	6013	PSM7J129_MGX	P6013C16_MGX	6	6	male	UC	G111997	P6013	P6013C16	30	2015-08-05	14	21	927	Stool Collection #16	21	6013	MGH Pediatrics	7th grade or less	Student	No	No
SRR5950608	PSM7J12B	2015-08-26	6013	PSM7J12B_MGX	P6013C17_MGX	6	6	male	UC	G111983	P6013	P6013C17	33	2015-08-26	21	22	13473141	Stool Collection #17	22	6013	MGH Pediatrics	7th grade or less	Student	No	No
SRR5936150	PSM7J12D	2015-09-11	6013	PSM7J12D_MGX	P6013C18	6	6	male	UC	G110719	P6013	P6013C18	35	2015-09-11	16	23	12249634	Stool Collection #18	23	6013	MGH Pediatrics	7th grade or less	Student	No	No
SRR5946977	PSM7J12F	2015-09-15	6013	PSM7J12F_MGX	P6013C19	6	6	male	UC	G111982	P6013	P6013C19	36	2015-09-15	4	25	5997261	Stool Collection #19	25	6013	MGH Pediatrics	7th grade or less	Student	No	No
SRR5950724	PSM7J169	2015-09-29	6013	PSM7J169_MGX	P6013C20_MGX	6	6	male	UC	G111976	P6013	P6013C20	38	2015-09-29	14	26	9823518	Stool Collection #20	26	6013	MGH Pediatrics	7th grade or less	Student	No	No
SRR5950494	PSM7J16F	2015-10-14	6013	PSM7J16F_MGX	P6013C21_MGX	6	6	male	UC	G112001	P6013	P6013C21	40	2015-10-14	15	27	9842374	Stool Collection #21	27	6013	MGH Pediatrics	7th grade or less	Student	No	No
SRR5950588	PSM7J16B	2015-11-10	6013	PSM7J16B_MGX	P6013C23_MGX	6	6	male	UC	G111998	P6013	P6013C23	44	2015-11-10	13	29	1157821	Stool Collection #23	29	6013	MGH Pediatrics	7th grade or less	Student	Yes	No
SRR5950615	PSM7J16H	2015-11-24	6013	PSM7J16H_MGX	P6013C24_MGX	6	6	male	UC	G112003	P6013	P6013C24	46	2015-11-24	14	30	231674	Stool Collection #24	30	6013	MGH Pediatrics	7th grade or less	Student	Yes	No
SRR5946623	PSM6XBTR	2015-02-25	6014	PSM6XBTR_MGX	P6014C3	15		male	HD	G111949	P6014	P6014C3	2	2015-02-25	14	6	16386647	Stool Collection #3	6	6014	MGH Pediatrics	Some high school	Student	Yes	No
SRR5946608	PSM6XBTT	2015-03-10	6014	PSM6XBTT_MGX	P6014C4	15		male	HD	G111950	P6014	P6014C4	3	2015-03-10	13	7	11352751	Stool Collection #4	7	6014	MGH Pediatrics	Some high school	Student	No	No
SRR5947012	PSM6XBTX	2015-04-09	6014	PSM6XBTX_MGX	P6014C6	15		male	HD	G111939	P6014	P6014C6	8	2015-04-09	17	9	6421675	Stool Collection #6	9	6014	MGH Pediatrics	Some high school	Student	No	No
SRR5946681	PSM6XBU2	2015-05-06	6014	PSM6XBU2_MGX	P6014C8	15		male	HD	G111967	P6014	P6014C8	12	2015-05-06	15	12	10469807	Stool Collection #8	12	6014	MGH Pediatrics	Some high school	Student	No	No
SRR5946684	PSM7J1DF	2015-06-10	6014	PSM7J1DF_MGX	P6014C10	15		male	HD	G111972	P6014	P6014C10	17	2015-06-10	21	14	6023090	Stool Collection #10	14	6014	MGH Pediatrics	Some high school	Student	No	No
SRR5950511	PSM7J1DL	2015-07-15	6014	PSM7J1DL_MGX	P6014C13_MGX	15		male	HD	G111964	P6014	P6014C13	22	2015-07-15	27	18	9838517	Stool Collection #13	18	6014	MGH Pediatrics	Some high school	Student	No	No
SRR5935771	PSM7J14X	2015-09-01	6014	PSM7J14X_MGX	P6014C14	15		male	HD	G110715	P6014	P6014C14	28	2015-09-01	48	19	9230241	Stool Collection #14	19	6014	MGH Pediatrics	Some high school	Student	No	No
SRR5946861	PSM7J154	2015-10-06	6014	PSM7J154_MGX	P6014C16	15		male	HD	G110707	P6014	P6014C16	33	2015-10-06	27	21	11283164	Stool Collection #16	21	6014	MGH Pediatrics	Some high school	Student	No	No
SRR5950550	PSM7J156	2015-10-27	6014	PSM7J156_MGX	P6014C17_MGX	15		male	HD	G111995	P6014	P6014C17	36	2015-10-27	21	22	9469051	Stool Collection #17	22	6014	MGH Pediatrics	Some high school	Student	No	No
SRR5936131	PSM7J199	2015-03-10	6016	PSM7J199_MGX	P6016C2	16	16	male	CD	G110665	P6016	P6016C2	2	2015-03-10	14	5	27283407	Stool Collection #2	5	6016	MGH Pediatrics	Some high school	Student	Yes	No
SRR5935877	PSM7J19B	2015-03-25	6016	PSM7J19B_MGX	P6016C3	16	16	male	CD	G110670	P6016	P6016C3	4	2015-03-25	15	6	19164661	Stool Collection #3	6	6016	MGH Pediatrics	Some high school	Student	Yes	No
SRR5936116	PSM7J19F	2015-04-21	6016	PSM7J19F_MGX	P6016C5	16	16	male	CD	G110667	P6016	P6016C5	8	2015-04-21	13	8	2319962	Stool Collection #5	8	6016	MGH Pediatrics	Some high school	Student	No	No
SRR5946781	PSM7J19H	2015-05-05	6016	PSM7J19H_MGX	P6016C6	16	16	male	CD	G111960	P6016	P6016C6	10	2015-05-05	14	9	2450165	Stool Collection #6	9	6016	MGH Pediatrics	Some high school	Student	No	No
SRR5935806	PSM7J19J	2015-05-19	6016	PSM7J19J_MGX	P6016C7	16	16	male	CD	G110681	P6016	P6016C7	12	2015-05-19	14	11	14472627	Stool Collection #7	11	6016	MGH Pediatrics	Some high school	Student	No	No
SRR5936015	PSM7J17L	2015-06-16	6016	PSM7J17L_MGX	P6016C9	16	16	male	CD	G110687	P6016	P6016C9	16	2015-06-16	12	13	15560528	Stool Collection #9	13	6016	MGH Pediatrics	Some high school	Student	No	No
SRR5950525	PSM7J17T	2015-08-11	6016	PSM7J17T_MGX	P6016C13_MGX	16	16	male	CD	G111984	P6016	P6016C13	24	2015-08-11	13	18	8871087	Stool Collection #13	18	6016	MGH Pediatrics	Some high school	Student	No	No
SRR5947034	PSM7J158	2015-08-26	6016	PSM7J158_MGX	P6016C14	16	16	male	CD	G111988	P6016	P6016C14	26	2015-08-26	15	19	11064267	Stool Collection #14	19	6016	MGH Pediatrics	Some high school	Student	No	No
SRR5935922	PSM7J15A	2015-09-09	6016	PSM7J15A_MGX	P6016C15	16	16	male	CD	G110716	P6016	P6016C15	28	2015-09-09	14	20	10540149	Stool Collection #15	20	6016	MGH Pediatrics	Some high school	Student	No	No
SRR5950496	PSM7J15G	2015-10-21	6016	PSM7J15G_MGX	P6016C18_MGX	16	16	male	CD	G111989	P6016	P6016C18	34	2015-10-21	15	23	11954479	Stool Collection #18	23	6016	MGH Pediatrics	Some high school	Student	No	No
SRR5950586	PSM7J15I	2015-11-04	6016	PSM7J15I_MGX	P6016C19_MGX	16	16	male	CD	G111977	P6016	P6016C19	36	2015-11-04	14	25	7960372	Stool Collection #19	25	6016	MGH Pediatrics	Some high school	Student	No	No
SRR5946926	PSMA265N	2015-11-17	6016	PSMA265N_MGX	P6016C20	16	16	male	CD	G110723	P6016	P6016C20	38	2015-11-17	13	26	5869394	Stool Collection #20	26	6016	MGH Pediatrics	Some high school	Student	No	No
SRR5946897	PSMA265T	2016-01-05	6016	PSMA265T_MGX	P6016C23	16	16	male	CD	G110690	P6016	P6016C23	45	2016-01-05	21	29	12982079	Stool Collection #23	29	6016	MGH Pediatrics	Some high school	Student	No	No
SRR5936204	PSM7J19N	2015-03-30	6017	PSM7J19N_MGX	P6017C3	11		male	HD	G110671	P6017	P6017C3	5	2015-03-30	39	6	12328872	Stool Collection #3	6	6017	MGH Pediatrics	7th grade or less	Student	No	No
SRR5936201	PSM7J19P	2015-04-03	6017	PSM7J19P_MGX	P6017C4	11		male	HD	G110668	P6017	P6017C4	6	2015-04-03	4	7	20363178	Stool Collection #4	7	6017	MGH Pediatrics	7th grade or less	Student	No	No
SRR5946704	PSM7J19R	2015-04-14	6017	PSM7J19R_MGX	P6017C5	11		male	HD	G111955	P6017	P6017C5	7	2015-04-14	11	8	11203983	Stool Collection #5	8	6017	MGH Pediatrics	7th grade or less	Student	No	No
SRR5946800	PSM7J19T	2015-04-27	6017	PSM7J19T_MGX	P6017C6	11		male	HD	G111965	P6017	P6017C6	9	2015-04-27	13	9	14485960	Stool Collection #6	9	6017	MGH Pediatrics	7th grade or less	Student	No	No
SRR5935781	PSM7J16U	2015-06-16	6017	PSM7J16U_MGX	P6017C9	11		male	HD	G110674	P6017	P6017C9	16	2015-06-16	14	13	8486972	Stool Collection #9	13	6017	MGH Pediatrics	7th grade or less	Student	No	No
SRR5950777	PSM7J16W	2015-07-28	6017	PSM7J16W_MGX	P6017C11_MGX	11		male	HD	G111986	P6017	P6017C11	22	2015-07-28	42	15	12213868	Stool Collection #11	15	6017	MGH Pediatrics	7th grade or less	Student	No	No
SRR5935820	PSM7J16Y	2015-09-22	6017	PSM7J16Y_MGX	P6017C12	11		male	HD	G110713	P6017	P6017C12	30	2015-09-22	56	16	12062555	Stool Collection #12	16	6017	MGH Pediatrics	7th grade or less	Student	No	No
SRR5946967	PSM7J171	2015-10-02	6017	PSM7J171_MGX	P6017C13	11		male	HD	G110708	P6017	P6017C13	32	2015-10-02	10	18	6301365	Stool Collection #13	18	6017	MGH Pediatrics	7th grade or less	Student	No	No
SRR5950547	PSM7J173	2015-10-27	6017	PSM7J173_MGX	P6017C14_MGX	11		male	HD	G111978	P6017	P6017C14	35	2015-10-27	25	19	12597698	Stool Collection #14	19	6017	MGH Pediatrics	7th grade or less	Student	No	No
SRR5946618	PSM6XBW3	2015-02-24	6018	PSM6XBW3_MGX	P6018C1	17		female	HD	G111948	P6018	P6018C1	0	2015-02-24	0	4	3105586	Stool Collection #1	4	6018	MGH Pediatrics	Some high school	Student	No	No
SRR5946647	PSM7J19Z	2015-03-25	6018	PSM7J19Z_MGX	P6018C3	17		female	HD	G111937	P6018	P6018C3	4	2015-03-25	15	6	3343262	Stool Collection #3	6	6018	MGH Pediatrics	Some high school	Student	Yes	No
SRR5935868	PSM7J1A2	2015-04-08	6018	PSM7J1A2_MGX	P6018C4	17		female	HD	G110669	P6018	P6018C4	6	2015-04-08	14	7	6411574	Stool Collection #4	7	6018	MGH Pediatrics	Some high school	Student	No	No
SRR5947061	PSM7J1A4	2015-04-22	6018	PSM7J1A4_MGX	P6018C5	17		female	HD	G111951	P6018	P6018C5	8	2015-04-22	14	8	7317154	Stool Collection #5	8	6018	MGH Pediatrics	Some high school	Student	No	No
SRR5936021	PSM7J1A6	2015-05-05	6018	PSM7J1A6_MGX	P6018C6	17		female	HD	G110672	P6018	P6018C6	10	2015-05-05	13	9	6268840	Stool Collection #6	9	6018	MGH Pediatrics	Some high school	Student	Yes	No
SRR5935801	PSM7J1A8	2015-05-19	6018	PSM7J1A8_MGX	P6018C7	17		female	HD	G110682	P6018	P6018C7	12	2015-05-19	14	11	13162425	Stool Collection #7	11	6018	MGH Pediatrics	Some high school	Student	No	No
SRR5935818	PSM7J17V	2015-06-03	6018	PSM7J17V_MGX	P6018C8	17		female	HD	G110684	P6018	P6018C8	14	2015-06-03	15	12	8877643	Stool Collection #8	12	6018	MGH Pediatrics	Some high school	Student	No	No
SRR5935747	PSM7J17X	2015-06-16	6018	PSM7J17X_MGX	P6018C9	17		female	HD	G110688	P6018	P6018C9	16	2015-06-16	13	13	3036388	Stool Collection #9	13	6018	MGH Pediatrics	Some high school	Student	No	No
SRR5935951	PSM7J17Z	2015-06-30	6018	PSM7J17Z_MGX	P6018C10	17		female	HD	G110675	P6018	P6018C10	18	2015-06-30	14	14	11785596	Stool Collection #10	14	6018	MGH Pediatrics	Some high school	Student	No	No
SRR5935840	PSM7J182	2015-07-14	6018	PSM7J182_MGX	P6018C11	17		female	HD	G110679	P6018	P6018C11	20	2015-07-14	14	15	14537709	Stool Collection #11	15	6018	MGH Pediatrics	Some high school	Student	No	No
SRR5936169	PSM7J184	2015-07-28	6018	PSM7J184_MGX	P6018C12	17		female	HD	G110705	P6018	P6018C12	22	2015-07-28	14	16	12654382	Stool Collection #12	16	6018	MGH Pediatrics	Some high school	Student	No	No
SRR5936103	PSM7J186	2015-08-11	6018	PSM7J186_MGX	P6018C13	17		female	HD	G110714	P6018	P6018C13	24	2015-08-11	14	18	9091837	Stool Collection #13	18	6018	MGH Pediatrics	Some high school	Student	No	No
SRR5947035	PSM7J15K	2015-08-26	6018	PSM7J15K_MGX	P6018C14	17		female	HD	G111975	P6018	P6018C14	26	2015-08-26	15	19	7652353	Stool Collection #14	19	6018	MGH Pediatrics	Some high school	Student	No	No
SRR5950654	PSM7J15M	2015-09-09	6018	PSM7J15M_MGX	P6018C15_MGX	17		female	HD	G111980	P6018	P6018C15	28	2015-09-09	14	20	5180227	Stool Collection #15	20	6018	MGH Pediatrics	Some high school	Student	No	No
SRR5935836	PSM7J15O	2015-09-22	6018	PSM7J15O_MGX	P6018C16	17		female	HD	G110706	P6018	P6018C16	30	2015-09-22	13	21	7326383	Stool Collection #16	21	6018	MGH Pediatrics	Some high school	Student	No	No
SRR5946970	PSM7J15Q	2015-10-06	6018	PSM7J15Q_MGX	P6018C17	17		female	HD	G110709	P6018	P6018C17	32	2015-10-06	14	22	8948849	Stool Collection #17	22	6018	MGH Pediatrics	Some high school	Student	No	No
SRR5947077	PSM7J15S	2015-10-20	6018	PSM7J15S_MGX	P6018C18	17		female	HD	G110711	P6018	P6018C18	34	2015-10-20	14	23	11131034	Stool Collection #18	23	6018	MGH Pediatrics	Some high school	Student	No	No
SRR5946735	PSM7J15U	2015-11-03	6018	PSM7J15U_MGX	P6018C19	17		female	HD	G110721	P6018	P6018C19	36	2015-11-03	14	25	4702537	Stool Collection #19	25	6018	MGH Pediatrics	Some high school	Student	No	No
SRR5950621	PSMA265D	2015-11-17	6018	PSMA265D_MGX	P6018C20_MGX	17		female	HD	G112000	P6018	P6018C20	38	2015-11-17	14	26	12307200	Stool Collection #20	26	6018	MGH Pediatrics	Some high school	Student	No	No
SRR5946806	PSMA265F	2015-12-01	6018	PSMA265F_MGX	P6018C21	17		female	HD	G110731	P6018	P6018C21	40	2015-12-01	14	27	8046885	Stool Collection #21	27	6018	MGH Pediatrics	Some high school	Student	No	No
SRR5946676	PSMA265L	2015-12-15	6018	PSMA265L_MGX	P6018C22	17		female	HD	G110729	P6018	P6018C22	42	2015-12-15	14	28	12600347	Stool Collection #22	28	6018	MGH Pediatrics	Some high school	Student	No	No
SRR5946610	PSMA265J	2016-01-04	6018	PSMA265J_MGX	P6018C23	17		female	HD	G110659	P6018	P6018C23	44	2016-01-04	20	29	15172644	Stool Collection #23	29	6018	MGH Pediatrics	Some high school	Student	No	No
SRR5962904	PSMA265J_TR	2016-01-04	6018	PSMA265J_TR_MGX	P6018C23_TR_MGX	17		female	HD	P6018C23_MGX	P6018	P6018C23	44	2016-01-04	20	29	15172644	Stool Collection #23	29	6018	MGH Pediatrics	Some high school	Student	No	No
SRR5946896	PSMA265H	2016-01-12	6018	PSMA265H_MGX	P6018C24	17		female	HD	G110662	P6018	P6018C24	46	2016-01-12	8	30	6733886	Stool Collection #24	30	6018	MGH Pediatrics	Some high school	Student	No	No
SRR5947008	PSM7J1BJ	2015-04-14	6024	PSM7J1BJ_MGX	P6024C3	16	16	male	CD	G111952	P6024	P6024C3	2	2015-04-14	14	6	1962220	Stool Collection #3	6	6024	MGH Pediatrics	Some high school	Student	No	No
SRR5946797	PSM7J1BL	2015-04-28	6024	PSM7J1BL_MGX	P6024C4	16	16	male	CD	G111956	P6024	P6024C4	4	2015-04-28	14	7	1946865	Stool Collection #4	7	6024	MGH Pediatrics	Some high school	Student	Yes	No
SRR5950682	PSM7J1BP	2015-05-27	6024	PSM7J1BP_MGX	P6024C6_MGX	16	16	male	CD	G111968	P6024	P6024C6	8	2015-05-27	15	9	2536223	Stool Collection #6	9	6024	MGH Pediatrics	Some high school	Student	Yes	No
SRR5936139	PSM7J1BR	2015-06-09	6024	PSM7J1BR_MGX	P6024C7	16	16	male	CD	G110685	P6024	P6024C7	10	2015-06-09	13	11	2552954	Stool Collection #7	11	6024	MGH Pediatrics	Some high school	Student	Yes	No
SRR5936100	PSM7J12J	2015-07-14	6024	PSM7J12J_MGX	P6024C9	16	16	male	CD	G110677	P6024	P6024C9	15	2015-07-14	19	13	8394354	Stool Collection #9	13	6024	MGH Pediatrics	Some high school	Student	No	No
SRR5936146	PSM7J12R	2015-09-10	6024	PSM7J12R_MGX	P6024C13	16	16	male	CD	G110718	P6024	P6024C13	23	2015-09-10	16	18	13348512	Stool Collection #13	18	6024	MGH Pediatrics	Some high school	Student	No	No
SRR5950730	PSMA263M	2015-09-24	6024	PSMA263M_MGX	P6024C14_MGX	16	16	male	CD	G111979	P6024	P6024C14	25	2015-09-24	14	19	15102031	Stool Collection #14	19	6024	MGH Pediatrics	Some high school	Student	No	No
SRR5950578	PSMA263S	2015-11-12	6024	PSMA263S_MGX	P6024C17_MGX	16	16	male	CD	G111999	P6024	P6024C17	32	2015-11-12	16	22	10567653	Stool Collection #17	22	6024	MGH Pediatrics	Some high school	Student	No	No
SRR5950579	PSMA263U	2015-12-02	6024	PSMA263U_MGX	P6024C18_MGX	16	16	male	CD	G111987	P6024	P6024C18	35	2015-12-02	20	23	10399762	Stool Collection #18	23	6024	MGH Pediatrics	Some high school	Student	No	No
SRR5946673	PSMA263W	2015-12-16	6024	PSMA263W_MGX	P6024C19	16	16	male	CD	G110735	P6024	P6024C19	37	2015-12-16	14	25	8255525	Stool Collection #19	25	6024	MGH Pediatrics	Some high school	Student	No	No
SRR5946690	PSM7J1BV	2015-04-14	6025	PSM7J1BV_MGX	P6025C2	17	17	male	UC	G111954	P6025	P6025C2	2	2015-04-14	18	5	12531635	Stool Collection #2	5	6025	MGH Pediatrics	Some high school	Student	No	No
SRR5946802	PSM7J1BX	2015-04-28	6025	PSM7J1BX_MGX	P6025C3	17	17	male	UC	G111966	P6025	P6025C3	4	2015-04-28	14	6	8758771	Stool Collection #3	6	6025	MGH Pediatrics	Some high school	Student	No	No
SRR5946687	PSM7J1C4	2015-06-10	6025	PSM7J1C4_MGX	P6025C6	17	17	male	UC	G111971	P6025	P6025C6	10	2015-06-10	14	9	11168249	Stool Collection #6	9	6025	MGH Pediatrics	Some high school	Student	No	No
SRR5950570	PSM7J12V	2015-07-22	6025	PSM7J12V_MGX	P6025C9_MGX	17	17	male	UC	G111993	P6025	P6025C9	16	2015-07-22	15	13	14309338	Stool Collection #9	13	6025	MGH Pediatrics	Some high school	Student	Yes	No
SRR5946975	PSM7J12Z	2015-09-09	6025	PSM7J12Z_MGX	P6025C11	17	17	male	UC	G111974	P6025	P6025C11	23	2015-09-09	14	15	16540935	Stool Collection #11	15	6025	MGH Pediatrics	Some high school	Student	No	No
SRR5946838	PSMA264K	2015-12-18	6025	PSMA264K_MGX	P6025C16	17	17	male	UC	G111941	P6025	P6025C16	38	2015-12-18	30	21	14771546	Stool Collection #16	21	6025	MGH Pediatrics	Some high school	Student	No	No
SRR5936187	PSM7J177	2015-05-12	6028	PSM7J177_MGX	P6028C2	9	9	male	CD	G110680	P6028	P6028C2	2	2015-05-12	14	5	136101	Stool Collection #2	5	6028	MGH Pediatrics	7th grade or less	Student	Yes	No
SRR5936055	PSM7J179	2015-05-27	6028	PSM7J179_MGX	P6028C3	9	9	male	CD	G110683	P6028	P6028C3	4	2015-05-27	15	6	1307671	Stool Collection #3	6	6028	MGH Pediatrics	7th grade or less	Student	Yes	No
SRR5936136	PSM7J17B	2015-06-09	6028	PSM7J17B_MGX	P6028C4	9	9	male	CD	G110686	P6028	P6028C4	6	2015-06-09	13	7	1926072	Stool Collection #4	7	6028	MGH Pediatrics	7th grade or less	Student	No	No
SRR5950631	PSM7J17D	2015-06-23	6028	PSM7J17D_MGX	P6028C5_MGX	9	9	male	CD	G111961	P6028	P6028C5	8	2015-06-23	14	8	990973	Stool Collection #5	8	6028	MGH Pediatrics	7th grade or less	Student	No	No
SRR5936096	PSM7J17F	2015-07-07	6028	PSM7J17F_MGX	P6028C6	9	9	male	CD	G110676	P6028	P6028C6	10	2015-07-07	14	9	941628	Stool Collection #6	9	6028	MGH Pediatrics	7th grade or less	Student	No	No
SRR5935921	PSM7J15W	2015-09-09	6028	PSM7J15W_MGX	P6028C8	9	9	male	CD	G110717	P6028	P6028C8	19	2015-09-09	50	12	7193262	Stool Collection #8	12	6028	MGH Pediatrics	7th grade or less	Student	No	No
SRR5946864	PSM7J161	2015-10-07	6028	PSM7J161_MGX	P6028C10	9	9	male	CD	G110710	P6028	P6028C10	23	2015-10-07	15	14	15198745	Stool Collection #10	14	6028	MGH Pediatrics	7th grade or less	Student	No	No
SRR5947079	PSM7J163	2015-10-20	6028	PSM7J163_MGX	P6028C11	9	9	male	CD	G110720	P6028	P6028C11	25	2015-10-20	13	15	9717628	Stool Collection #11	15	6028	MGH Pediatrics	7th grade or less	Student	No	No
SRR5946677	PSMA2668	2015-12-16	6028	PSMA2668_MGX	P6028C15	9	9	male	CD	G110734	P6028	P6028C15	33	2015-12-16	15	20	12162837	Stool Collection #15	20	6028	MGH Pediatrics	7th grade or less	Student	No	No
SRR5946837	PSMA266C	2016-01-21	6028	PSMA266C_MGX	P6028C17	9	9	male	CD	G111945	P6028	P6028C17	38	2016-01-21	14	22	2256	Stool Collection #17	22	6028	MGH Pediatrics	7th grade or less	Student	No	No
SRR5947030	PSM7J13I	2015-07-22	6033	PSM7J13I_MGX	P6033C2	15	15	male	CD	G111991	P6033	P6033C2	3	2015-07-22	21	5	11200953	Stool Collection #2	5	6033	MGH Pediatrics	Some high school	Student	No	No
SRR5947033	PSM7J13K	2015-08-04	6033	PSM7J13K_MGX	P6033C3	15	15	male	CD	G111992	P6033	P6033C3	4	2015-08-04	13	6	7813056	Stool Collection #3	6	6033	MGH Pediatrics	Some high school	Student	Yes	No
SRR5950607	PSM7J13Q	2015-09-01	6033	PSM7J13Q_MGX	P6033C5_MGX	15	15	male	CD	G111981	P6033	P6033C5	8	2015-09-01	14	8	18035439	Stool Collection #5	8	6033	MGH Pediatrics	Some high school	Student	No	No
SRR5936151	PSM7J13M	2015-09-15	6033	PSM7J13M_MGX	P6033C6	15	15	male	CD	G110712	P6033	P6033C6	10	2015-09-15	14	9	13818467	Stool Collection #6	9	6033	MGH Pediatrics	Some high school	Student	No	No
SRR5950546	PSMA2653	2015-11-03	6033	PSMA2653_MGX	P6033C9_MGX	15	15	male	CD	G111985	P6033	P6033C9	17	2015-11-03	14	13	9506877	Stool Collection #9	13	6033	MGH Pediatrics	Some high school	Student	No	No
SRR5946842	PSMA2659	2015-12-22	6033	PSMA2659_MGX	P6033C12	15	15	male	CD	G111942	P6033	P6033C12	24	2015-12-22	20	16	14220401	Stool Collection #12	16	6033	MGH Pediatrics	Some high school	Student	No	No
SRR5946901	PSMA265B	2016-01-05	6033	PSMA265B_MGX	P6033C13	15	15	male	CD	G110691	P6033	P6033C13	26	2016-01-05	14	18	8058457	Stool Collection #13	18	6033	MGH Pediatrics	Some high school	Student	No	No
SRR5950540	PSMA267D	2016-03-01	6033	PSMA267D_MGX	P6033C17_MGX	15	15	male	CD	G111935	P6033	P6033C17	34	2016-03-01	14	22	16531999	Stool Collection #17	22	6033	MGH Pediatrics	Some high school	Student	No	No
SRR5950517	PSMA267F	2016-03-15	6033	PSMA267F_MGX	P6033C18_MGX	15	15	male	CD	G111936	P6033	P6033C18	36	2016-03-15	14	23	15142434	Stool Collection #18	23	6033	MGH Pediatrics	Some high school	Student	No	No
SRR5946766	PSMA267H	2016-03-29	6033	PSMA267H_MGX	P6033C19	15	15	male	CD	G110698	P6033	P6033C19	38	2016-03-29	14	25	11574019	Stool Collection #19	25	6033	MGH Pediatrics	Some high school	Student	No	No
SRR5950495	PSMA264O	2015-10-20	6035	PSMA264O_MGX	P6035C2_MGX	16	16	male	UC	G111996	P6035	P6035C2	2	2015-10-20	14	5	11667607	Stool Collection #2	5	6035	MGH Pediatrics	Some high school	Student	No	No
SRR5950542	PSMA264Q	2015-11-03	6035	PSMA264Q_MGX	P6035C3_MGX	16	16	male	UC	G111990	P6035	P6035C3	4	2015-11-03	14	6	7081528	Stool Collection #3	6	6035	MGH Pediatrics	Some high school	Student	No	No
SRR5947062	PSMA264S	2015-11-17	6035	PSMA264S_MGX	P6035C4	16	16	male	UC	G110730	P6035	P6035C4	6	2015-11-17	14	7	9953119	Stool Collection #4	7	6035	MGH Pediatrics	Some high school	Student	No	No
SRR5946804	PSMA264U	2015-12-01	6035	PSMA264U_MGX	P6035C5	16	16	male	UC	G110732	P6035	P6035C5	8	2015-12-01	14	8	15284666	Stool Collection #5	8	6035	MGH Pediatrics	Some high school	Student	No	No
SRR5946986	PSMA264W	2015-12-15	6035	PSMA264W_MGX	P6035C6	16	16	male	UC	G112002	P6035	P6035C6	10	2015-12-15	14	9	12337030	Stool Collection #6	9	6035	MGH Pediatrics	Some high school	Student	No	No
SRR5947065	PSMA267J	2016-01-19	6035	PSMA267J_MGX	P6035C8	16	16	male	UC	G110663	P6035	P6035C8	15	2016-01-19	14	12	25912590	Stool Collection #8	12	6035	MGH Pediatrics	Some high school	Student	No	No
SRR5946763	PSMA267P	2016-03-15	6035	PSMA267P_MGX	P6035C11	16	16	male	UC	G110696	P6035	P6035C11	23	2016-03-15	14	15	21010364	Stool Collection #11	15	6035	MGH Pediatrics	Some high school	Student	No	No
SRR5946765	PSMA267R	2016-03-29	6035	PSMA267R_MGX	P6035C12	16	16	male	UC	G110697	P6035	P6035C12	25	2016-03-29	14	16	14806486	Stool Collection #12	16	6035	MGH Pediatrics	Some high school	Student	No	No
SRR5946635	PSMB4MBK	2016-06-01	6035	PSMB4MBK_MGX	P6035C16	16	16	male	UC	G110701	P6035	P6035C16	34	2016-06-01	15	21	8624508	Stool Collection #16	21	6035	MGH Pediatrics	Some high school	Student	No	No
SRR5950712	PSMB4MBI	2016-06-14	6035	PSMB4MBI_MGX	P6035C17_MGX	16	16	male	UC	G111933	P6035	P6035C17	36	2016-06-14	13	22	17216093	Stool Collection #17	22	6035	MGH Pediatrics	Some high school	Student	No	No
SRR5946633	PSMB4MC7	2016-06-28	6035	PSMB4MC7_MGX	P6035C18	16	16	male	UC	G110703	P6035	P6035C18	38	2016-06-28	14	23	5297087	Stool Collection #18	23	6035	MGH Pediatrics	Some high school	Student	No	No
SRR5946734	PSM7J4EF	2015-11-06	6037	PSM7J4EF_MGX	P6037C1	15	15	male	CD	G110724	P6037	P6037C1	0	2015-11-06	0	4	1223323	Stool Collection #1	4	6037	MGH Pediatrics	Some high school	Student	No	No
SRR5946813	PSMA266I	2015-12-01	6037	PSMA266I_MGX	P6037C2	15	15	male	CD	G110733	P6037	P6037C2	3	2015-12-01	25	5	11092973	Stool Collection #2	5	6037	MGH Pediatrics	Some high school	Student	No	No
SRR5946899	PSMA266M	2016-01-05	6037	PSMA266M_MGX	P6037C4	15	15	male	CD	G110661	P6037	P6037C4	8	2016-01-05	21	7	15995087	Stool Collection #4	7	6037	MGH Pediatrics	Some high school	Student	Yes	No
SRR5950661	PSMA266O	2016-01-20	6037	PSMA266O_MGX	P6037C5_MGX	15	15	male	CD	G111944	P6037	P6037C5	10	2016-01-20	15	8	10508639	Stool Collection #5	8	6037	MGH Pediatrics	Some high school	Student	Yes	No
SRR5946957	PSMA266Q	2016-02-02	6037	PSMA266Q_MGX	P6037C6	15	15	male	CD	G110692	P6037	P6037C6	12	2016-02-02	13	9	6737212	Stool Collection #6	9	6037	MGH Pediatrics	Some high school	Student	Yes	No
SRR5946727	PSMA269G	2016-03-01	6037	PSMA269G_MGX	P6037C8	15	15	male	CD	G110695	P6037	P6037C8	16	2016-03-01	14	12	8517584	Stool Collection #8	12	6037	MGH Pediatrics	Some high school	Student	No	No
SRR5946893	PSMA269O	2016-04-26	6037	PSMA269O_MGX	P6037C12	15	15	male	CD	G110700	P6037	P6037C12	24	2016-04-26	14	16	19874862	Stool Collection #12	16	6037	MGH Pediatrics	Some high school	Student	No	No
SRR5946634	PSMB4MBS	2016-06-28	6037	PSMB4MBS_MGX	P6037C16	15	15	male	CD	G110702	P6037	P6037C16	33	2016-06-28	13	21	11589722	Stool Collection #16	21	6037	MGH Pediatrics	Some high school	Student	No	No
SRR5946743	PSMA265X	2015-11-12	6038	PSMA265X_MGX	P6038C1	16	8	female	UC	G110722	P6038	P6038C1	0	2015-11-12	0	4	10886558	Stool Collection #1	4	6038	MGH Pediatrics	Some high school	Student	No	No
SRR5946810	PSMA266U	2015-12-01	6038	PSMA266U_MGX	P6038C2	16	8	female	UC	G110728	P6038	P6038C2	2	2015-12-01	19	5	6736988	Stool Collection #2	5	6038	MGH Pediatrics	Some high school	Student	No	No
SRR5946904	PSMA266Y	2016-01-05	6038	PSMA266Y_MGX	P6038C4	16	8	female	UC	G110689	P6038	P6038C4	7	2016-01-05	14	7	8855034	Stool Collection #4	7	6038	MGH Pediatrics	Some high school	Student	No	No
SRR5950663	PSMA2671	2016-01-20	6038	PSMA2671_MGX	P6038C5_MGX	16	8	female	UC	G111943	P6038	P6038C5	9	2016-01-20	15	8	7792195	Stool Collection #5	8	6038	MGH Pediatrics	Some high school	Student	No	No
SRR5946953	PSMA2675	2016-02-17	6038	PSMA2675_MGX	P6038C7	16	8	female	UC	G110693	P6038	P6038C7	13	2016-02-17	14	11	9983532	Stool Collection #7	11	6038	MGH Pediatrics	Some high school	Student	No	No
SRR5946724	PSMA269S	2016-03-01	6038	PSMA269S_MGX	P6038C8	16	8	female	UC	G110694	P6038	P6038C8	15	2016-03-01	13	12	7780134	Stool Collection #8	12	6038	MGH Pediatrics	Some high school	Student	No	No
SRR5946835	PSMA269W	2016-04-01	6038	PSMA269W_MGX	P6038C10	16	8	female	UC	G110699	P6038	P6038C10	20	2016-04-01	11	14	10234331	Stool Collection #10	14	6038	MGH Pediatrics	Some high school	Student	No	No
SRR5950554	PSMA26A1	2016-04-28	6038	PSMA26A1_MGX	P6038C12_MGX	16	8	female	UC	G111931	P6038	P6038C12	24	2016-04-28	14	16	12763738	Stool Collection #12	16	6038	MGH Pediatrics	Some high school	Student	No	No
SRR5946890	PSMA26A3	2016-05-12	6038	PSMA26A3_MGX	P6038C13	16	8	female	UC	G110660	P6038	P6038C13	26	2016-05-12	14	18	9770788	Stool Collection #13	18	6038	MGH Pediatrics	Some high school	Student	No	No
SRR5950707	PSMB4MC1	2016-07-08	6038	PSMB4MC1_MGX	P6038C17_MGX	16	8	female	UC	G111932	P6038	P6038C17	34	2016-07-08	8	22	15565445	Stool Collection #17	22	6038	MGH Pediatrics	Some high school	Student	No	No
SRR5950709	PSMB4MC3	2016-07-20	6038	PSMB4MC3_MGX	P6038C18_MGX	16	8	female	UC	G111934	P6038	P6038C18	35	2016-07-20	12	23	7319782	Stool Collection #18	23	6038	MGH Pediatrics	Some high school	Student	No	No
SRR5946710	PSMB4MC5	2016-08-03	6038	PSMB4MC5_MGX	P6038C19	16	8	female	UC	G110704	P6038	P6038C19	37	2016-08-03	14	25	6913198	Stool Collection #19	25	6038	MGH Pediatrics	Some high school	Student	No	No