	0
S__Candida albicans	1.0
5S_rRNA	-0.9999999999999998
7SK	-0.9999999999999998
A1BG	-0.9999999999999997
A1BG-AS1	-1.0
A1CF	0.9999999999999998
A2M	-0.9999999999999999
A2M-AS1	0.9999999999999998
A2ML1	
A2ML1-AS1	
A2ML1-AS2	
A2MP1	1.0
A3GALT2	-1.0
A4GALT	-0.9999999999999999
A4GNT	-0.9999999999999999
AAAS	-1.0
AACS	-1.0
AACSP1	-0.9999999999999997
AADAC	-1.0
AADACL2	-1.0
AADACL3	1.0
AADACL4	
AADAT	-1.0
AAED1	-0.9999999999999998
AAGAB	-0.9999999999999999
AAK1	0.9999999999999999
AAMDC	-1.0
AAMP	1.0
AANAT	-1.0
AAR2	-0.9999999999999998
AARD	-0.9999999999999998
AARS	0.9999999999999998
AARS2	1.0
AARSD1	-1.0
AASDH	-1.0
AASDHPPT	-1.0
AASS	-0.9999999999999998
AATF	-1.0
AATK	1.0
AATK-AS1	1.0
ABAT	-1.0
ABCA1	-1.0
ABCA10	-1.0
ABCA11P	-1.0
ABCA12	-0.9999999999999998
ABCA13	-0.9999999999999999
ABCA17P	-0.9999999999999999
ABCA2	-0.9999999999999998
ABCA3	-0.9999999999999999
ABCA4	0.9999999999999999
ABCA5	-0.9999999999999999
ABCA6	0.9999999999999999
ABCA7	-0.9999999999999998
ABCA8	-0.9999999999999999
ABCA9	0.9999999999999999
ABCA9-AS1	1.0
ABCB1	0.9999999999999999
ABCB10	-1.0
ABCB10P1	
ABCB10P3	-1.0
ABCB10P4	-0.9999999999999998
ABCB11	-1.0
ABCB4	-1.0
ABCB5	-1.0
ABCB6	1.0
ABCB7	1.0
ABCB8	0.9999999999999999
ABCB9	1.0
ABCC1	-0.9999999999999999
ABCC10	-0.9999999999999999
ABCC11	-1.0
ABCC12	-0.9999999999999998
ABCC13	1.0
ABCC2	-1.0
ABCC3	-0.9999999999999999
ABCC4	-0.9999999999999998
ABCC5	-1.0
ABCC5-AS1	
ABCC6	0.9999999999999999
ABCC6P1	0.9999999999999998
ABCC6P2	0.9999999999999999
ABCC8	1.0
ABCC9	-0.9999999999999999
ABCD1	1.0
ABCD1P2	1.0
ABCD1P3	-1.0
ABCD1P4	
ABCD1P5	1.0
ABCD2	-1.0
ABCD3	-0.9999999999999999
ABCD4	-1.0
ABCE1	-0.9999999999999999
ABCF1	-1.0
ABCF2	-1.0
ABCF2P1	-1.0
ABCF2P2	
ABCF3	-1.0
ABCG1	-1.0
ABCG2	-1.0
ABCG4	-1.0
ABCG5	1.0
ABCG8	-1.0
ABHD1	-0.9999999999999998
ABHD10	-1.0
ABHD11	-1.0
ABHD12	-1.0
ABHD12B	0.9999999999999998
ABHD13	-0.9999999999999998
ABHD14A	-1.0
ABHD14A-ACY1	0.9999999999999998
ABHD14B	-1.0
ABHD15	-1.0
ABHD16A	1.0
ABHD16B	-1.0
ABHD17A	1.0
ABHD17AP1	-0.9999999999999998
ABHD17AP2	1.0
ABHD17AP3	1.0
ABHD17AP4	0.9999999999999999
ABHD17AP5	-0.9999999999999998
ABHD17AP6	0.9999999999999999
ABHD17B	0.9999999999999999
ABHD17C	1.0
ABHD2	1.0
ABHD3	1.0
ABHD4	-1.0
ABHD5	-1.0
ABHD6	-0.9999999999999999
ABHD8	0.9999999999999999
ABI1	1.0
ABI2	-0.9999999999999998
ABI3	0.9999999999999999
ABI3BP	-1.0
ABL1	1.0
ABL2	-0.9999999999999998
ABLIM1	-0.9999999999999999
ABLIM2	-1.0
ABLIM3	-1.0
ABO	-0.9999999999999998
ABR	-0.9999999999999998
ABRA	-1.0
ABRACL	0.9999999999999998
ABT1	-0.9999999999999999
ABT1P1	1.0
ABTB1	-1.0
ABTB2	0.9999999999999998
ACA59	1.0
ACA64	1.0
ACAA1	-0.9999999999999998
ACAA2	0.9999999999999998
ACACA	-1.0
ACACB	1.0
ACAD10	-1.0
ACAD11	0.9999999999999998
ACAD8	0.9999999999999998
ACAD9	-1.0
ACADL	0.9999999999999999
ACADM	1.0
ACADS	1.0
ACADSB	1.0
ACADVL	1.0
ACAN	-0.9999999999999999
ACAP1	-0.9999999999999998
ACAP2	-0.9999999999999999
ACAP2-IT1	0.9999999999999999
ACAP3	0.9999999999999999
ACAT1	-0.9999999999999998
ACAT2	-0.9999999999999998
ACBD3	-1.0
ACBD4	0.9999999999999999
ACBD5	1.0
ACBD6	-0.9999999999999998
ACBD7	0.9999999999999998
ACCS	-0.9999999999999999
ACCSL	1.0
ACD	-1.0
ACE	-1.0
ACE2	-0.9999999999999999
ACE3P	
ACER1	-1.0
ACER2	-1.0
ACER3	-1.0
ACHE	0.9999999999999999
ACIN1	-1.0
ACKR2	1.0
ACKR3	-0.9999999999999998
ACKR4	1.0
ACLY	-0.9999999999999998
ACMSD	0.9999999999999999
ACN9	0.9999999999999999
ACO1	-0.9999999999999999
ACO2	-0.9999999999999999
ACOT1	-1.0
ACOT11	-0.9999999999999998
ACOT12	1.0
ACOT13	-1.0
ACOT2	0.9999999999999999
ACOT4	-1.0
ACOT6	
ACOT7	1.0
ACOT8	-1.0
ACOT9	-1.0
ACOX1	1.0
ACOX2	-0.9999999999999999
ACOX3	-0.9999999999999999
ACOXL	-1.0
ACP1	-1.0
ACP2	1.0
ACP5	-0.9999999999999998
ACP6	-1.0
ACPL2	0.9999999999999998
ACPP	-0.9999999999999998
ACPT	-0.9999999999999998
ACR	0.9999999999999999
ACRBP	-0.9999999999999999
ACRC	1.0
ACRV1	
ACSBG1	-0.9999999999999999
ACSBG2	
ACSF2	0.9999999999999998
ACSF3	-1.0
ACSL1	-1.0
ACSL3	-0.9999999999999998
ACSL4	-1.0
ACSL5	0.9999999999999999
ACSL6	0.9999999999999999
ACSM1	-1.0
ACSM2A	-1.0
ACSM2B	-0.9999999999999998
ACSM3	1.0
ACSM4	
ACSM5	1.0
ACSS1	0.9999999999999999
ACSS2	-0.9999999999999998
ACSS3	0.9999999999999998
ACTA1	-0.9999999999999999
ACTA2	-0.9999999999999998
ACTA2-AS1	-1.0
ACTB	-0.9999999999999998
ACTBL2	-1.0
ACTBP1	-1.0
ACTBP11	-0.9999999999999999
ACTBP12	-1.0
ACTBP13	1.0
ACTBP14	-1.0
ACTBP2	-0.9999999999999999
ACTBP6	0.9999999999999999
ACTBP7	-0.9999999999999998
ACTBP8	1.0
ACTBP9	-1.0
ACTC1	-0.9999999999999999
ACTG1	-1.0
ACTG1P1	0.9999999999999999
ACTG1P10	-0.9999999999999998
ACTG1P11	-0.9999999999999998
ACTG1P12	-1.0
ACTG1P13	
ACTG1P2	0.9999999999999998
ACTG1P3	-1.0
ACTG1P4	
ACTG1P9	1.0
ACTG2	-0.9999999999999998
ACTL10	-1.0
ACTL6A	-0.9999999999999999
ACTL6B	-1.0
ACTL7A	1.0
ACTL7B	-0.9999999999999998
ACTL8	0.9999999999999998
ACTL9	1.0
ACTN1	-0.9999999999999999
ACTN1-AS1	-1.0
ACTN2	1.0
ACTN3	-0.9999999999999998
ACTN4	-0.9999999999999998
ACTN4P1	-0.9999999999999999
ACTN4P2	1.0
ACTR10	-0.9999999999999998
ACTR1A	-0.9999999999999998
ACTR1B	-0.9999999999999999
ACTR2	-1.0
ACTR3	-0.9999999999999999
ACTR3B	1.0
ACTR3BP2	
ACTR3BP3	
ACTR3BP4	
ACTR3BP5	
ACTR3BP6	
ACTR3C	1.0
ACTR3P2	-0.9999999999999999
ACTR3P3	
ACTR5	-1.0
ACTR6	-1.0
ACTR6P1	
ACTR8	-1.0
ACTRT1	
ACTRT2	1.0
ACTRT3	0.9999999999999998
ACVR1	-1.0
ACVR1B	1.0
ACVR1C	1.0
ACVR2A	-1.0
ACVR2B	0.9999999999999999
ACVR2B-AS1	0.9999999999999999
ACVRL1	1.0
ACY1	-1.0
ACY3	0.9999999999999999
ACYP1	1.0
ACYP2	1.0
ADA	0.9999999999999999
ADAD1	-0.9999999999999998
ADAD1P2	
ADAD2	-0.9999999999999999
ADAL	1.0
ADAM10	-1.0
ADAM11	-1.0
ADAM12	1.0
ADAM15	1.0
ADAM17	-1.0
ADAM18	
ADAM19	-1.0
ADAM1A	-0.9999999999999999
ADAM1B	
ADAM2	
ADAM20	-0.9999999999999999
ADAM20P1	-0.9999999999999998
ADAM20P2	
ADAM20P3	1.0
ADAM21	-1.0
ADAM21P1	
ADAM22	-1.0
ADAM23	-1.0
ADAM24P	-0.9999999999999998
ADAM28	-0.9999999999999999
ADAM29	-0.9999999999999998
ADAM30	
ADAM32	1.0
ADAM33	-1.0
ADAM3A	-0.9999999999999998
ADAM3B	
ADAM5	
ADAM6	-0.9999999999999998
ADAM7	-1.0
ADAM8	-1.0
ADAM9	-1.0
ADAMDEC1	-0.9999999999999999
ADAMTS1	-0.9999999999999998
ADAMTS10	-1.0
ADAMTS12	-1.0
ADAMTS13	-0.9999999999999998
ADAMTS14	-0.9999999999999999
ADAMTS15	1.0
ADAMTS16	0.9999999999999998
ADAMTS17	1.0
ADAMTS18	-0.9999999999999999
ADAMTS19	-1.0
ADAMTS19-AS1	-0.9999999999999998
ADAMTS2	-0.9999999999999999
ADAMTS20	0.9999999999999999
ADAMTS3	-0.9999999999999999
ADAMTS4	-0.9999999999999998
ADAMTS5	-1.0
ADAMTS6	-0.9999999999999998
ADAMTS7	-0.9999999999999999
ADAMTS8	-1.0
ADAMTS9	-1.0
ADAMTS9-AS1	1.0
ADAMTS9-AS2	-1.0
ADAMTSL1	-0.9999999999999998
ADAMTSL2	-0.9999999999999999
ADAMTSL3	-1.0
ADAMTSL4	-1.0
ADAMTSL4-AS1	-0.9999999999999999
ADAMTSL5	-1.0
ADAP1	1.0
ADAP2	1.0
ADAR	0.9999999999999999
ADARB1	-1.0
ADARB2	-0.9999999999999998
ADARB2-AS1	-0.9999999999999998
ADAT1	0.9999999999999999
ADAT2	1.0
ADAT3	1.0
ADC	0.9999999999999999
ADCK1	-1.0
ADCK2	0.9999999999999999
ADCK3	1.0
ADCK4	1.0
ADCK5	1.0
ADCY1	-0.9999999999999999
ADCY10	1.0
ADCY10P1	-1.0
ADCY2	-0.9999999999999999
ADCY3	1.0
ADCY4	-0.9999999999999999
ADCY5	-1.0
ADCY6	0.9999999999999998
ADCY7	-1.0
ADCY8	1.0
ADCY9	-1.0
ADCYAP1	-1.0
ADCYAP1R1	-0.9999999999999998
ADD1	-0.9999999999999999
ADD2	-0.9999999999999998
ADD3	-0.9999999999999999
ADGB	0.9999999999999999
ADH1A	-0.9999999999999998
ADH1B	-1.0
ADH1C	1.0
ADH4	0.9999999999999998
ADH5	0.9999999999999999
ADH5P2	-0.9999999999999998
ADH5P3	-1.0
ADH5P4	1.0
ADH6	-1.0
ADH7	1.0
ADHFE1	-1.0
ADI1	-0.9999999999999998
ADIG	1.0
ADIPOQ	0.9999999999999999
ADIPOQ-AS1	-0.9999999999999998
ADIPOR1	-1.0
ADIPOR1P1	
ADIPOR1P2	-0.9999999999999998
ADIPOR2	-1.0
ADIRF	-1.0
ADIRF-AS1	-0.9999999999999999
ADK	-1.0
ADM	-0.9999999999999999
ADM2	0.9999999999999998
ADM5	-0.9999999999999999
ADNP	0.9999999999999999
ADNP2	1.0
ADO	-0.9999999999999999
ADORA1	-1.0
ADORA2A	-0.9999999999999999
ADORA2A-AS1	1.0
ADORA2B	-1.0
ADORA2BP	-1.0
ADORA3	1.0
ADPGK	-0.9999999999999999
ADPGK-AS1	1.0
ADPRH	-1.0
ADPRHL1	-0.9999999999999999
ADPRHL2	-0.9999999999999998
ADPRM	-0.9999999999999999
ADRA1A	-0.9999999999999999
ADRA1B	-1.0
ADRA1D	-1.0
ADRA2A	-1.0
ADRA2B	-1.0
ADRA2C	-1.0
ADRB1	-0.9999999999999999
ADRB2	-0.9999999999999999
ADRB3	1.0
ADRBK1	-1.0
ADRBK2	-0.9999999999999999
ADRM1	1.0
ADSL	-1.0
ADSS	-0.9999999999999999
ADSSL1	-1.0
ADTRP	-0.9999999999999998
AEBP1	-0.9999999999999999
AEBP2	0.9999999999999999
AEN	-1.0
AES	1.0
AFAP1	-0.9999999999999999
AFAP1-AS1	-0.9999999999999999
AFAP1L1	-1.0
AFAP1L2	-1.0
AFF1	0.9999999999999999
AFF2	-1.0
AFF2-IT1	
AFF3	-0.9999999999999999
AFF4	-0.9999999999999998
AFG3L1P	-1.0
AFG3L2	-0.9999999999999998
AFG3L2P1	1.0
AFM	-0.9999999999999998
AFMID	1.0
AFP	0.9999999999999999
AFTPH	-1.0
AGA	-0.9999999999999999
AGAP1	-1.0
AGAP1-IT1	0.9999999999999998
AGAP10	-1.0
AGAP11	-1.0
AGAP2	-0.9999999999999999
AGAP2-AS1	1.0
AGAP3	-1.0
AGAP4	0.9999999999999998
AGAP5	0.9999999999999998
AGAP6	-1.0
AGAP7	-1.0
AGAP8	0.9999999999999998
AGAP9	-1.0
AGBL1	-1.0
AGBL1-AS1	
AGBL2	-1.0
AGBL3	-0.9999999999999999
AGBL4	1.0
AGBL4-IT1	
AGBL5	0.9999999999999998
AGBL5-AS1	1.0
AGBL5-IT1	
AGER	-0.9999999999999999
AGFG1	-0.9999999999999998
AGFG2	0.9999999999999999
AGGF1	1.0
AGGF1P1	-0.9999999999999998
AGGF1P2	-0.9999999999999998
AGGF1P3	
AGGF1P4	
AGK	0.9999999999999999
AGKP1	
AGL	0.9999999999999999
AGMAT	0.9999999999999999
AGMO	1.0
AGO1	-1.0
AGO2	-1.0
AGO3	-1.0
AGO4	1.0
AGPAT1	-1.0
AGPAT2	1.0
AGPAT3	0.9999999999999997
AGPAT4	-1.0
AGPAT5	1.0
AGPAT5P1	
AGPAT6	1.0
AGPAT9	-0.9999999999999999
AGPS	-0.9999999999999999
AGR2	1.0
AGR3	1.0
AGRN	-0.9999999999999999
AGRP	-0.9999999999999999
AGT	-1.0
AGTPBP1	-0.9999999999999999
AGTR1	1.0
AGTR2	-0.9999999999999999
AGTRAP	-1.0
AGXT	1.0
AGXT2	-0.9999999999999999
AHCTF1	-0.9999999999999999
AHCTF1P1	-1.0
AHCY	0.9999999999999999
AHCYL1	-0.9999999999999998
AHCYL2	-1.0
AHCYP1	
AHCYP2	1.0
AHCYP3	-0.9999999999999998
AHCYP4	-0.9999999999999998
AHCYP5	
AHCYP7	-0.9999999999999998
AHCYP8	
AHDC1	-0.9999999999999999
AHI1	-1.0
AHNAK	-1.0
AHNAK2	-1.0
AHR	-0.9999999999999999
AHRR	-0.9999999999999999
AHSA1	0.9999999999999998
AHSA2	-1.0
AHSG	-0.9999999999999998
AHSP	1.0
AICDA	-1.0
AIDA	-0.9999999999999999
AIF1	1.0
AIF1L	0.9999999999999998
AIFM1	1.0
AIFM1P1	1.0
AIFM2	-0.9999999999999999
AIFM3	0.9999999999999998
AIG1	1.0
AIG1P1	
AIM1	1.0
AIM1L	-1.0
AIM2	-1.0
AIMP1	-1.0
AIMP1P1	-1.0
AIMP1P2	
AIMP2	-1.0
AIP	-0.9999999999999998
AIPL1	-0.9999999999999998
AIRE	-0.9999999999999998
AIRN	
AJAP1	-1.0
AJUBA	-0.9999999999999999
AK1	-0.9999999999999998
AK2	0.9999999999999999
AK2P2	1.0
AK3	0.9999999999999998
AK3P2	-0.9999999999999998
AK3P3	-1.0
AK3P4	
AK3P5	
AK4	-1.0
AK4P1	0.9999999999999998
AK4P2	
AK4P3	0.9999999999999999
AK4P4	0.9999999999999999
AK4P5	
AK4P6	
AK5	-0.9999999999999998
AK7	1.0
AK8	-1.0
AK9	-1.0
AKAP1	0.9999999999999999
AKAP10	-1.0
AKAP11	0.9999999999999998
AKAP12	-0.9999999999999999
AKAP13	-1.0
AKAP14	0.9999999999999998
AKAP16BP	-0.9999999999999998
AKAP17A	1.0
AKAP2	-1.0
AKAP3	1.0
AKAP4	1.0
AKAP5	0.9999999999999999
AKAP6	1.0
AKAP7	-0.9999999999999999
AKAP8	0.9999999999999998
AKAP8L	-0.9999999999999999
AKAP9	-1.0
AKIP1	-1.0
AKIRIN1	-1.0
AKIRIN2	-0.9999999999999998
AKNA	-1.0
AKNAD1	-1.0
AKR1A1	-0.9999999999999999
AKR1B1	-1.0
AKR1B10	-1.0
AKR1B10P1	-1.0
AKR1B10P2	
AKR1B15	0.9999999999999999
AKR1B1P1	-0.9999999999999998
AKR1B1P2	1.0
AKR1B1P4	
AKR1B1P6	
AKR1B1P7	-1.0
AKR1B1P8	
AKR1C1	-1.0
AKR1C2	-1.0
AKR1C3	0.9999999999999998
AKR1C4	0.9999999999999999
AKR1C5P	
AKR1C6P	
AKR1C7P	1.0
AKR1CL1	-0.9999999999999998
AKR1D1	-1.0
AKR1D1P1	1.0
AKR1E2	0.9999999999999998
AKR7A2	-1.0
AKR7A2P1	-0.9999999999999999
AKR7A3	1.0
AKR7L	1.0
AKT1	-0.9999999999999998
AKT1S1	-1.0
AKT2	-0.9999999999999999
AKT3	-0.9999999999999999
AKT3-IT1	-0.9999999999999998
AKTIP	-0.9999999999999998
ALAD	1.0
ALAS1	-0.9999999999999999
ALAS2	-1.0
ALB	1.0
ALCAM	0.9999999999999999
ALDH16A1	0.9999999999999999
ALDH18A1	-0.9999999999999998
ALDH1A1	1.0
ALDH1A2	1.0
ALDH1A3	-1.0
ALDH1B1	1.0
ALDH1L1	-0.9999999999999999
ALDH1L1-AS1	
ALDH1L1-AS2	-1.0
ALDH1L2	-1.0
ALDH2	-0.9999999999999999
ALDH3A1	1.0
ALDH3A2	-0.9999999999999998
ALDH3B1	-1.0
ALDH3B2	1.0
ALDH4A1	-1.0
ALDH5A1	-0.9999999999999999
ALDH6A1	1.0
ALDH7A1	-1.0
ALDH7A1P1	-1.0
ALDH7A1P2	
ALDH7A1P3	
ALDH7A1P4	
ALDH8A1	0.9999999999999999
ALDH9A1	1.0
ALDOA	-1.0
ALDOAP1	-0.9999999999999999
ALDOAP2	-1.0
ALDOB	1.0
ALDOC	-1.0
ALG1	1.0
ALG10	0.9999999999999999
ALG10B	0.9999999999999998
ALG11	0.9999999999999998
ALG12	-0.9999999999999999
ALG13	-1.0
ALG13-AS1	
ALG14	0.9999999999999999
ALG1L	1.0
ALG1L10P	0.9999999999999998
ALG1L11P	-0.9999999999999999
ALG1L12P	
ALG1L13P	-1.0
ALG1L14P	
ALG1L15P	-1.0
ALG1L2	-1.0
ALG1L3P	-0.9999999999999998
ALG1L5P	1.0
ALG1L6P	0.9999999999999998
ALG1L7P	1.0
ALG1L8P	0.9999999999999998
ALG1L9P	
ALG2	-0.9999999999999999
ALG3	-1.0
ALG3P1	-1.0
ALG5	-1.0
ALG6	-0.9999999999999999
ALG8	-1.0
ALG9	-0.9999999999999999
ALG9-IT1	-0.9999999999999998
ALK	1.0
ALKBH1	-0.9999999999999998
ALKBH2	1.0
ALKBH3	-1.0
ALKBH3-AS1	
ALKBH4	0.9999999999999999
ALKBH5	-0.9999999999999999
ALKBH6	0.9999999999999999
ALKBH7	1.0
ALKBH8	-0.9999999999999999
ALLC	
ALMS1	-1.0
ALMS1-IT1	-1.0
ALMS1P	-0.9999999999999998
ALOX12	-1.0
ALOX12B	1.0
ALOX12P1	-0.9999999999999999
ALOX12P2	-0.9999999999999998
ALOX15	-1.0
ALOX15B	0.9999999999999998
ALOX15P2	1.0
ALOX5	-0.9999999999999999
ALOX5AP	-1.0
ALOXE3	-0.9999999999999999
ALPI	1.0
ALPK1	0.9999999999999999
ALPK2	-1.0
ALPK3	-1.0
ALPL	-1.0
ALPP	0.9999999999999998
ALPPL2	0.9999999999999999
ALS2	0.9999999999999999
ALS2CL	-1.0
ALS2CR11	0.9999999999999999
ALS2CR12	-1.0
ALX1	-0.9999999999999998
ALX3	
ALX4	0.9999999999999999
ALYREF	-0.9999999999999999
AMACR	1.0
AMBN	-1.0
AMBP	-1.0
AMBRA1	0.9999999999999998
AMD1	-0.9999999999999999
AMD1P1	-0.9999999999999998
AMDHD1	-0.9999999999999999
AMDHD2	0.9999999999999999
AMDP1	0.9999999999999999
AMELX	
AMELY	
AMER1	-0.9999999999999999
AMER2	-1.0
AMER2-AS1	1.0
AMER3	0.9999999999999998
AMFR	-0.9999999999999998
AMH	1.0
AMHR2	-1.0
AMICA1	0.9999999999999998
AMIGO1	1.0
AMIGO2	-0.9999999999999999
AMIGO3	
AMMECR1	0.9999999999999999
AMMECR1-IT1	
AMMECR1L	-1.0
AMMECR1LP1	1.0
AMN	0.9999999999999999
AMN1	-1.0
AMOT	-1.0
AMOTL1	-0.9999999999999999
AMOTL2	-1.0
AMPD1	-1.0
AMPD2	1.0
AMPD3	-1.0
AMPH	-0.9999999999999999
AMT	1.0
AMTN	
AMY1A	0.9999999999999998
AMY1B	-0.9999999999999998
AMY1C	
AMY2A	
AMY2B	-0.9999999999999999
AMYP1	
AMZ1	-0.9999999999999998
AMZ2	1.0
AMZ2P1	0.9999999999999999
AMZ2P2	1.0
ANAPC1	-0.9999999999999998
ANAPC10	-0.9999999999999999
ANAPC10P1	0.9999999999999999
ANAPC11	-0.9999999999999999
ANAPC13	1.0
ANAPC15	1.0
ANAPC16	-1.0
ANAPC1P1	-0.9999999999999999
ANAPC2	1.0
ANAPC4	1.0
ANAPC5	-0.9999999999999998
ANAPC7	-0.9999999999999999
ANG	1.0
ANGEL1	-0.9999999999999999
ANGEL2	0.9999999999999999
ANGPT1	1.0
ANGPT2	-1.0
ANGPT4	
ANGPTL1	0.9999999999999999
ANGPTL2	-1.0
ANGPTL3	1.0
ANGPTL4	-0.9999999999999999
ANGPTL5	1.0
ANGPTL6	-0.9999999999999999
ANGPTL7	-0.9999999999999998
ANHX	-0.9999999999999998
ANK1	1.0
ANK2	-1.0
ANK3	1.0
ANKAR	-0.9999999999999999
ANKDD1A	1.0
ANKDD1B	1.0
ANKEF1	1.0
ANKFN1	-1.0
ANKFY1	-0.9999999999999999
ANKH	-1.0
ANKHD1	-1.0
ANKHD1-EIF4EBP3	-0.9999999999999999
ANKIB1	-1.0
ANKK1	1.0
ANKLE1	-0.9999999999999998
ANKLE2	-1.0
ANKMY1	-0.9999999999999998
ANKMY2	0.9999999999999999
ANKRA2	-1.0
ANKRD1	1.0
ANKRD10	-0.9999999999999998
ANKRD10-IT1	-0.9999999999999998
ANKRD11	0.9999999999999998
ANKRD12	1.0
ANKRD13A	1.0
ANKRD13B	-1.0
ANKRD13C	-1.0
ANKRD13D	-1.0
ANKRD16	-1.0
ANKRD17	0.9999999999999999
ANKRD18A	0.9999999999999999
ANKRD18B	1.0
ANKRD18CP	-1.0
ANKRD18DP	-1.0
ANKRD18EP	-0.9999999999999998
ANKRD19P	1.0
ANKRD2	-0.9999999999999998
ANKRD20A1	0.9999999999999999
ANKRD20A10P	
ANKRD20A11P	-1.0
ANKRD20A12P	
ANKRD20A14P	-0.9999999999999998
ANKRD20A17P	-1.0
ANKRD20A18P	-1.0
ANKRD20A19P	-1.0
ANKRD20A2	1.0
ANKRD20A3	-0.9999999999999998
ANKRD20A4	-0.9999999999999999
ANKRD20A5P	0.9999999999999998
ANKRD20A7P	0.9999999999999999
ANKRD20A8P	1.0
ANKRD20A9P	1.0
ANKRD22	-0.9999999999999999
ANKRD23	0.9999999999999998
ANKRD24	-1.0
ANKRD26	-0.9999999999999999
ANKRD26P1	
ANKRD26P2	-0.9999999999999998
ANKRD26P3	-0.9999999999999998
ANKRD26P4	-0.9999999999999998
ANKRD27	0.9999999999999998
ANKRD28	-1.0
ANKRD29	-1.0
ANKRD30A	
ANKRD30B	1.0
ANKRD30BL	
ANKRD30BP1	0.9999999999999998
ANKRD30BP2	
ANKRD30BP3	
ANKRD31	-1.0
ANKRD32	0.9999999999999998
ANKRD33	-1.0
ANKRD33B	0.9999999999999999
ANKRD33B-AS1	
ANKRD34A	-1.0
ANKRD34B	-1.0
ANKRD34C	
ANKRD35	-1.0
ANKRD36	-1.0
ANKRD36B	0.9999999999999998
ANKRD36BP1	
ANKRD36BP2	-1.0
ANKRD36C	-1.0
ANKRD36P1	
ANKRD37	-1.0
ANKRD39	-1.0
ANKRD40	-0.9999999999999999
ANKRD42	-0.9999999999999998
ANKRD44	-1.0
ANKRD44-IT1	-0.9999999999999999
ANKRD45	1.0
ANKRD46	-0.9999999999999998
ANKRD49	1.0
ANKRD50	1.0
ANKRD52	-0.9999999999999998
ANKRD53	-1.0
ANKRD54	-1.0
ANKRD54P1	
ANKRD55	-0.9999999999999999
ANKRD6	-1.0
ANKRD60	1.0
ANKRD61	-0.9999999999999999
ANKRD62	0.9999999999999998
ANKRD62P1	
ANKRD62P1-PARP4P3	
ANKRD63	1.0
ANKRD65	-0.9999999999999998
ANKRD66	1.0
ANKRD7	-1.0
ANKRD9	1.0
ANKS1A	-0.9999999999999998
ANKS1B	-1.0
ANKS3	0.9999999999999999
ANKS4B	-1.0
ANKS6	-1.0
ANKUB1	1.0
ANKZF1	-0.9999999999999999
ANLN	-0.9999999999999999
ANO1	-0.9999999999999998
ANO1-AS1	
ANO1-AS2	-0.9999999999999998
ANO10	-0.9999999999999998
ANO2	-1.0
ANO3	-0.9999999999999998
ANO4	-0.9999999999999998
ANO5	0.9999999999999999
ANO6	-1.0
ANO7	1.0
ANO7P1	0.9999999999999999
ANO8	-1.0
ANO9	0.9999999999999999
ANP32A	0.9999999999999999
ANP32AP1	1.0
ANP32B	-1.0
ANP32BP1	0.9999999999999999
ANP32BP2	-0.9999999999999998
ANP32BP3	-0.9999999999999998
ANP32C	-0.9999999999999998
ANP32D	1.0
ANP32E	1.0
ANPEP	0.9999999999999999
ANTXR1	-0.9999999999999998
ANTXR2	-1.0
ANTXRL	
ANTXRLP1	0.9999999999999999
ANXA1	-0.9999999999999998
ANXA10	-1.0
ANXA11	-1.0
ANXA13	-0.9999999999999999
ANXA2	-0.9999999999999998
ANXA2P1	-0.9999999999999999
ANXA2P2	-1.0
ANXA2P3	-0.9999999999999998
ANXA2R	-0.9999999999999999
ANXA3	-0.9999999999999999
ANXA4	-1.0
ANXA5	-1.0
ANXA6	-0.9999999999999999
ANXA7	-1.0
ANXA8	
ANXA8L1	
ANXA8L2	-1.0
ANXA9	-1.0
AOAH	-1.0
AOAH-IT1	-0.9999999999999998
AOC1	-1.0
AOC2	-0.9999999999999999
AOC3	-0.9999999999999998
AOC4P	-0.9999999999999998
AOX1	-1.0
AOX2P	-1.0
AOX3P	-0.9999999999999998
AP1AR	-1.0
AP1B1	1.0
AP1B1P1	-1.0
AP1B1P2	
AP1G1	-1.0
AP1G2	1.0
AP1M1	-1.0
AP1M2	0.9999999999999999
AP1S1	1.0
AP1S2	-1.0
AP1S3	-1.0
AP2A1	0.9999999999999998
AP2A2	-1.0
AP2B1	-1.0
AP2M1	-0.9999999999999998
AP2S1	1.0
AP3B1	-0.9999999999999999
AP3B2	0.9999999999999999
AP3D1	-1.0
AP3M1	-1.0
AP3M2	-1.0
AP3S1	-1.0
AP3S2	-1.0
AP4B1	-0.9999999999999999
AP4B1-AS1	1.0
AP4E1	-0.9999999999999997
AP4M1	-1.0
AP4S1	-0.9999999999999998
AP5B1	1.0
AP5M1	1.0
AP5S1	1.0
AP5Z1	0.9999999999999999
APAF1	0.9999999999999999
APBA1	1.0
APBA2	1.0
APBA3	0.9999999999999999
APBB1	-1.0
APBB1IP	-1.0
APBB2	-1.0
APBB3	-1.0
APC	-1.0
APC2	-1.0
APCDD1	-1.0
APCDD1L	-1.0
APCDD1L-AS1	-1.0
APCS	
APEH	-1.0
APEX1	1.0
APEX2	-0.9999999999999999
APH1A	0.9999999999999998
APH1B	-0.9999999999999999
API5	-0.9999999999999999
API5P1	-0.9999999999999999
API5P2	-1.0
APIP	-0.9999999999999999
APITD1	1.0
APITD1-CORT	
APLF	-1.0
APLN	-1.0
APLNR	-0.9999999999999999
APLP1	-1.0
APLP2	-1.0
APMAP	-0.9999999999999999
APOA1	-1.0
APOA1BP	-1.0
APOA2	1.0
APOA4	0.9999999999999999
APOA5	-1.0
APOB	-1.0
APOBEC1	1.0
APOBEC2	1.0
APOBEC3A	1.0
APOBEC3AP1	
APOBEC3B	0.9999999999999999
APOBEC3B-AS1	
APOBEC3C	1.0
APOBEC3D	1.0
APOBEC3F	1.0
APOBEC3G	0.9999999999999999
APOBEC3H	1.0
APOBEC4	1.0
APOBR	1.0
APOC1	-0.9999999999999999
APOC1P1	
APOC2	0.9999999999999999
APOC3	-1.0
APOC4	
APOC4-APOC2	
APOD	-0.9999999999999999
APOE	-1.0
APOF	0.9999999999999999
APOH	-0.9999999999999999
APOL1	0.9999999999999999
APOL2	0.9999999999999998
APOL3	1.0
APOL4	1.0
APOL5	
APOL6	0.9999999999999999
APOLD1	-1.0
APOM	1.0
APOO	-0.9999999999999999
APOOL	0.9999999999999998
APOOP1	
APOOP2	
APOOP3	
APOOP4	1.0
APOOP5	
APOPT1	1.0
APP	-0.9999999999999998
APPBP2	1.0
APPL1	-0.9999999999999999
APPL2	1.0
APRT	0.9999999999999999
APTX	0.9999999999999998
AQP1	-1.0
AQP10	-1.0
AQP11	-1.0
AQP12A	-1.0
AQP12B	-1.0
AQP2	-1.0
AQP3	0.9999999999999999
AQP4	0.9999999999999998
AQP4-AS1	-0.9999999999999998
AQP5	-1.0
AQP6	-0.9999999999999998
AQP7	-1.0
AQP7P1	-0.9999999999999998
AQP7P2	-0.9999999999999998
AQP7P3	-1.0
AQP7P4	1.0
AQP8	0.9999999999999998
AQP9	-1.0
AQPEP	0.9999999999999998
AQR	-1.0
AR	-1.0
ARAF	-1.0
ARAP1	-1.0
ARAP1-AS1	
ARAP1-AS2	1.0
ARAP2	0.9999999999999998
ARAP3	-1.0
ARC	-0.9999999999999999
ARCN1	-1.0
AREG	-1.0
AREGB	-0.9999999999999998
AREL1	-1.0
ARF1	1.0
ARF1P1	1.0
ARF1P2	0.9999999999999999
ARF1P3	
ARF3	0.9999999999999998
ARF4	-1.0
ARF4P2	1.0
ARF4P3	-1.0
ARF4P4	
ARF5	0.9999999999999999
ARF6	-0.9999999999999999
ARFGAP1	0.9999999999999999
ARFGAP2	-1.0
ARFGAP3	0.9999999999999999
ARFGEF1	0.9999999999999998
ARFGEF2	0.9999999999999998
ARFIP1	0.9999999999999998
ARFIP2	1.0
ARFRP1	1.0
ARG1	1.0
ARG2	-1.0
ARGFX	
ARGFXP1	
ARGFXP2	
ARGLU1	-0.9999999999999999
ARHGAP1	-1.0
ARHGAP10	-0.9999999999999999
ARHGAP11A	1.0
ARHGAP11B	1.0
ARHGAP12	1.0
ARHGAP15	-0.9999999999999998
ARHGAP17	0.9999999999999998
ARHGAP18	-0.9999999999999998
ARHGAP19	-0.9999999999999999
ARHGAP19-SLIT1	1.0
ARHGAP20	0.9999999999999999
ARHGAP21	0.9999999999999999
ARHGAP22	1.0
ARHGAP22-IT1	
ARHGAP23	-1.0
ARHGAP23P1	-0.9999999999999998
ARHGAP24	0.9999999999999999
ARHGAP25	-1.0
ARHGAP26	-0.9999999999999998
ARHGAP26-AS1	-1.0
ARHGAP26-IT1	-0.9999999999999998
ARHGAP27	0.9999999999999998
ARHGAP28	-1.0
ARHGAP29	-1.0
ARHGAP30	-0.9999999999999999
ARHGAP31	-0.9999999999999999
ARHGAP31-AS1	0.9999999999999998
ARHGAP32	1.0
ARHGAP33	-0.9999999999999999
ARHGAP35	-1.0
ARHGAP36	1.0
ARHGAP39	1.0
ARHGAP4	-1.0
ARHGAP40	
ARHGAP42	-1.0
ARHGAP42P1	-0.9999999999999998
ARHGAP42P2	-0.9999999999999998
ARHGAP42P3	
ARHGAP42P4	
ARHGAP42P5	
ARHGAP44	0.9999999999999999
ARHGAP5	1.0
ARHGAP5-AS1	1.0
ARHGAP6	-1.0
ARHGAP8	1.0
ARHGAP9	-1.0
ARHGDIA	1.0
ARHGDIB	-0.9999999999999999
ARHGDIG	-0.9999999999999998
ARHGEF1	-1.0
ARHGEF10	-1.0
ARHGEF10L	1.0
ARHGEF11	0.9999999999999998
ARHGEF12	1.0
ARHGEF15	-1.0
ARHGEF16	1.0
ARHGEF17	-0.9999999999999999
ARHGEF18	-1.0
ARHGEF19	-1.0
ARHGEF2	-1.0
ARHGEF25	-1.0
ARHGEF26	-0.9999999999999999
ARHGEF26-AS1	-0.9999999999999998
ARHGEF28	0.9999999999999999
ARHGEF3	-1.0
ARHGEF3-AS1	-0.9999999999999998
ARHGEF33	-1.0
ARHGEF34P	-0.9999999999999998
ARHGEF35	1.0
ARHGEF37	-1.0
ARHGEF38	1.0
ARHGEF38-IT1	-0.9999999999999998
ARHGEF39	1.0
ARHGEF4	-1.0
ARHGEF40	0.9999999999999999
ARHGEF5	1.0
ARHGEF6	-1.0
ARHGEF7	-0.9999999999999999
ARHGEF7-AS1	
ARHGEF7-AS2	-1.0
ARHGEF7-IT1	
ARHGEF9	1.0
ARHGEF9-IT1	-0.9999999999999998
ARID1A	-0.9999999999999999
ARID1B	-1.0
ARID2	-0.9999999999999998
ARID3A	-0.9999999999999999
ARID3B	-0.9999999999999999
ARID3C	-1.0
ARID4A	1.0
ARID4B	1.0
ARID5A	-1.0
ARID5B	-0.9999999999999999
ARIH1	-1.0
ARIH2	-0.9999999999999998
ARIH2OS	1.0
ARIH2P1	1.0
ARL1	0.9999999999999998
ARL10	-1.0
ARL11	1.0
ARL13A	
ARL13B	-0.9999999999999999
ARL14	-1.0
ARL14EP	0.9999999999999998
ARL14EPL	
ARL15	-1.0
ARL16	1.0
ARL17A	1.0
ARL17B	-0.9999999999999998
ARL2	-0.9999999999999999
ARL2BP	-1.0
ARL2BPP1	
ARL2BPP10	
ARL2BPP2	-0.9999999999999998
ARL2BPP3	
ARL2BPP4	
ARL2BPP5	
ARL2BPP6	
ARL2BPP7	
ARL2BPP8	
ARL3	-1.0
ARL4A	-1.0
ARL4C	-0.9999999999999999
ARL4D	1.0
ARL4P	1.0
ARL5A	0.9999999999999999
ARL5AP1	
ARL5AP2	-0.9999999999999998
ARL5AP3	-1.0
ARL5AP4	-0.9999999999999998
ARL5B	-1.0
ARL5B-AS1	-0.9999999999999999
ARL5C	1.0
ARL6	-0.9999999999999999
ARL6IP1	-1.0
ARL6IP1P1	
ARL6IP1P2	-1.0
ARL6IP1P3	-1.0
ARL6IP4	0.9999999999999999
ARL6IP5	-1.0
ARL6IP6	-1.0
ARL8A	1.0
ARL8B	-0.9999999999999998
ARL9	0.9999999999999999
ARMC1	-1.0
ARMC10	-0.9999999999999999
ARMC10P1	0.9999999999999998
ARMC12	-1.0
ARMC2	1.0
ARMC2-AS1	0.9999999999999999
ARMC3	1.0
ARMC4	-1.0
ARMC4P1	-1.0
ARMC5	0.9999999999999999
ARMC6	0.9999999999999999
ARMC7	-1.0
ARMC8	-1.0
ARMC9	1.0
ARMCX1	-1.0
ARMCX2	-0.9999999999999999
ARMCX3	0.9999999999999998
ARMCX3-AS1	1.0
ARMCX4	-0.9999999999999998
ARMCX5	1.0
ARMCX6	-1.0
ARMS2	-0.9999999999999998
ARNT	-0.9999999999999998
ARNT2	-1.0
ARNTL	-0.9999999999999998
ARNTL2	-1.0
ARPC1A	1.0
ARPC1B	0.9999999999999998
ARPC2	1.0
ARPC3	-1.0
ARPC3P1	-0.9999999999999999
ARPC3P2	0.9999999999999998
ARPC3P5	0.9999999999999999
ARPC4	-1.0
ARPC4-TTLL3	
ARPC5	-1.0
ARPC5L	-0.9999999999999999
ARPP19	-0.9999999999999998
ARPP21	-0.9999999999999998
ARPP21-AS1	
ARR3	-0.9999999999999999
ARRB1	-0.9999999999999999
ARRB2	-1.0
ARRDC1	0.9999999999999998
ARRDC2	0.9999999999999998
ARRDC3	-1.0
ARRDC4	-0.9999999999999999
ARRDC5	-0.9999999999999998
ARSA	0.9999999999999999
ARSB	-1.0
ARSD	-1.0
ARSD-AS1	1.0
ARSDP1	-1.0
ARSE	-1.0
ARSEP1	0.9999999999999999
ARSF	0.9999999999999999
ARSFP1	1.0
ARSG	-0.9999999999999999
ARSH	-0.9999999999999999
ARSI	-1.0
ARSJ	1.0
ARSK	-1.0
ART1	1.0
ART3	1.0
ART4	-1.0
ART5	0.9999999999999998
ARTN	-1.0
ARV1	0.9999999999999999
ARVCF	0.9999999999999998
ARX	1.0
AS3MT	
ASAH1	-1.0
ASAH2	-1.0
ASAH2B	-0.9999999999999999
ASAH2C	-0.9999999999999998
ASAP1	-0.9999999999999999
ASAP2	-1.0
ASAP3	1.0
ASB1	-1.0
ASB10	
ASB11	0.9999999999999998
ASB12	
ASB13	0.9999999999999999
ASB14	1.0
ASB15	
ASB16	-1.0
ASB16-AS1	-0.9999999999999998
ASB17	
ASB18	1.0
ASB2	1.0
ASB3	-0.9999999999999998
ASB4	-1.0
ASB5	1.0
ASB6	-0.9999999999999999
ASB7	0.9999999999999998
ASB8	1.0
ASB9	1.0
ASB9P1	-0.9999999999999998
ASCC1	-1.0
ASCC2	-1.0
ASCC3	1.0
ASCL1	0.9999999999999999
ASCL2	0.9999999999999998
ASCL3	
ASCL4	-1.0
ASCL5	-1.0
ASF1A	1.0
ASF1B	1.0
ASGR1	0.9999999999999999
ASGR2	1.0
ASH1L	0.9999999999999999
ASH1L-AS1	1.0
ASH1L-IT1	
ASH2L	0.9999999999999999
ASH2LP1	-0.9999999999999998
ASIC1	-0.9999999999999998
ASIC2	1.0
ASIC3	-0.9999999999999999
ASIC4	-1.0
ASIC5	1.0
ASIP	-1.0
ASL	1.0
ASLP1	1.0
ASMT	1.0
ASMTL	-1.0
ASMTL-AS1	-0.9999999999999999
ASNA1	-0.9999999999999999
ASNS	0.9999999999999999
ASNSD1	-1.0
ASNSP1	-0.9999999999999998
ASNSP3	-0.9999999999999998
ASNSP4	
ASNSP5	-0.9999999999999998
ASPA	-0.9999999999999998
ASPDH	0.9999999999999999
ASPG	-0.9999999999999998
ASPH	-0.9999999999999999
ASPHD1	0.9999999999999999
ASPHD2	-0.9999999999999998
ASPM	1.0
ASPN	-1.0
ASPRV1	1.0
ASPSCR1	0.9999999999999999
ASRGL1	0.9999999999999998
ASS1	1.0
ASS1P1	0.9999999999999998
ASS1P10	-1.0
ASS1P11	0.9999999999999999
ASS1P12	0.9999999999999998
ASS1P2	-1.0
ASS1P4	-0.9999999999999999
ASS1P5	-0.9999999999999999
ASS1P6	-1.0
ASS1P7	0.9999999999999999
ASS1P9	-0.9999999999999999
ASTE1	0.9999999999999998
ASTL	-1.0
ASTN1	-1.0
ASTN2	-0.9999999999999998
ASUN	-0.9999999999999999
ASXL1	-1.0
ASXL2	-1.0
ASXL3	-0.9999999999999998
ASZ1	
ATAD1	-0.9999999999999999
ATAD2	1.0
ATAD2B	0.9999999999999998
ATAD3A	1.0
ATAD3B	-0.9999999999999999
ATAD3C	-0.9999999999999998
ATAD5	0.9999999999999998
ATAT1	-1.0
ATCAY	-0.9999999999999999
ATE1	-1.0
ATF1	-0.9999999999999999
ATF1P1	
ATF2	1.0
ATF3	-1.0
ATF4	-1.0
ATF4P1	-1.0
ATF4P2	-0.9999999999999999
ATF4P3	-1.0
ATF4P4	-0.9999999999999999
ATF5	1.0
ATF6	-0.9999999999999998
ATF6B	0.9999999999999998
ATF7	-1.0
ATF7IP	1.0
ATF7IP2	0.9999999999999999
ATG10	-0.9999999999999998
ATG10-AS1	
ATG10-IT1	
ATG12	0.9999999999999999
ATG12P2	1.0
ATG13	-1.0
ATG14	-0.9999999999999997
ATG16L1	-1.0
ATG16L2	-1.0
ATG2A	0.9999999999999998
ATG2B	-0.9999999999999999
ATG3	-0.9999999999999999
ATG3P1	
ATG4A	1.0
ATG4AP1	
ATG4B	-1.0
ATG4C	1.0
ATG4D	-0.9999999999999998
ATG5	0.9999999999999999
ATG7	-1.0
ATG9A	-0.9999999999999998
ATG9B	-1.0
ATHL1	0.9999999999999999
ATIC	-1.0
ATL1	-1.0
ATL2	-1.0
ATL3	-0.9999999999999999
ATM	-1.0
ATMIN	-0.9999999999999998
ATN1	-0.9999999999999998
ATOH1	0.9999999999999999
ATOH7	1.0
ATOH8	-1.0
ATOX1	1.0
ATP10A	-0.9999999999999999
ATP10B	0.9999999999999999
ATP10D	0.9999999999999998
ATP11A	1.0
ATP11A-AS1	
ATP11B	0.9999999999999998
ATP11C	-0.9999999999999998
ATP12A	-1.0
ATP13A1	-1.0
ATP13A2	-0.9999999999999999
ATP13A3	-1.0
ATP13A4	1.0
ATP13A4-AS1	-0.9999999999999998
ATP13A5	-0.9999999999999998
ATP13A5-AS1	1.0
ATP1A1	-1.0
ATP1A1OS	0.9999999999999998
ATP1A2	-0.9999999999999999
ATP1A3	-1.0
ATP1A4	-1.0
ATP1B1	-1.0
ATP1B1P1	-1.0
ATP1B2	-1.0
ATP1B3	0.9999999999999999
ATP1B3-AS1	1.0
ATP1B3P1	-1.0
ATP1B4	-0.9999999999999998
ATP2A1	1.0
ATP2A2	-0.9999999999999996
ATP2A3	-1.0
ATP2B1	-1.0
ATP2B2	-0.9999999999999999
ATP2B2-IT1	
ATP2B2-IT2	
ATP2B3	-1.0
ATP2B4	-0.9999999999999999
ATP2C1	-1.0
ATP2C2	0.9999999999999999
ATP4A	-0.9999999999999999
ATP4B	-0.9999999999999998
ATP5A1	0.9999999999999999
ATP5A1P1	1.0
ATP5A1P10	
ATP5A1P2	1.0
ATP5A1P3	0.9999999999999999
ATP5A1P5	-1.0
ATP5A1P6	-0.9999999999999998
ATP5A1P7	-0.9999999999999998
ATP5A1P8	-1.0
ATP5A1P9	-1.0
ATP5B	1.0
ATP5BP1	-0.9999999999999998
ATP5C1	1.0
ATP5C1P1	-0.9999999999999999
ATP5D	1.0
ATP5E	1.0
ATP5EP1	
ATP5EP2	0.9999999999999999
ATP5F1	0.9999999999999999
ATP5F1P1	-0.9999999999999998
ATP5F1P2	-0.9999999999999998
ATP5F1P3	1.0
ATP5F1P4	
ATP5F1P5	-1.0
ATP5F1P6	0.9999999999999999
ATP5F1P7	1.0
ATP5G1	0.9999999999999998
ATP5G1P1	1.0
ATP5G1P3	-0.9999999999999998
ATP5G1P4	0.9999999999999999
ATP5G1P5	-1.0
ATP5G1P6	0.9999999999999999
ATP5G1P7	-1.0
ATP5G1P8	
ATP5G2	-1.0
ATP5G2P1	0.9999999999999999
ATP5G2P3	-0.9999999999999998
ATP5G2P4	-1.0
ATP5G3	1.0
ATP5H	-1.0
ATP5HP1	-0.9999999999999999
ATP5I	0.9999999999999999
ATP5J	1.0
ATP5J2	1.0
ATP5J2-PTCD1	-1.0
ATP5J2LP	
ATP5J2P3	1.0
ATP5J2P6	
ATP5JP1	-1.0
ATP5L	1.0
ATP5L2	-1.0
ATP5LP2	0.9999999999999998
ATP5LP3	0.9999999999999999
ATP5LP4	-0.9999999999999998
ATP5LP5	
ATP5LP6	-0.9999999999999998
ATP5LP7	
ATP5O	1.0
ATP5S	0.9999999999999999
ATP5SL	-0.9999999999999998
ATP6AP1	-1.0
ATP6AP1L	-0.9999999999999998
ATP6AP2	-1.0
ATP6C	
ATP6V0A1	-1.0
ATP6V0A2	-1.0
ATP6V0A4	-1.0
ATP6V0B	1.0
ATP6V0C	0.9999999999999999
ATP6V0CP1	
ATP6V0CP2	
ATP6V0CP3	1.0
ATP6V0D1	-1.0
ATP6V0D2	-1.0
ATP6V0E1	-0.9999999999999999
ATP6V0E1P1	
ATP6V0E1P2	0.9999999999999999
ATP6V0E1P3	
ATP6V0E1P4	
ATP6V0E2	0.9999999999999998
ATP6V0E2-AS1	-1.0
ATP6V1A	-0.9999999999999999
ATP6V1B1	0.9999999999999999
ATP6V1B2	0.9999999999999999
ATP6V1C1	-0.9999999999999999
ATP6V1C2	-0.9999999999999998
ATP6V1D	-0.9999999999999998
ATP6V1E1	-1.0
ATP6V1E1P1	-1.0
ATP6V1E2	1.0
ATP6V1F	-0.9999999999999999
ATP6V1G1	-0.9999999999999999
ATP6V1G1P2	-0.9999999999999998
ATP6V1G1P3	
ATP6V1G1P4	
ATP6V1G1P6	
ATP6V1G1P7	
ATP6V1G2	-0.9999999999999998
ATP6V1G2-DDX39B	
ATP6V1G3	
ATP6V1H	-1.0
ATP7A	1.0
ATP7B	0.9999999999999998
ATP8A1	-0.9999999999999999
ATP8A2	1.0
ATP8A2P1	
ATP8A2P2	
ATP8A2P3	1.0
ATP8B1	0.9999999999999999
ATP8B2	-0.9999999999999998
ATP8B3	-1.0
ATP8B4	-1.0
ATP8B5P	-1.0
ATP9A	-1.0
ATP9B	-1.0
ATPAF1	1.0
ATPAF2	-0.9999999999999999
ATPIF1	1.0
ATR	1.0
ATRAID	-0.9999999999999999
ATRIP	-1.0
ATRN	-0.9999999999999999
ATRNL1	-1.0
ATRX	1.0
ATXN1	-1.0
ATXN10	-1.0
ATXN1L	-1.0
ATXN2	-0.9999999999999999
ATXN2L	-0.9999999999999998
ATXN3	-1.0
ATXN3L	
ATXN7	0.9999999999999998
ATXN7L1	-0.9999999999999998
ATXN7L2	-0.9999999999999999
ATXN7L3	-0.9999999999999998
ATXN7L3B	1.0
ATXN8OS	
AUH	0.9999999999999998
AUNIP	1.0
AUP1	-1.0
AURKA	-0.9999999999999999
AURKAIP1	1.0
AURKAPS1	
AURKB	1.0
AURKC	-0.9999999999999998
AUTS2	-1.0
AVEN	-0.9999999999999999
AVIL	1.0
AVL9	-0.9999999999999998
AVP	
AVPI1	-1.0
AVPR1A	-1.0
AVPR1B	1.0
AVPR2	-1.0
AWAT1	1.0
AWAT2	
AXDND1	-1.0
AXIN1	0.9999999999999999
AXIN2	-1.0
AXL	-1.0
AZGP1	-0.9999999999999999
AZGP1P1	-0.9999999999999997
AZGP1P2	1.0
AZI1	0.9999999999999999
AZI2	-1.0
AZIN1	-1.0
AZU1	0.9999999999999998
AZU1P1	
B2M	1.0
B3GALNT1	-0.9999999999999999
B3GALNT2	-0.9999999999999997
B3GALT1	-0.9999999999999999
B3GALT2	0.9999999999999999
B3GALT4	-1.0
B3GALT5	0.9999999999999999
B3GALT6	0.9999999999999999
B3GALTL	-1.0
B3GAT1	1.0
B3GAT2	0.9999999999999998
B3GAT3	-1.0
B3GNT1	1.0
B3GNT2	-0.9999999999999999
B3GNT3	-1.0
B3GNT4	-1.0
B3GNT5	-1.0
B3GNT6	0.9999999999999998
B3GNT7	0.9999999999999999
B3GNT8	1.0
B3GNT9	-1.0
B3GNTL1	-1.0
B4GALNT1	-0.9999999999999999
B4GALNT2	-0.9999999999999999
B4GALNT3	-1.0
B4GALNT4	-1.0
B4GALT1	-0.9999999999999999
B4GALT2	1.0
B4GALT3	-0.9999999999999999
B4GALT4	1.0
B4GALT4-AS1	
B4GALT5	-0.9999999999999999
B4GALT6	-1.0
B4GALT7	0.9999999999999999
B9D1	0.9999999999999999
B9D2	0.9999999999999999
BAALC	-0.9999999999999999
BAAT	-0.9999999999999998
BAATP1	1.0
BABAM1	0.9999999999999998
BACE1	-0.9999999999999998
BACE2	1.0
BACE2-IT1	-0.9999999999999998
BACH1	1.0
BACH1-AS1	
BACH1-IT1	-1.0
BACH1-IT2	1.0
BACH1-IT3	
BACH2	-1.0
BAD	1.0
BAG1	-1.0
BAG2	-1.0
BAG3	-1.0
BAG4	-1.0
BAG5	-0.9999999999999998
BAG6	-0.9999999999999999
BAGE2	
BAHD1	0.9999999999999999
BAI1	-1.0
BAI2	0.9999999999999999
BAI3	-1.0
BAIAP2	-0.9999999999999999
BAIAP2-AS1	1.0
BAIAP2L1	-1.0
BAIAP2L2	1.0
BAIAP3	-1.0
BAK1	0.9999999999999998
BAK1P1	-1.0
BAK1P2	
BAMBI	-1.0
BANF1	0.9999999999999999
BANF1P1	1.0
BANF1P2	0.9999999999999999
BANF1P3	1.0
BANF1P4	-1.0
BANF1P5	
BANF2	-0.9999999999999998
BANK1	-0.9999999999999999
BANP	-1.0
BAP1	-1.0
BARD1	1.0
BARHL1	-1.0
BARHL2	-0.9999999999999998
BARX1	0.9999999999999999
BARX2	0.9999999999999999
BASP1	-1.0
BASP1P1	1.0
BATF	-0.9999999999999999
BATF2	0.9999999999999998
BATF3	-0.9999999999999998
BAX	1.0
BAZ1A	0.9999999999999998
BAZ1B	1.0
BAZ2A	0.9999999999999998
BAZ2B	0.9999999999999998
BBC3	0.9999999999999998
BBIP1	-0.9999999999999998
BBOX1	-0.9999999999999998
BBS1	1.0
BBS10	-1.0
BBS12	0.9999999999999998
BBS2	0.9999999999999999
BBS4	1.0
BBS5	0.9999999999999999
BBS7	0.9999999999999999
BBS9	-0.9999999999999998
BBX	0.9999999999999999
BCAM	-0.9999999999999999
BCAN	0.9999999999999998
BCAP29	-1.0
BCAP31	-0.9999999999999999
BCAR1	1.0
BCAR3	-0.9999999999999999
BCAR4	
BCAS1	-0.9999999999999999
BCAS2	0.9999999999999999
BCAS2P1	1.0
BCAS2P2	-1.0
BCAS2P3	
BCAS3	-1.0
BCAS4	-1.0
BCAT1	-0.9999999999999999
BCAT2	0.9999999999999998
BCCIP	1.0
BCDIN3D	-0.9999999999999999
BCDIN3D-AS1	-1.0
BCHE	-1.0
BCKDHA	0.9999999999999999
BCKDHB	0.9999999999999998
BCKDK	0.9999999999999998
BCL10	-1.0
BCL11A	-1.0
BCL11B	-1.0
BCL2	-0.9999999999999999
BCL2A1	-0.9999999999999999
BCL2L1	-1.0
BCL2L10	1.0
BCL2L11	-1.0
BCL2L12	-1.0
BCL2L13	1.0
BCL2L14	1.0
BCL2L15	0.9999999999999999
BCL2L2	0.9999999999999997
BCL2L2-PABPN1	-0.9999999999999999
BCL3	1.0
BCL6	-1.0
BCL6B	-0.9999999999999999
BCL7A	-1.0
BCL7B	-0.9999999999999999
BCL7C	1.0
BCL9	0.9999999999999998
BCL9L	0.9999999999999998
BCLAF1	1.0
BCMO1	1.0
BCO2	-0.9999999999999999
BCOR	0.9999999999999999
BCORL1	-1.0
BCORP1	0.9999999999999998
BCR	-0.9999999999999999
BCRP1	1.0
BCRP2	-0.9999999999999998
BCRP3	-1.0
BCRP4	
BCRP5	-0.9999999999999998
BCRP6	
BCRP7	1.0
BCRP8	-1.0
BCRP9	
BCS1L	-0.9999999999999999
BCYRN1	0.9999999999999999
BDH1	-1.0
BDH2	-0.9999999999999998
BDH2P1	-1.0
BDKRB1	-0.9999999999999999
BDKRB2	0.9999999999999999
BDNF	-1.0
BDNF-AS	0.9999999999999999
BDP1	-0.9999999999999998
BDP1P	-0.9999999999999998
BEAN1	-0.9999999999999998
BECN1	1.0
BECN1P1	
BEGAIN	0.9999999999999999
BEND2	
BEND3	0.9999999999999999
BEND3P2	0.9999999999999999
BEND3P3	-0.9999999999999999
BEND4	-1.0
BEND5	-0.9999999999999999
BEND6	-1.0
BEND7	-1.0
BEST1	-0.9999999999999999
BEST2	-1.0
BEST3	0.9999999999999998
BEST4	0.9999999999999999
BET1	0.9999999999999999
BET1L	-0.9999999999999999
BEX1	1.0
BEX2	1.0
BEX4	1.0
BEX5	-1.0
BFAR	-1.0
BFSP1	-1.0
BFSP2	-1.0
BFSP2-AS1	1.0
BGLAP	-1.0
BGN	-0.9999999999999999
BHLHA15	1.0
BHLHA9	
BHLHB9	1.0
BHLHE22	-0.9999999999999999
BHLHE23	-0.9999999999999998
BHLHE40	-1.0
BHLHE40-AS1	-0.9999999999999999
BHLHE41	-0.9999999999999998
BHMT	0.9999999999999998
BHMT2	0.9999999999999999
BICC1	-1.0
BICD1	-1.0
BICD2	-1.0
BID	0.9999999999999998
BIK	0.9999999999999999
BIN1	-1.0
BIN2	-0.9999999999999999
BIN2P1	-1.0
BIN2P2	
BIN3	1.0
BIRC2	-1.0
BIRC3	1.0
BIRC5	0.9999999999999999
BIRC6	0.9999999999999998
BIRC6-AS1	-0.9999999999999998
BIRC7	-0.9999999999999998
BIRC8	-0.9999999999999998
BIVM	1.0
BIVM-ERCC5	
BLACE	
BLCAP	1.0
BLID	-0.9999999999999998
BLK	-0.9999999999999999
BLM	0.9999999999999999
BLMH	0.9999999999999999
BLNK	1.0
BLOC1S1	1.0
BLOC1S2	1.0
BLOC1S3	-1.0
BLOC1S4	1.0
BLOC1S5	1.0
BLOC1S5-TXNDC5	
BLOC1S6	-1.0
BLVRA	-0.9999999999999999
BLVRB	0.9999999999999999
BLZF1	0.9999999999999999
BLZF2P	1.0
BMF	1.0
BMI1	-0.9999999999999999
BMP1	-0.9999999999999998
BMP10	
BMP15	
BMP2	-1.0
BMP2K	-1.0
BMP2KL	
BMP3	1.0
BMP4	-0.9999999999999999
BMP5	-1.0
BMP6	-0.9999999999999998
BMP6P1	
BMP7	-1.0
BMP8A	-0.9999999999999999
BMP8B	-1.0
BMPER	-0.9999999999999999
BMPR1A	-0.9999999999999999
BMPR1APS1	0.9999999999999998
BMPR1APS2	-1.0
BMPR1B	-0.9999999999999998
BMPR2	-0.9999999999999999
BMS1	-0.9999999999999998
BMS1P1	0.9999999999999999
BMS1P10	-0.9999999999999999
BMS1P11	-0.9999999999999998
BMS1P12	
BMS1P13	
BMS1P14	
BMS1P15	0.9999999999999999
BMS1P16	0.9999999999999999
BMS1P17	-0.9999999999999998
BMS1P18	
BMS1P19	-0.9999999999999998
BMS1P2	-1.0
BMS1P20	-1.0
BMS1P3	
BMS1P4	0.9999999999999999
BMS1P5	-1.0
BMS1P6	-1.0
BMS1P7	-1.0
BMS1P8	0.9999999999999999
BMS1P9	-1.0
BMX	1.0
BNC1	-1.0
BNC2	-0.9999999999999999
BNIP1	-1.0
BNIP2	-0.9999999999999999
BNIP3	-1.0
BNIP3L	-1.0
BNIP3P1	-1.0
BNIP3P2	
BNIP3P3	
BNIP3P7	
BNIPL	-0.9999999999999998
BOC	-1.0
BOD1	1.0
BOD1L1	-0.9999999999999998
BOD1L2	1.0
BOK	-0.9999999999999998
BOK-AS1	-0.9999999999999998
BOLA1	0.9999999999999999
BOLA2	
BOLA2B	-1.0
BOLA3	0.9999999999999998
BOLA3-AS1	-0.9999999999999998
BOLL	-1.0
BOP1	1.0
BORA	1.0
BPESC1	-1.0
BPGM	-0.9999999999999999
BPHL	-0.9999999999999999
BPI	-0.9999999999999998
BPIFA1	
BPIFA2	-0.9999999999999999
BPIFA3	
BPIFA4P	1.0
BPIFB1	-0.9999999999999999
BPIFB2	-1.0
BPIFB3	
BPIFB4	-0.9999999999999998
BPIFB5P	
BPIFB6	
BPIFB9P	-0.9999999999999998
BPIFC	
BPNT1	1.0
BPTF	0.9999999999999999
BPY2	
BPY2B	
BPY2C	
BPY2DP	
BRAF	-0.9999999999999999
BRAFP1	0.9999999999999999
BRAP	1.0
BRAT1	1.0
BRCA1	0.9999999999999998
BRCA2	0.9999999999999998
BRCC3	0.9999999999999999
BRD1	0.9999999999999999
BRD2	-0.9999999999999999
BRD2-IT1	
BRD3	0.9999999999999999
BRD4	-1.0
BRD7	-0.9999999999999999
BRD7P1	1.0
BRD7P2	0.9999999999999998
BRD7P3	1.0
BRD7P4	1.0
BRD7P5	-0.9999999999999998
BRD7P6	1.0
BRD8	1.0
BRD9	-1.0
BRDT	1.0
BRE	-1.0
BRF1	0.9999999999999998
BRF2	1.0
BRI3	-1.0
BRI3BP	1.0
BRI3P1	-0.9999999999999999
BRICD5	-1.0
BRINP1	0.9999999999999998
BRINP2	0.9999999999999998
BRINP3	1.0
BRIP1	1.0
BRIX1	-1.0
BRK1	-1.0
BRK1P2	
BRMS1	-1.0
BRMS1L	-0.9999999999999998
BROX	1.0
BRPF1	-1.0
BRPF3	0.9999999999999999
BRS3	
BRSK1	1.0
BRSK2	1.0
BRWD1	1.0
BRWD1-AS1	0.9999999999999999
BRWD1-IT1	
BRWD1-IT2	-1.0
BRWD3	0.9999999999999998
BSCL2	-1.0
BSDC1	1.0
BSG	-0.9999999999999999
BSN	0.9999999999999999
BSN-AS1	1.0
BSN-AS2	-1.0
BSND	1.0
BSPH1	-0.9999999999999998
BSPRY	0.9999999999999999
BST1	0.9999999999999998
BST2	0.9999999999999999
BSX	
BTAF1	-1.0
BTBD1	-1.0
BTBD10	-0.9999999999999999
BTBD11	0.9999999999999999
BTBD16	1.0
BTBD17	-1.0
BTBD18	1.0
BTBD19	-0.9999999999999999
BTBD2	1.0
BTBD3	-1.0
BTBD6	-0.9999999999999998
BTBD7	-1.0
BTBD7P1	1.0
BTBD7P2	1.0
BTBD8	1.0
BTBD9	0.9999999999999999
BTBD9-AS1	
BTC	1.0
BTD	-1.0
BTF3	-1.0
BTF3L4	-1.0
BTF3L4P1	-1.0
BTF3L4P2	-1.0
BTF3L4P3	-1.0
BTF3L4P4	
BTF3P10	-0.9999999999999998
BTF3P11	0.9999999999999999
BTF3P12	-1.0
BTF3P13	0.9999999999999998
BTF3P14	-0.9999999999999998
BTF3P15	
BTF3P2	-1.0
BTF3P4	-0.9999999999999998
BTF3P5	-0.9999999999999999
BTF3P6	-1.0
BTF3P7	-0.9999999999999999
BTF3P8	-1.0
BTF3P9	-0.9999999999999998
BTG1	-0.9999999999999999
BTG2	-1.0
BTG3	0.9999999999999999
BTG4	-0.9999999999999998
BTK	-1.0
BTLA	-0.9999999999999999
BTN1A1	-0.9999999999999998
BTN2A1	1.0
BTN2A2	1.0
BTN2A3P	0.9999999999999998
BTN3A1	1.0
BTN3A2	0.9999999999999999
BTN3A3	0.9999999999999998
BTNL10	-0.9999999999999998
BTNL2	-0.9999999999999999
BTNL3	-1.0
BTNL8	-1.0
BTNL9	-0.9999999999999999
BTRC	-1.0
BUB1	-1.0
BUB1B	1.0
BUB3	-1.0
BUD13	-1.0
BUD31	-1.0
BVES	-0.9999999999999999
BVES-AS1	-0.9999999999999999
BYSL	-1.0
BZRAP1	0.9999999999999999
BZRAP1-AS1	-1.0
BZW1	-0.9999999999999998
BZW1P1	0.9999999999999999
BZW1P2	-0.9999999999999999
BZW2	0.9999999999999999
C10orf10	-0.9999999999999998
C10orf105	0.9999999999999999
C10orf107	0.9999999999999999
C10orf11	0.9999999999999999
C10orf111	-0.9999999999999998
C10orf112	-0.9999999999999999
C10orf113	
C10orf115	-1.0
C10orf118	1.0
C10orf12	-1.0
C10orf120	
C10orf126	
C10orf128	-1.0
C10orf129	-1.0
C10orf131	-0.9999999999999999
C10orf137	-1.0
C10orf2	-1.0
C10orf25	-0.9999999999999998
C10orf32	-1.0
C10orf32-ASMT	
C10orf35	0.9999999999999999
C10orf40	-1.0
C10orf53	
C10orf54	-0.9999999999999999
C10orf55	-1.0
C10orf62	-1.0
C10orf67	-0.9999999999999999
C10orf68	1.0
C10orf71	-0.9999999999999999
C10orf71-AS1	1.0
C10orf76	-0.9999999999999999
C10orf82	-1.0
C10orf85	1.0
C10orf88	-0.9999999999999999
C10orf90	-1.0
C10orf91	0.9999999999999999
C10orf95	1.0
C10orf99	1.0
C11orf1	1.0
C11orf16	1.0
C11orf21	-1.0
C11orf24	0.9999999999999998
C11orf30	-0.9999999999999999
C11orf31	1.0
C11orf34	-0.9999999999999998
C11orf35	1.0
C11orf40	
C11orf42	
C11orf44	-1.0
C11orf45	1.0
C11orf48	1.0
C11orf49	-0.9999999999999999
C11orf52	
C11orf53	0.9999999999999998
C11orf54	-1.0
C11orf57	-1.0
C11orf58	-1.0
C11orf63	-1.0
C11orf65	0.9999999999999999
C11orf68	-0.9999999999999999
C11orf70	-0.9999999999999998
C11orf71	0.9999999999999999
C11orf72	0.9999999999999998
C11orf73	-0.9999999999999999
C11orf74	0.9999999999999999
C11orf80	-1.0
C11orf82	0.9999999999999998
C11orf83	0.9999999999999998
C11orf84	-1.0
C11orf85	0.9999999999999999
C11orf86	-0.9999999999999998
C11orf87	-0.9999999999999998
C11orf88	-1.0
C11orf89	-0.9999999999999998
C11orf91	-1.0
C11orf94	-0.9999999999999998
C11orf95	-1.0
C11orf96	-0.9999999999999999
C12orf10	-0.9999999999999998
C12orf23	-1.0
C12orf29	-1.0
C12orf36	-0.9999999999999999
C12orf39	-1.0
C12orf4	-1.0
C12orf40	
C12orf42	-1.0
C12orf43	1.0
C12orf44	-1.0
C12orf45	-1.0
C12orf49	-0.9999999999999999
C12orf5	-1.0
C12orf50	0.9999999999999999
C12orf52	-1.0
C12orf54	-0.9999999999999998
C12orf55	-0.9999999999999999
C12orf56	1.0
C12orf57	1.0
C12orf60	1.0
C12orf61	1.0
C12orf65	0.9999999999999999
C12orf66	-0.9999999999999998
C12orf68	-0.9999999999999999
C12orf71	-0.9999999999999998
C12orf73	1.0
C12orf74	1.0
C12orf75	-1.0
C12orf76	-1.0
C12orf77	-1.0
C12orf79	-0.9999999999999999
C12orf80	1.0
C13orf35	-0.9999999999999998
C13orf45	-1.0
C14orf1	-0.9999999999999998
C14orf105	-0.9999999999999998
C14orf119	-1.0
C14orf132	-0.9999999999999999
C14orf142	1.0
C14orf144	-0.9999999999999999
C14orf159	0.9999999999999999
C14orf164	0.9999999999999998
C14orf166	-1.0
C14orf166B	-1.0
C14orf169	
C14orf177	1.0
C14orf178	1.0
C14orf180	1.0
C14orf182	-1.0
C14orf183	-1.0
C14orf2	1.0
C14orf23	
C14orf28	0.9999999999999998
C14orf37	-1.0
C14orf39	
C14orf64	-1.0
C14orf79	-1.0
C14orf80	0.9999999999999998
C14orf93	1.0
C15ORF37	
C15orf26	-1.0
C15orf27	-0.9999999999999999
C15orf32	
C15orf37	
C15orf38	1.0
C15orf38-AP3S2	
C15orf39	-1.0
C15orf40	0.9999999999999998
C15orf41	-1.0
C15orf43	1.0
C15orf48	1.0
C15orf52	-1.0
C15orf53	-1.0
C15orf54	-0.9999999999999999
C15orf56	-0.9999999999999998
C15orf57	1.0
C15orf59	-0.9999999999999998
C15orf60	-1.0
C15orf61	1.0
C15orf62	0.9999999999999999
C15orf65	1.0
C16orf11	-1.0
C16orf13	1.0
C16orf3	1.0
C16orf45	-1.0
C16orf46	-0.9999999999999999
C16orf47	
C16orf52	-0.9999999999999999
C16orf54	-1.0
C16orf58	0.9999999999999998
C16orf59	1.0
C16orf62	-1.0
C16orf70	1.0
C16orf71	-0.9999999999999999
C16orf72	-0.9999999999999999
C16orf74	-0.9999999999999998
C16orf78	-0.9999999999999998
C16orf80	-0.9999999999999999
C16orf82	-1.0
C16orf86	0.9999999999999998
C16orf87	1.0
C16orf89	-1.0
C16orf90	1.0
C16orf91	0.9999999999999998
C16orf92	
C16orf93	-0.9999999999999999
C16orf95	0.9999999999999999
C16orf96	-1.0
C16orf97	
C16orf98	1.0
C17orf100	0.9999999999999999
C17orf102	-0.9999999999999998
C17orf103	-1.0
C17orf104	1.0
C17orf105	-0.9999999999999997
C17orf107	-1.0
C17orf112	
C17orf47	1.0
C17orf49	-0.9999999999999999
C17orf50	0.9999999999999999
C17orf51	-0.9999999999999999
C17orf53	-0.9999999999999999
C17orf58	1.0
C17orf59	0.9999999999999998
C17orf61-PLSCR3	
C17orf62	-1.0
C17orf64	1.0
C17orf66	1.0
C17orf67	-0.9999999999999999
C17orf70	1.0
C17orf72	-0.9999999999999999
C17orf74	
C17orf75	-0.9999999999999999
C17orf76-AS1	1.0
C17orf77	-0.9999999999999998
C17orf78	-0.9999999999999998
C17orf80	1.0
C17orf82	-0.9999999999999998
C17orf85	1.0
C17orf89	0.9999999999999999
C17orf96	-1.0
C17orf97	1.0
C17orf98	1.0
C17orf99	-0.9999999999999998
C18orf21	1.0
C18orf25	-0.9999999999999999
C18orf32	1.0
C18orf42	-1.0
C18orf54	-0.9999999999999999
C18orf56	1.0
C18orf63	-0.9999999999999998
C18orf8	1.0
C19orf10	1.0
C19orf12	0.9999999999999999
C19orf18	-1.0
C19orf24	-1.0
C19orf25	0.9999999999999999
C19orf26	-1.0
C19orf33	-0.9999999999999999
C19orf35	1.0
C19orf38	0.9999999999999999
C19orf40	-0.9999999999999999
C19orf43	1.0
C19orf44	0.9999999999999998
C19orf45	1.0
C19orf47	1.0
C19orf48	1.0
C19orf52	0.9999999999999999
C19orf53	-0.9999999999999998
C19orf54	-1.0
C19orf55	0.9999999999999998
C19orf57	0.9999999999999998
C19orf59	-1.0
C19orf60	1.0
C19orf66	0.9999999999999998
C19orf67	0.9999999999999999
C19orf68	1.0
C19orf69	1.0
C19orf70	1.0
C19orf71	1.0
C19orf73	0.9999999999999998
C19orf77	-1.0
C19orf80	-0.9999999999999998
C19orf81	-0.9999999999999998
C19orf82	-1.0
C1D	-1.0
C1DP1	-1.0
C1DP2	-0.9999999999999998
C1DP3	
C1DP4	1.0
C1GALT1	1.0
C1GALT1C1	1.0
C1ORF220	
C1QA	0.9999999999999998
C1QB	1.0
C1QBP	1.0
C1QBPP	
C1QC	0.9999999999999999
C1QL1	-0.9999999999999999
C1QL2	-0.9999999999999998
C1QL3	-0.9999999999999997
C1QL4	-0.9999999999999998
C1QTNF1	-0.9999999999999999
C1QTNF1-AS1	-0.9999999999999999
C1QTNF2	-0.9999999999999998
C1QTNF3	-1.0
C1QTNF4	0.9999999999999999
C1QTNF5	
C1QTNF6	-1.0
C1QTNF7	-0.9999999999999999
C1QTNF8	-1.0
C1QTNF9	-1.0
C1QTNF9-AS1	
C1QTNF9B	-1.0
C1QTNF9B-AS1	1.0
C1R	-1.0
C1RL	1.0
C1RL-AS1	0.9999999999999999
C1S	-0.9999999999999999
C1orf100	
C1orf101	-0.9999999999999998
C1orf105	-1.0
C1orf106	1.0
C1orf109	1.0
C1orf110	0.9999999999999999
C1orf111	1.0
C1orf112	-1.0
C1orf115	1.0
C1orf116	-1.0
C1orf122	1.0
C1orf123	-0.9999999999999999
C1orf127	0.9999999999999999
C1orf131	1.0
C1orf132	-1.0
C1orf137	
C1orf141	0.9999999999999999
C1orf143	-0.9999999999999998
C1orf145	-1.0
C1orf146	
C1orf147	-1.0
C1orf158	1.0
C1orf159	0.9999999999999998
C1orf162	1.0
C1orf167	-0.9999999999999998
C1orf168	1.0
C1orf170	-0.9999999999999998
C1orf172	0.9999999999999998
C1orf173	-1.0
C1orf174	-1.0
C1orf177	1.0
C1orf180	1.0
C1orf185	-0.9999999999999998
C1orf186	-1.0
C1orf189	1.0
C1orf192	-0.9999999999999998
C1orf194	-1.0
C1orf195	
C1orf198	-0.9999999999999999
C1orf200	1.0
C1orf204	-0.9999999999999999
C1orf21	-1.0
C1orf210	1.0
C1orf213	-0.9999999999999999
C1orf216	-1.0
C1orf220	-0.9999999999999999
C1orf222	-0.9999999999999999
C1orf226	0.9999999999999999
C1orf227	-1.0
C1orf228	-1.0
C1orf229	-1.0
C1orf233	-1.0
C1orf234	1.0
C1orf27	1.0
C1orf35	0.9999999999999998
C1orf43	-1.0
C1orf50	-0.9999999999999999
C1orf51	1.0
C1orf52	-1.0
C1orf53	1.0
C1orf54	0.9999999999999999
C1orf56	1.0
C1orf61	0.9999999999999999
C1orf63	0.9999999999999999
C1orf64	-1.0
C1orf65	
C1orf68	
C1orf74	-0.9999999999999998
C1orf85	-0.9999999999999999
C1orf86	0.9999999999999998
C1orf87	
C1orf94	0.9999999999999998
C1orf95	1.0
C2	0.9999999999999998
C20ORF135	1.0
C20orf112	-0.9999999999999999
C20orf141	
C20orf144	-0.9999999999999998
C20orf166	-1.0
C20orf166-AS1	1.0
C20orf173	1.0
C20orf187	
C20orf194	-1.0
C20orf195	-1.0
C20orf196	0.9999999999999999
C20orf197	-0.9999999999999999
C20orf201	-0.9999999999999998
C20orf202	1.0
C20orf203	-0.9999999999999998
C20orf24	1.0
C20orf26	-1.0
C20orf27	0.9999999999999999
C20orf62	1.0
C20orf78	
C20orf85	
C20orf96	0.9999999999999999
C21orf119	1.0
C21orf128	-0.9999999999999998
C21orf2	-1.0
C21orf33	0.9999999999999998
C21orf37	1.0
C21orf49	-1.0
C21orf54	-1.0
C21orf58	0.9999999999999998
C21orf59	-0.9999999999999999
C21orf62	-0.9999999999999999
C21orf67	0.9999999999999998
C21orf88	1.0
C21orf90	-1.0
C21orf91	-1.0
C21orf91-OT1	-1.0
C22orf15	-1.0
C22orf23	-1.0
C22orf24	0.9999999999999999
C22orf26	-0.9999999999999999
C22orf29	-0.9999999999999998
C22orf31	-1.0
C22orf34	-0.9999999999999998
C22orf39	-1.0
C22orf42	1.0
C22orf43	-0.9999999999999999
C22orf46	1.0
C2CD2	-0.9999999999999999
C2CD2L	1.0
C2CD3	1.0
C2CD4A	0.9999999999999999
C2CD4B	0.9999999999999999
C2CD4C	-0.9999999999999998
C2CD4D	1.0
C2CD5	1.0
C2ORF15	1.0
C2orf15	0.9999999999999999
C2orf16	
C2orf27A	1.0
C2orf27B	
C2orf40	-1.0
C2orf42	-1.0
C2orf43	0.9999999999999999
C2orf44	-1.0
C2orf47	1.0
C2orf48	0.9999999999999999
C2orf49	-1.0
C2orf50	-1.0
C2orf53	
C2orf54	0.9999999999999998
C2orf57	1.0
C2orf61	-0.9999999999999999
C2orf62	0.9999999999999998
C2orf66	0.9999999999999999
C2orf68	0.9999999999999999
C2orf69	-0.9999999999999999
C2orf70	-1.0
C2orf71	-1.0
C2orf72	1.0
C2orf73	1.0
C2orf74	
C2orf76	-0.9999999999999999
C2orf78	1.0
C2orf80	-0.9999999999999998
C2orf81	1.0
C2orf82	1.0
C2orf83	
C2orf88	1.0
C2orf91	-1.0
C3	-0.9999999999999999
C3AR1	-1.0
C3P1	-1.0
C3orf14	0.9999999999999998
C3orf17	-0.9999999999999999
C3orf18	-0.9999999999999998
C3orf20	0.9999999999999999
C3orf22	
C3orf27	-0.9999999999999999
C3orf30	
C3orf33	-0.9999999999999998
C3orf35	-1.0
C3orf36	-1.0
C3orf38	-1.0
C3orf49	
C3orf52	-0.9999999999999998
C3orf55	1.0
C3orf56	
C3orf58	-0.9999999999999999
C3orf62	0.9999999999999997
C3orf65	-1.0
C3orf67	-1.0
C3orf70	-0.9999999999999999
C3orf72	-0.9999999999999998
C3orf79	
C3orf80	-0.9999999999999998
C3orf83	0.9999999999999999
C3orf84	-0.9999999999999998
C4A	-0.9999999999999999
C4A-AS1	
C4B	1.0
C4B-AS1	
C4BPA	-1.0
C4BPAP1	-0.9999999999999999
C4BPAP2	
C4BPB	-1.0
C4orf17	-1.0
C4orf19	0.9999999999999999
C4orf21	0.9999999999999999
C4orf22	
C4orf26	-0.9999999999999998
C4orf27	0.9999999999999999
C4orf29	-0.9999999999999999
C4orf3	-1.0
C4orf32	-1.0
C4orf33	0.9999999999999999
C4orf36	-0.9999999999999999
C4orf40	
C4orf45	1.0
C4orf46	0.9999999999999999
C4orf47	-1.0
C4orf48	-1.0
C4orf50	-1.0
C4orf51	
C4orf6	
C5	-1.0
C5AR1	-0.9999999999999998
C5AR2	-0.9999999999999999
C5orf15	1.0
C5orf17	-0.9999999999999997
C5orf20	
C5orf22	0.9999999999999999
C5orf24	-0.9999999999999999
C5orf27	1.0
C5orf28	-0.9999999999999999
C5orf30	0.9999999999999998
C5orf34	1.0
C5orf38	1.0
C5orf42	-1.0
C5orf45	1.0
C5orf46	
C5orf47	-0.9999999999999998
C5orf48	-1.0
C5orf49	0.9999999999999999
C5orf50	1.0
C5orf51	-0.9999999999999999
C5orf52	0.9999999999999999
C5orf54	1.0
C5orf55	0.9999999999999999
C5orf56	0.9999999999999998
C5orf58	0.9999999999999999
C5orf60	-1.0
C5orf63	1.0
C5orf64	-1.0
C6	-0.9999999999999999
C6ORF165	1.0
C6orf1	1.0
C6orf10	-0.9999999999999998
C6orf100	1.0
C6orf106	-0.9999999999999998
C6orf118	-1.0
C6orf120	0.9999999999999998
C6orf123	1.0
C6orf132	-1.0
C6orf136	-0.9999999999999998
C6orf141	-0.9999999999999999
C6orf15	1.0
C6orf163	-1.0
C6orf164	-0.9999999999999999
C6orf165	-1.0
C6orf183	-0.9999999999999998
C6orf195	0.9999999999999998
C6orf201	-1.0
C6orf203	1.0
C6orf211	-1.0
C6orf222	0.9999999999999999
C6orf223	-1.0
C6orf226	1.0
C6orf25	-0.9999999999999998
C6orf3	-0.9999999999999998
C6orf47	0.9999999999999998
C6orf47-AS1	1.0
C6orf48	-1.0
C6orf52	-0.9999999999999999
C6orf57	0.9999999999999999
C6orf58	-0.9999999999999998
C6orf62	0.9999999999999998
C6orf89	0.9999999999999999
C6orf99	0.9999999999999999
C7	-1.0
C7orf10	0.9999999999999998
C7orf13	1.0
C7orf25	0.9999999999999998
C7orf26	-0.9999999999999999
C7orf31	1.0
C7orf33	
C7orf34	
C7orf41	-1.0
C7orf43	0.9999999999999998
C7orf49	-0.9999999999999999
C7orf50	0.9999999999999998
C7orf55	-1.0
C7orf55-LUC7L2	1.0
C7orf57	-1.0
C7orf60	-1.0
C7orf61	-1.0
C7orf62	-0.9999999999999998
C7orf63	-0.9999999999999999
C7orf65	
C7orf66	
C7orf69	
C7orf71	
C7orf72	1.0
C7orf73	-1.0
C7orf76	
C8A	-1.0
C8B	0.9999999999999999
C8G	1.0
C8orf12	-1.0
C8orf17	
C8orf22	-1.0
C8orf31	1.0
C8orf33	-0.9999999999999999
C8orf34	1.0
C8orf37	-1.0
C8orf4	-0.9999999999999998
C8orf44	-1.0
C8orf44-SGK3	1.0
C8orf46	-1.0
C8orf47	1.0
C8orf48	1.0
C8orf49	
C8orf56	-1.0
C8orf58	-0.9999999999999999
C8orf59	0.9999999999999996
C8orf74	-0.9999999999999998
C8orf76	0.9999999999999999
C8orf82	0.9999999999999999
C8orf86	1.0
C8orf87	
C9	-1.0
C9orf106	-0.9999999999999998
C9orf114	-1.0
C9orf116	1.0
C9orf117	0.9999999999999999
C9orf129	0.9999999999999999
C9orf131	0.9999999999999999
C9orf135	1.0
C9orf135-AS1	1.0
C9orf139	-1.0
C9orf141	-0.9999999999999999
C9orf142	0.9999999999999999
C9orf147	-1.0
C9orf152	0.9999999999999999
C9orf153	1.0
C9orf156	-0.9999999999999999
C9orf16	0.9999999999999999
C9orf163	1.0
C9orf169	1.0
C9orf170	-1.0
C9orf171	0.9999999999999998
C9orf172	1.0
C9orf173	1.0
C9orf24	0.9999999999999999
C9orf3	-1.0
C9orf37	0.9999999999999999
C9orf40	0.9999999999999999
C9orf41	0.9999999999999999
C9orf43	0.9999999999999999
C9orf47	-1.0
C9orf50	
C9orf53	
C9orf57	
C9orf62	0.9999999999999999
C9orf64	1.0
C9orf66	0.9999999999999998
C9orf69	1.0
C9orf72	-0.9999999999999998
C9orf78	1.0
C9orf84	0.9999999999999999
C9orf85	1.0
C9orf89	-0.9999999999999998
C9orf9	0.9999999999999999
C9orf91	1.0
C9orf92	
C9orf96	-1.0
CA1	1.0
CA10	1.0
CA11	-1.0
CA12	-1.0
CA13	1.0
CA14	0.9999999999999999
CA15P1	0.9999999999999999
CA15P2	
CA2	1.0
CA3	0.9999999999999999
CA4	-0.9999999999999999
CA5A	-0.9999999999999998
CA5AP1	
CA5B	-1.0
CA5BP1	-0.9999999999999998
CA6	-1.0
CA7	0.9999999999999999
CA8	0.9999999999999999
CA9	0.9999999999999999
CAAP1	1.0
CAB39	-1.0
CAB39L	0.9999999999999999
CABIN1	-1.0
CABLES1	-1.0
CABLES2	1.0
CABP1	-1.0
CABP2	-0.9999999999999998
CABP4	1.0
CABP5	-1.0
CABP7	1.0
CABS1	
CABYR	-0.9999999999999998
CABYRP1	1.0
CACFD1	-0.9999999999999999
CACHD1	-0.9999999999999999
CACNA1A	0.9999999999999999
CACNA1B	0.9999999999999998
CACNA1C	-0.9999999999999998
CACNA1C-AS1	1.0
CACNA1C-AS2	-0.9999999999999998
CACNA1C-AS3	
CACNA1C-AS4	
CACNA1C-IT1	
CACNA1C-IT2	
CACNA1C-IT3	
CACNA1D	0.9999999999999999
CACNA1E	-0.9999999999999999
CACNA1F	1.0
CACNA1G	1.0
CACNA1G-AS1	
CACNA1H	-0.9999999999999998
CACNA1I	1.0
CACNA1S	-1.0
CACNA2D1	-1.0
CACNA2D2	1.0
CACNA2D3	1.0
CACNA2D3-AS1	-0.9999999999999998
CACNA2D4	-0.9999999999999998
CACNB1	0.9999999999999999
CACNB2	-1.0
CACNB3	0.9999999999999998
CACNB4	-1.0
CACNG1	1.0
CACNG2	1.0
CACNG3	-1.0
CACNG4	0.9999999999999999
CACNG5	1.0
CACNG6	-1.0
CACNG7	-0.9999999999999998
CACNG8	-1.0
CACTIN	0.9999999999999999
CACTIN-AS1	-1.0
CACUL1	-0.9999999999999998
CACYBP	0.9999999999999999
CACYBPP1	-0.9999999999999998
CACYBPP2	-0.9999999999999999
CACYBPP3	
CAD	0.9999999999999999
CADM1	-0.9999999999999999
CADM2	-1.0
CADM2-AS1	
CADM2-AS2	
CADM3	-1.0
CADM4	-0.9999999999999999
CADPS	1.0
CADPS2	1.0
CAGE1	-0.9999999999999997
CAHM	-1.0
CALB1	-1.0
CALB2	-1.0
CALCA	0.9999999999999999
CALCB	-1.0
CALCOCO1	-0.9999999999999998
CALCOCO2	1.0
CALCP	
CALCR	1.0
CALCRL	-1.0
CALD1	-0.9999999999999999
CALHM1	-1.0
CALHM2	-0.9999999999999999
CALHM3	0.9999999999999998
CALM1	-1.0
CALM1P1	-0.9999999999999998
CALM1P2	-1.0
CALM2	0.9999999999999999
CALM2P1	0.9999999999999998
CALM2P2	-0.9999999999999999
CALM2P3	1.0
CALM2P4	1.0
CALM3	0.9999999999999998
CALML3	0.9999999999999998
CALML3-AS1	0.9999999999999998
CALML4	0.9999999999999999
CALML5	-1.0
CALML6	-1.0
CALN1	0.9999999999999999
CALR	1.0
CALR3	
CALR4P	-0.9999999999999998
CALU	-1.0
CALY	-1.0
CAMK1	-1.0
CAMK1D	0.9999999999999998
CAMK1G	-0.9999999999999999
CAMK2A	-1.0
CAMK2B	1.0
CAMK2D	0.9999999999999998
CAMK2G	-0.9999999999999998
CAMK2N1	-0.9999999999999999
CAMK2N2	-0.9999999999999999
CAMK4	-1.0
CAMKK1	-1.0
CAMKK2	1.0
CAMKMT	1.0
CAMKV	-0.9999999999999999
CAMLG	-0.9999999999999998
CAMP	1.0
CAMSAP1	-0.9999999999999998
CAMSAP2	-0.9999999999999998
CAMSAP3	0.9999999999999999
CAMTA1	0.9999999999999999
CAMTA1-IT1	
CAMTA2	0.9999999999999998
CAND1	0.9999999999999997
CAND2	-0.9999999999999999
CANT1	0.9999999999999998
CANX	0.9999999999999999
CAP1	-0.9999999999999999
CAP1P2	-1.0
CAP2	-1.0
CAP2P1	-1.0
CAPG	-1.0
CAPN1	-1.0
CAPN10	-0.9999999999999999
CAPN10-AS1	-0.9999999999999999
CAPN11	-0.9999999999999999
CAPN12	1.0
CAPN13	-0.9999999999999999
CAPN14	-1.0
CAPN15	0.9999999999999999
CAPN2	-0.9999999999999998
CAPN3	-1.0
CAPN5	1.0
CAPN6	-0.9999999999999999
CAPN7	-0.9999999999999998
CAPN8	-1.0
CAPN9	0.9999999999999999
CAPNS1	-1.0
CAPNS1P1	1.0
CAPNS2	-0.9999999999999998
CAPRIN1	0.9999999999999998
CAPRIN2	-0.9999999999999998
CAPS	-1.0
CAPS2	0.9999999999999998
CAPSL	1.0
CAPZA1	-0.9999999999999999
CAPZA2	-1.0
CAPZA3	
CAPZB	-1.0
CARD10	1.0
CARD11	-0.9999999999999998
CARD14	1.0
CARD16	1.0
CARD17	0.9999999999999999
CARD18	
CARD6	1.0
CARD8	-0.9999999999999999
CARD9	1.0
CARF	-1.0
CARHSP1	0.9999999999999999
CARKD	-1.0
CARM1	-0.9999999999999998
CARM1P1	
CARNS1	-0.9999999999999999
CARS	-0.9999999999999998
CARS-AS1	-0.9999999999999998
CARS2	-0.9999999999999999
CARTPT	-0.9999999999999999
CASC1	0.9999999999999999
CASC10	-1.0
CASC11	1.0
CASC14	1.0
CASC15	-1.0
CASC16	-0.9999999999999999
CASC17	
CASC2	0.9999999999999998
CASC3	0.9999999999999999
CASC4	1.0
CASC4P1	-0.9999999999999999
CASC5	1.0
CASC6	-0.9999999999999998
CASC7	-0.9999999999999999
CASC8	-1.0
CASC9	1.0
CASD1	0.9999999999999998
CASK	1.0
CASK-AS1	
CASKIN1	-0.9999999999999998
CASKIN2	-0.9999999999999999
CASKP1	
CASP1	0.9999999999999998
CASP10	0.9999999999999999
CASP12	-1.0
CASP14	-0.9999999999999998
CASP16	-0.9999999999999998
CASP1P1	
CASP1P2	1.0
CASP2	-1.0
CASP3	0.9999999999999999
CASP3P1	-1.0
CASP4	-1.0
CASP5	0.9999999999999999
CASP6	1.0
CASP7	0.9999999999999999
CASP8	1.0
CASP8AP2	0.9999999999999999
CASP9	-0.9999999999999998
CASQ1	-0.9999999999999998
CASQ2	-0.9999999999999998
CASR	0.9999999999999998
CASS4	-1.0
CAST	-1.0
CASZ1	1.0
CAT	-1.0
CATSPER1	-1.0
CATSPER2	0.9999999999999999
CATSPER2P1	0.9999999999999999
CATSPER3	-1.0
CATSPER4	0.9999999999999999
CATSPERB	0.9999999999999999
CATSPERD	-1.0
CATSPERG	-0.9999999999999999
CAV1	-0.9999999999999999
CAV2	-0.9999999999999999
CAV3	1.0
CBFA2T2	1.0
CBFA2T3	-0.9999999999999999
CBFB	-0.9999999999999998
CBL	-1.0
CBLB	1.0
CBLC	0.9999999999999998
CBLL1	-0.9999999999999999
CBLN1	-0.9999999999999999
CBLN2	0.9999999999999998
CBLN3	-0.9999999999999998
CBLN4	1.0
CBR1	-0.9999999999999999
CBR3	1.0
CBR3-AS1	1.0
CBR4	1.0
CBS	-1.0
CBWD1	0.9999999999999998
CBWD2	-1.0
CBWD3	1.0
CBWD5	0.9999999999999998
CBWD6	1.0
CBWD7	-1.0
CBX1	-0.9999999999999999
CBX1P1	0.9999999999999999
CBX1P2	-0.9999999999999998
CBX1P3	1.0
CBX1P4	-1.0
CBX1P5	
CBX2	1.0
CBX3	0.9999999999999999
CBX3P1	1.0
CBX3P2	1.0
CBX3P3	-0.9999999999999998
CBX3P4	1.0
CBX3P5	1.0
CBX3P6	
CBX3P7	
CBX3P8	
CBX3P9	1.0
CBX4	-1.0
CBX5	0.9999999999999998
CBX5P1	-0.9999999999999998
CBX6	-1.0
CBX7	-1.0
CBX8	-0.9999999999999998
CBY1	1.0
CBY3	-1.0
CC2D1A	1.0
CC2D1B	-1.0
CC2D2A	-0.9999999999999999
CC2D2B	1.0
CCAR1	0.9999999999999998
CCAR2	1.0
CCAT1	-1.0
CCBE1	-0.9999999999999999
CCBL1	-0.9999999999999998
CCBL2	0.9999999999999999
CCDC101	-0.9999999999999999
CCDC102A	-1.0
CCDC102B	-1.0
CCDC103	-0.9999999999999998
CCDC104	-0.9999999999999999
CCDC105	-0.9999999999999998
CCDC106	0.9999999999999999
CCDC107	0.9999999999999999
CCDC108	1.0
CCDC109B	0.9999999999999998
CCDC11	0.9999999999999999
CCDC110	0.9999999999999999
CCDC112	0.9999999999999999
CCDC113	-0.9999999999999998
CCDC114	-0.9999999999999999
CCDC115	0.9999999999999999
CCDC116	-0.9999999999999999
CCDC117	-0.9999999999999999
CCDC11P1	
CCDC12	-0.9999999999999998
CCDC120	0.9999999999999999
CCDC121	0.9999999999999998
CCDC122	0.9999999999999999
CCDC124	1.0
CCDC125	1.0
CCDC126	1.0
CCDC127	-1.0
CCDC129	0.9999999999999998
CCDC13	-1.0
CCDC13-AS1	1.0
CCDC130	1.0
CCDC132	0.9999999999999999
CCDC134	1.0
CCDC135	1.0
CCDC136	-1.0
CCDC137	-1.0
CCDC138	-1.0
CCDC14	1.0
CCDC140	1.0
CCDC141	-1.0
CCDC142	0.9999999999999999
CCDC144A	-0.9999999999999998
CCDC144B	1.0
CCDC144CP	-0.9999999999999999
CCDC144NL	
CCDC146	0.9999999999999999
CCDC147	0.9999999999999998
CCDC147-AS1	0.9999999999999999
CCDC148	-1.0
CCDC148-AS1	1.0
CCDC149	1.0
CCDC15	1.0
CCDC150	1.0
CCDC151	1.0
CCDC152	-1.0
CCDC153	-1.0
CCDC154	-1.0
CCDC155	-0.9999999999999998
CCDC157	-0.9999999999999998
CCDC158	1.0
CCDC159	-0.9999999999999999
CCDC160	-1.0
CCDC162P	-0.9999999999999999
CCDC163P	-1.0
CCDC166	0.9999999999999999
CCDC167	-0.9999999999999999
CCDC168	-0.9999999999999998
CCDC169	-1.0
CCDC169-SOHLH2	
CCDC17	0.9999999999999999
CCDC170	-0.9999999999999999
CCDC171	-0.9999999999999999
CCDC172	-0.9999999999999998
CCDC173	-1.0
CCDC174	-1.0
CCDC175	1.0
CCDC176	1.0
CCDC177	-0.9999999999999998
CCDC178	-0.9999999999999998
CCDC179	
CCDC18	1.0
CCDC180	-1.0
CCDC181	0.9999999999999999
CCDC19	-1.0
CCDC22	0.9999999999999999
CCDC23	0.9999999999999999
CCDC24	0.9999999999999998
CCDC25	-1.0
CCDC26	0.9999999999999999
CCDC27	-0.9999999999999998
CCDC28A	-0.9999999999999999
CCDC28B	-1.0
CCDC3	-1.0
CCDC30	1.0
CCDC33	0.9999999999999999
CCDC34	1.0
CCDC34P1	
CCDC36	-0.9999999999999998
CCDC37	1.0
CCDC38	-0.9999999999999998
CCDC39	-0.9999999999999998
CCDC39-AS1	
CCDC40	1.0
CCDC41	-0.9999999999999999
CCDC42	-1.0
CCDC42B	-1.0
CCDC43	1.0
CCDC47	1.0
CCDC50	-1.0
CCDC51	1.0
CCDC53	-1.0
CCDC54	
CCDC57	-1.0
CCDC58	-1.0
CCDC58P1	0.9999999999999998
CCDC58P2	
CCDC58P3	-0.9999999999999997
CCDC58P5	1.0
CCDC59	-0.9999999999999998
CCDC6	-0.9999999999999999
CCDC60	1.0
CCDC61	-0.9999999999999998
CCDC62	1.0
CCDC63	1.0
CCDC64	-1.0
CCDC64B	0.9999999999999999
CCDC65	0.9999999999999999
CCDC66	-0.9999999999999998
CCDC67	-1.0
CCDC68	1.0
CCDC69	-0.9999999999999999
CCDC7	0.9999999999999998
CCDC70	
CCDC71	-0.9999999999999998
CCDC71L	-1.0
CCDC73	-1.0
CCDC74A	-1.0
CCDC74B	-1.0
CCDC75P1	1.0
CCDC77	-1.0
CCDC78	0.9999999999999998
CCDC79	-1.0
CCDC8	-1.0
CCDC80	-1.0
CCDC81	-0.9999999999999999
CCDC82	1.0
CCDC83	1.0
CCDC84	-1.0
CCDC85A	-1.0
CCDC85B	-0.9999999999999999
CCDC85C	1.0
CCDC86	-1.0
CCDC87	0.9999999999999999
CCDC88A	-0.9999999999999999
CCDC88B	-0.9999999999999998
CCDC88C	-0.9999999999999999
CCDC89	-0.9999999999999999
CCDC9	0.9999999999999999
CCDC90B	1.0
CCDC91	-0.9999999999999999
CCDC92	-0.9999999999999999
CCDC93	-1.0
CCDC94	0.9999999999999998
CCDC96	1.0
CCDC97	1.0
CCER1	-1.0
CCHCR1	1.0
CCIN	-1.0
CCK	0.9999999999999999
CCKAR	-0.9999999999999998
CCKBR	-0.9999999999999998
CCL1	-1.0
CCL11	-0.9999999999999999
CCL13	-0.9999999999999999
CCL14	-1.0
CCL15	-0.9999999999999999
CCL15-CCL14	
CCL16	0.9999999999999999
CCL17	-1.0
CCL18	-1.0
CCL19	-0.9999999999999998
CCL2	-0.9999999999999999
CCL20	-0.9999999999999999
CCL21	-1.0
CCL22	-0.9999999999999999
CCL23	-0.9999999999999999
CCL24	-0.9999999999999999
CCL25	0.9999999999999999
CCL26	-0.9999999999999998
CCL27	
CCL28	1.0
CCL3	-1.0
CCL3L1	-0.9999999999999998
CCL3L3	-0.9999999999999999
CCL4	-0.9999999999999999
CCL4L1	0.9999999999999998
CCL4L2	-0.9999999999999999
CCL5	1.0
CCL7	-1.0
CCL8	1.0
CCM2	-0.9999999999999999
CCM2L	-1.0
CCNA1	-1.0
CCNA2	-0.9999999999999999
CCNB1	-1.0
CCNB1IP1	1.0
CCNB1IP1P1	-0.9999999999999999
CCNB1IP1P2	
CCNB1IP1P3	-0.9999999999999998
CCNB2	-0.9999999999999999
CCNB3	1.0
CCNC	1.0
CCND1	1.0
CCND2	-1.0
CCND3	-0.9999999999999998
CCNDBP1	0.9999999999999999
CCNE1	0.9999999999999998
CCNE2	-0.9999999999999998
CCNF	-0.9999999999999998
CCNG1	0.9999999999999998
CCNG1P1	
CCNG2	-0.9999999999999998
CCNH	0.9999999999999999
CCNI	-0.9999999999999998
CCNI2	1.0
CCNJ	1.0
CCNJL	0.9999999999999999
CCNJP1	-0.9999999999999998
CCNJP2	
CCNK	1.0
CCNL1	-1.0
CCNL2	-0.9999999999999999
CCNO	-0.9999999999999999
CCNT1	-0.9999999999999998
CCNT2	-1.0
CCNT2P1	
CCNY	-0.9999999999999998
CCNYL1	-0.9999999999999999
CCNYL2	-0.9999999999999998
CCNYL3	
CCP110	1.0
CCPG1	1.0
CCR1	-1.0
CCR10	1.0
CCR12P	-1.0
CCR2	0.9999999999999998
CCR3	-1.0
CCR4	-1.0
CCR5	0.9999999999999998
CCR6	1.0
CCR7	-1.0
CCR8	-0.9999999999999999
CCR9	1.0
CCRL2	0.9999999999999999
CCRN4L	-0.9999999999999998
CCS	1.0
CCSAP	-1.0
CCSER1	0.9999999999999999
CCSER2	1.0
CCT2	-0.9999999999999998
CCT3	-1.0
CCT4	-0.9999999999999999
CCT4P1	
CCT4P2	-1.0
CCT5	-1.0
CCT5P1	1.0
CCT5P2	-0.9999999999999999
CCT6A	-0.9999999999999999
CCT6B	0.9999999999999998
CCT6P1	-1.0
CCT6P2	-0.9999999999999999
CCT6P3	0.9999999999999999
CCT6P4	
CCT7	-0.9999999999999999
CCT7P1	-1.0
CCT7P2	-0.9999999999999998
CCT8	-1.0
CCT8L1P	
CCT8L2	
CCT8P1	1.0
CCZ1	-1.0
CCZ1B	1.0
CD101	0.9999999999999998
CD109	-1.0
CD14	-0.9999999999999999
CD151	1.0
CD160	1.0
CD163	1.0
CD163L1	1.0
CD164	-0.9999999999999999
CD164L2	1.0
CD177	1.0
CD177P1	1.0
CD180	-0.9999999999999998
CD19	-0.9999999999999999
CD1A	-1.0
CD1B	-0.9999999999999999
CD1C	-0.9999999999999998
CD1D	-0.9999999999999999
CD1E	-1.0
CD2	0.9999999999999999
CD200	-1.0
CD200R1	-0.9999999999999999
CD200R1L	
CD207	0.9999999999999999
CD209	-0.9999999999999999
CD22	-0.9999999999999999
CD226	1.0
CD244	0.9999999999999999
CD247	1.0
CD248	-1.0
CD24P2	-0.9999999999999998
CD24P4	-1.0
CD27	-1.0
CD27-AS1	0.9999999999999999
CD274	0.9999999999999999
CD276	-1.0
CD28	-1.0
CD2AP	0.9999999999999999
CD2BP2	1.0
CD300A	1.0
CD300C	1.0
CD300E	0.9999999999999998
CD300LB	-1.0
CD300LD	
CD300LF	-1.0
CD300LG	-1.0
CD302	-1.0
CD320	-0.9999999999999999
CD33	0.9999999999999998
CD34	-0.9999999999999998
CD36	-1.0
CD37	-0.9999999999999999
CD38	1.0
CD3D	0.9999999999999998
CD3E	-0.9999999999999999
CD3EAP	-0.9999999999999999
CD3G	0.9999999999999998
CD4	-0.9999999999999998
CD40	-0.9999999999999998
CD40LG	0.9999999999999999
CD44	-1.0
CD46	-0.9999999999999999
CD46P1	
CD47	-0.9999999999999999
CD48	-1.0
CD5	-0.9999999999999999
CD52	-0.9999999999999999
CD53	-0.9999999999999999
CD55	-0.9999999999999998
CD58	-1.0
CD59	-0.9999999999999999
CD5L	-1.0
CD6	-1.0
CD63	-1.0
CD68	0.9999999999999999
CD69	-1.0
CD7	0.9999999999999999
CD70	-1.0
CD72	-1.0
CD74	0.9999999999999999
CD79A	-0.9999999999999999
CD79B	-0.9999999999999999
CD80	-1.0
CD81	-1.0
CD82	0.9999999999999999
CD83	-1.0
CD84	-0.9999999999999999
CD86	-0.9999999999999998
CD8A	0.9999999999999999
CD8B	-1.0
CD8BP	-0.9999999999999998
CD9	-1.0
CD93	-0.9999999999999999
CD96	1.0
CD97	-1.0
CD99	-0.9999999999999998
CD99L2	-0.9999999999999998
CD99P1	1.0
CDA	-1.0
CDADC1	1.0
CDAN1	1.0
CDC123	-0.9999999999999999
CDC14A	-1.0
CDC14B	0.9999999999999998
CDC16	0.9999999999999998
CDC20	-0.9999999999999999
CDC20B	0.9999999999999999
CDC20P1	0.9999999999999999
CDC23	-0.9999999999999998
CDC25A	-1.0
CDC25B	0.9999999999999999
CDC25C	1.0
CDC26	0.9999999999999998
CDC27	-1.0
CDC27P1	0.9999999999999999
CDC27P2	0.9999999999999999
CDC34	1.0
CDC37	1.0
CDC37L1	-1.0
CDC37P1	
CDC40	0.9999999999999999
CDC42	-0.9999999999999999
CDC42-IT1	-0.9999999999999998
CDC42BPA	1.0
CDC42BPB	-0.9999999999999999
CDC42BPG	1.0
CDC42EP1	-1.0
CDC42EP2	-1.0
CDC42EP3	-1.0
CDC42EP4	0.9999999999999999
CDC42EP5	0.9999999999999999
CDC42P1	-1.0
CDC42P2	-0.9999999999999998
CDC42P3	1.0
CDC42P4	-0.9999999999999997
CDC42P5	0.9999999999999999
CDC42P6	-0.9999999999999999
CDC42SE1	-0.9999999999999999
CDC42SE2	1.0
CDC45	0.9999999999999998
CDC5L	1.0
CDC6	0.9999999999999999
CDC7	-1.0
CDC73	-0.9999999999999997
CDCA2	1.0
CDCA3	0.9999999999999999
CDCA4	0.9999999999999998
CDCA5	1.0
CDCA7	0.9999999999999999
CDCA7L	1.0
CDCA8	0.9999999999999998
CDCP1	0.9999999999999998
CDCP2	1.0
CDH1	-0.9999999999999998
CDH10	-1.0
CDH11	-0.9999999999999998
CDH12	0.9999999999999999
CDH12P1	
CDH12P2	
CDH12P3	
CDH12P4	
CDH13	-1.0
CDH15	1.0
CDH16	-1.0
CDH17	-0.9999999999999999
CDH18	0.9999999999999999
CDH19	-0.9999999999999998
CDH2	-0.9999999999999998
CDH20	-1.0
CDH22	-0.9999999999999999
CDH23	-1.0
CDH23-AS1	
CDH24	-0.9999999999999999
CDH26	-0.9999999999999998
CDH3	-0.9999999999999998
CDH4	-0.9999999999999998
CDH5	-0.9999999999999998
CDH6	-1.0
CDH7	-1.0
CDH8	1.0
CDH9	
CDHR1	-0.9999999999999998
CDHR2	1.0
CDHR3	0.9999999999999999
CDHR4	1.0
CDHR5	-0.9999999999999999
CDIP1	-1.0
CDIPT	-1.0
CDIPT-AS1	0.9999999999999998
CDK1	0.9999999999999998
CDK10	1.0
CDK11A	1.0
CDK11B	0.9999999999999999
CDK12	1.0
CDK13	-1.0
CDK14	-1.0
CDK15	-1.0
CDK16	-0.9999999999999999
CDK17	-1.0
CDK18	1.0
CDK19	-1.0
CDK2	-1.0
CDK20	0.9999999999999999
CDK2AP1	0.9999999999999999
CDK2AP2	0.9999999999999999
CDK2AP2P1	1.0
CDK2AP2P2	
CDK2AP2P3	
CDK3	-0.9999999999999999
CDK4	0.9999999999999999
CDK5	-1.0
CDK5R1	-1.0
CDK5R2	1.0
CDK5RAP1	-1.0
CDK5RAP2	-1.0
CDK5RAP3	-1.0
CDK6	-1.0
CDK7	0.9999999999999998
CDK8	0.9999999999999998
CDK9	-0.9999999999999999
CDKAL1	-1.0
CDKL1	1.0
CDKL2	0.9999999999999999
CDKL3	-1.0
CDKL4	-1.0
CDKL5	-1.0
CDKN1A	1.0
CDKN1B	1.0
CDKN1C	0.9999999999999999
CDKN2A	-1.0
CDKN2AIP	-1.0
CDKN2AIPNL	1.0
CDKN2AIPNLP1	-1.0
CDKN2AIPNLP2	-0.9999999999999998
CDKN2AIPNLP3	
CDKN2B	1.0
CDKN2B-AS1	-0.9999999999999999
CDKN2C	0.9999999999999999
CDKN2D	-1.0
CDKN3	-0.9999999999999998
CDNF	-1.0
CDO1	-0.9999999999999999
CDON	-0.9999999999999999
CDPF1	1.0
CDR1	
CDR2	-0.9999999999999999
CDR2L	-1.0
CDRT1	-0.9999999999999998
CDRT15	
CDRT15L2	
CDRT15P1	
CDRT15P2	
CDRT4	-0.9999999999999998
CDRT7	
CDRT8	
CDS1	-0.9999999999999999
CDS2	-0.9999999999999998
CDSN	0.9999999999999999
CDT1	0.9999999999999999
CDV3	-1.0
CDV3P1	1.0
CDX1	1.0
CDX2	0.9999999999999999
CDX4	-0.9999999999999998
CDY1	
CDY10P	1.0
CDY11P	-1.0
CDY12P	
CDY13P	
CDY14P	
CDY15P	
CDY17P	
CDY18P	
CDY19P	
CDY1B	
CDY20P	
CDY22P	
CDY23P	
CDY2A	
CDY2B	
CDY3P	
CDY4P	
CDY5P	
CDY6P	
CDY7P	
CDY8P	
CDY9P	
CDYL	-1.0
CDYL2	0.9999999999999999
CEA	
CEACAM1	-1.0
CEACAM16	-1.0
CEACAM18	-0.9999999999999999
CEACAM19	1.0
CEACAM20	0.9999999999999998
CEACAM21	-0.9999999999999999
CEACAM22P	0.9999999999999998
CEACAM3	1.0
CEACAM4	0.9999999999999999
CEACAM5	-0.9999999999999999
CEACAM6	-1.0
CEACAM7	-0.9999999999999998
CEACAM8	-1.0
CEACAMP1	0.9999999999999999
CEACAMP10	-0.9999999999999998
CEACAMP11	
CEACAMP2	-1.0
CEACAMP3	-1.0
CEACAMP4	
CEACAMP5	-1.0
CEACAMP6	-0.9999999999999998
CEACAMP7	
CEACAMP8	
CEACAMP9	
CEBPA	0.9999999999999999
CEBPA-AS1	0.9999999999999999
CEBPB	1.0
CEBPD	1.0
CEBPE	-1.0
CEBPG	-1.0
CEBPZ	0.9999999999999999
CECR1	-0.9999999999999998
CECR2	-1.0
CECR3	0.9999999999999999
CECR5	0.9999999999999999
CECR5-AS1	0.9999999999999999
CECR6	-0.9999999999999998
CECR7	-0.9999999999999998
CECR9	
CEL	-1.0
CELA1	-1.0
CELA2A	
CELA2B	
CELA3A	-1.0
CELA3B	-1.0
CELF1	1.0
CELF2	-1.0
CELF2-AS1	1.0
CELF2-AS2	
CELF3	1.0
CELF4	0.9999999999999998
CELF5	-1.0
CELF6	
CELP	0.9999999999999999
CELSR1	-1.0
CELSR2	1.0
CELSR3	0.9999999999999999
CEMP1	0.9999999999999998
CEND1	-1.0
CEND1P1	
CENPA	0.9999999999999998
CENPB	0.9999999999999999
CENPBD1	-0.9999999999999999
CENPC	0.9999999999999999
CENPCP1	-1.0
CENPE	-1.0
CENPF	1.0
CENPH	0.9999999999999999
CENPI	1.0
CENPIP1	
CENPJ	0.9999999999999998
CENPK	1.0
CENPL	0.9999999999999999
CENPM	1.0
CENPN	1.0
CENPO	0.9999999999999998
CENPP	-1.0
CENPQ	-1.0
CENPT	-1.0
CENPV	-1.0
CENPVP1	
CENPVP2	
CENPVP3	1.0
CENPW	-1.0
CEP104	-0.9999999999999999
CEP112	-1.0
CEP120	0.9999999999999999
CEP128	-0.9999999999999999
CEP135	-0.9999999999999999
CEP152	0.9999999999999998
CEP164	-1.0
CEP164P1	-0.9999999999999998
CEP170	-1.0
CEP170B	1.0
CEP170P1	-1.0
CEP19	-0.9999999999999999
CEP192	0.9999999999999999
CEP250	1.0
CEP290	-0.9999999999999999
CEP350	0.9999999999999999
CEP41	1.0
CEP44	-1.0
CEP55	-1.0
CEP57	-1.0
CEP57L1	0.9999999999999998
CEP57L1P1	1.0
CEP63	0.9999999999999999
CEP68	1.0
CEP70	0.9999999999999999
CEP72	0.9999999999999999
CEP76	0.9999999999999999
CEP78	-0.9999999999999998
CEP85	0.9999999999999999
CEP85L	-1.0
CEP89	-1.0
CEP95	-0.9999999999999999
CEP97	-1.0
CEPT1	-0.9999999999999999
CER1	-1.0
CERCAM	-1.0
CERK	-0.9999999999999999
CERKL	0.9999999999999998
CERS1	-0.9999999999999999
CERS2	-0.9999999999999999
CERS3	0.9999999999999999
CERS4	-0.9999999999999998
CERS5	-1.0
CERS6	0.9999999999999999
CERS6-AS1	-1.0
CES1	-0.9999999999999999
CES1P1	-1.0
CES1P2	
CES2	-0.9999999999999998
CES3	-1.0
CES4A	0.9999999999999999
CES5A	-0.9999999999999998
CES5AP1	-0.9999999999999998
CETN1	1.0
CETN2	0.9999999999999998
CETN3	0.9999999999999998
CETN4P	-1.0
CETP	-0.9999999999999998
CFB	1.0
CFC1	0.9999999999999999
CFC1B	
CFD	0.9999999999999999
CFDP1	-1.0
CFH	-1.0
CFHR1	1.0
CFHR2	
CFHR3	0.9999999999999999
CFHR4	
CFHR5	
CFI	0.9999999999999998
CFL1	1.0
CFL1P1	1.0
CFL1P2	-0.9999999999999999
CFL1P3	0.9999999999999999
CFL1P4	-0.9999999999999998
CFL1P5	0.9999999999999998
CFL1P6	-1.0
CFL1P7	-0.9999999999999998
CFL1P8	
CFL2	-0.9999999999999999
CFLAR	-0.9999999999999999
CFLAR-AS1	-0.9999999999999999
CFP	0.9999999999999999
CFTR	0.9999999999999999
CFTRP1	
CGA	1.0
CGB	
CGB1	
CGB2	
CGB5	
CGB7	1.0
CGB8	
CGGBP1	-1.0
CGN	0.9999999999999998
CGNL1	1.0
CGREF1	0.9999999999999999
CGRRF1	-1.0
CH25H	-0.9999999999999999
CHAC1	-0.9999999999999999
CHAC2	0.9999999999999998
CHAD	-0.9999999999999998
CHADL	-1.0
CHAF1A	0.9999999999999999
CHAF1B	1.0
CHAMP1	-0.9999999999999998
CHAT	0.9999999999999999
CHCHD1	0.9999999999999999
CHCHD10	1.0
CHCHD2	1.0
CHCHD2P1	-0.9999999999999998
CHCHD2P11	
CHCHD2P2	0.9999999999999999
CHCHD2P3	1.0
CHCHD2P4	
CHCHD2P5	
CHCHD2P6	1.0
CHCHD2P7	
CHCHD2P8	-0.9999999999999998
CHCHD2P9	1.0
CHCHD3	0.9999999999999999
CHCHD3P1	-0.9999999999999998
CHCHD3P2	-1.0
CHCHD3P3	1.0
CHCHD4	-0.9999999999999999
CHCHD4P2	
CHCHD4P3	
CHCHD4P4	-1.0
CHCHD4P5	
CHCHD5	-1.0
CHCHD6	0.9999999999999999
CHCHD7	1.0
CHD1	-1.0
CHD1L	1.0
CHD2	1.0
CHD3	-1.0
CHD4	1.0
CHD5	-0.9999999999999999
CHD6	-0.9999999999999998
CHD7	1.0
CHD8	0.9999999999999999
CHD9	0.9999999999999999
CHDC2	0.9999999999999998
CHDH	1.0
CHEK1	1.0
CHEK2	0.9999999999999998
CHEK2P2	-0.9999999999999998
CHEK2P3	
CHEK2P4	
CHEK2P5	
CHERP	0.9999999999999998
CHFR	0.9999999999999999
CHGA	0.9999999999999999
CHGB	1.0
CHI3L1	1.0
CHI3L2	-0.9999999999999999
CHIA	-1.0
CHIAP1	
CHIAP2	-0.9999999999999999
CHIAP3	-0.9999999999999998
CHIC1	-0.9999999999999999
CHIC2	0.9999999999999998
CHID1	-1.0
CHIT1	-0.9999999999999999
CHKA	-0.9999999999999998
CHKB	1.0
CHKB-AS1	-0.9999999999999999
CHKB-CPT1B	
CHL1	-0.9999999999999999
CHL1-AS1	
CHL1-AS2	-1.0
CHM	-0.9999999999999999
CHML	1.0
CHMP1A	1.0
CHMP1AP1	
CHMP1B	-1.0
CHMP2A	0.9999999999999999
CHMP2B	0.9999999999999998
CHMP3	1.0
CHMP4A	0.9999999999999999
CHMP4B	-1.0
CHMP4BP1	-1.0
CHMP4C	1.0
CHMP5	-0.9999999999999998
CHMP6	1.0
CHMP7	-1.0
CHN1	-0.9999999999999999
CHN2	-0.9999999999999999
CHODL	-0.9999999999999999
CHODL-AS1	
CHORDC1	-1.0
CHORDC2P	
CHP1	-1.0
CHP2	0.9999999999999999
CHPF	-0.9999999999999998
CHPF2	-0.9999999999999999
CHPT1	0.9999999999999999
CHRAC1	-1.0
CHRD	-1.0
CHRDL1	-0.9999999999999999
CHRDL2	-0.9999999999999998
CHRFAM7A	-1.0
CHRM1	1.0
CHRM2	-0.9999999999999999
CHRM3	0.9999999999999999
CHRM3-AS1	
CHRM3-AS2	-1.0
CHRM4	-1.0
CHRM5	-1.0
CHRNA1	-1.0
CHRNA10	-1.0
CHRNA2	0.9999999999999999
CHRNA3	-0.9999999999999999
CHRNA4	-1.0
CHRNA5	-1.0
CHRNA6	-1.0
CHRNA7	0.9999999999999999
CHRNA9	1.0
CHRNB1	-0.9999999999999999
CHRNB2	0.9999999999999998
CHRNB3	-0.9999999999999998
CHRNB4	-0.9999999999999998
CHRND	0.9999999999999998
CHRNE	1.0
CHRNG	1.0
CHST1	-0.9999999999999999
CHST10	-1.0
CHST11	-1.0
CHST12	1.0
CHST13	-0.9999999999999999
CHST14	-0.9999999999999999
CHST15	-1.0
CHST2	-1.0
CHST3	-0.9999999999999999
CHST4	-0.9999999999999998
CHST5	-1.0
CHST6	-1.0
CHST7	-0.9999999999999998
CHST8	-1.0
CHST9	0.9999999999999999
CHSY1	-0.9999999999999998
CHSY3	-0.9999999999999999
CHTF18	1.0
CHTF8	-1.0
CHTF8P1	1.0
CHTOP	1.0
CHUK	-1.0
CHURC1	1.0
CHURC1-FNTB	
CIAO1	-1.0
CIAPIN1	0.9999999999999999
CIAPIN1P	1.0
CIB1	-1.0
CIB2	1.0
CIB3	0.9999999999999999
CIB4	1.0
CIC	0.9999999999999999
CICP1	
CICP10	
CICP11	
CICP12	
CICP13	
CICP14	1.0
CICP16	1.0
CICP17	-0.9999999999999998
CICP18	
CICP19	
CICP2	
CICP20	
CICP22	
CICP23	-0.9999999999999998
CICP24	1.0
CICP26	
CICP27	-0.9999999999999998
CICP3	1.0
CICP4	
CICP5	
CICP6	-0.9999999999999998
CICP7	-1.0
CICP8	
CICP9	1.0
CIDEA	-1.0
CIDEB	1.0
CIDEC	0.9999999999999999
CIDECP	-1.0
CIITA	1.0
CILP	-0.9999999999999999
CILP2	-0.9999999999999998
CINP	-0.9999999999999998
CIR1	1.0
CIR1P1	1.0
CIR1P2	0.9999999999999999
CIR1P3	
CIRBP	0.9999999999999998
CIRBP-AS1	0.9999999999999999
CIRH1A	-0.9999999999999998
CISD1	-0.9999999999999999
CISD1P1	-1.0
CISD2	0.9999999999999999
CISD3	0.9999999999999999
CISH	-1.0
CIT	0.9999999999999998
CITED1	-0.9999999999999999
CITED2	1.0
CITED4	-1.0
CIZ1	-1.0
CKAP2	0.9999999999999998
CKAP2L	-0.9999999999999999
CKAP4	-0.9999999999999999
CKAP5	0.9999999999999999
CKB	-1.0
CKBP1	1.0
CKLF	1.0
CKLF-CMTM1	
CKM	-0.9999999999999998
CKMT1A	1.0
CKMT1B	0.9999999999999999
CKMT2	1.0
CKMT2-AS1	0.9999999999999998
CKS1B	0.9999999999999998
CKS1BP5	
CKS1BP6	-0.9999999999999998
CKS1BP7	-1.0
CKS2	1.0
CLASP1	-1.0
CLASP2	-1.0
CLASRP	-1.0
CLC	-1.0
CLCA1	0.9999999999999999
CLCA2	1.0
CLCA3P	-0.9999999999999999
CLCA4	0.9999999999999999
CLCC1	-1.0
CLCF1	-0.9999999999999999
CLCN1	0.9999999999999999
CLCN2	-0.9999999999999998
CLCN3	-1.0
CLCN4	-0.9999999999999999
CLCN5	-0.9999999999999999
CLCN6	-0.9999999999999999
CLCN7	-1.0
CLCNKA	0.9999999999999998
CLCNKB	-1.0
CLCP1	
CLCP2	-1.0
CLDN1	-0.9999999999999999
CLDN10	0.9999999999999999
CLDN10-AS1	
CLDN11	-0.9999999999999998
CLDN12	0.9999999999999998
CLDN14	-1.0
CLDN15	-0.9999999999999999
CLDN16	0.9999999999999998
CLDN17	
CLDN18	1.0
CLDN19	-0.9999999999999999
CLDN2	0.9999999999999998
CLDN20	-1.0
CLDN22	-0.9999999999999998
CLDN23	0.9999999999999999
CLDN24	
CLDN25	
CLDN3	1.0
CLDN4	-0.9999999999999998
CLDN5	-1.0
CLDN6	0.9999999999999999
CLDN7	0.9999999999999999
CLDN8	1.0
CLDN9	-1.0
CLDND1	-0.9999999999999998
CLDND2	0.9999999999999999
CLEC10A	0.9999999999999999
CLEC11A	-0.9999999999999999
CLEC12A	1.0
CLEC12B	-0.9999999999999998
CLEC14A	-1.0
CLEC16A	-0.9999999999999999
CLEC17A	-0.9999999999999998
CLEC18A	-1.0
CLEC18B	1.0
CLEC18C	0.9999999999999999
CLEC19A	-0.9999999999999998
CLEC1A	-1.0
CLEC1B	-0.9999999999999998
CLEC2A	
CLEC2B	-0.9999999999999998
CLEC2D	-1.0
CLEC2L	-1.0
CLEC3A	-0.9999999999999998
CLEC3B	-0.9999999999999999
CLEC4A	-0.9999999999999998
CLEC4C	-0.9999999999999999
CLEC4D	0.9999999999999998
CLEC4E	0.9999999999999998
CLEC4F	0.9999999999999999
CLEC4G	-1.0
CLEC4GP1	-0.9999999999999999
CLEC4M	-1.0
CLEC5A	-1.0
CLEC6A	1.0
CLEC7A	0.9999999999999999
CLEC9A	0.9999999999999999
CLECL1	-0.9999999999999998
CLGN	-0.9999999999999998
CLHC1	1.0
CLIC1	-1.0
CLIC1P1	-1.0
CLIC2	-1.0
CLIC3	-0.9999999999999999
CLIC4	-1.0
CLIC5	0.9999999999999999
CLIC6	0.9999999999999998
CLINT1	1.0
CLIP1	1.0
CLIP2	-1.0
CLIP3	-1.0
CLIP4	-1.0
CLK1	-1.0
CLK2	-1.0
CLK3	-1.0
CLK4	-0.9999999999999998
CLLU1	-0.9999999999999998
CLLU1OS	-1.0
CLMN	-1.0
CLMP	-0.9999999999999998
CLN3	0.9999999999999998
CLN5	-1.0
CLN6	1.0
CLN8	-0.9999999999999998
CLNK	-1.0
CLNS1A	1.0
CLNS1AP1	1.0
CLOCK	-0.9999999999999999
CLP1	-0.9999999999999999
CLPB	-0.9999999999999998
CLPP	0.9999999999999999
CLPS	1.0
CLPSL1	-1.0
CLPSL2	-1.0
CLPTM1	-0.9999999999999999
CLPTM1L	-0.9999999999999999
CLPTM1LP1	
CLPX	1.0
CLRN1	-1.0
CLRN1-AS1	-0.9999999999999998
CLRN2	
CLRN3	1.0
CLSPN	1.0
CLSTN1	-1.0
CLSTN2	1.0
CLSTN2-AS1	-1.0
CLSTN3	-1.0
CLTA	1.0
CLTB	-1.0
CLTC	0.9999999999999998
CLTCL1	1.0
CLU	-0.9999999999999999
CLUAP1	1.0
CLUH	1.0
CLUHP1	
CLUHP2	
CLUHP3	1.0
CLUHP4	
CLUHP5	-1.0
CLUL1	1.0
CLVS1	1.0
CLVS2	-0.9999999999999998
CLYBL	1.0
CLYBL-AS1	
CLYBL-AS2	-0.9999999999999998
CMA1	-0.9999999999999999
CMAHP	-1.0
CMAS	-1.0
CMBL	-1.0
CMC1	1.0
CMC2	1.0
CMC4	-0.9999999999999998
CMIP	1.0
CMKLR1	1.0
CMPK1	1.0
CMPK2	1.0
CMSS1	1.0
CMTM1	0.9999999999999999
CMTM2	-1.0
CMTM3	-1.0
CMTM4	-1.0
CMTM5	-1.0
CMTM6	-1.0
CMTM7	-1.0
CMTM8	0.9999999999999998
CMTR1	0.9999999999999999
CMTR2	-0.9999999999999999
CMYA5	0.9999999999999999
CNBD1	-0.9999999999999998
CNBD2	-1.0
CNBP	-1.0
CNDP1	1.0
CNDP2	0.9999999999999999
CNEP1R1	-0.9999999999999999
CNFN	0.9999999999999998
CNGA1	-1.0
CNGA2	-0.9999999999999998
CNGA3	-0.9999999999999999
CNGA4	-0.9999999999999999
CNGB1	-0.9999999999999999
CNGB3	0.9999999999999999
CNIH1	1.0
CNIH2	1.0
CNIH3	1.0
CNIH4	-1.0
CNKSR1	-1.0
CNKSR2	-0.9999999999999999
CNKSR3	-1.0
CNN1	-1.0
CNN2	-0.9999999999999999
CNN2P1	-1.0
CNN2P10	
CNN2P11	
CNN2P12	
CNN2P2	
CNN2P3	
CNN2P4	
CNN2P5	
CNN2P6	-0.9999999999999999
CNN2P7	
CNN2P8	
CNN2P9	0.9999999999999998
CNN3	0.9999999999999999
CNN3P1	-0.9999999999999998
CNNM1	-0.9999999999999998
CNNM2	0.9999999999999997
CNNM3	-1.0
CNNM4	-0.9999999999999999
CNOT1	1.0
CNOT10	-1.0
CNOT10-AS1	
CNOT11	-1.0
CNOT2	0.9999999999999998
CNOT3	-0.9999999999999996
CNOT4	-1.0
CNOT4P1	
CNOT6	1.0
CNOT6L	1.0
CNOT6LP1	-1.0
CNOT7	-1.0
CNOT7P1	-0.9999999999999999
CNOT7P2	-1.0
CNOT8	0.9999999999999998
CNP	1.0
CNPPD1	0.9999999999999998
CNPY1	-0.9999999999999998
CNPY2	-1.0
CNPY3	-1.0
CNPY4	-1.0
CNR1	-1.0
CNR2	-1.0
CNRIP1	-1.0
CNST	-0.9999999999999999
CNTD1	1.0
CNTD2	1.0
CNTF	-1.0
CNTFR	-1.0
CNTFR-AS1	1.0
CNTLN	-0.9999999999999999
CNTN1	-0.9999999999999998
CNTN2	-0.9999999999999998
CNTN3	1.0
CNTN4	-1.0
CNTN4-AS1	
CNTN4-AS2	
CNTN5	-1.0
CNTN6	-1.0
CNTNAP1	-1.0
CNTNAP2	-1.0
CNTNAP3	-0.9999999999999999
CNTNAP3B	1.0
CNTNAP4	-0.9999999999999999
CNTNAP5	-1.0
CNTRL	-1.0
CNTROB	1.0
COA1	-1.0
COA3	1.0
COA4	1.0
COA5	-0.9999999999999999
COA6	0.9999999999999999
COASY	-0.9999999999999999
COBL	-1.0
COBLL1	-0.9999999999999999
COCH	-1.0
COG1	1.0
COG2	0.9999999999999998
COG3	1.0
COG4	-1.0
COG5	-0.9999999999999998
COG6	-1.0
COG7	1.0
COG8	1.0
COIL	1.0
COL10A1	-1.0
COL11A1	-1.0
COL11A2	-0.9999999999999999
COL11A2P1	
COL12A1	-0.9999999999999998
COL13A1	-1.0
COL14A1	-1.0
COL15A1	-1.0
COL16A1	-0.9999999999999998
COL17A1	-1.0
COL18A1	-0.9999999999999999
COL18A1-AS1	-1.0
COL18A1-AS2	-0.9999999999999998
COL19A1	-0.9999999999999999
COL1A1	-0.9999999999999998
COL1A2	-1.0
COL20A1	1.0
COL21A1	-0.9999999999999999
COL22A1	0.9999999999999998
COL23A1	-1.0
COL24A1	-0.9999999999999999
COL25A1	-1.0
COL26A1	0.9999999999999999
COL27A1	-1.0
COL28A1	-1.0
COL2A1	-1.0
COL3A1	-0.9999999999999999
COL4A1	-1.0
COL4A2	-0.9999999999999999
COL4A2-AS1	
COL4A2-AS2	1.0
COL4A3	-0.9999999999999998
COL4A3BP	1.0
COL4A4	-0.9999999999999998
COL4A5	-1.0
COL4A6	-1.0
COL5A1	-0.9999999999999999
COL5A1-AS1	-1.0
COL5A2	-0.9999999999999999
COL5A3	-0.9999999999999999
COL6A1	-1.0
COL6A2	-0.9999999999999998
COL6A3	-1.0
COL6A4P1	0.9999999999999999
COL6A4P2	-0.9999999999999999
COL6A5	-0.9999999999999999
COL6A6	-0.9999999999999998
COL7A1	-1.0
COL8A1	-1.0
COL8A2	-1.0
COL9A1	-1.0
COL9A2	1.0
COL9A3	-0.9999999999999998
COLCA1	-1.0
COLCA2	1.0
COLEC10	-1.0
COLEC11	-0.9999999999999999
COLEC12	-1.0
COLGALT1	-1.0
COLGALT2	-1.0
COLQ	1.0
COMMD1	-0.9999999999999997
COMMD10	1.0
COMMD2	-1.0
COMMD3	1.0
COMMD3-BMI1	
COMMD4	0.9999999999999998
COMMD5	1.0
COMMD6	0.9999999999999998
COMMD7	1.0
COMMD8	0.9999999999999999
COMMD9	1.0
COMP	-0.9999999999999999
COMT	0.9999999999999999
COMTD1	0.9999999999999998
COPA	0.9999999999999999
COPB1	0.9999999999999999
COPB2	0.9999999999999999
COPE	0.9999999999999999
COPG1	0.9999999999999998
COPG2	1.0
COPRS	-0.9999999999999999
COPS2	-0.9999999999999999
COPS3	-1.0
COPS4	1.0
COPS5	-0.9999999999999999
COPS5P1	
COPS6	-1.0
COPS7A	-0.9999999999999998
COPS7B	-0.9999999999999998
COPS8	-0.9999999999999999
COPS8P2	0.9999999999999999
COPS8P3	
COPZ1	0.9999999999999999
COPZ2	-1.0
COQ10A	-0.9999999999999998
COQ10B	-0.9999999999999999
COQ10BP2	1.0
COQ2	0.9999999999999999
COQ3	1.0
COQ4	0.9999999999999999
COQ5	0.9999999999999998
COQ6	1.0
COQ7	0.9999999999999999
COQ9	-0.9999999999999998
CORIN	-1.0
CORO1A	-0.9999999999999998
CORO1B	1.0
CORO1C	-1.0
CORO2A	-0.9999999999999999
CORO2B	1.0
CORO6	-1.0
CORO7	-1.0
CORO7-PAM16	
CORT	-0.9999999999999999
COTL1	-0.9999999999999999
COTL1P1	
COTL1P2	
COX10	-1.0
COX10-AS1	-0.9999999999999999
COX11	1.0
COX11P1	-0.9999999999999998
COX14	0.9999999999999998
COX15	0.9999999999999998
COX16	0.9999999999999998
COX17	0.9999999999999999
COX17P1	-1.0
COX18	1.0
COX19	1.0
COX20	0.9999999999999999
COX20P1	-0.9999999999999998
COX20P2	-1.0
COX4I1	-0.9999999999999999
COX4I1P1	-1.0
COX4I1P2	1.0
COX4I2	-0.9999999999999998
COX5A	1.0
COX5AP2	-0.9999999999999998
COX5B	0.9999999999999999
COX5BP1	
COX5BP2	
COX5BP3	1.0
COX5BP6	-1.0
COX5BP7	
COX5BP8	
COX6A1	0.9999999999999998
COX6A1P2	1.0
COX6A1P3	-0.9999999999999998
COX6A2	0.9999999999999999
COX6B1	-1.0
COX6B1P1	-1.0
COX6B1P2	-0.9999999999999998
COX6B1P3	
COX6B1P4	-0.9999999999999998
COX6B1P5	
COX6B1P6	
COX6B1P7	
COX6B2	1.0
COX6C	0.9999999999999999
COX6CP1	0.9999999999999999
COX6CP2	-0.9999999999999998
COX6CP3	-0.9999999999999998
COX6CP5	
COX6CP6	1.0
COX7A1	-1.0
COX7A2	0.9999999999999999
COX7A2L	1.0
COX7A2P1	1.0
COX7A2P2	1.0
COX7B	1.0
COX7B2	
COX7BP1	
COX7BP2	-1.0
COX7C	1.0
COX7CP1	1.0
COX8A	1.0
COX8C	-1.0
CP	1.0
CPA1	
CPA2	1.0
CPA3	-1.0
CPA4	-0.9999999999999998
CPA5	-1.0
CPA6	1.0
CPAMD8	-0.9999999999999998
CPB1	-0.9999999999999999
CPB2	
CPB2-AS1	-1.0
CPD	-1.0
CPE	1.0
CPEB1	1.0
CPEB2	-1.0
CPEB2-AS1	-1.0
CPEB3	-1.0
CPEB4	-1.0
CPED1	-1.0
CPHL1P	-1.0
CPLX1	0.9999999999999999
CPLX2	-1.0
CPLX3	
CPLX4	1.0
CPM	-1.0
CPN1	1.0
CPN2	-1.0
CPNE1	-1.0
CPNE2	0.9999999999999999
CPNE3	-1.0
CPNE4	-1.0
CPNE5	-0.9999999999999998
CPNE6	-0.9999999999999998
CPNE7	0.9999999999999998
CPNE8	-1.0
CPNE9	-1.0
CPO	-1.0
CPOX	-1.0
CPPED1	-0.9999999999999999
CPQ	0.9999999999999998
CPS1	-1.0
CPSF1	0.9999999999999999
CPSF1P1	-1.0
CPSF2	-0.9999999999999998
CPSF3	-1.0
CPSF3L	-0.9999999999999999
CPSF4	0.9999999999999999
CPSF4L	0.9999999999999997
CPSF6	1.0
CPSF7	-1.0
CPT1A	1.0
CPT1B	1.0
CPT1C	-1.0
CPT2	0.9999999999999999
CPVL	0.9999999999999998
CPXCR1	
CPXM1	-0.9999999999999999
CPXM2	0.9999999999999999
CPZ	-1.0
CR1	-1.0
CR1L	1.0
CR2	-1.0
CRABP1	-1.0
CRABP2	-0.9999999999999999
CRADD	-1.0
CRAMP1L	-1.0
CRAT	0.9999999999999999
CRB1	0.9999999999999999
CRB2	0.9999999999999999
CRB3	0.9999999999999999
CRBN	-1.0
CRCP	0.9999999999999999
CRCT1	
CREB1	-0.9999999999999999
CREB3	0.9999999999999999
CREB3L1	1.0
CREB3L2	-1.0
CREB3L3	0.9999999999999999
CREB3L4	1.0
CREB5	-1.0
CREBBP	-0.9999999999999998
CREBL2	-1.0
CREBRF	1.0
CREBZF	-1.0
CREG1	0.9999999999999999
CREG2	0.9999999999999999
CRELD1	1.0
CRELD2	0.9999999999999999
CREM	-1.0
CRH	0.9999999999999998
CRHBP	1.0
CRHR1	-0.9999999999999998
CRHR1-IT1	-0.9999999999999998
CRHR2	1.0
CRIM1	-0.9999999999999998
CRIP1	-0.9999999999999998
CRIP1P1	
CRIP1P2	-0.9999999999999997
CRIP1P3	
CRIP1P4	-0.9999999999999998
CRIP2	-0.9999999999999999
CRIP3	-0.9999999999999998
CRIPT	-0.9999999999999999
CRISP1	
CRISP2	1.0
CRISP3	-0.9999999999999998
CRISPLD1	-0.9999999999999999
CRISPLD2	-1.0
CRK	0.9999999999999999
CRKL	-1.0
CRLF1	-0.9999999999999999
CRLF2	-0.9999999999999999
CRLF3	-0.9999999999999999
CRLS1	0.9999999999999999
CRMP1	-0.9999999999999998
CRNDE	-0.9999999999999999
CRNKL1	-0.9999999999999999
CRNN	1.0
CROCC	0.9999999999999998
CROCCP1	1.0
CROCCP2	-1.0
CROCCP3	-0.9999999999999999
CROCCP4	-0.9999999999999998
CROCCP5	
CROT	-1.0
CRP	0.9999999999999999
CRPP1	1.0
CRTAC1	-1.0
CRTAM	1.0
CRTAP	-0.9999999999999998
CRTC1	1.0
CRTC2	-0.9999999999999999
CRTC3	-1.0
CRX	-1.0
CRY1	1.0
CRY2	-1.0
CRYAA	-0.9999999999999999
CRYAB	-0.9999999999999998
CRYBA1	
CRYBA2	0.9999999999999999
CRYBA4	1.0
CRYBB1	-0.9999999999999998
CRYBB2	0.9999999999999998
CRYBB2P1	-0.9999999999999998
CRYBB3	1.0
CRYBG3	-0.9999999999999999
CRYGA	
CRYGB	1.0
CRYGC	-0.9999999999999999
CRYGD	-0.9999999999999998
CRYGEP	
CRYGFP	
CRYGGP	
CRYGN	-1.0
CRYGS	-1.0
CRYL1	1.0
CRYM	0.9999999999999999
CRYM-AS1	0.9999999999999999
CRYZ	-0.9999999999999998
CRYZL1	-1.0
CRYZP1	-0.9999999999999998
CS	-1.0
CSAD	-1.0
CSAG1	-0.9999999999999999
CSAG2	
CSAG3	
CSAG4	
CSDC2	-0.9999999999999999
CSDE1	-1.0
CSE1L	-1.0
CSF1	-0.9999999999999998
CSF1R	-1.0
CSF2	1.0
CSF2RA	1.0
CSF2RB	-0.9999999999999999
CSF2RBP1	-0.9999999999999998
CSF3	-1.0
CSF3R	-0.9999999999999999
CSGALNACT1	-0.9999999999999999
CSGALNACT2	-1.0
CSH1	
CSH2	
CSHL1	1.0
CSK	1.0
CSMD1	-0.9999999999999999
CSMD2	-0.9999999999999999
CSMD3	-1.0
CSN1S1	-0.9999999999999998
CSN1S2AP	
CSN2	-0.9999999999999998
CSN3	-1.0
CSNK1A1	1.0
CSNK1A1L	1.0
CSNK1A1P1	0.9999999999999999
CSNK1A1P3	1.0
CSNK1D	1.0
CSNK1E	-0.9999999999999999
CSNK1G1	0.9999999999999999
CSNK1G2	1.0
CSNK1G2-AS1	
CSNK1G3	0.9999999999999999
CSNK2A1	-0.9999999999999998
CSNK2A2	-0.9999999999999998
CSNK2A3	-1.0
CSNK2B	1.0
CSPG4	-1.0
CSPG4P10	
CSPG4P11	-1.0
CSPG4P12	-0.9999999999999999
CSPG4P13	-1.0
CSPG4P1Y	
CSPG4P2Y	
CSPG4P3Y	
CSPG4P4Y	
CSPG4P5	
CSPG4P9	
CSPG5	1.0
CSPP1	1.0
CSRNP1	-1.0
CSRNP2	-1.0
CSRNP3	-1.0
CSRP1	-0.9999999999999999
CSRP2	-1.0
CSRP2BP	1.0
CSRP3	-1.0
CST1	-1.0
CST11	
CST12P	
CST13P	
CST2	-1.0
CST2P1	
CST3	0.9999999999999999
CST4	
CST5	
CST6	-1.0
CST7	-0.9999999999999999
CST8	
CST9	
CST9L	
CST9LP1	
CSTA	1.0
CSTB	-1.0
CSTF1	-1.0
CSTF2	-1.0
CSTF2T	0.9999999999999999
CSTF3	0.9999999999999998
CSTF3-AS1	0.9999999999999998
CSTL1	-1.0
CSTP1	
CT45A1	
CT45A2	
CT45A3	
CT45A4	
CT45A5	
CT45A6	
CT47A1	
CT47A10	
CT47A11	
CT47A12	
CT47A2	
CT47A3	
CT47A4	
CT47A5	
CT47A6	
CT47A7	
CT47A8	
CT47A9	
CT47B1	
CT49	1.0
CT60	-1.0
CT62	-1.0
CT64	
CTAG1A	
CTAG1B	
CTAG2	
CTAGE1	-0.9999999999999998
CTAGE10P	-0.9999999999999998
CTAGE11P	-1.0
CTAGE12P	0.9999999999999999
CTAGE13P	0.9999999999999998
CTAGE14P	-1.0
CTAGE15	0.9999999999999999
CTAGE16P	-1.0
CTAGE3P	1.0
CTAGE4	
CTAGE5	0.9999999999999999
CTAGE6	1.0
CTAGE7P	-0.9999999999999999
CTAGE8	-0.9999999999999999
CTAGE9	-1.0
CTBP1	1.0
CTBP1-AS2	1.0
CTBP2	0.9999999999999998
CTBP2P1	
CTBP2P2	1.0
CTBP2P3	-0.9999999999999998
CTBP2P4	-1.0
CTBP2P5	1.0
CTBP2P6	0.9999999999999999
CTBP2P7	1.0
CTBP2P8	-1.0
CTBS	-0.9999999999999999
CTC1	-1.0
CTCF	-1.0
CTCFL	0.9999999999999999
CTD-2316B1.1	
CTD-2316B1.2	
CTDNEP1	-1.0
CTDP1	1.0
CTDSP1	-1.0
CTDSP2	-0.9999999999999998
CTDSPL	-0.9999999999999999
CTDSPL2	-0.9999999999999999
CTF1	-0.9999999999999999
CTF2P	
CTGF	-1.0
CTGLF10P	-0.9999999999999998
CTGLF11P	-0.9999999999999999
CTGLF12P	-0.9999999999999999
CTH	-1.0
CTHRC1	-0.9999999999999998
CTIF	0.9999999999999999
CTLA4	-1.0
CTNNA1	-1.0
CTNNA2	1.0
CTNNA3	-1.0
CTNNAL1	-1.0
CTNNAP1	0.9999999999999998
CTNNB1	0.9999999999999999
CTNNBIP1	1.0
CTNNBL1	-1.0
CTNND1	1.0
CTNND2	-0.9999999999999999
CTNS	0.9999999999999999
CTPS1	0.9999999999999998
CTPS2	-0.9999999999999999
CTR9	1.0
CTRB1	
CTRB2	-0.9999999999999999
CTRC	0.9999999999999999
CTRL	
CTSA	-1.0
CTSB	-0.9999999999999999
CTSC	0.9999999999999998
CTSD	0.9999999999999999
CTSE	-1.0
CTSF	-1.0
CTSG	-0.9999999999999999
CTSH	-0.9999999999999999
CTSK	-1.0
CTSL	-1.0
CTSL3P	-0.9999999999999998
CTSLP1	-0.9999999999999998
CTSLP2	
CTSLP3	-0.9999999999999998
CTSLP4	
CTSLP5	
CTSLP6	
CTSLP7	1.0
CTSLP8	-0.9999999999999998
CTSO	0.9999999999999999
CTSS	1.0
CTSV	-1.0
CTSW	0.9999999999999999
CTSZ	-1.0
CTTN	-0.9999999999999999
CTTNBP2	-1.0
CTTNBP2NL	1.0
CTU1	-1.0
CTU2	-0.9999999999999999
CTXN1	-1.0
CTXN2	1.0
CTXN3	-0.9999999999999998
CUBN	-0.9999999999999998
CUBNP1	0.9999999999999999
CUBNP2	-1.0
CUBNP3	
CUEDC1	0.9999999999999999
CUEDC2	-1.0
CUL1	-0.9999999999999999
CUL2	0.9999999999999999
CUL3	-1.0
CUL4A	-0.9999999999999999
CUL4AP1	
CUL4B	-1.0
CUL5	1.0
CUL7	-1.0
CUL9	0.9999999999999998
CUTA	-1.0
CUTC	-0.9999999999999998
CUX1	-1.0
CUX2	-0.9999999999999998
CUX2P1	
CUZD1	0.9999999999999999
CWC15	-1.0
CWC22	-1.0
CWC25	-0.9999999999999999
CWC27	0.9999999999999999
CWF19L1	-1.0
CWF19L2	-0.9999999999999999
CWH43	0.9999999999999998
CX3CL1	-1.0
CX3CR1	-1.0
CXADR	-1.0
CXADRP1	1.0
CXADRP2	
CXADRP3	1.0
CXCL1	-1.0
CXCL10	0.9999999999999999
CXCL11	1.0
CXCL12	-0.9999999999999998
CXCL13	-1.0
CXCL14	-0.9999999999999999
CXCL16	1.0
CXCL17	-0.9999999999999999
CXCL1P	
CXCL2	-0.9999999999999999
CXCL3	-0.9999999999999999
CXCL5	0.9999999999999999
CXCL6	1.0
CXCL9	0.9999999999999998
CXCR1	-1.0
CXCR2	-0.9999999999999998
CXCR2P1	1.0
CXCR3	0.9999999999999999
CXCR4	-0.9999999999999999
CXCR5	-1.0
CXCR6	0.9999999999999999
CXXC1	-0.9999999999999999
CXXC11	-0.9999999999999998
CXXC1P1	
CXXC4	0.9999999999999999
CXXC5	0.9999999999999998
CXorf21	-1.0
CXorf22	-0.9999999999999998
CXorf23	0.9999999999999998
CXorf24	0.9999999999999999
CXorf27	-0.9999999999999998
CXorf28	-0.9999999999999998
CXorf30	-1.0
CXorf31	-1.0
CXorf36	-0.9999999999999999
CXorf38	1.0
CXorf40A	1.0
CXorf40B	-1.0
CXorf48	
CXorf49	
CXorf49B	
CXorf51A	
CXorf51B	
CXorf56	-0.9999999999999999
CXorf57	-0.9999999999999997
CXorf58	-0.9999999999999999
CXorf61	
CXorf64	-1.0
CXorf65	-0.9999999999999999
CXorf66	
CXorf67	-0.9999999999999999
CYB561	-1.0
CYB561A3	-1.0
CYB561D1	-0.9999999999999999
CYB561D2	0.9999999999999999
CYB5A	1.0
CYB5AP5	
CYB5B	-0.9999999999999999
CYB5D1	1.0
CYB5D2	1.0
CYB5P4	1.0
CYB5R1	-0.9999999999999999
CYB5R2	-0.9999999999999998
CYB5R3	-0.9999999999999999
CYB5R4	-1.0
CYB5RL	0.9999999999999998
CYBA	1.0
CYBB	1.0
CYBRD1	-1.0
CYC1	0.9999999999999999
CYCS	-1.0
CYCSP10	-0.9999999999999998
CYCSP12	1.0
CYCSP2	
CYCSP25	1.0
CYCSP26	
CYCSP29	-0.9999999999999998
CYCSP30	1.0
CYCSP32	-0.9999999999999998
CYCSP33	
CYCSP34	-0.9999999999999998
CYCSP35	
CYCSP39	-1.0
CYCSP40	-1.0
CYCSP41	
CYCSP42	
CYCSP46	1.0
CYCSP48	
CYCSP49	
CYCSP52	
CYCSP55	-1.0
CYCTP	
CYFIP1	-1.0
CYFIP2	-0.9999999999999998
CYGB	-1.0
CYHR1	0.9999999999999999
CYLC1	-0.9999999999999998
CYLC2	
CYLD	0.9999999999999999
CYMP	
CYP11A1	0.9999999999999998
CYP11B1	-0.9999999999999998
CYP11B2	1.0
CYP17A1	-0.9999999999999998
CYP17A1-AS1	0.9999999999999999
CYP19A1	0.9999999999999999
CYP1A1	-0.9999999999999999
CYP1A2	
CYP1B1	-1.0
CYP1B1-AS1	-1.0
CYP1D1P	
CYP20A1	-1.0
CYP21A1P	-0.9999999999999999
CYP21A2	-0.9999999999999998
CYP24A1	0.9999999999999999
CYP26A1	-1.0
CYP26B1	-1.0
CYP26C1	0.9999999999999999
CYP27A1	-1.0
CYP27B1	0.9999999999999998
CYP27C1	-0.9999999999999998
CYP2A13	
CYP2A6	-0.9999999999999998
CYP2A7	1.0
CYP2A7P1	
CYP2AB1P	1.0
CYP2AC1P	
CYP2B6	1.0
CYP2B7P1	0.9999999999999999
CYP2C18	-0.9999999999999998
CYP2C19	0.9999999999999999
CYP2C56P	
CYP2C58P	
CYP2C59P	
CYP2C60P	
CYP2C61P	
CYP2C8	-1.0
CYP2C9	0.9999999999999998
CYP2D6	1.0
CYP2D7P1	-0.9999999999999998
CYP2D8P1	0.9999999999999999
CYP2E1	-1.0
CYP2F1	-0.9999999999999999
CYP2F1P	
CYP2G1P	-0.9999999999999999
CYP2G2P	
CYP2J2	1.0
CYP2R1	0.9999999999999999
CYP2S1	-1.0
CYP2T2P	1.0
CYP2T3P	-0.9999999999999999
CYP2U1	-0.9999999999999998
CYP2W1	1.0
CYP39A1	0.9999999999999998
CYP3A4	-1.0
CYP3A43	-0.9999999999999998
CYP3A5	0.9999999999999998
CYP3A7	-1.0
CYP46A1	-1.0
CYP46A4P	-0.9999999999999998
CYP4A11	-1.0
CYP4A22	-1.0
CYP4A22-AS1	-0.9999999999999998
CYP4B1	-0.9999999999999999
CYP4F10P	
CYP4F11	1.0
CYP4F12	-0.9999999999999999
CYP4F2	1.0
CYP4F22	0.9999999999999999
CYP4F23P	0.9999999999999998
CYP4F24P	-0.9999999999999999
CYP4F25P	-0.9999999999999999
CYP4F27P	
CYP4F29P	-1.0
CYP4F3	1.0
CYP4F30P	1.0
CYP4F31P	1.0
CYP4F32P	1.0
CYP4F34P	-0.9999999999999998
CYP4F35P	0.9999999999999999
CYP4F36P	
CYP4F43P	1.0
CYP4F44P	
CYP4F59P	1.0
CYP4F60P	
CYP4F61P	
CYP4F8	1.0
CYP4V2	-1.0
CYP4X1	1.0
CYP4Z1	-0.9999999999999998
CYP4Z2P	
CYP51A1	1.0
CYP51P1	-1.0
CYP51P2	-0.9999999999999998
CYP51P3	-1.0
CYP7A1	0.9999999999999999
CYP7B1	-1.0
CYP8B1	-1.0
CYR61	-0.9999999999999999
CYS1	-1.0
CYSLTR1	-0.9999999999999999
CYSLTR2	-1.0
CYSTM1	-0.9999999999999999
CYTH1	-0.9999999999999999
CYTH2	-0.9999999999999998
CYTH3	0.9999999999999999
CYTH4	-0.9999999999999998
CYTIP	-1.0
CYTL1	0.9999999999999998
CYYR1	-1.0
CYorf17	1.0
D2HGDH	0.9999999999999998
DAAM1	-1.0
DAAM2	-0.9999999999999999
DAB1	-1.0
DAB2	-1.0
DAB2IP	1.0
DACH1	1.0
DACH2	-1.0
DACT1	-0.9999999999999999
DACT2	-1.0
DACT3	-1.0
DACT3-AS1	-0.9999999999999998
DAD1	-1.0
DAG1	-1.0
DAGLA	0.9999999999999999
DAGLB	-0.9999999999999999
DAK	-0.9999999999999999
DALRD3	-0.9999999999999999
DANCR	0.9999999999999998
DAND5	0.9999999999999998
DAO	1.0
DAOA	1.0
DAOA-AS1	1.0
DAP	1.0
DAP3	-1.0
DAP3P1	-0.9999999999999998
DAP3P2	1.0
DAPK1	-0.9999999999999999
DAPK1-IT1	
DAPK2	0.9999999999999999
DAPK3	0.9999999999999998
DAPL1	-1.0
DAPP1	-0.9999999999999998
DARC	-0.9999999999999998
DARS	-0.9999999999999999
DARS2	0.9999999999999998
DAW1	-0.9999999999999998
DAXX	-1.0
DAZ1	
DAZ2	
DAZ3	
DAZ4	
DAZAP1	0.9999999999999999
DAZAP2	-1.0
DAZAP2P1	0.9999999999999999
DAZL	-0.9999999999999999
DBF4	-0.9999999999999999
DBF4B	-0.9999999999999999
DBF4P1	0.9999999999999999
DBH	0.9999999999999998
DBH-AS1	-0.9999999999999999
DBI	-1.0
DBIL5P	0.9999999999999998
DBIL5P2	-1.0
DBIP1	-1.0
DBIP2	
DBN1	-0.9999999999999998
DBNDD1	-1.0
DBNDD2	0.9999999999999998
DBNL	-1.0
DBP	0.9999999999999999
DBR1	1.0
DBT	0.9999999999999999
DBX1	0.9999999999999999
DBX2	-0.9999999999999998
DCAF10	-0.9999999999999999
DCAF11	1.0
DCAF12	0.9999999999999999
DCAF12L1	1.0
DCAF12L2	-1.0
DCAF13	-0.9999999999999999
DCAF13P1	-0.9999999999999999
DCAF13P2	1.0
DCAF13P3	-0.9999999999999999
DCAF15	-1.0
DCAF16	-0.9999999999999999
DCAF17	-0.9999999999999999
DCAF4	0.9999999999999998
DCAF4L1	-0.9999999999999998
DCAF4L2	-1.0
DCAF5	1.0
DCAF6	1.0
DCAF7	1.0
DCAF8	-0.9999999999999999
DCAF8L1	-0.9999999999999998
DCAF8L2	-1.0
DCAKD	1.0
DCBLD1	-0.9999999999999999
DCBLD2	-1.0
DCC	-0.9999999999999999
DCD	-0.9999999999999998
DCDC1	-1.0
DCDC2	1.0
DCDC2B	-0.9999999999999998
DCDC2C	-0.9999999999999998
DCHS1	-0.9999999999999999
DCHS2	1.0
DCK	-0.9999999999999999
DCLK1	-1.0
DCLK2	1.0
DCLK3	-0.9999999999999998
DCLRE1A	1.0
DCLRE1B	0.9999999999999999
DCLRE1C	0.9999999999999999
DCLRE1CP1	1.0
DCN	-0.9999999999999999
DCP1A	-1.0
DCP1B	1.0
DCP2	-1.0
DCPS	0.9999999999999999
DCST1	-1.0
DCST2	-1.0
DCSTAMP	-1.0
DCT	0.9999999999999998
DCTD	-0.9999999999999998
DCTN1	-1.0
DCTN1-AS1	
DCTN2	0.9999999999999998
DCTN3	-1.0
DCTN4	-1.0
DCTN5	-0.9999999999999999
DCTN6	0.9999999999999998
DCTPP1	1.0
DCUN1D1	-1.0
DCUN1D2	-1.0
DCUN1D2-AS	
DCUN1D3	-1.0
DCUN1D4	-1.0
DCUN1D5	-1.0
DCX	-0.9999999999999999
DCXR	1.0
DDA1	-0.9999999999999998
DDAH1	-1.0
DDAH2	-1.0
DDB1	-0.9999999999999998
DDB2	-1.0
DDC	-0.9999999999999998
DDC8	-0.9999999999999998
DDHD1	-1.0
DDHD2	-1.0
DDI1	
DDI2	1.0
DDIT3	-1.0
DDIT4	1.0
DDIT4L	-1.0
DDN	1.0
DDO	0.9999999999999999
DDOST	1.0
DDR1	0.9999999999999999
DDR1-AS1	1.0
DDR2	-0.9999999999999999
DDRGK1	1.0
DDT	0.9999999999999998
DDTL	0.9999999999999998
DDTP1	
DDX1	-0.9999999999999998
DDX10	-1.0
DDX10P1	1.0
DDX10P2	-0.9999999999999999
DDX11	-0.9999999999999999
DDX11-AS1	-1.0
DDX11L1	-0.9999999999999998
DDX11L10	-0.9999999999999998
DDX11L16	
DDX11L2	-1.0
DDX11L5	-0.9999999999999999
DDX11L8	
DDX11L9	
DDX12P	-1.0
DDX17	-1.0
DDX18	-1.0
DDX18P1	1.0
DDX18P5	-1.0
DDX18P6	-1.0
DDX19A	-0.9999999999999998
DDX19B	-0.9999999999999999
DDX20	0.9999999999999999
DDX21	-1.0
DDX23	1.0
DDX24	-0.9999999999999999
DDX25	1.0
DDX26B	-0.9999999999999999
DDX26B-AS1	-0.9999999999999998
DDX27	-1.0
DDX28	-1.0
DDX31	-1.0
DDX39A	-1.0
DDX39AP1	
DDX39B	-1.0
DDX39B-AS1	-0.9999999999999998
DDX39BP1	
DDX39BP2	
DDX3X	-0.9999999999999999
DDX3Y	0.9999999999999998
DDX3YP1	1.0
DDX3YP2	
DDX3YP3	-1.0
DDX4	-1.0
DDX41	-0.9999999999999998
DDX42	-0.9999999999999998
DDX43	1.0
DDX46	-0.9999999999999999
DDX47	-1.0
DDX49	0.9999999999999999
DDX5	-0.9999999999999999
DDX50	-0.9999999999999999
DDX50P1	0.9999999999999999
DDX50P2	0.9999999999999999
DDX51	-1.0
DDX52	1.0
DDX53	-0.9999999999999998
DDX54	1.0
DDX55	-1.0
DDX56	-1.0
DDX58	1.0
DDX59	-0.9999999999999999
DDX6	-1.0
DDX60	0.9999999999999999
DDX60L	-1.0
DDX6P1	1.0
DDX6P2	-1.0
DEAF1	-1.0
DEC1	-0.9999999999999999
DECR1	0.9999999999999998
DECR2	0.9999999999999999
DEDD	-1.0
DEDD2	0.9999999999999999
DEF6	-0.9999999999999998
DEF8	-1.0
DEFA1	
DEFA10P	1.0
DEFA11P	-1.0
DEFA1B	
DEFA3	
DEFA4	1.0
DEFA5	0.9999999999999998
DEFA6	0.9999999999999999
DEFA7P	1.0
DEFA8P	1.0
DEFA9P	-1.0
DEFB1	-0.9999999999999998
DEFB103A	
DEFB103B	
DEFB104A	
DEFB104B	
DEFB105A	
DEFB105B	
DEFB106A	
DEFB106B	
DEFB107A	
DEFB107B	
DEFB108B	
DEFB108P1	
DEFB108P2	
DEFB108P3	
DEFB108P4	
DEFB109	
DEFB109P1	
DEFB109P1B	
DEFB109P3	
DEFB110	
DEFB112	
DEFB113	
DEFB114	
DEFB115	
DEFB116	
DEFB117	
DEFB118	-0.9999999999999998
DEFB119	
DEFB121	
DEFB122	
DEFB123	
DEFB124	-1.0
DEFB125	
DEFB126	
DEFB127	
DEFB128	
DEFB129	-0.9999999999999998
DEFB130	
DEFB131	-0.9999999999999998
DEFB132	-0.9999999999999998
DEFB133	
DEFB134	
DEFB135	
DEFB136	
DEFB4A	0.9999999999999999
DEFB4B	0.9999999999999999
DEFT1P	
DEFT1P2	
DEGS1	1.0
DEGS2	-0.9999999999999999
DEK	-1.0
DENND1A	0.9999999999999998
DENND1B	1.0
DENND1C	-1.0
DENND2A	0.9999999999999998
DENND2C	-1.0
DENND2D	1.0
DENND3	-1.0
DENND4A	-1.0
DENND4B	-1.0
DENND4C	0.9999999999999999
DENND5A	-0.9999999999999999
DENND5B	1.0
DENND5B-AS1	
DENND6A	-0.9999999999999998
DENND6B	-1.0
DENR	-1.0
DEPDC1	-1.0
DEPDC1B	0.9999999999999999
DEPDC4	0.9999999999999999
DEPDC5	0.9999999999999998
DEPDC7	0.9999999999999999
DEPTOR	0.9999999999999998
DERA	0.9999999999999999
DERL1	1.0
DERL2	1.0
DERL3	-0.9999999999999998
DES	-1.0
DESI1	1.0
DESI2	-1.0
DET1	-0.9999999999999998
DEXI	-1.0
DFFA	0.9999999999999999
DFFB	0.9999999999999999
DFNA5	0.9999999999999998
DFNB31	0.9999999999999998
DFNB59	-1.0
DGAT1	-1.0
DGAT2	-0.9999999999999998
DGAT2L6	
DGAT2L7P	0.9999999999999998
DGCR10	
DGCR11	-1.0
DGCR14	-1.0
DGCR2	-1.0
DGCR5	-0.9999999999999999
DGCR6	-1.0
DGCR6L	-0.9999999999999999
DGCR8	0.9999999999999999
DGCR9	0.9999999999999999
DGKA	-1.0
DGKB	0.9999999999999999
DGKD	-0.9999999999999999
DGKE	-1.0
DGKG	-0.9999999999999998
DGKH	0.9999999999999998
DGKI	-1.0
DGKK	-1.0
DGKQ	-0.9999999999999999
DGKZ	1.0
DGKZP1	-0.9999999999999998
DGUOK	1.0
DGUOK-AS1	0.9999999999999999
DHCR24	-1.0
DHCR7	-1.0
DHDDS	-0.9999999999999999
DHDH	-0.9999999999999998
DHFR	1.0
DHFRL1	-1.0
DHFRP1	-1.0
DHFRP2	1.0
DHH	-1.0
DHODH	1.0
DHPS	-0.9999999999999999
DHRS1	-0.9999999999999999
DHRS11	-1.0
DHRS12	-0.9999999999999999
DHRS13	-0.9999999999999999
DHRS2	1.0
DHRS3	-1.0
DHRS4	-0.9999999999999999
DHRS4-AS1	-0.9999999999999999
DHRS4L2	-0.9999999999999999
DHRS7	-1.0
DHRS7B	1.0
DHRS7C	-1.0
DHRS9	-1.0
DHRSX	-1.0
DHRSX-IT1	0.9999999999999998
DHTKD1	0.9999999999999998
DHX15	1.0
DHX16	-1.0
DHX29	-0.9999999999999999
DHX30	-1.0
DHX32	1.0
DHX33	0.9999999999999999
DHX34	-0.9999999999999998
DHX35	1.0
DHX36	0.9999999999999999
DHX37	1.0
DHX38	-0.9999999999999999
DHX40	1.0
DHX40P1	1.0
DHX57	0.9999999999999998
DHX58	1.0
DHX8	-0.9999999999999999
DHX9	-0.9999999999999999
DHX9P1	1.0
DIABLO	1.0
DIAPH1	-1.0
DIAPH2	-0.9999999999999999
DIAPH2-AS1	-1.0
DIAPH3	1.0
DIAPH3-AS1	
DIAPH3-AS2	
DICER1	-1.0
DICER1-AS1	0.9999999999999999
DIDO1	0.9999999999999999
DIEXF	0.9999999999999999
DIMT1	-0.9999999999999998
DIO1	-1.0
DIO2	-0.9999999999999999
DIO2-AS1	
DIO3	-0.9999999999999999
DIO3OS	-0.9999999999999998
DIP2A	-0.9999999999999999
DIP2A-IT1	-1.0
DIP2B	-1.0
DIP2C	1.0
DIRAS1	-0.9999999999999998
DIRAS2	-1.0
DIRAS3	0.9999999999999999
DIRC1	-0.9999999999999998
DIRC2	-1.0
DIRC3	-0.9999999999999998
DIS3	1.0
DIS3L	1.0
DIS3L2	0.9999999999999998
DIS3L2P1	
DISC1	-0.9999999999999999
DISC1-IT1	1.0
DISC1FP1	-1.0
DISP1	1.0
DISP2	0.9999999999999999
DIXDC1	-1.0
DKC1	1.0
DKFZP434A062	
DKK1	-1.0
DKK2	-0.9999999999999999
DKK3	-0.9999999999999999
DKK4	-1.0
DKKL1	-0.9999999999999999
DKKL1P1	
DLAT	-1.0
DLC1	-1.0
DLD	1.0
DLEC1	-0.9999999999999998
DLEC1P1	-1.0
DLEU1	1.0
DLEU2	-0.9999999999999999
DLEU2L	-0.9999999999999999
DLEU7	1.0
DLEU7-AS1	-0.9999999999999998
DLG1	-0.9999999999999998
DLG1-AS1	1.0
DLG2	-0.9999999999999998
DLG3	1.0
DLG3-AS1	-0.9999999999999999
DLG4	-0.9999999999999999
DLG5	0.9999999999999999
DLG5-AS1	0.9999999999999999
DLGAP1	1.0
DLGAP1-AS1	0.9999999999999998
DLGAP1-AS2	-1.0
DLGAP1-AS3	-0.9999999999999998
DLGAP1-AS4	
DLGAP1-AS5	-1.0
DLGAP2	-0.9999999999999999
DLGAP3	0.9999999999999998
DLGAP4	-1.0
DLGAP5	-1.0
DLGAP5P1	
DLK1	1.0
DLK2	-1.0
DLL1	-0.9999999999999999
DLL3	0.9999999999999998
DLL4	-0.9999999999999999
DLST	-0.9999999999999998
DLX1	-1.0
DLX2	0.9999999999999999
DLX3	-1.0
DLX4	0.9999999999999999
DLX5	-0.9999999999999998
DLX6	1.0
DLX6-AS1	-1.0
DMAP1	-1.0
DMBT1	1.0
DMBX1	1.0
DMC1	1.0
DMD	-1.0
DMD-AS3	
DMGDH	1.0
DMKN	-0.9999999999999998
DMP1	
DMPK	-1.0
DMRT1	-0.9999999999999998
DMRT2	-0.9999999999999998
DMRT3	-1.0
DMRTA1	0.9999999999999998
DMRTA2	-0.9999999999999999
DMRTB1	
DMRTC1	1.0
DMRTC1B	
DMRTC2	
DMTF1	-0.9999999999999999
DMTN	-1.0
DMWD	-0.9999999999999999
DMXL1	0.9999999999999999
DMXL2	1.0
DNA2	0.9999999999999999
DNAAF1	-0.9999999999999999
DNAAF2	1.0
DNAAF3	-1.0
DNAH1	-0.9999999999999999
DNAH10	1.0
DNAH10OS	-0.9999999999999999
DNAH11	-0.9999999999999998
DNAH12	-0.9999999999999999
DNAH14	1.0
DNAH17	1.0
DNAH17-AS1	-0.9999999999999998
DNAH2	-0.9999999999999999
DNAH3	0.9999999999999999
DNAH5	-1.0
DNAH6	1.0
DNAH7	-0.9999999999999998
DNAH8	-1.0
DNAH9	-0.9999999999999999
DNAI1	-1.0
DNAI2	0.9999999999999998
DNAJA1	0.9999999999999999
DNAJA1P1	
DNAJA1P2	
DNAJA1P3	-0.9999999999999999
DNAJA1P4	
DNAJA1P5	0.9999999999999999
DNAJA1P6	1.0
DNAJA2	0.9999999999999998
DNAJA3	1.0
DNAJA4	1.0
DNAJB1	-0.9999999999999998
DNAJB11	0.9999999999999998
DNAJB12	-0.9999999999999999
DNAJB13	0.9999999999999998
DNAJB14	-0.9999999999999997
DNAJB1P1	-1.0
DNAJB2	-0.9999999999999999
DNAJB3	
DNAJB4	-0.9999999999999998
DNAJB5	-0.9999999999999998
DNAJB6	-1.0
DNAJB7	1.0
DNAJB8	1.0
DNAJB8-AS1	
DNAJB9	-0.9999999999999998
DNAJC1	-1.0
DNAJC10	-1.0
DNAJC11	0.9999999999999998
DNAJC12	0.9999999999999999
DNAJC13	-0.9999999999999998
DNAJC14	0.9999999999999998
DNAJC15	1.0
DNAJC16	-0.9999999999999999
DNAJC17	1.0
DNAJC18	1.0
DNAJC19	-1.0
DNAJC19P1	
DNAJC19P2	
DNAJC19P3	-0.9999999999999999
DNAJC19P4	
DNAJC19P5	-0.9999999999999998
DNAJC19P6	
DNAJC19P7	
DNAJC19P8	
DNAJC19P9	1.0
DNAJC2	0.9999999999999999
DNAJC21	-0.9999999999999999
DNAJC22	0.9999999999999999
DNAJC24	-0.9999999999999999
DNAJC25	-0.9999999999999999
DNAJC25-GNG10	
DNAJC27	-1.0
DNAJC27-AS1	1.0
DNAJC28	1.0
DNAJC3	-1.0
DNAJC3-AS1	0.9999999999999999
DNAJC30	1.0
DNAJC4	-0.9999999999999999
DNAJC5	1.0
DNAJC5B	0.9999999999999998
DNAJC5G	0.9999999999999999
DNAJC6	-1.0
DNAJC7	1.0
DNAJC8	-0.9999999999999999
DNAJC8P1	-0.9999999999999999
DNAJC9	1.0
DNAJC9-AS1	-1.0
DNAL1	-0.9999999999999998
DNAL4	1.0
DNALI1	0.9999999999999998
DNASE1	0.9999999999999998
DNASE1L1	-0.9999999999999999
DNASE1L2	-1.0
DNASE1L3	-0.9999999999999999
DNASE2	1.0
DNASE2B	-1.0
DND1	1.0
DND1P1	0.9999999999999999
DNER	-1.0
DNHD1	-1.0
DNLZ	1.0
DNM1	-0.9999999999999999
DNM1L	-0.9999999999999998
DNM1P17	
DNM1P24	
DNM1P28	-0.9999999999999998
DNM1P30	
DNM1P31	-1.0
DNM1P32	1.0
DNM1P33	
DNM1P34	-0.9999999999999998
DNM1P35	-1.0
DNM1P38	
DNM1P42	
DNM1P46	-1.0
DNM1P47	-1.0
DNM1P48	
DNM1P49	
DNM1P50	
DNM1P51	0.9999999999999999
DNM2	-1.0
DNM3	-1.0
DNM3-IT1	-0.9999999999999998
DNM3OS	-1.0
DNMBP	0.9999999999999998
DNMBP-AS1	-1.0
DNMT1	0.9999999999999999
DNMT3A	0.9999999999999998
DNMT3B	-1.0
DNMT3L	-0.9999999999999998
DNPEP	0.9999999999999998
DNPH1	1.0
DNTT	-1.0
DNTTIP1	-0.9999999999999998
DNTTIP2	-0.9999999999999998
DOC2A	0.9999999999999998
DOC2B	-1.0
DOC2GP	-0.9999999999999999
DOCK1	0.9999999999999998
DOCK10	1.0
DOCK11	-0.9999999999999999
DOCK2	-0.9999999999999998
DOCK3	-0.9999999999999999
DOCK4	0.9999999999999999
DOCK4-AS1	-0.9999999999999998
DOCK5	-1.0
DOCK6	-1.0
DOCK7	-0.9999999999999999
DOCK8	-1.0
DOCK9	1.0
DOCK9-AS1	-1.0
DOCK9-AS2	0.9999999999999998
DOHH	1.0
DOK1	-1.0
DOK2	0.9999999999999999
DOK3	-0.9999999999999999
DOK4	-1.0
DOK5	-0.9999999999999999
DOK6	-1.0
DOK7	0.9999999999999999
DOLK	-1.0
DOLPP1	1.0
DONSON	1.0
DOPEY1	1.0
DOPEY2	1.0
DOT1L	-0.9999999999999999
DPAGT1	-1.0
DPCD	-1.0
DPCR1	-0.9999999999999998
DPEP1	-1.0
DPEP2	-0.9999999999999999
DPEP3	-1.0
DPF1	-0.9999999999999998
DPF2	-0.9999999999999999
DPF3	0.9999999999999999
DPH1	-0.9999999999999999
DPH2	-1.0
DPH3	0.9999999999999998
DPH3P1	1.0
DPH3P2	
DPH5	-0.9999999999999998
DPH6	0.9999999999999999
DPH6-AS1	1.0
DPH7	-1.0
DPM1	-1.0
DPM2	-1.0
DPM3	1.0
DPP10	1.0
DPP3	1.0
DPP4	-0.9999999999999998
DPP6	-1.0
DPP7	-0.9999999999999998
DPP8	0.9999999999999998
DPP9	-1.0
DPPA2	
DPPA2P1	
DPPA2P2	
DPPA2P3	
DPPA2P4	
DPPA3	-0.9999999999999998
DPPA3P1	1.0
DPPA3P2	
DPPA3P3	
DPPA4	-0.9999999999999998
DPPA5	
DPPA5P1	
DPPA5P2	
DPRX	
DPRXP1	
DPRXP2	0.9999999999999998
DPRXP4	0.9999999999999999
DPRXP5	
DPRXP6	
DPRXP7	
DPT	-1.0
DPY19L1	-1.0
DPY19L1P1	-1.0
DPY19L1P2	-0.9999999999999999
DPY19L2	-1.0
DPY19L2P1	-1.0
DPY19L2P2	-1.0
DPY19L2P4	-0.9999999999999998
DPY19L3	1.0
DPY19L4	1.0
DPY30	0.9999999999999998
DPYD	1.0
DPYD-AS1	
DPYD-AS2	
DPYD-IT1	-0.9999999999999998
DPYS	-0.9999999999999998
DPYSL2	-0.9999999999999999
DPYSL3	-1.0
DPYSL4	-1.0
DPYSL5	-0.9999999999999998
DQX1	-1.0
DR1	-0.9999999999999998
DRAM1	-0.9999999999999999
DRAM2	-1.0
DRAP1	1.0
DRAXIN	0.9999999999999999
DRAXINP1	-0.9999999999999998
DRC1	1.0
DRD1	-1.0
DRD2	-1.0
DRD3	
DRD4	-0.9999999999999998
DRD5	-1.0
DRD5P1	
DRD5P2	-0.9999999999999998
DRG1	0.9999999999999999
DRG2	0.9999999999999999
DRGX	-1.0
DROSHA	-1.0
DRP2	-1.0
DSC1	-1.0
DSC2	-1.0
DSC3	-1.0
DSCAM	0.9999999999999998
DSCAM-AS1	-0.9999999999999998
DSCAM-IT1	
DSCAML1	0.9999999999999999
DSCC1	-1.0
DSCR10	
DSCR3	-1.0
DSCR4	
DSCR4-IT1	
DSCR8	1.0
DSCR9	0.9999999999999999
DSE	-1.0
DSEL	-1.0
DSG1	-0.9999999999999999
DSG2	-1.0
DSG3	-1.0
DSG4	-0.9999999999999999
DSN1	1.0
DSP	-1.0
DSPP	-0.9999999999999998
DST	0.9999999999999997
DSTN	-1.0
DSTNP1	1.0
DSTNP2	-1.0
DSTNP4	1.0
DSTNP5	-0.9999999999999998
DSTYK	-1.0
DTD1	-1.0
DTD2	1.0
DTHD1	-1.0
DTL	0.9999999999999998
DTNA	-1.0
DTNB	0.9999999999999998
DTNBP1	-1.0
DTWD1	-1.0
DTWD2	-0.9999999999999998
DTX1	0.9999999999999998
DTX2	1.0
DTX2P1	0.9999999999999999
DTX2P1-UPK3BP1-PMS2P11	
DTX3	-0.9999999999999999
DTX3L	0.9999999999999999
DTX4	1.0
DTYMK	-1.0
DUOX1	-0.9999999999999999
DUOX2	-1.0
DUOXA1	-1.0
DUOXA2	-0.9999999999999998
DUPD1	-0.9999999999999998
DUS1L	1.0
DUS2	-1.0
DUS3L	-0.9999999999999999
DUS4L	-1.0
DUSP1	-1.0
DUSP10	-1.0
DUSP11	-1.0
DUSP12	1.0
DUSP13	-0.9999999999999998
DUSP14	-1.0
DUSP15	1.0
DUSP16	-0.9999999999999998
DUSP18	-0.9999999999999998
DUSP19	1.0
DUSP2	-0.9999999999999999
DUSP21	0.9999999999999999
DUSP22	-0.9999999999999999
DUSP23	1.0
DUSP26	-0.9999999999999999
DUSP27	-0.9999999999999998
DUSP28	-1.0
DUSP3	-0.9999999999999998
DUSP4	-0.9999999999999999
DUSP5	-0.9999999999999999
DUSP5P1	1.0
DUSP5P2	0.9999999999999999
DUSP6	-1.0
DUSP7	-0.9999999999999998
DUSP8	-0.9999999999999999
DUSP8P1	
DUSP8P2	
DUSP8P3	
DUSP8P4	
DUSP8P5	-1.0
DUSP9	-1.0
DUT	1.0
DUTP1	1.0
DUTP2	
DUTP3	
DUTP4	
DUTP5	
DUTP6	1.0
DUTP7	
DUTP8	
DUX4	
DUX4L10	
DUX4L11	
DUX4L12	
DUX4L13	
DUX4L14	
DUX4L15	
DUX4L16	
DUX4L17	-0.9999999999999998
DUX4L18	
DUX4L19	
DUX4L2	
DUX4L3	
DUX4L4	
DUX4L5	
DUX4L6	
DUX4L7	
DUX4L8	-0.9999999999999998
DUX4L9	
DUXA	
DUXAP1	0.9999999999999999
DUXAP10	
DUXAP2	1.0
DUXAP3	
DUXAP4	
DUXAP5	
DUXAP6	
DUXAP7	
DUXAP8	
DVL1	0.9999999999999999
DVL2	0.9999999999999999
DVL3	-0.9999999999999999
DXO	-0.9999999999999999
DYDC1	
DYDC2	-1.0
DYM	-0.9999999999999999
DYNAP	
DYNC1H1	-1.0
DYNC1I1	-1.0
DYNC1I2	-0.9999999999999999
DYNC1I2P1	-0.9999999999999999
DYNC1LI1	-0.9999999999999998
DYNC1LI2	0.9999999999999999
DYNC2H1	1.0
DYNC2LI1	0.9999999999999998
DYNLL1	-1.0
DYNLL1-AS1	-0.9999999999999999
DYNLL1P1	1.0
DYNLL2	1.0
DYNLRB1	-1.0
DYNLRB2	1.0
DYNLT1	1.0
DYNLT3	1.0
DYNLT3P1	-0.9999999999999998
DYNLT3P2	1.0
DYRK1A	-1.0
DYRK1B	0.9999999999999999
DYRK2	1.0
DYRK3	-1.0
DYRK4	1.0
DYSF	-1.0
DYTN	-0.9999999999999999
DYX1C1	-1.0
DYX1C1-CCPG1	
DZANK1	-1.0
DZIP1	-0.9999999999999999
DZIP1L	-0.9999999999999999
DZIP3	0.9999999999999998
E2F1	1.0
E2F2	-1.0
E2F3	1.0
E2F3-IT1	1.0
E2F4	0.9999999999999999
E2F4P1	
E2F5	0.9999999999999999
E2F6	-1.0
E2F7	1.0
E2F8	1.0
E4F1	1.0
EAF1	-0.9999999999999999
EAF1-AS1	0.9999999999999999
EAF2	-0.9999999999999998
EAPP	1.0
EARS2	1.0
EBAG9	1.0
EBAG9P1	-1.0
EBF1	-1.0
EBF2	-1.0
EBF3	-1.0
EBF4	-0.9999999999999998
EBI3	1.0
EBLN1	1.0
EBLN2	-1.0
EBNA1BP2	-0.9999999999999999
EBP	-0.9999999999999998
EBPL	1.0
ECD	0.9999999999999999
ECE1	-0.9999999999999999
ECE2	1.0
ECEL1	1.0
ECEL1P2	1.0
ECEL1P3	
ECH1	1.0
ECHDC1	1.0
ECHDC2	0.9999999999999998
ECHDC3	-1.0
ECHS1	0.9999999999999999
ECI1	0.9999999999999999
ECI2	-0.9999999999999999
ECM1	-0.9999999999999999
ECM2	-0.9999999999999999
ECSCR	-0.9999999999999999
ECSIT	0.9999999999999998
ECT2	-0.9999999999999999
ECT2L	-0.9999999999999998
EDA	1.0
EDA2R	1.0
EDAR	-0.9999999999999999
EDARADD	1.0
EDC3	-0.9999999999999998
EDC4	1.0
EDDM3A	
EDDM3B	1.0
EDEM1	-1.0
EDEM2	-0.9999999999999998
EDEM3	1.0
EDF1	0.9999999999999999
EDIL3	-0.9999999999999999
EDN1	-1.0
EDN2	0.9999999999999999
EDN3	-0.9999999999999999
EDNRA	-1.0
EDNRB	-1.0
EDNRB-AS1	
EEA1	1.0
EED	-0.9999999999999999
EEF1A1	-0.9999999999999999
EEF1A1P1	-0.9999999999999998
EEF1A1P10	-1.0
EEF1A1P11	-1.0
EEF1A1P12	-1.0
EEF1A1P13	-1.0
EEF1A1P14	-1.0
EEF1A1P15	0.9999999999999999
EEF1A1P16	-0.9999999999999999
EEF1A1P17	1.0
EEF1A1P19	-0.9999999999999998
EEF1A1P20	0.9999999999999999
EEF1A1P21	-1.0
EEF1A1P22	1.0
EEF1A1P24	-1.0
EEF1A1P25	-1.0
EEF1A1P26	1.0
EEF1A1P27	-0.9999999999999999
EEF1A1P28	-0.9999999999999999
EEF1A1P29	-1.0
EEF1A1P3	0.9999999999999999
EEF1A1P30	-0.9999999999999999
EEF1A1P31	1.0
EEF1A1P32	1.0
EEF1A1P33	-1.0
EEF1A1P34	-1.0
EEF1A1P36	0.9999999999999999
EEF1A1P37	
EEF1A1P38	-1.0
EEF1A1P39	-1.0
EEF1A1P4	1.0
EEF1A1P40	1.0
EEF1A1P41	-0.9999999999999998
EEF1A1P42	0.9999999999999998
EEF1A1P5	-1.0
EEF1A1P6	-0.9999999999999999
EEF1A1P7	-1.0
EEF1A1P8	1.0
EEF1A1P9	0.9999999999999999
EEF1A2	-1.0
EEF1B2	1.0
EEF1B2P1	1.0
EEF1B2P2	-1.0
EEF1B2P3	-0.9999999999999999
EEF1B2P4	-0.9999999999999998
EEF1B2P5	1.0
EEF1D	-0.9999999999999998
EEF1DP1	1.0
EEF1DP2	-1.0
EEF1DP3	0.9999999999999999
EEF1DP5	-0.9999999999999998
EEF1E1	-1.0
EEF1E1-BLOC1S5	
EEF1G	
EEF1GP1	1.0
EEF1GP2	0.9999999999999999
EEF1GP3	-1.0
EEF1GP4	-1.0
EEF1GP5	1.0
EEF1GP6	1.0
EEF1GP7	-0.9999999999999998
EEF1GP8	1.0
EEF2	-1.0
EEF2K	-1.0
EEFSEC	1.0
EEPD1	-0.9999999999999999
EFCAB1	1.0
EFCAB10	-1.0
EFCAB11	-0.9999999999999999
EFCAB12	-0.9999999999999999
EFCAB13	-0.9999999999999999
EFCAB14	-1.0
EFCAB14-AS1	1.0
EFCAB14P1	-1.0
EFCAB2	0.9999999999999999
EFCAB3	-0.9999999999999998
EFCAB4A	0.9999999999999999
EFCAB4B	1.0
EFCAB5	0.9999999999999999
EFCAB6	1.0
EFCAB6-AS1	
EFCAB7	-0.9999999999999999
EFCAB8	1.0
EFCAB9	-0.9999999999999998
EFCC1	-0.9999999999999999
EFEMP1	-1.0
EFEMP2	-1.0
EFHB	1.0
EFHC1	-0.9999999999999998
EFHC2	-1.0
EFHD1	-0.9999999999999999
EFHD2	0.9999999999999997
EFNA1	-0.9999999999999999
EFNA2	0.9999999999999999
EFNA3	1.0
EFNA4	1.0
EFNA5	-0.9999999999999998
EFNB1	-0.9999999999999999
EFNB2	-1.0
EFNB3	-1.0
EFR3A	0.9999999999999998
EFR3B	1.0
EFS	-1.0
EFTUD1	0.9999999999999999
EFTUD1P1	-0.9999999999999999
EFTUD1P2	
EFTUD2	-1.0
EGF	-1.0
EGFEM1P	1.0
EGFL6	-0.9999999999999999
EGFL7	1.0
EGFL8	-1.0
EGFLAM	-1.0
EGFLAM-AS1	
EGFLAM-AS2	1.0
EGFLAM-AS3	
EGFLAM-AS4	
EGFR	-0.9999999999999999
EGFR-AS1	-0.9999999999999999
EGLN1	-0.9999999999999999
EGLN1P1	
EGLN2	-1.0
EGLN3	-0.9999999999999999
EGLN3-AS1	-1.0
EGOT	0.9999999999999999
EGR1	-0.9999999999999998
EGR2	-0.9999999999999999
EGR3	-1.0
EGR4	-1.0
EHBP1	-0.9999999999999998
EHBP1L1	-0.9999999999999998
EHD1	1.0
EHD2	-1.0
EHD3	-0.9999999999999999
EHD4	-0.9999999999999999
EHF	1.0
EHHADH	-0.9999999999999999
EHHADH-AS1	1.0
EHMT1	0.9999999999999999
EHMT2	0.9999999999999999
EHMT2-AS1	0.9999999999999998
EI24	1.0
EI24P1	
EI24P2	1.0
EI24P3	
EI24P4	
EID1	-1.0
EID2	1.0
EID2B	1.0
EID3	-1.0
EIF1	-1.0
EIF1AD	-1.0
EIF1AX	-0.9999999999999999
EIF1AX-AS1	-0.9999999999999998
EIF1AXP1	-0.9999999999999998
EIF1AXP2	
EIF1AY	0.9999999999999999
EIF1B	-1.0
EIF2A	1.0
EIF2AK1	0.9999999999999998
EIF2AK2	1.0
EIF2AK3	-1.0
EIF2AK4	0.9999999999999998
EIF2AP4	-0.9999999999999998
EIF2B1	0.9999999999999998
EIF2B2	-1.0
EIF2B3	-1.0
EIF2B4	-1.0
EIF2B5	-1.0
EIF2B5-AS1	0.9999999999999999
EIF2B5-IT1	-0.9999999999999998
EIF2D	-0.9999999999999998
EIF2S1	-1.0
EIF2S2	1.0
EIF2S2P2	
EIF2S2P3	-0.9999999999999999
EIF2S2P4	-0.9999999999999999
EIF2S2P5	
EIF2S3	-1.0
EIF2S3L	-1.0
EIF3A	0.9999999999999999
EIF3B	-1.0
EIF3C	-1.0
EIF3CL	-1.0
EIF3D	-1.0
EIF3E	0.9999999999999999
EIF3EP1	-1.0
EIF3EP2	
EIF3F	-0.9999999999999998
EIF3FP1	-0.9999999999999998
EIF3FP3	-1.0
EIF3G	-0.9999999999999999
EIF3H	-0.9999999999999998
EIF3I	-0.9999999999999999
EIF3IP1	-1.0
EIF3J	-1.0
EIF3J-AS1	0.9999999999999998
EIF3K	-0.9999999999999999
EIF3KP1	1.0
EIF3KP2	1.0
EIF3KP3	-0.9999999999999998
EIF3L	-0.9999999999999998
EIF3LP1	0.9999999999999999
EIF3LP2	1.0
EIF3LP3	-0.9999999999999999
EIF3M	-0.9999999999999998
EIF4A1	-0.9999999999999999
EIF4A1P1	0.9999999999999999
EIF4A1P10	-1.0
EIF4A1P11	
EIF4A1P12	
EIF4A1P13	-1.0
EIF4A1P2	-0.9999999999999998
EIF4A1P3	1.0
EIF4A1P5	-1.0
EIF4A1P6	-1.0
EIF4A1P7	-0.9999999999999998
EIF4A1P8	-1.0
EIF4A1P9	-1.0
EIF4A2	-1.0
EIF4A2P2	-1.0
EIF4A2P3	-0.9999999999999998
EIF4A2P4	0.9999999999999998
EIF4A2P5	
EIF4A3	-0.9999999999999998
EIF4B	-0.9999999999999999
EIF4BP2	-1.0
EIF4BP3	-0.9999999999999999
EIF4BP4	-0.9999999999999998
EIF4BP5	-0.9999999999999998
EIF4BP6	-1.0
EIF4BP7	-0.9999999999999998
EIF4BP8	-0.9999999999999998
EIF4BP9	-1.0
EIF4E	-1.0
EIF4E1B	-1.0
EIF4E2	0.9999999999999999
EIF4E2P1	
EIF4E3	-0.9999999999999998
EIF4EBP1	0.9999999999999999
EIF4EBP1P1	
EIF4EBP1P2	-0.9999999999999998
EIF4EBP2	-0.9999999999999999
EIF4EBP2P	1.0
EIF4EBP3	0.9999999999999999
EIF4ENIF1	-1.0
EIF4G1	-0.9999999999999999
EIF4G2	-0.9999999999999999
EIF4G3	1.0
EIF4H	-0.9999999999999999
EIF4HP1	-1.0
EIF4HP2	-1.0
EIF5	1.0
EIF5A	0.9999999999999999
EIF5A2	-1.0
EIF5AL1	-0.9999999999999999
EIF5AP2	-1.0
EIF5AP3	-1.0
EIF5AP4	-1.0
EIF5B	0.9999999999999999
EIF6	1.0
ELAC1	0.9999999999999999
ELAC2	0.9999999999999998
ELANE	-1.0
ELAVL1	-1.0
ELAVL2	-1.0
ELAVL3	-1.0
ELAVL4	1.0
ELF1	-1.0
ELF2	1.0
ELF3	1.0
ELF4	-0.9999999999999999
ELF5	-1.0
ELFN1	-1.0
ELFN2	1.0
ELK1	0.9999999999999998
ELK1P1	
ELK2AP	
ELK2BP	
ELK3	-1.0
ELK4	-1.0
ELL	-0.9999999999999998
ELL2	-1.0
ELL2P1	0.9999999999999999
ELL2P2	
ELL2P3	1.0
ELL2P4	
ELL3	0.9999999999999998
ELMO1	-1.0
ELMO1-AS1	
ELMO2	-1.0
ELMO2P1	
ELMO3	0.9999999999999999
ELMOD1	-0.9999999999999999
ELMOD2	1.0
ELMOD3	1.0
ELMSAN1	-0.9999999999999998
ELN	-0.9999999999999999
ELOF1	-1.0
ELOVL1	-1.0
ELOVL2	-1.0
ELOVL2-AS1	1.0
ELOVL3	1.0
ELOVL4	-0.9999999999999999
ELOVL5	-0.9999999999999998
ELOVL6	1.0
ELOVL7	0.9999999999999998
ELP2	-1.0
ELP3	0.9999999999999999
ELP4	-1.0
ELP5	0.9999999999999999
ELP6	-0.9999999999999998
ELSPBP1	
ELTD1	-1.0
EMB	1.0
EMBP1	1.0
EMC1	-0.9999999999999998
EMC10	0.9999999999999998
EMC2	0.9999999999999998
EMC3	-1.0
EMC4	-0.9999999999999998
EMC6	1.0
EMC7	-0.9999999999999998
EMC8	-0.9999999999999998
EMC9	1.0
EMCN	-0.9999999999999999
EMCN-IT1	1.0
EMCN-IT2	
EMCN-IT3	
EMD	1.0
EME1	1.0
EME2	1.0
EMG1	-1.0
EMID1	-0.9999999999999998
EMILIN1	-0.9999999999999998
EMILIN2	1.0
EMILIN3	-1.0
EML1	-1.0
EML2	-1.0
EML3	-1.0
EML4	0.9999999999999999
EML5	-1.0
EML6	-0.9999999999999999
EMP1	-0.9999999999999999
EMP2	-0.9999999999999998
EMP3	-1.0
EMR1	-1.0
EMR2	-0.9999999999999999
EMR3	-1.0
EMR4P	-1.0
EMX1	-0.9999999999999999
EMX2	0.9999999999999999
EMX2OS	-1.0
EN1	-0.9999999999999998
EN2	-0.9999999999999998
ENAH	0.9999999999999999
ENAM	-1.0
ENC1	-0.9999999999999998
ENDOD1	-1.0
ENDOG	-1.0
ENDOU	-0.9999999999999999
ENDOV	1.0
ENG	-0.9999999999999999
ENGASE	1.0
ENHO	1.0
ENKD1	-1.0
ENKUR	0.9999999999999998
ENO1	-0.9999999999999999
ENO1-AS1	0.9999999999999998
ENO1-IT1	-0.9999999999999998
ENO1P1	
ENO1P2	
ENO1P3	-0.9999999999999998
ENO1P4	
ENO2	-0.9999999999999999
ENO3	-1.0
ENO4	1.0
ENOPH1	-0.9999999999999998
ENOSF1	0.9999999999999999
ENOX1	-0.9999999999999998
ENOX1-AS1	1.0
ENOX1-AS2	
ENOX2	-0.9999999999999999
ENPEP	1.0
ENPP1	-1.0
ENPP2	-0.9999999999999999
ENPP3	-1.0
ENPP4	1.0
ENPP5	0.9999999999999998
ENPP6	-0.9999999999999998
ENPP7	1.0
ENPP7P1	1.0
ENPP7P10	-1.0
ENPP7P11	1.0
ENPP7P12	1.0
ENPP7P13	
ENPP7P2	
ENPP7P3	
ENPP7P4	-0.9999999999999999
ENPP7P5	-0.9999999999999998
ENPP7P6	1.0
ENPP7P8	-1.0
ENPP7P9	
ENSA	1.0
ENSAP1	-0.9999999999999998
ENSAP2	0.9999999999999998
ENSAP3	
ENTHD1	-1.0
ENTHD2	-1.0
ENTPD1	-0.9999999999999999
ENTPD1-AS1	0.9999999999999998
ENTPD2	-1.0
ENTPD3	-0.9999999999999998
ENTPD3-AS1	-0.9999999999999998
ENTPD4	-0.9999999999999999
ENTPD5	-1.0
ENTPD6	1.0
ENTPD7	1.0
ENTPD8	-0.9999999999999998
ENY2	-1.0
EOGT	-0.9999999999999998
EOMES	-0.9999999999999998
EP300	-0.9999999999999998
EP400	-0.9999999999999999
EP400NL	-1.0
EPAS1	-0.9999999999999999
EPB41	1.0
EPB41L1	-1.0
EPB41L2	-1.0
EPB41L3	0.9999999999999999
EPB41L4A	-1.0
EPB41L4A-AS1	0.9999999999999999
EPB41L4A-AS2	1.0
EPB41L4B	-0.9999999999999998
EPB41L5	-1.0
EPB42	-1.0
EPC1	0.9999999999999999
EPC2	-1.0
EPCAM	-0.9999999999999999
EPDR1	1.0
EPG5	-1.0
EPGN	-1.0
EPHA1	0.9999999999999999
EPHA1-AS1	1.0
EPHA10	0.9999999999999998
EPHA2	-1.0
EPHA3	-1.0
EPHA4	0.9999999999999999
EPHA5	-0.9999999999999998
EPHA6	-1.0
EPHA7	-1.0
EPHA8	-1.0
EPHB1	-0.9999999999999999
EPHB2	0.9999999999999998
EPHB3	0.9999999999999999
EPHB4	0.9999999999999999
EPHB6	-0.9999999999999999
EPHX1	-1.0
EPHX2	1.0
EPHX3	-1.0
EPHX4	-1.0
EPM2A	-1.0
EPM2AIP1	1.0
EPN1	0.9999999999999998
EPN2	-0.9999999999999999
EPN2-AS1	-1.0
EPN3	1.0
EPO	-0.9999999999999998
EPOR	-0.9999999999999998
EPPIN	-0.9999999999999998
EPPIN-WFDC6	
EPPK1	1.0
EPRS	1.0
EPS15	-1.0
EPS15L1	-0.9999999999999998
EPS15P1	
EPS8	-1.0
EPS8L1	-0.9999999999999999
EPS8L2	1.0
EPS8L3	-1.0
EPSTI1	0.9999999999999999
EPT1	1.0
EPX	-0.9999999999999998
EPYC	-0.9999999999999998
EQTN	0.9999999999999998
ERAL1	-0.9999999999999999
ERAP1	1.0
ERAP2	-0.9999999999999999
ERAS	1.0
ERBB2	-1.0
ERBB2IP	1.0
ERBB3	0.9999999999999998
ERBB4	1.0
ERC1	-1.0
ERC2	-0.9999999999999999
ERCC1	1.0
ERCC2	1.0
ERCC3	-0.9999999999999998
ERCC4	1.0
ERCC5	-0.9999999999999999
ERCC6	1.0
ERCC6L	-0.9999999999999999
ERCC6L2	1.0
ERCC8	-1.0
EREG	-0.9999999999999998
ERF	0.9999999999999999
ERG	-0.9999999999999999
ERGIC1	-1.0
ERGIC2	-0.9999999999999999
ERGIC3	-0.9999999999999998
ERH	1.0
ERHP1	0.9999999999999999
ERHP2	-0.9999999999999998
ERI1	-0.9999999999999998
ERI2	1.0
ERI3	-1.0
ERI3-IT1	-1.0
ERICH1	-1.0
ERICH1-AS1	1.0
ERICH2	-0.9999999999999998
ERLEC1	0.9999999999999999
ERLEC1P1	
ERLIN1	0.9999999999999999
ERLIN2	-0.9999999999999998
ERMAP	0.9999999999999999
ERMARD	-1.0
ERMN	-1.0
ERMP1	-1.0
ERN1	-0.9999999999999998
ERN2	1.0
ERO1L	-0.9999999999999999
ERO1LB	1.0
ERP27	1.0
ERP29	-0.9999999999999998
ERP29P1	-0.9999999999999998
ERP44	0.9999999999999999
ERRFI1	-0.9999999999999998
ERV3-1	1.0
ERVFRD-1	-1.0
ERVH48-1	
ERVK13-1	-1.0
ERVK3-1	-1.0
ERVMER34-1	-1.0
ERVMER61-1	
ERVV-1	-1.0
ERVV-2	
ERVW-1	1.0
ERVWE2	
ESAM	-1.0
ESCO1	-0.9999999999999999
ESCO2	0.9999999999999999
ESD	1.0
ESF1	-0.9999999999999998
ESM1	-1.0
ESPL1	0.9999999999999998
ESPN	1.0
ESPNL	-0.9999999999999998
ESPNP	1.0
ESR1	-0.9999999999999998
ESR2	-1.0
ESRG	-0.9999999999999998
ESRP1	1.0
ESRP2	-0.9999999999999998
ESRRA	1.0
ESRRAP1	1.0
ESRRAP2	0.9999999999999999
ESRRB	-1.0
ESRRG	-1.0
ESX1	1.0
ESYT1	-1.0
ESYT2	-1.0
ESYT3	-1.0
ETAA1	1.0
ETF1	-1.0
ETF1P1	-1.0
ETF1P2	0.9999999999999998
ETF1P3	0.9999999999999998
ETFA	0.9999999999999999
ETFB	0.9999999999999998
ETFDH	1.0
ETHE1	1.0
ETNK1	1.0
ETNK2	-0.9999999999999999
ETNPPL	1.0
ETS1	-0.9999999999999998
ETS2	0.9999999999999998
ETV1	0.9999999999999998
ETV2	-1.0
ETV3	-0.9999999999999998
ETV3L	-0.9999999999999998
ETV4	1.0
ETV5	-1.0
ETV5-AS1	
ETV6	1.0
ETV7	1.0
EVA1A	-0.9999999999999999
EVA1B	0.9999999999999998
EVA1C	-0.9999999999999999
EVC	-1.0
EVC2	-1.0
EVI2A	-0.9999999999999999
EVI2B	-0.9999999999999999
EVI5	-1.0
EVI5L	-0.9999999999999999
EVL	-1.0
EVPL	-0.9999999999999998
EVPLL	1.0
EVX1	-1.0
EVX1-AS	-1.0
EVX2	1.0
EWSR1	1.0
EXD1	-1.0
EXD2	-1.0
EXD3	1.0
EXO1	1.0
EXO5	0.9999999999999998
EXOC1	1.0
EXOC2	-0.9999999999999999
EXOC3	-1.0
EXOC3L1	0.9999999999999999
EXOC3L2	-0.9999999999999998
EXOC3L4	1.0
EXOC4	-1.0
EXOC5	-0.9999999999999999
EXOC5P1	1.0
EXOC6	-1.0
EXOC6B	-1.0
EXOC7	-1.0
EXOC7P1	-0.9999999999999998
EXOC8	-1.0
EXOG	-0.9999999999999998
EXOGP1	
EXOSC1	-1.0
EXOSC10	-1.0
EXOSC2	1.0
EXOSC3	-0.9999999999999998
EXOSC3P1	-0.9999999999999999
EXOSC3P2	-0.9999999999999998
EXOSC4	1.0
EXOSC5	0.9999999999999999
EXOSC6	-0.9999999999999999
EXOSC7	1.0
EXOSC8	-0.9999999999999998
EXOSC9	-0.9999999999999999
EXPH5	0.9999999999999999
EXT1	-1.0
EXT2	0.9999999999999999
EXTL1	-0.9999999999999998
EXTL2	-1.0
EXTL2P1	
EXTL3	-1.0
EXTL3-AS1	-1.0
EYA1	-0.9999999999999999
EYA2	0.9999999999999998
EYA3	0.9999999999999998
EYA4	-1.0
EYS	0.9999999999999998
EZH1	-0.9999999999999999
EZH2	1.0
EZH2P1	-1.0
EZR	-1.0
EZR-AS1	-1.0
F10	-0.9999999999999999
F10-AS1	
F11	1.0
F11-AS1	0.9999999999999998
F11R	1.0
F12	-0.9999999999999998
F13A1	-1.0
F13B	
F2	1.0
F2R	-0.9999999999999999
F2RL1	0.9999999999999998
F2RL2	-1.0
F2RL3	-0.9999999999999999
F3	-1.0
F5	-1.0
F7	1.0
F8	-0.9999999999999998
F8A1	-1.0
F8A2	-1.0
F8A3	-1.0
F9	1.0
FA2H	-1.0
FAAH	1.0
FAAH2	1.0
FABP1	-0.9999999999999999
FABP12	
FABP12P1	
FABP2	0.9999999999999998
FABP3	-0.9999999999999999
FABP3P2	
FABP4	-0.9999999999999999
FABP5	-1.0
FABP5P1	-1.0
FABP5P10	-0.9999999999999998
FABP5P11	1.0
FABP5P12	
FABP5P13	
FABP5P14	
FABP5P15	-0.9999999999999998
FABP5P2	1.0
FABP5P3	-1.0
FABP5P4	
FABP5P5	
FABP5P6	1.0
FABP5P7	-1.0
FABP6	0.9999999999999999
FABP7	-1.0
FABP7P1	
FABP7P2	
FABP9	
FADD	0.9999999999999999
FADS1	-1.0
FADS2	-0.9999999999999999
FADS3	-1.0
FADS6	0.9999999999999998
FAF1	-0.9999999999999998
FAF2	-1.0
FAF2P1	0.9999999999999999
FAH	-0.9999999999999999
FAHD1	-1.0
FAHD2A	-0.9999999999999999
FAHD2B	-1.0
FAHD2CP	-1.0
FAHD2P1	
FAIM	1.0
FAIM2	-0.9999999999999999
FAIM3	-0.9999999999999999
FAM101A	-1.0
FAM101B	-1.0
FAM102A	-0.9999999999999998
FAM102B	-0.9999999999999998
FAM103A1	-1.0
FAM103A2P	-1.0
FAM104A	1.0
FAM104B	-1.0
FAM105A	1.0
FAM105B	-1.0
FAM106A	1.0
FAM106B	-1.0
FAM106CP	-0.9999999999999998
FAM106DP	
FAM107A	-1.0
FAM107B	-1.0
FAM108A10P	
FAM108A8P	-0.9999999999999998
FAM108A9P	
FAM109A	-0.9999999999999999
FAM109B	0.9999999999999999
FAM110A	0.9999999999999999
FAM110B	-0.9999999999999999
FAM110C	1.0
FAM110D	-1.0
FAM111A	1.0
FAM111B	1.0
FAM114A1	1.0
FAM114A2	-0.9999999999999998
FAM115A	1.0
FAM115B	0.9999999999999998
FAM115C	1.0
FAM115D	1.0
FAM117A	-1.0
FAM117B	-1.0
FAM118A	1.0
FAM118B	-0.9999999999999998
FAM120A	0.9999999999999996
FAM120AOS	0.9999999999999999
FAM120B	1.0
FAM120C	-1.0
FAM122A	-1.0
FAM122B	-1.0
FAM122C	0.9999999999999999
FAM124A	-0.9999999999999999
FAM124B	-1.0
FAM126A	-0.9999999999999999
FAM126B	0.9999999999999999
FAM127A	-1.0
FAM127B	-1.0
FAM127C	-1.0
FAM129A	-0.9999999999999998
FAM129B	-1.0
FAM129C	-1.0
FAM131A	-1.0
FAM131B	0.9999999999999999
FAM131C	-1.0
FAM132A	0.9999999999999998
FAM132B	-1.0
FAM133A	-0.9999999999999999
FAM133B	0.9999999999999999
FAM133CP	1.0
FAM133DP	0.9999999999999999
FAM134A	-1.0
FAM134B	-0.9999999999999999
FAM134C	-0.9999999999999999
FAM135A	0.9999999999999999
FAM135B	-0.9999999999999998
FAM136A	-0.9999999999999999
FAM136BP	0.9999999999999999
FAM138A	
FAM138B	-0.9999999999999998
FAM138C	
FAM138D	
FAM138E	
FAM138F	-0.9999999999999998
FAM13A	-0.9999999999999999
FAM13A-AS1	-1.0
FAM13B	-0.9999999999999999
FAM13C	-0.9999999999999999
FAM149A	1.0
FAM149B1	-0.9999999999999999
FAM149B1P1	1.0
FAM150A	-0.9999999999999998
FAM150B	-1.0
FAM151A	0.9999999999999998
FAM151B	-0.9999999999999999
FAM153A	-1.0
FAM153B	-0.9999999999999999
FAM153C	-1.0
FAM154A	1.0
FAM154B	-1.0
FAM155A	-0.9999999999999998
FAM155A-IT1	
FAM155B	0.9999999999999998
FAM156A	1.0
FAM156B	-1.0
FAM157A	-1.0
FAM157B	-0.9999999999999999
FAM157C	-0.9999999999999998
FAM159A	-1.0
FAM159B	-1.0
FAM160A1	-1.0
FAM160A2	-0.9999999999999999
FAM160B1	1.0
FAM160B2	-0.9999999999999999
FAM161A	0.9999999999999999
FAM161B	0.9999999999999999
FAM162A	-1.0
FAM162B	-1.0
FAM163A	-0.9999999999999999
FAM163B	0.9999999999999999
FAM166A	-0.9999999999999998
FAM166B	-0.9999999999999999
FAM167A	-1.0
FAM167B	-1.0
FAM168A	-1.0
FAM168B	-1.0
FAM169A	-0.9999999999999998
FAM169B	0.9999999999999999
FAM170A	-0.9999999999999999
FAM170B	-1.0
FAM170B-AS1	-0.9999999999999998
FAM171A1	1.0
FAM171A2	-0.9999999999999999
FAM171B	-0.9999999999999998
FAM172A	-0.9999999999999998
FAM172BP	0.9999999999999998
FAM173A	1.0
FAM173B	1.0
FAM174A	1.0
FAM174B	1.0
FAM175A	-1.0
FAM175B	-0.9999999999999999
FAM177A1	1.0
FAM177A1P1	1.0
FAM177B	-0.9999999999999999
FAM178A	-0.9999999999999999
FAM178B	-0.9999999999999998
FAM179A	1.0
FAM179B	-1.0
FAM180A	-1.0
FAM180B	1.0
FAM181A	1.0
FAM181A-AS1	0.9999999999999999
FAM181B	-1.0
FAM182A	0.9999999999999999
FAM182B	-1.0
FAM183A	-0.9999999999999998
FAM183B	0.9999999999999999
FAM183CP	
FAM184A	0.9999999999999999
FAM184B	-1.0
FAM185A	0.9999999999999999
FAM185BP	-1.0
FAM186A	-1.0
FAM186B	-0.9999999999999999
FAM187A	
FAM187B	-1.0
FAM188A	-0.9999999999999999
FAM188B	1.0
FAM188B2	
FAM189A1	-0.9999999999999999
FAM189A2	-1.0
FAM189B	1.0
FAM192A	0.9999999999999998
FAM193A	-1.0
FAM193B	-1.0
FAM194A	0.9999999999999999
FAM194B	
FAM195A	1.0
FAM195B	-0.9999999999999998
FAM196A	-0.9999999999999999
FAM196B	0.9999999999999999
FAM197Y1	
FAM197Y2	
FAM197Y3	
FAM197Y6	
FAM197Y7	
FAM197Y8	
FAM197Y9	
FAM198A	-0.9999999999999999
FAM198B	-1.0
FAM199X	-1.0
FAM19A1	-1.0
FAM19A2	0.9999999999999999
FAM19A3	0.9999999999999999
FAM19A4	-0.9999999999999998
FAM19A5	-1.0
FAM200A	1.0
FAM200B	0.9999999999999999
FAM201A	0.9999999999999998
FAM201B	0.9999999999999999
FAM203A	-1.0
FAM203B	-0.9999999999999998
FAM204A	-0.9999999999999999
FAM204BP	-1.0
FAM204CP	
FAM205A	-0.9999999999999998
FAM205B	1.0
FAM205CP	0.9999999999999999
FAM206A	1.0
FAM206BP	
FAM207A	1.0
FAM207BP	1.0
FAM207CP	
FAM208A	-1.0
FAM208B	0.9999999999999999
FAM209A	-0.9999999999999998
FAM209B	0.9999999999999998
FAM20A	-0.9999999999999998
FAM20B	-0.9999999999999999
FAM20C	-0.9999999999999999
FAM210A	-1.0
FAM210B	-1.0
FAM210CP	-0.9999999999999998
FAM211A	-0.9999999999999999
FAM211B	0.9999999999999999
FAM212A	-1.0
FAM212B	1.0
FAM213A	-1.0
FAM213B	-0.9999999999999998
FAM214A	-1.0
FAM214B	-1.0
FAM215A	-0.9999999999999998
FAM215B	0.9999999999999999
FAM216A	-0.9999999999999998
FAM216B	-0.9999999999999998
FAM217A	0.9999999999999999
FAM217B	-1.0
FAM218A	1.0
FAM218BP	
FAM219A	-0.9999999999999998
FAM219B	-1.0
FAM21A	0.9999999999999999
FAM21B	1.0
FAM21C	1.0
FAM21FP	1.0
FAM220A	-1.0
FAM220BP	1.0
FAM220CP	1.0
FAM221A	1.0
FAM221B	0.9999999999999998
FAM222A	1.0
FAM222A-AS1	-1.0
FAM222B	-0.9999999999999999
FAM224A	-0.9999999999999998
FAM224B	
FAM225A	0.9999999999999999
FAM225B	-1.0
FAM226B	-0.9999999999999998
FAM227A	1.0
FAM227B	-0.9999999999999999
FAM228A	1.0
FAM228B	1.0
FAM229A	1.0
FAM229B	-1.0
FAM230A	-0.9999999999999998
FAM230B	1.0
FAM24A	
FAM24B	1.0
FAM25A	
FAM25B	
FAM25C	-0.9999999999999998
FAM25D	
FAM25E	
FAM25G	
FAM26D	-0.9999999999999998
FAM26E	-0.9999999999999999
FAM26F	1.0
FAM27A	-0.9999999999999998
FAM27B	-1.0
FAM27C	-1.0
FAM27D1	-0.9999999999999998
FAM27E1	0.9999999999999998
FAM27E2	-0.9999999999999998
FAM27E3	0.9999999999999999
FAM27E4	0.9999999999999999
FAM27L	
FAM32A	-1.0
FAM32B	
FAM35A	-1.0
FAM35BP	-1.0
FAM35CP	-1.0
FAM35DP	-0.9999999999999998
FAM35EP	
FAM3A	0.9999999999999998
FAM3B	1.0
FAM3C	0.9999999999999998
FAM3C2	1.0
FAM3D	0.9999999999999999
FAM41AY1	
FAM41AY2	
FAM41C	
FAM43A	-1.0
FAM43B	-0.9999999999999998
FAM45A	-0.9999999999999999
FAM45B	-1.0
FAM46A	-1.0
FAM46B	-0.9999999999999999
FAM46C	-0.9999999999999999
FAM46D	
FAM47A	
FAM47B	
FAM47C	-1.0
FAM47DP	-0.9999999999999999
FAM47E	-1.0
FAM47E-STBD1	1.0
FAM49A	-0.9999999999999999
FAM49B	-1.0
FAM50A	-1.0
FAM50B	0.9999999999999999
FAM53A	-1.0
FAM53B	0.9999999999999999
FAM53C	-1.0
FAM57A	-1.0
FAM57B	-0.9999999999999998
FAM58A	-0.9999999999999999
FAM58BP	
FAM58CP	
FAM58DP	-1.0
FAM60A	-1.0
FAM60BP	-0.9999999999999999
FAM60CP	0.9999999999999997
FAM63A	-1.0
FAM63B	-1.0
FAM64A	1.0
FAM65A	-0.9999999999999999
FAM65B	-0.9999999999999999
FAM65C	-0.9999999999999999
FAM66A	-1.0
FAM66B	-1.0
FAM66C	-1.0
FAM66D	-0.9999999999999999
FAM66E	1.0
FAM69A	-0.9999999999999998
FAM69B	-1.0
FAM69C	-1.0
FAM71A	-0.9999999999999999
FAM71B	
FAM71C	
FAM71D	-1.0
FAM71E1	1.0
FAM71E2	-0.9999999999999998
FAM71F1	-1.0
FAM71F2	1.0
FAM72A	0.9999999999999999
FAM72B	1.0
FAM72C	-1.0
FAM72D	0.9999999999999999
FAM73A	-1.0
FAM73B	-1.0
FAM74A1	
FAM74A2	
FAM74A3	1.0
FAM74A4	
FAM74A5	
FAM74A6	-0.9999999999999998
FAM76A	-0.9999999999999998
FAM76B	0.9999999999999998
FAM78A	0.9999999999999999
FAM78B	1.0
FAM81A	-1.0
FAM81B	1.0
FAM83A	0.9999999999999998
FAM83A-AS1	
FAM83B	1.0
FAM83C	-0.9999999999999998
FAM83C-AS1	-1.0
FAM83D	-0.9999999999999998
FAM83E	0.9999999999999998
FAM83F	-0.9999999999999999
FAM83G	1.0
FAM83H	-0.9999999999999998
FAM83H-AS1	-0.9999999999999998
FAM84A	-1.0
FAM84B	-1.0
FAM85A	-1.0
FAM85B	-1.0
FAM86A	-1.0
FAM86B1	-1.0
FAM86B2	0.9999999999999998
FAM86B3P	0.9999999999999999
FAM86C1	-0.9999999999999999
FAM86C2P	1.0
FAM86DP	-0.9999999999999998
FAM86EP	-0.9999999999999998
FAM86FP	0.9999999999999999
FAM86GP	-0.9999999999999998
FAM86HP	-1.0
FAM86JP	0.9999999999999999
FAM86KP	0.9999999999999999
FAM86LP	
FAM86MP	-1.0
FAM87A	0.9999999999999999
FAM87B	0.9999999999999998
FAM89A	-0.9999999999999999
FAM89B	1.0
FAM8A1	0.9999999999999998
FAM8A2P	
FAM8A3P	1.0
FAM8A4P	-0.9999999999999998
FAM8A6P	0.9999999999999999
FAM90A1	-1.0
FAM90A10P	-0.9999999999999998
FAM90A11P	
FAM90A12P	
FAM90A13P	
FAM90A14P	
FAM90A15P	
FAM90A16P	
FAM90A17P	
FAM90A18P	
FAM90A19P	
FAM90A20P	
FAM90A21P	
FAM90A22P	
FAM90A23P	
FAM90A24P	
FAM90A25P	1.0
FAM90A26	-0.9999999999999998
FAM90A27P	
FAM90A28P	1.0
FAM90A2P	-1.0
FAM90A3P	
FAM90A4P	
FAM90A5P	
FAM90A6P	
FAM90A7P	
FAM90A8P	
FAM90A9P	
FAM91A1	-0.9999999999999999
FAM92A1	-0.9999999999999999
FAM92A1P1	-0.9999999999999999
FAM92A1P2	1.0
FAM92B	-0.9999999999999999
FAM95B1	1.0
FAM96A	1.0
FAM96AP1	
FAM96AP2	-1.0
FAM96B	-1.0
FAM98A	-0.9999999999999998
FAM98B	-1.0
FAM98C	1.0
FAM99A	
FAM99B	-1.0
FAM9A	
FAM9B	-0.9999999999999999
FAM9C	0.9999999999999999
FAN1	1.0
FANCA	0.9999999999999999
FANCB	1.0
FANCC	-0.9999999999999998
FANCD2	-0.9999999999999998
FANCD2OS	1.0
FANCD2P2	
FANCE	-0.9999999999999998
FANCF	0.9999999999999999
FANCG	-1.0
FANCI	0.9999999999999999
FANCL	1.0
FANCM	0.9999999999999999
FANK1	0.9999999999999998
FANK1-AS1	
FAP	-1.0
FAR1	-0.9999999999999998
FAR1-IT1	-0.9999999999999997
FAR1P1	-1.0
FAR2	0.9999999999999999
FARP1	-1.0
FARP1-AS1	-1.0
FARP2	0.9999999999999998
FARS2	0.9999999999999998
FARSA	0.9999999999999999
FARSB	1.0
FARSBP1	-1.0
FAS	1.0
FASLG	0.9999999999999999
FASN	-1.0
FASTK	1.0
FASTKD1	-1.0
FASTKD2	0.9999999999999999
FASTKD3	0.9999999999999999
FASTKD5	-0.9999999999999999
FAT1	-1.0
FAT1P1	-0.9999999999999998
FAT2	0.9999999999999999
FAT3	0.9999999999999998
FAT4	-1.0
FATE1	-0.9999999999999999
FAU	0.9999999999999999
FAUP1	0.9999999999999999
FAUP2	-0.9999999999999998
FAXC	-1.0
FAXDC2	0.9999999999999998
FBF1	-0.9999999999999998
FBL	0.9999999999999999
FBLIM1	-0.9999999999999998
FBLL1	-1.0
FBLN1	-0.9999999999999999
FBLN2	-1.0
FBLN5	-0.9999999999999998
FBLN7	-1.0
FBN1	-0.9999999999999999
FBN2	-1.0
FBN3	0.9999999999999999
FBP1	-1.0
FBP2	0.9999999999999998
FBRS	1.0
FBRSL1	0.9999999999999999
FBXL12	-0.9999999999999999
FBXL13	-1.0
FBXL14	0.9999999999999999
FBXL15	1.0
FBXL16	-1.0
FBXL17	-0.9999999999999998
FBXL18	1.0
FBXL19	0.9999999999999999
FBXL19-AS1	1.0
FBXL2	-0.9999999999999998
FBXL20	1.0
FBXL21	-1.0
FBXL22	-0.9999999999999998
FBXL3	-0.9999999999999999
FBXL4	0.9999999999999998
FBXL5	1.0
FBXL6	-1.0
FBXL7	-0.9999999999999999
FBXL8	1.0
FBXO10	-0.9999999999999999
FBXO11	-1.0
FBXO15	-0.9999999999999999
FBXO16	0.9999999999999999
FBXO17	-0.9999999999999999
FBXO18	-0.9999999999999999
FBXO2	1.0
FBXO21	-0.9999999999999998
FBXO22	-0.9999999999999999
FBXO24	-0.9999999999999999
FBXO25	0.9999999999999998
FBXO27	-1.0
FBXO28	-1.0
FBXO3	-0.9999999999999999
FBXO30	-0.9999999999999999
FBXO31	-1.0
FBXO32	1.0
FBXO33	-0.9999999999999998
FBXO34	-1.0
FBXO36	1.0
FBXO36-IT1	
FBXO38	1.0
FBXO39	0.9999999999999999
FBXO4	0.9999999999999998
FBXO40	1.0
FBXO41	-0.9999999999999998
FBXO42	-0.9999999999999999
FBXO43	0.9999999999999999
FBXO44	-1.0
FBXO45	-0.9999999999999999
FBXO46	0.9999999999999999
FBXO47	1.0
FBXO48	1.0
FBXO5	0.9999999999999998
FBXO6	1.0
FBXO7	1.0
FBXO8	1.0
FBXO9	1.0
FBXW10	-0.9999999999999998
FBXW11	0.9999999999999998
FBXW11P1	-1.0
FBXW12	0.9999999999999999
FBXW2	-1.0
FBXW4	0.9999999999999998
FBXW4P1	0.9999999999999998
FBXW5	-0.9999999999999999
FBXW7	-0.9999999999999998
FBXW8	1.0
FBXW9	1.0
FCAMR	-0.9999999999999999
FCAR	-0.9999999999999999
FCER1A	-1.0
FCER1G	1.0
FCER2	-1.0
FCF1	-0.9999999999999999
FCF1P1	0.9999999999999999
FCF1P10	
FCF1P2	-0.9999999999999999
FCF1P3	
FCF1P4	
FCF1P5	-1.0
FCF1P6	-0.9999999999999998
FCF1P7	0.9999999999999999
FCF1P8	1.0
FCF1P9	
FCGBP	0.9999999999999999
FCGR1A	0.9999999999999999
FCGR1B	1.0
FCGR1C	0.9999999999999997
FCGR2A	-1.0
FCGR2B	-0.9999999999999999
FCGR2C	-1.0
FCGR3A	0.9999999999999999
FCGR3B	-0.9999999999999999
FCGRT	1.0
FCHO1	-1.0
FCHO2	-0.9999999999999999
FCHSD1	-0.9999999999999999
FCHSD2	-0.9999999999999999
FCN1	0.9999999999999998
FCN2	-1.0
FCN3	-1.0
FCRL1	-0.9999999999999999
FCRL2	-0.9999999999999999
FCRL3	-1.0
FCRL4	-1.0
FCRL5	-1.0
FCRL6	-1.0
FCRLA	-1.0
FCRLB	-1.0
FDCSP	-0.9999999999999999
FDFT1	-1.0
FDPS	-0.9999999999999999
FDPSP1	-0.9999999999999999
FDPSP2	-0.9999999999999998
FDPSP3	0.9999999999999999
FDPSP4	-1.0
FDPSP5	-0.9999999999999998
FDPSP6	
FDPSP7	-1.0
FDPSP8	-1.0
FDX1	1.0
FDX1L	1.0
FDX1P1	-1.0
FDX1P2	
FDXACB1	1.0
FDXR	0.9999999999999998
FECH	0.9999999999999999
FECHP1	
FEM1A	-0.9999999999999999
FEM1AP1	
FEM1AP2	1.0
FEM1AP3	0.9999999999999999
FEM1AP4	-0.9999999999999998
FEM1B	-1.0
FEM1C	0.9999999999999999
FEN1	0.9999999999999999
FEN1P1	1.0
FENDRR	-0.9999999999999998
FER	-0.9999999999999999
FER1L4	-1.0
FER1L5	0.9999999999999999
FER1L6	-0.9999999999999998
FER1L6-AS1	1.0
FER1L6-AS2	-0.9999999999999998
FERD3L	
FERMT1	-1.0
FERMT2	-0.9999999999999999
FERMT3	0.9999999999999999
FERP1	-1.0
FES	-0.9999999999999999
FETUB	-1.0
FEV	0.9999999999999999
FEZ1	-1.0
FEZ2	-0.9999999999999999
FEZF1	-0.9999999999999998
FEZF1-AS1	1.0
FEZF2	
FFAR1	1.0
FFAR2	1.0
FFAR3	-1.0
FFAR4	-1.0
FGA	0.9999999999999999
FGB	1.0
FGD1	-0.9999999999999999
FGD2	-0.9999999999999998
FGD3	-1.0
FGD4	0.9999999999999999
FGD5	-0.9999999999999998
FGD5-AS1	-0.9999999999999998
FGD5P1	1.0
FGD6	0.9999999999999998
FGF1	-0.9999999999999999
FGF10	-1.0
FGF11	-1.0
FGF12	-1.0
FGF12-AS1	1.0
FGF12-AS2	
FGF12-AS3	-0.9999999999999998
FGF13	-1.0
FGF13-AS1	-1.0
FGF14	0.9999999999999999
FGF14-AS1	
FGF14-AS2	1.0
FGF14-IT1	-1.0
FGF16	-0.9999999999999998
FGF17	-0.9999999999999998
FGF18	-1.0
FGF19	-1.0
FGF2	-1.0
FGF20	-0.9999999999999999
FGF21	-0.9999999999999998
FGF22	0.9999999999999999
FGF23	0.9999999999999999
FGF3	-1.0
FGF4	0.9999999999999999
FGF5	-1.0
FGF6	-0.9999999999999998
FGF7	-1.0
FGF7P1	
FGF7P2	
FGF8	1.0
FGF9	0.9999999999999999
FGFBP1	-0.9999999999999999
FGFBP2	-0.9999999999999999
FGFBP3	1.0
FGFR1	-1.0
FGFR1OP	-1.0
FGFR1OP2	-0.9999999999999999
FGFR1OP2P1	
FGFR2	1.0
FGFR3	1.0
FGFR3P1	
FGFR3P5	-0.9999999999999998
FGFR3P6	
FGFR4	-0.9999999999999999
FGFRL1	1.0
FGG	
FGGY	1.0
FGL1	-1.0
FGL2	1.0
FGR	-1.0
FH	1.0
FHAD1	1.0
FHDC1	-0.9999999999999998
FHIT	-1.0
FHL1	-1.0
FHL2	-0.9999999999999999
FHL3	-1.0
FHL5	-0.9999999999999999
FHOD1	0.9999999999999998
FHOD3	-1.0
FHP1	-1.0
FIBCD1	-0.9999999999999999
FIBIN	-0.9999999999999998
FIBP	-0.9999999999999998
FICD	-0.9999999999999999
FIG4	-0.9999999999999999
FIGF	1.0
FIGLA	1.0
FIGN	-0.9999999999999998
FIGNL1	1.0
FILIP1	-0.9999999999999999
FILIP1L	-0.9999999999999999
FIP1L1	-0.9999999999999999
FIS1	-1.0
FITM1	-0.9999999999999998
FITM2	1.0
FIZ1	0.9999999999999998
FJX1	-1.0
FKBP10	-0.9999999999999999
FKBP11	0.9999999999999999
FKBP14	-1.0
FKBP15	0.9999999999999999
FKBP1A	-1.0
FKBP1AP2	
FKBP1AP3	-0.9999999999999998
FKBP1B	-1.0
FKBP1C	1.0
FKBP2	0.9999999999999999
FKBP3	-1.0
FKBP4	1.0
FKBP4P1	1.0
FKBP5	1.0
FKBP6	-1.0
FKBP7	-0.9999999999999998
FKBP8	0.9999999999999998
FKBP9	-0.9999999999999998
FKBP9L	1.0
FKBPL	0.9999999999999999
FKRP	-0.9999999999999999
FKSG52	-0.9999999999999998
FKSG61	
FKSG68	
FKTN	1.0
FLAD1	-1.0
FLCN	-0.9999999999999999
FLG	
FLG-AS1	1.0
FLG2	
FLI1	-1.0
FLI1-AS1	1.0
FLII	-0.9999999999999998
FLNA	-0.9999999999999998
FLNB	-0.9999999999999999
FLNB-AS1	-1.0
FLNC	-1.0
FLOT1	1.0
FLOT2	-1.0
FLRT1	-0.9999999999999999
FLRT2	-1.0
FLRT3	0.9999999999999998
FLT1	-1.0
FLT1P1	-0.9999999999999998
FLT3	-1.0
FLT3LG	-0.9999999999999998
FLT4	-0.9999999999999998
FLVCR1	0.9999999999999999
FLVCR1-AS1	-1.0
FLVCR2	0.9999999999999998
FLYWCH1	-0.9999999999999998
FLYWCH1P1	
FLYWCH2	1.0
FMN1	1.0
FMN2	-1.0
FMNL1	-1.0
FMNL2	-1.0
FMNL3	-1.0
FMO1	-0.9999999999999999
FMO10P	
FMO11P	
FMO2	-0.9999999999999999
FMO3	-0.9999999999999999
FMO4	0.9999999999999999
FMO5	-0.9999999999999999
FMO6P	-1.0
FMO7P	
FMO8P	
FMO9P	
FMOD	-1.0
FMR1	1.0
FMR1-AS1	0.9999999999999998
FMR1-IT1	1.0
FMR1NB	
FN1	-1.0
FN3K	0.9999999999999998
FN3KRP	-0.9999999999999999
FNBP1	-0.9999999999999998
FNBP1L	-0.9999999999999999
FNBP1P1	1.0
FNBP4	-1.0
FNDC1	-0.9999999999999999
FNDC1-IT1	-1.0
FNDC3A	1.0
FNDC3B	-1.0
FNDC3CP	
FNDC4	-0.9999999999999999
FNDC5	-1.0
FNDC7	0.9999999999999999
FNDC8	-0.9999999999999999
FNDC9	-0.9999999999999998
FNIP1	-1.0
FNIP2	-1.0
FNTA	-0.9999999999999999
FNTAL1	-0.9999999999999998
FNTAP2	-1.0
FNTB	1.0
FOCAD	-1.0
FOLH1	-0.9999999999999998
FOLH1B	0.9999999999999998
FOLR1	-1.0
FOLR2	-0.9999999999999999
FOLR3	-1.0
FOLR4	1.0
FOPNL	-1.0
FOS	-1.0
FOSB	-0.9999999999999998
FOSL1	-1.0
FOSL1P1	
FOSL2	-0.9999999999999999
FOXA1	0.9999999999999999
FOXA2	0.9999999999999999
FOXA3	-0.9999999999999999
FOXB1	1.0
FOXB2	1.0
FOXC1	-0.9999999999999998
FOXC2	0.9999999999999999
FOXD1	-1.0
FOXD2	0.9999999999999999
FOXD2-AS1	1.0
FOXD3	-1.0
FOXD4	0.9999999999999998
FOXD4L1	-1.0
FOXD4L2	
FOXD4L3	
FOXD4L4	
FOXD4L5	
FOXD4L6	1.0
FOXE1	1.0
FOXE3	0.9999999999999999
FOXF1	-0.9999999999999999
FOXF2	-1.0
FOXG1	
FOXH1	1.0
FOXI1	0.9999999999999998
FOXI2	-1.0
FOXI3	1.0
FOXJ1	0.9999999999999998
FOXJ2	-0.9999999999999999
FOXJ3	0.9999999999999999
FOXK1	-0.9999999999999999
FOXK2	-1.0
FOXL1	-1.0
FOXL2	-1.0
FOXM1	1.0
FOXN1	1.0
FOXN2	-1.0
FOXN3	-0.9999999999999998
FOXN3-AS1	-1.0
FOXN3-AS2	-0.9999999999999998
FOXN3P1	-0.9999999999999998
FOXN4	-1.0
FOXO1	-1.0
FOXO1B	
FOXO3	-0.9999999999999998
FOXO3B	-1.0
FOXO4	0.9999999999999999
FOXO6	-0.9999999999999998
FOXP1	-0.9999999999999998
FOXP1-AS1	
FOXP1-IT1	1.0
FOXP2	1.0
FOXP3	-0.9999999999999999
FOXP4	0.9999999999999998
FOXQ1	-1.0
FOXR1	-0.9999999999999998
FOXR2	
FOXRED1	-1.0
FOXRED2	0.9999999999999999
FOXS1	-0.9999999999999998
FPGS	-1.0
FPGT	0.9999999999999998
FPGT-TNNI3K	-0.9999999999999998
FPR1	-1.0
FPR2	-1.0
FPR3	-1.0
FRA10AC1	-0.9999999999999999
FRAS1	1.0
FRAT1	0.9999999999999999
FRAT2	0.9999999999999998
FRDAP	
FREM1	-1.0
FREM2	-0.9999999999999998
FREM2-AS1	
FREM3	-1.0
FRG1	-0.9999999999999998
FRG1B	0.9999999999999999
FRG2	-0.9999999999999998
FRG2B	
FRG2C	1.0
FRK	-1.0
FRMD1	0.9999999999999999
FRMD3	1.0
FRMD4A	-1.0
FRMD4B	-1.0
FRMD5	-1.0
FRMD6	-1.0
FRMD6-AS2	-1.0
FRMD7	
FRMD8	0.9999999999999999
FRMD8P1	-0.9999999999999998
FRMPD1	1.0
FRMPD2	-1.0
FRMPD2P1	
FRMPD2P2	
FRMPD3	0.9999999999999999
FRMPD3-AS1	
FRMPD4	1.0
FRMPD4-AS1	
FRRS1	1.0
FRRS1L	-0.9999999999999998
FRS2	1.0
FRS3	1.0
FRY	-0.9999999999999999
FRY-AS1	-0.9999999999999999
FRYL	0.9999999999999999
FRZB	-0.9999999999999999
FSBP	1.0
FSCB	
FSCN1	-1.0
FSCN2	0.9999999999999999
FSCN3	-1.0
FSD1	0.9999999999999998
FSD1L	-0.9999999999999998
FSD2	0.9999999999999999
FSHB	
FSHR	1.0
FSIP1	-0.9999999999999999
FSIP2	-1.0
FST	-0.9999999999999999
FSTL1	-1.0
FSTL3	-0.9999999999999999
FSTL4	0.9999999999999999
FSTL5	
FTCD	-0.9999999999999998
FTCD-AS1	
FTCDNL1	0.9999999999999999
FTH1	-1.0
FTH1P1	-1.0
FTH1P10	-0.9999999999999998
FTH1P11	-1.0
FTH1P12	-0.9999999999999999
FTH1P14	
FTH1P15	-1.0
FTH1P16	-0.9999999999999998
FTH1P18	
FTH1P19	-1.0
FTH1P2	-1.0
FTH1P20	-1.0
FTH1P21	-1.0
FTH1P22	-1.0
FTH1P23	-0.9999999999999999
FTH1P24	1.0
FTH1P25	1.0
FTH1P26	-0.9999999999999998
FTH1P27	0.9999999999999999
FTH1P3	-0.9999999999999998
FTH1P4	-0.9999999999999999
FTH1P5	-1.0
FTH1P6	
FTH1P7	-1.0
FTH1P8	-0.9999999999999999
FTH1P9	
FTHL17	-0.9999999999999998
FTL	-1.0
FTLP1	-1.0
FTLP10	-0.9999999999999998
FTLP12	-1.0
FTLP13	-0.9999999999999998
FTLP14	1.0
FTLP15	0.9999999999999998
FTLP16	
FTLP17	1.0
FTLP18	1.0
FTLP19	-0.9999999999999998
FTLP2	-1.0
FTLP3	-1.0
FTLP4	
FTLP5	0.9999999999999999
FTLP6	
FTLP8	-0.9999999999999998
FTMT	-0.9999999999999998
FTO	-0.9999999999999999
FTO-IT1	-1.0
FTOP1	-0.9999999999999999
FTSJ1	-1.0
FTSJ2	1.0
FTSJ3	-0.9999999999999998
FTX	-0.9999999999999997
FUBP1	1.0
FUBP3	0.9999999999999998
FUCA1	0.9999999999999999
FUCA1P1	
FUCA2	-0.9999999999999998
FUK	0.9999999999999999
FUNDC1	1.0
FUNDC2	-0.9999999999999997
FUNDC2P2	-0.9999999999999998
FUNDC2P3	
FUNDC2P4	0.9999999999999999
FUOM	0.9999999999999999
FURIN	-0.9999999999999999
FUS	1.0
FUT1	-1.0
FUT10	-1.0
FUT11	-1.0
FUT2	-1.0
FUT3	0.9999999999999999
FUT4	-1.0
FUT5	
FUT6	1.0
FUT7	-1.0
FUT8	-0.9999999999999999
FUT9	
FUZ	1.0
FXN	1.0
FXR1	-1.0
FXR2	-1.0
FXYD1	0.9999999999999999
FXYD2	-1.0
FXYD3	-1.0
FXYD4	-1.0
FXYD5	-1.0
FXYD6	-1.0
FXYD6-FXYD2	
FXYD6P1	
FXYD6P2	
FXYD6P3	
FXYD7	-1.0
FYB	0.9999999999999999
FYCO1	-1.0
FYN	-0.9999999999999999
FYTTD1	-1.0
FYTTD1P1	1.0
FZD1	-1.0
FZD10	-0.9999999999999999
FZD10-AS1	-1.0
FZD2	-1.0
FZD3	-1.0
FZD4	-1.0
FZD5	-0.9999999999999998
FZD6	-1.0
FZD7	-0.9999999999999998
FZD8	1.0
FZD9	0.9999999999999999
FZR1	-0.9999999999999998
G0S2	-0.9999999999999999
G2E3	-1.0
G3BP1	-0.9999999999999999
G3BP2	-1.0
G6PC	-1.0
G6PC2	-1.0
G6PC3	1.0
G6PD	-1.0
GAA	0.9999999999999999
GAB1	-0.9999999999999999
GAB2	1.0
GAB3	1.0
GAB4	1.0
GABARAP	1.0
GABARAPL1	0.9999999999999999
GABARAPL2	1.0
GABARAPL3	-1.0
GABBR1	-0.9999999999999998
GABBR2	1.0
GABPA	-1.0
GABPB1	-1.0
GABPB1-AS1	1.0
GABPB2	0.9999999999999999
GABRA1	-0.9999999999999998
GABRA2	-1.0
GABRA3	-0.9999999999999998
GABRA4	1.0
GABRA5	-1.0
GABRA6	1.0
GABRB1	-1.0
GABRB2	1.0
GABRB3	-1.0
GABRD	-1.0
GABRE	-1.0
GABRG1	-1.0
GABRG2	-1.0
GABRG3	-0.9999999999999997
GABRP	-1.0
GABRQ	-0.9999999999999998
GABRR1	-1.0
GABRR2	-0.9999999999999999
GABRR3	-0.9999999999999998
GACAT1	
GAD1	1.0
GAD2	0.9999999999999998
GADD45A	0.9999999999999999
GADD45B	0.9999999999999998
GADD45G	0.9999999999999999
GADD45GIP1	-1.0
GADL1	0.9999999999999999
GAGE1	
GAGE10	
GAGE12B	
GAGE12C	
GAGE12D	
GAGE12E	
GAGE12F	
GAGE12G	
GAGE12H	
GAGE12I	
GAGE12J	
GAGE13	
GAGE2A	
GAGE2B	
GAGE2C	
GAGE2D	
GAGE2E	
GAK	1.0
GAL	-1.0
GAL3ST1	-0.9999999999999998
GAL3ST2	1.0
GAL3ST3	-1.0
GAL3ST4	-1.0
GALC	-1.0
GALE	-0.9999999999999999
GALK1	-0.9999999999999998
GALK2	1.0
GALM	0.9999999999999999
GALNS	-1.0
GALNT1	-1.0
GALNT10	-0.9999999999999998
GALNT11	-1.0
GALNT12	-1.0
GALNT13	0.9999999999999999
GALNT14	-0.9999999999999999
GALNT15	-0.9999999999999998
GALNT16	-0.9999999999999999
GALNT18	-0.9999999999999999
GALNT2	-1.0
GALNT3	0.9999999999999998
GALNT4	0.9999999999999998
GALNT5	-0.9999999999999999
GALNT6	0.9999999999999999
GALNT7	1.0
GALNT8	1.0
GALNT9	-0.9999999999999998
GALNTL5	-1.0
GALNTL6	-1.0
GALP	-0.9999999999999998
GALR1	-1.0
GALR2	0.9999999999999999
GALR3	1.0
GALT	-0.9999999999999998
GAMT	0.9999999999999999
GAMTP2	
GAN	-1.0
GANAB	-1.0
GANC	1.0
GAP43	-1.0
GAPDH	-0.9999999999999999
GAPDHP1	-0.9999999999999999
GAPDHP14	-1.0
GAPDHP15	
GAPDHP16	-1.0
GAPDHP17	
GAPDHP19	0.9999999999999999
GAPDHP2	0.9999999999999999
GAPDHP20	-1.0
GAPDHP21	1.0
GAPDHP22	-0.9999999999999998
GAPDHP23	-0.9999999999999999
GAPDHP24	1.0
GAPDHP25	-1.0
GAPDHP26	0.9999999999999999
GAPDHP27	-1.0
GAPDHP28	-0.9999999999999998
GAPDHP29	-1.0
GAPDHP31	1.0
GAPDHP32	-1.0
GAPDHP33	-0.9999999999999999
GAPDHP34	
GAPDHP36	-0.9999999999999998
GAPDHP37	-1.0
GAPDHP38	-0.9999999999999998
GAPDHP39	0.9999999999999999
GAPDHP40	-1.0
GAPDHP41	1.0
GAPDHP42	-1.0
GAPDHP44	-0.9999999999999998
GAPDHP45	
GAPDHP46	-1.0
GAPDHP47	-1.0
GAPDHP48	-0.9999999999999998
GAPDHP49	-0.9999999999999998
GAPDHP50	
GAPDHP51	-1.0
GAPDHP52	-0.9999999999999998
GAPDHP53	-0.9999999999999998
GAPDHP54	
GAPDHP55	-1.0
GAPDHP56	
GAPDHP57	
GAPDHP58	-1.0
GAPDHP59	0.9999999999999999
GAPDHP60	-0.9999999999999998
GAPDHP61	0.9999999999999999
GAPDHP62	0.9999999999999999
GAPDHP63	-0.9999999999999999
GAPDHP64	-0.9999999999999999
GAPDHP65	0.9999999999999999
GAPDHP66	1.0
GAPDHP67	0.9999999999999998
GAPDHP68	1.0
GAPDHP69	1.0
GAPDHP70	-1.0
GAPDHP71	-0.9999999999999999
GAPDHP72	-0.9999999999999999
GAPDHP73	-0.9999999999999999
GAPDHS	-1.0
GAPT	-1.0
GAPVD1	-0.9999999999999998
GAR1	0.9999999999999999
GAREM	-0.9999999999999999
GAREML	0.9999999999999999
GARNL3	-1.0
GARS	0.9999999999999999
GART	1.0
GAS1	-1.0
GAS2	-0.9999999999999999
GAS2L1	-0.9999999999999998
GAS2L2	0.9999999999999999
GAS2L3	-1.0
GAS5	-1.0
GAS5-AS1	-1.0
GAS6	0.9999999999999998
GAS6-AS1	-1.0
GAS6-AS2	-0.9999999999999999
GAS7	-1.0
GAS8	1.0
GAST	
GATA1	-0.9999999999999999
GATA2	-1.0
GATA3	-1.0
GATA3-AS1	
GATA4	0.9999999999999998
GATA5	0.9999999999999999
GATA6	1.0
GATA6-AS1	1.0
GATAD1	0.9999999999999998
GATAD2A	1.0
GATAD2B	-1.0
GATC	1.0
GATM	-1.0
GATS	-0.9999999999999999
GATSL1	1.0
GATSL2	-0.9999999999999999
GATSL3	-1.0
GBA	-0.9999999999999999
GBA2	-0.9999999999999998
GBA3	-0.9999999999999999
GBAP1	-0.9999999999999999
GBAS	0.9999999999999999
GBE1	-0.9999999999999999
GBF1	-0.9999999999999999
GBGT1	-0.9999999999999999
GBP1	1.0
GBP1P1	1.0
GBP2	1.0
GBP3	-1.0
GBP4	1.0
GBP5	1.0
GBP6	1.0
GBP7	1.0
GBX1	0.9999999999999998
GBX2	-0.9999999999999998
GC	-1.0
GCA	1.0
GCAT	1.0
GCC1	-0.9999999999999999
GCC2	1.0
GCDH	-1.0
GCFC2	1.0
GCG	1.0
GCGR	-1.0
GCH1	1.0
GCHFR	0.9999999999999998
GCK	1.0
GCKR	-1.0
GCLC	-0.9999999999999998
GCLM	-1.0
GCM1	-0.9999999999999998
GCM2	
GCN1L1	-0.9999999999999998
GCNT1	0.9999999999999999
GCNT1P1	-0.9999999999999998
GCNT1P2	
GCNT1P3	
GCNT1P4	
GCNT1P5	
GCNT2	-0.9999999999999998
GCNT3	-1.0
GCNT4	1.0
GCNT6	1.0
GCNT7	1.0
GCOM1	-0.9999999999999998
GCOM2	-1.0
GCSAM	-1.0
GCSAML	-0.9999999999999999
GCSAML-AS1	-1.0
GCSH	1.0
GCSHP1	1.0
GCSHP2	
GCSHP3	
GCSHP4	
GCSHP5	-0.9999999999999999
GDA	0.9999999999999999
GDAP1	0.9999999999999999
GDAP1L1	-0.9999999999999998
GDAP2	-1.0
GDE1	-0.9999999999999999
GDF1	
GDF10	-1.0
GDF11	-0.9999999999999999
GDF15	0.9999999999999999
GDF2	1.0
GDF3	0.9999999999999998
GDF5	1.0
GDF5OS	
GDF6	-1.0
GDF7	-0.9999999999999998
GDF9	-1.0
GDI1	-1.0
GDI2	-0.9999999999999999
GDI2P1	-1.0
GDI2P2	0.9999999999999999
GDNF	-0.9999999999999999
GDNF-AS1	-0.9999999999999999
GDPD1	-1.0
GDPD2	-1.0
GDPD3	-1.0
GDPD4	0.9999999999999999
GDPD5	-0.9999999999999999
GDPGP1	1.0
GEM	-0.9999999999999999
GEMIN2	0.9999999999999999
GEMIN4	-1.0
GEMIN5	-1.0
GEMIN6	-1.0
GEMIN7	0.9999999999999998
GEMIN8	-1.0
GEMIN8P2	1.0
GEMIN8P3	
GEMIN8P4	0.9999999999999999
GEN1	-1.0
GET4	0.9999999999999999
GFAP	-0.9999999999999999
GFER	-0.9999999999999999
GFI1	1.0
GFI1B	-1.0
GFM1	-0.9999999999999999
GFM2	0.9999999999999999
GFOD1	-1.0
GFOD1-AS1	0.9999999999999998
GFOD2	-1.0
GFPT1	1.0
GFPT2	-1.0
GFRA1	-1.0
GFRA2	1.0
GFRA3	-1.0
GFRA4	
GFRAL	
GGA1	-1.0
GGA2	-0.9999999999999999
GGA3	-1.0
GGACT	1.0
GGCT	0.9999999999999998
GGCX	-1.0
GGH	-1.0
GGN	1.0
GGNBP1	
GGNBP2	-1.0
GGPS1	-1.0
GGT1	-0.9999999999999999
GGT2	1.0
GGT3P	-1.0
GGT5	1.0
GGT6	1.0
GGT7	1.0
GGT8P	1.0
GGTA1P	-0.9999999999999998
GGTA2P	-0.9999999999999998
GGTLC1	1.0
GGTLC2	-1.0
GGTLC3	-0.9999999999999998
GH1	-1.0
GH2	
GHDC	-1.0
GHITM	-0.9999999999999999
GHR	0.9999999999999999
GHRH	-0.9999999999999998
GHRHR	-0.9999999999999998
GHRL	-1.0
GHRLOS	-1.0
GHSR	1.0
GID4	-0.9999999999999999
GID8	-1.0
GIF	0.9999999999999999
GIGYF1	1.0
GIGYF2	1.0
GIMAP1	1.0
GIMAP2	0.9999999999999999
GIMAP4	0.9999999999999998
GIMAP5	0.9999999999999999
GIMAP6	1.0
GIMAP7	1.0
GIMAP8	1.0
GIMD1	1.0
GIN1	1.0
GINM1	-0.9999999999999998
GINS1	0.9999999999999997
GINS2	0.9999999999999999
GINS3	1.0
GINS4	1.0
GIP	0.9999999999999998
GIPC1	0.9999999999999999
GIPC2	-0.9999999999999999
GIPC3	-1.0
GIPR	-0.9999999999999998
GIT1	-1.0
GIT2	0.9999999999999999
GJA1	-1.0
GJA10	-0.9999999999999998
GJA1P1	-1.0
GJA3	-1.0
GJA4	-0.9999999999999998
GJA5	-0.9999999999999998
GJA6P	
GJA8	
GJA9	
GJB1	0.9999999999999999
GJB2	0.9999999999999999
GJB3	-0.9999999999999998
GJB4	-1.0
GJB5	1.0
GJB6	-1.0
GJB7	
GJC1	-1.0
GJC2	1.0
GJC3	0.9999999999999998
GJD2	0.9999999999999998
GJD3	-1.0
GJD4	-0.9999999999999998
GJE1	-0.9999999999999998
GK	0.9999999999999998
GK-AS1	
GK-IT1	-0.9999999999999999
GK2	1.0
GK3P	1.0
GK5	1.0
GKAP1	0.9999999999999999
GKN1	-1.0
GKN2	-1.0
GLA	-0.9999999999999998
GLB1	-1.0
GLB1L	1.0
GLB1L2	-0.9999999999999999
GLB1L3	-1.0
GLCCI1	-1.0
GLCE	-1.0
GLDC	-1.0
GLDCP1	-1.0
GLDN	0.9999999999999999
GLE1	-1.0
GLG1	-1.0
GLI1	-1.0
GLI2	-0.9999999999999998
GLI3	-0.9999999999999999
GLI4	0.9999999999999998
GLIPR1	-1.0
GLIPR1L1	
GLIPR1L2	-0.9999999999999999
GLIPR2	1.0
GLIS1	-0.9999999999999999
GLIS2	-0.9999999999999999
GLIS3	-0.9999999999999999
GLIS3-AS1	-1.0
GLMN	1.0
GLO1	-1.0
GLOD4	-0.9999999999999998
GLOD5	1.0
GLP1R	1.0
GLP2R	-0.9999999999999999
GLRA1	1.0
GLRA2	-1.0
GLRA3	-0.9999999999999998
GLRA4	-1.0
GLRB	-0.9999999999999999
GLRX	-0.9999999999999998
GLRX2	-0.9999999999999998
GLRX3	-0.9999999999999998
GLRX5	1.0
GLRXP	-1.0
GLRXP3	0.9999999999999999
GLS	-0.9999999999999999
GLS2	-0.9999999999999999
GLT1D1	-1.0
GLT6D1	
GLT8D1	1.0
GLT8D2	-0.9999999999999999
GLTP	1.0
GLTPD1	1.0
GLTPD2	1.0
GLTPP1	-0.9999999999999998
GLTSCR1	0.9999999999999999
GLTSCR1L	-0.9999999999999999
GLTSCR2	1.0
GLUD1	-0.9999999999999999
GLUD1P2	-1.0
GLUD1P3	1.0
GLUD1P4	
GLUD1P6	-0.9999999999999998
GLUD1P7	
GLUD1P8	1.0
GLUD1P9	
GLUD2	-1.0
GLUDP5	-0.9999999999999998
GLUL	-1.0
GLULP3	-1.0
GLULP4	0.9999999999999998
GLULP5	
GLULP6	
GLYAT	
GLYATL1	-0.9999999999999999
GLYATL1P1	
GLYATL1P2	-0.9999999999999998
GLYATL1P3	
GLYATL1P4	1.0
GLYATL2	-1.0
GLYATL3	0.9999999999999999
GLYCAM1	
GLYCTK	0.9999999999999999
GLYCTK-AS1	-1.0
GLYR1	1.0
GM2A	0.9999999999999998
GM2AP1	-0.9999999999999998
GM2AP2	
GMCL1	-0.9999999999999998
GMCL1P1	-0.9999999999999999
GMDS	1.0
GMDS-AS1	-1.0
GMEB1	-0.9999999999999998
GMEB2	1.0
GMFB	0.9999999999999999
GMFBP1	-1.0
GMFG	-0.9999999999999999
GMIP	1.0
GML	
GMNC	
GMNN	1.0
GMPPA	1.0
GMPPB	
GMPR	1.0
GMPR2	1.0
GMPS	-1.0
GMPSP1	1.0
GNA11	1.0
GNA12	-0.9999999999999999
GNA13	-1.0
GNA14	-0.9999999999999999
GNA15	-0.9999999999999999
GNAI1	-1.0
GNAI2	-0.9999999999999998
GNAI2P1	-0.9999999999999998
GNAI2P2	1.0
GNAI3	-1.0
GNAL	-0.9999999999999999
GNAO1	-0.9999999999999998
GNAQ	-1.0
GNAQP1	-1.0
GNAS	-0.9999999999999999
GNAS-AS1	-1.0
GNAT1	1.0
GNAT2	0.9999999999999999
GNAT3	0.9999999999999999
GNAZ	1.0
GNB1	-0.9999999999999999
GNB1L	-0.9999999999999999
GNB2	0.9999999999999999
GNB2L1	-0.9999999999999999
GNB3	-0.9999999999999999
GNB4	-1.0
GNB5	-1.0
GNE	1.0
GNG10	1.0
GNG11	-0.9999999999999999
GNG12	0.9999999999999999
GNG12-AS1	-0.9999999999999998
GNG13	1.0
GNG2	-1.0
GNG3	-1.0
GNG4	-0.9999999999999999
GNG5	1.0
GNG5P1	
GNG5P2	0.9999999999999999
GNG5P3	1.0
GNG5P5	
GNG7	-0.9999999999999998
GNG8	-0.9999999999999999
GNGT1	0.9999999999999998
GNGT2	1.0
GNL1	-1.0
GNL2	-0.9999999999999999
GNL3	1.0
GNL3L	-1.0
GNL3LP1	0.9999999999999999
GNLY	0.9999999999999998
GNMT	-1.0
GNPAT	-1.0
GNPATP	
GNPDA1	-0.9999999999999999
GNPDA2	-1.0
GNPNAT1	-1.0
GNPTAB	1.0
GNPTG	-1.0
GNRH1	-0.9999999999999999
GNRH2	-0.9999999999999998
GNRHR	-0.9999999999999998
GNRHR2	0.9999999999999999
GNRHR2P1	
GNS	0.9999999999999998
GOLGA1	-0.9999999999999999
GOLGA2	0.9999999999999998
GOLGA2B	-1.0
GOLGA2P1	-0.9999999999999998
GOLGA2P2Y	
GOLGA2P3Y	
GOLGA2P4	-1.0
GOLGA2P6	
GOLGA3	-1.0
GOLGA4	0.9999999999999999
GOLGA5	1.0
GOLGA5P1	0.9999999999999999
GOLGA6A	1.0
GOLGA6B	-0.9999999999999998
GOLGA6C	-1.0
GOLGA6D	
GOLGA6L1	1.0
GOLGA6L10	-0.9999999999999999
GOLGA6L11P	
GOLGA6L16P	
GOLGA6L2	-1.0
GOLGA6L3	-1.0
GOLGA6L4	-0.9999999999999999
GOLGA6L5	1.0
GOLGA6L6	1.0
GOLGA6L7P	
GOLGA6L9	-0.9999999999999998
GOLGA7	-0.9999999999999999
GOLGA7B	1.0
GOLGA8A	-1.0
GOLGA8B	-1.0
GOLGA8CP	
GOLGA8DP	1.0
GOLGA8EP	-0.9999999999999998
GOLGA8F	-0.9999999999999998
GOLGA8G	-0.9999999999999998
GOLGA8H	-0.9999999999999998
GOLGA8I	0.9999999999999999
GOLGA8J	1.0
GOLGA8K	-0.9999999999999998
GOLGA8M	-1.0
GOLGA8N	-1.0
GOLGA8O	0.9999999999999999
GOLGA8Q	1.0
GOLGA8R	0.9999999999999998
GOLGA8S	-0.9999999999999998
GOLGA8T	-1.0
GOLGA8UP	0.9999999999999998
GOLGB1	0.9999999999999998
GOLIM4	1.0
GOLM1	0.9999999999999999
GOLPH3	-0.9999999999999998
GOLPH3L	0.9999999999999999
GOLT1A	0.9999999999999999
GOLT1B	-1.0
GON4L	-0.9999999999999998
GOPC	-1.0
GORAB	1.0
GORASP1	1.0
GORASP2	0.9999999999999999
GOSR1	0.9999999999999999
GOSR2	0.9999999999999999
GOT1	-0.9999999999999999
GOT1L1	-0.9999999999999998
GOT2	-0.9999999999999999
GOT2P1	
GOT2P2	-0.9999999999999998
GOT2P3	0.9999999999999999
GOT2P5	
GP1BA	-1.0
GP1BB	
GP2	1.0
GP5	-0.9999999999999998
GP6	-0.9999999999999999
GP9	1.0
GPA33	0.9999999999999998
GPAA1	0.9999999999999999
GPAA1P1	
GPALPP1	1.0
GPAM	-1.0
GPANK1	0.9999999999999998
GPAT2	1.0
GPATCH1	-1.0
GPATCH11	-1.0
GPATCH2	-0.9999999999999999
GPATCH2L	-0.9999999999999998
GPATCH3	-0.9999999999999998
GPATCH4	-0.9999999999999998
GPATCH8	0.9999999999999999
GPBAR1	0.9999999999999999
GPBP1	-0.9999999999999998
GPBP1L1	1.0
GPC1	-0.9999999999999999
GPC2	0.9999999999999999
GPC3	1.0
GPC4	0.9999999999999999
GPC5	1.0
GPC5-AS1	
GPC5-AS2	
GPC5-IT1	1.0
GPC6	-0.9999999999999999
GPC6-AS1	-0.9999999999999998
GPC6-AS2	
GPCPD1	1.0
GPD1	0.9999999999999998
GPD1L	-1.0
GPD2	1.0
GPER1	0.9999999999999998
GPHA2	-0.9999999999999998
GPHB5	
GPHN	-1.0
GPI	-0.9999999999999999
GPIHBP1	0.9999999999999998
GPKOW	-0.9999999999999999
GPLD1	0.9999999999999999
GPM6A	-1.0
GPM6B	-1.0
GPM6BP1	
GPM6BP2	
GPM6BP3	
GPN1	-1.0
GPN2	-1.0
GPN3	-0.9999999999999999
GPN3P1	
GPNMB	-0.9999999999999998
GPR1	-1.0
GPR101	1.0
GPR107	1.0
GPR108	-0.9999999999999999
GPR110	0.9999999999999998
GPR111	-0.9999999999999998
GPR112	1.0
GPR113	1.0
GPR114	-0.9999999999999998
GPR115	-0.9999999999999999
GPR116	-0.9999999999999998
GPR119	1.0
GPR12	0.9999999999999999
GPR123	1.0
GPR124	-1.0
GPR125	1.0
GPR126	-1.0
GPR128	1.0
GPR132	-1.0
GPR133	0.9999999999999999
GPR135	-1.0
GPR137	0.9999999999999999
GPR137B	1.0
GPR137C	-0.9999999999999998
GPR139	1.0
GPR141	1.0
GPR142	0.9999999999999999
GPR143	1.0
GPR143P	
GPR144	
GPR146	-0.9999999999999999
GPR148	0.9999999999999999
GPR149	-0.9999999999999998
GPR15	0.9999999999999999
GPR150	1.0
GPR151	
GPR152	-0.9999999999999998
GPR153	-0.9999999999999998
GPR155	-1.0
GPR156	-1.0
GPR157	-1.0
GPR158	-0.9999999999999999
GPR158-AS1	-0.9999999999999998
GPR160	-0.9999999999999999
GPR161	-0.9999999999999999
GPR162	-1.0
GPR17	-0.9999999999999999
GPR171	1.0
GPR173	-1.0
GPR174	0.9999999999999998
GPR176	-1.0
GPR179	1.0
GPR18	-0.9999999999999999
GPR180	-0.9999999999999999
GPR182	-0.9999999999999999
GPR183	-1.0
GPR19	-0.9999999999999999
GPR20	-1.0
GPR21	-0.9999999999999999
GPR22	-1.0
GPR25	-1.0
GPR26	-1.0
GPR27	-1.0
GPR3	-1.0
GPR31	0.9999999999999998
GPR32	
GPR32P1	
GPR33	-1.0
GPR34	-1.0
GPR35	-0.9999999999999998
GPR37	0.9999999999999999
GPR37L1	1.0
GPR39	-0.9999999999999998
GPR4	-0.9999999999999998
GPR42	-0.9999999999999999
GPR45	1.0
GPR50	
GPR50-AS1	
GPR52	-0.9999999999999998
GPR53P	
GPR55	0.9999999999999999
GPR56	-0.9999999999999998
GPR6	
GPR61	-1.0
GPR62	-1.0
GPR63	-1.0
GPR64	-1.0
GPR65	-0.9999999999999999
GPR68	-1.0
GPR75	-1.0
GPR75-ASB3	-1.0
GPR78	-0.9999999999999998
GPR79	
GPR82	1.0
GPR83	-1.0
GPR84	0.9999999999999999
GPR85	-0.9999999999999998
GPR87	-0.9999999999999999
GPR88	-1.0
GPR89A	-0.9999999999999998
GPR89B	-1.0
GPR89C	-1.0
GPR97	-1.0
GPR98	0.9999999999999999
GPRASP1	-0.9999999999999998
GPRASP2	1.0
GPRC5A	-0.9999999999999998
GPRC5B	-1.0
GPRC5C	0.9999999999999999
GPRC5D	-0.9999999999999999
GPRC6A	1.0
GPRIN1	-0.9999999999999999
GPRIN2	-0.9999999999999998
GPRIN3	0.9999999999999998
GPS1	-0.9999999999999999
GPS2	-1.0
GPSM1	-1.0
GPSM2	0.9999999999999998
GPSM3	-1.0
GPT	0.9999999999999999
GPT2	-0.9999999999999998
GPX1	1.0
GPX1P1	1.0
GPX1P2	1.0
GPX2	0.9999999999999999
GPX3	1.0
GPX4	-1.0
GPX5	
GPX6	
GPX7	-0.9999999999999999
GPX8	-1.0
GRAMD1A	-0.9999999999999998
GRAMD1B	0.9999999999999998
GRAMD1C	1.0
GRAMD2	1.0
GRAMD3	0.9999999999999999
GRAMD4	1.0
GRAMD4P1	-0.9999999999999998
GRAMD4P2	
GRAMD4P3	
GRAMD4P4	
GRAMD4P5	
GRAMD4P6	
GRAMD4P7	
GRAMD4P8	0.9999999999999999
GRAP	-0.9999999999999999
GRAP2	-0.9999999999999999
GRAPL	0.9999999999999999
GRASP	-1.0
GRB10	-0.9999999999999999
GRB14	0.9999999999999998
GRB2	-0.9999999999999999
GRB7	1.0
GREB1	-1.0
GREB1L	0.9999999999999999
GREM1	-0.9999999999999999
GREM2	-0.9999999999999999
GRHL1	-0.9999999999999999
GRHL2	1.0
GRHL3	-0.9999999999999999
GRHPR	-1.0
GRIA1	-0.9999999999999999
GRIA2	-0.9999999999999999
GRIA3	-1.0
GRIA4	0.9999999999999998
GRID1	-0.9999999999999999
GRID2	-1.0
GRID2IP	1.0
GRIFIN	
GRIK1	-0.9999999999999999
GRIK1-AS1	0.9999999999999998
GRIK1-AS2	
GRIK2	1.0
GRIK3	-0.9999999999999999
GRIK4	-1.0
GRIK5	-0.9999999999999998
GRIN1	-1.0
GRIN2A	1.0
GRIN2B	-1.0
GRIN2C	0.9999999999999999
GRIN2D	0.9999999999999999
GRIN3A	1.0
GRIN3B	-0.9999999999999998
GRINA	0.9999999999999998
GRIP1	1.0
GRIP2	1.0
GRIPAP1	1.0
GRK1	1.0
GRK4	-1.0
GRK5	-1.0
GRK6	-0.9999999999999999
GRK6P1	-0.9999999999999998
GRK7	0.9999999999999999
GRM1	1.0
GRM2	-0.9999999999999998
GRM3	-0.9999999999999999
GRM4	0.9999999999999999
GRM5	-0.9999999999999998
GRM5-AS1	-1.0
GRM6	1.0
GRM7	0.9999999999999999
GRM7-AS1	
GRM7-AS2	
GRM7-AS3	
GRM8	-1.0
GRN	-0.9999999999999999
GRP	1.0
GRPEL1	-0.9999999999999999
GRPEL2	-1.0
GRPEL2-AS1	1.0
GRPEL2P1	
GRPEL2P2	
GRPEL2P3	
GRPR	-0.9999999999999998
GRSF1	-0.9999999999999999
GRTP1	1.0
GRTP1-AS1	-1.0
GRWD1	-1.0
GRXCR1	
GRXCR2	
GSAP	1.0
GSC	1.0
GSC2	1.0
GSDMA	-0.9999999999999998
GSDMB	0.9999999999999998
GSDMC	-0.9999999999999999
GSDMD	1.0
GSE1	1.0
GSG1	1.0
GSG1L	-1.0
GSG2	-0.9999999999999999
GSK3A	-1.0
GSK3B	0.9999999999999999
GSKIP	0.9999999999999999
GSN	-0.9999999999999999
GSN-AS1	-1.0
GSPT1	-0.9999999999999999
GSPT2	-0.9999999999999999
GSR	-1.0
GSS	1.0
GSTA1	-1.0
GSTA2	-1.0
GSTA3	-0.9999999999999998
GSTA4	0.9999999999999999
GSTA5	-0.9999999999999998
GSTA6P	
GSTA7P	-1.0
GSTCD	-1.0
GSTK1	0.9999999999999999
GSTM1	-1.0
GSTM2	-0.9999999999999999
GSTM2P1	1.0
GSTM3	-1.0
GSTM3P1	
GSTM3P2	
GSTM4	-1.0
GSTM5	-1.0
GSTM5P1	-1.0
GSTO1	0.9999999999999999
GSTO2	0.9999999999999999
GSTO3P	1.0
GSTP1	0.9999999999999998
GSTP1P1	1.0
GSTT1	-1.0
GSTT2	1.0
GSTT2B	0.9999999999999998
GSTTP1	
GSTTP2	-0.9999999999999998
GSTZ1	-1.0
GSX1	-0.9999999999999998
GSX2	-1.0
GTDC1	-1.0
GTF2A1	-1.0
GTF2A1L	1.0
GTF2A2	0.9999999999999999
GTF2B	1.0
GTF2E1	-1.0
GTF2E2	-0.9999999999999998
GTF2F1	1.0
GTF2F2	-1.0
GTF2F2P1	0.9999999999999999
GTF2F2P2	
GTF2H1	1.0
GTF2H2	-0.9999999999999999
GTF2H2B	-1.0
GTF2H2C	1.0
GTF2H3	0.9999999999999999
GTF2H4	1.0
GTF2H5	-0.9999999999999998
GTF2I	-1.0
GTF2IP1	1.0
GTF2IP2	
GTF2IP3	
GTF2IRD1	-0.9999999999999998
GTF2IRD1P1	-1.0
GTF2IRD2	-0.9999999999999998
GTF2IRD2B	-1.0
GTF2IRD2P1	-0.9999999999999998
GTF3A	-0.9999999999999996
GTF3C1	-0.9999999999999999
GTF3C2	-1.0
GTF3C3	-1.0
GTF3C4	1.0
GTF3C5	-1.0
GTF3C6	1.0
GTPBP1	1.0
GTPBP10	0.9999999999999999
GTPBP2	-0.9999999999999997
GTPBP3	-0.9999999999999998
GTPBP4	-1.0
GTPBP6	0.9999999999999998
GTPBP8	-0.9999999999999999
GTSCR1	1.0
GTSE1	-1.0
GTSF1	0.9999999999999998
GTSF1L	0.9999999999999999
GUCA1A	1.0
GUCA1B	-0.9999999999999998
GUCA1C	-0.9999999999999998
GUCA2A	-1.0
GUCA2B	-0.9999999999999998
GUCD1	0.9999999999999998
GUCY1A2	-1.0
GUCY1A3	-0.9999999999999998
GUCY1B2	1.0
GUCY1B3	-0.9999999999999999
GUCY2C	1.0
GUCY2D	-1.0
GUCY2EP	
GUCY2F	0.9999999999999999
GUCY2GP	0.9999999999999999
GUF1	0.9999999999999998
GUK1	1.0
GULOP	0.9999999999999998
GULP1	-0.9999999999999999
GUSB	-0.9999999999999998
GUSBP1	-1.0
GUSBP10	
GUSBP11	
GUSBP12	
GUSBP2	0.9999999999999999
GUSBP3	1.0
GUSBP4	0.9999999999999999
GUSBP5	0.9999999999999999
GUSBP6	-1.0
GUSBP8	-0.9999999999999998
GUSBP9	-1.0
GVINP1	1.0
GVINP2	-0.9999999999999998
GXYLT1	0.9999999999999998
GXYLT1P1	
GXYLT1P2	
GXYLT2	-1.0
GYG1	1.0
GYG1P1	0.9999999999999999
GYG1P2	
GYG1P3	1.0
GYG2	-1.0
GYG2-AS1	
GYG2P1	0.9999999999999998
GYLTL1B	-0.9999999999999999
GYPA	-0.9999999999999998
GYPB	
GYPC	-0.9999999999999999
GYPE	-1.0
GYS1	-1.0
GYS2	-1.0
GZF1	-1.0
GZMA	1.0
GZMAP1	
GZMB	0.9999999999999999
GZMH	1.0
GZMK	-1.0
GZMM	0.9999999999999999
H19	-1.0
H1F0	1.0
H1FNT	
H1FOO	1.0
H1FX	0.9999999999999998
H1FX-AS1	-0.9999999999999998
H2AFB1	-0.9999999999999998
H2AFB2	
H2AFB3	
H2AFJ	0.9999999999999999
H2AFV	-0.9999999999999999
H2AFX	1.0
H2AFY	-0.9999999999999998
H2AFY2	1.0
H2AFZ	1.0
H2AFZP1	0.9999999999999999
H2AFZP3	0.9999999999999998
H2AFZP4	1.0
H2AFZP5	-1.0
H2AFZP6	1.0
H2BFM	-0.9999999999999998
H2BFS	-0.9999999999999999
H2BFWT	-0.9999999999999998
H2BFXP	
H3F3A	1.0
H3F3AP1	
H3F3AP3	0.9999999999999999
H3F3AP4	0.9999999999999998
H3F3AP5	0.9999999999999999
H3F3AP6	1.0
H3F3B	-0.9999999999999998
H3F3BP1	-1.0
H3F3BP2	
H3F3C	-1.0
H6PD	-0.9999999999999999
HAAO	1.0
HABP2	-1.0
HABP4	-1.0
HACE1	1.0
HACL1	-1.0
HADH	-1.0
HADHA	1.0
HADHAP1	0.9999999999999998
HADHB	0.9999999999999999
HAGH	-0.9999999999999999
HAGHL	0.9999999999999999
HAL	-0.9999999999999999
HAMP	-1.0
HAND1	1.0
HAND2	-0.9999999999999999
HAND2-AS1	-1.0
HAO1	-1.0
HAO2	0.9999999999999998
HAO2-IT1	
HAP1	-1.0
HAPLN1	0.9999999999999999
HAPLN2	-1.0
HAPLN3	-1.0
HAPLN4	
HAR1A	0.9999999999999999
HAR1B	-0.9999999999999998
HARBI1	1.0
HARS	-0.9999999999999998
HARS2	0.9999999999999999
HAS1	-0.9999999999999999
HAS2	-1.0
HAS2-AS1	-0.9999999999999998
HAS3	-0.9999999999999998
HAT1	-1.0
HAUS1	1.0
HAUS1P1	1.0
HAUS1P2	1.0
HAUS1P3	
HAUS2	-0.9999999999999999
HAUS3	-0.9999999999999999
HAUS4	1.0
HAUS4P1	1.0
HAUS5	0.9999999999999999
HAUS6	-1.0
HAUS6P1	-0.9999999999999998
HAUS6P2	
HAUS7	1.0
HAUS8	-0.9999999999999998
HAUS8P1	
HAVCR1	1.0
HAVCR1P1	
HAVCR2	-1.0
HAX1	-1.0
HBA1	-0.9999999999999998
HBA2	1.0
HBB	-1.0
HBBP1	-0.9999999999999998
HBD	-0.9999999999999999
HBE1	-0.9999999999999998
HBEGF	-1.0
HBG1	
HBG2	1.0
HBM	
HBP1	1.0
HBQ1	
HBS1L	-0.9999999999999998
HBZ	
HBZP1	
HCAR1	1.0
HCAR2	-1.0
HCAR3	-0.9999999999999998
HCCAT3	-1.0
HCCAT5	
HCCS	1.0
HCFC1	-1.0
HCFC1-AS1	0.9999999999999999
HCFC1R1	-1.0
HCFC2	-0.9999999999999998
HCFC2P1	
HCG11	1.0
HCG14	1.0
HCG15	1.0
HCG16	1.0
HCG17	-1.0
HCG18	-0.9999999999999999
HCG19P	
HCG20	-0.9999999999999998
HCG21	1.0
HCG22	1.0
HCG23	-1.0
HCG24	-1.0
HCG25	-1.0
HCG27	0.9999999999999999
HCG4	-1.0
HCG4B	0.9999999999999998
HCG4P11	1.0
HCG4P3	1.0
HCG4P5	1.0
HCG4P7	0.9999999999999999
HCG4P8	
HCG9	0.9999999999999999
HCG9P5	
HCK	0.9999999999999998
HCLS1	-1.0
HCN1	1.0
HCN2	-1.0
HCN3	1.0
HCN4	1.0
HCP5	0.9999999999999998
HCRT	-0.9999999999999998
HCRTR1	0.9999999999999999
HCRTR2	-0.9999999999999998
HCST	1.0
HDAC1	-1.0
HDAC10	-1.0
HDAC11	0.9999999999999999
HDAC11-AS1	1.0
HDAC1P1	-0.9999999999999998
HDAC1P2	-0.9999999999999998
HDAC2	0.9999999999999999
HDAC3	0.9999999999999998
HDAC4	0.9999999999999998
HDAC5	-0.9999999999999998
HDAC6	-0.9999999999999998
HDAC7	-1.0
HDAC8	1.0
HDAC9	-1.0
HDC	-1.0
HDDC2	0.9999999999999999
HDDC3	0.9999999999999999
HDGF	1.0
HDGFL1	-0.9999999999999998
HDGFP1	1.0
HDGFRP2	0.9999999999999999
HDGFRP3	-0.9999999999999999
HDHD1	-0.9999999999999999
HDHD1P1	
HDHD1P2	
HDHD1P3	1.0
HDHD2	1.0
HDHD3	1.0
HDLBP	-0.9999999999999998
HDX	1.0
HEATR1	0.9999999999999999
HEATR2	0.9999999999999999
HEATR3	-0.9999999999999998
HEATR4	0.9999999999999998
HEATR5A	-0.9999999999999999
HEATR5B	-1.0
HEATR6	-0.9999999999999998
HEBP1	-1.0
HEBP2	1.0
HECA	-0.9999999999999999
HECTD1	-1.0
HECTD2	-0.9999999999999999
HECTD3	-1.0
HECTD4	-0.9999999999999999
HECW1	-1.0
HECW1-IT1	
HECW2	-1.0
HEG1	-0.9999999999999999
HELB	0.9999999999999998
HELLS	-0.9999999999999998
HELQ	-1.0
HELT	
HELZ	0.9999999999999999
HELZ2	1.0
HEMGN	-0.9999999999999999
HEMK1	-0.9999999999999999
HENMT1	1.0
HEPACAM	-1.0
HEPACAM2	1.0
HEPH	-1.0
HEPHL1	-0.9999999999999998
HEPN1	
HERC1	-0.9999999999999998
HERC2	1.0
HERC2P10	-0.9999999999999998
HERC2P2	-0.9999999999999999
HERC2P3	0.9999999999999998
HERC2P4	-0.9999999999999999
HERC2P5	-1.0
HERC2P7	-1.0
HERC2P8	-1.0
HERC2P9	-1.0
HERC3	-0.9999999999999999
HERC4	-1.0
HERC5	0.9999999999999999
HERC6	1.0
HERPUD1	-0.9999999999999998
HERPUD2	1.0
HES1	1.0
HES2	1.0
HES3	-0.9999999999999998
HES4	0.9999999999999999
HES5	-0.9999999999999999
HES6	1.0
HES7	-0.9999999999999998
HESX1	0.9999999999999999
HEXA	0.9999999999999999
HEXA-AS1	0.9999999999999998
HEXB	-0.9999999999999999
HEXDC	-0.9999999999999999
HEXIM1	1.0
HEXIM2	-1.0
HEY1	-1.0
HEY2	-0.9999999999999997
HEYL	-0.9999999999999999
HFE	1.0
HFE2	
HFM1	-1.0
HGD	-0.9999999999999998
HGF	-0.9999999999999998
HGFAC	-1.0
HGS	1.0
HGSNAT	-0.9999999999999999
HHAT	-0.9999999999999999
HHATL	-0.9999999999999999
HHATL-AS1	-0.9999999999999998
HHEX	-1.0
HHIP	-1.0
HHIP-AS1	-1.0
HHIPL1	-1.0
HHIPL2	-1.0
HHLA1	1.0
HHLA2	1.0
HHLA3	-0.9999999999999999
HIAT1	-0.9999999999999999
HIATL1	-0.9999999999999998
HIATL2	-1.0
HIBADH	-1.0
HIBCH	1.0
HIC1	0.9999999999999998
HIC2	-1.0
HID1	-0.9999999999999999
HIF1A	-1.0
HIF1A-AS1	-1.0
HIF1A-AS2	-1.0
HIF1AN	-0.9999999999999999
HIF1AP1	
HIF3A	1.0
HIGD1A	-0.9999999999999999
HIGD1AP1	-1.0
HIGD1AP10	-0.9999999999999999
HIGD1AP11	
HIGD1AP12	-1.0
HIGD1AP13	
HIGD1AP14	1.0
HIGD1AP15	
HIGD1AP16	-1.0
HIGD1AP17	
HIGD1AP18	
HIGD1AP2	
HIGD1AP3	
HIGD1AP4	1.0
HIGD1AP5	-0.9999999999999998
HIGD1AP6	
HIGD1AP8	
HIGD1AP9	
HIGD1B	-0.9999999999999999
HIGD1C	0.9999999999999999
HIGD2A	1.0
HIGD2B	0.9999999999999998
HILPDA	0.9999999999999999
HILS1	-0.9999999999999998
HIN1L	-1.0
HINFP	-0.9999999999999999
HINT1	1.0
HINT1P1	-1.0
HINT2	0.9999999999999998
HINT3	0.9999999999999998
HIP1	-1.0
HIP1R	1.0
HIPK1	-1.0
HIPK2	-1.0
HIPK3	-0.9999999999999999
HIPK4	0.9999999999999999
HIRA	1.0
HIRAP1	-0.9999999999999998
HIRIP3	-0.9999999999999998
HIST1H1A	-0.9999999999999998
HIST1H1B	-0.9999999999999998
HIST1H1C	-0.9999999999999999
HIST1H1D	-1.0
HIST1H1E	-0.9999999999999999
HIST1H1PS1	1.0
HIST1H1PS2	
HIST1H1T	
HIST1H2AA	-0.9999999999999998
HIST1H2AB	1.0
HIST1H2AC	-0.9999999999999999
HIST1H2AD	
HIST1H2AE	-0.9999999999999999
HIST1H2AG	-0.9999999999999999
HIST1H2AH	-0.9999999999999997
HIST1H2AI	-0.9999999999999998
HIST1H2AJ	-0.9999999999999999
HIST1H2AK	-1.0
HIST1H2AL	-0.9999999999999999
HIST1H2AM	1.0
HIST1H2APS1	
HIST1H2APS2	
HIST1H2APS3	1.0
HIST1H2APS4	1.0
HIST1H2APS6	
HIST1H2BA	
HIST1H2BB	-0.9999999999999998
HIST1H2BC	-1.0
HIST1H2BD	-0.9999999999999998
HIST1H2BE	-0.9999999999999999
HIST1H2BF	-1.0
HIST1H2BG	-0.9999999999999999
HIST1H2BH	-0.9999999999999999
HIST1H2BI	-1.0
HIST1H2BJ	-0.9999999999999998
HIST1H2BK	-0.9999999999999998
HIST1H2BL	-1.0
HIST1H2BM	-1.0
HIST1H2BN	-0.9999999999999999
HIST1H2BO	1.0
HIST1H2BPS1	
HIST1H2BPS2	-0.9999999999999998
HIST1H2BPS3	1.0
HIST1H3A	-1.0
HIST1H3B	-0.9999999999999998
HIST1H3C	-0.9999999999999998
HIST1H3D	0.9999999999999999
HIST1H3E	1.0
HIST1H3F	-1.0
HIST1H3G	-0.9999999999999999
HIST1H3H	-1.0
HIST1H3I	-0.9999999999999999
HIST1H3J	-1.0
HIST1H3PS1	-0.9999999999999999
HIST1H4A	-0.9999999999999999
HIST1H4B	-1.0
HIST1H4C	-0.9999999999999998
HIST1H4D	-1.0
HIST1H4E	-0.9999999999999998
HIST1H4F	-1.0
HIST1H4G	1.0
HIST1H4H	-0.9999999999999999
HIST1H4I	-0.9999999999999999
HIST1H4J	1.0
HIST1H4K	0.9999999999999999
HIST1H4L	-1.0
HIST1H4PS1	1.0
HIST2H2AA3	-0.9999999999999998
HIST2H2AA4	
HIST2H2AB	-0.9999999999999998
HIST2H2AC	0.9999999999999999
HIST2H2BA	1.0
HIST2H2BB	-1.0
HIST2H2BC	0.9999999999999999
HIST2H2BD	0.9999999999999999
HIST2H2BE	1.0
HIST2H2BF	-1.0
HIST2H3A	-1.0
HIST2H3C	-0.9999999999999998
HIST2H3D	-0.9999999999999999
HIST2H3DP1	1.0
HIST2H3PS2	
HIST2H4A	-0.9999999999999998
HIST2H4B	1.0
HIST3H2A	1.0
HIST3H2BA	-1.0
HIST3H2BB	1.0
HIST3H3	-0.9999999999999998
HIST4H4	1.0
HIVEP1	-0.9999999999999999
HIVEP2	-1.0
HIVEP3	-1.0
HJURP	0.9999999999999999
HK1	-1.0
HK2	1.0
HK2P1	-1.0
HK3	1.0
HKDC1	1.0
HKR1	-1.0
HLA-A	0.9999999999999998
HLA-B	0.9999999999999999
HLA-C	1.0
HLA-DMA	1.0
HLA-DMB	1.0
HLA-DOA	0.9999999999999998
HLA-DOB	-0.9999999999999999
HLA-DPA1	1.0
HLA-DPA2	-0.9999999999999998
HLA-DPA3	1.0
HLA-DPB1	0.9999999999999998
HLA-DPB2	0.9999999999999999
HLA-DQA1	0.9999999999999999
HLA-DQA2	-1.0
HLA-DQB1	0.9999999999999999
HLA-DQB1-AS1	-0.9999999999999998
HLA-DQB2	-0.9999999999999998
HLA-DQB3	
HLA-DRA	1.0
HLA-DRB1	0.9999999999999998
HLA-DRB5	-1.0
HLA-DRB6	-1.0
HLA-DRB9	1.0
HLA-E	0.9999999999999999
HLA-F	1.0
HLA-F-AS1	-0.9999999999999999
HLA-G	-0.9999999999999998
HLA-H	1.0
HLA-J	0.9999999999999999
HLA-K	0.9999999999999999
HLA-L	0.9999999999999999
HLA-N	-0.9999999999999998
HLA-P	1.0
HLA-S	-1.0
HLA-T	-1.0
HLA-U	0.9999999999999999
HLA-V	-0.9999999999999999
HLA-W	-0.9999999999999998
HLA-Z	0.9999999999999999
HLCS	-1.0
HLCS-IT1	1.0
HLF	-1.0
HLFP1	-0.9999999999999998
HLTF	1.0
HLTF-AS1	
HLX	-1.0
HM13	-0.9999999999999999
HM13-AS1	-0.9999999999999998
HM13-IT1	0.9999999999999998
HMBOX1	-1.0
HMBOX1-IT1	
HMBS	1.0
HMCES	-1.0
HMCN1	-0.9999999999999999
HMCN2	0.9999999999999999
HMG20A	-1.0
HMG20B	1.0
HMGA1	-1.0
HMGA1P1	1.0
HMGA1P2	0.9999999999999999
HMGA1P3	-1.0
HMGA1P4	-1.0
HMGA1P5	
HMGA1P6	
HMGA1P7	1.0
HMGA1P8	-1.0
HMGA2	0.9999999999999999
HMGB1	0.9999999999999999
HMGB1P1	1.0
HMGB1P10	-1.0
HMGB1P11	-1.0
HMGB1P12	-0.9999999999999998
HMGB1P13	-1.0
HMGB1P14	-0.9999999999999998
HMGB1P15	
HMGB1P16	-1.0
HMGB1P17	-0.9999999999999998
HMGB1P18	
HMGB1P19	-0.9999999999999998
HMGB1P20	-1.0
HMGB1P21	1.0
HMGB1P22	
HMGB1P23	
HMGB1P24	1.0
HMGB1P25	-0.9999999999999998
HMGB1P26	1.0
HMGB1P27	-0.9999999999999998
HMGB1P28	1.0
HMGB1P29	
HMGB1P3	0.9999999999999999
HMGB1P30	
HMGB1P31	0.9999999999999998
HMGB1P32	1.0
HMGB1P35	
HMGB1P36	
HMGB1P37	0.9999999999999999
HMGB1P38	1.0
HMGB1P39	-0.9999999999999998
HMGB1P4	1.0
HMGB1P41	-1.0
HMGB1P42	
HMGB1P44	
HMGB1P45	
HMGB1P46	
HMGB1P47	
HMGB1P48	
HMGB1P5	-0.9999999999999999
HMGB1P7	-1.0
HMGB1P8	1.0
HMGB1P9	0.9999999999999999
HMGB2	0.9999999999999998
HMGB2P1	1.0
HMGB3	1.0
HMGB3P1	
HMGB3P10	-0.9999999999999998
HMGB3P11	
HMGB3P12	
HMGB3P13	-0.9999999999999998
HMGB3P14	
HMGB3P15	
HMGB3P16	
HMGB3P17	
HMGB3P18	
HMGB3P19	
HMGB3P2	1.0
HMGB3P20	-1.0
HMGB3P21	-0.9999999999999998
HMGB3P22	-0.9999999999999998
HMGB3P23	
HMGB3P24	-0.9999999999999998
HMGB3P26	
HMGB3P27	-0.9999999999999998
HMGB3P3	
HMGB3P30	1.0
HMGB3P31	-0.9999999999999998
HMGB3P32	0.9999999999999998
HMGB3P4	-1.0
HMGB3P5	-0.9999999999999998
HMGB3P6	1.0
HMGB3P7	
HMGB3P8	1.0
HMGB3P9	-1.0
HMGB4	
HMGCL	1.0
HMGCLL1	-0.9999999999999998
HMGCR	-0.9999999999999999
HMGCS1	-1.0
HMGCS2	0.9999999999999998
HMGN1	0.9999999999999999
HMGN1P10	
HMGN1P11	
HMGN1P12	
HMGN1P13	
HMGN1P14	
HMGN1P15	1.0
HMGN1P16	
HMGN1P17	
HMGN1P18	
HMGN1P19	
HMGN1P2	
HMGN1P20	-1.0
HMGN1P24	-0.9999999999999998
HMGN1P26	
HMGN1P28	-1.0
HMGN1P3	
HMGN1P30	1.0
HMGN1P32	
HMGN1P33	1.0
HMGN1P34	
HMGN1P35	-0.9999999999999998
HMGN1P36	-0.9999999999999999
HMGN1P37	-0.9999999999999999
HMGN1P38	1.0
HMGN1P4	-1.0
HMGN1P5	-0.9999999999999998
HMGN1P6	
HMGN1P7	-0.9999999999999998
HMGN1P8	-0.9999999999999998
HMGN1P9	
HMGN2	1.0
HMGN2P10	0.9999999999999999
HMGN2P11	1.0
HMGN2P13	1.0
HMGN2P15	-0.9999999999999999
HMGN2P16	
HMGN2P17	0.9999999999999999
HMGN2P18	-0.9999999999999999
HMGN2P19	0.9999999999999999
HMGN2P20	-1.0
HMGN2P21	0.9999999999999999
HMGN2P22	-1.0
HMGN2P23	-0.9999999999999998
HMGN2P24	1.0
HMGN2P25	0.9999999999999999
HMGN2P26	-0.9999999999999998
HMGN2P27	1.0
HMGN2P28	1.0
HMGN2P3	0.9999999999999998
HMGN2P30	0.9999999999999999
HMGN2P31	-1.0
HMGN2P32	0.9999999999999999
HMGN2P34	
HMGN2P35	
HMGN2P36	-0.9999999999999998
HMGN2P38	-1.0
HMGN2P39	
HMGN2P4	-0.9999999999999999
HMGN2P40	-0.9999999999999998
HMGN2P41	-0.9999999999999998
HMGN2P46	-0.9999999999999999
HMGN2P47	-0.9999999999999999
HMGN2P5	0.9999999999999998
HMGN2P6	-1.0
HMGN2P7	0.9999999999999998
HMGN2P8	1.0
HMGN2P9	1.0
HMGN3	1.0
HMGN3-AS1	0.9999999999999999
HMGN3P1	-0.9999999999999998
HMGN4	0.9999999999999998
HMGN5	1.0
HMGXB3	-1.0
HMGXB4	1.0
HMHA1	0.9999999999999998
HMHB1	-0.9999999999999998
HMMR	-1.0
HMOX1	1.0
HMOX2	-0.9999999999999999
HMSD	-0.9999999999999999
HMX1	0.9999999999999999
HMX2	0.9999999999999999
HMX3	0.9999999999999999
HN1	-0.9999999999999999
HN1L	-0.9999999999999999
HNF1A	1.0
HNF1A-AS1	-0.9999999999999999
HNF1B	1.0
HNF4A	-0.9999999999999999
HNF4G	1.0
HNF4GP1	0.9999999999999999
HNMT	1.0
HNRNPA0	0.9999999999999998
HNRNPA1	1.0
HNRNPA1L2	1.0
HNRNPA1P1	-1.0
HNRNPA1P10	-0.9999999999999998
HNRNPA1P11	-1.0
HNRNPA1P12	-0.9999999999999998
HNRNPA1P13	-0.9999999999999998
HNRNPA1P14	1.0
HNRNPA1P15	-1.0
HNRNPA1P16	0.9999999999999999
HNRNPA1P17	
HNRNPA1P18	
HNRNPA1P19	0.9999999999999999
HNRNPA1P2	-0.9999999999999998
HNRNPA1P20	-0.9999999999999999
HNRNPA1P21	-1.0
HNRNPA1P22	-0.9999999999999999
HNRNPA1P23	
HNRNPA1P24	0.9999999999999999
HNRNPA1P25	-1.0
HNRNPA1P26	-1.0
HNRNPA1P27	1.0
HNRNPA1P28	1.0
HNRNPA1P29	
HNRNPA1P3	1.0
HNRNPA1P30	0.9999999999999998
HNRNPA1P31	1.0
HNRNPA1P32	-0.9999999999999998
HNRNPA1P33	-0.9999999999999999
HNRNPA1P34	0.9999999999999999
HNRNPA1P35	0.9999999999999999
HNRNPA1P36	0.9999999999999999
HNRNPA1P37	-0.9999999999999999
HNRNPA1P38	0.9999999999999999
HNRNPA1P39	1.0
HNRNPA1P4	-0.9999999999999999
HNRNPA1P40	0.9999999999999999
HNRNPA1P41	0.9999999999999998
HNRNPA1P42	0.9999999999999999
HNRNPA1P43	-1.0
HNRNPA1P44	1.0
HNRNPA1P45	0.9999999999999999
HNRNPA1P46	1.0
HNRNPA1P47	0.9999999999999999
HNRNPA1P48	-0.9999999999999999
HNRNPA1P49	-1.0
HNRNPA1P5	1.0
HNRNPA1P50	1.0
HNRNPA1P51	0.9999999999999999
HNRNPA1P52	-1.0
HNRNPA1P53	-1.0
HNRNPA1P54	1.0
HNRNPA1P55	-1.0
HNRNPA1P56	-1.0
HNRNPA1P57	0.9999999999999999
HNRNPA1P58	0.9999999999999999
HNRNPA1P59	-1.0
HNRNPA1P6	0.9999999999999998
HNRNPA1P60	-1.0
HNRNPA1P61	-0.9999999999999998
HNRNPA1P62	-0.9999999999999997
HNRNPA1P63	-1.0
HNRNPA1P64	-1.0
HNRNPA1P65	-1.0
HNRNPA1P66	-0.9999999999999998
HNRNPA1P67	0.9999999999999998
HNRNPA1P68	-1.0
HNRNPA1P69	1.0
HNRNPA1P7	-0.9999999999999998
HNRNPA1P70	-1.0
HNRNPA1P71	0.9999999999999999
HNRNPA1P72	-0.9999999999999998
HNRNPA1P73	1.0
HNRNPA1P74	1.0
HNRNPA1P76	
HNRNPA1P8	-1.0
HNRNPA1P9	-1.0
HNRNPA2B1	0.9999999999999998
HNRNPA3	0.9999999999999998
HNRNPA3P1	0.9999999999999999
HNRNPA3P10	0.9999999999999999
HNRNPA3P11	0.9999999999999999
HNRNPA3P12	1.0
HNRNPA3P13	0.9999999999999999
HNRNPA3P14	0.9999999999999999
HNRNPA3P15	1.0
HNRNPA3P16	-0.9999999999999998
HNRNPA3P2	-0.9999999999999998
HNRNPA3P3	-1.0
HNRNPA3P4	1.0
HNRNPA3P5	0.9999999999999998
HNRNPA3P6	1.0
HNRNPA3P7	-1.0
HNRNPA3P8	1.0
HNRNPA3P9	-0.9999999999999998
HNRNPAB	1.0
HNRNPABP1	-1.0
HNRNPC	1.0
HNRNPCL1	0.9999999999999999
HNRNPCP1	-1.0
HNRNPCP10	-0.9999999999999998
HNRNPCP2	-0.9999999999999999
HNRNPCP3	1.0
HNRNPCP4	-0.9999999999999999
HNRNPCP5	-1.0
HNRNPCP6	0.9999999999999999
HNRNPCP7	1.0
HNRNPCP8	0.9999999999999999
HNRNPCP9	-1.0
HNRNPD	0.9999999999999998
HNRNPDL	-1.0
HNRNPDLP1	
HNRNPDLP2	-1.0
HNRNPDLP3	
HNRNPDLP4	
HNRNPDP1	-1.0
HNRNPDP2	
HNRNPF	0.9999999999999998
HNRNPFP1	1.0
HNRNPH1	-1.0
HNRNPH1P1	-1.0
HNRNPH1P2	
HNRNPH1P3	-0.9999999999999998
HNRNPH2	-1.0
HNRNPH3	1.0
HNRNPH3P1	-0.9999999999999998
HNRNPK	-1.0
HNRNPKP1	0.9999999999999999
HNRNPKP2	-0.9999999999999998
HNRNPKP3	0.9999999999999999
HNRNPKP4	0.9999999999999999
HNRNPKP5	
HNRNPL	1.0
HNRNPLL	0.9999999999999999
HNRNPLP1	0.9999999999999999
HNRNPLP2	-1.0
HNRNPM	0.9999999999999998
HNRNPMP1	
HNRNPMP2	-0.9999999999999998
HNRNPR	1.0
HNRNPRP1	-0.9999999999999999
HNRNPRP2	
HNRNPU	0.9999999999999998
HNRNPU-AS1	-0.9999999999999998
HNRNPUL1	0.9999999999999999
HNRNPUL2	-1.0
HNRNPUL2-BSCL2	1.0
HNRNPUP1	-1.0
HOGA1	-0.9999999999999998
HOMER1	-0.9999999999999998
HOMER2	-1.0
HOMER2P1	
HOMER2P2	
HOMER3	-1.0
HOMEZ	1.0
HOOK1	0.9999999999999998
HOOK2	1.0
HOOK3	-0.9999999999999999
HOPX	-1.0
HORMAD1	1.0
HORMAD2	1.0
HOTAIR	0.9999999999999998
HOTAIRM1	1.0
HOTTIP	1.0
HOXA-AS2	0.9999999999999999
HOXA-AS3	1.0
HOXA-AS4	1.0
HOXA1	1.0
HOXA10	0.9999999999999997
HOXA11	-0.9999999999999999
HOXA11-AS	0.9999999999999999
HOXA13	-1.0
HOXA2	0.9999999999999998
HOXA3	0.9999999999999999
HOXA4	-1.0
HOXA5	1.0
HOXA6	0.9999999999999998
HOXA7	1.0
HOXA9	1.0
HOXB-AS1	0.9999999999999998
HOXB-AS2	-1.0
HOXB-AS3	-0.9999999999999999
HOXB-AS4	-0.9999999999999999
HOXB1	-0.9999999999999998
HOXB13	0.9999999999999998
HOXB2	-1.0
HOXB3	1.0
HOXB4	-1.0
HOXB5	0.9999999999999998
HOXB6	1.0
HOXB7	1.0
HOXB8	0.9999999999999998
HOXB9	0.9999999999999998
HOXC-AS1	-0.9999999999999999
HOXC-AS2	-0.9999999999999999
HOXC-AS3	0.9999999999999999
HOXC-AS5	-0.9999999999999998
HOXC10	-1.0
HOXC11	-1.0
HOXC12	
HOXC13	
HOXC4	-0.9999999999999999
HOXC5	-0.9999999999999998
HOXC6	1.0
HOXC8	-0.9999999999999999
HOXC9	0.9999999999999998
HOXD-AS1	0.9999999999999998
HOXD-AS2	1.0
HOXD1	0.9999999999999999
HOXD10	1.0
HOXD11	0.9999999999999998
HOXD12	1.0
HOXD13	1.0
HOXD3	0.9999999999999999
HOXD4	-0.9999999999999998
HOXD8	-0.9999999999999999
HOXD9	0.9999999999999998
HP	0.9999999999999999
HP1BP3	-0.9999999999999999
HPCA	0.9999999999999999
HPCAL1	1.0
HPCAL4	-1.0
HPD	-0.9999999999999999
HPDL	0.9999999999999999
HPGD	0.9999999999999999
HPGDS	-0.9999999999999997
HPN	1.0
HPN-AS1	-0.9999999999999999
HPR	1.0
HPRT1	0.9999999999999998
HPRTP3	
HPRTP4	
HPS1	-1.0
HPS3	1.0
HPS4	-1.0
HPS5	1.0
HPS6	-1.0
HPSE	-1.0
HPSE2	-1.0
HPX	-1.0
HPYR1	
HR	0.9999999999999999
HRAS	-0.9999999999999999
HRASLS	-1.0
HRASLS2	0.9999999999999998
HRASLS5	-1.0
HRC	-1.0
HRCT1	0.9999999999999999
HRG	-0.9999999999999998
HRH1	-0.9999999999999998
HRH2	-0.9999999999999999
HRH3	-1.0
HRH4	-0.9999999999999999
HRK	1.0
HRNR	-0.9999999999999998
HRSP12	0.9999999999999998
HS1BP3	-0.9999999999999999
HS1BP3-IT1	1.0
HS2ST1	-0.9999999999999999
HS3ST1	-0.9999999999999998
HS3ST2	-0.9999999999999999
HS3ST3A1	-0.9999999999999998
HS3ST3B1	-0.9999999999999998
HS3ST4	-0.9999999999999998
HS3ST5	0.9999999999999999
HS3ST6	1.0
HS6ST1	1.0
HS6ST1P1	0.9999999999999999
HS6ST2	-1.0
HS6ST2-AS1	
HS6ST3	-0.9999999999999998
HSBP1	1.0
HSBP1L1	0.9999999999999999
HSBP1P1	1.0
HSBP1P2	0.9999999999999999
HSCB	1.0
HSD11B1	0.9999999999999999
HSD11B1L	-1.0
HSD11B2	-1.0
HSD17B1	1.0
HSD17B10	-1.0
HSD17B11	-1.0
HSD17B12	-0.9999999999999999
HSD17B13	-0.9999999999999999
HSD17B14	1.0
HSD17B1P1	-1.0
HSD17B2	-0.9999999999999998
HSD17B3	-1.0
HSD17B4	0.9999999999999998
HSD17B6	-1.0
HSD17B7	-1.0
HSD17B7P1	-0.9999999999999998
HSD17B7P2	-0.9999999999999999
HSD17B8	0.9999999999999999
HSD3B1	-1.0
HSD3B2	0.9999999999999999
HSD3B7	0.9999999999999998
HSD3BP1	-0.9999999999999999
HSD3BP2	0.9999999999999999
HSD3BP3	
HSD3BP4	
HSD3BP5	
HSDL1	-1.0
HSDL2	1.0
HSF1	1.0
HSF2	-1.0
HSF2BP	-1.0
HSF4	-1.0
HSF5	-1.0
HSFX1	
HSFX2	
HSFY1	
HSFY1P1	1.0
HSFY2	-0.9999999999999998
HSFY3P	1.0
HSFY4P	
HSFY5P	
HSFY6P	
HSFY7P	
HSFY8P	
HSH2D	-0.9999999999999998
HSP90AA1	0.9999999999999999
HSP90AA4P	0.9999999999999999
HSP90AA5P	-1.0
HSP90AA6P	0.9999999999999999
HSP90AB1	-1.0
HSP90AB2P	1.0
HSP90AB3P	-0.9999999999999999
HSP90AB6P	-1.0
HSP90AB7P	-0.9999999999999998
HSP90B1	1.0
HSP90B2P	0.9999999999999998
HSP90B3P	-0.9999999999999999
HSPA12A	-1.0
HSPA12B	-0.9999999999999998
HSPA13	-1.0
HSPA14	0.9999999999999998
HSPA1A	-0.9999999999999998
HSPA1B	1.0
HSPA1L	-0.9999999999999999
HSPA2	0.9999999999999998
HSPA4	-1.0
HSPA4L	-0.9999999999999999
HSPA5	-1.0
HSPA6	1.0
HSPA7	-1.0
HSPA8	1.0
HSPA8P1	0.9999999999999999
HSPA8P11	-0.9999999999999999
HSPA8P13	
HSPA8P14	-0.9999999999999998
HSPA8P15	-0.9999999999999999
HSPA8P16	1.0
HSPA8P17	
HSPA8P18	-0.9999999999999998
HSPA8P19	
HSPA8P20	1.0
HSPA8P3	-1.0
HSPA8P4	-1.0
HSPA8P5	0.9999999999999998
HSPA8P6	1.0
HSPA8P7	1.0
HSPA8P8	-0.9999999999999999
HSPA8P9	0.9999999999999999
HSPA9	1.0
HSPA9P1	1.0
HSPB1	-1.0
HSPB11	0.9999999999999999
HSPB1P1	0.9999999999999999
HSPB1P2	0.9999999999999999
HSPB2	1.0
HSPB2-C11orf52	
HSPB3	-1.0
HSPB6	-0.9999999999999998
HSPB7	-1.0
HSPB8	-0.9999999999999998
HSPB9	-1.0
HSPBAP1	1.0
HSPBP1	1.0
HSPD1	0.9999999999999998
HSPD1P1	1.0
HSPD1P10	1.0
HSPD1P11	-1.0
HSPD1P14	
HSPD1P15	
HSPD1P16	1.0
HSPD1P18	
HSPD1P2	-0.9999999999999998
HSPD1P21	
HSPD1P3	-1.0
HSPD1P5	1.0
HSPD1P6	-1.0
HSPD1P7	0.9999999999999999
HSPD1P8	-1.0
HSPD1P9	-1.0
HSPE1	0.9999999999999998
HSPE1-MOB4	
HSPEP1	
HSPG2	-0.9999999999999998
HSPH1	-0.9999999999999999
HTATIP2	0.9999999999999998
HTATSF1	-0.9999999999999999
HTATSF1P	
HTATSF1P2	-1.0
HTN1	-0.9999999999999998
HTN3	
HTR1A	-0.9999999999999998
HTR1B	-0.9999999999999998
HTR1D	-0.9999999999999998
HTR1E	1.0
HTR1F	1.0
HTR2A	-1.0
HTR2A-AS1	
HTR2B	-0.9999999999999999
HTR2C	
HTR3A	-1.0
HTR3B	0.9999999999999999
HTR3C	-0.9999999999999999
HTR3D	-0.9999999999999998
HTR3E	1.0
HTR3E-AS1	
HTR4	1.0
HTR5A	-0.9999999999999998
HTR5A-AS1	-0.9999999999999998
HTR5BP	-1.0
HTR6	-1.0
HTR7	-1.0
HTR7P1	1.0
HTRA1	-0.9999999999999999
HTRA2	-1.0
HTRA3	-1.0
HTRA4	0.9999999999999998
HTT	-1.0
HTT-AS	
HULC	-0.9999999999999998
HUNK	-0.9999999999999999
HUNK-AS1	
HUS1	-1.0
HUS1B	-1.0
HUWE1	-1.0
HVCN1	-1.0
HYAL1	-0.9999999999999999
HYAL2	-0.9999999999999999
HYAL3	-0.9999999999999999
HYAL4	-0.9999999999999998
HYALP1	
HYDIN	0.9999999999999998
HYDIN2	1.0
HYI	-0.9999999999999999
HYI-AS1	1.0
HYKK	0.9999999999999999
HYLS1	-1.0
HYOU1	1.0
HYPK	-1.0
IAH1	0.9999999999999999
IAPP	
IARS	-0.9999999999999999
IARS2	0.9999999999999998
IBA57	0.9999999999999999
IBA57-AS1	-1.0
IBSP	
IBTK	1.0
ICA1	0.9999999999999998
ICA1L	0.9999999999999998
ICAM1	-0.9999999999999998
ICAM2	-0.9999999999999998
ICAM3	-1.0
ICAM4	-1.0
ICAM5	-0.9999999999999999
ICK	0.9999999999999998
ICMT	-0.9999999999999999
ICOS	-1.0
ICOSLG	-1.0
ICT1	-0.9999999999999998
ID1	0.9999999999999999
ID2	1.0
ID3	-0.9999999999999999
ID4	-0.9999999999999999
IDE	-1.0
IDH1	-0.9999999999999999
IDH1-AS1	0.9999999999999999
IDH2	0.9999999999999998
IDH3A	0.9999999999999998
IDH3B	0.9999999999999998
IDH3G	-0.9999999999999999
IDI1	-0.9999999999999999
IDI2	1.0
IDI2-AS1	-0.9999999999999999
IDNK	0.9999999999999999
IDO1	1.0
IDO2	1.0
IDS	-0.9999999999999999
IDSP1	-1.0
IDUA	0.9999999999999998
IER2	-0.9999999999999999
IER3	-0.9999999999999999
IER3IP1	1.0
IER5	-0.9999999999999998
IER5L	0.9999999999999998
IFFO1	-1.0
IFFO2	-0.9999999999999998
IFI16	1.0
IFI27	1.0
IFI27L1	0.9999999999999999
IFI27L2	0.9999999999999998
IFI30	-1.0
IFI35	0.9999999999999998
IFI44	1.0
IFI44L	0.9999999999999998
IFI6	1.0
IFIH1	1.0
IFIT1	1.0
IFIT1B	-0.9999999999999999
IFIT1P1	-1.0
IFIT2	0.9999999999999999
IFIT3	1.0
IFIT5	0.9999999999999998
IFIT6P	
IFITM1	1.0
IFITM10	0.9999999999999998
IFITM2	-1.0
IFITM3	1.0
IFITM4P	-0.9999999999999998
IFITM5	
IFITM8P	-0.9999999999999998
IFITM9P	-1.0
IFLTD1	
IFNA1	
IFNA10	-0.9999999999999998
IFNA11P	
IFNA12P	
IFNA13	1.0
IFNA14	
IFNA16	
IFNA17	
IFNA2	
IFNA20P	
IFNA21	
IFNA22P	1.0
IFNA4	
IFNA5	
IFNA6	
IFNA7	
IFNA8	
IFNAR1	-0.9999999999999999
IFNAR2	-0.9999999999999999
IFNB1	0.9999999999999999
IFNE	1.0
IFNG	0.9999999999999998
IFNG-AS1	-1.0
IFNGR1	-1.0
IFNGR2	-0.9999999999999999
IFNK	
IFNL1	1.0
IFNL2	1.0
IFNL3	
IFNL3P1	1.0
IFNL4	1.0
IFNLR1	-1.0
IFNNP1	
IFNW1	
IFNWP15	
IFNWP18	
IFNWP19	
IFNWP2	
IFNWP4	
IFNWP5	
IFNWP9	
IFRD1	0.9999999999999998
IFRD2	1.0
IFRG15	
IFT122	-0.9999999999999999
IFT140	1.0
IFT172	1.0
IFT20	1.0
IFT27	1.0
IFT43	1.0
IFT46	-1.0
IFT52	0.9999999999999998
IFT57	1.0
IFT74	-0.9999999999999999
IFT80	0.9999999999999998
IFT81	1.0
IFT88	0.9999999999999999
IGBP1	-1.0
IGBP1-AS1	-0.9999999999999998
IGBP1-AS2	-0.9999999999999998
IGBP1P1	-0.9999999999999999
IGBP1P3	-0.9999999999999998
IGBP1P4	-1.0
IGBP1P5	
IGDCC3	-0.9999999999999998
IGDCC4	-1.0
IGF1	-1.0
IGF1R	-1.0
IGF2	-1.0
IGF2-AS	-1.0
IGF2BP1	0.9999999999999998
IGF2BP2	0.9999999999999999
IGF2BP3	-0.9999999999999998
IGF2R	-0.9999999999999999
IGFALS	-1.0
IGFBP1	-0.9999999999999998
IGFBP2	1.0
IGFBP3	-0.9999999999999998
IGFBP4	-1.0
IGFBP5	-0.9999999999999999
IGFBP6	-1.0
IGFBP7	-1.0
IGFBP7-AS1	0.9999999999999999
IGFBPL1	0.9999999999999999
IGFL1	-1.0
IGFL1P1	
IGFL1P2	
IGFL2	-0.9999999999999998
IGFL3	1.0
IGFL4	0.9999999999999999
IGFLR1	-1.0
IGFN1	-1.0
IGHA1	-0.9999999999999999
IGHA2	-0.9999999999999998
IGHD	-0.9999999999999998
IGHD1-1	
IGHD1-14	
IGHD1-20	-0.9999999999999998
IGHD1-26	-1.0
IGHD1-7	
IGHD1OR15-1A	
IGHD1OR15-1B	
IGHD2-15	-0.9999999999999998
IGHD2-2	-0.9999999999999998
IGHD2-21	-1.0
IGHD2-8	-0.9999999999999998
IGHD2OR15-2A	
IGHD2OR15-2B	
IGHD3-10	0.9999999999999999
IGHD3-16	1.0
IGHD3-22	-1.0
IGHD3-3	-1.0
IGHD3-9	-1.0
IGHD3OR15-3A	
IGHD3OR15-3B	
IGHD4-11	-0.9999999999999998
IGHD4-17	-1.0
IGHD4-23	-1.0
IGHD4-4	1.0
IGHD4OR15-4A	
IGHD4OR15-4B	
IGHD5-12	1.0
IGHD5-18	
IGHD5-24	-0.9999999999999999
IGHD5-5	
IGHD5OR15-5A	
IGHD5OR15-5B	
IGHD6-13	1.0
IGHD6-19	-1.0
IGHD6-25	-0.9999999999999998
IGHD6-6	-1.0
IGHD7-27	-0.9999999999999999
IGHE	-0.9999999999999999
IGHEP1	
IGHEP2	1.0
IGHG1	-0.9999999999999999
IGHG2	-0.9999999999999999
IGHG3	-0.9999999999999998
IGHG4	-0.9999999999999999
IGHGP	-1.0
IGHJ1	-0.9999999999999999
IGHJ1P	-0.9999999999999998
IGHJ2	-1.0
IGHJ2P	-0.9999999999999998
IGHJ3	-0.9999999999999998
IGHJ3P	-1.0
IGHJ4	-1.0
IGHJ5	-0.9999999999999999
IGHJ6	-1.0
IGHM	0.9999999999999999
IGHMBP2	-0.9999999999999998
IGHV1-12	0.9999999999999998
IGHV1-14	-0.9999999999999999
IGHV1-17	-0.9999999999999998
IGHV1-18	-0.9999999999999999
IGHV1-2	-0.9999999999999998
IGHV1-24	-1.0
IGHV1-3	-0.9999999999999998
IGHV1-45	-1.0
IGHV1-46	-1.0
IGHV1-58	-0.9999999999999998
IGHV1-67	-1.0
IGHV1-68	0.9999999999999998
IGHV1-69	-0.9999999999999999
IGHV1-8	-1.0
IGHV1OR15-1	-1.0
IGHV1OR15-2	-0.9999999999999998
IGHV1OR15-3	-1.0
IGHV1OR15-4	-0.9999999999999999
IGHV1OR15-6	-0.9999999999999998
IGHV1OR15-9	-1.0
IGHV1OR16-1	-1.0
IGHV1OR16-2	-1.0
IGHV1OR16-3	-1.0
IGHV1OR16-4	-0.9999999999999999
IGHV1OR21-1	-1.0
IGHV2-10	-1.0
IGHV2-26	-0.9999999999999999
IGHV2-5	-1.0
IGHV2-70	-0.9999999999999998
IGHV2OR16-5	-0.9999999999999999
IGHV3-11	-0.9999999999999998
IGHV3-13	-1.0
IGHV3-15	-0.9999999999999999
IGHV3-16	-1.0
IGHV3-19	-1.0
IGHV3-20	-1.0
IGHV3-21	-0.9999999999999998
IGHV3-22	-0.9999999999999999
IGHV3-23	-1.0
IGHV3-25	-1.0
IGHV3-29	-1.0
IGHV3-30	-1.0
IGHV3-30-2	
IGHV3-32	-0.9999999999999999
IGHV3-33	-1.0
IGHV3-33-2	1.0
IGHV3-35	-0.9999999999999999
IGHV3-36	0.9999999999999998
IGHV3-37	-1.0
IGHV3-38	-0.9999999999999999
IGHV3-41	-0.9999999999999999
IGHV3-42	-1.0
IGHV3-43	-1.0
IGHV3-47	-1.0
IGHV3-48	-0.9999999999999999
IGHV3-49	-1.0
IGHV3-50	-0.9999999999999998
IGHV3-52	-1.0
IGHV3-53	-0.9999999999999999
IGHV3-54	-1.0
IGHV3-57	
IGHV3-6	1.0
IGHV3-60	-0.9999999999999999
IGHV3-62	-1.0
IGHV3-63	-0.9999999999999998
IGHV3-64	-0.9999999999999998
IGHV3-65	-0.9999999999999999
IGHV3-66	-0.9999999999999998
IGHV3-7	-1.0
IGHV3-71	-1.0
IGHV3-72	-1.0
IGHV3-73	-1.0
IGHV3-74	-0.9999999999999998
IGHV3-75	-1.0
IGHV3-76	-0.9999999999999999
IGHV3-79	-1.0
IGHV3-9	-0.9999999999999999
IGHV3OR15-7	-0.9999999999999998
IGHV3OR16-10	-1.0
IGHV3OR16-11	-0.9999999999999999
IGHV3OR16-12	-1.0
IGHV3OR16-13	-1.0
IGHV3OR16-15	-1.0
IGHV3OR16-6	-1.0
IGHV3OR16-7	-0.9999999999999999
IGHV3OR16-8	-1.0
IGHV3OR16-9	-0.9999999999999999
IGHV4-28	-1.0
IGHV4-31	-1.0
IGHV4-34	-0.9999999999999998
IGHV4-39	-0.9999999999999999
IGHV4-4	-1.0
IGHV4-55	-0.9999999999999999
IGHV4-59	-1.0
IGHV4-61	-0.9999999999999999
IGHV4-80	-0.9999999999999999
IGHV4OR15-8	1.0
IGHV5-51	-0.9999999999999998
IGHV5-78	-1.0
IGHV6-1	-1.0
IGHV7-27	0.9999999999999999
IGHV7-34-1	1.0
IGHV7-40	1.0
IGHV7-56	-1.0
IGHV7-81	1.0
IGHVII-1-1	
IGHVII-15-1	
IGHVII-20-1	
IGHVII-22-1	
IGHVII-26-2	
IGHVII-28-1	-0.9999999999999998
IGHVII-30-1	-0.9999999999999998
IGHVII-31-1	1.0
IGHVII-33-1	-0.9999999999999998
IGHVII-40-1	1.0
IGHVII-43-1	
IGHVII-44-2	
IGHVII-46-1	
IGHVII-49-1	
IGHVII-51-2	1.0
IGHVII-53-1	
IGHVII-60-1	-1.0
IGHVII-62-1	
IGHVII-65-1	
IGHVII-67-1	
IGHVII-74-1	
IGHVII-78-1	-0.9999999999999998
IGHVIII-11-1	1.0
IGHVIII-13-1	
IGHVIII-16-1	
IGHVIII-2-1	
IGHVIII-22-2	-0.9999999999999998
IGHVIII-25-1	1.0
IGHVIII-26-1	
IGHVIII-38-1	
IGHVIII-44	-1.0
IGHVIII-47-1	
IGHVIII-5-1	
IGHVIII-5-2	
IGHVIII-51-1	-0.9999999999999999
IGHVIII-67-2	-0.9999999999999998
IGHVIII-67-3	
IGHVIII-67-4	
IGHVIII-76-1	
IGHVIII-82	
IGHVIV-44-1	-0.9999999999999998
IGIP	-1.0
IGJ	-1.0
IGJP1	-1.0
IGKC	-1.0
IGKJ1	
IGKJ2	
IGKJ3	-0.9999999999999999
IGKJ4	-1.0
IGKJ5	-0.9999999999999998
IGKV1-12	-1.0
IGKV1-13	0.9999999999999999
IGKV1-16	-0.9999999999999998
IGKV1-17	-1.0
IGKV1-22	0.9999999999999999
IGKV1-27	-0.9999999999999998
IGKV1-32	-1.0
IGKV1-33	-0.9999999999999998
IGKV1-35	-1.0
IGKV1-37	-0.9999999999999998
IGKV1-39	-0.9999999999999998
IGKV1-5	-0.9999999999999998
IGKV1-6	-0.9999999999999998
IGKV1-8	-1.0
IGKV1-9	-1.0
IGKV1D-12	-1.0
IGKV1D-13	1.0
IGKV1D-16	-1.0
IGKV1D-17	1.0
IGKV1D-22	
IGKV1D-27	0.9999999999999999
IGKV1D-32	1.0
IGKV1D-33	-0.9999999999999999
IGKV1D-35	-0.9999999999999998
IGKV1D-37	-1.0
IGKV1D-39	-1.0
IGKV1D-42	-1.0
IGKV1D-43	1.0
IGKV1D-8	-0.9999999999999999
IGKV1OR-1	-1.0
IGKV1OR-2	-0.9999999999999998
IGKV1OR-3	-0.9999999999999998
IGKV1OR10-1	-0.9999999999999999
IGKV1OR2-108	-1.0
IGKV1OR2-11	-1.0
IGKV1OR2-118	-1.0
IGKV1OR2-3	-1.0
IGKV1OR2-6	-1.0
IGKV1OR2-9	-0.9999999999999998
IGKV1OR22-1	-1.0
IGKV1OR22-5	-1.0
IGKV2-10	
IGKV2-14	-0.9999999999999998
IGKV2-18	-1.0
IGKV2-19	-1.0
IGKV2-23	
IGKV2-24	-1.0
IGKV2-26	-1.0
IGKV2-28	-1.0
IGKV2-29	-1.0
IGKV2-30	-0.9999999999999998
IGKV2-36	
IGKV2-38	
IGKV2-4	-0.9999999999999998
IGKV2-40	-0.9999999999999998
IGKV2D-10	
IGKV2D-14	
IGKV2D-18	-0.9999999999999998
IGKV2D-19	
IGKV2D-23	
IGKV2D-24	-1.0
IGKV2D-26	0.9999999999999999
IGKV2D-28	-1.0
IGKV2D-29	-0.9999999999999999
IGKV2D-30	-1.0
IGKV2D-36	
IGKV2D-38	
IGKV2D-40	-0.9999999999999999
IGKV2OR2-1	-1.0
IGKV2OR2-10	
IGKV2OR2-2	-0.9999999999999998
IGKV2OR2-7	-0.9999999999999998
IGKV2OR2-7D	-1.0
IGKV2OR2-8	
IGKV2OR22-3	-0.9999999999999998
IGKV2OR22-4	-0.9999999999999998
IGKV3-11	-1.0
IGKV3-15	-0.9999999999999999
IGKV3-20	-1.0
IGKV3-25	-0.9999999999999998
IGKV3-31	
IGKV3-34	-0.9999999999999998
IGKV3-7	-0.9999999999999999
IGKV3D-11	-0.9999999999999999
IGKV3D-15	-1.0
IGKV3D-20	-0.9999999999999999
IGKV3D-25	
IGKV3D-31	-0.9999999999999998
IGKV3D-34	-0.9999999999999998
IGKV3D-7	-1.0
IGKV3OR2-268	-1.0
IGKV3OR2-5	-1.0
IGKV3OR22-2	-0.9999999999999998
IGKV4-1	-0.9999999999999998
IGKV5-2	-1.0
IGKV6-21	-1.0
IGKV6D-21	-1.0
IGKV6D-41	-1.0
IGKV7-3	-1.0
IGLC1	
IGLC2	0.9999999999999998
IGLC3	-1.0
IGLC4	0.9999999999999999
IGLC5	-1.0
IGLC6	-0.9999999999999999
IGLC7	-0.9999999999999999
IGLCOR22-1	-0.9999999999999998
IGLCOR22-2	-1.0
IGLJ1	-1.0
IGLJ2	-1.0
IGLJ3	-1.0
IGLJ4	
IGLJ5	-1.0
IGLJ6	-0.9999999999999999
IGLJ7	-0.9999999999999998
IGLL1	-0.9999999999999998
IGLL3P	-1.0
IGLL5	-0.9999999999999999
IGLON5	-0.9999999999999999
IGLV1-36	-1.0
IGLV1-40	-0.9999999999999998
IGLV1-41	-1.0
IGLV1-44	-1.0
IGLV1-47	-1.0
IGLV1-50	-1.0
IGLV1-51	-0.9999999999999998
IGLV1-62	-1.0
IGLV10-54	0.9999999999999999
IGLV10-67	-0.9999999999999998
IGLV11-55	-1.0
IGLV2-11	-1.0
IGLV2-14	-1.0
IGLV2-18	-1.0
IGLV2-23	-0.9999999999999998
IGLV2-28	-1.0
IGLV2-33	-1.0
IGLV2-34	-1.0
IGLV2-5	1.0
IGLV2-8	-0.9999999999999998
IGLV3-1	-0.9999999999999999
IGLV3-10	-1.0
IGLV3-12	-0.9999999999999998
IGLV3-13	
IGLV3-15	-1.0
IGLV3-16	1.0
IGLV3-17	
IGLV3-19	-1.0
IGLV3-2	
IGLV3-21	-1.0
IGLV3-22	1.0
IGLV3-24	-0.9999999999999998
IGLV3-25	-0.9999999999999999
IGLV3-26	
IGLV3-27	-0.9999999999999999
IGLV3-29	-0.9999999999999998
IGLV3-30	-1.0
IGLV3-31	-1.0
IGLV3-32	-0.9999999999999998
IGLV3-4	-0.9999999999999998
IGLV3-6	0.9999999999999999
IGLV3-7	
IGLV3-9	-1.0
IGLV4-3	0.9999999999999999
IGLV4-60	-1.0
IGLV4-69	-0.9999999999999998
IGLV5-37	-1.0
IGLV5-45	-0.9999999999999998
IGLV5-48	-0.9999999999999999
IGLV5-52	1.0
IGLV6-57	-0.9999999999999999
IGLV7-35	1.0
IGLV7-43	-1.0
IGLV7-46	-1.0
IGLV8-61	-1.0
IGLV8OR8-1	-0.9999999999999999
IGLV9-49	-1.0
IGLVI-20	-0.9999999999999998
IGLVI-38	
IGLVI-42	
IGLVI-56	-0.9999999999999998
IGLVI-63	-1.0
IGLVI-68	
IGLVI-70	-1.0
IGLVIV-53	
IGLVIV-59	
IGLVIV-64	1.0
IGLVIV-65	
IGLVIV-66-1	
IGLVIVOR22-1	
IGLVIVOR22-2	
IGLVV-58	
IGLVV-66	
IGLVVI-22-1	
IGLVVI-25-1	
IGLVVII-41-1	
IGSF1	-0.9999999999999999
IGSF10	-0.9999999999999998
IGSF11	-0.9999999999999999
IGSF11-AS1	
IGSF21	1.0
IGSF22	1.0
IGSF23	0.9999999999999998
IGSF3	-1.0
IGSF5	1.0
IGSF6	1.0
IGSF8	-0.9999999999999998
IGSF9	0.9999999999999998
IGSF9B	-1.0
IHH	1.0
IK	0.9999999999999999
IKBIP	-0.9999999999999998
IKBKAP	-1.0
IKBKB	-1.0
IKBKE	0.9999999999999999
IKBKG	1.0
IKBKGP1	1.0
IKZF1	-0.9999999999999998
IKZF2	-1.0
IKZF3	-0.9999999999999999
IKZF4	-1.0
IKZF5	-1.0
IL10	0.9999999999999999
IL10RA	-1.0
IL10RB	-0.9999999999999998
IL10RB-AS1	-0.9999999999999999
IL11	-1.0
IL11RA	0.9999999999999999
IL12A	1.0
IL12A-AS1	0.9999999999999998
IL12B	-1.0
IL12RB1	0.9999999999999999
IL12RB2	0.9999999999999999
IL13	-0.9999999999999999
IL13RA1	1.0
IL13RA2	-0.9999999999999999
IL15	0.9999999999999999
IL15RA	0.9999999999999999
IL16	-0.9999999999999999
IL17A	1.0
IL17B	-0.9999999999999999
IL17C	-0.9999999999999998
IL17D	-1.0
IL17F	-1.0
IL17RA	-0.9999999999999998
IL17RB	0.9999999999999999
IL17RC	0.9999999999999999
IL17RD	-1.0
IL17RE	-1.0
IL17REL	-0.9999999999999998
IL18	1.0
IL18BP	0.9999999999999999
IL18R1	-1.0
IL18RAP	1.0
IL19	0.9999999999999998
IL1A	-1.0
IL1B	-0.9999999999999998
IL1F10	
IL1R1	-1.0
IL1R2	-1.0
IL1RAP	-1.0
IL1RAPL1	-1.0
IL1RAPL2	-0.9999999999999997
IL1RL1	-1.0
IL1RL2	0.9999999999999999
IL1RN	-0.9999999999999999
IL2	0.9999999999999998
IL20	-1.0
IL20RA	-0.9999999999999999
IL20RB	-1.0
IL20RB-AS1	
IL21	-0.9999999999999998
IL21-AS1	-1.0
IL21R	-1.0
IL21R-AS1	-0.9999999999999998
IL22	0.9999999999999999
IL22RA1	0.9999999999999999
IL22RA2	-1.0
IL23A	-1.0
IL23R	1.0
IL24	-0.9999999999999998
IL25	
IL26	1.0
IL27	0.9999999999999999
IL27RA	-0.9999999999999999
IL2RA	-0.9999999999999999
IL2RB	1.0
IL2RG	-0.9999999999999999
IL3	
IL31	
IL31RA	1.0
IL32	0.9999999999999998
IL33	-1.0
IL34	-0.9999999999999997
IL36A	-0.9999999999999998
IL36B	
IL36G	0.9999999999999998
IL36RN	0.9999999999999999
IL37	0.9999999999999999
IL3RA	-0.9999999999999998
IL4	-0.9999999999999999
IL4I1	0.9999999999999999
IL4R	-0.9999999999999999
IL5	-0.9999999999999999
IL5RA	-1.0
IL6	-0.9999999999999999
IL6R	-1.0
IL6RP1	
IL6ST	-1.0
IL6STP1	-0.9999999999999999
IL7	-0.9999999999999999
IL7R	-0.9999999999999998
IL8	-1.0
IL9	1.0
IL9R	-0.9999999999999999
IL9RP2	1.0
IL9RP3	-1.0
IL9RP4	-1.0
ILDR1	1.0
ILDR2	1.0
ILF2	0.9999999999999998
ILF2P1	0.9999999999999999
ILF2P2	1.0
ILF3	0.9999999999999998
ILF3-AS1	1.0
ILK	-0.9999999999999998
ILKAP	-0.9999999999999999
ILVBL	1.0
IMMP1L	-0.9999999999999998
IMMP2L	0.9999999999999998
IMMP2L-IT1	1.0
IMMT	1.0
IMMTP1	1.0
IMP3	-0.9999999999999998
IMP4	0.9999999999999998
IMPA1	0.9999999999999998
IMPA1P	-1.0
IMPA2	1.0
IMPACT	1.0
IMPAD1	-0.9999999999999998
IMPDH1	-0.9999999999999999
IMPDH1P10	-0.9999999999999999
IMPDH1P11	-1.0
IMPDH1P4	-1.0
IMPDH1P6	0.9999999999999998
IMPDH2	1.0
IMPG1	-0.9999999999999998
IMPG2	-1.0
INA	-0.9999999999999999
INADL	1.0
INCA1	1.0
INCENP	1.0
INE1	-0.9999999999999999
INF2	0.9999999999999998
ING1	0.9999999999999999
ING2	-0.9999999999999998
ING3	-1.0
ING4	1.0
ING5	0.9999999999999999
INGX	0.9999999999999999
INHA	1.0
INHBA	-0.9999999999999999
INHBA-AS1	0.9999999999999998
INHBB	-1.0
INHBC	-0.9999999999999999
INHBE	-0.9999999999999998
INIP	-0.9999999999999998
INMT	-0.9999999999999999
INMT-FAM188B	
INO80	1.0
INO80B	-0.9999999999999999
INO80C	-1.0
INO80D	-0.9999999999999999
INO80E	-0.9999999999999998
INPP1	-1.0
INPP4A	-0.9999999999999999
INPP4B	-1.0
INPP5A	-1.0
INPP5B	-0.9999999999999999
INPP5D	-0.9999999999999999
INPP5E	-1.0
INPP5F	-1.0
INPP5J	-0.9999999999999999
INPP5K	-1.0
INPPL1	0.9999999999999999
INS	
INS-IGF2	1.0
INSC	-0.9999999999999999
INSIG1	-0.9999999999999998
INSIG2	-0.9999999999999999
INSL3	0.9999999999999999
INSL4	-0.9999999999999999
INSL5	-1.0
INSL6	-1.0
INSM1	1.0
INSM2	0.9999999999999999
INSR	-1.0
INSRR	0.9999999999999997
INTS1	1.0
INTS10	-1.0
INTS12	0.9999999999999998
INTS2	-1.0
INTS3	-1.0
INTS4	-1.0
INTS4L1	1.0
INTS4L2	-0.9999999999999998
INTS5	-0.9999999999999999
INTS6	1.0
INTS6-AS1	-0.9999999999999998
INTS6P1	-1.0
INTS7	0.9999999999999999
INTS8	-0.9999999999999998
INTS9	1.0
INTU	0.9999999999999999
INVS	0.9999999999999998
IP6K1	-1.0
IP6K2	1.0
IP6K3	-0.9999999999999999
IPCEF1	0.9999999999999999
IPMK	-1.0
IPMKP1	-0.9999999999999998
IPO11	-1.0
IPO13	-1.0
IPO4	-1.0
IPO5	-1.0
IPO7	-0.9999999999999999
IPO7P1	0.9999999999999999
IPO7P2	-1.0
IPO8	1.0
IPO8P1	1.0
IPO9	-0.9999999999999999
IPO9-AS1	0.9999999999999999
IPP	1.0
IPPK	-1.0
IPPKP1	
IQCA1	1.0
IQCA1P1	1.0
IQCB1	0.9999999999999998
IQCB2P	0.9999999999999999
IQCC	0.9999999999999998
IQCD	1.0
IQCE	-0.9999999999999999
IQCF1	-0.9999999999999998
IQCF2	
IQCF3	
IQCF5	
IQCF5-AS1	1.0
IQCF6	
IQCG	-0.9999999999999999
IQCH	1.0
IQCH-AS1	0.9999999999999998
IQCJ	
IQCJ-SCHIP1	1.0
IQCJ-SCHIP1-AS1	
IQCK	-1.0
IQGAP1	-0.9999999999999999
IQGAP2	1.0
IQGAP3	-0.9999999999999998
IQSEC1	-0.9999999999999998
IQSEC2	-0.9999999999999999
IQSEC3	-1.0
IQUB	-1.0
IRAK1	1.0
IRAK1BP1	1.0
IRAK2	1.0
IRAK3	-1.0
IRAK4	-0.9999999999999999
IREB2	-0.9999999999999999
IRF1	1.0
IRF2	0.9999999999999999
IRF2BP1	1.0
IRF2BP2	1.0
IRF2BPL	1.0
IRF3	-1.0
IRF4	-1.0
IRF5	-0.9999999999999999
IRF5P1	
IRF6	-0.9999999999999999
IRF7	1.0
IRF8	1.0
IRF9	0.9999999999999998
IRG1	-1.0
IRGC	
IRGM	1.0
IRGQ	-1.0
IRS1	-0.9999999999999999
IRS2	-1.0
IRS4	-0.9999999999999998
IRX1	-1.0
IRX1P1	-0.9999999999999998
IRX2	-1.0
IRX3	0.9999999999999999
IRX4	1.0
IRX5	-1.0
IRX6	-1.0
ISCA1	1.0
ISCA1P1	1.0
ISCA1P2	
ISCA1P3	1.0
ISCA1P4	1.0
ISCA1P6	0.9999999999999999
ISCA2	1.0
ISCA2P1	1.0
ISCU	-1.0
ISCUP1	
ISG15	1.0
ISG20	1.0
ISG20L2	-0.9999999999999998
ISL1	-0.9999999999999998
ISL2	-1.0
ISLR	-1.0
ISLR2	1.0
ISM1	-1.0
ISM1-AS1	-0.9999999999999998
ISM2	0.9999999999999999
ISOC1	1.0
ISOC2	1.0
ISPD	-0.9999999999999999
ISPD-AS1	-0.9999999999999998
IST1	-1.0
ISX	1.0
ISY1	1.0
ISY1-RAB43	
ISYNA1	1.0
ITCH	0.9999999999999999
ITCH-AS1	
ITCH-IT1	-0.9999999999999998
ITFG1	-1.0
ITFG2	-1.0
ITFG3	-0.9999999999999999
ITGA1	-1.0
ITGA10	-1.0
ITGA11	-1.0
ITGA2	-0.9999999999999998
ITGA2B	-0.9999999999999999
ITGA3	-0.9999999999999999
ITGA4	-1.0
ITGA5	-1.0
ITGA6	1.0
ITGA7	-0.9999999999999998
ITGA8	-0.9999999999999998
ITGA9	-1.0
ITGAD	-1.0
ITGAE	1.0
ITGAL	-0.9999999999999998
ITGAM	-1.0
ITGAV	-1.0
ITGAX	-1.0
ITGB1	-0.9999999999999999
ITGB1BP1	-1.0
ITGB1BP2	-0.9999999999999999
ITGB1P1	-0.9999999999999998
ITGB2	0.9999999999999999
ITGB2-AS1	-0.9999999999999999
ITGB3	-1.0
ITGB3BP	1.0
ITGB4	-1.0
ITGB5	-0.9999999999999999
ITGB5-AS1	
ITGB6	-1.0
ITGB7	-0.9999999999999999
ITGB8	0.9999999999999999
ITGBL1	-0.9999999999999998
ITIH1	-0.9999999999999999
ITIH2	-1.0
ITIH3	1.0
ITIH4	-1.0
ITIH4-AS1	-0.9999999999999998
ITIH5	-1.0
ITIH6	-1.0
ITK	-1.0
ITLN1	-1.0
ITLN2	0.9999999999999998
ITM2A	-0.9999999999999999
ITM2B	0.9999999999999999
ITM2BP1	
ITM2C	1.0
ITPA	1.0
ITPK1	-1.0
ITPK1-AS1	-1.0
ITPKA	-0.9999999999999998
ITPKB	-0.9999999999999998
ITPKB-AS1	1.0
ITPKB-IT1	-0.9999999999999998
ITPKC	-0.9999999999999998
ITPR1	-1.0
ITPR1-AS1	1.0
ITPR2	0.9999999999999999
ITPR3	-1.0
ITPRIP	-1.0
ITPRIPL1	-0.9999999999999998
ITPRIPL2	-1.0
ITSN1	-1.0
ITSN2	-1.0
IVD	1.0
IVL	-0.9999999999999998
IVNS1ABP	-1.0
IWS1	-0.9999999999999998
IYD	1.0
IZUMO1	0.9999999999999999
IZUMO2	1.0
IZUMO3	
IZUMO4	-0.9999999999999999
JAG1	-1.0
JAG2	-1.0
JAGN1	-1.0
JAK1	-1.0
JAK2	0.9999999999999999
JAK3	-1.0
JAKMIP1	-0.9999999999999999
JAKMIP2	0.9999999999999999
JAKMIP3	0.9999999999999999
JAM2	-0.9999999999999999
JAM3	-0.9999999999999998
JARID2	-1.0
JARID2-AS1	-1.0
JAZF1	-0.9999999999999999
JAZF1-AS1	-0.9999999999999998
JDP2	-1.0
JHDM1D	-0.9999999999999999
JHDM1D-AS1	0.9999999999999999
JKAMP	-0.9999999999999998
JMJD1C	1.0
JMJD1C-AS1	-1.0
JMJD4	0.9999999999999999
JMJD6	-1.0
JMJD7	0.9999999999999999
JMJD7-PLA2G4B	-1.0
JMJD8	-1.0
JMY	1.0
JOSD1	-1.0
JOSD2	0.9999999999999998
JPH1	1.0
JPH2	-0.9999999999999998
JPH3	-1.0
JPH4	-1.0
JPX	-0.9999999999999998
JRK	0.9999999999999999
JRKL	1.0
JRKL-AS1	
JSRP1	0.9999999999999998
JTB	0.9999999999999998
JTBP1	
JUN	-1.0
JUNB	-0.9999999999999999
JUND	-0.9999999999999998
JUP	-1.0
KAAG1	-0.9999999999999998
KAL1	-1.0
KALP	0.9999999999999998
KALRN	-1.0
KANK1	-1.0
KANK2	-1.0
KANK3	-0.9999999999999999
KANK4	0.9999999999999998
KANSL1	0.9999999999999998
KANSL1-AS1	1.0
KANSL1L	-1.0
KANSL2	0.9999999999999999
KANSL3	-1.0
KARS	0.9999999999999998
KARSP1	-0.9999999999999998
KARSP2	0.9999999999999999
KARSP3	
KAT2A	-1.0
KAT2B	-1.0
KAT5	-1.0
KAT6A	0.9999999999999997
KAT6B	-0.9999999999999999
KAT7	-1.0
KAT8	0.9999999999999998
KATNA1	-1.0
KATNAL1	-1.0
KATNAL2	1.0
KATNB1	0.9999999999999999
KATNBL1	-0.9999999999999998
KATNBL1P1	
KATNBL1P2	
KATNBL1P3	
KATNBL1P4	
KATNBL1P5	
KATNBL1P6	-0.9999999999999998
KAZALD1	0.9999999999999998
KAZN	0.9999999999999998
KBTBD11	-0.9999999999999998
KBTBD11-OT1	-1.0
KBTBD12	-0.9999999999999998
KBTBD13	
KBTBD2	-1.0
KBTBD3	1.0
KBTBD4	-0.9999999999999998
KBTBD6	-0.9999999999999999
KBTBD7	0.9999999999999999
KBTBD8	-0.9999999999999999
KCMF1	-0.9999999999999999
KCNA1	-1.0
KCNA10	-0.9999999999999998
KCNA2	-1.0
KCNA3	-0.9999999999999999
KCNA4	1.0
KCNA5	-1.0
KCNA6	1.0
KCNA7	-0.9999999999999998
KCNAB1	-1.0
KCNAB1-AS1	
KCNAB1-AS2	
KCNAB2	-1.0
KCNAB3	-1.0
KCNB1	-0.9999999999999999
KCNB2	0.9999999999999999
KCNC1	-1.0
KCNC2	-0.9999999999999998
KCNC3	-1.0
KCNC4	-1.0
KCNC4-AS1	-1.0
KCND1	-1.0
KCND2	-1.0
KCND3	1.0
KCND3-AS1	
KCND3-IT1	
KCNE1	0.9999999999999998
KCNE1L	-1.0
KCNE2	-1.0
KCNE3	0.9999999999999997
KCNE4	-0.9999999999999999
KCNF1	-1.0
KCNG1	-1.0
KCNG2	-1.0
KCNG3	-0.9999999999999998
KCNG4	-1.0
KCNH1	-1.0
KCNH1-IT1	0.9999999999999999
KCNH2	-1.0
KCNH3	-1.0
KCNH4	-0.9999999999999998
KCNH5	-0.9999999999999998
KCNH6	-0.9999999999999998
KCNH7	-1.0
KCNH8	0.9999999999999999
KCNIP1	-0.9999999999999998
KCNIP2	-1.0
KCNIP2-AS1	-0.9999999999999998
KCNIP3	-1.0
KCNIP4	-1.0
KCNJ1	0.9999999999999999
KCNJ10	1.0
KCNJ11	1.0
KCNJ12	1.0
KCNJ13	-1.0
KCNJ14	-1.0
KCNJ15	-1.0
KCNJ16	0.9999999999999999
KCNJ2	-1.0
KCNJ2-AS1	1.0
KCNJ3	1.0
KCNJ4	-1.0
KCNJ5	-1.0
KCNJ6	0.9999999999999999
KCNJ6-IT1	
KCNJ8	-1.0
KCNJ9	-1.0
KCNK1	1.0
KCNK10	-1.0
KCNK12	-0.9999999999999997
KCNK13	0.9999999999999999
KCNK15	1.0
KCNK16	-1.0
KCNK17	-1.0
KCNK18	
KCNK2	-0.9999999999999998
KCNK3	-1.0
KCNK4	
KCNK5	0.9999999999999999
KCNK6	0.9999999999999999
KCNK7	-0.9999999999999999
KCNK9	-0.9999999999999998
KCNMA1	-1.0
KCNMB1	-1.0
KCNMB2	0.9999999999999999
KCNMB3	1.0
KCNMB3P1	1.0
KCNMB4	-0.9999999999999999
KCNN1	1.0
KCNN2	0.9999999999999998
KCNN3	-0.9999999999999999
KCNN4	-1.0
KCNQ1	0.9999999999999999
KCNQ1-AS1	
KCNQ1DN	-1.0
KCNQ1OT1	-1.0
KCNQ2	-0.9999999999999998
KCNQ3	-0.9999999999999998
KCNQ4	-1.0
KCNQ5	-1.0
KCNQ5-AS1	
KCNQ5-IT1	
KCNRG	0.9999999999999999
KCNS1	0.9999999999999999
KCNS2	-0.9999999999999998
KCNS3	-0.9999999999999999
KCNT1	0.9999999999999999
KCNT2	-1.0
KCNU1	-1.0
KCNV1	1.0
KCNV2	
KCP	-1.0
KCTD1	-0.9999999999999998
KCTD10	-1.0
KCTD11	-1.0
KCTD12	0.9999999999999999
KCTD13	-1.0
KCTD14	1.0
KCTD15	-0.9999999999999999
KCTD16	-1.0
KCTD17	1.0
KCTD18	1.0
KCTD19	1.0
KCTD2	-1.0
KCTD20	-1.0
KCTD21	-1.0
KCTD21-AS1	0.9999999999999999
KCTD3	0.9999999999999998
KCTD4	-1.0
KCTD5	0.9999999999999998
KCTD6	-0.9999999999999999
KCTD7	-0.9999999999999999
KCTD8	1.0
KCTD9	-1.0
KCTD9P1	-1.0
KCTD9P2	-0.9999999999999999
KDELC1	-0.9999999999999999
KDELC1P1	-1.0
KDELC2	-0.9999999999999998
KDELR1	0.9999999999999998
KDELR2	1.0
KDELR3	-1.0
KDM1A	1.0
KDM1B	-0.9999999999999998
KDM2A	-0.9999999999999999
KDM2B	1.0
KDM3A	-0.9999999999999999
KDM3B	1.0
KDM4A	0.9999999999999999
KDM4A-AS1	-0.9999999999999999
KDM4B	-0.9999999999999999
KDM4C	-1.0
KDM4D	1.0
KDM4E	
KDM5A	1.0
KDM5B	-1.0
KDM5C	-0.9999999999999999
KDM5C-IT1	
KDM5D	0.9999999999999998
KDM6A	-1.0
KDM6B	0.9999999999999999
KDM8	0.9999999999999998
KDR	-1.0
KDSR	-1.0
KEAP1	1.0
KEL	-1.0
KERA	
KHDC1	-1.0
KHDC1L	
KHDC1P1	
KHDC3L	1.0
KHDRBS1	1.0
KHDRBS2	-1.0
KHDRBS3	-1.0
KHK	-1.0
KHNYN	1.0
KHSRP	1.0
KHSRPP1	1.0
KIAA0020	-0.9999999999999999
KIAA0040	-1.0
KIAA0087	-1.0
KIAA0100	-1.0
KIAA0101	0.9999999999999998
KIAA0125	-0.9999999999999998
KIAA0125P2	
KIAA0141	0.9999999999999999
KIAA0195	-1.0
KIAA0196	-1.0
KIAA0196-AS1	
KIAA0226	-1.0
KIAA0226L	-0.9999999999999999
KIAA0232	1.0
KIAA0247	-1.0
KIAA0319	-1.0
KIAA0319L	1.0
KIAA0355	0.9999999999999998
KIAA0368	-0.9999999999999998
KIAA0391	1.0
KIAA0408	1.0
KIAA0430	-1.0
KIAA0513	1.0
KIAA0556	-0.9999999999999998
KIAA0586	0.9999999999999999
KIAA0753	-0.9999999999999999
KIAA0754	-0.9999999999999999
KIAA0825	-0.9999999999999998
KIAA0895	-1.0
KIAA0895L	-0.9999999999999999
KIAA0907	0.9999999999999999
KIAA0922	-1.0
KIAA0930	-0.9999999999999999
KIAA0947	1.0
KIAA1009	0.9999999999999999
KIAA1024	-0.9999999999999998
KIAA1024L	
KIAA1033	-1.0
KIAA1107	-1.0
KIAA1109	1.0
KIAA1143	-0.9999999999999999
KIAA1147	-0.9999999999999997
KIAA1161	-0.9999999999999999
KIAA1191	-1.0
KIAA1199	-0.9999999999999999
KIAA1210	-1.0
KIAA1211	0.9999999999999999
KIAA1211L	1.0
KIAA1217	1.0
KIAA1239	0.9999999999999998
KIAA1244	0.9999999999999999
KIAA1257	-1.0
KIAA1279	-0.9999999999999998
KIAA1324	0.9999999999999998
KIAA1324L	0.9999999999999999
KIAA1328	0.9999999999999999
KIAA1377	-0.9999999999999998
KIAA1407	1.0
KIAA1429	-1.0
KIAA1430	-1.0
KIAA1432	-1.0
KIAA1456	0.9999999999999998
KIAA1462	-1.0
KIAA1467	-1.0
KIAA1468	0.9999999999999999
KIAA1522	-0.9999999999999998
KIAA1524	-1.0
KIAA1549	-0.9999999999999999
KIAA1549L	-0.9999999999999998
KIAA1551	-0.9999999999999999
KIAA1586	0.9999999999999998
KIAA1598	1.0
KIAA1614	-0.9999999999999998
KIAA1644	-0.9999999999999999
KIAA1671	1.0
KIAA1683	-1.0
KIAA1715	0.9999999999999998
KIAA1731	1.0
KIAA1737	-0.9999999999999999
KIAA1755	-0.9999999999999998
KIAA1841	-1.0
KIAA1875	0.9999999999999999
KIAA1919	-1.0
KIAA1958	-1.0
KIAA1984	-0.9999999999999999
KIAA1984-AS1	0.9999999999999998
KIAA2013	-0.9999999999999999
KIAA2018	1.0
KIAA2022	-1.0
KIAA2026	-1.0
KIDINS220	-0.9999999999999999
KIF11	0.9999999999999999
KIF12	0.9999999999999999
KIF13A	1.0
KIF13B	1.0
KIF14	-1.0
KIF15	0.9999999999999999
KIF16B	1.0
KIF17	1.0
KIF18A	-1.0
KIF18B	-1.0
KIF19	1.0
KIF1A	1.0
KIF1B	-0.9999999999999999
KIF1C	1.0
KIF20A	-1.0
KIF20B	1.0
KIF21A	0.9999999999999999
KIF21B	-1.0
KIF22	-0.9999999999999999
KIF23	-0.9999999999999999
KIF24	0.9999999999999999
KIF25	-0.9999999999999999
KIF25-AS1	-1.0
KIF26A	-0.9999999999999999
KIF26B	-1.0
KIF27	1.0
KIF2A	0.9999999999999998
KIF2B	
KIF2C	1.0
KIF3A	0.9999999999999999
KIF3B	0.9999999999999999
KIF3C	-1.0
KIF4A	1.0
KIF4B	1.0
KIF4CP	
KIF5A	-0.9999999999999999
KIF5B	-0.9999999999999999
KIF5C	0.9999999999999999
KIF6	0.9999999999999999
KIF7	-1.0
KIF9	-0.9999999999999999
KIF9-AS1	0.9999999999999999
KIFAP3	1.0
KIFC1	0.9999999999999999
KIFC2	-1.0
KIFC3	-0.9999999999999999
KIN	-0.9999999999999998
KIR2DL1	
KIR2DL3	-0.9999999999999998
KIR2DL4	0.9999999999999999
KIR2DP1	
KIR2DS4	0.9999999999999998
KIR3DL1	1.0
KIR3DL2	-0.9999999999999998
KIR3DL3	1.0
KIR3DP1	
KIR3DX1	-0.9999999999999999
KIRREL	-1.0
KIRREL-IT1	-0.9999999999999998
KIRREL2	-1.0
KIRREL3	-1.0
KIRREL3-AS1	
KIRREL3-AS2	
KIRREL3-AS3	-0.9999999999999998
KISS1	0.9999999999999999
KISS1R	1.0
KIT	-1.0
KITLG	-1.0
KL	-0.9999999999999998
KLB	-0.9999999999999998
KLC1	-1.0
KLC2	-1.0
KLC3	-0.9999999999999998
KLC4	0.9999999999999998
KLF1	-0.9999999999999998
KLF10	-0.9999999999999998
KLF11	-1.0
KLF12	-1.0
KLF13	-0.9999999999999999
KLF14	-1.0
KLF15	-0.9999999999999998
KLF16	-1.0
KLF17	0.9999999999999999
KLF17P1	
KLF17P2	
KLF2	-1.0
KLF3	-1.0
KLF3P1	0.9999999999999999
KLF3P2	
KLF4	-1.0
KLF5	1.0
KLF6	-0.9999999999999998
KLF7	-0.9999999999999999
KLF7-IT1	-0.9999999999999999
KLF7P1	
KLF8	-0.9999999999999998
KLF8P1	
KLF9	0.9999999999999999
KLHDC1	-1.0
KLHDC10	0.9999999999999999
KLHDC2	-0.9999999999999999
KLHDC3	1.0
KLHDC4	0.9999999999999998
KLHDC7A	-1.0
KLHDC7B	0.9999999999999999
KLHDC8A	-1.0
KLHDC8B	1.0
KLHDC9	0.9999999999999998
KLHL1	1.0
KLHL10	1.0
KLHL11	-1.0
KLHL12	1.0
KLHL13	-0.9999999999999998
KLHL14	-1.0
KLHL15	-0.9999999999999998
KLHL17	0.9999999999999999
KLHL18	-0.9999999999999999
KLHL2	-0.9999999999999998
KLHL20	-1.0
KLHL21	-0.9999999999999999
KLHL22	1.0
KLHL22-IT1	-0.9999999999999998
KLHL23	1.0
KLHL24	0.9999999999999998
KLHL25	0.9999999999999999
KLHL26	1.0
KLHL28	-1.0
KLHL29	-1.0
KLHL2P1	-1.0
KLHL3	-0.9999999999999998
KLHL30	-0.9999999999999999
KLHL31	1.0
KLHL32	-0.9999999999999998
KLHL33	-1.0
KLHL34	1.0
KLHL35	-0.9999999999999998
KLHL36	-0.9999999999999999
KLHL38	-1.0
KLHL4	-0.9999999999999999
KLHL40	
KLHL41	-1.0
KLHL42	-0.9999999999999999
KLHL5	-1.0
KLHL6	-1.0
KLHL6-AS1	0.9999999999999999
KLHL7	-1.0
KLHL7-AS1	-1.0
KLHL8	0.9999999999999998
KLHL9	1.0
KLK1	1.0
KLK10	-1.0
KLK11	-1.0
KLK12	1.0
KLK13	0.9999999999999999
KLK14	-1.0
KLK15	0.9999999999999999
KLK2	0.9999999999999998
KLK3	0.9999999999999999
KLK4	0.9999999999999999
KLK5	
KLK6	-1.0
KLK7	-1.0
KLK8	-1.0
KLK9	
KLKB1	-1.0
KLKP1	-0.9999999999999998
KLLN	0.9999999999999998
KLRAP1	1.0
KLRB1	-1.0
KLRC1	0.9999999999999999
KLRC2	0.9999999999999998
KLRC3	0.9999999999999998
KLRC4	0.9999999999999998
KLRC4-KLRK1	-0.9999999999999999
KLRD1	0.9999999999999998
KLRF1	0.9999999999999999
KLRF2	0.9999999999999998
KLRG1	-0.9999999999999999
KLRG2	0.9999999999999998
KLRK1	-1.0
KMO	-1.0
KMT2A	-0.9999999999999998
KMT2B	1.0
KMT2C	1.0
KMT2D	1.0
KMT2E	0.9999999999999999
KMT2E-AS1	0.9999999999999999
KNCN	-0.9999999999999998
KNDC1	1.0
KNG1	-0.9999999999999999
KNOP1	1.0
KNOP1P1	
KNOP1P2	-0.9999999999999998
KNOP1P3	
KNOP1P4	1.0
KNOP1P5	-1.0
KNSTRN	-1.0
KNTC1	-1.0
KPNA1	-1.0
KPNA2	-1.0
KPNA3	-0.9999999999999997
KPNA4	-1.0
KPNA5	0.9999999999999999
KPNA6	-0.9999999999999999
KPNA7	-0.9999999999999999
KPNB1	1.0
KPRP	-1.0
KPTN	-0.9999999999999998
KRAS	1.0
KRASP1	-0.9999999999999998
KRBA1	-1.0
KRBA2	1.0
KRBOX1	0.9999999999999999
KRBOX1-AS1	-0.9999999999999998
KRBOX4	-0.9999999999999998
KRCC1	-1.0
KREMEN1	-0.9999999999999999
KREMEN2	1.0
KRI1	-0.9999999999999998
KRIT1	1.0
KRR1	-1.0
KRR1P1	
KRT1	-1.0
KRT10	0.9999999999999999
KRT12	0.9999999999999999
KRT121P	
KRT124P	
KRT125P	
KRT126P	
KRT127P	
KRT128P	
KRT13	-1.0
KRT14	-0.9999999999999999
KRT15	-0.9999999999999999
KRT16	-0.9999999999999998
KRT16P1	-0.9999999999999998
KRT16P2	-0.9999999999999999
KRT16P3	1.0
KRT16P4	
KRT16P5	-1.0
KRT17	-0.9999999999999999
KRT17P1	1.0
KRT17P2	0.9999999999999999
KRT17P3	-1.0
KRT18	-1.0
KRT18P1	0.9999999999999999
KRT18P10	-0.9999999999999999
KRT18P11	-1.0
KRT18P12	-0.9999999999999998
KRT18P13	0.9999999999999999
KRT18P14	0.9999999999999999
KRT18P15	0.9999999999999999
KRT18P16	-0.9999999999999998
KRT18P17	1.0
KRT18P18	-0.9999999999999998
KRT18P19	0.9999999999999999
KRT18P2	-0.9999999999999998
KRT18P20	-1.0
KRT18P21	-1.0
KRT18P22	1.0
KRT18P23	-1.0
KRT18P24	0.9999999999999999
KRT18P25	0.9999999999999999
KRT18P26	0.9999999999999999
KRT18P27	-1.0
KRT18P28	0.9999999999999998
KRT18P29	0.9999999999999999
KRT18P3	-1.0
KRT18P31	1.0
KRT18P32	1.0
KRT18P33	0.9999999999999999
KRT18P34	-1.0
KRT18P35	-0.9999999999999998
KRT18P36	-0.9999999999999998
KRT18P37	-1.0
KRT18P38	0.9999999999999998
KRT18P39	0.9999999999999998
KRT18P4	-0.9999999999999999
KRT18P40	1.0
KRT18P41	-1.0
KRT18P42	0.9999999999999999
KRT18P43	0.9999999999999999
KRT18P44	-0.9999999999999998
KRT18P45	-1.0
KRT18P46	
KRT18P47	-0.9999999999999998
KRT18P48	-0.9999999999999998
KRT18P49	-1.0
KRT18P5	-1.0
KRT18P50	
KRT18P51	-1.0
KRT18P52	-1.0
KRT18P53	
KRT18P54	1.0
KRT18P55	-1.0
KRT18P56	0.9999999999999999
KRT18P57	-1.0
KRT18P58	-0.9999999999999998
KRT18P59	-1.0
KRT18P6	-1.0
KRT18P60	0.9999999999999999
KRT18P61	-1.0
KRT18P62	-1.0
KRT18P63	1.0
KRT18P64	1.0
KRT18P65	-0.9999999999999998
KRT18P66	-1.0
KRT18P67	-0.9999999999999998
KRT18P68	-0.9999999999999998
KRT18P7	-1.0
KRT18P8	-0.9999999999999999
KRT18P9	0.9999999999999999
KRT19	-1.0
KRT19P1	-0.9999999999999999
KRT19P2	-1.0
KRT19P3	0.9999999999999999
KRT19P4	
KRT19P6	
KRT2	0.9999999999999999
KRT20	1.0
KRT222	-0.9999999999999999
KRT223P	1.0
KRT23	-0.9999999999999998
KRT24	-0.9999999999999998
KRT25	1.0
KRT26	-0.9999999999999998
KRT27	1.0
KRT28	-0.9999999999999998
KRT3	-0.9999999999999998
KRT31	1.0
KRT32	
KRT33A	
KRT33B	
KRT34	-0.9999999999999998
KRT35	
KRT36	1.0
KRT37	
KRT38	
KRT39	0.9999999999999999
KRT4	-1.0
KRT40	0.9999999999999998
KRT41P	1.0
KRT42P	1.0
KRT43P	
KRT5	-1.0
KRT6A	-0.9999999999999999
KRT6B	-0.9999999999999999
KRT6C	-1.0
KRT7	-1.0
KRT71	-1.0
KRT72	-0.9999999999999999
KRT73	-0.9999999999999999
KRT74	-0.9999999999999998
KRT75	-1.0
KRT76	-0.9999999999999998
KRT77	-0.9999999999999998
KRT78	-1.0
KRT79	1.0
KRT8	-1.0
KRT80	-0.9999999999999999
KRT81	0.9999999999999998
KRT82	-1.0
KRT83	1.0
KRT84	-0.9999999999999998
KRT85	
KRT86	0.9999999999999998
KRT8P1	0.9999999999999999
KRT8P10	-0.9999999999999999
KRT8P11	-1.0
KRT8P12	-0.9999999999999999
KRT8P13	1.0
KRT8P14	1.0
KRT8P15	-0.9999999999999999
KRT8P17	-0.9999999999999999
KRT8P18	-1.0
KRT8P19	-1.0
KRT8P2	1.0
KRT8P20	0.9999999999999998
KRT8P21	1.0
KRT8P22	-0.9999999999999999
KRT8P23	-1.0
KRT8P24	-1.0
KRT8P25	-1.0
KRT8P26	-1.0
KRT8P27	1.0
KRT8P28	0.9999999999999999
KRT8P29	-1.0
KRT8P3	-0.9999999999999999
KRT8P30	-1.0
KRT8P31	-0.9999999999999998
KRT8P32	-0.9999999999999999
KRT8P33	-0.9999999999999999
KRT8P34	0.9999999999999999
KRT8P35	0.9999999999999999
KRT8P36	-1.0
KRT8P37	-1.0
KRT8P38	-1.0
KRT8P39	0.9999999999999999
KRT8P4	0.9999999999999999
KRT8P40	-0.9999999999999998
KRT8P41	-0.9999999999999999
KRT8P42	1.0
KRT8P43	-0.9999999999999999
KRT8P44	1.0
KRT8P45	-0.9999999999999998
KRT8P46	-1.0
KRT8P47	-0.9999999999999998
KRT8P48	1.0
KRT8P49	-1.0
KRT8P5	1.0
KRT8P50	-0.9999999999999999
KRT8P51	0.9999999999999998
KRT8P6	1.0
KRT8P7	-1.0
KRT8P8	-0.9999999999999999
KRT8P9	-0.9999999999999999
KRT9	0.9999999999999998
KRTAP1-1	
KRTAP1-3	
KRTAP1-4	
KRTAP1-5	
KRTAP10-1	-0.9999999999999998
KRTAP10-10	
KRTAP10-11	
KRTAP10-12	
KRTAP10-13P	
KRTAP10-2	1.0
KRTAP10-3	-0.9999999999999998
KRTAP10-4	
KRTAP10-5	1.0
KRTAP10-6	
KRTAP10-7	
KRTAP10-8	
KRTAP10-9	1.0
KRTAP11-1	1.0
KRTAP12-1	
KRTAP12-2	
KRTAP12-3	
KRTAP12-4	
KRTAP13-1	
KRTAP13-2	-1.0
KRTAP13-3	
KRTAP13-4	
KRTAP13-5P	
KRTAP13-6P	
KRTAP15-1	
KRTAP16-1	-0.9999999999999998
KRTAP17-1	-0.9999999999999998
KRTAP19-1	
KRTAP19-10P	
KRTAP19-11P	
KRTAP19-2	
KRTAP19-3	
KRTAP19-4	
KRTAP19-5	
KRTAP19-6	
KRTAP19-7	
KRTAP19-8	
KRTAP19-9P	
KRTAP2-1	
KRTAP2-2	
KRTAP2-3	
KRTAP2-4	
KRTAP2-5P	
KRTAP20-1	
KRTAP20-2	
KRTAP20-3	
KRTAP20-4	
KRTAP21-1	
KRTAP21-2	
KRTAP21-3	
KRTAP21-4P	
KRTAP22-1	
KRTAP22-2	
KRTAP23-1	
KRTAP24-1	
KRTAP25-1	1.0
KRTAP26-1	
KRTAP27-1	-0.9999999999999998
KRTAP29-1	-0.9999999999999999
KRTAP3-1	
KRTAP3-2	
KRTAP3-3	-0.9999999999999998
KRTAP3-4P	
KRTAP4-1	-0.9999999999999998
KRTAP4-11	
KRTAP4-12	
KRTAP4-16P	1.0
KRTAP4-2	
KRTAP4-3	
KRTAP4-4	-1.0
KRTAP4-5	
KRTAP4-6	
KRTAP4-7	
KRTAP4-8	
KRTAP4-9	
KRTAP5-1	-0.9999999999999998
KRTAP5-10	0.9999999999999999
KRTAP5-11	
KRTAP5-14P	
KRTAP5-2	-1.0
KRTAP5-3	
KRTAP5-4	1.0
KRTAP5-5	0.9999999999999999
KRTAP5-6	
KRTAP5-7	1.0
KRTAP5-8	1.0
KRTAP5-9	0.9999999999999999
KRTAP5-AS1	0.9999999999999998
KRTAP6-1	
KRTAP6-2	
KRTAP6-3	
KRTAP7-1	
KRTAP8-1	
KRTAP8-2P	
KRTAP8-3P	
KRTAP9-1	
KRTAP9-10P	
KRTAP9-11P	
KRTAP9-12P	
KRTAP9-2	
KRTAP9-3	
KRTAP9-4	
KRTAP9-6	
KRTAP9-7	
KRTAP9-8	
KRTAP9-9	-1.0
KRTCAP2	-0.9999999999999998
KRTCAP3	0.9999999999999998
KRTDAP	
KSR1	-0.9999999999999999
KSR1P1	
KSR2	0.9999999999999999
KTI12	-1.0
KTN1	-1.0
KTN1-AS1	0.9999999999999999
KXD1	-0.9999999999999999
KY	-1.0
KYNU	-0.9999999999999999
KYNUP1	
KYNUP2	
KYNUP3	
L1CAM	-1.0
L1TD1	1.0
L2HGDH	0.9999999999999998
L3HYPDH	-1.0
L3MBTL1	-1.0
L3MBTL2	-1.0
L3MBTL3	0.9999999999999998
L3MBTL4	1.0
LACC1	0.9999999999999998
LACE1	-0.9999999999999999
LACRT	
LACTB	0.9999999999999999
LACTB2	-0.9999999999999998
LACTBL1	-0.9999999999999998
LAD1	-0.9999999999999999
LAG3	-0.9999999999999999
LAGE3	0.9999999999999999
LAIR1	-1.0
LAIR2	-1.0
LALBA	
LAMA1	-1.0
LAMA2	-1.0
LAMA3	-0.9999999999999998
LAMA4	-0.9999999999999998
LAMA5	-0.9999999999999998
LAMB1	-1.0
LAMB2	-0.9999999999999999
LAMB3	-1.0
LAMB4	-0.9999999999999999
LAMC1	-0.9999999999999999
LAMC2	-0.9999999999999999
LAMC3	-0.9999999999999998
LAMP1	-0.9999999999999998
LAMP2	-0.9999999999999998
LAMP3	-1.0
LAMP5	-0.9999999999999999
LAMTOR1	1.0
LAMTOR2	0.9999999999999999
LAMTOR3	-1.0
LAMTOR3P1	-0.9999999999999998
LAMTOR3P2	
LAMTOR4	1.0
LAMTOR5	-0.9999999999999999
LAMTOR5-AS1	-1.0
LAMTOR5P1	0.9999999999999999
LANCL1	1.0
LANCL2	0.9999999999999999
LANCL3	-0.9999999999999998
LAP3	1.0
LAP3P1	1.0
LAP3P2	0.9999999999999999
LAPTM4A	0.9999999999999999
LAPTM4B	-1.0
LAPTM5	-0.9999999999999999
LARGE	0.9999999999999999
LARGE-AS1	-1.0
LARGE-IT1	
LARP1	1.0
LARP1B	-0.9999999999999999
LARP1BP1	1.0
LARP1BP2	
LARP1BP3	
LARP1P1	0.9999999999999999
LARP4	0.9999999999999999
LARP4B	1.0
LARP4P	1.0
LARP6	-1.0
LARP7	1.0
LARS	-0.9999999999999999
LARS2	-0.9999999999999998
LARS2-AS1	
LAS1L	-0.9999999999999998
LASP1	-0.9999999999999998
LAT	0.9999999999999998
LAT2	-1.0
LATS1	1.0
LATS2	-0.9999999999999999
LATS2-AS1	-0.9999999999999998
LAX1	-1.0
LAYN	-0.9999999999999999
LBH	-1.0
LBP	-1.0
LBR	0.9999999999999999
LBX1	-1.0
LBX1-AS1	
LBX2	0.9999999999999999
LBX2-AS1	1.0
LCA10	-0.9999999999999998
LCA5	-1.0
LCA5L	0.9999999999999999
LCAT	-1.0
LCE1A	0.9999999999999999
LCE1B	
LCE1C	-1.0
LCE1D	
LCE1E	
LCE1F	1.0
LCE2A	-0.9999999999999999
LCE2B	
LCE2C	
LCE2D	
LCE3A	1.0
LCE3B	
LCE3C	
LCE3D	
LCE3E	
LCE4A	
LCE5A	
LCE6A	1.0
LCK	-1.0
LCLAT1	0.9999999999999999
LCMT1	-0.9999999999999999
LCMT2	-0.9999999999999999
LCN1	-1.0
LCN10	0.9999999999999999
LCN12	0.9999999999999997
LCN15	-0.9999999999999999
LCN1P1	1.0
LCN1P2	
LCN2	-1.0
LCN6	0.9999999999999999
LCN8	-1.0
LCN9	
LCNL1	-0.9999999999999999
LCOR	1.0
LCORL	0.9999999999999999
LCP1	-0.9999999999999999
LCP2	-0.9999999999999998
LCT	0.9999999999999998
LCTL	-0.9999999999999998
LDB1	-1.0
LDB2	-1.0
LDB3	-0.9999999999999999
LDHA	-1.0
LDHAL6A	1.0
LDHAL6B	1.0
LDHAL6CP	
LDHAL6DP	
LDHAL6EP	
LDHAL6FP	-1.0
LDHAP1	-0.9999999999999999
LDHAP2	-1.0
LDHAP3	-1.0
LDHAP4	-1.0
LDHAP5	-0.9999999999999999
LDHAP7	-1.0
LDHB	-1.0
LDHBP1	1.0
LDHBP2	1.0
LDHBP3	-0.9999999999999999
LDHC	0.9999999999999999
LDHD	-1.0
LDLR	-0.9999999999999999
LDLRAD1	1.0
LDLRAD2	-1.0
LDLRAD3	-1.0
LDLRAD4	-1.0
LDLRAD4-AS1	-0.9999999999999998
LDLRAP1	-1.0
LDOC1	-1.0
LDOC1L	-0.9999999999999998
LEAP2	1.0
LECT1	-1.0
LECT2	-0.9999999999999998
LEF1	-1.0
LEF1-AS1	-0.9999999999999999
LEFTY1	1.0
LEFTY2	-0.9999999999999998
LEKR1	0.9999999999999999
LELP1	-0.9999999999999998
LEMD1	-1.0
LEMD1-AS1	
LEMD2	0.9999999999999999
LEMD3	-0.9999999999999999
LENEP	
LENG1	-1.0
LENG8	-0.9999999999999999
LENG8-AS1	1.0
LENG9	0.9999999999999998
LEO1	0.9999999999999998
LEP	-0.9999999999999998
LEPR	-0.9999999999999999
LEPRE1	-1.0
LEPREL1	-0.9999999999999998
LEPREL1-AS1	0.9999999999999999
LEPREL2	-1.0
LEPREL4	-0.9999999999999999
LEPROT	-1.0
LEPROTL1	1.0
LETM1	-0.9999999999999998
LETM1P2	-0.9999999999999998
LETM2	-0.9999999999999999
LETMD1	-0.9999999999999999
LEUTX	1.0
LFNG	-0.9999999999999998
LGALS1	-1.0
LGALS12	-1.0
LGALS13	-0.9999999999999998
LGALS14	0.9999999999999999
LGALS16	
LGALS17A	0.9999999999999999
LGALS2	0.9999999999999998
LGALS3	-1.0
LGALS3BP	0.9999999999999999
LGALS4	1.0
LGALS7	
LGALS7B	
LGALS8	1.0
LGALS8-AS1	1.0
LGALS9	0.9999999999999998
LGALS9B	-0.9999999999999999
LGALS9C	0.9999999999999999
LGALSL	0.9999999999999998
LGI1	-0.9999999999999999
LGI2	-0.9999999999999998
LGI3	0.9999999999999999
LGI4	-0.9999999999999999
LGMN	-0.9999999999999999
LGMNP1	-0.9999999999999999
LGR4	-0.9999999999999999
LGR5	0.9999999999999999
LGR6	0.9999999999999998
LGSN	0.9999999999999998
LHB	-1.0
LHCGR	-1.0
LHFP	-1.0
LHFPL1	1.0
LHFPL2	0.9999999999999999
LHFPL3	1.0
LHFPL3-AS1	0.9999999999999999
LHFPL4	-0.9999999999999998
LHFPL5	-0.9999999999999998
LHPP	0.9999999999999998
LHX1	-0.9999999999999998
LHX2	0.9999999999999999
LHX3	1.0
LHX4	0.9999999999999999
LHX5	-1.0
LHX6	-1.0
LHX8	1.0
LHX9	1.0
LIAS	0.9999999999999998
LIF	-0.9999999999999998
LIFR	-0.9999999999999999
LIFR-AS1	0.9999999999999999
LIG1	0.9999999999999998
LIG3	1.0
LIG4	0.9999999999999999
LILRA1	-0.9999999999999998
LILRA2	-1.0
LILRA3	0.9999999999999999
LILRA4	-0.9999999999999999
LILRA5	0.9999999999999998
LILRA6	0.9999999999999999
LILRB1	-0.9999999999999999
LILRB2	0.9999999999999999
LILRB3	1.0
LILRB4	-0.9999999999999999
LILRB5	1.0
LILRP1	-0.9999999999999999
LILRP2	1.0
LIM2	1.0
LIMA1	-1.0
LIMCH1	-1.0
LIMD1	1.0
LIMD1-AS1	0.9999999999999999
LIMD2	-0.9999999999999999
LIME1	1.0
LIMK1	-0.9999999999999999
LIMK2	1.0
LIMS1	-0.9999999999999999
LIMS2	-0.9999999999999998
LIMS3	
LIMS3L	0.9999999999999999
LIN28A	
LIN28AP1	
LIN28AP2	
LIN28B	1.0
LIN37	-1.0
LIN52	0.9999999999999998
LIN54	1.0
LIN7A	-1.0
LIN7B	1.0
LIN7C	-1.0
LIN9	0.9999999999999999
LINC-ROR	
LINC00028	-0.9999999999999998
LINC00029	1.0
LINC00032	0.9999999999999998
LINC00035	1.0
LINC00051	1.0
LINC00052	
LINC00083	1.0
LINC00085	-1.0
LINC00086	-0.9999999999999999
LINC00087	-0.9999999999999999
LINC00092	1.0
LINC00094	-1.0
LINC00102	
LINC00106	-0.9999999999999999
LINC00111	-0.9999999999999998
LINC00112	-1.0
LINC00113	
LINC00114	0.9999999999999998
LINC00115	1.0
LINC00116	1.0
LINC00152	-1.0
LINC00158	-0.9999999999999998
LINC00159	
LINC00160	
LINC00161	
LINC00162	-1.0
LINC00163	-0.9999999999999999
LINC00167	0.9999999999999999
LINC00173	-0.9999999999999999
LINC00174	-1.0
LINC00176	0.9999999999999999
LINC00184	0.9999999999999999
LINC00189	-1.0
LINC00200	1.0
LINC00202-1	-0.9999999999999999
LINC00202-2	-1.0
LINC00205	0.9999999999999999
LINC00207	-1.0
LINC00208	
LINC00210	
LINC00211	-1.0
LINC00221	0.9999999999999999
LINC00222	1.0
LINC00226	
LINC00229	
LINC00237	-1.0
LINC00238	1.0
LINC00240	0.9999999999999998
LINC00242	-0.9999999999999998
LINC00243	-1.0
LINC00261	1.0
LINC00263	-0.9999999999999998
LINC00264	-0.9999999999999998
LINC00265	-0.9999999999999998
LINC00265-2P	
LINC00265-3P	
LINC00266-1	-0.9999999999999998
LINC00266-2P	
LINC00266-3	
LINC00266-4P	
LINC00269	-0.9999999999999998
LINC00271	-0.9999999999999999
LINC00272	-0.9999999999999998
LINC00273	1.0
LINC00276	-0.9999999999999998
LINC00277	-0.9999999999999998
LINC00278	1.0
LINC00279	
LINC00280	
LINC00284	-1.0
LINC00290	
LINC00293	
LINC00297	
LINC00299	-1.0
LINC00301	
LINC00302	
LINC00303	-0.9999999999999999
LINC00304	-0.9999999999999999
LINC00305	
LINC00307	1.0
LINC00308	
LINC00309	-0.9999999999999998
LINC00310	1.0
LINC00311	-0.9999999999999998
LINC00312	-0.9999999999999998
LINC00313	1.0
LINC00314	
LINC00315	-1.0
LINC00316	-0.9999999999999998
LINC00317	-0.9999999999999998
LINC00319	1.0
LINC00320	
LINC00322	-0.9999999999999999
LINC00323	-1.0
LINC00324	1.0
LINC00326	
LINC00327	-0.9999999999999998
LINC00328-2P	
LINC00330	-1.0
LINC00331	
LINC00332	-1.0
LINC00333	-0.9999999999999998
LINC00334	1.0
LINC00336	1.0
LINC00337	-1.0
LINC00338	-0.9999999999999999
LINC00339	0.9999999999999998
LINC00341	-0.9999999999999999
LINC00342	-0.9999999999999998
LINC00343	-1.0
LINC00345	-0.9999999999999998
LINC00346	1.0
LINC00347	-0.9999999999999998
LINC00348	
LINC00349	
LINC00350	
LINC00351	
LINC00352	
LINC00353	
LINC00354	
LINC00355	
LINC00358	
LINC00359	0.9999999999999999
LINC00362	
LINC00363	
LINC00364	
LINC00365	1.0
LINC00366	
LINC00368	
LINC00370	
LINC00371	0.9999999999999999
LINC00374	
LINC00375	-0.9999999999999998
LINC00376	
LINC00378	
LINC00379	-0.9999999999999998
LINC00380	1.0
LINC00381	-1.0
LINC00382	
LINC00383	-0.9999999999999998
LINC00384	0.9999999999999999
LINC00385	
LINC00387	
LINC00388	
LINC00390	-0.9999999999999999
LINC00391	
LINC00392	
LINC00393	-0.9999999999999998
LINC00395	
LINC00396	
LINC00397	
LINC00398	1.0
LINC00399	
LINC00400	
LINC00401	
LINC00402	-1.0
LINC00403	-1.0
LINC00404	
LINC00407	
LINC00408	
LINC00410	1.0
LINC00411	
LINC00412	1.0
LINC00415	
LINC00421	-0.9999999999999998
LINC00423	
LINC00424	
LINC00426	-1.0
LINC00427	-1.0
LINC00428	
LINC00430	
LINC00431	0.9999999999999999
LINC00433	-0.9999999999999998
LINC00434	
LINC00437	
LINC00440	
LINC00441	1.0
LINC00442	
LINC00443	
LINC00444	-0.9999999999999999
LINC00445	
LINC00446	
LINC00448	
LINC00449	0.9999999999999998
LINC00452	1.0
LINC00454	
LINC00456	
LINC00457	
LINC00458	
LINC00459	
LINC00460	
LINC00461	0.9999999999999998
LINC00462	-0.9999999999999998
LINC00466	1.0
LINC00467	-1.0
LINC00469	-0.9999999999999998
LINC00470	0.9999999999999998
LINC00471	1.0
LINC00472	-0.9999999999999998
LINC00473	-1.0
LINC00474	
LINC00475	-0.9999999999999999
LINC00476	-1.0
LINC00477	-0.9999999999999998
LINC00478	-0.9999999999999998
LINC00479	-0.9999999999999999
LINC00482	0.9999999999999999
LINC00483	1.0
LINC00484	-1.0
LINC00485	-1.0
LINC00486	-1.0
LINC00487	1.0
LINC00488	-1.0
LINC00489	
LINC00491	
LINC00492	
LINC00493	-0.9999999999999999
LINC00494	-0.9999999999999998
LINC00498	
LINC00499	
LINC00500	-1.0
LINC00501	-0.9999999999999998
LINC00502	
LINC00504	-1.0
LINC00505	-0.9999999999999999
LINC00507	0.9999999999999999
LINC00508	
LINC00511	-1.0
LINC00514	-1.0
LINC00515	0.9999999999999999
LINC00517	-0.9999999999999998
LINC00518	
LINC00519	0.9999999999999999
LINC00520	-1.0
LINC00521	1.0
LINC00523	
LINC00524	-0.9999999999999998
LINC00525	1.0
LINC00526	0.9999999999999999
LINC00528	-1.0
LINC00529	
LINC00533	
LINC00534	
LINC00535	0.9999999999999999
LINC00536	
LINC00537	-0.9999999999999998
LINC00539	-1.0
LINC00543	1.0
LINC00544	-0.9999999999999998
LINC00545	1.0
LINC00551	-0.9999999999999999
LINC00552	0.9999999999999999
LINC00554	-0.9999999999999998
LINC00555	-0.9999999999999998
LINC00556	
LINC00557	
LINC00558	
LINC00559	-0.9999999999999998
LINC00560	
LINC00561	0.9999999999999998
LINC00562	-1.0
LINC00563	-1.0
LINC00564	
LINC00565	-0.9999999999999998
LINC00566	1.0
LINC00567	0.9999999999999998
LINC00568	-1.0
LINC00570	-1.0
LINC00571	1.0
LINC00572	1.0
LINC00574	1.0
LINC00575	
LINC00577	
LINC00578	1.0
LINC00582	-1.0
LINC00583	
LINC00587	
LINC00588	1.0
LINC00589	-0.9999999999999999
LINC00592	-0.9999999999999998
LINC00593	-0.9999999999999998
LINC00594	-0.9999999999999999
LINC00595	1.0
LINC00596	
LINC00598	1.0
LINC00599	-1.0
LINC00601	-0.9999999999999998
LINC00603	
LINC00604	-1.0
LINC00605	-0.9999999999999999
LINC00606	1.0
LINC00607	0.9999999999999998
LINC00608	-0.9999999999999998
LINC00609	
LINC00610	-0.9999999999999999
LINC00612	1.0
LINC00613	
LINC00614	-0.9999999999999999
LINC00615	1.0
LINC00616	0.9999999999999999
LINC00617	-0.9999999999999999
LINC00618	-1.0
LINC00619	0.9999999999999999
LINC00620	
LINC00621	0.9999999999999999
LINC00622	-1.0
LINC00623	-1.0
LINC00624	
LINC00626	1.0
LINC00629	-1.0
LINC00630	-1.0
LINC00632	-1.0
LINC00633	
LINC00634	1.0
LINC00635	-0.9999999999999997
LINC00636	-1.0
LINC00637	-0.9999999999999998
LINC00638	0.9999999999999998
LINC00639	-0.9999999999999998
LINC00640	-0.9999999999999999
LINC00641	-1.0
LINC00642	-0.9999999999999999
LINC00643	1.0
LINC00644	
LINC00645	
LINC00648	
LINC00649	0.9999999999999998
LINC00652	-1.0
LINC00654	0.9999999999999999
LINC00656	1.0
LINC00657	-1.0
LINC00658	0.9999999999999998
LINC00659	-1.0
LINC00661	-0.9999999999999998
LINC00662	-1.0
LINC00663	-0.9999999999999999
LINC00664	1.0
LINC00665	-1.0
LINC00667	1.0
LINC00668	0.9999999999999999
LINC00669	1.0
LINC00670	1.0
LINC00671	-1.0
LINC00672	1.0
LINC00674	1.0
LINC00675	0.9999999999999999
LINC00676	1.0
LINC00677	
LINC00678	
LINC00680	-1.0
LINC00681	
LINC00682	-0.9999999999999998
LINC00683	1.0
LINC00684	
LINC00685	-1.0
LINC00686	
LINC00687	
LINC00689	-1.0
LINC00690	
LINC00691	
LINC00692	
LINC00693	-1.0
LINC00694	-0.9999999999999998
LINC00696	1.0
LINC00698	1.0
LINC00700	1.0
LINC00701	
LINC00702	-0.9999999999999999
LINC00703	-0.9999999999999998
LINC00704	-0.9999999999999999
LINC00705	
LINC00707	-0.9999999999999999
LINC00708	-0.9999999999999998
LINC00709	
LINC00710	1.0
LINC00837	-1.0
LINC00838	
LINC00839	-1.0
LINC00840	1.0
LINC00841	1.0
LINC00842	-1.0
LINC00843	1.0
LINC00844	-0.9999999999999998
LINC00845	-0.9999999999999999
LINC00846	-1.0
LINC00847	-0.9999999999999999
LINC00851	
LINC00852	-1.0
LINC00853	0.9999999999999999
LINC00854	1.0
LINC00856	-0.9999999999999998
LINC00857	-0.9999999999999998
LINC00858	0.9999999999999998
LINC00861	-1.0
LINC00862	0.9999999999999999
LINC00863	0.9999999999999999
LINC00864	-1.0
LINC00865	0.9999999999999997
LINC00866	1.0
LINC00867	0.9999999999999999
LINC00868	-0.9999999999999998
LINC00870	0.9999999999999999
LINC00871	
LINC00877	-1.0
LINC00879	
LINC00880	0.9999999999999998
LINC00881	1.0
LINC00882	0.9999999999999999
LINC00883	-1.0
LINC00884	1.0
LINC00885	-1.0
LINC00886	-1.0
LINC00887	-1.0
LINC00888	1.0
LINC00890	1.0
LINC00892	0.9999999999999999
LINC00893	-1.0
LINC00894	-0.9999999999999999
LINC00896	-1.0
LINC00898	-1.0
LINC00899	1.0
LINC00900	-0.9999999999999999
LINC00901	
LINC00903	
LINC00904	
LINC00905	1.0
LINC00906	1.0
LINC00907	0.9999999999999999
LINC00908	-1.0
LINC00909	0.9999999999999999
LINC00910	0.9999999999999998
LINC00911	1.0
LINC00917	-1.0
LINC00919	
LINC00920	0.9999999999999998
LINC00922	-0.9999999999999998
LINC00923	0.9999999999999999
LINC00924	-1.0
LINC00925	-1.0
LINC00926	-0.9999999999999998
LINC00927	-1.0
LINC00928	
LINC00929	-0.9999999999999998
LINC00930	-1.0
LINC00933	-1.0
LINC00935	0.9999999999999999
LINC00936	-0.9999999999999999
LINC00937	1.0
LINC00938	0.9999999999999999
LINC00939	0.9999999999999999
LINC00940	0.9999999999999998
LINC00941	0.9999999999999998
LINC00942	0.9999999999999999
LINC00943	
LINC00944	-1.0
LINC00945	1.0
LINC00948	-1.0
LINC00951	
LINC00954	-1.0
LINC00955	1.0
LINC00957	-0.9999999999999999
LINC00958	0.9999999999999999
LINC00959	1.0
LINC00960	
LINC00961	1.0
LINC00963	-0.9999999999999998
LINC00964	-0.9999999999999999
LINC00966	-0.9999999999999998
LINC00967	-0.9999999999999998
LINC00968	0.9999999999999999
LINC00969	1.0
LINC00970	-0.9999999999999998
LINC00971	-1.0
LINC00972	-0.9999999999999998
LINC00973	-0.9999999999999999
LINC00974	0.9999999999999998
LINC00977	
LINC00982	0.9999999999999998
LINC00984	-0.9999999999999999
LINC00987	-0.9999999999999999
LINC00989	-1.0
LINC00992	1.0
LINC00993	
LINC00994	-0.9999999999999998
LINC00996	0.9999999999999998
LINC00998	1.0
LINC00999	-0.9999999999999999
LINC01001	-0.9999999999999999
LINC01002	-1.0
LINC01003	1.0
LINC01004	-1.0
LINC01005	
LINC01006	0.9999999999999999
LINC01007	1.0
LINC01010	-0.9999999999999999
LINC01011	-1.0
LINC01013	-1.0
LINC01014	1.0
LINC01015	1.0
LINC01016	-1.0
LINC01018	0.9999999999999998
LINC01019	
LINC01020	-0.9999999999999998
LINC01021	1.0
LINC01022	-1.0
LINC01023	1.0
LINC01024	-0.9999999999999998
LINC01028	
LINC01029	1.0
LINC01030	
LINC01031	-1.0
LINC01032	-0.9999999999999998
LINC01033	1.0
LINC01034	-0.9999999999999998
LINC01035	
LINC01036	1.0
LINC01037	1.0
LINC01038	
LINC01039	
LINC01040	
LINC01043	-0.9999999999999998
LINC01044	
LINC01046	
LINC01047	
LINC01048	-0.9999999999999998
LINC01049	
LINC01050	0.9999999999999999
LINC01052	
LINC01053	
LINC01054	
LINC01055	-0.9999999999999998
LINC01056	
LINC01057	1.0
LINC01058	-1.0
LINC01059	-1.0
LINC01060	-1.0
LINC01063	0.9999999999999999
LINC01065	
LINC01066	
LINC01067	
LINC01068	-0.9999999999999999
LINC01069	
LINC01070	-0.9999999999999998
LINC01071	0.9999999999999999
LINC01072	
LINC01074	
LINC01075	
LINC01076	
LINC01077	
LINC01078	-0.9999999999999998
LINC01079	-0.9999999999999998
LINC01081	-0.9999999999999999
LINC01082	-1.0
LINC01085	-0.9999999999999998
LINC01087	1.0
LINC01088	1.0
LINGO1	-1.0
LINGO2	1.0
LINGO3	-1.0
LINGO4	-1.0
LINS	1.0
LIPA	-1.0
LIPC	-1.0
LIPE	-1.0
LIPE-AS1	0.9999999999999999
LIPF	
LIPG	-1.0
LIPH	-0.9999999999999999
LIPI	
LIPJ	0.9999999999999998
LIPK	
LIPM	1.0
LIPN	-1.0
LIPT1	1.0
LIPT1P1	1.0
LIPT2	0.9999999999999998
LITAF	-1.0
LIX1	-1.0
LIX1L	-1.0
LLGL1	-0.9999999999999998
LLGL2	1.0
LLPH	-1.0
LMAN1	1.0
LMAN1L	
LMAN2	1.0
LMAN2L	-0.9999999999999998
LMBR1	-1.0
LMBR1L	0.9999999999999998
LMBRD1	-1.0
LMBRD2	0.9999999999999998
LMCD1	-0.9999999999999998
LMCD1-AS1	1.0
LMF1	0.9999999999999999
LMF2	1.0
LMLN	1.0
LMLN-AS1	-0.9999999999999999
LMNA	-0.9999999999999999
LMNB1	1.0
LMNB2	1.0
LMO1	-1.0
LMO2	-0.9999999999999999
LMO3	-0.9999999999999999
LMO4	-1.0
LMO7	-1.0
LMOD1	-1.0
LMOD2	-0.9999999999999999
LMOD3	-1.0
LMTK2	0.9999999999999998
LMTK3	0.9999999999999998
LMX1A	0.9999999999999999
LMX1B	0.9999999999999997
LNP1	0.9999999999999999
LNPEP	0.9999999999999997
LNX1	1.0
LNX1-AS1	-0.9999999999999998
LNX1-AS2	1.0
LNX2	1.0
LOC401913	1.0
LOH12CR1	0.9999999999999998
LOH12CR2	1.0
LONP1	-0.9999999999999999
LONP2	-0.9999999999999999
LONRF1	-1.0
LONRF2	-0.9999999999999999
LONRF2P1	-0.9999999999999998
LONRF2P2	-0.9999999999999998
LONRF3	-1.0
LOR	-1.0
LOX	-1.0
LOXHD1	-1.0
LOXL1	-1.0
LOXL1-AS1	-1.0
LOXL2	-0.9999999999999999
LOXL3	-0.9999999999999998
LOXL4	-1.0
LPA	0.9999999999999999
LPAL2	0.9999999999999999
LPAR1	-0.9999999999999998
LPAR2	-1.0
LPAR3	-0.9999999999999998
LPAR4	-1.0
LPAR5	-0.9999999999999997
LPAR6	0.9999999999999999
LPCAT1	-1.0
LPCAT2	0.9999999999999999
LPCAT2BP	
LPCAT3	0.9999999999999999
LPCAT4	-0.9999999999999998
LPGAT1	0.9999999999999998
LPHN1	-0.9999999999999999
LPHN2	-0.9999999999999998
LPHN3	-0.9999999999999998
LPIN1	-1.0
LPIN2	0.9999999999999999
LPIN3	1.0
LPL	-1.0
LPO	0.9999999999999999
LPP	-0.9999999999999999
LPP-AS1	
LPP-AS2	0.9999999999999999
LPPR1	0.9999999999999999
LPPR3	-1.0
LPPR4	-1.0
LPPR5	-1.0
LPXN	-0.9999999999999998
LRAT	-0.9999999999999999
LRBA	0.9999999999999999
LRCH1	-0.9999999999999998
LRCH2	-0.9999999999999999
LRCH3	-0.9999999999999999
LRCH4	-0.9999999999999998
LRCOL1	-1.0
LRFN1	0.9999999999999999
LRFN2	0.9999999999999999
LRFN3	-0.9999999999999998
LRFN4	0.9999999999999999
LRFN5	-0.9999999999999999
LRG1	0.9999999999999999
LRGUK	-1.0
LRIF1	-1.0
LRIG1	0.9999999999999999
LRIG2	1.0
LRIG3	0.9999999999999999
LRIT1	
LRIT2	-0.9999999999999998
LRIT3	1.0
LRMP	-0.9999999999999999
LRP1	-1.0
LRP10	-0.9999999999999999
LRP11	-1.0
LRP12	-1.0
LRP1B	-0.9999999999999999
LRP2	-1.0
LRP2BP	-0.9999999999999999
LRP3	0.9999999999999999
LRP4	-1.0
LRP4-AS1	1.0
LRP5	0.9999999999999999
LRP5L	0.9999999999999999
LRP6	-1.0
LRP8	-0.9999999999999999
LRPAP1	-0.9999999999999999
LRPPRC	1.0
LRR1	0.9999999999999998
LRRC1	1.0
LRRC10	1.0
LRRC10B	-0.9999999999999999
LRRC14	-1.0
LRRC14B	1.0
LRRC15	-0.9999999999999999
LRRC16A	1.0
LRRC16B	-1.0
LRRC17	-0.9999999999999999
LRRC18	1.0
LRRC19	0.9999999999999999
LRRC2	-1.0
LRRC20	0.9999999999999999
LRRC23	-1.0
LRRC24	-0.9999999999999999
LRRC25	0.9999999999999998
LRRC26	1.0
LRRC27	1.0
LRRC28	-1.0
LRRC29	-1.0
LRRC3	-0.9999999999999999
LRRC3-AS1	1.0
LRRC30	
LRRC31	0.9999999999999998
LRRC32	-0.9999999999999999
LRRC34	-0.9999999999999999
LRRC36	1.0
LRRC37A	0.9999999999999999
LRRC37A11P	-0.9999999999999999
LRRC37A12P	1.0
LRRC37A13P	
LRRC37A14P	-1.0
LRRC37A15P	-1.0
LRRC37A16P	-1.0
LRRC37A17P	-0.9999999999999999
LRRC37A2	-0.9999999999999999
LRRC37A3	0.9999999999999999
LRRC37A4P	0.9999999999999999
LRRC37A5P	-1.0
LRRC37A6P	1.0
LRRC37A7P	-1.0
LRRC37A9P	-0.9999999999999998
LRRC37B	1.0
LRRC37BP1	-0.9999999999999999
LRRC38	0.9999999999999999
LRRC39	-1.0
LRRC3B	-0.9999999999999999
LRRC3C	
LRRC3DN	-1.0
LRRC4	-0.9999999999999999
LRRC40	-1.0
LRRC41	-1.0
LRRC42	-0.9999999999999998
LRRC43	1.0
LRRC45	0.9999999999999999
LRRC46	-0.9999999999999999
LRRC47	-1.0
LRRC48	-1.0
LRRC49	-0.9999999999999999
LRRC4B	1.0
LRRC4C	-1.0
LRRC52	1.0
LRRC53	1.0
LRRC55	-0.9999999999999999
LRRC56	0.9999999999999998
LRRC57	0.9999999999999999
LRRC58	-0.9999999999999998
LRRC59	0.9999999999999999
LRRC6	-0.9999999999999999
LRRC61	0.9999999999999998
LRRC63	0.9999999999999998
LRRC66	0.9999999999999998
LRRC69	-1.0
LRRC7	-1.0
LRRC70	-1.0
LRRC71	
LRRC72	1.0
LRRC73	-1.0
LRRC8A	-1.0
LRRC8B	-0.9999999999999998
LRRC8C	-0.9999999999999999
LRRC8D	-1.0
LRRC8E	-1.0
LRRC9	0.9999999999999999
LRRCC1	0.9999999999999998
LRRD1	-1.0
LRRFIP1	1.0
LRRFIP1P1	0.9999999999999999
LRRFIP2	1.0
LRRIQ1	0.9999999999999998
LRRIQ3	1.0
LRRIQ4	-1.0
LRRK1	-0.9999999999999998
LRRK2	1.0
LRRN1	1.0
LRRN2	0.9999999999999999
LRRN3	0.9999999999999999
LRRN4	-0.9999999999999998
LRRN4CL	-0.9999999999999999
LRRTM1	-0.9999999999999999
LRRTM2	-1.0
LRRTM3	-1.0
LRRTM4	-1.0
LRSAM1	0.9999999999999999
LRTM1	1.0
LRTM2	0.9999999999999999
LRTOMT	0.9999999999999998
LRWD1	-1.0
LSAMP	-0.9999999999999999
LSAMP-AS1	-0.9999999999999998
LSG1	0.9999999999999998
LSM1	-1.0
LSM10	-1.0
LSM11	1.0
LSM12	0.9999999999999999
LSM12P1	-0.9999999999999998
LSM14A	0.9999999999999998
LSM14B	0.9999999999999998
LSM2	1.0
LSM3	1.0
LSM3P2	1.0
LSM3P3	1.0
LSM3P4	
LSM3P5	-0.9999999999999998
LSM4	0.9999999999999999
LSM5	-0.9999999999999999
LSM6	0.9999999999999998
LSM6P2	-1.0
LSM7	0.9999999999999998
LSMD1	-0.9999999999999999
LSMEM1	-1.0
LSMEM2	0.9999999999999999
LSP1	-0.9999999999999998
LSP1P2	
LSP1P3	-0.9999999999999998
LSR	1.0
LSS	-1.0
LST1	-0.9999999999999998
LST3	-0.9999999999999998
LTA	-0.9999999999999999
LTA4H	-0.9999999999999999
LTB	-1.0
LTB4R	-0.9999999999999997
LTB4R2	-1.0
LTBP1	-0.9999999999999999
LTBP2	-0.9999999999999998
LTBP3	-0.9999999999999999
LTBP4	-1.0
LTBR	1.0
LTC4S	
LTF	-1.0
LTK	-1.0
LTN1	-1.0
LTV1	-0.9999999999999999
LTV1P1	
LUC7L	-0.9999999999999998
LUC7L2	
LUC7L3	-0.9999999999999999
LUCAT1	-1.0
LUM	-1.0
LURAP1	-1.0
LURAP1L	-1.0
LUZP1	-0.9999999999999999
LUZP2	-1.0
LUZP4	1.0
LUZP4P1	-0.9999999999999998
LUZP6	
LUZPP1	-1.0
LXN	1.0
LY6D	-1.0
LY6E	1.0
LY6G5B	-0.9999999999999998
LY6G5C	-1.0
LY6G6C	0.9999999999999998
LY6G6D	
LY6G6E	
LY6G6F	
LY6H	1.0
LY6K	0.9999999999999998
LY75	0.9999999999999999
LY75-CD302	
LY86	1.0
LY86-AS1	1.0
LY9	-1.0
LY96	-1.0
LYAR	-1.0
LYG1	-1.0
LYG2	-0.9999999999999998
LYL1	-1.0
LYN	0.9999999999999999
LYNX1	-0.9999999999999999
LYPD1	1.0
LYPD2	
LYPD3	-0.9999999999999999
LYPD4	-0.9999999999999998
LYPD5	1.0
LYPD6	1.0
LYPD6B	-0.9999999999999998
LYPD8	1.0
LYPLA1	0.9999999999999998
LYPLA1P1	
LYPLA1P2	-1.0
LYPLA1P3	-0.9999999999999999
LYPLA2	0.9999999999999998
LYPLA2P1	1.0
LYPLAL1	0.9999999999999999
LYRM1	0.9999999999999998
LYRM2	0.9999999999999999
LYRM4	-0.9999999999999999
LYRM5	0.9999999999999997
LYRM7	-1.0
LYRM9	0.9999999999999999
LYSMD1	1.0
LYSMD2	-0.9999999999999999
LYSMD3	-0.9999999999999998
LYSMD4	0.9999999999999998
LYST	-0.9999999999999998
LYVE1	-0.9999999999999999
LYZ	0.9999999999999999
LYZL1	
LYZL2	1.0
LYZL4	-1.0
LYZL6	
LZIC	-0.9999999999999999
LZTFL1	1.0
LZTR1	-1.0
LZTS1	-0.9999999999999998
LZTS1-AS1	
LZTS2	0.9999999999999998
LZTS3	0.9999999999999999
M1AP	0.9999999999999999
M6PR	-0.9999999999999998
MAATS1	1.0
MAB21L1	-1.0
MAB21L2	-0.9999999999999998
MAB21L3	-0.9999999999999999
MACC1	-1.0
MACC1-AS1	1.0
MACF1	-1.0
MACROD1	1.0
MACROD2	-1.0
MACROD2-AS1	
MACROD2-IT1	
MAD1L1	0.9999999999999998
MAD2L1	1.0
MAD2L1BP	1.0
MAD2L2	0.9999999999999998
MADCAM1	-1.0
MADD	-1.0
MAEA	1.0
MAEL	0.9999999999999998
MAF	-0.9999999999999998
MAF1	-0.9999999999999999
MAFA	0.9999999999999999
MAFB	0.9999999999999999
MAFF	-1.0
MAFG	-0.9999999999999999
MAFG-AS1	-1.0
MAFK	1.0
MAG	1.0
MAGEA1	0.9999999999999999
MAGEA10	
MAGEA11	0.9999999999999999
MAGEA12	-1.0
MAGEA13P	
MAGEA2	
MAGEA2B	1.0
MAGEA3	1.0
MAGEA4	
MAGEA5	
MAGEA6	1.0
MAGEA7P	
MAGEA8	
MAGEA8-AS1	-0.9999999999999998
MAGEA9	-0.9999999999999998
MAGEA9B	
MAGEB1	
MAGEB10	-1.0
MAGEB16	
MAGEB17	-1.0
MAGEB18	1.0
MAGEB2	-1.0
MAGEB3	-0.9999999999999998
MAGEB4	-0.9999999999999998
MAGEB5	
MAGEB6	
MAGEB6P1	
MAGEC1	-1.0
MAGEC2	
MAGEC3	
MAGED1	0.9999999999999999
MAGED2	0.9999999999999999
MAGED4	-1.0
MAGED4B	0.9999999999999999
MAGEE1	-1.0
MAGEE2	-0.9999999999999999
MAGEF1	1.0
MAGEH1	-0.9999999999999999
MAGEL2	
MAGI1	-1.0
MAGI1-AS1	
MAGI1-IT1	-0.9999999999999998
MAGI2	1.0
MAGI2-AS1	
MAGI2-AS2	
MAGI2-AS3	-1.0
MAGI3	1.0
MAGIX	1.0
MAGOH	0.9999999999999999
MAGOH2	-1.0
MAGOHB	0.9999999999999998
MAGT1	1.0
MAK	-0.9999999999999998
MAK16	-0.9999999999999999
MAL	-0.9999999999999998
MAL2	-1.0
MALAT1	-1.0
MALL	-1.0
MALSU1	1.0
MALT1	-0.9999999999999999
MAMDC2	-1.0
MAMDC2-AS1	1.0
MAMDC4	1.0
MAML1	-0.9999999999999998
MAML2	-0.9999999999999999
MAML3	1.0
MAMLD1	-1.0
MAMSTR	-1.0
MAN1A1	0.9999999999999999
MAN1A2	1.0
MAN1B1	-1.0
MAN1C1	-0.9999999999999998
MAN2A1	-1.0
MAN2A2	-0.9999999999999999
MAN2B1	1.0
MAN2B2	-1.0
MAN2C1	-0.9999999999999999
MANBA	-1.0
MANBAL	0.9999999999999999
MANEA	-0.9999999999999998
MANEA-AS1	-0.9999999999999999
MANEAL	0.9999999999999999
MANF	0.9999999999999999
MANSC1	-1.0
MANSC4	-1.0
MAOA	-1.0
MAOB	-1.0
MAP10	1.0
MAP1A	-0.9999999999999999
MAP1B	-1.0
MAP1LC3A	-0.9999999999999999
MAP1LC3B	-1.0
MAP1LC3B2	1.0
MAP1LC3C	-0.9999999999999998
MAP1LC3P	
MAP1S	1.0
MAP2	1.0
MAP2K1	-0.9999999999999999
MAP2K1P1	0.9999999999999998
MAP2K2	1.0
MAP2K3	-0.9999999999999998
MAP2K4	-1.0
MAP2K4P1	0.9999999999999999
MAP2K5	-1.0
MAP2K6	0.9999999999999999
MAP2K7	0.9999999999999999
MAP3K1	1.0
MAP3K10	1.0
MAP3K11	1.0
MAP3K12	-1.0
MAP3K13	1.0
MAP3K14	1.0
MAP3K14-AS1	-1.0
MAP3K15	1.0
MAP3K19	1.0
MAP3K2	-1.0
MAP3K3	-0.9999999999999999
MAP3K4	-0.9999999999999998
MAP3K5	-1.0
MAP3K6	-1.0
MAP3K7	-0.9999999999999999
MAP3K7CL	1.0
MAP3K8	-0.9999999999999998
MAP3K9	-0.9999999999999999
MAP4	-1.0
MAP4K1	-0.9999999999999999
MAP4K2	-1.0
MAP4K3	-0.9999999999999998
MAP4K4	-0.9999999999999999
MAP4K5	1.0
MAP6	-0.9999999999999999
MAP6D1	-1.0
MAP7	1.0
MAP7D1	-0.9999999999999999
MAP7D2	-1.0
MAP7D3	-0.9999999999999998
MAP9	-1.0
MAPK1	-1.0
MAPK10	-0.9999999999999999
MAPK11	-0.9999999999999999
MAPK12	-0.9999999999999999
MAPK13	1.0
MAPK14	-1.0
MAPK15	-1.0
MAPK1IP1L	-1.0
MAPK3	-1.0
MAPK4	-1.0
MAPK6	0.9999999999999999
MAPK6PS2	-1.0
MAPK6PS3	0.9999999999999999
MAPK6PS4	0.9999999999999999
MAPK7	-1.0
MAPK8	0.9999999999999999
MAPK8IP1	-0.9999999999999999
MAPK8IP2	1.0
MAPK8IP3	-0.9999999999999999
MAPK9	-0.9999999999999999
MAPKAP1	-1.0
MAPKAPK2	-1.0
MAPKAPK3	-0.9999999999999999
MAPKAPK5	0.9999999999999998
MAPKAPK5-AS1	0.9999999999999998
MAPKAPK5P1	
MAPKBP1	-1.0
MAPRE1	-0.9999999999999998
MAPRE1P1	0.9999999999999999
MAPRE1P3	
MAPRE2	-0.9999999999999999
MAPRE3	-1.0
MAPT	-0.9999999999999999
MAPT-AS1	1.0
MARC1	1.0
MARC2	0.9999999999999998
MARCH1	-1.0
MARCH10	0.9999999999999999
MARCH11	-0.9999999999999998
MARCH2	-0.9999999999999999
MARCH3	-1.0
MARCH4	1.0
MARCH5	0.9999999999999998
MARCH6	1.0
MARCH7	-1.0
MARCH8	-0.9999999999999999
MARCH9	0.9999999999999998
MARCKS	1.0
MARCKSL1	1.0
MARCKSL1P1	
MARCKSL1P2	1.0
MARCO	0.9999999999999999
MARK1	0.9999999999999998
MARK2	0.9999999999999999
MARK2P10	-0.9999999999999998
MARK2P11	
MARK2P12	
MARK2P13	-0.9999999999999998
MARK2P14	-0.9999999999999998
MARK2P15	-0.9999999999999998
MARK2P4	-0.9999999999999998
MARK2P5	
MARK2P6	
MARK2P8	
MARK2P9	1.0
MARK3	-0.9999999999999999
MARK4	-1.0
MARS	-1.0
MARS2	-0.9999999999999999
MARVELD1	-1.0
MARVELD2	1.0
MARVELD3	1.0
MAS1	1.0
MAS1L	-1.0
MAS1LP1	0.9999999999999998
MASP1	-0.9999999999999998
MASP2	1.0
MAST1	-1.0
MAST2	-1.0
MAST3	-0.9999999999999999
MAST4	0.9999999999999998
MAST4-AS1	0.9999999999999998
MAST4-IT1	
MASTL	-0.9999999999999998
MAT1A	1.0
MAT2A	0.9999999999999999
MAT2B	0.9999999999999999
MATK	1.0
MATN1	-1.0
MATN1-AS1	-0.9999999999999999
MATN2	-1.0
MATN3	-0.9999999999999999
MATN4	0.9999999999999998
MATR3	-1.0
MAU2	-1.0
MAVS	0.9999999999999999
MAX	1.0
MAZ	-0.9999999999999999
MB	1.0
MB21D1	-1.0
MB21D2	-0.9999999999999998
MBD1	-0.9999999999999999
MBD2	-1.0
MBD3	0.9999999999999998
MBD3L1	
MBD3L2	
MBD3L3	
MBD3L4	
MBD3L5	
MBD4	0.9999999999999999
MBD5	1.0
MBD6	-1.0
MBIP	-0.9999999999999999
MBL1P	-1.0
MBL2	1.0
MBL3P	
MBLAC1	-0.9999999999999999
MBLAC2	0.9999999999999999
MBNL1	-0.9999999999999999
MBNL1-AS1	-0.9999999999999999
MBNL2	-0.9999999999999998
MBNL3	-1.0
MBOAT1	1.0
MBOAT2	-1.0
MBOAT4	0.9999999999999998
MBOAT7	-0.9999999999999998
MBP	0.9999999999999998
MBTD1	1.0
MBTPS1	-0.9999999999999999
MBTPS2	-0.9999999999999998
MC1R	-1.0
MC2R	1.0
MC3R	
MC4R	-1.0
MC5R	-1.0
MCAM	-0.9999999999999998
MCAT	-1.0
MCC	-0.9999999999999999
MCCC1	0.9999999999999999
MCCC1-AS1	1.0
MCCC2	-1.0
MCCD1	
MCCD1P1	
MCCD1P2	1.0
MCEE	0.9999999999999999
MCF2	1.0
MCF2L	1.0
MCF2L-AS1	0.9999999999999998
MCF2L2	-0.9999999999999999
MCFD2	-1.0
MCFD2P1	1.0
MCHR1	-1.0
MCHR2	1.0
MCHR2-AS1	
MCIDAS	-1.0
MCL1	-0.9999999999999999
MCM10	0.9999999999999999
MCM2	1.0
MCM3	-1.0
MCM3AP	-0.9999999999999998
MCM3AP-AS1	-1.0
MCM4	1.0
MCM5	1.0
MCM6	1.0
MCM7	1.0
MCM8	1.0
MCM9	1.0
MCMBP	-0.9999999999999998
MCMDC2	1.0
MCOLN1	-1.0
MCOLN2	-0.9999999999999999
MCOLN3	-0.9999999999999999
MCPH1	-0.9999999999999999
MCRS1	-1.0
MCTP1	-1.0
MCTP2	1.0
MCTS1	-1.0
MCU	-0.9999999999999999
MCUR1	-1.0
MDC1	-1.0
MDC1-AS1	
MDFI	-1.0
MDFIC	-1.0
MDGA1	-0.9999999999999999
MDGA2	0.9999999999999999
MDH1	-0.9999999999999999
MDH1B	1.0
MDH2	0.9999999999999999
MDK	0.9999999999999998
MDM1	-0.9999999999999999
MDM2	-1.0
MDM4	-0.9999999999999999
MDN1	-1.0
MDP1	-0.9999999999999999
MDS2	-1.0
ME1	-0.9999999999999998
ME2	1.0
ME3	0.9999999999999999
MEA1	-0.9999999999999999
MEAF6	-0.9999999999999999
MEAF6P1	1.0
MECOM	-0.9999999999999998
MECP2	-0.9999999999999998
MECR	-0.9999999999999999
MED1	1.0
MED10	0.9999999999999999
MED11	-0.9999999999999999
MED12	-1.0
MED12L	-1.0
MED13	1.0
MED13L	-0.9999999999999998
MED13P1	
MED14	-0.9999999999999999
MED14-AS1	-1.0
MED14P1	
MED15	1.0
MED15P1	
MED15P3	
MED15P4	
MED15P5	-0.9999999999999998
MED15P6	
MED15P7	
MED15P8	
MED15P9	1.0
MED16	-0.9999999999999999
MED17	1.0
MED18	1.0
MED19	1.0
MED20	-0.9999999999999999
MED21	-0.9999999999999999
MED22	1.0
MED23	1.0
MED24	0.9999999999999999
MED25	0.9999999999999998
MED26	-1.0
MED27	-0.9999999999999998
MED28	-1.0
MED28P1	-0.9999999999999998
MED28P2	
MED28P3	
MED28P4	
MED28P5	
MED28P6	
MED28P7	1.0
MED28P8	
MED29	1.0
MED30	0.9999999999999999
MED31	-1.0
MED4	-0.9999999999999999
MED4-AS1	
MED6	-1.0
MED6P1	
MED7	1.0
MED8	-1.0
MED9	-0.9999999999999999
MEDAG	-1.0
MEF2A	-1.0
MEF2AP1	
MEF2B	-1.0
MEF2BNB	0.9999999999999999
MEF2BNB-MEF2B	-0.9999999999999998
MEF2C	-0.9999999999999999
MEF2C-AS1	-0.9999999999999999
MEF2D	-0.9999999999999999
MEFV	0.9999999999999999
MEG3	-1.0
MEG8	-0.9999999999999998
MEG9	-1.0
MEGF10	0.9999999999999998
MEGF11	-0.9999999999999999
MEGF6	1.0
MEGF8	0.9999999999999999
MEGF9	-0.9999999999999999
MEGT1	
MEI1	-0.9999999999999999
MEI4	-1.0
MEIG1	1.0
MEIOB	-0.9999999999999997
MEIS1	-1.0
MEIS1-AS1	
MEIS1-AS2	
MEIS1-AS3	1.0
MEIS2	-1.0
MEIS3	-1.0
MEIS3P1	1.0
MEIS3P2	0.9999999999999998
MELK	0.9999999999999998
MEMO1	0.9999999999999999
MEMO1P1	0.9999999999999999
MEMO1P3	
MEMO1P4	
MEMO1P5	
MEN1	0.9999999999999999
MEOX1	-1.0
MEOX2	-1.0
MEP1A	-1.0
MEP1AP1	-0.9999999999999999
MEP1AP2	-0.9999999999999998
MEP1AP3	-1.0
MEP1AP4	-1.0
MEP1B	-1.0
MEPCE	1.0
MEPE	
MERTK	-1.0
MESDC1	-1.0
MESDC2	0.9999999999999998
MESP1	1.0
MESP2	0.9999999999999999
MEST	0.9999999999999999
MESTP1	-0.9999999999999998
MESTP2	-0.9999999999999998
MESTP3	-0.9999999999999998
MESTP4	-1.0
MET	-1.0
METAP1	-1.0
METAP1D	1.0
METAP2	-0.9999999999999998
METRN	-0.9999999999999999
METRNL	0.9999999999999999
METTL1	1.0
METTL10	-1.0
METTL11B	-1.0
METTL12	1.0
METTL13	0.9999999999999998
METTL14	1.0
METTL15	0.9999999999999999
METTL15P1	0.9999999999999999
METTL15P3	-1.0
METTL16	-0.9999999999999999
METTL17	-0.9999999999999999
METTL18	0.9999999999999999
METTL20	0.9999999999999999
METTL21A	-1.0
METTL21AP1	
METTL21B	1.0
METTL21C	
METTL21EP	0.9999999999999998
METTL22	1.0
METTL23	1.0
METTL24	1.0
METTL25	-1.0
METTL2A	1.0
METTL2B	-1.0
METTL3	0.9999999999999999
METTL4	-0.9999999999999998
METTL5	-0.9999999999999999
METTL6	-1.0
METTL7A	-0.9999999999999999
METTL7AP1	-0.9999999999999998
METTL7B	-1.0
METTL8	-0.9999999999999999
METTL9	-0.9999999999999998
MEX3A	0.9999999999999999
MEX3B	-0.9999999999999999
MEX3C	-0.9999999999999998
MEX3D	-1.0
MFAP1	-0.9999999999999998
MFAP1P1	-1.0
MFAP2	-1.0
MFAP3	-1.0
MFAP3L	1.0
MFAP4	-0.9999999999999998
MFAP5	-0.9999999999999998
MFF	-1.0
MFGE8	-1.0
MFHAS1	-0.9999999999999999
MFI2	-1.0
MFI2-AS1	-0.9999999999999998
MFN1	-1.0
MFN2	-0.9999999999999999
MFNG	-1.0
MFRP	
MFSD1	0.9999999999999999
MFSD10	-1.0
MFSD11	-0.9999999999999998
MFSD12	-0.9999999999999999
MFSD2A	1.0
MFSD2B	-0.9999999999999999
MFSD3	1.0
MFSD4	1.0
MFSD5	-0.9999999999999998
MFSD6	1.0
MFSD6L	1.0
MFSD7	-0.9999999999999998
MFSD8	-1.0
MFSD9	0.9999999999999999
MGA	-0.9999999999999999
MGAM	-0.9999999999999999
MGARP	-1.0
MGAT1	-1.0
MGAT2	0.9999999999999998
MGAT3	-0.9999999999999998
MGAT4A	0.9999999999999998
MGAT4B	-0.9999999999999998
MGAT4C	-0.9999999999999999
MGAT5	-0.9999999999999999
MGAT5B	-1.0
MGEA5	0.9999999999999999
MGLL	-1.0
MGME1	0.9999999999999998
MGMT	0.9999999999999999
MGP	-1.0
MGRN1	0.9999999999999999
MGST1	1.0
MGST2	1.0
MGST3	-1.0
MIA	-1.0
MIA-RAB4B	
MIA2	1.0
MIA3	-0.9999999999999998
MIAT	-0.9999999999999998
MIB1	-1.0
MIB2	1.0
MICA	1.0
MICAL1	-0.9999999999999999
MICAL2	-0.9999999999999999
MICAL3	0.9999999999999999
MICALCL	-0.9999999999999998
MICALL1	0.9999999999999999
MICALL2	1.0
MICB	0.9999999999999998
MICC	
MICD	0.9999999999999998
MICE	1.0
MICF	0.9999999999999999
MICG	-0.9999999999999998
MICU1	-0.9999999999999999
MICU2	1.0
MICU3	-0.9999999999999999
MID1	1.0
MID1IP1	1.0
MID1IP1-AS1	0.9999999999999998
MID2	-0.9999999999999998
MIDN	-1.0
MIEF1	-1.0
MIEF2	0.9999999999999998
MIEN1	0.9999999999999998
MIER1	-1.0
MIER2	-0.9999999999999998
MIER3	-0.9999999999999998
MIF	1.0
MIF4GD	-1.0
MIIP	1.0
MILR1	-0.9999999999999998
MIMT1	1.0
MINA	-0.9999999999999999
MINK1	-0.9999999999999999
MINOS1	1.0
MINOS1-NBL1	-0.9999999999999998
MINOS1P2	0.9999999999999999
MINOS1P3	0.9999999999999999
MINOS1P4	
MINPP1	-0.9999999999999999
MIOS	-1.0
MIOX	0.9999999999999999
MIP	-1.0
MIPEP	1.0
MIPEPP1	
MIPEPP2	
MIPEPP3	0.9999999999999998
MIPOL1	1.0
MIR1-1	
MIR100	
MIR101-1	
MIR101-2	-0.9999999999999998
MIR103A1	0.9999999999999999
MIR103A2	-1.0
MIR105-1	
MIR105-2	
MIR106A	
MIR106B	-0.9999999999999998
MIR107	-0.9999999999999999
MIR10A	-0.9999999999999998
MIR10B	1.0
MIR1178	
MIR1179	
MIR1180	
MIR1181	
MIR1182	
MIR1183	
MIR1184-1	
MIR1184-2	
MIR1184-3	
MIR1185-1	
MIR1185-2	
MIR1193	
MIR1197	
MIR1200	
MIR1202	1.0
MIR1203	
MIR1205	
MIR1207	
MIR1208	1.0
MIR122	
MIR1224	
MIR1225	1.0
MIR1226	
MIR1227	
MIR1228	
MIR1229	
MIR1231	
MIR1233-1	
MIR1233-2	
MIR1234	
MIR1236	
MIR1237	
MIR1238	
MIR124-2	
MIR124-3	
MIR1245A	
MIR1249	-0.9999999999999997
MIR1250	-1.0
MIR1251	
MIR1252	
MIR1253	
MIR1255A	
MIR1255B1	-0.9999999999999998
MIR1255B2	
MIR1256	
MIR1257	
MIR1258	
MIR125A	
MIR125B1	-1.0
MIR125B2	
MIR126	0.9999999999999999
MIR1260A	
MIR1260B	
MIR1261	
MIR1262	
MIR1263	-0.9999999999999998
MIR1265	
MIR1266	
MIR1267	
MIR1268A	
MIR1269A	
MIR1269B	
MIR127	
MIR1270-1	
MIR1270-2	
MIR1271	1.0
MIR1272	
MIR1273C	-0.9999999999999998
MIR1275	
MIR1276	
MIR1277	-0.9999999999999998
MIR1278	
MIR128-1	
MIR128-2	
MIR1281	
MIR1282	-1.0
MIR1283-1	
MIR1283-2	
MIR1284	
MIR1285-1	-1.0
MIR1285-2	
MIR1286	
MIR1287	
MIR1288	
MIR1289-1	
MIR1289-2	
MIR129-1	
MIR129-2	
MIR1290	
MIR1292	
MIR1293	-0.9999999999999998
MIR1294	
MIR1295A	
MIR1296	
MIR1298	
MIR1299	
MIR1301	-0.9999999999999998
MIR1302-1	
MIR1302-10	-1.0
MIR1302-11	
MIR1302-2	
MIR1302-3	
MIR1302-4	
MIR1302-5	
MIR1302-6	
MIR1302-8	
MIR1302-9	
MIR1303	
MIR1304	
MIR1305	-0.9999999999999998
MIR1306	
MIR1307	
MIR130A	-0.9999999999999998
MIR130B	1.0
MIR132	
MIR1323	
MIR1324	
MIR133A1	0.9999999999999999
MIR133A2	
MIR133B	
MIR133BHG	1.0
MIR134	
MIR1343	1.0
MIR135A1	
MIR135A2	
MIR135B	1.0
MIR136	
MIR137HG	-1.0
MIR138-1	
MIR138-2	
MIR139	
MIR140	1.0
MIR141	1.0
MIR142	-0.9999999999999998
MIR143	-1.0
MIR143HG	-1.0
MIR144	1.0
MIR145	-1.0
MIR1468	
MIR1469	
MIR146A	1.0
MIR146B	
MIR1470	
MIR1471	
MIR147A	
MIR147B	
MIR148A	
MIR148B	
MIR149	
MIR150	
MIR151A	
MIR151B	
MIR152	0.9999999999999999
MIR153-1	
MIR153-2	
MIR1537	-0.9999999999999998
MIR1538	1.0
MIR1539	
MIR154	
MIR155HG	-0.9999999999999998
MIR1587	1.0
MIR15B	
MIR16-1	
MIR16-2	
MIR17HG	-1.0
MIR181A1	
MIR181A1HG	-0.9999999999999998
MIR181A2	
MIR181A2HG	-0.9999999999999999
MIR181B1	
MIR181B2	-0.9999999999999998
MIR181C	
MIR181D	
MIR182	
MIR1825	
MIR1827	
MIR183	
MIR184	
MIR185	
MIR186	-1.0
MIR187	
MIR188	
MIR18B	
MIR1908	
MIR1909	
MIR190A	
MIR190B	
MIR191	-0.9999999999999998
MIR1910	
MIR1911	
MIR1912	
MIR1913	
MIR1914	
MIR1915	-0.9999999999999998
MIR192	0.9999999999999998
MIR193A	1.0
MIR193B	
MIR194-1	-1.0
MIR194-2	-1.0
MIR196A1	-1.0
MIR196A2	
MIR196B	
MIR197	-1.0
MIR1972-1	
MIR1972-2	
MIR1976	
MIR199A1	
MIR199A2	0.9999999999999998
MIR199B	
MIR19B2	
MIR200A	1.0
MIR200B	0.9999999999999998
MIR200C	1.0
MIR202	
MIR203	
MIR204	
MIR2053	
MIR205HG	1.0
MIR206	
MIR208A	
MIR208B	
MIR20B	
MIR21	
MIR210	0.9999999999999999
MIR210HG	-1.0
MIR211	
MIR2110	
MIR2113	
MIR2114	
MIR2115	
MIR2116	-1.0
MIR2117	1.0
MIR212	
MIR214	-1.0
MIR215	1.0
MIR216A	
MIR216B	
MIR217	
MIR218-1	
MIR218-2	
MIR219-1	1.0
MIR219-2	1.0
MIR221	-1.0
MIR222	1.0
MIR223	-1.0
MIR224	
MIR2276	
MIR2277	
MIR2278	-0.9999999999999998
MIR22HG	0.9999999999999998
MIR2355	
MIR2392	
MIR23A	-0.9999999999999998
MIR23B	-1.0
MIR23C	-0.9999999999999998
MIR24-2	-1.0
MIR2467	
MIR25	0.9999999999999999
MIR2681	
MIR26A1	
MIR26A2	-1.0
MIR26B	-1.0
MIR27A	
MIR27B	-1.0
MIR28	
MIR2909	-0.9999999999999999
MIR296	-0.9999999999999998
MIR297	
MIR298	-0.9999999999999999
MIR299	
MIR29B1	-0.9999999999999999
MIR300	
MIR301A	
MIR301B	
MIR302A	
MIR302B	
MIR302C	
MIR302D	
MIR302E	
MIR3064	
MIR3074	
MIR30A	
MIR30B	-0.9999999999999998
MIR30C1	-1.0
MIR30C2	-1.0
MIR30D	
MIR30E	
MIR31	
MIR3115	
MIR3116-1	
MIR3117	
MIR3118-1	1.0
MIR3118-2	-0.9999999999999998
MIR3118-3	
MIR3118-4	
MIR3119-2	
MIR3121	
MIR3122	
MIR3123	
MIR3124	1.0
MIR3125	-1.0
MIR3126	
MIR3127	
MIR3128	-0.9999999999999999
MIR3129	-0.9999999999999998
MIR3130-1	
MIR3131	1.0
MIR3132	
MIR3133	
MIR3134	
MIR3135A	
MIR3135B	
MIR3136	1.0
MIR3137	
MIR3138	-0.9999999999999998
MIR3139	
MIR3140	-0.9999999999999998
MIR3141	1.0
MIR3142	
MIR3143	
MIR3144	
MIR3145	-0.9999999999999998
MIR3146	
MIR3147	
MIR3148	
MIR3150B	-0.9999999999999999
MIR3151	
MIR3152	
MIR3153	-1.0
MIR3154	
MIR3155A	-0.9999999999999998
MIR3156-1	
MIR3156-2	
MIR3156-3	
MIR3157	
MIR3158-1	1.0
MIR3159	
MIR3160-2	
MIR3161	-1.0
MIR3162	
MIR3163	
MIR3164	-1.0
MIR3165	
MIR3166	
MIR3167	
MIR3168	
MIR3169	
MIR3170	
MIR3173	
MIR3174	-0.9999999999999999
MIR3175	
MIR3176	0.9999999999999997
MIR3177	1.0
MIR3178	-0.9999999999999998
MIR3179-1	1.0
MIR3179-2	
MIR3179-3	
MIR3180-1	0.9999999999999999
MIR3180-2	
MIR3180-3	
MIR3180-4	-0.9999999999999998
MIR3180-5	
MIR3182	
MIR3183	
MIR3184	
MIR3185	1.0
MIR3186	
MIR3187	
MIR3188	-0.9999999999999998
MIR3189	1.0
MIR3191	
MIR3192	-0.9999999999999999
MIR3193	-1.0
MIR3194	
MIR3196	
MIR3197	-0.9999999999999998
MIR3198-1	-0.9999999999999998
MIR3198-2	
MIR3199-2	
MIR31HG	0.9999999999999999
MIR32	-0.9999999999999998
MIR3200	
MIR3201	
MIR3202-1	-1.0
MIR320A	0.9999999999999999
MIR320B1	
MIR320B2	-0.9999999999999998
MIR320C1	-0.9999999999999998
MIR320C2	
MIR320D1	
MIR320D2	
MIR320E	-1.0
MIR323A	
MIR323B	
MIR324	-0.9999999999999998
MIR325	
MIR326	-0.9999999999999998
MIR328	
MIR329-1	
MIR329-2	
MIR330	
MIR331	0.9999999999999998
MIR335	
MIR337	
MIR338	
MIR339	1.0
MIR33A	
MIR33B	1.0
MIR340	-0.9999999999999998
MIR342	1.0
MIR345	
MIR346	
MIR34A	-0.9999999999999999
MIR34B	
MIR34C	
MIR3605	-0.9999999999999998
MIR3607	
MIR3609	-1.0
MIR361	
MIR3610	
MIR3611	
MIR3612	
MIR3613	-0.9999999999999998
MIR3614	
MIR3615	-0.9999999999999998
MIR3616	
MIR3617	
MIR3618	
MIR3619	-0.9999999999999998
MIR362	
MIR3620	
MIR3621	
MIR3622A	
MIR363	
MIR3646	-0.9999999999999999
MIR3648	-1.0
MIR3649	-0.9999999999999998
MIR3650	
MIR3652	
MIR3654	-1.0
MIR3655	
MIR3657	0.9999999999999999
MIR3659	
MIR365A	
MIR365B	
MIR3660	
MIR3661	
MIR3663	
MIR3664	-0.9999999999999998
MIR3665	
MIR3666	
MIR3667	
MIR3668	
MIR367	
MIR3670-1	
MIR3670-2	
MIR3671	-1.0
MIR3672	
MIR3675	
MIR3677	-0.9999999999999998
MIR3678	
MIR3679	1.0
MIR3680-1	-0.9999999999999998
MIR3680-2	
MIR3681	1.0
MIR3682	0.9999999999999998
MIR3683	
MIR3684	
MIR3685	-1.0
MIR3686	
MIR3688-2	
MIR3689A	
MIR3689B	
MIR3689C	
MIR3689D1	
MIR3689D2	
MIR3689E	
MIR3689F	
MIR369	
MIR3690	
MIR3691	-0.9999999999999998
MIR3692	
MIR370	
MIR3713	
MIR3714	
MIR371A	
MIR371B	
MIR372	
MIR373	
MIR374A	
MIR374B	-1.0
MIR375	
MIR376A1	
MIR376C	
MIR377	
MIR378A	-1.0
MIR378B	
MIR378C	
MIR378D1	
MIR378D2	-0.9999999999999998
MIR378E	
MIR378F	
MIR378G	-0.9999999999999998
MIR378H	-0.9999999999999998
MIR378I	-1.0
MIR379	
MIR380	
MIR381	
MIR381HG	
MIR382	
MIR383	
MIR3907	
MIR3908	
MIR3909	1.0
MIR3910-1	
MIR3911	1.0
MIR3912	-1.0
MIR3913-2	
MIR3914-1	
MIR3915	
MIR3916	-0.9999999999999999
MIR3917	
MIR3918	-0.9999999999999998
MIR3919	
MIR3920	
MIR3921	
MIR3922	
MIR3923	
MIR3924	
MIR3925	
MIR3926-2	
MIR3927	-0.9999999999999998
MIR3928	
MIR3929	
MIR3934	
MIR3935	-0.9999999999999998
MIR3936	0.9999999999999998
MIR3937	
MIR3938	
MIR3939	0.9999999999999999
MIR3940	
MIR3941	
MIR3942	-1.0
MIR3943	
MIR3944	1.0
MIR3945	
MIR3960	
MIR3972	
MIR3973	
MIR3976	
MIR3978	1.0
MIR409	1.0
MIR410	1.0
MIR411	
MIR412	
MIR421	-1.0
MIR422A	
MIR423	
MIR425	-0.9999999999999999
MIR4252	
MIR4253	
MIR4254	
MIR4255	
MIR4257	
MIR4258	0.9999999999999999
MIR4260	
MIR4261	
MIR4262	
MIR4263	-0.9999999999999999
MIR4264	
MIR4265	-0.9999999999999998
MIR4266	
MIR4267	
MIR4268	
MIR4269	
MIR4270	
MIR4271	
MIR4273	
MIR4274	
MIR4276	
MIR4277	
MIR4279	
MIR4280	
MIR4281	
MIR4282	
MIR4283-1	
MIR4283-2	
MIR4284	
MIR4285	
MIR4286	
MIR4287	
MIR4288	
MIR4289	
MIR429	0.9999999999999998
MIR4290	
MIR4291	
MIR4292	-0.9999999999999998
MIR4293	
MIR4294	
MIR4295	-0.9999999999999998
MIR4296	-0.9999999999999998
MIR4297	
MIR4298	
MIR4299	
MIR4300	
MIR4301	
MIR4303	
MIR4304	
MIR4305	
MIR4306	
MIR4307	-0.9999999999999998
MIR4308	
MIR4309	
MIR431	
MIR4310	
MIR4311	
MIR4312	1.0
MIR4313	
MIR4314	
MIR4316	
MIR4318	
MIR4319	
MIR432	
MIR4321	
MIR4322	
MIR4323	
MIR4324	1.0
MIR4325	
MIR4326	0.9999999999999999
MIR4327	
MIR4329	
MIR433	
MIR4330	
MIR4418	
MIR4420	-0.9999999999999998
MIR4421	
MIR4422	
MIR4423	
MIR4424	
MIR4425	
MIR4426	0.9999999999999999
MIR4427	
MIR4428	
MIR4429	
MIR4431	
MIR4432	
MIR4433	
MIR4435-1	
MIR4435-1HG	-0.9999999999999998
MIR4435-2	
MIR4436A	1.0
MIR4436B1	
MIR4436B2	
MIR4437	
MIR4438	1.0
MIR4439	
MIR4440	
MIR4441	
MIR4442	0.9999999999999999
MIR4443	
MIR4444-1	-0.9999999999999998
MIR4445	
MIR4446	
MIR4447	
MIR4448	
MIR4449	
MIR4450	
MIR4451	
MIR4452	
MIR4453	-1.0
MIR4454	-1.0
MIR4455	
MIR4456	
MIR4457	
MIR4458HG	0.9999999999999998
MIR4460	
MIR4462	
MIR4463	
MIR4464	
MIR4465	
MIR4466	
MIR4467	
MIR4468	
MIR4469	
MIR4470	
MIR4471	
MIR4472-1	
MIR4472-2	
MIR4473	
MIR4474	
MIR4475	
MIR4476	
MIR4477B	-1.0
MIR4478	
MIR4479	
MIR448	
MIR4480	
MIR4482-1	0.9999999999999999
MIR4484	
MIR4486	
MIR4487	
MIR4488	
MIR4489	-1.0
MIR4490	
MIR4491	
MIR4492	
MIR4493	
MIR4494	
MIR4495	
MIR4497	
MIR4498	
MIR4499	
MIR449A	
MIR449B	
MIR449C	
MIR4500	
MIR4500HG	
MIR4502	-0.9999999999999998
MIR4503	
MIR4504	
MIR4505	
MIR4506	1.0
MIR4508	
MIR4509-1	
MIR4509-2	
MIR4509-3	
MIR450A1	
MIR450A2	
MIR450B	
MIR4510	
MIR4511	
MIR4512	-0.9999999999999998
MIR4513	
MIR4514	1.0
MIR4515	
MIR4516	1.0
MIR4517	
MIR4518	-0.9999999999999998
MIR4519	1.0
MIR452	
MIR4520A	
MIR4522	
MIR4523	0.9999999999999999
MIR4524B	
MIR4525	-0.9999999999999998
MIR4526	
MIR4527	1.0
MIR4529	
MIR4530	-0.9999999999999998
MIR4533	-0.9999999999999998
MIR4534	
MIR4535	
MIR454	-0.9999999999999998
MIR4540	
MIR455	
MIR4632	-0.9999999999999998
MIR4633	1.0
MIR4634	
MIR4635	1.0
MIR4636	
MIR4637	-0.9999999999999998
MIR4638	
MIR4639	-0.9999999999999998
MIR4640	
MIR4641	-0.9999999999999998
MIR4642	1.0
MIR4643	
MIR4644	
MIR4645	-0.9999999999999998
MIR4646	
MIR4647	
MIR4648	
MIR4649	
MIR4650-1	
MIR4650-2	
MIR4651	
MIR4652	
MIR4653	0.9999999999999999
MIR4654	
MIR4655	
MIR4656	
MIR4657	
MIR4658	
MIR4659B	
MIR4660	
MIR4661	
MIR4662B	
MIR4663	1.0
MIR4664	0.9999999999999998
MIR4665	
MIR4666A	
MIR4666B	
MIR4667	
MIR4668	-0.9999999999999999
MIR4669	
MIR4670	
MIR4671	
MIR4672	-0.9999999999999998
MIR4673	
MIR4674	
MIR4675	
MIR4676	-0.9999999999999998
MIR4677	-1.0
MIR4679-2	
MIR4680	
MIR4681	-1.0
MIR4682	-0.9999999999999998
MIR4683	
MIR4684	
MIR4685	-1.0
MIR4686	
MIR4687	
MIR4688	
MIR4689	
MIR4690	
MIR4691	
MIR4692	
MIR4693	
MIR4694	
MIR4695	
MIR4696	-0.9999999999999998
MIR4697	-0.9999999999999999
MIR4698	
MIR4699	
MIR4700	
MIR4701	-1.0
MIR4703	
MIR4704	
MIR4705	
MIR4706	
MIR4707	
MIR4708	
MIR4709	
MIR4710	-0.9999999999999998
MIR4711	
MIR4712	1.0
MIR4713	
MIR4714	
MIR4715	
MIR4716	
MIR4717	
MIR4718	
MIR4719	
MIR4720	
MIR4721	
MIR4722	
MIR4723	
MIR4724	
MIR4725	
MIR4726	
MIR4727	
MIR4728	
MIR4729	
MIR4730	
MIR4731	-0.9999999999999998
MIR4733	
MIR4734	
MIR4735	
MIR4736	
MIR4737	0.9999999999999998
MIR4738	
MIR4739	1.0
MIR4740	
MIR4741	
MIR4742	-0.9999999999999998
MIR4743	
MIR4744	
MIR4745	
MIR4746	0.9999999999999998
MIR4747	
MIR4748	-0.9999999999999998
MIR4749	
MIR4750	
MIR4751	
MIR4752	
MIR4753	
MIR4754	
MIR4755	1.0
MIR4756	1.0
MIR4757	
MIR4758	
MIR4759	
MIR4760	
MIR4761	
MIR4762	
MIR4763	
MIR4764	
MIR4765	
MIR4766	-1.0
MIR4767	-1.0
MIR4768	1.0
MIR4769	
MIR4770	
MIR4771-1	
MIR4771-2	
MIR4772	-0.9999999999999998
MIR4773-1	
MIR4774	
MIR4775	
MIR4776-2	
MIR4777	
MIR4778	
MIR4779	
MIR4780	
MIR4781	
MIR4782	-1.0
MIR4783	
MIR4784	
MIR4785	
MIR4786	0.9999999999999999
MIR4787	
MIR4788	
MIR4789	
MIR4790	
MIR4791	
MIR4793	
MIR4794	
MIR4795	-0.9999999999999998
MIR4796	
MIR4797	
MIR4798	
MIR4799	
MIR4800	
MIR4801	
MIR4802	-0.9999999999999999
MIR4803	
MIR4804	
MIR483	1.0
MIR484	
MIR485	
MIR486	
MIR487A	
MIR487B	
MIR488	
MIR489	
MIR490	
MIR491	-0.9999999999999999
MIR492	
MIR493	-0.9999999999999998
MIR494	
MIR495	
MIR496	
MIR497HG	-1.0
MIR498	
MIR4999	
MIR499A	
MIR5000	
MIR5001	
MIR5002	
MIR5003	
MIR5004	
MIR5006	
MIR5007	
MIR5008	
MIR5009	
MIR500A	
MIR500B	
MIR501	
MIR5010	-0.9999999999999998
MIR5011	
MIR502	
MIR503	1.0
MIR503HG	-0.9999999999999999
MIR504	
MIR5047	
MIR505	
MIR506	
MIR507	
MIR508	
MIR5088	
MIR5089	
MIR509-1	
MIR509-2	
MIR509-3	
MIR5090	
MIR5091	-0.9999999999999998
MIR5092	
MIR5093	
MIR5094	1.0
MIR510	
MIR5100	
MIR511-1	
MIR511-2	
MIR512-1	
MIR512-2	
MIR513A1	
MIR513A2	
MIR513B	
MIR513C	
MIR514A1	
MIR514A2	
MIR514A3	
MIR514B	
MIR515-1	
MIR515-2	
MIR516A1	
MIR516A2	
MIR516B1	
MIR516B2	
MIR517A	
MIR517B	
MIR517C	
MIR5186	
MIR5187	
MIR5188	1.0
MIR5189	
MIR518A1	
MIR518A2	
MIR518B	
MIR518C	
MIR518D	
MIR518E	
MIR518F	
MIR5190	
MIR5191	
MIR5192	
MIR5193	
MIR5194	
MIR5196	
MIR5197	
MIR519A1	
MIR519A2	
MIR519B	
MIR519C	
MIR519D	
MIR519E	
MIR520A	
MIR520B	
MIR520C	
MIR520D	
MIR520E	
MIR520F	
MIR520G	
MIR520H	
MIR521-1	
MIR521-2	
MIR522	
MIR523	
MIR524	
MIR525	
MIR526A1	
MIR526A2	
MIR526B	
MIR527	
MIR532	
MIR539	
MIR541	
MIR542	
MIR543	
MIR544A	
MIR544B	-0.9999999999999998
MIR545	
MIR548A1	
MIR548A2	
MIR548A3	
MIR548AA1	
MIR548AA2	1.0
MIR548AB	
MIR548AC	
MIR548AD	
MIR548AE1	
MIR548AE2	
MIR548AG1	
MIR548AG2	
MIR548AH	
MIR548AI	
MIR548AJ1	
MIR548AJ2	
MIR548AK	
MIR548AL	
MIR548AM	-0.9999999999999998
MIR548AN	0.9999999999999999
MIR548AO	
MIR548AP	
MIR548AQ	
MIR548AR	
MIR548AS	
MIR548AT	1.0
MIR548AV	
MIR548AW	
MIR548AX	
MIR548B	
MIR548C	
MIR548E	
MIR548F1	
MIR548F2	
MIR548F3	
MIR548F4	
MIR548F5	
MIR548G	
MIR548H1	
MIR548H2	
MIR548H3	
MIR548H4	
MIR548H5	
MIR548I1	1.0
MIR548I2	
MIR548I3	
MIR548I4	
MIR548J	
MIR548K	
MIR548L	
MIR548M	
MIR548N	
MIR548O	0.9999999999999998
MIR548O2	
MIR548P	
MIR548Q	
MIR548S	1.0
MIR548T	1.0
MIR548U	
MIR548V	0.9999999999999999
MIR548W	
MIR548X	
MIR548X2	
MIR548Y	
MIR549	
MIR550A1	
MIR550A2	
MIR550A3	-1.0
MIR551A	
MIR551B	
MIR552	
MIR553	-1.0
MIR554	
MIR555	
MIR556	-0.9999999999999998
MIR557	
MIR5579	
MIR558	
MIR5580	
MIR5581	-1.0
MIR5582	
MIR5583-1	
MIR5584	
MIR5585	
MIR5586	
MIR5587	-1.0
MIR5589	
MIR559	-1.0
MIR5590	
MIR5591	
MIR561	
MIR562	
MIR563	1.0
MIR564	
MIR567	-0.9999999999999998
MIR568	-1.0
MIR5680	
MIR5681A	
MIR5682	
MIR5683	
MIR5684	-0.9999999999999998
MIR5685	
MIR5687	-0.9999999999999998
MIR5688	
MIR5689	
MIR569	1.0
MIR5690	
MIR5691	
MIR5692A1	
MIR5692A2	
MIR5692B	-0.9999999999999998
MIR5692C1	
MIR5692C2	0.9999999999999999
MIR5693	
MIR5694	
MIR5695	
MIR5696	1.0
MIR5697	
MIR5698	-0.9999999999999998
MIR5699	-1.0
MIR570	0.9999999999999999
MIR5700	
MIR5701-1	
MIR5701-2	
MIR5702	
MIR5703	
MIR5704	
MIR5705	
MIR5706	
MIR5707	1.0
MIR5708	
MIR571	1.0
MIR572	-0.9999999999999998
MIR573	0.9999999999999999
MIR574	1.0
MIR575	
MIR576	0.9999999999999999
MIR577	
MIR578	
MIR579	
MIR580	
MIR581	
MIR582	
MIR583	
MIR584	
MIR585	
MIR586	
MIR587	
MIR588	
MIR589	0.9999999999999999
MIR590	-1.0
MIR591	
MIR592	
MIR593	-0.9999999999999998
MIR595	1.0
MIR596	1.0
MIR597	-0.9999999999999998
MIR598	-1.0
MIR599	
MIR600HG	-1.0
MIR601	-0.9999999999999998
MIR602	-1.0
MIR603	
MIR604	-0.9999999999999998
MIR605	
MIR606	
MIR607	1.0
MIR608	
MIR609	
MIR610	
MIR611	
MIR613	
MIR614	
MIR615	
MIR616	0.9999999999999999
MIR617	
MIR618	
MIR619	
MIR620	
MIR621	-1.0
MIR622	
MIR623	-1.0
MIR624	-0.9999999999999998
MIR625	
MIR626	-0.9999999999999998
MIR627	
MIR628	-0.9999999999999998
MIR629	
MIR630	
MIR631	0.9999999999999999
MIR632	
MIR633	
MIR634	
MIR635	0.9999999999999999
MIR636	
MIR637	
MIR638	1.0
MIR639	
MIR640	
MIR641	1.0
MIR642A	-1.0
MIR643	-0.9999999999999998
MIR644A	
MIR645	
MIR646	
MIR647	-0.9999999999999998
MIR648	-0.9999999999999998
MIR649	
MIR650	
MIR651	
MIR652	
MIR653	
MIR654	
MIR655	
MIR656	-0.9999999999999998
MIR657	-1.0
MIR658	
MIR659	0.9999999999999998
MIR660	
MIR661	-0.9999999999999998
MIR662	
MIR663A	
MIR663B	
MIR665	
MIR670	
MIR671	
MIR676	
MIR7-1	
MIR7-2	-0.9999999999999997
MIR7-3	
MIR7-3HG	0.9999999999999998
MIR708	
MIR711	
MIR718	
MIR744	0.9999999999999999
MIR758	
MIR759	
MIR760	1.0
MIR761	
MIR762	-0.9999999999999998
MIR764	
MIR765	0.9999999999999998
MIR766	1.0
MIR767	
MIR769	-1.0
MIR770	
MIR802	
MIR873	
MIR874	-0.9999999999999998
MIR875	
MIR876	
MIR877	
MIR885	
MIR887	1.0
MIR888	
MIR889	
MIR890	
MIR891A	
MIR891B	
MIR892A	-0.9999999999999998
MIR892B	
MIR9-1	
MIR9-3	
MIR920	
MIR921	
MIR922	
MIR92A2	
MIR92B	-0.9999999999999998
MIR93	-1.0
MIR933	
MIR934	
MIR935	
MIR936	
MIR937	
MIR938	
MIR939	
MIR940	0.9999999999999999
MIR941-1	0.9999999999999999
MIR941-2	-1.0
MIR941-3	
MIR942	-1.0
MIR943	
MIR944	
MIR95	-0.9999999999999998
MIR96	-0.9999999999999998
MIR98	-1.0
MIR99A	
MIR99B	-0.9999999999999998
MIRLET7A1	-0.9999999999999998
MIRLET7A2	
MIRLET7A3	
MIRLET7B	
MIRLET7C	
MIRLET7D	-0.9999999999999999
MIRLET7DHG	
MIRLET7E	1.0
MIRLET7F1	-0.9999999999999999
MIRLET7F2	
MIRLET7G	
MIRLET7I	-0.9999999999999998
MIS12	-0.9999999999999999
MIS18A	0.9999999999999999
MIS18A-AS1	0.9999999999999999
MIS18BP1	1.0
MISP	-1.0
MITD1	-0.9999999999999999
MITF	-0.9999999999999998
MIXL1	-1.0
MKI67	0.9999999999999998
MKI67IP	-0.9999999999999999
MKI67IPP1	
MKI67IPP2	
MKI67IPP3	-1.0
MKI67IPP4	1.0
MKI67IPP6	1.0
MKI67IPP7	
MKI67IPP8	
MKI67IPP9	
MKKS	1.0
MKL1	1.0
MKL2	-1.0
MKLN1	0.9999999999999999
MKLN1-AS1	-1.0
MKLN1-AS2	0.9999999999999999
MKNK1	-0.9999999999999999
MKNK1-AS1	
MKNK2	1.0
MKNK2P1	-0.9999999999999998
MKRN1	1.0
MKRN2	0.9999999999999999
MKRN3	-0.9999999999999999
MKRN4P	0.9999999999999998
MKRN5P	0.9999999999999999
MKRN7P	1.0
MKRN9P	0.9999999999999999
MKRNP2	-1.0
MKS1	1.0
MKX	-0.9999999999999998
MLANA	-1.0
MLC1	-1.0
MLEC	1.0
MLF1	-1.0
MLF1IP	1.0
MLF2	0.9999999999999999
MLH1	0.9999999999999999
MLH3	1.0
MLIP	-1.0
MLIP-AS1	0.9999999999999999
MLIP-IT1	1.0
MLK4	0.9999999999999999
MLK7-AS1	-0.9999999999999999
MLKL	-1.0
MLLT1	0.9999999999999998
MLLT10	-0.9999999999999998
MLLT10P1	
MLLT10P2	
MLLT11	-0.9999999999999998
MLLT3	1.0
MLLT4	0.9999999999999998
MLLT4-AS1	1.0
MLLT6	0.9999999999999999
MLN	0.9999999999999999
MLNR	-1.0
MLPH	-0.9999999999999999
MLST8	1.0
MLTK	-1.0
MLX	-1.0
MLXIP	0.9999999999999999
MLXIPL	1.0
MLYCD	-0.9999999999999999
MMAA	1.0
MMAB	0.9999999999999999
MMACHC	0.9999999999999999
MMADHC	-1.0
MMD	-0.9999999999999999
MMD2	
MME	-1.0
MME-AS1	
MMEL1	-0.9999999999999999
MMGT1	-1.0
MMP1	0.9999999999999999
MMP10	-1.0
MMP11	1.0
MMP12	-1.0
MMP13	-0.9999999999999998
MMP14	-1.0
MMP15	-0.9999999999999998
MMP16	-1.0
MMP17	-1.0
MMP19	-1.0
MMP2	-0.9999999999999999
MMP20	-1.0
MMP21	-1.0
MMP23A	0.9999999999999998
MMP23B	-1.0
MMP24	-0.9999999999999999
MMP24-AS1	1.0
MMP25	0.9999999999999999
MMP26	1.0
MMP27	-1.0
MMP28	-0.9999999999999998
MMP3	0.9999999999999999
MMP7	-0.9999999999999999
MMP8	0.9999999999999999
MMP9	-1.0
MMRN1	-0.9999999999999998
MMRN2	-0.9999999999999999
MMS19	-0.9999999999999999
MMS22L	0.9999999999999999
MN1	-1.0
MNAT1	-0.9999999999999998
MND1	0.9999999999999999
MNDA	0.9999999999999999
MNS1	1.0
MNT	-1.0
MNX1	1.0
MNX1-AS1	0.9999999999999999
MNX1-AS2	-1.0
MOAP1	1.0
MOB1A	-0.9999999999999998
MOB1AP1	
MOB1AP2	
MOB1B	1.0
MOB2	-0.9999999999999998
MOB3A	-0.9999999999999998
MOB3B	1.0
MOB3C	-1.0
MOB4	-1.0
MOBP	-1.0
MOCOS	0.9999999999999999
MOCS1	-1.0
MOCS1P1	-1.0
MOCS2	-1.0
MOCS3	0.9999999999999999
MOG	-0.9999999999999998
MOGAT1	0.9999999999999999
MOGAT2	0.9999999999999998
MOGAT3	0.9999999999999998
MOGS	-1.0
MOK	0.9999999999999998
MON1A	-0.9999999999999999
MON1B	0.9999999999999999
MON2	-0.9999999999999999
MORC1	-1.0
MORC1-AS1	
MORC2	-0.9999999999999998
MORC2-AS1	0.9999999999999999
MORC3	1.0
MORC4	-0.9999999999999999
MORF4	-1.0
MORF4L1	-1.0
MORF4L1P1	-1.0
MORF4L1P4	
MORF4L1P5	-0.9999999999999998
MORF4L1P6	
MORF4L1P7	
MORF4L2	1.0
MORF4L2-AS1	0.9999999999999999
MORF4L2P1	1.0
MORN1	1.0
MORN2	1.0
MORN3	-0.9999999999999999
MORN4	0.9999999999999999
MORN5	-0.9999999999999998
MOS	-0.9999999999999998
MOSPD1	-0.9999999999999998
MOSPD2	-1.0
MOSPD3	-1.0
MOV10	0.9999999999999998
MOV10L1	-1.0
MOXD1	-0.9999999999999999
MOXD2P	-0.9999999999999998
MPC1	1.0
MPC1L	1.0
MPC2	1.0
MPDU1	-1.0
MPDZ	-0.9999999999999999
MPEG1	0.9999999999999998
MPG	0.9999999999999999
MPHOSPH10	-1.0
MPHOSPH6	-0.9999999999999998
MPHOSPH8	1.0
MPHOSPH9	0.9999999999999999
MPI	-1.0
MPL	-1.0
MPLKIP	0.9999999999999998
MPND	1.0
MPO	1.0
MPP1	0.9999999999999998
MPP2	-1.0
MPP3	-0.9999999999999999
MPP4	-0.9999999999999999
MPP5	-0.9999999999999999
MPP6	-0.9999999999999999
MPP7	0.9999999999999999
MPPE1	-0.9999999999999998
MPPE1P1	-0.9999999999999998
MPPED1	0.9999999999999998
MPPED2	-0.9999999999999999
MPRIP	-0.9999999999999999
MPRIP-AS1	1.0
MPRIPP1	-0.9999999999999999
MPST	-1.0
MPTX1	1.0
MPV17	-0.9999999999999998
MPV17L	1.0
MPV17L2	-1.0
MPZ	-0.9999999999999998
MPZL1	1.0
MPZL2	1.0
MPZL3	-0.9999999999999999
MR1	1.0
MRAP	-0.9999999999999998
MRAP2	0.9999999999999998
MRAS	-1.0
MRC1	-1.0
MRC1L1	0.9999999999999998
MRC2	-1.0
MRE11A	1.0
MREG	1.0
MRFAP1	-1.0
MRFAP1L1	-0.9999999999999999
MRGBP	-0.9999999999999999
MRGPRD	-0.9999999999999998
MRGPRE	-0.9999999999999998
MRGPRF	-1.0
MRGPRG	
MRGPRG-AS1	0.9999999999999999
MRGPRX1	-0.9999999999999998
MRGPRX2	-0.9999999999999998
MRGPRX3	1.0
MRGPRX4	1.0
MRI1	-1.0
MRM1	1.0
MRO	-0.9999999999999999
MROH1	-0.9999999999999999
MROH2A	0.9999999999999998
MROH2B	0.9999999999999999
MROH3P	1.0
MROH4P	1.0
MROH5	-0.9999999999999998
MROH6	-1.0
MROH7	0.9999999999999999
MROH7-TTC4	1.0
MROH8	0.9999999999999999
MROH9	
MRP63	1.0
MRP63P6	
MRP63P7	
MRPL1	0.9999999999999998
MRPL10	-1.0
MRPL11	0.9999999999999999
MRPL12	0.9999999999999999
MRPL13	1.0
MRPL14	0.9999999999999999
MRPL15	0.9999999999999999
MRPL15P1	
MRPL16	0.9999999999999999
MRPL17	-1.0
MRPL18	1.0
MRPL19	1.0
MRPL2	0.9999999999999999
MRPL20	1.0
MRPL20P1	
MRPL21	1.0
MRPL22	1.0
MRPL22P1	
MRPL23	0.9999999999999999
MRPL23-AS1	1.0
MRPL24	-0.9999999999999999
MRPL27	-0.9999999999999999
MRPL28	1.0
MRPL2P1	1.0
MRPL3	1.0
MRPL30	-1.0
MRPL32	-1.0
MRPL32P1	
MRPL33	0.9999999999999999
MRPL34	1.0
MRPL35	1.0
MRPL35P1	-0.9999999999999998
MRPL35P2	1.0
MRPL35P3	-0.9999999999999998
MRPL35P4	-0.9999999999999998
MRPL36	-0.9999999999999998
MRPL37	-0.9999999999999998
MRPL37P1	-1.0
MRPL38	-1.0
MRPL39	1.0
MRPL3P1	-1.0
MRPL4	1.0
MRPL40	-0.9999999999999999
MRPL40P1	
MRPL41	0.9999999999999999
MRPL42	-0.9999999999999998
MRPL42P2	
MRPL42P3	
MRPL42P4	
MRPL42P6	
MRPL43	0.9999999999999998
MRPL44	1.0
MRPL45	0.9999999999999999
MRPL45P1	-1.0
MRPL45P2	1.0
MRPL46	1.0
MRPL47	1.0
MRPL48	-1.0
MRPL48P1	-0.9999999999999998
MRPL49	0.9999999999999998
MRPL49P1	
MRPL49P2	
MRPL50	-1.0
MRPL50P1	
MRPL50P2	1.0
MRPL50P4	1.0
MRPL51	-1.0
MRPL51P2	1.0
MRPL52	1.0
MRPL53	1.0
MRPL53P1	
MRPL54	-0.9999999999999999
MRPL55	0.9999999999999998
MRPL9	-1.0
MRPL9P1	
MRPS10	-0.9999999999999998
MRPS10P1	
MRPS10P2	
MRPS11	1.0
MRPS11P1	-1.0
MRPS12	1.0
MRPS14	0.9999999999999999
MRPS15	-1.0
MRPS15P1	-1.0
MRPS16	0.9999999999999998
MRPS16P1	-0.9999999999999998
MRPS16P2	1.0
MRPS16P3	
MRPS17	-1.0
MRPS17P1	
MRPS17P3	
MRPS17P9	
MRPS18A	-0.9999999999999999
MRPS18AP1	-1.0
MRPS18B	-0.9999999999999999
MRPS18BP1	
MRPS18BP2	-0.9999999999999998
MRPS18C	-0.9999999999999999
MRPS18CP4	
MRPS18CP6	-1.0
MRPS2	-1.0
MRPS21	1.0
MRPS21P1	0.9999999999999999
MRPS21P2	
MRPS21P3	
MRPS21P6	
MRPS21P7	
MRPS21P8	
MRPS21P9	
MRPS22	1.0
MRPS23	-0.9999999999999999
MRPS24	-0.9999999999999998
MRPS25	1.0
MRPS26	0.9999999999999998
MRPS27	1.0
MRPS28	0.9999999999999999
MRPS30	1.0
MRPS31	-0.9999999999999998
MRPS31P2	-0.9999999999999998
MRPS31P4	
MRPS31P5	1.0
MRPS33	-0.9999999999999999
MRPS33P2	
MRPS33P3	1.0
MRPS33P4	
MRPS34	0.9999999999999999
MRPS35	-0.9999999999999999
MRPS35P2	
MRPS35P3	
MRPS36	-0.9999999999999998
MRPS36P1	-1.0
MRPS36P2	-1.0
MRPS36P3	
MRPS36P4	1.0
MRPS36P5	
MRPS5	-1.0
MRPS5P3	
MRPS5P4	
MRPS6	-1.0
MRPS6P2	-0.9999999999999998
MRPS6P4	
MRPS7	0.9999999999999999
MRPS9	0.9999999999999999
MRRF	1.0
MRRFP1	-0.9999999999999999
MRS2	1.0
MRS2P2	
MRTO4	-0.9999999999999999
MRVI1	-0.9999999999999999
MRVI1-AS1	1.0
MS4A1	-0.9999999999999999
MS4A10	0.9999999999999999
MS4A12	1.0
MS4A13	
MS4A14	-1.0
MS4A15	1.0
MS4A18	0.9999999999999999
MS4A2	-1.0
MS4A3	-0.9999999999999998
MS4A4A	-1.0
MS4A4E	-1.0
MS4A5	1.0
MS4A6A	0.9999999999999999
MS4A6E	1.0
MS4A7	1.0
MS4A8	-1.0
MSANTD1	-1.0
MSANTD2	-1.0
MSANTD2P1	
MSANTD3	-0.9999999999999998
MSANTD3-TMEFF1	
MSANTD4	0.9999999999999999
MSC	-1.0
MSGN1	-1.0
MSH2	1.0
MSH3	-1.0
MSH4	1.0
MSH5	-1.0
MSH5-SAPCD1	
MSH6	1.0
MSI1	1.0
MSI2	-1.0
MSL1	-1.0
MSL2	-0.9999999999999999
MSL3	-0.9999999999999999
MSL3P1	1.0
MSLN	-1.0
MSLNL	-1.0
MSMB	1.0
MSMO1	-1.0
MSMP	1.0
MSN	-0.9999999999999999
MSNP1	-0.9999999999999998
MSR1	-1.0
MSRA	-0.9999999999999999
MSRB1	0.9999999999999999
MSRB1P1	
MSRB2	1.0
MSRB3	-0.9999999999999998
MSS51	-1.0
MST1	0.9999999999999999
MST1L	1.0
MST1P2	1.0
MST1R	-1.0
MST4	-1.0
MSTN	1.0
MSTO1	0.9999999999999999
MSTO2P	-1.0
MSX1	-1.0
MSX2	-1.0
MSX2P1	-1.0
MT-ATP6	
MT-ATP8	
MT-CO1	
MT-CO2	
MT-CO3	
MT-CYB	
MT-ND1	
MT-ND2	
MT-ND3	
MT-ND4	
MT-ND4L	
MT-ND5	
MT-ND6	
MT-RNR1	
MT-RNR2	
MT-TA	
MT-TC	
MT-TD	
MT-TE	
MT-TF	
MT-TG	
MT-TH	
MT-TI	
MT-TK	
MT-TL1	
MT-TL2	
MT-TM	
MT-TN	
MT-TP	
MT-TQ	
MT-TR	
MT-TS1	
MT-TS2	
MT-TT	
MT-TV	
MT-TW	
MT-TY	
MT1A	-0.9999999999999998
MT1B	
MT1CP	1.0
MT1DP	1.0
MT1E	1.0
MT1F	0.9999999999999998
MT1G	1.0
MT1H	0.9999999999999999
MT1HL1	0.9999999999999998
MT1JP	1.0
MT1L	0.9999999999999999
MT1M	0.9999999999999998
MT1P1	0.9999999999999999
MT1P3	1.0
MT1X	1.0
MT1XP1	1.0
MT2A	0.9999999999999998
MT2P1	0.9999999999999998
MT3	0.9999999999999999
MT4	
MTA1	1.0
MTA2	-1.0
MTA3	1.0
MTAP	-1.0
MTAPP1	
MTAPP2	-1.0
MTATP6P1	-1.0
MTATP6P2	-1.0
MTATP6P3	-1.0
MTATP6P4	-0.9999999999999998
MTATP6P7	-0.9999999999999998
MTATP6P9	-0.9999999999999998
MTATP8P1	-1.0
MTATP8P2	-1.0
MTBP	0.9999999999999999
MTCH1	-1.0
MTCH2	-0.9999999999999999
MTCO1P3	1.0
MTCO2P1	-0.9999999999999998
MTCO2P3	
MTCO3P1	-1.0
MTCO3P2	
MTCP1	1.0
MTCYBP1	-0.9999999999999998
MTCYBP2	
MTCYBP3	-0.9999999999999998
MTCYBP4	-1.0
MTDH	-0.9999999999999999
MTERF	0.9999999999999999
MTERFD1	1.0
MTERFD2	-1.0
MTERFD3	-0.9999999999999998
MTF1	1.0
MTF2	-0.9999999999999999
MTFMT	1.0
MTFP1	1.0
MTFR1	-1.0
MTFR1L	0.9999999999999999
MTFR2	-1.0
MTG1	0.9999999999999998
MTG2	-1.0
MTHFD1	0.9999999999999998
MTHFD1L	-1.0
MTHFD1P1	1.0
MTHFD2	-0.9999999999999998
MTHFD2L	0.9999999999999998
MTHFD2P1	-1.0
MTHFD2P2	
MTHFD2P3	-0.9999999999999998
MTHFD2P4	
MTHFD2P5	
MTHFD2P6	-0.9999999999999998
MTHFD2P7	0.9999999999999999
MTHFR	-1.0
MTHFS	1.0
MTHFSD	0.9999999999999998
MTIF2	1.0
MTIF3	0.9999999999999998
MTL5	0.9999999999999999
MTM1	1.0
MTMR1	-0.9999999999999999
MTMR10	-0.9999999999999999
MTMR11	-0.9999999999999999
MTMR12	-0.9999999999999999
MTMR14	-1.0
MTMR2	-0.9999999999999999
MTMR3	0.9999999999999999
MTMR4	-0.9999999999999999
MTMR6	-0.9999999999999999
MTMR7	1.0
MTMR8	1.0
MTMR9	-1.0
MTMR9LP	1.0
MTND1P1	-1.0
MTND1P10	
MTND1P11	-1.0
MTND1P12	
MTND1P13	
MTND1P14	-0.9999999999999998
MTND1P15	-0.9999999999999999
MTND1P16	-0.9999999999999998
MTND1P17	
MTND1P18	
MTND1P19	-0.9999999999999998
MTND1P2	
MTND1P20	
MTND1P21	-0.9999999999999998
MTND1P22	0.9999999999999999
MTND1P23	-0.9999999999999998
MTND1P24	-0.9999999999999998
MTND1P26	-0.9999999999999998
MTND1P27	1.0
MTND1P28	1.0
MTND1P29	-0.9999999999999998
MTND1P3	-1.0
MTND1P30	-1.0
MTND1P31	
MTND1P32	-0.9999999999999998
MTND1P33	-1.0
MTND1P34	
MTND1P35	
MTND1P36	-1.0
MTND1P4	1.0
MTND1P5	1.0
MTND1P6	-0.9999999999999998
MTND1P7	-1.0
MTND1P9	
MTND2P11	
MTND2P12	1.0
MTND2P14	
MTND2P15	-0.9999999999999998
MTND2P16	-0.9999999999999998
MTND2P17	
MTND2P18	
MTND2P19	1.0
MTND2P2	-1.0
MTND2P20	-0.9999999999999998
MTND2P21	-0.9999999999999998
MTND2P22	-0.9999999999999998
MTND2P23	-0.9999999999999998
MTND2P24	
MTND2P25	
MTND2P26	
MTND2P28	-0.9999999999999999
MTND2P29	1.0
MTND2P3	
MTND2P30	
MTND2P31	0.9999999999999999
MTND2P32	-0.9999999999999998
MTND2P33	-1.0
MTND2P4	
MTND2P5	-1.0
MTND2P6	-0.9999999999999998
MTND2P7	-1.0
MTND2P8	1.0
MTND2P9	1.0
MTND3P1	
MTND3P10	
MTND3P2	
MTND3P3	1.0
MTND3P4	-0.9999999999999998
MTND3P5	
MTND3P6	-0.9999999999999998
MTND3P7	
MTND3P8	-0.9999999999999998
MTND3P9	
MTND4LP1	-1.0
MTND4P1	-0.9999999999999998
MTND4P10	-0.9999999999999998
MTND4P11	1.0
MTND4P12	-0.9999999999999998
MTND4P13	1.0
MTND4P14	-0.9999999999999999
MTND4P15	-0.9999999999999998
MTND4P16	-1.0
MTND4P17	
MTND4P18	-0.9999999999999998
MTND4P19	-1.0
MTND4P2	1.0
MTND4P20	
MTND4P21	-1.0
MTND4P22	-1.0
MTND4P23	1.0
MTND4P24	-1.0
MTND4P25	
MTND4P26	-1.0
MTND4P27	
MTND4P28	
MTND4P29	
MTND4P3	0.9999999999999999
MTND4P30	-0.9999999999999998
MTND4P31	
MTND4P32	
MTND4P4	-1.0
MTND4P5	-1.0
MTND4P6	1.0
MTND4P7	1.0
MTND4P8	-0.9999999999999998
MTND4P9	-1.0
MTND5P1	
MTND5P10	-0.9999999999999999
MTND5P11	-1.0
MTND5P12	-1.0
MTND5P13	1.0
MTND5P14	-1.0
MTND5P15	
MTND5P16	-0.9999999999999998
MTND5P17	-0.9999999999999998
MTND5P18	1.0
MTND5P19	-0.9999999999999998
MTND5P2	-1.0
MTND5P20	
MTND5P21	
MTND5P22	
MTND5P23	
MTND5P24	1.0
MTND5P25	
MTND5P26	
MTND5P27	-1.0
MTND5P28	1.0
MTND5P29	-1.0
MTND5P3	
MTND5P30	
MTND5P31	-0.9999999999999998
MTND5P4	
MTND5P5	
MTND5P6	1.0
MTND5P7	1.0
MTND5P8	-1.0
MTND5P9	-1.0
MTND6P1	
MTND6P10	-0.9999999999999998
MTND6P11	
MTND6P12	
MTND6P13	
MTND6P14	
MTND6P15	
MTND6P16	1.0
MTND6P17	
MTND6P18	
MTND6P19	-0.9999999999999998
MTND6P2	
MTND6P20	
MTND6P21	-1.0
MTND6P3	
MTND6P4	-0.9999999999999998
MTND6P5	-0.9999999999999998
MTND6P6	
MTND6P7	-0.9999999999999998
MTND6P8	
MTND6P9	
MTNR1A	1.0
MTNR1B	1.0
MTO1	-0.9999999999999999
MTOR	-1.0
MTOR-AS1	-0.9999999999999998
MTPAP	1.0
MTPN	-0.9999999999999998
MTR	-1.0
MTRF1	-1.0
MTRF1L	-1.0
MTRNR2L1	-0.9999999999999999
MTRNR2L10	-0.9999999999999999
MTRNR2L11	-0.9999999999999998
MTRNR2L12	-0.9999999999999998
MTRNR2L13	-1.0
MTRNR2L2	-0.9999999999999999
MTRNR2L3	-0.9999999999999999
MTRNR2L4	-1.0
MTRNR2L5	0.9999999999999999
MTRNR2L6	-0.9999999999999998
MTRNR2L7	-1.0
MTRNR2L8	-0.9999999999999999
MTRNR2L9	0.9999999999999998
MTRR	-1.0
MTSS1	-0.9999999999999998
MTSS1L	-0.9999999999999998
MTTP	0.9999999999999999
MTUS1	-0.9999999999999998
MTUS2	0.9999999999999999
MTUS2-AS1	1.0
MTUS2-AS2	
MTX1	1.0
MTX1P1	-1.0
MTX2	-0.9999999999999999
MTX3	1.0
MUC1	-1.0
MUC12	-1.0
MUC13	1.0
MUC15	-0.9999999999999998
MUC16	-1.0
MUC17	0.9999999999999998
MUC19	-1.0
MUC2	-0.9999999999999999
MUC20	-0.9999999999999999
MUC21	1.0
MUC22	0.9999999999999999
MUC3A	-0.9999999999999999
MUC4	-0.9999999999999998
MUC5AC	-0.9999999999999998
MUC5B	1.0
MUC6	-1.0
MUC7	
MUC8	-0.9999999999999998
MUCL1	-0.9999999999999997
MUL1	-0.9999999999999999
MUM1	1.0
MUM1L1	0.9999999999999999
MURC	-1.0
MUS81	-0.9999999999999999
MUSK	1.0
MUSTN1	
MUT	-0.9999999999999998
MUTYH	-1.0
MVB12A	1.0
MVB12B	1.0
MVD	-1.0
MVK	1.0
MVP	-0.9999999999999999
MX1	0.9999999999999998
MX2	-1.0
MXD1	0.9999999999999998
MXD3	0.9999999999999999
MXD4	0.9999999999999998
MXI1	-1.0
MXRA5	-0.9999999999999998
MXRA5P1	-0.9999999999999999
MXRA7	-0.9999999999999997
MXRA8	-0.9999999999999999
MYADM	-0.9999999999999998
MYADML	-0.9999999999999998
MYADML2	0.9999999999999999
MYB	0.9999999999999999
MYB-AS1	
MYBBP1A	1.0
MYBL1	-1.0
MYBL2	-1.0
MYBPC1	-0.9999999999999999
MYBPC2	-0.9999999999999999
MYBPC3	-1.0
MYBPH	-0.9999999999999999
MYBPHL	-0.9999999999999998
MYC	-0.9999999999999998
MYCBP	0.9999999999999998
MYCBP2	-1.0
MYCBP2-AS1	0.9999999999999999
MYCBP2-AS2	-0.9999999999999998
MYCBPAP	-0.9999999999999998
MYCL	0.9999999999999999
MYCLP1	
MYCLP2	
MYCN	-1.0
MYCNOS	
MYCNUN	
MYCT1	-1.0
MYD88	1.0
MYEF2	1.0
MYEOV	-1.0
MYEOV2	1.0
MYF5	
MYF6	-0.9999999999999998
MYH1	1.0
MYH10	-0.9999999999999998
MYH11	-1.0
MYH13	-0.9999999999999998
MYH14	1.0
MYH15	-0.9999999999999999
MYH16	-1.0
MYH2	0.9999999999999999
MYH3	1.0
MYH4	1.0
MYH6	0.9999999999999999
MYH7	0.9999999999999999
MYH7B	-0.9999999999999999
MYH8	-0.9999999999999999
MYH9	-0.9999999999999999
MYL1	1.0
MYL10	
MYL12A	-0.9999999999999999
MYL12B	-1.0
MYL2	-1.0
MYL3	1.0
MYL4	1.0
MYL5	-1.0
MYL6	1.0
MYL6B	-1.0
MYL6P1	-0.9999999999999999
MYL6P2	-0.9999999999999999
MYL6P3	1.0
MYL6P4	1.0
MYL7	-0.9999999999999998
MYL8P	-1.0
MYL9	-1.0
MYLIP	-0.9999999999999998
MYLK	-0.9999999999999999
MYLK-AS1	-0.9999999999999999
MYLK-AS2	
MYLK2	1.0
MYLK3	-0.9999999999999999
MYLK4	0.9999999999999998
MYLKP1	-0.9999999999999998
MYLPF	0.9999999999999999
MYNN	-0.9999999999999999
MYO10	1.0
MYO15A	-0.9999999999999998
MYO15B	0.9999999999999998
MYO16	-0.9999999999999998
MYO16-AS1	-1.0
MYO16-AS2	
MYO18A	1.0
MYO18B	-0.9999999999999999
MYO19	0.9999999999999999
MYO1A	1.0
MYO1B	-1.0
MYO1C	-1.0
MYO1D	-1.0
MYO1E	-0.9999999999999999
MYO1F	-1.0
MYO1G	-1.0
MYO1H	-0.9999999999999999
MYO3A	-0.9999999999999998
MYO3B	1.0
MYO5A	-0.9999999999999998
MYO5B	1.0
MYO5BP1	0.9999999999999999
MYO5BP2	0.9999999999999999
MYO5BP3	-0.9999999999999998
MYO5C	1.0
MYO6	0.9999999999999999
MYO7A	0.9999999999999999
MYO7B	0.9999999999999999
MYO9A	-1.0
MYO9B	-1.0
MYOC	-1.0
MYOCD	-1.0
MYOD1	0.9999999999999999
MYOF	-1.0
MYOG	1.0
MYOM1	-0.9999999999999998
MYOM2	0.9999999999999998
MYOM3	-0.9999999999999998
MYOT	-0.9999999999999999
MYOZ1	1.0
MYOZ2	-1.0
MYOZ3	-0.9999999999999999
MYPN	0.9999999999999999
MYPOP	-0.9999999999999999
MYRF	1.0
MYRFL	-1.0
MYRIP	-1.0
MYSM1	0.9999999999999999
MYT1	-1.0
MYT1L	-1.0
MYZAP	-1.0
MZB1	-1.0
MZF1	0.9999999999999999
MZT1	-1.0
MZT2A	1.0
MZT2B	0.9999999999999998
Metazoa_SRP	-1.0
N4BP1	-0.9999999999999999
N4BP2	0.9999999999999999
N4BP2L1	0.9999999999999998
N4BP2L2	-0.9999999999999999
N4BP3	-0.9999999999999998
N6AMT1	0.9999999999999999
N6AMT2	0.9999999999999999
NAA10	-1.0
NAA11	-1.0
NAA15	-1.0
NAA16	-0.9999999999999999
NAA20	-0.9999999999999999
NAA25	1.0
NAA30	-0.9999999999999999
NAA35	1.0
NAA38	1.0
NAA40	-0.9999999999999998
NAA50	-1.0
NAA60	1.0
NAAA	-1.0
NAALAD2	-1.0
NAALADL1	-0.9999999999999999
NAALADL2	1.0
NAALADL2-AS1	
NAALADL2-AS2	
NAALADL2-AS3	
NAB1	-0.9999999999999999
NAB2	-0.9999999999999998
NABP1	-0.9999999999999998
NABP2	0.9999999999999998
NACA	-1.0
NACA2	-0.9999999999999998
NACA3P	-1.0
NACAD	-1.0
NACAP1	-0.9999999999999999
NACC1	1.0
NACC2	1.0
NADK	-1.0
NADK2	0.9999999999999998
NADK2-AS1	
NADSYN1	-1.0
NAE1	-1.0
NAF1	0.9999999999999999
NAGA	-0.9999999999999999
NAGK	-1.0
NAGLU	-0.9999999999999999
NAGPA	-1.0
NAGS	0.9999999999999999
NAIF1	-1.0
NAIP	-1.0
NALCN	-0.9999999999999999
NALCN-AS1	-1.0
NAMA	1.0
NAMPT	-0.9999999999999998
NAMPTL	-1.0
NANOG	0.9999999999999999
NANOGNB	1.0
NANOGNBP1	
NANOGNBP2	
NANOGNBP3	-1.0
NANOGP1	1.0
NANOGP10	
NANOGP2	-0.9999999999999999
NANOGP3	
NANOGP4	-0.9999999999999998
NANOGP5	
NANOGP6	
NANOGP7	1.0
NANOGP8	1.0
NANOGP9	1.0
NANOS1	-1.0
NANOS2	-0.9999999999999998
NANOS3	-1.0
NANP	-1.0
NANS	1.0
NAP1L1	-1.0
NAP1L1P1	-0.9999999999999999
NAP1L1P2	-0.9999999999999998
NAP1L1P3	-0.9999999999999998
NAP1L2	-1.0
NAP1L3	-0.9999999999999999
NAP1L4	-0.9999999999999999
NAP1L4P1	-0.9999999999999999
NAP1L4P2	
NAP1L4P3	1.0
NAP1L5	1.0
NAP1L6	1.0
NAPA	1.0
NAPA-AS1	-1.0
NAPB	1.0
NAPEPLD	-0.9999999999999998
NAPG	-1.0
NAPRT1	0.9999999999999999
NAPSA	0.9999999999999999
NAPSB	-0.9999999999999999
NARF	-0.9999999999999998
NARF-IT1	-0.9999999999999999
NARFL	0.9999999999999999
NARG2	-1.0
NARG2P1	1.0
NARG2P2	-1.0
NARS	-1.0
NARS2	0.9999999999999998
NASP	1.0
NAT1	0.9999999999999999
NAT10	1.0
NAT14	-1.0
NAT16	0.9999999999999999
NAT2	1.0
NAT6	-0.9999999999999998
NAT8	-1.0
NAT8L	1.0
NAT9	-0.9999999999999998
NATP	-0.9999999999999998
NAV1	-1.0
NAV2	0.9999999999999999
NAV2-AS1	
NAV2-AS2	
NAV2-AS3	
NAV2-AS4	
NAV2-AS5	-0.9999999999999998
NAV2-IT1	
NAV3	-0.9999999999999999
NBAS	-0.9999999999999998
NBEA	-1.0
NBEAL1	0.9999999999999999
NBEAL2	-0.9999999999999999
NBEAP1	-1.0
NBEAP3	
NBL1	1.0
NBN	0.9999999999999999
NBPF1	-0.9999999999999999
NBPF10	0.9999999999999999
NBPF11	1.0
NBPF12	-0.9999999999999999
NBPF13P	0.9999999999999998
NBPF14	0.9999999999999998
NBPF15	-0.9999999999999999
NBPF16	1.0
NBPF18P	-0.9999999999999998
NBPF20	-1.0
NBPF21P	
NBPF22P	-0.9999999999999998
NBPF23	-1.0
NBPF24	1.0
NBPF2P	-1.0
NBPF3	-0.9999999999999999
NBPF4	-0.9999999999999998
NBPF5P	-1.0
NBPF6	0.9999999999999999
NBPF7	-0.9999999999999998
NBPF8	-1.0
NBPF9	-0.9999999999999998
NBR1	0.9999999999999999
NBR2	1.0
NCALD	-0.9999999999999997
NCAM1	-0.9999999999999999
NCAM1-AS1	-0.9999999999999998
NCAM2	-1.0
NCAN	-1.0
NCAPD2	0.9999999999999999
NCAPD2P1	-0.9999999999999999
NCAPD3	1.0
NCAPG	0.9999999999999999
NCAPG2	1.0
NCAPH	0.9999999999999999
NCAPH2	-1.0
NCBP1	-1.0
NCBP2	-0.9999999999999998
NCBP2-AS1	-1.0
NCBP2-AS2	-0.9999999999999999
NCBP2L	1.0
NCCRP1	-0.9999999999999999
NCDN	0.9999999999999999
NCEH1	-1.0
NCF1	1.0
NCF1B	-0.9999999999999998
NCF1C	-0.9999999999999999
NCF2	-0.9999999999999999
NCF4	1.0
NCK1	1.0
NCK2	1.0
NCKAP1	-1.0
NCKAP1L	-1.0
NCKAP5	1.0
NCKAP5-IT1	-1.0
NCKAP5L	-0.9999999999999999
NCKIPSD	-0.9999999999999999
NCL	0.9999999999999999
NCLN	0.9999999999999999
NCLP1	1.0
NCLP2	
NCMAP	1.0
NCOA1	1.0
NCOA2	1.0
NCOA3	-1.0
NCOA4	0.9999999999999998
NCOA5	-1.0
NCOA6	-1.0
NCOA7	-1.0
NCOA7-AS1	-0.9999999999999998
NCOR1	1.0
NCOR1P1	
NCOR1P2	
NCOR1P3	-0.9999999999999998
NCOR2	0.9999999999999999
NCR1	1.0
NCR2	0.9999999999999999
NCR3	-0.9999999999999998
NCR3LG1	1.0
NCS1	-0.9999999999999999
NCSTN	-0.9999999999999998
NCSTNP1	
NDC1	0.9999999999999999
NDC80	0.9999999999999999
NDE1	-1.0
NDE1P2	
NDEL1	-1.0
NDFIP1	0.9999999999999998
NDFIP2	-1.0
NDFIP2-AS1	
NDN	1.0
NDNF	-1.0
NDNL2	-0.9999999999999998
NDOR1	1.0
NDP	-1.0
NDP-AS1	-0.9999999999999998
NDRG1	-0.9999999999999999
NDRG2	0.9999999999999999
NDRG3	-0.9999999999999999
NDRG4	-1.0
NDST1	-1.0
NDST2	-0.9999999999999999
NDST3	-1.0
NDST4	-0.9999999999999998
NDUFA1	1.0
NDUFA10	-1.0
NDUFA11	0.9999999999999999
NDUFA12	0.9999999999999999
NDUFA12P1	
NDUFA13	-1.0
NDUFA2	0.9999999999999999
NDUFA3	1.0
NDUFA3P1	
NDUFA3P2	
NDUFA3P3	1.0
NDUFA3P4	0.9999999999999999
NDUFA3P6	1.0
NDUFA4	1.0
NDUFA4L2	-1.0
NDUFA4P2	-0.9999999999999998
NDUFA5	1.0
NDUFA5P1	
NDUFA5P10	
NDUFA5P11	-0.9999999999999999
NDUFA5P12	1.0
NDUFA5P2	
NDUFA5P3	
NDUFA5P4	
NDUFA5P5	1.0
NDUFA5P6	
NDUFA5P7	
NDUFA5P8	
NDUFA5P9	
NDUFA6	0.9999999999999999
NDUFA6-AS1	-0.9999999999999999
NDUFA7	1.0
NDUFA8	-0.9999999999999999
NDUFA9	0.9999999999999999
NDUFA9P1	-1.0
NDUFAB1	0.9999999999999999
NDUFAF1	1.0
NDUFAF2	0.9999999999999999
NDUFAF3	0.9999999999999999
NDUFAF4	-0.9999999999999998
NDUFAF4P1	1.0
NDUFAF4P2	-0.9999999999999998
NDUFAF4P3	-0.9999999999999999
NDUFAF4P4	1.0
NDUFAF5	-0.9999999999999999
NDUFAF6	-0.9999999999999999
NDUFAF7	-1.0
NDUFB1	1.0
NDUFB10	0.9999999999999998
NDUFB11	0.9999999999999999
NDUFB11P1	
NDUFB1P1	1.0
NDUFB1P2	1.0
NDUFB2	-0.9999999999999998
NDUFB2-AS1	0.9999999999999999
NDUFB3	0.9999999999999999
NDUFB4	-1.0
NDUFB4P1	
NDUFB4P2	-0.9999999999999998
NDUFB5	-1.0
NDUFB6	0.9999999999999999
NDUFB7	1.0
NDUFB8	0.9999999999999999
NDUFB8P1	
NDUFB8P2	0.9999999999999999
NDUFB9	-1.0
NDUFC1	1.0
NDUFC2	-0.9999999999999998
NDUFC2-KCTD14	
NDUFS1	0.9999999999999998
NDUFS2	0.9999999999999999
NDUFS3	-0.9999999999999998
NDUFS4	0.9999999999999999
NDUFS5	-1.0
NDUFS5P1	
NDUFS5P2	-0.9999999999999998
NDUFS5P3	1.0
NDUFS5P4	
NDUFS5P5	1.0
NDUFS5P6	
NDUFS6	0.9999999999999999
NDUFS7	1.0
NDUFS8	0.9999999999999999
NDUFV1	0.9999999999999999
NDUFV2	-0.9999999999999998
NDUFV2P1	-0.9999999999999999
NDUFV3	-0.9999999999999999
NEAT1	0.9999999999999999
NEB	-1.0
NEBL	-0.9999999999999999
NEBL-AS1	0.9999999999999999
NECAB1	-0.9999999999999999
NECAB2	0.9999999999999999
NECAB3	1.0
NECAP1	-0.9999999999999999
NECAP1P1	-1.0
NECAP1P2	
NECAP2	1.0
NEDD1	-0.9999999999999999
NEDD4	0.9999999999999999
NEDD4L	1.0
NEDD8	1.0
NEDD8-MDP1	
NEDD9	-0.9999999999999998
NEFH	1.0
NEFHP1	-0.9999999999999999
NEFL	1.0
NEFLP1	0.9999999999999998
NEFM	0.9999999999999999
NEFMP1	
NEGR1	-0.9999999999999999
NEGR1-IT1	-0.9999999999999998
NEIL1	-0.9999999999999998
NEIL2	1.0
NEIL3	0.9999999999999999
NEK1	1.0
NEK10	-1.0
NEK11	1.0
NEK2	0.9999999999999998
NEK2P2	
NEK2P4	0.9999999999999999
NEK3	-0.9999999999999998
NEK4	0.9999999999999999
NEK4P1	
NEK4P2	
NEK4P3	
NEK5	-1.0
NEK6	-1.0
NEK7	-0.9999999999999999
NEK8	-1.0
NEK9	-0.9999999999999998
NELFA	0.9999999999999999
NELFB	1.0
NELFCD	-1.0
NELFE	-0.9999999999999998
NELL1	-0.9999999999999998
NELL2	-0.9999999999999999
NEMF	-1.0
NENF	1.0
NEO1	0.9999999999999999
NEPNP	-0.9999999999999998
NES	-0.9999999999999999
NET1	1.0
NETO1	-0.9999999999999999
NETO2	-1.0
NEU1	-0.9999999999999998
NEU2	-0.9999999999999998
NEU3	1.0
NEU4	0.9999999999999999
NEURL	0.9999999999999998
NEURL1B	1.0
NEURL2	1.0
NEURL3	1.0
NEURL4	0.9999999999999999
NEUROD1	0.9999999999999999
NEUROD2	0.9999999999999998
NEUROD4	
NEUROD6	
NEUROG1	
NEUROG2	
NEUROG3	1.0
NEXN	-0.9999999999999999
NEXN-AS1	1.0
NF1	0.9999999999999999
NF1P1	
NF1P2	1.0
NF1P3	
NF1P4	
NF1P5	
NF1P6	
NF1P8	
NF2	-0.9999999999999998
NFAM1	0.9999999999999998
NFASC	-1.0
NFAT5	-0.9999999999999998
NFATC1	-0.9999999999999999
NFATC2	0.9999999999999998
NFATC2IP	-1.0
NFATC3	-1.0
NFATC4	-1.0
NFE2	-0.9999999999999999
NFE2L1	1.0
NFE2L2	-1.0
NFE2L3	-1.0
NFE2L3P1	-0.9999999999999998
NFE4	-0.9999999999999998
NFIA	-0.9999999999999999
NFIB	0.9999999999999999
NFIC	-0.9999999999999999
NFIL3	-0.9999999999999999
NFIX	1.0
NFKB1	-1.0
NFKB2	1.0
NFKBIA	0.9999999999999999
NFKBIB	1.0
NFKBID	-1.0
NFKBIE	-1.0
NFKBIL1	1.0
NFKBIZ	-1.0
NFRKB	-0.9999999999999998
NFS1	-1.0
NFU1	0.9999999999999999
NFU1P1	-0.9999999999999998
NFU1P2	
NFX1	-1.0
NFXL1	1.0
NFYA	-1.0
NFYAP1	1.0
NFYB	-0.9999999999999998
NFYC	0.9999999999999999
NGB	-0.9999999999999998
NGDN	-1.0
NGEF	0.9999999999999997
NGF	0.9999999999999998
NGFR	-1.0
NGFRAP1	0.9999999999999999
NGLY1	0.9999999999999998
NGRN	1.0
NHEJ1	1.0
NHLH1	1.0
NHLH2	1.0
NHLRC1	0.9999999999999999
NHLRC2	-0.9999999999999999
NHLRC3	0.9999999999999999
NHLRC4	0.9999999999999999
NHP2	1.0
NHP2L1	-0.9999999999999999
NHP2P1	-1.0
NHP2P2	1.0
NHS	0.9999999999999999
NHS-AS1	1.0
NHSL1	-0.9999999999999999
NHSL2	-0.9999999999999999
NICN1	-0.9999999999999998
NID1	-1.0
NID2	-1.0
NIF3L1	0.9999999999999999
NIM1	-0.9999999999999998
NIN	-0.9999999999999999
NINJ1	-0.9999999999999999
NINJ2	-1.0
NINL	1.0
NIP7	-0.9999999999999998
NIP7P1	
NIP7P2	-0.9999999999999998
NIP7P3	
NIPA1	-0.9999999999999999
NIPA2	-1.0
NIPA2P1	
NIPA2P2	
NIPA2P4	
NIPA2P5	
NIPAL1	0.9999999999999998
NIPAL2	0.9999999999999998
NIPAL3	-1.0
NIPAL4	-0.9999999999999999
NIPBL	0.9999999999999999
NIPSNAP1	0.9999999999999999
NIPSNAP3A	0.9999999999999999
NIPSNAP3B	-0.9999999999999998
NISCH	-0.9999999999999998
NIT1	0.9999999999999999
NIT2	0.9999999999999999
NKAIN1	-0.9999999999999999
NKAIN1P1	
NKAIN2	-1.0
NKAIN3	-0.9999999999999998
NKAIN4	-0.9999999999999999
NKAP	0.9999999999999999
NKAPL	0.9999999999999999
NKAPP1	1.0
NKD1	1.0
NKD2	0.9999999999999998
NKG2-E	
NKG7	0.9999999999999999
NKIRAS1	-1.0
NKIRAS2	0.9999999999999999
NKPD1	1.0
NKRF	-0.9999999999999999
NKTR	-0.9999999999999998
NKX1-1	-1.0
NKX1-2	-1.0
NKX2-1	1.0
NKX2-1-AS1	
NKX2-2	0.9999999999999999
NKX2-2-AS1	1.0
NKX2-3	1.0
NKX2-4	0.9999999999999999
NKX2-5	
NKX2-6	
NKX2-8	-1.0
NKX3-1	-0.9999999999999998
NKX3-2	-1.0
NKX6-1	1.0
NKX6-2	
NKX6-3	0.9999999999999998
NLE1	1.0
NLGN1	-0.9999999999999999
NLGN1-AS1	
NLGN2	-0.9999999999999999
NLGN3	-1.0
NLGN4X	-1.0
NLGN4Y	0.9999999999999999
NLGN4Y-AS1	
NLK	0.9999999999999998
NLN	-1.0
NLRC3	-0.9999999999999999
NLRC4	1.0
NLRC5	0.9999999999999999
NLRP1	-1.0
NLRP10	
NLRP11	0.9999999999999998
NLRP12	-0.9999999999999998
NLRP13	1.0
NLRP14	-1.0
NLRP2	-0.9999999999999999
NLRP3	0.9999999999999999
NLRP4	-0.9999999999999998
NLRP5	1.0
NLRP6	1.0
NLRP7	0.9999999999999999
NLRP8	1.0
NLRP9	1.0
NLRP9P	-0.9999999999999998
NLRX1	-0.9999999999999999
NMB	-0.9999999999999998
NMBR	0.9999999999999999
NMD3	-1.0
NMD3P1	1.0
NMD3P2	-1.0
NME1	1.0
NME1-NME2	-0.9999999999999999
NME1P1	
NME2	
NME2P1	-1.0
NME3	1.0
NME4	1.0
NME5	1.0
NME6	-0.9999999999999998
NME7	0.9999999999999998
NME8	-1.0
NME9	-1.0
NMI	0.9999999999999999
NMNAT1	1.0
NMNAT1P1	
NMNAT1P2	
NMNAT1P3	1.0
NMNAT1P4	
NMNAT1P5	-0.9999999999999998
NMNAT2	-0.9999999999999998
NMNAT3	1.0
NMRAL1	1.0
NMRK1	0.9999999999999999
NMRK2	-1.0
NMS	-0.9999999999999998
NMT1	-0.9999999999999998
NMT2	-1.0
NMU	-1.0
NMUR1	0.9999999999999998
NMUR2	-1.0
NNAT	-1.0
NNMT	-0.9999999999999999
NNT	-0.9999999999999999
NNT-AS1	1.0
NOA1	0.9999999999999998
NOB1	-0.9999999999999998
NOBOX	
NOC2L	-0.9999999999999999
NOC3L	-0.9999999999999999
NOC4L	1.0
NOD1	-1.0
NOD2	-1.0
NODAL	
NOG	-1.0
NOL10	-0.9999999999999999
NOL11	-1.0
NOL12	-1.0
NOL3	-0.9999999999999998
NOL4	0.9999999999999999
NOL5BP	0.9999999999999999
NOL6	-0.9999999999999999
NOL7	0.9999999999999999
NOL8	-0.9999999999999998
NOL9	-0.9999999999999998
NOLC1	-1.0
NOM1	0.9999999999999999
NOMO1	-1.0
NOMO2	-1.0
NOMO3	1.0
NONO	-1.0
NONOP2	1.0
NOP10	-1.0
NOP14	-0.9999999999999998
NOP14-AS1	-1.0
NOP16	-0.9999999999999999
NOP2	-1.0
NOP56	-0.9999999999999998
NOP58	-0.9999999999999998
NOP9	-1.0
NOS1	-1.0
NOS1AP	1.0
NOS2	0.9999999999999999
NOS2P1	1.0
NOS2P2	1.0
NOS2P3	-1.0
NOS3	-1.0
NOSIP	1.0
NOSTRIN	-0.9999999999999998
NOTCH1	0.9999999999999999
NOTCH2	-0.9999999999999999
NOTCH2NL	0.9999999999999998
NOTCH2P1	
NOTCH3	-1.0
NOTCH4	-0.9999999999999999
NOTO	-0.9999999999999998
NOTUM	0.9999999999999999
NOV	-0.9999999999999999
NOVA1	-0.9999999999999999
NOVA1-AS1	1.0
NOVA2	-1.0
NOX1	-1.0
NOX3	
NOX4	-1.0
NOX5	-1.0
NOXA1	1.0
NOXO1	-1.0
NOXRED1	1.0
NPAP1	-0.9999999999999998
NPAP1P2	-0.9999999999999998
NPAP1P3	-0.9999999999999998
NPAP1P4	1.0
NPAP1P6	
NPAS1	-0.9999999999999999
NPAS2	-1.0
NPAS3	-0.9999999999999999
NPAS4	-0.9999999999999999
NPAT	-0.9999999999999998
NPB	0.9999999999999999
NPBWR1	-1.0
NPBWR2	
NPC1	-0.9999999999999998
NPC1L1	0.9999999999999999
NPC2	1.0
NPDC1	1.0
NPEPL1	-0.9999999999999998
NPEPPS	-1.0
NPFF	
NPFFR1	-0.9999999999999998
NPFFR2	-1.0
NPHP1	1.0
NPHP3	-1.0
NPHP3-AS1	-0.9999999999999998
NPHP4	-1.0
NPHS1	-1.0
NPHS2	1.0
NPIPA1	1.0
NPIPA2	-1.0
NPIPA3	
NPIPA5	-1.0
NPIPA7	
NPIPA8	
NPIPB11	1.0
NPIPB15	0.9999999999999999
NPIPB1P	0.9999999999999998
NPIPB3	-0.9999999999999998
NPIPB4	-0.9999999999999998
NPIPB5	-0.9999999999999999
NPIPB6	-0.9999999999999999
NPIPB7	-0.9999999999999998
NPIPB8	-1.0
NPIPB9	
NPIPP1	-1.0
NPL	0.9999999999999998
NPLOC4	-1.0
NPM1	-0.9999999999999999
NPM1P10	1.0
NPM1P11	-0.9999999999999998
NPM1P12	-1.0
NPM1P13	-1.0
NPM1P14	-1.0
NPM1P17	
NPM1P18	-1.0
NPM1P19	-1.0
NPM1P2	1.0
NPM1P21	-0.9999999999999999
NPM1P22	-0.9999999999999998
NPM1P23	
NPM1P24	0.9999999999999999
NPM1P25	1.0
NPM1P26	1.0
NPM1P27	-1.0
NPM1P28	
NPM1P29	-1.0
NPM1P30	-0.9999999999999998
NPM1P31	-1.0
NPM1P32	-0.9999999999999999
NPM1P33	-0.9999999999999998
NPM1P34	-0.9999999999999998
NPM1P35	-0.9999999999999998
NPM1P36	-0.9999999999999998
NPM1P37	-0.9999999999999999
NPM1P38	0.9999999999999999
NPM1P39	-1.0
NPM1P4	-0.9999999999999998
NPM1P40	-0.9999999999999998
NPM1P41	
NPM1P42	-0.9999999999999998
NPM1P43	1.0
NPM1P45	
NPM1P46	-0.9999999999999999
NPM1P47	0.9999999999999999
NPM1P48	1.0
NPM1P49	0.9999999999999999
NPM1P5	0.9999999999999998
NPM1P50	0.9999999999999999
NPM1P51	
NPM1P52	
NPM1P6	-0.9999999999999999
NPM1P8	0.9999999999999999
NPM1P9	1.0
NPM2	1.0
NPM3	-1.0
NPNT	-0.9999999999999999
NPPA	
NPPA-AS1	-0.9999999999999999
NPPB	
NPPC	-1.0
NPR1	-1.0
NPR2	-0.9999999999999998
NPR3	-1.0
NPRL2	-1.0
NPRL3	1.0
NPS	
NPSR1	-1.0
NPSR1-AS1	-1.0
NPTN	1.0
NPTX1	0.9999999999999998
NPTX2	-0.9999999999999999
NPTXR	-1.0
NPVF	
NPW	1.0
NPY	0.9999999999999999
NPY1R	0.9999999999999998
NPY2R	-1.0
NPY4R	-0.9999999999999998
NPY5R	1.0
NPY6R	0.9999999999999998
NQO1	-0.9999999999999999
NQO2	1.0
NR0B1	0.9999999999999999
NR0B2	-1.0
NR1D1	-1.0
NR1D2	0.9999999999999999
NR1H2	1.0
NR1H3	1.0
NR1H4	-0.9999999999999998
NR1H5P	-0.9999999999999998
NR1I2	0.9999999999999999
NR1I3	1.0
NR2C1	-0.9999999999999999
NR2C2	0.9999999999999998
NR2C2AP	-1.0
NR2E1	-1.0
NR2E3	-1.0
NR2F1	-1.0
NR2F1-AS1	-1.0
NR2F2	-1.0
NR2F2-AS1	-1.0
NR2F6	1.0
NR3C1	-0.9999999999999999
NR3C2	1.0
NR4A1	-0.9999999999999999
NR4A2	-0.9999999999999999
NR4A3	-0.9999999999999999
NR5A1	-1.0
NR5A2	0.9999999999999999
NR6A1	1.0
NRADDP	-0.9999999999999998
NRAP	0.9999999999999998
NRARP	1.0
NRAS	-0.9999999999999998
NRBF2	-1.0
NRBF2P1	
NRBF2P2	-0.9999999999999998
NRBF2P3	0.9999999999999999
NRBF2P4	0.9999999999999999
NRBF2P5	-1.0
NRBP1	-0.9999999999999998
NRBP2	-0.9999999999999999
NRCAM	-1.0
NRD1	-1.0
NRDE2	0.9999999999999999
NREP	-0.9999999999999999
NREP-AS1	
NRF1	-1.0
NRG1	-0.9999999999999998
NRG1-IT1	
NRG1-IT2	
NRG1-IT3	-0.9999999999999998
NRG2	-1.0
NRG3	0.9999999999999998
NRG3-AS1	
NRG4	-0.9999999999999999
NRGN	0.9999999999999999
NRIP1	0.9999999999999999
NRIP2	-1.0
NRIP3	-0.9999999999999999
NRK	-1.0
NRL	0.9999999999999999
NRM	-1.0
NRN1	-1.0
NRN1L	
NRON	
NRP1	-1.0
NRP2	-1.0
NRROS	-1.0
NRSN1	1.0
NRSN2	-1.0
NRTN	0.9999999999999998
NRXN1	-0.9999999999999999
NRXN2	0.9999999999999999
NRXN3	-0.9999999999999998
NSA2	-1.0
NSD1	1.0
NSDHL	-0.9999999999999999
NSF	0.9999999999999999
NSFL1C	1.0
NSFP1	-0.9999999999999999
NSG1	-1.0
NSG2	-0.9999999999999998
NSL1	-0.9999999999999999
NSMAF	1.0
NSMCE1	-1.0
NSMCE2	0.9999999999999998
NSMCE4A	1.0
NSMF	-0.9999999999999999
NSRP1	0.9999999999999999
NSRP1P1	-0.9999999999999998
NSUN2	-1.0
NSUN3	1.0
NSUN4	1.0
NSUN5	0.9999999999999999
NSUN5P1	-0.9999999999999999
NSUN5P2	-0.9999999999999999
NSUN6	-0.9999999999999999
NSUN7	1.0
NT5C	0.9999999999999998
NT5C1A	0.9999999999999998
NT5C1B	
NT5C1B-RDH14	
NT5C2	-1.0
NT5C3A	0.9999999999999998
NT5C3AP1	0.9999999999999999
NT5C3B	-1.0
NT5CP1	1.0
NT5CP2	
NT5DC1	-1.0
NT5DC2	-0.9999999999999999
NT5DC3	-0.9999999999999998
NT5DC4	-0.9999999999999999
NT5E	-1.0
NT5M	-0.9999999999999998
NTAN1	-1.0
NTAN1P2	0.9999999999999999
NTAN1P3	1.0
NTF3	-0.9999999999999999
NTF4	-1.0
NTF6A	
NTF6B	
NTF6G	
NTHL1	1.0
NTM	-1.0
NTM-IT	
NTMT1	-1.0
NTN1	-0.9999999999999998
NTN3	-1.0
NTN4	0.9999999999999999
NTN5	1.0
NTNG1	-1.0
NTNG2	-0.9999999999999999
NTPCR	1.0
NTRK1	-1.0
NTRK2	-0.9999999999999998
NTRK3	-0.9999999999999999
NTRK3-AS1	-1.0
NTS	1.0
NTSR1	0.9999999999999999
NTSR2	-0.9999999999999998
NUAK1	-1.0
NUAK2	0.9999999999999999
NUB1	1.0
NUBP1	0.9999999999999998
NUBP2	1.0
NUBPL	0.9999999999999998
NUCB1	0.9999999999999999
NUCB1-AS1	
NUCB2	1.0
NUCKS1	0.9999999999999998
NUDC	0.9999999999999998
NUDCD1	-1.0
NUDCD2	1.0
NUDCD3	-0.9999999999999999
NUDT1	0.9999999999999999
NUDT10	-1.0
NUDT11	-1.0
NUDT12	0.9999999999999999
NUDT13	1.0
NUDT14	-1.0
NUDT15	-0.9999999999999999
NUDT16	0.9999999999999999
NUDT16L1	-0.9999999999999999
NUDT16P	1.0
NUDT17	-1.0
NUDT18	0.9999999999999999
NUDT19	1.0
NUDT19P3	
NUDT19P4	
NUDT19P5	1.0
NUDT2	-0.9999999999999999
NUDT21	1.0
NUDT22	1.0
NUDT3	-1.0
NUDT4	-0.9999999999999999
NUDT4P1	-0.9999999999999999
NUDT5	0.9999999999999998
NUDT6	0.9999999999999998
NUDT7	0.9999999999999999
NUDT8	0.9999999999999999
NUDT9	-0.9999999999999998
NUF2	1.0
NUFIP1	-1.0
NUFIP1P	1.0
NUFIP2	0.9999999999999998
NUGGC	-0.9999999999999999
NUMA1	-1.0
NUMB	1.0
NUMBL	-1.0
NUP107	1.0
NUP133	-1.0
NUP153	-0.9999999999999999
NUP155	-0.9999999999999999
NUP160	-1.0
NUP188	-1.0
NUP205	0.9999999999999999
NUP210	-1.0
NUP210L	-0.9999999999999997
NUP210P1	
NUP210P2	1.0
NUP210P3	
NUP214	-1.0
NUP35	-0.9999999999999998
NUP37	-1.0
NUP43	-1.0
NUP50	1.0
NUP54	-1.0
NUP62	1.0
NUP62CL	0.9999999999999998
NUP85	-1.0
NUP88	0.9999999999999999
NUP93	1.0
NUP98	-0.9999999999999999
NUPL1	-0.9999999999999999
NUPL1P1	-1.0
NUPL2	0.9999999999999998
NUPR1	0.9999999999999998
NUPR1L	0.9999999999999999
NUS1	0.9999999999999998
NUS1P1	0.9999999999999998
NUS1P2	1.0
NUS1P3	1.0
NUS1P4	1.0
NUSAP1	0.9999999999999998
NUTF2	-0.9999999999999998
NUTF2P2	1.0
NUTM1	-0.9999999999999998
NUTM2A	-1.0
NUTM2A-AS1	0.9999999999999998
NUTM2B	-1.0
NUTM2D	1.0
NUTM2E	1.0
NUTM2F	1.0
NUTM2G	-0.9999999999999998
NUTM2HP	1.0
NVL	-0.9999999999999998
NWD1	-0.9999999999999998
NXF1	-0.9999999999999999
NXF2	1.0
NXF2B	
NXF3	0.9999999999999997
NXF4	-0.9999999999999998
NXF5	-0.9999999999999998
NXN	-0.9999999999999998
NXNL1	
NXNL2	-1.0
NXPE1	1.0
NXPE2	1.0
NXPE2P1	-0.9999999999999998
NXPE3	-1.0
NXPE4	1.0
NXPH1	
NXPH2	-0.9999999999999998
NXPH3	-0.9999999999999999
NXPH4	1.0
NXT1	-1.0
NXT1P1	
NXT2	1.0
NYAP1	1.0
NYAP2	-0.9999999999999999
NYNRIN	1.0
NYX	1.0
OACYLP	-1.0
OAF	-1.0
OARD1	0.9999999999999999
OAS1	-1.0
OAS2	1.0
OAS3	1.0
OASL	0.9999999999999999
OAT	-0.9999999999999999
OAZ1	0.9999999999999999
OAZ2	-1.0
OAZ3	-0.9999999999999998
OBFC1	-1.0
OBP2A	-0.9999999999999997
OBP2B	-0.9999999999999998
OBSCN	-1.0
OBSL1	-0.9999999999999999
OC90	-0.9999999999999998
OCA2	1.0
OCEL1	1.0
OCIAD1	-1.0
OCIAD1-AS1	
OCIAD2	-1.0
OCLN	-1.0
OCM	-1.0
OCM2	
OCRL	0.9999999999999999
OCSTAMP	-0.9999999999999998
ODAM	-1.0
ODC1	-0.9999999999999999
ODCP	-0.9999999999999998
ODF1	-0.9999999999999998
ODF2	-1.0
ODF2L	1.0
ODF3	-1.0
ODF3B	0.9999999999999998
ODF3L1	-0.9999999999999998
ODF3L2	-1.0
ODF4	-0.9999999999999998
OFCC1	0.9999999999999999
OFD1	-0.9999999999999999
OFD1P10Y	
OFD1P11Y	
OFD1P12Y	
OFD1P13Y	
OFD1P15Y	
OFD1P17	-0.9999999999999998
OFD1P18Y	
OFD1P1Y	
OFD1P2Y	-0.9999999999999998
OFD1P3Y	
OFD1P4Y	
OFD1P5Y	
OFD1P6Y	
OFD1P7Y	
OFD1P8Y	
OFD1P9Y	
OGDH	-0.9999999999999999
OGDHL	1.0
OGFOD1	-1.0
OGFOD1P1	-1.0
OGFOD2	0.9999999999999999
OGFOD3	0.9999999999999999
OGFR	1.0
OGFR-AS1	0.9999999999999999
OGFRL1	-1.0
OGG1	-1.0
OGN	-0.9999999999999998
OGT	-0.9999999999999999
OIP5	0.9999999999999998
OIP5-AS1	-0.9999999999999999
OIT3	-1.0
OLA1	-1.0
OLA1P1	-0.9999999999999999
OLA1P2	-0.9999999999999998
OLA1P3	0.9999999999999999
OLAH	1.0
OLFM1	-1.0
OLFM2	-1.0
OLFM3	-0.9999999999999998
OLFM4	1.0
OLFML1	-0.9999999999999998
OLFML2A	-0.9999999999999999
OLFML2B	-0.9999999999999997
OLFML3	-1.0
OLIG1	0.9999999999999998
OLIG2	-0.9999999999999998
OLIG3	-0.9999999999999998
OLR1	-0.9999999999999999
OMA1	-0.9999999999999999
OMD	-1.0
OMG	-1.0
OMP	1.0
ONECUT1	-0.9999999999999998
ONECUT2	0.9999999999999998
ONECUT3	0.9999999999999999
OOEP	0.9999999999999998
OOEP-AS1	
OOSP1	
OPA1	-1.0
OPA1-AS1	
OPA3	-0.9999999999999999
OPALIN	0.9999999999999999
OPCML	0.9999999999999999
OPCML-IT1	-1.0
OPCML-IT2	
OPHN1	-1.0
OPLAH	1.0
OPN1LW	
OPN1MW	
OPN1MW2	
OPN1SW	
OPN3	-0.9999999999999999
OPN4	-0.9999999999999999
OPN5	-0.9999999999999999
OPRD1	1.0
OPRK1	-1.0
OPRL1	-1.0
OPRM1	-1.0
OPTC	0.9999999999999998
OPTN	1.0
OR10A2	
OR10A3	
OR10A4	1.0
OR10A5	
OR10A6	
OR10A7	
OR10AA1P	
OR10AB1P	1.0
OR10AC1P	1.0
OR10AD1	
OR10AE1P	
OR10AE3P	
OR10AF1P	
OR10AG1	
OR10AH1P	
OR10AK1P	
OR10B1P	
OR10C1	-0.9999999999999998
OR10D1P	-0.9999999999999998
OR10D3	
OR10D4P	
OR10D5P	
OR10G1P	
OR10G2	
OR10G3	-0.9999999999999998
OR10G4	
OR10G5P	1.0
OR10G6	
OR10G7	-1.0
OR10G8	
OR10G9	1.0
OR10H1	
OR10H2	
OR10H3	
OR10H4	
OR10H5	
OR10J1	
OR10J2P	
OR10J3	
OR10J4	
OR10J5	
OR10J6P	
OR10J7P	-0.9999999999999998
OR10J8P	
OR10J9P	
OR10K1	
OR10K2	
OR10N1P	
OR10P1	
OR10Q1	
OR10Q2P	
OR10R1P	
OR10R2	
OR10R3P	
OR10S1	
OR10T1P	
OR10T2	
OR10U1P	
OR10V1	-0.9999999999999998
OR10V2P	
OR10V3P	
OR10W1	
OR10X1	
OR10Y1P	
OR10Z1	
OR11A1	
OR11G1P	
OR11G2	
OR11H1	
OR11H12	
OR11H13P	
OR11H2	
OR11H3P	
OR11H4	
OR11H5P	-0.9999999999999998
OR11H6	
OR11H7	
OR11I1P	
OR11J1P	
OR11J2P	
OR11J5P	
OR11K1P	
OR11K2P	
OR11L1	
OR11M1P	-0.9999999999999998
OR11N1P	
OR11Q1P	
OR12D1	
OR12D2	-0.9999999999999998
OR12D3	1.0
OR13A1	1.0
OR13C1P	
OR13C2	
OR13C3	
OR13C4	
OR13C5	
OR13C6P	
OR13C7P	
OR13C8	-1.0
OR13C9	
OR13D1	
OR13D2P	
OR13D3P	
OR13E1P	
OR13F1	
OR13G1	
OR13H1	
OR13I1P	
OR13J1	
OR13K1P	
OR13Z1P	-0.9999999999999998
OR13Z2P	-0.9999999999999998
OR13Z3P	
OR14A16	
OR14A2	
OR14C36	
OR14I1	-0.9999999999999998
OR14J1	
OR14K1	
OR14L1P	-0.9999999999999999
OR1A1	-0.9999999999999998
OR1A2	
OR1AA1P	
OR1AB1P	
OR1AC1P	
OR1B1	-0.9999999999999999
OR1C1	
OR1D2	
OR1D3P	
OR1D4	
OR1D5	
OR1E1	
OR1E2	
OR1E3	
OR1F1	
OR1F12	
OR1F2P	
OR1G1	
OR1H1P	-1.0
OR1I1	
OR1J1	1.0
OR1J2	-1.0
OR1J4	-0.9999999999999998
OR1K1	1.0
OR1L1	
OR1L3	-1.0
OR1L4	
OR1L6	
OR1L8	-1.0
OR1M1	
OR1M4P	
OR1N1	
OR1N2	
OR1P1	
OR1Q1	-0.9999999999999998
OR1R1P	-1.0
OR1S1	
OR1S2	
OR1X1P	-0.9999999999999998
OR1X5P	
OR2A1	-0.9999999999999998
OR2A1-AS1	-1.0
OR2A12	
OR2A13P	
OR2A14	-0.9999999999999998
OR2A15P	
OR2A2	1.0
OR2A20P	-1.0
OR2A25	
OR2A3P	
OR2A4	-0.9999999999999998
OR2A41P	
OR2A42	-0.9999999999999998
OR2A5	
OR2A7	-0.9999999999999999
OR2A9P	-0.9999999999999998
OR2AD1P	
OR2AE1	
OR2AF1P	
OR2AG1	
OR2AG2	0.9999999999999998
OR2AH1P	
OR2AI1P	
OR2AJ1	
OR2AK2	-0.9999999999999998
OR2AL1P	
OR2AM1P	
OR2AO1P	
OR2AP1	
OR2AQ1P	
OR2AS1P	
OR2AS2P	
OR2AT1P	
OR2AT2P	
OR2AT4	-0.9999999999999999
OR2B11	-0.9999999999999998
OR2B2	
OR2B3	1.0
OR2B4P	
OR2B6	-1.0
OR2B7P	
OR2B8P	-0.9999999999999998
OR2BH1P	
OR2C1	-1.0
OR2C3	0.9999999999999999
OR2D2	
OR2D3	
OR2E1P	
OR2F1	
OR2F2	
OR2G1P	
OR2G2	1.0
OR2G3	
OR2G6	
OR2H1	
OR2H2	-1.0
OR2H4P	
OR2H5P	
OR2I1P	1.0
OR2J1	1.0
OR2J2	
OR2J3	
OR2J4P	
OR2K2	
OR2L13	1.0
OR2L1P	
OR2L2	-0.9999999999999999
OR2L3	
OR2L5	
OR2L6P	
OR2L8	
OR2L9P	-0.9999999999999998
OR2M1P	
OR2M2	
OR2M3	
OR2M4	
OR2M5	
OR2M7	
OR2N1P	-0.9999999999999998
OR2P1P	-1.0
OR2Q1P	
OR2R1P	
OR2S1P	-0.9999999999999999
OR2S2	
OR2T1	
OR2T10	
OR2T11	-1.0
OR2T12	
OR2T2	
OR2T27	
OR2T29	
OR2T3	
OR2T32P	-0.9999999999999999
OR2T33	-0.9999999999999998
OR2T34	
OR2T35	
OR2T4	
OR2T5	
OR2T6	
OR2T7	
OR2T8	-0.9999999999999998
OR2U1P	
OR2U2P	
OR2V1	
OR2V2	1.0
OR2W1	
OR2W2P	-0.9999999999999998
OR2W3	-1.0
OR2W4P	
OR2W5	
OR2W6P	-0.9999999999999998
OR2X1P	
OR2Y1	-0.9999999999999998
OR2Z1	
OR3A1	1.0
OR3A2	1.0
OR3A3	
OR3A4P	1.0
OR3A5P	
OR3B1P	
OR3D1P	-1.0
OR4A10P	
OR4A11P	
OR4A12P	
OR4A13P	1.0
OR4A14P	
OR4A15	-0.9999999999999998
OR4A16	
OR4A17P	
OR4A18P	
OR4A19P	
OR4A1P	
OR4A21P	
OR4A2P	
OR4A3P	
OR4A40P	
OR4A41P	
OR4A42P	
OR4A43P	1.0
OR4A44P	
OR4A45P	
OR4A46P	
OR4A47	
OR4A48P	
OR4A49P	
OR4A4P	
OR4A5	
OR4A50P	
OR4A6P	
OR4A7P	-0.9999999999999998
OR4A8P	
OR4A9P	
OR4B1	
OR4B2P	-1.0
OR4C10P	
OR4C11	
OR4C12	
OR4C13	
OR4C14P	
OR4C15	
OR4C16	
OR4C1P	
OR4C2P	-0.9999999999999998
OR4C3	
OR4C46	
OR4C4P	
OR4C5	1.0
OR4C50P	
OR4C6	
OR4C7P	
OR4C9P	
OR4D1	
OR4D10	
OR4D11	
OR4D12P	
OR4D2	
OR4D5	-0.9999999999999998
OR4D6	
OR4D7P	
OR4D8P	-0.9999999999999998
OR4D9	
OR4E1	-0.9999999999999999
OR4E2	1.0
OR4F13P	
OR4F14P	
OR4F15	
OR4F16	
OR4F17	
OR4F1P	
OR4F21	
OR4F28P	-0.9999999999999998
OR4F29	
OR4F2P	
OR4F3	
OR4F4	
OR4F5	
OR4F6	
OR4F7P	
OR4F8P	
OR4G11P	
OR4G1P	
OR4G2P	
OR4G3P	
OR4G4P	
OR4H12P	
OR4H6P	
OR4K1	
OR4K11P	
OR4K12P	1.0
OR4K13	
OR4K14	
OR4K15	
OR4K16P	
OR4K17	
OR4K2	
OR4K3	
OR4K4P	
OR4K5	
OR4K6P	-0.9999999999999998
OR4K7P	0.9999999999999999
OR4K8P	-0.9999999999999998
OR4L1	
OR4M1	
OR4M2	
OR4N1P	
OR4N2	
OR4N3P	
OR4N4	
OR4N5	
OR4P1P	
OR4P4	
OR4Q1P	
OR4Q2	
OR4Q3	
OR4R1P	
OR4R2P	
OR4R3P	
OR4S1	
OR4S2	
OR4T1P	
OR4U1P	
OR4V1P	
OR4X1	-0.9999999999999998
OR4X2	
OR4X7P	
OR51A10P	
OR51A1P	
OR51A2	
OR51A3P	
OR51A4	
OR51A5P	
OR51A6P	
OR51A7	
OR51A8P	
OR51A9P	
OR51AB1P	
OR51B2	
OR51B3P	
OR51B4	
OR51B5	
OR51B6	
OR51B8P	
OR51C1P	-1.0
OR51C4P	-0.9999999999999998
OR51D1	
OR51E1	-0.9999999999999999
OR51E2	-0.9999999999999999
OR51F1	
OR51F2	
OR51F3P	
OR51F4P	
OR51F5P	1.0
OR51G1	-0.9999999999999998
OR51G2	-0.9999999999999998
OR51H1P	
OR51H2P	
OR51I1	
OR51I2	
OR51J1	
OR51K1P	
OR51L1	
OR51M1	
OR51N1P	
OR51P1P	
OR51Q1	
OR51R1P	
OR51S1	
OR51T1	
OR51V1	
OR52A1	-0.9999999999999998
OR52A4	-0.9999999999999998
OR52A5	
OR52B1P	
OR52B2	-1.0
OR52B3P	
OR52B4	
OR52B5P	1.0
OR52B6	
OR52D1	-0.9999999999999998
OR52E1	1.0
OR52E2	
OR52E3P	
OR52E4	1.0
OR52E6	
OR52E7P	1.0
OR52E8	
OR52H1	1.0
OR52H2P	
OR52I1	
OR52I2	
OR52J1P	
OR52J2P	1.0
OR52J3	
OR52K1	
OR52K2	
OR52K3P	1.0
OR52L1	
OR52L2P	
OR52M1	
OR52M2P	
OR52N1	-1.0
OR52N2	1.0
OR52N3P	
OR52N4	0.9999999999999998
OR52N5	1.0
OR52P1P	1.0
OR52P2P	
OR52R1	
OR52S1P	
OR52T1P	
OR52U1P	-1.0
OR52V1P	-0.9999999999999999
OR52W1	-0.9999999999999998
OR52X1P	1.0
OR52Y1P	
OR52Z1	
OR55B1P	
OR56A1	
OR56A3	
OR56A4	
OR56A7P	
OR56B1	-0.9999999999999998
OR56B2P	
OR56B3P	
OR56B4	
OR5A1	
OR5A2	
OR5AC1	
OR5AC2	-0.9999999999999998
OR5AC4P	
OR5AH1P	1.0
OR5AK1P	
OR5AK2	
OR5AK3P	1.0
OR5AK4P	
OR5AL1	1.0
OR5AL2P	
OR5AM1P	
OR5AN1	
OR5AN2P	1.0
OR5AO1P	
OR5AP1P	
OR5AP2	
OR5AQ1P	
OR5AR1	
OR5AS1	
OR5AU1	
OR5AW1P	1.0
OR5AZ1P	-0.9999999999999998
OR5B10P	
OR5B12	
OR5B15P	
OR5B17	
OR5B19P	1.0
OR5B1P	
OR5B2	
OR5B21	1.0
OR5B3	
OR5BA1P	
OR5BB1P	
OR5BC1P	
OR5BD1P	
OR5BE1P	
OR5BH1P	
OR5BJ1P	
OR5BK1P	
OR5BL1P	
OR5BM1P	
OR5BN1P	1.0
OR5BN2P	
OR5BP1P	
OR5BQ1P	
OR5BR1P	
OR5BS1P	
OR5BT1P	-0.9999999999999998
OR5C1	
OR5D13	
OR5D14	
OR5D15P	
OR5D16	
OR5D17P	
OR5D18	
OR5D2P	
OR5D3P	
OR5E1P	
OR5F1	-0.9999999999999998
OR5F2P	
OR5G1P	
OR5G3	-0.9999999999999998
OR5G4P	
OR5G5P	1.0
OR5H1	
OR5H14	
OR5H15	
OR5H2	
OR5H3P	
OR5H4P	
OR5H5P	
OR5H6	
OR5H7P	
OR5H8P	
OR5I1	
OR5J1P	
OR5J2	
OR5J7P	
OR5K1	
OR5K2	
OR5K3	
OR5K4	
OR5L1	
OR5L2	
OR5M1	
OR5M10	
OR5M11	
OR5M12P	
OR5M13P	-0.9999999999999998
OR5M14P	1.0
OR5M2P	
OR5M3	1.0
OR5M4P	
OR5M5P	-0.9999999999999998
OR5M6P	
OR5M7P	
OR5M8	
OR5M9	
OR5P1P	
OR5P2	
OR5P3	
OR5P4P	-0.9999999999999998
OR5R1	
OR5S1P	1.0
OR5T1	
OR5T2	
OR5T3	
OR5V1	-0.9999999999999998
OR5W1P	
OR5W2	
OR6A2	
OR6B1	-0.9999999999999998
OR6B2	1.0
OR6B3	
OR6C1	
OR6C2	
OR6C3	
OR6C4	
OR6C5P	
OR6C6	
OR6C64P	
OR6C65	
OR6C66P	
OR6C68	1.0
OR6C69P	
OR6C70	
OR6C71P	-0.9999999999999998
OR6C72P	
OR6C73P	
OR6C74	
OR6C75	
OR6C76	
OR6C7P	
OR6D1P	-0.9999999999999998
OR6E1P	
OR6F1	
OR6J1	-1.0
OR6K1P	
OR6K2	
OR6K3	0.9999999999999999
OR6K4P	
OR6K5P	
OR6K6	
OR6L1P	
OR6L2P	-0.9999999999999998
OR6M1	
OR6M2P	
OR6M3P	
OR6N1	
OR6N2	-0.9999999999999999
OR6P1	
OR6Q1	
OR6R1P	
OR6R2P	-0.9999999999999998
OR6S1	
OR6T1	-0.9999999999999998
OR6U2P	
OR6V1	1.0
OR6W1P	
OR6X1	
OR6Y1	
OR7A10	
OR7A11P	
OR7A15P	
OR7A17	
OR7A18P	
OR7A19P	
OR7A1P	
OR7A3P	
OR7A5	-0.9999999999999998
OR7C1	-0.9999999999999998
OR7C2	
OR7D1P	
OR7D2	0.9999999999999999
OR7D4	
OR7E100P	
OR7E101P	
OR7E102P	-0.9999999999999998
OR7E104P	
OR7E105P	
OR7E106P	
OR7E108P	-0.9999999999999998
OR7E109P	
OR7E10P	
OR7E110P	
OR7E111P	
OR7E115P	-0.9999999999999998
OR7E116P	
OR7E117P	-0.9999999999999998
OR7E11P	-0.9999999999999998
OR7E121P	
OR7E122P	
OR7E125P	0.9999999999999998
OR7E126P	
OR7E128P	1.0
OR7E129P	
OR7E12P	-1.0
OR7E130P	
OR7E136P	
OR7E13P	-0.9999999999999998
OR7E140P	1.0
OR7E148P	
OR7E149P	
OR7E14P	0.9999999999999999
OR7E154P	
OR7E155P	-0.9999999999999998
OR7E156P	
OR7E157P	
OR7E158P	-0.9999999999999998
OR7E159P	
OR7E15P	-0.9999999999999998
OR7E160P	
OR7E161P	
OR7E162P	
OR7E163P	
OR7E16P	
OR7E18P	
OR7E19P	1.0
OR7E1P	
OR7E21P	
OR7E22P	-1.0
OR7E23P	
OR7E24	-1.0
OR7E25P	
OR7E26P	0.9999999999999999
OR7E28P	
OR7E29P	-1.0
OR7E2P	
OR7E31P	
OR7E33P	
OR7E35P	-0.9999999999999999
OR7E36P	1.0
OR7E37P	-0.9999999999999998
OR7E38P	-1.0
OR7E39P	
OR7E43P	
OR7E46P	-0.9999999999999998
OR7E47P	-1.0
OR7E4P	
OR7E53P	
OR7E55P	-0.9999999999999998
OR7E59P	-0.9999999999999998
OR7E5P	1.0
OR7E62P	
OR7E66P	
OR7E7P	0.9999999999999998
OR7E83P	1.0
OR7E84P	-1.0
OR7E85P	
OR7E86P	
OR7E87P	
OR7E89P	
OR7E8P	
OR7E90P	
OR7E91P	-0.9999999999999999
OR7E93P	
OR7E94P	-0.9999999999999998
OR7E96P	-0.9999999999999998
OR7E97P	1.0
OR7E99P	1.0
OR7G1	
OR7G2	
OR7G3	
OR7H1P	
OR7H2P	
OR7K1P	
OR7L1P	
OR7M1P	1.0
OR8A1	
OR8A2P	
OR8A3P	
OR8B10P	
OR8B12	
OR8B1P	-0.9999999999999998
OR8B2	
OR8B3	
OR8B4	
OR8B5P	
OR8B6P	-0.9999999999999998
OR8B7P	
OR8B8	
OR8B9P	
OR8C1P	-0.9999999999999998
OR8D1	-1.0
OR8D2	
OR8D4	
OR8F1P	
OR8G1	
OR8G2P	
OR8G3P	1.0
OR8G5	-1.0
OR8G7P	
OR8H1	
OR8H2	
OR8H3	-0.9999999999999998
OR8I1P	
OR8I2	
OR8I4P	
OR8J1	
OR8J2	
OR8J3	
OR8K1	1.0
OR8K2P	
OR8K3	
OR8K4P	
OR8K5	-0.9999999999999998
OR8L1P	
OR8Q1P	
OR8R1P	0.9999999999999998
OR8S1	1.0
OR8S21P	
OR8T1P	
OR8U1	
OR8V1P	
OR8X1P	
OR9A1P	
OR9A2	
OR9A3P	
OR9A4	
OR9G1	
OR9G2P	
OR9G3P	
OR9G4	-0.9999999999999998
OR9H1P	
OR9I1	-0.9999999999999998
OR9I2P	
OR9I3P	-0.9999999999999998
OR9K1P	
OR9K2	
OR9L1P	
OR9M1P	
OR9N1P	
OR9P1P	
OR9Q1	1.0
OR9Q2	
OR9R1P	
OR9S24P	1.0
ORAI1	-1.0
ORAI2	-1.0
ORAI3	-1.0
ORAOV1	1.0
ORAOV1P1	
ORC1	0.9999999999999999
ORC2	0.9999999999999998
ORC3	-1.0
ORC4	-0.9999999999999999
ORC5	0.9999999999999998
ORC6	1.0
ORM1	0.9999999999999999
ORM2	1.0
ORMDL1	1.0
ORMDL2	-1.0
ORMDL3	1.0
OS9	1.0
OSBP	1.0
OSBP2	0.9999999999999999
OSBPL10	-0.9999999999999999
OSBPL10-AS1	-0.9999999999999998
OSBPL11	-1.0
OSBPL1A	-1.0
OSBPL2	-0.9999999999999998
OSBPL3	-1.0
OSBPL5	-0.9999999999999998
OSBPL6	-0.9999999999999998
OSBPL7	-0.9999999999999998
OSBPL8	-1.0
OSBPL9	0.9999999999999999
OSBPL9P1	1.0
OSBPL9P2	-0.9999999999999998
OSBPL9P3	-0.9999999999999998
OSBPL9P4	
OSBPL9P5	
OSCAR	1.0
OSCP1	1.0
OSER1	-0.9999999999999998
OSER1-AS1	-0.9999999999999998
OSGEP	-1.0
OSGEPL1	0.9999999999999998
OSGEPL1-AS1	-0.9999999999999998
OSGIN1	-0.9999999999999998
OSGIN2	-1.0
OSM	-0.9999999999999999
OSMR	-1.0
OSR1	0.9999999999999999
OSR2	0.9999999999999999
OST4	0.9999999999999998
OSTC	1.0
OSTCP1	1.0
OSTCP2	-1.0
OSTCP4	0.9999999999999999
OSTCP5	0.9999999999999998
OSTCP6	-1.0
OSTCP8	-0.9999999999999998
OSTF1	1.0
OSTF1P1	-1.0
OSTM1	-1.0
OSTM1-AS1	1.0
OSTN	
OSTN-AS1	1.0
OTC	-1.0
OTOA	1.0
OTOF	0.9999999999999999
OTOG	1.0
OTOGL	0.9999999999999998
OTOL1	
OTOP1	-1.0
OTOP2	1.0
OTOP3	0.9999999999999999
OTOR	-1.0
OTOS	-0.9999999999999998
OTP	-0.9999999999999998
OTUB1	-0.9999999999999999
OTUB2	-1.0
OTUD1	-0.9999999999999998
OTUD3	-0.9999999999999999
OTUD4	0.9999999999999998
OTUD5	-1.0
OTUD6A	-1.0
OTUD6B	-0.9999999999999998
OTUD7A	0.9999999999999998
OTUD7B	-1.0
OTX1	-1.0
OTX2	
OTX2-AS1	
OVCA2	
OVCH1	0.9999999999999999
OVCH1-AS1	0.9999999999999999
OVCH2	
OVGP1	0.9999999999999999
OVOL1	0.9999999999999999
OVOL2	-0.9999999999999998
OVOL3	1.0
OXA1L	0.9999999999999999
OXCT1	0.9999999999999999
OXCT1-AS1	1.0
OXCT2	0.9999999999999998
OXCT2P1	-0.9999999999999999
OXER1	1.0
OXGR1	0.9999999999999999
OXLD1	0.9999999999999998
OXNAD1	-1.0
OXR1	1.0
OXSM	1.0
OXSR1	-1.0
OXT	-1.0
OXTR	-0.9999999999999998
P2RX1	-1.0
P2RX2	-1.0
P2RX3	-1.0
P2RX4	-1.0
P2RX5	-1.0
P2RX5-TAX1BP3	-1.0
P2RX6	-0.9999999999999999
P2RX6P	
P2RX7	1.0
P2RY1	-1.0
P2RY10	-0.9999999999999999
P2RY11	1.0
P2RY12	-1.0
P2RY13	0.9999999999999998
P2RY14	-0.9999999999999999
P2RY2	-0.9999999999999998
P2RY4	-1.0
P2RY6	1.0
P2RY8	-1.0
P4HA1	-1.0
P4HA2	-1.0
P4HA2-AS1	
P4HA3	-1.0
P4HB	1.0
P4HTM	1.0
PA2G4	1.0
PA2G4P1	-1.0
PA2G4P2	-0.9999999999999999
PA2G4P3	-0.9999999999999998
PA2G4P4	-1.0
PAAF1	-0.9999999999999998
PABPC1	0.9999999999999999
PABPC1L	-0.9999999999999999
PABPC1L2A	-0.9999999999999998
PABPC1L2B	-1.0
PABPC1P1	1.0
PABPC1P10	
PABPC1P11	
PABPC1P12	1.0
PABPC1P13	
PABPC1P2	-0.9999999999999998
PABPC1P3	-0.9999999999999999
PABPC1P4	1.0
PABPC1P5	
PABPC1P6	
PABPC1P7	
PABPC1P8	-0.9999999999999998
PABPC1P9	
PABPC3	1.0
PABPC4	-1.0
PABPC4L	-1.0
PABPC5	-1.0
PABPC5-AS1	-0.9999999999999998
PABPN1	1.0
PABPN1L	0.9999999999999998
PACRG	1.0
PACRGL	1.0
PACS1	-1.0
PACS2	-1.0
PACSIN1	-0.9999999999999999
PACSIN2	-0.9999999999999998
PACSIN3	-1.0
PADI1	-0.9999999999999998
PADI2	-1.0
PADI3	0.9999999999999999
PADI4	-1.0
PADI6	0.9999999999999999
PAEP	-1.0
PAF1	-0.9999999999999999
PAFAH1B1	0.9999999999999999
PAFAH1B2	-0.9999999999999998
PAFAH1B3	0.9999999999999999
PAFAH2	-1.0
PAG1	-0.9999999999999998
PAGE1	
PAGE2	1.0
PAGE2B	-0.9999999999999998
PAGE3	
PAGE4	
PAGE5	1.0
PAGR1	1.0
PAH	1.0
PAICS	1.0
PAICSP1	-1.0
PAICSP2	-0.9999999999999998
PAICSP3	
PAICSP4	1.0
PAICSP5	
PAICSP6	1.0
PAICSP7	
PAIP1	1.0
PAIP1P1	0.9999999999999999
PAIP2	-1.0
PAIP2B	0.9999999999999999
PAK1	1.0
PAK1IP1	-1.0
PAK2	-1.0
PAK3	-0.9999999999999998
PAK4	1.0
PAK6	0.9999999999999999
PAK7	-1.0
PALB2	1.0
PALD1	-0.9999999999999999
PALLD	-1.0
PALM	-0.9999999999999998
PALM2	-1.0
PALM2-AKAP2	
PALM3	-1.0
PALMD	-1.0
PAM	-1.0
PAM16	1.0
PAMR1	-1.0
PAN2	1.0
PAN3	1.0
PAN3-AS1	-0.9999999999999998
PANK1	1.0
PANK2	-0.9999999999999999
PANK3	0.9999999999999999
PANK4	-1.0
PANX1	-1.0
PANX2	-0.9999999999999999
PANX3	-0.9999999999999998
PAOX	1.0
PAPD4	-1.0
PAPD5	-0.9999999999999999
PAPD7	-1.0
PAPL	-0.9999999999999999
PAPLN	-1.0
PAPOLA	-1.0
PAPOLB	-1.0
PAPOLG	-1.0
PAPPA	-1.0
PAPPA-AS1	-0.9999999999999998
PAPPA-AS2	-0.9999999999999998
PAPPA2	1.0
PAPSS1	-1.0
PAPSS2	-1.0
PAQR3	1.0
PAQR4	1.0
PAQR5	-1.0
PAQR6	-0.9999999999999997
PAQR7	-0.9999999999999998
PAQR8	-0.9999999999999998
PAQR9	0.9999999999999999
PARD3	-1.0
PARD3-AS1	0.9999999999999999
PARD3B	-0.9999999999999998
PARD6A	-1.0
PARD6B	-0.9999999999999999
PARD6G	-0.9999999999999999
PARG	-1.0
PARGP1	-0.9999999999999999
PARK2	1.0
PARK7	-1.0
PARL	0.9999999999999998
PARM1	-0.9999999999999998
PARN	-0.9999999999999999
PARP1	-1.0
PARP10	1.0
PARP11	0.9999999999999998
PARP12	1.0
PARP14	0.9999999999999998
PARP15	-0.9999999999999999
PARP16	1.0
PARP1P1	1.0
PARP2	1.0
PARP3	0.9999999999999998
PARP4	1.0
PARP4P1	0.9999999999999998
PARP4P2	-1.0
PARP4P3	-1.0
PARP6	-1.0
PARP8	0.9999999999999999
PARP9	1.0
PARPBP	-1.0
PARS2	0.9999999999999999
PART1	1.0
PARVA	-1.0
PARVB	-0.9999999999999999
PARVG	-0.9999999999999999
PASD1	
PASK	-0.9999999999999999
PATE1	1.0
PATE2	
PATE3	
PATE4	
PATL1	1.0
PATL2	0.9999999999999999
PATZ1	0.9999999999999999
PAWR	-1.0
PAWRP1	-0.9999999999999998
PAX1	-0.9999999999999998
PAX2	0.9999999999999999
PAX3	1.0
PAX4	0.9999999999999999
PAX5	-1.0
PAX6	0.9999999999999998
PAX7	0.9999999999999999
PAX8	1.0
PAX9	-0.9999999999999999
PAXBP1	-0.9999999999999999
PAXBP1-AS1	1.0
PAXIP1	1.0
PAXIP1-AS1	0.9999999999999999
PAXIP1-AS2	1.0
PBDC1	-0.9999999999999999
PBK	0.9999999999999999
PBLD	-0.9999999999999999
PBOV1	
PBRM1	0.9999999999999998
PBX1	-0.9999999999999998
PBX2	-1.0
PBX2P1	-0.9999999999999998
PBX3	-1.0
PBX4	-1.0
PBXIP1	-1.0
PC	-1.0
PCA3	-0.9999999999999998
PCAT1	-1.0
PCAT2	-0.9999999999999998
PCAT4	
PCAT6	-1.0
PCAT7	0.9999999999999999
PCBD1	1.0
PCBD2	1.0
PCBP1	-1.0
PCBP1-AS1	0.9999999999999998
PCBP2	-1.0
PCBP2P1	-1.0
PCBP2P3	-0.9999999999999998
PCBP3	-1.0
PCBP4	-1.0
PCCA	-1.0
PCCA-AS1	-0.9999999999999998
PCCB	1.0
PCDH1	-1.0
PCDH10	-1.0
PCDH11X	-0.9999999999999999
PCDH11Y	1.0
PCDH12	-0.9999999999999999
PCDH15	-0.9999999999999998
PCDH17	-0.9999999999999999
PCDH18	-1.0
PCDH19	-1.0
PCDH20	0.9999999999999998
PCDH7	-1.0
PCDH8	1.0
PCDH8P1	-1.0
PCDH9	-1.0
PCDH9-AS1	
PCDH9-AS2	
PCDH9-AS3	
PCDH9-AS4	
PCDHA1	-0.9999999999999998
PCDHA10	-0.9999999999999998
PCDHA11	-1.0
PCDHA12	0.9999999999999998
PCDHA13	0.9999999999999998
PCDHA14	-0.9999999999999998
PCDHA2	-0.9999999999999999
PCDHA3	0.9999999999999999
PCDHA4	0.9999999999999999
PCDHA5	0.9999999999999999
PCDHA6	0.9999999999999998
PCDHA7	-0.9999999999999999
PCDHA8	1.0
PCDHA9	1.0
PCDHAC1	-0.9999999999999999
PCDHAC2	-1.0
PCDHB1	
PCDHB10	-0.9999999999999998
PCDHB11	-1.0
PCDHB12	-1.0
PCDHB13	1.0
PCDHB14	-0.9999999999999999
PCDHB15	-1.0
PCDHB16	-0.9999999999999997
PCDHB17	1.0
PCDHB18	-1.0
PCDHB19P	-1.0
PCDHB2	-0.9999999999999999
PCDHB3	-1.0
PCDHB4	-0.9999999999999998
PCDHB5	1.0
PCDHB6	-1.0
PCDHB7	-1.0
PCDHB8	-1.0
PCDHB9	-0.9999999999999998
PCDHGA1	-0.9999999999999999
PCDHGA10	0.9999999999999999
PCDHGA11	-0.9999999999999999
PCDHGA12	-0.9999999999999999
PCDHGA2	-1.0
PCDHGA3	-1.0
PCDHGA4	-0.9999999999999999
PCDHGA5	-0.9999999999999999
PCDHGA6	-1.0
PCDHGA7	-1.0
PCDHGA8	-0.9999999999999999
PCDHGA9	-1.0
PCDHGB1	-1.0
PCDHGB2	0.9999999999999999
PCDHGB3	0.9999999999999999
PCDHGB4	-0.9999999999999999
PCDHGB6	-0.9999999999999999
PCDHGB7	-0.9999999999999999
PCDHGB8P	-1.0
PCDHGC3	-1.0
PCDHGC4	-0.9999999999999998
PCDHGC5	-1.0
PCDP1	1.0
PCED1A	-1.0
PCED1B	-0.9999999999999999
PCED1B-AS1	-0.9999999999999999
PCED1CP	
PCF11	1.0
PCGEM1	-1.0
PCGF1	-0.9999999999999999
PCGF2	-0.9999999999999998
PCGF3	-0.9999999999999999
PCGF5	1.0
PCGF6	-0.9999999999999999
PCGF7P	-1.0
PCID2	-1.0
PCIF1	-1.0
PCK1	-1.0
PCK2	-1.0
PCLO	0.9999999999999999
PCM1	0.9999999999999999
PCMT1	-0.9999999999999998
PCMTD1	-1.0
PCMTD1P1	
PCMTD1P2	1.0
PCMTD1P3	0.9999999999999999
PCMTD2	-0.9999999999999998
PCNA	0.9999999999999999
PCNAP1	
PCNAP3	-1.0
PCNAP4	
PCNP	-0.9999999999999999
PCNPP1	1.0
PCNPP2	
PCNPP3	
PCNPP4	-0.9999999999999998
PCNPP5	-1.0
PCNT	0.9999999999999999
PCNX	-0.9999999999999999
PCNXL2	-0.9999999999999999
PCNXL3	0.9999999999999999
PCNXL4	-1.0
PCOLCE	-1.0
PCOLCE-AS1	-1.0
PCOLCE2	-0.9999999999999998
PCP2	-0.9999999999999999
PCP4	-0.9999999999999999
PCP4L1	-1.0
PCSK1	1.0
PCSK1N	0.9999999999999998
PCSK2	0.9999999999999998
PCSK4	0.9999999999999999
PCSK5	-1.0
PCSK6	-1.0
PCSK7	-0.9999999999999999
PCSK9	-1.0
PCTP	1.0
PCYOX1	-0.9999999999999999
PCYOX1L	0.9999999999999999
PCYT1A	0.9999999999999998
PCYT1B	1.0
PCYT1B-AS1	
PCYT2	1.0
PDAP1	0.9999999999999999
PDC	
PDCD1	-1.0
PDCD10	1.0
PDCD11	1.0
PDCD1LG2	-0.9999999999999998
PDCD2	-1.0
PDCD2L	-1.0
PDCD4	1.0
PDCD4-AS1	-1.0
PDCD5	1.0
PDCD6	1.0
PDCD6IP	-1.0
PDCD7	-0.9999999999999999
PDCL	1.0
PDCL2	
PDCL3	-0.9999999999999998
PDCL3P1	
PDCL3P3	
PDCL3P4	-0.9999999999999999
PDCL3P5	1.0
PDCL3P6	-1.0
PDCL3P7	
PDDC1	1.0
PDE10A	-1.0
PDE11A	1.0
PDE12	-1.0
PDE1A	-1.0
PDE1B	0.9999999999999999
PDE1C	-0.9999999999999998
PDE2A	-1.0
PDE3A	1.0
PDE3B	-0.9999999999999999
PDE4A	-0.9999999999999998
PDE4B	-1.0
PDE4C	-0.9999999999999999
PDE4D	-1.0
PDE4DIP	0.9999999999999998
PDE5A	-1.0
PDE6A	0.9999999999999998
PDE6B	1.0
PDE6C	-1.0
PDE6D	0.9999999999999999
PDE6G	-0.9999999999999999
PDE6H	0.9999999999999999
PDE7A	-1.0
PDE7B	-1.0
PDE8A	-1.0
PDE8B	-0.9999999999999999
PDE9A	-1.0
PDF	0.9999999999999999
PDGFA	-0.9999999999999999
PDGFB	-1.0
PDGFC	-1.0
PDGFD	-0.9999999999999999
PDGFRA	-0.9999999999999999
PDGFRB	-1.0
PDGFRL	1.0
PDHA1	0.9999999999999998
PDHA2	-0.9999999999999998
PDHB	-0.9999999999999999
PDHX	0.9999999999999999
PDIA2	0.9999999999999998
PDIA3	1.0
PDIA3P	0.9999999999999998
PDIA4	0.9999999999999999
PDIA5	1.0
PDIA6	-1.0
PDIK1L	0.9999999999999999
PDILT	
PDK1	-1.0
PDK2	-0.9999999999999998
PDK3	0.9999999999999998
PDK4	1.0
PDLIM1	-0.9999999999999998
PDLIM1P1	-0.9999999999999999
PDLIM1P2	
PDLIM1P3	-0.9999999999999998
PDLIM1P4	-0.9999999999999998
PDLIM2	1.0
PDLIM3	-1.0
PDLIM4	-0.9999999999999998
PDLIM5	0.9999999999999999
PDLIM7	-0.9999999999999999
PDP1	-0.9999999999999999
PDP2	-1.0
PDPK1	-1.0
PDPN	-0.9999999999999999
PDPR	-1.0
PDRG1	0.9999999999999999
PDS5A	-1.0
PDS5B	-0.9999999999999998
PDSS1	1.0
PDSS2	-1.0
PDX1	1.0
PDX1-AS1	-0.9999999999999998
PDXDC1	1.0
PDXDC2P	1.0
PDXK	-1.0
PDXP	-1.0
PDYN	-0.9999999999999998
PDZD11	-1.0
PDZD2	-1.0
PDZD3	-0.9999999999999998
PDZD4	-1.0
PDZD7	1.0
PDZD8	1.0
PDZD9	
PDZK1	-0.9999999999999999
PDZK1IP1	0.9999999999999998
PDZK1P1	1.0
PDZK1P2	
PDZRN3	-1.0
PDZRN3-AS1	1.0
PDZRN4	-1.0
PEA15	-0.9999999999999998
PEAK1	1.0
PEAR1	-1.0
PEBP1	-1.0
PEBP1P1	0.9999999999999999
PEBP1P2	-0.9999999999999998
PEBP1P3	1.0
PEBP4	-1.0
PECR	-1.0
PEF1	-0.9999999999999998
PEG10	-1.0
PEG3	-1.0
PELI1	0.9999999999999999
PELI2	0.9999999999999998
PELI3	0.9999999999999999
PELO	-1.0
PELP1	0.9999999999999999
PEMT	1.0
PENK	1.0
PEPD	-1.0
PER1	-1.0
PER2	1.0
PER3	1.0
PERP	-1.0
PES1	-0.9999999999999999
PES1P1	1.0
PES1P2	1.0
PET100	-0.9999999999999998
PET112	-0.9999999999999999
PET117	0.9999999999999998
PEX1	0.9999999999999998
PEX10	0.9999999999999998
PEX11A	-1.0
PEX11B	1.0
PEX11G	0.9999999999999999
PEX12	0.9999999999999999
PEX12P1	-0.9999999999999998
PEX13	-0.9999999999999998
PEX14	0.9999999999999998
PEX16	0.9999999999999999
PEX19	0.9999999999999999
PEX2	0.9999999999999999
PEX26	1.0
PEX3	0.9999999999999999
PEX5	1.0
PEX5L	-1.0
PEX5L-AS1	
PEX5L-AS2	
PEX6	-1.0
PEX7	-0.9999999999999999
PF4	-1.0
PF4V1	1.0
PFAS	1.0
PFDN1	-1.0
PFDN2	0.9999999999999999
PFDN4	-1.0
PFDN5	-1.0
PFDN6	0.9999999999999998
PFKFB1	1.0
PFKFB2	0.9999999999999999
PFKFB3	-0.9999999999999999
PFKFB4	0.9999999999999999
PFKL	-1.0
PFKM	-1.0
PFKP	1.0
PFN1	0.9999999999999999
PFN1P1	0.9999999999999998
PFN1P10	1.0
PFN1P11	1.0
PFN1P12	-0.9999999999999998
PFN1P2	-0.9999999999999998
PFN1P3	-0.9999999999999998
PFN1P4	1.0
PFN1P5	-0.9999999999999998
PFN1P6	1.0
PFN1P7	-0.9999999999999998
PFN1P8	
PFN1P9	-1.0
PFN2	0.9999999999999999
PFN3	
PFN4	0.9999999999999999
PGA3	
PGA4	
PGA5	
PGAM1	-0.9999999999999998
PGAM1P1	-0.9999999999999998
PGAM1P10	-0.9999999999999998
PGAM1P11	-0.9999999999999998
PGAM1P12	-1.0
PGAM1P13	
PGAM1P2	-0.9999999999999998
PGAM1P3	-1.0
PGAM1P4	0.9999999999999999
PGAM1P5	0.9999999999999999
PGAM1P6	0.9999999999999999
PGAM1P7	-1.0
PGAM1P8	
PGAM1P9	-0.9999999999999998
PGAM2	-1.0
PGAM3P	
PGAM4	-0.9999999999999999
PGAM4P1	
PGAM4P2	1.0
PGAM5	-1.0
PGAM5P1	
PGAP1	0.9999999999999999
PGAP2	-0.9999999999999999
PGAP3	1.0
PGBD1	0.9999999999999999
PGBD2	-1.0
PGBD3	-0.9999999999999999
PGBD4	1.0
PGBD4P1	1.0
PGBD4P3	
PGBD4P4	
PGBD4P5	
PGBD4P6	
PGBD4P7	1.0
PGBD4P8	
PGBD5	-1.0
PGC	-0.9999999999999999
PGCP1	
PGD	-1.0
PGDP1	0.9999999999999999
PGF	-1.0
PGGT1B	1.0
PGGT1BP1	0.9999999999999998
PGGT1BP2	-1.0
PGK1	-1.0
PGK1P2	0.9999999999999999
PGK2	0.9999999999999999
PGLS	0.9999999999999999
PGLYRP1	-1.0
PGLYRP2	1.0
PGLYRP3	1.0
PGLYRP4	-0.9999999999999999
PGM1	-0.9999999999999999
PGM2	-0.9999999999999998
PGM2L1	-0.9999999999999999
PGM3	1.0
PGM5	-0.9999999999999998
PGM5-AS1	1.0
PGM5P2	-1.0
PGP	1.0
PGPEP1	1.0
PGPEP1L	-1.0
PGR	-1.0
PGRMC1	-0.9999999999999998
PGRMC2	-1.0
PGS1	1.0
PHACTR1	-0.9999999999999998
PHACTR2	-0.9999999999999999
PHACTR3	-1.0
PHACTR4	1.0
PHAX	-0.9999999999999999
PHB	0.9999999999999999
PHB2	0.9999999999999998
PHB2P1	-0.9999999999999998
PHBP1	1.0
PHBP10	-0.9999999999999998
PHBP11	1.0
PHBP12	-0.9999999999999998
PHBP13	1.0
PHBP14	
PHBP15	-0.9999999999999998
PHBP3	-1.0
PHBP4	
PHBP5	
PHBP6	
PHBP7	0.9999999999999999
PHBP8	0.9999999999999998
PHBP9	-1.0
PHC1	-1.0
PHC1P1	-0.9999999999999998
PHC2	-0.9999999999999999
PHC3	-1.0
PHEX	-1.0
PHEX-AS1	
PHF1	-1.0
PHF10	-1.0
PHF11	0.9999999999999998
PHF12	-0.9999999999999999
PHF13	-1.0
PHF14	1.0
PHF15	1.0
PHF16	-0.9999999999999999
PHF17	-1.0
PHF19	-0.9999999999999998
PHF2	1.0
PHF20	-1.0
PHF20L1	-1.0
PHF21A	-1.0
PHF21B	-0.9999999999999999
PHF23	0.9999999999999997
PHF2P2	-0.9999999999999998
PHF3	1.0
PHF5A	1.0
PHF5CP	1.0
PHF6	0.9999999999999998
PHF7	1.0
PHF8	-0.9999999999999998
PHGDH	-1.0
PHGR1	0.9999999999999999
PHIP	0.9999999999999999
PHKA1	-0.9999999999999998
PHKA1-AS1	-0.9999999999999998
PHKA1P1	-1.0
PHKA2	-1.0
PHKA2-AS1	1.0
PHKB	1.0
PHKBP1	
PHKBP2	
PHKG1	-1.0
PHKG1P1	
PHKG1P2	
PHKG1P4	1.0
PHKG2	-1.0
PHLDA1	-1.0
PHLDA2	-0.9999999999999999
PHLDA3	-0.9999999999999998
PHLDB1	-1.0
PHLDB2	-1.0
PHLDB3	-1.0
PHLPP1	0.9999999999999998
PHLPP2	0.9999999999999999
PHOSPHO1	-1.0
PHOSPHO2	0.9999999999999998
PHOX2A	-1.0
PHOX2B	-1.0
PHPT1	1.0
PHRF1	0.9999999999999998
PHTF1	-0.9999999999999998
PHTF2	-1.0
PHYH	-1.0
PHYHD1	-1.0
PHYHIP	-0.9999999999999998
PHYHIPL	1.0
PHYKPL	0.9999999999999998
PI15	0.9999999999999998
PI16	0.9999999999999999
PI3	-1.0
PI4K2A	-1.0
PI4K2B	1.0
PI4KA	-1.0
PI4KAP1	1.0
PI4KAP2	-1.0
PI4KB	0.9999999999999999
PIANP	-0.9999999999999999
PIAS1	-0.9999999999999998
PIAS2	-0.9999999999999999
PIAS3	-0.9999999999999999
PIAS4	0.9999999999999999
PIBF1	-1.0
PICALM	-0.9999999999999997
PICK1	1.0
PID1	0.9999999999999998
PIDD	1.0
PIEZO1	-0.9999999999999999
PIEZO1P1	
PIEZO1P2	-0.9999999999999998
PIEZO2	-0.9999999999999999
PIF1	-1.0
PIFO	-0.9999999999999997
PIGA	-0.9999999999999998
PIGB	-1.0
PIGC	1.0
PIGCP1	1.0
PIGCP2	
PIGF	0.9999999999999999
PIGFP1	-1.0
PIGFP2	-0.9999999999999998
PIGFP3	
PIGG	-1.0
PIGH	-0.9999999999999999
PIGHP1	-1.0
PIGK	-0.9999999999999999
PIGL	1.0
PIGM	1.0
PIGN	0.9999999999999999
PIGO	-0.9999999999999999
PIGP	-0.9999999999999999
PIGPP2	
PIGPP3	
PIGPP4	1.0
PIGQ	0.9999999999999999
PIGQP1	
PIGR	-1.0
PIGS	-1.0
PIGT	-0.9999999999999999
PIGU	0.9999999999999999
PIGUP1	1.0
PIGV	-0.9999999999999999
PIGW	0.9999999999999999
PIGX	-1.0
PIGY	
PIGZ	-1.0
PIH1	
PIH1D1	-1.0
PIH1D2	-0.9999999999999999
PIH1D3	-1.0
PIK3AP1	-0.9999999999999999
PIK3C2A	0.9999999999999999
PIK3C2B	1.0
PIK3C2G	-0.9999999999999999
PIK3C3	0.9999999999999999
PIK3CA	-0.9999999999999999
PIK3CB	0.9999999999999999
PIK3CD	-1.0
PIK3CG	-1.0
PIK3IP1	0.9999999999999999
PIK3R1	0.9999999999999998
PIK3R2	0.9999999999999999
PIK3R3	-1.0
PIK3R4	-0.9999999999999999
PIK3R5	-1.0
PIK3R6	-0.9999999999999999
PIKFYVE	-0.9999999999999998
PILRA	0.9999999999999998
PILRB	-0.9999999999999999
PIM1	-1.0
PIM2	-1.0
PIM3	-1.0
PIN1	0.9999999999999999
PIN1P1	1.0
PIN4	0.9999999999999999
PIN4P1	0.9999999999999999
PINK1	-0.9999999999999998
PINK1-AS	0.9999999999999999
PINLYP	1.0
PINX1	0.9999999999999999
PIP	-0.9999999999999998
PIP4K2A	-1.0
PIP4K2B	-1.0
PIP4K2C	-1.0
PIP5K1A	-1.0
PIP5K1B	0.9999999999999999
PIP5K1C	-0.9999999999999999
PIP5K1P1	-0.9999999999999998
PIP5K1P2	1.0
PIP5KL1	-0.9999999999999999
PIPOX	0.9999999999999998
PIPSL	-0.9999999999999999
PIR	0.9999999999999998
PIRT	-1.0
PISD	0.9999999999999998
PITHD1	-0.9999999999999999
PITPNA	0.9999999999999998
PITPNA-AS1	1.0
PITPNB	-0.9999999999999998
PITPNC1	-0.9999999999999999
PITPNM1	1.0
PITPNM2	-0.9999999999999998
PITPNM3	-1.0
PITRM1	-1.0
PITRM1-AS1	0.9999999999999999
PITX1	-1.0
PITX2	1.0
PITX3	-1.0
PIWIL1	-0.9999999999999998
PIWIL2	-1.0
PIWIL3	-0.9999999999999998
PIWIL4	-0.9999999999999998
PJA1	-1.0
PJA2	-1.0
PKD1	-1.0
PKD1L1	-1.0
PKD1L2	0.9999999999999999
PKD1L3	1.0
PKD1P1	1.0
PKD1P5	1.0
PKD1P6	1.0
PKD2	-1.0
PKD2L1	-0.9999999999999999
PKD2L2	-0.9999999999999998
PKDCC	1.0
PKDREJ	0.9999999999999999
PKHD1	-1.0
PKHD1L1	-0.9999999999999999
PKIA	-0.9999999999999999
PKIB	-0.9999999999999999
PKIG	-1.0
PKLR	-1.0
PKM	-1.0
PKMP1	-1.0
PKMP2	-1.0
PKMP3	-1.0
PKMP4	-1.0
PKMP5	0.9999999999999999
PKMYT1	1.0
PKN1	-0.9999999999999999
PKN2	-0.9999999999999998
PKN3	0.9999999999999999
PKNOX1	1.0
PKNOX2	-0.9999999999999999
PKP1	-0.9999999999999998
PKP2	1.0
PKP3	-0.9999999999999998
PKP4	-1.0
PKP4P1	-1.0
PLA1A	-0.9999999999999998
PLA2G10	0.9999999999999998
PLA2G12A	1.0
PLA2G12AP1	0.9999999999999999
PLA2G12AP2	
PLA2G12B	1.0
PLA2G15	-0.9999999999999999
PLA2G16	1.0
PLA2G1B	1.0
PLA2G2A	0.9999999999999999
PLA2G2C	-0.9999999999999998
PLA2G2D	-0.9999999999999999
PLA2G2E	1.0
PLA2G2F	-0.9999999999999998
PLA2G3	-1.0
PLA2G4A	1.0
PLA2G4B	0.9999999999999998
PLA2G4C	-0.9999999999999998
PLA2G4D	-1.0
PLA2G4E	1.0
PLA2G4F	-1.0
PLA2G5	-0.9999999999999999
PLA2G6	-1.0
PLA2G7	0.9999999999999999
PLA2R1	0.9999999999999999
PLAA	-1.0
PLAC1	1.0
PLAC1L	1.0
PLAC4	-0.9999999999999997
PLAC8	-0.9999999999999999
PLAC8L1	-1.0
PLAC9	-1.0
PLAG1	-0.9999999999999999
PLAGL1	1.0
PLAGL2	0.9999999999999998
PLAT	-1.0
PLAU	-0.9999999999999999
PLAUR	-0.9999999999999998
PLB1	0.9999999999999998
PLBD1	-0.9999999999999998
PLBD2	-1.0
PLCB1	-1.0
PLCB1-IT1	-0.9999999999999998
PLCB2	-1.0
PLCB2-AS1	
PLCB3	1.0
PLCB4	1.0
PLCD1	0.9999999999999998
PLCD3	-0.9999999999999999
PLCD4	-1.0
PLCE1	0.9999999999999998
PLCE1-AS1	-1.0
PLCG1	-0.9999999999999999
PLCG2	-0.9999999999999999
PLCH1	1.0
PLCH1-AS1	
PLCH1-AS2	
PLCH2	0.9999999999999998
PLCL1	-1.0
PLCL2	-1.0
PLCL2-AS1	
PLCXD1	0.9999999999999999
PLCXD2	1.0
PLCXD2-AS1	-0.9999999999999998
PLCXD3	1.0
PLCZ1	-0.9999999999999998
PLD1	0.9999999999999998
PLD2	-0.9999999999999999
PLD3	-1.0
PLD4	-0.9999999999999999
PLD5	-0.9999999999999999
PLD6	-0.9999999999999999
PLEC	-0.9999999999999999
PLEK	-0.9999999999999999
PLEK2	0.9999999999999998
PLEKHA1	-1.0
PLEKHA2	-0.9999999999999999
PLEKHA3	-1.0
PLEKHA3P1	-1.0
PLEKHA4	-0.9999999999999999
PLEKHA5	-1.0
PLEKHA6	0.9999999999999999
PLEKHA7	0.9999999999999999
PLEKHA8	-0.9999999999999998
PLEKHA8P1	-1.0
PLEKHB1	0.9999999999999999
PLEKHB2	-0.9999999999999999
PLEKHD1	1.0
PLEKHF1	1.0
PLEKHF2	-0.9999999999999998
PLEKHG1	-1.0
PLEKHG2	-0.9999999999999999
PLEKHG3	0.9999999999999999
PLEKHG4	1.0
PLEKHG4B	0.9999999999999999
PLEKHG5	1.0
PLEKHG6	-1.0
PLEKHG7	1.0
PLEKHH1	0.9999999999999999
PLEKHH2	-1.0
PLEKHH3	-1.0
PLEKHJ1	0.9999999999999999
PLEKHM1	-0.9999999999999998
PLEKHM1P	-1.0
PLEKHM2	0.9999999999999999
PLEKHM3	-0.9999999999999999
PLEKHN1	-1.0
PLEKHO1	-0.9999999999999999
PLEKHO2	-1.0
PLEKHS1	1.0
PLG	0.9999999999999999
PLGLA	-1.0
PLGLB1	-0.9999999999999999
PLGLB2	0.9999999999999997
PLGRKT	0.9999999999999999
PLIN1	-1.0
PLIN2	-0.9999999999999998
PLIN3	0.9999999999999999
PLIN4	-1.0
PLIN5	0.9999999999999999
PLK1	-1.0
PLK1S1	-0.9999999999999999
PLK2	-1.0
PLK3	-1.0
PLK4	1.0
PLK5	0.9999999999999999
PLLP	-0.9999999999999999
PLN	-1.0
PLOD1	-1.0
PLOD2	-0.9999999999999998
PLOD3	-1.0
PLP1	-1.0
PLP2	-1.0
PLRG1	0.9999999999999999
PLS1	0.9999999999999999
PLS1-AS1	
PLS3	-1.0
PLSCR1	-1.0
PLSCR2	1.0
PLSCR4	1.0
PLSCR5	-0.9999999999999998
PLSCR5-AS1	
PLTP	-1.0
PLVAP	-1.0
PLXDC1	-1.0
PLXDC2	-0.9999999999999998
PLXNA1	-1.0
PLXNA2	-1.0
PLXNA3	-0.9999999999999998
PLXNA4	-0.9999999999999999
PLXNB1	1.0
PLXNB2	-1.0
PLXNB3	-1.0
PLXNC1	-0.9999999999999999
PLXND1	-0.9999999999999998
PM20D1	-0.9999999999999999
PM20D2	1.0
PMAIP1	1.0
PMCH	-0.9999999999999999
PMCHL1	
PMCHL2	
PMEL	0.9999999999999999
PMEPA1	-1.0
PMF1	-0.9999999999999999
PMF1-BGLAP	
PMFBP1	0.9999999999999999
PML	0.9999999999999999
PMM1	-0.9999999999999999
PMM2	1.0
PMM2P1	-1.0
PMP2	-1.0
PMP22	-1.0
PMPCA	1.0
PMPCB	0.9999999999999998
PMS1	-0.9999999999999999
PMS2	-0.9999999999999999
PMS2CL	-0.9999999999999999
PMS2P1	0.9999999999999998
PMS2P10	
PMS2P11	
PMS2P2	
PMS2P3	1.0
PMS2P4	1.0
PMS2P5	-0.9999999999999998
PMS2P9	
PMVK	-1.0
PNCK	-1.0
PNISR	-1.0
PNKD	-1.0
PNKP	0.9999999999999998
PNLDC1	-0.9999999999999998
PNLIP	
PNLIPP1	
PNLIPRP1	-1.0
PNLIPRP2	0.9999999999999999
PNLIPRP3	1.0
PNMA1	-0.9999999999999998
PNMA2	0.9999999999999999
PNMA3	-0.9999999999999998
PNMA5	-1.0
PNMA6A	
PNMA6B	
PNMA6C	0.9999999999999998
PNMA6D	
PNMAL1	-0.9999999999999999
PNMAL2	-0.9999999999999999
PNMT	0.9999999999999999
PNN	-1.0
PNO1	1.0
PNOC	-0.9999999999999998
PNP	-1.0
PNPLA1	-0.9999999999999999
PNPLA2	-0.9999999999999999
PNPLA3	-1.0
PNPLA4	-1.0
PNPLA4P1	
PNPLA5	1.0
PNPLA6	-1.0
PNPLA7	1.0
PNPLA8	-0.9999999999999999
PNPO	1.0
PNPT1	0.9999999999999999
PNPT1P1	-1.0
PNPT1P2	
PNRC1	1.0
PNRC2	1.0
POC1A	-0.9999999999999999
POC1B	-0.9999999999999998
POC1B-GALNT4	
POC5	1.0
PODN	-0.9999999999999999
PODNL1	-1.0
PODXL	-1.0
PODXL2	1.0
POF1B	-1.0
POFUT1	1.0
POFUT2	-0.9999999999999999
POGK	-1.0
POGLUT1	-1.0
POGZ	-0.9999999999999999
POLA1	1.0
POLA2	1.0
POLB	1.0
POLD1	0.9999999999999999
POLD2	1.0
POLD2P1	0.9999999999999999
POLD3	1.0
POLD4	0.9999999999999999
POLDIP2	-1.0
POLDIP3	-1.0
POLE	-1.0
POLE2	0.9999999999999999
POLE3	1.0
POLE4	0.9999999999999999
POLG	-1.0
POLG2	-0.9999999999999999
POLH	-1.0
POLHP1	
POLI	-1.0
POLK	-0.9999999999999998
POLL	-0.9999999999999999
POLM	-0.9999999999999998
POLN	0.9999999999999999
POLQ	0.9999999999999998
POLR1A	1.0
POLR1B	0.9999999999999999
POLR1C	-0.9999999999999999
POLR1D	-1.0
POLR1E	0.9999999999999999
POLR2A	1.0
POLR2B	0.9999999999999998
POLR2C	1.0
POLR2CP	-0.9999999999999998
POLR2D	-1.0
POLR2E	-1.0
POLR2F	-1.0
POLR2G	1.0
POLR2H	-0.9999999999999999
POLR2I	1.0
POLR2J	0.9999999999999999
POLR2J2	-0.9999999999999998
POLR2J3	0.9999999999999998
POLR2J4	0.9999999999999998
POLR2K	-0.9999999999999999
POLR2KP1	1.0
POLR2KP2	
POLR2L	1.0
POLR2LP	-0.9999999999999998
POLR2M	0.9999999999999999
POLR3A	-0.9999999999999999
POLR3B	0.9999999999999999
POLR3C	1.0
POLR3D	1.0
POLR3DP1	
POLR3E	-1.0
POLR3F	-0.9999999999999999
POLR3G	-0.9999999999999998
POLR3GL	-1.0
POLR3H	-0.9999999999999999
POLR3K	-1.0
POLR3KP1	
POLR3KP2	
POLRMT	0.9999999999999999
POLRMTP1	1.0
POM121	-1.0
POM121B	-0.9999999999999999
POM121C	-0.9999999999999999
POM121L10P	1.0
POM121L12	-0.9999999999999998
POM121L13P	
POM121L14P	-0.9999999999999998
POM121L1P	-1.0
POM121L2	1.0
POM121L3P	
POM121L4P	
POM121L7	1.0
POM121L8P	
POM121L9P	0.9999999999999998
POMC	0.9999999999999999
POMGNT1	0.9999999999999998
POMGNT2	-0.9999999999999999
POMK	-0.9999999999999998
POMP	0.9999999999999999
POMT1	-1.0
POMT2	-1.0
POMZP3	1.0
PON1	-1.0
PON2	-1.0
PON3	1.0
POP1	-0.9999999999999998
POP4	1.0
POP5	1.0
POP7	1.0
POPDC2	-1.0
POPDC3	0.9999999999999999
POR	0.9999999999999999
PORCN	-0.9999999999999999
POSTN	-1.0
POT1	-1.0
POTEA	
POTEB	-0.9999999999999998
POTEB2	
POTEC	1.0
POTED	-1.0
POTEE	-0.9999999999999998
POTEF	-0.9999999999999998
POTEG	-0.9999999999999999
POTEH	
POTEH-AS1	
POTEI	1.0
POTEJ	-0.9999999999999999
POTEKP	0.9999999999999998
POTEM	1.0
POU1F1	1.0
POU2AF1	-1.0
POU2F1	0.9999999999999999
POU2F2	-1.0
POU2F3	1.0
POU3F1	-1.0
POU3F2	1.0
POU3F3	-1.0
POU3F4	1.0
POU4F1	-1.0
POU4F2	
POU4F3	0.9999999999999998
POU5F1	1.0
POU5F1B	1.0
POU5F1P2	
POU5F1P3	-0.9999999999999998
POU5F1P4	-0.9999999999999999
POU5F1P5	-0.9999999999999998
POU5F1P6	-0.9999999999999997
POU5F1P7	
POU5F2	-0.9999999999999998
POU6F1	-0.9999999999999998
POU6F2	0.9999999999999999
POU6F2-AS1	1.0
POU6F2-AS2	0.9999999999999999
PP2D1	-1.0
PPA1	1.0
PPA2	1.0
PPAN	1.0
PPAN-P2RY11	
PPAP2A	-0.9999999999999998
PPAP2B	-0.9999999999999998
PPAP2C	-0.9999999999999999
PPAPDC1A	0.9999999999999999
PPAPDC1B	-0.9999999999999998
PPAPDC2	1.0
PPAPDC3	0.9999999999999998
PPARA	-1.0
PPARD	-1.0
PPARG	-0.9999999999999999
PPARGC1A	-0.9999999999999999
PPARGC1B	1.0
PPAT	1.0
PPATP1	-1.0
PPATP2	
PPBP	-1.0
PPBPP1	
PPBPP2	
PPCDC	-0.9999999999999999
PPCS	1.0
PPDPF	1.0
PPEF1	-1.0
PPEF1-AS1	
PPEF2	-0.9999999999999999
PPFIA1	-0.9999999999999999
PPFIA2	-0.9999999999999999
PPFIA3	1.0
PPFIA4	-1.0
PPFIBP1	-1.0
PPFIBP2	-0.9999999999999997
PPHLN1	0.9999999999999999
PPIA	-1.0
PPIAL4A	
PPIAL4B	0.9999999999999999
PPIAL4C	-1.0
PPIAL4D	-1.0
PPIAL4E	
PPIAL4F	1.0
PPIAL4G	-0.9999999999999998
PPIAP1	-1.0
PPIAP10	1.0
PPIAP11	-0.9999999999999999
PPIAP13	0.9999999999999999
PPIAP14	1.0
PPIAP15	-1.0
PPIAP16	-0.9999999999999998
PPIAP17	
PPIAP19	-1.0
PPIAP2	-1.0
PPIAP20	-0.9999999999999998
PPIAP21	-1.0
PPIAP22	0.9999999999999999
PPIAP23	0.9999999999999999
PPIAP24	
PPIAP25	-1.0
PPIAP26	-1.0
PPIAP27	
PPIAP28	
PPIAP29	-1.0
PPIAP3	0.9999999999999998
PPIAP30	-0.9999999999999998
PPIAP31	-0.9999999999999999
PPIAP6	-1.0
PPIAP7	-1.0
PPIAP9	-1.0
PPIB	0.9999999999999998
PPIC	0.9999999999999998
PPID	-0.9999999999999999
PPIE	-0.9999999999999999
PPIEL	-1.0
PPIF	1.0
PPIG	1.0
PPIH	0.9999999999999999
PPIHP1	0.9999999999999999
PPIL1	1.0
PPIL1P1	-0.9999999999999998
PPIL2	-1.0
PPIL3	-1.0
PPIL4	-1.0
PPIL6	1.0
PPIP5K1	1.0
PPIP5K2	0.9999999999999998
PPL	-0.9999999999999998
PPM1A	1.0
PPM1AP1	1.0
PPM1B	0.9999999999999998
PPM1D	0.9999999999999999
PPM1E	1.0
PPM1F	-0.9999999999999999
PPM1G	-1.0
PPM1H	-0.9999999999999999
PPM1J	-1.0
PPM1K	-0.9999999999999999
PPM1L	1.0
PPM1M	-0.9999999999999999
PPM1N	-1.0
PPME1	-0.9999999999999999
PPOX	-0.9999999999999998
PPP1CA	-1.0
PPP1CB	-1.0
PPP1CC	-1.0
PPP1R10	0.9999999999999999
PPP1R10P1	
PPP1R11	-0.9999999999999998
PPP1R11P1	-0.9999999999999999
PPP1R11P2	
PPP1R12A	-0.9999999999999999
PPP1R12B	-0.9999999999999999
PPP1R12BP1	0.9999999999999998
PPP1R12BP2	-0.9999999999999998
PPP1R12C	0.9999999999999999
PPP1R13B	1.0
PPP1R13L	-0.9999999999999999
PPP1R14A	1.0
PPP1R14B	0.9999999999999999
PPP1R14BP2	-0.9999999999999998
PPP1R14BP3	1.0
PPP1R14BP5	-1.0
PPP1R14C	-0.9999999999999999
PPP1R14D	1.0
PPP1R15A	-0.9999999999999998
PPP1R15B	-0.9999999999999999
PPP1R16A	0.9999999999999999
PPP1R16B	-0.9999999999999999
PPP1R17	-1.0
PPP1R18	-1.0
PPP1R1A	0.9999999999999998
PPP1R1AP1	
PPP1R1AP2	
PPP1R1B	0.9999999999999999
PPP1R1C	0.9999999999999998
PPP1R2	-0.9999999999999998
PPP1R21	-1.0
PPP1R26	1.0
PPP1R26-AS1	1.0
PPP1R26P1	-0.9999999999999998
PPP1R26P2	
PPP1R26P3	
PPP1R26P5	-0.9999999999999998
PPP1R27	
PPP1R2P1	
PPP1R2P10	-0.9999999999999998
PPP1R2P2	
PPP1R2P3	0.9999999999999998
PPP1R2P4	
PPP1R2P5	1.0
PPP1R2P6	
PPP1R2P9	
PPP1R32	-0.9999999999999999
PPP1R35	1.0
PPP1R36	-1.0
PPP1R37	0.9999999999999999
PPP1R3A	-1.0
PPP1R3B	-0.9999999999999999
PPP1R3C	-0.9999999999999999
PPP1R3D	-1.0
PPP1R3E	-0.9999999999999999
PPP1R3F	0.9999999999999999
PPP1R3G	-0.9999999999999999
PPP1R42	-0.9999999999999998
PPP1R7	-0.9999999999999999
PPP1R8	1.0
PPP1R8P1	
PPP1R9A	1.0
PPP1R9B	-0.9999999999999999
PPP2CA	-1.0
PPP2CB	-1.0
PPP2R1A	-1.0
PPP2R1B	-1.0
PPP2R2A	-1.0
PPP2R2B	0.9999999999999998
PPP2R2B-IT1	
PPP2R2C	-1.0
PPP2R2D	-0.9999999999999999
PPP2R2DP1	
PPP2R3A	1.0
PPP2R3B	1.0
PPP2R3C	-1.0
PPP2R4	1.0
PPP2R5A	0.9999999999999998
PPP2R5B	-0.9999999999999998
PPP2R5C	-0.9999999999999999
PPP2R5D	-1.0
PPP2R5E	1.0
PPP3CA	-0.9999999999999999
PPP3CB	-0.9999999999999999
PPP3CC	-1.0
PPP3R1	-0.9999999999999999
PPP3R2	-0.9999999999999998
PPP4C	1.0
PPP4R1	-1.0
PPP4R1L	-0.9999999999999998
PPP4R2	0.9999999999999999
PPP4R4	-0.9999999999999998
PPP5C	0.9999999999999998
PPP5D1	-1.0
PPP6C	-1.0
PPP6R1	-0.9999999999999999
PPP6R2	0.9999999999999998
PPP6R2P1	
PPP6R3	-1.0
PPRC1	-0.9999999999999999
PPT1	-1.0
PPT2	-1.0
PPT2-EGFL8	1.0
PPTC7	-1.0
PPWD1	-1.0
PPY	-0.9999999999999998
PPY2	-0.9999999999999998
PQBP1	-0.9999999999999998
PQLC1	-1.0
PQLC1P1	
PQLC2	0.9999999999999998
PQLC3	-0.9999999999999998
PRAC1	1.0
PRAC2	0.9999999999999998
PRADC1	-0.9999999999999998
PRADC1P1	-0.9999999999999998
PRAF2	-0.9999999999999998
PRAM1	0.9999999999999998
PRAME	1.0
PRAMEF1	
PRAMEF10	
PRAMEF11	
PRAMEF12	
PRAMEF13	
PRAMEF14	
PRAMEF15	
PRAMEF17	
PRAMEF18	
PRAMEF19	
PRAMEF2	
PRAMEF20	
PRAMEF21	
PRAMEF22	
PRAMEF23	
PRAMEF25	
PRAMEF26	
PRAMEF4	
PRAMEF5	
PRAMEF6	
PRAMEF7	
PRAMEF8	
PRAMEF9	
PRAMENP	-0.9999999999999999
PRAP1	1.0
PRB1	1.0
PRB2	1.0
PRB3	1.0
PRB4	
PRC1	-0.9999999999999998
PRC1-AS1	1.0
PRCC	0.9999999999999998
PRCD	-0.9999999999999999
PRCP	-1.0
PRDM1	-0.9999999999999999
PRDM10	-1.0
PRDM11	1.0
PRDM12	-1.0
PRDM13	-1.0
PRDM14	-1.0
PRDM15	-0.9999999999999998
PRDM16	0.9999999999999999
PRDM2	-0.9999999999999999
PRDM4	0.9999999999999999
PRDM5	0.9999999999999998
PRDM6	-0.9999999999999999
PRDM7	1.0
PRDM8	-0.9999999999999999
PRDM9	-0.9999999999999998
PRDX1	-1.0
PRDX2	-0.9999999999999999
PRDX2P1	-0.9999999999999998
PRDX2P2	-1.0
PRDX2P3	-1.0
PRDX2P4	-0.9999999999999999
PRDX3	0.9999999999999998
PRDX3P1	-0.9999999999999999
PRDX3P2	0.9999999999999999
PRDX3P3	
PRDX3P4	1.0
PRDX4	-1.0
PRDX4P1	
PRDX5	1.0
PRDX6	-1.0
PREB	-1.0
PRED57	
PRELID1	0.9999999999999998
PRELID1P1	-0.9999999999999999
PRELID1P2	
PRELID1P3	-0.9999999999999998
PRELID1P4	0.9999999999999999
PRELID2	0.9999999999999998
PRELID2P1	-0.9999999999999998
PRELP	-0.9999999999999999
PREP	0.9999999999999999
PREPL	-0.9999999999999999
PREX1	-0.9999999999999998
PREX2	-1.0
PRF1	0.9999999999999999
PRG2	
PRG3	1.0
PRG4	0.9999999999999999
PRH1	
PRH2	1.0
PRICKLE1	-1.0
PRICKLE2	-0.9999999999999998
PRICKLE2-AS1	
PRICKLE2-AS2	
PRICKLE2-AS3	-0.9999999999999998
PRICKLE3	0.9999999999999998
PRICKLE4	-0.9999999999999999
PRIM1	0.9999999999999999
PRIM2	0.9999999999999999
PRIMA1	-0.9999999999999998
PRIMPOL	0.9999999999999998
PRKAA1	1.0
PRKAA2	0.9999999999999999
PRKAB1	-1.0
PRKAB2	-0.9999999999999999
PRKACA	1.0
PRKACB	-0.9999999999999999
PRKACG	-0.9999999999999998
PRKAG1	-1.0
PRKAG2	1.0
PRKAG2-AS1	1.0
PRKAG3	-1.0
PRKAR1A	-0.9999999999999998
PRKAR1AP	1.0
PRKAR1B	-1.0
PRKAR2A	-0.9999999999999999
PRKAR2A-AS1	-1.0
PRKAR2B	-1.0
PRKCA	-1.0
PRKCB	-0.9999999999999999
PRKCD	0.9999999999999998
PRKCDBP	-1.0
PRKCE	1.0
PRKCG	-0.9999999999999998
PRKCH	-1.0
PRKCI	-0.9999999999999998
PRKCQ	0.9999999999999998
PRKCQ-AS1	1.0
PRKCSH	0.9999999999999998
PRKCZ	0.9999999999999998
PRKD1	-0.9999999999999999
PRKD2	-1.0
PRKD3	-1.0
PRKDC	1.0
PRKG1	-1.0
PRKG1-AS1	-1.0
PRKG2	0.9999999999999998
PRKRA	-1.0
PRKRIP1	0.9999999999999999
PRKRIR	0.9999999999999998
PRKRIRP1	0.9999999999999999
PRKRIRP2	-0.9999999999999998
PRKRIRP3	1.0
PRKRIRP4	
PRKRIRP5	
PRKRIRP6	
PRKRIRP7	-0.9999999999999999
PRKRIRP8	1.0
PRKRIRP9	1.0
PRKX	-1.0
PRKX-AS1	
PRKXP1	-1.0
PRKY	0.9999999999999999
PRL	-0.9999999999999998
PRLH	
PRLHR	-1.0
PRLR	1.0
PRM1	
PRM2	
PRM3	1.0
PRMT1	1.0
PRMT10	0.9999999999999999
PRMT2	-1.0
PRMT3	0.9999999999999998
PRMT5	1.0
PRMT5-AS1	-0.9999999999999998
PRMT6	0.9999999999999999
PRMT7	-0.9999999999999999
PRMT8	1.0
PRND	-1.0
PRNP	-1.0
PRNT	-0.9999999999999998
PROB1	-0.9999999999999999
PROC	-1.0
PROCA1	-0.9999999999999999
PROCR	-1.0
PRODH	-1.0
PRODH2	0.9999999999999999
PROK1	1.0
PROK2	-0.9999999999999999
PROKR1	0.9999999999999998
PROKR2	-0.9999999999999998
PROL1	1.0
PROM1	-1.0
PROM2	0.9999999999999999
PROP1	
PRORSD1P	1.0
PROS1	1.0
PROSC	-0.9999999999999999
PROSER1	1.0
PROSER2	-0.9999999999999998
PROSER2-AS1	-1.0
PROSP	1.0
PROX1	1.0
PROX1-AS1	0.9999999999999998
PROX2	-0.9999999999999998
PROZ	0.9999999999999999
PRPF18	-0.9999999999999999
PRPF19	1.0
PRPF19P1	
PRPF3	-0.9999999999999999
PRPF31	1.0
PRPF38A	1.0
PRPF38AP1	1.0
PRPF38AP2	1.0
PRPF38B	-0.9999999999999999
PRPF39	-1.0
PRPF4	-0.9999999999999998
PRPF40A	-0.9999999999999998
PRPF40B	0.9999999999999999
PRPF4B	-1.0
PRPF6	-1.0
PRPF8	-1.0
PRPH	-1.0
PRPH2	-1.0
PRPS1	-0.9999999999999999
PRPS1L1	-0.9999999999999998
PRPS1P1	
PRPS1P2	-1.0
PRPS2	0.9999999999999999
PRPSAP1	-0.9999999999999999
PRPSAP2	0.9999999999999998
PRR11	-0.9999999999999998
PRR12	1.0
PRR13	0.9999999999999999
PRR14	-1.0
PRR14L	0.9999999999999998
PRR15	1.0
PRR15L	0.9999999999999998
PRR16	-1.0
PRR18	0.9999999999999999
PRR19	-0.9999999999999999
PRR20A	
PRR20B	
PRR20C	
PRR20D	
PRR20E	
PRR20FP	
PRR21	-0.9999999999999998
PRR22	1.0
PRR23A	
PRR23B	
PRR23C	
PRR24	0.9999999999999999
PRR25	
PRR26	1.0
PRR3	-0.9999999999999999
PRR4	0.9999999999999999
PRR5	1.0
PRR5-ARHGAP8	0.9999999999999998
PRR5L	-0.9999999999999998
PRR7	1.0
PRR7-AS1	-1.0
PRR9	
PRRC1	0.9999999999999998
PRRC2A	-0.9999999999999999
PRRC2B	-0.9999999999999999
PRRC2C	1.0
PRRC2CP1	
PRRG1	-0.9999999999999999
PRRG2	1.0
PRRG3	-0.9999999999999999
PRRG4	1.0
PRRT1	-0.9999999999999998
PRRT2	-0.9999999999999998
PRRT3	1.0
PRRT3-AS1	-0.9999999999999998
PRRT4	-0.9999999999999998
PRRX1	-1.0
PRRX2	-0.9999999999999998
PRSS1	1.0
PRSS12	-0.9999999999999998
PRSS16	0.9999999999999998
PRSS21	-0.9999999999999999
PRSS22	-0.9999999999999998
PRSS23	-1.0
PRSS27	0.9999999999999998
PRSS29P	
PRSS3	1.0
PRSS30P	1.0
PRSS33	-0.9999999999999999
PRSS35	-0.9999999999999999
PRSS36	1.0
PRSS37	1.0
PRSS38	
PRSS3P1	0.9999999999999999
PRSS3P2	0.9999999999999999
PRSS3P3	-1.0
PRSS3P4	
PRSS41	-0.9999999999999998
PRSS42	0.9999999999999999
PRSS44	-0.9999999999999998
PRSS45	-0.9999999999999998
PRSS46	1.0
PRSS48	-1.0
PRSS50	-0.9999999999999998
PRSS51	0.9999999999999998
PRSS53	-1.0
PRSS54	-0.9999999999999999
PRSS55	
PRSS56	-1.0
PRSS57	-1.0
PRSS58	
PRSS8	0.9999999999999999
PRTFDC1	0.9999999999999999
PRTG	0.9999999999999999
PRTN3	-1.0
PRUNE	1.0
PRUNE2	1.0
PRUNEP1	-0.9999999999999998
PRX	1.0
PRY	-0.9999999999999998
PRY2	
PRYP1	
PRYP2	
PRYP3	
PRYP4	
PRYP5	
PRYP6	
PSAP	-0.9999999999999999
PSAPL1	-1.0
PSAT1	0.9999999999999999
PSAT1P1	
PSAT1P2	
PSAT1P3	0.9999999999999999
PSAT1P4	
PSCA	-0.9999999999999998
PSD	-0.9999999999999999
PSD2	-1.0
PSD3	-1.0
PSD4	1.0
PSEN1	0.9999999999999999
PSEN2	0.9999999999999999
PSENEN	0.9999999999999999
PSG1	-0.9999999999999998
PSG10P	-0.9999999999999998
PSG11	1.0
PSG2	-0.9999999999999998
PSG3	-0.9999999999999998
PSG4	-1.0
PSG5	-0.9999999999999998
PSG6	
PSG7	1.0
PSG8	1.0
PSG9	-1.0
PSIP1	1.0
PSKH1	0.9999999999999999
PSKH2	1.0
PSMA1	0.9999999999999998
PSMA2	0.9999999999999999
PSMA2P1	1.0
PSMA2P2	1.0
PSMA2P3	1.0
PSMA3	0.9999999999999999
PSMA3P	1.0
PSMA4	1.0
PSMA5	1.0
PSMA6	0.9999999999999999
PSMA6P1	1.0
PSMA6P2	1.0
PSMA6P3	
PSMA6P4	-0.9999999999999998
PSMA7	1.0
PSMA8	0.9999999999999999
PSMB1	0.9999999999999999
PSMB10	0.9999999999999999
PSMB11	0.9999999999999999
PSMB2	1.0
PSMB3	1.0
PSMB3P2	-1.0
PSMB4	0.9999999999999999
PSMB5	0.9999999999999998
PSMB6	1.0
PSMB7	0.9999999999999998
PSMB7P1	
PSMB8	0.9999999999999998
PSMB9	0.9999999999999998
PSMC1	1.0
PSMC1P1	-1.0
PSMC1P10	-1.0
PSMC1P11	-0.9999999999999999
PSMC1P12	
PSMC1P13	
PSMC1P2	-1.0
PSMC1P3	-1.0
PSMC1P4	-1.0
PSMC1P5	-0.9999999999999998
PSMC1P6	-1.0
PSMC1P7	1.0
PSMC1P8	-1.0
PSMC1P9	-0.9999999999999998
PSMC2	0.9999999999999998
PSMC3	0.9999999999999998
PSMC3IP	1.0
PSMC4	-0.9999999999999998
PSMC5	-0.9999999999999999
PSMC6	-0.9999999999999999
PSMD1	-0.9999999999999999
PSMD10	-0.9999999999999999
PSMD10P1	-0.9999999999999999
PSMD10P2	-1.0
PSMD10P3	-0.9999999999999998
PSMD11	0.9999999999999998
PSMD12	-1.0
PSMD12P	-0.9999999999999998
PSMD13	-0.9999999999999999
PSMD14	-1.0
PSMD2	-0.9999999999999999
PSMD3	0.9999999999999999
PSMD4	-0.9999999999999999
PSMD4P1	-1.0
PSMD5	0.9999999999999999
PSMD5-AS1	1.0
PSMD6	-1.0
PSMD6-AS2	-0.9999999999999999
PSMD7	1.0
PSMD7P1	-1.0
PSMD8	-1.0
PSMD9	-1.0
PSME1	0.9999999999999998
PSME2	1.0
PSME2P2	0.9999999999999999
PSME3	-0.9999999999999998
PSME4	-1.0
PSMF1	-1.0
PSMG1	1.0
PSMG2	1.0
PSMG3	1.0
PSMG3-AS1	0.9999999999999999
PSMG4	1.0
PSORS1C1	0.9999999999999999
PSORS1C2	
PSORS1C3	1.0
PSPC1	1.0
PSPC1P1	1.0
PSPC1P2	
PSPH	1.0
PSPHP1	0.9999999999999999
PSPN	-0.9999999999999999
PSRC1	0.9999999999999999
PSTK	-0.9999999999999998
PSTPIP1	-1.0
PSTPIP2	0.9999999999999998
PTAFR	-1.0
PTAR1	0.9999999999999999
PTBP1	1.0
PTBP1P	0.9999999999999998
PTBP2	-0.9999999999999999
PTBP3	-0.9999999999999999
PTCD1	1.0
PTCD2	0.9999999999999999
PTCD2P1	
PTCD2P2	-0.9999999999999998
PTCD3	1.0
PTCH1	-0.9999999999999998
PTCH2	-0.9999999999999998
PTCHD1	-1.0
PTCHD2	-1.0
PTCHD3	-0.9999999999999999
PTCHD3P1	1.0
PTCHD3P2	0.9999999999999999
PTCHD3P3	
PTCHD4	0.9999999999999999
PTCRA	0.9999999999999999
PTCSC3	-0.9999999999999998
PTDSS1	-1.0
PTDSS2	-0.9999999999999998
PTEN	-1.0
PTENP1	-1.0
PTER	1.0
PTF1A	0.9999999999999999
PTGDR	0.9999999999999999
PTGDR2	-0.9999999999999998
PTGDS	-0.9999999999999998
PTGER1	0.9999999999999999
PTGER2	-1.0
PTGER3	-1.0
PTGER4	-1.0
PTGER4P2	-1.0
PTGER4P3	
PTGES	0.9999999999999999
PTGES2	1.0
PTGES3	1.0
PTGES3L	-1.0
PTGES3L-AARSD1	
PTGES3P1	1.0
PTGES3P2	0.9999999999999998
PTGES3P3	0.9999999999999999
PTGES3P4	0.9999999999999999
PTGES3P5	
PTGFR	-0.9999999999999998
PTGFRN	-1.0
PTGIR	-1.0
PTGIS	-1.0
PTGR1	0.9999999999999999
PTGR2	-1.0
PTGS1	-0.9999999999999998
PTGS2	-1.0
PTH	
PTH1R	-1.0
PTH2	1.0
PTH2R	-0.9999999999999999
PTHLH	-0.9999999999999998
PTK2	1.0
PTK2B	-1.0
PTK6	0.9999999999999998
PTK7	-0.9999999999999999
PTMA	0.9999999999999998
PTMAP1	-1.0
PTMAP2	-1.0
PTMAP3	-0.9999999999999999
PTMAP4	0.9999999999999999
PTMAP5	0.9999999999999998
PTMAP6	-0.9999999999999998
PTMAP8	1.0
PTMS	-0.9999999999999998
PTN	-0.9999999999999999
PTOV1	-0.9999999999999999
PTOV1-AS1	0.9999999999999999
PTP4A1	-0.9999999999999998
PTP4A1P1	-0.9999999999999999
PTP4A1P2	
PTP4A1P3	
PTP4A1P4	1.0
PTP4A1P5	
PTP4A1P6	
PTP4A1P7	0.9999999999999999
PTP4A2	-1.0
PTP4A2P1	1.0
PTP4A2P2	1.0
PTP4A3	0.9999999999999999
PTPDC1	-0.9999999999999999
PTPLA	-1.0
PTPLAD1	1.0
PTPLAD2	-1.0
PTPLB	-0.9999999999999999
PTPMT1	1.0
PTPN1	-0.9999999999999998
PTPN11	-0.9999999999999999
PTPN12	-0.9999999999999998
PTPN13	-0.9999999999999999
PTPN14	-1.0
PTPN18	1.0
PTPN2	-0.9999999999999998
PTPN20A	0.9999999999999998
PTPN20B	-0.9999999999999998
PTPN20CP	-0.9999999999999998
PTPN21	1.0
PTPN22	1.0
PTPN23	1.0
PTPN2P1	-0.9999999999999999
PTPN2P2	-1.0
PTPN3	-0.9999999999999999
PTPN4	0.9999999999999998
PTPN5	0.9999999999999998
PTPN6	-0.9999999999999998
PTPN7	-0.9999999999999999
PTPN9	1.0
PTPRA	-0.9999999999999999
PTPRB	-0.9999999999999999
PTPRC	-0.9999999999999999
PTPRCAP	1.0
PTPRD	1.0
PTPRE	-1.0
PTPRF	0.9999999999999998
PTPRG	-1.0
PTPRG-AS1	1.0
PTPRH	1.0
PTPRJ	-1.0
PTPRK	-1.0
PTPRM	-1.0
PTPRN	1.0
PTPRN2	1.0
PTPRO	0.9999999999999998
PTPRQ	-1.0
PTPRR	1.0
PTPRS	-0.9999999999999998
PTPRT	0.9999999999999999
PTPRU	-0.9999999999999999
PTPRVP	-0.9999999999999997
PTPRZ1	-0.9999999999999999
PTRF	-1.0
PTRH1	0.9999999999999999
PTRH2	0.9999999999999999
PTRHD1	0.9999999999999999
PTS	-1.0
PTTG1	-1.0
PTTG1IP	-0.9999999999999999
PTTG2	
PTTG3P	0.9999999999999998
PTTG4P	
PTX3	-1.0
PTX4	1.0
PUF60	0.9999999999999999
PUM1	0.9999999999999998
PUM2	-1.0
PURA	1.0
PURB	-0.9999999999999998
PURG	-0.9999999999999998
PUS1	1.0
PUS10	0.9999999999999999
PUS3	1.0
PUS7	0.9999999999999998
PUS7L	0.9999999999999999
PUSL1	1.0
PVALB	-0.9999999999999998
PVR	-1.0
PVRIG	-1.0
PVRIG2P	
PVRL1	0.9999999999999998
PVRL2	1.0
PVRL3	0.9999999999999999
PVRL3-AS1	1.0
PVRL4	1.0
PVT1	-0.9999999999999999
PWAR6	-1.0
PWP1	0.9999999999999999
PWP2	-0.9999999999999999
PWRN1	0.9999999999999999
PWRN2	-0.9999999999999998
PWRN3	1.0
PWRN4	
PWWP2A	-1.0
PWWP2AP1	-1.0
PWWP2B	0.9999999999999999
PXDC1	0.9999999999999999
PXDN	-0.9999999999999999
PXDNL	-1.0
PXK	-1.0
PXMP2	-1.0
PXMP4	-0.9999999999999998
PXN	-1.0
PXN-AS1	-1.0
PXT1	1.0
PYCARD	0.9999999999999999
PYCR1	0.9999999999999999
PYCR2	-1.0
PYCRL	1.0
PYDC1	1.0
PYDC2	1.0
PYGB	-0.9999999999999998
PYGL	-0.9999999999999998
PYGM	-0.9999999999999999
PYGO1	-0.9999999999999999
PYGO2	-1.0
PYHIN1	0.9999999999999998
PYROXD1	-1.0
PYROXD2	-1.0
PYURF	1.0
PYY	0.9999999999999998
PYY2	-1.0
PYY3	
PZP	-1.0
QARS	0.9999999999999999
QDPR	0.9999999999999998
QKI	-0.9999999999999999
QPCT	-0.9999999999999998
QPCTL	-0.9999999999999999
QPRT	-1.0
QRFP	0.9999999999999999
QRFPR	-0.9999999999999998
QRICH1	-1.0
QRICH2	-0.9999999999999999
QRSL1	-1.0
QRSL1P1	1.0
QRSL1P2	
QRSL1P3	-0.9999999999999998
QSER1	1.0
QSOX1	-1.0
QSOX2	-0.9999999999999999
QTRT1	1.0
QTRT1P1	
QTRTD1	1.0
R3HCC1	0.9999999999999999
R3HCC1L	1.0
R3HDM1	-0.9999999999999999
R3HDM2	0.9999999999999998
R3HDM2P1	
R3HDM2P2	1.0
R3HDM4	-0.9999999999999999
R3HDML	
RAB10	-0.9999999999999998
RAB11A	1.0
RAB11AP1	
RAB11AP2	
RAB11B	1.0
RAB11B-AS1	1.0
RAB11FIP1	-0.9999999999999998
RAB11FIP1P1	1.0
RAB11FIP2	-0.9999999999999999
RAB11FIP3	0.9999999999999998
RAB11FIP4	1.0
RAB11FIP5	-1.0
RAB12	-1.0
RAB13	-1.0
RAB14	-0.9999999999999999
RAB15	1.0
RAB17	-1.0
RAB18	-1.0
RAB19	0.9999999999999999
RAB1A	1.0
RAB1B	0.9999999999999999
RAB1C	-0.9999999999999998
RAB20	0.9999999999999999
RAB21	-1.0
RAB22A	-0.9999999999999998
RAB23	-1.0
RAB24	0.9999999999999998
RAB25	1.0
RAB26	1.0
RAB27A	1.0
RAB27B	-1.0
RAB28	-0.9999999999999998
RAB2A	1.0
RAB2B	-1.0
RAB30	-1.0
RAB30-AS1	-0.9999999999999999
RAB31	-0.9999999999999999
RAB32	-0.9999999999999999
RAB33A	-0.9999999999999998
RAB33B	-1.0
RAB34	-0.9999999999999999
RAB35	-1.0
RAB36	-1.0
RAB37	-0.9999999999999999
RAB38	-0.9999999999999998
RAB39A	1.0
RAB39B	-0.9999999999999999
RAB3A	0.9999999999999999
RAB3B	-0.9999999999999999
RAB3C	-1.0
RAB3D	-0.9999999999999998
RAB3GAP1	1.0
RAB3GAP2	1.0
RAB3IL1	-1.0
RAB3IP	1.0
RAB40A	1.0
RAB40AL	-1.0
RAB40B	0.9999999999999999
RAB40C	1.0
RAB41	0.9999999999999999
RAB42	1.0
RAB42P1	-0.9999999999999998
RAB43	1.0
RAB43P1	1.0
RAB44	-0.9999999999999999
RAB4A	-0.9999999999999998
RAB4B	-0.9999999999999999
RAB4B-EGLN2	
RAB5A	1.0
RAB5B	0.9999999999999998
RAB5C	-1.0
RAB5CP1	-0.9999999999999998
RAB5CP2	-1.0
RAB6A	0.9999999999999998
RAB6B	-1.0
RAB6C	0.9999999999999998
RAB7A	-0.9999999999999998
RAB7L1	-0.9999999999999999
RAB8A	-1.0
RAB8B	0.9999999999999998
RAB9A	-0.9999999999999999
RAB9AP1	
RAB9AP2	
RAB9AP3	
RAB9AP4	
RAB9AP5	
RAB9B	-1.0
RAB9BP1	
RABAC1	1.0
RABEP1	-0.9999999999999999
RABEP2	0.9999999999999998
RABEPK	-1.0
RABEPKP1	
RABGAP1	-1.0
RABGAP1L	0.9999999999999999
RABGAP1L-IT1	-0.9999999999999998
RABGEF1	-0.9999999999999998
RABGGTA	-1.0
RABGGTB	0.9999999999999998
RABIF	-1.0
RABL2A	1.0
RABL2B	-1.0
RABL3	1.0
RABL5	-1.0
RABL6	1.0
RAC1	0.9999999999999998
RAC1P1	1.0
RAC1P2	-1.0
RAC1P3	-1.0
RAC1P4	-0.9999999999999998
RAC1P5	0.9999999999999999
RAC1P6	
RAC1P7	
RAC1P8	
RAC2	-0.9999999999999998
RAC3	0.9999999999999999
RACGAP1	1.0
RAD1	-1.0
RAD17	-1.0
RAD17P1	-1.0
RAD17P2	
RAD18	1.0
RAD21	-1.0
RAD21-AS1	1.0
RAD21L1	1.0
RAD23A	-1.0
RAD23B	1.0
RAD23BLP	
RAD23BP1	-1.0
RAD23BP2	-0.9999999999999998
RAD50	-0.9999999999999999
RAD51	0.9999999999999998
RAD51-AS1	-0.9999999999999999
RAD51AP1	0.9999999999999999
RAD51AP2	1.0
RAD51B	-0.9999999999999999
RAD51C	1.0
RAD51D	1.0
RAD51L3-RFFL	
RAD52	-0.9999999999999998
RAD54B	1.0
RAD54L	1.0
RAD54L2	0.9999999999999999
RAD9A	0.9999999999999999
RAD9B	1.0
RADIL	-1.0
RAE1	1.0
RAET1E	1.0
RAET1E-AS1	
RAET1G	-0.9999999999999999
RAET1K	-1.0
RAET1L	-0.9999999999999998
RAET1M	
RAF1	-1.0
RAG1	0.9999999999999998
RAG2	1.0
RAI1	1.0
RAI1-AS1	
RAI14	-1.0
RAI2	-0.9999999999999998
RALA	1.0
RALB	-0.9999999999999999
RALBP1	-0.9999999999999999
RALGAPA1	1.0
RALGAPA1P	1.0
RALGAPA2	0.9999999999999999
RALGAPB	-1.0
RALGDS	-0.9999999999999999
RALGPS1	0.9999999999999999
RALGPS2	-0.9999999999999999
RALY	0.9999999999999998
RALYL	1.0
RAMP1	1.0
RAMP2	-0.9999999999999999
RAMP2-AS1	1.0
RAMP3	-0.9999999999999999
RAN	-1.0
RANBP1	0.9999999999999999
RANBP10	-0.9999999999999998
RANBP17	0.9999999999999998
RANBP2	0.9999999999999999
RANBP20P	-0.9999999999999998
RANBP3	1.0
RANBP3L	-1.0
RANBP6	-1.0
RANBP9	-0.9999999999999999
RANGAP1	-1.0
RANGRF	-1.0
RANP1	-0.9999999999999999
RANP2	-0.9999999999999998
RANP3	0.9999999999999998
RANP4	-1.0
RANP5	-1.0
RANP6	-0.9999999999999999
RANP7	
RANP8	1.0
RANP9	-0.9999999999999998
RAP1A	-0.9999999999999998
RAP1AP	-0.9999999999999999
RAP1B	-1.0
RAP1GAP	0.9999999999999998
RAP1GAP2	-0.9999999999999999
RAP1GDS1	-1.0
RAP2A	-1.0
RAP2B	-0.9999999999999998
RAP2C	-1.0
RAP2C-AS1	-1.0
RAP2CP1	1.0
RAPGEF1	-0.9999999999999998
RAPGEF2	-1.0
RAPGEF3	-0.9999999999999998
RAPGEF4	-1.0
RAPGEF4-AS1	-0.9999999999999998
RAPGEF5	-0.9999999999999999
RAPGEF6	-1.0
RAPGEFL1	-1.0
RAPH1	-0.9999999999999999
RAPSN	-1.0
RARA	0.9999999999999999
RARB	-0.9999999999999999
RARG	-1.0
RARRES1	0.9999999999999999
RARRES2	1.0
RARRES2P1	
RARRES2P2	
RARRES2P3	
RARRES2P4	
RARRES2P5	
RARRES2P6	
RARRES2P7	
RARRES2P8	
RARRES2P9	
RARRES3	1.0
RARS	0.9999999999999999
RARS2	-1.0
RASA1	-0.9999999999999999
RASA2	-1.0
RASA2-IT1	
RASA3	-0.9999999999999999
RASA3-IT1	-1.0
RASA4	-1.0
RASA4B	-0.9999999999999999
RASA4CP	-0.9999999999999999
RASA4DP	0.9999999999999998
RASAL1	-0.9999999999999999
RASAL2	0.9999999999999998
RASAL2-AS1	0.9999999999999998
RASAL3	-0.9999999999999998
RASD1	0.9999999999999999
RASD2	-0.9999999999999998
RASEF	-0.9999999999999999
RASGEF1A	-1.0
RASGEF1B	-1.0
RASGEF1C	-0.9999999999999998
RASGRF1	-1.0
RASGRF2	-1.0
RASGRP1	-0.9999999999999998
RASGRP2	-1.0
RASGRP3	-1.0
RASGRP4	-1.0
RASIP1	-0.9999999999999998
RASL10A	1.0
RASL10B	1.0
RASL11A	-1.0
RASL11B	-0.9999999999999999
RASL12	-0.9999999999999998
RASSF1	-0.9999999999999999
RASSF10	0.9999999999999999
RASSF2	-0.9999999999999998
RASSF3	-1.0
RASSF4	-1.0
RASSF5	-1.0
RASSF6	-1.0
RASSF7	0.9999999999999999
RASSF8	-0.9999999999999999
RASSF8-AS1	-1.0
RASSF9	-0.9999999999999998
RAVER1	0.9999999999999999
RAVER2	1.0
RAX	-0.9999999999999998
RAX2	-0.9999999999999998
RB1	1.0
RB1CC1	-1.0
RBAK	-1.0
RBAK-RBAKDN	
RBAKDN	-0.9999999999999998
RBBP4	1.0
RBBP4P1	-0.9999999999999999
RBBP4P2	-1.0
RBBP4P3	1.0
RBBP4P4	0.9999999999999999
RBBP4P5	1.0
RBBP4P6	
RBBP5	-0.9999999999999999
RBBP6	0.9999999999999998
RBBP7	-0.9999999999999999
RBBP8	1.0
RBBP8NL	1.0
RBBP8P1	-1.0
RBBP9	-1.0
RBCK1	1.0
RBFA	-0.9999999999999999
RBFADN	0.9999999999999999
RBFOX1	-1.0
RBFOX2	-1.0
RBFOX3	0.9999999999999998
RBKS	0.9999999999999998
RBL1	1.0
RBL2	-0.9999999999999999
RBM10	1.0
RBM11	1.0
RBM12	-0.9999999999999998
RBM12B	1.0
RBM12B-AS1	-0.9999999999999999
RBM14	1.0
RBM14-RBM4	1.0
RBM15	-0.9999999999999998
RBM15B	-1.0
RBM17	-1.0
RBM18	1.0
RBM19	-1.0
RBM20	1.0
RBM22	-0.9999999999999999
RBM22P1	
RBM22P10	
RBM22P11	
RBM22P2	-1.0
RBM22P3	1.0
RBM22P5	
RBM22P6	
RBM22P7	
RBM22P8	
RBM22P9	
RBM23	0.9999999999999999
RBM24	0.9999999999999999
RBM25	0.9999999999999999
RBM26	-0.9999999999999999
RBM26-AS1	-0.9999999999999998
RBM27	-1.0
RBM28	-0.9999999999999999
RBM3	0.9999999999999999
RBM33	-1.0
RBM34	-1.0
RBM38	1.0
RBM39	-1.0
RBM4	1.0
RBM41	0.9999999999999999
RBM42	0.9999999999999999
RBM43	1.0
RBM43P1	-0.9999999999999999
RBM44	1.0
RBM45	0.9999999999999998
RBM46	0.9999999999999999
RBM47	0.9999999999999999
RBM48	-1.0
RBM48P1	-0.9999999999999998
RBM4B	-1.0
RBM5	-0.9999999999999999
RBM6	-0.9999999999999998
RBM7	-0.9999999999999999
RBM8A	-1.0
RBM8B	-0.9999999999999999
RBMS1	-0.9999999999999998
RBMS1P1	1.0
RBMS2	0.9999999999999999
RBMS2P1	-1.0
RBMS3	-0.9999999999999999
RBMS3-AS1	
RBMS3-AS2	
RBMS3-AS3	-1.0
RBMX	-1.0
RBMX2	-1.0
RBMX2P1	
RBMX2P2	
RBMX2P3	-1.0
RBMX2P4	
RBMX2P5	-1.0
RBMXL1	-0.9999999999999998
RBMXL2	0.9999999999999999
RBMXL3	-0.9999999999999998
RBMXP1	-0.9999999999999998
RBMXP2	-1.0
RBMXP4	-1.0
RBMY1A1	
RBMY1A3P	
RBMY1B	
RBMY1D	
RBMY1E	
RBMY1F	
RBMY1HP	
RBMY1J	
RBMY1KP	
RBMY2AP	
RBMY2BP	
RBMY2DP	
RBMY2EP	0.9999999999999998
RBMY2FP	
RBMY2GP	
RBMY2HP	
RBMY2JP	
RBMY2KP	
RBMY2NP	
RBMY2OP	
RBMY2QP	
RBMY2TP	0.9999999999999997
RBMY2UP	
RBMY2WP	
RBMY2XP	
RBMY2YP	
RBMY3AP	
RBP1	-1.0
RBP2	1.0
RBP3	-1.0
RBP4	-1.0
RBP5	-1.0
RBP7	-1.0
RBPJ	-0.9999999999999999
RBPJL	
RBPJP2	
RBPJP5	
RBPJP6	1.0
RBPJP7	
RBPMS	-1.0
RBPMS-AS1	-0.9999999999999998
RBPMS2	-0.9999999999999999
RBPMSLP	
RBX1	0.9999999999999999
RC3H1	-1.0
RC3H1-IT1	-0.9999999999999998
RC3H2	-1.0
RCAN1	-0.9999999999999999
RCAN2	-1.0
RCAN3	-1.0
RCBTB1	0.9999999999999999
RCBTB2	-0.9999999999999998
RCBTB2P1	
RCC1	1.0
RCC2	1.0
RCC2P1	
RCC2P2	
RCC2P3	
RCC2P4	-1.0
RCC2P5	
RCC2P6	-1.0
RCC2P7	0.9999999999999999
RCC2P8	
RCCD1	0.9999999999999998
RCE1	-1.0
RCHY1	0.9999999999999998
RCL1	-0.9999999999999999
RCN1	-1.0
RCN1P1	-1.0
RCN1P2	0.9999999999999999
RCN2	-0.9999999999999998
RCN3	-0.9999999999999999
RCOR1	-1.0
RCOR2	1.0
RCOR3	-0.9999999999999999
RCSD1	-1.0
RCVRN	-1.0
RD3	-1.0
RD3L	-0.9999999999999998
RDH10	-1.0
RDH11	-0.9999999999999999
RDH12	0.9999999999999999
RDH13	-0.9999999999999999
RDH14	1.0
RDH16	-1.0
RDH5	-1.0
RDH8	1.0
RDM1	-0.9999999999999999
RDX	-1.0
REC8	-1.0
RECK	-0.9999999999999999
RECQL	-1.0
RECQL4	0.9999999999999998
RECQL5	1.0
REEP1	-0.9999999999999999
REEP2	1.0
REEP3	-1.0
REEP4	-1.0
REEP5	-1.0
REEP6	-1.0
REG1A	1.0
REG1B	0.9999999999999999
REG1P	0.9999999999999999
REG3A	1.0
REG3G	0.9999999999999999
REG4	-1.0
REL	1.0
RELA	-1.0
RELB	1.0
RELL1	-1.0
RELL2	0.9999999999999998
RELN	-0.9999999999999998
RELT	-0.9999999999999999
REM1	-1.0
REM2	-0.9999999999999999
REN	-1.0
RENBP	-1.0
REP15	1.0
REPIN1	1.0
REPS1	-0.9999999999999999
REPS2	0.9999999999999999
RER1	0.9999999999999998
RERE	1.0
REREP1Y	
REREP2Y	
RERG	-1.0
RERG-AS1	-0.9999999999999998
RERG-IT1	-1.0
RERGL	-1.0
RESP18	1.0
REST	-1.0
RET	-1.0
RETN	1.0
RETNLB	0.9999999999999997
RETSAT	-1.0
REV1	1.0
REV3L	1.0
REV3L-IT1	-0.9999999999999998
REXO1	1.0
REXO1L1	
REXO1L10P	
REXO1L11P	
REXO1L2P	
REXO1L3P	
REXO1L8P	
REXO1L9P	
REXO2	-0.9999999999999998
REXO4	-0.9999999999999998
RFC1	1.0
RFC2	0.9999999999999999
RFC3	0.9999999999999999
RFC3P1	
RFC4	1.0
RFC5	0.9999999999999999
RFESD	-0.9999999999999999
RFESDP1	1.0
RFFL	1.0
RFK	1.0
RFKP1	
RFKP2	-0.9999999999999998
RFNG	0.9999999999999999
RFPL1	-0.9999999999999998
RFPL1S	0.9999999999999998
RFPL2	0.9999999999999999
RFPL3	
RFPL3S	0.9999999999999999
RFPL4A	-1.0
RFPL4AL1	0.9999999999999999
RFPL4AP1	
RFPL4AP3	
RFPL4AP5	
RFPL4AP7	
RFPL4B	
RFT1	0.9999999999999999
RFTN1	-1.0
RFTN1P1	
RFTN2	-0.9999999999999998
RFWD2	1.0
RFWD2P1	1.0
RFWD3	0.9999999999999999
RFX1	0.9999999999999997
RFX2	-1.0
RFX3	1.0
RFX4	1.0
RFX5	1.0
RFX6	1.0
RFX7	0.9999999999999999
RFX8	-1.0
RFXANK	-0.9999999999999998
RFXAP	0.9999999999999998
RGAG1	-0.9999999999999997
RGAG4	-0.9999999999999999
RGCC	-1.0
RGL1	0.9999999999999999
RGL2	-1.0
RGL3	-0.9999999999999998
RGL4	1.0
RGMA	-1.0
RGMB	0.9999999999999999
RGMB-AS1	1.0
RGN	-0.9999999999999998
RGP1	-1.0
RGPD1	1.0
RGPD2	1.0
RGPD3	0.9999999999999999
RGPD4	0.9999999999999998
RGPD5	-0.9999999999999999
RGPD6	-0.9999999999999998
RGPD8	-0.9999999999999999
RGR	-1.0
RGS1	-0.9999999999999998
RGS10	1.0
RGS11	-0.9999999999999999
RGS12	0.9999999999999998
RGS13	-1.0
RGS14	-1.0
RGS16	-1.0
RGS17	-0.9999999999999998
RGS17P1	1.0
RGS18	-1.0
RGS19	-0.9999999999999998
RGS2	-0.9999999999999999
RGS20	0.9999999999999999
RGS21	
RGS22	0.9999999999999998
RGS3	-0.9999999999999999
RGS4	-1.0
RGS5	-0.9999999999999999
RGS6	-1.0
RGS7	1.0
RGS7BP	0.9999999999999999
RGS8	1.0
RGS9	0.9999999999999999
RGS9BP	-0.9999999999999999
RGSL1	-0.9999999999999998
RHAG	-0.9999999999999998
RHBDD1	1.0
RHBDD2	-0.9999999999999999
RHBDD3	1.0
RHBDF1	-1.0
RHBDF1P1	-1.0
RHBDF2	-0.9999999999999998
RHBDL1	-0.9999999999999999
RHBDL2	-0.9999999999999999
RHBDL3	1.0
RHBG	-0.9999999999999997
RHCE	-0.9999999999999998
RHCG	-1.0
RHD	-1.0
RHEB	-1.0
RHEBL1	1.0
RHEBP1	-1.0
RHEBP2	1.0
RHEBP3	
RHNO1	1.0
RHO	1.0
RHOA	-1.0
RHOA-IT1	-1.0
RHOB	-1.0
RHOBTB1	-1.0
RHOBTB2	-0.9999999999999999
RHOBTB3	-0.9999999999999999
RHOC	-0.9999999999999998
RHOD	-1.0
RHOF	-0.9999999999999999
RHOG	0.9999999999999999
RHOH	-1.0
RHOJ	-0.9999999999999999
RHOQ	-1.0
RHOQP1	1.0
RHOQP2	1.0
RHOQP3	-1.0
RHOT1	0.9999999999999998
RHOT1P1	0.9999999999999999
RHOT1P2	-0.9999999999999998
RHOT1P3	-0.9999999999999998
RHOT2	0.9999999999999999
RHOU	1.0
RHOV	0.9999999999999998
RHOXF1	-0.9999999999999998
RHOXF2	
RHOXF2B	
RHPN1	-0.9999999999999999
RHPN1-AS1	1.0
RHPN2	-1.0
RIBC1	0.9999999999999998
RIBC2	0.9999999999999999
RIC3	-0.9999999999999999
RIC8A	-1.0
RIC8B	0.9999999999999999
RICTOR	-1.0
RIF1	1.0
RIIAD1	
RILP	-0.9999999999999999
RILPL1	-1.0
RILPL2	0.9999999999999999
RIMBP2	1.0
RIMBP3	-0.9999999999999998
RIMBP3B	-0.9999999999999999
RIMBP3C	0.9999999999999999
RIMKLA	-0.9999999999999998
RIMKLB	0.9999999999999999
RIMKLBP1	-1.0
RIMKLBP2	
RIMS1	-0.9999999999999997
RIMS2	0.9999999999999999
RIMS3	1.0
RIMS4	0.9999999999999999
RIN1	-1.0
RIN2	-0.9999999999999998
RIN3	-0.9999999999999999
RING1	1.0
RINL	-0.9999999999999999
RINT1	-1.0
RIOK1	-1.0
RIOK2	-1.0
RIOK3	-1.0
RIOK3P1	1.0
RIPK1	0.9999999999999998
RIPK2	-0.9999999999999998
RIPK3	1.0
RIPK4	-0.9999999999999999
RIPPLY1	-1.0
RIPPLY2	0.9999999999999998
RIPPLY3	-0.9999999999999999
RIT1	-0.9999999999999998
RIT2	
RLBP1	-1.0
RLF	-0.9999999999999999
RLIM	-1.0
RLIMP1	-1.0
RLIMP2	-1.0
RLN1	0.9999999999999998
RLN2	0.9999999999999999
RLN3	-0.9999999999999998
RLTPR	-0.9999999999999998
RMDN1	-0.9999999999999999
RMDN2	1.0
RMDN2-AS1	
RMDN3	1.0
RMI1	0.9999999999999999
RMI2	0.9999999999999998
RMND1	-0.9999999999999998
RMND5A	1.0
RMND5B	-1.0
RMRP	-0.9999999999999999
RMRPP5	
RMST	0.9999999999999999
RN7SK	-0.9999999999999999
RN7SKP1	
RN7SKP10	
RN7SKP100	
RN7SKP101	
RN7SKP102	
RN7SKP103	
RN7SKP104	
RN7SKP105	
RN7SKP106	
RN7SKP107	-0.9999999999999998
RN7SKP108	
RN7SKP109	
RN7SKP11	
RN7SKP110	
RN7SKP111	
RN7SKP112	
RN7SKP113	
RN7SKP114	
RN7SKP115	
RN7SKP116	1.0
RN7SKP117	
RN7SKP118	-0.9999999999999998
RN7SKP119	1.0
RN7SKP12	
RN7SKP120	
RN7SKP121	
RN7SKP122	
RN7SKP123	
RN7SKP124	
RN7SKP125	
RN7SKP126	
RN7SKP127	0.9999999999999999
RN7SKP128	
RN7SKP129	
RN7SKP13	1.0
RN7SKP130	1.0
RN7SKP131	
RN7SKP132	
RN7SKP133	-0.9999999999999998
RN7SKP134	
RN7SKP135	
RN7SKP136	
RN7SKP137	1.0
RN7SKP139	
RN7SKP14	
RN7SKP140	
RN7SKP141	
RN7SKP142	
RN7SKP143	
RN7SKP144	
RN7SKP145	-0.9999999999999998
RN7SKP146	-0.9999999999999998
RN7SKP147	
RN7SKP148	
RN7SKP149	
RN7SKP15	
RN7SKP150	-0.9999999999999998
RN7SKP151	-0.9999999999999998
RN7SKP152	
RN7SKP153	
RN7SKP154	
RN7SKP155	
RN7SKP156	1.0
RN7SKP157	
RN7SKP158	
RN7SKP159	
RN7SKP16	-1.0
RN7SKP160	0.9999999999999998
RN7SKP161	
RN7SKP162	
RN7SKP163	
RN7SKP164	
RN7SKP165	
RN7SKP166	
RN7SKP167	
RN7SKP168	
RN7SKP169	
RN7SKP17	
RN7SKP170	1.0
RN7SKP171	
RN7SKP172	
RN7SKP173	-1.0
RN7SKP174	
RN7SKP177	
RN7SKP178	
RN7SKP179	
RN7SKP18	
RN7SKP180	-0.9999999999999998
RN7SKP181	
RN7SKP182	
RN7SKP183	
RN7SKP184	
RN7SKP185	-0.9999999999999998
RN7SKP186	
RN7SKP187	
RN7SKP188	
RN7SKP189	-0.9999999999999998
RN7SKP19	
RN7SKP190	
RN7SKP191	-0.9999999999999998
RN7SKP192	
RN7SKP193	
RN7SKP194	
RN7SKP195	
RN7SKP196	
RN7SKP197	
RN7SKP198	
RN7SKP199	
RN7SKP2	
RN7SKP20	
RN7SKP200	
RN7SKP202	
RN7SKP203	-0.9999999999999998
RN7SKP204	0.9999999999999999
RN7SKP205	
RN7SKP206	
RN7SKP207	
RN7SKP208	
RN7SKP209	
RN7SKP21	
RN7SKP210	
RN7SKP211	
RN7SKP212	
RN7SKP213	1.0
RN7SKP214	1.0
RN7SKP216	
RN7SKP217	-0.9999999999999998
RN7SKP218	
RN7SKP219	
RN7SKP22	0.9999999999999999
RN7SKP220	
RN7SKP221	
RN7SKP222	
RN7SKP223	
RN7SKP224	
RN7SKP225	-0.9999999999999998
RN7SKP226	
RN7SKP227	
RN7SKP228	
RN7SKP229	
RN7SKP23	1.0
RN7SKP230	
RN7SKP231	
RN7SKP232	-0.9999999999999998
RN7SKP233	
RN7SKP234	
RN7SKP235	
RN7SKP237	
RN7SKP238	
RN7SKP239	-0.9999999999999999
RN7SKP24	
RN7SKP240	1.0
RN7SKP241	
RN7SKP242	
RN7SKP243	
RN7SKP244	
RN7SKP245	-0.9999999999999998
RN7SKP246	
RN7SKP247	
RN7SKP248	
RN7SKP249	1.0
RN7SKP25	
RN7SKP250	
RN7SKP252	-0.9999999999999998
RN7SKP253	
RN7SKP254	
RN7SKP255	-0.9999999999999998
RN7SKP256	
RN7SKP257	
RN7SKP258	
RN7SKP259	
RN7SKP26	1.0
RN7SKP260	
RN7SKP261	
RN7SKP262	
RN7SKP263	
RN7SKP264	
RN7SKP265	
RN7SKP266	
RN7SKP267	
RN7SKP268	
RN7SKP269	1.0
RN7SKP27	
RN7SKP270	
RN7SKP271	
RN7SKP272	
RN7SKP273	
RN7SKP275	
RN7SKP276	-1.0
RN7SKP277	
RN7SKP278	
RN7SKP279	
RN7SKP28	
RN7SKP280	
RN7SKP281	
RN7SKP282	
RN7SKP283	-0.9999999999999998
RN7SKP284	
RN7SKP285	
RN7SKP286	
RN7SKP287	
RN7SKP288	
RN7SKP289	
RN7SKP29	
RN7SKP291	-0.9999999999999998
RN7SKP292	-1.0
RN7SKP293	
RN7SKP294	
RN7SKP295	
RN7SKP296	-0.9999999999999998
RN7SKP297	
RN7SKP298	
RN7SKP3	
RN7SKP30	-0.9999999999999998
RN7SKP31	
RN7SKP32	
RN7SKP33	
RN7SKP34	
RN7SKP35	
RN7SKP36	
RN7SKP37	1.0
RN7SKP38	
RN7SKP39	
RN7SKP40	-0.9999999999999998
RN7SKP42	
RN7SKP43	
RN7SKP44	-0.9999999999999998
RN7SKP45	
RN7SKP46	
RN7SKP47	
RN7SKP48	-0.9999999999999999
RN7SKP49	1.0
RN7SKP5	1.0
RN7SKP50	
RN7SKP51	
RN7SKP52	
RN7SKP53	
RN7SKP54	
RN7SKP55	
RN7SKP56	-0.9999999999999998
RN7SKP57	
RN7SKP58	
RN7SKP59	
RN7SKP6	
RN7SKP60	
RN7SKP61	1.0
RN7SKP62	
RN7SKP63	
RN7SKP64	
RN7SKP65	
RN7SKP66	
RN7SKP67	
RN7SKP68	
RN7SKP69	
RN7SKP7	1.0
RN7SKP70	-0.9999999999999998
RN7SKP71	-0.9999999999999999
RN7SKP72	
RN7SKP73	
RN7SKP74	
RN7SKP75	-0.9999999999999998
RN7SKP76	
RN7SKP77	
RN7SKP78	-0.9999999999999998
RN7SKP79	-0.9999999999999998
RN7SKP8	
RN7SKP80	-1.0
RN7SKP81	-0.9999999999999998
RN7SKP82	
RN7SKP83	
RN7SKP85	
RN7SKP86	
RN7SKP87	
RN7SKP88	-1.0
RN7SKP89	-0.9999999999999998
RN7SKP9	-0.9999999999999999
RN7SKP90	
RN7SKP91	
RN7SKP92	
RN7SKP93	
RN7SKP94	
RN7SKP95	-0.9999999999999998
RN7SKP96	
RN7SKP97	-0.9999999999999998
RN7SKP98	
RN7SKP99	
RN7SL1	-1.0
RN7SL100P	
RN7SL101P	
RN7SL104P	
RN7SL105P	-0.9999999999999998
RN7SL106P	
RN7SL107P	1.0
RN7SL108P	
RN7SL110P	
RN7SL111P	
RN7SL113P	-1.0
RN7SL116P	
RN7SL117P	
RN7SL118P	1.0
RN7SL11P	
RN7SL120P	
RN7SL121P	-0.9999999999999998
RN7SL122P	
RN7SL123P	-0.9999999999999998
RN7SL124P	
RN7SL125P	1.0
RN7SL126P	
RN7SL127P	-1.0
RN7SL128P	
RN7SL12P	
RN7SL130P	-0.9999999999999998
RN7SL131P	
RN7SL132P	
RN7SL134P	
RN7SL135P	
RN7SL138P	1.0
RN7SL140P	-0.9999999999999998
RN7SL141P	
RN7SL143P	1.0
RN7SL144P	
RN7SL145P	-0.9999999999999998
RN7SL146P	-0.9999999999999999
RN7SL147P	-0.9999999999999998
RN7SL148P	
RN7SL149P	-0.9999999999999998
RN7SL14P	
RN7SL150P	
RN7SL151P	1.0
RN7SL152P	1.0
RN7SL153P	
RN7SL154P	
RN7SL155P	
RN7SL156P	
RN7SL159P	
RN7SL15P	
RN7SL160P	
RN7SL162P	
RN7SL163P	
RN7SL164P	
RN7SL165P	
RN7SL166P	-1.0
RN7SL167P	
RN7SL168P	1.0
RN7SL169P	
RN7SL16P	-0.9999999999999998
RN7SL170P	
RN7SL172P	1.0
RN7SL173P	
RN7SL174P	
RN7SL176P	
RN7SL177P	
RN7SL178P	
RN7SL180P	-0.9999999999999998
RN7SL181P	-1.0
RN7SL182P	
RN7SL183P	-0.9999999999999998
RN7SL184P	
RN7SL185P	
RN7SL186P	-0.9999999999999999
RN7SL187P	
RN7SL188P	
RN7SL189P	
RN7SL18P	
RN7SL190P	
RN7SL191P	
RN7SL192P	-0.9999999999999998
RN7SL193P	
RN7SL196P	
RN7SL197P	
RN7SL198P	
RN7SL199P	
RN7SL19P	0.9999999999999999
RN7SL2	-1.0
RN7SL200P	
RN7SL201P	
RN7SL202P	
RN7SL204P	
RN7SL205P	
RN7SL208P	
RN7SL209P	
RN7SL20P	-0.9999999999999999
RN7SL210P	-0.9999999999999998
RN7SL211P	
RN7SL213P	-0.9999999999999998
RN7SL214P	-0.9999999999999998
RN7SL215P	
RN7SL216P	
RN7SL217P	1.0
RN7SL218P	
RN7SL219P	
RN7SL220P	
RN7SL221P	
RN7SL222P	
RN7SL223P	
RN7SL225P	
RN7SL228P	
RN7SL229P	
RN7SL22P	
RN7SL230P	-0.9999999999999998
RN7SL231P	
RN7SL233P	-0.9999999999999998
RN7SL234P	
RN7SL236P	
RN7SL237P	
RN7SL238P	
RN7SL239P	
RN7SL23P	0.9999999999999999
RN7SL240P	
RN7SL241P	
RN7SL242P	-0.9999999999999998
RN7SL244P	
RN7SL246P	
RN7SL248P	
RN7SL250P	
RN7SL251P	
RN7SL252P	
RN7SL253P	
RN7SL254P	
RN7SL255P	
RN7SL258P	-1.0
RN7SL259P	
RN7SL25P	
RN7SL261P	
RN7SL262P	
RN7SL263P	
RN7SL265P	-0.9999999999999999
RN7SL266P	
RN7SL267P	
RN7SL268P	
RN7SL269P	
RN7SL26P	
RN7SL270P	
RN7SL271P	
RN7SL272P	-0.9999999999999998
RN7SL273P	
RN7SL274P	
RN7SL275P	
RN7SL277P	-0.9999999999999998
RN7SL278P	
RN7SL279P	
RN7SL280P	1.0
RN7SL282P	
RN7SL283P	
RN7SL284P	-0.9999999999999998
RN7SL285P	
RN7SL286P	
RN7SL288P	
RN7SL28P	
RN7SL290P	
RN7SL291P	
RN7SL292P	
RN7SL293P	
RN7SL294P	
RN7SL296P	-0.9999999999999998
RN7SL297P	
RN7SL299P	
RN7SL3	-1.0
RN7SL300P	-0.9999999999999999
RN7SL301P	-0.9999999999999999
RN7SL302P	
RN7SL303P	
RN7SL304P	
RN7SL305P	
RN7SL306P	1.0
RN7SL307P	
RN7SL308P	-0.9999999999999998
RN7SL309P	
RN7SL30P	-0.9999999999999998
RN7SL310P	
RN7SL311P	
RN7SL313P	1.0
RN7SL314P	
RN7SL316P	1.0
RN7SL317P	
RN7SL318P	
RN7SL319P	
RN7SL320P	-0.9999999999999998
RN7SL321P	1.0
RN7SL322P	-0.9999999999999998
RN7SL323P	1.0
RN7SL325P	
RN7SL326P	
RN7SL327P	
RN7SL328P	-0.9999999999999998
RN7SL329P	
RN7SL32P	1.0
RN7SL330P	
RN7SL331P	
RN7SL332P	
RN7SL333P	-1.0
RN7SL334P	-1.0
RN7SL335P	
RN7SL336P	1.0
RN7SL337P	
RN7SL338P	
RN7SL339P	
RN7SL33P	1.0
RN7SL340P	
RN7SL341P	-0.9999999999999998
RN7SL342P	
RN7SL343P	
RN7SL344P	-0.9999999999999998
RN7SL346P	-0.9999999999999998
RN7SL34P	
RN7SL350P	
RN7SL351P	-1.0
RN7SL352P	-0.9999999999999998
RN7SL353P	
RN7SL354P	
RN7SL356P	-0.9999999999999998
RN7SL357P	
RN7SL359P	
RN7SL35P	
RN7SL361P	-0.9999999999999998
RN7SL362P	
RN7SL363P	
RN7SL364P	-0.9999999999999998
RN7SL366P	
RN7SL368P	-1.0
RN7SL369P	
RN7SL36P	
RN7SL370P	
RN7SL371P	
RN7SL372P	
RN7SL375P	
RN7SL376P	
RN7SL377P	
RN7SL378P	
RN7SL379P	
RN7SL37P	
RN7SL380P	
RN7SL381P	1.0
RN7SL382P	
RN7SL383P	
RN7SL384P	-0.9999999999999998
RN7SL385P	
RN7SL386P	-0.9999999999999998
RN7SL387P	-0.9999999999999998
RN7SL388P	1.0
RN7SL38P	
RN7SL390P	
RN7SL391P	
RN7SL392P	
RN7SL393P	-0.9999999999999998
RN7SL394P	-0.9999999999999998
RN7SL395P	
RN7SL396P	-0.9999999999999999
RN7SL397P	
RN7SL398P	
RN7SL399P	
RN7SL39P	
RN7SL400P	
RN7SL401P	
RN7SL402P	
RN7SL403P	1.0
RN7SL404P	
RN7SL405P	
RN7SL408P	-0.9999999999999999
RN7SL40P	
RN7SL411P	
RN7SL413P	
RN7SL414P	1.0
RN7SL415P	
RN7SL416P	
RN7SL417P	
RN7SL418P	
RN7SL419P	
RN7SL41P	
RN7SL420P	
RN7SL422P	
RN7SL423P	
RN7SL424P	
RN7SL425P	-1.0
RN7SL426P	
RN7SL428P	
RN7SL429P	
RN7SL42P	
RN7SL430P	
RN7SL431P	0.9999999999999999
RN7SL432P	
RN7SL434P	-0.9999999999999998
RN7SL435P	
RN7SL438P	
RN7SL43P	-0.9999999999999998
RN7SL440P	-0.9999999999999998
RN7SL441P	-0.9999999999999999
RN7SL442P	
RN7SL443P	-0.9999999999999998
RN7SL444P	-1.0
RN7SL445P	
RN7SL446P	
RN7SL447P	
RN7SL448P	1.0
RN7SL449P	
RN7SL44P	
RN7SL451P	
RN7SL452P	-1.0
RN7SL453P	
RN7SL454P	
RN7SL455P	
RN7SL456P	
RN7SL457P	
RN7SL459P	
RN7SL45P	
RN7SL460P	
RN7SL461P	
RN7SL462P	
RN7SL464P	
RN7SL465P	
RN7SL466P	
RN7SL468P	
RN7SL469P	
RN7SL470P	
RN7SL471P	-0.9999999999999998
RN7SL472P	
RN7SL473P	-1.0
RN7SL474P	
RN7SL475P	
RN7SL477P	-0.9999999999999998
RN7SL478P	
RN7SL479P	
RN7SL47P	
RN7SL480P	-0.9999999999999998
RN7SL481P	-0.9999999999999999
RN7SL482P	1.0
RN7SL483P	
RN7SL484P	
RN7SL487P	
RN7SL488P	
RN7SL489P	
RN7SL48P	-0.9999999999999998
RN7SL491P	1.0
RN7SL492P	
RN7SL493P	
RN7SL494P	-1.0
RN7SL495P	
RN7SL496P	
RN7SL497P	
RN7SL498P	
RN7SL499P	
RN7SL49P	-0.9999999999999997
RN7SL4P	-0.9999999999999997
RN7SL500P	
RN7SL502P	
RN7SL503P	
RN7SL504P	
RN7SL505P	
RN7SL507P	
RN7SL508P	-1.0
RN7SL509P	-0.9999999999999998
RN7SL50P	
RN7SL510P	1.0
RN7SL513P	-0.9999999999999998
RN7SL515P	
RN7SL516P	-0.9999999999999998
RN7SL517P	
RN7SL518P	
RN7SL519P	
RN7SL51P	
RN7SL520P	
RN7SL521P	-0.9999999999999998
RN7SL523P	-0.9999999999999998
RN7SL524P	
RN7SL525P	1.0
RN7SL526P	1.0
RN7SL527P	
RN7SL52P	
RN7SL530P	
RN7SL531P	
RN7SL535P	0.9999999999999999
RN7SL536P	-0.9999999999999998
RN7SL538P	
RN7SL539P	
RN7SL541P	-0.9999999999999998
RN7SL542P	
RN7SL543P	
RN7SL544P	
RN7SL545P	
RN7SL546P	-0.9999999999999999
RN7SL547P	-0.9999999999999998
RN7SL549P	
RN7SL551P	
RN7SL552P	
RN7SL553P	
RN7SL554P	1.0
RN7SL555P	
RN7SL556P	-0.9999999999999998
RN7SL557P	
RN7SL558P	-0.9999999999999999
RN7SL559P	-1.0
RN7SL55P	
RN7SL560P	
RN7SL561P	
RN7SL563P	
RN7SL564P	-1.0
RN7SL565P	
RN7SL566P	-0.9999999999999998
RN7SL567P	
RN7SL568P	
RN7SL569P	1.0
RN7SL570P	
RN7SL571P	
RN7SL573P	-1.0
RN7SL574P	-0.9999999999999998
RN7SL575P	-0.9999999999999998
RN7SL577P	
RN7SL578P	
RN7SL57P	-0.9999999999999998
RN7SL580P	
RN7SL581P	-0.9999999999999998
RN7SL582P	
RN7SL583P	
RN7SL584P	
RN7SL585P	
RN7SL586P	-0.9999999999999998
RN7SL587P	-0.9999999999999999
RN7SL589P	-0.9999999999999998
RN7SL58P	0.9999999999999999
RN7SL591P	
RN7SL592P	
RN7SL594P	
RN7SL596P	-1.0
RN7SL597P	
RN7SL598P	
RN7SL5P	-1.0
RN7SL600P	-0.9999999999999998
RN7SL601P	
RN7SL602P	
RN7SL604P	
RN7SL605P	
RN7SL606P	
RN7SL607P	
RN7SL608P	0.9999999999999998
RN7SL60P	
RN7SL610P	
RN7SL612P	
RN7SL614P	-1.0
RN7SL615P	-0.9999999999999998
RN7SL616P	
RN7SL617P	
RN7SL618P	
RN7SL619P	1.0
RN7SL620P	-0.9999999999999998
RN7SL621P	
RN7SL622P	
RN7SL623P	
RN7SL624P	
RN7SL625P	
RN7SL627P	
RN7SL628P	
RN7SL629P	-0.9999999999999998
RN7SL62P	
RN7SL630P	
RN7SL632P	
RN7SL633P	
RN7SL634P	
RN7SL635P	
RN7SL636P	
RN7SL638P	
RN7SL63P	
RN7SL640P	
RN7SL643P	
RN7SL644P	
RN7SL645P	
RN7SL646P	
RN7SL647P	
RN7SL648P	-1.0
RN7SL649P	
RN7SL650P	-0.9999999999999998
RN7SL652P	-1.0
RN7SL653P	
RN7SL654P	
RN7SL655P	
RN7SL656P	
RN7SL657P	
RN7SL658P	
RN7SL659P	
RN7SL65P	
RN7SL660P	
RN7SL663P	0.9999999999999999
RN7SL664P	-0.9999999999999998
RN7SL665P	
RN7SL666P	
RN7SL667P	
RN7SL668P	-0.9999999999999998
RN7SL66P	
RN7SL670P	
RN7SL671P	1.0
RN7SL672P	1.0
RN7SL673P	
RN7SL674P	-0.9999999999999999
RN7SL675P	1.0
RN7SL676P	
RN7SL677P	
RN7SL678P	
RN7SL679P	
RN7SL67P	-1.0
RN7SL680P	-0.9999999999999998
RN7SL681P	-0.9999999999999998
RN7SL683P	-0.9999999999999999
RN7SL684P	
RN7SL685P	
RN7SL687P	
RN7SL688P	-0.9999999999999998
RN7SL689P	1.0
RN7SL68P	
RN7SL690P	
RN7SL691P	
RN7SL692P	
RN7SL693P	
RN7SL694P	
RN7SL697P	1.0
RN7SL698P	
RN7SL69P	
RN7SL700P	
RN7SL702P	
RN7SL703P	
RN7SL704P	
RN7SL705P	
RN7SL706P	-0.9999999999999998
RN7SL708P	
RN7SL709P	-0.9999999999999998
RN7SL70P	
RN7SL711P	-0.9999999999999998
RN7SL712P	
RN7SL713P	-0.9999999999999998
RN7SL714P	
RN7SL716P	
RN7SL717P	-0.9999999999999998
RN7SL718P	
RN7SL719P	
RN7SL720P	-0.9999999999999998
RN7SL722P	
RN7SL724P	-0.9999999999999998
RN7SL727P	
RN7SL728P	-1.0
RN7SL72P	1.0
RN7SL731P	
RN7SL732P	-0.9999999999999998
RN7SL733P	
RN7SL734P	
RN7SL735P	-0.9999999999999998
RN7SL736P	
RN7SL737P	-1.0
RN7SL738P	
RN7SL73P	
RN7SL740P	
RN7SL741P	
RN7SL743P	
RN7SL744P	
RN7SL745P	1.0
RN7SL748P	
RN7SL749P	-1.0
RN7SL74P	
RN7SL750P	1.0
RN7SL751P	1.0
RN7SL752P	-0.9999999999999998
RN7SL753P	
RN7SL754P	
RN7SL756P	
RN7SL757P	
RN7SL759P	
RN7SL75P	0.9999999999999999
RN7SL761P	
RN7SL762P	
RN7SL763P	
RN7SL764P	-0.9999999999999998
RN7SL766P	
RN7SL767P	-1.0
RN7SL769P	
RN7SL76P	
RN7SL771P	
RN7SL774P	
RN7SL775P	
RN7SL776P	1.0
RN7SL77P	
RN7SL782P	
RN7SL783P	
RN7SL784P	
RN7SL785P	-0.9999999999999998
RN7SL786P	0.9999999999999999
RN7SL787P	
RN7SL788P	
RN7SL789P	
RN7SL78P	
RN7SL790P	
RN7SL791P	
RN7SL792P	-1.0
RN7SL793P	
RN7SL794P	-0.9999999999999998
RN7SL795P	
RN7SL796P	
RN7SL797P	
RN7SL798P	1.0
RN7SL799P	-0.9999999999999998
RN7SL79P	
RN7SL7P	
RN7SL800P	-1.0
RN7SL801P	-0.9999999999999998
RN7SL802P	
RN7SL804P	
RN7SL806P	
RN7SL807P	
RN7SL808P	
RN7SL809P	-0.9999999999999999
RN7SL810P	
RN7SL811P	
RN7SL812P	1.0
RN7SL813P	
RN7SL814P	
RN7SL815P	1.0
RN7SL817P	-0.9999999999999998
RN7SL818P	
RN7SL819P	
RN7SL81P	-0.9999999999999998
RN7SL820P	
RN7SL822P	
RN7SL823P	-0.9999999999999998
RN7SL824P	
RN7SL825P	-0.9999999999999998
RN7SL826P	
RN7SL82P	
RN7SL831P	
RN7SL832P	-0.9999999999999999
RN7SL833P	
RN7SL834P	0.9999999999999998
RN7SL835P	
RN7SL836P	-0.9999999999999998
RN7SL837P	
RN7SL838P	-1.0
RN7SL83P	
RN7SL841P	-0.9999999999999998
RN7SL842P	-0.9999999999999998
RN7SL843P	
RN7SL845P	
RN7SL846P	1.0
RN7SL847P	
RN7SL849P	
RN7SL850P	1.0
RN7SL851P	
RN7SL853P	
RN7SL854P	
RN7SL856P	
RN7SL860P	
RN7SL861P	-0.9999999999999998
RN7SL862P	
RN7SL863P	1.0
RN7SL864P	
RN7SL865P	
RN7SL868P	
RN7SL869P	
RN7SL870P	
RN7SL87P	
RN7SL88P	
RN7SL89P	
RN7SL8P	
RN7SL91P	
RN7SL92P	
RN7SL93P	
RN7SL96P	
RN7SL97P	
RN7SL98P	
RNA5-8SP2	
RNA5-8SP3	
RNA5-8SP4	
RNA5-8SP5	
RNA5-8SP6	
RNA5-8SP7	
RNA5S1	
RNA5S10	
RNA5S11	
RNA5S12	
RNA5S13	
RNA5S14	
RNA5S15	
RNA5S16	
RNA5S17	
RNA5S2	
RNA5S3	
RNA5S4	
RNA5S5	
RNA5S6	
RNA5S7	
RNA5S8	
RNA5S9	-1.0
RNA5SP100	
RNA5SP101	
RNA5SP102	
RNA5SP103	
RNA5SP104	
RNA5SP105	
RNA5SP106	
RNA5SP107	
RNA5SP109	
RNA5SP110	
RNA5SP111	1.0
RNA5SP112	
RNA5SP113	
RNA5SP114	
RNA5SP115	
RNA5SP116	
RNA5SP117	
RNA5SP118	
RNA5SP119	
RNA5SP120	
RNA5SP121	
RNA5SP122	
RNA5SP123	
RNA5SP124	
RNA5SP125	
RNA5SP126	
RNA5SP127	
RNA5SP128	
RNA5SP129	
RNA5SP130	
RNA5SP131	
RNA5SP132	
RNA5SP133	
RNA5SP134	
RNA5SP135	
RNA5SP136	
RNA5SP137	
RNA5SP138	
RNA5SP139	1.0
RNA5SP140	
RNA5SP141	
RNA5SP142	
RNA5SP143	
RNA5SP144	
RNA5SP145	
RNA5SP146	
RNA5SP147	
RNA5SP148	
RNA5SP149	
RNA5SP150	-0.9999999999999999
RNA5SP151	-0.9999999999999998
RNA5SP152	
RNA5SP153	
RNA5SP154	0.9999999999999999
RNA5SP155	
RNA5SP156	
RNA5SP157	
RNA5SP158	
RNA5SP159	
RNA5SP160	
RNA5SP161	-0.9999999999999998
RNA5SP162	
RNA5SP163	
RNA5SP164	
RNA5SP165	
RNA5SP166	
RNA5SP167	
RNA5SP168	
RNA5SP169	
RNA5SP170	
RNA5SP171	
RNA5SP172	
RNA5SP173	
RNA5SP174	
RNA5SP175	
RNA5SP176	
RNA5SP177	
RNA5SP178	
RNA5SP179	
RNA5SP18	
RNA5SP180	
RNA5SP181	
RNA5SP182	
RNA5SP183	
RNA5SP184	
RNA5SP185	
RNA5SP186	
RNA5SP187	
RNA5SP188	
RNA5SP189	
RNA5SP19	-0.9999999999999998
RNA5SP190	1.0
RNA5SP191	
RNA5SP192	1.0
RNA5SP193	
RNA5SP194	
RNA5SP195	-0.9999999999999999
RNA5SP196	
RNA5SP197	
RNA5SP198	
RNA5SP199	
RNA5SP20	
RNA5SP200	
RNA5SP201	
RNA5SP202	-0.9999999999999999
RNA5SP203	
RNA5SP204	
RNA5SP205	
RNA5SP206	
RNA5SP207	
RNA5SP208	
RNA5SP209	1.0
RNA5SP21	
RNA5SP210	
RNA5SP211	
RNA5SP212	
RNA5SP213	
RNA5SP214	
RNA5SP215	-0.9999999999999998
RNA5SP216	1.0
RNA5SP217	-1.0
RNA5SP218	
RNA5SP219	
RNA5SP22	
RNA5SP220	
RNA5SP221	
RNA5SP222	
RNA5SP223	
RNA5SP224	
RNA5SP225	
RNA5SP226	
RNA5SP227	
RNA5SP228	
RNA5SP229	
RNA5SP23	
RNA5SP230	
RNA5SP231	
RNA5SP232	
RNA5SP233	
RNA5SP234	
RNA5SP235	
RNA5SP236	
RNA5SP237	
RNA5SP238	
RNA5SP239	
RNA5SP24	
RNA5SP240	
RNA5SP241	
RNA5SP242	-0.9999999999999998
RNA5SP243	
RNA5SP244	
RNA5SP245	
RNA5SP246	-0.9999999999999998
RNA5SP247	
RNA5SP248	
RNA5SP249	
RNA5SP25	
RNA5SP250	
RNA5SP251	
RNA5SP252	
RNA5SP253	
RNA5SP254	
RNA5SP255	
RNA5SP256	
RNA5SP258	
RNA5SP259	
RNA5SP26	
RNA5SP260	-1.0
RNA5SP261	
RNA5SP262	
RNA5SP263	
RNA5SP264	
RNA5SP265	
RNA5SP266	
RNA5SP267	
RNA5SP268	-1.0
RNA5SP269	
RNA5SP27	
RNA5SP270	
RNA5SP271	
RNA5SP272	
RNA5SP273	
RNA5SP274	
RNA5SP275	
RNA5SP276	1.0
RNA5SP277	
RNA5SP278	
RNA5SP279	-0.9999999999999998
RNA5SP28	
RNA5SP280	-0.9999999999999998
RNA5SP281	
RNA5SP282	
RNA5SP283	0.9999999999999999
RNA5SP284	
RNA5SP285	
RNA5SP286	
RNA5SP287	
RNA5SP288	
RNA5SP289	
RNA5SP29	
RNA5SP290	
RNA5SP291	
RNA5SP292	
RNA5SP293	
RNA5SP294	
RNA5SP295	
RNA5SP296	
RNA5SP297	
RNA5SP298	-0.9999999999999998
RNA5SP299	
RNA5SP30	
RNA5SP300	
RNA5SP301	-0.9999999999999998
RNA5SP302	
RNA5SP303	
RNA5SP304	
RNA5SP305	
RNA5SP306	
RNA5SP307	
RNA5SP308	
RNA5SP309	
RNA5SP31	
RNA5SP310	
RNA5SP311	
RNA5SP312	
RNA5SP313	
RNA5SP314	
RNA5SP315	
RNA5SP316	
RNA5SP317	
RNA5SP318	
RNA5SP319	
RNA5SP320	
RNA5SP321	
RNA5SP322	
RNA5SP323	-0.9999999999999998
RNA5SP324	
RNA5SP325	
RNA5SP326	
RNA5SP327	
RNA5SP328	
RNA5SP329	
RNA5SP33	-0.9999999999999998
RNA5SP330	
RNA5SP331	-0.9999999999999998
RNA5SP332	
RNA5SP333	
RNA5SP334	-1.0
RNA5SP335	
RNA5SP336	-0.9999999999999998
RNA5SP337	
RNA5SP338	
RNA5SP339	
RNA5SP34	
RNA5SP340	
RNA5SP341	
RNA5SP342	
RNA5SP343	
RNA5SP344	-0.9999999999999998
RNA5SP345	
RNA5SP346	
RNA5SP347	
RNA5SP348	
RNA5SP349	
RNA5SP35	
RNA5SP350	
RNA5SP351	
RNA5SP352	-1.0
RNA5SP353	
RNA5SP354	
RNA5SP355	
RNA5SP356	
RNA5SP358	
RNA5SP359	
RNA5SP36	
RNA5SP360	
RNA5SP361	
RNA5SP362	
RNA5SP363	
RNA5SP364	1.0
RNA5SP365	
RNA5SP366	
RNA5SP367	-0.9999999999999998
RNA5SP368	-0.9999999999999998
RNA5SP369	
RNA5SP37	
RNA5SP370	
RNA5SP371	
RNA5SP372	1.0
RNA5SP373	
RNA5SP374	
RNA5SP375	
RNA5SP376	
RNA5SP377	
RNA5SP378	
RNA5SP379	-0.9999999999999998
RNA5SP38	
RNA5SP380	
RNA5SP382	
RNA5SP383	0.9999999999999999
RNA5SP384	
RNA5SP385	
RNA5SP387	-0.9999999999999998
RNA5SP388	
RNA5SP389	
RNA5SP39	
RNA5SP390	
RNA5SP391	
RNA5SP392	
RNA5SP393	
RNA5SP394	
RNA5SP395	-1.0
RNA5SP396	
RNA5SP397	
RNA5SP399	1.0
RNA5SP40	
RNA5SP400	
RNA5SP401	
RNA5SP402	
RNA5SP403	
RNA5SP404	-0.9999999999999998
RNA5SP405	
RNA5SP406	
RNA5SP407	
RNA5SP408	
RNA5SP409	
RNA5SP41	
RNA5SP410	
RNA5SP413	
RNA5SP415	
RNA5SP416	
RNA5SP417	
RNA5SP418	
RNA5SP419	
RNA5SP42	
RNA5SP420	
RNA5SP421	
RNA5SP422	
RNA5SP423	
RNA5SP424	
RNA5SP425	
RNA5SP426	
RNA5SP427	
RNA5SP428	
RNA5SP429	
RNA5SP43	
RNA5SP430	
RNA5SP431	
RNA5SP432	
RNA5SP433	
RNA5SP434	0.9999999999999999
RNA5SP435	-0.9999999999999998
RNA5SP436	
RNA5SP437	
RNA5SP438	
RNA5SP439	
RNA5SP44	
RNA5SP440	
RNA5SP441	
RNA5SP442	
RNA5SP443	
RNA5SP444	
RNA5SP445	
RNA5SP446	
RNA5SP447	-0.9999999999999999
RNA5SP448	-0.9999999999999998
RNA5SP449	
RNA5SP45	
RNA5SP450	
RNA5SP451	
RNA5SP452	1.0
RNA5SP453	
RNA5SP454	
RNA5SP455	
RNA5SP456	
RNA5SP457	-0.9999999999999998
RNA5SP458	
RNA5SP459	
RNA5SP46	
RNA5SP460	
RNA5SP461	
RNA5SP462	
RNA5SP463	
RNA5SP464	1.0
RNA5SP465	
RNA5SP466	-0.9999999999999998
RNA5SP467	1.0
RNA5SP468	
RNA5SP469	
RNA5SP47	
RNA5SP470	
RNA5SP471	
RNA5SP472	
RNA5SP473	
RNA5SP474	-1.0
RNA5SP475	
RNA5SP476	
RNA5SP477	-0.9999999999999998
RNA5SP478	
RNA5SP479	1.0
RNA5SP48	
RNA5SP480	
RNA5SP481	
RNA5SP482	
RNA5SP483	
RNA5SP484	
RNA5SP485	
RNA5SP486	
RNA5SP487	
RNA5SP488	
RNA5SP489	
RNA5SP49	
RNA5SP490	
RNA5SP491	
RNA5SP492	
RNA5SP493	
RNA5SP494	
RNA5SP495	1.0
RNA5SP496	1.0
RNA5SP497	
RNA5SP498	1.0
RNA5SP499	
RNA5SP50	
RNA5SP500	-0.9999999999999998
RNA5SP501	
RNA5SP502	
RNA5SP503	
RNA5SP504	
RNA5SP505	
RNA5SP507	
RNA5SP508	
RNA5SP509	
RNA5SP51	
RNA5SP510	
RNA5SP511	
RNA5SP512	
RNA5SP513	1.0
RNA5SP514	
RNA5SP515	
RNA5SP516	
RNA5SP517	
RNA5SP518	
RNA5SP519	
RNA5SP52	-0.9999999999999998
RNA5SP520	
RNA5SP521	
RNA5SP522	
RNA5SP523	
RNA5SP53	
RNA5SP54	
RNA5SP55	
RNA5SP56	
RNA5SP57	
RNA5SP58	
RNA5SP59	
RNA5SP60	
RNA5SP61	
RNA5SP62	
RNA5SP63	
RNA5SP64	1.0
RNA5SP65	
RNA5SP66	
RNA5SP67	
RNA5SP68	-0.9999999999999998
RNA5SP69	
RNA5SP70	
RNA5SP71	
RNA5SP72	
RNA5SP73	
RNA5SP74	-0.9999999999999998
RNA5SP75	-0.9999999999999998
RNA5SP76	
RNA5SP77	
RNA5SP78	
RNA5SP79	
RNA5SP80	-0.9999999999999998
RNA5SP82	-0.9999999999999999
RNA5SP84	
RNA5SP85	
RNA5SP86	
RNA5SP87	
RNA5SP88	
RNA5SP89	
RNA5SP90	
RNA5SP91	
RNA5SP92	
RNA5SP93	
RNA5SP94	
RNA5SP95	
RNA5SP96	
RNA5SP97	-1.0
RNA5SP98	
RNA5SP99	1.0
RNASE1	-1.0
RNASE10	
RNASE11	1.0
RNASE12	
RNASE13	
RNASE2	-0.9999999999999999
RNASE3	1.0
RNASE4	-1.0
RNASE6	-0.9999999999999999
RNASE7	1.0
RNASE8	
RNASE9	
RNASEH1	0.9999999999999999
RNASEH1P1	1.0
RNASEH1P2	-0.9999999999999998
RNASEH2A	0.9999999999999999
RNASEH2B	-0.9999999999999998
RNASEH2B-AS1	-0.9999999999999997
RNASEH2C	0.9999999999999999
RNASEH2CP1	
RNASEK	0.9999999999999999
RNASEK-C17orf49	1.0
RNASEL	-1.0
RNASET2	-0.9999999999999999
RND1	-1.0
RND2	-0.9999999999999999
RND3	-0.9999999999999998
RNF10	-0.9999999999999999
RNF103	-0.9999999999999999
RNF103-CHMP3	
RNF10P1	-0.9999999999999998
RNF11	1.0
RNF111	-0.9999999999999998
RNF112	-0.9999999999999999
RNF113A	-1.0
RNF113B	1.0
RNF114	0.9999999999999998
RNF115	0.9999999999999998
RNF11B	
RNF121	-0.9999999999999998
RNF122	-0.9999999999999999
RNF123	-0.9999999999999999
RNF125	0.9999999999999999
RNF126	1.0
RNF126P1	0.9999999999999999
RNF128	-0.9999999999999999
RNF13	-1.0
RNF130	-0.9999999999999999
RNF133	0.9999999999999998
RNF135	-0.9999999999999999
RNF138	1.0
RNF138P1	-0.9999999999999998
RNF139	-1.0
RNF139-AS1	-0.9999999999999999
RNF14	-0.9999999999999998
RNF141	1.0
RNF144A	-0.9999999999999999
RNF144A-AS1	1.0
RNF144B	0.9999999999999999
RNF145	-1.0
RNF146	0.9999999999999999
RNF148	1.0
RNF149	1.0
RNF150	-0.9999999999999999
RNF151	-1.0
RNF152	-1.0
RNF157	1.0
RNF157-AS1	-1.0
RNF165	-0.9999999999999998
RNF166	-0.9999999999999998
RNF167	-0.9999999999999999
RNF168	-0.9999999999999999
RNF169	-0.9999999999999998
RNF17	1.0
RNF170	-1.0
RNF175	1.0
RNF180	0.9999999999999999
RNF181	0.9999999999999998
RNF182	-0.9999999999999998
RNF183	-0.9999999999999999
RNF185	-0.9999999999999999
RNF185-AS1	
RNF186	-0.9999999999999998
RNF187	-1.0
RNF19A	1.0
RNF19B	-0.9999999999999999
RNF19BPX	
RNF19BPY	
RNF2	-0.9999999999999998
RNF20	1.0
RNF207	1.0
RNF208	-0.9999999999999998
RNF212	1.0
RNF213	1.0
RNF214	-0.9999999999999998
RNF215	-0.9999999999999998
RNF216	-0.9999999999999998
RNF216-IT1	-0.9999999999999998
RNF216P1	-1.0
RNF217	-1.0
RNF219	-1.0
RNF219-AS1	-0.9999999999999999
RNF220	-1.0
RNF222	
RNF223	-0.9999999999999999
RNF224	1.0
RNF24	-0.9999999999999999
RNF25	-0.9999999999999999
RNF26	-0.9999999999999999
RNF2P1	-0.9999999999999998
RNF31	1.0
RNF32	-1.0
RNF34	0.9999999999999999
RNF38	-1.0
RNF39	-1.0
RNF4	-1.0
RNF40	-0.9999999999999999
RNF41	-0.9999999999999999
RNF43	1.0
RNF44	0.9999999999999998
RNF5	1.0
RNF5P1	0.9999999999999998
RNF6	-1.0
RNF6P1	
RNF7	0.9999999999999998
RNF7P1	0.9999999999999999
RNF8	-1.0
RNFT1	-0.9999999999999998
RNFT1P2	
RNFT1P3	0.9999999999999999
RNFT2	0.9999999999999999
RNGTT	-1.0
RNGTTP1	
RNH1	-0.9999999999999998
RNLS	1.0
RNMT	-1.0
RNMTL1	-1.0
RNMTL1P1	
RNMTL1P2	
RNPC3	-1.0
RNPEP	-1.0
RNPEPL1	-0.9999999999999999
RNPS1	-0.9999999999999999
RNPS1P1	1.0
RNU1-1	1.0
RNU1-100P	
RNU1-101P	
RNU1-103P	1.0
RNU1-104P	
RNU1-105P	
RNU1-106P	-0.9999999999999999
RNU1-107P	
RNU1-108P	
RNU1-109P	
RNU1-112P	
RNU1-114P	
RNU1-115P	
RNU1-117P	
RNU1-119P	
RNU1-11P	-0.9999999999999998
RNU1-120P	
RNU1-122P	-0.9999999999999998
RNU1-123P	
RNU1-124P	
RNU1-125P	
RNU1-128P	
RNU1-129P	
RNU1-130P	
RNU1-131P	
RNU1-132P	
RNU1-133P	-0.9999999999999998
RNU1-134P	
RNU1-136P	
RNU1-137P	
RNU1-138P	
RNU1-139P	
RNU1-13P	
RNU1-140P	
RNU1-141P	
RNU1-142P	
RNU1-143P	
RNU1-146P	
RNU1-148P	-0.9999999999999998
RNU1-149P	
RNU1-14P	
RNU1-150P	
RNU1-15P	
RNU1-16P	-1.0
RNU1-17P	
RNU1-18P	
RNU1-19P	-0.9999999999999998
RNU1-2	
RNU1-20P	
RNU1-21P	
RNU1-22P	
RNU1-23P	
RNU1-24P	
RNU1-27P	-0.9999999999999998
RNU1-28P	1.0
RNU1-3	-0.9999999999999998
RNU1-31P	
RNU1-32P	
RNU1-33P	
RNU1-34P	
RNU1-35P	
RNU1-36P	
RNU1-38P	
RNU1-39P	
RNU1-4	
RNU1-40P	
RNU1-41P	
RNU1-42P	
RNU1-43P	
RNU1-44P	
RNU1-45P	
RNU1-46P	
RNU1-47P	
RNU1-48P	
RNU1-49P	
RNU1-51P	
RNU1-52P	
RNU1-54P	
RNU1-55P	
RNU1-56P	1.0
RNU1-57P	
RNU1-58P	
RNU1-59P	-0.9999999999999998
RNU1-61P	-1.0
RNU1-62P	
RNU1-63P	
RNU1-64P	
RNU1-65P	
RNU1-67P	0.9999999999999999
RNU1-68P	
RNU1-70P	-0.9999999999999999
RNU1-72P	1.0
RNU1-73P	0.9999999999999999
RNU1-74P	
RNU1-75P	
RNU1-76P	-0.9999999999999998
RNU1-77P	
RNU1-78P	
RNU1-7P	
RNU1-80P	
RNU1-82P	
RNU1-83P	
RNU1-84P	
RNU1-85P	
RNU1-86P	
RNU1-87P	-0.9999999999999998
RNU1-88P	
RNU1-89P	
RNU1-8P	
RNU1-91P	
RNU1-92P	
RNU1-93P	
RNU1-94P	
RNU1-95P	
RNU1-96P	
RNU1-97P	
RNU1-98P	
RNU105B	-0.9999999999999998
RNU105C	
RNU11	-1.0
RNU11-2P	
RNU11-3P	1.0
RNU11-4P	
RNU11-5P	
RNU11-6P	-0.9999999999999998
RNU12	-0.9999999999999998
RNU12-2P	-1.0
RNU2-10P	
RNU2-11P	1.0
RNU2-12P	
RNU2-13P	
RNU2-14P	
RNU2-15P	
RNU2-16P	
RNU2-17P	-0.9999999999999999
RNU2-18P	
RNU2-19P	
RNU2-20P	
RNU2-21P	
RNU2-22P	0.9999999999999999
RNU2-23P	-0.9999999999999998
RNU2-24P	
RNU2-25P	
RNU2-26P	
RNU2-27P	
RNU2-28P	
RNU2-29P	
RNU2-2P	
RNU2-30P	-0.9999999999999998
RNU2-31P	
RNU2-32P	
RNU2-33P	-1.0
RNU2-34P	
RNU2-35P	-0.9999999999999998
RNU2-36P	-0.9999999999999998
RNU2-37P	
RNU2-38P	
RNU2-39P	
RNU2-3P	-0.9999999999999998
RNU2-40P	
RNU2-41P	
RNU2-42P	
RNU2-43P	
RNU2-44P	
RNU2-45P	
RNU2-46P	-0.9999999999999998
RNU2-47P	
RNU2-48P	-1.0
RNU2-49P	
RNU2-50P	
RNU2-51P	
RNU2-52P	
RNU2-53P	
RNU2-54P	
RNU2-55P	
RNU2-56P	
RNU2-57P	
RNU2-58P	-0.9999999999999998
RNU2-59P	-0.9999999999999998
RNU2-5P	
RNU2-60P	
RNU2-61P	-0.9999999999999999
RNU2-62P	
RNU2-63P	
RNU2-64P	-1.0
RNU2-65P	
RNU2-66P	
RNU2-68P	
RNU2-69P	-0.9999999999999998
RNU2-6P	-1.0
RNU2-70P	-0.9999999999999998
RNU2-71P	
RNU2-72P	
RNU2-7P	-1.0
RNU2-8P	
RNU2-9P	
RNU3P3	
RNU4-1	-0.9999999999999999
RNU4-10P	
RNU4-11P	
RNU4-12P	
RNU4-13P	
RNU4-14P	0.9999999999999999
RNU4-15P	
RNU4-16P	
RNU4-17P	
RNU4-18P	
RNU4-2	-1.0
RNU4-20P	
RNU4-21P	-0.9999999999999998
RNU4-22P	
RNU4-23P	-1.0
RNU4-24P	
RNU4-25P	
RNU4-26P	
RNU4-27P	
RNU4-28P	
RNU4-29P	1.0
RNU4-30P	
RNU4-31P	
RNU4-32P	0.9999999999999999
RNU4-33P	
RNU4-34P	
RNU4-35P	
RNU4-36P	
RNU4-37P	
RNU4-38P	-1.0
RNU4-39P	-0.9999999999999998
RNU4-40P	1.0
RNU4-41P	
RNU4-42P	
RNU4-43P	
RNU4-44P	
RNU4-45P	
RNU4-46P	
RNU4-47P	
RNU4-48P	
RNU4-49P	
RNU4-4P	
RNU4-50P	-1.0
RNU4-51P	
RNU4-52P	
RNU4-53P	-0.9999999999999998
RNU4-54P	
RNU4-55P	
RNU4-56P	-0.9999999999999998
RNU4-57P	
RNU4-58P	
RNU4-59P	
RNU4-60P	
RNU4-61P	
RNU4-62P	-1.0
RNU4-63P	
RNU4-64P	
RNU4-65P	
RNU4-66P	
RNU4-67P	
RNU4-68P	1.0
RNU4-69P	
RNU4-6P	
RNU4-70P	
RNU4-71P	
RNU4-72P	
RNU4-73P	
RNU4-74P	
RNU4-75P	
RNU4-76P	
RNU4-77P	
RNU4-78P	-0.9999999999999999
RNU4-79P	
RNU4-7P	
RNU4-80P	
RNU4-81P	
RNU4-82P	-1.0
RNU4-83P	
RNU4-84P	
RNU4-85P	1.0
RNU4-86P	
RNU4-87P	
RNU4-88P	
RNU4-8P	
RNU4-90P	
RNU4-91P	
RNU4-92P	
RNU4-9P	
RNU4ATAC	-1.0
RNU4ATAC10P	
RNU4ATAC11P	-0.9999999999999998
RNU4ATAC12P	
RNU4ATAC13P	
RNU4ATAC14P	
RNU4ATAC15P	
RNU4ATAC16P	1.0
RNU4ATAC17P	
RNU4ATAC18P	-1.0
RNU4ATAC2P	-0.9999999999999998
RNU4ATAC3P	
RNU4ATAC4P	
RNU4ATAC5P	
RNU4ATAC6P	-0.9999999999999998
RNU4ATAC7P	
RNU4ATAC8P	
RNU4ATAC9P	
RNU5A-1	-0.9999999999999998
RNU5A-2P	
RNU5A-3P	
RNU5A-4P	
RNU5A-5P	
RNU5A-6P	
RNU5A-7P	
RNU5A-8P	
RNU5B-1	-0.9999999999999999
RNU5B-2P	
RNU5B-3P	
RNU5B-4P	
RNU5B-6P	
RNU5D-1	
RNU5D-2P	
RNU5E-1	-1.0
RNU5E-10P	
RNU5E-2P	
RNU5E-3P	
RNU5E-4P	
RNU5E-5P	
RNU5E-6P	
RNU5E-7P	
RNU5E-8P	-1.0
RNU5E-9P	
RNU5F-1	-0.9999999999999998
RNU5F-2P	
RNU5F-3P	
RNU5F-4P	
RNU5F-6P	
RNU5F-7P	
RNU5F-8P	
RNU6-1	1.0
RNU6-1000P	
RNU6-1001P	
RNU6-1002P	-0.9999999999999998
RNU6-1003P	
RNU6-1004P	
RNU6-1005P	1.0
RNU6-1006P	
RNU6-1007P	
RNU6-1008P	
RNU6-1009P	
RNU6-100P	0.9999999999999999
RNU6-1010P	-1.0
RNU6-1011P	
RNU6-1012P	
RNU6-1013P	
RNU6-1014P	
RNU6-1015P	
RNU6-1016P	1.0
RNU6-1017P	
RNU6-1018P	
RNU6-1019P	
RNU6-101P	-0.9999999999999998
RNU6-1020P	
RNU6-1021P	
RNU6-1022P	
RNU6-1023P	
RNU6-1024P	
RNU6-1025P	-1.0
RNU6-1026P	
RNU6-1027P	
RNU6-1028P	
RNU6-1029P	
RNU6-102P	
RNU6-1031P	
RNU6-1032P	
RNU6-1033P	
RNU6-1034P	
RNU6-1035P	
RNU6-1036P	1.0
RNU6-1037P	
RNU6-1038P	
RNU6-1039P	
RNU6-103P	
RNU6-1040P	
RNU6-1041P	
RNU6-1042P	
RNU6-1043P	
RNU6-1044P	
RNU6-1045P	
RNU6-1046P	-1.0
RNU6-1047P	
RNU6-1048P	-0.9999999999999998
RNU6-1049P	
RNU6-104P	
RNU6-1050P	
RNU6-1051P	1.0
RNU6-1052P	
RNU6-1053P	-1.0
RNU6-1054P	
RNU6-1055P	
RNU6-1056P	
RNU6-1057P	
RNU6-1059P	
RNU6-105P	
RNU6-1060P	
RNU6-1061P	1.0
RNU6-1062P	
RNU6-1064P	
RNU6-1065P	
RNU6-1066P	
RNU6-1067P	
RNU6-1068P	-0.9999999999999998
RNU6-1069P	1.0
RNU6-106P	
RNU6-1071P	
RNU6-1072P	
RNU6-1073P	
RNU6-1074P	
RNU6-1075P	
RNU6-1076P	
RNU6-1077P	
RNU6-1078P	
RNU6-1079P	-0.9999999999999998
RNU6-107P	
RNU6-1080P	
RNU6-1081P	
RNU6-1082P	
RNU6-1083P	
RNU6-1084P	
RNU6-1085P	
RNU6-1086P	-0.9999999999999998
RNU6-1087P	
RNU6-1088P	
RNU6-1089P	
RNU6-108P	
RNU6-1090P	
RNU6-1091P	
RNU6-1092P	
RNU6-1093P	-0.9999999999999998
RNU6-1094P	
RNU6-1095P	
RNU6-1096P	
RNU6-1097P	
RNU6-1098P	-0.9999999999999998
RNU6-1099P	-1.0
RNU6-109P	
RNU6-10P	
RNU6-1100P	
RNU6-1101P	-0.9999999999999998
RNU6-1102P	
RNU6-1103P	
RNU6-1104P	
RNU6-1105P	
RNU6-1106P	
RNU6-1107P	
RNU6-1108P	
RNU6-1109P	
RNU6-110P	
RNU6-1110P	
RNU6-1111P	
RNU6-1112P	
RNU6-1113P	
RNU6-1114P	
RNU6-1115P	-0.9999999999999998
RNU6-1116P	
RNU6-1117P	
RNU6-1118P	
RNU6-1119P	
RNU6-111P	
RNU6-1120P	
RNU6-1121P	
RNU6-1122P	
RNU6-1123P	
RNU6-1124P	
RNU6-1125P	
RNU6-1126P	
RNU6-1127P	
RNU6-1128P	
RNU6-1129P	
RNU6-112P	
RNU6-1130P	
RNU6-1131P	
RNU6-1132P	
RNU6-1133P	
RNU6-1134P	
RNU6-1135P	
RNU6-1136P	-0.9999999999999998
RNU6-1137P	
RNU6-1138P	
RNU6-1139P	
RNU6-113P	
RNU6-1140P	
RNU6-1141P	
RNU6-1143P	
RNU6-1144P	
RNU6-1145P	
RNU6-1146P	
RNU6-1147P	
RNU6-1148P	
RNU6-1149P	
RNU6-114P	
RNU6-1150P	
RNU6-1151P	
RNU6-1152P	
RNU6-1153P	
RNU6-1154P	
RNU6-1155P	
RNU6-1156P	
RNU6-1157P	-0.9999999999999998
RNU6-1158P	
RNU6-1159P	-0.9999999999999998
RNU6-115P	
RNU6-1160P	-0.9999999999999998
RNU6-1161P	-0.9999999999999997
RNU6-1162P	1.0
RNU6-1163P	
RNU6-1164P	
RNU6-1165P	-0.9999999999999998
RNU6-1167P	
RNU6-1168P	
RNU6-1169P	
RNU6-116P	
RNU6-1170P	
RNU6-1171P	
RNU6-1172P	
RNU6-1174P	
RNU6-1175P	
RNU6-1176P	
RNU6-1177P	-0.9999999999999998
RNU6-1178P	
RNU6-1179P	
RNU6-117P	
RNU6-1180P	
RNU6-1181P	
RNU6-1183P	
RNU6-1184P	
RNU6-1185P	
RNU6-1186P	
RNU6-1187P	
RNU6-1188P	
RNU6-1189P	-0.9999999999999998
RNU6-118P	-1.0
RNU6-1190P	
RNU6-1191P	
RNU6-1192P	
RNU6-1193P	
RNU6-1194P	1.0
RNU6-1195P	
RNU6-1196P	
RNU6-1197P	
RNU6-1198P	
RNU6-1199P	
RNU6-119P	
RNU6-11P	-1.0
RNU6-1200P	
RNU6-1201P	1.0
RNU6-1203P	
RNU6-1204P	
RNU6-1205P	
RNU6-1206P	-0.9999999999999998
RNU6-1207P	
RNU6-1208P	
RNU6-1209P	1.0
RNU6-120P	
RNU6-1210P	
RNU6-1211P	1.0
RNU6-1212P	
RNU6-1213P	
RNU6-1214P	
RNU6-1215P	
RNU6-1216P	1.0
RNU6-1217P	
RNU6-1218P	
RNU6-1219P	
RNU6-121P	
RNU6-1220P	
RNU6-1221P	
RNU6-1222P	
RNU6-1223P	0.9999999999999999
RNU6-1224P	
RNU6-1225P	
RNU6-1226P	-0.9999999999999998
RNU6-1227P	
RNU6-1228P	
RNU6-1229P	
RNU6-122P	-1.0
RNU6-1230P	
RNU6-1231P	-0.9999999999999998
RNU6-1232P	
RNU6-1233P	
RNU6-1234P	
RNU6-1235P	
RNU6-1236P	
RNU6-1237P	1.0
RNU6-1238P	
RNU6-1239P	
RNU6-123P	
RNU6-1240P	
RNU6-1241P	
RNU6-1242P	
RNU6-1243P	
RNU6-1244P	
RNU6-1245P	
RNU6-1246P	
RNU6-1247P	
RNU6-1248P	
RNU6-1249P	
RNU6-1250P	
RNU6-1251P	
RNU6-1252P	
RNU6-1254P	
RNU6-1255P	
RNU6-1256P	
RNU6-1257P	-0.9999999999999998
RNU6-1258P	
RNU6-125P	1.0
RNU6-1260P	
RNU6-1261P	
RNU6-1262P	-0.9999999999999998
RNU6-1263P	
RNU6-1264P	
RNU6-1265P	1.0
RNU6-1266P	-1.0
RNU6-1267P	
RNU6-1268P	
RNU6-1269P	
RNU6-126P	-0.9999999999999998
RNU6-1270P	
RNU6-1271P	
RNU6-1272P	
RNU6-1273P	
RNU6-1274P	
RNU6-1275P	
RNU6-1276P	
RNU6-1277P	
RNU6-1278P	
RNU6-1279P	
RNU6-127P	
RNU6-1280P	-0.9999999999999999
RNU6-1281P	-0.9999999999999998
RNU6-1282P	
RNU6-1283P	
RNU6-1284P	
RNU6-1285P	-1.0
RNU6-1286P	
RNU6-1287P	
RNU6-1288P	
RNU6-1289P	
RNU6-128P	
RNU6-1290P	
RNU6-1291P	
RNU6-1292P	
RNU6-1293P	
RNU6-1294P	1.0
RNU6-1295P	
RNU6-1296P	
RNU6-1297P	
RNU6-1298P	
RNU6-1299P	
RNU6-129P	
RNU6-12P	
RNU6-1300P	1.0
RNU6-1301P	
RNU6-1303P	
RNU6-1304P	
RNU6-1305P	1.0
RNU6-1306P	
RNU6-1307P	
RNU6-1308P	
RNU6-1309P	
RNU6-130P	-0.9999999999999999
RNU6-1310P	
RNU6-1311P	
RNU6-1312P	
RNU6-1313P	
RNU6-1314P	
RNU6-1315P	
RNU6-1316P	1.0
RNU6-1317P	
RNU6-1318P	
RNU6-1319P	
RNU6-131P	
RNU6-1320P	
RNU6-1321P	
RNU6-1322P	
RNU6-1323P	
RNU6-1324P	
RNU6-1325P	
RNU6-1326P	
RNU6-1327P	-1.0
RNU6-1328P	
RNU6-1329P	
RNU6-132P	
RNU6-1330P	-0.9999999999999998
RNU6-1331P	
RNU6-1332P	
RNU6-1333P	
RNU6-1334P	
RNU6-1335P	
RNU6-1336P	
RNU6-1337P	
RNU6-1338P	
RNU6-1339P	
RNU6-133P	
RNU6-1340P	-0.9999999999999998
RNU6-135P	
RNU6-136P	
RNU6-137P	0.9999999999999998
RNU6-138P	
RNU6-139P	
RNU6-13P	
RNU6-140P	-0.9999999999999999
RNU6-141P	
RNU6-142P	
RNU6-143P	
RNU6-144P	
RNU6-145P	
RNU6-146P	
RNU6-147P	
RNU6-148P	
RNU6-14P	
RNU6-150P	
RNU6-151P	
RNU6-152P	
RNU6-153P	
RNU6-154P	
RNU6-155P	
RNU6-156P	
RNU6-157P	
RNU6-158P	
RNU6-159P	-0.9999999999999998
RNU6-15P	-1.0
RNU6-160P	
RNU6-161P	
RNU6-162P	
RNU6-163P	
RNU6-164P	
RNU6-165P	
RNU6-166P	
RNU6-167P	
RNU6-168P	
RNU6-169P	
RNU6-16P	
RNU6-170P	
RNU6-171P	-0.9999999999999998
RNU6-172P	
RNU6-173P	
RNU6-174P	
RNU6-175P	
RNU6-176P	1.0
RNU6-177P	
RNU6-178P	
RNU6-179P	
RNU6-17P	
RNU6-180P	
RNU6-181P	-1.0
RNU6-182P	
RNU6-183P	
RNU6-184P	
RNU6-185P	
RNU6-187P	
RNU6-188P	-0.9999999999999998
RNU6-189P	
RNU6-18P	
RNU6-190P	
RNU6-191P	
RNU6-192P	
RNU6-193P	
RNU6-194P	
RNU6-195P	1.0
RNU6-196P	
RNU6-197P	
RNU6-198P	1.0
RNU6-199P	
RNU6-19P	-0.9999999999999998
RNU6-2	-1.0
RNU6-200P	
RNU6-201P	
RNU6-202P	-0.9999999999999998
RNU6-203P	
RNU6-204P	-1.0
RNU6-205P	
RNU6-206P	
RNU6-207P	
RNU6-208P	
RNU6-209P	
RNU6-20P	-0.9999999999999998
RNU6-210P	
RNU6-211P	
RNU6-212P	-0.9999999999999998
RNU6-213P	
RNU6-214P	
RNU6-215P	
RNU6-216P	
RNU6-217P	
RNU6-218P	
RNU6-219P	
RNU6-21P	
RNU6-220P	
RNU6-221P	
RNU6-222P	
RNU6-223P	
RNU6-224P	
RNU6-225P	
RNU6-226P	-0.9999999999999999
RNU6-227P	
RNU6-228P	
RNU6-229P	
RNU6-22P	
RNU6-230P	
RNU6-231P	
RNU6-232P	
RNU6-233P	
RNU6-234P	
RNU6-235P	
RNU6-236P	
RNU6-237P	
RNU6-238P	
RNU6-239P	
RNU6-23P	
RNU6-240P	
RNU6-241P	
RNU6-242P	-0.9999999999999999
RNU6-243P	
RNU6-244P	
RNU6-245P	
RNU6-246P	
RNU6-247P	-0.9999999999999998
RNU6-248P	
RNU6-249P	
RNU6-24P	
RNU6-250P	
RNU6-251P	-0.9999999999999998
RNU6-252P	
RNU6-253P	-0.9999999999999998
RNU6-254P	
RNU6-255P	
RNU6-256P	
RNU6-257P	
RNU6-258P	
RNU6-259P	
RNU6-25P	-1.0
RNU6-260P	
RNU6-261P	
RNU6-262P	-0.9999999999999998
RNU6-263P	
RNU6-264P	
RNU6-266P	
RNU6-267P	
RNU6-268P	
RNU6-269P	
RNU6-26P	
RNU6-270P	
RNU6-271P	
RNU6-272P	1.0
RNU6-273P	
RNU6-274P	
RNU6-275P	
RNU6-276P	
RNU6-277P	
RNU6-278P	
RNU6-279P	
RNU6-27P	-1.0
RNU6-280P	
RNU6-281P	
RNU6-282P	1.0
RNU6-283P	
RNU6-284P	
RNU6-285P	
RNU6-286P	
RNU6-287P	
RNU6-288P	
RNU6-289P	
RNU6-28P	
RNU6-290P	
RNU6-291P	
RNU6-292P	
RNU6-293P	
RNU6-294P	
RNU6-295P	
RNU6-296P	
RNU6-297P	
RNU6-298P	
RNU6-299P	
RNU6-29P	
RNU6-300P	
RNU6-301P	
RNU6-302P	-0.9999999999999998
RNU6-303P	
RNU6-304P	1.0
RNU6-306P	
RNU6-307P	
RNU6-308P	
RNU6-309P	
RNU6-30P	
RNU6-310P	
RNU6-311P	
RNU6-312P	1.0
RNU6-313P	
RNU6-314P	
RNU6-315P	
RNU6-316P	1.0
RNU6-317P	
RNU6-318P	
RNU6-319P	
RNU6-31P	
RNU6-320P	
RNU6-321P	
RNU6-322P	-1.0
RNU6-324P	
RNU6-325P	
RNU6-326P	
RNU6-327P	-0.9999999999999998
RNU6-328P	
RNU6-329P	
RNU6-32P	
RNU6-330P	
RNU6-331P	
RNU6-332P	
RNU6-333P	
RNU6-334P	
RNU6-335P	
RNU6-336P	
RNU6-337P	
RNU6-338P	
RNU6-339P	-0.9999999999999998
RNU6-33P	-0.9999999999999999
RNU6-340P	
RNU6-341P	-1.0
RNU6-342P	
RNU6-343P	-0.9999999999999998
RNU6-344P	
RNU6-345P	
RNU6-346P	
RNU6-347P	
RNU6-348P	
RNU6-349P	
RNU6-34P	
RNU6-351P	
RNU6-352P	
RNU6-353P	1.0
RNU6-354P	
RNU6-355P	
RNU6-356P	
RNU6-358P	
RNU6-359P	
RNU6-35P	1.0
RNU6-360P	
RNU6-361P	
RNU6-362P	
RNU6-363P	
RNU6-364P	
RNU6-365P	
RNU6-366P	
RNU6-367P	
RNU6-368P	
RNU6-369P	
RNU6-36P	-0.9999999999999999
RNU6-370P	
RNU6-371P	
RNU6-373P	
RNU6-374P	
RNU6-375P	-0.9999999999999998
RNU6-376P	
RNU6-377P	-0.9999999999999998
RNU6-378P	-0.9999999999999998
RNU6-379P	
RNU6-37P	1.0
RNU6-380P	
RNU6-381P	
RNU6-382P	
RNU6-383P	-1.0
RNU6-384P	1.0
RNU6-386P	
RNU6-387P	
RNU6-388P	1.0
RNU6-389P	
RNU6-38P	-0.9999999999999998
RNU6-390P	
RNU6-391P	
RNU6-392P	
RNU6-393P	
RNU6-394P	
RNU6-395P	
RNU6-396P	
RNU6-397P	
RNU6-398P	
RNU6-399P	
RNU6-39P	
RNU6-3P	0.9999999999999999
RNU6-400P	
RNU6-401P	
RNU6-402P	
RNU6-403P	
RNU6-405P	
RNU6-406P	
RNU6-407P	1.0
RNU6-408P	
RNU6-409P	
RNU6-40P	1.0
RNU6-410P	
RNU6-411P	
RNU6-412P	
RNU6-413P	
RNU6-414P	
RNU6-415P	
RNU6-416P	
RNU6-417P	
RNU6-418P	-1.0
RNU6-419P	
RNU6-41P	
RNU6-420P	
RNU6-421P	
RNU6-422P	
RNU6-424P	
RNU6-425P	
RNU6-426P	
RNU6-428P	
RNU6-429P	
RNU6-42P	-1.0
RNU6-430P	
RNU6-431P	-1.0
RNU6-432P	
RNU6-433P	
RNU6-434P	
RNU6-435P	
RNU6-436P	
RNU6-437P	
RNU6-438P	
RNU6-439P	
RNU6-43P	-0.9999999999999998
RNU6-440P	
RNU6-441P	
RNU6-442P	
RNU6-443P	
RNU6-444P	-0.9999999999999998
RNU6-445P	
RNU6-446P	
RNU6-447P	
RNU6-448P	
RNU6-449P	
RNU6-44P	
RNU6-450P	-0.9999999999999998
RNU6-451P	
RNU6-452P	
RNU6-453P	
RNU6-454P	1.0
RNU6-455P	
RNU6-456P	
RNU6-457P	
RNU6-458P	
RNU6-45P	-1.0
RNU6-460P	
RNU6-461P	
RNU6-462P	
RNU6-463P	
RNU6-464P	
RNU6-465P	
RNU6-466P	
RNU6-468P	
RNU6-469P	
RNU6-46P	0.9999999999999999
RNU6-470P	
RNU6-471P	
RNU6-472P	
RNU6-473P	
RNU6-474P	
RNU6-475P	
RNU6-476P	
RNU6-477P	
RNU6-478P	
RNU6-479P	1.0
RNU6-47P	-0.9999999999999998
RNU6-480P	
RNU6-481P	1.0
RNU6-482P	
RNU6-483P	
RNU6-484P	
RNU6-485P	
RNU6-486P	
RNU6-487P	
RNU6-488P	
RNU6-489P	
RNU6-48P	-1.0
RNU6-490P	
RNU6-491P	
RNU6-492P	
RNU6-493P	
RNU6-494P	
RNU6-495P	
RNU6-496P	
RNU6-497P	
RNU6-498P	
RNU6-499P	
RNU6-49P	
RNU6-4P	-0.9999999999999998
RNU6-500P	
RNU6-501P	-1.0
RNU6-502P	
RNU6-503P	
RNU6-504P	
RNU6-505P	1.0
RNU6-506P	
RNU6-507P	
RNU6-508P	
RNU6-509P	
RNU6-50P	1.0
RNU6-510P	-0.9999999999999998
RNU6-511P	
RNU6-512P	
RNU6-513P	
RNU6-514P	
RNU6-516P	
RNU6-517P	
RNU6-518P	
RNU6-519P	
RNU6-520P	
RNU6-521P	
RNU6-522P	
RNU6-523P	-0.9999999999999998
RNU6-524P	
RNU6-525P	
RNU6-526P	
RNU6-527P	
RNU6-528P	
RNU6-529P	-0.9999999999999999
RNU6-52P	
RNU6-530P	
RNU6-531P	
RNU6-532P	
RNU6-533P	
RNU6-534P	-1.0
RNU6-535P	
RNU6-536P	
RNU6-537P	
RNU6-538P	
RNU6-539P	
RNU6-53P	
RNU6-540P	1.0
RNU6-541P	
RNU6-542P	
RNU6-543P	
RNU6-544P	
RNU6-545P	
RNU6-546P	
RNU6-547P	
RNU6-548P	-1.0
RNU6-549P	
RNU6-54P	
RNU6-550P	
RNU6-551P	
RNU6-552P	
RNU6-553P	
RNU6-554P	-0.9999999999999998
RNU6-555P	
RNU6-556P	
RNU6-557P	
RNU6-558P	
RNU6-559P	
RNU6-55P	
RNU6-560P	
RNU6-561P	
RNU6-562P	
RNU6-563P	
RNU6-564P	-0.9999999999999998
RNU6-565P	
RNU6-566P	
RNU6-567P	
RNU6-56P	
RNU6-570P	-0.9999999999999999
RNU6-571P	
RNU6-572P	
RNU6-573P	
RNU6-574P	-1.0
RNU6-575P	-0.9999999999999998
RNU6-576P	
RNU6-577P	
RNU6-578P	
RNU6-579P	
RNU6-57P	
RNU6-580P	
RNU6-581P	
RNU6-582P	
RNU6-583P	1.0
RNU6-584P	
RNU6-586P	
RNU6-587P	
RNU6-588P	
RNU6-589P	
RNU6-58P	
RNU6-590P	
RNU6-591P	
RNU6-592P	
RNU6-593P	1.0
RNU6-595P	
RNU6-596P	
RNU6-597P	
RNU6-598P	
RNU6-599P	
RNU6-59P	
RNU6-5P	1.0
RNU6-600P	
RNU6-601P	
RNU6-602P	
RNU6-603P	
RNU6-604P	
RNU6-605P	-0.9999999999999998
RNU6-606P	
RNU6-607P	
RNU6-608P	
RNU6-609P	
RNU6-60P	
RNU6-610P	1.0
RNU6-611P	-1.0
RNU6-612P	
RNU6-613P	
RNU6-614P	
RNU6-615P	
RNU6-616P	
RNU6-617P	
RNU6-618P	-0.9999999999999998
RNU6-619P	
RNU6-61P	
RNU6-620P	
RNU6-621P	
RNU6-622P	
RNU6-623P	
RNU6-624P	
RNU6-625P	
RNU6-626P	
RNU6-627P	
RNU6-628P	-0.9999999999999998
RNU6-629P	
RNU6-62P	
RNU6-630P	
RNU6-631P	
RNU6-632P	
RNU6-633P	
RNU6-634P	
RNU6-635P	
RNU6-636P	
RNU6-637P	
RNU6-638P	-1.0
RNU6-639P	
RNU6-63P	-0.9999999999999998
RNU6-640P	-0.9999999999999998
RNU6-641P	
RNU6-642P	
RNU6-643P	
RNU6-644P	
RNU6-645P	
RNU6-646P	-1.0
RNU6-647P	
RNU6-648P	
RNU6-649P	
RNU6-64P	
RNU6-650P	
RNU6-651P	
RNU6-652P	1.0
RNU6-653P	-0.9999999999999998
RNU6-654P	
RNU6-655P	
RNU6-656P	
RNU6-657P	
RNU6-658P	1.0
RNU6-659P	
RNU6-65P	
RNU6-660P	
RNU6-661P	
RNU6-662P	
RNU6-663P	
RNU6-664P	
RNU6-665P	
RNU6-666P	
RNU6-667P	-0.9999999999999998
RNU6-668P	1.0
RNU6-669P	
RNU6-66P	
RNU6-670P	
RNU6-672P	
RNU6-673P	
RNU6-674P	
RNU6-675P	
RNU6-677P	
RNU6-678P	0.9999999999999998
RNU6-679P	
RNU6-67P	
RNU6-680P	-0.9999999999999998
RNU6-681P	
RNU6-682P	
RNU6-684P	
RNU6-685P	
RNU6-686P	
RNU6-687P	
RNU6-689P	
RNU6-68P	
RNU6-690P	
RNU6-692P	
RNU6-693P	
RNU6-694P	-0.9999999999999998
RNU6-695P	
RNU6-696P	
RNU6-697P	
RNU6-698P	
RNU6-699P	
RNU6-69P	
RNU6-6P	0.9999999999999999
RNU6-7	
RNU6-700P	
RNU6-701P	
RNU6-702P	
RNU6-703P	-0.9999999999999999
RNU6-704P	
RNU6-705P	-0.9999999999999998
RNU6-706P	
RNU6-707P	
RNU6-708P	
RNU6-709P	
RNU6-70P	
RNU6-710P	
RNU6-711P	1.0
RNU6-712P	
RNU6-713P	
RNU6-714P	
RNU6-715P	
RNU6-716P	
RNU6-717P	
RNU6-718P	
RNU6-719P	
RNU6-71P	
RNU6-720P	
RNU6-721P	
RNU6-722P	
RNU6-723P	
RNU6-724P	
RNU6-725P	
RNU6-726P	
RNU6-727P	
RNU6-728P	
RNU6-729P	-0.9999999999999998
RNU6-72P	
RNU6-730P	
RNU6-731P	
RNU6-732P	
RNU6-733P	
RNU6-735P	
RNU6-737P	
RNU6-738P	
RNU6-739P	
RNU6-73P	
RNU6-740P	
RNU6-741P	
RNU6-742P	
RNU6-743P	
RNU6-744P	
RNU6-745P	
RNU6-746P	
RNU6-747P	
RNU6-748P	-0.9999999999999998
RNU6-749P	
RNU6-74P	
RNU6-750P	1.0
RNU6-751P	
RNU6-752P	-0.9999999999999998
RNU6-753P	
RNU6-754P	
RNU6-755P	
RNU6-756P	
RNU6-757P	1.0
RNU6-758P	-0.9999999999999998
RNU6-759P	1.0
RNU6-75P	
RNU6-760P	
RNU6-761P	
RNU6-762P	-1.0
RNU6-763P	
RNU6-764P	
RNU6-765P	
RNU6-766P	
RNU6-767P	-0.9999999999999998
RNU6-768P	
RNU6-769P	-0.9999999999999998
RNU6-76P	
RNU6-770P	
RNU6-771P	
RNU6-772P	
RNU6-774P	
RNU6-775P	
RNU6-776P	
RNU6-777P	
RNU6-778P	
RNU6-77P	
RNU6-780P	
RNU6-781P	
RNU6-782P	
RNU6-783P	
RNU6-784P	
RNU6-785P	
RNU6-786P	
RNU6-787P	
RNU6-788P	
RNU6-789P	
RNU6-78P	
RNU6-790P	
RNU6-791P	
RNU6-792P	
RNU6-793P	
RNU6-794P	
RNU6-795P	
RNU6-796P	
RNU6-797P	
RNU6-798P	
RNU6-799P	
RNU6-79P	
RNU6-8	0.9999999999999999
RNU6-800P	
RNU6-801P	
RNU6-803P	
RNU6-804P	
RNU6-805P	
RNU6-806P	
RNU6-807P	0.9999999999999999
RNU6-808P	-0.9999999999999998
RNU6-809P	
RNU6-80P	1.0
RNU6-810P	
RNU6-811P	
RNU6-812P	
RNU6-813P	
RNU6-815P	
RNU6-816P	
RNU6-817P	1.0
RNU6-818P	
RNU6-819P	
RNU6-81P	
RNU6-820P	
RNU6-821P	
RNU6-822P	
RNU6-823P	
RNU6-824P	
RNU6-826P	
RNU6-827P	
RNU6-828P	-0.9999999999999998
RNU6-829P	
RNU6-82P	
RNU6-830P	
RNU6-831P	
RNU6-832P	
RNU6-833P	
RNU6-834P	-0.9999999999999998
RNU6-835P	
RNU6-836P	
RNU6-837P	
RNU6-838P	-0.9999999999999998
RNU6-839P	
RNU6-83P	
RNU6-840P	
RNU6-841P	
RNU6-842P	
RNU6-843P	
RNU6-844P	
RNU6-845P	
RNU6-847P	
RNU6-848P	
RNU6-849P	
RNU6-850P	
RNU6-851P	
RNU6-853P	
RNU6-854P	
RNU6-855P	
RNU6-856P	-0.9999999999999999
RNU6-857P	
RNU6-858P	
RNU6-859P	
RNU6-860P	
RNU6-861P	
RNU6-862P	
RNU6-863P	
RNU6-864P	
RNU6-865P	
RNU6-866P	
RNU6-867P	
RNU6-869P	
RNU6-871P	
RNU6-873P	
RNU6-874P	
RNU6-875P	
RNU6-876P	
RNU6-877P	
RNU6-878P	
RNU6-879P	
RNU6-880P	-1.0
RNU6-881P	
RNU6-882P	
RNU6-883P	
RNU6-884P	
RNU6-885P	
RNU6-886P	
RNU6-887P	
RNU6-888P	
RNU6-889P	
RNU6-890P	1.0
RNU6-891P	
RNU6-892P	-0.9999999999999998
RNU6-893P	
RNU6-894P	
RNU6-895P	
RNU6-896P	
RNU6-897P	
RNU6-898P	
RNU6-899P	
RNU6-9	1.0
RNU6-900P	1.0
RNU6-901P	
RNU6-902P	
RNU6-903P	
RNU6-904P	
RNU6-905P	
RNU6-906P	
RNU6-907P	
RNU6-908P	
RNU6-909P	
RNU6-910P	
RNU6-911P	
RNU6-912P	-0.9999999999999998
RNU6-913P	-0.9999999999999998
RNU6-914P	
RNU6-915P	
RNU6-916P	
RNU6-917P	1.0
RNU6-918P	
RNU6-919P	1.0
RNU6-920P	-0.9999999999999998
RNU6-921P	
RNU6-922P	
RNU6-923P	
RNU6-924P	
RNU6-925P	0.9999999999999999
RNU6-926P	
RNU6-927P	
RNU6-928P	
RNU6-929P	
RNU6-930P	1.0
RNU6-931P	
RNU6-932P	
RNU6-933P	
RNU6-934P	
RNU6-935P	
RNU6-936P	
RNU6-937P	
RNU6-938P	1.0
RNU6-939P	
RNU6-940P	
RNU6-941P	
RNU6-942P	
RNU6-943P	
RNU6-944P	1.0
RNU6-945P	-0.9999999999999998
RNU6-946P	-0.9999999999999998
RNU6-947P	
RNU6-948P	-1.0
RNU6-949P	
RNU6-950P	
RNU6-951P	-0.9999999999999999
RNU6-952P	
RNU6-953P	
RNU6-954P	
RNU6-955P	
RNU6-956P	
RNU6-957P	
RNU6-958P	
RNU6-959P	
RNU6-95P	
RNU6-960P	
RNU6-961P	
RNU6-964P	
RNU6-965P	
RNU6-966P	
RNU6-967P	
RNU6-968P	
RNU6-969P	-0.9999999999999998
RNU6-970P	
RNU6-971P	
RNU6-972P	
RNU6-973P	
RNU6-974P	
RNU6-975P	
RNU6-976P	
RNU6-977P	
RNU6-978P	
RNU6-979P	
RNU6-97P	-0.9999999999999998
RNU6-980P	
RNU6-982P	
RNU6-983P	
RNU6-984P	
RNU6-985P	
RNU6-986P	
RNU6-987P	-0.9999999999999998
RNU6-989P	
RNU6-98P	
RNU6-990P	
RNU6-991P	
RNU6-992P	
RNU6-993P	
RNU6-994P	
RNU6-995P	
RNU6-996P	
RNU6-997P	
RNU6-998P	
RNU6-999P	
RNU6-99P	
RNU6ATAC	0.9999999999999999
RNU6ATAC10P	-0.9999999999999998
RNU6ATAC11P	
RNU6ATAC12P	
RNU6ATAC13P	
RNU6ATAC14P	
RNU6ATAC15P	
RNU6ATAC16P	
RNU6ATAC17P	
RNU6ATAC18P	-1.0
RNU6ATAC19P	
RNU6ATAC20P	1.0
RNU6ATAC21P	
RNU6ATAC22P	
RNU6ATAC23P	
RNU6ATAC24P	0.9999999999999998
RNU6ATAC25P	
RNU6ATAC26P	-0.9999999999999998
RNU6ATAC27P	
RNU6ATAC28P	
RNU6ATAC29P	
RNU6ATAC2P	
RNU6ATAC30P	-0.9999999999999998
RNU6ATAC31P	
RNU6ATAC32P	
RNU6ATAC33P	
RNU6ATAC34P	
RNU6ATAC35P	-0.9999999999999997
RNU6ATAC36P	
RNU6ATAC37P	
RNU6ATAC38P	
RNU6ATAC39P	-0.9999999999999999
RNU6ATAC3P	-0.9999999999999998
RNU6ATAC40P	-0.9999999999999998
RNU6ATAC41P	
RNU6ATAC42P	
RNU6ATAC4P	
RNU6ATAC5P	
RNU6ATAC6P	
RNU6ATAC7P	
RNU6ATAC8P	-1.0
RNU6ATAC9P	
RNU6V	
RNU7-1	
RNU7-102P	
RNU7-103P	
RNU7-104P	
RNU7-105P	
RNU7-106P	
RNU7-107P	
RNU7-110P	
RNU7-111P	
RNU7-113P	1.0
RNU7-115P	
RNU7-116P	
RNU7-119P	
RNU7-11P	
RNU7-120P	
RNU7-121P	
RNU7-123P	
RNU7-124P	
RNU7-125P	
RNU7-126P	
RNU7-127P	
RNU7-128P	
RNU7-129P	
RNU7-12P	
RNU7-130P	
RNU7-133P	
RNU7-134P	
RNU7-135P	
RNU7-136P	
RNU7-137P	
RNU7-138P	
RNU7-13P	
RNU7-140P	1.0
RNU7-141P	
RNU7-143P	
RNU7-144P	
RNU7-147P	
RNU7-148P	
RNU7-149P	
RNU7-14P	
RNU7-151P	-0.9999999999999998
RNU7-152P	
RNU7-153P	
RNU7-154P	
RNU7-155P	
RNU7-156P	
RNU7-157P	
RNU7-159P	
RNU7-160P	
RNU7-161P	
RNU7-163P	-0.9999999999999998
RNU7-164P	
RNU7-165P	
RNU7-167P	
RNU7-169P	
RNU7-16P	1.0
RNU7-170P	
RNU7-171P	0.9999999999999999
RNU7-172P	1.0
RNU7-173P	
RNU7-174P	
RNU7-175P	
RNU7-176P	
RNU7-179P	
RNU7-180P	
RNU7-181P	-1.0
RNU7-182P	
RNU7-183P	
RNU7-185P	
RNU7-186P	
RNU7-187P	
RNU7-188P	
RNU7-18P	
RNU7-190P	
RNU7-192P	
RNU7-193P	
RNU7-194P	
RNU7-195P	
RNU7-196P	
RNU7-197P	
RNU7-19P	-0.9999999999999998
RNU7-200P	
RNU7-20P	
RNU7-21P	
RNU7-22P	
RNU7-23P	
RNU7-24P	
RNU7-25P	
RNU7-26P	
RNU7-27P	
RNU7-28P	
RNU7-29P	-0.9999999999999998
RNU7-2P	
RNU7-30P	
RNU7-31P	
RNU7-34P	
RNU7-35P	
RNU7-36P	
RNU7-37P	
RNU7-38P	-0.9999999999999998
RNU7-3P	
RNU7-40P	0.9999999999999999
RNU7-41P	
RNU7-43P	
RNU7-45P	-1.0
RNU7-46P	
RNU7-47P	
RNU7-48P	0.9999999999999998
RNU7-49P	
RNU7-4P	
RNU7-50P	
RNU7-51P	
RNU7-52P	
RNU7-53P	
RNU7-54P	
RNU7-55P	
RNU7-56P	
RNU7-57P	-1.0
RNU7-58P	-1.0
RNU7-59P	-1.0
RNU7-5P	
RNU7-60P	
RNU7-61P	1.0
RNU7-62P	
RNU7-63P	
RNU7-64P	
RNU7-65P	
RNU7-66P	
RNU7-67P	
RNU7-69P	
RNU7-6P	
RNU7-70P	
RNU7-71P	
RNU7-72P	
RNU7-73P	
RNU7-74P	
RNU7-75P	
RNU7-76P	
RNU7-77P	
RNU7-79P	
RNU7-7P	
RNU7-80P	-0.9999999999999998
RNU7-81P	
RNU7-84P	
RNU7-85P	
RNU7-87P	
RNU7-88P	
RNU7-8P	
RNU7-90P	
RNU7-92P	
RNU7-93P	
RNU7-94P	
RNU7-95P	
RNU7-96P	
RNU7-97P	1.0
RNU7-99P	
RNU7-9P	
RNVU1-1	
RNVU1-10	
RNVU1-11	
RNVU1-12	
RNVU1-13	
RNVU1-14	-0.9999999999999998
RNVU1-15	-0.9999999999999998
RNVU1-16	
RNVU1-17	-0.9999999999999998
RNVU1-18	-0.9999999999999998
RNVU1-19	
RNVU1-2	
RNVU1-20	0.9999999999999999
RNVU1-3	
RNVU1-4	
RNVU1-5	
RNVU1-6	
RNVU1-7	-1.0
RNVU1-8	
RNVU1-9	-0.9999999999999998
RNY1	-1.0
RNY1P1	
RNY1P2	
RNY1P3	
RNY1P4	
RNY1P5	
RNY1P6	
RNY1P7	
RNY1P8	
RNY3	-0.9999999999999998
RNY3P1	-0.9999999999999998
RNY3P10	
RNY3P2	
RNY3P3	
RNY3P4	
RNY3P5	
RNY3P6	
RNY3P7	
RNY3P8	
RNY3P9	
RNY4	-1.0
RNY4P1	-0.9999999999999999
RNY4P10	
RNY4P11	
RNY4P13	
RNY4P14	
RNY4P15	
RNY4P16	
RNY4P17	
RNY4P18	1.0
RNY4P19	1.0
RNY4P2	
RNY4P20	
RNY4P22	
RNY4P23	
RNY4P24	
RNY4P25	
RNY4P26	
RNY4P27	-0.9999999999999998
RNY4P28	
RNY4P29	
RNY4P3	
RNY4P30	
RNY4P31	
RNY4P4	-0.9999999999999998
RNY4P5	
RNY4P6	
RNY4P7	-0.9999999999999998
RNY4P8	-0.9999999999999998
RNY4P9	
RNY5	-1.0
RNY5P1	-0.9999999999999998
RNY5P3	
RNY5P4	
RNY5P5	
RNY5P8	-0.9999999999999998
ROBO1	-0.9999999999999999
ROBO2	0.9999999999999999
ROBO2P1	
ROBO3	1.0
ROBO4	-1.0
ROCK1	-0.9999999999999999
ROCK1P1	0.9999999999999998
ROCK2	-1.0
ROGDI	1.0
ROM1	-1.0
ROMO1	0.9999999999999999
ROPN1	0.9999999999999998
ROPN1B	-0.9999999999999998
ROPN1L	-0.9999999999999999
ROPN1L-AS1	
ROR1	-0.9999999999999999
ROR2	-1.0
RORA	-1.0
RORB	-1.0
RORC	0.9999999999999998
ROS1	0.9999999999999999
RP1	-0.9999999999999998
RP11-13G14.4	-1.0
RP11-363D14.1	-1.0
RP11-95H11.1	
RP1L1	1.0
RP2	-0.9999999999999999
RP4-622L5.2	
RP4-622L5.7	-1.0
RP9	-0.9999999999999999
RP9P	-1.0
RPA1	-0.9999999999999998
RPA2	-1.0
RPA2P1	
RPA2P2	-0.9999999999999998
RPA2P3	
RPA3	0.9999999999999999
RPA3-AS1	0.9999999999999998
RPA4	0.9999999999999998
RPAIN	0.9999999999999999
RPAP1	-1.0
RPAP2	-1.0
RPAP3	1.0
RPE	0.9999999999999999
RPE65	-1.0
RPEP1	-0.9999999999999998
RPEP2	
RPEP3	-1.0
RPEP4	-0.9999999999999998
RPEP5	
RPEP6	
RPF1	0.9999999999999999
RPF2	-1.0
RPF2P1	-1.0
RPF2P2	
RPGR	1.0
RPGRIP1	-0.9999999999999998
RPGRIP1L	0.9999999999999999
RPH3A	1.0
RPH3AL	1.0
RPIA	0.9999999999999999
RPIAP1	
RPL10	1.0
RPL10A	1.0
RPL10AP2	1.0
RPL10AP6	-0.9999999999999998
RPL10L	0.9999999999999998
RPL10P1	1.0
RPL10P14	1.0
RPL10P15	-0.9999999999999999
RPL10P3	0.9999999999999999
RPL11	0.9999999999999998
RPL11P5	0.9999999999999998
RPL12	-1.0
RPL12L3	0.9999999999999998
RPL12P1	0.9999999999999998
RPL12P11	-1.0
RPL12P18	-1.0
RPL12P2	1.0
RPL12P23	-1.0
RPL12P29	1.0
RPL12P3	1.0
RPL12P33	-1.0
RPL12P34	
RPL12P37	0.9999999999999999
RPL12P38	-1.0
RPL12P39	
RPL12P4	-1.0
RPL12P41	0.9999999999999999
RPL12P43	
RPL12P44	1.0
RPL12P8	0.9999999999999999
RPL12P9	
RPL13	1.0
RPL13A	0.9999999999999998
RPL13AP	
RPL13AP17	1.0
RPL13AP2	-1.0
RPL13AP20	-1.0
RPL13AP25	-0.9999999999999998
RPL13AP3	-0.9999999999999998
RPL13AP5	-0.9999999999999999
RPL13AP6	-0.9999999999999999
RPL13AP7	1.0
RPL13P	-1.0
RPL13P12	1.0
RPL13P2	0.9999999999999998
RPL13P4	
RPL13P5	-0.9999999999999998
RPL13P6	-1.0
RPL14	-0.9999999999999998
RPL14P1	-0.9999999999999999
RPL14P5	-1.0
RPL15	0.9999999999999998
RPL15P1	-0.9999999999999998
RPL15P18	1.0
RPL15P2	1.0
RPL15P20	-1.0
RPL15P21	1.0
RPL15P3	-0.9999999999999999
RPL15P4	
RPL17	1.0
RPL17-C18orf32	
RPL17P1	-0.9999999999999998
RPL17P11	
RPL17P12	
RPL17P17	
RPL17P19	
RPL17P2	-1.0
RPL17P20	-1.0
RPL17P22	-1.0
RPL17P25	-1.0
RPL17P26	-1.0
RPL17P3	1.0
RPL17P33	-0.9999999999999998
RPL17P35	
RPL17P37	1.0
RPL17P40	
RPL17P41	-1.0
RPL17P42	
RPL17P43	-1.0
RPL17P44	0.9999999999999998
RPL17P45	
RPL17P46	
RPL17P49	-1.0
RPL17P50	-1.0
RPL17P51	
RPL18	0.9999999999999999
RPL18A	0.9999999999999999
RPL18AP14	-0.9999999999999998
RPL18AP15	1.0
RPL18AP16	1.0
RPL18AP17	-0.9999999999999998
RPL18AP2	1.0
RPL18AP3	1.0
RPL18AP7	0.9999999999999999
RPL18AP8	
RPL18P10	-0.9999999999999998
RPL18P11	0.9999999999999998
RPL18P13	0.9999999999999999
RPL19	0.9999999999999998
RPL19P1	
RPL19P11	-0.9999999999999998
RPL19P12	-0.9999999999999999
RPL19P13	-1.0
RPL19P14	
RPL19P18	-0.9999999999999998
RPL19P20	1.0
RPL19P21	-1.0
RPL21	1.0
RPL21P1	0.9999999999999999
RPL21P10	-0.9999999999999998
RPL21P103	-0.9999999999999998
RPL21P104	1.0
RPL21P106	-0.9999999999999998
RPL21P107	-0.9999999999999999
RPL21P108	-0.9999999999999999
RPL21P109	-1.0
RPL21P11	-0.9999999999999999
RPL21P110	1.0
RPL21P111	-1.0
RPL21P112	
RPL21P116	0.9999999999999998
RPL21P119	-1.0
RPL21P12	0.9999999999999999
RPL21P120	1.0
RPL21P121	
RPL21P122	0.9999999999999999
RPL21P123	-1.0
RPL21P126	
RPL21P127	-0.9999999999999998
RPL21P129	-0.9999999999999997
RPL21P13	-1.0
RPL21P131	0.9999999999999999
RPL21P132	-1.0
RPL21P133	-0.9999999999999998
RPL21P134	-1.0
RPL21P135	0.9999999999999999
RPL21P17	0.9999999999999998
RPL21P2	1.0
RPL21P23	0.9999999999999999
RPL21P24	
RPL21P28	0.9999999999999999
RPL21P3	-0.9999999999999999
RPL21P32	-1.0
RPL21P38	-1.0
RPL21P39	0.9999999999999998
RPL21P4	-0.9999999999999999
RPL21P40	-0.9999999999999998
RPL21P41	1.0
RPL21P42	-1.0
RPL21P43	-0.9999999999999998
RPL21P44	-1.0
RPL21P47	
RPL21P5	-1.0
RPL21P50	
RPL21P54	1.0
RPL21P6	
RPL21P65	
RPL21P66	0.9999999999999999
RPL21P67	1.0
RPL21P7	-1.0
RPL21P71	1.0
RPL21P75	-0.9999999999999999
RPL21P8	-0.9999999999999998
RPL21P9	1.0
RPL22	-1.0
RPL22L1	1.0
RPL22P11	-0.9999999999999999
RPL22P18	-1.0
RPL22P19	-1.0
RPL22P22	-1.0
RPL23	-1.0
RPL23A	0.9999999999999999
RPL23AP1	
RPL23AP10	1.0
RPL23AP12	-0.9999999999999998
RPL23AP2	1.0
RPL23AP22	
RPL23AP23	
RPL23AP3	1.0
RPL23AP35	
RPL23AP39	
RPL23AP4	1.0
RPL23AP40	
RPL23AP46	1.0
RPL23AP50	
RPL23AP51	
RPL23AP53	1.0
RPL23AP54	1.0
RPL23AP6	-0.9999999999999999
RPL23AP60	1.0
RPL23AP62	
RPL23AP64	
RPL23AP67	-0.9999999999999998
RPL23AP68	
RPL23AP69	0.9999999999999999
RPL23AP7	-1.0
RPL23AP72	
RPL23AP73	1.0
RPL23AP76	
RPL23AP77	-1.0
RPL23AP78	-1.0
RPL23AP79	-0.9999999999999999
RPL23AP80	0.9999999999999999
RPL23AP81	-0.9999999999999998
RPL23AP83	-0.9999999999999998
RPL23P10	-0.9999999999999998
RPL23P11	1.0
RPL23P2	-0.9999999999999998
RPL23P4	
RPL23P8	0.9999999999999998
RPL24	1.0
RPL24P2	1.0
RPL24P4	1.0
RPL24P7	0.9999999999999999
RPL24P8	1.0
RPL26	1.0
RPL26L1	-0.9999999999999998
RPL26P20	-0.9999999999999998
RPL26P3	
RPL26P30	1.0
RPL26P31	
RPL26P34	1.0
RPL26P35	0.9999999999999999
RPL26P37	-1.0
RPL26P9	
RPL27	0.9999999999999999
RPL27A	0.9999999999999999
RPL27AP	0.9999999999999998
RPL27AP5	-1.0
RPL27AP8	-0.9999999999999998
RPL27P12	
RPL28	-1.0
RPL29	1.0
RPL29P11	-1.0
RPL29P12	-0.9999999999999998
RPL29P14	1.0
RPL29P19	0.9999999999999999
RPL29P2	-0.9999999999999998
RPL29P22	1.0
RPL29P23	1.0
RPL29P24	-0.9999999999999999
RPL29P25	-1.0
RPL29P28	
RPL29P29	1.0
RPL29P3	-1.0
RPL29P30	0.9999999999999999
RPL29P32	
RPL29P33	0.9999999999999999
RPL29P7	0.9999999999999999
RPL3	1.0
RPL30	0.9999999999999998
RPL30P1	-1.0
RPL30P10	-0.9999999999999998
RPL30P11	0.9999999999999998
RPL30P12	
RPL30P13	-0.9999999999999998
RPL30P14	1.0
RPL30P15	
RPL30P16	-1.0
RPL30P2	-0.9999999999999998
RPL30P3	
RPL30P4	-0.9999999999999998
RPL30P5	
RPL30P6	
RPL30P7	1.0
RPL30P9	
RPL31	1.0
RPL31P1	-0.9999999999999998
RPL31P11	-1.0
RPL31P12	-1.0
RPL31P13	
RPL31P15	
RPL31P2	1.0
RPL31P20	
RPL31P28	0.9999999999999998
RPL31P3	1.0
RPL31P33	
RPL31P35	0.9999999999999998
RPL31P40	-0.9999999999999998
RPL31P41	-0.9999999999999998
RPL31P47	
RPL31P49	1.0
RPL31P50	1.0
RPL31P52	0.9999999999999999
RPL31P53	
RPL31P54	1.0
RPL31P56	
RPL31P57	1.0
RPL31P58	-0.9999999999999998
RPL31P59	-0.9999999999999998
RPL31P60	
RPL31P61	-0.9999999999999998
RPL31P63	-1.0
RPL31P7	1.0
RPL31P9	
RPL32	1.0
RPL32P1	-0.9999999999999999
RPL32P14	
RPL32P26	-1.0
RPL32P28	-0.9999999999999998
RPL32P29	
RPL32P3	-1.0
RPL32P31	0.9999999999999999
RPL32P33	0.9999999999999999
RPL32P34	-1.0
RPL32P35	
RPL32P9	
RPL34	1.0
RPL34-AS1	1.0
RPL34P1	-0.9999999999999998
RPL34P17	-0.9999999999999998
RPL34P18	0.9999999999999998
RPL34P21	1.0
RPL34P22	-1.0
RPL34P23	0.9999999999999999
RPL34P26	1.0
RPL34P27	1.0
RPL34P29	
RPL34P3	1.0
RPL34P31	1.0
RPL34P33	-1.0
RPL34P34	-0.9999999999999998
RPL34P6	0.9999999999999999
RPL35	1.0
RPL35A	1.0
RPL35AP	
RPL35AP12	
RPL35AP15	
RPL35AP18	
RPL35AP19	-1.0
RPL35AP21	1.0
RPL35AP22	
RPL35AP26	
RPL35AP3	-0.9999999999999998
RPL35AP30	1.0
RPL35AP31	
RPL35AP32	0.9999999999999999
RPL35AP33	-0.9999999999999998
RPL35AP35	1.0
RPL35AP4	1.0
RPL35P1	1.0
RPL35P2	1.0
RPL35P3	1.0
RPL35P4	-0.9999999999999998
RPL35P5	1.0
RPL35P6	
RPL35P8	-0.9999999999999998
RPL35P9	1.0
RPL36	1.0
RPL36A	-0.9999999999999998
RPL36A-HNRNPH2	
RPL36AL	-0.9999999999999999
RPL36AP10	1.0
RPL36AP13	0.9999999999999999
RPL36AP15	-1.0
RPL36AP21	-0.9999999999999999
RPL36AP26	-0.9999999999999999
RPL36AP29	
RPL36AP33	1.0
RPL36AP35	
RPL36AP39	-1.0
RPL36AP40	-1.0
RPL36AP41	1.0
RPL36AP43	-1.0
RPL36AP45	-0.9999999999999999
RPL36AP48	-1.0
RPL36AP51	1.0
RPL36AP53	1.0
RPL36AP55	1.0
RPL36AP6	1.0
RPL36P1	
RPL36P16	-0.9999999999999998
RPL36P18	1.0
RPL36P19	
RPL36P2	0.9999999999999999
RPL36P20	
RPL36P4	
RPL37	1.0
RPL37A	0.9999999999999999
RPL37AP1	-1.0
RPL37AP8	-0.9999999999999999
RPL37P1	-1.0
RPL37P10	
RPL37P15	0.9999999999999999
RPL37P2	-0.9999999999999999
RPL37P21	
RPL37P23	0.9999999999999998
RPL37P25	
RPL37P3	-0.9999999999999998
RPL37P4	
RPL38	0.9999999999999999
RPL38P1	
RPL38P3	-1.0
RPL38P4	-1.0
RPL39	1.0
RPL39L	1.0
RPL39P	
RPL39P25	0.9999999999999999
RPL39P26	1.0
RPL39P28	
RPL39P29	0.9999999999999999
RPL39P3	-1.0
RPL39P31	
RPL39P33	1.0
RPL39P34	
RPL39P36	-1.0
RPL39P38	-1.0
RPL39P40	-0.9999999999999998
RPL39P5	-0.9999999999999998
RPL39P6	1.0
RPL3L	-1.0
RPL3P1	-1.0
RPL3P10	-1.0
RPL3P11	-1.0
RPL3P12	0.9999999999999997
RPL3P13	-1.0
RPL3P2	0.9999999999999998
RPL3P3	0.9999999999999998
RPL3P4	-0.9999999999999999
RPL3P5	-1.0
RPL3P6	1.0
RPL3P7	-0.9999999999999999
RPL3P8	-0.9999999999999998
RPL3P9	-1.0
RPL4	-0.9999999999999999
RPL41	1.0
RPL41P1	-1.0
RPL41P2	-0.9999999999999999
RPL4P1	-1.0
RPL4P2	-1.0
RPL4P3	0.9999999999999999
RPL4P4	-0.9999999999999999
RPL4P5	-1.0
RPL4P6	-0.9999999999999999
RPL5	1.0
RPL5P1	1.0
RPL5P10	0.9999999999999999
RPL5P11	-0.9999999999999999
RPL5P12	0.9999999999999998
RPL5P13	-0.9999999999999998
RPL5P14	
RPL5P15	0.9999999999999999
RPL5P16	
RPL5P17	1.0
RPL5P18	-1.0
RPL5P19	
RPL5P2	
RPL5P20	-1.0
RPL5P21	
RPL5P22	-1.0
RPL5P23	-0.9999999999999999
RPL5P24	-1.0
RPL5P25	-0.9999999999999998
RPL5P26	1.0
RPL5P27	-1.0
RPL5P28	-1.0
RPL5P29	-1.0
RPL5P3	0.9999999999999999
RPL5P30	1.0
RPL5P31	-1.0
RPL5P32	1.0
RPL5P33	-0.9999999999999998
RPL5P34	1.0
RPL5P35	1.0
RPL5P4	1.0
RPL5P5	-0.9999999999999999
RPL5P6	-1.0
RPL5P7	
RPL5P8	1.0
RPL5P9	1.0
RPL6	0.9999999999999999
RPL6P12	-0.9999999999999998
RPL6P21	-1.0
RPL6P25	-1.0
RPL6P27	-1.0
RPL6P29	1.0
RPL6P30	0.9999999999999998
RPL6P5	
RPL6P7	
RPL6P8	1.0
RPL6P9	
RPL7	-0.9999999999999998
RPL7A	0.9999999999999999
RPL7AL2	-0.9999999999999998
RPL7AL3	
RPL7AP10	0.9999999999999999
RPL7AP11	-0.9999999999999998
RPL7AP14	-0.9999999999999998
RPL7AP2	-0.9999999999999998
RPL7AP23	-0.9999999999999998
RPL7AP25	-0.9999999999999999
RPL7AP26	-0.9999999999999998
RPL7AP28	1.0
RPL7AP3	-0.9999999999999999
RPL7AP30	-1.0
RPL7AP31	-1.0
RPL7AP33	-1.0
RPL7AP34	0.9999999999999999
RPL7AP38	-1.0
RPL7AP4	0.9999999999999999
RPL7AP56	
RPL7AP57	-0.9999999999999998
RPL7AP58	0.9999999999999999
RPL7AP6	-0.9999999999999999
RPL7AP60	-1.0
RPL7AP61	
RPL7AP64	1.0
RPL7AP65	
RPL7AP66	-1.0
RPL7AP69	1.0
RPL7AP7	0.9999999999999999
RPL7AP71	1.0
RPL7AP72	
RPL7AP73	-0.9999999999999998
RPL7AP8	-1.0
RPL7L1	-0.9999999999999999
RPL7L1P1	0.9999999999999999
RPL7L1P10	
RPL7L1P11	1.0
RPL7L1P12	
RPL7L1P13	
RPL7L1P2	-0.9999999999999999
RPL7L1P3	0.9999999999999999
RPL7L1P4	
RPL7L1P5	
RPL7L1P7	
RPL7L1P8	-0.9999999999999999
RPL7L1P9	-1.0
RPL7P14	-0.9999999999999998
RPL7P2	1.0
RPL7P22	-1.0
RPL7P26	1.0
RPL7P29	0.9999999999999999
RPL7P3	-0.9999999999999998
RPL7P30	
RPL7P31	
RPL7P36	-1.0
RPL7P4	1.0
RPL7P40	-0.9999999999999998
RPL7P41	-0.9999999999999998
RPL7P44	0.9999999999999999
RPL7P45	-0.9999999999999998
RPL7P47	-1.0
RPL7P48	1.0
RPL7P5	-1.0
RPL7P50	0.9999999999999999
RPL7P51	-0.9999999999999998
RPL7P53	-0.9999999999999999
RPL7P54	-0.9999999999999998
RPL7P55	
RPL7P56	1.0
RPL7P57	-0.9999999999999999
RPL8	1.0
RPL8P2	-1.0
RPL9	1.0
RPL9P15	-0.9999999999999998
RPL9P16	0.9999999999999999
RPL9P18	0.9999999999999999
RPL9P2	1.0
RPL9P25	
RPL9P28	-1.0
RPL9P29	1.0
RPL9P3	-1.0
RPL9P30	
RPL9P31	
RPL9P32	1.0
RPL9P33	-0.9999999999999998
RPL9P5	1.0
RPL9P7	-0.9999999999999999
RPL9P8	-1.0
RPL9P9	-1.0
RPLP0	1.0
RPLP0P1	
RPLP0P11	-1.0
RPLP0P2	0.9999999999999999
RPLP0P6	0.9999999999999999
RPLP0P7	
RPLP1	1.0
RPLP1P11	
RPLP1P13	
RPLP2	0.9999999999999999
RPLP2P1	-0.9999999999999998
RPN1	-0.9999999999999999
RPN2	-0.9999999999999998
RPP14	0.9999999999999999
RPP21	-0.9999999999999998
RPP25	-0.9999999999999999
RPP25L	1.0
RPP30	0.9999999999999999
RPP38	-0.9999999999999998
RPP40	-0.9999999999999999
RPP40P1	
RPP40P2	
RPPH1	-0.9999999999999999
RPPH1-2P	
RPPH1-3P	
RPRD1A	-0.9999999999999998
RPRD1B	-0.9999999999999999
RPRD2	0.9999999999999998
RPRM	1.0
RPRML	1.0
RPS10	1.0
RPS10-NUDT3	
RPS10L	1.0
RPS10P14	1.0
RPS10P16	1.0
RPS10P18	0.9999999999999999
RPS10P2	0.9999999999999998
RPS10P20	
RPS10P21	
RPS10P27	0.9999999999999999
RPS10P28	-0.9999999999999999
RPS10P3	0.9999999999999999
RPS10P7	0.9999999999999998
RPS11	1.0
RPS11P1	-1.0
RPS11P5	-0.9999999999999999
RPS11P6	-1.0
RPS11P7	0.9999999999999999
RPS12	1.0
RPS12P10	-0.9999999999999998
RPS12P15	
RPS12P18	1.0
RPS12P2	-0.9999999999999998
RPS12P20	
RPS12P21	
RPS12P23	-1.0
RPS12P24	1.0
RPS12P26	-0.9999999999999999
RPS12P27	-1.0
RPS12P28	1.0
RPS12P31	1.0
RPS12P5	-0.9999999999999998
RPS13	0.9999999999999999
RPS14	-0.9999999999999999
RPS14P3	1.0
RPS14P4	-0.9999999999999998
RPS14P7	
RPS15	0.9999999999999998
RPS15A	0.9999999999999998
RPS15AP1	-1.0
RPS15AP10	-0.9999999999999998
RPS15AP11	0.9999999999999998
RPS15AP12	-0.9999999999999998
RPS15AP16	
RPS15AP18	-0.9999999999999998
RPS15AP24	-0.9999999999999998
RPS15AP25	1.0
RPS15AP27	1.0
RPS15AP3	
RPS15AP32	
RPS15AP34	-0.9999999999999998
RPS15AP36	0.9999999999999999
RPS15AP38	-0.9999999999999998
RPS15AP40	1.0
RPS15AP5	0.9999999999999999
RPS15AP6	
RPS15AP7	
RPS15AP9	-0.9999999999999998
RPS15P5	1.0
RPS15P9	-0.9999999999999998
RPS16	1.0
RPS16P5	-0.9999999999999998
RPS16P8	1.0
RPS16P9	
RPS17	1.0
RPS17L	-0.9999999999999999
RPS17P1	-0.9999999999999999
RPS17P11	
RPS17P13	
RPS17P14	
RPS17P15	-0.9999999999999998
RPS17P17	1.0
RPS17P2	-1.0
RPS17P5	1.0
RPS17P8	-0.9999999999999998
RPS18	0.9999999999999999
RPS18P1	0.9999999999999999
RPS18P12	0.9999999999999998
RPS18P13	-0.9999999999999999
RPS18P6	-0.9999999999999998
RPS18P9	1.0
RPS19	1.0
RPS19BP1	0.9999999999999999
RPS19P1	0.9999999999999998
RPS19P3	0.9999999999999999
RPS19P6	
RPS2	1.0
RPS20	0.9999999999999998
RPS20P1	
RPS20P10	0.9999999999999999
RPS20P14	-1.0
RPS20P15	
RPS20P2	1.0
RPS20P20	
RPS20P21	
RPS20P22	-0.9999999999999999
RPS20P23	
RPS20P24	-0.9999999999999998
RPS20P25	
RPS20P31	
RPS20P32	-1.0
RPS20P33	-0.9999999999999999
RPS20P35	1.0
RPS20P4	1.0
RPS21	1.0
RPS21P4	0.9999999999999999
RPS21P8	-1.0
RPS23	0.9999999999999999
RPS23P1	0.9999999999999999
RPS23P10	
RPS23P2	1.0
RPS23P3	-0.9999999999999998
RPS23P4	
RPS23P5	1.0
RPS23P6	-0.9999999999999999
RPS23P7	0.9999999999999999
RPS23P8	1.0
RPS23P9	-0.9999999999999998
RPS24	1.0
RPS24P1	
RPS24P12	1.0
RPS24P13	-0.9999999999999998
RPS24P14	-0.9999999999999998
RPS24P16	0.9999999999999999
RPS24P17	0.9999999999999998
RPS24P18	-1.0
RPS24P6	-0.9999999999999999
RPS24P7	1.0
RPS24P8	0.9999999999999999
RPS25	0.9999999999999998
RPS26	0.9999999999999998
RPS26P11	-1.0
RPS26P13	-1.0
RPS26P2	-1.0
RPS26P21	-0.9999999999999998
RPS26P24	
RPS26P3	-1.0
RPS26P31	-0.9999999999999998
RPS26P34	1.0
RPS26P35	1.0
RPS26P4	
RPS26P43	-0.9999999999999998
RPS26P47	-1.0
RPS26P49	
RPS26P5	
RPS26P52	
RPS26P54	-1.0
RPS26P55	-0.9999999999999998
RPS26P56	-0.9999999999999998
RPS26P6	-0.9999999999999999
RPS26P8	-0.9999999999999999
RPS27	1.0
RPS27A	1.0
RPS27AP1	0.9999999999999998
RPS27AP14	1.0
RPS27AP2	0.9999999999999999
RPS27AP3	-1.0
RPS27L	0.9999999999999999
RPS27P1	
RPS27P12	
RPS27P14	-1.0
RPS27P15	0.9999999999999999
RPS27P16	-1.0
RPS27P18	
RPS27P20	-1.0
RPS27P22	
RPS27P23	-1.0
RPS27P25	0.9999999999999999
RPS27P26	
RPS27P27	0.9999999999999999
RPS27P29	0.9999999999999999
RPS27P5	-1.0
RPS28	1.0
RPS28P1	
RPS28P8	
RPS29	0.9999999999999998
RPS29P12	-1.0
RPS29P13	
RPS29P2	
RPS29P20	
RPS29P22	
RPS29P24	
RPS29P25	
RPS29P26	
RPS29P28	
RPS29P6	
RPS2P1	0.9999999999999999
RPS2P2	0.9999999999999999
RPS2P24	1.0
RPS2P25	
RPS2P28	0.9999999999999999
RPS2P32	0.9999999999999998
RPS2P35	0.9999999999999999
RPS2P39	
RPS2P4	0.9999999999999998
RPS2P41	
RPS2P44	-1.0
RPS2P45	-1.0
RPS2P46	-1.0
RPS2P48	1.0
RPS2P5	1.0
RPS2P52	1.0
RPS2P55	-1.0
RPS2P6	-1.0
RPS2P7	-0.9999999999999999
RPS3	0.9999999999999998
RPS3A	1.0
RPS3AP1	-0.9999999999999998
RPS3AP12	1.0
RPS3AP14	-1.0
RPS3AP15	1.0
RPS3AP17	
RPS3AP2	-0.9999999999999998
RPS3AP22	-1.0
RPS3AP23	
RPS3AP24	-0.9999999999999998
RPS3AP25	1.0
RPS3AP26	-1.0
RPS3AP29	-0.9999999999999998
RPS3AP3	-0.9999999999999999
RPS3AP30	-0.9999999999999998
RPS3AP32	-1.0
RPS3AP33	
RPS3AP34	-0.9999999999999997
RPS3AP35	-1.0
RPS3AP39	0.9999999999999999
RPS3AP4	-0.9999999999999998
RPS3AP40	-0.9999999999999999
RPS3AP41	0.9999999999999999
RPS3AP42	-1.0
RPS3AP43	-1.0
RPS3AP44	0.9999999999999999
RPS3AP46	-0.9999999999999998
RPS3AP47	-1.0
RPS3AP49	0.9999999999999999
RPS3AP5	0.9999999999999999
RPS3AP50	1.0
RPS3AP52	1.0
RPS3AP53	1.0
RPS3AP6	0.9999999999999998
RPS3AP9	-0.9999999999999998
RPS3P1	
RPS3P2	-0.9999999999999998
RPS3P6	-0.9999999999999998
RPS3P7	0.9999999999999999
RPS4X	-1.0
RPS4XP1	-1.0
RPS4XP10	-0.9999999999999998
RPS4XP11	-1.0
RPS4XP12	
RPS4XP13	-1.0
RPS4XP14	-0.9999999999999999
RPS4XP15	
RPS4XP16	-1.0
RPS4XP17	-1.0
RPS4XP18	-1.0
RPS4XP19	0.9999999999999999
RPS4XP2	-1.0
RPS4XP20	-0.9999999999999998
RPS4XP21	-1.0
RPS4XP22	-0.9999999999999999
RPS4XP23	-1.0
RPS4XP3	-0.9999999999999998
RPS4XP4	-0.9999999999999999
RPS4XP5	-1.0
RPS4XP6	-0.9999999999999998
RPS4XP7	-1.0
RPS4XP8	-0.9999999999999998
RPS4XP9	-1.0
RPS4Y1	0.9999999999999999
RPS4Y2	1.0
RPS5	1.0
RPS5P2	1.0
RPS5P3	1.0
RPS5P7	
RPS6	1.0
RPS6KA1	-1.0
RPS6KA2	-1.0
RPS6KA2-AS1	
RPS6KA2-IT1	-1.0
RPS6KA3	-0.9999999999999999
RPS6KA4	1.0
RPS6KA5	0.9999999999999999
RPS6KA6	0.9999999999999999
RPS6KB1	0.9999999999999998
RPS6KB2	-0.9999999999999999
RPS6KC1	0.9999999999999999
RPS6KL1	0.9999999999999998
RPS6P12	-1.0
RPS6P16	-0.9999999999999998
RPS6P2	-0.9999999999999998
RPS6P20	1.0
RPS6P21	-0.9999999999999998
RPS6P22	0.9999999999999999
RPS6P23	-0.9999999999999998
RPS6P7	-0.9999999999999998
RPS6P8	-1.0
RPS7	0.9999999999999999
RPS7P1	0.9999999999999999
RPS7P10	0.9999999999999999
RPS7P11	0.9999999999999998
RPS7P12	-1.0
RPS7P13	
RPS7P14	1.0
RPS7P15	1.0
RPS7P2	
RPS7P3	1.0
RPS7P4	-0.9999999999999999
RPS7P5	0.9999999999999999
RPS7P6	1.0
RPS7P7	1.0
RPS7P8	0.9999999999999999
RPS7P9	
RPS8	1.0
RPS8P3	-1.0
RPS8P6	
RPS9	1.0
RPS9P1	0.9999999999999999
RPSA	-1.0
RPSAP1	1.0
RPSAP14	-1.0
RPSAP15	0.9999999999999998
RPSAP2	0.9999999999999999
RPSAP34	
RPSAP35	
RPSAP37	-0.9999999999999998
RPSAP4	1.0
RPSAP41	-1.0
RPSAP42	
RPSAP43	-0.9999999999999998
RPSAP47	1.0
RPSAP51	-0.9999999999999998
RPSAP52	1.0
RPSAP53	0.9999999999999999
RPSAP54	1.0
RPSAP55	-1.0
RPSAP56	-1.0
RPSAP57	-0.9999999999999998
RPSAP58	1.0
RPSAP6	1.0
RPSAP63	1.0
RPSAP64	
RPSAP8	-1.0
RPSAP9	0.9999999999999998
RPTN	-0.9999999999999998
RPTOR	-0.9999999999999999
RPUSD1	1.0
RPUSD2	0.9999999999999998
RPUSD3	-1.0
RPUSD4	-0.9999999999999999
RQCD1	-0.9999999999999999
RRAD	-0.9999999999999998
RRAGA	-1.0
RRAGB	-1.0
RRAGC	0.9999999999999998
RRAGD	-0.9999999999999999
RRAS	-1.0
RRAS2	0.9999999999999999
RRBP1	1.0
RREB1	1.0
RRH	1.0
RRM1	0.9999999999999999
RRM1-AS1	
RRM2	1.0
RRM2B	-0.9999999999999999
RRM2P2	-0.9999999999999998
RRM2P3	-1.0
RRM2P4	
RRN3	-1.0
RRN3P1	-1.0
RRN3P2	-0.9999999999999999
RRN3P3	-0.9999999999999999
RRNAD1	-1.0
RRP1	1.0
RRP12	-1.0
RRP15	-1.0
RRP1B	-0.9999999999999998
RRP36	-1.0
RRP7A	-1.0
RRP7B	-1.0
RRP8	-0.9999999999999999
RRP9	-0.9999999999999999
RRS1	0.9999999999999999
RS1	
RSAD1	1.0
RSAD2	1.0
RSBN1	1.0
RSBN1L	1.0
RSBN1L-AS1	0.9999999999999998
RSC1A1	
RSF1	0.9999999999999999
RSF1-IT1	-0.9999999999999998
RSF1-IT2	0.9999999999999999
RSG1	1.0
RSL1D1	-1.0
RSL24D1	-0.9999999999999998
RSL24D1P1	1.0
RSL24D1P11	-0.9999999999999998
RSL24D1P2	-1.0
RSL24D1P3	0.9999999999999999
RSL24D1P4	
RSL24D1P5	-0.9999999999999998
RSL24D1P6	
RSL24D1P8	
RSL24D1P9	-0.9999999999999998
RSPH1	1.0
RSPH10B	-1.0
RSPH10B2	-1.0
RSPH3	0.9999999999999999
RSPH4A	-0.9999999999999999
RSPH6A	-0.9999999999999998
RSPH9	1.0
RSPO1	-0.9999999999999999
RSPO2	-0.9999999999999999
RSPO3	-1.0
RSPO4	-0.9999999999999997
RSPRY1	0.9999999999999999
RSRC1	-0.9999999999999998
RSRC2	-1.0
RSU1	-1.0
RSU1P1	
RSU1P2	
RSU1P3	-0.9999999999999998
RTBDN	-0.9999999999999998
RTCA	-1.0
RTCB	1.0
RTDR1	0.9999999999999999
RTEL1	-0.9999999999999999
RTEL1-TNFRSF6B	0.9999999999999999
RTEL1P1	0.9999999999999999
RTF1	0.9999999999999999
RTFDC1	-0.9999999999999998
RTKN	-0.9999999999999998
RTKN2	-1.0
RTL1	1.0
RTN1	-0.9999999999999999
RTN2	-0.9999999999999999
RTN3	-0.9999999999999999
RTN3P1	-0.9999999999999998
RTN4	-0.9999999999999998
RTN4IP1	1.0
RTN4R	-0.9999999999999998
RTN4RL1	-0.9999999999999998
RTN4RL2	-0.9999999999999999
RTP1	1.0
RTP2	1.0
RTP3	-1.0
RTP4	1.0
RTTN	1.0
RUFY1	0.9999999999999999
RUFY2	-0.9999999999999999
RUFY3	-0.9999999999999999
RUFY4	1.0
RUNDC1	-1.0
RUNDC3A	0.9999999999999998
RUNDC3B	-0.9999999999999998
RUNX1	-0.9999999999999999
RUNX1T1	-0.9999999999999999
RUNX2	-1.0
RUNX3	-1.0
RUSC1	-0.9999999999999999
RUSC1-AS1	0.9999999999999999
RUSC2	-0.9999999999999999
RUVBL1	-1.0
RUVBL1-AS1	-0.9999999999999998
RUVBL2	1.0
RWDD1	-1.0
RWDD2A	0.9999999999999998
RWDD2B	-0.9999999999999999
RWDD3	0.9999999999999999
RWDD4	-0.9999999999999999
RWDD4P1	-0.9999999999999999
RWDD4P2	-0.9999999999999999
RXFP1	-1.0
RXFP2	-0.9999999999999998
RXFP3	-0.9999999999999998
RXFP4	0.9999999999999999
RXRA	1.0
RXRB	1.0
RXRG	-1.0
RYBP	-0.9999999999999999
RYK	0.9999999999999998
RYKP1	-0.9999999999999998
RYR1	-0.9999999999999999
RYR2	-0.9999999999999998
RYR3	-1.0
S100A1	1.0
S100A10	-0.9999999999999998
S100A11	-0.9999999999999998
S100A11P1	-1.0
S100A11P2	-1.0
S100A12	1.0
S100A13	0.9999999999999999
S100A14	-1.0
S100A16	-0.9999999999999998
S100A2	-0.9999999999999999
S100A3	-0.9999999999999999
S100A4	-1.0
S100A5	-1.0
S100A6	-0.9999999999999999
S100A7	-0.9999999999999999
S100A7A	-1.0
S100A7L2	
S100A8	-1.0
S100A9	-1.0
S100B	-0.9999999999999999
S100G	0.9999999999999998
S100P	-1.0
S100PBP	-0.9999999999999998
S100Z	1.0
S1PR1	-1.0
S1PR2	-0.9999999999999999
S1PR3	-1.0
S1PR4	-1.0
S1PR5	-1.0
SAA1	-1.0
SAA2	0.9999999999999999
SAA2-SAA4	
SAA3P	
SAA4	0.9999999999999999
SAAL1	0.9999999999999998
SAC3D1	-0.9999999999999999
SACM1L	-0.9999999999999999
SACS	-0.9999999999999998
SACS-AS1	-0.9999999999999998
SAE1	-1.0
SAFB	0.9999999999999999
SAFB2	-0.9999999999999999
SAG	1.0
SAGE1	-0.9999999999999998
SALL1	-1.0
SALL1P1	
SALL2	-1.0
SALL3	-1.0
SALL4	-1.0
SALL4P1	
SALL4P2	
SALL4P5	-0.9999999999999998
SALL4P6	
SALL4P7	
SAMD1	-1.0
SAMD10	-1.0
SAMD11	-1.0
SAMD11P1	
SAMD12	0.9999999999999999
SAMD13	1.0
SAMD14	-0.9999999999999998
SAMD15	1.0
SAMD3	1.0
SAMD4A	-1.0
SAMD4B	-0.9999999999999998
SAMD5	0.9999999999999999
SAMD7	0.9999999999999999
SAMD8	-0.9999999999999999
SAMD9	0.9999999999999999
SAMD9L	1.0
SAMHD1	0.9999999999999999
SAMM50	-1.0
SAMSN1	-1.0
SAMSN1-AS1	0.9999999999999999
SAP130	-0.9999999999999999
SAP18	0.9999999999999999
SAP25	
SAP30	0.9999999999999998
SAP30BP	-0.9999999999999999
SAP30L	-0.9999999999999998
SAP30L-AS1	1.0
SAPCD1	0.9999999999999999
SAPCD1-AS1	-1.0
SAPCD2	1.0
SAR1A	-1.0
SAR1AP4	1.0
SAR1B	-0.9999999999999999
SAR1P1	0.9999999999999999
SAR1P3	1.0
SARDH	-1.0
SARM1	-0.9999999999999998
SARNP	-0.9999999999999998
SARS	1.0
SARS2	0.9999999999999998
SART1	0.9999999999999998
SART3	0.9999999999999998
SASH1	-0.9999999999999999
SASH3	-0.9999999999999999
SASS6	1.0
SAT1	-1.0
SAT2	-0.9999999999999999
SATB1	1.0
SATB2	0.9999999999999998
SATB2-AS1	0.9999999999999999
SATL1	1.0
SAV1	1.0
SAYSD1	0.9999999999999999
SBDS	-0.9999999999999999
SBDSP1	-0.9999999999999999
SBF1	0.9999999999999999
SBF1P1	-0.9999999999999998
SBF2	1.0
SBF2-AS1	-1.0
SBK1	1.0
SBK2	
SBK3	1.0
SBNO1	1.0
SBNO2	0.9999999999999999
SBP1	
SBSN	
SBSPON	-0.9999999999999999
SC5D	-0.9999999999999998
SCAF1	0.9999999999999998
SCAF11	1.0
SCAF4	-1.0
SCAF8	1.0
SCAI	-1.0
SCAMP1	-0.9999999999999999
SCAMP2	-0.9999999999999999
SCAMP3	-1.0
SCAMP4	0.9999999999999999
SCAMP5	-0.9999999999999999
SCAND1	1.0
SCAND2P	-0.9999999999999999
SCAND3	1.0
SCAND3P1	
SCAP	-1.0
SCAPER	-0.9999999999999999
SCARA3	-1.0
SCARA5	-0.9999999999999998
SCARB1	-1.0
SCARB2	-0.9999999999999999
SCARF1	-0.9999999999999999
SCARF2	0.9999999999999999
SCARNA1	-1.0
SCARNA10	-0.9999999999999998
SCARNA11	-1.0
SCARNA12	
SCARNA13	-1.0
SCARNA14	
SCARNA15	1.0
SCARNA16	
SCARNA17	-0.9999999999999999
SCARNA18	-0.9999999999999998
SCARNA2	-0.9999999999999999
SCARNA20	-0.9999999999999998
SCARNA21	-0.9999999999999999
SCARNA22	0.9999999999999999
SCARNA23	
SCARNA3	-0.9999999999999998
SCARNA4	
SCARNA5	-1.0
SCARNA6	-1.0
SCARNA7	-1.0
SCARNA8	1.0
SCARNA9	-0.9999999999999999
SCCPDH	1.0
SCD	-1.0
SCD5	-1.0
SCDP1	-0.9999999999999999
SCEL	-0.9999999999999999
SCEL-AS1	
SCFD1	1.0
SCFD2	1.0
SCG2	0.9999999999999998
SCG3	1.0
SCG5	1.0
SCGB1A1	1.0
SCGB1B2P	1.0
SCGB1C1	-0.9999999999999998
SCGB1D1	
SCGB1D2	-0.9999999999999998
SCGB1D4	
SCGB1D5P	
SCGB2A1	0.9999999999999998
SCGB2A2	
SCGB2B2	0.9999999999999999
SCGB2B3P	
SCGB3A1	-1.0
SCGB3A2	1.0
SCGN	1.0
SCHIP1	-0.9999999999999999
SCIMP	1.0
SCIN	-0.9999999999999999
SCLT1	1.0
SCLY	-1.0
SCMH1	1.0
SCML1	1.0
SCML2	0.9999999999999999
SCML2P1	
SCML2P2	-0.9999999999999999
SCML4	1.0
SCN10A	-0.9999999999999998
SCN11A	-0.9999999999999998
SCN1A	-0.9999999999999998
SCN1B	1.0
SCN2A	-0.9999999999999998
SCN2B	-1.0
SCN3A	-0.9999999999999999
SCN3B	-1.0
SCN4A	-0.9999999999999998
SCN4B	1.0
SCN5A	-1.0
SCN7A	-1.0
SCN8A	1.0
SCN9A	0.9999999999999999
SCNM1	-1.0
SCNN1A	1.0
SCNN1B	-1.0
SCNN1D	1.0
SCNN1G	0.9999999999999998
SCO1	0.9999999999999999
SCO2	1.0
SCOC	0.9999999999999999
SCOCP1	-1.0
SCP2	1.0
SCP2D1	-0.9999999999999998
SCPEP1	-0.9999999999999999
SCRG1	-1.0
SCRIB	1.0
SCRN1	-0.9999999999999999
SCRN2	-0.9999999999999998
SCRN3	-1.0
SCRT1	-0.9999999999999998
SCRT2	-0.9999999999999999
SCT	-0.9999999999999999
SCTR	-1.0
SCUBE1	-0.9999999999999998
SCUBE2	-0.9999999999999999
SCUBE3	-0.9999999999999999
SCXA	
SCXB	
SCYL1	-0.9999999999999999
SCYL2	-1.0
SCYL3	0.9999999999999998
SDAD1	-1.0
SDAD1P1	0.9999999999999999
SDAD1P2	-1.0
SDAD1P3	
SDAD1P4	
SDC1	-1.0
SDC2	-1.0
SDC3	1.0
SDC4	-1.0
SDC4P	1.0
SDCBP	0.9999999999999998
SDCBP2	-1.0
SDCBP2-AS1	-1.0
SDCBP2P1	
SDCBPP1	
SDCBPP2	1.0
SDCBPP3	-0.9999999999999999
SDCCAG3	-0.9999999999999999
SDCCAG3P1	-1.0
SDCCAG3P2	0.9999999999999999
SDCCAG8	-0.9999999999999999
SDE2	-1.0
SDF2	-0.9999999999999999
SDF2L1	0.9999999999999999
SDF4	-1.0
SDHA	0.9999999999999999
SDHAF1	1.0
SDHAF2	0.9999999999999998
SDHAP1	1.0
SDHAP2	
SDHAP3	0.9999999999999998
SDHB	-0.9999999999999998
SDHC	-0.9999999999999999
SDHCP1	
SDHCP2	-1.0
SDHCP3	-1.0
SDHCP4	-0.9999999999999998
SDHD	-1.0
SDHDP2	1.0
SDHDP6	-0.9999999999999999
SDIM1	1.0
SDK1	-1.0
SDK2	-1.0
SDPR	-1.0
SDR16C5	-0.9999999999999998
SDR16C6P	
SDR39U1	-1.0
SDR42E1	1.0
SDR42E2	-0.9999999999999998
SDR9C7	-1.0
SDS	-1.0
SDSL	1.0
SEC11A	-1.0
SEC11C	-1.0
SEC13	1.0
SEC13P1	0.9999999999999999
SEC14L1	-1.0
SEC14L1P1	-1.0
SEC14L2	-1.0
SEC14L3	-0.9999999999999998
SEC14L4	0.9999999999999998
SEC14L5	-0.9999999999999999
SEC14L6	1.0
SEC16A	-0.9999999999999998
SEC16B	1.0
SEC1P	1.0
SEC22A	-1.0
SEC22B	1.0
SEC22C	1.0
SEC23A	0.9999999999999998
SEC23B	-0.9999999999999999
SEC23IP	-0.9999999999999999
SEC24A	0.9999999999999999
SEC24B	-0.9999999999999999
SEC24B-AS1	1.0
SEC24C	1.0
SEC24D	0.9999999999999999
SEC31A	0.9999999999999998
SEC31B	-1.0
SEC61A1	-1.0
SEC61A2	-1.0
SEC61B	0.9999999999999998
SEC61G	1.0
SEC62	-1.0
SEC62-AS1	
SEC63	0.9999999999999998
SEC63P1	-1.0
SEC63P2	-0.9999999999999998
SECISBP2	0.9999999999999998
SECISBP2L	-1.0
SECTM1	0.9999999999999998
SEH1L	-0.9999999999999998
SEL1L	-1.0
SEL1L2	-1.0
SEL1L3	-1.0
SELE	-0.9999999999999999
SELENBP1	-0.9999999999999999
SELK	0.9999999999999999
SELL	-1.0
SELM	0.9999999999999998
SELO	-1.0
SELP	-1.0
SELPLG	-0.9999999999999998
SELRC1	-0.9999999999999999
SELT	-0.9999999999999998
SELV	1.0
SEMA3A	-0.9999999999999998
SEMA3B	1.0
SEMA3B-AS1	0.9999999999999999
SEMA3C	0.9999999999999999
SEMA3D	1.0
SEMA3E	-0.9999999999999999
SEMA3F	1.0
SEMA3G	0.9999999999999999
SEMA4A	-1.0
SEMA4B	-1.0
SEMA4C	-1.0
SEMA4D	-1.0
SEMA4F	-0.9999999999999999
SEMA4G	-0.9999999999999999
SEMA5A	-0.9999999999999998
SEMA5B	-0.9999999999999999
SEMA6A	-0.9999999999999999
SEMA6B	-0.9999999999999998
SEMA6C	-0.9999999999999999
SEMA6D	0.9999999999999999
SEMA7A	-0.9999999999999999
SEMG1	1.0
SEMG2	0.9999999999999999
SENP1	1.0
SENP2	-0.9999999999999999
SENP3	0.9999999999999998
SENP3-EIF4A1	-0.9999999999999999
SENP5	-0.9999999999999999
SENP6	0.9999999999999998
SENP7	-0.9999999999999999
SENP8	-0.9999999999999998
SEP15	1.0
SEPHS1	-1.0
SEPHS1P1	
SEPHS1P4	1.0
SEPHS1P6	-1.0
SEPHS1P7	
SEPHS2	0.9999999999999999
SEPHS2P1	-0.9999999999999999
SEPN1	-1.0
SEPP1	0.9999999999999999
SEPSECS	0.9999999999999999
SEPT1	-0.9999999999999999
SEPT10	-0.9999999999999999
SEPT10P1	-0.9999999999999999
SEPT11	-1.0
SEPT12	0.9999999999999999
SEPT14	-1.0
SEPT2	-0.9999999999999999
SEPT2P1	0.9999999999999999
SEPT3	-0.9999999999999998
SEPT4	-0.9999999999999999
SEPT5	-1.0
SEPT6	-0.9999999999999999
SEPT7	-0.9999999999999998
SEPT7P2	-1.0
SEPT7P3	-1.0
SEPT7P4	1.0
SEPT7P5	
SEPT7P6	1.0
SEPT7P7	-1.0
SEPT7P8	1.0
SEPT7P9	0.9999999999999998
SEPT8	1.0
SEPT9	-1.0
SEPW1	-0.9999999999999998
SEPW1P	-1.0
SERAC1	0.9999999999999999
SERBP1	1.0
SERBP1P1	-0.9999999999999998
SERBP1P2	
SERBP1P3	-1.0
SERBP1P4	
SERBP1P5	-0.9999999999999999
SERBP1P6	0.9999999999999999
SERF1A	-0.9999999999999998
SERF1AP1	
SERF1B	-1.0
SERF2	1.0
SERGEF	-1.0
SERHL	0.9999999999999999
SERHL2	-0.9999999999999999
SERINC1	-1.0
SERINC2	-0.9999999999999998
SERINC3	-1.0
SERINC4	0.9999999999999999
SERINC5	0.9999999999999999
SERP1	1.0
SERP2	-0.9999999999999998
SERPINA1	0.9999999999999998
SERPINA10	1.0
SERPINA11	0.9999999999999999
SERPINA12	-0.9999999999999998
SERPINA13P	
SERPINA2P	0.9999999999999998
SERPINA3	-1.0
SERPINA4	1.0
SERPINA5	-0.9999999999999999
SERPINA6	-1.0
SERPINA7	0.9999999999999998
SERPINA9	1.0
SERPINB1	-1.0
SERPINB10	0.9999999999999999
SERPINB11	-0.9999999999999998
SERPINB12	
SERPINB13	
SERPINB2	-0.9999999999999998
SERPINB3	-1.0
SERPINB4	-0.9999999999999998
SERPINB5	-1.0
SERPINB6	-0.9999999999999998
SERPINB7	-0.9999999999999998
SERPINB8	-0.9999999999999999
SERPINB8P1	
SERPINB9	-1.0
SERPINC1	-0.9999999999999999
SERPIND1	0.9999999999999999
SERPINE1	-1.0
SERPINE2	-0.9999999999999998
SERPINE3	1.0
SERPINF1	-0.9999999999999999
SERPINF2	1.0
SERPING1	-0.9999999999999999
SERPINH1	-0.9999999999999998
SERPINH1P1	-1.0
SERPINI1	-0.9999999999999999
SERPINI2	-1.0
SERTAD1	-1.0
SERTAD2	-0.9999999999999999
SERTAD3	-1.0
SERTAD4	-1.0
SERTAD4-AS1	-0.9999999999999999
SERTM1	1.0
SESN1	0.9999999999999999
SESN2	1.0
SESN3	-0.9999999999999999
SESTD1	1.0
SET	0.9999999999999999
SETBP1	-1.0
SETD1A	1.0
SETD1B	1.0
SETD2	1.0
SETD3	-0.9999999999999999
SETD4	0.9999999999999997
SETD5	0.9999999999999998
SETD5-AS1	0.9999999999999999
SETD6	-1.0
SETD7	-0.9999999999999999
SETD8	-1.0
SETD9	-0.9999999999999999
SETDB1	1.0
SETDB2	1.0
SETMAR	1.0
SETP1	-0.9999999999999998
SETP10	1.0
SETP11	-0.9999999999999998
SETP12	0.9999999999999998
SETP14	-1.0
SETP15	
SETP16	
SETP17	-1.0
SETP18	0.9999999999999999
SETP2	-1.0
SETP20	0.9999999999999999
SETP21	-1.0
SETP22	1.0
SETP4	-0.9999999999999999
SETP5	
SETP6	
SETP7	1.0
SETP8	-1.0
SETP9	-1.0
SETX	-1.0
SEZ6	-1.0
SEZ6L	-0.9999999999999999
SEZ6L2	0.9999999999999998
SF1	-1.0
SF3A1	-1.0
SF3A2	0.9999999999999998
SF3A3	1.0
SF3A3P1	-1.0
SF3A3P2	1.0
SF3B1	-1.0
SF3B14	-0.9999999999999998
SF3B2	-1.0
SF3B3	-1.0
SF3B4	-1.0
SF3B5	-1.0
SFI1	-1.0
SFMBT1	0.9999999999999999
SFMBT2	1.0
SFN	-1.0
SFPQ	-1.0
SFPQP1	
SFR1	0.9999999999999998
SFRP1	-1.0
SFRP2	-0.9999999999999998
SFRP4	-1.0
SFRP5	-1.0
SFSWAP	1.0
SFT2D1	0.9999999999999999
SFT2D2	-1.0
SFT2D3	0.9999999999999999
SFTA1P	-0.9999999999999999
SFTA2	-0.9999999999999999
SFTA3	
SFTPA1	1.0
SFTPA2	0.9999999999999999
SFTPA3P	
SFTPB	1.0
SFTPC	
SFTPD	-1.0
SFXN1	-0.9999999999999999
SFXN2	1.0
SFXN3	-0.9999999999999999
SFXN4	1.0
SFXN5	-1.0
SGCA	-0.9999999999999998
SGCB	0.9999999999999999
SGCD	-1.0
SGCE	-1.0
SGCG	-1.0
SGCZ	1.0
SGIP1	-1.0
SGK1	0.9999999999999998
SGK2	-1.0
SGK223	-0.9999999999999999
SGK3	0.9999999999999998
SGK494	-0.9999999999999998
SGMS1	1.0
SGMS2	-0.9999999999999999
SGOL1	0.9999999999999999
SGOL1-AS1	0.9999999999999999
SGOL2	-1.0
SGPL1	-0.9999999999999998
SGPP1	-1.0
SGPP2	-0.9999999999999999
SGSH	1.0
SGSM1	1.0
SGSM2	-1.0
SGSM3	0.9999999999999999
SGTA	1.0
SGTB	-1.0
SH2B1	1.0
SH2B2	-0.9999999999999998
SH2B3	-1.0
SH2D1A	-0.9999999999999999
SH2D1B	1.0
SH2D2A	1.0
SH2D3A	-0.9999999999999998
SH2D3C	-1.0
SH2D4A	-1.0
SH2D4B	-0.9999999999999998
SH2D5	1.0
SH2D6	0.9999999999999999
SH2D7	1.0
SH3BGR	1.0
SH3BGRL	0.9999999999999998
SH3BGRL2	0.9999999999999999
SH3BGRL3	-1.0
SH3BP1	1.0
SH3BP2	-0.9999999999999999
SH3BP4	0.9999999999999999
SH3BP5	-1.0
SH3BP5-AS1	-1.0
SH3BP5L	0.9999999999999999
SH3D19	-0.9999999999999998
SH3D21	-1.0
SH3GL1	1.0
SH3GL1P1	-0.9999999999999998
SH3GL1P2	0.9999999999999998
SH3GL1P3	1.0
SH3GL2	1.0
SH3GL3	0.9999999999999999
SH3GLB1	0.9999999999999999
SH3GLB2	-0.9999999999999998
SH3KBP1	-0.9999999999999999
SH3PXD2A	-0.9999999999999999
SH3PXD2B	-0.9999999999999999
SH3RF1	0.9999999999999999
SH3RF2	-1.0
SH3RF3	-1.0
SH3RF3-AS1	1.0
SH3TC1	-1.0
SH3TC2	-0.9999999999999999
SH3YL1	-0.9999999999999998
SHANK1	-0.9999999999999997
SHANK2	0.9999999999999999
SHANK2-AS1	-1.0
SHANK2-AS2	
SHANK2-AS3	
SHANK3	-1.0
SHARPIN	-1.0
SHB	-1.0
SHBG	-1.0
SHC1	-1.0
SHC1P1	1.0
SHC1P2	1.0
SHC2	0.9999999999999999
SHC3	-1.0
SHC4	-1.0
SHCBP1	-0.9999999999999999
SHCBP1L	1.0
SHD	-1.0
SHE	-0.9999999999999999
SHF	-1.0
SHFM1	1.0
SHFM1P1	0.9999999999999999
SHH	-0.9999999999999998
SHISA2	0.9999999999999998
SHISA3	-0.9999999999999998
SHISA4	-0.9999999999999998
SHISA5	1.0
SHISA6	-1.0
SHISA7	0.9999999999999999
SHISA8	-1.0
SHISA9	-0.9999999999999999
SHKBP1	-0.9999999999999998
SHMT1	-1.0
SHMT1P1	0.9999999999999999
SHMT2	-0.9999999999999998
SHOC2	-0.9999999999999998
SHOX	0.9999999999999998
SHOX2	0.9999999999999998
SHPK	1.0
SHPRH	-1.0
SHQ1	1.0
SHROOM1	1.0
SHROOM2	1.0
SHROOM2P1	
SHROOM3	-0.9999999999999999
SHROOM4	-0.9999999999999998
SI	0.9999999999999999
SIAE	0.9999999999999998
SIAH1	0.9999999999999999
SIAH1P1	
SIAH2	-0.9999999999999998
SIAH2-AS1	1.0
SIAH3	-1.0
SIDT1	-1.0
SIDT1-AS1	
SIDT2	-0.9999999999999998
SIGIRR	1.0
SIGLEC1	0.9999999999999999
SIGLEC10	-0.9999999999999999
SIGLEC11	0.9999999999999998
SIGLEC12	-0.9999999999999999
SIGLEC14	0.9999999999999999
SIGLEC15	-0.9999999999999998
SIGLEC16	0.9999999999999999
SIGLEC17P	-1.0
SIGLEC18P	-1.0
SIGLEC19P	-1.0
SIGLEC20P	-1.0
SIGLEC21P	-0.9999999999999998
SIGLEC22P	0.9999999999999999
SIGLEC26P	
SIGLEC27P	
SIGLEC28P	
SIGLEC29P	-0.9999999999999998
SIGLEC30P	1.0
SIGLEC31P	-0.9999999999999998
SIGLEC5	-1.0
SIGLEC6	-1.0
SIGLEC7	-0.9999999999999999
SIGLEC8	-1.0
SIGLEC9	-1.0
SIGLECL1	
SIGMAR1	-0.9999999999999999
SIK1	-1.0
SIK2	-1.0
SIK3	0.9999999999999999
SIKE1	-0.9999999999999999
SIL1	-0.9999999999999998
SIM1	0.9999999999999999
SIM2	0.9999999999999999
SIMC1	0.9999999999999999
SIN3A	-1.0
SIN3B	-0.9999999999999998
SIPA1	-1.0
SIPA1L1	0.9999999999999999
SIPA1L2	1.0
SIPA1L3	1.0
SIRPA	0.9999999999999999
SIRPAP1	-0.9999999999999998
SIRPB1	1.0
SIRPB2	-1.0
SIRPD	0.9999999999999998
SIRPG	0.9999999999999999
SIRT1	-0.9999999999999998
SIRT2	-0.9999999999999999
SIRT3	-0.9999999999999999
SIRT4	1.0
SIRT5	0.9999999999999999
SIRT6	-1.0
SIRT7	-0.9999999999999998
SIT1	-1.0
SIVA1	1.0
SIX1	-1.0
SIX2	-1.0
SIX3	-1.0
SIX3-AS1	
SIX4	-1.0
SIX5	0.9999999999999998
SIX6	
SKA1	-1.0
SKA2	1.0
SKA2P1	-0.9999999999999999
SKA3	1.0
SKAP1	-1.0
SKAP2	1.0
SKI	-1.0
SKIDA1	1.0
SKIL	-1.0
SKINTL	-0.9999999999999998
SKIV2L	-1.0
SKIV2L2	1.0
SKOR1	0.9999999999999999
SKOR2	1.0
SKP1	-0.9999999999999998
SKP1P1	-1.0
SKP2	0.9999999999999998
SLA	-1.0
SLA2	1.0
SLAIN1	1.0
SLAIN2	-0.9999999999999998
SLAMF1	-1.0
SLAMF6	-0.9999999999999999
SLAMF6P1	-0.9999999999999999
SLAMF7	-1.0
SLAMF8	1.0
SLAMF9	-1.0
SLBP	-0.9999999999999999
SLC10A1	0.9999999999999999
SLC10A2	-0.9999999999999999
SLC10A3	-1.0
SLC10A4	-1.0
SLC10A5	1.0
SLC10A5P1	
SLC10A6	-1.0
SLC10A7	0.9999999999999999
SLC11A1	-0.9999999999999998
SLC11A2	-0.9999999999999999
SLC12A1	1.0
SLC12A2	1.0
SLC12A3	1.0
SLC12A4	-0.9999999999999999
SLC12A5	1.0
SLC12A6	-0.9999999999999999
SLC12A7	1.0
SLC12A8	0.9999999999999999
SLC12A9	-1.0
SLC13A1	0.9999999999999998
SLC13A2	1.0
SLC13A3	-0.9999999999999998
SLC13A4	-1.0
SLC13A5	-1.0
SLC14A1	-0.9999999999999998
SLC14A2	-0.9999999999999999
SLC15A1	0.9999999999999998
SLC15A2	-1.0
SLC15A3	1.0
SLC15A4	-0.9999999999999999
SLC15A5	
SLC16A1	-0.9999999999999999
SLC16A10	-0.9999999999999999
SLC16A11	0.9999999999999999
SLC16A12	0.9999999999999999
SLC16A13	-0.9999999999999998
SLC16A14	-1.0
SLC16A14P1	-0.9999999999999998
SLC16A1P1	
SLC16A2	-0.9999999999999999
SLC16A3	-0.9999999999999998
SLC16A4	-0.9999999999999999
SLC16A5	-1.0
SLC16A6	-0.9999999999999999
SLC16A6P1	-0.9999999999999999
SLC16A7	1.0
SLC16A8	-0.9999999999999998
SLC16A9	-0.9999999999999998
SLC17A1	1.0
SLC17A2	1.0
SLC17A3	-1.0
SLC17A4	-0.9999999999999999
SLC17A5	-0.9999999999999999
SLC17A6	
SLC17A7	-0.9999999999999999
SLC17A8	-1.0
SLC17A9	-0.9999999999999999
SLC18A1	0.9999999999999998
SLC18A2	-1.0
SLC18A3	-1.0
SLC18B1	1.0
SLC19A1	0.9999999999999999
SLC19A2	-1.0
SLC19A3	0.9999999999999998
SLC1A1	1.0
SLC1A2	-1.0
SLC1A3	-0.9999999999999999
SLC1A4	-0.9999999999999999
SLC1A5	0.9999999999999999
SLC1A6	-0.9999999999999998
SLC1A7	0.9999999999999999
SLC20A1	-1.0
SLC20A1P1	
SLC20A1P2	
SLC20A1P3	
SLC20A2	1.0
SLC22A1	-0.9999999999999999
SLC22A10	-1.0
SLC22A11	0.9999999999999999
SLC22A12	-1.0
SLC22A13	-1.0
SLC22A14	1.0
SLC22A15	-0.9999999999999999
SLC22A16	0.9999999999999998
SLC22A17	-0.9999999999999999
SLC22A18	-1.0
SLC22A18AS	-1.0
SLC22A2	-0.9999999999999999
SLC22A20	-1.0
SLC22A23	1.0
SLC22A24	
SLC22A25	
SLC22A3	-0.9999999999999998
SLC22A31	-0.9999999999999999
SLC22A4	-0.9999999999999999
SLC22A5	-0.9999999999999999
SLC22A6	1.0
SLC22A7	-0.9999999999999999
SLC22A8	
SLC22A9	1.0
SLC23A1	-1.0
SLC23A2	-1.0
SLC23A3	-0.9999999999999998
SLC24A1	0.9999999999999999
SLC24A2	-1.0
SLC24A3	-0.9999999999999999
SLC24A4	1.0
SLC24A5	0.9999999999999999
SLC25A1	-1.0
SLC25A10	1.0
SLC25A11	1.0
SLC25A12	-1.0
SLC25A13	-1.0
SLC25A14	0.9999999999999999
SLC25A14P1	1.0
SLC25A15	-0.9999999999999998
SLC25A15P1	
SLC25A15P2	-0.9999999999999998
SLC25A15P3	1.0
SLC25A15P4	
SLC25A15P5	
SLC25A16	1.0
SLC25A17	1.0
SLC25A18	1.0
SLC25A18P1	
SLC25A19	-1.0
SLC25A1P1	1.0
SLC25A1P2	1.0
SLC25A1P3	
SLC25A1P4	0.9999999999999999
SLC25A1P5	-0.9999999999999998
SLC25A2	-0.9999999999999999
SLC25A20	1.0
SLC25A20P1	1.0
SLC25A21	1.0
SLC25A21-AS1	1.0
SLC25A22	0.9999999999999999
SLC25A23	-1.0
SLC25A24	-0.9999999999999999
SLC25A24P1	-1.0
SLC25A24P2	0.9999999999999998
SLC25A25	-1.0
SLC25A26	-0.9999999999999999
SLC25A27	-1.0
SLC25A28	1.0
SLC25A29	-0.9999999999999999
SLC25A3	-1.0
SLC25A30	1.0
SLC25A30-AS1	1.0
SLC25A31	
SLC25A32	-0.9999999999999998
SLC25A33	-0.9999999999999999
SLC25A34	-0.9999999999999999
SLC25A35	1.0
SLC25A36	-0.9999999999999999
SLC25A36P1	-1.0
SLC25A37	1.0
SLC25A38	-0.9999999999999999
SLC25A38P1	0.9999999999999999
SLC25A39	-1.0
SLC25A39P1	-0.9999999999999999
SLC25A39P2	
SLC25A3P1	-0.9999999999999998
SLC25A3P2	-1.0
SLC25A4	0.9999999999999999
SLC25A40	0.9999999999999999
SLC25A41	-0.9999999999999999
SLC25A42	-0.9999999999999999
SLC25A43	1.0
SLC25A44	-0.9999999999999998
SLC25A45	-0.9999999999999999
SLC25A46	-1.0
SLC25A47	1.0
SLC25A47P1	0.9999999999999998
SLC25A48	1.0
SLC25A5	-0.9999999999999998
SLC25A5-AS1	1.0
SLC25A51	-0.9999999999999999
SLC25A51P1	
SLC25A51P2	-0.9999999999999998
SLC25A51P3	
SLC25A52	-1.0
SLC25A53	0.9999999999999999
SLC25A5P1	-1.0
SLC25A5P2	0.9999999999999999
SLC25A5P3	1.0
SLC25A5P4	1.0
SLC25A5P5	0.9999999999999999
SLC25A5P6	-0.9999999999999999
SLC25A5P7	1.0
SLC25A5P8	1.0
SLC25A5P9	-0.9999999999999998
SLC25A6	1.0
SLC25A6P1	
SLC25A6P2	-0.9999999999999999
SLC25A6P3	1.0
SLC25A6P4	
SLC25A6P5	
SLC25A6P6	
SLC26A1	-0.9999999999999999
SLC26A10	-0.9999999999999999
SLC26A11	-1.0
SLC26A2	1.0
SLC26A3	-0.9999999999999999
SLC26A4	-0.9999999999999999
SLC26A4-AS1	0.9999999999999999
SLC26A5	-0.9999999999999998
SLC26A6	-1.0
SLC26A7	0.9999999999999998
SLC26A8	0.9999999999999999
SLC26A9	-1.0
SLC27A1	-0.9999999999999998
SLC27A2	1.0
SLC27A3	-0.9999999999999998
SLC27A4	0.9999999999999999
SLC27A5	-1.0
SLC27A6	-1.0
SLC28A1	-0.9999999999999998
SLC28A2	-1.0
SLC28A3	1.0
SLC29A1	-1.0
SLC29A2	1.0
SLC29A3	-1.0
SLC29A4	1.0
SLC29A4P1	
SLC29A4P2	
SLC2A1	-0.9999999999999999
SLC2A1-AS1	0.9999999999999999
SLC2A10	1.0
SLC2A11	-1.0
SLC2A12	1.0
SLC2A13	-0.9999999999999998
SLC2A13P1	
SLC2A14	1.0
SLC2A2	-0.9999999999999998
SLC2A3	-0.9999999999999999
SLC2A3P1	
SLC2A3P2	-0.9999999999999999
SLC2A3P4	0.9999999999999999
SLC2A4	0.9999999999999999
SLC2A4RG	0.9999999999999999
SLC2A5	1.0
SLC2A6	-1.0
SLC2A7	-1.0
SLC2A8	0.9999999999999999
SLC2A9	1.0
SLC30A1	0.9999999999999998
SLC30A10	0.9999999999999999
SLC30A2	1.0
SLC30A3	-0.9999999999999999
SLC30A4	-1.0
SLC30A5	-0.9999999999999998
SLC30A6	-1.0
SLC30A7	-1.0
SLC30A8	0.9999999999999998
SLC30A9	1.0
SLC31A1	0.9999999999999998
SLC31A1P1	0.9999999999999998
SLC31A2	0.9999999999999998
SLC32A1	-1.0
SLC33A1	1.0
SLC34A1	1.0
SLC34A2	0.9999999999999998
SLC34A3	-0.9999999999999999
SLC35A1	-1.0
SLC35A2	0.9999999999999998
SLC35A3	1.0
SLC35A4	-0.9999999999999999
SLC35A5	-1.0
SLC35B1	1.0
SLC35B2	0.9999999999999999
SLC35B3	0.9999999999999997
SLC35B4	-1.0
SLC35C1	0.9999999999999999
SLC35C2	-0.9999999999999998
SLC35D1	-1.0
SLC35D2	1.0
SLC35D3	-0.9999999999999999
SLC35E1	-0.9999999999999999
SLC35E1P1	-1.0
SLC35E2	1.0
SLC35E2B	-1.0
SLC35E3	-0.9999999999999999
SLC35E4	-1.0
SLC35F1	-1.0
SLC35F2	-0.9999999999999999
SLC35F3	-0.9999999999999999
SLC35F4	-1.0
SLC35F5	0.9999999999999999
SLC35F6	-1.0
SLC35G1	1.0
SLC35G2	-1.0
SLC35G3	-0.9999999999999998
SLC35G5	1.0
SLC35G6	
SLC36A1	0.9999999999999998
SLC36A2	0.9999999999999999
SLC36A3	-1.0
SLC36A4	1.0
SLC37A1	0.9999999999999999
SLC37A2	0.9999999999999999
SLC37A3	1.0
SLC37A4	1.0
SLC38A1	-1.0
SLC38A10	1.0
SLC38A11	1.0
SLC38A2	-0.9999999999999999
SLC38A3	-1.0
SLC38A4	-0.9999999999999999
SLC38A5	-0.9999999999999999
SLC38A6	-0.9999999999999998
SLC38A7	0.9999999999999998
SLC38A8	0.9999999999999999
SLC38A9	-0.9999999999999998
SLC39A1	-0.9999999999999999
SLC39A10	-0.9999999999999999
SLC39A11	1.0
SLC39A12	0.9999999999999998
SLC39A12-AS1	
SLC39A13	-0.9999999999999999
SLC39A14	-0.9999999999999998
SLC39A2	0.9999999999999999
SLC39A3	-1.0
SLC39A4	-1.0
SLC39A5	-0.9999999999999999
SLC39A6	-1.0
SLC39A7	1.0
SLC39A8	0.9999999999999999
SLC39A9	-1.0
SLC3A1	1.0
SLC3A2	-0.9999999999999999
SLC40A1	-1.0
SLC41A1	-0.9999999999999999
SLC41A2	0.9999999999999999
SLC41A3	-1.0
SLC43A1	-1.0
SLC43A2	1.0
SLC43A3	-1.0
SLC44A1	-0.9999999999999999
SLC44A2	-0.9999999999999999
SLC44A3	0.9999999999999999
SLC44A4	0.9999999999999999
SLC44A5	-0.9999999999999998
SLC45A1	-1.0
SLC45A2	0.9999999999999999
SLC45A3	-1.0
SLC45A4	-1.0
SLC46A1	-1.0
SLC46A2	0.9999999999999998
SLC46A3	-1.0
SLC47A1	-0.9999999999999998
SLC47A2	0.9999999999999998
SLC48A1	-0.9999999999999999
SLC4A1	-0.9999999999999999
SLC4A10	1.0
SLC4A11	-0.9999999999999999
SLC4A1AP	0.9999999999999999
SLC4A2	1.0
SLC4A3	-0.9999999999999999
SLC4A4	0.9999999999999999
SLC4A5	-1.0
SLC4A7	-1.0
SLC4A8	-0.9999999999999999
SLC4A9	0.9999999999999999
SLC50A1	0.9999999999999999
SLC51A	0.9999999999999999
SLC51B	-0.9999999999999998
SLC52A1	0.9999999999999999
SLC52A2	1.0
SLC52A3	-0.9999999999999999
SLC5A1	1.0
SLC5A10	-0.9999999999999998
SLC5A11	-0.9999999999999998
SLC5A12	-0.9999999999999999
SLC5A2	0.9999999999999999
SLC5A3	0.9999999999999999
SLC5A4	-1.0
SLC5A4P1	1.0
SLC5A5	-0.9999999999999999
SLC5A6	-0.9999999999999999
SLC5A7	0.9999999999999999
SLC5A8	1.0
SLC5A9	0.9999999999999999
SLC6A1	-1.0
SLC6A1-AS1	
SLC6A10P	-1.0
SLC6A11	0.9999999999999999
SLC6A12	0.9999999999999999
SLC6A13	0.9999999999999998
SLC6A14	-0.9999999999999998
SLC6A15	-1.0
SLC6A16	-1.0
SLC6A17	-0.9999999999999998
SLC6A18	-0.9999999999999999
SLC6A19	1.0
SLC6A2	-0.9999999999999998
SLC6A20	-1.0
SLC6A21P	
SLC6A3	-0.9999999999999998
SLC6A4	-0.9999999999999999
SLC6A5	-1.0
SLC6A6	-1.0
SLC6A6P1	-0.9999999999999998
SLC6A7	1.0
SLC6A8	-0.9999999999999999
SLC6A9	1.0
SLC7A1	0.9999999999999999
SLC7A10	-0.9999999999999999
SLC7A11	-1.0
SLC7A11-AS1	-1.0
SLC7A13	1.0
SLC7A14	-1.0
SLC7A15P	1.0
SLC7A2	-1.0
SLC7A3	-1.0
SLC7A4	1.0
SLC7A5	-1.0
SLC7A5P1	0.9999999999999999
SLC7A5P2	
SLC7A6	-1.0
SLC7A6OS	-0.9999999999999999
SLC7A7	-1.0
SLC7A8	0.9999999999999998
SLC7A9	-1.0
SLC8A1	-0.9999999999999999
SLC8A1-AS1	0.9999999999999999
SLC8A2	-0.9999999999999999
SLC8A3	-0.9999999999999999
SLC8B1	-0.9999999999999999
SLC9A1	-1.0
SLC9A2	-0.9999999999999999
SLC9A3	0.9999999999999999
SLC9A3P1	
SLC9A3P2	
SLC9A3P3	-0.9999999999999998
SLC9A3P4	
SLC9A3R1	-0.9999999999999998
SLC9A3R2	0.9999999999999998
SLC9A4	0.9999999999999999
SLC9A5	-1.0
SLC9A6	-0.9999999999999999
SLC9A7	-0.9999999999999999
SLC9A7P1	1.0
SLC9A8	1.0
SLC9A9	-1.0
SLC9A9-AS1	1.0
SLC9A9-AS2	
SLC9B1	-1.0
SLC9B1P1	
SLC9B1P2	
SLC9B1P3	
SLC9B1P4	
SLC9B2	-0.9999999999999999
SLC9C1	-0.9999999999999998
SLC9C2	-0.9999999999999998
SLCO1A2	-1.0
SLCO1B1	-1.0
SLCO1B3	-1.0
SLCO1B7	-0.9999999999999999
SLCO1C1	-1.0
SLCO2A1	-0.9999999999999999
SLCO2B1	-1.0
SLCO3A1	-0.9999999999999999
SLCO4A1	-1.0
SLCO4C1	0.9999999999999998
SLCO5A1	-1.0
SLCO6A1	-0.9999999999999998
SLFN11	-0.9999999999999998
SLFN12	0.9999999999999999
SLFN12L	0.9999999999999998
SLFN13	-1.0
SLFN14	0.9999999999999999
SLFN5	1.0
SLFNL1	-0.9999999999999998
SLIRP	0.9999999999999999
SLIT1	
SLIT2	-1.0
SLIT2-IT1	
SLIT3	-1.0
SLITRK1	-1.0
SLITRK2	-0.9999999999999998
SLITRK3	-1.0
SLITRK4	1.0
SLITRK5	1.0
SLITRK6	-0.9999999999999999
SLK	-1.0
SLMAP	0.9999999999999998
SLMO1	-0.9999999999999998
SLMO2	0.9999999999999998
SLMO2P1	-1.0
SLMO2P2	
SLMO2P3	-1.0
SLN	-1.0
SLPI	-1.0
SLTM	-1.0
SLU7	0.9999999999999998
SLURP1	
SLX1A	1.0
SLX1A-SULT1A3	
SLX1B	1.0
SLX1B-SULT1A4	
SLX4	-0.9999999999999998
SLX4IP	0.9999999999999998
SMAD1	1.0
SMAD2	-1.0
SMAD3	-0.9999999999999999
SMAD4	-0.9999999999999998
SMAD5	0.9999999999999998
SMAD5-AS1	0.9999999999999999
SMAD6	0.9999999999999999
SMAD7	-1.0
SMAD9	0.9999999999999999
SMAD9-AS1	-1.0
SMAGP	0.9999999999999999
SMAP1	-1.0
SMAP2	-0.9999999999999998
SMARCA1	-1.0
SMARCA2	-1.0
SMARCA4	-1.0
SMARCA5	-0.9999999999999999
SMARCA5-AS1	-1.0
SMARCAD1	0.9999999999999999
SMARCAL1	-1.0
SMARCB1	1.0
SMARCC1	1.0
SMARCC2	1.0
SMARCD1	-0.9999999999999998
SMARCD2	-0.9999999999999998
SMARCD3	-0.9999999999999999
SMARCE1	1.0
SMARCE1P1	0.9999999999999999
SMARCE1P2	-1.0
SMARCE1P4	-0.9999999999999998
SMARCE1P5	-0.9999999999999999
SMARCE1P6	-0.9999999999999999
SMC1A	-1.0
SMC1B	0.9999999999999998
SMC2	1.0
SMC3	0.9999999999999999
SMC4	1.0
SMC5	1.0
SMC5-AS1	0.9999999999999998
SMC6	1.0
SMCHD1	0.9999999999999998
SMCO1	-0.9999999999999998
SMCO2	-0.9999999999999999
SMCO3	-0.9999999999999999
SMCO4	-0.9999999999999998
SMCP	1.0
SMCR2	0.9999999999999998
SMCR5	0.9999999999999999
SMCR8	1.0
SMDT1	1.0
SMEK1	1.0
SMEK2	0.9999999999999998
SMEK3P	
SMG1	0.9999999999999999
SMG1P1	-1.0
SMG5	1.0
SMG6	-0.9999999999999999
SMG7	-1.0
SMG7-AS1	0.9999999999999998
SMG8	-1.0
SMG9	0.9999999999999998
SMIM1	-0.9999999999999999
SMIM10	-0.9999999999999999
SMIM11	0.9999999999999998
SMIM11P1	
SMIM12	1.0
SMIM13	-0.9999999999999998
SMIM14	0.9999999999999999
SMIM15	1.0
SMIM17	-1.0
SMIM18	1.0
SMIM19	0.9999999999999999
SMIM2	1.0
SMIM2-AS1	-0.9999999999999999
SMIM2-IT1	-1.0
SMIM20	-1.0
SMIM21	-0.9999999999999999
SMIM22	1.0
SMIM3	
SMIM4	1.0
SMIM5	0.9999999999999999
SMIM6	-0.9999999999999999
SMIM7	1.0
SMIM8	-1.0
SMIM9	
SMKR1	-1.0
SMLR1	0.9999999999999999
SMN1	0.9999999999999998
SMN2	1.0
SMNDC1	-0.9999999999999998
SMO	-1.0
SMOC1	-1.0
SMOC2	-1.0
SMOX	-1.0
SMPD1	-0.9999999999999998
SMPD2	-1.0
SMPD3	1.0
SMPD4	-1.0
SMPD4P1	-0.9999999999999998
SMPD4P2	
SMPDL3A	-0.9999999999999999
SMPDL3B	-1.0
SMPX	1.0
SMR3A	
SMR3B	
SMS	0.9999999999999998
SMTN	-0.9999999999999998
SMTNL1	-0.9999999999999998
SMTNL2	-0.9999999999999998
SMU1	-1.0
SMUG1	-0.9999999999999999
SMURF1	-0.9999999999999998
SMURF2	0.9999999999999999
SMURF2P1	0.9999999999999999
SMYD1	1.0
SMYD2	-1.0
SMYD3	-1.0
SMYD3-IT1	1.0
SMYD4	0.9999999999999999
SMYD5	-0.9999999999999998
SNAI1	-1.0
SNAI1P1	
SNAI2	-1.0
SNAI3	-0.9999999999999998
SNAI3-AS1	1.0
SNAP23	0.9999999999999999
SNAP23P	0.9999999999999999
SNAP25	1.0
SNAP25-AS1	-0.9999999999999998
SNAP29	-1.0
SNAP47	-0.9999999999999999
SNAP47-AS1	-0.9999999999999998
SNAP91	-0.9999999999999999
SNAPC1	-1.0
SNAPC2	-0.9999999999999999
SNAPC3	-0.9999999999999999
SNAPC4	1.0
SNAPC5	0.9999999999999999
SNAPC5P1	
SNAPIN	0.9999999999999999
SNCA	-0.9999999999999999
SNCAIP	-0.9999999999999998
SNCB	-1.0
SNCG	-1.0
SND1	0.9999999999999999
SNED1	-0.9999999999999999
SNF8	0.9999999999999999
SNHG1	-0.9999999999999999
SNHG10	1.0
SNHG11	0.9999999999999998
SNHG12	-1.0
SNHG14	-1.0
SNHG15	-1.0
SNHG16	-1.0
SNHG17	-0.9999999999999999
SNHG18	1.0
SNHG3	1.0
SNHG5	-1.0
SNHG6	1.0
SNHG7	-0.9999999999999999
SNHG8	1.0
SNHG9	-0.9999999999999999
SNIP1	-1.0
SNN	-0.9999999999999999
SNORA1	
SNORA10	
SNORA11	0.9999999999999999
SNORA11B	0.9999999999999999
SNORA11C	
SNORA11D	
SNORA11E	
SNORA12	-1.0
SNORA13	-0.9999999999999999
SNORA14A	1.0
SNORA14B	-1.0
SNORA15	
SNORA16B	-1.0
SNORA17	
SNORA18	
SNORA19	1.0
SNORA20	-1.0
SNORA21	
SNORA22	0.9999999999999998
SNORA23	-0.9999999999999999
SNORA24	1.0
SNORA25	
SNORA26	1.0
SNORA27	
SNORA28	-1.0
SNORA29	
SNORA2A	0.9999999999999998
SNORA2B	1.0
SNORA3	-0.9999999999999998
SNORA30	
SNORA31	-0.9999999999999999
SNORA32	
SNORA33	-0.9999999999999999
SNORA34	-1.0
SNORA35	-0.9999999999999998
SNORA36A	
SNORA36B	
SNORA36C	
SNORA37	-0.9999999999999998
SNORA38	
SNORA38B	-0.9999999999999998
SNORA4	
SNORA40	-1.0
SNORA41	-0.9999999999999998
SNORA42	0.9999999999999999
SNORA43	
SNORA44	
SNORA45	-0.9999999999999998
SNORA46	-1.0
SNORA47	-1.0
SNORA48	0.9999999999999998
SNORA49	-1.0
SNORA50	0.9999999999999999
SNORA51	-0.9999999999999998
SNORA52	
SNORA53	-0.9999999999999998
SNORA54	-0.9999999999999998
SNORA55	-1.0
SNORA56	
SNORA57	
SNORA58	-1.0
SNORA59A	-1.0
SNORA59B	
SNORA5A	0.9999999999999998
SNORA5B	
SNORA5C	-1.0
SNORA6	
SNORA60	-1.0
SNORA62	
SNORA63	-1.0
SNORA64	
SNORA65	-1.0
SNORA66	-0.9999999999999999
SNORA67	-1.0
SNORA68	-1.0
SNORA69	
SNORA70	1.0
SNORA70B	
SNORA70C	
SNORA70D	-0.9999999999999998
SNORA70E	
SNORA70F	-1.0
SNORA70G	
SNORA71A	0.9999999999999998
SNORA71B	-1.0
SNORA71C	0.9999999999999999
SNORA71D	-0.9999999999999998
SNORA72	1.0
SNORA73	-0.9999999999999998
SNORA73B	-1.0
SNORA74	-0.9999999999999998
SNORA74A	-1.0
SNORA74B	-1.0
SNORA75	-0.9999999999999998
SNORA76	0.9999999999999999
SNORA77	-1.0
SNORA79	-1.0
SNORA7A	
SNORA7B	-1.0
SNORA8	1.0
SNORA80	-0.9999999999999998
SNORA80B	-0.9999999999999998
SNORA81	-1.0
SNORA84	-1.0
SNORA9	-1.0
SNORD10	
SNORD100	-0.9999999999999999
SNORD101	-0.9999999999999999
SNORD102	
SNORD103A	-1.0
SNORD103B	-0.9999999999999998
SNORD104	0.9999999999999999
SNORD105	
SNORD105B	
SNORD108	0.9999999999999999
SNORD109A	-1.0
SNORD109B	
SNORD11	1.0
SNORD110	
SNORD111	1.0
SNORD111B	
SNORD112	1.0
SNORD113-1	
SNORD113-2	-1.0
SNORD113-3	-0.9999999999999998
SNORD113-4	1.0
SNORD113-5	
SNORD113-6	
SNORD113-7	
SNORD113-8	
SNORD113-9	
SNORD114-1	
SNORD114-10	
SNORD114-11	
SNORD114-12	
SNORD114-13	
SNORD114-14	1.0
SNORD114-15	
SNORD114-16	
SNORD114-17	0.9999999999999999
SNORD114-18	
SNORD114-19	
SNORD114-2	
SNORD114-20	
SNORD114-21	
SNORD114-22	
SNORD114-23	
SNORD114-24	
SNORD114-25	
SNORD114-26	
SNORD114-27	
SNORD114-28	
SNORD114-29	
SNORD114-3	
SNORD114-30	
SNORD114-31	
SNORD114-4	
SNORD114-5	
SNORD114-6	
SNORD114-7	
SNORD114-9	
SNORD115-1	
SNORD115-10	
SNORD115-11	
SNORD115-12	
SNORD115-14	
SNORD115-15	
SNORD115-16	
SNORD115-17	
SNORD115-18	
SNORD115-19	
SNORD115-2	
SNORD115-20	
SNORD115-21	
SNORD115-22	
SNORD115-23	
SNORD115-24	
SNORD115-25	
SNORD115-27	
SNORD115-28	
SNORD115-29	
SNORD115-3	
SNORD115-30	
SNORD115-31	
SNORD115-32	
SNORD115-33	
SNORD115-34	
SNORD115-35	
SNORD115-36	
SNORD115-37	
SNORD115-38	
SNORD115-39	
SNORD115-4	
SNORD115-40	
SNORD115-41	
SNORD115-42	
SNORD115-43	
SNORD115-44	
SNORD115-45	
SNORD115-47	
SNORD115-48	
SNORD115-5	
SNORD115-6	
SNORD115-8	
SNORD115-9	
SNORD116-1	-1.0
SNORD116-10	
SNORD116-11	
SNORD116-12	
SNORD116-13	-1.0
SNORD116-14	0.9999999999999998
SNORD116-15	
SNORD116-16	
SNORD116-17	
SNORD116-18	-1.0
SNORD116-19	-1.0
SNORD116-2	-1.0
SNORD116-20	1.0
SNORD116-23	
SNORD116-24	-1.0
SNORD116-25	-0.9999999999999998
SNORD116-26	
SNORD116-27	-0.9999999999999998
SNORD116-29	
SNORD116-3	-1.0
SNORD116-30	
SNORD116-5	
SNORD116-6	1.0
SNORD116-7	-1.0
SNORD116-8	
SNORD116-9	-0.9999999999999998
SNORD117	0.9999999999999999
SNORD118	
SNORD119	-0.9999999999999998
SNORD11B	1.0
SNORD12	-1.0
SNORD121A	1.0
SNORD121B	
SNORD123	-1.0
SNORD124	-0.9999999999999998
SNORD125	-0.9999999999999999
SNORD126	-1.0
SNORD127	1.0
SNORD12B	-1.0
SNORD12C	1.0
SNORD13	-0.9999999999999998
SNORD14	
SNORD14A	-1.0
SNORD14B	
SNORD14C	
SNORD14D	
SNORD14E	0.9999999999999999
SNORD15A	
SNORD15B	-1.0
SNORD16	
SNORD17	-1.0
SNORD18A	
SNORD18B	
SNORD18C	
SNORD19	-0.9999999999999998
SNORD19B	
SNORD1B	
SNORD2	
SNORD20	-1.0
SNORD21	
SNORD22	
SNORD23	
SNORD24	
SNORD27	0.9999999999999999
SNORD28	
SNORD29	
SNORD30	
SNORD31	
SNORD32A	
SNORD32B	
SNORD33	
SNORD34	
SNORD35A	
SNORD35B	
SNORD36A	
SNORD36B	
SNORD36C	
SNORD37	
SNORD38A	1.0
SNORD38B	
SNORD39	-0.9999999999999998
SNORD3A	-1.0
SNORD3B-1	-0.9999999999999998
SNORD3B-2	
SNORD3C	-1.0
SNORD3D	
SNORD41	-1.0
SNORD42A	
SNORD42B	
SNORD43	
SNORD44	
SNORD45A	
SNORD45B	
SNORD45C	
SNORD46	-1.0
SNORD48	
SNORD4A	-1.0
SNORD4B	
SNORD5	
SNORD51	-0.9999999999999998
SNORD52	
SNORD53	
SNORD54	
SNORD55	
SNORD56	-1.0
SNORD56B	
SNORD57	
SNORD58A	
SNORD58B	
SNORD58C	
SNORD59A	1.0
SNORD6	-1.0
SNORD60	-0.9999999999999998
SNORD61	
SNORD62A	
SNORD62B	0.9999999999999998
SNORD63	-0.9999999999999998
SNORD64	-0.9999999999999998
SNORD65	
SNORD66	1.0
SNORD67	1.0
SNORD68	
SNORD69	0.9999999999999998
SNORD7	-0.9999999999999998
SNORD70	
SNORD71	-1.0
SNORD72	1.0
SNORD73A	
SNORD74	1.0
SNORD75	
SNORD77	
SNORD78	-1.0
SNORD79	
SNORD8	-0.9999999999999998
SNORD81	
SNORD82	
SNORD83A	-0.9999999999999998
SNORD83B	
SNORD84	
SNORD85	1.0
SNORD86	
SNORD87	
SNORD88A	-1.0
SNORD88B	
SNORD88C	
SNORD89	0.9999999999999999
SNORD9	-1.0
SNORD90	
SNORD91A	-0.9999999999999998
SNORD91B	-0.9999999999999998
SNORD92	
SNORD93	-0.9999999999999998
SNORD94	1.0
SNORD95	
SNORD96A	
SNORD96B	
SNORD97	
SNORD98	
SNORD99	-0.9999999999999998
SNPH	1.0
SNRK	-1.0
SNRK-AS1	-1.0
SNRNP200	-0.9999999999999999
SNRNP25	-0.9999999999999999
SNRNP27	-0.9999999999999999
SNRNP35	-1.0
SNRNP40	-0.9999999999999998
SNRNP48	0.9999999999999999
SNRNP70	1.0
SNRPA	1.0
SNRPA1	1.0
SNRPB	1.0
SNRPB2	-1.0
SNRPBP1	
SNRPC	0.9999999999999999
SNRPD1	1.0
SNRPD2	1.0
SNRPD2P1	-1.0
SNRPD2P2	
SNRPD3	1.0
SNRPE	1.0
SNRPEP10	-0.9999999999999998
SNRPEP2	1.0
SNRPEP3	1.0
SNRPEP4	-0.9999999999999999
SNRPEP5	1.0
SNRPEP6	1.0
SNRPEP7	
SNRPEP8	
SNRPEP9	-0.9999999999999998
SNRPF	0.9999999999999999
SNRPFP1	-1.0
SNRPFP2	
SNRPFP3	
SNRPFP4	1.0
SNRPG	1.0
SNRPGP1	
SNRPGP10	1.0
SNRPGP11	
SNRPGP12	
SNRPGP13	
SNRPGP14	-1.0
SNRPGP2	1.0
SNRPGP3	
SNRPGP4	1.0
SNRPGP5	1.0
SNRPGP6	
SNRPGP7	
SNRPGP8	
SNRPGP9	1.0
SNRPN	-1.0
SNTA1	-1.0
SNTB1	-1.0
SNTB2	1.0
SNTG1	-0.9999999999999998
SNTG2	-0.9999999999999998
SNTN	-0.9999999999999998
SNUPN	-1.0
SNURF	-0.9999999999999999
SNURFL	
SNW1	0.9999999999999999
SNX1	1.0
SNX10	1.0
SNX11	-0.9999999999999999
SNX12	-1.0
SNX13	0.9999999999999999
SNX14	-1.0
SNX15	-1.0
SNX16	1.0
SNX17	-0.9999999999999999
SNX18	-0.9999999999999998
SNX18P13	-1.0
SNX18P14	
SNX18P15	1.0
SNX18P16	-0.9999999999999998
SNX18P2	
SNX18P23	0.9999999999999998
SNX18P24	-1.0
SNX18P25	
SNX18P26	
SNX18P27	1.0
SNX18P3	1.0
SNX18P4	1.0
SNX18P5	
SNX18P6	
SNX18P7	
SNX18P8	
SNX18P9	1.0
SNX19	1.0
SNX19P1	1.0
SNX19P2	-1.0
SNX19P3	0.9999999999999998
SNX2	1.0
SNX20	-0.9999999999999999
SNX21	-0.9999999999999999
SNX22	-1.0
SNX24	-0.9999999999999998
SNX25	-1.0
SNX25P1	-0.9999999999999998
SNX27	-1.0
SNX29	-1.0
SNX29P1	-0.9999999999999998
SNX29P2	-0.9999999999999999
SNX2P2	
SNX3	-1.0
SNX30	-1.0
SNX31	1.0
SNX32	-0.9999999999999998
SNX33	-1.0
SNX33P1	
SNX3P1X	
SNX4	0.9999999999999999
SNX5	-1.0
SNX5P1	-1.0
SNX6	0.9999999999999999
SNX6P1	-1.0
SNX7	0.9999999999999999
SNX8	1.0
SNX9	-0.9999999999999999
SOAT1	0.9999999999999999
SOAT2	-1.0
SOBP	-0.9999999999999999
SOCS1	0.9999999999999998
SOCS2	-1.0
SOCS2-AS1	-1.0
SOCS2P1	
SOCS2P2	
SOCS3	-1.0
SOCS4	-1.0
SOCS5	-1.0
SOCS5P1	-0.9999999999999998
SOCS5P2	
SOCS5P3	-0.9999999999999998
SOCS5P4	1.0
SOCS5P5	
SOCS6	0.9999999999999998
SOCS7	-0.9999999999999998
SOD1	0.9999999999999999
SOD1P1	
SOD1P2	1.0
SOD1P3	1.0
SOD2	0.9999999999999998
SOD2P1	
SOD3	-1.0
SOGA1	-0.9999999999999999
SOGA2	-1.0
SOGA2P1	
SOGA3	1.0
SOHLH1	-0.9999999999999998
SOHLH2	-1.0
SON	-1.0
SORBS1	-0.9999999999999998
SORBS2	-0.9999999999999999
SORBS3	0.9999999999999999
SORCS1	-1.0
SORCS2	-0.9999999999999999
SORCS3	-1.0
SORCS3-AS1	1.0
SORD	-0.9999999999999998
SORL1	-0.9999999999999999
SORT1	-1.0
SOS1	1.0
SOS1-IT1	-0.9999999999999999
SOS2	0.9999999999999998
SOST	-1.0
SOSTDC1	-0.9999999999999999
SOWAHA	-0.9999999999999999
SOWAHB	-1.0
SOWAHC	-0.9999999999999999
SOWAHD	0.9999999999999999
SOX1	-0.9999999999999998
SOX10	-1.0
SOX11	0.9999999999999999
SOX12	-0.9999999999999998
SOX13	-1.0
SOX14	
SOX15	0.9999999999999999
SOX17	0.9999999999999998
SOX18	-0.9999999999999999
SOX2	-0.9999999999999999
SOX2-OT	-1.0
SOX21	-0.9999999999999998
SOX21-AS1	0.9999999999999998
SOX3	1.0
SOX30	-1.0
SOX4	1.0
SOX5	-0.9999999999999999
SOX5P	
SOX6	1.0
SOX7	-1.0
SOX8	-1.0
SOX9	0.9999999999999999
SP1	1.0
SP100	0.9999999999999999
SP110	-1.0
SP140	-0.9999999999999999
SP140L	0.9999999999999999
SP2	-1.0
SP3	0.9999999999999998
SP3P	-0.9999999999999998
SP4	-1.0
SP5	0.9999999999999999
SP6	-0.9999999999999999
SP7	1.0
SP8	0.9999999999999999
SP9	
SPA17	-0.9999999999999999
SPA17P1	1.0
SPACA1	-0.9999999999999998
SPACA3	1.0
SPACA4	-1.0
SPACA5	
SPACA5B	
SPACA7	-0.9999999999999998
SPAG1	-1.0
SPAG11A	
SPAG11B	
SPAG16	0.9999999999999998
SPAG17	-0.9999999999999998
SPAG4	-0.9999999999999999
SPAG5	-1.0
SPAG5-AS1	-0.9999999999999999
SPAG6	1.0
SPAG7	-0.9999999999999999
SPAG8	-0.9999999999999998
SPAG9	-1.0
SPAM1	1.0
SPANXA1	
SPANXA2	
SPANXA2-OT1	
SPANXB1	
SPANXB2	
SPANXC	
SPANXD	
SPANXN1	
SPANXN2	
SPANXN3	0.9999999999999998
SPANXN4	
SPANXN5	
SPARC	-1.0
SPARCL1	-1.0
SPAST	-1.0
SPATA1	1.0
SPATA12	-0.9999999999999999
SPATA13	0.9999999999999999
SPATA13-AS1	
SPATA16	-1.0
SPATA17	0.9999999999999999
SPATA18	0.9999999999999999
SPATA19	
SPATA2	0.9999999999999999
SPATA20	1.0
SPATA20P1	0.9999999999999998
SPATA21	-1.0
SPATA22	-1.0
SPATA24	1.0
SPATA25	1.0
SPATA2L	-0.9999999999999999
SPATA2P1	
SPATA3	
SPATA31A1	
SPATA31A2	
SPATA31A3	
SPATA31A4	1.0
SPATA31A5	1.0
SPATA31A6	
SPATA31A7	
SPATA31B1	
SPATA31C1	-0.9999999999999998
SPATA31C2	-1.0
SPATA31D1	-1.0
SPATA31D2P	-0.9999999999999998
SPATA31D3	
SPATA31D4	
SPATA31D5P	-1.0
SPATA31E1	-0.9999999999999999
SPATA31E2P	1.0
SPATA31E3P	-0.9999999999999998
SPATA32	-1.0
SPATA33	-1.0
SPATA4	-0.9999999999999998
SPATA41	1.0
SPATA42	
SPATA5	-1.0
SPATA5L1	-1.0
SPATA6	0.9999999999999999
SPATA6L	-1.0
SPATA7	1.0
SPATA8	-0.9999999999999998
SPATA8-AS1	
SPATA9	-1.0
SPATC1	-0.9999999999999998
SPATC1L	-1.0
SPATS1	1.0
SPATS2	-1.0
SPATS2L	0.9999999999999998
SPC24	1.0
SPC25	0.9999999999999998
SPCS1	-1.0
SPCS2	0.9999999999999999
SPCS2P1	-1.0
SPCS2P3	
SPCS2P4	-1.0
SPCS3	-1.0
SPDEF	0.9999999999999998
SPDL1	0.9999999999999999
SPDYA	0.9999999999999998
SPDYC	-0.9999999999999998
SPDYE1	-0.9999999999999998
SPDYE2	
SPDYE2B	
SPDYE3	1.0
SPDYE4	-0.9999999999999998
SPDYE6	-1.0
SPDYE7P	
SPDYE8P	
SPDYE9P	-1.0
SPECC1	-0.9999999999999999
SPECC1L	-0.9999999999999998
SPECC1L-ADORA2A	-0.9999999999999998
SPEF1	-1.0
SPEF2	1.0
SPEG	-0.9999999999999997
SPEM1	0.9999999999999999
SPEN	-1.0
SPERT	-1.0
SPESP1	-1.0
SPG11	1.0
SPG20	-0.9999999999999999
SPG20OS	-0.9999999999999998
SPG21	-1.0
SPG7	1.0
SPHK1	-1.0
SPHK2	0.9999999999999999
SPHKAP	-0.9999999999999998
SPI1	0.9999999999999998
SPIB	-1.0
SPIC	-1.0
SPICE1	-1.0
SPIDR	-0.9999999999999999
SPIN1	-1.0
SPIN2A	-0.9999999999999998
SPIN2B	-1.0
SPIN3	1.0
SPIN4	-0.9999999999999999
SPIN4-AS1	
SPINK1	0.9999999999999999
SPINK13	1.0
SPINK14	-1.0
SPINK2	-1.0
SPINK4	-1.0
SPINK5	-1.0
SPINK6	
SPINK7	
SPINK8	1.0
SPINK9	-1.0
SPINT1	-0.9999999999999999
SPINT2	1.0
SPINT3	
SPINT4	
SPINT5P	
SPIRE1	-1.0
SPIRE2	-1.0
SPN	0.9999999999999999
SPNS1	-1.0
SPNS2	-1.0
SPNS3	-0.9999999999999998
SPO11	
SPOCD1	-0.9999999999999998
SPOCK1	-1.0
SPOCK2	-0.9999999999999999
SPOCK3	1.0
SPON1	-1.0
SPON2	1.0
SPOP	-1.0
SPOPL	0.9999999999999998
SPP1	-0.9999999999999998
SPP2	
SPPL2A	-1.0
SPPL2B	1.0
SPPL2C	-1.0
SPPL3	-0.9999999999999999
SPR	-0.9999999999999999
SPRED1	-0.9999999999999999
SPRED2	-1.0
SPRED3	0.9999999999999999
SPRN	-0.9999999999999998
SPRR1A	-0.9999999999999998
SPRR1B	1.0
SPRR2A	-0.9999999999999998
SPRR2B	
SPRR2C	
SPRR2D	-0.9999999999999998
SPRR2E	-0.9999999999999998
SPRR2F	
SPRR2G	
SPRR3	0.9999999999999999
SPRR4	-0.9999999999999998
SPRTN	0.9999999999999999
SPRY1	-0.9999999999999998
SPRY2	-1.0
SPRY3	-0.9999999999999999
SPRY4	-1.0
SPRYD3	-0.9999999999999999
SPRYD4	1.0
SPRYD7	0.9999999999999999
SPSB1	-0.9999999999999999
SPSB2	1.0
SPSB3	0.9999999999999999
SPSB4	0.9999999999999998
SPTA1	0.9999999999999998
SPTAN1	-0.9999999999999999
SPTB	-0.9999999999999999
SPTBN1	-0.9999999999999999
SPTBN2	-0.9999999999999998
SPTBN4	0.9999999999999999
SPTBN5	-1.0
SPTLC1	1.0
SPTLC1P1	0.9999999999999999
SPTLC1P2	1.0
SPTLC1P3	
SPTLC1P4	
SPTLC1P5	
SPTLC2	-1.0
SPTLC3	-0.9999999999999998
SPTSSA	-0.9999999999999999
SPTSSB	1.0
SPTY2D1	-0.9999999999999999
SPTY2D1-AS1	-0.9999999999999998
SPZ1	-1.0
SQLE	-1.0
SQRDL	0.9999999999999998
SQSTM1	-0.9999999999999999
SQSTM1P1	-0.9999999999999998
SRA1	-0.9999999999999998
SRBD1	-1.0
SRC	1.0
SRCAP	-0.9999999999999999
SRCIN1	-1.0
SRCRB4D	-0.9999999999999999
SRD5A1	0.9999999999999998
SRD5A1P1	1.0
SRD5A2	0.9999999999999999
SRD5A3	-0.9999999999999998
SRD5A3-AS1	-1.0
SREBF1	-1.0
SREBF2	-0.9999999999999999
SREK1	-0.9999999999999998
SREK1IP1	-0.9999999999999999
SRF	-1.0
SRFBP1	0.9999999999999999
SRGAP1	-0.9999999999999998
SRGAP2	-1.0
SRGAP2-AS1	-0.9999999999999998
SRGAP2B	1.0
SRGAP2C	-1.0
SRGAP3	0.9999999999999999
SRGAP3-AS1	
SRGAP3-AS2	1.0
SRGAP3-AS3	
SRGAP3-AS4	
SRGN	-1.0
SRGNP1	-0.9999999999999998
SRI	-0.9999999999999998
SRIP1	
SRIP2	
SRIP3	-1.0
SRL	-0.9999999999999999
SRM	-0.9999999999999998
SRMP1	-0.9999999999999998
SRMP2	
SRMS	0.9999999999999998
SRP14	0.9999999999999998
SRP14-AS1	-1.0
SRP19	0.9999999999999999
SRP54	-1.0
SRP68	-1.0
SRP68P1	
SRP68P2	
SRP68P3	
SRP72	-1.0
SRP72P1	-1.0
SRP72P2	0.9999999999999998
SRP9	-0.9999999999999998
SRP9P1	-0.9999999999999999
SRPK1	0.9999999999999998
SRPK2	-0.9999999999999999
SRPK3	-0.9999999999999998
SRPR	-1.0
SRPRB	-1.0
SRPX	-0.9999999999999999
SRPX2	-1.0
SRR	0.9999999999999999
SRRD	-1.0
SRRM1	-1.0
SRRM1P2	
SRRM1P3	1.0
SRRM2	-0.9999999999999998
SRRM2-AS1	0.9999999999999999
SRRM3	-1.0
SRRM4	-0.9999999999999999
SRRM5	1.0
SRRT	0.9999999999999999
SRSF1	1.0
SRSF10	1.0
SRSF10P1	-1.0
SRSF11	-1.0
SRSF12	-0.9999999999999999
SRSF1P1	
SRSF2	0.9999999999999998
SRSF3	0.9999999999999998
SRSF4	-1.0
SRSF5	-0.9999999999999999
SRSF6	-0.9999999999999999
SRSF7	-1.0
SRSF8	-1.0
SRSF9	0.9999999999999999
SRSF9P1	1.0
SRXN1	1.0
SRY	
SS18	-0.9999999999999999
SS18L1	-0.9999999999999999
SS18L2	-0.9999999999999999
SS18L2P1	-0.9999999999999998
SS18L2P2	
SSB	0.9999999999999998
SSBP1	1.0
SSBP2	-1.0
SSBP3	-0.9999999999999999
SSBP3-AS1	1.0
SSBP4	0.9999999999999999
SSC5D	-0.9999999999999998
SSFA2	-0.9999999999999998
SSH1	-0.9999999999999998
SSH2	-1.0
SSH3	-1.0
SSMEM1	-1.0
SSNA1	-1.0
SSPN	-1.0
SSPO	-1.0
SSR1	-1.0
SSR1P1	
SSR1P2	
SSR2	-1.0
SSR3	-1.0
SSR4	-0.9999999999999999
SSR4P1	-1.0
SSRP1	-1.0
SSSCA1	0.9999999999999999
SSSCA1-AS1	-1.0
SST	0.9999999999999998
SSTR1	1.0
SSTR2	0.9999999999999999
SSTR3	1.0
SSTR4	-0.9999999999999998
SSTR5	0.9999999999999999
SSTR5-AS1	1.0
SSU72	-0.9999999999999998
SSU72P1	1.0
SSU72P2	
SSU72P3	
SSU72P4	
SSU72P5	
SSU72P6	
SSU72P7	
SSU72P8	
SSUH2	-0.9999999999999998
SSX1	-1.0
SSX2	
SSX2B	
SSX2IP	0.9999999999999999
SSX3	-0.9999999999999998
SSX4	
SSX4B	
SSX5	-0.9999999999999999
SSX6	
SSX7	
SSX8	
SSX9	
SSXP1	
SSXP10	
SSXP3	
SSXP4	
SSXP5	
SSXP9	
ST13	0.9999999999999998
ST13P10	-1.0
ST13P11	-1.0
ST13P12	-1.0
ST13P13	-0.9999999999999997
ST13P14	
ST13P15	-1.0
ST13P16	
ST13P18	1.0
ST13P19	0.9999999999999999
ST13P2	1.0
ST13P20	0.9999999999999999
ST13P21	-0.9999999999999999
ST13P3	-1.0
ST13P4	-1.0
ST13P5	-0.9999999999999999
ST13P6	-0.9999999999999998
ST14	0.9999999999999999
ST18	1.0
ST20	-1.0
ST20-MTHFS	
ST3GAL1	-0.9999999999999998
ST3GAL1P1	-1.0
ST3GAL2	-1.0
ST3GAL3	-0.9999999999999998
ST3GAL4	-0.9999999999999999
ST3GAL5	-0.9999999999999999
ST3GAL6	-1.0
ST3GAL6-AS1	-0.9999999999999999
ST5	0.9999999999999999
ST6GAL1	-0.9999999999999998
ST6GAL2	-1.0
ST6GAL2-IT1	0.9999999999999999
ST6GALNAC1	0.9999999999999999
ST6GALNAC2	-0.9999999999999999
ST6GALNAC2P1	1.0
ST6GALNAC3	0.9999999999999998
ST6GALNAC4	-1.0
ST6GALNAC4P1	-0.9999999999999998
ST6GALNAC5	-0.9999999999999999
ST6GALNAC6	-1.0
ST7	-0.9999999999999999
ST7-AS1	1.0
ST7-AS2	-1.0
ST7-OT4	-1.0
ST7L	-0.9999999999999999
ST8SIA1	-1.0
ST8SIA2	0.9999999999999999
ST8SIA3	1.0
ST8SIA4	-1.0
ST8SIA5	-0.9999999999999998
ST8SIA6	-1.0
ST8SIA6-AS1	-1.0
STAB1	0.9999999999999999
STAB2	-0.9999999999999998
STAC	0.9999999999999999
STAC2	-0.9999999999999999
STAC3	1.0
STAG1	-0.9999999999999999
STAG2	-0.9999999999999998
STAG3	-0.9999999999999999
STAG3L1	1.0
STAG3L2	0.9999999999999999
STAG3L3	-0.9999999999999999
STAG3L4	-1.0
STAG3L5P	-0.9999999999999998
STAG3L5P-PVRIG2P-PILRB	
STAM	-0.9999999999999998
STAM2	0.9999999999999999
STAMBP	-0.9999999999999998
STAMBPL1	-0.9999999999999999
STAP1	-1.0
STAP2	0.9999999999999998
STAR	-1.0
STARD10	0.9999999999999999
STARD13	-0.9999999999999998
STARD13-AS	-0.9999999999999999
STARD13-IT1	
STARD3	-1.0
STARD3NL	0.9999999999999999
STARD4	-1.0
STARD4-AS1	1.0
STARD5	-1.0
STARD6	1.0
STARD7	-0.9999999999999999
STARD8	-1.0
STARD9	-1.0
STARP1	
STAT1	1.0
STAT2	0.9999999999999998
STAT3	0.9999999999999999
STAT4	0.9999999999999999
STAT5A	0.9999999999999999
STAT5B	-0.9999999999999999
STAT6	1.0
STATH	
STAU1	-1.0
STAU2	-0.9999999999999998
STAU2-AS1	-0.9999999999999999
STC1	-0.9999999999999998
STC2	-1.0
STEAP1	-1.0
STEAP1B	-0.9999999999999998
STEAP2	-1.0
STEAP2-AS1	0.9999999999999999
STEAP3	1.0
STEAP3-AS1	0.9999999999999999
STEAP4	-1.0
STH	-0.9999999999999998
STIL	1.0
STIM1	-0.9999999999999999
STIM2	-0.9999999999999999
STIP1	-0.9999999999999999
STK10	-1.0
STK11	0.9999999999999998
STK11IP	-0.9999999999999998
STK16	1.0
STK17A	-1.0
STK17B	-1.0
STK19	-1.0
STK19P	-0.9999999999999998
STK24	0.9999999999999998
STK24-AS1	0.9999999999999998
STK25	1.0
STK3	1.0
STK31	1.0
STK32A	-1.0
STK32B	-1.0
STK32C	1.0
STK33	1.0
STK33P1	
STK35	-0.9999999999999999
STK36	-1.0
STK38	1.0
STK38L	0.9999999999999999
STK39	0.9999999999999997
STK4	-0.9999999999999999
STK4-AS1	-1.0
STK40	-1.0
STMN1	0.9999999999999999
STMN1P2	
STMN2	-1.0
STMN3	-0.9999999999999999
STMN4	-0.9999999999999998
STMND1	0.9999999999999998
STOM	1.0
STOML1	1.0
STOML2	-0.9999999999999998
STOML3	0.9999999999999998
STON1	-0.9999999999999999
STON1-GTF2A1L	-1.0
STON2	-1.0
STOX1	1.0
STOX2	-1.0
STPG1	0.9999999999999999
STPG2	-1.0
STPG2-AS1	
STRA13	1.0
STRA6	-1.0
STRA8	
STRADA	-1.0
STRADB	-0.9999999999999999
STRADBP1	1.0
STRAP	-0.9999999999999999
STRBP	1.0
STRC	-1.0
STRCP1	-1.0
STRIP1	-0.9999999999999998
STRIP2	-0.9999999999999998
STRN	0.9999999999999999
STRN3	-1.0
STRN4	1.0
STS	-1.0
STSP1	1.0
STT3A	-0.9999999999999999
STT3A-AS1	-1.0
STT3B	-0.9999999999999999
STUB1	-0.9999999999999998
STX10	-1.0
STX11	1.0
STX12	1.0
STX16	-0.9999999999999998
STX16-NPEPL1	-0.9999999999999998
STX17	0.9999999999999999
STX18	0.9999999999999999
STX18-AS1	-0.9999999999999999
STX18-IT1	
STX19	0.9999999999999999
STX1A	0.9999999999999998
STX1B	0.9999999999999999
STX2	-0.9999999999999998
STX3	0.9999999999999999
STX4	0.9999999999999998
STX5	-1.0
STX6	-0.9999999999999999
STX7	-0.9999999999999999
STX8	-0.9999999999999999
STXBP1	-0.9999999999999999
STXBP2	1.0
STXBP3	1.0
STXBP4	-1.0
STXBP5	1.0
STXBP5-AS1	-0.9999999999999998
STXBP5L	0.9999999999999998
STXBP6	0.9999999999999999
STYK1	0.9999999999999999
STYX	-0.9999999999999999
STYXL1	-1.0
SUB1	-1.0
SUB1P1	-1.0
SUB1P2	
SUB1P3	-0.9999999999999999
SUB1P4	
SUCLA2	-0.9999999999999998
SUCLA2-AS1	-0.9999999999999998
SUCLA2P1	0.9999999999999998
SUCLA2P2	-0.9999999999999998
SUCLA2P3	-0.9999999999999999
SUCLG1	-1.0
SUCLG2	1.0
SUCLG2P2	-1.0
SUCLG2P4	
SUCNR1	-0.9999999999999998
SUCO	1.0
SUDS3	-1.0
SUDS3P1	1.0
SUFU	-1.0
SUGP1	0.9999999999999998
SUGP2	-1.0
SUGT1	-1.0
SUGT1P	0.9999999999999999
SUGT1P2	0.9999999999999998
SUGT1P3	-1.0
SULF1	-0.9999999999999999
SULF2	-0.9999999999999998
SULT1A1	1.0
SULT1A2	1.0
SULT1A3	-1.0
SULT1A4	-0.9999999999999998
SULT1B1	0.9999999999999999
SULT1C2	-1.0
SULT1C2P1	-1.0
SULT1C3	0.9999999999999999
SULT1C4	-1.0
SULT1D1P	
SULT1E1	-0.9999999999999999
SULT2A1	-0.9999999999999998
SULT2B1	-1.0
SULT4A1	-1.0
SULT6B1	1.0
SUMF1	-1.0
SUMF2	-0.9999999999999998
SUMO1	0.9999999999999998
SUMO1P1	-0.9999999999999998
SUMO1P2	
SUMO1P3	-0.9999999999999998
SUMO1P4	-1.0
SUMO2	1.0
SUMO2P1	0.9999999999999999
SUMO2P2	
SUMO2P3	-0.9999999999999998
SUMO2P4	0.9999999999999999
SUMO2P5	
SUMO2P6	-0.9999999999999999
SUMO2P7	
SUMO2P8	1.0
SUMO3	0.9999999999999999
SUMO4	-1.0
SUN1	-0.9999999999999998
SUN2	-0.9999999999999998
SUN3	-1.0
SUN5	
SUOX	0.9999999999999998
SUPT16H	1.0
SUPT20H	-0.9999999999999998
SUPT20HL1	-0.9999999999999999
SUPT20HL2	-0.9999999999999998
SUPT3H	1.0
SUPT4H1	-0.9999999999999998
SUPT5H	-1.0
SUPT6H	0.9999999999999998
SUPT7L	-1.0
SUPV3L1	1.0
SURF1	-0.9999999999999998
SURF2	-0.9999999999999998
SURF4	1.0
SURF6	0.9999999999999999
SURF6P1	
SUSD1	-1.0
SUSD2	-0.9999999999999999
SUSD3	-0.9999999999999998
SUSD4	1.0
SUSD5	-0.9999999999999999
SUV39H1	-1.0
SUV39H2	1.0
SUV420H1	1.0
SUV420H2	1.0
SUZ12	-0.9999999999999999
SUZ12P	0.9999999999999999
SV2A	-1.0
SV2B	-1.0
SV2C	1.0
SVEP1	-0.9999999999999999
SVIL	-1.0
SVILP1	1.0
SVIP	0.9999999999999999
SVOP	1.0
SVOPL	-0.9999999999999999
SWAP70	-1.0
SWI5	-0.9999999999999999
SWSAP1	-1.0
SWT1	-1.0
SYAP1	-1.0
SYBU	0.9999999999999998
SYCE1	-1.0
SYCE1L	0.9999999999999998
SYCE2	1.0
SYCE3	-1.0
SYCN	
SYCP1	-0.9999999999999998
SYCP2	-1.0
SYCP2L	0.9999999999999998
SYCP3	0.9999999999999999
SYDE1	-1.0
SYDE2	-0.9999999999999999
SYF2	-0.9999999999999998
SYF2P1	1.0
SYF2P2	
SYK	-0.9999999999999999
SYMPK	0.9999999999999999
SYN1	-0.9999999999999999
SYN2	-1.0
SYN3	-0.9999999999999998
SYNC	0.9999999999999998
SYNCRIP	0.9999999999999999
SYNDIG1	-0.9999999999999998
SYNDIG1L	0.9999999999999998
SYNE1	-1.0
SYNE1-AS1	-1.0
SYNE2	0.9999999999999999
SYNE3	-1.0
SYNE4	0.9999999999999998
SYNGAP1	-0.9999999999999998
SYNGR1	-0.9999999999999999
SYNGR2	-1.0
SYNGR3	-1.0
SYNGR4	1.0
SYNJ1	-1.0
SYNJ2	-1.0
SYNJ2-IT1	-0.9999999999999998
SYNJ2BP	0.9999999999999998
SYNJ2BP-COX16	
SYNM	-0.9999999999999999
SYNPO	-1.0
SYNPO2	-1.0
SYNPO2L	-1.0
SYNPR	0.9999999999999998
SYNPR-AS1	0.9999999999999999
SYNRG	-1.0
SYP	1.0
SYP-AS1	
SYPL1	-1.0
SYPL2	-0.9999999999999998
SYS1	-0.9999999999999998
SYS1-DBNDD2	-0.9999999999999998
SYT1	-0.9999999999999998
SYT10	-0.9999999999999998
SYT11	-0.9999999999999999
SYT12	-0.9999999999999999
SYT13	0.9999999999999999
SYT14	-1.0
SYT15	-0.9999999999999999
SYT16	-0.9999999999999997
SYT17	-1.0
SYT2	-0.9999999999999999
SYT3	-1.0
SYT4	-1.0
SYT5	1.0
SYT6	-0.9999999999999998
SYT7	-1.0
SYT8	-1.0
SYT9	-1.0
SYTL1	-0.9999999999999998
SYTL2	0.9999999999999999
SYTL3	-0.9999999999999999
SYTL4	-1.0
SYTL5	-0.9999999999999999
SYVN1	-1.0
SZRD1	0.9999999999999999
SZT2	1.0
SZT2-AS1	1.0
T	1.0
TAAR1	
TAAR2	
TAAR3	1.0
TAAR4P	
TAAR5	0.9999999999999999
TAAR6	
TAAR7P	
TAAR8	
TAAR9	
TAB1	1.0
TAB2	-1.0
TAB3	-0.9999999999999999
TAB3-AS1	
TAB3-AS2	
TAB3P1	
TAC1	1.0
TAC3	-1.0
TAC4	-0.9999999999999998
TACC1	-1.0
TACC1P1	1.0
TACC2	-0.9999999999999998
TACC3	0.9999999999999999
TACO1	1.0
TACR1	-1.0
TACR2	0.9999999999999999
TACR3	0.9999999999999999
TACSTD2	-1.0
TADA1	-0.9999999999999999
TADA2A	1.0
TADA2B	-0.9999999999999999
TADA3	-0.9999999999999998
TAF1	0.9999999999999999
TAF10	1.0
TAF11	-0.9999999999999999
TAF12	-1.0
TAF13	-1.0
TAF13P2	
TAF15	1.0
TAF1A	-1.0
TAF1B	-0.9999999999999999
TAF1C	-1.0
TAF1D	-1.0
TAF1L	
TAF2	1.0
TAF3	-0.9999999999999998
TAF4	1.0
TAF4B	1.0
TAF5	0.9999999999999998
TAF5L	-1.0
TAF6	-1.0
TAF6L	0.9999999999999999
TAF7	-0.9999999999999998
TAF7L	-0.9999999999999999
TAF8	1.0
TAF9	-0.9999999999999999
TAF9B	-0.9999999999999999
TAF9BP1	1.0
TAF9BP2	
TAF9P1	
TAF9P2	
TAF9P3	-1.0
TAGAP	-0.9999999999999999
TAGLN	-1.0
TAGLN2	-0.9999999999999999
TAGLN2P1	1.0
TAGLN3	-1.0
TAL1	-0.9999999999999999
TAL2	1.0
TALDO1	-0.9999999999999999
TAMM41	-0.9999999999999999
TANC1	-1.0
TANC2	0.9999999999999999
TANGO2	0.9999999999999999
TANGO6	-1.0
TANK	-1.0
TAOK1	-0.9999999999999998
TAOK2	0.9999999999999999
TAOK3	0.9999999999999999
TAP1	0.9999999999999999
TAP2	0.9999999999999999
TAPBP	1.0
TAPBPL	0.9999999999999999
TAPSAR1	0.9999999999999998
TAPT1	-1.0
TAPT1-AS1	1.0
TARBP1	1.0
TARBP2	-0.9999999999999999
TARDBP	-1.0
TARDBPP1	1.0
TARDBPP2	0.9999999999999999
TARM1	-0.9999999999999998
TARS	0.9999999999999998
TARS2	1.0
TARS2P1	1.0
TARSL2	-0.9999999999999999
TAS1R1	1.0
TAS1R2	
TAS1R3	-0.9999999999999999
TAS2R1	
TAS2R10	-0.9999999999999998
TAS2R12	1.0
TAS2R13	
TAS2R14	-1.0
TAS2R15	0.9999999999999998
TAS2R16	
TAS2R18	-0.9999999999999998
TAS2R19	-1.0
TAS2R20	-1.0
TAS2R2P	
TAS2R3	-1.0
TAS2R30	-1.0
TAS2R31	0.9999999999999998
TAS2R38	-1.0
TAS2R39	
TAS2R4	-0.9999999999999999
TAS2R40	
TAS2R41	
TAS2R42	
TAS2R43	-1.0
TAS2R46	-0.9999999999999997
TAS2R5	-0.9999999999999999
TAS2R50	-1.0
TAS2R6	-0.9999999999999999
TAS2R60	
TAS2R62P	1.0
TAS2R63P	
TAS2R64P	-1.0
TAS2R67P	-0.9999999999999998
TAS2R7	
TAS2R8	1.0
TAS2R9	1.0
TASP1	-0.9999999999999999
TAT	1.0
TATDN1	0.9999999999999998
TATDN1P1	0.9999999999999999
TATDN2	-1.0
TATDN2P1	-0.9999999999999998
TATDN2P2	-0.9999999999999999
TATDN2P3	1.0
TATDN3	-1.0
TAX1BP1	-0.9999999999999999
TAX1BP3	-1.0
TAZ	-0.9999999999999998
TBATA	1.0
TBC1D1	-0.9999999999999998
TBC1D10A	-0.9999999999999998
TBC1D10B	-1.0
TBC1D10C	-1.0
TBC1D12	-0.9999999999999999
TBC1D13	-1.0
TBC1D14	1.0
TBC1D15	0.9999999999999999
TBC1D16	1.0
TBC1D17	-0.9999999999999999
TBC1D19	-0.9999999999999999
TBC1D2	-0.9999999999999999
TBC1D20	-0.9999999999999998
TBC1D21	1.0
TBC1D22A	1.0
TBC1D22B	1.0
TBC1D23	1.0
TBC1D24	-1.0
TBC1D25	-0.9999999999999999
TBC1D26	
TBC1D27	-0.9999999999999998
TBC1D28	1.0
TBC1D29	-0.9999999999999998
TBC1D2B	-0.9999999999999998
TBC1D3	-1.0
TBC1D30	1.0
TBC1D31	0.9999999999999999
TBC1D32	0.9999999999999999
TBC1D3B	-0.9999999999999998
TBC1D3C	
TBC1D3F	-1.0
TBC1D3G	
TBC1D3H	
TBC1D3P1	
TBC1D3P1-DHX40P1	1.0
TBC1D3P2	1.0
TBC1D3P3	
TBC1D3P4	
TBC1D3P5	-1.0
TBC1D3P6	1.0
TBC1D3P7	-0.9999999999999998
TBC1D4	-1.0
TBC1D5	-0.9999999999999999
TBC1D7	-0.9999999999999998
TBC1D8	-0.9999999999999998
TBC1D8B	0.9999999999999998
TBC1D9	-0.9999999999999998
TBC1D9B	-0.9999999999999999
TBCA	0.9999999999999999
TBCAP1	1.0
TBCAP2	-0.9999999999999998
TBCAP3	-1.0
TBCB	-1.0
TBCC	0.9999999999999998
TBCCD1	-1.0
TBCD	-0.9999999999999999
TBCE	-1.0
TBCEL	-1.0
TBCK	-0.9999999999999999
TBK1	1.0
TBKBP1	-0.9999999999999999
TBL1X	-0.9999999999999999
TBL1XR1	-0.9999999999999998
TBL1XR1-AS1	
TBL1Y	1.0
TBL1YP1	
TBL2	-0.9999999999999999
TBL3	1.0
TBP	-1.0
TBPL1	1.0
TBPL2	-0.9999999999999998
TBR1	-0.9999999999999998
TBRG1	-0.9999999999999999
TBRG4	-0.9999999999999998
TBX1	-0.9999999999999999
TBX10	0.9999999999999999
TBX15	-1.0
TBX18	1.0
TBX19	1.0
TBX2	-1.0
TBX20	0.9999999999999999
TBX21	-0.9999999999999999
TBX22	-0.9999999999999999
TBX3	1.0
TBX4	0.9999999999999999
TBX5	-0.9999999999999998
TBX5-AS1	-0.9999999999999998
TBX6	-1.0
TBXA2R	-1.0
TBXAS1	-1.0
TC2N	0.9999999999999999
TCAIM	1.0
TCAM1P	-0.9999999999999998
TCAP	-1.0
TCEA1	-1.0
TCEA1P1	-1.0
TCEA1P2	1.0
TCEA1P4	1.0
TCEA2	-0.9999999999999999
TCEA3	0.9999999999999998
TCEAL1	1.0
TCEAL2	-1.0
TCEAL3	0.9999999999999998
TCEAL3-AS1	
TCEAL4	1.0
TCEAL4P1	
TCEAL5	-1.0
TCEAL6	-1.0
TCEAL7	-0.9999999999999998
TCEAL8	0.9999999999999999
TCEANC	-1.0
TCEANC2	1.0
TCEB1	-1.0
TCEB1P10	
TCEB1P11	
TCEB1P12	
TCEB1P13	
TCEB1P14	
TCEB1P15	
TCEB1P16	
TCEB1P17	
TCEB1P18	
TCEB1P19	0.9999999999999998
TCEB1P2	1.0
TCEB1P20	1.0
TCEB1P21	-0.9999999999999998
TCEB1P22	
TCEB1P23	
TCEB1P24	
TCEB1P26	
TCEB1P28	-0.9999999999999998
TCEB1P29	
TCEB1P3	1.0
TCEB1P30	
TCEB1P31	
TCEB1P32	
TCEB1P33	
TCEB1P34	
TCEB1P35	
TCEB1P4	-0.9999999999999998
TCEB1P5	
TCEB1P6	
TCEB1P7	
TCEB1P8	
TCEB1P9	
TCEB2	1.0
TCEB2P1	1.0
TCEB2P2	0.9999999999999999
TCEB2P3	
TCEB2P4	-0.9999999999999998
TCEB3	-1.0
TCEB3B	-0.9999999999999998
TCEB3C	-0.9999999999999999
TCEB3CL	
TCEB3CL2	
TCERG1	1.0
TCERG1L	-1.0
TCF12	-1.0
TCF15	-0.9999999999999998
TCF19	0.9999999999999999
TCF20	1.0
TCF21	-1.0
TCF23	1.0
TCF24	-0.9999999999999998
TCF25	1.0
TCF3	-0.9999999999999999
TCF4	-1.0
TCF7	-0.9999999999999998
TCF7L1	-1.0
TCF7L1-IT1	
TCF7L2	-0.9999999999999998
TCFL5	-1.0
TCHH	-1.0
TCHHL1	
TCHP	0.9999999999999999
TCIRG1	0.9999999999999998
TCL1A	-1.0
TCL1B	1.0
TCL6	-1.0
TCN1	-1.0
TCN2	-1.0
TCOF1	-0.9999999999999998
TCP1	-1.0
TCP10	0.9999999999999999
TCP10L	0.9999999999999998
TCP10L2	0.9999999999999999
TCP11	0.9999999999999998
TCP11L1	1.0
TCP11L2	-1.0
TCP11X1	
TCP11X2	
TCP11X3P	
TCP1P1	0.9999999999999998
TCTA	-1.0
TCTE1	-0.9999999999999998
TCTE3	-1.0
TCTEX1D1	-1.0
TCTEX1D2	0.9999999999999999
TCTEX1D4	-0.9999999999999998
TCTN1	-1.0
TCTN2	-1.0
TCTN3	-1.0
TDG	-0.9999999999999999
TDGF1	-0.9999999999999999
TDGF1P1	
TDGF1P2	
TDGF1P3	-1.0
TDGF1P4	
TDGF1P5	-0.9999999999999998
TDGF1P6	-0.9999999999999998
TDGF1P7	
TDH	-1.0
TDO2	-0.9999999999999999
TDP1	-0.9999999999999998
TDP2	-1.0
TDPX2	1.0
TDRD1	-1.0
TDRD10	-0.9999999999999998
TDRD12	-1.0
TDRD15	-1.0
TDRD3	-1.0
TDRD5	-1.0
TDRD6	-1.0
TDRD7	0.9999999999999999
TDRD9	-1.0
TDRG1	-0.9999999999999998
TDRKH	1.0
TDRP	1.0
TEAD1	-0.9999999999999999
TEAD2	1.0
TEAD3	1.0
TEAD4	1.0
TEC	-0.9999999999999999
TECPR1	-0.9999999999999999
TECPR2	1.0
TECR	-1.0
TECRL	
TECRP1	1.0
TECRP2	0.9999999999999999
TECTA	-1.0
TECTB	-1.0
TEDDM1	
TEDDM1P1	-0.9999999999999998
TEF	0.9999999999999999
TEFM	1.0
TEK	-1.0
TEKT1	
TEKT2	-1.0
TEKT3	-1.0
TEKT4	1.0
TEKT4P2	0.9999999999999997
TEKT5	-1.0
TELO2	1.0
TEN1	
TEN1-CDK3	-1.0
TENC1	-0.9999999999999998
TENM1	-0.9999999999999999
TENM2	0.9999999999999999
TENM3	-1.0
TENM4	-1.0
TEP1	-1.0
TEPP	0.9999999999999999
TERC	-1.0
TERF1	-1.0
TERF1P1	-0.9999999999999998
TERF1P2	1.0
TERF1P3	1.0
TERF1P4	-0.9999999999999999
TERF1P5	-1.0
TERF2	-0.9999999999999999
TERF2IP	-1.0
TERT	-1.0
TES	-1.0
TESC	-1.0
TESK1	-0.9999999999999997
TESK2	-1.0
TESPA1	-0.9999999999999998
TET1	-1.0
TET1P1	
TET2	0.9999999999999999
TET2-AS1	
TET3	-1.0
TEX10	-0.9999999999999999
TEX101	1.0
TEX11	1.0
TEX12	1.0
TEX13A	-1.0
TEX13B	
TEX14	-1.0
TEX15	-0.9999999999999998
TEX19	0.9999999999999999
TEX2	0.9999999999999999
TEX21P	-0.9999999999999999
TEX22	-0.9999999999999999
TEX26	0.9999999999999999
TEX26-AS1	1.0
TEX261	-0.9999999999999999
TEX264	-0.9999999999999999
TEX28	
TEX28P1	
TEX28P2	
TEX29	-1.0
TEX30	-1.0
TEX33	1.0
TEX35	1.0
TEX36	
TEX37	
TEX38	1.0
TEX40	-0.9999999999999998
TEX41	-1.0
TEX9	0.9999999999999999
TF	-0.9999999999999998
TFAM	0.9999999999999999
TFAMP1	1.0
TFAMP2	
TFAP2A	-1.0
TFAP2A-AS1	-1.0
TFAP2B	-1.0
TFAP2C	-0.9999999999999998
TFAP2D	
TFAP2E	1.0
TFAP4	1.0
TFB1M	0.9999999999999999
TFB2M	0.9999999999999998
TFCP2	-1.0
TFCP2L1	-0.9999999999999999
TFDP1	-0.9999999999999998
TFDP2	0.9999999999999999
TFDP3	
TFE3	-0.9999999999999999
TFEB	-0.9999999999999999
TFEC	-1.0
TFF1	-0.9999999999999999
TFF2	-0.9999999999999999
TFF3	0.9999999999999999
TFG	0.9999999999999999
TFIP11	-0.9999999999999998
TFP1	-1.0
TFPI	-0.9999999999999999
TFPI2	1.0
TFPT	0.9999999999999998
TFR2	1.0
TFRC	-1.0
TG	1.0
TGDS	0.9999999999999998
TGFA	-1.0
TGFA-IT1	
TGFB1	-0.9999999999999997
TGFB1I1	-1.0
TGFB2	-1.0
TGFB3	-0.9999999999999998
TGFBI	-1.0
TGFBR1	-1.0
TGFBR2	-1.0
TGFBR3	-1.0
TGFBR3L	1.0
TGFBRAP1	-0.9999999999999998
TGIF1	-0.9999999999999998
TGIF1P1	-0.9999999999999998
TGIF2	-0.9999999999999999
TGIF2-C20orf24	
TGIF2LX	
TGIF2LY	
TGIF2P1	-1.0
TGM1	0.9999999999999999
TGM2	1.0
TGM3	0.9999999999999999
TGM4	-0.9999999999999999
TGM5	-0.9999999999999998
TGM6	1.0
TGM7	-0.9999999999999998
TGOLN2	-0.9999999999999998
TGS1	0.9999999999999999
TH	1.0
THA1P	-1.0
THADA	-1.0
THAP1	-1.0
THAP10	1.0
THAP11	-1.0
THAP2	-1.0
THAP3	-0.9999999999999998
THAP4	-1.0
THAP5	1.0
THAP5P1	-1.0
THAP6	1.0
THAP7	1.0
THAP7-AS1	0.9999999999999999
THAP8	-1.0
THAP9	0.9999999999999999
THAP9-AS1	1.0
THBD	-0.9999999999999999
THBS1	-0.9999999999999999
THBS2	-1.0
THBS3	-0.9999999999999999
THBS4	0.9999999999999999
THEG	1.0
THEGL	1.0
THEM4	-1.0
THEM5	1.0
THEM6	-0.9999999999999999
THEMIS	1.0
THEMIS2	-1.0
THEMIS3P	-0.9999999999999998
THG1L	1.0
THNSL1	-1.0
THNSL2	0.9999999999999999
THOC1	-1.0
THOC2	0.9999999999999999
THOC3	1.0
THOC5	-1.0
THOC6	0.9999999999999999
THOC7	1.0
THOC7-AS1	
THOP1	-1.0
THPO	-1.0
THRA	-0.9999999999999998
THRAP3	0.9999999999999998
THRAP3P1	0.9999999999999999
THRB	1.0
THRB-AS1	0.9999999999999999
THRB-IT1	-1.0
THRSP	1.0
THSD1	-1.0
THSD4	-1.0
THSD7A	-0.9999999999999999
THSD7B	-0.9999999999999998
THTPA	1.0
THUMPD1	-0.9999999999999999
THUMPD1P1	
THUMPD2	0.9999999999999999
THUMPD3	0.9999999999999999
THY1	-0.9999999999999999
THYN1	-1.0
TIA1	1.0
TIAF1	-1.0
TIAL1	-0.9999999999999999
TIAM1	-1.0
TIAM2	-1.0
TICAM1	0.9999999999999998
TICAM2	0.9999999999999998
TICRR	1.0
TIE1	-1.0
TIFA	1.0
TIFAB	1.0
TIGD1	0.9999999999999999
TIGD2	0.9999999999999999
TIGD3	-1.0
TIGD4	1.0
TIGD5	0.9999999999999998
TIGD6	-1.0
TIGD7	-1.0
TIGIT	-0.9999999999999998
TIMD4	-0.9999999999999998
TIMELESS	1.0
TIMM10	1.0
TIMM10B	0.9999999999999999
TIMM13	1.0
TIMM17A	-0.9999999999999999
TIMM17B	-1.0
TIMM21	0.9999999999999998
TIMM22	-1.0
TIMM23	-1.0
TIMM23B	-0.9999999999999998
TIMM44	-0.9999999999999998
TIMM50	-1.0
TIMM8A	-0.9999999999999999
TIMM8AP1	-0.9999999999999998
TIMM8B	1.0
TIMM8BP1	
TIMM8BP2	-0.9999999999999999
TIMM9	-0.9999999999999998
TIMM9P1	
TIMM9P2	
TIMM9P3	
TIMMDC1	-0.9999999999999999
TIMP1	-0.9999999999999999
TIMP2	-1.0
TIMP3	-0.9999999999999998
TIMP4	-0.9999999999999998
TINAG	0.9999999999999999
TINAGL1	-0.9999999999999999
TINCR	-0.9999999999999999
TINF2	-0.9999999999999998
TIPARP	-0.9999999999999998
TIPARP-AS1	-0.9999999999999999
TIPIN	1.0
TIPRL	1.0
TIRAP	1.0
TJAP1	-1.0
TJP1	-0.9999999999999999
TJP2	-0.9999999999999999
TJP3	1.0
TK1	1.0
TK2	-0.9999999999999999
TKT	-0.9999999999999999
TKTL1	-1.0
TKTL2	-1.0
TLCD1	-0.9999999999999999
TLCD2	0.9999999999999999
TLDC1	1.0
TLDC2	-1.0
TLE1	-1.0
TLE1P1	-0.9999999999999999
TLE2	1.0
TLE3	1.0
TLE4	-0.9999999999999999
TLE6	-0.9999999999999999
TLK1	-0.9999999999999999
TLK1P1	0.9999999999999998
TLK2	1.0
TLK2P1	-1.0
TLL1	-0.9999999999999998
TLL2	0.9999999999999999
TLN1	-0.9999999999999999
TLN2	-0.9999999999999999
TLR1	-0.9999999999999999
TLR10	-0.9999999999999999
TLR12P	-0.9999999999999998
TLR2	1.0
TLR3	0.9999999999999999
TLR4	1.0
TLR5	0.9999999999999998
TLR6	-0.9999999999999998
TLR7	-0.9999999999999999
TLR8	1.0
TLR8-AS1	1.0
TLR9	-1.0
TLX1	0.9999999999999999
TLX1NB	-0.9999999999999998
TLX2	-1.0
TLX3	-1.0
TM2D1	-0.9999999999999999
TM2D2	-0.9999999999999999
TM2D3	0.9999999999999999
TM4SF1	-1.0
TM4SF1-AS1	-1.0
TM4SF18	-0.9999999999999998
TM4SF19	-1.0
TM4SF19-AS1	1.0
TM4SF2	
TM4SF20	0.9999999999999998
TM4SF4	-1.0
TM4SF5	-0.9999999999999999
TM6SF1	-1.0
TM6SF2	1.0
TM7SF2	-1.0
TM7SF3	-0.9999999999999999
TM9SF1	0.9999999999999998
TM9SF2	0.9999999999999999
TM9SF3	0.9999999999999999
TM9SF4	0.9999999999999999
TMA16	0.9999999999999998
TMA16P1	
TMA16P2	1.0
TMA7	1.0
TMBIM1	-0.9999999999999999
TMBIM4	1.0
TMBIM6	-1.0
TMC1	-1.0
TMC2	0.9999999999999999
TMC3	1.0
TMC4	0.9999999999999999
TMC5	1.0
TMC6	-0.9999999999999999
TMC7	-1.0
TMC8	-1.0
TMCC1	0.9999999999999998
TMCC1-AS1	0.9999999999999999
TMCC1P1	
TMCC2	-0.9999999999999999
TMCC3	0.9999999999999998
TMCO1	-0.9999999999999998
TMCO2	-0.9999999999999998
TMCO3	-1.0
TMCO4	1.0
TMCO5A	1.0
TMCO5B	-0.9999999999999998
TMCO6	1.0
TMED1	1.0
TMED10	-1.0
TMED10P1	-0.9999999999999999
TMED10P2	1.0
TMED11P	
TMED2	0.9999999999999998
TMED3	0.9999999999999998
TMED4	-1.0
TMED5	-0.9999999999999998
TMED6	-1.0
TMED7	0.9999999999999999
TMED7-TICAM2	-0.9999999999999998
TMED8	-1.0
TMED9	1.0
TMEFF1	
TMEFF2	1.0
TMEM100	-1.0
TMEM101	0.9999999999999999
TMEM102	-0.9999999999999999
TMEM104	-0.9999999999999999
TMEM105	-1.0
TMEM106A	1.0
TMEM106B	-1.0
TMEM106C	0.9999999999999997
TMEM107	-0.9999999999999999
TMEM108	-0.9999999999999999
TMEM109	-0.9999999999999999
TMEM11	0.9999999999999999
TMEM110	-1.0
TMEM110-MUSTN1	0.9999999999999999
TMEM114	-0.9999999999999998
TMEM115	0.9999999999999998
TMEM116	-1.0
TMEM117	-1.0
TMEM119	-1.0
TMEM120A	-1.0
TMEM120B	-1.0
TMEM121	-0.9999999999999999
TMEM123	-0.9999999999999999
TMEM125	-0.9999999999999999
TMEM126A	-1.0
TMEM126B	1.0
TMEM127	-1.0
TMEM128	0.9999999999999999
TMEM129	-1.0
TMEM130	-0.9999999999999998
TMEM131	-0.9999999999999999
TMEM132A	-0.9999999999999998
TMEM132B	-0.9999999999999999
TMEM132C	-1.0
TMEM132D	-1.0
TMEM132E	-1.0
TMEM133	-1.0
TMEM134	0.9999999999999999
TMEM135	-0.9999999999999999
TMEM136	-1.0
TMEM138	-1.0
TMEM139	-1.0
TMEM140	1.0
TMEM141	-0.9999999999999999
TMEM143	-1.0
TMEM144	0.9999999999999998
TMEM145	-1.0
TMEM147	0.9999999999999998
TMEM14A	-1.0
TMEM14B	1.0
TMEM14C	1.0
TMEM14D	1.0
TMEM14E	
TMEM150A	0.9999999999999999
TMEM150B	-0.9999999999999999
TMEM150C	-0.9999999999999999
TMEM151A	0.9999999999999999
TMEM151B	-0.9999999999999998
TMEM154	-0.9999999999999999
TMEM155	-1.0
TMEM156	-0.9999999999999998
TMEM158	-1.0
TMEM159	-0.9999999999999999
TMEM160	0.9999999999999998
TMEM161A	0.9999999999999999
TMEM161B	-1.0
TMEM161B-AS1	-1.0
TMEM161BP1	-0.9999999999999998
TMEM163	-0.9999999999999998
TMEM164	-0.9999999999999998
TMEM165	-1.0
TMEM167A	-1.0
TMEM167AP1	
TMEM167B	0.9999999999999999
TMEM168	1.0
TMEM169	0.9999999999999998
TMEM17	-1.0
TMEM170A	1.0
TMEM170B	0.9999999999999999
TMEM171	0.9999999999999999
TMEM173	-1.0
TMEM174	
TMEM175	0.9999999999999999
TMEM176A	0.9999999999999999
TMEM176B	0.9999999999999999
TMEM177	1.0
TMEM178A	-1.0
TMEM178B	-0.9999999999999999
TMEM179	0.9999999999999998
TMEM179B	-0.9999999999999999
TMEM18	1.0
TMEM180	-1.0
TMEM181	-1.0
TMEM182	1.0
TMEM183A	0.9999999999999998
TMEM183AP1	
TMEM184A	1.0
TMEM184B	-0.9999999999999998
TMEM184C	-1.0
TMEM185A	0.9999999999999999
TMEM185AP1	-0.9999999999999998
TMEM185B	-0.9999999999999998
TMEM186	1.0
TMEM187	0.9999999999999999
TMEM189	-1.0
TMEM189-UBE2V1	
TMEM19	1.0
TMEM190	0.9999999999999999
TMEM191A	-1.0
TMEM191C	-1.0
TMEM192	1.0
TMEM194A	-1.0
TMEM194B	0.9999999999999999
TMEM196	-1.0
TMEM198	-1.0
TMEM198B	-0.9999999999999998
TMEM199	-1.0
TMEM2	-0.9999999999999999
TMEM200A	0.9999999999999998
TMEM200B	-1.0
TMEM200C	-0.9999999999999999
TMEM201	0.9999999999999998
TMEM202	1.0
TMEM203	-1.0
TMEM204	-1.0
TMEM205	-1.0
TMEM206	1.0
TMEM207	1.0
TMEM208	0.9999999999999999
TMEM209	1.0
TMEM210	-1.0
TMEM211	-1.0
TMEM212	1.0
TMEM212-AS1	
TMEM212-IT1	
TMEM213	-0.9999999999999998
TMEM214	-0.9999999999999999
TMEM215	-1.0
TMEM216	-1.0
TMEM217	1.0
TMEM218	-0.9999999999999999
TMEM219	-0.9999999999999998
TMEM220	1.0
TMEM221	-1.0
TMEM222	-0.9999999999999999
TMEM223	1.0
TMEM225	
TMEM229A	1.0
TMEM229B	1.0
TMEM230	-1.0
TMEM231	-0.9999999999999999
TMEM232	1.0
TMEM233	-1.0
TMEM234	-1.0
TMEM235	-0.9999999999999998
TMEM236	1.0
TMEM237	-0.9999999999999999
TMEM238	0.9999999999999999
TMEM239	-0.9999999999999998
TMEM240	-1.0
TMEM241	-0.9999999999999999
TMEM242	-1.0
TMEM243	1.0
TMEM244	-0.9999999999999998
TMEM245	-0.9999999999999999
TMEM246	-0.9999999999999999
TMEM247	
TMEM248	-0.9999999999999999
TMEM248P1	-0.9999999999999998
TMEM249	0.9999999999999999
TMEM25	-1.0
TMEM251	1.0
TMEM252	-0.9999999999999999
TMEM253	1.0
TMEM254	0.9999999999999998
TMEM254-AS1	-1.0
TMEM255A	-0.9999999999999999
TMEM255B	-0.9999999999999998
TMEM256	0.9999999999999998
TMEM256-PLSCR3	-1.0
TMEM256P1	-1.0
TMEM256P2	
TMEM257	1.0
TMEM258	0.9999999999999998
TMEM259	1.0
TMEM26	-0.9999999999999999
TMEM260	-0.9999999999999998
TMEM261	0.9999999999999998
TMEM261P1	
TMEM27	0.9999999999999998
TMEM30A	-0.9999999999999999
TMEM30B	-1.0
TMEM30C	
TMEM31	0.9999999999999998
TMEM33	-1.0
TMEM35	-0.9999999999999999
TMEM37	1.0
TMEM38A	-0.9999999999999998
TMEM38B	0.9999999999999998
TMEM39A	-0.9999999999999999
TMEM39B	-0.9999999999999999
TMEM40	-0.9999999999999998
TMEM41A	-0.9999999999999998
TMEM41B	-1.0
TMEM42	-1.0
TMEM43	-1.0
TMEM44	0.9999999999999999
TMEM44-AS1	0.9999999999999998
TMEM45A	-1.0
TMEM45B	1.0
TMEM47	-1.0
TMEM5	0.9999999999999998
TMEM5-AS1	
TMEM50A	-1.0
TMEM50B	1.0
TMEM51	0.9999999999999999
TMEM51-AS1	0.9999999999999997
TMEM52	-1.0
TMEM52B	0.9999999999999999
TMEM53	0.9999999999999998
TMEM54	-0.9999999999999999
TMEM55A	-1.0
TMEM55B	-0.9999999999999998
TMEM56	-0.9999999999999999
TMEM57	-1.0
TMEM59	-0.9999999999999998
TMEM59L	-0.9999999999999998
TMEM60	-1.0
TMEM61	0.9999999999999999
TMEM62	-0.9999999999999999
TMEM63A	0.9999999999999999
TMEM63B	1.0
TMEM63C	1.0
TMEM64	-1.0
TMEM65	-1.0
TMEM66	-0.9999999999999999
TMEM67	1.0
TMEM68	-1.0
TMEM69	-0.9999999999999999
TMEM70	-1.0
TMEM71	-0.9999999999999999
TMEM72	0.9999999999999998
TMEM72-AS1	-1.0
TMEM74	-1.0
TMEM74B	0.9999999999999999
TMEM75	-0.9999999999999998
TMEM78	-0.9999999999999998
TMEM79	0.9999999999999999
TMEM80	-0.9999999999999999
TMEM81	-1.0
TMEM82	0.9999999999999999
TMEM86A	-1.0
TMEM86B	-0.9999999999999999
TMEM87A	-1.0
TMEM87B	1.0
TMEM88	-0.9999999999999999
TMEM88B	1.0
TMEM89	1.0
TMEM8A	-0.9999999999999999
TMEM8B	1.0
TMEM8C	-0.9999999999999998
TMEM9	-0.9999999999999999
TMEM91	-0.9999999999999998
TMEM92	1.0
TMEM95	-1.0
TMEM97	1.0
TMEM97P1	
TMEM97P2	-0.9999999999999998
TMEM98	1.0
TMEM99	-1.0
TMEM9B	-1.0
TMEM9B-AS1	-1.0
TMF1	1.0
TMIE	1.0
TMIGD1	-1.0
TMIGD2	0.9999999999999998
TMLHE	0.9999999999999998
TMLHE-AS1	1.0
TMOD1	-0.9999999999999998
TMOD2	-1.0
TMOD3	-0.9999999999999999
TMOD4	
TMPO	-1.0
TMPO-AS1	0.9999999999999999
TMPOP1	1.0
TMPPE	-0.9999999999999999
TMPRSS11A	
TMPRSS11B	-0.9999999999999998
TMPRSS11BNL	
TMPRSS11CP	
TMPRSS11D	
TMPRSS11E	-1.0
TMPRSS11F	
TMPRSS11GP	
TMPRSS12	
TMPRSS13	0.9999999999999999
TMPRSS15	-1.0
TMPRSS2	-1.0
TMPRSS3	0.9999999999999999
TMPRSS4	-1.0
TMPRSS4-AS1	-1.0
TMPRSS5	1.0
TMPRSS6	0.9999999999999998
TMPRSS7	-0.9999999999999999
TMPRSS9	-1.0
TMSB10	1.0
TMSB10P1	1.0
TMSB10P2	0.9999999999999999
TMSB15A	-1.0
TMSB15B	1.0
TMSB4X	-1.0
TMSB4XP1	0.9999999999999999
TMSB4XP2	-0.9999999999999998
TMSB4XP3	1.0
TMSB4XP4	-0.9999999999999999
TMSB4XP6	-0.9999999999999998
TMSB4XP8	-1.0
TMSB4Y	1.0
TMTC1	-0.9999999999999998
TMTC2	-0.9999999999999999
TMTC3	-1.0
TMTC4	-1.0
TMUB1	1.0
TMUB2	0.9999999999999999
TMX1	-0.9999999999999999
TMX2	-0.9999999999999999
TMX2-CTNND1	
TMX3	-0.9999999999999999
TMX4	-0.9999999999999999
TNC	-1.0
TNF	-1.0
TNFAIP1	-1.0
TNFAIP2	-1.0
TNFAIP3	-1.0
TNFAIP6	-1.0
TNFAIP8	-1.0
TNFAIP8L1	-0.9999999999999998
TNFAIP8L2	-0.9999999999999999
TNFAIP8L3	-1.0
TNFRSF10A	-0.9999999999999999
TNFRSF10B	1.0
TNFRSF10C	-0.9999999999999998
TNFRSF10D	-1.0
TNFRSF11A	1.0
TNFRSF11B	-1.0
TNFRSF12A	-1.0
TNFRSF13B	-0.9999999999999998
TNFRSF13C	-0.9999999999999998
TNFRSF14	1.0
TNFRSF17	-1.0
TNFRSF18	0.9999999999999999
TNFRSF19	1.0
TNFRSF1A	1.0
TNFRSF1B	1.0
TNFRSF21	-1.0
TNFRSF25	0.9999999999999999
TNFRSF4	-0.9999999999999998
TNFRSF6B	
TNFRSF8	-1.0
TNFRSF9	-1.0
TNFSF10	0.9999999999999998
TNFSF11	-0.9999999999999999
TNFSF12	-1.0
TNFSF12-TNFSF13	
TNFSF13	-1.0
TNFSF13B	0.9999999999999999
TNFSF14	-1.0
TNFSF15	-0.9999999999999999
TNFSF18	-1.0
TNFSF4	-1.0
TNFSF8	-1.0
TNFSF9	-0.9999999999999999
TNIK	0.9999999999999998
TNIP1	0.9999999999999999
TNIP2	1.0
TNIP3	-0.9999999999999998
TNK1	-0.9999999999999999
TNK2	-0.9999999999999999
TNK2-AS1	-1.0
TNKS	-1.0
TNKS1BP1	1.0
TNKS2	-0.9999999999999999
TNKS2-AS1	1.0
TNMD	0.9999999999999998
TNN	-1.0
TNNC1	-1.0
TNNC2	-1.0
TNNI1	0.9999999999999998
TNNI2	-0.9999999999999998
TNNI3	1.0
TNNI3K	0.9999999999999999
TNNT1	-1.0
TNNT2	-0.9999999999999999
TNNT3	-1.0
TNP1	
TNP2	-0.9999999999999998
TNPO1	-1.0
TNPO1P1	-1.0
TNPO1P2	1.0
TNPO2	1.0
TNPO3	-1.0
TNR	-1.0
TNR-IT1	
TNRC18	1.0
TNRC18P1	-0.9999999999999999
TNRC18P2	-0.9999999999999998
TNRC18P3	-1.0
TNRC6A	-1.0
TNRC6B	-1.0
TNRC6C	-0.9999999999999999
TNRC6C-AS1	-1.0
TNS1	-1.0
TNS3	-0.9999999999999999
TNS4	-1.0
TNXA	-1.0
TNXB	-0.9999999999999998
TOB1	-1.0
TOB1-AS1	0.9999999999999998
TOB2	-1.0
TOB2P1	1.0
TOE1	-1.0
TOLLIP	0.9999999999999998
TOLLIP-AS1	0.9999999999999999
TOM1	-1.0
TOM1L1	0.9999999999999999
TOM1L2	-1.0
TOMM20	1.0
TOMM20L	-1.0
TOMM22	0.9999999999999998
TOMM22P1	1.0
TOMM22P2	
TOMM22P3	
TOMM22P4	
TOMM22P5	-1.0
TOMM22P6	
TOMM34	1.0
TOMM40	0.9999999999999999
TOMM40L	0.9999999999999998
TOMM5	-0.9999999999999999
TOMM6	
TOMM7	1.0
TOMM70A	0.9999999999999999
TONSL	1.0
TOP1	1.0
TOP1MT	0.9999999999999998
TOP1P1	
TOP2A	0.9999999999999998
TOP2B	1.0
TOP3A	0.9999999999999999
TOP3B	-1.0
TOP3BP1	-1.0
TOPAZ1	-1.0
TOPBP1	1.0
TOPORS	-1.0
TOPORS-AS1	-1.0
TOR1A	0.9999999999999999
TOR1AIP1	-1.0
TOR1AIP2	1.0
TOR1B	1.0
TOR2A	1.0
TOR3A	-0.9999999999999999
TOR4A	0.9999999999999998
TOX	1.0
TOX2	-0.9999999999999999
TOX3	0.9999999999999999
TOX4	1.0
TOX4P1	-1.0
TP53	0.9999999999999999
TP53AIP1	1.0
TP53BP1	1.0
TP53BP2	-1.0
TP53I11	-0.9999999999999999
TP53I13	1.0
TP53I3	0.9999999999999999
TP53INP1	-1.0
TP53INP2	-1.0
TP53RK	-1.0
TP53TG1	1.0
TP53TG3	
TP53TG3B	
TP53TG3C	
TP53TG3D	-0.9999999999999998
TP53TG5	0.9999999999999998
TP63	-0.9999999999999999
TP73	-0.9999999999999999
TP73-AS1	-1.0
TPBG	1.0
TPBGL	-0.9999999999999998
TPCN1	-0.9999999999999999
TPCN2	-1.0
TPD52	0.9999999999999999
TPD52L1	-1.0
TPD52L2	-0.9999999999999999
TPD52L3	
TPGS1	1.0
TPGS2	0.9999999999999999
TPH1	1.0
TPH2	-0.9999999999999998
TPI1	-1.0
TPI1P1	-1.0
TPI1P2	1.0
TPI1P3	0.9999999999999999
TPI1P4	-0.9999999999999998
TPK1	-1.0
TPM1	1.0
TPM2	-0.9999999999999999
TPM3	-1.0
TPM3P1	-0.9999999999999998
TPM3P2	-1.0
TPM3P3	
TPM3P4	0.9999999999999998
TPM3P6	-0.9999999999999999
TPM3P7	-1.0
TPM3P8	-0.9999999999999998
TPM3P9	0.9999999999999998
TPM4	-1.0
TPM4P1	1.0
TPMT	1.0
TPMTP1	-1.0
TPMTP2	
TPMTP3	1.0
TPMTP4	
TPO	1.0
TPP1	-0.9999999999999998
TPP2	1.0
TPPP	-1.0
TPPP2	1.0
TPPP3	-1.0
TPR	-1.0
TPRA1	-1.0
TPRG1	-0.9999999999999999
TPRG1-AS1	-1.0
TPRG1-AS2	
TPRG1L	-1.0
TPRKB	1.0
TPRKBP1	-0.9999999999999998
TPRKBP2	0.9999999999999999
TPRN	1.0
TPRX1	-0.9999999999999998
TPRX1P1	
TPRX2P	-0.9999999999999998
TPRXL	-0.9999999999999998
TPSAB1	-0.9999999999999999
TPSB2	-1.0
TPSD1	-1.0
TPSG1	0.9999999999999998
TPSP2	1.0
TPST1	-1.0
TPST2	-1.0
TPST2P1	
TPT1	1.0
TPT1-AS1	-1.0
TPT1P1	-1.0
TPTE	-0.9999999999999998
TPTE2	-0.9999999999999999
TPTE2P1	0.9999999999999998
TPTE2P2	-0.9999999999999998
TPTE2P3	0.9999999999999999
TPTE2P4	1.0
TPTE2P5	1.0
TPTE2P6	1.0
TPTEP1	-0.9999999999999999
TPX2	-0.9999999999999998
TRA2A	0.9999999999999999
TRA2B	1.0
TRABD	1.0
TRABD2A	0.9999999999999999
TRABD2B	-1.0
TRAC	-0.9999999999999998
TRADD	1.0
TRAF1	-0.9999999999999998
TRAF2	1.0
TRAF3	-0.9999999999999999
TRAF3IP1	0.9999999999999998
TRAF3IP2	0.9999999999999998
TRAF3IP2-AS1	1.0
TRAF3IP3	-0.9999999999999999
TRAF4	-0.9999999999999999
TRAF5	-0.9999999999999999
TRAF6	1.0
TRAF6P1	1.0
TRAF7	-0.9999999999999998
TRAFD1	1.0
TRAIP	1.0
TRAJ1	0.9999999999999998
TRAJ10	-0.9999999999999998
TRAJ11	1.0
TRAJ12	-0.9999999999999998
TRAJ13	1.0
TRAJ14	-0.9999999999999999
TRAJ15	-1.0
TRAJ16	1.0
TRAJ17	-1.0
TRAJ18	0.9999999999999999
TRAJ19	-0.9999999999999998
TRAJ2	-1.0
TRAJ20	-0.9999999999999998
TRAJ21	
TRAJ22	-1.0
TRAJ23	-0.9999999999999998
TRAJ24	0.9999999999999998
TRAJ25	-0.9999999999999998
TRAJ26	-1.0
TRAJ27	-1.0
TRAJ28	-1.0
TRAJ29	-0.9999999999999998
TRAJ3	-0.9999999999999999
TRAJ30	-0.9999999999999998
TRAJ31	-1.0
TRAJ32	1.0
TRAJ33	-0.9999999999999999
TRAJ34	1.0
TRAJ35	-1.0
TRAJ36	1.0
TRAJ37	
TRAJ38	0.9999999999999998
TRAJ39	-1.0
TRAJ4	1.0
TRAJ40	-0.9999999999999998
TRAJ41	
TRAJ42	-0.9999999999999998
TRAJ43	
TRAJ44	-0.9999999999999998
TRAJ45	-1.0
TRAJ46	1.0
TRAJ47	
TRAJ48	
TRAJ49	-1.0
TRAJ5	0.9999999999999999
TRAJ50	-1.0
TRAJ51	
TRAJ52	1.0
TRAJ53	-0.9999999999999999
TRAJ54	
TRAJ55	
TRAJ56	
TRAJ57	1.0
TRAJ58	-0.9999999999999998
TRAJ59	
TRAJ6	-1.0
TRAJ60	
TRAJ61	
TRAJ7	0.9999999999999999
TRAJ8	-1.0
TRAJ9	-1.0
TRAK1	-0.9999999999999999
TRAK2	-1.0
TRAM1	-1.0
TRAM1L1	1.0
TRAM2	-0.9999999999999999
TRAM2-AS1	-1.0
TRANK1	1.0
TRAP1	0.9999999999999998
TRAPPC1	-0.9999999999999999
TRAPPC10	1.0
TRAPPC11	-0.9999999999999997
TRAPPC12	-1.0
TRAPPC12-AS1	1.0
TRAPPC13	-1.0
TRAPPC2	-0.9999999999999999
TRAPPC2L	-1.0
TRAPPC2P1	-0.9999999999999999
TRAPPC2P10	
TRAPPC2P2	
TRAPPC2P3	-0.9999999999999998
TRAPPC2P4	
TRAPPC2P5	
TRAPPC2P7	
TRAPPC2P8	
TRAPPC2P9	
TRAPPC3	1.0
TRAPPC3L	0.9999999999999999
TRAPPC4	-0.9999999999999999
TRAPPC5	1.0
TRAPPC6A	1.0
TRAPPC6B	-1.0
TRAPPC8	1.0
TRAPPC9	-0.9999999999999999
TRAT1	0.9999999999999999
TRAV1-1	-1.0
TRAV1-2	1.0
TRAV10	-0.9999999999999998
TRAV11	
TRAV12-1	1.0
TRAV12-2	-0.9999999999999999
TRAV12-3	-0.9999999999999999
TRAV13-1	1.0
TRAV13-2	0.9999999999999998
TRAV14DV4	-1.0
TRAV15	1.0
TRAV16	-0.9999999999999998
TRAV17	-0.9999999999999999
TRAV18	-1.0
TRAV19	0.9999999999999998
TRAV2	-1.0
TRAV20	-0.9999999999999999
TRAV21	-1.0
TRAV22	-1.0
TRAV23DV6	-1.0
TRAV24	1.0
TRAV25	-0.9999999999999999
TRAV26-1	-0.9999999999999998
TRAV26-2	-0.9999999999999998
TRAV27	-1.0
TRAV28	
TRAV29DV5	1.0
TRAV3	0.9999999999999999
TRAV30	1.0
TRAV31	
TRAV32	
TRAV33	1.0
TRAV34	-1.0
TRAV35	-0.9999999999999999
TRAV36DV7	0.9999999999999998
TRAV37	-0.9999999999999998
TRAV38-1	-0.9999999999999999
TRAV38-2DV8	-0.9999999999999999
TRAV39	1.0
TRAV4	-1.0
TRAV40	1.0
TRAV41	-1.0
TRAV5	-0.9999999999999999
TRAV6	0.9999999999999998
TRAV7	-0.9999999999999998
TRAV8-1	0.9999999999999999
TRAV8-2	1.0
TRAV8-3	-1.0
TRAV8-4	-1.0
TRAV8-5	-0.9999999999999999
TRAV8-6	0.9999999999999999
TRAV8-7	0.9999999999999998
TRAV9-1	-0.9999999999999998
TRAV9-2	-0.9999999999999998
TRBC2	-1.0
TRBJ2-1	1.0
TRBJ2-2	-1.0
TRBJ2-2P	0.9999999999999999
TRBJ2-3	0.9999999999999999
TRBJ2-4	1.0
TRBJ2-5	-0.9999999999999998
TRBJ2-6	-0.9999999999999998
TRBJ2-7	-1.0
TRBV1	-1.0
TRBV10-1	-1.0
TRBV10-2	1.0
TRBV11-1	0.9999999999999999
TRBV11-2	-0.9999999999999999
TRBV12-1	-1.0
TRBV12-2	0.9999999999999998
TRBV19	-1.0
TRBV2	1.0
TRBV20-1	-0.9999999999999998
TRBV20OR9-2	
TRBV21-1	-0.9999999999999998
TRBV21OR9-2	1.0
TRBV22-1	
TRBV22OR9-2	
TRBV23-1	-0.9999999999999999
TRBV23OR9-2	
TRBV24-1	1.0
TRBV24OR9-2	
TRBV25-1	1.0
TRBV25OR9-2	
TRBV26	
TRBV26OR9-2	-1.0
TRBV27	0.9999999999999999
TRBV28	1.0
TRBV29-1	-0.9999999999999998
TRBV29OR9-2	-1.0
TRBV3-1	-1.0
TRBV30	-0.9999999999999999
TRBV4-1	-1.0
TRBV4-2	1.0
TRBV5-1	-1.0
TRBV5-2	
TRBV5-3	1.0
TRBV5-4	-1.0
TRBV5-5	0.9999999999999999
TRBV5-6	-0.9999999999999998
TRBV5-7	-0.9999999999999999
TRBV6-1	-1.0
TRBV6-4	-0.9999999999999999
TRBV6-5	-0.9999999999999999
TRBV6-6	1.0
TRBV6-7	-1.0
TRBV6-8	0.9999999999999999
TRBV6-9	-1.0
TRBV7-1	-0.9999999999999999
TRBV7-3	0.9999999999999999
TRBV7-4	1.0
TRBV7-5	-1.0
TRBV7-6	-0.9999999999999999
TRBV7-7	0.9999999999999998
TRBV7-8	-0.9999999999999998
TRBV8-1	
TRBV8-2	1.0
TRBV9	1.0
TRBVA	
TRBVB	
TRDC	1.0
TRDD1	
TRDD2	
TRDD3	1.0
TRDJ1	0.9999999999999998
TRDJ2	0.9999999999999999
TRDJ3	1.0
TRDJ4	1.0
TRDMT1	-0.9999999999999998
TRDN	-0.9999999999999998
TRDV1	0.9999999999999999
TRDV2	-1.0
TRDV3	1.0
TREH	1.0
TREM1	-0.9999999999999999
TREM2	-0.9999999999999998
TREML1	-1.0
TREML2	-1.0
TREML3P	0.9999999999999998
TREML4	-1.0
TREML5P	
TRERF1	-1.0
TRERNA1	1.0
TREX1	0.9999999999999999
TREX2	-1.0
TRGC1	1.0
TRGC2	1.0
TRGJ1	
TRGJ2	1.0
TRGJP	
TRGJP1	-0.9999999999999998
TRGJP2	-1.0
TRGV1	0.9999999999999999
TRGV10	0.9999999999999998
TRGV11	-0.9999999999999998
TRGV2	0.9999999999999998
TRGV3	1.0
TRGV4	1.0
TRGV5	0.9999999999999999
TRGV5P	1.0
TRGV6	-1.0
TRGV7	1.0
TRGV8	0.9999999999999998
TRGV9	0.9999999999999999
TRGVA	1.0
TRGVB	
TRH	
TRHDE	-0.9999999999999999
TRHDE-AS1	1.0
TRHR	
TRIAP1	-1.0
TRIAP1P1	
TRIB1	-1.0
TRIB2	-1.0
TRIB3	-1.0
TRIL	
TRIM10	-0.9999999999999999
TRIM11	-1.0
TRIM13	1.0
TRIM14	0.9999999999999998
TRIM15	0.9999999999999998
TRIM16	-1.0
TRIM16L	-1.0
TRIM17	0.9999999999999998
TRIM2	0.9999999999999998
TRIM21	1.0
TRIM22	0.9999999999999999
TRIM23	-0.9999999999999999
TRIM24	1.0
TRIM25	0.9999999999999999
TRIM26	1.0
TRIM26BP	0.9999999999999999
TRIM27	-0.9999999999999999
TRIM28	-1.0
TRIM29	-1.0
TRIM3	-0.9999999999999999
TRIM31	0.9999999999999998
TRIM31-AS1	1.0
TRIM32	-1.0
TRIM33	-0.9999999999999998
TRIM34	-1.0
TRIM35	-1.0
TRIM36	1.0
TRIM36-IT1	-1.0
TRIM37	-0.9999999999999998
TRIM38	1.0
TRIM39	-0.9999999999999999
TRIM39-RPP21	
TRIM4	0.9999999999999998
TRIM40	0.9999999999999999
TRIM41	1.0
TRIM42	
TRIM43	
TRIM43B	1.0
TRIM43CP	-0.9999999999999998
TRIM44	1.0
TRIM45	0.9999999999999999
TRIM46	0.9999999999999998
TRIM47	-1.0
TRIM48	
TRIM49	
TRIM49B	
TRIM49C	
TRIM49D1	
TRIM5	0.9999999999999999
TRIM50	1.0
TRIM51	
TRIM51BP	1.0
TRIM51CP	
TRIM51DP	
TRIM51EP	1.0
TRIM51FP	
TRIM51GP	
TRIM51HP	
TRIM51JP	1.0
TRIM52	-0.9999999999999998
TRIM52-AS1	1.0
TRIM53AP	
TRIM53BP	
TRIM53CP	1.0
TRIM54	1.0
TRIM55	-1.0
TRIM56	0.9999999999999999
TRIM58	-0.9999999999999999
TRIM59	-1.0
TRIM6	1.0
TRIM6-TRIM34	
TRIM60	
TRIM60P10Y	
TRIM60P11Y	
TRIM60P13	
TRIM60P14	1.0
TRIM60P15	
TRIM60P16	
TRIM60P17	-1.0
TRIM60P18	-0.9999999999999999
TRIM60P19	
TRIM60P3Y	
TRIM60P5Y	
TRIM60P8Y	
TRIM60P9Y	
TRIM61	-0.9999999999999999
TRIM62	-0.9999999999999999
TRIM63	1.0
TRIM64	-0.9999999999999998
TRIM64B	-0.9999999999999999
TRIM64C	
TRIM64DP	
TRIM64EP	
TRIM64FP	-0.9999999999999998
TRIM65	-1.0
TRIM66	0.9999999999999999
TRIM67	-1.0
TRIM68	0.9999999999999998
TRIM69	1.0
TRIM7	-0.9999999999999998
TRIM71	0.9999999999999999
TRIM72	1.0
TRIM73	0.9999999999999998
TRIM74	0.9999999999999999
TRIM77	1.0
TRIM8	0.9999999999999999
TRIM9	-1.0
TRIML1	-0.9999999999999998
TRIML2	
TRIO	0.9999999999999999
TRIOBP	-0.9999999999999999
TRIP10	-1.0
TRIP11	1.0
TRIP12	1.0
TRIP13	-1.0
TRIP4	0.9999999999999999
TRIP6	0.9999999999999999
TRIQK	1.0
TRIT1	-0.9999999999999998
TRMT1	-1.0
TRMT10A	0.9999999999999998
TRMT10B	1.0
TRMT10C	-1.0
TRMT11	-0.9999999999999999
TRMT112	-1.0
TRMT112P1	
TRMT112P2	
TRMT112P4	
TRMT112P5	
TRMT12	1.0
TRMT13	-1.0
TRMT1L	-0.9999999999999999
TRMT2A	1.0
TRMT2B	-1.0
TRMT2B-AS1	
TRMT44	-1.0
TRMT5	1.0
TRMT6	-0.9999999999999999
TRMT61A	1.0
TRMT61B	-1.0
TRMU	-1.0
TRNAI2	
TRNAI6	
TRNAQ41P	
TRNAS30P	
TRNAU1AP	-0.9999999999999999
TRNP1	0.9999999999999999
TRNT1	-0.9999999999999998
TRO	-1.0
TROAP	-1.0
TROVE2	-0.9999999999999998
TRPA1	-0.9999999999999999
TRPC1	-0.9999999999999998
TRPC2	-0.9999999999999999
TRPC3	-1.0
TRPC4	-1.0
TRPC4AP	-0.9999999999999999
TRPC5	-0.9999999999999998
TRPC5OS	-1.0
TRPC6	-1.0
TRPC6P	-0.9999999999999998
TRPC7	0.9999999999999999
TRPC7-AS1	0.9999999999999998
TRPC7-AS2	
TRPM1	-0.9999999999999999
TRPM2	1.0
TRPM3	0.9999999999999999
TRPM4	1.0
TRPM5	0.9999999999999999
TRPM6	-0.9999999999999998
TRPM7	0.9999999999999998
TRPM8	0.9999999999999998
TRPS1	-1.0
TRPT1	1.0
TRPV1	1.0
TRPV2	-0.9999999999999999
TRPV3	-0.9999999999999999
TRPV4	-0.9999999999999999
TRPV5	1.0
TRPV6	0.9999999999999999
TRRAP	1.0
TRUB1	1.0
TRUB2	0.9999999999999999
TSACC	-0.9999999999999999
TSC1	-0.9999999999999998
TSC2	-1.0
TSC22D1	-0.9999999999999998
TSC22D2	-1.0
TSC22D3	-0.9999999999999999
TSC22D4	0.9999999999999999
TSEN15	-1.0
TSEN15P1	1.0
TSEN15P2	
TSEN15P3	
TSEN2	-1.0
TSEN2P1	
TSEN34	1.0
TSEN54	1.0
TSFM	0.9999999999999999
TSG101	-0.9999999999999999
TSGA10	0.9999999999999999
TSGA10IP	-0.9999999999999998
TSGA13	-0.9999999999999998
TSHB	
TSHR	0.9999999999999999
TSHZ1	-1.0
TSHZ2	-1.0
TSHZ3	-1.0
TSIX	0.9999999999999999
TSKS	0.9999999999999999
TSKU	0.9999999999999999
TSLP	-1.0
TSN	-0.9999999999999999
TSNARE1	1.0
TSNAX	-1.0
TSNAX-DISC1	
TSNAXIP1	-0.9999999999999999
TSPAN1	-1.0
TSPAN10	1.0
TSPAN11	-1.0
TSPAN12	0.9999999999999999
TSPAN13	1.0
TSPAN14	-0.9999999999999999
TSPAN15	1.0
TSPAN16	0.9999999999999998
TSPAN17	-1.0
TSPAN18	-0.9999999999999999
TSPAN19	
TSPAN2	-0.9999999999999999
TSPAN3	-0.9999999999999999
TSPAN31	0.9999999999999998
TSPAN32	0.9999999999999999
TSPAN33	-0.9999999999999999
TSPAN4	-0.9999999999999998
TSPAN5	-0.9999999999999998
TSPAN6	0.9999999999999999
TSPAN7	-0.9999999999999998
TSPAN8	-0.9999999999999999
TSPAN9	-0.9999999999999998
TSPAN9-IT1	
TSPEAR	-1.0
TSPEAR-AS1	1.0
TSPO	0.9999999999999999
TSPO2	0.9999999999999999
TSPY1	
TSPY10	
TSPY11P	
TSPY12P	-1.0
TSPY13P	-0.9999999999999998
TSPY14P	
TSPY15P	
TSPY16P	
TSPY17P	
TSPY18P	
TSPY19P	
TSPY2	
TSPY20P	
TSPY21P	
TSPY22P	
TSPY23P	
TSPY24P	
TSPY25P	-0.9999999999999998
TSPY26P	0.9999999999999998
TSPY3	
TSPY4	
TSPY5P	
TSPY6P	
TSPY7P	
TSPY8	
TSPYL1	-1.0
TSPYL2	-0.9999999999999998
TSPYL4	1.0
TSPYL5	-0.9999999999999999
TSPYL6	-0.9999999999999998
TSR1	-1.0
TSR2	0.9999999999999999
TSR3	1.0
TSSC1	-1.0
TSSC1-IT1	-0.9999999999999998
TSSC2	-1.0
TSSC4	1.0
TSSK1A	-1.0
TSSK1B	-1.0
TSSK2	
TSSK3	-1.0
TSSK4	-1.0
TSSK5P1	
TSSK6	0.9999999999999999
TST	1.0
TSTA3	0.9999999999999999
TSTD1	1.0
TSTD2	-1.0
TSTD3	0.9999999999999999
TTBK1	1.0
TTBK2	-0.9999999999999998
TTC1	-1.0
TTC12	1.0
TTC13	-1.0
TTC14	-1.0
TTC16	-0.9999999999999998
TTC17	0.9999999999999999
TTC18	1.0
TTC19	-1.0
TTC21A	-1.0
TTC21B	-1.0
TTC22	0.9999999999999998
TTC23	1.0
TTC23L	-1.0
TTC24	-0.9999999999999999
TTC25	-0.9999999999999998
TTC26	-1.0
TTC27	0.9999999999999999
TTC28	-1.0
TTC28-AS1	-0.9999999999999999
TTC29	-0.9999999999999998
TTC3	-1.0
TTC3-AS1	1.0
TTC30A	0.9999999999999999
TTC30B	0.9999999999999999
TTC31	0.9999999999999999
TTC32	1.0
TTC33	0.9999999999999998
TTC34	0.9999999999999998
TTC36	-1.0
TTC37	1.0
TTC38	-0.9999999999999999
TTC39A	0.9999999999999999
TTC39B	0.9999999999999998
TTC39C	1.0
TTC39CP1	
TTC39DP	
TTC3P1	0.9999999999999999
TTC4	0.9999999999999999
TTC40	-0.9999999999999998
TTC4P1	-1.0
TTC5	-1.0
TTC6	1.0
TTC7A	-0.9999999999999999
TTC7B	-0.9999999999999999
TTC8	0.9999999999999998
TTC9	-1.0
TTC9B	1.0
TTC9C	0.9999999999999999
TTF1	-1.0
TTF2	1.0
TTI1	-1.0
TTI2	-0.9999999999999998
TTK	0.9999999999999998
TTL	-0.9999999999999998
TTLL1	0.9999999999999999
TTLL10	0.9999999999999998
TTLL10-AS1	0.9999999999999999
TTLL11	-0.9999999999999998
TTLL11-IT1	0.9999999999999999
TTLL12	-0.9999999999999999
TTLL13	0.9999999999999999
TTLL2	1.0
TTLL3	-0.9999999999999999
TTLL4	-0.9999999999999999
TTLL5	-0.9999999999999999
TTLL6	1.0
TTLL7	-0.9999999999999999
TTLL7-IT1	-0.9999999999999999
TTLL8	-1.0
TTLL9	0.9999999999999998
TTN	-0.9999999999999997
TTN-AS1	0.9999999999999999
TTPA	1.0
TTPAL	-1.0
TTR	-1.0
TTTY1	
TTTY10	1.0
TTTY11	1.0
TTTY12	
TTTY13	
TTTY14	1.0
TTTY15	0.9999999999999999
TTTY16	
TTTY17A	
TTTY17B	
TTTY17C	
TTTY18	1.0
TTTY19	
TTTY1B	
TTTY2	
TTTY20	
TTTY21	
TTTY21B	
TTTY22	
TTTY23	
TTTY23B	
TTTY25P	-0.9999999999999998
TTTY2B	
TTTY3	
TTTY4	
TTTY4B	
TTTY4C	
TTTY5	
TTTY6	
TTTY6B	
TTTY7	
TTTY7B	-1.0
TTTY8	
TTTY8B	
TTTY9B	
TTYH1	-1.0
TTYH2	-1.0
TTYH3	1.0
TUB	-0.9999999999999998
TUBA1A	-0.9999999999999999
TUBA1B	0.9999999999999998
TUBA1C	-0.9999999999999999
TUBA3C	-0.9999999999999998
TUBA3D	-1.0
TUBA3E	0.9999999999999999
TUBA3FP	1.0
TUBA3GP	
TUBA4A	-0.9999999999999999
TUBA4B	-0.9999999999999998
TUBA8	0.9999999999999998
TUBA8P2	
TUBAL3	0.9999999999999999
TUBAP	-1.0
TUBB	-0.9999999999999999
TUBB1	0.9999999999999998
TUBB1P1	
TUBB1P2	
TUBB2A	-1.0
TUBB2B	-0.9999999999999998
TUBB2BP1	-0.9999999999999998
TUBB3	-1.0
TUBB3P1	-0.9999999999999998
TUBB3P2	
TUBB4A	-0.9999999999999999
TUBB4AP1	-0.9999999999999998
TUBB4B	-1.0
TUBB4BP1	
TUBB4BP2	-0.9999999999999998
TUBB4BP3	1.0
TUBB4BP4	1.0
TUBB4BP5	
TUBB4BP6	-0.9999999999999998
TUBB4BP7	
TUBB6	-0.9999999999999999
TUBB7P	-0.9999999999999999
TUBB8	0.9999999999999998
TUBB8P1	-0.9999999999999998
TUBB8P10	
TUBB8P11	1.0
TUBB8P2	
TUBB8P3	
TUBB8P4	1.0
TUBB8P5	-0.9999999999999998
TUBB8P6	0.9999999999999999
TUBB8P7	1.0
TUBB8P8	1.0
TUBB8P9	
TUBBP1	-1.0
TUBBP10	1.0
TUBBP11	
TUBBP2	-1.0
TUBBP5	1.0
TUBBP6	-0.9999999999999998
TUBBP8	-0.9999999999999998
TUBBP9	-1.0
TUBD1	1.0
TUBE1	-1.0
TUBG1	-0.9999999999999999
TUBG1P	-1.0
TUBG2	-0.9999999999999999
TUBGCP2	-1.0
TUBGCP3	-0.9999999999999998
TUBGCP4	-1.0
TUBGCP5	0.9999999999999999
TUBGCP6	-1.0
TUFM	1.0
TUFMP1	-0.9999999999999999
TUFT1	1.0
TUG1	-1.0
TULP1	0.9999999999999999
TULP2	-0.9999999999999999
TULP3	-1.0
TULP3P1	
TULP4	0.9999999999999998
TUSC1	1.0
TUSC2	1.0
TUSC3	-0.9999999999999998
TUSC5	1.0
TUSC7	
TUT1	1.0
TVP23A	-0.9999999999999998
TVP23B	0.9999999999999998
TVP23BP1	
TVP23BP2	
TVP23C	-1.0
TVP23C-CDRT4	
TVP23CP1	
TVP23CP2	-1.0
TWF1	-1.0
TWF1P1	-1.0
TWF2	0.9999999999999999
TWIST1	-0.9999999999999999
TWIST2	-0.9999999999999999
TWISTNB	-0.9999999999999999
TWSG1	-1.0
TXK	0.9999999999999998
TXLNA	-1.0
TXLNB	-0.9999999999999998
TXLNG	-0.9999999999999999
TXLNG2P	0.9999999999999999
TXN	0.9999999999999997
TXN2	-1.0
TXNDC11	-1.0
TXNDC12	1.0
TXNDC12-AS1	
TXNDC15	-1.0
TXNDC16	-1.0
TXNDC17	-1.0
TXNDC2	1.0
TXNDC5	-0.9999999999999999
TXNDC8	
TXNDC9	-0.9999999999999998
TXNIP	1.0
TXNL1	1.0
TXNL1P1	
TXNL4A	-1.0
TXNL4B	1.0
TXNRD1	-1.0
TXNRD2	-1.0
TXNRD3	-1.0
TXNRD3NB	
TYK2	-0.9999999999999999
TYMP	0.9999999999999999
TYMS	-0.9999999999999999
TYR	-0.9999999999999999
TYRL	
TYRO3	-1.0
TYRO3P	-0.9999999999999998
TYROBP	1.0
TYRP1	-1.0
TYSND1	-1.0
TYW1	-0.9999999999999999
TYW1B	1.0
TYW3	1.0
TYW5	1.0
U1	0.9999999999999999
U2AF1	0.9999999999999999
U2AF1L4	1.0
U2AF2	1.0
U2SURP	0.9999999999999999
U3	0.9999999999999999
U4	
U6	-0.9999999999999998
U7	
U73166.2	0.9999999999999998
U8	-1.0
UACA	0.9999999999999999
UAP1	-1.0
UAP1L1	-0.9999999999999998
UBA1	-1.0
UBA2	-1.0
UBA3	-0.9999999999999999
UBA5	-0.9999999999999999
UBA52	-0.9999999999999998
UBA52P3	0.9999999999999999
UBA52P5	1.0
UBA52P6	1.0
UBA52P7	0.9999999999999999
UBA52P8	-0.9999999999999998
UBA52P9	-0.9999999999999998
UBA6	1.0
UBA6-AS1	-1.0
UBA7	0.9999999999999998
UBAC1	-0.9999999999999998
UBAC2	0.9999999999999998
UBAC2-AS1	1.0
UBALD1	-1.0
UBALD2	0.9999999999999999
UBAP1	0.9999999999999999
UBAP1L	-0.9999999999999998
UBAP2	0.9999999999999999
UBAP2L	0.9999999999999999
UBASH3A	1.0
UBASH3B	-0.9999999999999999
UBB	1.0
UBBP1	1.0
UBBP2	0.9999999999999999
UBBP3	-1.0
UBBP4	-0.9999999999999999
UBBP5	1.0
UBC	1.0
UBD	1.0
UBDP1	1.0
UBE2A	-1.0
UBE2B	-0.9999999999999998
UBE2C	-0.9999999999999999
UBE2CP1	
UBE2CP2	-1.0
UBE2CP3	1.0
UBE2CP4	1.0
UBE2D1	0.9999999999999999
UBE2D2	0.9999999999999999
UBE2D3	0.9999999999999998
UBE2D3P1	0.9999999999999998
UBE2D3P2	0.9999999999999999
UBE2D3P3	
UBE2D3P4	
UBE2D4	-0.9999999999999998
UBE2DNL	-1.0
UBE2E1	0.9999999999999999
UBE2E1-AS1	1.0
UBE2E2	1.0
UBE2E2-AS1	
UBE2E3	-0.9999999999999998
UBE2F	-0.9999999999999999
UBE2F-SCLY	0.9999999999999999
UBE2FP1	-1.0
UBE2FP2	-0.9999999999999998
UBE2FP3	
UBE2G1	-0.9999999999999999
UBE2G2	-0.9999999999999999
UBE2H	-1.0
UBE2HP1	-1.0
UBE2I	-0.9999999999999999
UBE2J1	-0.9999999999999999
UBE2J2	1.0
UBE2K	1.0
UBE2L2	
UBE2L3	-0.9999999999999999
UBE2L4	-0.9999999999999997
UBE2L5P	-0.9999999999999998
UBE2L6	0.9999999999999999
UBE2M	-1.0
UBE2MP1	1.0
UBE2N	-0.9999999999999999
UBE2NL	1.0
UBE2O	-1.0
UBE2Q1	1.0
UBE2Q1-AS1	
UBE2Q2	0.9999999999999999
UBE2Q2P1	-0.9999999999999998
UBE2Q2P2	
UBE2Q2P3	1.0
UBE2Q2P4Y	
UBE2Q2P5Y	
UBE2QL1	-0.9999999999999998
UBE2R2	-0.9999999999999999
UBE2S	-0.9999999999999999
UBE2SP1	1.0
UBE2SP2	-0.9999999999999998
UBE2T	0.9999999999999999
UBE2U	-1.0
UBE2V1	-0.9999999999999999
UBE2V1P1	-0.9999999999999998
UBE2V1P10	
UBE2V1P11	
UBE2V1P12	
UBE2V1P2	-0.9999999999999998
UBE2V1P3	
UBE2V1P4	
UBE2V1P5	
UBE2V1P6	
UBE2V1P7	
UBE2V1P8	
UBE2V1P9	-0.9999999999999998
UBE2V2	-1.0
UBE2V2P1	-1.0
UBE2V2P2	
UBE2V2P3	-0.9999999999999998
UBE2V2P4	
UBE2W	-0.9999999999999999
UBE2WP1	
UBE2Z	0.9999999999999998
UBE3A	-1.0
UBE3AP2	-1.0
UBE3B	-0.9999999999999999
UBE3C	-0.9999999999999999
UBE3D	0.9999999999999999
UBE4A	-0.9999999999999999
UBE4B	-0.9999999999999999
UBFD1	0.9999999999999998
UBFD1P1	
UBIAD1	-0.9999999999999999
UBL3	1.0
UBL4A	-1.0
UBL4B	-0.9999999999999998
UBL5	1.0
UBL5P1	
UBL5P2	1.0
UBL5P3	1.0
UBL5P4	
UBL7	-0.9999999999999998
UBL7-AS1	1.0
UBLCP1	-1.0
UBN1	-1.0
UBN2	-0.9999999999999999
UBOX5	-1.0
UBOX5-AS1	-1.0
UBP1	-1.0
UBQLN1	0.9999999999999999
UBQLN1P1	-0.9999999999999998
UBQLN2	-0.9999999999999999
UBQLN3	
UBQLN4	0.9999999999999999
UBQLN4P1	0.9999999999999999
UBQLN4P2	
UBQLNL	-0.9999999999999998
UBR1	0.9999999999999999
UBR2	0.9999999999999998
UBR3	-1.0
UBR4	-1.0
UBR5	0.9999999999999999
UBR7	-0.9999999999999999
UBTD1	-0.9999999999999999
UBTD2	-1.0
UBTF	-1.0
UBTFL1	
UBTFL2	
UBTFL3	-0.9999999999999998
UBTFL5	-1.0
UBTFL6	-1.0
UBTFL7	
UBTFL8	1.0
UBXN1	-1.0
UBXN10	0.9999999999999998
UBXN11	0.9999999999999999
UBXN2A	-0.9999999999999999
UBXN2B	1.0
UBXN4	1.0
UBXN6	0.9999999999999999
UBXN7	-1.0
UBXN7-AS1	-1.0
UBXN8	-1.0
UCA1	-0.9999999999999998
UCHL1	-0.9999999999999999
UCHL1-AS1	
UCHL3	1.0
UCHL5	1.0
UCK1	0.9999999999999999
UCK2	-1.0
UCKL1	-1.0
UCMA	
UCN	-1.0
UCN2	-0.9999999999999998
UCN3	0.9999999999999998
UCP1	1.0
UCP2	1.0
UCP3	0.9999999999999998
UEVLD	1.0
UFC1	-0.9999999999999999
UFD1L	0.9999999999999999
UFL1	1.0
UFL1-AS1	0.9999999999999998
UFM1	-0.9999999999999999
UFSP1	1.0
UFSP2	-0.9999999999999999
UGCG	-1.0
UGDH	-0.9999999999999998
UGDH-AS1	0.9999999999999999
UGGT1	0.9999999999999998
UGGT2	-0.9999999999999999
UGP2	0.9999999999999999
UGT1A1	1.0
UGT1A10	-1.0
UGT1A11P	
UGT1A12P	0.9999999999999999
UGT1A13P	1.0
UGT1A2P	1.0
UGT1A3	
UGT1A4	-0.9999999999999999
UGT1A5	
UGT1A6	-1.0
UGT1A7	-0.9999999999999998
UGT1A8	1.0
UGT1A9	
UGT2A1	-0.9999999999999998
UGT2A2	
UGT2A3	-0.9999999999999999
UGT2A3P7	
UGT2B10	-1.0
UGT2B11	-0.9999999999999998
UGT2B15	1.0
UGT2B17	1.0
UGT2B28	-1.0
UGT2B29P	0.9999999999999998
UGT2B4	0.9999999999999999
UGT2B7	-1.0
UGT3A1	-0.9999999999999998
UGT3A2	-1.0
UGT8	-1.0
UHMK1	-1.0
UHRF1	0.9999999999999999
UHRF1BP1	-1.0
UHRF1BP1L	0.9999999999999999
UHRF2	-1.0
UHRF2P1	-0.9999999999999999
UIMC1	-1.0
ULBP1	0.9999999999999999
ULBP2	-1.0
ULBP3	-0.9999999999999998
ULK1	1.0
ULK2	-1.0
ULK3	-1.0
ULK4	1.0
ULK4P1	0.9999999999999998
ULK4P2	-1.0
ULK4P3	
UMOD	
UMODL1	-0.9999999999999998
UMPS	1.0
UNC119	-1.0
UNC119B	0.9999999999999999
UNC13A	-0.9999999999999999
UNC13B	-0.9999999999999999
UNC13C	-1.0
UNC13D	-0.9999999999999999
UNC45A	-1.0
UNC45B	-1.0
UNC50	1.0
UNC5A	-0.9999999999999999
UNC5B	-1.0
UNC5B-AS1	1.0
UNC5C	-1.0
UNC5CL	1.0
UNC5D	1.0
UNC79	1.0
UNC80	0.9999999999999999
UNC93A	-0.9999999999999999
UNC93B1	-1.0
UNC93B2	
UNC93B3	1.0
UNC93B4	
UNC93B5	-0.9999999999999998
UNC93B6	1.0
UNC93B7	-1.0
UNC93B8	-0.9999999999999998
UNCX	-1.0
UNG	1.0
UNGP1	-0.9999999999999998
UNGP3	1.0
UNK	0.9999999999999999
UNKL	-0.9999999999999998
UOX	-1.0
UPB1	1.0
UPF1	1.0
UPF2	0.9999999999999999
UPF3A	-1.0
UPF3AP1	0.9999999999999999
UPF3AP2	1.0
UPF3AP3	1.0
UPF3B	1.0
UPK1A	-1.0
UPK1A-AS1	-0.9999999999999998
UPK1B	-0.9999999999999998
UPK2	-0.9999999999999998
UPK3A	-1.0
UPK3B	-1.0
UPK3BL	
UPK3BP1	-1.0
UPP1	-0.9999999999999998
UPP2	-1.0
UPRT	-0.9999999999999999
UQCC1	1.0
UQCC2	1.0
UQCR10	0.9999999999999999
UQCR11	1.0
UQCRB	-1.0
UQCRBP1	-0.9999999999999999
UQCRBP2	
UQCRBP3	
UQCRC1	-1.0
UQCRC2	-1.0
UQCRC2P1	-1.0
UQCRFS1	1.0
UQCRFS1P1	1.0
UQCRFS1P2	
UQCRFS1P3	-1.0
UQCRH	0.9999999999999998
UQCRHP1	
UQCRHP2	-0.9999999999999998
UQCRHP3	
UQCRHP4	
UQCRQ	0.9999999999999998
URAD	1.0
URAHP	-1.0
URB1	-0.9999999999999998
URB2	-0.9999999999999999
URGCP	-1.0
URGCP-MRPS24	
URI1	-1.0
URM1	-0.9999999999999999
UROC1	-1.0
UROD	-1.0
UROS	0.9999999999999999
USB1	-1.0
USE1	-1.0
USF1	0.9999999999999999
USF1P1	-1.0
USF2	-0.9999999999999999
USH1C	0.9999999999999999
USH1G	-0.9999999999999998
USH2A	-1.0
USHBP1	-1.0
USMG5	0.9999999999999998
USMG5P1	-0.9999999999999998
USO1	1.0
USP1	1.0
USP10	-0.9999999999999998
USP11	-1.0
USP12	-1.0
USP12-AS1	
USP12-AS2	-0.9999999999999998
USP12PX	0.9999999999999999
USP12PY	-1.0
USP13	-1.0
USP14	-1.0
USP15	-1.0
USP16	0.9999999999999998
USP17L10	
USP17L11	
USP17L12	
USP17L13	
USP17L14P	
USP17L15	
USP17L16P	
USP17L17	
USP17L18	
USP17L19	
USP17L1P	
USP17L2	
USP17L20	
USP17L21	
USP17L22	
USP17L23	
USP17L24	
USP17L25	
USP17L26	
USP17L27	
USP17L28	
USP17L29	
USP17L3	
USP17L30	
USP17L4	
USP17L5	
USP17L6P	
USP17L7	
USP17L8	
USP17L9P	
USP18	1.0
USP19	-1.0
USP2	1.0
USP2-AS1	1.0
USP20	0.9999999999999999
USP21	0.9999999999999998
USP22	-1.0
USP24	-1.0
USP24P1	
USP25	-1.0
USP26	-1.0
USP27X	-0.9999999999999999
USP27X-AS1	0.9999999999999999
USP28	-1.0
USP29	-1.0
USP3	-1.0
USP3-AS1	0.9999999999999998
USP30	0.9999999999999999
USP30-AS1	1.0
USP31	-0.9999999999999998
USP32	-0.9999999999999999
USP32P1	-0.9999999999999998
USP32P2	-0.9999999999999999
USP32P3	-0.9999999999999999
USP33	1.0
USP34	-1.0
USP35	-1.0
USP36	-1.0
USP37	1.0
USP38	1.0
USP39	-0.9999999999999999
USP4	-1.0
USP40	1.0
USP41	-1.0
USP42	1.0
USP43	1.0
USP44	1.0
USP45	1.0
USP46	0.9999999999999999
USP46-AS1	1.0
USP47	1.0
USP48	-0.9999999999999998
USP49	-1.0
USP5	-0.9999999999999999
USP50	-0.9999999999999999
USP51	1.0
USP53	-1.0
USP54	1.0
USP6	1.0
USP6NL	-0.9999999999999999
USP7	0.9999999999999998
USP8	0.9999999999999998
USP8P1	-1.0
USP9X	-0.9999999999999998
USP9Y	0.9999999999999998
USP9YP1	
USP9YP10	
USP9YP11	
USP9YP12	
USP9YP13	
USP9YP14	
USP9YP15	
USP9YP16	
USP9YP17	
USP9YP18	
USP9YP19	
USP9YP2	
USP9YP20	
USP9YP21	
USP9YP22	
USP9YP23	
USP9YP24	-0.9999999999999998
USP9YP25	
USP9YP26	
USP9YP27	
USP9YP28	
USP9YP29	
USP9YP3	
USP9YP30	-0.9999999999999998
USP9YP31	
USP9YP32	
USP9YP33	
USP9YP34	
USP9YP35	
USP9YP36	
USP9YP4	
USP9YP5	
USP9YP6	-0.9999999999999998
USP9YP7	
USP9YP8	1.0
USP9YP9	
USPL1	1.0
UST	-1.0
UTF1	1.0
UTP11L	-1.0
UTP14A	0.9999999999999999
UTP14C	0.9999999999999998
UTP15	-1.0
UTP18	-0.9999999999999998
UTP20	-0.9999999999999998
UTP23	-0.9999999999999998
UTP3	-0.9999999999999999
UTP6	-0.9999999999999998
UTRN	0.9999999999999998
UTS2	-1.0
UTS2B	1.0
UTS2R	0.9999999999999998
UTY	1.0
UVRAG	-0.9999999999999998
UVSSA	1.0
UXS1	-1.0
UXT	0.9999999999999999
VAC14	-1.0
VAC14-AS1	0.9999999999999998
VAMP1	-1.0
VAMP2	-0.9999999999999999
VAMP3	-0.9999999999999998
VAMP4	-1.0
VAMP5	1.0
VAMP7	-0.9999999999999998
VAMP8	0.9999999999999999
VANGL1	-1.0
VANGL2	1.0
VAPA	-0.9999999999999998
VAPB	1.0
VARS	-0.9999999999999999
VARS2	0.9999999999999999
VASH1	-0.9999999999999999
VASH2	-0.9999999999999999
VASN	-1.0
VASP	-1.0
VAT1	-1.0
VAT1L	-1.0
VAV1	-0.9999999999999998
VAV2	1.0
VAV3	0.9999999999999999
VAV3-AS1	0.9999999999999998
VAX1	
VAX2	-1.0
VBP1	-1.0
VCAM1	-0.9999999999999998
VCAN	-0.9999999999999999
VCAN-AS1	
VCL	-0.9999999999999999
VCP	1.0
VCPIP1	-0.9999999999999999
VCPKMT	-1.0
VCX	-1.0
VCX2	
VCX3A	
VCX3B	
VCY	-0.9999999999999998
VCY1B	
VDAC1	-1.0
VDAC1P1	-0.9999999999999999
VDAC1P10	-0.9999999999999998
VDAC1P11	0.9999999999999999
VDAC1P12	-0.9999999999999998
VDAC1P2	-0.9999999999999999
VDAC1P3	-0.9999999999999998
VDAC1P4	-0.9999999999999999
VDAC1P5	0.9999999999999999
VDAC1P6	-0.9999999999999998
VDAC1P7	-1.0
VDAC1P8	-0.9999999999999998
VDAC1P9	-0.9999999999999998
VDAC2	-1.0
VDAC2P1	
VDAC3	-1.0
VDAC3P1	-0.9999999999999998
VDR	0.9999999999999999
VEGFA	-1.0
VEGFB	-1.0
VEGFC	-0.9999999999999998
VENTX	1.0
VENTXP1	
VENTXP2	
VENTXP4	
VENTXP5	
VENTXP6	
VENTXP7	-0.9999999999999998
VEPH1	1.0
VEZF1	-0.9999999999999998
VEZF1P1	0.9999999999999998
VEZT	0.9999999999999999
VGF	0.9999999999999999
VGLL1	
VGLL2	1.0
VGLL3	-1.0
VGLL4	-1.0
VHL	-0.9999999999999999
VHLL	0.9999999999999999
VIL1	-0.9999999999999999
VILL	-1.0
VIM	-0.9999999999999998
VIM-AS1	-0.9999999999999999
VIMP	0.9999999999999998
VIMP1	
VIP	-1.0
VIPAS39	-0.9999999999999999
VIPR1	-0.9999999999999999
VIPR1-AS1	1.0
VIPR2	-0.9999999999999999
VIT	0.9999999999999999
VKORC1	0.9999999999999999
VKORC1L1	-0.9999999999999999
VLDLR	-1.0
VMA21	-0.9999999999999999
VMAC	-1.0
VMO1	1.0
VMP1	-1.0
VN1R1	-1.0
VN1R104P	
VN1R105P	
VN1R107P	
VN1R108P	0.9999999999999999
VN1R10P	
VN1R110P	-0.9999999999999998
VN1R11P	
VN1R12P	
VN1R13P	-0.9999999999999998
VN1R14P	-1.0
VN1R17P	
VN1R2	
VN1R20P	-0.9999999999999998
VN1R21P	-0.9999999999999998
VN1R25P	
VN1R28P	
VN1R3	1.0
VN1R31P	
VN1R32P	
VN1R33P	
VN1R34P	
VN1R35P	
VN1R36P	
VN1R37P	
VN1R38P	
VN1R4	
VN1R40P	
VN1R42P	-0.9999999999999999
VN1R46P	-0.9999999999999998
VN1R48P	
VN1R5	-0.9999999999999998
VN1R51P	
VN1R53P	
VN1R64P	
VN1R65P	
VN1R66P	
VN1R67P	
VN1R68P	
VN1R69P	
VN1R6P	
VN1R70P	
VN1R71P	
VN1R78P	
VN1R79P	
VN1R7P	
VN1R80P	-1.0
VN1R81P	0.9999999999999998
VN1R82P	-0.9999999999999998
VN1R83P	0.9999999999999998
VN1R84P	-1.0
VN1R85P	1.0
VN1R87P	
VN1R88P	
VN1R8P	
VN1R90P	
VN1R91P	
VN1R92P	
VN1R93P	
VN1R96P	-0.9999999999999998
VN2R10P	
VN2R11P	
VN2R17P	
VN2R19P	
VN2R1P	
VN2R3P	1.0
VN2R4P	
VN2R5P	
VN2R6P	
VN2R9P	-0.9999999999999998
VNN1	0.9999999999999999
VNN2	-0.9999999999999998
VNN3	-0.9999999999999999
VOPP1	-0.9999999999999998
VPRBP	0.9999999999999999
VPREB1	-0.9999999999999998
VPREB3	-1.0
VPS11	-1.0
VPS13A	1.0
VPS13A-AS1	0.9999999999999999
VPS13B	-1.0
VPS13C	0.9999999999999999
VPS13D	0.9999999999999998
VPS16	-0.9999999999999998
VPS18	-0.9999999999999999
VPS25	-0.9999999999999998
VPS25P1	-0.9999999999999998
VPS26A	-0.9999999999999998
VPS26AP1	-1.0
VPS26B	-1.0
VPS26BP1	-0.9999999999999998
VPS28	-0.9999999999999999
VPS29	1.0
VPS33A	-1.0
VPS33B	-0.9999999999999999
VPS35	-1.0
VPS36	1.0
VPS37A	0.9999999999999999
VPS37B	-1.0
VPS37C	0.9999999999999998
VPS37D	-1.0
VPS39	-0.9999999999999997
VPS41	-0.9999999999999999
VPS45	0.9999999999999999
VPS4A	-0.9999999999999998
VPS4B	1.0
VPS51	1.0
VPS52	-0.9999999999999999
VPS53	-0.9999999999999998
VPS54	0.9999999999999999
VPS72	0.9999999999999999
VPS8	-1.0
VPS9D1	-1.0
VPS9D1-AS1	0.9999999999999998
VRK1	-1.0
VRK2	-0.9999999999999999
VRK3	1.0
VRTN	0.9999999999999999
VSIG1	-1.0
VSIG10	-0.9999999999999998
VSIG10L	1.0
VSIG2	-1.0
VSIG4	0.9999999999999999
VSIG8	-1.0
VSNL1	0.9999999999999999
VSTM1	-0.9999999999999998
VSTM2A	0.9999999999999999
VSTM2B	-1.0
VSTM2L	-1.0
VSTM4	-0.9999999999999999
VSTM5	0.9999999999999998
VSX1	0.9999999999999999
VSX2	-1.0
VTA1	-0.9999999999999998
VTCN1	-1.0
VTI1A	0.9999999999999998
VTI1B	-1.0
VTI1BP1	1.0
VTI1BP2	
VTI1BP3	
VTI1BP4	-0.9999999999999998
VTN	-1.0
VTRNA1-1	-1.0
VTRNA1-2	-0.9999999999999999
VTRNA1-3	1.0
VTRNA2-1	
VTRNA3-1P	
VWA1	-1.0
VWA2	1.0
VWA3A	-1.0
VWA3B	1.0
VWA5A	-0.9999999999999998
VWA5B1	1.0
VWA5B2	1.0
VWA7	-1.0
VWA8	-0.9999999999999999
VWA8P1	
VWA9	0.9999999999999999
VWC2	0.9999999999999999
VWC2L	-1.0
VWC2L-IT1	1.0
VWCE	-0.9999999999999999
VWDE	1.0
VWF	-1.0
VWFP1	0.9999999999999999
Vault	-1.0
WAC	-0.9999999999999999
WAC-AS1	1.0
WAPAL	-1.0
WARS	0.9999999999999998
WARS2	0.9999999999999999
WARS2-IT1	1.0
WARS2P1	
WAS	-0.9999999999999999
WASF1	0.9999999999999999
WASF2	-1.0
WASF3	-1.0
WASF3-AS1	
WASF4P	-0.9999999999999999
WASF5P	
WASH2P	1.0
WASH3P	1.0
WASH4P	-0.9999999999999999
WASH5P	-0.9999999999999998
WASH6P	0.9999999999999998
WASH7P	-1.0
WASIR1	
WASIR2	0.9999999999999999
WASL	0.9999999999999999
WBP1	1.0
WBP11	-1.0
WBP11P1	0.9999999999999999
WBP1L	-0.9999999999999999
WBP1LP1	1.0
WBP1LP2	0.9999999999999999
WBP1LP3	
WBP1LP4	
WBP1LP5	
WBP1LP6	
WBP1LP7	
WBP2	1.0
WBP2NL	-1.0
WBP2P1	-0.9999999999999998
WBP4	-0.9999999999999999
WBP5	-1.0
WBSCR16	0.9999999999999999
WBSCR17	-0.9999999999999998
WBSCR22	-0.9999999999999999
WBSCR27	-1.0
WBSCR28	-0.9999999999999998
WDFY1	1.0
WDFY2	-0.9999999999999999
WDFY3	0.9999999999999998
WDFY3-AS1	1.0
WDFY3-AS2	1.0
WDFY4	-0.9999999999999999
WDHD1	0.9999999999999999
WDPCP	-1.0
WDR1	-0.9999999999999998
WDR11	1.0
WDR11-AS1	-1.0
WDR12	-1.0
WDR13	-1.0
WDR16	-1.0
WDR17	0.9999999999999999
WDR18	-1.0
WDR19	-1.0
WDR20	-1.0
WDR24	1.0
WDR25	1.0
WDR26	-1.0
WDR27	-0.9999999999999998
WDR3	1.0
WDR31	0.9999999999999999
WDR33	-1.0
WDR34	-0.9999999999999999
WDR35	-1.0
WDR36	-1.0
WDR37	-0.9999999999999998
WDR38	0.9999999999999999
WDR4	0.9999999999999999
WDR41	1.0
WDR43	-1.0
WDR44	-1.0
WDR45	1.0
WDR45B	-0.9999999999999999
WDR46	-0.9999999999999999
WDR47	-0.9999999999999999
WDR48	1.0
WDR49	-0.9999999999999999
WDR5	0.9999999999999999
WDR52	-0.9999999999999999
WDR52-AS1	
WDR53	0.9999999999999999
WDR54	-1.0
WDR55	-1.0
WDR59	-1.0
WDR5B	1.0
WDR6	-1.0
WDR60	-0.9999999999999998
WDR61	0.9999999999999999
WDR62	-0.9999999999999999
WDR63	-0.9999999999999999
WDR64	-0.9999999999999999
WDR65	-1.0
WDR66	-0.9999999999999998
WDR7	-0.9999999999999999
WDR7-UT1	
WDR70	-0.9999999999999999
WDR72	0.9999999999999999
WDR73	1.0
WDR74	-0.9999999999999999
WDR75	-1.0
WDR76	0.9999999999999999
WDR77	1.0
WDR78	-0.9999999999999999
WDR81	1.0
WDR82	0.9999999999999999
WDR82P1	-0.9999999999999998
WDR83	0.9999999999999999
WDR83OS	-0.9999999999999999
WDR86	-0.9999999999999999
WDR86-AS1	-0.9999999999999999
WDR87	0.9999999999999999
WDR88	1.0
WDR89	-0.9999999999999998
WDR90	0.9999999999999998
WDR91	-1.0
WDR92	1.0
WDR93	0.9999999999999998
WDR95P	
WDR96	-0.9999999999999999
WDSUB1	-0.9999999999999999
WDTC1	-1.0
WDYHV1	-1.0
WEE1	-0.9999999999999999
WEE2	
WEE2-AS1	-0.9999999999999999
WFDC1	-1.0
WFDC10A	
WFDC10B	0.9999999999999998
WFDC11	
WFDC12	-0.9999999999999999
WFDC13	
WFDC2	1.0
WFDC3	-1.0
WFDC5	-1.0
WFDC6	
WFDC8	
WFDC9	
WFIKKN1	-1.0
WFIKKN2	0.9999999999999999
WFS1	-0.9999999999999998
WHAMM	0.9999999999999998
WHAMMP2	-1.0
WHAMMP3	-0.9999999999999999
WHSC1	0.9999999999999999
WHSC1L1	0.9999999999999999
WIBG	-1.0
WIF1	0.9999999999999999
WIPF1	-0.9999999999999999
WIPF2	-1.0
WIPF3	0.9999999999999999
WIPI1	0.9999999999999998
WIPI2	-0.9999999999999999
WISP1	-0.9999999999999999
WISP1-UT1	
WISP2	0.9999999999999998
WISP3	-0.9999999999999998
WIZ	0.9999999999999998
WLS	-0.9999999999999999
WNK1	-1.0
WNK2	1.0
WNK3	-0.9999999999999999
WNK4	-1.0
WNT1	-1.0
WNT10A	0.9999999999999998
WNT10B	-0.9999999999999999
WNT11	1.0
WNT16	-0.9999999999999997
WNT2	-0.9999999999999998
WNT2B	-0.9999999999999999
WNT3	1.0
WNT3A	1.0
WNT4	1.0
WNT5A	-1.0
WNT5A-AS1	0.9999999999999999
WNT5B	-1.0
WNT6	-1.0
WNT7A	-1.0
WNT7B	1.0
WNT8A	
WNT8B	1.0
WNT9A	-1.0
WNT9B	0.9999999999999999
WRAP53	-0.9999999999999999
WRAP73	-1.0
WRB	0.9999999999999998
WRBP1	
WRN	0.9999999999999998
WRNIP1	1.0
WSB1	-1.0
WSB2	-0.9999999999999999
WSCD1	-0.9999999999999998
WSCD2	-1.0
WT1	-1.0
WT1-AS	-0.9999999999999998
WTAP	-0.9999999999999999
WTAPP1	1.0
WTIP	-0.9999999999999998
WWC1	-1.0
WWC2	-0.9999999999999999
WWC2-AS1	
WWC2-AS2	-0.9999999999999998
WWC3	-1.0
WWC3-AS1	
WWOX	0.9999999999999999
WWP1	-1.0
WWP1P1	0.9999999999999998
WWP2	1.0
WWTR1	-0.9999999999999999
WWTR1-AS1	1.0
WWTR1-IT1	
XAB2	-0.9999999999999999
XAF1	1.0
XAGE1A	
XAGE1B	
XAGE1C	
XAGE1D	
XAGE1E	
XAGE2	1.0
XAGE2B	
XAGE3	1.0
XAGE5	
XBP1	-0.9999999999999999
XBP1P1	-1.0
XCL1	-0.9999999999999998
XCL2	0.9999999999999999
XCR1	1.0
XDH	1.0
XG	0.9999999999999998
XGPY	
XIAP	0.9999999999999999
XIAP-AS1	
XIRP1	-0.9999999999999998
XIRP2	1.0
XIRP2-AS1	
XIST	-1.0
XK	1.0
XKR3	-1.0
XKR4	-1.0
XKR5	0.9999999999999999
XKR6	0.9999999999999999
XKR7	1.0
XKR8	-0.9999999999999998
XKR9	1.0
XKRX	-0.9999999999999999
XKRYP1	1.0
XKRYP2	
XKRYP3	
XKRYP4	
XKRYP5	
XKRYP6	
XPA	1.0
XPC	-1.0
XPNPEP1	-0.9999999999999999
XPNPEP2	-0.9999999999999998
XPNPEP3	-1.0
XPO1	1.0
XPO4	-1.0
XPO5	-0.9999999999999999
XPO6	-0.9999999999999997
XPO7	-1.0
XPOT	-0.9999999999999999
XPOTP1	1.0
XPR1	-1.0
XRCC1	-0.9999999999999999
XRCC2	1.0
XRCC3	0.9999999999999999
XRCC4	1.0
XRCC5	-1.0
XRCC6	-0.9999999999999999
XRCC6BP1	0.9999999999999999
XRCC6P1	-1.0
XRCC6P2	-0.9999999999999999
XRCC6P3	-1.0
XRCC6P4	0.9999999999999999
XRCC6P5	-0.9999999999999999
XRN1	0.9999999999999999
XRN2	-1.0
XRRA1	-0.9999999999999999
XXYLT1	0.9999999999999998
XXYLT1-AS1	1.0
XXYLT1-AS2	0.9999999999999999
XYLB	-1.0
XYLT1	-1.0
XYLT2	1.0
YAE1D1	1.0
YAF2	-0.9999999999999997
YAP1	-0.9999999999999998
YAP1P1	-1.0
YAP1P2	
YARS	1.0
YARS2	-1.0
YBEY	-1.0
YBX1	1.0
YBX1P1	1.0
YBX1P10	-0.9999999999999999
YBX1P2	1.0
YBX1P3	1.0
YBX1P4	0.9999999999999999
YBX1P5	1.0
YBX1P6	-1.0
YBX1P7	-0.9999999999999998
YBX1P8	
YBX1P9	1.0
YBX2	1.0
YBX3	-0.9999999999999999
YBX3P1	0.9999999999999999
YDJC	1.0
YEATS2	0.9999999999999999
YEATS2-AS1	0.9999999999999998
YEATS4	0.9999999999999998
YES1	0.9999999999999999
YIF1A	1.0
YIF1B	1.0
YIPF1	0.9999999999999999
YIPF2	1.0
YIPF3	-1.0
YIPF4	-1.0
YIPF5	0.9999999999999998
YIPF6	-1.0
YIPF7	0.9999999999999999
YJEFN3	0.9999999999999999
YKT6	-0.9999999999999999
YLPM1	-0.9999999999999999
YME1L1	-1.0
YME1L1P1	
YOD1	-1.0
YPEL1	0.9999999999999998
YPEL2	0.9999999999999999
YPEL3	-1.0
YPEL4	0.9999999999999999
YPEL5	-1.0
YRDC	-1.0
YRDCP2	
YRDCP3	
YTHDC1	0.9999999999999998
YTHDC2	-1.0
YTHDF1	-1.0
YTHDF1P1	
YTHDF2	1.0
YTHDF3	-0.9999999999999999
YTHDF3-AS1	1.0
YWHAB	-1.0
YWHAE	-0.9999999999999998
YWHAG	-1.0
YWHAH	-1.0
YWHAQ	1.0
YWHAQP5	-1.0
YWHAQP6	-1.0
YWHAQP7	1.0
YWHAQP9	
YWHAZ	-1.0
YWHAZP2	-1.0
YWHAZP3	-1.0
YWHAZP4	0.9999999999999999
YWHAZP5	-1.0
YWHAZP6	-1.0
YWHAZP7	-1.0
YWHAZP8	-1.0
YY1	-0.9999999999999999
YY1AP1	-1.0
YY1P1	
YY1P2	
YY2	-0.9999999999999999
Y_RNA	1.0
ZACN	0.9999999999999999
ZADH2	1.0
ZAN	-1.0
ZAP70	-1.0
ZAR1	
ZAR1L	-0.9999999999999997
ZBBX	-0.9999999999999998
ZBED1	1.0
ZBED1P1	
ZBED2	-0.9999999999999998
ZBED3	1.0
ZBED3-AS1	1.0
ZBED4	0.9999999999999998
ZBED5	-1.0
ZBED5-AS1	-1.0
ZBED6	0.9999999999999998
ZBED6CL	-1.0
ZBP1	0.9999999999999999
ZBTB1	-0.9999999999999998
ZBTB10	-0.9999999999999999
ZBTB11	-1.0
ZBTB11-AS1	1.0
ZBTB12	1.0
ZBTB12P1	1.0
ZBTB14	-1.0
ZBTB16	0.9999999999999999
ZBTB17	1.0
ZBTB18	-0.9999999999999998
ZBTB2	-1.0
ZBTB20	-0.9999999999999999
ZBTB20-AS1	-0.9999999999999998
ZBTB20-AS2	
ZBTB20-AS3	
ZBTB20-AS4	0.9999999999999999
ZBTB21	-0.9999999999999999
ZBTB22	1.0
ZBTB24	-0.9999999999999998
ZBTB25	-1.0
ZBTB26	0.9999999999999998
ZBTB3	1.0
ZBTB32	-0.9999999999999999
ZBTB33	1.0
ZBTB34	-0.9999999999999998
ZBTB37	-1.0
ZBTB38	-1.0
ZBTB39	-1.0
ZBTB4	-1.0
ZBTB40	-1.0
ZBTB40-IT1	-0.9999999999999998
ZBTB41	0.9999999999999999
ZBTB42	1.0
ZBTB43	-0.9999999999999999
ZBTB44	-0.9999999999999999
ZBTB45	1.0
ZBTB46	-1.0
ZBTB47	-0.9999999999999998
ZBTB48	1.0
ZBTB49	0.9999999999999998
ZBTB5	-1.0
ZBTB6	-1.0
ZBTB7A	0.9999999999999998
ZBTB7B	-0.9999999999999999
ZBTB7C	-0.9999999999999999
ZBTB8A	-1.0
ZBTB8B	-1.0
ZBTB8OS	0.9999999999999999
ZBTB8OSP1	1.0
ZBTB8OSP2	-0.9999999999999999
ZBTB9	-1.0
ZC2HC1A	-1.0
ZC2HC1B	-1.0
ZC2HC1C	1.0
ZC3H10	-1.0
ZC3H11A	-1.0
ZC3H11B	-1.0
ZC3H12A	-1.0
ZC3H12B	1.0
ZC3H12C	-1.0
ZC3H12D	0.9999999999999999
ZC3H13	-1.0
ZC3H14	1.0
ZC3H15	-0.9999999999999999
ZC3H18	-0.9999999999999999
ZC3H3	1.0
ZC3H4	1.0
ZC3H6	-1.0
ZC3H7A	0.9999999999999999
ZC3H7B	1.0
ZC3H8	-0.9999999999999999
ZC3HAV1	-1.0
ZC3HAV1L	-1.0
ZC3HC1	-0.9999999999999999
ZC4H2	1.0
ZCCHC10	1.0
ZCCHC11	-0.9999999999999999
ZCCHC12	-0.9999999999999999
ZCCHC13	
ZCCHC14	1.0
ZCCHC16	
ZCCHC17	-1.0
ZCCHC18	-1.0
ZCCHC2	0.9999999999999998
ZCCHC24	-1.0
ZCCHC3	0.9999999999999998
ZCCHC4	-0.9999999999999998
ZCCHC5	-1.0
ZCCHC6	1.0
ZCCHC7	-1.0
ZCCHC8	1.0
ZCCHC9	1.0
ZCRB1	0.9999999999999999
ZCWPW1	-0.9999999999999999
ZCWPW2	-1.0
ZDBF2	-0.9999999999999999
ZDHHC1	-1.0
ZDHHC11	-1.0
ZDHHC11B	-1.0
ZDHHC12	-0.9999999999999999
ZDHHC13	1.0
ZDHHC14	-0.9999999999999998
ZDHHC15	-0.9999999999999998
ZDHHC16	1.0
ZDHHC17	-0.9999999999999998
ZDHHC18	-1.0
ZDHHC19	1.0
ZDHHC2	1.0
ZDHHC20	-0.9999999999999999
ZDHHC20-IT1	-1.0
ZDHHC20P1	0.9999999999999998
ZDHHC20P2	
ZDHHC20P3	
ZDHHC20P4	-0.9999999999999998
ZDHHC21	-0.9999999999999998
ZDHHC22	-0.9999999999999998
ZDHHC23	1.0
ZDHHC24	0.9999999999999999
ZDHHC3	1.0
ZDHHC4	1.0
ZDHHC4P1	
ZDHHC5	-1.0
ZDHHC6	-1.0
ZDHHC7	-1.0
ZDHHC8	-0.9999999999999999
ZDHHC8P1	-0.9999999999999998
ZDHHC9	-0.9999999999999999
ZEB1	-1.0
ZEB1-AS1	-0.9999999999999999
ZEB2	-1.0
ZEB2-AS1	-0.9999999999999998
ZEB2P1	1.0
ZER1	1.0
ZFAND1	-0.9999999999999999
ZFAND2A	0.9999999999999999
ZFAND2B	-0.9999999999999998
ZFAND3	0.9999999999999998
ZFAND4	0.9999999999999999
ZFAND5	-1.0
ZFAND6	-1.0
ZFAND6P1	
ZFAS1	0.9999999999999999
ZFAT	-1.0
ZFAT-AS1	
ZFC3H1	1.0
ZFHX2	1.0
ZFHX3	-0.9999999999999999
ZFHX4	-0.9999999999999998
ZFHX4-AS1	-0.9999999999999998
ZFP1	-1.0
ZFP14	1.0
ZFP2	1.0
ZFP28	-0.9999999999999998
ZFP3	0.9999999999999998
ZFP30	-1.0
ZFP36	-0.9999999999999999
ZFP36L1	-0.9999999999999998
ZFP36L2	-0.9999999999999999
ZFP37	-1.0
ZFP41	-1.0
ZFP42	-0.9999999999999999
ZFP57	-1.0
ZFP62	1.0
ZFP64	0.9999999999999999
ZFP64P1	-0.9999999999999999
ZFP69	1.0
ZFP69B	-1.0
ZFP82	-0.9999999999999999
ZFP90	-1.0
ZFP91	-1.0
ZFP91-CNTF	
ZFP92	-1.0
ZFPL1	0.9999999999999999
ZFPM1	0.9999999999999999
ZFPM2	-0.9999999999999998
ZFR	0.9999999999999998
ZFR2	-1.0
ZFRP1	
ZFX	-0.9999999999999999
ZFX-AS1	
ZFY	0.9999999999999999
ZFY-AS1	0.9999999999999998
ZFYVE1	-1.0
ZFYVE16	0.9999999999999999
ZFYVE19	-1.0
ZFYVE20	-1.0
ZFYVE21	0.9999999999999998
ZFYVE26	0.9999999999999999
ZFYVE27	0.9999999999999999
ZFYVE28	1.0
ZFYVE9	1.0
ZFYVE9P1	-1.0
ZFYVE9P2	-0.9999999999999998
ZG16	-1.0
ZG16B	-0.9999999999999999
ZGLP1	1.0
ZGPAT	1.0
ZHX1	0.9999999999999999
ZHX1-C8ORF76	-0.9999999999999998
ZHX2	-0.9999999999999999
ZHX3	-0.9999999999999998
ZIC1	1.0
ZIC2	-0.9999999999999998
ZIC3	-1.0
ZIC4	-0.9999999999999998
ZIC4-AS1	
ZIC5	-0.9999999999999999
ZIK1	-1.0
ZIK1P1	
ZIM2	
ZIM3	
ZKSCAN1	0.9999999999999999
ZKSCAN2	-1.0
ZKSCAN3	0.9999999999999999
ZKSCAN4	0.9999999999999999
ZKSCAN5	-1.0
ZKSCAN7	-0.9999999999999998
ZKSCAN8	0.9999999999999999
ZMAT1	-0.9999999999999999
ZMAT2	-1.0
ZMAT3	-1.0
ZMAT4	1.0
ZMAT5	-1.0
ZMIZ1	-1.0
ZMIZ1-AS1	1.0
ZMIZ2	-0.9999999999999999
ZMPSTE24	-1.0
ZMYM1	-1.0
ZMYM2	-1.0
ZMYM3	-1.0
ZMYM4	0.9999999999999999
ZMYM4-AS1	
ZMYM5	1.0
ZMYM6	0.9999999999999998
ZMYM6NB	
ZMYND10	-1.0
ZMYND10-AS1	1.0
ZMYND11	0.9999999999999999
ZMYND12	0.9999999999999998
ZMYND15	0.9999999999999999
ZMYND19	0.9999999999999999
ZMYND19P1	1.0
ZMYND8	1.0
ZNF10	-1.0
ZNF100	1.0
ZNF101	-1.0
ZNF101P1	
ZNF101P2	-1.0
ZNF106	1.0
ZNF107	0.9999999999999999
ZNF112	0.9999999999999998
ZNF114	-1.0
ZNF114P1	
ZNF117	-0.9999999999999999
ZNF12	-1.0
ZNF121	-0.9999999999999998
ZNF123P	1.0
ZNF124	1.0
ZNF131	0.9999999999999999
ZNF132	-1.0
ZNF133	-1.0
ZNF134	-1.0
ZNF135	-0.9999999999999999
ZNF136	0.9999999999999999
ZNF137P	0.9999999999999999
ZNF138	-1.0
ZNF14	-1.0
ZNF140	-1.0
ZNF141	0.9999999999999999
ZNF142	-1.0
ZNF143	-0.9999999999999999
ZNF146	1.0
ZNF148	0.9999999999999998
ZNF154	-1.0
ZNF155	0.9999999999999998
ZNF157	0.9999999999999999
ZNF16	0.9999999999999999
ZNF160	-0.9999999999999998
ZNF165	-0.9999999999999999
ZNF169	-1.0
ZNF17	1.0
ZNF174	0.9999999999999998
ZNF175	-0.9999999999999999
ZNF177	1.0
ZNF18	-0.9999999999999999
ZNF180	-1.0
ZNF181	-0.9999999999999998
ZNF182	-1.0
ZNF184	1.0
ZNF185	-1.0
ZNF189	0.9999999999999999
ZNF19	1.0
ZNF192P1	1.0
ZNF192P2	
ZNF195	0.9999999999999999
ZNF197	1.0
ZNF197-AS1	-1.0
ZNF2	-0.9999999999999999
ZNF20	1.0
ZNF200	-1.0
ZNF202	-1.0
ZNF204P	1.0
ZNF205	0.9999999999999999
ZNF205-AS1	1.0
ZNF207	-0.9999999999999999
ZNF208	1.0
ZNF209P	
ZNF211	-0.9999999999999999
ZNF212	1.0
ZNF213	0.9999999999999999
ZNF214	1.0
ZNF215	0.9999999999999998
ZNF217	1.0
ZNF219	0.9999999999999999
ZNF22	1.0
ZNF221	0.9999999999999999
ZNF222	-1.0
ZNF223	-0.9999999999999998
ZNF224	1.0
ZNF225	-1.0
ZNF226	-1.0
ZNF227	-0.9999999999999998
ZNF229	-0.9999999999999999
ZNF23	-0.9999999999999999
ZNF230	-0.9999999999999998
ZNF232	0.9999999999999998
ZNF233	0.9999999999999999
ZNF234	1.0
ZNF235	0.9999999999999999
ZNF236	-0.9999999999999998
ZNF239	1.0
ZNF24	-1.0
ZNF248	-0.9999999999999999
ZNF25	-1.0
ZNF250	1.0
ZNF251	-0.9999999999999999
ZNF252P	-1.0
ZNF252P-AS1	-0.9999999999999999
ZNF253	1.0
ZNF254	0.9999999999999999
ZNF256	-0.9999999999999999
ZNF257	1.0
ZNF259	-1.0
ZNF259P1	-1.0
ZNF26	0.9999999999999998
ZNF260	1.0
ZNF263	0.9999999999999999
ZNF264	-0.9999999999999999
ZNF266	-0.9999999999999999
ZNF267	-0.9999999999999999
ZNF268	-1.0
ZNF271	-1.0
ZNF273	0.9999999999999998
ZNF274	-0.9999999999999999
ZNF275	-0.9999999999999998
ZNF276	-1.0
ZNF277	-0.9999999999999998
ZNF28	-0.9999999999999999
ZNF280A	
ZNF280B	1.0
ZNF280C	1.0
ZNF280D	1.0
ZNF281	-1.0
ZNF282	1.0
ZNF283	-0.9999999999999998
ZNF284	-1.0
ZNF285	-1.0
ZNF285B	1.0
ZNF286A	1.0
ZNF286B	-0.9999999999999999
ZNF287	0.9999999999999999
ZNF292	1.0
ZNF295-AS1	0.9999999999999999
ZNF296	-1.0
ZNF299P	-0.9999999999999999
ZNF29P	
ZNF3	1.0
ZNF30	1.0
ZNF300	0.9999999999999999
ZNF300P1	1.0
ZNF302	1.0
ZNF304	-0.9999999999999999
ZNF311	0.9999999999999999
ZNF316	-0.9999999999999999
ZNF317	-1.0
ZNF317P1	
ZNF318	0.9999999999999999
ZNF319	-1.0
ZNF32	1.0
ZNF32-AS1	1.0
ZNF32-AS2	1.0
ZNF32-AS3	1.0
ZNF320	1.0
ZNF321P	
ZNF322	0.9999999999999999
ZNF322P1	-0.9999999999999999
ZNF324	-1.0
ZNF324B	1.0
ZNF326	0.9999999999999999
ZNF329	-0.9999999999999999
ZNF330	-1.0
ZNF331	-0.9999999999999998
ZNF333	-1.0
ZNF334	1.0
ZNF335	-0.9999999999999999
ZNF337	-1.0
ZNF33A	1.0
ZNF33AP1	
ZNF33B	0.9999999999999999
ZNF33BP1	1.0
ZNF34	-0.9999999999999997
ZNF341	-1.0
ZNF343	-1.0
ZNF345	-0.9999999999999999
ZNF346	-1.0
ZNF346-IT1	-0.9999999999999998
ZNF347	-0.9999999999999999
ZNF35	-1.0
ZNF350	-1.0
ZNF354A	-0.9999999999999999
ZNF354B	0.9999999999999998
ZNF354C	-0.9999999999999999
ZNF355P	
ZNF358	0.9999999999999998
ZNF362	-0.9999999999999999
ZNF365	-0.9999999999999998
ZNF366	-1.0
ZNF367	1.0
ZNF37A	0.9999999999999999
ZNF37BP	-0.9999999999999999
ZNF382	-1.0
ZNF383	-1.0
ZNF384	0.9999999999999998
ZNF385A	0.9999999999999998
ZNF385B	1.0
ZNF385C	-1.0
ZNF385D	-1.0
ZNF385D-AS1	
ZNF385D-AS2	
ZNF391	1.0
ZNF394	-1.0
ZNF395	-0.9999999999999999
ZNF396	0.9999999999999999
ZNF397	0.9999999999999999
ZNF398	-1.0
ZNF402P	-0.9999999999999998
ZNF404	-0.9999999999999998
ZNF407	1.0
ZNF408	1.0
ZNF41	1.0
ZNF410	-1.0
ZNF414	1.0
ZNF415	1.0
ZNF416	-0.9999999999999999
ZNF417	0.9999999999999999
ZNF418	-0.9999999999999999
ZNF419	-0.9999999999999999
ZNF420	0.9999999999999998
ZNF423	-1.0
ZNF425	1.0
ZNF426	0.9999999999999998
ZNF428	1.0
ZNF429	1.0
ZNF43	0.9999999999999999
ZNF430	1.0
ZNF431	-0.9999999999999998
ZNF432	-1.0
ZNF433	-0.9999999999999999
ZNF436	-1.0
ZNF438	-0.9999999999999999
ZNF439	-0.9999999999999999
ZNF44	0.9999999999999998
ZNF440	-0.9999999999999999
ZNF441	-0.9999999999999998
ZNF442	-0.9999999999999999
ZNF443	0.9999999999999999
ZNF444	0.9999999999999999
ZNF444P1	
ZNF445	1.0
ZNF446	0.9999999999999999
ZNF449	1.0
ZNF45	-1.0
ZNF451	-0.9999999999999999
ZNF454	1.0
ZNF460	-0.9999999999999998
ZNF461	-0.9999999999999999
ZNF462	0.9999999999999999
ZNF467	1.0
ZNF468	0.9999999999999998
ZNF469	-1.0
ZNF470	-0.9999999999999998
ZNF471	-0.9999999999999999
ZNF473	-1.0
ZNF474	-1.0
ZNF479	
ZNF48	1.0
ZNF480	1.0
ZNF483	-0.9999999999999999
ZNF484	-0.9999999999999999
ZNF485	0.9999999999999999
ZNF486	1.0
ZNF487	-0.9999999999999999
ZNF488	-0.9999999999999999
ZNF490	0.9999999999999998
ZNF491	-0.9999999999999998
ZNF492	1.0
ZNF493	1.0
ZNF496	-0.9999999999999999
ZNF497	-0.9999999999999998
ZNF500	0.9999999999999999
ZNF501	-0.9999999999999998
ZNF502	-1.0
ZNF503	0.9999999999999999
ZNF503-AS1	0.9999999999999999
ZNF503-AS2	0.9999999999999999
ZNF506	-1.0
ZNF507	1.0
ZNF510	-1.0
ZNF511	-0.9999999999999998
ZNF512	0.9999999999999998
ZNF512B	-1.0
ZNF513	0.9999999999999999
ZNF514	-1.0
ZNF516	-1.0
ZNF517	0.9999999999999999
ZNF518A	0.9999999999999999
ZNF518B	1.0
ZNF519	-0.9999999999999998
ZNF521	-0.9999999999999999
ZNF524	1.0
ZNF525	1.0
ZNF526	1.0
ZNF527	-1.0
ZNF528	-1.0
ZNF529	-0.9999999999999999
ZNF530	0.9999999999999999
ZNF532	-0.9999999999999999
ZNF534	0.9999999999999999
ZNF536	-0.9999999999999998
ZNF540	-0.9999999999999999
ZNF541	-1.0
ZNF542	-0.9999999999999999
ZNF543	-1.0
ZNF544	-0.9999999999999999
ZNF546	1.0
ZNF547	-0.9999999999999999
ZNF548	-1.0
ZNF549	-1.0
ZNF550	-0.9999999999999999
ZNF551	1.0
ZNF552	1.0
ZNF554	0.9999999999999999
ZNF555	-1.0
ZNF556	0.9999999999999999
ZNF557	-1.0
ZNF558	-0.9999999999999999
ZNF559	1.0
ZNF560	0.9999999999999999
ZNF561	-1.0
ZNF562	-0.9999999999999999
ZNF563	1.0
ZNF564	-1.0
ZNF565	-1.0
ZNF566	-0.9999999999999999
ZNF567	-1.0
ZNF568	-0.9999999999999999
ZNF569	-0.9999999999999998
ZNF57	-0.9999999999999999
ZNF570	-0.9999999999999999
ZNF571	-0.9999999999999998
ZNF571-AS1	-0.9999999999999999
ZNF572	0.9999999999999999
ZNF573	1.0
ZNF574	-1.0
ZNF575	-0.9999999999999999
ZNF576	0.9999999999999998
ZNF577	-0.9999999999999999
ZNF578	-0.9999999999999998
ZNF579	1.0
ZNF580	-0.9999999999999999
ZNF581	0.9999999999999999
ZNF582	-1.0
ZNF582-AS1	0.9999999999999999
ZNF583	-0.9999999999999999
ZNF584	-0.9999999999999999
ZNF585A	1.0
ZNF585B	1.0
ZNF586	-0.9999999999999998
ZNF587	1.0
ZNF587B	-1.0
ZNF587P1	
ZNF589	-0.9999999999999999
ZNF592	-0.9999999999999999
ZNF593	1.0
ZNF594	0.9999999999999999
ZNF595	-1.0
ZNF596	-1.0
ZNF597	-0.9999999999999999
ZNF598	0.9999999999999998
ZNF599	0.9999999999999999
ZNF600	-1.0
ZNF605	1.0
ZNF606	1.0
ZNF607	-1.0
ZNF608	-0.9999999999999999
ZNF609	0.9999999999999999
ZNF610	0.9999999999999999
ZNF611	-1.0
ZNF613	0.9999999999999999
ZNF614	-1.0
ZNF615	-0.9999999999999999
ZNF616	-1.0
ZNF618	1.0
ZNF619	1.0
ZNF620	1.0
ZNF621	1.0
ZNF622	1.0
ZNF623	1.0
ZNF624	0.9999999999999999
ZNF625	0.9999999999999998
ZNF625-ZNF20	
ZNF626	1.0
ZNF627	0.9999999999999999
ZNF628	1.0
ZNF629	1.0
ZNF630	-1.0
ZNF630-AS1	
ZNF638	-0.9999999999999999
ZNF639	-1.0
ZNF641	-1.0
ZNF644	1.0
ZNF645	1.0
ZNF646	0.9999999999999998
ZNF648	1.0
ZNF649	-0.9999999999999998
ZNF652	-1.0
ZNF652P1	1.0
ZNF653	-0.9999999999999999
ZNF654	-1.0
ZNF655	-1.0
ZNF658	1.0
ZNF658B	-0.9999999999999998
ZNF66	0.9999999999999999
ZNF660	-1.0
ZNF662	0.9999999999999998
ZNF663P	0.9999999999999998
ZNF664	1.0
ZNF665	1.0
ZNF667	-0.9999999999999999
ZNF667-AS1	-1.0
ZNF668	0.9999999999999999
ZNF669	-0.9999999999999999
ZNF670	1.0
ZNF671	-0.9999999999999999
ZNF672	1.0
ZNF674	0.9999999999999999
ZNF674-AS1	-1.0
ZNF675	1.0
ZNF676	1.0
ZNF677	0.9999999999999998
ZNF678	-1.0
ZNF679	
ZNF680	1.0
ZNF681	-0.9999999999999998
ZNF682	0.9999999999999998
ZNF683	-1.0
ZNF684	0.9999999999999999
ZNF687	0.9999999999999999
ZNF688	1.0
ZNF689	1.0
ZNF69	0.9999999999999998
ZNF691	1.0
ZNF692	-1.0
ZNF695	-1.0
ZNF696	-0.9999999999999998
ZNF697	-1.0
ZNF699	-1.0
ZNF7	-1.0
ZNF70	-0.9999999999999999
ZNF700	-0.9999999999999999
ZNF701	0.9999999999999999
ZNF702P	0.9999999999999999
ZNF703	-1.0
ZNF704	0.9999999999999999
ZNF705A	-1.0
ZNF705B	
ZNF705C	
ZNF705D	
ZNF705E	-0.9999999999999999
ZNF705G	
ZNF706	-0.9999999999999998
ZNF707	0.9999999999999998
ZNF708	1.0
ZNF709	-1.0
ZNF70P1	
ZNF71	-0.9999999999999999
ZNF710	0.9999999999999999
ZNF711	-0.9999999999999999
ZNF713	1.0
ZNF714	0.9999999999999999
ZNF716	1.0
ZNF717	0.9999999999999998
ZNF718	1.0
ZNF720	1.0
ZNF720P1	1.0
ZNF721	-0.9999999999999999
ZNF723	-0.9999999999999998
ZNF724P	0.9999999999999999
ZNF725P	-0.9999999999999998
ZNF726	-0.9999999999999999
ZNF727	
ZNF728	-1.0
ZNF729	-1.0
ZNF72P	1.0
ZNF730	-0.9999999999999999
ZNF732	1.0
ZNF733P	
ZNF734P	
ZNF736	-1.0
ZNF736P10Y	
ZNF736P11Y	
ZNF736P12Y	
ZNF736P1Y	
ZNF736P2Y	
ZNF736P3Y	1.0
ZNF736P4Y	
ZNF736P5Y	
ZNF736P6Y	
ZNF736P7Y	1.0
ZNF736P8Y	
ZNF736P9Y	1.0
ZNF737	0.9999999999999999
ZNF738	1.0
ZNF74	0.9999999999999998
ZNF740	1.0
ZNF746	-0.9999999999999999
ZNF747	0.9999999999999998
ZNF749	0.9999999999999999
ZNF750	1.0
ZNF75A	0.9999999999999999
ZNF75D	1.0
ZNF76	-0.9999999999999998
ZNF761	-1.0
ZNF763	1.0
ZNF764	0.9999999999999998
ZNF765	-1.0
ZNF766	-1.0
ZNF767	-1.0
ZNF768	0.9999999999999998
ZNF77	0.9999999999999999
ZNF770	0.9999999999999999
ZNF771	0.9999999999999999
ZNF772	1.0
ZNF773	0.9999999999999999
ZNF774	0.9999999999999999
ZNF775	1.0
ZNF776	-0.9999999999999999
ZNF777	-1.0
ZNF778	1.0
ZNF780A	1.0
ZNF780B	-1.0
ZNF781	-1.0
ZNF782	0.9999999999999999
ZNF783	-0.9999999999999998
ZNF784	1.0
ZNF785	1.0
ZNF786	0.9999999999999999
ZNF787	0.9999999999999998
ZNF788	0.9999999999999998
ZNF789	0.9999999999999998
ZNF79	1.0
ZNF790	0.9999999999999999
ZNF791	-0.9999999999999999
ZNF792	0.9999999999999999
ZNF793	1.0
ZNF799	-1.0
ZNF8	-1.0
ZNF80	-1.0
ZNF800	-1.0
ZNF804A	1.0
ZNF804B	-0.9999999999999998
ZNF805	-1.0
ZNF806	-1.0
ZNF807	0.9999999999999998
ZNF808	-0.9999999999999999
ZNF81	0.9999999999999999
ZNF812	0.9999999999999998
ZNF813	1.0
ZNF814	1.0
ZNF815P	1.0
ZNF816	0.9999999999999999
ZNF816-ZNF321P	
ZNF818P	-0.9999999999999999
ZNF821	-0.9999999999999998
ZNF823	-0.9999999999999998
ZNF826P	1.0
ZNF827	0.9999999999999999
ZNF829	0.9999999999999999
ZNF83	0.9999999999999999
ZNF830	-1.0
ZNF831	-0.9999999999999998
ZNF833P	-0.9999999999999999
ZNF835	-0.9999999999999999
ZNF836	1.0
ZNF837	-0.9999999999999999
ZNF839	-1.0
ZNF839P1	
ZNF84	-1.0
ZNF840	-0.9999999999999998
ZNF841	-1.0
ZNF843	0.9999999999999999
ZNF844	0.9999999999999998
ZNF845	-1.0
ZNF846	-1.0
ZNF847P	-0.9999999999999998
ZNF849P	1.0
ZNF85	0.9999999999999998
ZNF850	-0.9999999999999998
ZNF852	1.0
ZNF853	-1.0
ZNF859P	
ZNF860	-0.9999999999999999
ZNF861P	1.0
ZNF862	-1.0
ZNF863P	
ZNF865	1.0
ZNF876P	-0.9999999999999999
ZNF877P	
ZNF878	0.9999999999999999
ZNF879	0.9999999999999998
ZNF880	0.9999999999999999
ZNF883	1.0
ZNF885P	
ZNF886P	
ZNF888	0.9999999999999999
ZNF890P	-0.9999999999999999
ZNF891	1.0
ZNF90	1.0
ZNF90P1	
ZNF90P2	
ZNF90P3	1.0
ZNF91	1.0
ZNF92	1.0
ZNF92P1Y	
ZNF92P2	-0.9999999999999998
ZNF92P3	
ZNF93	0.9999999999999999
ZNF962P	
ZNF965P	-0.9999999999999998
ZNF969P	-0.9999999999999998
ZNF98	-1.0
ZNF99	1.0
ZNFX1	1.0
ZNHIT1	-0.9999999999999999
ZNHIT1P1	
ZNHIT2	0.9999999999999999
ZNHIT3	-0.9999999999999999
ZNHIT6	-1.0
ZNRD1	-1.0
ZNRD1-AS1	-1.0
ZNRF1	-0.9999999999999998
ZNRF2	0.9999999999999999
ZNRF2P1	0.9999999999999999
ZNRF2P2	1.0
ZNRF2P3	
ZNRF3	1.0
ZNRF3-AS1	1.0
ZNRF3-IT1	-0.9999999999999998
ZNRF4	
ZP1	-0.9999999999999999
ZP2	-0.9999999999999999
ZP3	1.0
ZP4	
ZPBP	1.0
ZPBP2	-0.9999999999999999
ZPLD1	-1.0
ZRANB1	-1.0
ZRANB2	-0.9999999999999998
ZRANB2-AS1	1.0
ZRANB2-AS2	1.0
ZRANB3	0.9999999999999998
ZRSR1	
ZRSR2	-0.9999999999999999
ZSCAN1	-0.9999999999999999
ZSCAN10	0.9999999999999999
ZSCAN12	1.0
ZSCAN12P1	-1.0
ZSCAN16	0.9999999999999999
ZSCAN16-AS1	1.0
ZSCAN18	-0.9999999999999998
ZSCAN2	1.0
ZSCAN20	1.0
ZSCAN21	-1.0
ZSCAN22	-0.9999999999999998
ZSCAN23	1.0
ZSCAN25	0.9999999999999999
ZSCAN29	-1.0
ZSCAN30	1.0
ZSCAN31	-0.9999999999999999
ZSCAN32	-1.0
ZSCAN4	-0.9999999999999999
ZSCAN5A	0.9999999999999999
ZSCAN5B	-1.0
ZSCAN5C	-0.9999999999999998
ZSCAN5D	
ZSCAN9	1.0
ZSWIM1	-1.0
ZSWIM2	-0.9999999999999998
ZSWIM3	1.0
ZSWIM4	-1.0
ZSWIM5	1.0
ZSWIM5P1	
ZSWIM5P2	
ZSWIM5P3	-1.0
ZSWIM6	1.0
ZSWIM7	0.9999999999999999
ZSWIM8	-0.9999999999999998
ZSWIM8-AS1	
ZUFSP	1.0
ZW10	1.0
ZWILCH	1.0
ZWINT	0.9999999999999999
ZXDA	-1.0
ZXDB	-1.0
ZXDC	-1.0
ZYG11A	-1.0
ZYG11AP1	1.0
ZYG11B	-0.9999999999999999
ZYX	-1.0
ZZEF1	-0.9999999999999998
ZZZ3	0.9999999999999999
hsa-mir-1199	0.9999999999999999
hsa-mir-1253	
hsa-mir-335	-1.0
hsa-mir-466	
hsa-mir-490	-1.0
hsa-mir-548ba	
hsa-mir-6080	-1.0
hsa-mir-7162	
hsa-mir-7515	
hsa-mir-8072	0.9999999999999999
hsa-mir-892c	
