Name	P_value	Adjusted_p_value	Odds_ratio	Combined_score	Overlap_count	Set_size	Overlap_genes
Cellular Response To Zinc Ion (GO:0071294)	7.502174675502859e-09	4.0564258470443955e-05	61.374647887323945	77.02107718768683	6	15	MT1E;MT1F;MT1G;MT1M;MT1X;MT2A
Cellular Response To Copper Ion (GO:0071280)	5.547750943377831e-08	0.00014998344675421965	39.44909456740443	61.39946926945601	6	20	MT1E;MT1F;MT1G;MT1M;MT1X;MT2A
Response To Copper Ion (GO:0046688)	1.4054162678491566e-07	0.00025330285867534633	32.48450704225352	54.91865484487124	6	23	MT1E;MT1F;MT1G;MT1M;MT1X;MT2A
Response To Zinc Ion (GO:0010043)	2.4205786048269184e-07	0.0003272017129074787	29.063306152705707	51.330903845863226	6	25	MT1E;MT1F;MT1G;MT1M;MT1X;MT2A
Actin Filament Organization (GO:0007015)	2.3601932311401068e-05	0.02272808154629134	6.404042832167832	19.784064625345557	9	139	ALDOA;DSTN;EMP2;GAS2L3;MYO1C;MYO1E;MYO5C;SHROOM3;SVIL
Glomerular Epithelial Cell Development (GO:0072310)	2.5220730400915113e-05	0.02272808154629134	91.3072625698324	47.795967724865214	3	6	IQGAP1;JAG1;MYO1E
Response To Cadmium Ion (GO:0046686)	7.231594586680945e-05	0.05585890275740553	21.535014005602243	29.267760899248895	4	21	MT1E;MT1F;MT1G;MT1X
Cellular Response To Cadmium Ion (GO:0071276)	8.762679033057275e-05	0.05922475691467585	20.33800186741363	28.143968952482773	4	22	MT1E;MT1F;MT1G;MT1X
Cellular Response To Metal Ion (GO:0071248)	0.00010653044643275513	0.06400112487354521	5.952115507630449	16.316073321376056	8	132	ECT2;IQGAP1;MT1E;MT1F;MT1G;MT1M;MT1X;MT2A
Podocyte Differentiation (GO:0072112)	0.000146477681639039	0.0720004386020258	39.1268954509178	32.3729370432996	3	10	IQGAP1;JAG1;MYO1E
Regulation Of Low-Density Lipoprotein Particle Clearance (GO:0010988)	0.000146477681639039	0.0720004386020258	39.1268954509178	32.3729370432996	3	10	LDLR;PCSK9;TREM2
Regulation Of Potassium Ion Transmembrane Transporter Activity (GO:1901016)	0.00017301656759622885	0.07795838174940078	16.63814616755793	24.355274663483787	4	26	ATP1B1;ITGB1;KCNE1;NEDD4L
Maintenance Of Blood-Brain Barrier (GO:0035633)	0.00023291120848640057	0.09655516090273096	15.250700280112046	22.79109183397354	4	28	CLDN12;ITGB1;TJP1;VCL
Cellular Response To Acidic pH (GO:0071468)	0.0002642137562729999	0.09655516090273096	30.43016759776536	28.138917923409018	3	12	NOX1;SCNN1B;SCNN1G
Lamellipodium Organization (GO:0097581)	0.000267861552347136	0.09655516090273096	14.640224089635854	22.07413957797912	4	29	CTTN;CYFIP1;ITGB1;VCL
Sensory Perception Of Taste (GO:0050909)	0.0007842076417133853	0.25886869638309956	19.55925778132482	21.262646289333713	3	17	ITPR3;SCNN1B;SCNN1G
O-glycan Processing (GO:0016266)	0.0008512638969564211	0.25886869638309956	10.454101640656262	16.590406752072806	4	39	B3GNT5;C1GALT1C1;GALNT5;GALNT7
Vesicle Transport Along Actin Filament (GO:0030050)	0.0009334604016663588	0.25886869638309956	18.254748603351956	20.263048051628427	3	18	MYO1C;MYO1E;MYO5C
Intracellular Sodium Ion Homeostasis (GO:0006883)	0.0009334604016663588	0.25886869638309956	18.254748603351956	20.263048051628427	3	18	ATP1B1;SCNN1B;SCNN1G
Endocytosis (GO:0006897)	0.0009575317047645628	0.25886869638309956	4.210894374747066	9.993497513478065	8	183	CLTC;CTTN;EHD4;ITGB1;LDLR;MET;MYO1E;SNX9
Myoblast Differentiation (GO:0045445)	0.001099550069349694	0.2831079630939903	17.113303072625698	19.347525714888178	3	19	ITGB1;JAG1;TCF7L2
Negative Regulation Of Astrocyte Differentiation (GO:0048712)	0.0011640364564157503	0.28608841453818007	60.701949860724234	27.739404417937806	2	5	LDLR;TREM2
Actin Filament-Based Transport (GO:0099515)	0.001283167909512216	0.3016560385535892	16.106145251396647	18.5050960548621	3	20	MYO1C;MYO1E;MYO5C
Cellular Response To Low-Density Lipoprotein Particle Stimulus (GO:0071404)	0.0017056107458759745	0.3347404798257524	14.409879447221405	17.00483597044452	3	22	ITGB1;LDLR;TREM2
Positive Regulation Of Epithelial To Mesenchymal Transition (GO:0010718)	0.0017238010370607567	0.3347404798257524	8.507067943456452	13.623008314889763	4	47	BMP2;EMP2;JAG1;TCF7L2
Podocyte Development (GO:0072015)	0.0017334443194231676	0.3347404798257524	45.52506963788301	24.275161328211347	2	6	JAG1;MYO1E
Negative Regulation Of Lipoprotein Particle Clearance (GO:0010985)	0.0017334443194231676	0.3347404798257524	45.52506963788301	24.275161328211347	2	6	LDLR;PCSK9
Phospholipase C-activating Dopamine Receptor Signaling Pathway (GO:0060158)	0.0017334443194231676	0.3347404798257524	45.52506963788301	24.275161328211347	2	6	GNA14;GNAQ
Receptor-Mediated Endocytosis (GO:0006898)	0.001924741942255465	0.35886481661294134	4.916348088531187	9.958256850079527	6	118	AP2B1;CLTC;CTTN;ITGB1;LDLR;SNX9
Negative Regulation Of Growth (GO:0045926)	0.0020086705234746093	0.36202938401424045	4.872691013336657	9.834890773943732	6	119	MT1E;MT1F;MT1G;MT1M;MT1X;MT2A
Lamellipodium Assembly (GO:0030032)	0.002205758550378623	0.3847269832870069	13.036711891460495	15.706233342060811	3	24	CYFIP1;ITGB1;VCL
Positive Regulation Of Cardiac Epithelial To Mesenchymal Transition (GO:0062043)	0.0024093107414333405	0.40709822434156473	36.41894150417827	21.672686976519397	2	7	EMP2;JAG1
Sodium Ion Homeostasis (GO:0055078)	0.002486407602549423	0.40739411839347667	12.443753174200102	15.119537882452034	3	25	ATP1B1;SCNN1B;SCNN1G
Regulation Of Cation Channel Activity (GO:2001257)	0.002879090939517365	0.45786013852854096	7.314509803921569	11.64123963091548	4	54	ITGB1;JPH1;KCNE1;PDE4D
Protein Localization To Plasma Membrane (GO:0072659)	0.0030078961342331462	0.4646769827942463	4.475163174166953	8.701310436772069	6	129	ATP1B1;EHD4;EMP2;KCNIP4;SEC16A;SPTBN1
Monocyte Activation (GO:0042117)	0.003189255206500024	0.4660622405823143	30.348189415041784	19.616301803537016	2	8	ADAM9;MT1G
Sensory Perception Of Sour Taste (GO:0050915)	0.003189255206500024	0.4660622405823143	30.348189415041784	19.616301803537016	2	8	SCNN1B;SCNN1G
Antimicrobial Humoral Response (GO:0019730)	0.003422046400091313	0.4869211811919403	5.263463773731112	9.429158852982882	5	92	PF4;PI3;PPBP;SLPI;WFDC12
Protein Localization To Cell Periphery (GO:1990778)	0.0037628079894801232	0.5216795589517699	4.2662299377661315	8.098833388294109	6	135	ATP1B1;EHD4;EMP2;KCNIP4;SEC16A;SPTBN1
Negative Regulation Of Sodium Ion Transmembrane Transport (GO:1902306)	0.004070936249635741	0.5502888075445113	26.011937922801433	17.934706299397376	2	9	NEDD4L;PCSK9
Protein Localization To Membrane (GO:0072657)	0.004384728966898072	0.5782495005858019	3.6118675807782643	6.9728631888888355	7	185	ATP1B1;EHD4;EMP2;KCNIP4;PIGR;SEC16A;SPTBN1
Negative Regulation Of Sodium Ion Transmembrane Transporter Activity (GO:2000650)	0.005052050891634918	0.608980803322057	22.75974930362117	16.524844255603533	2	10	NEDD4L;PCSK9
Actin Filament Depolymerization (GO:0030042)	0.005052050891634918	0.608980803322057	22.75974930362117	16.524844255603533	2	10	DSTN;MICAL2
Cardiac Muscle Cell Membrane Repolarization (GO:0099622)	0.005052050891634918	0.608980803322057	22.75974930362117	16.524844255603533	2	10	ATP1B1;KCNE1
Regulation Of Potassium Ion Transmembrane Transport (GO:1901379)	0.005068270047991967	0.608980803322057	9.438065883259487	11.86296110708762	3	32	KCNE1;KCNIP4;NEDD4L
Phagocytosis (GO:0006909)	0.005312486489083906	0.6229887128918301	6.093557422969187	9.465730807631457	4	64	ITGB1;LDLR;MET;TREM2
Action Potential (GO:0001508)	0.005530508270539642	0.6229887128918301	9.1231843575419	11.490677218684702	3	33	GNA14;GNAQ;KCNE1
Negative Regulation Of Ras Protein Signal Transduction (GO:0046580)	0.005530508270539642	0.6229887128918301	9.1231843575419	11.490677218684702	3	33	MET;SPRY1;SPRY3
Response To Calcium Ion (GO:0051592)	0.005992856702900869	0.6254097429968337	4.577387640449438	7.783898840136052	5	105	ADAM9;ECT2;IQGAP1;ITPR3;KCNMA1
Macrophage Activation Involved In Immune Response (GO:0002281)	0.006130334081529904	0.6254097429968337	20.230269266480967	15.320096449641575	2	11	MYO1C;TREM2
Negative Regulation Of Nitrogen Compound Metabolic Process (GO:0051172)	0.006130334081529904	0.6254097429968337	20.230269266480967	15.320096449641575	2	11	CLTC;LDLR
Negative Regulation Of Amyloid Fibril Formation (GO:1905907)	0.006130334081529904	0.6254097429968337	20.230269266480967	15.320096449641575	2	11	LDLR;TREM2
Regulation Of Cell Activation (GO:0050865)	0.006130334081529904	0.6254097429968337	20.230269266480967	15.320096449641575	2	11	GNAQ;TREM2
Lipid Biosynthetic Process (GO:0008610)	0.006581949708511411	0.6581723149760832	5.7120098039215685	8.753673157963924	4	68	ACACA;CYP51A1;FASN;MVD
Cell-Matrix Adhesion (GO:0007160)	0.007000528690030834	0.6581723149760832	4.40079407951599	7.352275761476939	5	109	ADAM9;CTTN;EMP2;ITGB1;VCL
Vesicle Cytoskeletal Trafficking (GO:0099518)	0.007065429154590022	0.6581723149760832	8.29304215337735	10.476689875162908	3	36	MYO1C;MYO1E;MYO5C
Microtubule-Based Transport (GO:0099111)	0.007303558146581283	0.6581723149760832	18.206685236768802	14.275041577694243	2	12	CCDC103;DYNC1I2
Negative Regulation Of Neuroinflammatory Response (GO:0150079)	0.007303558146581283	0.6581723149760832	18.206685236768802	14.275041577694243	2	12	LDLR;TREM2
Sphingosine Biosynthetic Process (GO:0046512)	0.007303558146581283	0.6581723149760832	18.206685236768802	14.275041577694243	2	12	ACER3;ASAH1
Sphingoid Biosynthetic Process (GO:0046520)	0.007303558146581283	0.6581723149760832	18.206685236768802	14.275041577694243	2	12	ACER3;ASAH1
Positive Regulation Of Secretion By Cell (GO:1903532)	0.008037715304022119	0.6619351553450803	5.375350140056023	8.112462362853446	4	72	ADAM9;BMP2;TREM2;UNC13B
Positive Regulation Of Cytokinesis (GO:0032467)	0.008215232947508266	0.6619351553450803	7.818675179569034	9.874902705931149	3	38	ECT2;RXFP3;SVIL
Regulation Of Monoatomic Cation Transmembrane Transport (GO:1904062)	0.008215232947508266	0.6619351553450803	7.818675179569034	9.874902705931149	3	38	KCNE1;KCNIP4;NEDD4L
Positive Regulation Of Membrane Protein Ectodomain Proteolysis (GO:0051044)	0.008569532249705128	0.6619351553450803	16.551025576095213	13.357407810379692	2	13	ADAM9;SNX9
Negative Regulation Of Cell Activation (GO:0050866)	0.008569532249705128	0.6619351553450803	16.551025576095213	13.357407810379692	2	13	LDLR;TREM2
Regulation Of Microglial Cell Activation (GO:1903978)	0.008569532249705128	0.6619351553450803	16.551025576095213	13.357407810379692	2	13	LDLR;TREM2
Pancreas Development (GO:0031016)	0.008569532249705128	0.6619351553450803	16.551025576095213	13.357407810379692	2	13	MET;TCF7L2
Negative Regulation Of Fibroblast Growth Factor Receptor Signaling Pathway (GO:0040037)	0.008569532249705128	0.6619351553450803	16.551025576095213	13.357407810379692	2	13	SPRY1;SPRY3
Intracellular Potassium Ion Homeostasis (GO:0030007)	0.008569532249705128	0.6619351553450803	16.551025576095213	13.357407810379692	2	13	ATP1B1;KCNMA1
Membrane Repolarization During Action Potential (GO:0086011)	0.008569532249705128	0.6619351553450803	16.551025576095213	13.357407810379692	2	13	ATP1B1;KCNE1
Positive Regulation Of Protein Localization To Membrane (GO:1905477)	0.008838720922218535	0.6731121693864173	5.221448579431772	7.815332905100409	4	74	ITGB1;MYO1C;SPTBN1;TREM2
Positive Regulation Of Protein Secretion (GO:0050714)	0.009690109568861164	0.7095837635377452	5.07609710550887	7.532435079190628	4	76	ADAM9;TCF7L2;TREM2;UNC13B
Membrane Repolarization During Cardiac Muscle Cell Action Potential (GO:0086013)	0.009926101854241013	0.7095837635377452	15.171309192200557	12.543498381154604	2	14	ATP1B1;KCNE1
Keratinocyte Differentiation (GO:0030216)	0.010134909462409178	0.7095837635377452	7.200749779476625	9.065003055913222	3	41	ADAM9;ASAH1;JAG1
Actomyosin Structure Organization (GO:0031032)	0.010135061808312213	0.7095837635377452	5.006408042669123	7.3960246807229275	4	77	CDC42BPB;ITGB1;TJP1;TMOD3
Positive Regulation Of Cell Division (GO:0051781)	0.010827669603205303	0.7095837635377452	7.015900300816502	8.816777313643081	3	42	ECT2;RXFP3;SVIL
Protein Localization To Endoplasmic Reticulum (GO:0070972)	0.011371148195965918	0.7095837635377452	14.003856867366617	11.815437699986868	2	15	BCAP29;SEC16A
Regulation Of Amyloid Fibril Formation (GO:1905906)	0.011371148195965918	0.7095837635377452	14.003856867366617	11.815437699986868	2	15	LDLR;TREM2
Ceramide Catabolic Process (GO:0046514)	0.011371148195965918	0.7095837635377452	14.003856867366617	11.815437699986868	2	15	ACER3;ASAH1
Ventricular Cardiac Muscle Cell Action Potential (GO:0086005)	0.011371148195965918	0.7095837635377452	14.003856867366617	11.815437699986868	2	15	KCNE1;NEDD4L
Sphingolipid Catabolic Process (GO:0030149)	0.011371148195965918	0.7095837635377452	14.003856867366617	11.815437699986868	2	15	ACER3;ASAH1
Regulation Of Amyloid-Beta Clearance (GO:1900221)	0.011371148195965918	0.7095837635377452	14.003856867366617	11.815437699986868	2	15	CYP51A1;TREM2
Sphingosine Metabolic Process (GO:0006670)	0.011371148195965918	0.7095837635377452	14.003856867366617	11.815437699986868	2	15	ACER3;ASAH1
Regulation Of Bicellular Tight Junction Assembly (GO:2000810)	0.011371148195965918	0.7095837635377452	14.003856867366617	11.815437699986868	2	15	MYO1C;TJP1
Protein Localization (GO:0008104)	0.011496499713500231	0.7095837635377452	2.554214015151515	4.187697712034736	9	333	CLTC;CTTN;EMP2;GRIN3B;PARD3;RAB19;SHROOM3;SNX9;VCL
Positive Regulation Of Hydrolase Activity (GO:0051345)	0.011519544100754883	0.7095837635377452	3.331728553137004	5.3720361865087565	6	171	BMP2;CDKL5;DOCK7;ECT2;ITGB1;SNX9
Antibacterial Humoral Response (GO:0019731)	0.011547178973794179	0.7095837635377452	6.840293296089386	8.578351345270036	3	43	PI3;SLPI;WFDC12
Regulation Of Protein Localization To Plasma Membrane (GO:1903076)	0.011548616828430105	0.7095837635377452	4.808344390387734	7.005641690317986	4	80	CLTC;ITGB1;SPTBN1;TREM2
Protein O-linked Glycosylation (GO:0006493)	0.01255788843965512	0.7267113753181341	4.684766214177979	6.760098569472875	4	82	B3GNT5;C1GALT1C1;GALNT5;GALNT7
Regulation Of Receptor Recycling (GO:0001919)	0.012902587762260194	0.7267113753181341	13.003183446080381	11.159434613274827	2	16	LDLR;PCSK9
Membrane Repolarization (GO:0086009)	0.012902587762260194	0.7267113753181341	13.003183446080381	11.159434613274827	2	16	ATP1B1;KCNE1
Diol Biosynthetic Process (GO:0034312)	0.012902587762260194	0.7267113753181341	13.003183446080381	11.159434613274827	2	16	ACER3;ASAH1
Cell Surface Receptor Signaling Pathway Involved In Heart Development (GO:0061311)	0.012902587762260194	0.7267113753181341	13.003183446080381	11.159434613274827	2	16	BMP2;JAG1
Positive Regulation Of Potassium Ion Transmembrane Transport (GO:1901381)	0.012902587762260194	0.7267113753181341	13.003183446080381	11.159434613274827	2	16	ATP1B1;KCNE1
Regulation Of Steroid Biosynthetic Process (GO:0050810)	0.012902587762260194	0.7267113753181341	13.003183446080381	11.159434613274827	2	16	ASAH1;BMP2
Negative Regulation Of Anoikis (GO:2000811)	0.012902587762260194	0.7267113753181341	13.003183446080381	11.159434613274827	2	16	CEACAM6;ITGB1
Regulation Of Kinase Activity (GO:0043549)	0.01308297229139049	0.7292745482427668	4.6253235471403755	6.641464440471357	4	83	ECT2;EMP2;MET;TREM2
Response To Acidic pH (GO:0010447)	0.014518371778333098	0.7929377394489602	12.135933147632311	10.564644271230492	2	17	SCNN1B;SCNN1G
Positive Regulation Of Nervous System Process (GO:0031646)	0.014518371778333098	0.7929377394489602	12.135933147632311	10.564644271230492	2	17	PARD3;UNC13B
Receptor Internalization (GO:0031623)	0.014695768996554183	0.7946002296436846	6.2176866429659725	7.711976732604499	3	47	CLTC;GTF2H2;ITGB1
Sensory Perception Of Sound (GO:0007605)	0.015322359142692409	0.8202771869756222	4.401876413215889	6.1925803902693355	4	87	KCNE1;OTOR;TMC1;USP53
Tight Junction Assembly (GO:0120192)	0.01643411385268979	0.8610503336860668	5.946988098129706	7.324797133131593	3	49	CLDN12;ECT2;PARD3
Positive Regulation Of Protein Catabolic Process (GO:0045732)	0.016527010475435717	0.8610503336860668	4.298039215686274	5.982474989121184	4	89	ADAM9;PCSK9;SNX9;TREM2
Actin Polymerization Or Depolymerization (GO:0008154)	0.01734462743694886	0.8610503336860668	5.820278140972305	7.141337198179212	3	50	DSTN;MICAL2;SVIL
Positive Regulation Of Protein Localization To Plasma Membrane (GO:1903078)	0.01734462743694886	0.8610503336860668	5.820278140972305	7.141337198179212	3	50	ITGB1;SPTBN1;TREM2
Negative Regulation Of MAP Kinase Activity (GO:0043407)	0.01734462743694886	0.8610503336860668	5.820278140972305	7.141337198179212	3	50	BMP2;SPRY1;SPRY3
Regulation Of Fibroblast Growth Factor Receptor Signaling Pathway (GO:0040036)	0.017994948715836054	0.8610503336860668	10.707520891364902	9.5256663675295	2	19	SPRY1;SPRY3
T Cell Mediated Immunity (GO:0002456)	0.017994948715836054	0.8610503336860668	10.707520891364902	9.5256663675295	2	19	EMP2;JAG1
Multicellular Organismal-Level Water Homeostasis (GO:0050891)	0.017994948715836054	0.8610503336860668	10.707520891364902	9.5256663675295	2	19	SCNN1B;SCNN1G
Negative Regulation Of Small GTPase Mediated Signal Transduction (GO:0051058)	0.017994948715836054	0.8610503336860668	10.707520891364902	9.5256663675295	2	19	SPRY1;SPRY3
Endothelial Cell Development (GO:0001885)	0.017994948715836054	0.8610503336860668	10.707520891364902	9.5256663675295	2	19	MET;PDE4D
Aminoglycan Biosynthetic Process (GO:0006023)	0.017994948715836054	0.8610503336860668	10.707520891364902	9.5256663675295	2	19	GALNT5;HS3ST2
Cardiac Epithelial To Mesenchymal Transition (GO:0060317)	0.017994948715836054	0.8610503336860668	10.707520891364902	9.5256663675295	2	19	BMP2;SPRY1
Positive Regulation Of Protein Localization To Cell Periphery (GO:1904377)	0.018282790447415157	0.8671153778085414	5.698847765363128	6.964179935127501	3	51	ITGB1;SPTBN1;TREM2
Muscle Contraction (GO:0006936)	0.018442439143329437	0.8671153778085414	4.151133180544945	5.683705210371107	4	92	ALDOA;ASPH;MYOF;TMOD3
Neuron Migration (GO:0001764)	0.019248653085271693	0.8798258544430992	5.582373731615551	6.793015925229132	3	52	CDKL5;NDNF;SOX1
Apical Junction Assembly (GO:0043297)	0.019248653085271693	0.8798258544430992	5.582373731615551	6.793015925229132	3	52	ECT2;PARD3;VCL
Regulation Of Smooth Muscle Cell Proliferation (GO:0048660)	0.019248653085271693	0.8798258544430992	5.582373731615551	6.793015925229132	3	52	BMP2;NOX1;TCF7L2
Regulation Of Membrane Protein Ectodomain Proteolysis (GO:0051043)	0.019851813249872036	0.8798258544430992	10.112349117920148	9.068679264130083	2	20	ADAM9;SNX9
Cellular Response To pH (GO:0071467)	0.019851813249872036	0.8798258544430992	10.112349117920148	9.068679264130083	2	20	SCNN1B;SCNN1G
Regulation Of Anoikis (GO:2000209)	0.019851813249872036	0.8798258544430992	10.112349117920148	9.068679264130083	2	20	CEACAM6;ITGB1
Negative Regulation Of Myeloid Cell Differentiation (GO:0045638)	0.019851813249872036	0.8798258544430992	10.112349117920148	9.068679264130083	2	20	LEO1;PF4
Epidermal Cell Differentiation (GO:0009913)	0.020242252956602234	0.8898362742792544	5.470558659217877	6.627556225732263	3	53	ADAM9;ASAH1;JAG1
Sodium Ion Import Across Plasma Membrane (GO:0098719)	0.02178516447931965	0.949938583384527	9.579827004838	8.64664611414698	2	21	SCNN1B;SCNN1G
Homophilic Cell Adhesion Via Plasma Membrane Adhesion Molecules (GO:0007156)	0.022312753976179343	0.9575004821365215	5.259830253545338	6.312686274725051	3	55	CEACAM6;DSG2;ITGB1
Positive Regulation Of Proteolysis (GO:0045862)	0.022312753976179343	0.9575004821365215	5.259830253545338	6.312686274725051	3	55	ADAM9;ASPH;SNX9
Regulation Of Protein Secretion (GO:0050708)	0.023429920645373095	0.9975242592876561	3.8444346159516436	5.054887842218324	4	99	ADAM9;CYP51A1;TREM2;UNC13B
Negative Regulation Of Ion Transmembrane Transporter Activity (GO:0032413)	0.023793119852664014	1.0	9.100557103064068	8.255550990767215	2	22	NEDD4L;PCSK9
Positive Regulation Of Cell Migration (GO:0030335)	0.023918207467605448	1.0	2.555653093839332	3.50281121491269	7	258	ADAM9;BMP2;CEACAM6;ITGB1;MYO1C;RREB1;TJP1
Positive Regulation Of Apoptotic Process (GO:0043065)	0.02436152354206446	1.0	2.545433145009416	3.470694284247064	7	259	BMP2;ECT2;ITGB1;KCNMA1;KNG1;PCSK9;UNC13B
Positive Regulation Of Kinase Activity (GO:0033674)	0.024990805655890305	1.0	3.76493690259609	4.890949883282642	4	101	IQGAP1;MET;SNX9;TREM2
Negative Regulation Of Autophagy (GO:0010507)	0.025626789604856683	1.0	4.972473336719147	5.876940909667211	3	58	MET;QSOX1;TREM2
Mitotic Cytokinesis (GO:0000281)	0.025626789604856683	1.0	4.972473336719147	5.876940909667211	3	58	ECT2;SNX9;SPTBN1
Fatty Acid Biosynthetic Process (GO:0006633)	0.025626789604856683	1.0	4.972473336719147	5.876940909667211	3	58	ACACA;FASN;SCD
Secondary Alcohol Biosynthetic Process (GO:1902653)	0.025873828616782862	1.0	8.666931953840033	7.891997367128989	2	23	CYP51A1;MVD
Regulation Of Ryanodine-Sensitive Calcium-Release Channel Activity (GO:0060314)	0.025873828616782862	1.0	8.666931953840033	7.891997367128989	2	23	JPH1;PDE4D
Potassium Ion Homeostasis (GO:0055075)	0.025873828616782862	1.0	8.666931953840033	7.891997367128989	2	23	ATP1B1;KCNMA1
Regulation Of Cell Junction Assembly (GO:1901888)	0.025873828616782862	1.0	8.666931953840033	7.891997367128989	2	23	MYO1C;TJP1
Hepaticobiliary System Development (GO:0061008)	0.025873828616782862	1.0	8.666931953840033	7.891997367128989	2	23	MET;PCSK9
Positive Regulation Of Cell Motility (GO:2000147)	0.027268785275884114	1.0	2.7183656393808393	3.602123684131622	6	208	ADAM9;BMP2;CEACAM6;ITGB1;MYO1C;TJP1
Regulation Of GTPase Activity (GO:0043087)	0.027827089514147276	1.0	2.704891417470339	3.5640578080252783	6	209	CDKL5;DOCK7;ECT2;FGD4;ITGB1;SNX9
Mononuclear Cell Differentiation (GO:1903131)	0.028025471350092306	1.0	8.272727272727273	7.553089619378122	2	24	MT1G;TREM2
Cholesterol Biosynthetic Process (GO:0006695)	0.028025471350092306	1.0	8.272727272727273	7.553089619378122	2	24	CYP51A1;MVD
Regulation Of Protein Targeting To Membrane (GO:0090313)	0.028025471350092306	1.0	8.272727272727273	7.553089619378122	2	24	KCNE1;MYO1C
Negative Regulation Of Stress Fiber Assembly (GO:0051497)	0.028025471350092306	1.0	8.272727272727273	7.553089619378122	2	24	MET;TJP1
Response To Metal Ion (GO:0010038)	0.02919022394867821	1.0	4.714842997495666	5.480107138464675	3	61	ITPR3;KCNMA1;MT1X
Regulation Of Synapse Organization (GO:0050807)	0.03024625950205255	1.0	7.912801259537362	7.236341270175315	2	25	CDKL5;TANC1
Osteoclast Differentiation (GO:0030316)	0.03024625950205255	1.0	7.912801259537362	7.236341270175315	2	25	BMP2;TREM2
Regulation Of Postsynapse Organization (GO:0099175)	0.03024625950205255	1.0	7.912801259537362	7.236341270175315	2	25	CDKL5;TANC1
Positive Regulation Of Interleukin-2 Production (GO:0032743)	0.03024625950205255	1.0	7.912801259537362	7.236341270175315	2	25	PDE4D;SPTBN1
Protein Localization To Cell Surface (GO:0034394)	0.03024625950205255	1.0	7.912801259537362	7.236341270175315	2	25	EMP2;VCL
Negative Regulation Of Protein Localization To Membrane (GO:1905476)	0.03024625950205255	1.0	7.912801259537362	7.236341270175315	2	25	CLTC;KCNE1
Response To Lipid (GO:0033993)	0.030939129224836878	1.0	3.510773540185305	4.364952726918078	4	108	ALAS1;SCD;SLPI;TREM2
Regulation Of Cell-Matrix Adhesion (GO:0001952)	0.03170375856118502	1.0	4.557402234636871	5.234799248637305	3	63	EMP2;JAG1;VCL
Protein Insertion Into ER Membrane (GO:0045048)	0.03253443493895007	1.0	7.582869080779944	6.939603089055071	2	26	EMC1;NOMO1
Regulation Of Cardiac Muscle Cell Contraction (GO:0086004)	0.03253443493895007	1.0	7.582869080779944	6.939603089055071	2	26	DSG2;PDE4D
Negative Regulation Of Actin Filament Bundle Assembly (GO:0032232)	0.03253443493895007	1.0	7.582869080779944	6.939603089055071	2	26	MET;TJP1
Peptide Cross-Linking (GO:0018149)	0.03253443493895007	1.0	7.582869080779944	6.939603089055071	2	26	NDNF;PI3
Synaptic Transmission, Glutamatergic (GO:0035249)	0.03253443493895007	1.0	7.582869080779944	6.939603089055071	2	26	GRIN3B;UNC13B
Positive Regulation Of Cell Population Proliferation (GO:0008284)	0.03413823698252993	1.0	2.00506351161373	2.349531547895429	10	468	ACER3;BMP2;CEACAM6;EMP2;KITLG;MVD;NOX1;TCF7L2;TJP1;TNFSF13
Positive Regulation Of Protein Transport (GO:0051222)	0.03432695005408467	1.0	4.410118940349612	5.003455997663368	3	65	ADAM9;TREM2;UNC13B
Regulation Of MAP Kinase Activity (GO:0043405)	0.03468089930433061	1.0	3.3803299097416746	4.094297910328353	4	112	ADAM9;BMP2;SPRY1;SPRY3
Establishment Of Endothelial Barrier (GO:0061028)	0.03488826949587541	1.0	7.27933147632312	6.661006140304874	2	27	PDE4D;TJP1
Clathrin-Dependent Endocytosis (GO:0072583)	0.03488826949587541	1.0	7.27933147632312	6.661006140304874	2	27	AP2B1;CLTC
Glycosaminoglycan Metabolic Process (GO:0030203)	0.03488826949587541	1.0	7.27933147632312	6.661006140304874	2	27	GALNT5;HS3ST2
Negative Regulation Of Signaling (GO:0023057)	0.03488826949587541	1.0	7.27933147632312	6.661006140304874	2	27	LDLR;PCSK9
Sterol Biosynthetic Process (GO:0016126)	0.03488826949587541	1.0	7.27933147632312	6.661006140304874	2	27	CYP51A1;MVD
Regulation Of Protein Kinase Activity (GO:0045859)	0.03565557581336821	1.0	3.3492149153239277	4.029710743330458	4	113	ECT2;GNAQ;IQGAP1;SNX9
Establishment Of Protein Localization To Membrane (GO:0090150)	0.035679442557744266	1.0	4.339984038308061	4.892678033869664	3	66	GRIN3B;MYO1C;PARD3
Positive Regulation Of Protein Polymerization (GO:0032273)	0.035679442557744266	1.0	4.339984038308061	4.892678033869664	3	66	CTTN;MET;SNX9
Cytoskeleton-Dependent Cytokinesis (GO:0061640)	0.0370590630203177	1.0	4.272040851955308	4.7849939356528495	3	67	ECT2;SNX9;SPTBN1
Skin Development (GO:0043588)	0.0370590630203177	1.0	4.272040851955308	4.7849939356528495	3	67	ADAM9;ASAH1;JAG1
Cardiac Muscle Cell Action Potential Involved In Contraction (GO:0086002)	0.03730606453481573	1.0	6.999142918362974	6.398916223292773	2	28	KCNE1;NEDD4L
Protein Depolymerization (GO:0051261)	0.03730606453481573	1.0	6.999142918362974	6.398916223292773	2	28	DSTN;MICAL2
Plasma Membrane Organization (GO:0007009)	0.03846569901932419	1.0	4.206188225182639	4.680285437132342	3	68	MYOF;SNX9;SPTBN1
Regulation Of Small GTPase Mediated Signal Transduction (GO:0051056)	0.038674034942843306	1.0	3.259203681472589	3.842875714461901	4	116	ARHGAP26;ECT2;FGD4;KALRN
Nervous System Development (GO:0007399)	0.03935952874240745	1.0	2.0382575757575756	2.303640572394597	9	414	ARHGAP26;B3GNT5;ECT2;IL1RAPL2;JAG1;KALRN;MET;PCSK9;SPTBN1
Positive Regulation Of Lamellipodium Organization (GO:1902745)	0.03978615050878264	1.0	6.739709068399876	6.151897094819061	2	29	CYFIP1;RREB1
Regulation Of Potassium Ion Transport (GO:0043266)	0.03978615050878264	1.0	6.739709068399876	6.151897094819061	2	29	KCNE1;KCNIP4
Cellular Nitrogen Compound Biosynthetic Process (GO:0044271)	0.03978615050878264	1.0	6.739709068399876	6.151897094819061	2	29	ACER3;ASAH1
Heterotypic Cell-Cell Adhesion (GO:0034113)	0.03978615050878264	1.0	6.739709068399876	6.151897094819061	2	29	DSG2;ITGB1
Cardiac Muscle Cell Action Potential (GO:0086001)	0.03978615050878264	1.0	6.739709068399876	6.151897094819061	2	29	ATP1B1;KCNE1
Cell-Cell Junction Assembly (GO:0007043)	0.04135952970717588	1.0	4.080380221796048	4.4793518975194	3	70	CLDN12;TJP1;VCL
Positive Regulation Of Cell-Substrate Adhesion (GO:0010811)	0.04135952970717588	1.0	4.080380221796048	4.4793518975194	3	70	EMP2;NDNF;RREB1
Cellular Response To Hypoxia (GO:0071456)	0.04135952970717588	1.0	4.080380221796048	4.4793518975194	3	70	NDNF;NPEPPS;PGK1
ATP Metabolic Process (GO:0046034)	0.04232688653189634	1.0	6.4988062077198565	5.9186805321479765	2	30	ALDOA;ATP1B1
Regulation Of Calcium Ion Transmembrane Transporter Activity (GO:1901019)	0.04232688653189634	1.0	6.4988062077198565	5.9186805321479765	2	30	JPH1;PDE4D
Cellular Response To Decreased Oxygen Levels (GO:0036294)	0.04284646208069996	1.0	4.020251396648045	4.382918916332932	3	71	NDNF;NPEPPS;PGK1
Myeloid Leukocyte Differentiation (GO:0002573)	0.04284646208069996	1.0	4.020251396648045	4.382918916332932	3	71	BMP2;MT1G;TREM2
Regulation Of Endoplasmic Reticulum Tubular Network Organization (GO:1903371)	0.04298008456487381	1.0	30.266666666666666	10.7314807132161	1	4	ATL3
Tight Junction Organization (GO:0120193)	0.04298008456487381	1.0	30.266666666666666	10.7314807132161	1	4	CLDN12
Negative Regulation Of Relaxation Of Muscle (GO:1901078)	0.04298008456487381	1.0	30.266666666666666	10.7314807132161	1	4	PDE4D
Positive Regulation Of Protein Catabolic Process In The Vacuole (GO:1904352)	0.04298008456487381	1.0	30.266666666666666	10.7314807132161	1	4	LDLR
Chemokine (C-X-C Motif) Ligand 12 Signaling Pathway (GO:0038146)	0.04298008456487381	1.0	30.266666666666666	10.7314807132161	1	4	TREM2
Positive Regulation Of Microglial Cell Activation (GO:1903980)	0.04298008456487381	1.0	30.266666666666666	10.7314807132161	1	4	TREM2
Regulation Of Dendrite Morphogenesis (GO:0048814)	0.044926659955349585	1.0	6.274517337431563	5.698141775965909	2	31	CDKL5;NEDD4L
Positive Regulation Of Programmed Cell Death (GO:0043068)	0.04506228970374624	1.0	2.3958669044836705	2.7083561058346546	6	235	BMP2;ECT2;ITGB1;KCNMA1;KNG1;UNC13B
Modulation Of Chemical Synaptic Transmission (GO:0050804)	0.04513642320560208	1.0	3.0929117409675735	3.4980661820448815	4	122	CDKL5;GRIN3B;ITGB1;MYOF
Neutrophil Migration (GO:1990266)	0.04589965261397539	1.0	3.905147645650439	4.197638315466853	3	73	EMP2;PF4;PPBP
Monoatomic Cation Homeostasis (GO:0055080)	0.04746560747419044	1.0	3.8500275395389094	4.108611581368024	3	74	ITPR3;SCNN1B;SCNN1G
Positive Regulation Of Organelle Organization (GO:0010638)	0.04758388594917343	1.0	6.0651810584958215	5.489279242196919	2	32	ATL3;TREM2
Plasma Membrane Bounded Cell Projection Assembly (GO:0120031)	0.048997150058687475	1.0	2.344312026002167	2.5696019702081183	6	240	CYFIP1;EHD4;EMP2;FGD4;ITGB1;VCL
Supramolecular Fiber Organization (GO:0097435)	0.052706970783352444	1.0	2.135	2.232173074622414	7	307	ALDOA;EMP2;MYO1C;MYO1E;MYO5C;SHROOM3;TMOD3
Adherens Junction Organization (GO:0034332)	0.053064492952859914	1.0	5.685759052924791	5.103093897706183	2	34	TJP1;VCL
Regulation Of Axon Extension (GO:0030516)	0.053064492952859914	1.0	5.685759052924791	5.103093897706183	2	34	CDKL5;CTTN
Protein Homooligomerization (GO:0051260)	0.05339127704001739	1.0	2.919081232492997	3.138933524081238	4	129	ALDOA;ATL3;ECT2;EHD4
Regulation Of Relaxation Of Cardiac Muscle (GO:1901897)	0.05343409659198831	1.0	22.699305555555554	9.146273390851526	1	5	PDE4D
Negative Regulation Of Toll-Like Receptor 2 Signaling Pathway (GO:0034136)	0.05343409659198831	1.0	22.699305555555554	9.146273390851526	1	5	TREM2
Plasma Membrane Raft Organization (GO:0044857)	0.05343409659198831	1.0	22.699305555555554	9.146273390851526	1	5	EMP2
Plasma Membrane Raft Assembly (GO:0044854)	0.05343409659198831	1.0	22.699305555555554	9.146273390851526	1	5	EMP2
Regulation Of Hyaluronan Biosynthetic Process (GO:1900125)	0.05343409659198831	1.0	22.699305555555554	9.146273390851526	1	5	CLTC
Protein C-linked Glycosylation Via Tryptophan (GO:0018317)	0.05343409659198831	1.0	22.699305555555554	9.146273390851526	1	5	DPY19L1
Protein C-linked Glycosylation Via 2'-alpha-mannosyl-L-tryptophan (GO:0018406)	0.05343409659198831	1.0	22.699305555555554	9.146273390851526	1	5	DPY19L1
Renal System Process Involved In Regulation Of Blood Volume (GO:0001977)	0.05343409659198831	1.0	22.699305555555554	9.146273390851526	1	5	EMP2
Negative Regulation Of Lens Fiber Cell Differentiation (GO:1902747)	0.05343409659198831	1.0	22.699305555555554	9.146273390851526	1	5	SPRY1
Intracellular Water Homeostasis (GO:0009992)	0.05343409659198831	1.0	22.699305555555554	9.146273390851526	1	5	FLNB
Thiamine-Containing Compound Metabolic Process (GO:0042723)	0.05343409659198831	1.0	22.699305555555554	9.146273390851526	1	5	SLC19A2
Positive Regulation Of Lipoprotein Particle Clearance (GO:0010986)	0.05343409659198831	1.0	22.699305555555554	9.146273390851526	1	5	TREM2
Cholesterol Import (GO:0070508)	0.05343409659198831	1.0	22.699305555555554	9.146273390851526	1	5	LDLR
Maintenance Of DNA Repeat Elements (GO:0043570)	0.05343409659198831	1.0	22.699305555555554	9.146273390851526	1	5	TCF7L2
Regulation Of Oxidative Stress-Induced Neuron Intrinsic Apoptotic Signaling Pathway (GO:1903376)	0.05343409659198831	1.0	22.699305555555554	9.146273390851526	1	5	TREM2
Bundle Of His cell-Purkinje Myocyte Adhesion Involved In Cell Communication (GO:0086073)	0.05343409659198831	1.0	22.699305555555554	9.146273390851526	1	5	DSG2
Response To Bile Acid (GO:1903412)	0.05343409659198831	1.0	22.699305555555554	9.146273390851526	1	5	ALAS1
Adherens Junction Maintenance (GO:0034334)	0.05343409659198831	1.0	22.699305555555554	9.146273390851526	1	5	TJP1
Regulation Of Resting Membrane Potential (GO:0060075)	0.05343409659198831	1.0	22.699305555555554	9.146273390851526	1	5	TREM2
Negative Regulation Of Sequestering Of Triglyceride (GO:0010891)	0.05343409659198831	1.0	22.699305555555554	9.146273390851526	1	5	TREM2
Positive Regulation Of Microglial Cell Migration (GO:1904141)	0.05343409659198831	1.0	22.699305555555554	9.146273390851526	1	5	TREM2
Regulation Of Fat Cell Proliferation (GO:0070344)	0.05343409659198831	1.0	22.699305555555554	9.146273390851526	1	5	TREM2
Negative Regulation Of Protein Targeting To Membrane (GO:0090315)	0.05343409659198831	1.0	22.699305555555554	9.146273390851526	1	5	KCNE1
Positive Regulation Of Peroxisome Proliferator Activated Receptor Signaling Pathway (GO:0035360)	0.05343409659198831	1.0	22.699305555555554	9.146273390851526	1	5	BMP2
Regulation Of Circadian Sleep/Wake Cycle (GO:0042749)	0.05343409659198831	1.0	22.699305555555554	9.146273390851526	1	5	HCRTR2
Regulation Of Cytokinesis (GO:0032465)	0.05398799618137105	1.0	3.644245810055866	3.774694854870647	3	78	ECT2;RXFP3;SVIL
Negative Regulation Of Protein Serine/Threonine Kinase Activity (GO:0071901)	0.05398799618137105	1.0	3.644245810055866	3.774694854870647	3	78	BMP2;SPRY1;SPRY3
Regulation Of Cell Population Proliferation (GO:0042127)	0.054912383613097804	1.0	1.6875243522306644	1.5185165673682879	13	721	ACER3;BMP2;CEACAM6;EMP2;JAG1;KITLG;MVD;MYO1C;NOX1;PF4;TCF7L2;TJP1;TNFSF13
Intracellular Monoatomic Cation Homeostasis (GO:0030003)	0.05503295979450109	1.0	2.5087202123718977	2.6671781720668486	5	187	ATP1B1;KCNMA1;MT2A;SCNN1B;SCNN1G
Regulation Of Cardiac Muscle Contraction (GO:0055117)	0.05588483971260181	1.0	5.513294504937959	4.9242451880837965	2	35	ATP1B1;PDE4D
Glutamate Receptor Signaling Pathway (GO:0007215)	0.05588483971260181	1.0	5.513294504937959	4.9242451880837965	2	35	GNAQ;GRIN3B
Macrophage Activation (GO:0042116)	0.05588483971260181	1.0	5.513294504937959	4.9242451880837965	2	35	MYO1C;TREM2
Liver Development (GO:0001889)	0.05588483971260181	1.0	5.513294504937959	4.9242451880837965	2	35	MET;PCSK9
Cyclic-Nucleotide-Mediated Signaling (GO:0019935)	0.05588483971260181	1.0	5.513294504937959	4.9242451880837965	2	35	PDE4D;PDE9A
Regulation Of Primary Metabolic Process (GO:0080090)	0.05875656974542603	1.0	5.350974930362117	4.753998962953861	2	36	LDLR;TREM2
Positive Regulation Of Actin Filament Polymerization (GO:0030838)	0.05875656974542603	1.0	5.350974930362117	4.753998962953861	2	36	CTTN;SNX9
Regulation Of Trans-Synaptic Signaling (GO:0099177)	0.05875656974542603	1.0	5.350974930362117	4.753998962953861	2	36	CDKL5;GRIN3B
Positive Regulation Of Signal Transduction (GO:0009967)	0.059280969335621214	1.0	2.2291308828581244	2.2649275623839005	6	252	ATP6AP2;BMP2;EMP2;JAG1;MYO1C;TREM2
Sodium Ion Transmembrane Transport (GO:0035725)	0.06091547109807666	1.0	3.459302736723004	3.4728383236407305	3	82	ATP1B1;SCNN1B;SCNN1G
Neuron Projection Extension (GO:1990138)	0.06167823123989615	1.0	5.197930760047751	4.591764354669489	2	37	CYFIP1;IQGAP1
Regulation Of p38MAPK Cascade (GO:1900744)	0.06167823123989615	1.0	5.197930760047751	4.591764354669489	2	37	BMP2;TREM2
Regulation Of Sodium Ion Transmembrane Transporter Activity (GO:2000649)	0.06167823123989615	1.0	5.197930760047751	4.591764354669489	2	37	NEDD4L;PCSK9
Regulation Of Blood-Brain Barrier Permeability (GO:1905603)	0.06377422704650137	1.0	18.15888888888889	7.979666284513048	1	6	TJP1
Regulation Of Lysosomal Protein Catabolic Process (GO:1905165)	0.06377422704650137	1.0	18.15888888888889	7.979666284513048	1	6	LDLR
ATP Biosynthetic Process (GO:0006754)	0.06377422704650137	1.0	18.15888888888889	7.979666284513048	1	6	ALDOA
Positive Regulation Of Amyloid-Beta Clearance (GO:1900223)	0.06377422704650137	1.0	18.15888888888889	7.979666284513048	1	6	TREM2
Positive Regulation Of Helicase Activity (GO:0051096)	0.06377422704650137	1.0	18.15888888888889	7.979666284513048	1	6	GTF2H2
Regulation Of Glial Cell Apoptotic Process (GO:0034350)	0.06377422704650137	1.0	18.15888888888889	7.979666284513048	1	6	TREM2
Cleavage Furrow Formation (GO:0036089)	0.06377422704650137	1.0	18.15888888888889	7.979666284513048	1	6	SNX9
T Cell Mediated Cytotoxicity (GO:0001913)	0.06377422704650137	1.0	18.15888888888889	7.979666284513048	1	6	EMP2
Negative Regulation Of Steroid Metabolic Process (GO:0045939)	0.06377422704650137	1.0	18.15888888888889	7.979666284513048	1	6	BMP2
Regulation Of Extracellular Matrix Constituent Secretion (GO:0003330)	0.06377422704650137	1.0	18.15888888888889	7.979666284513048	1	6	BMP2
Protein Localization To Endoplasmic Reticulum Exit Site (GO:0070973)	0.06377422704650137	1.0	18.15888888888889	7.979666284513048	1	6	SEC16A
Regulation Of Glial Cell Differentiation (GO:0045685)	0.06377422704650137	1.0	18.15888888888889	7.979666284513048	1	6	SOX1
Regulation Of Lens Fiber Cell Differentiation (GO:1902746)	0.06377422704650137	1.0	18.15888888888889	7.979666284513048	1	6	SPRY1
Synaptic Signaling (GO:0099536)	0.06377422704650137	1.0	18.15888888888889	7.979666284513048	1	6	DYTN
Vascular Wound Healing (GO:0061042)	0.06377422704650137	1.0	18.15888888888889	7.979666284513048	1	6	NDNF
Cardiac Muscle Cell-Cardiac Muscle Cell Adhesion (GO:0086042)	0.06377422704650137	1.0	18.15888888888889	7.979666284513048	1	6	DSG2
Negative Regulation Of Cell Cycle G2/M Phase Transition (GO:1902750)	0.06377422704650137	1.0	18.15888888888889	7.979666284513048	1	6	AVEN
Negative Regulation Of Low-Density Lipoprotein Receptor Activity (GO:1905598)	0.06377422704650137	1.0	18.15888888888889	7.979666284513048	1	6	PCSK9
Membrane Biogenesis (GO:0044091)	0.06377422704650137	1.0	18.15888888888889	7.979666284513048	1	6	SPTBN1
Synaptic Vesicle Docking (GO:0016081)	0.06377422704650137	1.0	18.15888888888889	7.979666284513048	1	6	UNC13B
Positive Regulation Of Vascular Endothelial Growth Factor Signaling Pathway (GO:1900748)	0.06377422704650137	1.0	18.15888888888889	7.979666284513048	1	6	MYO1C
Positive Regulation Of Interleukin-5 Production (GO:0032754)	0.06377422704650137	1.0	18.15888888888889	7.979666284513048	1	6	PDE4D
Negative Regulation Of p38MAPK Cascade (GO:1903753)	0.06377422704650137	1.0	18.15888888888889	7.979666284513048	1	6	TREM2
Response To Auditory Stimulus (GO:0010996)	0.06377422704650137	1.0	18.15888888888889	7.979666284513048	1	6	USP53
Negative Regulation Of Microglial Cell Activation (GO:1903979)	0.06377422704650137	1.0	18.15888888888889	7.979666284513048	1	6	LDLR
Positive Regulation Of Lamellipodium Morphogenesis (GO:2000394)	0.06377422704650137	1.0	18.15888888888889	7.979666284513048	1	6	RREB1
Spontaneous Synaptic Transmission (GO:0098814)	0.06377422704650137	1.0	18.15888888888889	7.979666284513048	1	6	RPH3AL
Bleb Assembly (GO:0032060)	0.06377422704650137	1.0	18.15888888888889	7.979666284513048	1	6	EMP2
G Protein-Coupled Receptor Internalization (GO:0002031)	0.06377422704650137	1.0	18.15888888888889	7.979666284513048	1	6	GTF2H2
Regulation Of CD4-positive, Alpha-Beta T Cell Activation (GO:2000514)	0.06377422704650137	1.0	18.15888888888889	7.979666284513048	1	6	TARM1
Positive Regulation Of Receptor Catabolic Process (GO:2000646)	0.06377422704650137	1.0	18.15888888888889	7.979666284513048	1	6	PCSK9
Regulation Of Microglial Cell Migration (GO:1904139)	0.06377422704650137	1.0	18.15888888888889	7.979666284513048	1	6	TREM2
Sensory Perception Of Mechanical Stimulus (GO:0050954)	0.06452723950802393	1.0	3.373680943513346	3.3326641807012707	3	84	KCNE1;OTOR;USP53
Negative Regulation Of Epithelial Cell Apoptotic Process (GO:1904036)	0.06464839781169547	1.0	5.05338904363974	4.437004875932278	2	38	NDNF;TCF7L2
Membrane Assembly (GO:0071709)	0.06464839781169547	1.0	5.05338904363974	4.437004875932278	2	38	EMP2;SPTBN1
Heart Looping (GO:0001947)	0.06464839781169547	1.0	5.05338904363974	4.437004875932278	2	38	CCDC103;MICAL2
Protein Glycosylation (GO:0006486)	0.06650438286068348	1.0	2.702023031434796	2.694226570305017	4	139	B3GNT5;C1GALT1C1;GALNT5;GALNT7
Regulation Of Heart Rate By Cardiac Conduction (GO:0086091)	0.06766566812394635	1.0	4.916660392983513	4.289232145338534	2	39	DSG2;KCNE1
Negative Regulation Of Cell-Cell Adhesion (GO:0022408)	0.06766566812394635	1.0	4.916660392983513	4.289232145338534	2	39	BMP2;JAG1
Notch Signaling Pathway (GO:0007219)	0.06766566812394635	1.0	4.916660392983513	4.289232145338534	2	39	BMP2;JAG1
Negative Regulation Of Protein Metabolic Process (GO:0051248)	0.06789981402468072	1.0	2.6820728291316525	2.653652648250223	4	140	CYP51A1;KNG1;LDLR;TREM2
Vesicle-Mediated Transport (GO:0016192)	0.06822089787001037	1.0	1.90168132151135	1.7257553964308194	8	393	AP2B1;EHD4;KALRN;LDLR;MYO1E;RPH3AL;SNX9;SYTL5
Cellular Response To Peptide Hormone Stimulus (GO:0071375)	0.06823547959638719	1.0	3.292185501783671	3.199066641650411	3	86	PCSK9;SCNN1B;SCNN1G
Regulation Of Canonical Wnt Signaling Pathway (GO:0060828)	0.06917036620487116	1.0	2.3405358686257562	2.271520131384546	5	200	ATP6AP2;BIRC8;BMP2;GNAQ;TCF7L2
Neuron Projection Morphogenesis (GO:0048812)	0.06931033422988839	1.0	2.662413870657752	2.6137312732697415	4	141	CTTN;DOCK7;IQGAP1;PARD3
Aortic Valve Development (GO:0003176)	0.07072866551275277	1.0	4.787127987098666	4.148000478386524	2	40	BMP2;JAG1
Positive Regulation Of Wound Healing (GO:0090303)	0.07072866551275277	1.0	4.787127987098666	4.148000478386524	2	40	ITGB1;RREB1
Positive Regulation Of Protein Kinase Activity (GO:0045860)	0.073631831333922	1.0	2.6051220488195277	2.4977556364927405	4	144	ECT2;EMP2;IQGAP1;SNX9
Regulation Of Dendrite Development (GO:0050773)	0.07383603761789857	1.0	4.664238268695093	4.012902205871335	2	41	CDKL5;NEDD4L
Positive Regulation Of Binding (GO:0051099)	0.07397489285541746	1.0	3.177049499805119	3.0101355791641478	3	89	BMP2;MET;TCF7L2
Sodium Ion Transport (GO:0006814)	0.07397489285541746	1.0	3.177049499805119	3.0101355791641478	3	89	ATP1B1;SCNN1B;SCNN1G
Ventricular Cardiac Muscle Cell Membrane Repolarization (GO:0099625)	0.07400171309734604	1.0	15.131944444444445	7.073663525051399	1	7	KCNE1
Positive Regulation Of Arp2/3 Complex-Mediated Actin Nucleation (GO:2000601)	0.07400171309734604	1.0	15.131944444444445	7.073663525051399	1	7	CYFIP1
Regulation Of Extent Of Cell Growth (GO:0061387)	0.07400171309734604	1.0	15.131944444444445	7.073663525051399	1	7	CTTN
Multi-Pass Transmembrane Protein Insertion Into ER Membrane (GO:0160063)	0.07400171309734604	1.0	15.131944444444445	7.073663525051399	1	7	NOMO1
Fructose Metabolic Process (GO:0006000)	0.07400171309734604	1.0	15.131944444444445	7.073663525051399	1	7	ALDOA
Positive Regulation Of Fibroblast Migration (GO:0010763)	0.07400171309734604	1.0	15.131944444444445	7.073663525051399	1	7	ITGB1
Positive Regulation Of Vascular Associated Smooth Muscle Cell Migration (GO:1904754)	0.07400171309734604	1.0	15.131944444444445	7.073663525051399	1	7	DOCK7
Establishment Of Centrosome Localization (GO:0051660)	0.07400171309734604	1.0	15.131944444444445	7.073663525051399	1	7	PARD3
Positive Regulation Of Cell-Cell Adhesion Mediated By Cadherin (GO:2000049)	0.07400171309734604	1.0	15.131944444444445	7.073663525051399	1	7	TJP1
Negative Regulation Of Delayed Rectifier Potassium Channel Activity (GO:1902260)	0.07400171309734604	1.0	15.131944444444445	7.073663525051399	1	7	KCNE1
Dendritic Spine Maintenance (GO:0097062)	0.07400171309734604	1.0	15.131944444444445	7.073663525051399	1	7	TREM2
Regulation Of Mammary Gland Epithelial Cell Proliferation (GO:0033599)	0.07400171309734604	1.0	15.131944444444445	7.073663525051399	1	7	RREB1
Detection Of Mechanical Stimulus Involved In Sensory Perception Of Sound (GO:0050910)	0.07400171309734604	1.0	15.131944444444445	7.073663525051399	1	7	TMC1
Negative Regulation Of Glial Cell Apoptotic Process (GO:0034351)	0.07400171309734604	1.0	15.131944444444445	7.073663525051399	1	7	TREM2
Isoprenoid Metabolic Process (GO:0006720)	0.07400171309734604	1.0	15.131944444444445	7.073663525051399	1	7	MVD
Intracellular pH Elevation (GO:0051454)	0.07400171309734604	1.0	15.131944444444445	7.073663525051399	1	7	NOX1
CD40 Signaling Pathway (GO:0023035)	0.07400171309734604	1.0	15.131944444444445	7.073663525051399	1	7	ITGB1
Positive Regulation Of Astrocyte Differentiation (GO:0048711)	0.07400171309734604	1.0	15.131944444444445	7.073663525051399	1	7	BMP2
Negative Regulation Of DNA-templated DNA Replication (GO:2000104)	0.07400171309734604	1.0	15.131944444444445	7.073663525051399	1	7	LIG3
Positive Regulation Of Glial Cell Migration (GO:1903977)	0.07400171309734604	1.0	15.131944444444445	7.073663525051399	1	7	TREM2
Positive Regulation Of Cell Migration By Vascular Endothelial Growth Factor Signaling Pathway (GO:0038089)	0.07400171309734604	1.0	15.131944444444445	7.073663525051399	1	7	MYO1C
Peptidyl-Tyrosine Dephosphorylation Involved In Inactivation Of Protein Kinase Activity (GO:1990264)	0.07400171309734604	1.0	15.131944444444445	7.073663525051399	1	7	PTPRB
Positive Regulation Of Apoptotic Cell Clearance (GO:2000427)	0.07400171309734604	1.0	15.131944444444445	7.073663525051399	1	7	TREM2
Regulation Of Wound Healing, Spreading Of Epidermal Cells (GO:1903689)	0.07400171309734604	1.0	15.131944444444445	7.073663525051399	1	7	RREB1
Positive Regulation Of Cell-Matrix Adhesion (GO:0001954)	0.07698645601863327	1.0	4.547493036211699	3.883563606472214	2	42	CEACAM6;EMP2
Positive Regulation Of Neuron Differentiation (GO:0045666)	0.07698645601863327	1.0	4.547493036211699	3.883563606472214	2	42	BMP2;ECT2
Determination Of Heart Left/Right Asymmetry (GO:0061371)	0.07698645601863327	1.0	4.547493036211699	3.883563606472214	2	42	CCDC103;MICAL2
Monoatomic Cation Transport (GO:0006812)	0.07698645601863327	1.0	4.547493036211699	3.883563606472214	2	42	ATP1B1;CNGA2
Embryonic Heart Tube Morphogenesis (GO:0003143)	0.07698645601863327	1.0	4.547493036211699	3.883563606472214	2	42	CCDC103;MICAL2
Cellular Response To Growth Factor Stimulus (GO:0071363)	0.07960127195818173	1.0	2.5324463118580764	2.3515138177635806	4	148	BMP2;IQGAP1;MT1G;NDNF
Positive Regulation Of Supramolecular Fiber Organization (GO:1902905)	0.07992129980591078	1.0	3.069675475488042	2.833890034482998	3	92	CTTN;MET;SNX9
Response To Glucose (GO:0009749)	0.08017861587447915	1.0	4.436442693117739	3.7596413602423873	2	43	TCF7L2;UNC13B
Zymogen Activation (GO:0031638)	0.08017861587447915	1.0	4.436442693117739	3.7596413602423873	2	43	ASPH;PGK1
Epidermal Growth Factor Receptor Signaling Pathway (GO:0007173)	0.08017861587447915	1.0	4.436442693117739	3.7596413602423873	2	43	IQGAP1;PIGR
Positive Regulation Of Cell-Cell Adhesion (GO:0022409)	0.08341123557099382	1.0	4.330680461599681	3.640819445731174	2	44	CEACAM6;TJP1
Cellular Response To Ketone (GO:1901655)	0.08341123557099382	1.0	4.330680461599681	3.640819445731174	2	44	SCNN1B;SCNN1G
Cardiac Conduction (GO:0061337)	0.08341123557099382	1.0	4.330680461599681	3.640819445731174	2	44	DSG2;KCNE1
Positive Regulation Of Chemotaxis (GO:0050921)	0.08341123557099382	1.0	4.330680461599681	3.640819445731174	2	44	MET;TREM2
Pyrimidine-Containing Compound Metabolic Process (GO:0072527)	0.08411777851032409	1.0	12.96984126984127	6.343878225366596	1	8	SLC19A2
Bundle Of His Cell To Purkinje Myocyte Communication (GO:0086069)	0.08411777851032409	1.0	12.96984126984127	6.343878225366596	1	8	DSG2
Regulation Of Macrophage Migration (GO:1905521)	0.08411777851032409	1.0	12.96984126984127	6.343878225366596	1	8	MTUS1
Positive Regulation Of Membrane Invagination (GO:1905155)	0.08411777851032409	1.0	12.96984126984127	6.343878225366596	1	8	TREM2
Regulation Of Angiotensin Levels In Blood (GO:0002002)	0.08411777851032409	1.0	12.96984126984127	6.343878225366596	1	8	ATP6AP2
Peripheral Nervous System Axon Ensheathment (GO:0032292)	0.08411777851032409	1.0	12.96984126984127	6.343878225366596	1	8	PARD3
Mesodermal Cell Differentiation (GO:0048333)	0.08411777851032409	1.0	12.96984126984127	6.343878225366596	1	8	ITGB1
Wound Healing, Spreading Of Epidermal Cells (GO:0035313)	0.08411777851032409	1.0	12.96984126984127	6.343878225366596	1	8	ITGB1
Regulation Of Pattern Recognition Receptor Signaling Pathway (GO:0062207)	0.08411777851032409	1.0	12.96984126984127	6.343878225366596	1	8	TREM2
Actin-Mediated Cell Contraction (GO:0070252)	0.08411777851032409	1.0	12.96984126984127	6.343878225366596	1	8	EMP2
Schwann Cell Development (GO:0014044)	0.08411777851032409	1.0	12.96984126984127	6.343878225366596	1	8	PARD3
Regulation Of Complement Activation, Classical Pathway (GO:0030450)	0.08411777851032409	1.0	12.96984126984127	6.343878225366596	1	8	TREM2
Negative Regulation Of Toll-Like Receptor 4 Signaling Pathway (GO:0034144)	0.08411777851032409	1.0	12.96984126984127	6.343878225366596	1	8	TREM2
Regulation Of Endothelial Cell Development (GO:1901550)	0.08411777851032409	1.0	12.96984126984127	6.343878225366596	1	8	VCL
Negative Regulation Of Phosphatidylinositol 3-Kinase Signaling (GO:0014067)	0.08411777851032409	1.0	12.96984126984127	6.343878225366596	1	8	TREM2
Unsaturated Fatty Acid Biosynthetic Process (GO:0006636)	0.08411777851032409	1.0	12.96984126984127	6.343878225366596	1	8	SCD
Isoprenoid Biosynthetic Process (GO:0008299)	0.08411777851032409	1.0	12.96984126984127	6.343878225366596	1	8	MVD
Negative Regulation Of Cholesterol Storage (GO:0010887)	0.08411777851032409	1.0	12.96984126984127	6.343878225366596	1	8	TREM2
Positive Regulation Of ATP Biosynthetic Process (GO:2001171)	0.08411777851032409	1.0	12.96984126984127	6.343878225366596	1	8	TREM2
Plasminogen Activation (GO:0031639)	0.08411777851032409	1.0	12.96984126984127	6.343878225366596	1	8	PGK1
Negative Regulation Of cAMP-mediated Signaling (GO:0043951)	0.08411777851032409	1.0	12.96984126984127	6.343878225366596	1	8	PDE4D
Synapse Pruning (GO:0098883)	0.08411777851032409	1.0	12.96984126984127	6.343878225366596	1	8	TREM2
Apoptotic DNA Fragmentation (GO:0006309)	0.08411777851032409	1.0	12.96984126984127	6.343878225366596	1	8	DNASE2B
Phototransduction, Visible Light (GO:0007603)	0.08411777851032409	1.0	12.96984126984127	6.343878225366596	1	8	GNAQ
Angiotensin Maturation (GO:0002003)	0.08411777851032409	1.0	12.96984126984127	6.343878225366596	1	8	ATP6AP2
Regulation Of Cell Migration (GO:0030334)	0.08415934439586516	1.0	1.8111799848540096	1.4701226626949355	8	412	ADAM9;BMP2;CEACAM6;ITGB1;JAG1;MYO1C;TJP1;VCL
Monoatomic Cation Transmembrane Transport (GO:0098655)	0.08453900935838281	1.0	2.0219323319993765	1.7393942650349785	6	277	ATP1B1;ATP6AP2;CNGA2;KCNE1;SCNN1B;SCNN1G
Bicellular Tight Junction Assembly (GO:0070830)	0.08668305637042405	1.0	4.2298374036406035	3.5268064164329633	2	45	ECT2;PARD3
Golgi To Plasma Membrane Transport (GO:0006893)	0.08668305637042405	1.0	4.2298374036406035	3.5268064164329633	2	45	SEC16A;SPTBN1
Response To Hydrogen Peroxide (GO:0042542)	0.08668305637042405	1.0	4.2298374036406035	3.5268064164329633	2	45	ADAM9;ECT2
Negative Regulation Of ERK1 And ERK2 Cascade (GO:0070373)	0.08668305637042405	1.0	4.2298374036406035	3.5268064164329633	2	45	SPRY1;SPRY3
Proton Transmembrane Transport (GO:1902600)	0.08668305637042405	1.0	4.2298374036406035	3.5268064164329633	2	45	ATP1B1;ATP6AP2
Positive Regulation Of Peptide Hormone Secretion (GO:0090277)	0.08668305637042405	1.0	4.2298374036406035	3.5268064164329633	2	45	FLNB;TCF7L2
Inorganic Cation Transmembrane Transport (GO:0098662)	0.08791564069155645	1.0	1.9996093348411639	1.6848275219517954	6	280	ATP1B1;ATP6AP2;HTR3D;KCNE1;SCNN1B;SCNN1G
Response To Lipopolysaccharide (GO:0032496)	0.08899067322569779	1.0	2.430700280112045	2.1487046558035057	4	154	ADAM9;PF4;PPBP;SLPI
Myelination (GO:0042552)	0.08999284206718447	1.0	4.1335781210433025	3.4173330028054814	2	46	ACER3;PARD3
Protein Complex Oligomerization (GO:0051259)	0.09027450745815918	1.0	2.9059491263520743	2.565451443928874	3	97	ATL3;ECT2;EHD4
Regulation Of Macromolecule Metabolic Process (GO:0060255)	0.09060535106623438	1.0	2.4145287253974437	2.1167047285646916	4	155	ATP1B1;LDLR;TREM2;TRIML1
Endoplasmic Reticulum Organization (GO:0007029)	0.09333937864810153	1.0	4.0415970287836585	3.3121499947243587	2	47	ATL3;SEC16A
Regulation Of Interleukin-2 Production (GO:0032663)	0.09333937864810153	1.0	4.0415970287836585	3.3121499947243587	2	47	PDE4D;SPTBN1
Negative Regulation Of Voltage-Gated Potassium Channel Activity (GO:1903817)	0.09412363379291007	1.0	11.348263888888889	5.740234958898196	1	9	KCNE1
Cellular Response To Oxidised Low-Density Lipoprotein Particle Stimulus (GO:0140052)	0.09412363379291007	1.0	11.348263888888889	5.740234958898196	1	9	TREM2
Granulocyte Migration (GO:0097530)	0.09412363379291007	1.0	11.348263888888889	5.740234958898196	1	9	EMP2
Amino Sugar Metabolic Process (GO:0006040)	0.09412363379291007	1.0	11.348263888888889	5.740234958898196	1	9	GNE
Transferrin Transport (GO:0033572)	0.09412363379291007	1.0	11.348263888888889	5.740234958898196	1	9	CLTC
Golgi Lumen Acidification (GO:0061795)	0.09412363379291007	1.0	11.348263888888889	5.740234958898196	1	9	ATP6AP2
Negative Regulation Of Heart Contraction (GO:0045822)	0.09412363379291007	1.0	11.348263888888889	5.740234958898196	1	9	PDE4D
Positive Regulation Of mRNA 3'-End Processing (GO:0031442)	0.09412363379291007	1.0	11.348263888888889	5.740234958898196	1	9	LEO1
Endodermal Cell Fate Commitment (GO:0001711)	0.09412363379291007	1.0	11.348263888888889	5.740234958898196	1	9	LEO1
Regulation Of Actin Filament-Based Movement (GO:1903115)	0.09412363379291007	1.0	11.348263888888889	5.740234958898196	1	9	PDE4D
Negative Regulation Of Alpha-Beta T Cell Activation (GO:0046636)	0.09412363379291007	1.0	11.348263888888889	5.740234958898196	1	9	TARM1
Desensitization Of G Protein-Coupled Receptor Signaling Pathway (GO:0002029)	0.09412363379291007	1.0	11.348263888888889	5.740234958898196	1	9	GTF2H2
Negative Regulation Of Protein Localization To Cell Surface (GO:2000009)	0.09412363379291007	1.0	11.348263888888889	5.740234958898196	1	9	NEDD4L
Adherens Junction Assembly (GO:0034333)	0.09412363379291007	1.0	11.348263888888889	5.740234958898196	1	9	VCL
Positive Regulation Of Sodium Ion Transmembrane Transport (GO:1902307)	0.09412363379291007	1.0	11.348263888888889	5.740234958898196	1	9	ATP1B1
Negative Regulation Of Hydrogen Peroxide-Induced Cell Death (GO:1903206)	0.09412363379291007	1.0	11.348263888888889	5.740234958898196	1	9	MET
Regulation Of Attachment Of Spindle Microtubules To Kinetochore (GO:0051988)	0.09412363379291007	1.0	11.348263888888889	5.740234958898196	1	9	ECT2
Apical Protein Localization (GO:0045176)	0.09412363379291007	1.0	11.348263888888889	5.740234958898196	1	9	SHROOM3
Protein Kinase C-activating G Protein-Coupled Receptor Signaling Pathway (GO:0007205)	0.09412363379291007	1.0	11.348263888888889	5.740234958898196	1	9	PARD3
Intestinal Cholesterol Absorption (GO:0030299)	0.09412363379291007	1.0	11.348263888888889	5.740234958898196	1	9	LDLR
Negative Regulation Of Potassium Ion Transmembrane Transporter Activity (GO:1901017)	0.09412363379291007	1.0	11.348263888888889	5.740234958898196	1	9	NEDD4L
Negative Regulation Of Receptor Binding (GO:1900121)	0.09412363379291007	1.0	11.348263888888889	5.740234958898196	1	9	PCSK9
Regulation Of Lamellipodium Morphogenesis (GO:2000392)	0.09412363379291007	1.0	11.348263888888889	5.740234958898196	1	9	RREB1
Positive Regulation Of ATP Metabolic Process (GO:1903580)	0.09412363379291007	1.0	11.348263888888889	5.740234958898196	1	9	TREM2
Positive Regulation Of Phagocytosis, Engulfment (GO:0060100)	0.09412363379291007	1.0	11.348263888888889	5.740234958898196	1	9	TREM2
Calcium Ion Transport Into Cytosol (GO:0060402)	0.09412363379291007	1.0	11.348263888888889	5.740234958898196	1	9	JPH1
Negative Regulation Of MAPK Cascade (GO:0043409)	0.0945649192728177	1.0	2.845233938547486	2.4661216969468116	3	99	BMP2;SPRY1;SPRY3
Positive Regulation Of Cellular Process (GO:0048522)	0.09566282415426478	1.0	1.6406273933155653	1.1619128946461421	10	568	ACER3;BMP2;CEACAM6;EMP2;KITLG;MVD;NOX1;PARD3;TJP1;TNFSF13
Regulation Of Intracellular Signal Transduction (GO:1902531)	0.09607741053668231	1.0	1.9493759711292666	1.5637080042152849	6	287	ARHGAP26;ATP6AP2;ECT2;FGD4;KALRN;TREM2
Positive Regulation Of Developmental Growth (GO:0048639)	0.09672147395735559	1.0	3.953615114448347	3.2110263663270033	2	48	CDKL5;NEDD4L
Inorganic Cation Import Across Plasma Membrane (GO:0098659)	0.09674106951015493	1.0	2.8158152393019638	2.4180555523335046	3	100	ATP1B1;SCNN1B;SCNN1G
Hemopoiesis (GO:0030097)	0.09674106951015493	1.0	2.8158152393019638	2.4180555523335046	3	100	JAG1;KITLG;KLF3
Positive Regulation Of GTPase Activity (GO:0043547)	0.10000721891693147	1.0	2.0824996152070185	1.6890518836855766	5	224	CDKL5;DOCK7;ECT2;ITGB1;SNX9
Negative Regulation Of Multicellular Organismal Process (GO:0051241)	0.10000721891693147	1.0	2.0824996152070185	1.6890518836855766	5	224	BMP2;CYP51A1;DOCK7;SPRY1;TREM2
Regulation Of Release Of Sequestered Calcium Ion Into Cytosol (GO:0051279)	0.10013795736606478	1.0	3.8693771113613464	3.1137476110468993	2	49	JPH1;PDE4D
Positive Regulation Of Fat Cell Differentiation (GO:0045600)	0.10013795736606478	1.0	3.8693771113613464	3.1137476110468993	2	49	BMP2;RREB1
Regulation Of Neuron Apoptotic Process (GO:0043523)	0.10115396973183796	1.0	2.7587607922803454	2.324977741918333	3	102	NDNF;PCSK9;TREM2
Ceramide Metabolic Process (GO:0006672)	0.10358767944644456	1.0	3.788649025069638	3.0201142594873556	2	50	ACER3;ASAH1
Peptide Metabolic Process (GO:0006518)	0.10358767944644456	1.0	3.788649025069638	3.0201142594873556	2	50	CPM;NPEPPS
Membrane Lipid Biosynthetic Process (GO:0046467)	0.10358767944644456	1.0	3.788649025069638	3.0201142594873556	2	50	ACER3;B3GNT5
Regulation Of Epithelial Cell Migration (GO:0010632)	0.10358767944644456	1.0	3.788649025069638	3.0201142594873556	2	50	EMP2;RREB1
Generation Of Neurons (GO:0048699)	0.10401928010106336	1.0	2.2924792558532845	1.8776099762594027	4	163	CDKL5;MET;NDNF;PCSK9
Positive Regulation Of Actin Nucleation (GO:0051127)	0.10402047633749621	1.0	10.087037037037037	5.230748485720395	1	10	CYFIP1
Negative Regulation Of CD4-positive, Alpha-Beta T Cell Activation (GO:2000515)	0.10402047633749621	1.0	10.087037037037037	5.230748485720395	1	10	TARM1
Endothelium Development (GO:0003158)	0.10402047633749621	1.0	10.087037037037037	5.230748485720395	1	10	JAG1
Heparan Sulfate Proteoglycan Biosynthetic Process, Enzymatic Modification (GO:0015015)	0.10402047633749621	1.0	10.087037037037037	5.230748485720395	1	10	HS3ST2
Negative Regulation Of Hemostasis (GO:1900047)	0.10402047633749621	1.0	10.087037037037037	5.230748485720395	1	10	KNG1
Positive Regulation Of Myelination (GO:0031643)	0.10402047633749621	1.0	10.087037037037037	5.230748485720395	1	10	PARD3
Notch Signaling Involved In Heart Development (GO:0061314)	0.10402047633749621	1.0	10.087037037037037	5.230748485720395	1	10	JAG1
Positive Regulation Of Voltage-Gated Potassium Channel Activity (GO:1903818)	0.10402047633749621	1.0	10.087037037037037	5.230748485720395	1	10	TREM2
Cell Proliferation In Forebrain (GO:0021846)	0.10402047633749621	1.0	10.087037037037037	5.230748485720395	1	10	DOCK7
Angiogenesis Involved In Wound Healing (GO:0060055)	0.10402047633749621	1.0	10.087037037037037	5.230748485720395	1	10	NDNF
Regulation Of Peroxisome Proliferator Activated Receptor Signaling Pathway (GO:0035358)	0.10402047633749621	1.0	10.087037037037037	5.230748485720395	1	10	BMP2
Epithelial Cell-Cell Adhesion (GO:0090136)	0.10402047633749621	1.0	10.087037037037037	5.230748485720395	1	10	VCL
Negative Regulation Of Potassium Ion Transmembrane Transport (GO:1901380)	0.10402047633749621	1.0	10.087037037037037	5.230748485720395	1	10	NEDD4L
Regulation Of Phagocytosis, Engulfment (GO:0060099)	0.10402047633749621	1.0	10.087037037037037	5.230748485720395	1	10	TREM2
Positive Regulation Of Macrophage Differentiation (GO:0045651)	0.10402047633749621	1.0	10.087037037037037	5.230748485720395	1	10	PF4
cGMP Metabolic Process (GO:0046068)	0.10402047633749621	1.0	10.087037037037037	5.230748485720395	1	10	PDE9A
Regulation Of Glycoprotein Biosynthetic Process (GO:0010559)	0.10402047633749621	1.0	10.087037037037037	5.230748485720395	1	10	NECAB1
Monocyte Differentiation (GO:0030224)	0.10402047633749621	1.0	10.087037037037037	5.230748485720395	1	10	MT1G
Regulation Of Amyloid Precursor Protein Biosynthetic Process (GO:0042984)	0.10402047633749621	1.0	10.087037037037037	5.230748485720395	1	10	NECAB1
N-acetylneuraminate Metabolic Process (GO:0006054)	0.10402047633749621	1.0	10.087037037037037	5.230748485720395	1	10	GNE
Cell-Cell Junction Maintenance (GO:0045217)	0.10402047633749621	1.0	10.087037037037037	5.230748485720395	1	10	TJP1
Regulation Of Toll-Like Receptor 2 Signaling Pathway (GO:0034135)	0.10402047633749621	1.0	10.087037037037037	5.230748485720395	1	10	TREM2
Establishment Of Endothelial Intestinal Barrier (GO:0090557)	0.10402047633749621	1.0	10.087037037037037	5.230748485720395	1	10	TJP1
Cell-Cell Adhesion Via Plasma-Membrane Adhesion Molecules (GO:0098742)	0.10575669967299868	1.0	2.278081232492997	1.849712711480883	4	164	CEACAM6;CLDN12;DSG2;ITGB1
Regulation Of Wnt Signaling Pathway (GO:0030111)	0.11021485134153765	1.0	2.6512990182784617	2.15030017227128	3	106	ATP6AP2;BMP2;GNAQ
Regulation Of Proteolysis (GO:0030162)	0.11058234599309513	1.0	3.6368802228412256	2.8430532797559205	2	52	ASPH;KNG1
ERBB Signaling Pathway (GO:0038127)	0.11058234599309513	1.0	3.6368802228412256	2.8430532797559205	2	52	IQGAP1;PIGR
Positive Regulation Of Isotype Switching (GO:0045830)	0.1138094905630928	1.0	9.078055555555556	4.7938397764194915	1	11	TNFSF13
Intestinal Lipid Absorption (GO:0098856)	0.1138094905630928	1.0	9.078055555555556	4.7938397764194915	1	11	LDLR
Intracellular Copper Ion Homeostasis (GO:0006878)	0.1138094905630928	1.0	9.078055555555556	4.7938397764194915	1	11	MT2A
Actin Crosslink Formation (GO:0051764)	0.1138094905630928	1.0	9.078055555555556	4.7938397764194915	1	11	GAS2L3
Erythrocyte Development (GO:0048821)	0.1138094905630928	1.0	9.078055555555556	4.7938397764194915	1	11	ALAS1
Regulation Of Ventricular Cardiac Muscle Cell Action Potential (GO:0098911)	0.1138094905630928	1.0	9.078055555555556	4.7938397764194915	1	11	DSG2
Negative Regulation Of Potassium Ion Transport (GO:0043267)	0.1138094905630928	1.0	9.078055555555556	4.7938397764194915	1	11	NEDD4L
tRNA Aminoacylation (GO:0043039)	0.1138094905630928	1.0	9.078055555555556	4.7938397764194915	1	11	LARS2
V(D)J Recombination (GO:0033151)	0.1138094905630928	1.0	9.078055555555556	4.7938397764194915	1	11	LIG3
Regulation Of Cell Communication By Electrical Coupling Involved In Cardiac Conduction (GO:1901844)	0.1138094905630928	1.0	9.078055555555556	4.7938397764194915	1	11	PDE4D
Regulation Of mRNA 3'-End Processing (GO:0031440)	0.1138094905630928	1.0	9.078055555555556	4.7938397764194915	1	11	LEO1
Endosomal Lumen Acidification (GO:0048388)	0.1138094905630928	1.0	9.078055555555556	4.7938397764194915	1	11	ATP6AP2
Potassium Ion Export Across Plasma Membrane (GO:0097623)	0.1138094905630928	1.0	9.078055555555556	4.7938397764194915	1	11	KCNE1
Regulation Of Astrocyte Differentiation (GO:0048710)	0.1138094905630928	1.0	9.078055555555556	4.7938397764194915	1	11	BMP2
Negative Regulation Of NLRP3 Inflammasome Complex Assembly (GO:1900226)	0.1138094905630928	1.0	9.078055555555556	4.7938397764194915	1	11	TREM2
Cellular Component Maintenance (GO:0043954)	0.1138094905630928	1.0	9.078055555555556	4.7938397764194915	1	11	TREM2
Response To X-ray (GO:0010165)	0.1138094905630928	1.0	9.078055555555556	4.7938397764194915	1	11	XRRA1
Positive Regulation Of Muscle Contraction (GO:0045933)	0.1138094905630928	1.0	9.078055555555556	4.7938397764194915	1	11	CTTN
Positive Regulation Of Neuroinflammatory Response (GO:0150078)	0.1138094905630928	1.0	9.078055555555556	4.7938397764194915	1	11	TREM2
Positive Regulation Of Triglyceride Biosynthetic Process (GO:0010867)	0.1138094905630928	1.0	9.078055555555556	4.7938397764194915	1	11	LDLR
Regulation Of Nitrogen Compound Metabolic Process (GO:0051171)	0.1138094905630928	1.0	9.078055555555556	4.7938397764194915	1	11	LDLR
Glomerular Filtration (GO:0003094)	0.1138094905630928	1.0	9.078055555555556	4.7938397764194915	1	11	MYO1E
Positive Regulation Of Vascular Permeability (GO:0043117)	0.1138094905630928	1.0	9.078055555555556	4.7938397764194915	1	11	TJP1
Actin Cytoskeleton Reorganization (GO:0031532)	0.11412509473962423	1.0	3.565459610027855	2.759290675999575	2	53	CDC42BPB;CTTN
Cellular Response To Alcohol (GO:0097306)	0.11412509473962423	1.0	3.565459610027855	2.759290675999575	2	53	SCNN1B;SCNN1G
Positive Regulation Of Wnt Signaling Pathway (GO:0030177)	0.11485860312945528	1.0	2.600638467677574	2.068309183914552	3	108	ATP6AP2;BIRC8;BMP2
Cytoskeleton Organization (GO:0007010)	0.11720787276768857	1.0	2.5760250869611045	2.0285713865061266	3	109	CDC42BPB;FGD4;MICAL2
Glycosaminoglycan Biosynthetic Process (GO:0006024)	0.12129608391366471	1.0	3.430703736795081	2.600544212191848	2	55	GALNT5;HS3ST2
Positive Regulation Of Purine Nucleotide Biosynthetic Process (GO:1900373)	0.123491848055503	1.0	8.252525252525253	4.414320122034063	1	12	TREM2
Cardiac Right Ventricle Morphogenesis (GO:0003215)	0.123491848055503	1.0	8.252525252525253	4.414320122034063	1	12	JAG1
Negative Regulation Of Coagulation (GO:0050819)	0.123491848055503	1.0	8.252525252525253	4.414320122034063	1	12	KNG1
Relaxation Of Cardiac Muscle (GO:0055119)	0.123491848055503	1.0	8.252525252525253	4.414320122034063	1	12	ATP1B1
Regulation Of Cell Communication By Electrical Coupling (GO:0010649)	0.123491848055503	1.0	8.252525252525253	4.414320122034063	1	12	PDE4D
Positive Regulation Of Cell Morphogenesis Involved In Differentiation (GO:0010770)	0.123491848055503	1.0	8.252525252525253	4.414320122034063	1	12	CDKL5
Regulation Of Interleukin-5 Production (GO:0032674)	0.123491848055503	1.0	8.252525252525253	4.414320122034063	1	12	PDE4D
Sodium Ion Export Across Plasma Membrane (GO:0036376)	0.123491848055503	1.0	8.252525252525253	4.414320122034063	1	12	ATP1B1
Base-Excision Repair, Gap-Filling (GO:0006287)	0.123491848055503	1.0	8.252525252525253	4.414320122034063	1	12	LIG3
Myelination In Peripheral Nervous System (GO:0022011)	0.123491848055503	1.0	8.252525252525253	4.414320122034063	1	12	PARD3
Cardiocyte Differentiation (GO:0035051)	0.123491848055503	1.0	8.252525252525253	4.414320122034063	1	12	BMP2
Immune Response-Regulating Cell Surface Receptor Signaling Pathway (GO:0002768)	0.123491848055503	1.0	8.252525252525253	4.414320122034063	1	12	PIGR
DNA Strand Elongation Involved In DNA Replication (GO:0006271)	0.123491848055503	1.0	8.252525252525253	4.414320122034063	1	12	LIG3
Plasma Membrane Tubulation (GO:0097320)	0.123491848055503	1.0	8.252525252525253	4.414320122034063	1	12	SNX9
Astrocyte Activation (GO:0048143)	0.123491848055503	1.0	8.252525252525253	4.414320122034063	1	12	TREM2
Positive Regulation Of Calcium-Mediated Signaling (GO:0050850)	0.123491848055503	1.0	8.252525252525253	4.414320122034063	1	12	TREM2
Negative Regulation Of Alcohol Biosynthetic Process (GO:1902931)	0.123491848055503	1.0	8.252525252525253	4.414320122034063	1	12	BMP2
Ionotropic Glutamate Receptor Signaling Pathway (GO:0035235)	0.123491848055503	1.0	8.252525252525253	4.414320122034063	1	12	GRIN3B
Regulation Of Vascular Associated Smooth Muscle Cell Migration (GO:1904752)	0.123491848055503	1.0	8.252525252525253	4.414320122034063	1	12	DOCK7
Extracellular Transport (GO:0006858)	0.123491848055503	1.0	8.252525252525253	4.414320122034063	1	12	CCDC103
Positive Regulation Of Integrin-Mediated Signaling Pathway (GO:2001046)	0.123491848055503	1.0	8.252525252525253	4.414320122034063	1	12	EMP2
Positive Regulation Of Sodium Ion Transmembrane Transporter Activity (GO:2000651)	0.123491848055503	1.0	8.252525252525253	4.414320122034063	1	12	ATP1B1
Endothelial Cell Differentiation (GO:0045446)	0.123491848055503	1.0	8.252525252525253	4.414320122034063	1	12	JAG1
Epithelial Cell Morphogenesis (GO:0003382)	0.123491848055503	1.0	8.252525252525253	4.414320122034063	1	12	MET
Membrane Depolarization (GO:0051899)	0.123491848055503	1.0	8.252525252525253	4.414320122034063	1	12	BEST2
Negative Regulation Of Stem Cell Differentiation (GO:2000737)	0.123491848055503	1.0	8.252525252525253	4.414320122034063	1	12	JAG1
Endoplasmic Reticulum To Golgi Vesicle-Mediated Transport (GO:0006888)	0.1243620283761135	1.0	2.504894674798831	1.914138830805423	3	112	ATL3;BCAP29;SEC16A
Chemokine-Mediated Signaling Pathway (GO:0070098)	0.12492224737240742	1.0	3.367069018879604	2.525286091069768	2	56	PF4;PPBP
Regulation Of Protein Binding (GO:0043393)	0.12678129526418846	1.0	2.482046724225495	1.8775226875577131	3	113	BMP2;SLPI;TCF7L2
Cellular Response To Molecule Of Bacterial Origin (GO:0071219)	0.12678129526418846	1.0	2.482046724225495	1.8775226875577131	3	113	ADAM9;PF4;PPBP
Heart Morphogenesis (GO:0003007)	0.12857417070248997	1.0	3.305748290706508	2.452602647899268	2	57	BMP2;EMP2
Positive Regulation Of Protein Binding (GO:0032092)	0.12857417070248997	1.0	3.305748290706508	2.452602647899268	2	57	BMP2;TCF7L2
Memory (GO:0007613)	0.12857417070248997	1.0	3.305748290706508	2.452602647899268	2	57	LDLR;TREM2
Cellular Response To Chemokine (GO:1990869)	0.12857417070248997	1.0	3.305748290706508	2.452602647899268	2	57	PF4;PPBP
Positive Regulation Of Angiogenesis (GO:0045766)	0.12921738479695052	1.0	2.4596104484372643	1.8416393297087164	3	114	EMP2;ITGB1;TJP1
Positive Regulation Of Cell Cycle Process (GO:0090068)	0.13167002548752885	1.0	2.4375748204309655	1.8064708944251444	3	115	ECT2;RXFP3;SVIL
Anterior/Posterior Pattern Specification (GO:0009952)	0.13225086288454846	1.0	3.246617588539594	2.382376936375575	2	58	ATP6AP2;BMP2
Killing By Host Of Symbiont Cells (GO:0051873)	0.1330687077059861	1.0	7.564583333333333	4.08113042839189	1	13	PF4
Relaxation Of Muscle (GO:0090075)	0.1330687077059861	1.0	7.564583333333333	4.08113042839189	1	13	ATP1B1
Renal Filtration (GO:0097205)	0.1330687077059861	1.0	7.564583333333333	4.08113042839189	1	13	MYO1E
Positive Regulation Of Transcription From RNA Polymerase II Promoter Involved In Cellular Response To Chemical Stimulus (GO:1901522)	0.1330687077059861	1.0	7.564583333333333	4.08113042839189	1	13	BMP2
cGMP-mediated Signaling (GO:0019934)	0.1330687077059861	1.0	7.564583333333333	4.08113042839189	1	13	PDE9A
Membrane Raft Organization (GO:0031579)	0.1330687077059861	1.0	7.564583333333333	4.08113042839189	1	13	EMP2
Heparan Sulfate Proteoglycan Metabolic Process (GO:0030201)	0.1330687077059861	1.0	7.564583333333333	4.08113042839189	1	13	HS3ST2
Regulation Of Cell Projection Organization (GO:0031344)	0.1330687077059861	1.0	7.564583333333333	4.08113042839189	1	13	TREM2
Positive Regulation Of Syncytium Formation By Plasma Membrane Fusion (GO:0060143)	0.1330687077059861	1.0	7.564583333333333	4.08113042839189	1	13	TREM2
Detection Of Mechanical Stimulus Involved In Sensory Perception (GO:0050974)	0.1330687077059861	1.0	7.564583333333333	4.08113042839189	1	13	TMC1
Positive Regulation Of Potassium Ion Transmembrane Transporter Activity (GO:1901018)	0.1330687077059861	1.0	7.564583333333333	4.08113042839189	1	13	ATP1B1
Regulation Of Vasculogenesis (GO:2001212)	0.1330687077059861	1.0	7.564583333333333	4.08113042839189	1	13	EMP2
Regulation Of Establishment Of Protein Localization (GO:0070201)	0.1330687077059861	1.0	7.564583333333333	4.08113042839189	1	13	TREM2
Regulation Of ATP Biosynthetic Process (GO:2001169)	0.1330687077059861	1.0	7.564583333333333	4.08113042839189	1	13	TREM2
Atrioventricular Valve Development (GO:0003171)	0.1330687077059861	1.0	7.564583333333333	4.08113042839189	1	13	BMP2
Vascular Endothelial Growth Factor Signaling Pathway (GO:0038084)	0.1330687077059861	1.0	7.564583333333333	4.08113042839189	1	13	MYO1C
Clathrin Coat Assembly (GO:0048268)	0.1330687077059861	1.0	7.564583333333333	4.08113042839189	1	13	CLTC
Embryonic Hemopoiesis (GO:0035162)	0.1330687077059861	1.0	7.564583333333333	4.08113042839189	1	13	KITLG
Negative Regulation Of Receptor Internalization (GO:0002091)	0.1330687077059861	1.0	7.564583333333333	4.08113042839189	1	13	PCSK9
Positive Regulation Of Brown Fat Cell Differentiation (GO:0090336)	0.1330687077059861	1.0	7.564583333333333	4.08113042839189	1	13	RREB1
Negative Regulation Of Cation Transmembrane Transport (GO:1904063)	0.1330687077059861	1.0	7.564583333333333	4.08113042839189	1	13	NEDD4L
Negative Regulation Of Peptidase Activity (GO:0010466)	0.13595135136409423	1.0	3.189561647852221	2.314498989577579	2	59	FETUB;KNG1
Antimicrobial Humoral Immune Response Mediated By Antimicrobial Peptide (GO:0061844)	0.13595135136409423	1.0	3.189561647852221	2.314498989577579	2	59	PF4;PPBP
Chordate Embryonic Development (GO:0043009)	0.13595135136409423	1.0	3.189561647852221	2.314498989577579	2	59	BMP2;KIAA1217
Positive Regulation Of Intracellular Protein Transport (GO:0090316)	0.13662387318457422	1.0	2.3946633343134374	1.738210087417052	3	117	ECT2;MYO1C;NPEPPS
Axonogenesis (GO:0007409)	0.141148959188324	1.0	2.035084424831385	1.3911890532379845	4	183	CYFIP1;DOCK7;KALRN;PARD3
Regulation Of Macrophage Differentiation (GO:0045649)	0.1425412158484281	1.0	6.9824786324786325	3.7859920628088726	1	14	PF4
Negative Regulation Of Peptidyl-Threonine Phosphorylation (GO:0010801)	0.1425412158484281	1.0	6.9824786324786325	3.7859920628088726	1	14	PARD3
Regulation Of Endothelial Cell Chemotaxis (GO:2001026)	0.1425412158484281	1.0	6.9824786324786325	3.7859920628088726	1	14	MET
Odontogenesis Of Dentin-Containing Tooth (GO:0042475)	0.1425412158484281	1.0	6.9824786324786325	3.7859920628088726	1	14	BMP2
Contractile Actin Filament Bundle Assembly (GO:0030038)	0.1425412158484281	1.0	6.9824786324786325	3.7859920628088726	1	14	ITGB1
Tail-Anchored Membrane Protein Insertion Into ER Membrane (GO:0071816)	0.1425412158484281	1.0	6.9824786324786325	3.7859920628088726	1	14	EMC1
Positive Regulation Of Heterotypic Cell-Cell Adhesion (GO:0034116)	0.1425412158484281	1.0	6.9824786324786325	3.7859920628088726	1	14	CEACAM6
Cardiac Cell Development (GO:0055006)	0.1425412158484281	1.0	6.9824786324786325	3.7859920628088726	1	14	JAG1
Calcium Ion-Regulated Exocytosis Of Neurotransmitter (GO:0048791)	0.1425412158484281	1.0	6.9824786324786325	3.7859920628088726	1	14	UNC13B
Striated Muscle Cell Development (GO:0055002)	0.1425412158484281	1.0	6.9824786324786325	3.7859920628088726	1	14	TMOD3
Copper Ion Homeostasis (GO:0055070)	0.1425412158484281	1.0	6.9824786324786325	3.7859920628088726	1	14	MT2A
Regulation Of Neuron Projection Arborization (GO:0150011)	0.1425412158484281	1.0	6.9824786324786325	3.7859920628088726	1	14	SPRY3
Positive Regulation Of Potassium Ion Transport (GO:0043268)	0.1425412158484281	1.0	6.9824786324786325	3.7859920628088726	1	14	KCNE1
Regulation Of Sequestering Of Triglyceride (GO:0010889)	0.1425412158484281	1.0	6.9824786324786325	3.7859920628088726	1	14	TREM2
Aorta Development (GO:0035904)	0.1425412158484281	1.0	6.9824786324786325	3.7859920628088726	1	14	JAG1
Receptor Catabolic Process (GO:0032801)	0.1425412158484281	1.0	6.9824786324786325	3.7859920628088726	1	14	PCSK9
Stress Fiber Assembly (GO:0043149)	0.1425412158484281	1.0	6.9824786324786325	3.7859920628088726	1	14	ITGB1
Negative Regulation Of Macrophage Activation (GO:0043031)	0.1425412158484281	1.0	6.9824786324786325	3.7859920628088726	1	14	LDLR
Pathway-Restricted SMAD Protein Phosphorylation (GO:0060389)	0.1425412158484281	1.0	6.9824786324786325	3.7859920628088726	1	14	BMP2
Regulation Of Cholesterol Storage (GO:0010885)	0.1425412158484281	1.0	6.9824786324786325	3.7859920628088726	1	14	TREM2
Positive Regulation Of Sprouting Angiogenesis (GO:1903672)	0.1425412158484281	1.0	6.9824786324786325	3.7859920628088726	1	14	TJP1
Regulation Of MHC Class II Biosynthetic Process (GO:0045346)	0.1425412158484281	1.0	6.9824786324786325	3.7859920628088726	1	14	PF4
Positive Regulation Of Endothelial Cell Chemotaxis (GO:2001028)	0.1425412158484281	1.0	6.9824786324786325	3.7859920628088726	1	14	MET
Positive Regulation Of Epithelial Cell Proliferation (GO:0050679)	0.14417198073950624	1.0	2.3330468414267296	1.6407649466995549	3	120	BMP2;RREB1;TCF7L2
Cellular Response To Lipopolysaccharide (GO:0071222)	0.1467182183415733	1.0	2.3132042420225356	1.609540491841078	3	121	ADAM9;PF4;PPBP
Monocarboxylic Acid Biosynthetic Process (GO:0072330)	0.15097244768669887	1.0	2.9800447509018677	2.064481832983647	2	63	ACACA;FASN
Plasma Membrane Bounded Cell Projection Organization (GO:0120036)	0.15185436615359815	1.0	2.2745111731843575	1.5488903676996966	3	123	CTTN;CYFIP1;DOCK7
Ruffle Organization (GO:0031529)	0.1519105063950325	1.0	6.483531746031746	3.522562772433218	1	15	CYFIP1
Regulation Of Delayed Rectifier Potassium Channel Activity (GO:1902259)	0.1519105063950325	1.0	6.483531746031746	3.522562772433218	1	15	KCNE1
Defense Response To Protozoan (GO:0042832)	0.1519105063950325	1.0	6.483531746031746	3.522562772433218	1	15	PF4
Positive Regulation Of Macrophage Activation (GO:0043032)	0.1519105063950325	1.0	6.483531746031746	3.522562772433218	1	15	TREM2
Negative Regulation Of Epithelial Cell Differentiation (GO:0030857)	0.1519105063950325	1.0	6.483531746031746	3.522562772433218	1	15	SPRY1
Positive Regulation Of Smooth Muscle Cell Migration (GO:0014911)	0.1519105063950325	1.0	6.483531746031746	3.522562772433218	1	15	DOCK7
Intracellular Cholesterol Transport (GO:0032367)	0.1519105063950325	1.0	6.483531746031746	3.522562772433218	1	15	LDLR
Lymphocyte Mediated Immunity (GO:0002449)	0.1519105063950325	1.0	6.483531746031746	3.522562772433218	1	15	JAG1
Vasodilation (GO:0042311)	0.1519105063950325	1.0	6.483531746031746	3.522562772433218	1	15	KNG1
Positive Regulation Of Secretion (GO:0051047)	0.1519105063950325	1.0	6.483531746031746	3.522562772433218	1	15	FLNB
Negative Regulation Of Inflammatory Response To Antigenic Stimulus (GO:0002862)	0.1519105063950325	1.0	6.483531746031746	3.522562772433218	1	15	TREM2
Transport Along Microtubule (GO:0010970)	0.1519105063950325	1.0	6.483531746031746	3.522562772433218	1	15	DYNC1I2
Rac Protein Signal Transduction (GO:0016601)	0.1519105063950325	1.0	6.483531746031746	3.522562772433218	1	15	CYFIP1
Protein Insertion Into Membrane (GO:0051205)	0.1519105063950325	1.0	6.483531746031746	3.522562772433218	1	15	GRIN3B
Nicotinamide Nucleotide Metabolic Process (GO:0046496)	0.1519105063950325	1.0	6.483531746031746	3.522562772433218	1	15	NOX1
Myoblast Fusion (GO:0007520)	0.1519105063950325	1.0	6.483531746031746	3.522562772433218	1	15	ITGB1
Positive Regulation Of Muscle Hypertrophy (GO:0014742)	0.1519105063950325	1.0	6.483531746031746	3.522562772433218	1	15	PDE9A
Protein Localization To Cell-Cell Junction (GO:0150105)	0.1519105063950325	1.0	6.483531746031746	3.522562772433218	1	15	TJP1
Astrocyte Development (GO:0014002)	0.1519105063950325	1.0	6.483531746031746	3.522562772433218	1	15	TREM2
Negative Regulation Of Cellular Catabolic Process (GO:0031330)	0.15477795599999367	1.0	2.9318896576511815	2.006903438963604	2	64	MET;TREM2
Cholesterol Metabolic Process (GO:0008203)	0.15477795599999367	1.0	2.9318896576511815	2.006903438963604	2	64	CYP51A1;MVD
Regulation Of Angiogenesis (GO:0045765)	0.15729207916115084	1.0	1.9475426534250064	1.232918791374936	4	191	EMP2;ITGB1;PF4;PGK1
Negative Regulation Of Immune Response (GO:0050777)	0.15860179745859387	1.0	2.885263297519565	1.9511333678431595	2	65	MYO1C;TREM2
Negative Regulation Of Endopeptidase Activity (GO:0010951)	0.15860179745859387	1.0	2.885263297519565	1.9511333678431595	2	65	FETUB;KNG1
Protein Stabilization (GO:0050821)	0.1593567402576051	1.0	1.9371237856844865	1.214374368563733	4	192	ATP1B1;GNAQ;SEC16A;SPAG1
Defense Response To Bacterium (GO:0042742)	0.1593567402576051	1.0	1.9371237856844865	1.214374368563733	4	192	PI3;SLPI;TREM2;WFDC12
Positive Regulation Of Cartilage Development (GO:0061036)	0.1611777009705507	1.0	6.051111111111111	3.2858875673951524	1	16	BMP2
Cell Communication By Electrical Coupling Involved In Cardiac Conduction (GO:0086064)	0.1611777009705507	1.0	6.051111111111111	3.2858875673951524	1	16	ATP1B1
Myeloid Cell Activation Involved In Immune Response (GO:0002275)	0.1611777009705507	1.0	6.051111111111111	3.2858875673951524	1	16	MYO1C
Muscle Tissue Morphogenesis (GO:0060415)	0.1611777009705507	1.0	6.051111111111111	3.2858875673951524	1	16	BMP2
Negative Regulation Of Striated Muscle Cell Differentiation (GO:0051154)	0.1611777009705507	1.0	6.051111111111111	3.2858875673951524	1	16	BMP2
Negative Regulation Of Rho Protein Signal Transduction (GO:0035024)	0.1611777009705507	1.0	6.051111111111111	3.2858875673951524	1	16	MET
Regulation Of Osteoblast Proliferation (GO:0033688)	0.1611777009705507	1.0	6.051111111111111	3.2858875673951524	1	16	BMP2
Regulation Of Presynapse Organization (GO:0099174)	0.1611777009705507	1.0	6.051111111111111	3.2858875673951524	1	16	IL1RAPL2
Regulation Of Cartilage Development (GO:0061035)	0.1611777009705507	1.0	6.051111111111111	3.2858875673951524	1	16	BMP2
Regulation Of Presynapse Assembly (GO:1905606)	0.1611777009705507	1.0	6.051111111111111	3.2858875673951524	1	16	IL1RAPL2
Regulation Of Cell-Cell Adhesion Mediated By Cadherin (GO:2000047)	0.1611777009705507	1.0	6.051111111111111	3.2858875673951524	1	16	TJP1
Positive Regulation Of Dendrite Extension (GO:1903861)	0.1611777009705507	1.0	6.051111111111111	3.2858875673951524	1	16	NEDD4L
Positive Regulation Of Dendrite Morphogenesis (GO:0050775)	0.1611777009705507	1.0	6.051111111111111	3.2858875673951524	1	16	CDKL5
Activation Of Cysteine-Type Endopeptidase Activity (GO:0097202)	0.1611777009705507	1.0	6.051111111111111	3.2858875673951524	1	16	ASPH
Regulation Of Inflammatory Response To Antigenic Stimulus (GO:0002861)	0.1611777009705507	1.0	6.051111111111111	3.2858875673951524	1	16	TREM2
Nuclear Migration (GO:0007097)	0.1611777009705507	1.0	6.051111111111111	3.2858875673951524	1	16	DOCK7
Cell Surface Toll-Like Receptor Signaling Pathway (GO:0140895)	0.1611777009705507	1.0	6.051111111111111	3.2858875673951524	1	16	MYO1C
Chondroitin Sulfate Metabolic Process (GO:0030204)	0.1611777009705507	1.0	6.051111111111111	3.2858875673951524	1	16	NDNF
Regulation Of Megakaryocyte Differentiation (GO:0045652)	0.1611777009705507	1.0	6.051111111111111	3.2858875673951524	1	16	PF4
Nitric Oxide Mediated Signal Transduction (GO:0007263)	0.1611777009705507	1.0	6.051111111111111	3.2858875673951524	1	16	NDNF
Apoptotic Nuclear Changes (GO:0030262)	0.1611777009705507	1.0	6.051111111111111	3.2858875673951524	1	16	DNASE2B
Regulation Of Ventricular Cardiac Muscle Cell Membrane Repolarization (GO:0060307)	0.1611777009705507	1.0	6.051111111111111	3.2858875673951524	1	16	KCNE1
G Protein-Coupled Acetylcholine Receptor Signaling Pathway (GO:0007213)	0.1611777009705507	1.0	6.051111111111111	3.2858875673951524	1	16	GNAQ
acetyl-CoA Metabolic Process (GO:0006084)	0.1611777009705507	1.0	6.051111111111111	3.2858875673951524	1	16	MVD
Regulation Of Triglyceride Biosynthetic Process (GO:0010866)	0.1611777009705507	1.0	6.051111111111111	3.2858875673951524	1	16	LDLR
Regulation Of Establishment Of Endothelial Barrier (GO:1903140)	0.1611777009705507	1.0	6.051111111111111	3.2858875673951524	1	16	VCL
Protein Autoprocessing (GO:0016540)	0.1611777009705507	1.0	6.051111111111111	3.2858875673951524	1	16	PCSK9
Negative Regulation Of Cell Differentiation (GO:0045596)	0.1614313866630168	1.0	1.9268151705126495	1.1960909809945892	4	193	BMP2;JAG1;LEO1;SPRY1
Transmembrane Receptor Protein Serine/Threonine Kinase Signaling Pathway (GO:0007178)	0.1622937674818536	1.0	2.2008695260407283	1.4344077785417957	3	127	ADAM9;BMP2;ITGB1
Regulation Of Actin Filament Polymerization (GO:0030833)	0.16244312104924558	1.0	2.840094011142061	1.8970982062387838	2	66	CTTN;SNX9
Negative Regulation Of Supramolecular Fiber Organization (GO:1902904)	0.16244312104924558	1.0	2.840094011142061	1.8970982062387838	2	66	LDLR;TREM2
Regulation Of Endopeptidase Activity (GO:0052548)	0.16244312104924558	1.0	2.840094011142061	1.8970982062387838	2	66	FETUB;KNG1
Neuropeptide Signaling Pathway (GO:0007218)	0.16630109206551996	1.0	2.7963145489607886	1.8447284194899736	2	67	HCRTR2;RXFP3
Sphingolipid Biosynthetic Process (GO:0030148)	0.16630109206551996	1.0	2.7963145489607886	1.8447284194899736	2	67	ACER3;ASAH1
Neutrophil Chemotaxis (GO:0030593)	0.16630109206551996	1.0	2.7963145489607886	1.8447284194899736	2	67	PF4;PPBP
Cell-Cell Junction Organization (GO:0045216)	0.16630109206551996	1.0	2.7963145489607886	1.8447284194899736	2	67	DSG2;TJP1
Regulation Of MAPK Cascade (GO:0043408)	0.1698273422071327	1.0	1.8866489601021756	1.1254871885534385	4	197	ATP6AP2;BMP2;IQGAP1;SPRY3
Protein Targeting To Membrane (GO:0006612)	0.17017489185479862	1.0	2.7538617371486454	1.7939580953407006	2	68	MYO1C;PARD3
Response To Ionizing Radiation (GO:0010212)	0.17017489185479862	1.0	2.7538617371486454	1.7939580953407006	2	68	ECT2;XRRA1
Cellular Response To Calcium Ion (GO:0071277)	0.17017489185479862	1.0	2.7538617371486454	1.7939580953407006	2	68	ECT2;IQGAP1
Positive Regulation Of Macrophage Derived Foam Cell Differentiation (GO:0010744)	0.17034390904506425	1.0	5.672743055555555	3.0720295569349907	1	17	PF4
Positive Regulation Of Cation Transmembrane Transport (GO:1904064)	0.17034390904506425	1.0	5.672743055555555	3.0720295569349907	1	17	KCNE1
Positive Chemotaxis (GO:0050918)	0.17034390904506425	1.0	5.672743055555555	3.0720295569349907	1	17	MET
Positive Regulation Of Heart Rate (GO:0010460)	0.17034390904506425	1.0	5.672743055555555	3.0720295569349907	1	17	PDE4D
Regulation Of Hematopoietic Progenitor Cell Differentiation (GO:1901532)	0.17034390904506425	1.0	5.672743055555555	3.0720295569349907	1	17	KITLG
Toll-Like Receptor 4 Signaling Pathway (GO:0034142)	0.17034390904506425	1.0	5.672743055555555	3.0720295569349907	1	17	MYO1C
Leukocyte Tethering Or Rolling (GO:0050901)	0.17034390904506425	1.0	5.672743055555555	3.0720295569349907	1	17	ITGB1
Positive Regulation Of Glial Cell Differentiation (GO:0045687)	0.17034390904506425	1.0	5.672743055555555	3.0720295569349907	1	17	BMP2
Regulation Of Transferase Activity (GO:0051338)	0.17034390904506425	1.0	5.672743055555555	3.0720295569349907	1	17	EMP2
Regulation Of Brown Fat Cell Differentiation (GO:0090335)	0.17034390904506425	1.0	5.672743055555555	3.0720295569349907	1	17	RREB1
Positive Regulation Of Amyloid-Beta Formation (GO:1902004)	0.17034390904506425	1.0	5.672743055555555	3.0720295569349907	1	17	SLC2A13
Regulation Of Dendrite Extension (GO:1903859)	0.17034390904506425	1.0	5.672743055555555	3.0720295569349907	1	17	NEDD4L
Positive Regulation Of Cardiac Muscle Hypertrophy (GO:0010613)	0.17034390904506425	1.0	5.672743055555555	3.0720295569349907	1	17	PDE9A
Regulation Of Leukocyte Chemotaxis (GO:0002688)	0.17034390904506425	1.0	5.672743055555555	3.0720295569349907	1	17	MTUS1
Positive Regulation Of Establishment Of Protein Localization (GO:1904951)	0.17034390904506425	1.0	5.672743055555555	3.0720295569349907	1	17	TREM2
Negative Regulation Of Peptidyl-Serine Phosphorylation (GO:0033137)	0.17034390904506425	1.0	5.672743055555555	3.0720295569349907	1	17	PDE4D
Aorta Morphogenesis (GO:0035909)	0.17034390904506425	1.0	5.672743055555555	3.0720295569349907	1	17	JAG1
Extracellular Matrix Assembly (GO:0085029)	0.17034390904506425	1.0	5.672743055555555	3.0720295569349907	1	17	QSOX1
Filopodium Assembly (GO:0046847)	0.17034390904506425	1.0	5.672743055555555	3.0720295569349907	1	17	FGD4
Protein Mannosylation (GO:0035268)	0.17034390904506425	1.0	5.672743055555555	3.0720295569349907	1	17	DPY19L1
Epithelial Cilium Movement Involved In Extracellular Fluid Movement (GO:0003351)	0.17034390904506425	1.0	5.672743055555555	3.0720295569349907	1	17	CCDC103
tRNA Aminoacylation For Protein Translation (GO:0006418)	0.17034390904506425	1.0	5.672743055555555	3.0720295569349907	1	17	LARS2
Detection Of Visible Light (GO:0009584)	0.17034390904506425	1.0	5.672743055555555	3.0720295569349907	1	17	GNAQ
Negative Regulation Of Cellular Response To Growth Factor Stimulus (GO:0090288)	0.17406371756881062	1.0	2.7126761734502973	1.7447247079747483	2	69	SPRY1;SPRY3
Cholesterol Homeostasis (GO:0042632)	0.17406371756881062	1.0	2.7126761734502973	1.7447247079747483	2	69	LDLR;PCSK9
Central Nervous System Development (GO:0007417)	0.17456005141357075	1.0	1.7185711257154972	0.9451690582767482	5	270	ATP6AP2;B3GNT5;FLNB;IL1RAPL2;SPTBN1
Negative Regulation Of Extrinsic Apoptotic Signaling Pathway (GO:2001237)	0.17796678191768187	1.0	2.6727019498607243	1.696968900521454	2	70	PF4;TCF7L2
Negative Regulation Of Cell Adhesion (GO:0007162)	0.17796678191768187	1.0	2.6727019498607243	1.696968900521454	2	70	JAG1;KNG1
Granulocyte Chemotaxis (GO:0071621)	0.17796678191768187	1.0	2.6727019498607243	1.696968900521454	2	70	PF4;PPBP
Negative Regulation Of Blood Vessel Morphogenesis (GO:2000181)	0.17796678191768187	1.0	2.6727019498607243	1.696968900521454	2	70	PF4;PGK1
Sterol Homeostasis (GO:0055092)	0.17796678191768187	1.0	2.6727019498607243	1.696968900521454	2	70	LDLR;PCSK9
Negative Regulation Of Lipid Storage (GO:0010888)	0.17941022806533768	1.0	5.338888888888889	2.8778146994369433	1	18	TREM2
Cardiac Atrium Morphogenesis (GO:0003209)	0.17941022806533768	1.0	5.338888888888889	2.8778146994369433	1	18	BMP2
Negative Regulation Of G Protein-Coupled Receptor Signaling Pathway (GO:0045744)	0.17941022806533768	1.0	5.338888888888889	2.8778146994369433	1	18	MET
Heme Biosynthetic Process (GO:0006783)	0.17941022806533768	1.0	5.338888888888889	2.8778146994369433	1	18	ALAS1
Regulation Of Oligodendrocyte Differentiation (GO:0048713)	0.17941022806533768	1.0	5.338888888888889	2.8778146994369433	1	18	SOX1
Pulmonary Valve Morphogenesis (GO:0003184)	0.17941022806533768	1.0	5.338888888888889	2.8778146994369433	1	18	JAG1
Mesenchyme Morphogenesis (GO:0072132)	0.17941022806533768	1.0	5.338888888888889	2.8778146994369433	1	18	BMP2
Cardiac Muscle Cell Contraction (GO:0086003)	0.17941022806533768	1.0	5.338888888888889	2.8778146994369433	1	18	KCNE1
Regulation Of cAMP-mediated Signaling (GO:0043949)	0.17941022806533768	1.0	5.338888888888889	2.8778146994369433	1	18	PDE4D
Mesoderm Formation (GO:0001707)	0.17941022806533768	1.0	5.338888888888889	2.8778146994369433	1	18	ITGB1
Adrenergic Receptor Signaling Pathway (GO:0071875)	0.17941022806533768	1.0	5.338888888888889	2.8778146994369433	1	18	PDE4D
Regulation Of Oxidative Stress-Induced Intrinsic Apoptotic Signaling Pathway (GO:1902175)	0.17941022806533768	1.0	5.338888888888889	2.8778146994369433	1	18	TREM2
Response To Axon Injury (GO:0048678)	0.17941022806533768	1.0	5.338888888888889	2.8778146994369433	1	18	TREM2
DNA Catabolic Process (GO:0006308)	0.17941022806533768	1.0	5.338888888888889	2.8778146994369433	1	18	DNASE2B
Superoxide Anion Generation (GO:0042554)	0.17941022806533768	1.0	5.338888888888889	2.8778146994369433	1	18	NOX1
Positive Regulation Of Macrophage Migration (GO:1905523)	0.17941022806533768	1.0	5.338888888888889	2.8778146994369433	1	18	TREM2
Actin Filament Capping (GO:0051693)	0.17941022806533768	1.0	5.338888888888889	2.8778146994369433	1	18	SVIL
Barbed-End Actin Filament Capping (GO:0051016)	0.17941022806533768	1.0	5.338888888888889	2.8778146994369433	1	18	SVIL
NADP Metabolic Process (GO:0006739)	0.17941022806533768	1.0	5.338888888888889	2.8778146994369433	1	18	NOX1
Regulation Of Vascular Endothelial Growth Factor Signaling Pathway (GO:1900746)	0.17941022806533768	1.0	5.338888888888889	2.8778146994369433	1	18	MYO1C
Positive Regulation Of Triglyceride Metabolic Process (GO:0090208)	0.17941022806533768	1.0	5.338888888888889	2.8778146994369433	1	18	LDLR
Lysosomal Lumen Acidification (GO:0007042)	0.17941022806533768	1.0	5.338888888888889	2.8778146994369433	1	18	ATP6AP2
Establishment Of Skin Barrier (GO:0061436)	0.17941022806533768	1.0	5.338888888888889	2.8778146994369433	1	18	MET
Transforming Growth Factor Beta Receptor Signaling Pathway (GO:0007179)	0.1818833129274496	1.0	2.633886399418675	1.650634284346891	2	71	ADAM9;ITGB1
Positive Regulation Of Protein Localization To Nucleus (GO:1900182)	0.1818833129274496	1.0	2.633886399418675	1.650634284346891	2	71	ECT2;TCF7L2
Regulation Of Stress Fiber Assembly (GO:0051492)	0.18581255370098826	1.0	2.5961798647035415	1.6056672536206646	2	72	MET;TJP1
Positive Regulation Of Protein Targeting To Membrane (GO:0090314)	0.1883777435847544	1.0	5.042129629629629	2.700650979397453	1	19	MYO1C
Negative Regulation Of Cytokine Production Involved In Inflammatory Response (GO:1900016)	0.1883777435847544	1.0	5.042129629629629	2.700650979397453	1	19	TREM2
Leukocyte Adhesion To Vascular Endothelial Cell (GO:0061756)	0.1883777435847544	1.0	5.042129629629629	2.700650979397453	1	19	ITGB1
Regulation Of Integrin-Mediated Signaling Pathway (GO:2001044)	0.1883777435847544	1.0	5.042129629629629	2.700650979397453	1	19	EMP2
Calcium-Independent Cell-Cell Adhesion Via Plasma Membrane Cell-Adhesion Molecules (GO:0016338)	0.1883777435847544	1.0	5.042129629629629	2.700650979397453	1	19	CLDN12
Striated Muscle Cell Differentiation (GO:0051146)	0.1883777435847544	1.0	5.042129629629629	2.700650979397453	1	19	BMP2
Establishment Of Epithelial Cell Polarity (GO:0090162)	0.1883777435847544	1.0	5.042129629629629	2.700650979397453	1	19	PARD3
Cell Projection Organization (GO:0030030)	0.1883777435847544	1.0	5.042129629629629	2.700650979397453	1	19	ITGB1
Peptide Catabolic Process (GO:0043171)	0.1883777435847544	1.0	5.042129629629629	2.700650979397453	1	19	NPEPPS
Regulation Of Neuroinflammatory Response (GO:0150077)	0.1883777435847544	1.0	5.042129629629629	2.700650979397453	1	19	TREM2
Positive Regulation Of Lipid Catabolic Process (GO:0050996)	0.1883777435847544	1.0	5.042129629629629	2.700650979397453	1	19	FLNB
Regulation Of Fibroblast Migration (GO:0010762)	0.1883777435847544	1.0	5.042129629629629	2.700650979397453	1	19	ITGB1
Receptor Clustering (GO:0043113)	0.1883777435847544	1.0	5.042129629629629	2.700650979397453	1	19	PIGR
Response To Fatty Acid (GO:0070542)	0.1883777435847544	1.0	5.042129629629629	2.700650979397453	1	19	SCD
Response To Fibroblast Growth Factor (GO:0071774)	0.1883777435847544	1.0	5.042129629629629	2.700650979397453	1	19	NDNF
Ameboidal-Type Cell Migration (GO:0001667)	0.1883777435847544	1.0	5.042129629629629	2.700650979397453	1	19	IQGAP1
Atrioventricular Valve Morphogenesis (GO:0003181)	0.1883777435847544	1.0	5.042129629629629	2.700650979397453	1	19	BMP2
Adenylate Cyclase-Modulating G Protein-Coupled Receptor Signaling Pathway (GO:0007188)	0.1892668228315105	1.0	2.036000166763946	1.1835074822904015	3	137	GNA14;GNAQ;PF4
Regulation Of Plasma Membrane Bounded Cell Projection Assembly (GO:0120032)	0.18975376218231277	1.0	2.5595354858958768	1.562016813803087	2	73	CDKL5;SH3YL1
Cell Morphogenesis Involved In Neuron Differentiation (GO:0048667)	0.18975376218231277	1.0	2.5595354858958768	1.562016813803087	2	73	DOCK7;PARD3
Gland Development (GO:0048732)	0.1937062109242051	1.0	2.5239090064995358	1.519634422834595	2	74	MET;PCSK9
Vesicle-Mediated Transport To The Plasma Membrane (GO:0098876)	0.1937062109242051	1.0	2.5239090064995358	1.519634422834595	2	74	EHD4;SEC16A
Negative Regulation Of Protein Phosphorylation (GO:0001933)	0.19479439934292167	1.0	2.0059357541899443	1.138705227147276	3	139	GNAQ;PARD3;PDE4D
Pulmonary Valve Development (GO:0003177)	0.19724752939185344	1.0	4.776608187134503	2.53839756417738	1	20	JAG1
Regulation Of Protein Localization To Cell Periphery (GO:1904375)	0.19724752939185344	1.0	4.776608187134503	2.53839756417738	1	20	SPTBN1
Negative Regulation Of Protein Localization To Plasma Membrane (GO:1903077)	0.19724752939185344	1.0	4.776608187134503	2.53839756417738	1	20	CLTC
Acetylcholine Receptor Signaling Pathway (GO:0095500)	0.19724752939185344	1.0	4.776608187134503	2.53839756417738	1	20	GNAQ
Negative Regulation Of Protein Localization To Cell Periphery (GO:1904376)	0.19724752939185344	1.0	4.776608187134503	2.53839756417738	1	20	CLTC
Long-Term Memory (GO:0007616)	0.19724752939185344	1.0	4.776608187134503	2.53839756417738	1	20	LDLR
Porphyrin-Containing Compound Biosynthetic Process (GO:0006779)	0.19724752939185344	1.0	4.776608187134503	2.53839756417738	1	20	ALAS1
Regulation Of Arp2/3 Complex-Mediated Actin Nucleation (GO:0034315)	0.19724752939185344	1.0	4.776608187134503	2.53839756417738	1	20	CYFIP1
Microglial Cell Activation (GO:0001774)	0.19724752939185344	1.0	4.776608187134503	2.53839756417738	1	20	TREM2
Skin Epidermis Development (GO:0098773)	0.19724752939185344	1.0	4.776608187134503	2.53839756417738	1	20	MET
Regulation Of Membrane Depolarization (GO:0003254)	0.19724752939185344	1.0	4.776608187134503	2.53839756417738	1	20	NEDD4L
Regulation Of Smooth Muscle Contraction (GO:0006940)	0.19724752939185344	1.0	4.776608187134503	2.53839756417738	1	20	CTTN
Regulation Of Cardiac Muscle Contraction By Calcium Ion Signaling (GO:0010882)	0.19724752939185344	1.0	4.776608187134503	2.53839756417738	1	20	ATP1B1
Regulation Of Spindle Organization (GO:0090224)	0.19724752939185344	1.0	4.776608187134503	2.53839756417738	1	20	CLTC
Regulation Of Cardiac Muscle Cell Membrane Repolarization (GO:0099623)	0.19724752939185344	1.0	4.776608187134503	2.53839756417738	1	20	KCNE1
Regulation Of Macrophage Chemotaxis (GO:0010758)	0.19724752939185344	1.0	4.776608187134503	2.53839756417738	1	20	MTUS1
Regulation Of Neuron Differentiation (GO:0045664)	0.1976691868591255	1.0	2.4892585950318615	1.478473843930654	2	75	BMP2;ECT2
Regulation Of Innate Immune Response (GO:0045088)	0.1976691868591255	1.0	2.4892585950318615	1.478473843930654	2	75	MYO1C;TREM2
Regulation Of Ras Protein Signal Transduction (GO:0046578)	0.2016419910733618	1.0	2.455544681171422	1.4384910089933538	2	76	SPRY1;SPRY3
Negative Regulation Of Transforming Growth Factor Beta Receptor Signaling Pathway (GO:0030512)	0.2016419910733618	1.0	2.455544681171422	1.4384910089933538	2	76	BMP2;SPRY1
Positive Regulation Of Cytoskeleton Organization (GO:0051495)	0.2016419910733618	1.0	2.455544681171422	1.4384910089933538	2	76	CTTN;SNX9
Regulation Of Neurotransmitter Transport (GO:0051588)	0.20602064763748001	1.0	4.537638888888889	2.3892683396295435	1	21	MYOF
Adaptive Immune Response Based On Somatic Recombination Of Immune Receptors Built From Immunoglobulin Superfamily Domains (GO:0002460)	0.20602064763748001	1.0	4.537638888888889	2.3892683396295435	1	21	JAG1
Positive Regulation Of Receptor Internalization (GO:0002092)	0.20602064763748001	1.0	4.537638888888889	2.3892683396295435	1	21	PCSK9
Focal Adhesion Assembly (GO:0048041)	0.20602064763748001	1.0	4.537638888888889	2.3892683396295435	1	21	CTTN
Negative Regulation Of Macroautophagy (GO:0016242)	0.20602064763748001	1.0	4.537638888888889	2.3892683396295435	1	21	QSOX1
Protein Peptidyl-Prolyl Isomerization (GO:0000413)	0.20602064763748001	1.0	4.537638888888889	2.3892683396295435	1	21	PPIAL4C
Sulfur Compound Transport (GO:0072348)	0.20602064763748001	1.0	4.537638888888889	2.3892683396295435	1	21	SLC19A2
Endocardial Cushion Morphogenesis (GO:0003203)	0.20602064763748001	1.0	4.537638888888889	2.3892683396295435	1	21	BMP2
Regulation Of Catabolic Process (GO:0009894)	0.20602064763748001	1.0	4.537638888888889	2.3892683396295435	1	21	ITGB1
Regulation Of Steroid Metabolic Process (GO:0019218)	0.20602064763748001	1.0	4.537638888888889	2.3892683396295435	1	21	ASAH1
Positive Regulation Of Phosphatase Activity (GO:0010922)	0.20602064763748001	1.0	4.537638888888889	2.3892683396295435	1	21	BMP2
Modulation By Host Of Viral Process (GO:0044788)	0.20602064763748001	1.0	4.537638888888889	2.3892683396295435	1	21	FASN
Regulation Of Cell-Substrate Junction Assembly (GO:0090109)	0.20602064763748001	1.0	4.537638888888889	2.3892683396295435	1	21	VCL
Positive Regulation Of Amyloid Precursor Protein Catabolic Process (GO:1902993)	0.20602064763748001	1.0	4.537638888888889	2.3892683396295435	1	21	SLC2A13
Cytoskeleton-Dependent Intracellular Transport (GO:0030705)	0.20602064763748001	1.0	4.537638888888889	2.3892683396295435	1	21	DYNC1I2
Plasma Membrane Repair (GO:0001778)	0.20602064763748001	1.0	4.537638888888889	2.3892683396295435	1	21	MYOF
Regulation Of Apoptotic Process (GO:0042981)	0.20874945037053202	1.0	1.3678630770085043	0.49074345478599873	10	677	AVEN;BIRC8;BMP2;ECT2;ITGB1;KCNMA1;KNG1;PCSK9;TJP1;UNC13B
Positive Regulation Of Endocytosis (GO:0045807)	0.21361259190853832	1.0	2.359657056035886	1.3251982148327284	2	79	NEDD4L;TREM2
Negative Regulation Of Angiogenesis (GO:0016525)	0.21361259190853832	1.0	2.359657056035886	1.3251982148327284	2	79	PF4;PGK1
Purine Ribonucleotide Metabolic Process (GO:0009150)	0.21361259190853832	1.0	2.359657056035886	1.3251982148327284	2	79	ATP1B1;PDE9A
Positive Regulation Of Protein Localization (GO:1903829)	0.21361259190853832	1.0	2.359657056035886	1.3251982148327284	2	79	TCF7L2;TREM2
Axonemal Dynein Complex Assembly (GO:0070286)	0.21469814896056663	1.0	4.321428571428571	2.2517596007398986	1	22	SPAG1
Negative Regulation Of Extrinsic Apoptotic Signaling Pathway In Absence Of Ligand (GO:2001240)	0.21469814896056663	1.0	4.321428571428571	2.2517596007398986	1	22	PF4
mRNA Polyadenylation (GO:0006378)	0.21469814896056663	1.0	4.321428571428571	2.2517596007398986	1	22	LEO1
Regulation Of Release Of Sequestered Calcium Ion Into Cytosol By Sarcoplasmic Reticulum (GO:0010880)	0.21469814896056663	1.0	4.321428571428571	2.2517596007398986	1	22	PDE4D
Myotube Differentiation (GO:0014902)	0.21469814896056663	1.0	4.321428571428571	2.2517596007398986	1	22	ITGB1
Determination Of Bilateral Symmetry (GO:0009855)	0.21469814896056663	1.0	4.321428571428571	2.2517596007398986	1	22	CCDC103
Hexose Transmembrane Transport (GO:0008645)	0.21469814896056663	1.0	4.321428571428571	2.2517596007398986	1	22	PPBP
Response To Hexose (GO:0009746)	0.21469814896056663	1.0	4.321428571428571	2.2517596007398986	1	22	TCF7L2
Response To BMP (GO:0071772)	0.21469814896056663	1.0	4.321428571428571	2.2517596007398986	1	22	BMP2
Axon Extension (GO:0048675)	0.21469814896056663	1.0	4.321428571428571	2.2517596007398986	1	22	CYFIP1
Regulation Of Toll-Like Receptor 4 Signaling Pathway (GO:0034143)	0.21469814896056663	1.0	4.321428571428571	2.2517596007398986	1	22	TREM2
Dendritic Cell Differentiation (GO:0097028)	0.21469814896056663	1.0	4.321428571428571	2.2517596007398986	1	22	TREM2
Protein Localization To Cell Junction (GO:1902414)	0.21469814896056663	1.0	4.321428571428571	2.2517596007398986	1	22	TJP1
Blood Vessel Endothelial Cell Migration (GO:0043534)	0.21469814896056663	1.0	4.321428571428571	2.2517596007398986	1	22	EMP2
Negative Regulation Of Signal Transduction In Absence Of Ligand (GO:1901099)	0.21469814896056663	1.0	4.321428571428571	2.2517596007398986	1	22	PF4
Positive Regulation Of Cholesterol Efflux (GO:0010875)	0.21469814896056663	1.0	4.321428571428571	2.2517596007398986	1	22	TREM2
Protein Exit From Endoplasmic Reticulum (GO:0032527)	0.21469814896056663	1.0	4.321428571428571	2.2517596007398986	1	22	SEC16A
Glucose Transmembrane Transport (GO:1904659)	0.21469814896056663	1.0	4.321428571428571	2.2517596007398986	1	22	PPBP
Membrane Protein Ectodomain Proteolysis (GO:0006509)	0.21469814896056663	1.0	4.321428571428571	2.2517596007398986	1	22	ADAM9
Positive Regulation Of Lamellipodium Assembly (GO:0010592)	0.21469814896056663	1.0	4.321428571428571	2.2517596007398986	1	22	CYFIP1
Establishment Or Maintenance Of Apical/Basal Cell Polarity (GO:0035088)	0.21469814896056663	1.0	4.321428571428571	2.2517596007398986	1	22	PARD3
Wound Healing, Spreading Of Cells (GO:0044319)	0.21469814896056663	1.0	4.321428571428571	2.2517596007398986	1	22	ITGB1
Activation Of Protein Kinase Activity (GO:0032147)	0.21761799545247654	1.0	2.3293336190272123	1.2895247904601599	2	80	ECT2;EMP2
Integrin-Mediated Signaling Pathway (GO:0007229)	0.21761799545247654	1.0	2.3293336190272123	1.2895247904601599	2	80	ADAM9;ITGB1
Negative Regulation Of Intracellular Signal Transduction (GO:1902532)	0.22076142879899893	1.0	1.6845627139744788	0.7878248804611876	4	220	MYO1C;PDE4D;SPRY3;TREM2
Regulation Of Epithelial To Mesenchymal Transition (GO:0010717)	0.2216299373311536	1.0	2.2997778639681252	1.2548371568132766	2	81	BMP2;SPRY1
Cellular Response To Organic Substance (GO:0071310)	0.2216299373311536	1.0	2.2997778639681252	1.2548371568132766	2	81	HCRTR2;TREM2
RNA Polyadenylation (GO:0043631)	0.22328107261255672	1.0	4.124873737373737	2.1245950376394056	1	23	LEO1
Iron Ion Transport (GO:0006826)	0.22328107261255672	1.0	4.124873737373737	2.1245950376394056	1	23	CLTC
Early Endosome To Late Endosome Transport (GO:0045022)	0.22328107261255672	1.0	4.124873737373737	2.1245950376394056	1	23	EMP2
Positive Regulation Of Neuron Apoptotic Process (GO:0043525)	0.22328107261255672	1.0	4.124873737373737	2.1245950376394056	1	23	PCSK9
Regulation Of Lipid Catabolic Process (GO:0050994)	0.22328107261255672	1.0	4.124873737373737	2.1245950376394056	1	23	FLNB
Regulation Of Cardiac Muscle Hypertrophy (GO:0010611)	0.22328107261255672	1.0	4.124873737373737	2.1245950376394056	1	23	PDE9A
Regulation Of Myelination (GO:0031641)	0.22328107261255672	1.0	4.124873737373737	2.1245950376394056	1	23	PARD3
Heparan Sulfate Proteoglycan Biosynthetic Process (GO:0015012)	0.22328107261255672	1.0	4.124873737373737	2.1245950376394056	1	23	HS3ST2
Organophosphate Ester Transport (GO:0015748)	0.22328107261255672	1.0	4.124873737373737	2.1245950376394056	1	23	LDLR
Positive Regulation Of Lipid Metabolic Process (GO:0045834)	0.22328107261255672	1.0	4.124873737373737	2.1245950376394056	1	23	FLNB
Endocardial Cushion Development (GO:0003197)	0.22328107261255672	1.0	4.124873737373737	2.1245950376394056	1	23	BMP2
Regulation Of Ruffle Assembly (GO:1900027)	0.22328107261255672	1.0	4.124873737373737	2.1245950376394056	1	23	SH3YL1
Mucosal Immune Response (GO:0002385)	0.22328107261255672	1.0	4.124873737373737	2.1245950376394056	1	23	PIGR
Cellular Response To Lipid (GO:0071396)	0.22537364039381222	1.0	1.6690052167656053	0.7632171394581269	4	222	ADAM9;PF4;PPBP;TREM2
Negative Regulation Of Protein Kinase Activity (GO:0006469)	0.22564779898698098	1.0	2.270961002785515	1.2211018816486838	2	82	GNAQ;PTPRB
Phospholipase C-activating G Protein-Coupled Receptor Signaling Pathway (GO:0007200)	0.22967097452237964	1.0	2.242855669039513	1.1882869772749214	2	83	GNA14;GNAQ
Epithelium Development (GO:0060429)	0.2315950454461222	1.0	1.8301900941097071	0.8841241397761408	3	152	BMP2;PGK1;VCL
Vesicle-Mediated Transport Between Endosomal Compartments (GO:0098927)	0.2317704465804901	1.0	3.9454106280193235	2.00668331689828	1	24	EMP2
Regulation Of Lysosomal Lumen pH (GO:0035751)	0.2317704465804901	1.0	3.9454106280193235	2.00668331689828	1	24	ATP6AP2
Positive Regulation Of p38MAPK Cascade (GO:1900745)	0.2317704465804901	1.0	3.9454106280193235	2.00668331689828	1	24	BMP2
Cellular Response To Hexose Stimulus (GO:0071331)	0.2317704465804901	1.0	3.9454106280193235	2.00668331689828	1	24	UNC13B
cAMP-mediated Signaling (GO:0019933)	0.2317704465804901	1.0	3.9454106280193235	2.00668331689828	1	24	PDE4D
Positive Regulation Of Vascular Endothelial Growth Factor Production (GO:0010575)	0.2317704465804901	1.0	3.9454106280193235	2.00668331689828	1	24	NOX1
Regulation Of Heterotypic Cell-Cell Adhesion (GO:0034114)	0.2317704465804901	1.0	3.9454106280193235	2.00668331689828	1	24	CEACAM6
Negative Regulation Of Intracellular Protein Transport (GO:0090317)	0.2317704465804901	1.0	3.9454106280193235	2.00668331689828	1	24	KCNE1
Neuromuscular Junction Development (GO:0007528)	0.2317704465804901	1.0	3.9454106280193235	2.00668331689828	1	24	UNC13B
Cellular Response To Epidermal Growth Factor Stimulus (GO:0071364)	0.2317704465804901	1.0	3.9454106280193235	2.00668331689828	1	24	IQGAP1
Protein Transport (GO:0015031)	0.2318294704219323	1.0	1.5423728813559323	0.6334099198317633	5	300	CLTC;CTTN;RAB19;SNX9;SPTBN1
Positive Regulation Of Cell Adhesion (GO:0045785)	0.23369887049833943	1.0	2.215435831238535	1.1563618229138293	2	84	ADAM9;NDNF
Positive Regulation Of Proteasomal Protein Catabolic Process (GO:1901800)	0.23369887049833943	1.0	2.215435831238535	1.1563618229138293	2	84	TREM2;ZYG11B
Positive Regulation Of Canonical Wnt Signaling Pathway (GO:0090263)	0.23369887049833943	1.0	2.215435831238535	1.1563618229138293	2	84	ATP6AP2;BIRC8
Adenylate Cyclase-Activating G Protein-Coupled Receptor Signaling Pathway (GO:0007189)	0.23369887049833943	1.0	2.215435831238535	1.1563618229138293	2	84	GNAQ;PF4
Exocytosis (GO:0006887)	0.23369887049833943	1.0	2.215435831238535	1.1563618229138293	2	84	RPH3AL;SYTL5
Negative Regulation Of G2/M Transition Of Mitotic Cell Cycle (GO:0010972)	0.24016728770875828	1.0	3.780902777777778	1.89708497641568	1	25	AVEN
Regulation Of Myeloid Cell Differentiation (GO:0045637)	0.24016728770875828	1.0	3.780902777777778	1.89708497641568	1	25	LEO1
Negative Regulation Of Protein Transport (GO:0051224)	0.24016728770875828	1.0	3.780902777777778	1.89708497641568	1	25	CYP51A1
Sterol Transport (GO:0015918)	0.24016728770875828	1.0	3.780902777777778	1.89708497641568	1	25	LDLR
Negative Regulation Of Lipid Biosynthetic Process (GO:0051055)	0.24016728770875828	1.0	3.780902777777778	1.89708497641568	1	25	BMP2
Peptidyl-Proline Modification (GO:0018208)	0.24016728770875828	1.0	3.780902777777778	1.89708497641568	1	25	PPIAL4C
Fatty Acid Derivative Biosynthetic Process (GO:1901570)	0.24016728770875828	1.0	3.780902777777778	1.89708497641568	1	25	ACACA
DNA-templated Transcription Elongation (GO:0006354)	0.24016728770875828	1.0	3.780902777777778	1.89708497641568	1	25	LEO1
Positive Regulation Of Microtubule Polymerization Or Depolymerization (GO:0031112)	0.24016728770875828	1.0	3.780902777777778	1.89708497641568	1	25	MET
Regulation Of Vascular Endothelial Growth Factor Production (GO:0010574)	0.24016728770875828	1.0	3.780902777777778	1.89708497641568	1	25	NOX1
Purine Ribonucleotide Catabolic Process (GO:0009154)	0.24016728770875828	1.0	3.780902777777778	1.89708497641568	1	25	PDE9A
Ventricular Cardiac Muscle Tissue Development (GO:0003229)	0.24016728770875828	1.0	3.780902777777778	1.89708497641568	1	25	DSG2
Protein-Containing Complex Assembly (GO:0065003)	0.24794385377085634	1.0	1.5012793414172878	0.5666314637775267	5	308	CCDC103;CLTC;PARD3;SNX9;SPAG1
Negative Regulation Of NIK/NF-kappaB Signaling (GO:1901223)	0.24847260181955075	1.0	3.6295555555555556	1.7949863032319824	1	26	MYO1C
Carbohydrate Derivative Biosynthetic Process (GO:1901137)	0.24847260181955075	1.0	3.6295555555555556	1.7949863032319824	1	26	B3GNT5
Dendritic Spine Organization (GO:0097061)	0.24847260181955075	1.0	3.6295555555555556	1.7949863032319824	1	26	TREM2
Negative Regulation Of Receptor-Mediated Endocytosis (GO:0048261)	0.24847260181955075	1.0	3.6295555555555556	1.7949863032319824	1	26	PCSK9
Plasma Membrane Invagination (GO:0099024)	0.24847260181955075	1.0	3.6295555555555556	1.7949863032319824	1	26	SNX9
Cell Surface Receptor Signaling Pathway Involved In Cell-Cell Signaling (GO:1905114)	0.24847260181955075	1.0	3.6295555555555556	1.7949863032319824	1	26	BMP2
Activation Of Phospholipase C Activity (GO:0007202)	0.24847260181955075	1.0	3.6295555555555556	1.7949863032319824	1	26	GNAQ
Left/Right Pattern Formation (GO:0060972)	0.24847260181955075	1.0	3.6295555555555556	1.7949863032319824	1	26	CCDC103
Fc Receptor Signaling Pathway (GO:0038093)	0.24847260181955075	1.0	3.6295555555555556	1.7949863032319824	1	26	PIGR
Protein Quality Control For Misfolded Or Incompletely Synthesized Proteins (GO:0006515)	0.24847260181955075	1.0	3.6295555555555556	1.7949863032319824	1	26	ZYG11B
Pyroptosis (GO:0070269)	0.24847260181955075	1.0	3.6295555555555556	1.7949863032319824	1	26	TREM2
Myeloid Cell Development (GO:0061515)	0.24847260181955075	1.0	3.6295555555555556	1.7949863032319824	1	26	ALAS1
Negative Regulation Of Endothelial Cell Apoptotic Process (GO:2000352)	0.24847260181955075	1.0	3.6295555555555556	1.7949863032319824	1	26	NDNF
Regulation Of ERK1 And ERK2 Cascade (GO:0070372)	0.24878517868955963	1.0	1.5953118089340999	0.649770564983596	4	232	BMP2;SPRY1;SPRY3;TREM2
Inflammatory Response (GO:0006954)	0.24878517868955963	1.0	1.5953118089340999	0.649770564983596	4	232	BMP2;NOX1;PF4;PPBP
Negative Regulation Of Apoptotic Process (GO:0043066)	0.24932322158166725	1.0	1.3885750156936598	0.4559799044495772	7	466	AVEN;BIRC8;CEACAM6;ITGB1;NDNF;TJP1;TREM2
Endosomal Transport (GO:0016197)	0.25483395176519635	1.0	1.7365049994662491	0.754491385336797	3	160	CLTC;EHD4;SNX9
Negative Regulation Of Carbohydrate Metabolic Process (GO:0045912)	0.25668738383199974	1.0	3.489850427350427	1.6996785132302783	1	27	CLTC
Positive Regulation Of Calcium Ion Transmembrane Transporter Activity (GO:1901021)	0.25668738383199974	1.0	3.489850427350427	1.6996785132302783	1	27	ATP1B1
Chondrocyte Differentiation (GO:0002062)	0.25668738383199974	1.0	3.489850427350427	1.6996785132302783	1	27	BMP2
Regulation Of Extrinsic Apoptotic Signaling Pathway In Absence Of Ligand (GO:2001239)	0.25668738383199974	1.0	3.489850427350427	1.6996785132302783	1	27	PF4
Regulation Of Monoatomic Ion Transport (GO:0043269)	0.25668738383199974	1.0	3.489850427350427	1.6996785132302783	1	27	NEDD4L
Positive Regulation Of Protein Import Into Nucleus (GO:0042307)	0.25668738383199974	1.0	3.489850427350427	1.6996785132302783	1	27	ECT2
Golgi To Plasma Membrane Protein Transport (GO:0043001)	0.25668738383199974	1.0	3.489850427350427	1.6996785132302783	1	27	SPTBN1
Regulation Of Chemotaxis (GO:0050920)	0.25668738383199974	1.0	3.489850427350427	1.6996785132302783	1	27	TREM2
Cardiac Muscle Cell Differentiation (GO:0055007)	0.25668738383199974	1.0	3.489850427350427	1.6996785132302783	1	27	BMP2
In Utero Embryonic Development (GO:0001701)	0.25668738383199974	1.0	3.489850427350427	1.6996785132302783	1	27	BMP2
Axoneme Assembly (GO:0035082)	0.25668738383199974	1.0	3.489850427350427	1.6996785132302783	1	27	SPAG1
Regulation Of Calcium Ion-Dependent Exocytosis (GO:0017158)	0.25668738383199974	1.0	3.489850427350427	1.6996785132302783	1	27	RPH3AL
Positive Regulation Of Dephosphorylation (GO:0035306)	0.25668738383199974	1.0	3.489850427350427	1.6996785132302783	1	27	BMP2
Morphogenesis Of An Epithelium (GO:0002009)	0.25668738383199974	1.0	3.489850427350427	1.6996785132302783	1	27	VCL
Regulation Of Protein Localization To Membrane (GO:1905475)	0.25668738383199974	1.0	3.489850427350427	1.6996785132302783	1	27	SPTBN1
Positive Regulation Of Response To Wounding (GO:1903036)	0.25668738383199974	1.0	3.489850427350427	1.6996785132302783	1	27	ITGB1
Response To Epidermal Growth Factor (GO:0070849)	0.25668738383199974	1.0	3.489850427350427	1.6996785132302783	1	27	IQGAP1
Transcription Elongation By RNA Polymerase II (GO:0006368)	0.25668738383199974	1.0	3.489850427350427	1.6996785132302783	1	27	LEO1
Regulation Of Protein Metabolic Process (GO:0051246)	0.2579336633499191	1.0	2.0640035452013166	0.9819357455866102	2	90	CYFIP1;LDLR
Positive Regulation Of Protein Kinase B Signaling (GO:0051897)	0.2579336633499191	1.0	2.0640035452013166	0.9819357455866102	2	90	ITGB1;TCF7L2
Regulation Of Peptidyl-Serine Phosphorylation (GO:0033135)	0.2579336633499191	1.0	2.0640035452013166	0.9819357455866102	2	90	DOCK7;PDE4D
Intracellular Protein Transport (GO:0006886)	0.2581592703158249	1.0	1.476679921202393	0.5278537525183832	5	313	CLTC;CTTN;RAB19;SEC16A;SNX9
Cellular Response To Oxygen-Containing Compound (GO:1901701)	0.26254035596195635	1.0	1.4071293741832438	0.4567743596047635	6	394	ADAM9;ECT2;IQGAP1;KCNE1;PF4;PPBP
Regulation Of Plasma Membrane Bounded Cell Projection Organization (GO:0120035)	0.2648126178800433	1.0	3.360493827160494	1.6105410030488851	1	28	TREM2
Positive Regulation Of Microtubule Polymerization (GO:0031116)	0.2648126178800433	1.0	3.360493827160494	1.6105410030488851	1	28	MET
Organic Cyclic Compound Biosynthetic Process (GO:1901362)	0.2648126178800433	1.0	3.360493827160494	1.6105410030488851	1	28	CYP51A1
Leukocyte Cell-Cell Adhesion (GO:0007159)	0.2648126178800433	1.0	3.360493827160494	1.6105410030488851	1	28	ITGB1
Positive Regulation Of mRNA Processing (GO:0050685)	0.2648126178800433	1.0	3.360493827160494	1.6105410030488851	1	28	LEO1
Peptidyl-Tyrosine Dephosphorylation (GO:0035335)	0.2648126178800433	1.0	3.360493827160494	1.6105410030488851	1	28	PTPRB
Regulation Of Platelet Activation (GO:0010543)	0.2648126178800433	1.0	3.360493827160494	1.6105410030488851	1	28	GNAQ
Negative Regulation Of Wound Healing (GO:0061045)	0.2648126178800433	1.0	3.360493827160494	1.6105410030488851	1	28	KNG1
Regulation Of Monoatomic Ion Transmembrane Transport (GO:0034765)	0.2648126178800433	1.0	3.360493827160494	1.6105410030488851	1	28	NEDD4L
Positive Regulation Of Locomotion (GO:0040017)	0.2648126178800433	1.0	3.360493827160494	1.6105410030488851	1	28	TREM2
Cell-Substrate Junction Assembly (GO:0007044)	0.2648126178800433	1.0	3.360493827160494	1.6105410030488851	1	28	CTTN
Regulation Of Cardiac Muscle Cell Action Potential (GO:0098901)	0.2648126178800433	1.0	3.360493827160494	1.6105410030488851	1	28	DSG2
Regulation Of Lipid Biosynthetic Process (GO:0046890)	0.2648126178800433	1.0	3.360493827160494	1.6105410030488851	1	28	ASAH1
Regulation Of Sodium Ion Transmembrane Transport (GO:1902305)	0.2648126178800433	1.0	3.360493827160494	1.6105410030488851	1	28	NEDD4L
Apoptotic Cell Clearance (GO:0043277)	0.2648126178800433	1.0	3.360493827160494	1.6105410030488851	1	28	TREM2
Positive Regulation Of Notch Signaling Pathway (GO:0045747)	0.2648126178800433	1.0	3.360493827160494	1.6105410030488851	1	28	JAG1
Regulation Of Developmental Growth (GO:0048638)	0.2648126178800433	1.0	3.360493827160494	1.6105410030488851	1	28	CTTN
Cellular Component Assembly (GO:0022607)	0.26547357238952546	1.0	1.547458132189046	0.5790545060719389	4	239	PARD3;QSOX1;SNX9;SPTBN1
Negative Regulation Of Macromolecule Biosynthetic Process (GO:0010558)	0.26602471812731066	1.0	2.018012999071495	0.929714678618738	2	92	CLTC;PF4
Positive Regulation Of Epithelial Cell Migration (GO:0010634)	0.2700703528898578	1.0	1.9957758119318008	0.9046123031275394	2	93	ADAM9;RREB1
Phosphate-Containing Compound Metabolic Process (GO:0006796)	0.27247069559500375	1.0	1.6722761078932036	0.6685566139670265	3	166	ALDOA;PGK1;PTPRB
Regulation Of Blood Coagulation (GO:0030193)	0.27284927742901705	1.0	3.2403769841269843	1.5270277630096114	1	29	KNG1
Positive Regulation Of Proteolysis Involved In Protein Catabolic Process (GO:1903052)	0.27284927742901705	1.0	3.2403769841269843	1.5270277630096114	1	29	TREM2
Regulation Of Vasculature Development (GO:1901342)	0.27284927742901705	1.0	3.2403769841269843	1.5270277630096114	1	29	EMP2
Establishment Of Mitotic Spindle Orientation (GO:0000132)	0.27284927742901705	1.0	3.2403769841269843	1.5270277630096114	1	29	ITGB1
Vacuolar Acidification (GO:0007035)	0.27284927742901705	1.0	3.2403769841269843	1.5270277630096114	1	29	ATP6AP2
Negative Regulation Of Cell-Matrix Adhesion (GO:0001953)	0.27284927742901705	1.0	3.2403769841269843	1.5270277630096114	1	29	JAG1
Glycolytic Process (GO:0006096)	0.27284927742901705	1.0	3.2403769841269843	1.5270277630096114	1	29	PGK1
Regulation Of Calcium-Mediated Signaling (GO:0050848)	0.27284927742901705	1.0	3.2403769841269843	1.5270277630096114	1	29	TREM2
Negative Regulation Of Epithelial To Mesenchymal Transition (GO:0010719)	0.27284927742901705	1.0	3.2403769841269843	1.5270277630096114	1	29	SPRY1
Regulation Of Response To Biotic Stimulus (GO:0002831)	0.27284927742901705	1.0	3.2403769841269843	1.5270277630096114	1	29	TREM2
Mitochondrial Translation (GO:0032543)	0.27411541660969935	1.0	1.9740220419038392	0.8801547178911684	2	94	LARS2;MRPL30
Axon Development (GO:0061564)	0.2781594403907299	1.0	1.9527360948872317	0.8563224144132497	2	95	DOCK7;PARD3
Cellular Response To Transforming Growth Factor Beta Stimulus (GO:0071560)	0.2781594403907299	1.0	1.9527360948872317	0.8563224144132497	2	95	ADAM9;ITGB1
Positive Regulation Of Protein Targeting To Mitochondrion (GO:1903955)	0.2807983253909869	1.0	3.128544061302682	1.448656267804702	1	30	NPEPPS
Cellular Response To cAMP (GO:0071320)	0.2807983253909869	1.0	3.128544061302682	1.448656267804702	1	30	KCNE1
Negative Regulation Of Blood Coagulation (GO:0030195)	0.2807983253909869	1.0	3.128544061302682	1.448656267804702	1	30	KNG1
Cardiac Muscle Contraction (GO:0060048)	0.2807983253909869	1.0	3.128544061302682	1.448656267804702	1	30	ATP1B1
Negative Regulation Of Fat Cell Differentiation (GO:0045599)	0.2807983253909869	1.0	3.128544061302682	1.448656267804702	1	30	BMP2
Regulation Of Transmembrane Transport (GO:0034762)	0.2807983253909869	1.0	3.128544061302682	1.448656267804702	1	30	NEDD4L
Regulation Of Macrophage Derived Foam Cell Differentiation (GO:0010743)	0.2807983253909869	1.0	3.128544061302682	1.448656267804702	1	30	PF4
Regulation Of NLRP3 Inflammasome Complex Assembly (GO:1900225)	0.2807983253909869	1.0	3.128544061302682	1.448656267804702	1	30	TREM2
Regulation Of Protein Localization To Cell Surface (GO:2000008)	0.2807983253909869	1.0	3.128544061302682	1.448656267804702	1	30	NEDD4L
Presynaptic Endocytosis (GO:0140238)	0.2807983253909869	1.0	3.128544061302682	1.448656267804702	1	30	AP2B1
Artery Morphogenesis (GO:0048844)	0.2807983253909869	1.0	3.128544061302682	1.448656267804702	1	30	JAG1
Metal Ion Transport (GO:0030001)	0.2813388422771602	1.0	1.6419028067577572	0.6288421120184827	3	169	KCNMA1;SCNN1B;SCNN1G
Mitochondrial Gene Expression (GO:0140053)	0.2822019655913082	1.0	1.931903040360339	0.8330966220938165	2	96	LARS2;MRPL30
Activation Of GTPase Activity (GO:0090630)	0.28624254365726937	1.0	1.9115085764550652	0.8104592737144731	2	97	DOCK7;ECT2
Receptor Signaling Pathway Via STAT (GO:0097696)	0.2886607142388413	1.0	3.0241666666666664	1.3749983269654102	1	31	MYO1C
Gluconeogenesis (GO:0006094)	0.2886607142388413	1.0	3.0241666666666664	1.3749983269654102	1	31	PGK1
Regulation Of Sprouting Angiogenesis (GO:1903670)	0.2886607142388413	1.0	3.0241666666666664	1.3749983269654102	1	31	TJP1
Regulation Of Cholesterol Efflux (GO:0010874)	0.2886607142388413	1.0	3.0241666666666664	1.3749983269654102	1	31	TREM2
Chromosome Organization (GO:0051276)	0.2886607142388413	1.0	3.0241666666666664	1.3749983269654102	1	31	TCF7L2
Positive Regulation Of Cholesterol Transport (GO:0032376)	0.2886607142388413	1.0	3.0241666666666664	1.3749983269654102	1	31	TREM2
Cardiac Muscle Tissue Morphogenesis (GO:0055008)	0.2886607142388413	1.0	3.0241666666666664	1.3749983269654102	1	31	BMP2
Cellular Response To Glucose Stimulus (GO:0071333)	0.2886607142388413	1.0	3.0241666666666664	1.3749983269654102	1	31	UNC13B
Positive Regulation Of Ion Transmembrane Transporter Activity (GO:0032414)	0.2886607142388413	1.0	3.0241666666666664	1.3749983269654102	1	31	ATP1B1
Endodermal Cell Differentiation (GO:0035987)	0.2886607142388413	1.0	3.0241666666666664	1.3749983269654102	1	31	LEO1
Skeletal Muscle Organ Development (GO:0060538)	0.2886607142388413	1.0	3.0241666666666664	1.3749983269654102	1	31	SVIL
Organic Cation Transport (GO:0015695)	0.2886607142388413	1.0	3.0241666666666664	1.3749983269654102	1	31	SLC19A2
Positive Regulation Of Cell Growth (GO:0030307)	0.29028073595734144	1.0	1.8915389972144847	0.7883929728601667	2	98	CDKL5;NEDD4L
Carboxylic Acid Metabolic Process (GO:0019752)	0.2964373861191532	1.0	2.9265232974910393	1.305672498435728	1	32	GNE
Cellular Response To Vascular Endothelial Growth Factor Stimulus (GO:0035924)	0.2964373861191532	1.0	2.9265232974910393	1.305672498435728	1	32	MT1G
Regulation Of Cell Adhesion Mediated By Integrin (GO:0033628)	0.2964373861191532	1.0	2.9265232974910393	1.305672498435728	1	32	ADAM9
Regulation Of Lamellipodium Assembly (GO:0010591)	0.2964373861191532	1.0	2.9265232974910393	1.305672498435728	1	32	CYFIP1
Purine Ribonucleoside Triphosphate Metabolic Process (GO:0009205)	0.2964373861191532	1.0	2.9265232974910393	1.305672498435728	1	32	ATP1B1
Glycolipid Metabolic Process (GO:0006664)	0.2964373861191532	1.0	2.9265232974910393	1.305672498435728	1	32	B3GNT5
Intracellular pH Reduction (GO:0051452)	0.2964373861191532	1.0	2.9265232974910393	1.305672498435728	1	32	ATP6AP2
Positive Regulation Of Vasculature Development (GO:1904018)	0.29834825737830306	1.0	1.8528224660337673	0.7459070991652638	2	100	EMP2;ITGB1
Negative Regulation Of Signal Transduction (GO:0009968)	0.299406348587757	1.0	1.4598224832101516	0.45623014610251195	4	253	BMP2;SPRY1;SPRY3;TREM2
Negative Regulation Of Developmental Process (GO:0051093)	0.3023767574029401	1.0	1.8340508145522074	0.7254558189496539	2	101	BMP2;SPRY3
Calcium Ion Homeostasis (GO:0055074)	0.3023767574029401	1.0	1.8340508145522074	0.7254558189496539	2	101	ATP1B1;ITPR3
Positive Regulation Of Establishment Of Protein Localization To Mitochondrion (GO:1903749)	0.3041292729638227	1.0	2.834982638888889	1.2403377585987678	1	33	NPEPPS
Embryonic Skeletal System Development (GO:0048706)	0.3041292729638227	1.0	2.834982638888889	1.2403377585987678	1	33	KIAA1217
Purine Nucleotide Metabolic Process (GO:0006163)	0.3041292729638227	1.0	2.834982638888889	1.2403377585987678	1	33	NOX1
Superoxide Metabolic Process (GO:0006801)	0.3041292729638227	1.0	2.834982638888889	1.2403377585987678	1	33	NOX1
Regulation Of Amyloid-Beta Formation (GO:1902003)	0.3041292729638227	1.0	2.834982638888889	1.2403377585987678	1	33	SLC2A13
Epithelial Tube Morphogenesis (GO:0060562)	0.3041292729638227	1.0	2.834982638888889	1.2403377585987678	1	33	MET
Establishment Of Protein Localization To Plasma Membrane (GO:0061951)	0.31173729660051847	1.0	2.748989898989899	1.1786881896125616	1	34	SPTBN1
Determination Of Left/Right Symmetry (GO:0007368)	0.31173729660051847	1.0	2.748989898989899	1.1786881896125616	1	34	CCDC103
Hexose Biosynthetic Process (GO:0019319)	0.31173729660051847	1.0	2.748989898989899	1.1786881896125616	1	34	PGK1
Positive Regulation Of Neuron Death (GO:1901216)	0.31173729660051847	1.0	2.748989898989899	1.1786881896125616	1	34	PCSK9
Response To Nutrient Levels (GO:0031667)	0.31173729660051847	1.0	2.748989898989899	1.1786881896125616	1	34	FLNB
Establishment Of Mitotic Spindle Localization (GO:0040001)	0.31173729660051847	1.0	2.748989898989899	1.1786881896125616	1	34	ITGB1
Regulation Of Metal Ion Transport (GO:0010959)	0.31173729660051847	1.0	2.748989898989899	1.1786881896125616	1	34	GRIN3B
Cellular Response To Amyloid-Beta (GO:1904646)	0.31173729660051847	1.0	2.748989898989899	1.1786881896125616	1	34	TREM2
Semaphorin-Plexin Signaling Pathway (GO:0071526)	0.31173729660051847	1.0	2.748989898989899	1.1786881896125616	1	34	MET
Positive Regulation Of Substrate Adhesion-Dependent Cell Spreading (GO:1900026)	0.31173729660051847	1.0	2.748989898989899	1.1786881896125616	1	34	RREB1
Regulation Of Regulated Secretory Pathway (GO:1903305)	0.31173729660051847	1.0	2.748989898989899	1.1786881896125616	1	34	RPH3AL
Cellular Response To Hydrogen Peroxide (GO:0070301)	0.31173729660051847	1.0	2.748989898989899	1.1786881896125616	1	34	ECT2
Membrane Protein Proteolysis (GO:0033619)	0.31173729660051847	1.0	2.748989898989899	1.1786881896125616	1	34	ADAM9
Positive Regulation Of Cellular Component Organization (GO:0051130)	0.314436435219696	1.0	1.7799442896935933	0.6670900768482916	2	104	NOX1;TREM2
Response To Tumor Necrosis Factor (GO:0034612)	0.314436435219696	1.0	1.7799442896935933	0.6670900768482916	2	104	ADAM9;ASAH1
Negative Regulation Of Macromolecule Metabolic Process (GO:0010605)	0.31701220631151633	1.0	1.530647793609943	0.48904025253490885	3	181	BMP2;LDLR;PCSK9
Response To Endoplasmic Reticulum Stress (GO:0034976)	0.3184464455265064	1.0	1.7626091894961733	0.6485842997962519	2	105	ERP44;SEC16A
Sensory Perception Of Chemical Stimulus (GO:0007606)	0.3184464455265064	1.0	1.7626091894961733	0.6485842997962519	2	105	BEST2;ITPR3
Regulation Of Peptidyl-Threonine Phosphorylation (GO:0010799)	0.3192623688619278	1.0	2.6680555555555556	1.1204484960296135	1	35	PARD3
Establishment Of Spindle Orientation (GO:0051294)	0.3192623688619278	1.0	2.6680555555555556	1.1204484960296135	1	35	ITGB1
Regulation Of Sodium Ion Transport (GO:0002028)	0.3192623688619278	1.0	2.6680555555555556	1.1204484960296135	1	35	NEDD4L
Muscle Tissue Development (GO:0060537)	0.3192623688619278	1.0	2.6680555555555556	1.1204484960296135	1	35	SVIL
Platelet Aggregation (GO:0070527)	0.3192623688619278	1.0	2.6680555555555556	1.1204484960296135	1	35	VCL
Regulation Of G2/M Transition Of Mitotic Cell Cycle (GO:0010389)	0.3192623688619278	1.0	2.6680555555555556	1.1204484960296135	1	35	AVEN
Negative Regulation Of Stress-Activated MAPK Cascade (GO:0032873)	0.3192623688619278	1.0	2.6680555555555556	1.1204484960296135	1	35	TREM2
Positive Regulation Of Phospholipase C Activity (GO:0010863)	0.3192623688619278	1.0	2.6680555555555556	1.1204484960296135	1	35	GNAQ
Transcription By RNA Polymerase II (GO:0006366)	0.322973368158601	1.0	1.5135474860335196	0.4684123776945632	3	183	GTF2H2;LEO1;RREB1
Positive Regulation Of Intracellular Signal Transduction (GO:1902533)	0.32586802454729624	1.0	1.2628295668549905	0.26165216151094867	7	511	BMP2;ECT2;IQGAP1;ITGB1;MYO1C;TCF7L2;TREM2
Negative Regulation Of Smooth Muscle Cell Proliferation (GO:0048662)	0.32670539169382773	1.0	2.5917460317460317	1.0653702017316353	1	36	BMP2
Receptor Signaling Pathway Via JAK-STAT (GO:0007259)	0.32670539169382773	1.0	2.5917460317460317	1.0653702017316353	1	36	MYO1C
Negative Regulation Of Cell-Substrate Adhesion (GO:0010812)	0.32670539169382773	1.0	2.5917460317460317	1.0653702017316353	1	36	JAG1
Protein Localization To Cilium (GO:0061512)	0.32670539169382773	1.0	2.5917460317460317	1.0653702017316353	1	36	FSIP2
Establishment Or Maintenance Of Epithelial Cell Apical/Basal Polarity (GO:0045197)	0.32670539169382773	1.0	2.5917460317460317	1.0653702017316353	1	36	PARD3
Positive Regulation Of Signaling Receptor Activity (GO:2000273)	0.32670539169382773	1.0	2.5917460317460317	1.0653702017316353	1	36	ITGB1
Regulation Of Ossification (GO:0030278)	0.32670539169382773	1.0	2.5917460317460317	1.0653702017316353	1	36	BMP2
Base-Excision Repair (GO:0006284)	0.32670539169382773	1.0	2.5917460317460317	1.0653702017316353	1	36	LIG3
Retina Homeostasis (GO:0001895)	0.32670539169382773	1.0	2.5917460317460317	1.0653702017316353	1	36	PIGR
Positive Regulation Of Bone Mineralization (GO:0030501)	0.32670539169382773	1.0	2.5917460317460317	1.0653702017316353	1	36	BMP2
Blood Vessel Diameter Maintenance (GO:0097746)	0.32670539169382773	1.0	2.5917460317460317	1.0653702017316353	1	36	KNG1
Regulation Of Receptor Internalization (GO:0002090)	0.32670539169382773	1.0	2.5917460317460317	1.0653702017316353	1	36	PCSK9
Regulation Of Protein Targeting To Mitochondrion (GO:1903214)	0.32670539169382773	1.0	2.5917460317460317	1.0653702017316353	1	36	NPEPPS
Positive Regulation Of Axonogenesis (GO:0050772)	0.32670539169382773	1.0	2.5917460317460317	1.0653702017316353	1	36	CDKL5
Negative Regulation Of Transmembrane Receptor Protein Serine/Threonine Kinase Signaling Pathway (GO:0090101)	0.3304417200151354	1.0	1.7125663530772062	0.5957331254450248	2	108	BMP2;SPRY1
Cellular Response To Salt (GO:1902075)	0.3304417200151354	1.0	1.7125663530772062	0.5957331254450248	2	108	ECT2;IQGAP1
Endomembrane System Organization (GO:0010256)	0.3319155075450107	1.0	1.4885978569466067	0.43876181549452026	3	186	ATL3;SEC16A;SPTBN1
Import Into Cell (GO:0098657)	0.3340672572619927	1.0	2.519675925925926	1.013228408306546	1	37	TREM2
Detection Of Chemical Stimulus Involved In Sensory Perception Of Bitter Taste (GO:0001580)	0.3340672572619927	1.0	2.519675925925926	1.013228408306546	1	37	PIGR
Negative Regulation Of Protein Secretion (GO:0050709)	0.3340672572619927	1.0	2.519675925925926	1.013228408306546	1	37	CYP51A1
Digestive Tract Development (GO:0048565)	0.3340672572619927	1.0	2.519675925925926	1.013228408306546	1	37	CCDC103
Regulation Of Amide Metabolic Process (GO:0034248)	0.3340672572619927	1.0	2.519675925925926	1.013228408306546	1	37	CYFIP1
Response To cAMP (GO:0051591)	0.3340672572619927	1.0	2.519675925925926	1.013228408306546	1	37	KCNE1
Regulation Of Cellular Component Biogenesis (GO:0044087)	0.3340672572619927	1.0	2.519675925925926	1.013228408306546	1	37	TJP1
Regulation Of Protein Import Into Nucleus (GO:0042306)	0.3340672572619927	1.0	2.519675925925926	1.013228408306546	1	37	ECT2
Regulation Of Neurotransmitter Secretion (GO:0046928)	0.3340672572619927	1.0	2.519675925925926	1.013228408306546	1	37	MYOF
Negative Regulation Of Protein Localization (GO:1903828)	0.3340672572619927	1.0	2.519675925925926	1.013228408306546	1	37	NEDD4L
Cilium Movement (GO:0003341)	0.3340672572619927	1.0	2.519675925925926	1.013228408306546	1	37	CCDC103
Aortic Valve Morphogenesis (GO:0003180)	0.3340672572619927	1.0	2.519675925925926	1.013228408306546	1	37	JAG1
Regulation Of Transforming Growth Factor Beta Receptor Signaling Pathway (GO:0017015)	0.3344273994029384	1.0	1.6965089943508709	0.5789643222672755	2	109	BMP2;SPRY1
Negative Regulation Of Canonical Wnt Signaling Pathway (GO:0090090)	0.3344273994029384	1.0	1.6965089943508709	0.5789643222672755	2	109	BMP2;TCF7L2
Positive Regulation Of Cell Projection Organization (GO:0031346)	0.33840614667565877	1.0	1.6807489941194678	0.562600431175881	2	110	CDKL5;NDNF
Protein Processing (GO:0016485)	0.33840614667565877	1.0	1.6807489941194678	0.562600431175881	2	110	CPM;PCSK9
Golgi Vesicle Transport (GO:0048193)	0.34085386163898806	1.0	1.4644530546044332	0.41058944874787445	3	189	ATL3;BCAP29;SEC16A
mRNA 3'-End Processing (GO:0031124)	0.3413488480579467	1.0	2.4515015015015016	0.96381901936993	1	38	LEO1
Vitamin Transport (GO:0051180)	0.3413488480579467	1.0	2.4515015015015016	0.96381901936993	1	38	SLC19A2
Sensory Perception Of Bitter Taste (GO:0050913)	0.3413488480579467	1.0	2.4515015015015016	0.96381901936993	1	38	PIGR
Regulation Of Microtubule Polymerization (GO:0031113)	0.3413488480579467	1.0	2.4515015015015016	0.96381901936993	1	38	MET
Lymphocyte Proliferation (GO:0046651)	0.3413488480579467	1.0	2.4515015015015016	0.96381901936993	1	38	EMP2
Positive Regulation Of ATP-dependent Activity (GO:0032781)	0.3413488480579467	1.0	2.4515015015015016	0.96381901936993	1	38	ATP1B1
Endothelial Cell Migration (GO:0043542)	0.3413488480579467	1.0	2.4515015015015016	0.96381901936993	1	38	EMP2
Heart Contraction (GO:0060047)	0.3413488480579467	1.0	2.4515015015015016	0.96381901936993	1	38	ATP1B1
Skeletal Muscle Tissue Development (GO:0007519)	0.3413488480579467	1.0	2.4515015015015016	0.96381901936993	1	38	SVIL
Chemical Synaptic Transmission (GO:0007268)	0.34368708361181716	1.0	1.3606521260189468	0.32891293875061606	4	271	GRIN3B;HCRTR2;HTR3D;UNC13B
Negative Regulation Of Mitotic Cell Cycle Phase Transition (GO:1901991)	0.3485510370035779	1.0	2.3869152046783624	0.9169563536243108	1	39	AVEN
Positive Regulation Of Insulin Secretion (GO:0032024)	0.3485510370035779	1.0	2.3869152046783624	0.9169563536243108	1	39	TCF7L2
Regulation Of Mitotic Spindle Organization (GO:0060236)	0.3485510370035779	1.0	2.3869152046783624	0.9169563536243108	1	39	CLTC
Synaptic Vesicle Endocytosis (GO:0048488)	0.3485510370035779	1.0	2.3869152046783624	0.9169563536243108	1	39	AP2B1
Water-Soluble Vitamin Metabolic Process (GO:0006767)	0.3485510370035779	1.0	2.3869152046783624	0.9169563536243108	1	39	SLC19A2
Regulation Of Cytosolic Calcium Ion Concentration (GO:0051480)	0.3485510370035779	1.0	2.3869152046783624	0.9169563536243108	1	39	HCRTR2
Odontogenesis (GO:0042476)	0.3485510370035779	1.0	2.3869152046783624	0.9169563536243108	1	39	BMP2
Positive Regulation Of Lipid Biosynthetic Process (GO:0046889)	0.3485510370035779	1.0	2.3869152046783624	0.9169563536243108	1	39	LDLR
Positive Regulation Of Ossification (GO:0045778)	0.3485510370035779	1.0	2.3869152046783624	0.9169563536243108	1	39	BMP2
Substantia Nigra Development (GO:0021762)	0.3485510370035779	1.0	2.3869152046783624	0.9169563536243108	1	39	SEC16A
Positive Regulation Of Myeloid Leukocyte Differentiation (GO:0002763)	0.3485510370035779	1.0	2.3869152046783624	0.9169563536243108	1	39	PF4
Organonitrogen Compound Biosynthetic Process (GO:1901566)	0.35029759921865466	1.0	1.6351727772340585	0.5158304786131831	2	113	ACER3;ALAS1
Positive Regulation Of Cell Differentiation (GO:0045597)	0.35356875522474585	1.0	1.3404033199995866	0.3045948384169397	4	275	BMP2;ECT2;KITLG;PF4
Cytosolic Transport (GO:0016482)	0.3542454601904704	1.0	1.6205232789494628	0.5009802330374892	2	114	CLTC;EMP2
Positive Regulation Of Response To Biotic Stimulus (GO:0002833)	0.3556746875546252	1.0	2.325641025641026	0.8724710838635581	1	40	MYO1C
Positive Regulation Of Biomineral Tissue Development (GO:0070169)	0.3556746875546252	1.0	2.325641025641026	0.8724710838635581	1	40	BMP2
Negative Regulation Of Secretion By Cell (GO:1903531)	0.3556746875546252	1.0	2.325641025641026	0.8724710838635581	1	40	CYP51A1
Ceramide Biosynthetic Process (GO:0046513)	0.3556746875546252	1.0	2.325641025641026	0.8724710838635581	1	40	ASAH1
Detection Of Chemical Stimulus Involved In Sensory Perception Of Taste (GO:0050912)	0.36272065380304325	1.0	2.2674305555555554	0.8302084505638209	1	41	PIGR
Glycolipid Biosynthetic Process (GO:0009247)	0.36272065380304325	1.0	2.2674305555555554	0.8302084505638209	1	41	B3GNT5
Regulation Of Cell-Cell Adhesion (GO:0022407)	0.36272065380304325	1.0	2.2674305555555554	0.8302084505638209	1	41	JAG1
Negative Regulation Of Proteolysis (GO:0045861)	0.36272065380304325	1.0	2.2674305555555554	0.8302084505638209	1	41	KNG1
Potassium Ion Import Across Plasma Membrane (GO:1990573)	0.36272065380304325	1.0	2.2674305555555554	0.8302084505638209	1	41	ATP1B1
Synaptic Vesicle Exocytosis (GO:0016079)	0.36272065380304325	1.0	2.2674305555555554	0.8302084505638209	1	41	UNC13B
Carbohydrate Catabolic Process (GO:0016052)	0.36272065380304325	1.0	2.2674305555555554	0.8302084505638209	1	41	PGK1
Modulation By Host Of Symbiont Process (GO:0051851)	0.36272065380304325	1.0	2.2674305555555554	0.8302084505638209	1	41	FASN
Regulation Of Chemokine Production (GO:0032642)	0.36272065380304325	1.0	2.2674305555555554	0.8302084505638209	1	41	TREM2
Negative Regulation Of I-kappaB kinase/NF-kappaB Signaling (GO:0043124)	0.36272065380304325	1.0	2.2674305555555554	0.8302084505638209	1	41	TREM2
Intracellular Glucose Homeostasis (GO:0001678)	0.3696897805782728	1.0	2.212059620596206	0.7900267078296028	1	42	UNC13B
Branching Morphogenesis Of An Epithelial Tube (GO:0048754)	0.3696897805782728	1.0	2.212059620596206	0.7900267078296028	1	42	MET
Cardiac Ventricle Morphogenesis (GO:0003208)	0.3696897805782728	1.0	2.212059620596206	0.7900267078296028	1	42	JAG1
Regulation Of Nervous System Development (GO:0051960)	0.3696897805782728	1.0	2.212059620596206	0.7900267078296028	1	42	DOCK7
Negative Regulation Of Immune System Process (GO:0002683)	0.3696897805782728	1.0	2.212059620596206	0.7900267078296028	1	42	TREM2
Anterograde Trans-Synaptic Signaling (GO:0098916)	0.37056253436849124	1.0	1.3893085167027706	0.3264167403448673	3	199	HCRTR2;HTR3D;UNC13B
Positive Regulation Of Protein Phosphorylation (GO:0001934)	0.37281459931955224	1.0	1.2543065987957043	0.22356347321140393	5	367	BMP2;DOCK7;IQGAP1;SNX9;TREM2
Protein Dephosphorylation (GO:0006470)	0.3738520692244265	1.0	1.5510320691379187	0.43185178720197837	2	119	PPP4R1;PTPRB
Negative Regulation Of Programmed Cell Death (GO:0043069)	0.374972163049534	1.0	1.2508125174110873	0.21951968152221096	5	368	AVEN;BIRC8;MET;TJP1;TREM2
Regulation Of Cell-Substrate Adhesion (GO:0010810)	0.3765829035474103	1.0	2.159325396825397	0.7517957667928397	1	43	NDNF
Positive Regulation Of Innate Immune Response (GO:0045089)	0.3765829035474103	1.0	2.159325396825397	0.7517957667928397	1	43	MYO1C
Response To Unfolded Protein (GO:0006986)	0.3765829035474103	1.0	2.159325396825397	0.7517957667928397	1	43	ERP44
Cognition (GO:0050890)	0.3765829035474103	1.0	2.159325396825397	0.7517957667928397	1	43	CYFIP1
Positive Regulation Of Transcription Elongation By RNA Polymerase II (GO:0032968)	0.3765829035474103	1.0	2.159325396825397	0.7517957667928397	1	43	LEO1
Neurotransmitter Secretion (GO:0007269)	0.3765829035474103	1.0	2.159325396825397	0.7517957667928397	1	43	RPH3AL
Regulation Of Endothelial Cell Apoptotic Process (GO:2000351)	0.3765829035474103	1.0	2.159325396825397	0.7517957667928397	1	43	NDNF
Positive Regulation Of Receptor-Mediated Endocytosis (GO:0048260)	0.3765829035474103	1.0	2.159325396825397	0.7517957667928397	1	43	PCSK9
Positive Regulation Of Nucleocytoplasmic Transport (GO:0046824)	0.3765829035474103	1.0	2.159325396825397	0.7517957667928397	1	43	ECT2
Synaptic Vesicle Recycling (GO:0036465)	0.3765829035474103	1.0	2.159325396825397	0.7517957667928397	1	43	AP2B1
Negative Regulation Of Response To Biotic Stimulus (GO:0002832)	0.3765829035474103	1.0	2.159325396825397	0.7517957667928397	1	43	MYO1C
Ephrin Receptor Signaling Pathway (GO:0048013)	0.3765829035474103	1.0	2.159325396825397	0.7517957667928397	1	43	KALRN
Response To Amyloid-Beta (GO:1904645)	0.3765829035474103	1.0	2.159325396825397	0.7517957667928397	1	43	TREM2
Fatty Acid Metabolic Process (GO:0006631)	0.3777449520801036	1.0	1.53784051744488	0.4189896342214765	2	120	ACACA;FASN
Protein-Containing Complex Organization (GO:0043933)	0.3777449520801036	1.0	1.53784051744488	0.4189896342214765	2	120	PARD3;SNX9
Vacuolar Transport (GO:0007034)	0.3834008493143038	1.0	2.1090439276485786	0.7153960074812766	1	44	PCSK9
Positive Regulation Of TOR Signaling (GO:0032008)	0.3834008493143038	1.0	2.1090439276485786	0.7153960074812766	1	44	TREM2
Natural Killer Cell Activation (GO:0030101)	0.3834008493143038	1.0	2.1090439276485786	0.7153960074812766	1	44	EMP2
Development Of Primary Male Sexual Characteristics (GO:0046546)	0.3834008493143038	1.0	2.1090439276485786	0.7153960074812766	1	44	KITLG
Male Gonad Development (GO:0008584)	0.3834008493143038	1.0	2.1090439276485786	0.7153960074812766	1	44	KITLG
Negative Regulation Of Cold-Induced Thermogenesis (GO:0120163)	0.3834008493143038	1.0	2.1090439276485786	0.7153960074812766	1	44	DOCK7
Regulation Of Anatomical Structure Morphogenesis (GO:0022603)	0.3855002318343862	1.0	1.512116991643454	0.39416392778341214	2	122	EMP2;NEDD4L
Potassium Ion Transport (GO:0006813)	0.3855002318343862	1.0	1.512116991643454	0.39416392778341214	2	122	KCNE1;KCNMA1
Neuron Projection Guidance (GO:0097485)	0.3893621469696061	1.0	1.4995741154262299	0.3821852506936365	2	123	CYFIP1;KALRN
Hexose Metabolic Process (GO:0019318)	0.39014443551757416	1.0	2.06104797979798	0.6807172349774051	1	45	ALDOA
Regulation Of Stem Cell Differentiation (GO:2000736)	0.39014443551757416	1.0	2.06104797979798	0.6807172349774051	1	45	JAG1
Regulation Of Cytokine Production Involved In Inflammatory Response (GO:1900015)	0.39014443551757416	1.0	2.06104797979798	0.6807172349774051	1	45	TREM2
Positive Regulation Of Smooth Muscle Cell Proliferation (GO:0048661)	0.39014443551757416	1.0	2.06104797979798	0.6807172349774051	1	45	NOX1
Organic Hydroxy Compound Transport (GO:0015850)	0.39014443551757416	1.0	2.06104797979798	0.6807172349774051	1	45	SLC2A13
Heterophilic Cell-Cell Adhesion Via Plasma Membrane Cell Adhesion Molecules (GO:0007157)	0.39014443551757416	1.0	2.06104797979798	0.6807172349774051	1	45	CEACAM6
Homotypic Cell-Cell Adhesion (GO:0034109)	0.39014443551757416	1.0	2.06104797979798	0.6807172349774051	1	45	VCL
Cellular Defense Response (GO:0006968)	0.39681447092758293	1.0	2.015185185185185	0.6476577596098761	1	46	ITGB1
Regulation Of Mitochondrion Organization (GO:0010821)	0.39681447092758293	1.0	2.015185185185185	0.6476577596098761	1	46	TREM2
Cellular Response To Radiation (GO:0071478)	0.39681447092758293	1.0	2.015185185185185	0.6476577596098761	1	46	ECT2
Neurogenesis (GO:0022008)	0.39681447092758293	1.0	2.015185185185185	0.6476577596098761	1	46	PCSK9
Myofibril Assembly (GO:0030239)	0.39681447092758293	1.0	2.015185185185185	0.6476577596098761	1	46	TMOD3
Regulation Of Macromolecule Biosynthetic Process (GO:0010556)	0.39681447092758293	1.0	2.015185185185185	0.6476577596098761	1	46	CYFIP1
Epithelial To Mesenchymal Transition (GO:0001837)	0.39681447092758293	1.0	2.015185185185185	0.6476577596098761	1	46	BMP2
Erythrocyte Differentiation (GO:0030218)	0.39681447092758293	1.0	2.015185185185185	0.6476577596098761	1	46	ALAS1
Protein Targeting (GO:0006605)	0.3970533714480292	1.0	1.475100210612134	0.35906014078860876	2	125	MYO1C;PARD3
Negative Regulation Of Cell Motility (GO:2000146)	0.40088223704368975	1.0	1.4631593135052565	0.3478999104409491	2	126	JAG1;VCL
Circulatory System Development (GO:0072359)	0.40088223704368975	1.0	1.4631593135052565	0.3478999104409491	2	126	BMP2;MICAL2
Positive Regulation Of MAPK Cascade (GO:0043410)	0.4028645034258994	1.0	1.247509313003552	0.2010587303078403	4	295	ADAM9;BMP2;IQGAP1;TREM2
Regulation Of Lipid Metabolic Process (GO:0019216)	0.40341175554235376	1.0	1.9713164251207729	0.6161235841340141	1	47	TREM2
Purine Ribonucleotide Biosynthetic Process (GO:0009152)	0.40341175554235376	1.0	1.9713164251207729	0.6161235841340141	1	47	ALDOA
Negative Regulation Of Cell Projection Organization (GO:0031345)	0.40341175554235376	1.0	1.9713164251207729	0.6161235841340141	1	47	SPRY3
Regulation Of Wound Healing (GO:0061041)	0.40341175554235376	1.0	1.9713164251207729	0.6161235841340141	1	47	ITGB1
Golgi Organization (GO:0007030)	0.40469965255667856	1.0	1.451409470752089	0.3369990386447078	2	127	ATL3;SEC16A
Epithelial Cell Differentiation (GO:0030855)	0.40469965255667856	1.0	1.451409470752089	0.3369990386447078	2	127	JAG1;PGK1
Synapse Organization (GO:0050808)	0.4085054112209571	1.0	1.4398461334394481	0.3263511263648379	2	128	CYFIP1;UNC13B
Regulation Of Substrate Adhesion-Dependent Cell Spreading (GO:1900024)	0.4099370806824605	1.0	1.9293144208037825	0.5860276835059951	1	48	RREB1
Blood Circulation (GO:0008015)	0.4099370806824605	1.0	1.9293144208037825	0.5860276835059951	1	48	MYOF
Plasma Membrane Bounded Cell Projection Morphogenesis (GO:0120039)	0.4099370806824605	1.0	1.9293144208037825	0.5860276835059951	1	48	CTTN
Unsaturated Fatty Acid Metabolic Process (GO:0033559)	0.4099370806824605	1.0	1.9293144208037825	0.5860276835059951	1	48	SCD
Endosome Organization (GO:0007032)	0.4099370806824605	1.0	1.9293144208037825	0.5860276835059951	1	48	ATP6AP2
Cellular Response To Cytokine Stimulus (GO:0071345)	0.4102138950537864	1.0	1.2346652946893042	0.1878388648156883	4	298	ASAH1;MT1X;MT2A;PF4
Dephosphorylation (GO:0016311)	0.41229931212456206	1.0	1.4284648959270063	0.3159499616723292	2	129	PPP4R1;PTPRB
Cartilage Development (GO:0051216)	0.4163912290848851	1.0	1.8890625	0.557289365046015	1	49	BMP2
Regulation Of Proteasomal Protein Catabolic Process (GO:0061136)	0.4163912290848851	1.0	1.8890625	0.557289365046015	1	49	TREM2
Amide Biosynthetic Process (GO:0043604)	0.4163912290848851	1.0	1.8890625	0.557289365046015	1	49	ASAH1
Negative Regulation Of Protein Catabolic Process (GO:0042177)	0.4163912290848851	1.0	1.8890625	0.557289365046015	1	49	CYP51A1
Glycoprotein Metabolic Process (GO:0009100)	0.4163912290848851	1.0	1.8890625	0.557289365046015	1	49	ERP44
Positive Regulation Of Pathway-Restricted SMAD Protein Phosphorylation (GO:0010862)	0.4163912290848851	1.0	1.8890625	0.557289365046015	1	49	BMP2
Regulation Of Protein Kinase B Signaling (GO:0051896)	0.4198507656583458	1.0	1.4062317807864222	0.29586392334169587	2	131	ITGB1;TCF7L2
SMAD Protein Signal Transduction (GO:0060395)	0.4227749749958739	1.0	1.850453514739229	0.5298336986058121	1	50	BMP2
Steroid Biosynthetic Process (GO:0006694)	0.4227749749958739	1.0	1.850453514739229	0.5298336986058121	1	50	CYP51A1
Pyruvate Metabolic Process (GO:0006090)	0.4227749749958739	1.0	1.850453514739229	0.5298336986058121	1	50	PGK1
Negative Regulation Of Innate Immune Response (GO:0045824)	0.4227749749958739	1.0	1.850453514739229	0.5298336986058121	1	50	MYO1C
Cardiac Muscle Tissue Development (GO:0048738)	0.4227749749958739	1.0	1.850453514739229	0.5298336986058121	1	50	BMP2
Regulation Of Cell Development (GO:0060284)	0.4227749749958739	1.0	1.850453514739229	0.5298336986058121	1	50	DOCK7
Gonad Development (GO:0008406)	0.4227749749958739	1.0	1.850453514739229	0.5298336986058121	1	50	KITLG
Cholesterol Transport (GO:0030301)	0.4227749749958739	1.0	1.850453514739229	0.5298336986058121	1	50	LDLR
Negative Regulation Of Viral Genome Replication (GO:0045071)	0.4227749749958739	1.0	1.850453514739229	0.5298336986058121	1	50	SLPI
Regulation Of Synapse Assembly (GO:0051963)	0.4227749749958739	1.0	1.850453514739229	0.5298336986058121	1	50	IL1RAPL2
Cellular Response To Ionizing Radiation (GO:0071479)	0.4227749749958739	1.0	1.850453514739229	0.5298336986058121	1	50	ECT2
Positive Regulation Of NIK/NF-kappaB Signaling (GO:1901224)	0.4290890842627817	1.0	1.813388888888889	0.5035910078741986	1	51	MYO1C
Regulation Of Protein Localization To Nucleus (GO:1900180)	0.4290890842627817	1.0	1.813388888888889	0.5035910078741986	1	51	TCF7L2
Negative Regulation Of Metabolic Process (GO:0009892)	0.4290890842627817	1.0	1.813388888888889	0.5035910078741986	1	51	DOCK7
Potassium Ion Transmembrane Transport (GO:0071805)	0.43108431530224584	1.0	1.3741453532539885	0.2674402191572827	2	134	ATP1B1;KCNE1
Negative Regulation Of Wnt Signaling Pathway (GO:0030178)	0.43108431530224584	1.0	1.3741453532539885	0.2674402191572827	2	134	BMP2;TCF7L2
Intracellular Calcium Ion Homeostasis (GO:0006874)	0.43108431530224584	1.0	1.3741453532539885	0.2674402191572827	2	134	ATP1B1;HCRTR2
Cell Cycle G1/S Phase Transition (GO:0044843)	0.4353343144249322	1.0	1.7777777777777777	0.478496415225467	1	52	USP26
Regulation Of Cell Death (GO:0010941)	0.4353343144249322	1.0	1.7777777777777777	0.478496415225467	1	52	ACER3
Organelle Organization (GO:0006996)	0.4372664747094891	1.0	1.1572388786975465	0.12080353972274392	5	397	ATL3;CDC42BPB;FGD4;MICAL2;SEC16A
Striated Muscle Contraction (GO:0006941)	0.4415114148034962	1.0	1.7435363247863247	0.45448943358403354	1	53	ATP1B1
Carboxylic Acid Transport (GO:0046942)	0.4415114148034962	1.0	1.7435363247863247	0.45448943358403354	1	53	SLC17A5
Post-Transcriptional Regulation Of Gene Expression (GO:0010608)	0.4415114148034962	1.0	1.7435363247863247	0.45448943358403354	1	53	CYFIP1
Regulation Of Calcium Ion Transport (GO:0051924)	0.4415114148034962	1.0	1.7435363247863247	0.45448943358403354	1	53	GRIN3B
Protein Homotetramerization (GO:0051289)	0.4415114148034962	1.0	1.7435363247863247	0.45448943358403354	1	53	ALDOA
Positive Regulation Of Phosphorylation (GO:0042327)	0.44343045328104364	1.0	1.2311989686291362	0.16913919525944424	3	224	BMP2;MET;TREM2
Mesenchymal Cell Differentiation (GO:0048762)	0.4476211265903965	1.0	1.710587002096436	0.43151359967977704	1	54	BMP2
Negative Regulation Of Protein-Containing Complex Assembly (GO:0031333)	0.4476211265903965	1.0	1.710587002096436	0.43151359967977704	1	54	TREM2
Cellular Response To Fibroblast Growth Factor Stimulus (GO:0044344)	0.4476211265903965	1.0	1.710587002096436	0.43151359967977704	1	54	NDNF
Regulation Of Focal Adhesion Assembly (GO:0051893)	0.4476211265903965	1.0	1.710587002096436	0.43151359967977704	1	54	VCL
post-Golgi Vesicle-Mediated Transport (GO:0006892)	0.4476211265903965	1.0	1.710587002096436	0.43151359967977704	1	54	SEC16A
Endocytic Recycling (GO:0032456)	0.4536641829362624	1.0	1.678858024691358	0.4095161438311138	1	55	EHD4
Regulation Of Neuron Death (GO:1901214)	0.4536641829362624	1.0	1.678858024691358	0.4095161438311138	1	55	PCSK9
Phospholipid Transport (GO:0015914)	0.4536641829362624	1.0	1.678858024691358	0.4095161438311138	1	55	LDLR
Nucleotide-Excision Repair (GO:0006289)	0.4536641829362624	1.0	1.678858024691358	0.4095161438311138	1	55	GTF2H2
Protein Ubiquitination (GO:0016567)	0.45636021792420145	1.0	1.1309507131048782	0.0965361423065948	5	406	ASB12;GAN;NEDD4L;NPEPPS;TRIML1
Skeletal System Development (GO:0001501)	0.45683564046549446	1.0	1.3046632332017394	0.20834967704981372	2	141	BMP2;KIAA1217
Positive Regulation Of Transferase Activity (GO:0051347)	0.45683564046549446	1.0	1.3046632332017394	0.20834967704981372	2	141	MET;TREM2
DNA-templated Transcription Initiation (GO:0006352)	0.45964130903742334	1.0	1.6482828282828283	0.38844769204033985	1	56	GTF2H2
Positive Regulation Of Type II Interferon Production (GO:0032729)	0.45964130903742334	1.0	1.6482828282828283	0.38844769204033985	1	56	PDE4D
Regulation Of Phagocytosis (GO:0050764)	0.45964130903742334	1.0	1.6482828282828283	0.38844769204033985	1	56	TREM2
Cellular Response To Peptide (GO:1901653)	0.45964130903742334	1.0	1.6482828282828283	0.38844769204033985	1	56	TREM2
Positive Regulation Of Mitochondrion Organization (GO:0010822)	0.45964130903742334	1.0	1.6482828282828283	0.38844769204033985	1	56	TREM2
Regulation Of Bone Mineralization (GO:0030500)	0.45964130903742334	1.0	1.6482828282828283	0.38844769204033985	1	56	BMP2
Positive Regulation Of DNA-templated Transcription, Elongation (GO:0032786)	0.45964130903742334	1.0	1.6482828282828283	0.38844769204033985	1	56	LEO1
Monoatomic Anion Transport (GO:0006820)	0.45964130903742334	1.0	1.6482828282828283	0.38844769204033985	1	56	SLC17A5
Positive Regulation Of Cellular Catabolic Process (GO:0031331)	0.4604595909308126	1.0	1.2953044170314365	0.20066512859389055	2	142	ADAM9;SNX9
Regulation Of Secretion By Cell (GO:1903530)	0.46555322222197576	1.0	1.6187996031746033	0.3682619967371332	1	57	MYOF
Negative Regulation Of Cytokine-Mediated Signaling Pathway (GO:0001960)	0.46555322222197576	1.0	1.6187996031746033	0.3682619967371332	1	57	TREM2
Autophagosome Organization (GO:1905037)	0.46555322222197576	1.0	1.6187996031746033	0.3682619967371332	1	57	RAB19
Response To Organic Cyclic Compound (GO:0014070)	0.46555322222197576	1.0	1.6187996031746033	0.3682619967371332	1	57	ALAS1
Renal System Development (GO:0072001)	0.46555322222197576	1.0	1.6187996031746033	0.3682619967371332	1	57	PCSK9
protein-DNA Complex Organization (GO:0071824)	0.46555322222197576	1.0	1.6187996031746033	0.3682619967371332	1	57	SOX1
Regulation Of Cold-Induced Thermogenesis (GO:0120161)	0.46766503548577465	1.0	1.2769822276276042	0.1858204688491945	2	144	DOCK7;SCD
Phosphorylation (GO:0016310)	0.4710870970507196	1.0	1.1113061797752808	0.07943829016304385	5	413	BMP2;CDC42BPB;CDKL5;PGK1;PPP4R1
Glucose Metabolic Process (GO:0006006)	0.4714006320349126	1.0	1.5903508771929824	0.3489156929772031	1	58	PGK1
Peptidyl-Threonine Phosphorylation (GO:0018107)	0.4714006320349126	1.0	1.5903508771929824	0.3489156929772031	1	58	CDC42BPB
Sterol Metabolic Process (GO:0016125)	0.4714006320349126	1.0	1.5903508771929824	0.3489156929772031	1	58	CYP51A1
BMP Signaling Pathway (GO:0030509)	0.4714006320349126	1.0	1.5903508771929824	0.3489156929772031	1	58	BMP2
Response To Light Stimulus (GO:0009416)	0.4714006320349126	1.0	1.5903508771929824	0.3489156929772031	1	58	GTF2H2
Negative Regulation Of Kinase Activity (GO:0033673)	0.4714006320349126	1.0	1.5903508771929824	0.3489156929772031	1	58	GNAQ
Axon Guidance (GO:0007411)	0.47836525783642736	1.0	1.2504466429737777	0.1648051778603239	2	147	CYFIP1;KALRN
Regulation Of Cellular Component Organization (GO:0051128)	0.48190276239550595	1.0	1.2418437821955965	0.15811875244679807	2	148	MUC12;TJP1
Positive Regulation Of Phagocytosis (GO:0050766)	0.4829047413147825	1.0	1.536346516007533	0.3125809068487445	1	60	TREM2
Regulation Of Notch Signaling Pathway (GO:0008593)	0.4829047413147825	1.0	1.536346516007533	0.3125809068487445	1	60	JAG1
Regulation Of Extrinsic Apoptotic Signaling Pathway (GO:2001236)	0.4829047413147825	1.0	1.536346516007533	0.3125809068487445	1	60	TCF7L2
Negative Regulation Of Viral Process (GO:0048525)	0.4829047413147825	1.0	1.536346516007533	0.3125809068487445	1	60	SLPI
Phosphatidylinositol Metabolic Process (GO:0046488)	0.4885628217095863	1.0	1.5106944444444443	0.29551821647044535	1	61	PITPNM3
Autophagosome Assembly (GO:0000045)	0.4885628217095863	1.0	1.5106944444444443	0.29551821647044535	1	61	RAB19
Fat Cell Differentiation (GO:0045444)	0.4885628217095863	1.0	1.5106944444444443	0.29551821647044535	1	61	TCF7L2
Regulation Of Pathway-Restricted SMAD Protein Phosphorylation (GO:0060393)	0.4885628217095863	1.0	1.5106944444444443	0.29551821647044535	1	61	BMP2
Cell Junction Organization (GO:0034330)	0.4885628217095863	1.0	1.5106944444444443	0.29551821647044535	1	61	TJP1
Positive Regulation Of Response To External Stimulus (GO:0032103)	0.4959038661410894	1.0	1.2085793871866295	0.13287207146396526	2	152	MYO1C;TREM2
Negative Regulation Of Cell Migration (GO:0030336)	0.4993664452325503	1.0	1.2005386559427402	0.126918479993543	2	153	JAG1;VCL
Regulation Of Cellular Biosynthetic Process (GO:0031326)	0.49969443031801875	1.0	1.4618727598566308	0.26343281881468406	1	63	CYFIP1
Transcription Initiation At RNA Polymerase II Promoter (GO:0006367)	0.49969443031801875	1.0	1.4618727598566308	0.26343281881468406	1	63	GTF2H2
Cellular Response To BMP Stimulus (GO:0071773)	0.49969443031801875	1.0	1.4618727598566308	0.26343281881468406	1	63	BMP2
G1/S Transition Of Mitotic Cell Cycle (GO:0000082)	0.49969443031801875	1.0	1.4618727598566308	0.26343281881468406	1	63	USP26
Response To Molecule Of Bacterial Origin (GO:0002237)	0.49969443031801875	1.0	1.4618727598566308	0.26343281881468406	1	63	SLPI
Regulation Of Neurogenesis (GO:0050767)	0.5051692949897322	1.0	1.4386243386243387	0.2483481413895584	1	64	DOCK7
Positive Regulation Of Cysteine-Type Endopeptidase Activity (GO:2001056)	0.5051692949897322	1.0	1.4386243386243387	0.2483481413895584	1	64	ASPH
Regulation Of Viral Genome Replication (GO:0045069)	0.5051692949897322	1.0	1.4386243386243387	0.2483481413895584	1	64	SLPI
Regulation Of Translational Initiation (GO:0006446)	0.5051692949897322	1.0	1.4386243386243387	0.2483481413895584	1	64	BZW1
Membrane Organization (GO:0061024)	0.50966234718843	1.0	1.1770430126976088	0.10986673514513687	2	156	GRIN3B;SPTBN1
Canonical Wnt Signaling Pathway (GO:0060070)	0.510584412138657	1.0	1.4161024305555556	0.23386373740473446	1	65	TCF7L2
Protein Modification By Small Protein Conjugation (GO:0032446)	0.5148305998266858	1.0	1.0724810634312896	0.04645742851173821	4	342	ASB12;GAN;NEDD4L;TRIML1
B Cell Differentiation (GO:0030183)	0.5159404320015705	1.0	1.3942735042735044	0.21995280036007472	1	66	ITGB1
Regulation Of Heart Contraction (GO:0008016)	0.5159404320015705	1.0	1.3942735042735044	0.21995280036007472	1	66	PDE4D
Peptidyl-Threonine Modification (GO:0018210)	0.5159404320015705	1.0	1.3942735042735044	0.21995280036007472	1	66	CDC42BPB
Nitrogen Compound Transport (GO:0071705)	0.516448990767729	1.0	1.161881294193272	0.09914357259838835	2	158	SLC19A2;SLC22A12
Regulation Of Cilium Assembly (GO:1902017)	0.5212379977581771	1.0	1.3731060606060606	0.20658999261075367	1	67	CDKL5
Negative Regulation Of Catabolic Process (GO:0009895)	0.5212379977581771	1.0	1.3731060606060606	0.20658999261075367	1	67	CYP51A1
Regulation Of Protein Phosphorylation (GO:0001932)	0.526114228930252	1.0	1.0830421331434041	0.051233725805267805	3	254	BMP2;ECT2;TREM2
Positive Regulation Of Phosphatidylinositol 3-Kinase Signaling (GO:0014068)	0.526477745607482	1.0	1.3525704809286898	0.1937513469316455	1	68	TREM2
Regulation Of Monoatomic Ion Transmembrane Transporter Activity (GO:0032412)	0.526477745607482	1.0	1.3525704809286898	0.1937513469316455	1	68	NEDD4L
Protein K48-linked Ubiquitination (GO:0070936)	0.526477745607482	1.0	1.3525704809286898	0.1937513469316455	1	68	NEDD4L
Negative Regulation Of Protein Binding (GO:0032091)	0.526477745607482	1.0	1.3525704809286898	0.1937513469316455	1	68	SLPI
Brain Development (GO:0007420)	0.5265116507021103	1.0	1.1398538918379146	0.08397002729594044	2	161	B3GNT5;FLNB
Second-Messenger-Mediated Signaling (GO:0019932)	0.5316603048433444	1.0	1.332638888888889	0.18141417593658302	1	69	NDNF
Positive Regulation Of Macromolecule Metabolic Process (GO:0010604)	0.5329664826836771	1.0	1.0474247502469196	0.02915817046499393	4	350	BMP2;FER1L6;PF4;TREM2
Heart Development (GO:0007507)	0.5364321176704206	1.0	1.1186423191994224	0.06982738984928236	2	164	BMP2;MICAL2
Regulation Of Hydrolase Activity (GO:0051336)	0.5367862979292237	1.0	1.3132850241545895	0.16955698862540636	1	70	FGD4
Kidney Development (GO:0001822)	0.5367862979292237	1.0	1.3132850241545895	0.16955698862540636	1	70	PCSK9
Regulation Of Rho Protein Signal Transduction (GO:0035023)	0.5367862979292237	1.0	1.3132850241545895	0.16955698862540636	1	70	MET
Negative Regulation Of Neuron Apoptotic Process (GO:0043524)	0.5367862979292237	1.0	1.3132850241545895	0.16955698862540636	1	70	NDNF
Regulation Of Neuron Projection Development (GO:0010975)	0.5397070970012524	1.0	1.1117453047832253	0.06533076627794115	2	165	CDKL5;NDNF
Regulation Of TOR Signaling (GO:0032006)	0.5468710417956425	1.0	1.2762128325508608	0.14720212702331908	1	72	TREM2
Organonitrogen Compound Catabolic Process (GO:1901565)	0.5468710417956425	1.0	1.2762128325508608	0.14720212702331908	1	72	NPEPPS
Positive Regulation Of Neurogenesis (GO:0050769)	0.5468710417956425	1.0	1.2762128325508608	0.14720212702331908	1	72	CDKL5
Cellular Response To Reactive Oxygen Species (GO:0034614)	0.5468710417956425	1.0	1.2762128325508608	0.14720212702331908	1	72	ECT2
Regulation Of Fat Cell Differentiation (GO:0045598)	0.5468710417956425	1.0	1.2762128325508608	0.14720212702331908	1	72	BMP2
Protein Tetramerization (GO:0051262)	0.5518310040124945	1.0	1.2584490740740741	0.13666678882631778	1	73	ALDOA
Positive Regulation Of Endothelial Cell Proliferation (GO:0001938)	0.5518310040124945	1.0	1.2584490740740741	0.13666678882631778	1	73	BMP2
Defense Response To Gram-negative Bacterium (GO:0050829)	0.5518310040124945	1.0	1.2584490740740741	0.13666678882631778	1	73	TREM2
Positive Regulation Of ERK1 And ERK2 Cascade (GO:0070374)	0.552646619573845	1.0	1.0849832368688805	0.04837074802582293	2	169	BMP2;TREM2
Positive Regulation Of Cellular Biosynthetic Process (GO:0031328)	0.552646619573845	1.0	1.0849832368688805	0.04837074802582293	2	169	LDLR;TCF7L2
Neuron Differentiation (GO:0030182)	0.5558412121440387	1.0	1.078491842419419	0.044376446491082334	2	170	MET;PCSK9
Extracellular Matrix Organization (GO:0030198)	0.5558412121440387	1.0	1.078491842419419	0.044376446491082334	2	170	NDNF;QSOX1
Regulation Of Immune Response (GO:0050776)	0.5567368230958958	1.0	1.2411719939117198	0.12653597997803018	1	74	TREM2
Embryonic Organ Development (GO:0048568)	0.5567368230958958	1.0	1.2411719939117198	0.12653597997803018	1	74	KITLG
Regulation Of Organelle Assembly (GO:1902115)	0.5567368230958958	1.0	1.2411719939117198	0.12653597997803018	1	74	CDKL5
Positive Regulation Of Protein Modification By Small Protein Conjugation Or Removal (GO:1903322)	0.5567368230958958	1.0	1.2411719939117198	0.12653597997803018	1	74	BIRC8
Regulation Of Transcription Elongation By RNA Polymerase II (GO:0034243)	0.5567368230958958	1.0	1.2411719939117198	0.12653597997803018	1	74	LEO1
Cellular Response To Nutrient Levels (GO:0031669)	0.5567368230958958	1.0	1.2411719939117198	0.12653597997803018	1	74	PCSK9
Response To Insulin (GO:0032868)	0.5615890884504467	1.0	1.224361861861862	0.1167931471090322	1	75	PCSK9
Wnt Signaling Pathway (GO:0016055)	0.5615890884504467	1.0	1.224361861861862	0.1167931471090322	1	75	TCF7L2
Proteolysis Involved In Protein Catabolic Process (GO:0051603)	0.5615890884504467	1.0	1.224361861861862	0.1167931471090322	1	75	ZYG11B
Positive Regulation Of Catabolic Process (GO:0009896)	0.5663883830821409	1.0	1.208	0.10742255007769001	1	76	FLNB
Positive Regulation Of Immune Response (GO:0050778)	0.5711352836676382	1.0	1.1920687134502923	0.09840921347692005	1	77	MYO1C
Glycoprotein Biosynthetic Process (GO:0009101)	0.5711352836676382	1.0	1.1920687134502923	0.09840921347692005	1	77	B3GNT5
Positive Regulation Of Ubiquitin-Dependent Protein Catabolic Process (GO:2000060)	0.5711352836676382	1.0	1.1920687134502923	0.09840921347692005	1	77	ZYG11B
Positive Regulation Of Tumor Necrosis Factor Production (GO:0032760)	0.5711352836676382	1.0	1.1920687134502923	0.09840921347692005	1	77	PF4
Positive Regulation Of Proteasomal Ubiquitin-Dependent Protein Catabolic Process (GO:0032436)	0.5711352836676382	1.0	1.1920687134502923	0.09840921347692005	1	77	ZYG11B
Wound Healing (GO:0042060)	0.5711352836676382	1.0	1.1920687134502923	0.09840921347692005	1	77	MYOF
Positive Regulation Of Protein Ubiquitination (GO:0031398)	0.5758303606227849	1.0	1.1765512265512266	0.08973888157760304	1	78	BIRC8
Regulation Of NIK/NF-kappaB Signaling (GO:1901222)	0.5804741781704039	1.0	1.161431623931624	0.08139797642613847	1	79	MYO1C
Regulation Of Phosphorylation (GO:0042325)	0.5850672944073398	1.0	1.1466947960618847	0.07337355884003215	1	80	EMP2
Negative Regulation Of Binding (GO:0051100)	0.5850672944073398	1.0	1.1466947960618847	0.07337355884003215	1	80	SLPI
Negative Regulation Of Apoptotic Signaling Pathway (GO:2001234)	0.5850672944073398	1.0	1.1466947960618847	0.07337355884003215	1	80	TCF7L2
Calcium Ion Transmembrane Import Into Cytosol (GO:0097553)	0.5850672944073398	1.0	1.1466947960618847	0.07337355884003215	1	80	JPH1
Positive Regulation Of Plasma Membrane Bounded Cell Projection Assembly (GO:0120034)	0.5850672944073398	1.0	1.1466947960618847	0.07337355884003215	1	80	CYFIP1
Positive Regulation Of Tumor Necrosis Factor Superfamily Cytokine Production (GO:1903557)	0.5896102613707922	1.0	1.1323263888888888	0.06565329206903135	1	81	PF4
Positive Regulation Of Endothelial Cell Migration (GO:0010595)	0.5896102613707922	1.0	1.1323263888888888	0.06565329206903135	1	81	MET
Retrograde Transport, Endosome To Golgi (GO:0042147)	0.5896102613707922	1.0	1.1323263888888888	0.06565329206903135	1	81	CLTC
Positive Regulation Of Multicellular Organismal Process (GO:0051240)	0.5915460348687859	1.0	0.9707947522172408	-0.015561578118347165	4	377	BMP2;RREB1;SCD;TREM2
Neuron Projection Development (GO:0031175)	0.5929077651645238	1.0	1.0062209842154133	0.003241737691964933	2	182	CTTN;DOCK7
Positive Regulation Of Amide Metabolic Process (GO:0034250)	0.5941036251039248	1.0	1.118312757201646	0.058225407910534335	1	82	SLC2A13
Negative Regulation Of Cell Cycle (GO:0045786)	0.5941036251039248	1.0	1.118312757201646	0.058225407910534335	1	82	BMP2
Regulation Of Cell Cycle (GO:0051726)	0.5968017034132347	1.0	0.97350874031357	-0.013858387934211479	3	282	BIRC8;BMP2;IQGAP1
Vascular Transport (GO:0010232)	0.5985479257207732	1.0	1.104640921409214	0.051078675087027056	1	83	SLC2A13
Glucose Homeostasis (GO:0042593)	0.5985479257207732	1.0	1.104640921409214	0.051078675087027056	1	83	TCF7L2
Calcium-Mediated Signaling (GO:0019722)	0.5985479257207732	1.0	1.104640921409214	0.051078675087027056	1	83	ATP1B1
Regulation Of Insulin Secretion (GO:0050796)	0.5985479257207732	1.0	1.104640921409214	0.051078675087027056	1	83	TCF7L2
Regulation Of Programmed Cell Death (GO:0043067)	0.6018067633979314	1.0	0.9896342298735102	-0.005291406113620568	2	185	ACER3;ASAH1
Negative Regulation Of Neuron Death (GO:1901215)	0.6029436974704413	1.0	1.0912985274431057	0.04420236971042587	1	84	NDNF
Regulation Of Endothelial Cell Migration (GO:0010594)	0.6029436974704413	1.0	1.0912985274431057	0.04420236971042587	1	84	EMP2
Regulation Of Type II Interferon Production (GO:0032649)	0.6029436974704413	1.0	1.0912985274431057	0.04420236971042587	1	84	PDE4D
Transport Across Blood-Brain Barrier (GO:0150104)	0.6072914688006155	1.0	1.0782738095238096	0.03758624767360935	1	85	SLC2A13
Sphingolipid Metabolic Process (GO:0006665)	0.6115917624203859	1.0	1.0655555555555556	0.031220518823324866	1	86	ACER3
Positive Regulation Of Neuron Projection Development (GO:0010976)	0.6115917624203859	1.0	1.0655555555555556	0.031220518823324866	1	86	NDNF
Protein Modification Process (GO:0036211)	0.6134098493869518	1.0	0.9421786723163842	-0.02910845113013169	7	679	B3GNT5;BMP2;CDC42BPB;CDKL5;PI3;PPP4R1;PTPRB
Regulation Of Phosphatidylinositol 3-Kinase Signaling (GO:0014066)	0.6158450953623945	1.0	1.0531330749354004	0.02509582278119493	1	87	TREM2
DNA-templated Transcription (GO:0006351)	0.6163112390337894	1.0	0.9631660048598353	-0.01816439704681888	2	190	GTF2H2;RREB1
Regulation Of Translation (GO:0006417)	0.619163121358989	1.0	0.9580404120794093	-0.020549055545413954	2	191	BZW1;CYFIP1
Cellular Response To Chemical Stress (GO:0062197)	0.6200519790443042	1.0	1.0409961685823754	0.019203206290885753	1	88	NOX1
Positive Regulation Of Peptidyl-Serine Phosphorylation (GO:0033138)	0.6200519790443042	1.0	1.0409961685823754	0.019203206290885753	1	88	DOCK7
Regulation Of Endothelial Cell Proliferation (GO:0001936)	0.6200519790443042	1.0	1.0409961685823754	0.019203206290885753	1	88	BMP2
Organic Anion Transport (GO:0015711)	0.6200519790443042	1.0	1.0409961685823754	0.019203206290885753	1	88	SLC22A12
Regulation Of Peptidyl-Tyrosine Phosphorylation (GO:0050730)	0.624212919329616	1.0	1.029135101010101	0.013534101979754559	1	89	TREM2
Recombinational Repair (GO:0000725)	0.624212919329616	1.0	1.029135101010101	0.013534101979754559	1	89	LIG3
B Cell Activation (GO:0042113)	0.624212919329616	1.0	1.029135101010101	0.013534101979754559	1	89	ITGB1
Lymphocyte Differentiation (GO:0030098)	0.624212919329616	1.0	1.029135101010101	0.013534101979754559	1	89	ITGB1
T Cell Receptor Signaling Pathway (GO:0050852)	0.624212919329616	1.0	1.029135101010101	0.013534101979754559	1	89	PDE4D
Regulation Of Epithelial Cell Proliferation (GO:0050678)	0.6283284165878142	1.0	1.0175405742821473	0.00808030843258909	1	90	TCF7L2
Positive Regulation Of MAP Kinase Activity (GO:0043406)	0.6283284165878142	1.0	1.0175405742821473	0.00808030843258909	1	90	ADAM9
Steroid Metabolic Process (GO:0008202)	0.6323989657538794	1.0	1.0062037037037037	0.0028339714834740284	1	91	CYP51A1
Positive Regulation Of Protein-Containing Complex Assembly (GO:0031334)	0.6323989657538794	1.0	1.0062037037037037	0.0028339714834740284	1	91	UNC13B
Cell Junction Assembly (GO:0034329)	0.6364250563871385	1.0	0.9951159951159951	-0.002212433360527697	1	92	TJP1
Regulation Of Macroautophagy (GO:0016241)	0.6404071727295007	1.0	0.9842693236714976	-0.007066117443237229	1	93	QSOX1
Regulation Of Defense Response (GO:0031347)	0.6443457937630466	1.0	0.9736559139784946	-0.011733994503798587	1	94	TREM2
Cellular Response To Hormone Stimulus (GO:0032870)	0.6443457937630466	1.0	0.9736559139784946	-0.011733994503798587	1	94	HCRTR2
Positive Regulation Of Transmembrane Receptor Protein Serine/Threonine Kinase Signaling Pathway (GO:0090100)	0.6443457937630466	1.0	0.9736559139784946	-0.011733994503798587	1	94	BMP2
Phosphatidylinositol Biosynthetic Process (GO:0006661)	0.6443457937630466	1.0	0.9736559139784946	-0.011733994503798587	1	94	PITPNM3
Regulation Of Organelle Organization (GO:0033043)	0.6482413932670075	1.0	0.9632683215130023	-0.01622269530896463	1	95	TJP1
Cellular Response To Insulin Stimulus (GO:0032869)	0.6520944398741202	1.0	0.9530994152046783	-0.020538581435247234	1	96	PCSK9
Response To UV (GO:0009411)	0.6520944398741202	1.0	0.9530994152046783	-0.020538581435247234	1	96	GTF2H2
Monocarboxylic Acid Metabolic Process (GO:0032787)	0.6559053971263786	1.0	0.9431423611111112	-0.024687758258154967	1	97	FASN
Protein Catabolic Process (GO:0030163)	0.6559053971263786	1.0	0.9431423611111112	-0.024687758258154967	1	97	PCSK9
Positive Regulation Of Cold-Induced Thermogenesis (GO:0120162)	0.6596747235301834	1.0	0.9333906071019473	-0.028676087201362326	1	98	SCD
Lysosomal Transport (GO:0007041)	0.6596747235301834	1.0	0.9333906071019473	-0.028676087201362326	1	98	PCSK9
Positive Regulation Of Cytokine Production (GO:0001819)	0.6602671954396399	1.0	0.8839553800520444	-0.05120336022442006	3	310	NOX1;PDE4D;SPTBN1
Visual Perception (GO:0007601)	0.6670902929667744	1.0	0.9144781144781144	-0.03619249608579464	1	100	CRYBB3
Sensory Perception Of Light Stimulus (GO:0050953)	0.6670902929667744	1.0	0.9144781144781144	-0.03619249608579464	1	100	CRYBB3
Positive Regulation Of Transcription By RNA Polymerase II (GO:0045944)	0.6683702284768429	1.0	0.8990440215205149	-0.042879325042414596	9	913	BMP2;JAG1;LEO1;MET;MICAL2;PF4;RREB1;SOX1;TCF7L2
Lipid Transport (GO:0006869)	0.6707374283224128	1.0	0.9053055555555556	-0.03973117994821753	1	101	LDLR
Cellular Response To Organonitrogen Compound (GO:0071417)	0.6707374283224128	1.0	0.9053055555555556	-0.03973117994821753	1	101	KCNE1
Positive Regulation Of Stress-Activated MAPK Cascade (GO:0032874)	0.6743447175814825	1.0	0.8963146314631463	-0.04313024382314968	1	102	BMP2
Regulation Of Proteasomal Ubiquitin-Dependent Protein Catabolic Process (GO:0032434)	0.6743447175814825	1.0	0.8963146314631463	-0.04313024382314968	1	102	ZYG11B
Positive Regulation Of Inflammatory Response (GO:0050729)	0.6743447175814825	1.0	0.8963146314631463	-0.04313024382314968	1	102	MYO1C
Protein Deubiquitination (GO:0016579)	0.6779125948789966	1.0	0.8875	-0.04639449043221355	1	103	USP26
Regulation Of Protein Ubiquitination (GO:0031396)	0.6779125948789966	1.0	0.8875	-0.04639449043221355	1	103	BIRC8
Positive Regulation Of Developmental Process (GO:0051094)	0.6803008838690503	1.0	0.8534976612182688	-0.06102367060178726	2	214	BMP2;RREB1
Glycerophospholipid Biosynthetic Process (GO:0046474)	0.6814414896329705	1.0	0.878856526429342	-0.04952853899375689	1	104	PITPNM3
Positive Regulation Of Protein Modification Process (GO:0031401)	0.682768371124722	1.0	0.8494644748715132	-0.062257655153036814	2	215	BMP2;TREM2
Proteolysis (GO:0006508)	0.6831419771700822	1.0	0.853088436808264	-0.060546227322912094	3	321	CELA3B;CPM;NPEPPS
Double-Strand Break Repair Via Homologous Recombination (GO:0000724)	0.6849318265955324	1.0	0.8703792735042735	-0.05253683347387379	1	105	LIG3
Negative Regulation Of Defense Response (GO:0031348)	0.6849318265955324	1.0	0.8703792735042735	-0.05253683347387379	1	105	MYO1C
Translation (GO:0006412)	0.6876566735968916	1.0	0.841510656215586	-0.06461650920615962	2	217	LARS2;MRPL30
Positive Regulation Of Metabolic Process (GO:0009893)	0.6883840259034819	1.0	0.8620634920634921	-0.05542365040086082	1	106	SCD
Negative Regulation Of Inflammatory Response (GO:0050728)	0.6883840259034819	1.0	0.8620634920634921	-0.05542365040086082	1	106	TREM2
Protein Polyubiquitination (GO:0000209)	0.6900775791894358	1.0	0.8375889817393996	-0.06574286505454606	2	218	NEDD4L;NPEPPS
Monoatomic Ion Transport (GO:0006811)	0.6917985031282998	1.0	0.8539046121593291	-0.05819310626983809	1	107	SLC17A5
Extracellular Structure Organization (GO:0043062)	0.6917985031282998	1.0	0.8539046121593291	-0.05819310626983809	1	107	NDNF
Apoptotic Process (GO:0006915)	0.6948731314850511	1.0	0.8298535687817843	-0.0678930383245373	2	220	EMP2;TP53AIP1
Regulation Of Interleukin-6 Production (GO:0032675)	0.695175669325619	1.0	0.8458982346832814	-0.06084916456240112	1	108	TREM2
External Encapsulating Structure Organization (GO:0045229)	0.695175669325619	1.0	0.8458982346832814	-0.06084916456240112	1	108	NDNF
Regulation Of Nucleic Acid-Templated Transcription (GO:1903506)	0.6964383506992686	1.0	0.8446032618654938	-0.06109972483478175	4	432	BMP2;RREB1;SOX1;ZNF562
Mitotic Cell Cycle Phase Transition (GO:0044772)	0.7018196905741486	1.0	0.8303261977573905	-0.06583621688382023	1	110	USP26
Protein Modification By Small Protein Removal (GO:0070646)	0.7018196905741486	1.0	0.8303261977573905	-0.06583621688382023	1	110	USP26
Regulation Of Cytoskeleton Organization (GO:0051493)	0.7083192896235961	1.0	0.8153153153153153	-0.0704136995985862	1	112	TJP1
Protein Maturation (GO:0051604)	0.7083192896235961	1.0	0.8153153153153153	-0.0704136995985862	1	112	CPM
Regulation Of I-kappaB kinase/NF-kappaB Signaling (GO:0043122)	0.7111769784061805	1.0	0.8038625812441968	-0.07441323782048637	2	227	ECT2;TREM2
Positive Regulation Of Protein Serine/Threonine Kinase Activity (GO:0071902)	0.7115159118593546	1.0	0.8080109126984127	-0.07255731430684857	1	113	ADAM9
Cellular Response To Tumor Necrosis Factor (GO:0071356)	0.717804726648293	1.0	0.7937865497076023	-0.076570165230501	1	115	ASAH1
Regulation Of Protein Catabolic Process (GO:0042176)	0.717804726648293	1.0	0.7937865497076023	-0.076570165230501	1	115	CYP51A1
Regulation Of Autophagy (GO:0010506)	0.7223721050730011	1.0	0.7862661983771345	-0.07820113033053801	2	232	MET;TREM2
Cellular Response To Starvation (GO:0009267)	0.7239568197824043	1.0	0.7800526819923371	-0.08023704863919538	1	117	PCSK9
Positive Regulation Of Macromolecule Biosynthetic Process (GO:0010557)	0.7299751555744226	1.0	0.7667843691148776	-0.08358036668392135	1	119	NOX1
Enzyme-Linked Receptor Protein Signaling Pathway (GO:0007167)	0.7358626342418706	1.0	0.7539583333333333	-0.08662099079455571	1	121	MET
Regulation Of Response To External Stimulus (GO:0032101)	0.7358626342418706	1.0	0.7539583333333333	-0.08662099079455571	1	121	TREM2
Positive Regulation Of Defense Response (GO:0031349)	0.7358626342418706	1.0	0.7539583333333333	-0.08662099079455571	1	121	MYO1C
Negative Regulation Of Cell Population Proliferation (GO:0008285)	0.7396511301099756	1.0	0.778823926025814	-0.07538520087539058	3	351	BMP2;MYO1C;TREM2
Regulation Of Tumor Necrosis Factor Production (GO:0032680)	0.7416220932891588	1.0	0.7415528233151184	-0.0893783814772187	1	123	PF4
Response To Cytokine (GO:0034097)	0.7416220932891588	1.0	0.7415528233151184	-0.0893783814772187	1	123	ADAM9
Regulation Of Gene Expression (GO:0010468)	0.7419462477766563	1.0	0.8443942464561022	-0.050483389705341566	10	1077	ATP1B1;BMP2;FER1L6;PF4;RREB1;SOX1;TPRX1;TREM2;TRIML1;ZNF562
Positive Regulation Of Gene Expression (GO:0010628)	0.7433891316742716	1.0	0.7902959871038131	-0.06978899188786336	4	461	BMP2;FER1L6;PF4;TREM2
Regulation Of Mitotic Cell Cycle (GO:0007346)	0.7444546853606642	1.0	0.7355013550135502	-0.09065658690269521	1	124	IQGAP1
Antigen Receptor-Mediated Signaling Pathway (GO:0050851)	0.7527679970605046	1.0	0.7179232804232805	-0.094114893797413	1	127	PDE4D
Regulation Of Cell Cycle Process (GO:0010564)	0.755478726082863	1.0	0.7122484689413823	-0.09514893955987566	1	128	ECT2
Positive Regulation Of Peptidyl-Tyrosine Phosphorylation (GO:0050731)	0.7581598152544122	1.0	0.7066623263888889	-0.09612681448927621	1	129	TREM2
Protein Localization To Organelle (GO:0033365)	0.7581598152544122	1.0	0.7066623263888889	-0.09612681448927621	1	129	FSIP2
Non-Membrane-Bounded Organelle Assembly (GO:0140694)	0.7634343633296775	1.0	0.6957478632478632	-0.0979212728990083	1	131	TMOD3
Cytokine-Mediated Signaling Pathway (GO:0019221)	0.7692482444134293	1.0	0.7142809957391525	-0.08827238009859777	2	255	PF4;PPBP
Protein Phosphorylation (GO:0006468)	0.7792672168471445	1.0	0.7487243860199682	-0.07217282066981472	4	486	BMP2;CDC42BPB;CDKL5;PPP4R1
Ras Protein Signal Transduction (GO:0007265)	0.7810080100983365	1.0	0.6600567721005677	-0.10268163928185448	1	138	CYFIP1
Negative Regulation Of Response To External Stimulus (GO:0032102)	0.7834099092401761	1.0	0.6552536231884057	-0.10318876821582922	1	139	MYO1C
Regulation Of Cell Adhesion (GO:0030155)	0.7834099092401761	1.0	0.6552536231884057	-0.10318876821582922	1	139	KNG1
Negative Regulation Of DNA-binding Transcription Factor Activity (GO:0043433)	0.7904591190378226	1.0	0.6412529550827423	-0.1044806507694658	1	142	TCF7L2
DNA Repair (GO:0006281)	0.790863939502731	1.0	0.6816839228464813	-0.08990742428140777	2	267	GTF2H2;LIG3
Negative Regulation Of Cellular Process (GO:0048523)	0.7950269037445915	1.0	0.7302645754658138	-0.07210501843766305	4	498	BMP2;KNG1;MYO1C;TREM2
Neuron Development (GO:0048666)	0.797279517867372	1.0	0.6278356481481482	-0.1054537575087964	1	145	DOCK7
DNA Metabolic Process (GO:0006259)	0.8026334062440694	1.0	0.6639972144846796	-0.09002653783151365	2	274	LIG3;TCF7L2
Cellular Response To Organic Cyclic Compound (GO:0071407)	0.8060302224926704	1.0	0.6107920420420421	-0.10630730897094191	1	149	KCNE1
Transmembrane Receptor Protein Tyrosine Kinase Signaling Pathway (GO:0007169)	0.8106772047897299	1.0	0.6519111450780849	-0.08979880822956872	2	279	KALRN;MET
Double-Strand Break Repair (GO:0006302)	0.8144041922415121	1.0	0.5946454678362573	-0.10671207997535476	1	153	LIG3
Negative Regulation Of Transcription By RNA Polymerase II (GO:0000122)	0.8207818439553916	1.0	0.7358560079825	-0.060576725569427364	6	740	BMP2;LRRFIP1;RREB1;SOX1;TCF7L2;ZNF440
Organelle Assembly (GO:0070925)	0.8214479749186739	1.0	0.6357055984934677	-0.0891029411361577	2	286	EHD4;RAB19
Protein Autophosphorylation (GO:0046777)	0.824366447836794	1.0	0.5756192498230714	-0.10667300512922193	1	158	CDKL5
Regulation Of Cytokine Production (GO:0001817)	0.8282003840499256	1.0	0.5683438155136268	-0.10650799788269497	1	160	TREM2
Peptidyl-Serine Modification (GO:0018209)	0.831950855362952	1.0	0.5612491373360938	-0.10626617958467623	1	162	NDNF
Negative Regulation Of Cytokine Production (GO:0001818)	0.8461537500676147	1.0	0.5345496383957923	-0.10463117023389323	1	170	TREM2
Positive Regulation Of I-kappaB kinase/NF-kappaB Signaling (GO:0043123)	0.8495133062144311	1.0	0.5282651072124757	-0.10407809762751519	1	172	ECT2
Macromolecule Biosynthetic Process (GO:0009059)	0.8575955698832974	1.0	0.5131786616161617	-0.10248646979525888	1	177	ALAS1
Regulation Of Transcription By RNA Polymerase II (GO:0006357)	0.8642033109236021	1.0	0.7837653069791429	-0.03555940731902939	17	1956	BMP2;DMRTA2;GTF2H2;JAG1;KLF3;LEO1;LRRFIP1;MET;MICAL2;PF4;RREB1;SOX1;TCF7L2;TFCP2L1;TLX3;TPRX1;ZNF440
Regulation Of Cell Differentiation (GO:0045595)	0.868188622440511	1.0	0.4934426229508197	-0.09983976074166441	1	184	EMP2
Modification-Dependent Protein Catabolic Process (GO:0019941)	0.8710682201295252	1.0	0.48807807807807807	-0.09900971617173278	1	186	NEDD4L
Positive Regulation Of Protein Metabolic Process (GO:0051247)	0.8752704096107251	1.0	0.4802452718676123	-0.09771307862321371	1	189	ASPH
Regulation Of Signal Transduction (GO:0009966)	0.8752704096107251	1.0	0.4802452718676123	-0.09771307862321371	1	189	TREM2
Cilium Organization (GO:0044782)	0.8793360068951305	1.0	0.4726585223967423	-0.09636168967256363	1	192	EHD4
Organic Substance Transport (GO:0071702)	0.8832694399806388	1.0	0.4653064146620848	-0.0949629523135577	1	195	SLC22A12
Cilium Assembly (GO:0060271)	0.891957288937787	1.0	0.4490049751243781	-0.09155209646399211	1	202	EHD4
Regulation Of Cell Growth (GO:0001558)	0.9032616749433591	1.0	0.42759347024749866	-0.08643904516486597	1	212	MUC12
Proteasomal Protein Catabolic Process (GO:0010498)	0.9064170728937397	1.0	0.4215602284527518	-0.08487257757480306	1	215	NEDD4L
Positive Regulation Of DNA-templated Transcription (GO:0045893)	0.9131086351123054	1.0	0.6727187286397812	-0.03603546867613042	9	1206	BMP2;JAG1;LEO1;MET;MICAL2;PF4;RREB1;SOX1;TCF7L2
Sensory Perception Of Smell (GO:0007608)	0.9133862273447217	1.0	0.4081196581196581	-0.08119207962597128	1	222	BEST2
Regulation Of Inflammatory Response (GO:0050727)	0.9224537787033149	1.0	0.3903318903318903	-0.07593610443852852	1	232	MYO1C
Chromatin Organization (GO:0006325)	0.9266260390369225	1.0	0.3820032956685499	-0.07333425308845662	1	237	SOX1
Positive Regulation Of DNA-binding Transcription Factor Activity (GO:0051091)	0.9290211444871428	1.0	0.37717340771734076	-0.0717868835600016	1	240	BMP2
Negative Regulation Of Nucleic Acid-Templated Transcription (GO:1903507)	0.9547159075066034	1.0	0.4092867431044219	-0.04139864836639651	2	441	BMP2;TCF7L2
Negative Regulation Of DNA-templated Transcription (GO:0045892)	0.9612445739603753	1.0	0.544036605419318	-0.02406125292852992	6	991	BMP2;LRRFIP1;RREB1;SOX1;TCF7L2;ZNF440
Proteasome-Mediated Ubiquitin-Dependent Protein Catabolic Process (GO:0043161)	0.9662018007601935	1.0	0.29398148148148145	-0.04209245754743629	1	307	NEDD4L
Negative Regulation Of Gene Expression (GO:0010629)	0.9723172097603363	1.0	0.2774948559670782	-0.03598849438454584	1	325	BMP2
Ubiquitin-Dependent Protein Catabolic Process (GO:0006511)	0.980591719201111	1.0	0.2523018102372035	-0.026990486175609257	1	357	NEDD4L
Positive Regulation Of Nucleic Acid-Templated Transcription (GO:1903508)	0.9828013508691148	1.0	0.3304484576879195	-0.019209812064940747	2	544	BMP2;RREB1
Regulation Of DNA-templated Transcription (GO:0006355)	0.9841294877489509	1.0	0.5751853762531932	-0.008847788140728917	12	1856	BMP2;DMRTA2;GTF2H2;KLF3;LRRFIP1;RREB1;SOX1;TCF7L2;TFCP2L1;TLX3;TPRX1;ZNF562
Cellular Response To Monoamine Stimulus (GO:0071868)	1.0	1.0	0.0	0.0	0	6	
Cellular Response To Leucine Starvation (GO:1990253)	1.0	1.0	0.0	0.0	0	10	
Cellular Response To Leucine (GO:0071233)	1.0	1.0	0.0	0.0	0	9	
Cellular Response To Light Stimulus (GO:0071482)	1.0	1.0	0.0	0.0	0	61	
Cellular Response To Lipoteichoic Acid (GO:0071223)	1.0	1.0	0.0	0.0	0	5	
Cellular Response To Misfolded Protein (GO:0071218)	1.0	1.0	0.0	0.0	0	18	
Cellular Response To Mechanical Stimulus (GO:0071260)	1.0	1.0	0.0	0.0	0	48	
Cholesterol Catabolic Process (GO:0006707)	1.0	1.0	0.0	0.0	0	6	
Cellular Response To Sterol Depletion (GO:0071501)	1.0	1.0	0.0	0.0	0	8	
Cellular Response To Superoxide (GO:0071451)	1.0	1.0	0.0	0.0	0	11	
Cellular Response To Thyroid Hormone Stimulus (GO:0097067)	1.0	1.0	0.0	0.0	0	11	
Cellular Response To Magnesium Ion (GO:0071286)	1.0	1.0	0.0	0.0	0	5	
Cellular Response To Lectin (GO:1990858)	1.0	1.0	0.0	0.0	0	19	
Cellular Response To Interleukin-2 (GO:0071352)	1.0	1.0	0.0	0.0	0	7	
Cellular Response To Iron Ion (GO:0071281)	1.0	1.0	0.0	0.0	0	5	
Cellular Response To Interleukin-9 (GO:0071355)	1.0	1.0	0.0	0.0	0	6	
Cellular Response To Interleukin-6 (GO:0071354)	1.0	1.0	0.0	0.0	0	22	
Cellular Response To Interleukin-4 (GO:0071353)	1.0	1.0	0.0	0.0	0	13	
Cellular Response To Leptin Stimulus (GO:0044320)	1.0	1.0	0.0	0.0	0	7	
Cellular Response To Muramyl Dipeptide (GO:0071225)	1.0	1.0	0.0	0.0	0	8	
Cellular Response To Nerve Growth Factor Stimulus (GO:1990090)	1.0	1.0	0.0	0.0	0	21	
Cellular Response To Nitric Oxide (GO:0071732)	1.0	1.0	0.0	0.0	0	6	
Cellular Response To Sterol (GO:0036315)	1.0	1.0	0.0	0.0	0	15	
Cellular Response To Steroid Hormone Stimulus (GO:0071383)	1.0	1.0	0.0	0.0	0	24	
Cellular Response To Retinoic Acid (GO:0071300)	1.0	1.0	0.0	0.0	0	40	
Cellular Response To Reactive Nitrogen Species (GO:1902170)	1.0	1.0	0.0	0.0	0	6	
Chemical Synaptic Transmission, Postsynaptic (GO:0099565)	1.0	1.0	0.0	0.0	0	22	
Cellular Response To Laminar Fluid Shear Stress (GO:0071499)	1.0	1.0	0.0	0.0	0	6	
Chitin Catabolic Process (GO:0006032)	1.0	1.0	0.0	0.0	0	5	
Cellular Response To Unfolded Protein (GO:0034620)	1.0	1.0	0.0	0.0	0	16	
Chloride Ion Homeostasis (GO:0055064)	1.0	1.0	0.0	0.0	0	9	
Ceramide Transport (GO:0035627)	1.0	1.0	0.0	0.0	0	12	
Centromeric Sister Chromatid Cohesion (GO:0070601)	1.0	1.0	0.0	0.0	0	3	
Centromere Complex Assembly (GO:0034508)	1.0	1.0	0.0	0.0	0	14	
Central Nervous System Projection Neuron Axonogenesis (GO:0021952)	1.0	1.0	0.0	0.0	0	10	
Central Nervous System Neuron Differentiation (GO:0021953)	1.0	1.0	0.0	0.0	0	28	
Central Nervous System Neuron Development (GO:0021954)	1.0	1.0	0.0	0.0	0	16	
Cerebral Cortex Cell Migration (GO:0021795)	1.0	1.0	0.0	0.0	0	5	
Central Nervous System Neuron Axonogenesis (GO:0021955)	1.0	1.0	0.0	0.0	0	10	
Cellular Response To Xenobiotic Stimulus (GO:0071466)	1.0	1.0	0.0	0.0	0	26	
Cellular Response To Virus (GO:0098586)	1.0	1.0	0.0	0.0	0	61	
Cellular Response To Purine-Containing Compound (GO:0071415)	1.0	1.0	0.0	0.0	0	9	
Cellular Response To Type III Interferon (GO:0071358)	1.0	1.0	0.0	0.0	0	10	
Cellular Response To Type II Interferon (GO:0071346)	1.0	1.0	0.0	0.0	0	65	
Chitin Metabolic Process (GO:0006030)	1.0	1.0	0.0	0.0	0	5	
Cellular Response To Type I Interferon (GO:0071357)	1.0	1.0	0.0	0.0	0	38	
Cellular Response To Topologically Incorrect Protein (GO:0035967)	1.0	1.0	0.0	0.0	0	21	
Cerebral Cortex Neuron Differentiation (GO:0021895)	1.0	1.0	0.0	0.0	0	3	
Chaperone-Mediated Protein Complex Assembly (GO:0051131)	1.0	1.0	0.0	0.0	0	20	
Chondroitin Sulfate Proteoglycan Metabolic Process (GO:0050654)	1.0	1.0	0.0	0.0	0	8	
Chondroitin Sulfate Proteoglycan Biosynthetic Process (GO:0050650)	1.0	1.0	0.0	0.0	0	18	
Chondroitin Sulfate Biosynthetic Process (GO:0030206)	1.0	1.0	0.0	0.0	0	13	
Chondrocyte Development (GO:0002063)	1.0	1.0	0.0	0.0	0	5	
Choline Transport (GO:0015871)	1.0	1.0	0.0	0.0	0	6	
Choline Metabolic Process (GO:0019695)	1.0	1.0	0.0	0.0	0	5	
Chaperone Cofactor-Dependent Protein Refolding (GO:0051085)	1.0	1.0	0.0	0.0	0	26	
Cholesterol Efflux (GO:0033344)	1.0	1.0	0.0	0.0	0	23	
Chloride Transport (GO:0006821)	1.0	1.0	0.0	0.0	0	76	
Chloride Transmembrane Transport (GO:1902476)	1.0	1.0	0.0	0.0	0	48	
Central Nervous System Myelination (GO:0022010)	1.0	1.0	0.0	0.0	0	11	
Cellular Response To Prostaglandin Stimulus (GO:0071379)	1.0	1.0	0.0	0.0	0	9	
Attachment Of GPI Anchor To Protein (GO:0016255)	1.0	1.0	0.0	0.0	0	5	
Cellular Response To Potassium Ion (GO:0035865)	1.0	1.0	0.0	0.0	0	7	
Axo-Dendritic Transport (GO:0008088)	1.0	1.0	0.0	0.0	0	5	
Axo-Dendritic Protein Transport (GO:0099640)	1.0	1.0	0.0	0.0	0	7	
Autophagy Of Peroxisome (GO:0030242)	1.0	1.0	0.0	0.0	0	8	
Auditory Behavior (GO:0031223)	1.0	1.0	0.0	0.0	0	7	
Autophagy Of Nucleus (GO:0044804)	1.0	1.0	0.0	0.0	0	18	
Autophagosome-Lysosome Fusion (GO:0061909)	1.0	1.0	0.0	0.0	0	7	
Autophagosome Membrane Docking (GO:0016240)	1.0	1.0	0.0	0.0	0	6	
Autophagosome Maturation (GO:0097352)	1.0	1.0	0.0	0.0	0	43	
Autonomic Nervous System Development (GO:0048483)	1.0	1.0	0.0	0.0	0	16	
Autocrine Signaling (GO:0035425)	1.0	1.0	0.0	0.0	0	5	
Auditory Receptor Cell Stereocilium Organization (GO:0060088)	1.0	1.0	0.0	0.0	0	5	
Autophagy Of Mitochondrion (GO:0000422)	1.0	1.0	0.0	0.0	0	46	
Axonal Fasciculation (GO:0007413)	1.0	1.0	0.0	0.0	0	12	
Aromatic Compound Catabolic Process (GO:0019439)	1.0	1.0	0.0	0.0	0	7	
Aromatic Amino Acid Transport (GO:0015801)	1.0	1.0	0.0	0.0	0	7	
Antigen Processing And Presentation Of Endogenous Peptide Antigen (GO:0002483)	1.0	1.0	0.0	0.0	0	21	
Antifungal Innate Immune Response (GO:0061760)	1.0	1.0	0.0	0.0	0	16	
Anterograde Synaptic Vesicle Transport (GO:0048490)	1.0	1.0	0.0	0.0	0	15	
Anterograde Dendritic Transport (GO:0098937)	1.0	1.0	0.0	0.0	0	6	
Anterograde Axonal Transport (GO:0008089)	1.0	1.0	0.0	0.0	0	39	
Anterograde Axonal Protein Transport (GO:0099641)	1.0	1.0	0.0	0.0	0	7	
Antigen Processing And Presentation Of Endogenous Peptide Antigen Via MHC Class I (GO:0019885)	1.0	1.0	0.0	0.0	0	6	
Anterior/Posterior Axis Specification, Embryo (GO:0008595)	1.0	1.0	0.0	0.0	0	3	
Anoikis (GO:0043276)	1.0	1.0	0.0	0.0	0	8	
Angiotensin-Activated Signaling Pathway (GO:0038166)	1.0	1.0	0.0	0.0	0	6	
Androgen Receptor Signaling Pathway (GO:0030521)	1.0	1.0	0.0	0.0	0	16	
Androgen Biosynthetic Process (GO:0006702)	1.0	1.0	0.0	0.0	0	8	
Axon Ensheathment In Central Nervous System (GO:0032291)	1.0	1.0	0.0	0.0	0	7	
Cellular Response To Prostaglandin E Stimulus (GO:0071380)	1.0	1.0	0.0	0.0	0	6	
Axon Extension Involved In Axon Guidance (GO:0048846)	1.0	1.0	0.0	0.0	0	6	
Auditory Receptor Cell Morphogenesis (GO:0002093)	1.0	1.0	0.0	0.0	0	5	
Cellular Response To Platelet-Derived Growth Factor Stimulus (GO:0036120)	1.0	1.0	0.0	0.0	0	6	
Cellular Response To Oxygen Levels (GO:0071453)	1.0	1.0	0.0	0.0	0	9	
Cellular Response To Oxidative Stress (GO:0034599)	1.0	1.0	0.0	0.0	0	115	
Cellular Response To Osmotic Stress (GO:0071470)	1.0	1.0	0.0	0.0	0	28	
Cellular Response To Nitrogen Starvation (GO:0006995)	1.0	1.0	0.0	0.0	0	10	
Cellular Response To Nitrogen Levels (GO:0043562)	1.0	1.0	0.0	0.0	0	10	
Cellular Response To Nitrogen Compound (GO:1901699)	1.0	1.0	0.0	0.0	0	14	
Catecholamine Metabolic Process (GO:0006584)	1.0	1.0	0.0	0.0	0	12	
Amyloid Precursor Protein Metabolic Process (GO:0042982)	1.0	1.0	0.0	0.0	0	17	
Catecholamine Catabolic Process (GO:0042424)	1.0	1.0	0.0	0.0	0	7	
Carnitine Metabolic Process (GO:0009437)	1.0	1.0	0.0	0.0	0	9	
Atrioventricular Valve Formation (GO:0003190)	1.0	1.0	0.0	0.0	0	6	
Atrial Septum Morphogenesis (GO:0060413)	1.0	1.0	0.0	0.0	0	10	
Atrial Septum Development (GO:0003283)	1.0	1.0	0.0	0.0	0	13	
Atrial Cardiac Muscle Tissue Development (GO:0003228)	1.0	1.0	0.0	0.0	0	12	
Atrial Cardiac Muscle Cell To AV Node Cell Signaling (GO:0086026)	1.0	1.0	0.0	0.0	0	6	
Atrial Cardiac Muscle Cell Action Potential (GO:0086014)	1.0	1.0	0.0	0.0	0	11	
Astrocyte Differentiation (GO:0048708)	1.0	1.0	0.0	0.0	0	5	
Associative Learning (GO:0008306)	1.0	1.0	0.0	0.0	0	17	
Aspartate Transmembrane Transport (GO:0015810)	1.0	1.0	0.0	0.0	0	9	
Aspartate Metabolic Process (GO:0006531)	1.0	1.0	0.0	0.0	0	5	
Aspartate Family Amino Acid Metabolic Process (GO:0009066)	1.0	1.0	0.0	0.0	0	12	
Aspartate Family Amino Acid Catabolic Process (GO:0009068)	1.0	1.0	0.0	0.0	0	11	
Aspartate Family Amino Acid Biosynthetic Process (GO:0009067)	1.0	1.0	0.0	0.0	0	7	
Astral Microtubule Organization (GO:0030953)	1.0	1.0	0.0	0.0	0	8	
Artery Development (GO:0060840)	1.0	1.0	0.0	0.0	0	23	
Attachment Of Mitotic Spindle Microtubules To Kinetochore (GO:0051315)	1.0	1.0	0.0	0.0	0	12	
Axon Regeneration (GO:0031103)	1.0	1.0	0.0	0.0	0	9	
Cellular Response To Interleukin-15 (GO:0071350)	1.0	1.0	0.0	0.0	0	10	
ERK1 And ERK2 Cascade (GO:0070371)	1.0	1.0	0.0	0.0	0	23	
Cellular Lipid Biosynthetic Process (GO:0097384)	1.0	1.0	0.0	0.0	0	4	
G Protein-Coupled Receptor Signaling Pathway, Coupled To Cyclic Nucleotide Second Messenger (GO:0007187)	1.0	1.0	0.0	0.0	0	50	
G Protein-Coupled Serotonin Receptor Signaling Pathway (GO:0098664)	1.0	1.0	0.0	0.0	0	9	
G-quadruplex DNA Unwinding (GO:0044806)	1.0	1.0	0.0	0.0	0	6	
His-Purkinje System Development (GO:0003164)	1.0	1.0	0.0	0.0	0	5	
Golgi Transport Vesicle Coating (GO:0048200)	1.0	1.0	0.0	0.0	0	5	
Golgi To Vacuole Transport (GO:0006896)	1.0	1.0	0.0	0.0	0	16	
Golgi To Lysosome Transport (GO:0090160)	1.0	1.0	0.0	0.0	0	10	
Golgi To Endosome Transport (GO:0006895)	1.0	1.0	0.0	0.0	0	14	
Golgi Ribbon Formation (GO:0090161)	1.0	1.0	0.0	0.0	0	8	
Golgi Inheritance (GO:0048313)	1.0	1.0	0.0	0.0	0	9	
Golgi Disassembly (GO:0090166)	1.0	1.0	0.0	0.0	0	5	
GTP Metabolic Process (GO:0046039)	1.0	1.0	0.0	0.0	0	13	
GPI Anchor Metabolic Process (GO:0006505)	1.0	1.0	0.0	0.0	0	26	
GPI Anchor Biosynthetic Process (GO:0006506)	1.0	1.0	0.0	0.0	0	29	
GMP Metabolic Process (GO:0046037)	1.0	1.0	0.0	0.0	0	8	
GMP Biosynthetic Process (GO:0006177)	1.0	1.0	0.0	0.0	0	6	
GDP-mannose Metabolic Process (GO:0019673)	1.0	1.0	0.0	0.0	0	5	
G2/M Transition Of Mitotic Cell Cycle (GO:0000086)	1.0	1.0	0.0	0.0	0	38	
NADH Dehydrogenase Complex Assembly (GO:0010257)	1.0	1.0	0.0	0.0	0	49	
Chromatin Remodeling At Centromere (GO:0031055)	1.0	1.0	0.0	0.0	0	6	
Amyloid Precursor Protein Catabolic Process (GO:0042987)	1.0	1.0	0.0	0.0	0	13	
Amyloid-Beta Formation (GO:0034205)	1.0	1.0	0.0	0.0	0	8	
Cellular Response To Estrogen Stimulus (GO:0071391)	1.0	1.0	0.0	0.0	0	15	
Cellular Response To Estradiol Stimulus (GO:0071392)	1.0	1.0	0.0	0.0	0	19	
Cellular Response To Epinephrine Stimulus (GO:0071872)	1.0	1.0	0.0	0.0	0	7	
Cellular Response To dsRNA (GO:0071359)	1.0	1.0	0.0	0.0	0	14	
Cellular Response To Corticosteroid Stimulus (GO:0071384)	1.0	1.0	0.0	0.0	0	15	
ERBB2-EGFR Signaling Pathway (GO:0038134)	1.0	1.0	0.0	0.0	0	5	
Cellular Response To Cold (GO:0070417)	1.0	1.0	0.0	0.0	0	4	
DNA-templated DNA Replication Maintenance Of Fidelity (GO:0045005)	1.0	1.0	0.0	0.0	0	40	
ER Overload Response (GO:0006983)	1.0	1.0	0.0	0.0	0	6	
N-terminal Protein Amino Acid Modification (GO:0031365)	1.0	1.0	0.0	0.0	0	12	
N-terminal Protein Amino Acid Acetylation (GO:0006474)	1.0	1.0	0.0	0.0	0	13	
N-terminal Peptidyl-Methionine Acetylation (GO:0017196)	1.0	1.0	0.0	0.0	0	7	
N-glycan Processing (GO:0006491)	1.0	1.0	0.0	0.0	0	19	
L-phenylalanine Catabolic Process (GO:0006559)	1.0	1.0	0.0	0.0	0	5	
N-acylphosphatidylethanolamine Metabolic Process (GO:0070292)	1.0	1.0	0.0	0.0	0	3	
N-acetylglucosamine Metabolic Process (GO:0006044)	1.0	1.0	0.0	0.0	0	13	
MyD88-independent Toll-Like Receptor Signaling Pathway (GO:0002756)	1.0	1.0	0.0	0.0	0	8	
MyD88-dependent Toll-Like Receptor Signaling Pathway (GO:0002755)	1.0	1.0	0.0	0.0	0	12	
MHC Class II Protein Complex Assembly (GO:0002399)	1.0	1.0	0.0	0.0	0	12	
MAPK Cascade (GO:0000165)	1.0	1.0	0.0	0.0	0	96	
L-serine Metabolic Process (GO:0006563)	1.0	1.0	0.0	0.0	0	10	
N-acetylneuraminate Catabolic Process (GO:0019262)	1.0	1.0	0.0	0.0	0	6	
IMP Biosynthetic Process (GO:0006188)	1.0	1.0	0.0	0.0	0	7	
I-kappaB Phosphorylation (GO:0007252)	1.0	1.0	0.0	0.0	0	9	
I-kappaB kinase/NF-kappaB Signaling (GO:0007249)	1.0	1.0	0.0	0.0	0	45	
Fc-gamma Receptor Signaling Pathway Involved In Phagocytosis (GO:0038096)	1.0	1.0	0.0	0.0	0	19	
Fc-gamma Receptor Signaling Pathway (GO:0038094)	1.0	1.0	0.0	0.0	0	23	
Fc-epsilon Receptor Signaling Pathway (GO:0038095)	1.0	1.0	0.0	0.0	0	22	
Fc Receptor Mediated Stimulatory Signaling Pathway (GO:0002431)	1.0	1.0	0.0	0.0	0	21	
ESCRT Complex Disassembly (GO:1904896)	1.0	1.0	0.0	0.0	0	9	
ESCRT III Complex Disassembly (GO:1904903)	1.0	1.0	0.0	0.0	0	9	
G Protein-Coupled Glutamate Receptor Signaling Pathway (GO:0007216)	1.0	1.0	0.0	0.0	0	12	
Anaphase-Promoting Complex-Dependent Catabolic Process (GO:0031145)	1.0	1.0	0.0	0.0	0	20	
ERBB2 Signaling Pathway (GO:0038128)	1.0	1.0	0.0	0.0	0	13	
ERAD Pathway (GO:0036503)	1.0	1.0	0.0	0.0	0	84	
ER-associated Misfolded Protein Catabolic Process (GO:0071712)	1.0	1.0	0.0	0.0	0	8	
DNA-templated Transcription Termination (GO:0006353)	1.0	1.0	0.0	0.0	0	13	
Cellular Response To Exogenous dsRNA (GO:0071360)	1.0	1.0	0.0	0.0	0	11	
Cellular Response To Cholesterol (GO:0071397)	1.0	1.0	0.0	0.0	0	10	
Cellular Response To Caffeine (GO:0071313)	1.0	1.0	0.0	0.0	0	6	
Cell Junction Maintenance (GO:0034331)	1.0	1.0	0.0	0.0	0	17	
Cell Surface Pattern Recognition Receptor Signaling Pathway (GO:0002752)	1.0	1.0	0.0	0.0	0	8	
Cell Junction Disassembly (GO:0150146)	1.0	1.0	0.0	0.0	0	5	
Cell Differentiation In Spinal Cord (GO:0021515)	1.0	1.0	0.0	0.0	0	9	
Cell Differentiation In Hindbrain (GO:0021533)	1.0	1.0	0.0	0.0	0	11	
Cell Cycle G2/M Phase Transition (GO:0044839)	1.0	1.0	0.0	0.0	0	40	
Cell Chemotaxis (GO:0060326)	1.0	1.0	0.0	0.0	0	46	
Catecholamine Uptake (GO:0090493)	1.0	1.0	0.0	0.0	0	6	
Catecholamine Transport (GO:0051937)	1.0	1.0	0.0	0.0	0	7	
Cell Differentiation Involved In Metanephros Development (GO:0072202)	1.0	1.0	0.0	0.0	0	9	
Cellular Response To Acetylcholine (GO:1905145)	1.0	1.0	0.0	0.0	0	10	
Cell-Cell Adhesion Mediated By Cadherin (GO:0044331)	1.0	1.0	0.0	0.0	0	26	
Cell-Cell Signaling Involved In Cardiac Conduction (GO:0086019)	1.0	1.0	0.0	0.0	0	5	
Cellular Response To UV-A (GO:0071492)	1.0	1.0	0.0	0.0	0	10	
Cellular Response To UV (GO:0034644)	1.0	1.0	0.0	0.0	0	74	
Cellular Response To ATP (GO:0071318)	1.0	1.0	0.0	0.0	0	14	
Cellular Respiration (GO:0045333)	1.0	1.0	0.0	0.0	0	81	
Cellular Modified Amino Acid Catabolic Process (GO:0042219)	1.0	1.0	0.0	0.0	0	13	
Cellular Modified Amino Acid Biosynthetic Process (GO:0042398)	1.0	1.0	0.0	0.0	0	7	
Cell-Cell Signaling By Wnt (GO:0198738)	1.0	1.0	0.0	0.0	0	22	
Cellular Lipid Catabolic Process (GO:0044242)	1.0	1.0	0.0	0.0	0	23	
Cellular Hypotonic Response (GO:0071476)	1.0	1.0	0.0	0.0	0	6	
Cellular Hyperosmotic Response (GO:0071474)	1.0	1.0	0.0	0.0	0	6	
Cellular Heat Acclimation (GO:0070370)	1.0	1.0	0.0	0.0	0	5	
Cellular Glucuronidation (GO:0052695)	1.0	1.0	0.0	0.0	0	15	
Cellular Component Disassembly (GO:0022411)	1.0	1.0	0.0	0.0	0	42	
Cellular Biogenic Amine Catabolic Process (GO:0042402)	1.0	1.0	0.0	0.0	0	7	
Cell Migration Involved In Heart Development (GO:0060973)	1.0	1.0	0.0	0.0	0	7	
Cell Migration Involved In Sprouting Angiogenesis (GO:0002042)	1.0	1.0	0.0	0.0	0	17	
Cell Morphogenesis Involved In Differentiation (GO:0000904)	1.0	1.0	0.0	0.0	0	24	
Cell Part Morphogenesis (GO:0032990)	1.0	1.0	0.0	0.0	0	11	
Cellular Response To Bacterial Lipopeptide (GO:0071221)	1.0	1.0	0.0	0.0	0	6	
Cellular Response To Arsenic-Containing Substance (GO:0071243)	1.0	1.0	0.0	0.0	0	13	
Cellular Response To Angiotensin (GO:1904385)	1.0	1.0	0.0	0.0	0	7	
Cellular Response To Amino Acid Stimulus (GO:0071230)	1.0	1.0	0.0	0.0	0	29	
Cellular Response To Amino Acid Starvation (GO:0034198)	1.0	1.0	0.0	0.0	0	38	
Cellular Response To Catecholamine Stimulus (GO:0071870)	1.0	1.0	0.0	0.0	0	18	
Cellular Response To Alkaloid (GO:0071312)	1.0	1.0	0.0	0.0	0	17	
Cellular Response To Fatty Acid (GO:0071398)	1.0	1.0	0.0	0.0	0	16	
Cellular Response To Forskolin (GO:1904322)	1.0	1.0	0.0	0.0	0	10	
Cellular Response To Interferon-Beta (GO:0035458)	1.0	1.0	0.0	0.0	0	21	
Cellular Response To Interferon-Alpha (GO:0035457)	1.0	1.0	0.0	0.0	0	6	
Cellular Response To Inorganic Substance (GO:0071241)	1.0	1.0	0.0	0.0	0	15	
Cellular Response To Increased Oxygen Levels (GO:0036295)	1.0	1.0	0.0	0.0	0	10	
Cellular Response To Interleukin-12 (GO:0071349)	1.0	1.0	0.0	0.0	0	10	
Cellular Response To Hydroxyurea (GO:0072711)	1.0	1.0	0.0	0.0	0	6	
Cellular Response To Fluid Shear Stress (GO:0071498)	1.0	1.0	0.0	0.0	0	11	
Cellular Response To Hepatocyte Growth Factor Stimulus (GO:0035729)	1.0	1.0	0.0	0.0	0	6	
Cellular Response To Growth Hormone Stimulus (GO:0071378)	1.0	1.0	0.0	0.0	0	11	
Cellular Response To Granulocyte Macrophage Colony-Stimulating Factor Stimulus (GO:0097011)	1.0	1.0	0.0	0.0	0	5	
Cellular Response To Gonadotropin Stimulus (GO:0071371)	1.0	1.0	0.0	0.0	0	6	
Cellular Response To Glucose Starvation (GO:0042149)	1.0	1.0	0.0	0.0	0	41	
Cellular Response To Glucocorticoid Stimulus (GO:0071385)	1.0	1.0	0.0	0.0	0	17	
Cellular Response To Gamma Radiation (GO:0071480)	1.0	1.0	0.0	0.0	0	15	
Cellular Response To Heat (GO:0034605)	1.0	1.0	0.0	0.0	0	36	
Cellular Response To Interleukin-1 (GO:0071347)	1.0	1.0	0.0	0.0	0	80	
Cellular Response To Acid Chemical (GO:0071229)	1.0	1.0	0.0	0.0	0	24	
Cellular Response To UV-B (GO:0071493)	1.0	1.0	0.0	0.0	0	10	
Cell Projection Assembly (GO:0030031)	1.0	1.0	0.0	0.0	0	11	
Cellular Response To Histamine (GO:0071420)	1.0	1.0	0.0	0.0	0	6	
Amyloid-Beta Metabolic Process (GO:0050435)	1.0	1.0	0.0	0.0	0	14	
Nucleotide-Sugar Metabolic Process (GO:0009225)	1.0	1.0	0.0	0.0	0	12	
Aromatic Compound Biosynthetic Process (GO:0019438)	1.0	1.0	0.0	0.0	0	5	
Nucleobase-Containing Compound Catabolic Process (GO:0034655)	1.0	1.0	0.0	0.0	0	42	
Nucleobase-Containing Compound Biosynthetic Process (GO:0034654)	1.0	1.0	0.0	0.0	0	9	
Nucleobase Transport (GO:0015851)	1.0	1.0	0.0	0.0	0	5	
Nucleobase Catabolic Process (GO:0046113)	1.0	1.0	0.0	0.0	0	6	
Nucleolar Chromatin Organization (GO:1990700)	1.0	1.0	0.0	0.0	0	7	
Osmosensory Signaling Pathway (GO:0007231)	1.0	1.0	0.0	0.0	0	5	
Osteoblast Development (GO:0002076)	1.0	1.0	0.0	0.0	0	7	
Outer Dynein Arm Assembly (GO:0036158)	1.0	1.0	0.0	0.0	0	11	
Pexophagy (GO:0000425)	1.0	1.0	0.0	0.0	0	4	
Peroxisome Proliferator Activated Receptor Signaling Pathway (GO:0035357)	1.0	1.0	0.0	0.0	0	7	
Peroxisome Organization (GO:0007031)	1.0	1.0	0.0	0.0	0	23	
Peroxisome Fission (GO:0016559)	1.0	1.0	0.0	0.0	0	8	
Peroxisomal Transport (GO:0043574)	1.0	1.0	0.0	0.0	0	8	
Peroxisomal Membrane Transport (GO:0015919)	1.0	1.0	0.0	0.0	0	17	
Phagocytosis, Engulfment (GO:0006911)	1.0	1.0	0.0	0.0	0	30	
Peripheral Nervous System Neuron Development (GO:0048935)	1.0	1.0	0.0	0.0	0	5	
Pericardium Morphogenesis (GO:0003344)	1.0	1.0	0.0	0.0	0	5	
Pericardium Development (GO:0060039)	1.0	1.0	0.0	0.0	0	7	
Peptidyl-Tyrosine Phosphorylation (GO:0018108)	1.0	1.0	0.0	0.0	0	67	
Peptidyl-Tyrosine Modification (GO:0018212)	1.0	1.0	0.0	0.0	0	54	
Peptidyl-Tyrosine Autophosphorylation (GO:0038083)	1.0	1.0	0.0	0.0	0	13	
Peptidyl-Threonine Dephosphorylation (GO:0035970)	1.0	1.0	0.0	0.0	0	17	
Peripheral Nervous System Development (GO:0007422)	1.0	1.0	0.0	0.0	0	18	
Peptidyl-Serine Phosphorylation (GO:0018105)	1.0	1.0	0.0	0.0	0	156	
Phagolysosome Assembly (GO:0001845)	1.0	1.0	0.0	0.0	0	13	
Phagosome Maturation (GO:0090382)	1.0	1.0	0.0	0.0	0	15	
Phosphatidylcholine Metabolic Process (GO:0046470)	1.0	1.0	0.0	0.0	0	50	
Nucleobase-Containing Small Molecule Interconversion (GO:0015949)	1.0	1.0	0.0	0.0	0	7	
Phosphatidylcholine Catabolic Process (GO:0034638)	1.0	1.0	0.0	0.0	0	9	
Nucleocytoplasmic Transport (GO:0006913)	1.0	1.0	0.0	0.0	0	47	
Nucleic Acid-Templated Transcription (GO:0097659)	1.0	1.0	0.0	0.0	0	38	
Ornithine Transport (GO:0015822)	1.0	1.0	0.0	0.0	0	5	
Nucleosome Disassembly (GO:0006337)	1.0	1.0	0.0	0.0	0	16	
Nucleoside Triphosphate Metabolic Process (GO:0009141)	1.0	1.0	0.0	0.0	0	10	
Nucleic Acid Metabolic Process (GO:0090304)	1.0	1.0	0.0	0.0	0	30	
Nuclear-Transcribed mRNA poly(A) Tail Shortening (GO:0000289)	1.0	1.0	0.0	0.0	0	17	
Nuclear-Transcribed mRNA Catabolic Process, Nonsense-Mediated Decay (GO:0000184)	1.0	1.0	0.0	0.0	0	24	
Nuclear-Transcribed mRNA Catabolic Process, Exonucleolytic, 3'-5' (GO:0034427)	1.0	1.0	0.0	0.0	0	7	
Nuclear-Transcribed mRNA Catabolic Process, Exonucleolytic (GO:0000291)	1.0	1.0	0.0	0.0	0	16	
Nuclear-Transcribed mRNA Catabolic Process, Deadenylation-Independent Decay (GO:0031086)	1.0	1.0	0.0	0.0	0	6	
Nucleic Acid Phosphodiester Bond Hydrolysis (GO:0090305)	1.0	1.0	0.0	0.0	0	23	
Nuclear-Transcribed mRNA Catabolic Process, Deadenylation-Dependent Decay (GO:0000288)	1.0	1.0	0.0	0.0	0	36	
Nuclear Transport (GO:0051169)	1.0	1.0	0.0	0.0	0	37	
Nuclear Pore Organization (GO:0006999)	1.0	1.0	0.0	0.0	0	14	
Nuclear Pore Complex Assembly (GO:0051292)	1.0	1.0	0.0	0.0	0	10	
Nuclear Polyadenylation-Dependent tRNA Catabolic Process (GO:0071038)	1.0	1.0	0.0	0.0	0	6	
Nuclear Polyadenylation-Dependent rRNA Catabolic Process (GO:0071035)	1.0	1.0	0.0	0.0	0	6	
Nuclear Polyadenylation-Dependent ncRNA Catabolic Process (GO:0071046)	1.0	1.0	0.0	0.0	0	6	
Nuclear-Transcribed mRNA Catabolic Process (GO:0000956)	1.0	1.0	0.0	0.0	0	78	
Nucleosome Assembly (GO:0006334)	1.0	1.0	0.0	0.0	0	34	
Nucleic Acid Transport (GO:0050657)	1.0	1.0	0.0	0.0	0	7	
Nucleobase Biosynthetic Process (GO:0046112)	1.0	1.0	0.0	0.0	0	6	
Nucleoside Triphosphate Biosynthetic Process (GO:0009142)	1.0	1.0	0.0	0.0	0	5	
Nucleoside Transport (GO:0015858)	1.0	1.0	0.0	0.0	0	5	
Nucleoside Phosphate Catabolic Process (GO:1901292)	1.0	1.0	0.0	0.0	0	11	
Nucleoside Phosphate Biosynthetic Process (GO:1901293)	1.0	1.0	0.0	0.0	0	11	
Nucleoside Metabolic Process (GO:0009116)	1.0	1.0	0.0	0.0	0	9	
Nucleoside Diphosphate Metabolic Process (GO:0009132)	1.0	1.0	0.0	0.0	0	8	
Nucleoside Diphosphate Catabolic Process (GO:0009134)	1.0	1.0	0.0	0.0	0	6	
Phosphatidylcholine Biosynthetic Process (GO:0006656)	1.0	1.0	0.0	0.0	0	18	
Phosphatidylcholine Acyl-Chain Remodeling (GO:0036151)	1.0	1.0	0.0	0.0	0	12	
Phosphatidic Acid Metabolic Process (GO:0046473)	1.0	1.0	0.0	0.0	0	31	
Peptidyl-Methionine Modification (GO:0018206)	1.0	1.0	0.0	0.0	0	12	
Peptidyl-Lysine Trimethylation (GO:0018023)	1.0	1.0	0.0	0.0	0	11	
Peptidyl-Lysine Monomethylation (GO:0018026)	1.0	1.0	0.0	0.0	0	7	
Peptidyl-Lysine Modification (GO:0018205)	1.0	1.0	0.0	0.0	0	83	
Peptidyl-Lysine Methylation (GO:0018022)	1.0	1.0	0.0	0.0	0	19	
Peptidyl-Lysine Hydroxylation (GO:0017185)	1.0	1.0	0.0	0.0	0	5	
Peptidyl-Lysine Dimethylation (GO:0018027)	1.0	1.0	0.0	0.0	0	8	
Peptidyl-Lysine Deacetylation (GO:0034983)	1.0	1.0	0.0	0.0	0	7	
Peptidyl-Lysine Acetylation (GO:0018394)	1.0	1.0	0.0	0.0	0	9	
Peptidyl-Glutamic Acid Modification (GO:0018200)	1.0	1.0	0.0	0.0	0	20	
Peptidyl-Diphthamide Metabolic Process (GO:0017182)	1.0	1.0	0.0	0.0	0	5	
Peptidyl-Diphthamide Biosynthetic Process From Peptidyl-Histidine (GO:0017183)	1.0	1.0	0.0	0.0	0	5	
Peptidyl-Cysteine Modification (GO:0018198)	1.0	1.0	0.0	0.0	0	9	
Peptidyl-Arginine Modification (GO:0018195)	1.0	1.0	0.0	0.0	0	6	
Nuclear Membrane Reassembly (GO:0031468)	1.0	1.0	0.0	0.0	0	23	
Phosphatidylethanolamine Acyl-Chain Remodeling (GO:0036152)	1.0	1.0	0.0	0.0	0	6	
Nuclear Membrane Organization (GO:0071763)	1.0	1.0	0.0	0.0	0	25	
Nuclear mRNA Surveillance (GO:0071028)	1.0	1.0	0.0	0.0	0	9	
Negative Regulation Of Translational Initiation (GO:0045947)	1.0	1.0	0.0	0.0	0	12	
Negative Regulation Of Translation (GO:0017148)	1.0	1.0	0.0	0.0	0	102	
Negative Regulation Of Transforming Growth Factor Beta Production (GO:0071635)	1.0	1.0	0.0	0.0	0	9	
Negative Regulation Of Transferase Activity (GO:0051348)	1.0	1.0	0.0	0.0	0	37	
Negative Regulation Of Transcription Regulatory Region DNA Binding (GO:2000678)	1.0	1.0	0.0	0.0	0	14	
Negative Regulation Of Transcription From RNA Polymerase II Promoter In Response To Stress (GO:0097201)	1.0	1.0	0.0	0.0	0	5	
Negative Regulation Of Transmembrane Transport (GO:0034763)	1.0	1.0	0.0	0.0	0	10	
Negative Regulation Of Transcription Elongation By RNA Polymerase II (GO:0034244)	1.0	1.0	0.0	0.0	0	14	
Negative Regulation Of Transcription By RNA Polymerase I (GO:0016479)	1.0	1.0	0.0	0.0	0	6	
Peptidyl-Proline Hydroxylation (GO:0019511)	1.0	1.0	0.0	0.0	0	9	
Peptidyl-Amino Acid Modification (GO:0018193)	1.0	1.0	0.0	0.0	0	9	
peptidyl-S-diacylglycerol-L-cysteine Biosynthetic Process From Peptidyl-Cysteine (GO:0018231)	1.0	1.0	0.0	0.0	0	22	
peptidyl-L-cysteine S-palmitoylation (GO:0018230)	1.0	1.0	0.0	0.0	0	22	
Phosphatidic Acid Biosynthetic Process (GO:0006654)	1.0	1.0	0.0	0.0	0	27	
Phagosome Acidification (GO:0090383)	1.0	1.0	0.0	0.0	0	5	
Phosphate Ion Transport (GO:0006817)	1.0	1.0	0.0	0.0	0	19	
Phosphate Ion Homeostasis (GO:0055062)	1.0	1.0	0.0	0.0	0	12	
Phenol-Containing Compound Biosynthetic Process (GO:0046189)	1.0	1.0	0.0	0.0	0	10	
Phasic Smooth Muscle Contraction (GO:0014821)	1.0	1.0	0.0	0.0	0	11	
Pharyngeal System Development (GO:0060037)	1.0	1.0	0.0	0.0	0	16	
Pharyngeal Arch Artery Morphogenesis (GO:0061626)	1.0	1.0	0.0	0.0	0	6	
Phagosome-Lysosome Fusion (GO:0090385)	1.0	1.0	0.0	0.0	0	10	
Phosphate Ion Transmembrane Transport (GO:0035435)	1.0	1.0	0.0	0.0	0	10	
Peptidyl-Serine Dephosphorylation (GO:0070262)	1.0	1.0	0.0	0.0	0	9	
Peptidyl-Serine Autophosphorylation (GO:0036289)	1.0	1.0	0.0	0.0	0	7	
Peptidyl-Proline Hydroxylation To 4-hydroxy-L-proline (GO:0018401)	1.0	1.0	0.0	0.0	0	7	
Organelle Membrane Fusion (GO:0090174)	1.0	1.0	0.0	0.0	0	25	
Peptide Hormone Secretion (GO:0030072)	1.0	1.0	0.0	0.0	0	25	
Peptide Antigen Assembly With MHC Protein Complex (GO:0002501)	1.0	1.0	0.0	0.0	0	16	
Peptide Antigen Assembly With MHC Class II Protein Complex (GO:0002503)	1.0	1.0	0.0	0.0	0	12	
Pentose-Phosphate Shunt, Non-Oxidative Branch (GO:0009052)	1.0	1.0	0.0	0.0	0	5	
Pentose-Phosphate Shunt (GO:0006098)	1.0	1.0	0.0	0.0	0	11	
Peptide Transport (GO:0015833)	1.0	1.0	0.0	0.0	0	6	
Pattern Recognition Receptor Signaling Pathway (GO:0002221)	1.0	1.0	0.0	0.0	0	52	
p38MAPK Cascade (GO:0038066)	1.0	1.0	0.0	0.0	0	7	
Oxygen Transport (GO:0015671)	1.0	1.0	0.0	0.0	0	10	
Oxoacid Metabolic Process (GO:0043436)	1.0	1.0	0.0	0.0	0	20	
Oxidative Phosphorylation (GO:0006119)	1.0	1.0	0.0	0.0	0	48	
Outflow Tract Septum Morphogenesis (GO:0003148)	1.0	1.0	0.0	0.0	0	24	
Outer Mitochondrial Membrane Organization (GO:0007008)	1.0	1.0	0.0	0.0	0	12	
Parallel Actin Filament Bundle Assembly (GO:0030046)	1.0	1.0	0.0	0.0	0	6	
Peptide Biosynthetic Process (GO:0043043)	1.0	1.0	0.0	0.0	0	152	
Omega-Hydroxylase P450 Pathway (GO:0097267)	1.0	1.0	0.0	0.0	0	10	
One-Carbon Compound Transport (GO:0019755)	1.0	1.0	0.0	0.0	0	35	
Oogenesis (GO:0048477)	1.0	1.0	0.0	0.0	0	12	
Calcium Ion Import (GO:0070509)	1.0	1.0	0.0	0.0	0	12	
Calcium Import Into The Mitochondrion (GO:0036444)	1.0	1.0	0.0	0.0	0	7	
Calcium-Ion Regulated Exocytosis (GO:0017156)	1.0	1.0	0.0	0.0	0	25	
Calcitonin Family Receptor Signaling Pathway (GO:0097646)	1.0	1.0	0.0	0.0	0	6	
Carbon Dioxide Transport (GO:0015670)	1.0	1.0	0.0	0.0	0	11	
Carboxylic Acid Catabolic Process (GO:0046395)	1.0	1.0	0.0	0.0	0	17	
Cardiolipin Metabolic Process (GO:0032048)	1.0	1.0	0.0	0.0	0	10	
Cardiolipin Biosynthetic Process (GO:0032049)	1.0	1.0	0.0	0.0	0	5	
Cardiolipin Acyl-Chain Remodeling (GO:0035965)	1.0	1.0	0.0	0.0	0	4	
Cardioblast Differentiation (GO:0010002)	1.0	1.0	0.0	0.0	0	7	
Cardiac Ventricle Development (GO:0003231)	1.0	1.0	0.0	0.0	0	19	
Cardiac Pacemaker Cell Development (GO:0060926)	1.0	1.0	0.0	0.0	0	6	
Carboxylic Acid Biosynthetic Process (GO:0046394)	1.0	1.0	0.0	0.0	0	17	
Cardiac Myofibril Assembly (GO:0055003)	1.0	1.0	0.0	0.0	0	15	
Cardiac Muscle Cell Myoblast Differentiation (GO:0060379)	1.0	1.0	0.0	0.0	0	5	
Cardiac Muscle Cell Development (GO:0055013)	1.0	1.0	0.0	0.0	0	26	
Cardiac Left Ventricle Morphogenesis (GO:0003214)	1.0	1.0	0.0	0.0	0	13	
Cardiac Conduction System Development (GO:0003161)	1.0	1.0	0.0	0.0	0	24	
Cardiac Atrium Development (GO:0003230)	1.0	1.0	0.0	0.0	0	7	
Carboxylic Acid Transmembrane Transport (GO:1905039)	1.0	1.0	0.0	0.0	0	39	
Cardiac Muscle Hypertrophy (GO:0003300)	1.0	1.0	0.0	0.0	0	7	
Calcineurin-Mediated Signaling (GO:0097720)	1.0	1.0	0.0	0.0	0	11	
calcineurin-NFAT Signaling Cascade (GO:0033173)	1.0	1.0	0.0	0.0	0	10	
cGMP Biosynthetic Process (GO:0006182)	1.0	1.0	0.0	0.0	0	8	
Biomineral Tissue Development (GO:0031214)	1.0	1.0	0.0	0.0	0	9	
Biogenic Amine Metabolic Process (GO:0006576)	1.0	1.0	0.0	0.0	0	12	
Biogenic Amine Biosynthetic Process (GO:0042401)	1.0	1.0	0.0	0.0	0	11	
Calcium Ion Import Across Plasma Membrane (GO:0098703)	1.0	1.0	0.0	0.0	0	35	
Calcium Ion Transmembrane Transport (GO:0070588)	1.0	1.0	0.0	0.0	0	79	
Calcium Ion Transport (GO:0006816)	1.0	1.0	0.0	0.0	0	109	
Calcium-Dependent Cell-Cell Adhesion Via Plasma Membrane Cell Adhesion Molecules (GO:0016339)	1.0	1.0	0.0	0.0	0	38	
Antigen Processing And Presentation Of Endogenous Peptide Antigen Via MHC Class I Via ER Pathway (GO:0002484)	1.0	1.0	0.0	0.0	0	13	
Antigen Processing And Presentation Of Endogenous Peptide Antigen Via MHC Class Ib (GO:0002476)	1.0	1.0	0.0	0.0	0	13	
Aromatic Amino Acid Family Catabolic Process (GO:0009074)	1.0	1.0	0.0	0.0	0	10	
Arginine Metabolic Process (GO:0006525)	1.0	1.0	0.0	0.0	0	10	
Arginine Catabolic Process (GO:0006527)	1.0	1.0	0.0	0.0	0	7	
Arachidonic Acid Secretion (GO:0050482)	1.0	1.0	0.0	0.0	0	9	
Arachidonic Acid Metabolic Process (GO:0019369)	1.0	1.0	0.0	0.0	0	51	
Arachidonate Transport (GO:1903963)	1.0	1.0	0.0	0.0	0	9	
Antigen Processing And Presentation Of Endogenous Peptide Antigen Via MHC Class I Via ER Pathway, TAP-independent (GO:0002486)	1.0	1.0	0.0	0.0	0	13	
Apoptotic Mitochondrial Changes (GO:0008637)	1.0	1.0	0.0	0.0	0	34	
Antigen Processing And Presentation Of Peptide Antigen Via MHC Class Ib (GO:0002428)	1.0	1.0	0.0	0.0	0	13	
Antigen Processing And Presentation Of Peptide Antigen Via MHC Class II (GO:0002495)	1.0	1.0	0.0	0.0	0	24	
Antigen Processing And Presentation Of Peptide Antigen Via MHC Class I (GO:0002474)	1.0	1.0	0.0	0.0	0	18	
Bile Acid Metabolic Process (GO:0008206)	1.0	1.0	0.0	0.0	0	31	
Antigen Processing And Presentation Of Exogenous Peptide Antigen Via MHC Class II (GO:0019886)	1.0	1.0	0.0	0.0	0	24	
Antigen Processing And Presentation Of Exogenous Peptide Antigen (GO:0002478)	1.0	1.0	0.0	0.0	0	29	
Antiviral Innate Immune Response (GO:0140374)	1.0	1.0	0.0	0.0	0	42	
Axonal Transport (GO:0098930)	1.0	1.0	0.0	0.0	0	39	
Axonal Transport Of Mitochondrion (GO:0019896)	1.0	1.0	0.0	0.0	0	12	
Axonemal Central Apparatus Assembly (GO:1904158)	1.0	1.0	0.0	0.0	0	5	
Carbohydrate Derivative Transport (GO:1901264)	1.0	1.0	0.0	0.0	0	16	
Carbohydrate Derivative Catabolic Process (GO:1901136)	1.0	1.0	0.0	0.0	0	16	
Carbohydrate Biosynthetic Process (GO:0016051)	1.0	1.0	0.0	0.0	0	25	
Cap-Dependent Translational Initiation (GO:0002191)	1.0	1.0	0.0	0.0	0	5	
Camera-Type Eye Morphogenesis (GO:0048593)	1.0	1.0	0.0	0.0	0	9	
Camera-Type Eye Development (GO:0043010)	1.0	1.0	0.0	0.0	0	25	
Carbohydrate Phosphorylation (GO:0046835)	1.0	1.0	0.0	0.0	0	8	
Calcium-Mediated Signaling Using Intracellular Calcium Source (GO:0035584)	1.0	1.0	0.0	0.0	0	19	
Antigen Processing And Presentation Of Exogenous Peptide Antigen Via MHC Class I (GO:0042590)	1.0	1.0	0.0	0.0	0	6	
Anterior/Posterior Axis Specification (GO:0009948)	1.0	1.0	0.0	0.0	0	18	
Bile Acid Biosynthetic Process (GO:0006699)	1.0	1.0	0.0	0.0	0	25	
Blood Coagulation, Fibrin Clot Formation (GO:0072378)	1.0	1.0	0.0	0.0	0	14	
Olefinic Compound Biosynthetic Process (GO:0120255)	1.0	1.0	0.0	0.0	0	6	
Nucleus Organization (GO:0006997)	1.0	1.0	0.0	0.0	0	43	
NAD Biosynthesis Via Nicotinamide Riboside Salvage Pathway (GO:0034356)	1.0	1.0	0.0	0.0	0	8	
Nucleotide-Sugar Biosynthetic Process (GO:0009226)	1.0	1.0	0.0	0.0	0	15	
Oligosaccharide Biosynthetic Process (GO:0009312)	1.0	1.0	0.0	0.0	0	22	
Nucleotide-Excision Repair, DNA Gap Filling (GO:0006297)	1.0	1.0	0.0	0.0	0	4	
Nucleotide-Binding Oligomerization Domain Containing 2 Signaling Pathway (GO:0070431)	1.0	1.0	0.0	0.0	0	5	
Nucleotide-Binding Domain, Leucine Rich Repeat Containing Receptor Signaling Pathway (GO:0035872)	1.0	1.0	0.0	0.0	0	5	
Nucleotide Transport (GO:0006862)	1.0	1.0	0.0	0.0	0	6	
Nucleotide Metabolic Process (GO:0009117)	1.0	1.0	0.0	0.0	0	12	
Nucleotide Catabolic Process (GO:0009166)	1.0	1.0	0.0	0.0	0	6	
Nucleotide Biosynthetic Process (GO:0009165)	1.0	1.0	0.0	0.0	0	19	
Nucleotide-Binding Oligomerization Domain Containing Signaling Pathway (GO:0070423)	1.0	1.0	0.0	0.0	0	9	
Nucleosome Organization (GO:0034728)	1.0	1.0	0.0	0.0	0	54	
Oligosaccharide Catabolic Process (GO:0009313)	1.0	1.0	0.0	0.0	0	9	
Oligosaccharide-Lipid Intermediate Biosynthetic Process (GO:0006490)	1.0	1.0	0.0	0.0	0	12	
Ornithine Metabolic Process (GO:0006591)	1.0	1.0	0.0	0.0	0	8	
Organophosphate Catabolic Process (GO:0046434)	1.0	1.0	0.0	0.0	0	12	
Organophosphate Biosynthetic Process (GO:0090407)	1.0	1.0	0.0	0.0	0	33	
Organic Hydroxy Compound Catabolic Process (GO:1901616)	1.0	1.0	0.0	0.0	0	9	
Organic Hydroxy Compound Biosynthetic Process (GO:1901617)	1.0	1.0	0.0	0.0	0	42	
Organic Cyclic Compound Catabolic Process (GO:1901361)	1.0	1.0	0.0	0.0	0	11	
Oligosaccharide Metabolic Process (GO:0009311)	1.0	1.0	0.0	0.0	0	48	
Organelle Transport Along Microtubule (GO:0072384)	1.0	1.0	0.0	0.0	0	32	
Organelle Fusion (GO:0048284)	1.0	1.0	0.0	0.0	0	23	
Organelle Fission (GO:0048285)	1.0	1.0	0.0	0.0	0	20	
Organelle Disassembly (GO:1903008)	1.0	1.0	0.0	0.0	0	49	
Oligodendrocyte Development (GO:0014003)	1.0	1.0	0.0	0.0	0	16	
Oligodendrocyte Differentiation (GO:0048709)	1.0	1.0	0.0	0.0	0	19	
mRNA Destabilization (GO:0061157)	1.0	1.0	0.0	0.0	0	40	
mRNA Cis Splicing, Via Spliceosome (GO:0045292)	1.0	1.0	0.0	0.0	0	17	
Bicarbonate Transport (GO:0015701)	1.0	1.0	0.0	0.0	0	19	
Behavioral Fear Response (GO:0001662)	1.0	1.0	0.0	0.0	0	5	
Basic Amino Acid Transport (GO:0015802)	1.0	1.0	0.0	0.0	0	4	
Basic Amino Acid Transmembrane Transport (GO:1990822)	1.0	1.0	0.0	0.0	0	7	
Basement Membrane Organization (GO:0071711)	1.0	1.0	0.0	0.0	0	10	
Base-Excision Repair, AP Site Formation (GO:0006285)	1.0	1.0	0.0	0.0	0	11	
Base Conversion Or Substitution Editing (GO:0016553)	1.0	1.0	0.0	0.0	0	17	
Benzene-Containing Compound Metabolic Process (GO:0042537)	1.0	1.0	0.0	0.0	0	5	
Blood Coagulation, Intrinsic Pathway (GO:0007597)	1.0	1.0	0.0	0.0	0	7	
Blood Vessel Endothelial Cell Proliferation Involved In Sprouting Angiogenesis (GO:0002043)	1.0	1.0	0.0	0.0	0	5	
Blood Vessel Morphogenesis (GO:0048514)	1.0	1.0	0.0	0.0	0	52	
cAMP Metabolic Process (GO:0046058)	1.0	1.0	0.0	0.0	0	12	
cAMP Biosynthetic Process (GO:0006171)	1.0	1.0	0.0	0.0	0	9	
Bile Acid And Bile Salt Transport (GO:0015721)	1.0	1.0	0.0	0.0	0	23	
Brown Fat Cell Differentiation (GO:0050873)	1.0	1.0	0.0	0.0	0	8	
Branching Involved In Blood Vessel Morphogenesis (GO:0001569)	1.0	1.0	0.0	0.0	0	13	
Branched-Chain Amino Acid Transport (GO:0015803)	1.0	1.0	0.0	0.0	0	10	
Branched-Chain Amino Acid Metabolic Process (GO:0009081)	1.0	1.0	0.0	0.0	0	15	
Branched-Chain Amino Acid Catabolic Process (GO:0009083)	1.0	1.0	0.0	0.0	0	17	
Brain Morphogenesis (GO:0048854)	1.0	1.0	0.0	0.0	0	11	
Bradykinin Catabolic Process (GO:0010815)	1.0	1.0	0.0	0.0	0	5	
Box C/D snoRNP Assembly (GO:0000492)	1.0	1.0	0.0	0.0	0	8	
Bone Resorption (GO:0045453)	1.0	1.0	0.0	0.0	0	8	
Bone Morphogenesis (GO:0060349)	1.0	1.0	0.0	0.0	0	14	
Bone Development (GO:0060348)	1.0	1.0	0.0	0.0	0	43	
Body Fluid Secretion (GO:0007589)	1.0	1.0	0.0	0.0	0	12	
Catecholamine Biosynthetic Process (GO:0042423)	1.0	1.0	0.0	0.0	0	11	
Positive Regulation Of Gonad Development (GO:1905941)	1.0	1.0	0.0	0.0	0	5	
Branching Involved In Ureteric Bud Morphogenesis (GO:0001658)	1.0	1.0	0.0	0.0	0	18	
NAD Biosynthetic Process (GO:0009435)	1.0	1.0	0.0	0.0	0	15	
Acylglycerol Metabolic Process (GO:0006639)	1.0	1.0	0.0	0.0	0	39	
L-ornithine Transmembrane Transport (GO:1903352)	1.0	1.0	0.0	0.0	0	5	
Glutathione Catabolic Process (GO:0006751)	1.0	1.0	0.0	0.0	0	6	
Glutathione Biosynthetic Process (GO:0006750)	1.0	1.0	0.0	0.0	0	6	
Glutamine Transport (GO:0006868)	1.0	1.0	0.0	0.0	0	8	
Glutamine Metabolic Process (GO:0006541)	1.0	1.0	0.0	0.0	0	12	
Glutamine Family Amino Acid Metabolic Process (GO:0009064)	1.0	1.0	0.0	0.0	0	29	
Glycerol Metabolic Process (GO:0006071)	1.0	1.0	0.0	0.0	0	9	
Glutamine Family Amino Acid Catabolic Process (GO:0009065)	1.0	1.0	0.0	0.0	0	15	
Glutamate Metabolic Process (GO:0006536)	1.0	1.0	0.0	0.0	0	19	
Glutamate Catabolic Process (GO:0006538)	1.0	1.0	0.0	0.0	0	5	
Glucuronate Metabolic Process (GO:0019585)	1.0	1.0	0.0	0.0	0	15	
Glucose Import (GO:0046323)	1.0	1.0	0.0	0.0	0	11	
Glucose 6-Phosphate Metabolic Process (GO:0051156)	1.0	1.0	0.0	0.0	0	17	
Glucosamine-Containing Compound Metabolic Process (GO:1901071)	1.0	1.0	0.0	0.0	0	12	
Glutamine Family Amino Acid Biosynthetic Process (GO:0009084)	1.0	1.0	0.0	0.0	0	11	
Glycosphingolipid Metabolic Process (GO:0006687)	1.0	1.0	0.0	0.0	0	30	
Glycerol Transmembrane Transport (GO:0015793)	1.0	1.0	0.0	0.0	0	7	
Glycerolipid Catabolic Process (GO:0046503)	1.0	1.0	0.0	0.0	0	18	
Glycosphingolipid Biosynthetic Process (GO:0006688)	1.0	1.0	0.0	0.0	0	18	
Glycoside Metabolic Process (GO:0016137)	1.0	1.0	0.0	0.0	0	5	
Glycoside Catabolic Process (GO:0016139)	1.0	1.0	0.0	0.0	0	7	
Glycosaminoglycan Catabolic Process (GO:0006027)	1.0	1.0	0.0	0.0	0	13	
Glycoprotein Catabolic Process (GO:0006516)	1.0	1.0	0.0	0.0	0	15	
Glycolipid Transport (GO:0046836)	1.0	1.0	0.0	0.0	0	4	
Glycerol-3-Phosphate Metabolic Process (GO:0006072)	1.0	1.0	0.0	0.0	0	5	
Glycogen Metabolic Process (GO:0005977)	1.0	1.0	0.0	0.0	0	17	
Glycogen Biosynthetic Process (GO:0005978)	1.0	1.0	0.0	0.0	0	9	
Glycine Transport (GO:0015816)	1.0	1.0	0.0	0.0	0	10	
Glycerol Ether Biosynthetic Process (GO:0046504)	1.0	1.0	0.0	0.0	0	4	
Glycine Metabolic Process (GO:0006544)	1.0	1.0	0.0	0.0	0	6	
Glycosphingolipid Catabolic Process (GO:0046479)	1.0	1.0	0.0	0.0	0	9	
High-Density Lipoprotein Particle Assembly (GO:0034380)	1.0	1.0	0.0	0.0	0	9	
Hematopoietic Progenitor Cell Differentiation (GO:0002244)	1.0	1.0	0.0	0.0	0	28	
Growth Hormone Receptor Signaling Pathway Via JAK-STAT (GO:0060397)	1.0	1.0	0.0	0.0	0	7	
Granulocyte Differentiation (GO:0030851)	1.0	1.0	0.0	0.0	0	12	
Granulocyte Activation (GO:0036230)	1.0	1.0	0.0	0.0	0	11	
Glyoxylate Metabolic Process (GO:0046487)	1.0	1.0	0.0	0.0	0	5	
Glycosylceramide Metabolic Process (GO:0006677)	1.0	1.0	0.0	0.0	0	5	
Glycosylceramide Catabolic Process (GO:0046477)	1.0	1.0	0.0	0.0	0	4	
Glycosylceramide Biosynthetic Process (GO:0046476)	1.0	1.0	0.0	0.0	0	6	
Growth Hormone Receptor Signaling Pathway (GO:0060396)	1.0	1.0	0.0	0.0	0	17	
Glycosyl Compound Catabolic Process (GO:1901658)	1.0	1.0	0.0	0.0	0	5	
Hematopoietic Stem Cell Differentiation (GO:0060218)	1.0	1.0	0.0	0.0	0	9	
Heme Catabolic Process (GO:0042167)	1.0	1.0	0.0	0.0	0	10	
Hexose Import Across Plasma Membrane (GO:0140271)	1.0	1.0	0.0	0.0	0	5	
Hexose Catabolic Process (GO:0019320)	1.0	1.0	0.0	0.0	0	5	
Heterocycle Catabolic Process (GO:0046700)	1.0	1.0	0.0	0.0	0	5	
Heterocycle Biosynthetic Process (GO:0018130)	1.0	1.0	0.0	0.0	0	10	
Heterochromatin Organization (GO:0070828)	1.0	1.0	0.0	0.0	0	37	
Heterochromatin Formation (GO:0031507)	1.0	1.0	0.0	0.0	0	30	
Hematopoietic Stem Cell Proliferation (GO:0071425)	1.0	1.0	0.0	0.0	0	10	
Hepoxilin Metabolic Process (GO:0051121)	1.0	1.0	0.0	0.0	0	7	
Hepatocyte Growth Factor Receptor Signaling Pathway (GO:0048012)	1.0	1.0	0.0	0.0	0	6	
Hepatocyte Differentiation (GO:0070365)	1.0	1.0	0.0	0.0	0	5	
Heparan Sulfate Proteoglycan Catabolic Process (GO:0030200)	1.0	1.0	0.0	0.0	0	5	
Heparan Sulfate Proteoglycan Biosynthetic Process, Polysaccharide Chain Biosynthetic Process (GO:0015014)	1.0	1.0	0.0	0.0	0	7	
Hemostasis (GO:0007599)	1.0	1.0	0.0	0.0	0	6	
Heme Transport (GO:0015886)	1.0	1.0	0.0	0.0	0	5	
Hepoxilin Biosynthetic Process (GO:0051122)	1.0	1.0	0.0	0.0	0	7	
Glycosyl Compound Biosynthetic Process (GO:1901659)	1.0	1.0	0.0	0.0	0	5	
Glycerophospholipid Metabolic Process (GO:0006650)	1.0	1.0	0.0	0.0	0	60	
Glycerophospholipid Catabolic Process (GO:0046475)	1.0	1.0	0.0	0.0	0	27	
Glycerolipid Metabolic Process (GO:0046486)	1.0	1.0	0.0	0.0	0	9	
Inhibition Of Cysteine-Type Endopeptidase Activity (GO:0097340)	1.0	1.0	0.0	0.0	0	7	
Inflammatory Response To Wounding (GO:0090594)	1.0	1.0	0.0	0.0	0	5	
Induction Of Positive Chemotaxis (GO:0050930)	1.0	1.0	0.0	0.0	0	8	
Induction Of Bacterial Agglutination (GO:0043152)	1.0	1.0	0.0	0.0	0	5	
Innate Immune Response Activating Cell Surface Receptor Signaling Pathway (GO:0002220)	1.0	1.0	0.0	0.0	0	29	
Hyaluronan Biosynthetic Process (GO:0030213)	1.0	1.0	0.0	0.0	0	5	
Humoral Immune Response Mediated By Circulating Immunoglobulin (GO:0002455)	1.0	1.0	0.0	0.0	0	5	
Host-Mediated Regulation Of Intestinal Microbiota Composition (GO:0048874)	1.0	1.0	0.0	0.0	0	6	
Histone H4-K16 Acetylation (GO:0043984)	1.0	1.0	0.0	0.0	0	12	
Histone H4-K12 Acetylation (GO:0043983)	1.0	1.0	0.0	0.0	0	3	
Histone H4 Acetylation (GO:0043967)	1.0	1.0	0.0	0.0	0	36	
Histone H3-K4 Methylation (GO:0051568)	1.0	1.0	0.0	0.0	0	25	
Histone H3-K14 Acetylation (GO:0044154)	1.0	1.0	0.0	0.0	0	8	
Histone H3 Acetylation (GO:0043966)	1.0	1.0	0.0	0.0	0	34	
Histone H4-K5 Acetylation (GO:0043981)	1.0	1.0	0.0	0.0	0	12	
Histone H2A-K119 Monoubiquitination (GO:0036353)	1.0	1.0	0.0	0.0	0	6	
Histone H2A Monoubiquitination (GO:0035518)	1.0	1.0	0.0	0.0	0	14	
Histone H2A Acetylation (GO:0043968)	1.0	1.0	0.0	0.0	0	21	
Histone H2A K63-linked Deubiquitination (GO:0070537)	1.0	1.0	0.0	0.0	0	6	
Histidine Metabolic Process (GO:0006547)	1.0	1.0	0.0	0.0	0	5	
Histidine Catabolic Process (GO:0006548)	1.0	1.0	0.0	0.0	0	5	
Histamine Metabolic Process (GO:0001692)	1.0	1.0	0.0	0.0	0	5	
Histone H2A Ubiquitination (GO:0033522)	1.0	1.0	0.0	0.0	0	11	
Histone H4-K8 Acetylation (GO:0043982)	1.0	1.0	0.0	0.0	0	12	
Histone Acetylation (GO:0016573)	1.0	1.0	0.0	0.0	0	58	
Histone Arginine Methylation (GO:0034969)	1.0	1.0	0.0	0.0	0	5	
Hormone Transport (GO:0009914)	1.0	1.0	0.0	0.0	0	9	
Inhibitory Postsynaptic Potential (GO:0060080)	1.0	1.0	0.0	0.0	0	4	
Inhibitory Synapse Assembly (GO:1904862)	1.0	1.0	0.0	0.0	0	13	
Innate Immune Response In Mucosa (GO:0002227)	1.0	1.0	0.0	0.0	0	16	
Import Into Nucleus (GO:0051170)	1.0	1.0	0.0	0.0	0	73	
Glycogen Catabolic Process (GO:0005980)	1.0	1.0	0.0	0.0	0	5	
High-Density Lipoprotein Particle Remodeling (GO:0034375)	1.0	1.0	0.0	0.0	0	15	
Hindlimb Morphogenesis (GO:0035137)	1.0	1.0	0.0	0.0	0	6	
Hippo Signaling (GO:0035329)	1.0	1.0	0.0	0.0	0	17	
Immunoglobulin Mediated Immune Response (GO:0016064)	1.0	1.0	0.0	0.0	0	28	
Immunoglobulin V(D)J Recombination (GO:0033152)	1.0	1.0	0.0	0.0	0	5	
Immune Response-Inhibiting Cell Surface Receptor Signaling Pathway (GO:0002767)	1.0	1.0	0.0	0.0	0	8	
Immune Response-Activating Cell Surface Receptor Signaling Pathway (GO:0002429)	1.0	1.0	0.0	0.0	0	23	
Imitative Learning (GO:0098596)	1.0	1.0	0.0	0.0	0	5	
Icosanoid Transport (GO:0071715)	1.0	1.0	0.0	0.0	0	14	
Immunoglobulin Production Involved In Immunoglobulin-Mediated Immune Response (GO:0002381)	1.0	1.0	0.0	0.0	0	15	
Icosanoid Secretion (GO:0032309)	1.0	1.0	0.0	0.0	0	12	
Icosanoid Biosynthetic Process (GO:0046456)	1.0	1.0	0.0	0.0	0	18	
Guanine Nucleotide Transmembrane Transport (GO:1903790)	1.0	1.0	0.0	0.0	0	5	
Hypotonic Response (GO:0006971)	1.0	1.0	0.0	0.0	0	6	
Hydrogen Peroxide Catabolic Process (GO:0042744)	1.0	1.0	0.0	0.0	0	20	
Hydrogen Peroxide Biosynthetic Process (GO:0050665)	1.0	1.0	0.0	0.0	0	5	
Hyaluronan Metabolic Process (GO:0030212)	1.0	1.0	0.0	0.0	0	12	
Icosanoid Metabolic Process (GO:0006690)	1.0	1.0	0.0	0.0	0	51	
Hyaluronan Catabolic Process (GO:0030214)	1.0	1.0	0.0	0.0	0	6	
Immunological Synapse Formation (GO:0001771)	1.0	1.0	0.0	0.0	0	7	
Inclusion Body Assembly (GO:0070841)	1.0	1.0	0.0	0.0	0	4	
Inner Ear Receptor Cell Differentiation (GO:0060113)	1.0	1.0	0.0	0.0	0	5	
Inner Ear Receptor Cell Development (GO:0060119)	1.0	1.0	0.0	0.0	0	7	
Inner Ear Morphogenesis (GO:0042472)	1.0	1.0	0.0	0.0	0	24	
Inner Ear Auditory Receptor Cell Differentiation (GO:0042491)	1.0	1.0	0.0	0.0	0	5	
Inner Dynein Arm Assembly (GO:0036159)	1.0	1.0	0.0	0.0	0	7	
Innate Immune Response-Activating Signaling Pathway (GO:0002758)	1.0	1.0	0.0	0.0	0	13	
Hyperosmotic Response (GO:0006972)	1.0	1.0	0.0	0.0	0	7	
Homologous Recombination (GO:0035825)	1.0	1.0	0.0	0.0	0	8	
Hair Cell Differentiation (GO:0035315)	1.0	1.0	0.0	0.0	0	7	
Heart Trabecula Formation (GO:0060347)	1.0	1.0	0.0	0.0	0	6	
Internal Peptidyl-Lysine Acetylation (GO:0018393)	1.0	1.0	0.0	0.0	0	37	
Intermembrane Lipid Transfer (GO:0120009)	1.0	1.0	0.0	0.0	0	5	
Intermediate Filament Organization (GO:0045109)	1.0	1.0	0.0	0.0	0	66	
Interleukin-15-Mediated Signaling Pathway (GO:0035723)	1.0	1.0	0.0	0.0	0	10	
Intermediate Filament Bundle Assembly (GO:0045110)	1.0	1.0	0.0	0.0	0	7	
Interleukin-6-Mediated Signaling Pathway (GO:0070102)	1.0	1.0	0.0	0.0	0	13	
Interleukin-5-Mediated Signaling Pathway (GO:0038043)	1.0	1.0	0.0	0.0	0	5	
Interleukin-4-Mediated Signaling Pathway (GO:0035771)	1.0	1.0	0.0	0.0	0	5	
Interleukin-3-Mediated Signaling Pathway (GO:0038156)	1.0	1.0	0.0	0.0	0	6	
Interleukin-27-Mediated Signaling Pathway (GO:0070106)	1.0	1.0	0.0	0.0	0	5	
Interleukin-2-Mediated Signaling Pathway (GO:0038110)	1.0	1.0	0.0	0.0	0	7	
Interleukin-9-Mediated Signaling Pathway (GO:0038113)	1.0	1.0	0.0	0.0	0	6	
Kinetochore Assembly (GO:0051382)	1.0	1.0	0.0	0.0	0	9	
Kinetochore Organization (GO:0051383)	1.0	1.0	0.0	0.0	0	10	
Kynurenine Metabolic Process (GO:0070189)	1.0	1.0	0.0	0.0	0	6	
Long-Term Synaptic Potentiation (GO:0060291)	1.0	1.0	0.0	0.0	0	20	
Long-Term Synaptic Depression (GO:0060292)	1.0	1.0	0.0	0.0	0	6	
Long-Chain fatty-acyl-CoA Metabolic Process (GO:0035336)	1.0	1.0	0.0	0.0	0	21	
Long-Chain fatty-acyl-CoA Biosynthetic Process (GO:0035338)	1.0	1.0	0.0	0.0	0	15	
Long-Chain Fatty Acid Transport (GO:0015909)	1.0	1.0	0.0	0.0	0	22	
Long-Chain Fatty Acid Metabolic Process (GO:0001676)	1.0	1.0	0.0	0.0	0	77	
Low-Density Lipoprotein Particle Remodeling (GO:0034374)	1.0	1.0	0.0	0.0	0	12	
Long-Chain Fatty Acid Import Into Cell (GO:0044539)	1.0	1.0	0.0	0.0	0	8	
Long-Chain Fatty Acid Biosynthetic Process (GO:0042759)	1.0	1.0	0.0	0.0	0	23	
Locomotor Rhythm (GO:0045475)	1.0	1.0	0.0	0.0	0	6	
Lipoxygenase Pathway (GO:0019372)	1.0	1.0	0.0	0.0	0	7	
Lipoprotein Transport (GO:0042953)	1.0	1.0	0.0	0.0	0	11	
Internal Protein Amino Acid Acetylation (GO:0006475)	1.0	1.0	0.0	0.0	0	8	
Lipoprotein Metabolic Process (GO:0042157)	1.0	1.0	0.0	0.0	0	5	
Interstrand Cross-Link Repair (GO:0036297)	1.0	1.0	0.0	0.0	0	30	
interleukin-17A-mediated Signaling Pathway (GO:0038173)	1.0	1.0	0.0	0.0	0	5	
Isotype Switching (GO:0045190)	1.0	1.0	0.0	0.0	0	10	
Isoleucine Metabolic Process (GO:0006549)	1.0	1.0	0.0	0.0	0	5	
Iron-Sulfur Cluster Assembly (GO:0016226)	1.0	1.0	0.0	0.0	0	23	
Iron Ion Transmembrane Transport (GO:0034755)	1.0	1.0	0.0	0.0	0	9	
Iron Coordination Entity Transport (GO:1901678)	1.0	1.0	0.0	0.0	0	5	
Intrinsic Apoptotic Signaling Pathway In Response To Oxidative Stress (GO:0008631)	1.0	1.0	0.0	0.0	0	11	
Keratan Sulfate Biosynthetic Process (GO:0018146)	1.0	1.0	0.0	0.0	0	14	
Kidney Morphogenesis (GO:0060993)	1.0	1.0	0.0	0.0	0	5	
Intracellular Estrogen Receptor Signaling Pathway (GO:0030520)	1.0	1.0	0.0	0.0	0	17	
Intestinal Epithelial Cell Differentiation (GO:0060575)	1.0	1.0	0.0	0.0	0	8	
Interferon-Mediated Signaling Pathway (GO:0140888)	1.0	1.0	0.0	0.0	0	49	
Integrin Activation (GO:0033622)	1.0	1.0	0.0	0.0	0	8	
Integrated Stress Response Signaling (GO:0140467)	1.0	1.0	0.0	0.0	0	27	
Insulin-Like Growth Factor Receptor Signaling Pathway (GO:0048009)	1.0	1.0	0.0	0.0	0	10	
Insulin Secretion Involved In Cellular Response To Glucose Stimulus (GO:0035773)	1.0	1.0	0.0	0.0	0	5	
Insulin Secretion (GO:0030073)	1.0	1.0	0.0	0.0	0	17	
Interleukin-1-Mediated Signaling Pathway (GO:0070498)	1.0	1.0	0.0	0.0	0	19	
Insulin Receptor Signaling Pathway (GO:0008286)	1.0	1.0	0.0	0.0	0	47	
Insulin Metabolic Process (GO:1901142)	1.0	1.0	0.0	0.0	0	8	
Inositol Phosphate-Mediated Signaling (GO:0048016)	1.0	1.0	0.0	0.0	0	19	
Inositol Phosphate Metabolic Process (GO:0043647)	1.0	1.0	0.0	0.0	0	22	
Inositol Phosphate Biosynthetic Process (GO:0032958)	1.0	1.0	0.0	0.0	0	10	
Inositol Metabolic Process (GO:0006020)	1.0	1.0	0.0	0.0	0	6	
Inositol Lipid-Mediated Signaling (GO:0048017)	1.0	1.0	0.0	0.0	0	33	
Insulin Processing (GO:0030070)	1.0	1.0	0.0	0.0	0	5	
intra-Golgi Vesicle-Mediated Transport (GO:0006891)	1.0	1.0	0.0	0.0	0	32	
Interleukin-12-Mediated Signaling Pathway (GO:0035722)	1.0	1.0	0.0	0.0	0	8	
Intestinal Absorption (GO:0050892)	1.0	1.0	0.0	0.0	0	11	
Lipoprotein Localization (GO:0044872)	1.0	1.0	0.0	0.0	0	12	
Long-Chain Fatty Acid Catabolic Process (GO:0042758)	1.0	1.0	0.0	0.0	0	6	
Lipoprotein Catabolic Process (GO:0042159)	1.0	1.0	0.0	0.0	0	10	
Lactation (GO:0007595)	1.0	1.0	0.0	0.0	0	7	
Lactate Metabolic Process (GO:0006089)	1.0	1.0	0.0	0.0	0	7	
Learned Vocalization Behavior Or Vocal Learning (GO:0098598)	1.0	1.0	0.0	0.0	0	7	
Leukocyte Chemotaxis Involved In Inflammatory Response (GO:0002232)	1.0	1.0	0.0	0.0	0	5	
Leukotriene D4 Biosynthetic Process (GO:1901750)	1.0	1.0	0.0	0.0	0	7	
Leukotriene D4 Metabolic Process (GO:1901748)	1.0	1.0	0.0	0.0	0	9	
Lipid Phosphorylation (GO:0046834)	1.0	1.0	0.0	0.0	0	9	
Lipid Oxidation (GO:0034440)	1.0	1.0	0.0	0.0	0	13	
Lipid Modification (GO:0030258)	1.0	1.0	0.0	0.0	0	31	
Lipid Import Into Cell (GO:0140354)	1.0	1.0	0.0	0.0	0	7	
Lipid Hydroxylation (GO:0002933)	1.0	1.0	0.0	0.0	0	6	
Lipid Droplet Organization (GO:0034389)	1.0	1.0	0.0	0.0	0	28	
Lipid Droplet Formation (GO:0140042)	1.0	1.0	0.0	0.0	0	11	
Lipid Droplet Disassembly (GO:1905691)	1.0	1.0	0.0	0.0	0	5	
Lipid Catabolic Process (GO:0016042)	1.0	1.0	0.0	0.0	0	20	
Linoleic Acid Metabolic Process (GO:0043651)	1.0	1.0	0.0	0.0	0	19	
Limb Morphogenesis (GO:0035108)	1.0	1.0	0.0	0.0	0	20	
Limb Development (GO:0060173)	1.0	1.0	0.0	0.0	0	24	
Leukotriene Transport (GO:0071716)	1.0	1.0	0.0	0.0	0	6	
Leukotriene Metabolic Process (GO:0006691)	1.0	1.0	0.0	0.0	0	20	
Leukotriene Biosynthetic Process (GO:0019370)	1.0	1.0	0.0	0.0	0	17	
Inorganic Anion Transport (GO:0015698)	1.0	1.0	0.0	0.0	0	57	
Glucocorticoid Metabolic Process (GO:0008211)	1.0	1.0	0.0	0.0	0	7	
Inorganic Anion Transmembrane Transport (GO:0098661)	1.0	1.0	0.0	0.0	0	63	
Inner Ear Receptor Cell Stereocilium Organization (GO:0060122)	1.0	1.0	0.0	0.0	0	10	
Heat Acclimation (GO:0010286)	1.0	1.0	0.0	0.0	0	5	
Heart Trabecula Morphogenesis (GO:0061384)	1.0	1.0	0.0	0.0	0	18	
Late Endosome To Lysosome Transport (GO:1902774)	1.0	1.0	0.0	0.0	0	15	
Late Endosome To Vacuole Transport (GO:0045324)	1.0	1.0	0.0	0.0	0	19	
Late Endosome To Vacuole Transport Via Multivesicular Body Sorting Pathway (GO:0032511)	1.0	1.0	0.0	0.0	0	25	
Late Nucleophagy (GO:0044805)	1.0	1.0	0.0	0.0	0	7	
Lung Development (GO:0030324)	1.0	1.0	0.0	0.0	0	33	
Lymphatic Endothelial Cell Differentiation (GO:0060836)	1.0	1.0	0.0	0.0	0	7	
mRNA 5'-Splice Site Recognition (GO:0000395)	1.0	1.0	0.0	0.0	0	5	
mRNA 3'-Splice Site Recognition (GO:0000389)	1.0	1.0	0.0	0.0	0	5	
mRNA 3'-End Processing By Stem-Loop Binding And Cleavage (GO:0006398)	1.0	1.0	0.0	0.0	0	5	
Lytic Vacuole Organization (GO:0080171)	1.0	1.0	0.0	0.0	0	31	
Lysosome Organization (GO:0007040)	1.0	1.0	0.0	0.0	0	37	
Lysosome Localization (GO:0032418)	1.0	1.0	0.0	0.0	0	36	
Lung Epithelium Development (GO:0060428)	1.0	1.0	0.0	0.0	0	9	
Lysosomal Microautophagy (GO:0016237)	1.0	1.0	0.0	0.0	0	11	
Lymphoid Progenitor Cell Differentiation (GO:0002320)	1.0	1.0	0.0	0.0	0	6	
Lymphocyte Migration Into Lymphoid Organs (GO:0097021)	1.0	1.0	0.0	0.0	0	6	
Lymphocyte Migration (GO:0072676)	1.0	1.0	0.0	0.0	0	40	
Heart Process (GO:0003015)	1.0	1.0	0.0	0.0	0	16	
Lymphocyte Chemotaxis (GO:0048247)	1.0	1.0	0.0	0.0	0	43	
Lymphocyte Activation Involved In Immune Response (GO:0002285)	1.0	1.0	0.0	0.0	0	23	
Lysosomal Membrane Organization (GO:0097212)	1.0	1.0	0.0	0.0	0	11	
Lipoprotein Biosynthetic Process (GO:0042158)	1.0	1.0	0.0	0.0	0	14	
Lipopolysaccharide-Mediated Signaling Pathway (GO:0031663)	1.0	1.0	0.0	0.0	0	20	
Lipid Translocation (GO:0034204)	1.0	1.0	0.0	0.0	0	23	
Leukocyte Aggregation (GO:0070486)	1.0	1.0	0.0	0.0	0	7	
Leucine Transport (GO:0015820)	1.0	1.0	0.0	0.0	0	9	
Leucine Metabolic Process (GO:0006551)	1.0	1.0	0.0	0.0	0	6	
Leptin-Mediated Signaling Pathway (GO:0033210)	1.0	1.0	0.0	0.0	0	8	
Lens Fiber Cell Differentiation (GO:0070306)	1.0	1.0	0.0	0.0	0	8	
Lens Fiber Cell Development (GO:0070307)	1.0	1.0	0.0	0.0	0	7	
Leukocyte Apoptotic Process (GO:0071887)	1.0	1.0	0.0	0.0	0	5	
Learning (GO:0007612)	1.0	1.0	0.0	0.0	0	43	
Lymphocyte Apoptotic Process (GO:0070227)	1.0	1.0	0.0	0.0	0	7	
Homologous Chromosome Segregation (GO:0045143)	1.0	1.0	0.0	0.0	0	15	
Homologous Chromosome Pairing At Meiosis (GO:0007129)	1.0	1.0	0.0	0.0	0	21	
Homocysteine Metabolic Process (GO:0050667)	1.0	1.0	0.0	0.0	0	8	
NADH Metabolic Process (GO:0006734)	1.0	1.0	0.0	0.0	0	7	
NAD Metabolic Process (GO:0019674)	1.0	1.0	0.0	0.0	0	22	
DNA Deamination (GO:0045006)	1.0	1.0	0.0	0.0	0	12	
DNA Dealkylation Involved In DNA Repair (GO:0006307)	1.0	1.0	0.0	0.0	0	7	
DNA Dealkylation (GO:0035510)	1.0	1.0	0.0	0.0	0	7	
DNA Damage Response, Signal Transduction Resulting In Transcription (GO:0042772)	1.0	1.0	0.0	0.0	0	9	
DNA Damage Response, Signal Transduction By P53 Class Mediator Resulting In Transcription Of P21 Class Mediator (GO:0006978)	1.0	1.0	0.0	0.0	0	8	
DNA Damage Response, Signal Transduction By P53 Class Mediator Resulting In Cell Cycle Arrest (GO:0006977)	1.0	1.0	0.0	0.0	0	16	
DNA Double-Strand Break Processing (GO:0000729)	1.0	1.0	0.0	0.0	0	14	
DNA Damage Response, Signal Transduction By P53 Class Mediator (GO:0030330)	1.0	1.0	0.0	0.0	0	35	
DNA Damage Checkpoint Signaling (GO:0000077)	1.0	1.0	0.0	0.0	0	32	
DNA Cytosine Deamination (GO:0070383)	1.0	1.0	0.0	0.0	0	8	
DNA Conformation Change (GO:0071103)	1.0	1.0	0.0	0.0	0	11	
DNA Biosynthetic Process (GO:0071897)	1.0	1.0	0.0	0.0	0	16	
DNA Alkylation (GO:0006305)	1.0	1.0	0.0	0.0	0	15	
Cdc42 Protein Signal Transduction (GO:0032488)	1.0	1.0	0.0	0.0	0	7	
DNA Damage Response (GO:0006974)	1.0	1.0	0.0	0.0	0	349	
CRD-mediated mRNA Stabilization (GO:0070934)	1.0	1.0	0.0	0.0	0	10	
DNA Double-Strand Break Processing Involved In Repair Via Single-Strand Annealing (GO:0010792)	1.0	1.0	0.0	0.0	0	5	
DNA Geometric Change (GO:0032392)	1.0	1.0	0.0	0.0	0	28	
DNA Strand Resection Involved In Replication Fork Processing (GO:0110025)	1.0	1.0	0.0	0.0	0	5	
DNA Strand Elongation (GO:0022616)	1.0	1.0	0.0	0.0	0	11	
DNA Replication-Dependent Chromatin Assembly (GO:0006335)	1.0	1.0	0.0	0.0	0	5	
DNA Replication Initiation (GO:0006270)	1.0	1.0	0.0	0.0	0	21	
DNA Replication Checkpoint Signaling (GO:0000076)	1.0	1.0	0.0	0.0	0	17	
DNA Replication (GO:0006260)	1.0	1.0	0.0	0.0	0	72	
DNA Duplex Unwinding (GO:0032508)	1.0	1.0	0.0	0.0	0	39	
Amyloid Fibril Formation (GO:1990000)	1.0	1.0	0.0	0.0	0	22	
DNA Repair-Dependent Chromatin Remodeling (GO:0140861)	1.0	1.0	0.0	0.0	0	14	
NADPH Regeneration (GO:0006740)	1.0	1.0	0.0	0.0	0	12	
acyl-CoA Metabolic Process (GO:0006637)	1.0	1.0	0.0	0.0	0	28	
Activation Of NF-kappaB-inducing Kinase Activity (GO:0007250)	1.0	1.0	0.0	0.0	0	15	
Actin-Myosin Filament Sliding (GO:0033275)	1.0	1.0	0.0	0.0	0	11	
Activation Of Transmembrane Receptor Protein Tyrosine Kinase Activity (GO:0007171)	1.0	1.0	0.0	0.0	0	5	
Actin Nucleation (GO:0045010)	1.0	1.0	0.0	0.0	0	22	
Actin Filament Polymerization (GO:0030041)	1.0	1.0	0.0	0.0	0	28	
Actin Filament Network Formation (GO:0051639)	1.0	1.0	0.0	0.0	0	6	
Actin Filament Bundle Organization (GO:0061572)	1.0	1.0	0.0	0.0	0	31	
Actin Filament Bundle Assembly (GO:0051017)	1.0	1.0	0.0	0.0	0	33	
Acidic Amino Acid Transport (GO:0015800)	1.0	1.0	0.0	0.0	0	10	
Acid Secretion (GO:0046717)	1.0	1.0	0.0	0.0	0	8	
Actin Filament Reorganization (GO:0090527)	1.0	1.0	0.0	0.0	0	6	
Activin Receptor Signaling Pathway (GO:0032924)	1.0	1.0	0.0	0.0	0	15	
Acute Inflammatory Response (GO:0002526)	1.0	1.0	0.0	0.0	0	26	
Acute-Phase Response (GO:0006953)	1.0	1.0	0.0	0.0	0	13	
Adiponectin-Activated Signaling Pathway (GO:0033211)	1.0	1.0	0.0	0.0	0	5	
Adenylate Cyclase-Inhibiting Serotonin Receptor Signaling Pathway (GO:0007198)	1.0	1.0	0.0	0.0	0	6	
Adenylate Cyclase-Inhibiting G Protein-Coupled Receptor Signaling Pathway (GO:0007193)	1.0	1.0	0.0	0.0	0	52	
Adenylate Cyclase-Inhibiting G Protein-Coupled Acetylcholine Receptor Signaling Pathway (GO:0007197)	1.0	1.0	0.0	0.0	0	7	
Adenylate Cyclase-Activating Dopamine Receptor Signaling Pathway (GO:0007191)	1.0	1.0	0.0	0.0	0	5	
Adenylate Cyclase-Activating Adrenergic Receptor Signaling Pathway (GO:0071880)	1.0	1.0	0.0	0.0	0	15	
Adenosine To Inosine Editing (GO:0006382)	1.0	1.0	0.0	0.0	0	6	
Adenosine Metabolic Process (GO:0046085)	1.0	1.0	0.0	0.0	0	6	
Adenine Nucleotide Transport (GO:0051503)	1.0	1.0	0.0	0.0	0	20	
Negative Regulation Of Toll-Like Receptor Signaling Pathway (GO:0034122)	1.0	1.0	0.0	0.0	0	12	
Acylglycerol Homeostasis (GO:0055090)	1.0	1.0	0.0	0.0	0	22	
Acylglycerol Catabolic Process (GO:0046464)	1.0	1.0	0.0	0.0	0	24	
Acylglycerol Biosynthetic Process (GO:0046463)	1.0	1.0	0.0	0.0	0	20	
acyl-CoA Biosynthetic Process (GO:0071616)	1.0	1.0	0.0	0.0	0	12	
DNA Modification (GO:0006304)	1.0	1.0	0.0	0.0	0	17	
DNA Methylation-Dependent Heterochromatin Formation (GO:0006346)	1.0	1.0	0.0	0.0	0	10	
DNA Methylation Involved In Embryo Development (GO:0043045)	1.0	1.0	0.0	0.0	0	4	
C-terminal Protein Deglutamylation (GO:0035609)	1.0	1.0	0.0	0.0	0	5	
B Cell Receptor Signaling Pathway (GO:0050853)	1.0	1.0	0.0	0.0	0	45	
B Cell Proliferation (GO:0042100)	1.0	1.0	0.0	0.0	0	31	
B Cell Mediated Immunity (GO:0019724)	1.0	1.0	0.0	0.0	0	15	
B Cell Homeostasis (GO:0001782)	1.0	1.0	0.0	0.0	0	9	
B Cell Chemotaxis (GO:0035754)	1.0	1.0	0.0	0.0	0	5	
B Cell Activation Involved In Immune Response (GO:0002312)	1.0	1.0	0.0	0.0	0	14	
C-terminal Protein Amino Acid Modification (GO:0018410)	1.0	1.0	0.0	0.0	0	12	
DNA Topological Change (GO:0006265)	1.0	1.0	0.0	0.0	0	8	
DNA Unwinding Involved In DNA Replication (GO:0006268)	1.0	1.0	0.0	0.0	0	19	
DNA-templated DNA Replication (GO:0006261)	1.0	1.0	0.0	0.0	0	68	
L-glutamate Transmembrane Transport (GO:0015813)	1.0	1.0	0.0	0.0	0	14	
L-glutamate Import (GO:0051938)	1.0	1.0	0.0	0.0	0	15	
L-fucose Metabolic Process (GO:0042354)	1.0	1.0	0.0	0.0	0	8	
L-fucose Catabolic Process (GO:0042355)	1.0	1.0	0.0	0.0	0	8	
L-aspartate Transmembrane Transport (GO:0070778)	1.0	1.0	0.0	0.0	0	5	
L-aspartate Import Across Plasma Membrane (GO:0140009)	1.0	1.0	0.0	0.0	0	5	
L-methionine Salvage (GO:0071267)	1.0	1.0	0.0	0.0	0	6	
L-ascorbic Acid Metabolic Process (GO:0019852)	1.0	1.0	0.0	0.0	0	5	
L-amino Acid Transport (GO:0015807)	1.0	1.0	0.0	0.0	0	26	
L-alpha-amino Acid Transmembrane Transport (GO:1902475)	1.0	1.0	0.0	0.0	0	39	
L-alanine Transport (GO:0015808)	1.0	1.0	0.0	0.0	0	7	
JNK Cascade (GO:0007254)	1.0	1.0	0.0	0.0	0	28	
ISG15-protein Conjugation (GO:0032020)	1.0	1.0	0.0	0.0	0	5	
IRE1-mediated Unfolded Protein Response (GO:0036498)	1.0	1.0	0.0	0.0	0	6	
L-arginine Transmembrane Transport (GO:1903826)	1.0	1.0	0.0	0.0	0	7	
IMP Metabolic Process (GO:0046040)	1.0	1.0	0.0	0.0	0	8	
AV Node Cell To Bundle Of His Cell Communication (GO:0086067)	1.0	1.0	0.0	0.0	0	6	
C-terminal Protein Lipidation (GO:0006501)	1.0	1.0	0.0	0.0	0	5	
C4-dicarboxylate Transport (GO:0015740)	1.0	1.0	0.0	0.0	0	12	
CD4-positive, Alpha-Beta T Cell Activation (GO:0035710)	1.0	1.0	0.0	0.0	0	5	
DNA Methylation (GO:0006306)	1.0	1.0	0.0	0.0	0	20	
DNA Ligation (GO:0006266)	1.0	1.0	0.0	0.0	0	7	
DNA Integrity Checkpoint Signaling (GO:0031570)	1.0	1.0	0.0	0.0	0	40	
DNA Recombination (GO:0006310)	1.0	1.0	0.0	0.0	0	41	
DNA Synthesis Involved In DNA Repair (GO:0000731)	1.0	1.0	0.0	0.0	0	24	
COPII-coated Vesicle Cargo Loading (GO:0090110)	1.0	1.0	0.0	0.0	0	14	
COPII Vesicle Coating (GO:0048208)	1.0	1.0	0.0	0.0	0	18	
ATP Synthesis Coupled Electron Transport (GO:0042773)	1.0	1.0	0.0	0.0	0	5	
ATF6-mediated Unfolded Protein Response (GO:0036500)	1.0	1.0	0.0	0.0	0	6	
AMP Metabolic Process (GO:0046033)	1.0	1.0	0.0	0.0	0	9	
AMP Biosynthetic Process (GO:0006167)	1.0	1.0	0.0	0.0	0	6	
ADP Transport (GO:0015866)	1.0	1.0	0.0	0.0	0	7	
7-Methylguanosine mRNA Capping (GO:0006370)	1.0	1.0	0.0	0.0	0	4	
Activation Of Adenylate Cyclase Activity (GO:0007190)	1.0	1.0	0.0	0.0	0	19	
ATP Transport (GO:0015867)	1.0	1.0	0.0	0.0	0	13	
5S Class rRNA Transcription By RNA Polymerase III (GO:0042791)	1.0	1.0	0.0	0.0	0	5	
3'-Phosphoadenosine 5'-Phosphosulfate Metabolic Process (GO:0050427)	1.0	1.0	0.0	0.0	0	15	
3'-UTR-mediated mRNA Stabilization (GO:0070935)	1.0	1.0	0.0	0.0	0	18	
3'-UTR-mediated mRNA Destabilization (GO:0061158)	1.0	1.0	0.0	0.0	0	15	
2-Oxoglutarate Metabolic Process (GO:0006103)	1.0	1.0	0.0	0.0	0	14	
'De Novo' Post-Translational Protein Folding (GO:0051084)	1.0	1.0	0.0	0.0	0	30	
7-Methylguanosine RNA Capping (GO:0009452)	1.0	1.0	0.0	0.0	0	4	
COPII-coated Vesicle Budding (GO:0090114)	1.0	1.0	0.0	0.0	0	35	
AV Node Cell Action Potential (GO:0086016)	1.0	1.0	0.0	0.0	0	6	
Arp2/3 Complex-Mediated Actin Nucleation (GO:0034314)	1.0	1.0	0.0	0.0	0	18	
COPI-coated Vesicle Budding (GO:0035964)	1.0	1.0	0.0	0.0	0	5	
COPI Coating Of Golgi Vesicle (GO:0048205)	1.0	1.0	0.0	0.0	0	5	
CENP-A Containing Chromatin Assembly (GO:0034080)	1.0	1.0	0.0	0.0	0	6	
7-Methylguanosine Cap Hypermethylation (GO:0036261)	1.0	1.0	0.0	0.0	0	7	
Activation Of Cysteine-Type Endopeptidase Activity Involved In Apoptotic Process (GO:0006919)	1.0	1.0	0.0	0.0	0	64	
Activation Of Cysteine-Type Endopeptidase Activity Involved In Apoptotic Process By Cytochrome C (GO:0008635)	1.0	1.0	0.0	0.0	0	5	
Activation Of Protein Kinase B Activity (GO:0032148)	1.0	1.0	0.0	0.0	0	25	
Wnt Signaling Pathway Involved In Midbrain Dopaminergic Neuron Differentiation (GO:1904953)	1.0	1.0	0.0	0.0	0	9	
UV-damage Excision Repair (GO:0070914)	1.0	1.0	0.0	0.0	0	11	
UV Protection (GO:0009650)	1.0	1.0	0.0	0.0	0	7	
UDP-N-acetylglucosamine Metabolic Process (GO:0006047)	1.0	1.0	0.0	0.0	0	10	
UDP-N-acetylglucosamine Biosynthetic Process (GO:0006048)	1.0	1.0	0.0	0.0	0	8	
U4 snRNA 3'-End Processing (GO:0034475)	1.0	1.0	0.0	0.0	0	7	
T-helper 17 Cell Lineage Commitment (GO:0072540)	1.0	1.0	0.0	0.0	0	7	
U2-type Prespliceosome Assembly (GO:1903241)	1.0	1.0	0.0	0.0	0	22	
TRAIL-activated Apoptotic Signaling Pathway (GO:0036462)	1.0	1.0	0.0	0.0	0	6	
TORC2 Signaling (GO:0038203)	1.0	1.0	0.0	0.0	0	5	
TORC1 Signaling (GO:0038202)	1.0	1.0	0.0	0.0	0	10	
TOR Signaling (GO:0031929)	1.0	1.0	0.0	0.0	0	28	
T-helper Cell Lineage Commitment (GO:0002295)	1.0	1.0	0.0	0.0	0	10	
T-helper Cell Differentiation (GO:0042093)	1.0	1.0	0.0	0.0	0	18	
TRIF-dependent Toll-Like Receptor Signaling Pathway (GO:0035666)	1.0	1.0	0.0	0.0	0	7	
Wnt Signaling Pathway, Planar Cell Polarity Pathway (GO:0060071)	1.0	1.0	0.0	0.0	0	26	
SA Node Cell Action Potential (GO:0086015)	1.0	1.0	0.0	0.0	0	6	
Rap Protein Signal Transduction (GO:0032486)	1.0	1.0	0.0	0.0	0	9	
RNA Decapping (GO:0110154)	1.0	1.0	0.0	0.0	0	5	
RNA Catabolic Process (GO:0006401)	1.0	1.0	0.0	0.0	0	54	
RNA Capping (GO:0036260)	1.0	1.0	0.0	0.0	0	7	
RNA Biosynthetic Process (GO:0032774)	1.0	1.0	0.0	0.0	0	28	
RNA 3'-End Processing (GO:0031123)	1.0	1.0	0.0	0.0	0	31	
RISC Complex Assembly (GO:0070922)	1.0	1.0	0.0	0.0	0	8	
RNA Destabilization (GO:0050779)	1.0	1.0	0.0	0.0	0	18	
RIG-I Signaling Pathway (GO:0039529)	1.0	1.0	0.0	0.0	0	4	
PML Body Organization (GO:0030578)	1.0	1.0	0.0	0.0	0	5	
T-helper 2 Cell Differentiation (GO:0045064)	1.0	1.0	0.0	0.0	0	5	
T-helper 17 Cell Differentiation (GO:0072539)	1.0	1.0	0.0	0.0	0	8	
SCF-dependent Proteasomal Ubiquitin-Dependent Protein Catabolic Process (GO:0031146)	1.0	1.0	0.0	0.0	0	40	
T Cell Apoptotic Process (GO:0070231)	1.0	1.0	0.0	0.0	0	7	
Histone Ubiquitination (GO:0016574)	1.0	1.0	0.0	0.0	0	9	
Histone Monoubiquitination (GO:0010390)	1.0	1.0	0.0	0.0	0	12	
Histone Modification (GO:0016570)	1.0	1.0	0.0	0.0	0	77	
Histone Methylation (GO:0016571)	1.0	1.0	0.0	0.0	0	9	
Histone mRNA Metabolic Process (GO:0008334)	1.0	1.0	0.0	0.0	0	19	
Histone mRNA Catabolic Process (GO:0071044)	1.0	1.0	0.0	0.0	0	10	
Histone Lysine Methylation (GO:0034968)	1.0	1.0	0.0	0.0	0	31	
Histone Lysine Demethylation (GO:0070076)	1.0	1.0	0.0	0.0	0	7	
Histone Deubiquitination (GO:0016578)	1.0	1.0	0.0	0.0	0	32	
Histone Deacetylation (GO:0016575)	1.0	1.0	0.0	0.0	0	36	
Inner Mitochondrial Membrane Organization (GO:0007007)	1.0	1.0	0.0	0.0	0	26	
mRNA Catabolic Process (GO:0006402)	1.0	1.0	0.0	0.0	0	39	
Chromosome Condensation (GO:0030261)	1.0	1.0	0.0	0.0	0	19	
PERK-mediated Unfolded Protein Response (GO:0036499)	1.0	1.0	0.0	0.0	0	5	
Chromatin Remodeling (GO:0006338)	1.0	1.0	0.0	0.0	0	214	
T Cell Proliferation (GO:0042098)	1.0	1.0	0.0	0.0	0	14	
T Cell Migration (GO:0072678)	1.0	1.0	0.0	0.0	0	17	
T Cell Homeostasis (GO:0043029)	1.0	1.0	0.0	0.0	0	14	
T Cell Differentiation In Thymus (GO:0033077)	1.0	1.0	0.0	0.0	0	13	
T Cell Differentiation (GO:0030217)	1.0	1.0	0.0	0.0	0	46	
T-helper 1 Type Immune Response (GO:0042088)	1.0	1.0	0.0	0.0	0	9	
T Cell Chemotaxis (GO:0010818)	1.0	1.0	0.0	0.0	0	10	
T Cell Activation Involved In Immune Response (GO:0002286)	1.0	1.0	0.0	0.0	0	27	
T Cell Activation (GO:0042110)	1.0	1.0	0.0	0.0	0	108	
SRP-dependent Cotranslational Protein Targeting To Membrane (GO:0006614)	1.0	1.0	0.0	0.0	0	9	
SREBP Signaling Pathway (GO:0032933)	1.0	1.0	0.0	0.0	0	7	
SNARE Complex Assembly (GO:0035493)	1.0	1.0	0.0	0.0	0	9	
SMAD Protein Complex Assembly (GO:0007183)	1.0	1.0	0.0	0.0	0	5	
T-helper 1 Cell Differentiation (GO:0045063)	1.0	1.0	0.0	0.0	0	5	
L-phenylalanine Metabolic Process (GO:0006558)	1.0	1.0	0.0	0.0	0	5	
P-body Assembly (GO:0033962)	1.0	1.0	0.0	0.0	0	11	
NLS-bearing Protein Import Into Nucleus (GO:0006607)	1.0	1.0	0.0	0.0	0	17	
Alanine Transport (GO:0032328)	1.0	1.0	0.0	0.0	0	12	
Aggrephagy (GO:0035973)	1.0	1.0	0.0	0.0	0	6	
Aerobic Respiration (GO:0009060)	1.0	1.0	0.0	0.0	0	56	
Aerobic Electron Transport Chain (GO:0019646)	1.0	1.0	0.0	0.0	0	65	
Adult Locomotory Behavior (GO:0008344)	1.0	1.0	0.0	0.0	0	11	
Aldehyde Biosynthetic Process (GO:0046184)	1.0	1.0	0.0	0.0	0	6	
Adult Heart Development (GO:0007512)	1.0	1.0	0.0	0.0	0	8	
Amide Transport (GO:0042886)	1.0	1.0	0.0	0.0	0	30	
Amine Transport (GO:0015837)	1.0	1.0	0.0	0.0	0	7	
Amylin Receptor Signaling Pathway (GO:0097647)	1.0	1.0	0.0	0.0	0	5	
Ammonium Transmembrane Transport (GO:0072488)	1.0	1.0	0.0	0.0	0	10	
Ammonium Homeostasis (GO:0097272)	1.0	1.0	0.0	0.0	0	5	
Aminophospholipid Transport (GO:0015917)	1.0	1.0	0.0	0.0	0	5	
Aminoglycan Metabolic Process (GO:0006022)	1.0	1.0	0.0	0.0	0	9	
Aminoglycan Catabolic Process (GO:0006026)	1.0	1.0	0.0	0.0	0	14	
Amine Metabolic Process (GO:0009308)	1.0	1.0	0.0	0.0	0	9	
Amino-Acid Betaine Transport (GO:0015838)	1.0	1.0	0.0	0.0	0	7	
Amino Sugar Catabolic Process (GO:0046348)	1.0	1.0	0.0	0.0	0	7	
Amino Sugar Biosynthetic Process (GO:0046349)	1.0	1.0	0.0	0.0	0	9	
Amino Acid Transport (GO:0006865)	1.0	1.0	0.0	0.0	0	46	
Amino Acid Transmembrane Transport (GO:0003333)	1.0	1.0	0.0	0.0	0	42	
Amino Acid Import Across Plasma Membrane (GO:0089718)	1.0	1.0	0.0	0.0	0	27	
Amino Acid Catabolic Process (GO:0009063)	1.0	1.0	0.0	0.0	0	37	
Amino-Acid Betaine Metabolic Process (GO:0006577)	1.0	1.0	0.0	0.0	0	6	
Adult Feeding Behavior (GO:0008343)	1.0	1.0	0.0	0.0	0	6	
Adrenal Gland Development (GO:0030325)	1.0	1.0	0.0	0.0	0	9	
Adipose Tissue Development (GO:0060612)	1.0	1.0	0.0	0.0	0	12	
Alcohol Catabolic Process (GO:0046164)	1.0	1.0	0.0	0.0	0	8	
Aldehyde Catabolic Process (GO:0046185)	1.0	1.0	0.0	0.0	0	7	
Alternative mRNA Splicing, Via Spliceosome (GO:0000380)	1.0	1.0	0.0	0.0	0	16	
Alditol Metabolic Process (GO:0019400)	1.0	1.0	0.0	0.0	0	6	
NIK/NF-kappaB Signaling (GO:0038061)	1.0	1.0	0.0	0.0	0	32	
R-loop Processing (GO:0062176)	1.0	1.0	0.0	0.0	0	5	
Rho Protein Signal Transduction (GO:0007266)	1.0	1.0	0.0	0.0	0	50	
RNA Export From Nucleus (GO:0006405)	1.0	1.0	0.0	0.0	0	64	
RNA Methylation (GO:0001510)	1.0	1.0	0.0	0.0	0	58	
RNA-templated DNA Biosynthetic Process (GO:0006278)	1.0	1.0	0.0	0.0	0	18	
RNA-mediated Gene Silencing (GO:0031047)	1.0	1.0	0.0	0.0	0	29	
RNA Transport (GO:0050658)	1.0	1.0	0.0	0.0	0	38	
RNA Stabilization (GO:0043489)	1.0	1.0	0.0	0.0	0	30	
RNA Splicing, Via Transesterification Reactions With Bulged Adenosine As Nucleophile (GO:0000377)	1.0	1.0	0.0	0.0	0	171	
RNA Splicing, Via Transesterification Reactions (GO:0000375)	1.0	1.0	0.0	0.0	0	24	
RNA Metabolic Process (GO:0016070)	1.0	1.0	0.0	0.0	0	109	
RNA Splicing, Via Endonucleolytic Cleavage And Ligation (GO:0000394)	1.0	1.0	0.0	0.0	0	10	
Notch Receptor Processing (GO:0007220)	1.0	1.0	0.0	0.0	0	7	
RNA Secondary Structure Unwinding (GO:0010501)	1.0	1.0	0.0	0.0	0	8	
RNA Polymerase II Preinitiation Complex Assembly (GO:0051123)	1.0	1.0	0.0	0.0	0	46	
RNA Phosphodiester Bond Hydrolysis, Endonucleolytic (GO:0090502)	1.0	1.0	0.0	0.0	0	14	
RNA Phosphodiester Bond Hydrolysis (GO:0090501)	1.0	1.0	0.0	0.0	0	27	
RNA Modification (GO:0009451)	1.0	1.0	0.0	0.0	0	47	
RNA Splicing (GO:0008380)	1.0	1.0	0.0	0.0	0	96	
[2Fe-2S] Cluster Assembly (GO:0044571)	1.0	1.0	0.0	0.0	0	8	
acetyl-CoA Biosynthetic Process (GO:0006085)	1.0	1.0	0.0	0.0	0	12	
acetyl-CoA Biosynthetic Process From Pyruvate (GO:0006086)	1.0	1.0	0.0	0.0	0	5	
Alpha-Linolenic Acid Metabolic Process (GO:0036109)	1.0	1.0	0.0	0.0	0	9	
Alpha-Beta T Cell Activation (GO:0046631)	1.0	1.0	0.0	0.0	0	14	
Alpha-Amino Acid Metabolic Process (GO:1901605)	1.0	1.0	0.0	0.0	0	26	
Alpha-Amino Acid Catabolic Process (GO:1901606)	1.0	1.0	0.0	0.0	0	29	
Alpha-Amino Acid Biosynthetic Process (GO:1901607)	1.0	1.0	0.0	0.0	0	10	
RNA Processing (GO:0006396)	1.0	1.0	0.0	0.0	0	175	
Negative Regulation Of Telomere Maintenance Via Telomere Lengthening (GO:1904357)	1.0	1.0	0.0	0.0	0	24	
Microtubule Polymerization (GO:0046785)	1.0	1.0	0.0	0.0	0	33	
Negative Regulation Of Telomere Maintenance (GO:0032205)	1.0	1.0	0.0	0.0	0	15	
Mitochondrion Morphogenesis (GO:0070584)	1.0	1.0	0.0	0.0	0	9	
Mitochondrion Distribution (GO:0048311)	1.0	1.0	0.0	0.0	0	11	
Mitochondrion Disassembly (GO:0061726)	1.0	1.0	0.0	0.0	0	36	
Mitochondrial Transport (GO:0006839)	1.0	1.0	0.0	0.0	0	49	
Mitochondrial Translational Elongation (GO:0070125)	1.0	1.0	0.0	0.0	0	5	
Mitochondrial Transcription (GO:0006390)	1.0	1.0	0.0	0.0	0	7	
Mitochondrial Protein Catabolic Process (GO:0035694)	1.0	1.0	0.0	0.0	0	5	
Mitochondrial tRNA Processing (GO:0090646)	1.0	1.0	0.0	0.0	0	5	
Mitochondrial Ribosome Assembly (GO:0061668)	1.0	1.0	0.0	0.0	0	6	
Mitochondrial Respiratory Chain Complex Assembly (GO:0033108)	1.0	1.0	0.0	0.0	0	78	
Mitochondrial Respiratory Chain Complex III Assembly (GO:0034551)	1.0	1.0	0.0	0.0	0	6	
Mitochondrial Respiratory Chain Complex I Assembly (GO:0032981)	1.0	1.0	0.0	0.0	0	49	
Mitochondrial Respirasome Assembly (GO:0097250)	1.0	1.0	0.0	0.0	0	8	
Mitochondrial Proton-Transporting ATP Synthase Complex Assembly (GO:0033615)	1.0	1.0	0.0	0.0	0	5	
Mitochondrial tRNA Modification (GO:0070900)	1.0	1.0	0.0	0.0	0	7	
Mitochondrial ATP Synthesis Coupled Electron Transport (GO:0042775)	1.0	1.0	0.0	0.0	0	66	
Mismatch Repair (GO:0006298)	1.0	1.0	0.0	0.0	0	25	
Midbrain Dopaminergic Neuron Differentiation (GO:1904948)	1.0	1.0	0.0	0.0	0	10	
Metaphase Plate Congression (GO:0051310)	1.0	1.0	0.0	0.0	0	51	
Metanephros Development (GO:0001656)	1.0	1.0	0.0	0.0	0	25	
Metanephric Nephron Tubule Development (GO:0072234)	1.0	1.0	0.0	0.0	0	6	
Metanephric Mesenchyme Development (GO:0072075)	1.0	1.0	0.0	0.0	0	10	
Metanephric Collecting Duct Development (GO:0072205)	1.0	1.0	0.0	0.0	0	5	
Metallo-Sulfur Cluster Assembly (GO:0031163)	1.0	1.0	0.0	0.0	0	23	
Methionine Metabolic Process (GO:0006555)	1.0	1.0	0.0	0.0	0	7	
Mesonephros Development (GO:0001823)	1.0	1.0	0.0	0.0	0	10	
Mesodermal Cell Fate Commitment (GO:0001710)	1.0	1.0	0.0	0.0	0	5	
Mitochondrial Protein Processing (GO:0034982)	1.0	1.0	0.0	0.0	0	9	
Mesoderm Morphogenesis (GO:0048332)	1.0	1.0	0.0	0.0	0	10	
Mitochondrial Outer Membrane Permeabilization (GO:0097345)	1.0	1.0	0.0	0.0	0	6	
Mitochondrial Cytochrome C Oxidase Assembly (GO:0033617)	1.0	1.0	0.0	0.0	0	18	
Maintenance Of Protein Localization In Endoplasmic Reticulum (GO:0035437)	1.0	1.0	0.0	0.0	0	10	
Macrophage Chemotaxis (GO:0048246)	1.0	1.0	0.0	0.0	0	10	
Maintenance Of Lens Transparency (GO:0036438)	1.0	1.0	0.0	0.0	0	6	
Maintenance Of Epithelial Cell Apical/Basal Polarity (GO:0045199)	1.0	1.0	0.0	0.0	0	8	
Maintenance Of Apical/Basal Cell Polarity (GO:0035090)	1.0	1.0	0.0	0.0	0	8	
Magnesium Ion Transport (GO:0015693)	1.0	1.0	0.0	0.0	0	10	
Macropinocytosis (GO:0044351)	1.0	1.0	0.0	0.0	0	6	
Macrophage Migration (GO:1905517)	1.0	1.0	0.0	0.0	0	11	
Macrophage Differentiation (GO:0030225)	1.0	1.0	0.0	0.0	0	21	
Maintenance Of Gastrointestinal Epithelium (GO:0030277)	1.0	1.0	0.0	0.0	0	17	
Membrane Protein Intracellular Domain Proteolysis (GO:0031293)	1.0	1.0	0.0	0.0	0	13	
Mesenchymal Cell Differentiation Involved In Kidney Development (GO:0072161)	1.0	1.0	0.0	0.0	0	5	
Mesenchymal Cell Migration (GO:0090497)	1.0	1.0	0.0	0.0	0	32	
Mitochondrial Genome Maintenance (GO:0000002)	1.0	1.0	0.0	0.0	0	11	
Mitochondrial Fusion (GO:0008053)	1.0	1.0	0.0	0.0	0	15	
Mitochondrial Fragmentation Involved In Apoptotic Process (GO:0043653)	1.0	1.0	0.0	0.0	0	8	
Mitochondrial Fission (GO:0000266)	1.0	1.0	0.0	0.0	0	12	
Mitochondrial Electron Transport, Ubiquinol To Cytochrome C (GO:0006122)	1.0	1.0	0.0	0.0	0	10	
Mitochondrial Electron Transport, Cytochrome C To Oxygen (GO:0006123)	1.0	1.0	0.0	0.0	0	15	
Mitochondrial Membrane Organization (GO:0007006)	1.0	1.0	0.0	0.0	0	27	
Mitochondrial Electron Transport, NADH To Ubiquinone (GO:0006120)	1.0	1.0	0.0	0.0	0	34	
Mitochondrial Calcium Ion Transmembrane Transport (GO:0006851)	1.0	1.0	0.0	0.0	0	12	
Mitochondrial Calcium Ion Homeostasis (GO:0051560)	1.0	1.0	0.0	0.0	0	18	
Mitochondrial RNA Processing (GO:0000963)	1.0	1.0	0.0	0.0	0	9	
Mitochondrial RNA Metabolic Process (GO:0000959)	1.0	1.0	0.0	0.0	0	15	
Mitochondrial RNA 3'-End Processing (GO:0000965)	1.0	1.0	0.0	0.0	0	5	
Mitochondrial DNA Replication (GO:0006264)	1.0	1.0	0.0	0.0	0	8	
Mitochondrial DNA Metabolic Process (GO:0032042)	1.0	1.0	0.0	0.0	0	12	
Mesoderm Development (GO:0007498)	1.0	1.0	0.0	0.0	0	17	
Mesenchyme Development (GO:0060485)	1.0	1.0	0.0	0.0	0	17	
Mesenchymal To Epithelial Transition Involved In Metanephros Morphogenesis (GO:0003337)	1.0	1.0	0.0	0.0	0	5	
Negative Regulation Of mRNA Splicing, Via Spliceosome (GO:0048025)	1.0	1.0	0.0	0.0	0	14	
Negative Regulation Of mRNA Processing (GO:0050686)	1.0	1.0	0.0	0.0	0	15	
Negative Regulation Of mRNA Catabolic Process (GO:1902373)	1.0	1.0	0.0	0.0	0	34	
Negative Regulation Of Lymphocyte Proliferation (GO:0050672)	1.0	1.0	0.0	0.0	0	39	
Negative Regulation Of Lymphocyte Migration (GO:2000402)	1.0	1.0	0.0	0.0	0	9	
Negative Regulation Of Lymphocyte Differentiation (GO:0045620)	1.0	1.0	0.0	0.0	0	6	
Negative Regulation Of Macrophage Derived Foam Cell Differentiation (GO:0010745)	1.0	1.0	0.0	0.0	0	12	
Negative Regulation Of Lymphocyte Apoptotic Process (GO:0070229)	1.0	1.0	0.0	0.0	0	9	
Negative Regulation Of miRNA Transcription (GO:1902894)	1.0	1.0	0.0	0.0	0	20	
Negative Regulation Of Microtubule Depolymerization (GO:0007026)	1.0	1.0	0.0	0.0	0	18	
Negative Regulation Of Monooxygenase Activity (GO:0032769)	1.0	1.0	0.0	0.0	0	7	
Negative Regulation Of Mononuclear Cell Migration (GO:0071676)	1.0	1.0	0.0	0.0	0	11	
Negative Regulation Of Monocyte Chemotaxis (GO:0090027)	1.0	1.0	0.0	0.0	0	5	
Negative Regulation Of Monoatomic Ion Transport (GO:0043271)	1.0	1.0	0.0	0.0	0	18	
Negative Regulation Of Mitotic Nuclear Division (GO:0045839)	1.0	1.0	0.0	0.0	0	8	
Negative Regulation Of Mitotic Metaphase/Anaphase Transition (GO:0045841)	1.0	1.0	0.0	0.0	0	27	
Negative Regulation Of miRNA-mediated Gene Silencing (GO:0060965)	1.0	1.0	0.0	0.0	0	5	
Negative Regulation Of Mitotic Cell Cycle (GO:0045930)	1.0	1.0	0.0	0.0	0	34	
Negative Regulation Of Mitochondrial Outer Membrane Permeabilization Involved In Apoptotic Signaling Pathway (GO:1901029)	1.0	1.0	0.0	0.0	0	10	
Negative Regulation Of Mitochondrial Membrane Potential (GO:0010917)	1.0	1.0	0.0	0.0	0	7	
Negative Regulation Of Mitochondrial Membrane Permeability (GO:0035795)	1.0	1.0	0.0	0.0	0	12	
Negative Regulation Of Mitochondrial Fusion (GO:0010637)	1.0	1.0	0.0	0.0	0	6	
Negative Regulation Of Microtubule Polymerization Or Depolymerization (GO:0031111)	1.0	1.0	0.0	0.0	0	29	
Negative Regulation Of Microtubule Polymerization (GO:0031115)	1.0	1.0	0.0	0.0	0	11	
Negative Regulation Of Mitochondrion Organization (GO:0010823)	1.0	1.0	0.0	0.0	0	37	
Negative Regulation Of Morphogenesis Of An Epithelium (GO:1905331)	1.0	1.0	0.0	0.0	0	5	
Negative Regulation Of Lymphocyte Activation (GO:0051250)	1.0	1.0	0.0	0.0	0	23	
Negative Regulation Of Macrophage Migration (GO:1905522)	1.0	1.0	0.0	0.0	0	7	
Negative Regulation Of miRNA Processing (GO:1903799)	1.0	1.0	0.0	0.0	0	6	
Negative Regulation Of Mast Cell Activation (GO:0033004)	1.0	1.0	0.0	0.0	0	5	
Negative Regulation Of Meiotic Cell Cycle (GO:0051447)	1.0	1.0	0.0	0.0	0	5	
Mesenchymal To Epithelial Transition (GO:0060231)	1.0	1.0	0.0	0.0	0	9	
Mesonephric Tubule Development (GO:0072164)	1.0	1.0	0.0	0.0	0	16	
Methylguanosine-Cap Decapping (GO:0110156)	1.0	1.0	0.0	0.0	0	11	
miRNA Catabolic Process (GO:0010587)	1.0	1.0	0.0	0.0	0	6	
miRNA Metabolic Process (GO:0010586)	1.0	1.0	0.0	0.0	0	12	
Midbody Abscission (GO:0061952)	1.0	1.0	0.0	0.0	0	15	
Microvillus Organization (GO:0032528)	1.0	1.0	0.0	0.0	0	12	
Microvillus Assembly (GO:0030033)	1.0	1.0	0.0	0.0	0	13	
Microtubule Polymerization Or Depolymerization (GO:0031109)	1.0	1.0	0.0	0.0	0	26	
Keratan Sulfate Metabolic Process (GO:0042339)	1.0	1.0	0.0	0.0	0	16	
Microtubule Nucleation (GO:0007020)	1.0	1.0	0.0	0.0	0	23	
Microtubule Depolymerization (GO:0007019)	1.0	1.0	0.0	0.0	0	17	
Microtubule Cytoskeleton Organization Involved In Mitosis (GO:1902850)	1.0	1.0	0.0	0.0	0	56	
Maintenance Of Protein Localization In Organelle (GO:0072595)	1.0	1.0	0.0	0.0	0	17	
Microtubule Bundle Formation (GO:0001578)	1.0	1.0	0.0	0.0	0	41	
Microtubule Anchoring At Centrosome (GO:0034454)	1.0	1.0	0.0	0.0	0	10	
Microtubule Anchoring (GO:0034453)	1.0	1.0	0.0	0.0	0	9	
miRNA-mediated Gene Silencing By Inhibition Of Translation (GO:0035278)	1.0	1.0	0.0	0.0	0	14	
miRNA-mediated Gene Silencing (GO:0035195)	1.0	1.0	0.0	0.0	0	26	
miRNA Processing (GO:0035196)	1.0	1.0	0.0	0.0	0	28	
Mitochondrion Transport Along Microtubule (GO:0047497)	1.0	1.0	0.0	0.0	0	14	
Negative Regulation Of Protein-Containing Complex Disassembly (GO:0043242)	1.0	1.0	0.0	0.0	0	7	
Negative Regulation Of Alpha-Beta T Cell Differentiation (GO:0046639)	1.0	1.0	0.0	0.0	0	8	
Negative Regulation Of Amide Metabolic Process (GO:0034249)	1.0	1.0	0.0	0.0	0	89	
Negative Regulation Of miRNA Metabolic Process (GO:2000629)	1.0	1.0	0.0	0.0	0	20	
Negative Regulation Of Membrane Protein Ectodomain Proteolysis (GO:0051045)	1.0	1.0	0.0	0.0	0	6	
Negative Regulation Of Membrane Potential (GO:0045837)	1.0	1.0	0.0	0.0	0	8	
Negative Regulation Of Meiotic Nuclear Division (GO:0045835)	1.0	1.0	0.0	0.0	0	6	
Microtubule Anchoring At Microtubule Organizing Center (GO:0072393)	1.0	1.0	0.0	0.0	0	12	
Negative Regulation Of Long-Term Synaptic Potentiation (GO:1900272)	1.0	1.0	0.0	0.0	0	8	
Maintenance Of Protein Location In Extracellular Region (GO:0071694)	1.0	1.0	0.0	0.0	0	6	
Maintenance Of Synapse Structure (GO:0099558)	1.0	1.0	0.0	0.0	0	10	
ncRNA Transcription (GO:0098781)	1.0	1.0	0.0	0.0	0	9	
ncRNA Processing (GO:0034470)	1.0	1.0	0.0	0.0	0	92	
ncRNA Metabolic Process (GO:0034660)	1.0	1.0	0.0	0.0	0	13	
ncRNA Export From Nucleus (GO:0097064)	1.0	1.0	0.0	0.0	0	7	
Negative Chemotaxis (GO:0050919)	1.0	1.0	0.0	0.0	0	31	
ncRNA Catabolic Process (GO:0034661)	1.0	1.0	0.0	0.0	0	29	
Natural Killer Cell Mediated Cytotoxicity (GO:0042267)	1.0	1.0	0.0	0.0	0	24	
Natural Killer Cell Differentiation (GO:0001779)	1.0	1.0	0.0	0.0	0	7	
Natural Killer Cell Degranulation (GO:0043320)	1.0	1.0	0.0	0.0	0	5	
Natural Killer Cell Activation Involved In Immune Response (GO:0002323)	1.0	1.0	0.0	0.0	0	22	
Myotube Cell Development (GO:0014904)	1.0	1.0	0.0	0.0	0	12	
Myoblast Migration (GO:0051451)	1.0	1.0	0.0	0.0	0	7	
Natural Killer Cell Mediated Immunity (GO:0002228)	1.0	1.0	0.0	0.0	0	22	
Negative Regulation By Host Of Viral Genome Replication (GO:0044828)	1.0	1.0	0.0	0.0	0	7	
Negative Regulation By Host Of Viral Process (GO:0044793)	1.0	1.0	0.0	0.0	0	11	
Negative Regulation By Host Of Viral Transcription (GO:0043922)	1.0	1.0	0.0	0.0	0	12	
Negative Regulation Of DNA Replication (GO:0008156)	1.0	1.0	0.0	0.0	0	14	
Negative Regulation Of DNA Recombination (GO:0045910)	1.0	1.0	0.0	0.0	0	24	
Negative Regulation Of DNA Metabolic Process (GO:0051053)	1.0	1.0	0.0	0.0	0	36	
Negative Regulation Of DNA Damage Response, Signal Transduction By P53 Class Mediator (GO:0043518)	1.0	1.0	0.0	0.0	0	11	
Negative Regulation Of DNA Biosynthetic Process (GO:2000279)	1.0	1.0	0.0	0.0	0	29	
Negative Regulation Of DNA Binding (GO:0043392)	1.0	1.0	0.0	0.0	0	28	
Negative Regulation Of CD8-positive, Alpha-Beta T Cell Activation (GO:2001186)	1.0	1.0	0.0	0.0	0	6	
Negative Regulation Of CD4-positive, Alpha-Beta T Cell Proliferation (GO:2000562)	1.0	1.0	0.0	0.0	0	5	
Negative Regulation Of BMP Signaling Pathway (GO:0030514)	1.0	1.0	0.0	0.0	0	42	
Negative Regulation Of B Cell Receptor Signaling Pathway (GO:0050859)	1.0	1.0	0.0	0.0	0	5	
Negative Regulation Of B Cell Proliferation (GO:0030889)	1.0	1.0	0.0	0.0	0	10	
ncRNA-mediated Post-Transcriptional Gene Silencing (GO:0035194)	1.0	1.0	0.0	0.0	0	18	
Negative Regulation Of B Cell Apoptotic Process (GO:0002903)	1.0	1.0	0.0	0.0	0	7	
Necroptotic Process (GO:0070266)	1.0	1.0	0.0	0.0	0	9	
Negative Regulation Of ERAD Pathway (GO:1904293)	1.0	1.0	0.0	0.0	0	5	
Negative Regulation Of RNA Biosynthetic Process (GO:1902679)	1.0	1.0	0.0	0.0	0	14	
Negative Regulation Of PERK-mediated Unfolded Protein Response (GO:1903898)	1.0	1.0	0.0	0.0	0	5	
Negative Regulation Of Notch Signaling Pathway (GO:0045746)	1.0	1.0	0.0	0.0	0	23	
Negative Regulation Of NF-kappaB Transcription Factor Activity (GO:0032088)	1.0	1.0	0.0	0.0	0	76	
Negative Regulation Of JUN Kinase Activity (GO:0043508)	1.0	1.0	0.0	0.0	0	12	
Negative Regulation Of JNK Cascade (GO:0046329)	1.0	1.0	0.0	0.0	0	33	
Negative Regulation Of GTPase Activity (GO:0034260)	1.0	1.0	0.0	0.0	0	21	
Negative Regulation Of RIG-I Signaling Pathway (GO:0039536)	1.0	1.0	0.0	0.0	0	5	
Negative Regulation Of G1/S Transition Of Mitotic Cell Cycle (GO:2000134)	1.0	1.0	0.0	0.0	0	31	
Negative Regulation Of T Cell Differentiation (GO:0045581)	1.0	1.0	0.0	0.0	0	13	
Negative Regulation Of T Cell Mediated Cytotoxicity (GO:0001915)	1.0	1.0	0.0	0.0	0	7	
Negative Regulation Of Acute Inflammatory Response (GO:0002674)	1.0	1.0	0.0	0.0	0	5	
Negative Regulation Of Activin Receptor Signaling Pathway (GO:0032926)	1.0	1.0	0.0	0.0	0	10	
Negative Regulation Of Activated T Cell Proliferation (GO:0046007)	1.0	1.0	0.0	0.0	0	10	
Negative Regulation Of Actin Nucleation (GO:0051126)	1.0	1.0	0.0	0.0	0	6	
Negative Regulation Of Actin Filament Polymerization (GO:0030837)	1.0	1.0	0.0	0.0	0	22	
Negative Regulation Of Actin Filament Depolymerization (GO:0030835)	1.0	1.0	0.0	0.0	0	5	
Negative Regulation Of T Cell Differentiation In Thymus (GO:0033085)	1.0	1.0	0.0	0.0	0	4	
Negative Regulation Of TORC1 Signaling (GO:1904262)	1.0	1.0	0.0	0.0	0	19	
Negative Regulation Of T-helper Cell Differentiation (GO:0045623)	1.0	1.0	0.0	0.0	0	10	
Negative Regulation Of T-helper 17 Type Immune Response (GO:2000317)	1.0	1.0	0.0	0.0	0	6	
Negative Regulation Of T-helper 17 Cell Differentiation (GO:2000320)	1.0	1.0	0.0	0.0	0	7	
Negative Regulation Of T Cell Receptor Signaling Pathway (GO:0050860)	1.0	1.0	0.0	0.0	0	18	
Negative Regulation Of T Cell Proliferation (GO:0042130)	1.0	1.0	0.0	0.0	0	36	
Negative Regulation Of T Cell Mediated Immunity (GO:0002710)	1.0	1.0	0.0	0.0	0	14	
Negative Regulation Of TOR Signaling (GO:0032007)	1.0	1.0	0.0	0.0	0	46	
Negative Regulation Of ERBB Signaling Pathway (GO:1901185)	1.0	1.0	0.0	0.0	0	18	
Negative Regulation Of DNA-templated Transcription, Elongation (GO:0032785)	1.0	1.0	0.0	0.0	0	18	
Negative Regulation Of B Cell Activation (GO:0050869)	1.0	1.0	0.0	0.0	0	20	
Negative Regulation Of Arp2/3 Complex-Mediated Actin Nucleation (GO:0034316)	1.0	1.0	0.0	0.0	0	4	
Negative Regulation Of ATP-dependent Activity (GO:0032780)	1.0	1.0	0.0	0.0	0	16	
Melanocyte Differentiation (GO:0030318)	1.0	1.0	0.0	0.0	0	10	
Melanin Biosynthetic Process (GO:0042438)	1.0	1.0	0.0	0.0	0	7	
Meiotic Sister Chromatid Cohesion (GO:0051177)	1.0	1.0	0.0	0.0	0	8	
Meiotic DNA Double-Strand Break Formation (GO:0042138)	1.0	1.0	0.0	0.0	0	3	
Melanosome Organization (GO:0032438)	1.0	1.0	0.0	0.0	0	36	
Membrane Lipid Metabolic Process (GO:0006643)	1.0	1.0	0.0	0.0	0	17	
Mammary Gland Epithelial Cell Differentiation (GO:0060644)	1.0	1.0	0.0	0.0	0	7	
Male Meiosis I (GO:0007141)	1.0	1.0	0.0	0.0	0	15	
Macromolecule Catabolic Process (GO:0009057)	1.0	1.0	0.0	0.0	0	81	
Macroautophagy (GO:0016236)	1.0	1.0	0.0	0.0	0	101	
mRNA Transport (GO:0051028)	1.0	1.0	0.0	0.0	0	57	
mRNA Transcription By RNA Polymerase II (GO:0042789)	1.0	1.0	0.0	0.0	0	37	
mRNA Transcription (GO:0009299)	1.0	1.0	0.0	0.0	0	42	
mRNA Stabilization (GO:0048255)	1.0	1.0	0.0	0.0	0	46	
Macromolecule Depalmitoylation (GO:0098734)	1.0	1.0	0.0	0.0	0	7	
mRNA Splicing, Via Spliceosome (GO:0000398)	1.0	1.0	0.0	0.0	0	201	
mRNA Pseudouridine Synthesis (GO:1990481)	1.0	1.0	0.0	0.0	0	8	
mRNA Processing (GO:0006397)	1.0	1.0	0.0	0.0	0	202	
mRNA Modification (GO:0016556)	1.0	1.0	0.0	0.0	0	26	
mRNA Methylation (GO:0080009)	1.0	1.0	0.0	0.0	0	14	
mRNA Metabolic Process (GO:0016071)	1.0	1.0	0.0	0.0	0	82	
mRNA Export From Nucleus (GO:0006406)	1.0	1.0	0.0	0.0	0	60	
mRNA Splice Site Recognition (GO:0006376)	1.0	1.0	0.0	0.0	0	28	
Mammary Gland Development (GO:0030879)	1.0	1.0	0.0	0.0	0	21	
Macromolecule Modification (GO:0043412)	1.0	1.0	0.0	0.0	0	78	
Macrophage Derived Foam Cell Differentiation (GO:0010742)	1.0	1.0	0.0	0.0	0	6	
Malate Metabolic Process (GO:0006108)	1.0	1.0	0.0	0.0	0	7	
Melanosome Assembly (GO:1903232)	1.0	1.0	0.0	0.0	0	18	
Melanosome Localization (GO:0032400)	1.0	1.0	0.0	0.0	0	18	
Melanosome Transport (GO:0032402)	1.0	1.0	0.0	0.0	0	15	
Megakaryocyte Differentiation (GO:0030219)	1.0	1.0	0.0	0.0	0	16	
Mitophagy (GO:0000423)	1.0	1.0	0.0	0.0	0	13	
Negative Regulation Of Adenylate Cyclase Activity (GO:0007194)	1.0	1.0	0.0	0.0	0	10	
Mitochondrion-Endoplasmic Reticulum Membrane Tethering (GO:1990456)	1.0	1.0	0.0	0.0	0	6	
Mitochondrion Organization (GO:0007005)	1.0	1.0	0.0	0.0	0	145	
Medium-Chain Fatty Acid Metabolic Process (GO:0051791)	1.0	1.0	0.0	0.0	0	14	
Medium-Chain Fatty Acid Biosynthetic Process (GO:0051792)	1.0	1.0	0.0	0.0	0	5	
Mature B Cell Differentiation Involved In Immune Response (GO:0002313)	1.0	1.0	0.0	0.0	0	13	
Maturation Of SSU-rRNA From Tricistronic rRNA Transcript (SSU-rRNA, 5.8S rRNA, LSU-rRNA) (GO:0000462)	1.0	1.0	0.0	0.0	0	27	
Maturation Of SSU-rRNA (GO:0030490)	1.0	1.0	0.0	0.0	0	34	
Maturation Of LSU-rRNA From Tricistronic rRNA Transcript (SSU-rRNA, 5.8S rRNA, LSU-rRNA) (GO:0000463)	1.0	1.0	0.0	0.0	0	13	
Medium-Chain fatty-acyl-CoA Metabolic Process (GO:0036112)	1.0	1.0	0.0	0.0	0	5	
Maturation Of LSU-rRNA (GO:0000470)	1.0	1.0	0.0	0.0	0	19	
Maturation Of 5.8S rRNA (GO:0000460)	1.0	1.0	0.0	0.0	0	15	
Maintenance Of Protein Location In Nucleus (GO:0051457)	1.0	1.0	0.0	0.0	0	18	
Mast Cell Mediated Immunity (GO:0002448)	1.0	1.0	0.0	0.0	0	10	
Mast Cell Activation Involved In Immune Response (GO:0002279)	1.0	1.0	0.0	0.0	0	9	
Marginal Zone B Cell Differentiation (GO:0002315)	1.0	1.0	0.0	0.0	0	6	
Manganese Ion Transport (GO:0006828)	1.0	1.0	0.0	0.0	0	8	
Maturation Of 5.8S rRNA From Tricistronic rRNA Transcript (SSU-rRNA, 5.8S rRNA, LSU-rRNA) (GO:0000466)	1.0	1.0	0.0	0.0	0	21	
Mammary Gland Epithelium Development (GO:0061180)	1.0	1.0	0.0	0.0	0	14	
Megakaryocyte Development (GO:0035855)	1.0	1.0	0.0	0.0	0	9	
Meiosis I (GO:0007127)	1.0	1.0	0.0	0.0	0	22	
Membrane Lipid Catabolic Process (GO:0046466)	1.0	1.0	0.0	0.0	0	8	
Membrane Invagination (GO:0010324)	1.0	1.0	0.0	0.0	0	6	
Membrane Fusion (GO:0061025)	1.0	1.0	0.0	0.0	0	26	
Membrane Fission (GO:0090148)	1.0	1.0	0.0	0.0	0	38	
Membrane Depolarization During Cardiac Muscle Cell Action Potential (GO:0086012)	1.0	1.0	0.0	0.0	0	16	
Membrane Depolarization During Action Potential (GO:0086010)	1.0	1.0	0.0	0.0	0	13	
Mast Cell Degranulation (GO:0043303)	1.0	1.0	0.0	0.0	0	9	
Negative Regulation Of Intrinsic Apoptotic Signaling Pathway In Response To DNA Damage By P53 Class Mediator (GO:1902166)	1.0	1.0	0.0	0.0	0	11	
Negative Regulation Of Intrinsic Apoptotic Signaling Pathway In Response To DNA Damage (GO:1902230)	1.0	1.0	0.0	0.0	0	23	
Negative Regulation Of Intrinsic Apoptotic Signaling Pathway By P53 Class Mediator (GO:1902254)	1.0	1.0	0.0	0.0	0	14	
Negative Regulation Of Cartilage Development (GO:0061037)	1.0	1.0	0.0	0.0	0	13	
Negative Regulation Of Blood Pressure (GO:0045776)	1.0	1.0	0.0	0.0	0	14	
Negative Regulation Of Blood Vessel Endothelial Cell Proliferation Involved In Sprouting Angiogenesis (GO:1903588)	1.0	1.0	0.0	0.0	0	6	
Negative Regulation Of Cardiac Muscle Tissue Growth (GO:0055022)	1.0	1.0	0.0	0.0	0	5	
Negative Regulation Of Cardiac Muscle Hypertrophy (GO:0010614)	1.0	1.0	0.0	0.0	0	12	
Negative Regulation Of Cardiac Muscle Cell Differentiation (GO:2000726)	1.0	1.0	0.0	0.0	0	5	
Negative Regulation Of Cardiac Muscle Cell Apoptotic Process (GO:0010667)	1.0	1.0	0.0	0.0	0	5	
Negative Regulation Of Calcium Ion Transport (GO:0051926)	1.0	1.0	0.0	0.0	0	15	
Negative Regulation Of Calcium Ion Transmembrane Transporter Activity (GO:1901020)	1.0	1.0	0.0	0.0	0	29	
Negative Regulation Of Blood Vessel Endothelial Cell Migration (GO:0043537)	1.0	1.0	0.0	0.0	0	33	
Negative Regulation Of Calcium Ion Transmembrane Transport (GO:1903170)	1.0	1.0	0.0	0.0	0	18	
Negative Regulation Of Calcineurin-Mediated Signaling (GO:0106057)	1.0	1.0	0.0	0.0	0	11	
Negative Regulation Of calcineurin-NFAT Signaling Cascade (GO:0070885)	1.0	1.0	0.0	0.0	0	11	
Negative Regulation Of cAMP-dependent Protein Kinase Activity (GO:2000480)	1.0	1.0	0.0	0.0	0	7	
Negative Regulation Of Bone Resorption (GO:0045779)	1.0	1.0	0.0	0.0	0	9	
Negative Regulation Of Bone Remodeling (GO:0046851)	1.0	1.0	0.0	0.0	0	11	
Negative Regulation Of Bone Mineralization (GO:0030502)	1.0	1.0	0.0	0.0	0	11	
Negative Regulation Of Calcium Ion Import (GO:0090281)	1.0	1.0	0.0	0.0	0	5	
Negative Regulation Of Complement Activation (GO:0045916)	1.0	1.0	0.0	0.0	0	12	
Negative Regulation Of Complement Activation, Classical Pathway (GO:0045959)	1.0	1.0	0.0	0.0	0	7	
Negative Regulation Of Cyclase Activity (GO:0031280)	1.0	1.0	0.0	0.0	0	11	
Negative Regulation Of Glucose Transmembrane Transport (GO:0010829)	1.0	1.0	0.0	0.0	0	10	
Negative Regulation Of Glucose Import (GO:0046325)	1.0	1.0	0.0	0.0	0	6	
Negative Regulation Of Gluconeogenesis (GO:0045721)	1.0	1.0	0.0	0.0	0	13	
Negative Regulation Of Glucocorticoid Receptor Signaling Pathway (GO:2000323)	1.0	1.0	0.0	0.0	0	4	
Negative Regulation Of Glial Cell Proliferation (GO:0060253)	1.0	1.0	0.0	0.0	0	5	
Negative Regulation Of Glial Cell Differentiation (GO:0045686)	1.0	1.0	0.0	0.0	0	8	
Negative Regulation Of Antigen Receptor-Mediated Signaling Pathway (GO:0050858)	1.0	1.0	0.0	0.0	0	24	
Negative Regulation Of Glycogen Biosynthetic Process (GO:0045719)	1.0	1.0	0.0	0.0	0	4	
Negative Regulation Of Amino Acid Transport (GO:0051956)	1.0	1.0	0.0	0.0	0	5	
Negative Regulation Of Amyloid Precursor Protein Catabolic Process (GO:1902992)	1.0	1.0	0.0	0.0	0	18	
Negative Regulation Of Chondrocyte Differentiation (GO:0032331)	1.0	1.0	0.0	0.0	0	12	
Negative Regulation Of Cholesterol Transport (GO:0032375)	1.0	1.0	0.0	0.0	0	10	
Negative Regulation Of Chemotaxis (GO:0050922)	1.0	1.0	0.0	0.0	0	31	
Negative Regulation Of Chemokine-Mediated Signaling Pathway (GO:0070100)	1.0	1.0	0.0	0.0	0	5	
Negative Regulation Of Cellular Component Organization (GO:0051129)	1.0	1.0	0.0	0.0	0	71	
Negative Regulation Of Chemokine Production (GO:0032682)	1.0	1.0	0.0	0.0	0	16	
Negative Regulation Of Centriole Replication (GO:0046600)	1.0	1.0	0.0	0.0	0	6	
Negative Regulation Of Cellular Senescence (GO:2000773)	1.0	1.0	0.0	0.0	0	17	
Negative Regulation Of Cellular Response To Vascular Endothelial Growth Factor Stimulus (GO:1902548)	1.0	1.0	0.0	0.0	0	11	
Negative Regulation Of Cellular Response To Insulin Stimulus (GO:1900077)	1.0	1.0	0.0	0.0	0	26	
Negative Regulation Of Cellular Response To Hypoxia (GO:1900038)	1.0	1.0	0.0	0.0	0	5	
Negative Regulation Of Cellular Metabolic Process (GO:0031324)	1.0	1.0	0.0	0.0	0	44	
Negative Regulation Of Centrosome Duplication (GO:0010826)	1.0	1.0	0.0	0.0	0	9	
Negative Regulation Of Circadian Rhythm (GO:0042754)	1.0	1.0	0.0	0.0	0	7	
Negative Regulation Of Catalytic Activity (GO:0043086)	1.0	1.0	0.0	0.0	0	25	
Negative Regulation Of Cardiocyte Differentiation (GO:1905208)	1.0	1.0	0.0	0.0	0	6	
Negative Regulation Of Biomineral Tissue Development (GO:0070168)	1.0	1.0	0.0	0.0	0	21	
Negative Regulation Of Axonogenesis (GO:0050771)	1.0	1.0	0.0	0.0	0	22	
Negative Regulation Of Axon Regeneration (GO:0048681)	1.0	1.0	0.0	0.0	0	5	
Negative Regulation Of Axon Extension Involved In Axon Guidance (GO:0048843)	1.0	1.0	0.0	0.0	0	19	
Negative Regulation Of Axon Extension (GO:0030517)	1.0	1.0	0.0	0.0	0	30	
Negative Regulation Of Autophagosome Assembly (GO:1902902)	1.0	1.0	0.0	0.0	0	10	
Negative Regulation Of Biosynthetic Process (GO:0009890)	1.0	1.0	0.0	0.0	0	15	
Negative Regulation Of Appetite (GO:0032099)	1.0	1.0	0.0	0.0	0	6	
Negative Regulation Of Androgen Receptor Signaling Pathway (GO:0060766)	1.0	1.0	0.0	0.0	0	13	
Negative Regulation Of Amyloid-Beta Formation (GO:1902430)	1.0	1.0	0.0	0.0	0	16	
Negative Regulation Of Amyloid-Beta Clearance (GO:1900222)	1.0	1.0	0.0	0.0	0	7	
Negative Regulation Of Amyloid Precursor Protein Biosynthetic Process (GO:0042985)	1.0	1.0	0.0	0.0	0	5	
Negative Regulation Of Gene Expression, Epigenetic (GO:0045814)	1.0	1.0	0.0	0.0	0	46	
Negative Regulation Of Focal Adhesion Assembly (GO:0051895)	1.0	1.0	0.0	0.0	0	15	
Negative Regulation Of Fibroblast Proliferation (GO:0048147)	1.0	1.0	0.0	0.0	0	17	
Negative Regulation Of Double-Strand Break Repair (GO:2000780)	1.0	1.0	0.0	0.0	0	26	
Negative Regulation Of Cytoskeleton Organization (GO:0051494)	1.0	1.0	0.0	0.0	0	25	
Negative Regulation Of Cytokinesis (GO:0032466)	1.0	1.0	0.0	0.0	0	5	
Negative Regulation Of Cytokine Production Involved In Immune Response (GO:0002719)	1.0	1.0	0.0	0.0	0	16	
Negative Regulation Of Cysteine-Type Endopeptidase Activity Involved In Apoptotic Process (GO:0043154)	1.0	1.0	0.0	0.0	0	49	
Negative Regulation Of Cysteine-Type Endopeptidase Activity (GO:2000117)	1.0	1.0	0.0	0.0	0	53	
Negative Regulation Of Cyclin-Dependent Protein Serine/Threonine Kinase Activity (GO:0045736)	1.0	1.0	0.0	0.0	0	19	
Negative Regulation Of Cyclin-Dependent Protein Kinase Activity (GO:1904030)	1.0	1.0	0.0	0.0	0	20	
Negative Regulation Of Cytoplasmic Translation (GO:2000766)	1.0	1.0	0.0	0.0	0	8	
Negative Regulation Of Double-Strand Break Repair Via Homologous Recombination (GO:2000042)	1.0	1.0	0.0	0.0	0	15	
Negative Regulation Of Double-Strand Break Repair Via Nonhomologous End Joining (GO:2001033)	1.0	1.0	0.0	0.0	0	5	
Negative Regulation Of Endocytosis (GO:0045806)	1.0	1.0	0.0	0.0	0	30	
Negative Regulation Of Execution Phase Of Apoptosis (GO:1900118)	1.0	1.0	0.0	0.0	0	19	
Negative Regulation Of Excitatory Postsynaptic Potential (GO:0090394)	1.0	1.0	0.0	0.0	0	5	
Negative Regulation Of Establishment Of Protein Localization To Mitochondrion (GO:1903748)	1.0	1.0	0.0	0.0	0	5	
Negative Regulation Of Establishment Of Protein Localization (GO:1904950)	1.0	1.0	0.0	0.0	0	9	
Negative Regulation Of Erythrocyte Differentiation (GO:0045647)	1.0	1.0	0.0	0.0	0	5	
Negative Regulation Of Epithelial Cell Proliferation (GO:0050680)	1.0	1.0	0.0	0.0	0	67	
Negative Regulation Of Epithelial Cell Migration (GO:0010633)	1.0	1.0	0.0	0.0	0	31	
Negative Regulation Of Epidermal Growth Factor-Activated Receptor Activity (GO:0007175)	1.0	1.0	0.0	0.0	0	12	
Negative Regulation Of Epidermal Growth Factor Receptor Signaling Pathway (GO:0042059)	1.0	1.0	0.0	0.0	0	23	
Negative Regulation Of Epidermal Cell Differentiation (GO:0045605)	1.0	1.0	0.0	0.0	0	6	
Negative Regulation Of Endothelial Cell Proliferation (GO:0001937)	1.0	1.0	0.0	0.0	0	34	
Negative Regulation Of Endothelial Cell Migration (GO:0010596)	1.0	1.0	0.0	0.0	0	35	
Negative Regulation Of Endoplasmic Reticulum Unfolded Protein Response (GO:1900102)	1.0	1.0	0.0	0.0	0	12	
Negative Regulation Of Endoplasmic Reticulum Stress-Induced Intrinsic Apoptotic Signaling Pathway (GO:1902236)	1.0	1.0	0.0	0.0	0	13	
Negative Regulation Of Endoplasmic Reticulum Calcium Ion Concentration (GO:0032471)	1.0	1.0	0.0	0.0	0	5	
Negative Regulation Of Defense Response To Virus (GO:0050687)	1.0	1.0	0.0	0.0	0	13	
Negative Regulation Of Dendritic Cell Apoptotic Process (GO:2000669)	1.0	1.0	0.0	0.0	0	6	
Negative Regulation Of Dendritic Spine Development (GO:0061000)	1.0	1.0	0.0	0.0	0	6	
Negative Regulation Of Dephosphorylation (GO:0035305)	1.0	1.0	0.0	0.0	0	9	
Negative Regulation Of Fibroblast Migration (GO:0010764)	1.0	1.0	0.0	0.0	0	4	
Negative Regulation Of Fibrinolysis (GO:0051918)	1.0	1.0	0.0	0.0	0	11	
Negative Regulation Of Fatty Acid Oxidation (GO:0046322)	1.0	1.0	0.0	0.0	0	7	
Negative Regulation Of Fatty Acid Metabolic Process (GO:0045922)	1.0	1.0	0.0	0.0	0	19	
Negative Regulation Of Gene Expression Via CpG Island Methylation (GO:0044027)	1.0	1.0	0.0	0.0	0	5	
Negative Regulation Of Fatty Acid Biosynthetic Process (GO:0045717)	1.0	1.0	0.0	0.0	0	14	
Negative Regulation Of Glycogen Metabolic Process (GO:0070874)	1.0	1.0	0.0	0.0	0	5	
Negative Regulation Of Glycoprotein Biosynthetic Process (GO:0010561)	1.0	1.0	0.0	0.0	0	8	
Negative Regulation Of Insulin Receptor Signaling Pathway (GO:0046627)	1.0	1.0	0.0	0.0	0	25	
Negative Regulation Of Inflammatory Response To Wounding (GO:0106015)	1.0	1.0	0.0	0.0	0	7	
Negative Regulation Of Inclusion Body Assembly (GO:0090084)	1.0	1.0	0.0	0.0	0	10	
Negative Regulation Of Immune Effector Process (GO:0002698)	1.0	1.0	0.0	0.0	0	15	
Negative Regulation Of Hydrolase Activity (GO:0051346)	1.0	1.0	0.0	0.0	0	46	
Negative Regulation Of Chromosome Organization (GO:2001251)	1.0	1.0	0.0	0.0	0	7	
Negative Regulation Of Humoral Immune Response Mediated By Circulating Immunoglobulin (GO:0002924)	1.0	1.0	0.0	0.0	0	9	
Negative Regulation Of Hormone Secretion (GO:0046888)	1.0	1.0	0.0	0.0	0	9	
Negative Regulation Of Histone Acetylation (GO:0035067)	1.0	1.0	0.0	0.0	0	5	
Negative Regulation Of Hippo Signaling (GO:0035331)	1.0	1.0	0.0	0.0	0	12	
Negative Regulation Of Heterotypic Cell-Cell Adhesion (GO:0034115)	1.0	1.0	0.0	0.0	0	9	
Negative Regulation Of Heterochromatin Formation (GO:0031452)	1.0	1.0	0.0	0.0	0	5	
Negative Regulation Of Hematopoietic Progenitor Cell Differentiation (GO:1901533)	1.0	1.0	0.0	0.0	0	6	
Negative Regulation Of Heart Rate (GO:0010459)	1.0	1.0	0.0	0.0	0	5	
Negative Regulation Of Homotypic Cell-Cell Adhesion (GO:0034111)	1.0	1.0	0.0	0.0	0	10	
Negative Regulation Of Extrinsic Apoptotic Signaling Pathway Via Death Domain Receptors (GO:1902042)	1.0	1.0	0.0	0.0	0	23	
Negative Regulation Of Extracellular Matrix Organization (GO:1903054)	1.0	1.0	0.0	0.0	0	9	
Negative Regulation Of Exocytosis (GO:0045920)	1.0	1.0	0.0	0.0	0	9	
Negative Regulation Of Digestive System Process (GO:0060457)	1.0	1.0	0.0	0.0	0	6	
Negative Regulation Of Developmental Growth (GO:0048640)	1.0	1.0	0.0	0.0	0	31	
Negative Regulation Of Glycolytic Process (GO:0045820)	1.0	1.0	0.0	0.0	0	9	
Negative Regulation Of Cilium Assembly (GO:1902018)	1.0	1.0	0.0	0.0	0	14	
Negative Regulation Of Cellular Extravasation (GO:0002692)	1.0	1.0	0.0	0.0	0	5	
Negative Regulation Of Cellular Biosynthetic Process (GO:0031327)	1.0	1.0	0.0	0.0	0	130	
Negative Regulation Of Muscle Hypertrophy (GO:0014741)	1.0	1.0	0.0	0.0	0	7	
Negative Regulation Of Proteasomal Ubiquitin-Dependent Protein Catabolic Process (GO:0032435)	1.0	1.0	0.0	0.0	0	30	
Negative Regulation Of Proteasomal Protein Catabolic Process (GO:1901799)	1.0	1.0	0.0	0.0	0	35	
Negative Regulation Of Programmed Necrotic Cell Death (GO:0062099)	1.0	1.0	0.0	0.0	0	10	
Negative Regulation Of Production Of Molecular Mediator Of Immune Response (GO:0002701)	1.0	1.0	0.0	0.0	0	8	
Negative Regulation Of Platelet-Derived Growth Factor Receptor Signaling Pathway (GO:0010642)	1.0	1.0	0.0	0.0	0	11	
Negative Regulation Of Platelet Aggregation (GO:0090331)	1.0	1.0	0.0	0.0	0	8	
Negative Regulation Of Protein K63-linked Ubiquitination (GO:1900045)	1.0	1.0	0.0	0.0	0	7	
Negative Regulation Of Platelet Activation (GO:0010544)	1.0	1.0	0.0	0.0	0	15	
Negative Regulation Of Plasma Membrane Bounded Cell Projection Assembly (GO:0120033)	1.0	1.0	0.0	0.0	0	29	
Negative Regulation Of Phosphorylation (GO:0042326)	1.0	1.0	0.0	0.0	0	71	
Negative Regulation Of Phosphoprotein Phosphatase Activity (GO:0032515)	1.0	1.0	0.0	0.0	0	19	
Negative Regulation Of Phospholipase Activity (GO:0010519)	1.0	1.0	0.0	0.0	0	7	
Negative Regulation Of Phosphate Metabolic Process (GO:0045936)	1.0	1.0	0.0	0.0	0	20	
Negative Regulation Of Phosphatase Activity (GO:0010923)	1.0	1.0	0.0	0.0	0	15	
Negative Regulation Of Plasminogen Activation (GO:0010757)	1.0	1.0	0.0	0.0	0	6	
Negative Regulation Of Phagocytosis (GO:0050765)	1.0	1.0	0.0	0.0	0	13	
Negative Regulation Of Protein Autophosphorylation (GO:0031953)	1.0	1.0	0.0	0.0	0	9	
Negative Regulation Of Protein Depolymerization (GO:1901880)	1.0	1.0	0.0	0.0	0	21	
Negative Regulation Of Protein Tyrosine Kinase Activity (GO:0061099)	1.0	1.0	0.0	0.0	0	23	
Negative Regulation Of Protein Sumoylation (GO:0033234)	1.0	1.0	0.0	0.0	0	6	
Negative Regulation Of Protein Processing (GO:0010955)	1.0	1.0	0.0	0.0	0	15	
Negative Regulation Of Protein Polyubiquitination (GO:1902915)	1.0	1.0	0.0	0.0	0	5	
Negative Regulation Of Protein Polymerization (GO:0032272)	1.0	1.0	0.0	0.0	0	25	
Negative Regulation Of Protein Modification Process (GO:0031400)	1.0	1.0	0.0	0.0	0	72	
Negative Regulation Of Protein Dephosphorylation (GO:0035308)	1.0	1.0	0.0	0.0	0	18	
Negative Regulation Of Protein Modification By Small Protein Conjugation Or Removal (GO:1903321)	1.0	1.0	0.0	0.0	0	50	
Negative Regulation Of Muscle Cell Differentiation (GO:0051148)	1.0	1.0	0.0	0.0	0	7	
Negative Regulation Of Muscle Cell Apoptotic Process (GO:0010656)	1.0	1.0	0.0	0.0	0	8	
Negative Regulation Of Lipase Activity (GO:0060192)	1.0	1.0	0.0	0.0	0	8	
Negative Regulation Of Leukocyte Cell-Cell Adhesion (GO:1903038)	1.0	1.0	0.0	0.0	0	19	
Negative Regulation Of Intrinsic Apoptotic Signaling Pathway (GO:2001243)	1.0	1.0	0.0	0.0	0	58	
Negative Regulation Of Intracellular Transport (GO:0032387)	1.0	1.0	0.0	0.0	0	6	
Negative Regulation Of Intracellular Steroid Hormone Receptor Signaling Pathway (GO:0033144)	1.0	1.0	0.0	0.0	0	29	
Negative Regulation Of Keratinocyte Proliferation (GO:0010839)	1.0	1.0	0.0	0.0	0	7	
Negative Regulation Of Intracellular Estrogen Receptor Signaling Pathway (GO:0033147)	1.0	1.0	0.0	0.0	0	9	
Negative Regulation Of Interleukin-6 Production (GO:0032715)	1.0	1.0	0.0	0.0	0	32	
Negative Regulation Of Interleukin-2 Production (GO:0032703)	1.0	1.0	0.0	0.0	0	21	
Negative Regulation Of Interleukin-17 Production (GO:0032700)	1.0	1.0	0.0	0.0	0	9	
Negative Regulation Of Interleukin-12 Production (GO:0032695)	1.0	1.0	0.0	0.0	0	13	
Negative Regulation Of Interleukin-10 Production (GO:0032693)	1.0	1.0	0.0	0.0	0	15	
Negative Regulation Of Interleukin-1 Production (GO:0032692)	1.0	1.0	0.0	0.0	0	27	
Negative Regulation Of Interleukin-8 Production (GO:0032717)	1.0	1.0	0.0	0.0	0	17	
Negative Regulation Of Lyase Activity (GO:0051350)	1.0	1.0	0.0	0.0	0	13	
Negative Regulation Of Protein Localization To Nucleus (GO:1900181)	1.0	1.0	0.0	0.0	0	21	
Negative Regulation Of Lamellipodium Organization (GO:1902744)	1.0	1.0	0.0	0.0	0	4	
Negative Regulation Of Locomotion (GO:0040013)	1.0	1.0	0.0	0.0	0	12	
Negative Regulation Of Lipoprotein Lipase Activity (GO:0051005)	1.0	1.0	0.0	0.0	0	5	
Negative Regulation Of Lipopolysaccharide-Mediated Signaling Pathway (GO:0031665)	1.0	1.0	0.0	0.0	0	10	
Negative Regulation Of Lipid Metabolic Process (GO:0045833)	1.0	1.0	0.0	0.0	0	26	
Negative Regulation Of Lipid Localization (GO:1905953)	1.0	1.0	0.0	0.0	0	9	
Negative Regulation Of Lipid Kinase Activity (GO:0090219)	1.0	1.0	0.0	0.0	0	5	
Negative Regulation Of Leukocyte Activation (GO:0002695)	1.0	1.0	0.0	0.0	0	17	
Negative Regulation Of Lipid Catabolic Process (GO:0050995)	1.0	1.0	0.0	0.0	0	18	
Negative Regulation Of Leukocyte Proliferation (GO:0070664)	1.0	1.0	0.0	0.0	0	7	
Negative Regulation Of Leukocyte Migration (GO:0002686)	1.0	1.0	0.0	0.0	0	9	
Negative Regulation Of Leukocyte Mediated Cytotoxicity (GO:0001911)	1.0	1.0	0.0	0.0	0	14	
Negative Regulation Of Leukocyte Degranulation (GO:0043301)	1.0	1.0	0.0	0.0	0	8	
Negative Regulation Of Leukocyte Chemotaxis (GO:0002689)	1.0	1.0	0.0	0.0	0	10	
Negative Regulation Of Leukocyte Apoptotic Process (GO:2000107)	1.0	1.0	0.0	0.0	0	10	
Negative Regulation Of T Cell Cytokine Production (GO:0002725)	1.0	1.0	0.0	0.0	0	8	
Negative Regulation Of Protein Localization To Chromatin (GO:0120186)	1.0	1.0	0.0	0.0	0	5	
Negative Regulation Of Protein Kinase B Signaling (GO:0051898)	1.0	1.0	0.0	0.0	0	34	
Negative Regulation Of Ossification (GO:0030279)	1.0	1.0	0.0	0.0	0	24	
Negative Regulation Of Organelle Assembly (GO:1902116)	1.0	1.0	0.0	0.0	0	35	
Negative Regulation Of Oligodendrocyte Differentiation (GO:0048715)	1.0	1.0	0.0	0.0	0	6	
Negative Regulation Of Nucleocytoplasmic Transport (GO:0046823)	1.0	1.0	0.0	0.0	0	14	
Negative Regulation Of Nuclear-Transcribed mRNA Catabolic Process, Nonsense-Mediated Decay (GO:2000623)	1.0	1.0	0.0	0.0	0	5	
Negative Regulation Of Nuclear-Transcribed mRNA Catabolic Process, Deadenylation-Dependent Decay (GO:1900152)	1.0	1.0	0.0	0.0	0	9	
Negative Regulation Of Nuclear Division (GO:0051784)	1.0	1.0	0.0	0.0	0	10	
Negative Regulation Of Interleukin-1 Beta Production (GO:0032691)	1.0	1.0	0.0	0.0	0	23	
Negative Regulation Of Alpha-Beta T Cell Proliferation (GO:0046642)	1.0	1.0	0.0	0.0	0	8	
Negative Regulation Of Interferon-Beta Production (GO:0032688)	1.0	1.0	0.0	0.0	0	10	
Negative Regulation Of Insulin Secretion (GO:0046676)	1.0	1.0	0.0	0.0	0	15	
Negative Regulation Of Cell-Cell Adhesion Mediated By Cadherin (GO:2000048)	1.0	1.0	0.0	0.0	0	8	
Negative Regulation Of Cell Size (GO:0045792)	1.0	1.0	0.0	0.0	0	5	
Negative Regulation Of Cell Migration Involved In Sprouting Angiogenesis (GO:0090051)	1.0	1.0	0.0	0.0	0	13	
Negative Regulation Of Cell Junction Assembly (GO:1901889)	1.0	1.0	0.0	0.0	0	24	
Negative Regulation Of Cell Growth (GO:0030308)	1.0	1.0	0.0	0.0	0	120	
Negative Regulation Of Cell Division (GO:0051782)	1.0	1.0	0.0	0.0	0	10	
Negative Regulation Of Cell-Substrate Junction Organization (GO:0150118)	1.0	1.0	0.0	0.0	0	15	
Negative Regulation Of Cell Development (GO:0010721)	1.0	1.0	0.0	0.0	0	20	
Negative Regulation Of Cell Cycle Process (GO:0010948)	1.0	1.0	0.0	0.0	0	32	
Negative Regulation Of Cell Cycle Phase Transition (GO:1901988)	1.0	1.0	0.0	0.0	0	10	
Negative Regulation Of Cell Cycle G1/S Phase Transition (GO:1902807)	1.0	1.0	0.0	0.0	0	33	
Negative Regulation Of Cell Communication (GO:0010648)	1.0	1.0	0.0	0.0	0	21	
Negative Regulation Of Cell Adhesion Mediated By Integrin (GO:0033629)	1.0	1.0	0.0	0.0	0	8	
Negative Regulation Of Cation Channel Activity (GO:2001258)	1.0	1.0	0.0	0.0	0	27	
Negative Regulation Of Cell Death (GO:0060548)	1.0	1.0	0.0	0.0	0	56	
Negative Regulation Of Catecholamine Secretion (GO:0033604)	1.0	1.0	0.0	0.0	0	6	
Negative Regulation Of Osteoblast Differentiation (GO:0045668)	1.0	1.0	0.0	0.0	0	30	
Negative Regulation Of Osteoblast Proliferation (GO:0033689)	1.0	1.0	0.0	0.0	0	7	
Negative Regulation Of Osteoclast Differentiation (GO:0045671)	1.0	1.0	0.0	0.0	0	21	
Negative Regulation Of Oxidative Stress-Induced Cell Death (GO:1903202)	1.0	1.0	0.0	0.0	0	22	
Negative Regulation Of Protein Import Into Nucleus (GO:0042308)	1.0	1.0	0.0	0.0	0	8	
Negative Regulation Of Protein Exit From Endoplasmic Reticulum (GO:0070862)	1.0	1.0	0.0	0.0	0	9	
Negative Regulation Of Protein Maturation (GO:1903318)	1.0	1.0	0.0	0.0	0	9	
Negative Regulation Of Peptidyl-Tyrosine Phosphorylation (GO:0050732)	1.0	1.0	0.0	0.0	0	30	
Negative Regulation Of Peptidyl-Lysine Acetylation (GO:2000757)	1.0	1.0	0.0	0.0	0	7	
Negative Regulation Of Peptide Hormone Secretion (GO:0090278)	1.0	1.0	0.0	0.0	0	16	
Negative Regulation Of Neuron Migration (GO:2001223)	1.0	1.0	0.0	0.0	0	4	
Negative Regulation Of Neuron Differentiation (GO:0045665)	1.0	1.0	0.0	0.0	0	20	
Negative Regulation Of Neurogenesis (GO:0050768)	1.0	1.0	0.0	0.0	0	27	
Negative Regulation Of Neural Precursor Cell Proliferation (GO:2000178)	1.0	1.0	0.0	0.0	0	7	
Negative Regulation Of Nervous System Process (GO:0031645)	1.0	1.0	0.0	0.0	0	5	
Negative Regulation Of Nervous System Development (GO:0051961)	1.0	1.0	0.0	0.0	0	17	
Negative Regulation Of Neuron Projection Development (GO:0010977)	1.0	1.0	0.0	0.0	0	51	
Negative Regulation Of Protein Kinase Activity By Regulation Of Protein Phosphorylation (GO:0044387)	1.0	1.0	0.0	0.0	0	5	
Negative Regulation Of Necroptotic Process (GO:0060546)	1.0	1.0	0.0	0.0	0	9	
Negative Regulation Of Myotube Differentiation (GO:0010832)	1.0	1.0	0.0	0.0	0	10	
Negative Regulation Of Myoblast Differentiation (GO:0045662)	1.0	1.0	0.0	0.0	0	13	
Negative Regulation Of Myeloid Leukocyte Mediated Immunity (GO:0002887)	1.0	1.0	0.0	0.0	0	5	
Negative Regulation Of Myeloid Leukocyte Differentiation (GO:0002762)	1.0	1.0	0.0	0.0	0	30	
Negative Regulation Of Myeloid Cell Apoptotic Process (GO:0033033)	1.0	1.0	0.0	0.0	0	4	
Negative Regulation Of Natural Killer Cell Mediated Immunity (GO:0002716)	1.0	1.0	0.0	0.0	0	10	
Negative Regulation Of Neuron Projection Regeneration (GO:0070571)	1.0	1.0	0.0	0.0	0	6	
Negative Regulation Of Nitric Oxide Biosynthetic Process (GO:0045019)	1.0	1.0	0.0	0.0	0	7	
Negative Regulation Of Nitric Oxide Metabolic Process (GO:1904406)	1.0	1.0	0.0	0.0	0	7	
Negative Regulation Of Pathway-Restricted SMAD Protein Phosphorylation (GO:0060394)	1.0	1.0	0.0	0.0	0	10	
Negative Regulation Of Oxidoreductase Activity (GO:0051354)	1.0	1.0	0.0	0.0	0	8	
Negative Regulation Of Oxidative Stress-Induced Neuron Death (GO:1903204)	1.0	1.0	0.0	0.0	0	6	
Negative Regulation Of Oxidative Stress-Induced Intrinsic Apoptotic Signaling Pathway (GO:1902176)	1.0	1.0	0.0	0.0	0	16	
Negative Regulation Of Natural Killer Cell Mediated Cytotoxicity (GO:0045953)	1.0	1.0	0.0	0.0	0	16	
Negative Regulation Of Telomere Maintenance Via Telomerase (GO:0032211)	1.0	1.0	0.0	0.0	0	18	
Negative Regulation Of RNA Catabolic Process (GO:1902369)	1.0	1.0	0.0	0.0	0	6	
Negative Regulation Of RNA Splicing (GO:0033119)	1.0	1.0	0.0	0.0	0	19	
Positive Regulation Of Cholesterol Biosynthetic Process (GO:0045542)	1.0	1.0	0.0	0.0	0	5	
Positive Regulation Of Cilium Assembly (GO:0045724)	1.0	1.0	0.0	0.0	0	18	
Positive Regulation Of Chromosome Segregation (GO:0051984)	1.0	1.0	0.0	0.0	0	18	
Positive Regulation Of Chromosome Organization (GO:2001252)	1.0	1.0	0.0	0.0	0	32	
Positive Regulation Of Chromosome Condensation (GO:1905821)	1.0	1.0	0.0	0.0	0	7	
Positive Regulation Of Chromatin Binding (GO:0035563)	1.0	1.0	0.0	0.0	0	8	
Positive Regulation Of Chondrocyte Differentiation (GO:0032332)	1.0	1.0	0.0	0.0	0	10	
Positive Regulation Of Cholesterol Storage (GO:0010886)	1.0	1.0	0.0	0.0	0	5	
Positive Regulation Of Chromosome Separation (GO:1905820)	1.0	1.0	0.0	0.0	0	13	
Positive Regulation Of Cyclase Activity (GO:0031281)	1.0	1.0	0.0	0.0	0	13	
Positive Regulation Of Cell Cycle Phase Transition (GO:1901989)	1.0	1.0	0.0	0.0	0	17	
Positive Regulation Of Cell Cycle G1/S Phase Transition (GO:1902808)	1.0	1.0	0.0	0.0	0	40	
Positive Regulation Of Calcineurin-Mediated Signaling (GO:0106058)	1.0	1.0	0.0	0.0	0	17	
Positive Regulation Of calcineurin-NFAT Signaling Cascade (GO:0070886)	1.0	1.0	0.0	0.0	0	17	
Positive Regulation Of cAMP-mediated Signaling (GO:0043950)	1.0	1.0	0.0	0.0	0	6	
Positive Regulation Of Branching Involved In Ureteric Bud Morphogenesis (GO:0090190)	1.0	1.0	0.0	0.0	0	11	
Positive Regulation Of Bone Resorption (GO:0045780)	1.0	1.0	0.0	0.0	0	10	
Positive Regulation Of Blood Vessel Endothelial Cell Proliferation Involved In Sprouting Angiogenesis (GO:1903589)	1.0	1.0	0.0	0.0	0	6	
Positive Regulation Of Calcium Ion Import (GO:0090280)	1.0	1.0	0.0	0.0	0	7	
Positive Regulation Of Blood Vessel Endothelial Cell Migration (GO:0043536)	1.0	1.0	0.0	0.0	0	43	
Positive Regulation Of Blood Coagulation (GO:0030194)	1.0	1.0	0.0	0.0	0	21	
Positive Regulation Of Blood Circulation (GO:1903524)	1.0	1.0	0.0	0.0	0	6	
Positive Regulation Of Biosynthetic Process (GO:0009891)	1.0	1.0	0.0	0.0	0	42	
Positive Regulation Of Behavior (GO:0048520)	1.0	1.0	0.0	0.0	0	10	
Positive Regulation Of Axon Extension (GO:0045773)	1.0	1.0	0.0	0.0	0	18	
Positive Regulation Of Autophagy Of Mitochondrion In Response To Mitochondrial Depolarization (GO:1904925)	1.0	1.0	0.0	0.0	0	4	
Positive Regulation Of Blood Pressure (GO:0045777)	1.0	1.0	0.0	0.0	0	7	
Positive Regulation Of Cilium Movement (GO:0003353)	1.0	1.0	0.0	0.0	0	6	
Positive Regulation Of Cell Cycle G2/M Phase Transition (GO:1902751)	1.0	1.0	0.0	0.0	0	24	
Positive Regulation Of Cilium-Dependent Cell Motility (GO:2000155)	1.0	1.0	0.0	0.0	0	6	
Positive Regulation Of Coagulation (GO:0050820)	1.0	1.0	0.0	0.0	0	11	
Neuron Cell-Cell Adhesion (GO:0007158)	1.0	1.0	0.0	0.0	0	14	
Neuron Apoptotic Process (GO:0051402)	1.0	1.0	0.0	0.0	0	19	
Neuromuscular Synaptic Transmission (GO:0007274)	1.0	1.0	0.0	0.0	0	17	
Nuclear Membrane Disassembly (GO:0051081)	1.0	1.0	0.0	0.0	0	8	
Negative Regulation Of Reactive Oxygen Species Biosynthetic Process (GO:1903427)	1.0	1.0	0.0	0.0	0	10	
Phosphatidylethanolamine Biosynthetic Process (GO:0006646)	1.0	1.0	0.0	0.0	0	8	
Phosphatidylglycerol Acyl-Chain Remodeling (GO:0036148)	1.0	1.0	0.0	0.0	0	8	
Positive Regulation Of Centriole Replication (GO:0046601)	1.0	1.0	0.0	0.0	0	7	
Positive Regulation Of Cellular Senescence (GO:2000774)	1.0	1.0	0.0	0.0	0	9	
Positive Regulation Of Cellular Response To Transforming Growth Factor Beta Stimulus (GO:1903846)	1.0	1.0	0.0	0.0	0	24	
Positive Regulation Of Cellular Response To Insulin Stimulus (GO:1900078)	1.0	1.0	0.0	0.0	0	12	
Positive Regulation Of Cellular Respiration (GO:1901857)	1.0	1.0	0.0	0.0	0	10	
Positive Regulation Of Cellular Metabolic Process (GO:0031325)	1.0	1.0	0.0	0.0	0	53	
Positive Regulation Of Chemokine (C-X-C Motif) Ligand 2 Production (GO:2000343)	1.0	1.0	0.0	0.0	0	6	
Positive Regulation Of Cellular Extravasation (GO:0002693)	1.0	1.0	0.0	0.0	0	11	
Positive Regulation Of Cell-Substrate Junction Organization (GO:0150117)	1.0	1.0	0.0	0.0	0	23	
Positive Regulation Of Cell-Cell Adhesion Mediated By Integrin (GO:0033634)	1.0	1.0	0.0	0.0	0	5	
Positive Regulation Of Cell Migration Involved In Sprouting Angiogenesis (GO:0090050)	1.0	1.0	0.0	0.0	0	15	
Positive Regulation Of Cell Killing (GO:0031343)	1.0	1.0	0.0	0.0	0	6	
Positive Regulation Of Cell Junction Assembly (GO:1901890)	1.0	1.0	0.0	0.0	0	60	
Positive Regulation Of Cell Development (GO:0010720)	1.0	1.0	0.0	0.0	0	33	
Positive Regulation Of Cellular Component Biogenesis (GO:0044089)	1.0	1.0	0.0	0.0	0	87	
Positive Regulation Of Cell Death (GO:0010942)	1.0	1.0	0.0	0.0	0	48	
Positive Regulation Of Chemokine Production (GO:0032722)	1.0	1.0	0.0	0.0	0	53	
Positive Regulation Of Cholesterol Metabolic Process (GO:0090205)	1.0	1.0	0.0	0.0	0	10	
Positive Regulation Of Collagen Metabolic Process (GO:0010714)	1.0	1.0	0.0	0.0	0	14	
Positive Regulation Of Collagen Biosynthetic Process (GO:0032967)	1.0	1.0	0.0	0.0	0	14	
Positive Regulation Of Circadian Rhythm (GO:0042753)	1.0	1.0	0.0	0.0	0	10	
Positive Regulation Of Calcium Ion Import Across Plasma Membrane (GO:1905665)	1.0	1.0	0.0	0.0	0	8	
Positive Regulation Of Calcium Ion Transport (GO:0051928)	1.0	1.0	0.0	0.0	0	27	
Positive Regulation Of Cell Cycle (GO:0045787)	1.0	1.0	0.0	0.0	0	63	
Positive Regulation Of Erythrocyte Differentiation (GO:0045648)	1.0	1.0	0.0	0.0	0	25	
Positive Regulation Of Fever Generation (GO:0031622)	1.0	1.0	0.0	0.0	0	5	
Positive Regulation Of Fibroblast Proliferation (GO:0048146)	1.0	1.0	0.0	0.0	0	28	
Positive Regulation Of Glycolytic Process (GO:0045821)	1.0	1.0	0.0	0.0	0	17	
Positive Regulation Of Glycogen Metabolic Process (GO:0070875)	1.0	1.0	0.0	0.0	0	14	
Positive Regulation Of Glycogen Biosynthetic Process (GO:0045725)	1.0	1.0	0.0	0.0	0	13	
Positive Regulation Of Glucose Transmembrane Transport (GO:0010828)	1.0	1.0	0.0	0.0	0	29	
Positive Regulation Of Glucose Metabolic Process (GO:0010907)	1.0	1.0	0.0	0.0	0	15	
Positive Regulation Of Glucose Import (GO:0046326)	1.0	1.0	0.0	0.0	0	23	
Positive Regulation Of Fibroblast Apoptotic Process (GO:2000271)	1.0	1.0	0.0	0.0	0	6	
Positive Regulation Of Gluconeogenesis (GO:0045722)	1.0	1.0	0.0	0.0	0	7	
Positive Regulation Of Gastrulation (GO:2000543)	1.0	1.0	0.0	0.0	0	4	
Positive Regulation Of Gap Junction Assembly (GO:1903598)	1.0	1.0	0.0	0.0	0	5	
Positive Regulation Of Focal Adhesion Disassembly (GO:0120183)	1.0	1.0	0.0	0.0	0	5	
Positive Regulation Of Focal Adhesion Assembly (GO:0051894)	1.0	1.0	0.0	0.0	0	18	
Positive Regulation Of Flagellated Sperm Motility (GO:1902093)	1.0	1.0	0.0	0.0	0	6	
Positive Regulation Of Filopodium Assembly (GO:0051491)	1.0	1.0	0.0	0.0	0	24	
Positive Regulation Of Gliogenesis (GO:0014015)	1.0	1.0	0.0	0.0	0	6	
Positive Regulation Of Epithelial Tube Formation (GO:1905278)	1.0	1.0	0.0	0.0	0	7	
Positive Regulation Of Epithelial Cell Proliferation Involved In Wound Healing (GO:0060054)	1.0	1.0	0.0	0.0	0	7	
Positive Regulation Of Epithelial Cell Differentiation Involved In Kidney Development (GO:2000698)	1.0	1.0	0.0	0.0	0	5	
Positive Regulation Of Dendritic Cell Cytokine Production (GO:0002732)	1.0	1.0	0.0	0.0	0	7	
Positive Regulation Of Dendritic Cell Chemotaxis (GO:2000510)	1.0	1.0	0.0	0.0	0	7	
Positive Regulation Of Dendritic Cell Antigen Processing And Presentation (GO:0002606)	1.0	1.0	0.0	0.0	0	5	
Positive Regulation Of Dendrite Development (GO:1900006)	1.0	1.0	0.0	0.0	0	10	
Positive Regulation Of Defense Response To Virus By Host (GO:0002230)	1.0	1.0	0.0	0.0	0	24	
Positive Regulation Of Defense Response To Bacterium (GO:1900426)	1.0	1.0	0.0	0.0	0	10	
Positive Regulation Of Extracellular Matrix Assembly (GO:1901203)	1.0	1.0	0.0	0.0	0	8	
Positive Regulation Of Establishment Of Endothelial Barrier (GO:1903142)	1.0	1.0	0.0	0.0	0	5	
Positive Regulation Of Establishment Of Protein Localization To Telomere (GO:1904851)	1.0	1.0	0.0	0.0	0	9	
Positive Regulation Of Excitatory Postsynaptic Potential (GO:2000463)	1.0	1.0	0.0	0.0	0	22	
Positive Regulation Of Cell Communication (GO:0010647)	1.0	1.0	0.0	0.0	0	30	
Positive Regulation Of Cell Adhesion Mediated By Integrin (GO:0033630)	1.0	1.0	0.0	0.0	0	17	
Positive Regulation Of Cell Activation (GO:0050867)	1.0	1.0	0.0	0.0	0	15	
Positive Regulation Of Cation Channel Activity (GO:2001259)	1.0	1.0	0.0	0.0	0	36	
Positive Regulation Of Catecholamine Secretion (GO:0033605)	1.0	1.0	0.0	0.0	0	5	
Positive Regulation Of Calcium Ion Transmembrane Transport (GO:1904427)	1.0	1.0	0.0	0.0	0	41	
Positive Regulation Of Catalytic Activity (GO:0043085)	1.0	1.0	0.0	0.0	0	38	
Positive Regulation Of Cardiac Muscle Tissue Growth (GO:0055023)	1.0	1.0	0.0	0.0	0	16	
Positive Regulation Of Cardiac Muscle Cell Proliferation (GO:0060045)	1.0	1.0	0.0	0.0	0	13	
Positive Regulation Of Cardiac Muscle Cell Differentiation (GO:2000727)	1.0	1.0	0.0	0.0	0	5	
Positive Regulation Of Carbohydrate Metabolic Process (GO:0045913)	1.0	1.0	0.0	0.0	0	33	
Positive Regulation Of Calcium Ion-Dependent Exocytosis (GO:0045956)	1.0	1.0	0.0	0.0	0	8	
Positive Regulation Of Calcium Ion Transport Into Cytosol (GO:0010524)	1.0	1.0	0.0	0.0	0	8	
Neuron Fate Commitment (GO:0048663)	1.0	1.0	0.0	0.0	0	17	
Positive Regulation Of Cardiocyte Differentiation (GO:1905209)	1.0	1.0	0.0	0.0	0	9	
Positive Regulation Of Cyclin-Dependent Protein Serine/Threonine Kinase Activity (GO:0045737)	1.0	1.0	0.0	0.0	0	15	
Positive Regulation Of Cysteine-Type Endopeptidase Activity Involved In Apoptotic Process (GO:0043280)	1.0	1.0	0.0	0.0	0	106	
Positive Regulation Of Fatty Acid Metabolic Process (GO:0045923)	1.0	1.0	0.0	0.0	0	17	
Positive Regulation Of Fatty Acid Biosynthetic Process (GO:0045723)	1.0	1.0	0.0	0.0	0	13	
Positive Regulation Of Fatty Acid Beta-Oxidation (GO:0032000)	1.0	1.0	0.0	0.0	0	7	
Positive Regulation Of Extrinsic Apoptotic Signaling Pathway Via Death Domain Receptors (GO:1902043)	1.0	1.0	0.0	0.0	0	5	
Positive Regulation Of Extrinsic Apoptotic Signaling Pathway (GO:2001238)	1.0	1.0	0.0	0.0	0	31	
Positive Regulation Of Extracellular Matrix Organization (GO:1903055)	1.0	1.0	0.0	0.0	0	16	
Positive Regulation Of Fatty Acid Oxidation (GO:0046321)	1.0	1.0	0.0	0.0	0	11	
Positive Regulation Of Extracellular Matrix Disassembly (GO:0090091)	1.0	1.0	0.0	0.0	0	6	
Positive Regulation Of Exosomal Secretion (GO:1903543)	1.0	1.0	0.0	0.0	0	14	
Positive Regulation Of Exocytosis (GO:0045921)	1.0	1.0	0.0	0.0	0	37	
Positive Regulation Of Execution Phase Of Apoptosis (GO:1900119)	1.0	1.0	0.0	0.0	0	7	
Positive Regulation Of Cyclin-Dependent Protein Kinase Activity (GO:1904031)	1.0	1.0	0.0	0.0	0	18	
Positive Regulation Of Dendritic Spine Development (GO:0060999)	1.0	1.0	0.0	0.0	0	18	
Neuron Fate Specification (GO:0048665)	1.0	1.0	0.0	0.0	0	7	
Neuron Projection Arborization (GO:0140058)	1.0	1.0	0.0	0.0	0	7	
Negative Regulation Of Release Of Sequestered Calcium Ion Into Cytosol (GO:0051280)	1.0	1.0	0.0	0.0	0	11	
Negative Regulation Of Release Of Cytochrome C From Mitochondria (GO:0090201)	1.0	1.0	0.0	0.0	0	15	
Negative Regulation Of Regulated Secretory Pathway (GO:1903306)	1.0	1.0	0.0	0.0	0	6	
Negative Regulation Of Receptor Signaling Pathway Via STAT (GO:1904893)	1.0	1.0	0.0	0.0	0	14	
Negative Regulation Of Receptor Signaling Pathway Via JAK-STAT (GO:0046426)	1.0	1.0	0.0	0.0	0	16	
Negative Regulation Of Reactive Oxygen Species Metabolic Process (GO:2000378)	1.0	1.0	0.0	0.0	0	19	
Negative Regulation Of Reproductive Process (GO:2000242)	1.0	1.0	0.0	0.0	0	20	
Negative Regulation Of Synaptic Transmission (GO:0050805)	1.0	1.0	0.0	0.0	0	15	
Negative Regulation Of Ruffle Assembly (GO:1900028)	1.0	1.0	0.0	0.0	0	6	
Negative Regulation Of Secretion (GO:0051048)	1.0	1.0	0.0	0.0	0	11	
Negative Regulation Of Striated Muscle Cell Apoptotic Process (GO:0010664)	1.0	1.0	0.0	0.0	0	7	
Negative Regulation Of Stress-Activated Protein Kinase Signaling Cascade (GO:0070303)	1.0	1.0	0.0	0.0	0	5	
Negative Regulation Of Steroid Biosynthetic Process (GO:0010894)	1.0	1.0	0.0	0.0	0	10	
Negative Regulation Of Stem Cell Population Maintenance (GO:1902455)	1.0	1.0	0.0	0.0	0	19	
Negative Regulation Of Sprouting Angiogenesis (GO:1903671)	1.0	1.0	0.0	0.0	0	10	
Negative Regulation Of Smoothened Signaling Pathway (GO:0045879)	1.0	1.0	0.0	0.0	0	23	
Negative Regulation Of Ryanodine-Sensitive Calcium-Release Channel Activity (GO:0060315)	1.0	1.0	0.0	0.0	0	11	
Negative Regulation Of Smooth Muscle Cell Migration (GO:0014912)	1.0	1.0	0.0	0.0	0	14	
Negative Regulation Of Smooth Muscle Cell Apoptotic Process (GO:0034392)	1.0	1.0	0.0	0.0	0	5	
Negative Regulation Of Small Molecule Metabolic Process (GO:0062014)	1.0	1.0	0.0	0.0	0	30	
Negative Regulation Of Single Stranded Viral RNA Replication Via Double Stranded DNA Intermediate (GO:0045869)	1.0	1.0	0.0	0.0	0	12	
Negative Regulation Of Signaling Receptor Activity (GO:2000272)	1.0	1.0	0.0	0.0	0	25	
Negative Regulation Of Signal Transduction By P53 Class Mediator (GO:1901797)	1.0	1.0	0.0	0.0	0	14	
Negative Regulation Of Sequestering Of Calcium Ion (GO:0051283)	1.0	1.0	0.0	0.0	0	35	
Negative Regulation Of Smooth Muscle Cell Differentiation (GO:0051151)	1.0	1.0	0.0	0.0	0	8	
Negative Regulation Of Vascular Associated Smooth Muscle Cell Proliferation (GO:1904706)	1.0	1.0	0.0	0.0	0	16	
Negative Regulation Of Vascular Endothelial Growth Factor Receptor Signaling Pathway (GO:0030948)	1.0	1.0	0.0	0.0	0	9	
Negative Regulation Of Response To Cytokine Stimulus (GO:0060761)	1.0	1.0	0.0	0.0	0	9	
Negative Regulation Of Vascular Endothelial Growth Factor Signaling Pathway (GO:1900747)	1.0	1.0	0.0	0.0	0	9	
Negative Regulation Of Retrograde Protein Transport, ER To Cytosol (GO:1904153)	1.0	1.0	0.0	0.0	0	8	
Negative Regulation Of Response To Reactive Oxygen Species (GO:1901032)	1.0	1.0	0.0	0.0	0	6	
Negative Regulation Of Telomere Capping (GO:1904354)	1.0	1.0	0.0	0.0	0	6	
Negative Regulation Of Transcription By Competitive Promoter Binding (GO:0010944)	1.0	1.0	0.0	0.0	0	8	
Negative Regulation Of Telomerase Activity (GO:0051974)	1.0	1.0	0.0	0.0	0	9	
Negative Regulation Of Transport (GO:0051051)	1.0	1.0	0.0	0.0	0	37	
Negative Regulation Of Transposition (GO:0010529)	1.0	1.0	0.0	0.0	0	25	
Negative Regulation Of Ubiquitin-Protein Transferase Activity (GO:0051444)	1.0	1.0	0.0	0.0	0	17	
Negative Regulation Of Ubiquitin-Dependent Protein Catabolic Process (GO:2000059)	1.0	1.0	0.0	0.0	0	37	
Negative Regulation Of Ubiquitin Protein Ligase Activity (GO:1904667)	1.0	1.0	0.0	0.0	0	8	
Negative Regulation Of Tyrosine Phosphorylation Of STAT Protein (GO:0042532)	1.0	1.0	0.0	0.0	0	9	
Negative Regulation Of Type II Interferon-Mediated Signaling Pathway (GO:0060336)	1.0	1.0	0.0	0.0	0	6	
Negative Regulation Of Type II Interferon Production (GO:0032689)	1.0	1.0	0.0	0.0	0	27	
Negative Regulation Of Transporter Activity (GO:0032410)	1.0	1.0	0.0	0.0	0	8	
Negative Regulation Of Type I Interferon-Mediated Signaling Pathway (GO:0060339)	1.0	1.0	0.0	0.0	0	15	
Negative Regulation Of Type 2 Immune Response (GO:0002829)	1.0	1.0	0.0	0.0	0	6	
Negative Regulation Of Tumor Necrosis Factor-Mediated Signaling Pathway (GO:0010804)	1.0	1.0	0.0	0.0	0	19	
Negative Regulation Of Tumor Necrosis Factor Superfamily Cytokine Production (GO:1903556)	1.0	1.0	0.0	0.0	0	46	
Negative Regulation Of Tumor Necrosis Factor Production (GO:0032720)	1.0	1.0	0.0	0.0	0	44	
Negative Regulation Of Trophoblast Cell Migration (GO:1901164)	1.0	1.0	0.0	0.0	0	5	
Negative Regulation Of Triglyceride Metabolic Process (GO:0090209)	1.0	1.0	0.0	0.0	0	8	
Negative Regulation Of Type I Interferon Production (GO:0032480)	1.0	1.0	0.0	0.0	0	36	
Negative Regulation Of Vascular Associated Smooth Muscle Cell Differentiation (GO:1905064)	1.0	1.0	0.0	0.0	0	7	
Negative Regulation Of Systemic Arterial Blood Pressure (GO:0003085)	1.0	1.0	0.0	0.0	0	8	
Negative Regulation Of Substrate Adhesion-Dependent Cell Spreading (GO:1900025)	1.0	1.0	0.0	0.0	0	11	
Negative Regulation Of Retinoic Acid Receptor Signaling Pathway (GO:0048387)	1.0	1.0	0.0	0.0	0	6	
Negative Regulation Of Response To Wounding (GO:1903035)	1.0	1.0	0.0	0.0	0	25	
Negative Regulation Of Response To Type II Interferon (GO:0060331)	1.0	1.0	0.0	0.0	0	6	
Negative Regulation Of Response To Stimulus (GO:0048585)	1.0	1.0	0.0	0.0	0	50	
Negative Regulation Of Response To Endoplasmic Reticulum Stress (GO:1903573)	1.0	1.0	0.0	0.0	0	22	
Neutrophil Extravasation (GO:0072672)	1.0	1.0	0.0	0.0	0	3	
Neutrophil Degranulation (GO:0043312)	1.0	1.0	0.0	0.0	0	5	
Neutrophil Activation Involved In Immune Response (GO:0002283)	1.0	1.0	0.0	0.0	0	11	
Neurotransmitter Biosynthetic Process (GO:0042136)	1.0	1.0	0.0	0.0	0	11	
Neural Tube Development (GO:0021915)	1.0	1.0	0.0	0.0	0	17	
Neural Tube Closure (GO:0001843)	1.0	1.0	0.0	0.0	0	32	
Neural Crest Cell Migration (GO:0001755)	1.0	1.0	0.0	0.0	0	36	
Neural Crest Cell Differentiation (GO:0014033)	1.0	1.0	0.0	0.0	0	18	
Neural Crest Cell Development (GO:0014032)	1.0	1.0	0.0	0.0	0	44	
Nerve Growth Factor Signaling Pathway (GO:0038180)	1.0	1.0	0.0	0.0	0	9	
Neuroblast Proliferation (GO:0007405)	1.0	1.0	0.0	0.0	0	5	
Nephron Tubule Development (GO:0072080)	1.0	1.0	0.0	0.0	0	5	
Negative Regulation Of Vitamin Metabolic Process (GO:0046137)	1.0	1.0	0.0	0.0	0	5	
Negative Regulation Of Viral-Induced Cytoplasmic Pattern Recognition Receptor Signaling Pathway (GO:0039532)	1.0	1.0	0.0	0.0	0	13	
Negative Regulation Of Viral Transcription (GO:0032897)	1.0	1.0	0.0	0.0	0	13	
Negative Regulation Of Viral Life Cycle (GO:1903901)	1.0	1.0	0.0	0.0	0	20	
Negative Regulation Of Viral Entry Into Host Cell (GO:0046597)	1.0	1.0	0.0	0.0	0	18	
Negative Regulation Of Vascular Permeability (GO:0043116)	1.0	1.0	0.0	0.0	0	11	
Negative Regulation Of Voltage-Gated Calcium Channel Activity (GO:1901386)	1.0	1.0	0.0	0.0	0	11	
Neuroepithelial Cell Differentiation (GO:0060563)	1.0	1.0	0.0	0.0	0	7	
Neuromuscular Process (GO:0050905)	1.0	1.0	0.0	0.0	0	17	
Neuromuscular Process Controlling Balance (GO:0050885)	1.0	1.0	0.0	0.0	0	12	
Neuronal Ion Channel Clustering (GO:0045161)	1.0	1.0	0.0	0.0	0	8	
Neuronal Action Potential (GO:0019228)	1.0	1.0	0.0	0.0	0	8	
Neuron Remodeling (GO:0016322)	1.0	1.0	0.0	0.0	0	9	
Neuron Projection Regeneration (GO:0031102)	1.0	1.0	0.0	0.0	0	9	
Neuron Projection Organization (GO:0106027)	1.0	1.0	0.0	0.0	0	15	
Neuron Projection Maintenance (GO:1990535)	1.0	1.0	0.0	0.0	0	9	
Neuron Projection Fasciculation (GO:0106030)	1.0	1.0	0.0	0.0	0	10	
Neuron Projection Extension Involved In Neuron Projection Guidance (GO:1902284)	1.0	1.0	0.0	0.0	0	6	
Neurotransmitter Loading Into Synaptic Vesicle (GO:0098700)	1.0	1.0	0.0	0.0	0	5	
Neurotransmitter Receptor Diffusion Trapping (GO:0099628)	1.0	1.0	0.0	0.0	0	7	
Norepinephrine Transport (GO:0015874)	1.0	1.0	0.0	0.0	0	6	
Non-Canonical Wnt Signaling Pathway (GO:0035567)	1.0	1.0	0.0	0.0	0	41	
Neutrophil Activation (GO:0042119)	1.0	1.0	0.0	0.0	0	17	
Neutral Amino Acid Transport (GO:0015804)	1.0	1.0	0.0	0.0	0	35	
Neurotrophin Signaling Pathway (GO:0038179)	1.0	1.0	0.0	0.0	0	15	
Neutrophil Mediated Immunity (GO:0002446)	1.0	1.0	0.0	0.0	0	12	
Neurotrophin TRK Receptor Signaling Pathway (GO:0048011)	1.0	1.0	0.0	0.0	0	6	
Neurotransmitter Uptake (GO:0001504)	1.0	1.0	0.0	0.0	0	11	
Neurotransmitter Transport (GO:0006836)	1.0	1.0	0.0	0.0	0	52	
Neurotransmitter Reuptake (GO:0098810)	1.0	1.0	0.0	0.0	0	8	
Neurotransmitter Receptor Transport, Postsynaptic Endosome To Lysosome (GO:0098943)	1.0	1.0	0.0	0.0	0	6	
Neurotransmitter Receptor Transport, Endosome To Postsynaptic Membrane (GO:0098887)	1.0	1.0	0.0	0.0	0	6	
Neurotransmitter Receptor Transport, Endosome To Plasma Membrane (GO:0099639)	1.0	1.0	0.0	0.0	0	7	
Neurotransmitter-Gated Ion Channel Clustering (GO:0072578)	1.0	1.0	0.0	0.0	0	5	
Neurotransmitter Receptor Transport To Postsynaptic Membrane (GO:0098969)	1.0	1.0	0.0	0.0	0	9	
Neuron Maturation (GO:0042551)	1.0	1.0	0.0	0.0	0	16	
Nicotinamide Nucleotide Biosynthetic Process (GO:0019359)	1.0	1.0	0.0	0.0	0	8	
Nuclear Export (GO:0051168)	1.0	1.0	0.0	0.0	0	46	
Nuclear Envelope Organization (GO:0006998)	1.0	1.0	0.0	0.0	0	16	
Nuclear Chromosome Segregation (GO:0098813)	1.0	1.0	0.0	0.0	0	16	
Nuclear Body Organization (GO:0030575)	1.0	1.0	0.0	0.0	0	11	
Nuclear RNA Surveillance (GO:0071027)	1.0	1.0	0.0	0.0	0	10	
Notochord Development (GO:0030903)	1.0	1.0	0.0	0.0	0	5	
Nitric Oxide Biosynthetic Process (GO:0006809)	1.0	1.0	0.0	0.0	0	13	
Nose Development (GO:0043584)	1.0	1.0	0.0	0.0	0	6	
Norepinephrine Metabolic Process (GO:0042415)	1.0	1.0	0.0	0.0	0	7	
Norepinephrine Biosynthetic Process (GO:0042421)	1.0	1.0	0.0	0.0	0	6	
Noradrenergic Neuron Differentiation (GO:0003357)	1.0	1.0	0.0	0.0	0	6	
Nonribosomal Peptide Biosynthetic Process (GO:0019184)	1.0	1.0	0.0	0.0	0	7	
Non-Motile Cilium Assembly (GO:1905515)	1.0	1.0	0.0	0.0	0	30	
Nitric Oxide Metabolic Process (GO:0046209)	1.0	1.0	0.0	0.0	0	14	
Positive Regulation Of Deacetylase Activity (GO:0090045)	1.0	1.0	0.0	0.0	0	6	
Positive Regulation Of Cytoplasmic Transport (GO:1903651)	1.0	1.0	0.0	0.0	0	9	
Positive Regulation Of Cytoplasmic Translation (GO:2000767)	1.0	1.0	0.0	0.0	0	14	
Positive Regulation Of T Cell Differentiation (GO:0045582)	1.0	1.0	0.0	0.0	0	63	
Positive Regulation Of T Cell Cytokine Production (GO:0002726)	1.0	1.0	0.0	0.0	0	21	
Positive Regulation Of T Cell Chemotaxis (GO:0010820)	1.0	1.0	0.0	0.0	0	12	
Positive Regulation Of T Cell Apoptotic Process (GO:0070234)	1.0	1.0	0.0	0.0	0	9	
Positive Regulation Of T Cell Activation (GO:0050870)	1.0	1.0	0.0	0.0	0	103	
Positive Regulation Of SMAD Protein Signal Transduction (GO:0060391)	1.0	1.0	0.0	0.0	0	17	
Positive Regulation Of Rho Protein Signal Transduction (GO:0035025)	1.0	1.0	0.0	0.0	0	29	
Positive Regulation Of Ras Protein Signal Transduction (GO:0046579)	1.0	1.0	0.0	0.0	0	49	
Positive Regulation Of RNA Splicing (GO:0033120)	1.0	1.0	0.0	0.0	0	35	
Positive Regulation Of RNA Metabolic Process (GO:0051254)	1.0	1.0	0.0	0.0	0	32	
Positive Regulation Of RNA Biosynthetic Process (GO:1902680)	1.0	1.0	0.0	0.0	0	9	
Positive Regulation Of Autophagosome Maturation (GO:1901098)	1.0	1.0	0.0	0.0	0	6	
mRNA Cleavage Involved In mRNA Processing (GO:0098787)	1.0	1.0	0.0	0.0	0	12	
Negative Regulation Of Proteolysis Involved In Protein Catabolic Process (GO:1903051)	1.0	1.0	0.0	0.0	0	23	
Negative Regulation Of Protein Ubiquitination (GO:0031397)	1.0	1.0	0.0	0.0	0	49	
Morphogenesis Of An Endothelium (GO:0003159)	1.0	1.0	0.0	0.0	0	5	
Morphogenesis Of A Polarized Epithelium (GO:0001738)	1.0	1.0	0.0	0.0	0	12	
Monoubiquitinated Protein Deubiquitination (GO:0035520)	1.0	1.0	0.0	0.0	0	32	
Monoubiquitinated Histone Deubiquitination (GO:0035521)	1.0	1.0	0.0	0.0	0	26	
Monoubiquitinated Histone H2A Deubiquitination (GO:0035522)	1.0	1.0	0.0	0.0	0	26	
Monoterpenoid Metabolic Process (GO:0016098)	1.0	1.0	0.0	0.0	0	4	
Morphogenesis Of An Epithelial Sheet (GO:0002011)	1.0	1.0	0.0	0.0	0	8	
Monosaccharide Transmembrane Transport (GO:0015749)	1.0	1.0	0.0	0.0	0	14	
Monocyte Chemotaxis (GO:0002548)	1.0	1.0	0.0	0.0	0	42	
Monocarboxylic Acid Transport (GO:0015718)	1.0	1.0	0.0	0.0	0	73	
Monocarboxylic Acid Catabolic Process (GO:0072329)	1.0	1.0	0.0	0.0	0	20	
Monoatomic Anion Transmembrane Transport (GO:0098656)	1.0	1.0	0.0	0.0	0	54	
Positive Regulation Of T Cell Differentiation In Thymus (GO:0033089)	1.0	1.0	0.0	0.0	0	5	
Monoatomic Anion Homeostasis (GO:0055081)	1.0	1.0	0.0	0.0	0	9	
Positive Regulation Of T Cell Mediated Cytotoxicity (GO:0001916)	1.0	1.0	0.0	0.0	0	31	
Positive Regulation Of T Cell Mediated Immunity (GO:0002711)	1.0	1.0	0.0	0.0	0	41	
Positive Regulation Of Alpha-Beta T Cell Differentiation (GO:0046638)	1.0	1.0	0.0	0.0	0	13	
Positive Regulation Of Alpha-Beta T Cell Activation (GO:0046635)	1.0	1.0	0.0	0.0	0	18	
Positive Regulation Of Alcohol Biosynthetic Process (GO:1902932)	1.0	1.0	0.0	0.0	0	12	
Positive Regulation Of Adipose Tissue Development (GO:1904179)	1.0	1.0	0.0	0.0	0	7	
Positive Regulation Of Adenylate Cyclase Activity (GO:0045762)	1.0	1.0	0.0	0.0	0	25	
Positive Regulation Of Animal Organ Morphogenesis (GO:0110110)	1.0	1.0	0.0	0.0	0	5	
Positive Regulation Of T Cell Receptor Signaling Pathway (GO:0050862)	1.0	1.0	0.0	0.0	0	11	
Positive Regulation Of T Cell Proliferation (GO:0042102)	1.0	1.0	0.0	0.0	0	63	
Positive Regulation Of T Cell Migration (GO:2000406)	1.0	1.0	0.0	0.0	0	25	
Positive Regulation Of NK T Cell Activation (GO:0051135)	1.0	1.0	0.0	0.0	0	8	
Positive Regulation Of NF-kappaB Transcription Factor Activity (GO:0051092)	1.0	1.0	0.0	0.0	0	150	
Positive Regulation Of MHC Class II Biosynthetic Process (GO:0045348)	1.0	1.0	0.0	0.0	0	10	
Positive Regulation Of JUN Kinase Activity (GO:0043507)	1.0	1.0	0.0	0.0	0	30	
Positive Regulation Of JNK Cascade (GO:0046330)	1.0	1.0	0.0	0.0	0	75	
Positive Regulation Of IRE1-mediated Unfolded Protein Response (GO:1903896)	1.0	1.0	0.0	0.0	0	6	
Positive Regulation Of NK T Cell Proliferation (GO:0051142)	1.0	1.0	0.0	0.0	0	5	
Positive Regulation Of I-kappaB Phosphorylation (GO:1903721)	1.0	1.0	0.0	0.0	0	5	
Positive Regulation Of G1/S Transition Of Mitotic Cell Cycle (GO:1900087)	1.0	1.0	0.0	0.0	0	31	
Positive Regulation Of G Protein-Coupled Receptor Signaling Pathway (GO:0045745)	1.0	1.0	0.0	0.0	0	17	
Positive Regulation Of ERBB Signaling Pathway (GO:1901186)	1.0	1.0	0.0	0.0	0	23	
Positive Regulation Of ERAD Pathway (GO:1904294)	1.0	1.0	0.0	0.0	0	12	
Positive Regulation Of ER-associated Ubiquitin-Dependent Protein Catabolic Process (GO:1903071)	1.0	1.0	0.0	0.0	0	6	
Positive Regulation Of DNA-templated Transcription Initiation (GO:2000144)	1.0	1.0	0.0	0.0	0	56	
Positive Regulation Of G2/M Transition Of Mitotic Cell Cycle (GO:0010971)	1.0	1.0	0.0	0.0	0	21	
Positive Regulation Of NLRP3 Inflammasome Complex Assembly (GO:1900227)	1.0	1.0	0.0	0.0	0	17	
Positive Regulation Of RIG-I Signaling Pathway (GO:1900246)	1.0	1.0	0.0	0.0	0	9	
Positive Regulation Of RNA Binding (GO:1905216)	1.0	1.0	0.0	0.0	0	5	
Positive Regulation Of T Cell Mediated Immune Response To Tumor Cell (GO:0002842)	1.0	1.0	0.0	0.0	0	4	
Monoamine Transport (GO:0015844)	1.0	1.0	0.0	0.0	0	10	
Monosaccharide Biosynthetic Process (GO:0046364)	1.0	1.0	0.0	0.0	0	7	
Monoacylglycerol Metabolic Process (GO:0046462)	1.0	1.0	0.0	0.0	0	13	
Mitotic DNA Integrity Checkpoint Signaling (GO:0044774)	1.0	1.0	0.0	0.0	0	12	
Mitotic DNA Damage Checkpoint Signaling (GO:0044773)	1.0	1.0	0.0	0.0	0	52	
Mitotic G2 DNA Damage Checkpoint Signaling (GO:0007095)	1.0	1.0	0.0	0.0	0	26	
Monoacylglycerol Biosynthetic Process (GO:0006640)	1.0	1.0	0.0	0.0	0	6	
Mitotic Nuclear Membrane Organization (GO:0101024)	1.0	1.0	0.0	0.0	0	9	
Mitotic Recombination (GO:0006312)	1.0	1.0	0.0	0.0	0	14	
Modulation By Symbiont Of Entry Into Host (GO:0052372)	1.0	1.0	0.0	0.0	0	19	
Modulation By Host Of Viral Genome Replication (GO:0044827)	1.0	1.0	0.0	0.0	0	19	
Modified Amino Acid Transport (GO:0072337)	1.0	1.0	0.0	0.0	0	28	
Modification-Dependent Macromolecule Catabolic Process (GO:0043632)	1.0	1.0	0.0	0.0	0	5	
Mitral Valve Morphogenesis (GO:0003183)	1.0	1.0	0.0	0.0	0	9	
Mitral Valve Development (GO:0003174)	1.0	1.0	0.0	0.0	0	7	
Mitotic Nuclear Membrane Reassembly (GO:0007084)	1.0	1.0	0.0	0.0	0	9	
Mitotic Spindle Organization (GO:0007052)	1.0	1.0	0.0	0.0	0	80	
Mitotic Spindle Elongation (GO:0000022)	1.0	1.0	0.0	0.0	0	10	
Mitotic Spindle Checkpoint Signaling (GO:0071174)	1.0	1.0	0.0	0.0	0	25	
Mitotic Spindle Assembly Checkpoint Signaling (GO:0007094)	1.0	1.0	0.0	0.0	0	25	
Mitotic Spindle Assembly (GO:0090307)	1.0	1.0	0.0	0.0	0	42	
Mitotic Sister Chromatid Segregation (GO:0000070)	1.0	1.0	0.0	0.0	0	105	
Mitotic Sister Chromatid Cohesion (GO:0007064)	1.0	1.0	0.0	0.0	0	17	
Mitotic Spindle Midzone Assembly (GO:0051256)	1.0	1.0	0.0	0.0	0	10	
Myeloid Dendritic Cell Activation (GO:0001773)	1.0	1.0	0.0	0.0	0	13	
Myeloid Dendritic Cell Differentiation (GO:0043011)	1.0	1.0	0.0	0.0	0	9	
Myeloid Leukocyte Mediated Immunity (GO:0002444)	1.0	1.0	0.0	0.0	0	7	
Negative Regulation Of T Cell Apoptotic Process (GO:0070233)	1.0	1.0	0.0	0.0	0	7	
Negative Regulation Of T Cell Activation (GO:0050868)	1.0	1.0	0.0	0.0	0	47	
Negative Regulation Of SMAD Protein Signal Transduction (GO:0060392)	1.0	1.0	0.0	0.0	0	7	
Mitotic DNA Replication (GO:1902969)	1.0	1.0	0.0	0.0	0	10	
Mitotic DNA Replication Checkpoint Signaling (GO:0033314)	1.0	1.0	0.0	0.0	0	9	
Mitotic G1 DNA Damage Checkpoint Signaling (GO:0031571)	1.0	1.0	0.0	0.0	0	25	
Mitotic G1/S Transition Checkpoint Signaling (GO:0044819)	1.0	1.0	0.0	0.0	0	10	
Motile Cilium Assembly (GO:0044458)	1.0	1.0	0.0	0.0	0	14	
Multi-Ciliated Epithelial Cell Differentiation (GO:1903251)	1.0	1.0	0.0	0.0	0	6	
Myelin Maintenance (GO:0043217)	1.0	1.0	0.0	0.0	0	9	
Myelin Assembly (GO:0032288)	1.0	1.0	0.0	0.0	0	9	
Muscle Organ Development (GO:0007517)	1.0	1.0	0.0	0.0	0	55	
Muscle Filament Sliding (GO:0030049)	1.0	1.0	0.0	0.0	0	10	
Muscle Cell Migration (GO:0014812)	1.0	1.0	0.0	0.0	0	8	
Muscle Cell Fate Commitment (GO:0042693)	1.0	1.0	0.0	0.0	0	9	
Motor Neuron Axon Guidance (GO:0008045)	1.0	1.0	0.0	0.0	0	9	
Muscle Cell Differentiation (GO:0042692)	1.0	1.0	0.0	0.0	0	32	
Multivesicular Body-Lysosome Fusion (GO:0061763)	1.0	1.0	0.0	0.0	0	9	
Multivesicular Body Sorting Pathway (GO:0071985)	1.0	1.0	0.0	0.0	0	22	
Multivesicular Body Organization (GO:0036257)	1.0	1.0	0.0	0.0	0	30	
Positive Regulation Of Alpha-Beta T Cell Proliferation (GO:0046641)	1.0	1.0	0.0	0.0	0	17	
Multivesicular Body Assembly (GO:0036258)	1.0	1.0	0.0	0.0	0	29	
Multicellular Organismal-Level Iron Ion Homeostasis (GO:0060586)	1.0	1.0	0.0	0.0	0	11	
Muscle Cell Development (GO:0055001)	1.0	1.0	0.0	0.0	0	32	
Myeloid Cell Differentiation (GO:0030099)	1.0	1.0	0.0	0.0	0	54	
Monoacylglycerol Catabolic Process (GO:0052651)	1.0	1.0	0.0	0.0	0	6	
Modulation Of Excitatory Postsynaptic Potential (GO:0098815)	1.0	1.0	0.0	0.0	0	31	
Mitotic Nuclear Division (GO:0140014)	1.0	1.0	0.0	0.0	0	43	
Mitotic Metaphase Plate Congression (GO:0007080)	1.0	1.0	0.0	0.0	0	50	
Mitotic intra-S DNA Damage Checkpoint Signaling (GO:0031573)	1.0	1.0	0.0	0.0	0	13	
Mitotic Cytokinetic Process (GO:1902410)	1.0	1.0	0.0	0.0	0	18	
Mitotic Chromosome Condensation (GO:0007076)	1.0	1.0	0.0	0.0	0	13	
Mitotic Cell Cycle Checkpoint Signaling (GO:0007093)	1.0	1.0	0.0	0.0	0	22	
Mitotic Nuclear Membrane Disassembly (GO:0007077)	1.0	1.0	0.0	0.0	0	6	
Mitotic G2/M Transition Checkpoint (GO:0044818)	1.0	1.0	0.0	0.0	0	41	
Multinuclear Osteoclast Differentiation (GO:0072674)	1.0	1.0	0.0	0.0	0	5	
Positive Regulation Of Antigen Processing And Presentation (GO:0002579)	1.0	1.0	0.0	0.0	0	5	
Positive Regulation Of Adaptive Immune Response (GO:0002821)	1.0	1.0	0.0	0.0	0	8	
Positive Regulation Of Antigen Receptor-Mediated Signaling Pathway (GO:0050857)	1.0	1.0	0.0	0.0	0	18	
Pore Complex Assembly (GO:0046931)	1.0	1.0	0.0	0.0	0	18	
Positive Regulation Of B Cell Activation (GO:0050871)	1.0	1.0	0.0	0.0	0	48	
Polysaccharide Biosynthetic Process (GO:0000271)	1.0	1.0	0.0	0.0	0	12	
Polyol Biosynthetic Process (GO:0046173)	1.0	1.0	0.0	0.0	0	15	
Polyamine Transport (GO:0015846)	1.0	1.0	0.0	0.0	0	5	
Polyamine Metabolic Process (GO:0006595)	1.0	1.0	0.0	0.0	0	11	
Polyamine Biosynthetic Process (GO:0006596)	1.0	1.0	0.0	0.0	0	6	
Polyadenylation-Dependent snoRNA 3'-End Processing (GO:0071051)	1.0	1.0	0.0	0.0	0	6	
poly-N-acetyllactosamine Metabolic Process (GO:0030309)	1.0	1.0	0.0	0.0	0	4	
Polyol Metabolic Process (GO:0019751)	1.0	1.0	0.0	0.0	0	17	
poly(A)+ mRNA Export From Nucleus (GO:0016973)	1.0	1.0	0.0	0.0	0	21	
Positive Regulation Of B Cell Differentiation (GO:0045579)	1.0	1.0	0.0	0.0	0	10	
Positive Regulation Of B Cell Receptor Signaling Pathway (GO:0050861)	1.0	1.0	0.0	0.0	0	6	
Positive Regulation Of DNA Recombination (GO:0045911)	1.0	1.0	0.0	0.0	0	45	
Positive Regulation Of DNA Methylation-Dependent Heterochromatin Formation (GO:0090309)	1.0	1.0	0.0	0.0	0	8	
Positive Regulation Of DNA Metabolic Process (GO:0051054)	1.0	1.0	0.0	0.0	0	101	
Positive Regulation Of DNA Demethylation (GO:1901537)	1.0	1.0	0.0	0.0	0	6	
Positive Regulation Of DNA Damage Response, Signal Transduction By P53 Class Mediator (GO:0043517)	1.0	1.0	0.0	0.0	0	15	
Positive Regulation Of DNA Biosynthetic Process (GO:2000573)	1.0	1.0	0.0	0.0	0	65	
Positive Regulation Of B Cell Proliferation (GO:0030890)	1.0	1.0	0.0	0.0	0	29	
Positive Regulation Of DNA Binding (GO:0043388)	1.0	1.0	0.0	0.0	0	30	
Positive Regulation Of CREB Transcription Factor Activity (GO:0032793)	1.0	1.0	0.0	0.0	0	17	
Positive Regulation Of CD8-positive, Alpha-Beta T Cell Activation (GO:2001187)	1.0	1.0	0.0	0.0	0	8	
Positive Regulation Of CD4-positive, Alpha-Beta T Cell Differentiation (GO:0043372)	1.0	1.0	0.0	0.0	0	7	
Positive Regulation Of CD4-positive, Alpha-Beta T Cell Activation (GO:2000516)	1.0	1.0	0.0	0.0	0	11	
Positive Regulation Of CD4-positive, CD25-positive, Alpha-Beta Regulatory T Cell Differentiation (GO:0032831)	1.0	1.0	0.0	0.0	0	5	
Positive Regulation Of BMP Signaling Pathway (GO:0030513)	1.0	1.0	0.0	0.0	0	23	
Porphyrin-Containing Compound Catabolic Process (GO:0006787)	1.0	1.0	0.0	0.0	0	12	
Positive Regulation By Host Of Viral Genome Replication (GO:0044829)	1.0	1.0	0.0	0.0	0	7	
Positive Regulation By Host Of Viral Process (GO:0044794)	1.0	1.0	0.0	0.0	0	17	
Positive Regulation By Host Of Viral Transcription (GO:0043923)	1.0	1.0	0.0	0.0	0	16	
Positive Regulation Of Cytokine-Mediated Signaling Pathway (GO:0001961)	1.0	1.0	0.0	0.0	0	42	
Positive Regulation Of Cytokine Production Involved In Inflammatory Response (GO:1900017)	1.0	1.0	0.0	0.0	0	18	
Positive Regulation Of Cytokine Production Involved In Immune Response (GO:0002720)	1.0	1.0	0.0	0.0	0	32	
Positive Regulation Of Cysteine-Type Endopeptidase Activity Involved In Apoptotic Signaling Pathway (GO:2001269)	1.0	1.0	0.0	0.0	0	6	
Positive Regulation Of Cytosolic Calcium Ion Concentration Involved In Phospholipase C-activating G Protein-Coupled Signaling Pathway (GO:0051482)	1.0	1.0	0.0	0.0	0	27	
Positive Regulation Of Dendritic Spine Morphogenesis (GO:0061003)	1.0	1.0	0.0	0.0	0	7	
Positive Regulation Of Double-Strand Break Repair (GO:2000781)	1.0	1.0	0.0	0.0	0	76	
Positive Regulation Of Double-Strand Break Repair Via Homologous Recombination (GO:1905168)	1.0	1.0	0.0	0.0	0	34	
Positive Regulation Of Epithelial Cell Differentiation (GO:0030858)	1.0	1.0	0.0	0.0	0	19	
Positive Regulation Of Epithelial Cell Apoptotic Process (GO:1904037)	1.0	1.0	0.0	0.0	0	23	
Positive Regulation Of Epidermis Development (GO:0045684)	1.0	1.0	0.0	0.0	0	7	
Positive Regulation Of Epidermal Growth Factor-Activated Receptor Activity (GO:0045741)	1.0	1.0	0.0	0.0	0	10	
Positive Regulation Of Epidermal Growth Factor Receptor Signaling Pathway (GO:0045742)	1.0	1.0	0.0	0.0	0	32	
Positive Regulation Of CoA-transferase Activity (GO:1905920)	1.0	1.0	0.0	0.0	0	7	
Positive Regulation Of Epidermal Cell Differentiation (GO:0045606)	1.0	1.0	0.0	0.0	0	14	
Positive Regulation Of Endothelial Cell Apoptotic Process (GO:2000353)	1.0	1.0	0.0	0.0	0	15	
Positive Regulation Of Endoplasmic Reticulum Unfolded Protein Response (GO:1900103)	1.0	1.0	0.0	0.0	0	11	
Positive Regulation Of Endoplasmic Reticulum Stress-Induced Intrinsic Apoptotic Signaling Pathway (GO:1902237)	1.0	1.0	0.0	0.0	0	6	
Positive Regulation Of Endopeptidase Activity (GO:0010950)	1.0	1.0	0.0	0.0	0	28	
Positive Regulation Of Endocytic Recycling (GO:2001137)	1.0	1.0	0.0	0.0	0	6	
Positive Regulation Of Embryonic Development (GO:0040019)	1.0	1.0	0.0	0.0	0	16	
Positive Regulation Of Early Endosome To Late Endosome Transport (GO:2000643)	1.0	1.0	0.0	0.0	0	8	
Positive Regulation Of Double-Strand Break Repair Via Nonhomologous End Joining (GO:2001034)	1.0	1.0	0.0	0.0	0	9	
Positive Regulation Of Autophagy Of Mitochondrion (GO:1903599)	1.0	1.0	0.0	0.0	0	9	
Phosphatidylethanolamine Metabolic Process (GO:0046337)	1.0	1.0	0.0	0.0	0	19	
Positive Regulation Of Autophagy (GO:0010508)	1.0	1.0	0.0	0.0	0	103	
Positive Regulation Of Autophagosome Assembly (GO:2000786)	1.0	1.0	0.0	0.0	0	15	
Positive Regulation By Symbiont Of Entry Into Host (GO:0075294)	1.0	1.0	0.0	0.0	0	12	
Positive Regulation Of Endothelial Cell Development (GO:1901552)	1.0	1.0	0.0	0.0	0	5	
Negative Regulation Of RNA Metabolic Process (GO:0051253)	1.0	1.0	0.0	0.0	0	11	
Positive Regulation Of DNA Repair (GO:0045739)	1.0	1.0	0.0	0.0	0	83	
Plus-End-Directed Organelle Transport Along Microtubule (GO:0072386)	1.0	1.0	0.0	0.0	0	5	
Pituitary Gland Development (GO:0021983)	1.0	1.0	0.0	0.0	0	6	
Positive Regulation Of DNA Replication (GO:0045740)	1.0	1.0	0.0	0.0	0	18	
Positive Regulation Of DNA-directed DNA Polymerase Activity (GO:1900264)	1.0	1.0	0.0	0.0	0	12	
Positive Regulation Of DNA-templated DNA Replication (GO:2000105)	1.0	1.0	0.0	0.0	0	10	
Positive Regulation Of Activation Of Janus Kinase Activity (GO:0010536)	1.0	1.0	0.0	0.0	0	6	
Positive Regulation Of Activated T Cell Proliferation (GO:0042104)	1.0	1.0	0.0	0.0	0	18	
Positive Regulation Of Actin Filament Depolymerization (GO:0030836)	1.0	1.0	0.0	0.0	0	6	
Positive Regulation Of Actin Filament Bundle Assembly (GO:0032233)	1.0	1.0	0.0	0.0	0	49	
Positive Regulation Of Actin Cytoskeleton Reorganization (GO:2000251)	1.0	1.0	0.0	0.0	0	8	
Positive Regulation Of Acrosome Reaction (GO:2000344)	1.0	1.0	0.0	0.0	0	9	
Positive Regulation Of Activin Receptor Signaling Pathway (GO:0032927)	1.0	1.0	0.0	0.0	0	5	
Positive Regulation Of Wnt Signaling Pathway, Planar Cell Polarity Pathway (GO:2000096)	1.0	1.0	0.0	0.0	0	5	
Positive Regulation Of T-helper Cell Differentiation (GO:0045624)	1.0	1.0	0.0	0.0	0	12	
Positive Regulation Of T-helper 2 Cell Differentiation (GO:0045630)	1.0	1.0	0.0	0.0	0	5	
Positive Regulation Of T-helper 2 Cell Cytokine Production (GO:2000553)	1.0	1.0	0.0	0.0	0	7	
Positive Regulation Of T-helper 17 Type Immune Response (GO:2000318)	1.0	1.0	0.0	0.0	0	13	
Positive Regulation Of T-helper 17 Cell Differentiation (GO:2000321)	1.0	1.0	0.0	0.0	0	6	
Positive Regulation Of T-helper 1 Type Immune Response (GO:0002827)	1.0	1.0	0.0	0.0	0	12	
Positive Regulation Of TORC1 Signaling (GO:1904263)	1.0	1.0	0.0	0.0	0	24	
Positive Regulation Of T-helper 1 Cell Cytokine Production (GO:2000556)	1.0	1.0	0.0	0.0	0	5	
Positive Regulation Of Acute Inflammatory Response (GO:0002675)	1.0	1.0	0.0	0.0	0	14	
Positive Regulation Of Adaptive Immune Response Based On Somatic Recombination Of Immune Receptors Built From Immunoglobulin Superfamily Domains (GO:0002824)	1.0	1.0	0.0	0.0	0	14	
Positive Regulation Of Attachment Of Spindle Microtubules To Kinetochore (GO:0051987)	1.0	1.0	0.0	0.0	0	10	
Positive Regulation Of Attachment Of Mitotic Spindle Microtubules To Kinetochore (GO:1902425)	1.0	1.0	0.0	0.0	0	7	
Positive Regulation Of Aspartic-Type Peptidase Activity (GO:1905247)	1.0	1.0	0.0	0.0	0	7	
Positive Regulation Of Aspartic-Type Endopeptidase Activity Involved In Amyloid Precursor Protein Catabolic Process (GO:1902961)	1.0	1.0	0.0	0.0	0	6	
Positive Regulation Of Apoptotic Signaling Pathway (GO:2001235)	1.0	1.0	0.0	0.0	0	59	
Photoreceptor Cell Development (GO:0042461)	1.0	1.0	0.0	0.0	0	12	
Photoreceptor Cell Differentiation (GO:0046530)	1.0	1.0	0.0	0.0	0	5	
piRNA Processing (GO:0034587)	1.0	1.0	0.0	0.0	0	19	
Piecemeal Microautophagy Of The Nucleus (GO:0034727)	1.0	1.0	0.0	0.0	0	9	
Phospholipid Efflux (GO:0033700)	1.0	1.0	0.0	0.0	0	11	
Phospholipid Dephosphorylation (GO:0046839)	1.0	1.0	0.0	0.0	0	17	
Phospholipid Catabolic Process (GO:0009395)	1.0	1.0	0.0	0.0	0	27	
Phospholipid Biosynthetic Process (GO:0008654)	1.0	1.0	0.0	0.0	0	26	
Phosphatidylserine Metabolic Process (GO:0006658)	1.0	1.0	0.0	0.0	0	20	
Phosphatidylserine Acyl-Chain Remodeling (GO:0036150)	1.0	1.0	0.0	0.0	0	7	
Phospholipid Homeostasis (GO:0055091)	1.0	1.0	0.0	0.0	0	12	
Phosphatidylinositol-Mediated Signaling (GO:0048015)	1.0	1.0	0.0	0.0	0	62	
Phosphatidylinositol Phosphate Biosynthetic Process (GO:0046854)	1.0	1.0	0.0	0.0	0	41	
Phosphatidylinositol Dephosphorylation (GO:0046856)	1.0	1.0	0.0	0.0	0	14	
Phosphatidylinositol Acyl-Chain Remodeling (GO:0036149)	1.0	1.0	0.0	0.0	0	5	
Phosphatidylinositol 3-Kinase Signaling (GO:0014065)	1.0	1.0	0.0	0.0	0	32	
Phosphatidylglycerol Metabolic Process (GO:0046471)	1.0	1.0	0.0	0.0	0	19	
Polarized Epithelial Cell Differentiation (GO:0030859)	1.0	1.0	0.0	0.0	0	14	
Phosphatidylglycerol Biosynthetic Process (GO:0006655)	1.0	1.0	0.0	0.0	0	7	
Podocyte Cell Migration (GO:0090521)	1.0	1.0	0.0	0.0	0	5	
Phospholipid Metabolic Process (GO:0006644)	1.0	1.0	0.0	0.0	0	57	
Photoperiodism (GO:0009648)	1.0	1.0	0.0	0.0	0	23	
Platelet-Derived Growth Factor Receptor Signaling Pathway (GO:0048008)	1.0	1.0	0.0	0.0	0	15	
Platelet Dense Granule Organization (GO:0060155)	1.0	1.0	0.0	0.0	0	22	
Platelet Activating Factor Metabolic Process (GO:0046469)	1.0	1.0	0.0	0.0	0	7	
Plasma Membrane To Endosome Transport (GO:0048227)	1.0	1.0	0.0	0.0	0	7	
Plasma Membrane Phospholipid Scrambling (GO:0017121)	1.0	1.0	0.0	0.0	0	6	
Placenta Development (GO:0001890)	1.0	1.0	0.0	0.0	0	21	
Phospholipid Translocation (GO:0045332)	1.0	1.0	0.0	0.0	0	29	
Placenta Blood Vessel Development (GO:0060674)	1.0	1.0	0.0	0.0	0	6	
Pinocytosis (GO:0006907)	1.0	1.0	0.0	0.0	0	8	
Pigment Granule Transport (GO:0051904)	1.0	1.0	0.0	0.0	0	15	
Phosphatidylinositol-3-Phosphate Biosynthetic Process (GO:0036092)	1.0	1.0	0.0	0.0	0	11	
Intrinsic Apoptotic Signaling Pathway In Response To DNA Damage By P53 Class Mediator (GO:0042771)	1.0	1.0	0.0	0.0	0	19	
Regulation Of Axon Regeneration (GO:0048679)	1.0	1.0	0.0	0.0	0	10	
Ketone Biosynthetic Process (GO:0042181)	1.0	1.0	0.0	0.0	0	8	
Positive Regulation Of Peptidase Activity (GO:0010952)	1.0	1.0	0.0	0.0	0	24	
Positive Regulation Of Protein Localization To Centrosome (GO:1904781)	1.0	1.0	0.0	0.0	0	6	
Positive Regulation Of Protein Localization To Cilium (GO:1903566)	1.0	1.0	0.0	0.0	0	4	
Positive Regulation Of Regulated Secretory Pathway (GO:1903307)	1.0	1.0	0.0	0.0	0	12	
Positive Regulation Of Regulatory T Cell Differentiation (GO:0045591)	1.0	1.0	0.0	0.0	0	16	
Positive Regulation Of Release Of Cytochrome C From Mitochondria (GO:0090200)	1.0	1.0	0.0	0.0	0	25	
Positive Regulation Of Release Of Sequestered Calcium Ion Into Cytosol (GO:0051281)	1.0	1.0	0.0	0.0	0	32	
Positive Regulation Of Reproductive Process (GO:2000243)	1.0	1.0	0.0	0.0	0	31	
Positive Regulation Of Respiratory Burst (GO:0060267)	1.0	1.0	0.0	0.0	0	7	
Positive Regulation Of Response To Cytokine Stimulus (GO:0060760)	1.0	1.0	0.0	0.0	0	13	
Positive Regulation Of Response To Endoplasmic Reticulum Stress (GO:1905898)	1.0	1.0	0.0	0.0	0	18	
Positive Regulation Of Response To Stimulus (GO:0048584)	1.0	1.0	0.0	0.0	0	71	
Positive Regulation Of Ruffle Assembly (GO:1900029)	1.0	1.0	0.0	0.0	0	12	
Positive Regulation Of Ryanodine-Sensitive Calcium-Release Channel Activity (GO:0060316)	1.0	1.0	0.0	0.0	0	7	
Positive Regulation Of Secondary Metabolite Biosynthetic Process (GO:1900378)	1.0	1.0	0.0	0.0	0	7	
Transcription Initiation-Coupled Chromatin Remodeling (GO:0045815)	1.0	1.0	0.0	0.0	0	31	
Positive Regulation Of Sequestering Of Triglyceride (GO:0010890)	1.0	1.0	0.0	0.0	0	8	
Transcription Initiation At RNA Polymerase I Promoter (GO:0006361)	1.0	1.0	0.0	0.0	0	7	
Positive Regulation Of Signal Transduction By P53 Class Mediator (GO:1901798)	1.0	1.0	0.0	0.0	0	20	
Positive Regulation Of Signaling (GO:0023056)	1.0	1.0	0.0	0.0	0	36	
Transcription By RNA Polymerase III (GO:0006383)	1.0	1.0	0.0	0.0	0	25	
Stem Cell Differentiation (GO:0048863)	1.0	1.0	0.0	0.0	0	39	
Positive Regulation Of Skeletal Muscle Fiber Development (GO:0048743)	1.0	1.0	0.0	0.0	0	4	
Positive Regulation Of Skeletal Muscle Tissue Development (GO:0048643)	1.0	1.0	0.0	0.0	0	8	
Positive Regulation Of Small GTPase Mediated Signal Transduction (GO:0051057)	1.0	1.0	0.0	0.0	0	17	
Positive Regulation Of Small Molecule Metabolic Process (GO:0062013)	1.0	1.0	0.0	0.0	0	32	
Positive Regulation Of Smooth Muscle Cell Apoptotic Process (GO:0034393)	1.0	1.0	0.0	0.0	0	8	
Type B Pancreatic Cell Differentiation (GO:0003309)	1.0	1.0	0.0	0.0	0	8	
Transcription By RNA Polymerase I (GO:0006360)	1.0	1.0	0.0	0.0	0	16	
Type I Interferon-Mediated Signaling Pathway (GO:0060337)	1.0	1.0	0.0	0.0	0	37	
Positive Regulation Of Positive Chemotaxis (GO:0050927)	1.0	1.0	0.0	0.0	0	14	
Positive Regulation Of Protein Localization To Cajal Body (GO:1904871)	1.0	1.0	0.0	0.0	0	10	
Tumor Necrosis Factor-Mediated Signaling Pathway (GO:0033209)	1.0	1.0	0.0	0.0	0	38	
Positive Regulation Of Protein Localization To Cell Surface (GO:2000010)	1.0	1.0	0.0	0.0	0	11	
Type B Pancreatic Cell Development (GO:0003323)	1.0	1.0	0.0	0.0	0	6	
Type B Pancreatic Cell Proliferation (GO:0044342)	1.0	1.0	0.0	0.0	0	4	
Positive Regulation Of Peptidyl-Lysine Acetylation (GO:2000758)	1.0	1.0	0.0	0.0	0	17	
Positive Regulation Of Peptidyl-Serine Phosphorylation Of STAT Protein (GO:0033141)	1.0	1.0	0.0	0.0	0	17	
Positive Regulation Of Peptidyl-Threonine Phosphorylation (GO:0010800)	1.0	1.0	0.0	0.0	0	23	
Ubiquitin-Dependent Protein Catabolic Process Via The C-end Degron Rule Pathway (GO:0140627)	1.0	1.0	0.0	0.0	0	8	
Ubiquitin-Dependent ERAD Pathway (GO:0030433)	1.0	1.0	0.0	0.0	0	69	
Ubiquinone Metabolic Process (GO:0006743)	1.0	1.0	0.0	0.0	0	12	
Ubiquinone Biosynthetic Process (GO:0006744)	1.0	1.0	0.0	0.0	0	11	
Tyrosine Phosphorylation Of STAT Protein (GO:0007260)	1.0	1.0	0.0	0.0	0	8	
Positive Regulation Of Phosphate Metabolic Process (GO:0045937)	1.0	1.0	0.0	0.0	0	30	
Positive Regulation Of Phosphatidylinositol 3-Kinase Activity (GO:0043552)	1.0	1.0	0.0	0.0	0	26	
Tyrosine Metabolic Process (GO:0006570)	1.0	1.0	0.0	0.0	0	11	
Positive Regulation Of Phospholipase Activity (GO:0010518)	1.0	1.0	0.0	0.0	0	20	
Positive Regulation Of Phospholipid Biosynthetic Process (GO:0071073)	1.0	1.0	0.0	0.0	0	6	
Positive Regulation Of Phospholipid Transport (GO:2001140)	1.0	1.0	0.0	0.0	0	10	
Positive Regulation Of Phosphoprotein Phosphatase Activity (GO:0032516)	1.0	1.0	0.0	0.0	0	17	
Positive Regulation Of Pinocytosis (GO:0048549)	1.0	1.0	0.0	0.0	0	6	
Positive Regulation Of Plasminogen Activation (GO:0010756)	1.0	1.0	0.0	0.0	0	6	
Positive Regulation Of Platelet Activation (GO:0010572)	1.0	1.0	0.0	0.0	0	9	
Positive Regulation Of Platelet Aggregation (GO:1901731)	1.0	1.0	0.0	0.0	0	11	
Type III Interferon-Mediated Signaling Pathway (GO:0038196)	1.0	1.0	0.0	0.0	0	10	
Type II Interferon-Mediated Signaling Pathway (GO:0060333)	1.0	1.0	0.0	0.0	0	9	
Positive Regulation Of Podosome Assembly (GO:0071803)	1.0	1.0	0.0	0.0	0	5	
Positive Regulation Of Post-Transcriptional Gene Silencing By RNA (GO:1900370)	1.0	1.0	0.0	0.0	0	10	
Positive Regulation Of Receptor Signaling Pathway Via STAT (GO:1904894)	1.0	1.0	0.0	0.0	0	37	
Positive Regulation Of Protein Localization To Chromosome, Telomeric Region (GO:1904816)	1.0	1.0	0.0	0.0	0	11	
Positive Regulation Of Receptor Signaling Pathway Via JAK-STAT (GO:0046427)	1.0	1.0	0.0	0.0	0	37	
Regulation Of Mitotic Spindle Assembly (GO:1901673)	1.0	1.0	0.0	0.0	0	20	
Regulation Of Mitotic Spindle Checkpoint (GO:1903504)	1.0	1.0	0.0	0.0	0	5	
Response To Hydroperoxide (GO:0033194)	1.0	1.0	0.0	0.0	0	7	
Response To Histamine (GO:0034776)	1.0	1.0	0.0	0.0	0	9	
Regulation Of Monoatomic Anion Transport (GO:0044070)	1.0	1.0	0.0	0.0	0	5	
Response To Hepatocyte Growth Factor (GO:0035728)	1.0	1.0	0.0	0.0	0	6	
Response To Heparin (GO:0071503)	1.0	1.0	0.0	0.0	0	5	
Response To Granulocyte Macrophage Colony-Stimulating Factor (GO:0097012)	1.0	1.0	0.0	0.0	0	5	
Response To Gonadotropin (GO:0034698)	1.0	1.0	0.0	0.0	0	5	
Regulation Of Monocyte Chemotactic Protein-1 Production (GO:0071637)	1.0	1.0	0.0	0.0	0	11	
Regulation Of Mitotic Nuclear Division (GO:0007088)	1.0	1.0	0.0	0.0	0	56	
Regulation Of Monocyte Chemotaxis (GO:0090025)	1.0	1.0	0.0	0.0	0	24	
Regulation Of Mononuclear Cell Migration (GO:0071675)	1.0	1.0	0.0	0.0	0	22	
Regulation Of Monooxygenase Activity (GO:0032768)	1.0	1.0	0.0	0.0	0	12	
Regulation Of Morphogenesis Of A Branching Structure (GO:0060688)	1.0	1.0	0.0	0.0	0	5	
Response To Glucocorticoid (GO:0051384)	1.0	1.0	0.0	0.0	0	26	
Response To Gamma Radiation (GO:0010332)	1.0	1.0	0.0	0.0	0	21	
Regulation Of Morphogenesis Of An Epithelium (GO:1905330)	1.0	1.0	0.0	0.0	0	8	
Regulation Of Multicellular Organism Growth (GO:0040014)	1.0	1.0	0.0	0.0	0	15	
Regulation Of Multicellular Organismal Development (GO:2000026)	1.0	1.0	0.0	0.0	0	53	
Regulation Of Muscle Cell Differentiation (GO:0051147)	1.0	1.0	0.0	0.0	0	24	
Response To Forskolin (GO:1904321)	1.0	1.0	0.0	0.0	0	10	
Regulation Of Muscle Contraction (GO:0006937)	1.0	1.0	0.0	0.0	0	29	
Response To Exogenous dsRNA (GO:0043330)	1.0	1.0	0.0	0.0	0	32	
Regulation Of Monocyte Differentiation (GO:0045655)	1.0	1.0	0.0	0.0	0	15	
Regulation Of Muscle Organ Development (GO:0048634)	1.0	1.0	0.0	0.0	0	5	
Regulation Of Mitotic Metaphase/Anaphase Transition (GO:0030071)	1.0	1.0	0.0	0.0	0	48	
Regulation Of Mitotic Sister Chromatid Separation (GO:0010965)	1.0	1.0	0.0	0.0	0	10	
Regulation Of Mitotic Sister Chromatid Segregation (GO:0033047)	1.0	1.0	0.0	0.0	0	8	
Stabilization Of Membrane Potential (GO:0030322)	1.0	1.0	0.0	0.0	0	16	
Smooth Muscle Cell Migration (GO:0014909)	1.0	1.0	0.0	0.0	0	5	
Transcription Preinitiation Complex Assembly (GO:0070897)	1.0	1.0	0.0	0.0	0	49	
Positive Regulation Of Protein Localization To Early Endosome (GO:1902966)	1.0	1.0	0.0	0.0	0	8	
Positive Regulation Of Protein Localization To Endosome (GO:1905668)	1.0	1.0	0.0	0.0	0	8	
Transmembrane Receptor Protein Tyrosine Phosphatase Signaling Pathway (GO:0007185)	1.0	1.0	0.0	0.0	0	5	
Translocation Of Molecules Into Host (GO:0044417)	1.0	1.0	0.0	0.0	0	7	
Positive Regulation Of Protein Maturation (GO:1903319)	1.0	1.0	0.0	0.0	0	10	
Translesion Synthesis (GO:0019985)	1.0	1.0	0.0	0.0	0	21	
Positive Regulation Of Protein Polyubiquitination (GO:1902916)	1.0	1.0	0.0	0.0	0	9	
Positive Regulation Of Protein Processing (GO:0010954)	1.0	1.0	0.0	0.0	0	18	
Translational Termination (GO:0006415)	1.0	1.0	0.0	0.0	0	7	
Positive Regulation Of Protein Sumoylation (GO:0033235)	1.0	1.0	0.0	0.0	0	9	
Translational Readthrough (GO:0006451)	1.0	1.0	0.0	0.0	0	6	
Translational Elongation (GO:0006414)	1.0	1.0	0.0	0.0	0	35	
Tricarboxylic Acid Metabolic Process (GO:0072350)	1.0	1.0	0.0	0.0	0	8	
Positive Regulation Of Protein Tyrosine Kinase Activity (GO:0061098)	1.0	1.0	0.0	0.0	0	38	
Transition Metal Ion Transport (GO:0000041)	1.0	1.0	0.0	0.0	0	31	
Positive Regulation Of Pseudopodium Assembly (GO:0031274)	1.0	1.0	0.0	0.0	0	9	
Transepithelial Transport (GO:0070633)	1.0	1.0	0.0	0.0	0	17	
Positive Regulation Of Pyruvate Dehydrogenase Activity (GO:1904184)	1.0	1.0	0.0	0.0	0	5	
Positive Regulation Of rRNA Processing (GO:2000234)	1.0	1.0	0.0	0.0	0	9	
Positive Regulation Of Reactive Oxygen Species Biosynthetic Process (GO:1903428)	1.0	1.0	0.0	0.0	0	12	
Transepithelial Chloride Transport (GO:0030321)	1.0	1.0	0.0	0.0	0	6	
Positive Regulation Of Reactive Oxygen Species Metabolic Process (GO:2000379)	1.0	1.0	0.0	0.0	0	46	
Positive Regulation Of Receptor Binding (GO:1900122)	1.0	1.0	0.0	0.0	0	5	
Transcription-Dependent Tethering Of RNA Polymerase II Gene DNA At Nuclear Periphery (GO:0000972)	1.0	1.0	0.0	0.0	0	6	
Transcription-Coupled Nucleotide-Excision Repair (GO:0006283)	1.0	1.0	0.0	0.0	0	8	
Positive Regulation Of Receptor Recycling (GO:0001921)	1.0	1.0	0.0	0.0	0	8	
Receptor Guanylyl Cyclase Signaling Pathway (GO:0007168)	1.0	1.0	0.0	0.0	0	9	
Positive Regulation Of Protein-Containing Complex Disassembly (GO:0043243)	1.0	1.0	0.0	0.0	0	13	
Regulation Of Mitotic Centrosome Separation (GO:0046602)	1.0	1.0	0.0	0.0	0	8	
Trigeminal Nerve Development (GO:0021559)	1.0	1.0	0.0	0.0	0	5	
Triglyceride Biosynthetic Process (GO:0019432)	1.0	1.0	0.0	0.0	0	15	
Positive Regulation Of Striated Muscle Cell Differentiation (GO:0051155)	1.0	1.0	0.0	0.0	0	24	
Positive Regulation Of Striated Muscle Contraction (GO:0045989)	1.0	1.0	0.0	0.0	0	6	
Positive Regulation Of Superoxide Anion Generation (GO:0032930)	1.0	1.0	0.0	0.0	0	13	
Thyroid Hormone Generation (GO:0006590)	1.0	1.0	0.0	0.0	0	10	
Positive Regulation Of Synapse Assembly (GO:0051965)	1.0	1.0	0.0	0.0	0	31	
Positive Regulation Of Synapse Maturation (GO:0090129)	1.0	1.0	0.0	0.0	0	7	
Positive Regulation Of Synaptic Plasticity (GO:0031915)	1.0	1.0	0.0	0.0	0	6	
Positive Regulation Of Synaptic Transmission (GO:0050806)	1.0	1.0	0.0	0.0	0	77	
Positive Regulation Of Transforming Growth Factor Beta Receptor Signaling Pathway (GO:0030511)	1.0	1.0	0.0	0.0	0	24	
Positive Regulation Of Translation (GO:0045727)	1.0	1.0	0.0	0.0	0	104	
Positive Regulation Of Translation In Response To Stress (GO:0032056)	1.0	1.0	0.0	0.0	0	5	
Positive Regulation Of Translational Initiation (GO:0045948)	1.0	1.0	0.0	0.0	0	21	
Positive Regulation Of Viral Entry Into Host Cell (GO:0046598)	1.0	1.0	0.0	0.0	0	12	
Telomeric D-loop Disassembly (GO:0061820)	1.0	1.0	0.0	0.0	0	7	
Positive Regulation Of Viral Genome Replication (GO:0045070)	1.0	1.0	0.0	0.0	0	28	
Telomere Organization (GO:0032200)	1.0	1.0	0.0	0.0	0	58	
Positive Regulation Of Viral Life Cycle (GO:1903902)	1.0	1.0	0.0	0.0	0	22	
Telomere Maintenance Via Telomere Trimming (GO:0090737)	1.0	1.0	0.0	0.0	0	10	
Positive Regulation Of Viral Process (GO:0048524)	1.0	1.0	0.0	0.0	0	39	
Positive Regulation Of Voltage-Gated Calcium Channel Activity (GO:1901387)	1.0	1.0	0.0	0.0	0	11	
Telomere Maintenance Via Telomere Lengthening (GO:0010833)	1.0	1.0	0.0	0.0	0	25	
Telomere Maintenance Via Telomerase (GO:0007004)	1.0	1.0	0.0	0.0	0	18	
Telomere Maintenance Via Recombination (GO:0000722)	1.0	1.0	0.0	0.0	0	9	
Post-Transcriptional Gene Silencing (GO:0016441)	1.0	1.0	0.0	0.0	0	11	
Post-Translational Protein Modification (GO:0043687)	1.0	1.0	0.0	0.0	0	47	
Post-Translational Protein Targeting To Endoplasmic Reticulum Membrane (GO:0006620)	1.0	1.0	0.0	0.0	0	13	
Post-Translational Protein Targeting To Membrane, Translocation (GO:0031204)	1.0	1.0	0.0	0.0	0	7	
Positive Regulation Of Stress-Activated Protein Kinase Signaling Cascade (GO:0070304)	1.0	1.0	0.0	0.0	0	17	
Postreplication Repair (GO:0006301)	1.0	1.0	0.0	0.0	0	20	
Positive Regulation Of Stress Fiber Assembly (GO:0051496)	1.0	1.0	0.0	0.0	0	41	
Positive Regulation Of Sterol Biosynthetic Process (GO:0106120)	1.0	1.0	0.0	0.0	0	5	
Positive Regulation Of Transcription By RNA Polymerase I (GO:0045943)	1.0	1.0	0.0	0.0	0	33	
Positive Regulation Of Transcription By RNA Polymerase III (GO:0045945)	1.0	1.0	0.0	0.0	0	13	
Positive Regulation Of Transcription From RNA Polymerase II Promoter In Response To Endoplasmic Reticulum Stress (GO:1990440)	1.0	1.0	0.0	0.0	0	10	
Positive Regulation Of Transcription From RNA Polymerase II Promoter In Response To Stress (GO:0036003)	1.0	1.0	0.0	0.0	0	17	
Thiamine Transmembrane Transport (GO:0071934)	1.0	1.0	0.0	0.0	0	5	
Positive Regulation Of Transcription Initiation By RNA Polymerase II (GO:0060261)	1.0	1.0	0.0	0.0	0	52	
Positive Regulation Of Transcription Of Notch Receptor Target (GO:0007221)	1.0	1.0	0.0	0.0	0	5	
Positive Regulation Of Transcription Of Nucleolar Large rRNA By RNA Polymerase I (GO:1901838)	1.0	1.0	0.0	0.0	0	8	
Positive Regulation Of Transcription Regulatory Region DNA Binding (GO:2000679)	1.0	1.0	0.0	0.0	0	19	
Positive Regulation Of Transforming Growth Factor Beta Production (GO:0071636)	1.0	1.0	0.0	0.0	0	10	
Positive Regulation Of Toll-Like Receptor 7 Signaling Pathway (GO:0034157)	1.0	1.0	0.0	0.0	0	4	
Thyroid Gland Development (GO:0030878)	1.0	1.0	0.0	0.0	0	7	
Positive Regulation Of Synaptic Transmission, Glutamatergic (GO:0051968)	1.0	1.0	0.0	0.0	0	22	
Positive Regulation Of Synaptic Transmission, GABAergic (GO:0032230)	1.0	1.0	0.0	0.0	0	7	
Tongue Development (GO:0043586)	1.0	1.0	0.0	0.0	0	5	
Toll-Like Receptor Signaling Pathway (GO:0002224)	1.0	1.0	0.0	0.0	0	31	
Positive Regulation Of Sodium Ion Transport (GO:0010765)	1.0	1.0	0.0	0.0	0	12	
Positive Regulation Of Spindle Assembly (GO:1905832)	1.0	1.0	0.0	0.0	0	6	
Positive Regulation Of Spindle Checkpoint (GO:0090232)	1.0	1.0	0.0	0.0	0	11	
Toll-Like Receptor 9 Signaling Pathway (GO:0034162)	1.0	1.0	0.0	0.0	0	5	
Toll-Like Receptor 3 Signaling Pathway (GO:0034138)	1.0	1.0	0.0	0.0	0	6	
Positive Regulation Of Stem Cell Differentiation (GO:2000738)	1.0	1.0	0.0	0.0	0	17	
Positive Regulation Of Stem Cell Population Maintenance (GO:1902459)	1.0	1.0	0.0	0.0	0	37	
Positive Regulation Of Stem Cell Proliferation (GO:2000648)	1.0	1.0	0.0	0.0	0	16	
Thyroid Hormone Transport (GO:0070327)	1.0	1.0	0.0	0.0	0	7	
Positive Regulation Of Steroid Biosynthetic Process (GO:0010893)	1.0	1.0	0.0	0.0	0	7	
Positive Regulation Of Steroid Metabolic Process (GO:0045940)	1.0	1.0	0.0	0.0	0	6	
Positive Regulation Of Sterol Transport (GO:0032373)	1.0	1.0	0.0	0.0	0	5	
Postsynapse Assembly (GO:0099068)	1.0	1.0	0.0	0.0	0	9	
Postsynapse Organization (GO:0099173)	1.0	1.0	0.0	0.0	0	7	
Postsynaptic Density Assembly (GO:0097107)	1.0	1.0	0.0	0.0	0	5	
Positive Regulation Of Vascular Endothelial Cell Proliferation (GO:1905564)	1.0	1.0	0.0	0.0	0	12	
Positive Regulation Of Vascular Endothelial Growth Factor Receptor Signaling Pathway (GO:0030949)	1.0	1.0	0.0	0.0	0	9	
Termination Of RNA Polymerase II Transcription (GO:0006369)	1.0	1.0	0.0	0.0	0	7	
Positive Regulation Of Vasculogenesis (GO:2001214)	1.0	1.0	0.0	0.0	0	9	
Positive Regulation Of Smooth Muscle Contraction (GO:0045987)	1.0	1.0	0.0	0.0	0	8	
Tooth Mineralization (GO:0034505)	1.0	1.0	0.0	0.0	0	7	
Toxin Transport (GO:1901998)	1.0	1.0	0.0	0.0	0	8	
Tubulin Complex Assembly (GO:0007021)	1.0	1.0	0.0	0.0	0	6	
Tube Closure (GO:0060606)	1.0	1.0	0.0	0.0	0	29	
Positive Regulation Of Production Of Molecular Mediator Of Immune Response (GO:0002702)	1.0	1.0	0.0	0.0	0	36	
Tryptophan Metabolic Process (GO:0006568)	1.0	1.0	0.0	0.0	0	7	
Tryptophan Catabolic Process (GO:0006569)	1.0	1.0	0.0	0.0	0	7	
Tripartite Regional Subdivision (GO:0007351)	1.0	1.0	0.0	0.0	0	3	
Positive Regulation Of Programmed Necrotic Cell Death (GO:0062100)	1.0	1.0	0.0	0.0	0	5	
Positive Regulation Of Protein K63-linked Ubiquitination (GO:1902523)	1.0	1.0	0.0	0.0	0	6	
Positive Regulation Of Protein Acetylation (GO:1901985)	1.0	1.0	0.0	0.0	0	8	
Positive Regulation Of Protein Autophosphorylation (GO:0031954)	1.0	1.0	0.0	0.0	0	21	
Triglyceride-Rich Lipoprotein Particle Remodeling (GO:0034370)	1.0	1.0	0.0	0.0	0	8	
Triglyceride Metabolic Process (GO:0006641)	1.0	1.0	0.0	0.0	0	41	
Triglyceride Homeostasis (GO:0070328)	1.0	1.0	0.0	0.0	0	29	
Positive Regulation Of Protein Deacetylation (GO:0090312)	1.0	1.0	0.0	0.0	0	13	
Positive Regulation Of Protein Dephosphorylation (GO:0035307)	1.0	1.0	0.0	0.0	0	31	
Positive Regulation Of Protein Depolymerization (GO:1901881)	1.0	1.0	0.0	0.0	0	10	
Positive Regulation Of Protein Exit From Endoplasmic Reticulum (GO:0070863)	1.0	1.0	0.0	0.0	0	11	
Positive Regulation Of Protein Export From Nucleus (GO:0046827)	1.0	1.0	0.0	0.0	0	12	
Positive Regulation Of Protein Kinase A Signaling (GO:0010739)	1.0	1.0	0.0	0.0	0	8	
Triglyceride Catabolic Process (GO:0019433)	1.0	1.0	0.0	0.0	0	12	
Positive Regulation Of Vascular Associated Smooth Muscle Cell Proliferation (GO:1904707)	1.0	1.0	0.0	0.0	0	20	
Terpenoid Metabolic Process (GO:0006721)	1.0	1.0	0.0	0.0	0	5	
Positive Regulation Of Vascular Associated Smooth Muscle Cell Differentiation (GO:1905065)	1.0	1.0	0.0	0.0	0	5	
Positive Regulation Of Vacuole Organization (GO:0044090)	1.0	1.0	0.0	0.0	0	20	
Postsynaptic Density Organization (GO:0097106)	1.0	1.0	0.0	0.0	0	7	
Postsynaptic Membrane Assembly (GO:0097104)	1.0	1.0	0.0	0.0	0	7	
Postsynaptic Membrane Organization (GO:0001941)	1.0	1.0	0.0	0.0	0	17	
Postsynaptic Neurotransmitter Receptor Diffusion Trapping (GO:0098970)	1.0	1.0	0.0	0.0	0	7	
Telomere Maintenance In Response To DNA Damage (GO:0043247)	1.0	1.0	0.0	0.0	0	9	
Telomere Maintenance (GO:0000723)	1.0	1.0	0.0	0.0	0	64	
Positive Regulation Of Vesicle Fusion (GO:0031340)	1.0	1.0	0.0	0.0	0	5	
Positive Regulation Of Smoothened Signaling Pathway (GO:0045880)	1.0	1.0	0.0	0.0	0	18	
Positive Regulation Of Vasoconstriction (GO:0045907)	1.0	1.0	0.0	0.0	0	12	
Telomeric Loop Disassembly (GO:0090657)	1.0	1.0	0.0	0.0	0	9	
Positive Regulation Of Transmembrane Transport (GO:0034764)	1.0	1.0	0.0	0.0	0	14	
Positive Regulation Of Transport (GO:0051050)	1.0	1.0	0.0	0.0	0	50	
Positive Regulation Of Transporter Activity (GO:0032411)	1.0	1.0	0.0	0.0	0	14	
Positive Regulation Of Protein Kinase C Signaling (GO:0090037)	1.0	1.0	0.0	0.0	0	8	
Tetrapyrrole Metabolic Process (GO:0033013)	1.0	1.0	0.0	0.0	0	9	
Positive Regulation Of Triglyceride Lipase Activity (GO:0061365)	1.0	1.0	0.0	0.0	0	7	
Tetrahydrofolate Metabolic Process (GO:0046653)	1.0	1.0	0.0	0.0	0	10	
Positive Regulation Of Trophoblast Cell Migration (GO:1901165)	1.0	1.0	0.0	0.0	0	5	
Positive Regulation Of Tumor Necrosis Factor-Mediated Signaling Pathway (GO:1903265)	1.0	1.0	0.0	0.0	0	7	
Positive Regulation Of Type 2 Immune Response (GO:0002830)	1.0	1.0	0.0	0.0	0	13	
Positive Regulation Of Type I Interferon Production (GO:0032481)	1.0	1.0	0.0	0.0	0	59	
Positive Regulation Of Type I Interferon-Mediated Signaling Pathway (GO:0060340)	1.0	1.0	0.0	0.0	0	13	
Positive Regulation Of Tyrosine Phosphorylation Of STAT Protein (GO:0042531)	1.0	1.0	0.0	0.0	0	55	
Tetrahydrofolate Interconversion (GO:0035999)	1.0	1.0	0.0	0.0	0	8	
Positive Regulation Of Ubiquitin Protein Ligase Activity (GO:1904668)	1.0	1.0	0.0	0.0	0	8	
Positive Regulation Of Ubiquitin-Protein Transferase Activity (GO:0051443)	1.0	1.0	0.0	0.0	0	27	
Positive Regulation Of Unsaturated Fatty Acid Biosynthetic Process (GO:2001280)	1.0	1.0	0.0	0.0	0	6	
Positive Regulation Of Urine Volume (GO:0035810)	1.0	1.0	0.0	0.0	0	5	
Positive Regulation Of Triglyceride Catabolic Process (GO:0010898)	1.0	1.0	0.0	0.0	0	6	
Regulation Of miRNA Metabolic Process (GO:2000628)	1.0	1.0	0.0	0.0	0	8	
Regulation Of miRNA Transcription (GO:1902893)	1.0	1.0	0.0	0.0	0	57	
Regulation Of miRNA-mediated Gene Silencing (GO:0060964)	1.0	1.0	0.0	0.0	0	15	
Regulation Of Macrophage Apoptotic Process (GO:2000109)	1.0	1.0	0.0	0.0	0	4	
Response To Interleukin-6 (GO:0070741)	1.0	1.0	0.0	0.0	0	11	
Regulation Of Macrophage Cytokine Production (GO:0010935)	1.0	1.0	0.0	0.0	0	13	
Regulation Of mRNA Catabolic Process (GO:0061013)	1.0	1.0	0.0	0.0	0	46	
Response To Interleukin-4 (GO:0070670)	1.0	1.0	0.0	0.0	0	9	
Regulation Of Male Gonad Development (GO:2000018)	1.0	1.0	0.0	0.0	0	6	
Response To Interleukin-1 (GO:0070555)	1.0	1.0	0.0	0.0	0	83	
Regulation Of Mast Cell Activation (GO:0033003)	1.0	1.0	0.0	0.0	0	8	
Regulation Of Mast Cell Activation Involved In Immune Response (GO:0033006)	1.0	1.0	0.0	0.0	0	8	
Regulation Of Mast Cell Chemotaxis (GO:0060753)	1.0	1.0	0.0	0.0	0	4	
Regulation Of Mast Cell Degranulation (GO:0043304)	1.0	1.0	0.0	0.0	0	13	
Response To Interferon-Beta (GO:0035456)	1.0	1.0	0.0	0.0	0	27	
Regulation Of Meiotic Cell Cycle (GO:0051445)	1.0	1.0	0.0	0.0	0	20	
Regulation Of Meiotic Nuclear Division (GO:0040020)	1.0	1.0	0.0	0.0	0	7	
Response To Interferon-Alpha (GO:0035455)	1.0	1.0	0.0	0.0	0	16	
Regulation Of Melanin Biosynthetic Process (GO:0048021)	1.0	1.0	0.0	0.0	0	10	
Regulation Of Memory T Cell Differentiation (GO:0043380)	1.0	1.0	0.0	0.0	0	9	
Regulation Of Macrophage Proliferation (GO:0120040)	1.0	1.0	0.0	0.0	0	5	
Regulation Of mRNA Binding (GO:1902415)	1.0	1.0	0.0	0.0	0	4	
Response To Laminar Fluid Shear Stress (GO:0034616)	1.0	1.0	0.0	0.0	0	9	
Regulation Of Lysosome Size (GO:0062196)	1.0	1.0	0.0	0.0	0	3	
Regulation Of Leukocyte Adhesion To Vascular Endothelial Cell (GO:1904994)	1.0	1.0	0.0	0.0	0	12	
Regulation Of Leukocyte Cell-Cell Adhesion (GO:1903037)	1.0	1.0	0.0	0.0	0	11	
Regulation Of Leukocyte Degranulation (GO:0043300)	1.0	1.0	0.0	0.0	0	6	
Regulation Of Leukocyte Mediated Cytotoxicity (GO:0001910)	1.0	1.0	0.0	0.0	0	9	
Regulation Of Leukocyte Migration (GO:0002685)	1.0	1.0	0.0	0.0	0	13	
Regulation Of Leukocyte Proliferation (GO:0070663)	1.0	1.0	0.0	0.0	0	7	
Regulation Of Macrophage Activation (GO:0043030)	1.0	1.0	0.0	0.0	0	30	
Regulation Of Leukocyte Tethering Or Rolling (GO:1903236)	1.0	1.0	0.0	0.0	0	11	
Response To Iron Ion (GO:0010039)	1.0	1.0	0.0	0.0	0	12	
Regulation Of mRNA Stability (GO:0043488)	1.0	1.0	0.0	0.0	0	66	
Regulation Of Inclusion Body Assembly (GO:0090083)	1.0	1.0	0.0	0.0	0	10	
Response To Platelet-Derived Growth Factor (GO:0036119)	1.0	1.0	0.0	0.0	0	7	
Response To Peptidoglycan (GO:0032494)	1.0	1.0	0.0	0.0	0	4	
Regulation Of Inflammatory Response To Wounding (GO:0106014)	1.0	1.0	0.0	0.0	0	9	
Regulation Of Interleukin-13 Production (GO:0032656)	1.0	1.0	0.0	0.0	0	15	
Response To Peptide Hormone (GO:0043434)	1.0	1.0	0.0	0.0	0	54	
Regulation Of Insulin Receptor Signaling Pathway (GO:0046626)	1.0	1.0	0.0	0.0	0	41	
Regulation Of Insulin Secretion Involved In Cellular Response To Glucose Stimulus (GO:0061178)	1.0	1.0	0.0	0.0	0	26	
Regulation Of Insulin-Like Growth Factor Receptor Signaling Pathway (GO:0043567)	1.0	1.0	0.0	0.0	0	18	
Regulation Of Integrin Activation (GO:0033623)	1.0	1.0	0.0	0.0	0	14	
Response To Peptide (GO:1901652)	1.0	1.0	0.0	0.0	0	36	
Response To Organophosphorus (GO:0046683)	1.0	1.0	0.0	0.0	0	18	
Regulation Of Interferon-Alpha Production (GO:0032647)	1.0	1.0	0.0	0.0	0	25	
Regulation Of Interferon-Beta Production (GO:0032648)	1.0	1.0	0.0	0.0	0	47	
Regulation Of Interleukin-1 Beta Production (GO:0032651)	1.0	1.0	0.0	0.0	0	79	
Regulation Of Interleukin-1 Production (GO:0032652)	1.0	1.0	0.0	0.0	0	16	
Regulation Of Interleukin-1-Mediated Signaling Pathway (GO:2000659)	1.0	1.0	0.0	0.0	0	5	
Regulation Of Interleukin-10 Production (GO:0032653)	1.0	1.0	0.0	0.0	0	44	
Regulation Of Inositol Phosphate Biosynthetic Process (GO:0010919)	1.0	1.0	0.0	0.0	0	6	
Regulation Of Lamellipodium Organization (GO:1902743)	1.0	1.0	0.0	0.0	0	11	
Response To Lipoteichoic Acid (GO:0070391)	1.0	1.0	0.0	0.0	0	5	
Regulation Of Leukocyte Activation (GO:0002694)	1.0	1.0	0.0	0.0	0	14	
Regulation Of mRNA Export From Nucleus (GO:0010793)	1.0	1.0	0.0	0.0	0	5	
Regulation Of mRNA Metabolic Process (GO:1903311)	1.0	1.0	0.0	0.0	0	15	
Regulation Of mRNA Polyadenylation (GO:1900363)	1.0	1.0	0.0	0.0	0	9	
Regulation Of mRNA Processing (GO:0050684)	1.0	1.0	0.0	0.0	0	35	
Regulation Of mRNA Splicing, Via Spliceosome (GO:0048024)	1.0	1.0	0.0	0.0	0	94	
Response To Ketone (GO:1901654)	1.0	1.0	0.0	0.0	0	20	
Regulation Of Lipase Activity (GO:0060191)	1.0	1.0	0.0	0.0	0	7	
Response To Leucine (GO:0043201)	1.0	1.0	0.0	0.0	0	9	
Regulation Of Lipid Kinase Activity (GO:0043550)	1.0	1.0	0.0	0.0	0	11	
Regulation Of Sterol Biosynthetic Process (GO:0106118)	1.0	1.0	0.0	0.0	0	8	
Regulation Of Smoothened Signaling Pathway (GO:0008589)	1.0	1.0	0.0	0.0	0	46	
Regulation Of Store-Operated Calcium Entry (GO:2001256)	1.0	1.0	0.0	0.0	0	7	
Regulation Of Stress-Activated MAPK Cascade (GO:0032872)	1.0	1.0	0.0	0.0	0	49	
Regulation Of Stress-Activated Protein Kinase Signaling Cascade (GO:0070302)	1.0	1.0	0.0	0.0	0	11	
Regulation Of Striated Muscle Cell Differentiation (GO:0051153)	1.0	1.0	0.0	0.0	0	6	
Regulation Of Striated Muscle Contraction (GO:0006942)	1.0	1.0	0.0	0.0	0	27	
Regulation Of Striated Muscle Tissue Development (GO:0016202)	1.0	1.0	0.0	0.0	0	5	
Regulation Of Superoxide Anion Generation (GO:0032928)	1.0	1.0	0.0	0.0	0	14	
Regulation Of Superoxide Metabolic Process (GO:0090322)	1.0	1.0	0.0	0.0	0	5	
Regulation Of Supramolecular Fiber Organization (GO:1902903)	1.0	1.0	0.0	0.0	0	22	
Regulation Of Vascular Endothelial Cell Proliferation (GO:1905562)	1.0	1.0	0.0	0.0	0	18	
Regulation Of Synapse Maturation (GO:0090128)	1.0	1.0	0.0	0.0	0	9	
Regulation Of Vascular Associated Smooth Muscle Cell Proliferation (GO:1904705)	1.0	1.0	0.0	0.0	0	36	
Regulation Of Vascular Associated Smooth Muscle Cell Differentiation (GO:1905063)	1.0	1.0	0.0	0.0	0	6	
Regulation Of Stress Granule Assembly (GO:0062028)	1.0	1.0	0.0	0.0	0	5	
Regulation Of Synaptic Transmission, GABAergic (GO:0032228)	1.0	1.0	0.0	0.0	0	16	
Regulation Of Vesicle-Mediated Transport (GO:0060627)	1.0	1.0	0.0	0.0	0	81	
Regulation Of Smooth Muscle Cell Differentiation (GO:0051150)	1.0	1.0	0.0	0.0	0	6	
Regulation Of Retrograde Protein Transport, ER To Cytosol (GO:1904152)	1.0	1.0	0.0	0.0	0	12	
Regulation Of Retrograde Transport, Endosome To Golgi (GO:1905279)	1.0	1.0	0.0	0.0	0	3	
Regulation Of Rhodopsin Mediated Signaling Pathway (GO:0022400)	1.0	1.0	0.0	0.0	0	8	
Regulation Of Ribonuclease Activity (GO:0060700)	1.0	1.0	0.0	0.0	0	5	
Regulation Of Ribonucleoprotein Complex Localization (GO:2000197)	1.0	1.0	0.0	0.0	0	5	
Regulation Of Viral-Induced Cytoplasmic Pattern Recognition Receptor Signaling Pathway (GO:0039531)	1.0	1.0	0.0	0.0	0	8	
Regulation Of Viral Transcription (GO:0046782)	1.0	1.0	0.0	0.0	0	17	
Regulation Of Saliva Secretion (GO:0046877)	1.0	1.0	0.0	0.0	0	5	
Regulation Of Vascular Endothelial Growth Factor Receptor Signaling Pathway (GO:0030947)	1.0	1.0	0.0	0.0	0	21	
Regulation Of Vascular Wound Healing (GO:0061043)	1.0	1.0	0.0	0.0	0	7	
Regulation Of Vasoconstriction (GO:0019229)	1.0	1.0	0.0	0.0	0	26	
Regulation Of Stem Cell Proliferation (GO:0072091)	1.0	1.0	0.0	0.0	0	15	
Regulation Of Lipid Storage (GO:0010883)	1.0	1.0	0.0	0.0	0	21	
Regulation Of Lipid Transport (GO:0032368)	1.0	1.0	0.0	0.0	0	9	
Regulation Of Lipopolysaccharide-Mediated Signaling Pathway (GO:0031664)	1.0	1.0	0.0	0.0	0	21	
Regulation Of Lipoprotein Lipase Activity (GO:0051004)	1.0	1.0	0.0	0.0	0	15	
Regulation Of Lipoprotein Metabolic Process (GO:0050746)	1.0	1.0	0.0	0.0	0	6	
Regulation Of Long-Chain Fatty Acid Import Across Plasma Membrane (GO:0010746)	1.0	1.0	0.0	0.0	0	5	
Regulation Of Long-Term Neuronal Synaptic Plasticity (GO:0048169)	1.0	1.0	0.0	0.0	0	9	
Response To Leptin (GO:0044321)	1.0	1.0	0.0	0.0	0	8	
Regulation Of Long-Term Synaptic Depression (GO:1900452)	1.0	1.0	0.0	0.0	0	9	
Regulation Of Long-Term Synaptic Potentiation (GO:1900271)	1.0	1.0	0.0	0.0	0	31	
Response To Lead Ion (GO:0010288)	1.0	1.0	0.0	0.0	0	6	
Regulation Of Lymphocyte Activation (GO:0051249)	1.0	1.0	0.0	0.0	0	18	
Regulation Of Lymphocyte Apoptotic Process (GO:0070228)	1.0	1.0	0.0	0.0	0	7	
Regulation Of Immunoglobulin Production (GO:0002637)	1.0	1.0	0.0	0.0	0	26	
Regulation Of Lymphocyte Differentiation (GO:0045619)	1.0	1.0	0.0	0.0	0	19	
Regulation Of Lymphocyte Proliferation (GO:0050670)	1.0	1.0	0.0	0.0	0	17	
Regulation Of Lysosome Organization (GO:1905671)	1.0	1.0	0.0	0.0	0	5	
Regulation Of Mesenchymal Stem Cell Differentiation (GO:2000739)	1.0	1.0	0.0	0.0	0	7	
Response To Caffeine (GO:0031000)	1.0	1.0	0.0	0.0	0	6	
Regulation Of Oxidoreductase Activity (GO:0051341)	1.0	1.0	0.0	0.0	0	12	
Response To cGMP (GO:0070305)	1.0	1.0	0.0	0.0	0	5	
Regulation Of Vesicle Size (GO:0097494)	1.0	1.0	0.0	0.0	0	10	
Regulation Of Spindle Assembly (GO:0090169)	1.0	1.0	0.0	0.0	0	29	
Regulation Of Vesicle Fusion (GO:0031338)	1.0	1.0	0.0	0.0	0	7	
Regulation Of Very-Low-Density Lipoprotein Particle Remodeling (GO:0010901)	1.0	1.0	0.0	0.0	0	5	
Regulation Of Stem Cell Division (GO:2000035)	1.0	1.0	0.0	0.0	0	7	
Regulation Of Ventricular Cardiac Muscle Cell Membrane Depolarization (GO:0060373)	1.0	1.0	0.0	0.0	0	5	
Regulation Of Stem Cell Population Maintenance (GO:2000036)	1.0	1.0	0.0	0.0	0	53	
Regulation Of Lymphocyte Migration (GO:2000401)	1.0	1.0	0.0	0.0	0	11	
Regulation Of Immunoglobulin Mediated Immune Response (GO:0002889)	1.0	1.0	0.0	0.0	0	4	
Regulation Of Immune Effector Process (GO:0002697)	1.0	1.0	0.0	0.0	0	13	
Response To Potassium Ion (GO:0035864)	1.0	1.0	0.0	0.0	0	7	
Response To Corticosteroid (GO:0031960)	1.0	1.0	0.0	0.0	0	10	
Regulation Of Norepinephrine Secretion (GO:0014061)	1.0	1.0	0.0	0.0	0	6	
Regulation Of Nuclear Cell Cycle DNA Replication (GO:0033262)	1.0	1.0	0.0	0.0	0	8	
Regulation Of Nuclear Division (GO:0051783)	1.0	1.0	0.0	0.0	0	19	
Regulation Of Nuclear-Transcribed mRNA Catabolic Process, Deadenylation-Dependent Decay (GO:1900151)	1.0	1.0	0.0	0.0	0	23	
Regulation Of Nuclear-Transcribed mRNA Catabolic Process, Nonsense-Mediated Decay (GO:2000622)	1.0	1.0	0.0	0.0	0	10	
Regulation Of Nuclear-Transcribed mRNA poly(A) Tail Shortening (GO:0060211)	1.0	1.0	0.0	0.0	0	12	
Regulation Of Nitric Oxide Mediated Signal Transduction (GO:0010749)	1.0	1.0	0.0	0.0	0	5	
Response To Cocaine (GO:0042220)	1.0	1.0	0.0	0.0	0	6	
Regulation Of Nucleocytoplasmic Transport (GO:0046822)	1.0	1.0	0.0	0.0	0	16	
Regulation Of Nucleotide-Binding Oligomerization Domain Containing 2 Signaling Pathway (GO:0070432)	1.0	1.0	0.0	0.0	0	6	
Regulation Of Nucleotide-Excision Repair (GO:2000819)	1.0	1.0	0.0	0.0	0	26	
Response To Cholesterol (GO:0070723)	1.0	1.0	0.0	0.0	0	18	
Regulation Of Opsonization (GO:1903027)	1.0	1.0	0.0	0.0	0	10	
Regulation Of Organ Growth (GO:0046620)	1.0	1.0	0.0	0.0	0	8	
Regulation Of Osteoblast Differentiation (GO:0045667)	1.0	1.0	0.0	0.0	0	80	
Response To Chemokine (GO:1990868)	1.0	1.0	0.0	0.0	0	12	
Regulation Of Osteoclast Development (GO:2001204)	1.0	1.0	0.0	0.0	0	6	
Regulation Of Osteoclast Differentiation (GO:0045670)	1.0	1.0	0.0	0.0	0	40	
Regulation Of Oxidative Phosphorylation (GO:0002082)	1.0	1.0	0.0	0.0	0	16	
Regulation Of Oxidative Stress-Induced Cell Death (GO:1903201)	1.0	1.0	0.0	0.0	0	6	
Regulation Of Nuclease Activity (GO:0032069)	1.0	1.0	0.0	0.0	0	6	
Regulation Of Nitric Oxide Biosynthetic Process (GO:0045428)	1.0	1.0	0.0	0.0	0	39	
Regulation Of Neutrophil Migration (GO:1902622)	1.0	1.0	0.0	0.0	0	8	
Regulation Of Neutrophil Extravasation (GO:2000389)	1.0	1.0	0.0	0.0	0	4	
Regulation Of Myeloid Leukocyte Mediated Immunity (GO:0002886)	1.0	1.0	0.0	0.0	0	8	
Regulation Of Myoblast Differentiation (GO:0045661)	1.0	1.0	0.0	0.0	0	53	
Regulation Of Non-Motile Cilium Assembly (GO:1902855)	1.0	1.0	0.0	0.0	0	3	
Regulation Of Non-Canonical Wnt Signaling Pathway (GO:2000050)	1.0	1.0	0.0	0.0	0	14	
Regulation Of Nitric-Oxide Synthase Biosynthetic Process (GO:0051769)	1.0	1.0	0.0	0.0	0	12	
Regulation Of Nitric-Oxide Synthase Activity (GO:0050999)	1.0	1.0	0.0	0.0	0	28	
Response To Increased Oxygen Levels (GO:0036296)	1.0	1.0	0.0	0.0	0	6	
Regulation Of Microtubule Binding (GO:1904526)	1.0	1.0	0.0	0.0	0	6	
Regulation Of Microtubule Cytoskeleton Organization (GO:0070507)	1.0	1.0	0.0	0.0	0	39	
Regulation Of Microtubule Depolymerization (GO:0031114)	1.0	1.0	0.0	0.0	0	22	
Regulation Of Microtubule Nucleation (GO:0010968)	1.0	1.0	0.0	0.0	0	10	
Regulation Of Microtubule Polymerization Or Depolymerization (GO:0031110)	1.0	1.0	0.0	0.0	0	26	
Regulation Of Microtubule-Based Movement (GO:0060632)	1.0	1.0	0.0	0.0	0	8	
Regulation Of Microtubule-Based Process (GO:0032886)	1.0	1.0	0.0	0.0	0	40	
Regulation Of Microvillus Organization (GO:0032530)	1.0	1.0	0.0	0.0	0	7	
Regulation Of Mitotic Cytokinesis (GO:1902412)	1.0	1.0	0.0	0.0	0	6	
Regulation Of Mitochondrial Depolarization (GO:0051900)	1.0	1.0	0.0	0.0	0	9	
Regulation Of Mitochondrial Fusion (GO:0010635)	1.0	1.0	0.0	0.0	0	10	
Regulation Of Mitochondrial Gene Expression (GO:0062125)	1.0	1.0	0.0	0.0	0	7	
Regulation Of Myoblast Fusion (GO:1901739)	1.0	1.0	0.0	0.0	0	12	
Regulation Of Mitochondrial mRNA Stability (GO:0044528)	1.0	1.0	0.0	0.0	0	6	
Regulation Of Mitochondrial Membrane Permeability Involved In Apoptotic Process (GO:1902108)	1.0	1.0	0.0	0.0	0	6	
Regulation Of Mitochondrial Membrane Potential (GO:0051881)	1.0	1.0	0.0	0.0	0	34	
Regulation Of Mitochondrial Outer Membrane Permeabilization Involved In Apoptotic Signaling Pathway (GO:1901028)	1.0	1.0	0.0	0.0	0	18	
Regulation Of Mitochondrial Translation (GO:0070129)	1.0	1.0	0.0	0.0	0	21	
Regulation Of Mitophagy (GO:1901524)	1.0	1.0	0.0	0.0	0	7	
Regulation Of Mitotic Cell Cycle Phase Transition (GO:1901990)	1.0	1.0	0.0	0.0	0	84	
Regulation Of Mitotic Cell Cycle Spindle Assembly Checkpoint (GO:0090266)	1.0	1.0	0.0	0.0	0	17	
Response To Hydroxyurea (GO:0072710)	1.0	1.0	0.0	0.0	0	7	
Regulation Of Mitochondrial Fission (GO:0090140)	1.0	1.0	0.0	0.0	0	23	
Regulation Of Muscle System Process (GO:0090257)	1.0	1.0	0.0	0.0	0	11	
Response To Ethanol (GO:0045471)	1.0	1.0	0.0	0.0	0	18	
Regulation Of Myeloid Leukocyte Differentiation (GO:0002761)	1.0	1.0	0.0	0.0	0	6	
Regulation Of Nitric Oxide Metabolic Process (GO:0080164)	1.0	1.0	0.0	0.0	0	6	
Regulation Of Mitochondrial Membrane Permeability (GO:0046902)	1.0	1.0	0.0	0.0	0	18	
Positive Regulation Of Tooth Mineralization (GO:0070172)	1.0	1.0	0.0	0.0	0	6	
Regulation Of Myosin-Light-Chain-Phosphatase Activity (GO:0035507)	1.0	1.0	0.0	0.0	0	6	
Regulation Of Natural Killer Cell Activation (GO:0032814)	1.0	1.0	0.0	0.0	0	16	
Regulation Of Intracellular Protein Transport (GO:0033157)	1.0	1.0	0.0	0.0	0	32	
Response To Nerve Growth Factor (GO:1990089)	1.0	1.0	0.0	0.0	0	13	
Response To Muscle Stretch (GO:0035994)	1.0	1.0	0.0	0.0	0	14	
Regulation Of Intracellular Steroid Hormone Receptor Signaling Pathway (GO:0033143)	1.0	1.0	0.0	0.0	0	21	
Response To Muramyl Dipeptide (GO:0032495)	1.0	1.0	0.0	0.0	0	10	
Regulation Of Interleukin-18 Production (GO:0032661)	1.0	1.0	0.0	0.0	0	8	
Regulation Of Intracellular Transport (GO:0032386)	1.0	1.0	0.0	0.0	0	37	
Regulation Of Intrinsic Apoptotic Signaling Pathway By P53 Class Mediator (GO:1902253)	1.0	1.0	0.0	0.0	0	7	
Regulation Of Intrinsic Apoptotic Signaling Pathway In Response To DNA Damage (GO:1902229)	1.0	1.0	0.0	0.0	0	13	
Response To Misfolded Protein (GO:0051788)	1.0	1.0	0.0	0.0	0	8	
Regulation Of Intrinsic Apoptotic Signaling Pathway In Response To DNA Damage By P53 Class Mediator (GO:1902165)	1.0	1.0	0.0	0.0	0	12	
Response To Manganese Ion (GO:0010042)	1.0	1.0	0.0	0.0	0	4	
Regulation Of Isotype Switching (GO:0045191)	1.0	1.0	0.0	0.0	0	11	
Regulation Of Keratinocyte Apoptotic Process (GO:1902172)	1.0	1.0	0.0	0.0	0	5	
Regulation Of Keratinocyte Differentiation (GO:0045616)	1.0	1.0	0.0	0.0	0	23	
Regulation Of Keratinocyte Migration (GO:0051547)	1.0	1.0	0.0	0.0	0	11	
Regulation Of Keratinocyte Proliferation (GO:0010837)	1.0	1.0	0.0	0.0	0	24	
Regulation Of Ketone Biosynthetic Process (GO:0010566)	1.0	1.0	0.0	0.0	0	6	
Response To Magnesium Ion (GO:0032026)	1.0	1.0	0.0	0.0	0	8	
Regulation Of Intrinsic Apoptotic Signaling Pathway (GO:2001242)	1.0	1.0	0.0	0.0	0	45	
Response To Lithium Ion (GO:0010226)	1.0	1.0	0.0	0.0	0	5	
Regulation Of Interleukin-17 Production (GO:0032660)	1.0	1.0	0.0	0.0	0	32	
Regulation Of Interleukin-12 Production (GO:0032655)	1.0	1.0	0.0	0.0	0	50	
Response To Progesterone (GO:0032570)	1.0	1.0	0.0	0.0	0	12	
Regulation Of Hydrogen Peroxide Metabolic Process (GO:0010310)	1.0	1.0	0.0	0.0	0	5	
Regulation Of Hydrogen Peroxide-Induced Cell Death (GO:1903205)	1.0	1.0	0.0	0.0	0	7	
Regulation Of Immature T Cell Proliferation In Thymus (GO:0033084)	1.0	1.0	0.0	0.0	0	4	
Response To Nitric Oxide (GO:0071731)	1.0	1.0	0.0	0.0	0	10	
Regulation Of Intracellular Estrogen Receptor Signaling Pathway (GO:0033146)	1.0	1.0	0.0	0.0	0	22	
Regulation Of Intestinal Cholesterol Absorption (GO:0030300)	1.0	1.0	0.0	0.0	0	6	
Regulation Of Interleukin-8 Production (GO:0032677)	1.0	1.0	0.0	0.0	0	80	
Regulation Of Natural Killer Cell Chemotaxis (GO:2000501)	1.0	1.0	0.0	0.0	0	6	
Response To Estrogen (GO:0043627)	1.0	1.0	0.0	0.0	0	33	
Regulation Of Natural Killer Cell Cytokine Production (GO:0002727)	1.0	1.0	0.0	0.0	0	6	
Regulation Of Natural Killer Cell Mediated Cytotoxicity (GO:0042269)	1.0	1.0	0.0	0.0	0	31	
Regulation Of Natural Killer Cell Mediated Cytotoxicity Directed Against Tumor Cell Target (GO:0002858)	1.0	1.0	0.0	0.0	0	6	
Regulation Of Natural Killer Cell Mediated Immunity (GO:0002715)	1.0	1.0	0.0	0.0	0	5	
Regulation Of Natural Killer Cell Proliferation (GO:0032817)	1.0	1.0	0.0	0.0	0	9	
Regulation Of Necroptotic Process (GO:0060544)	1.0	1.0	0.0	0.0	0	19	
Regulation Of Necrotic Cell Death (GO:0010939)	1.0	1.0	0.0	0.0	0	8	
Regulation Of Nephron Tubule Epithelial Cell Differentiation (GO:0072182)	1.0	1.0	0.0	0.0	0	8	
Regulation Of Nervous System Process (GO:0031644)	1.0	1.0	0.0	0.0	0	18	
Regulation Of Neural Precursor Cell Proliferation (GO:2000177)	1.0	1.0	0.0	0.0	0	19	
Regulation Of Neuroblast Proliferation (GO:1902692)	1.0	1.0	0.0	0.0	0	22	
Regulation Of Myotube Differentiation (GO:0010830)	1.0	1.0	0.0	0.0	0	22	
Response To Estradiol (GO:0032355)	1.0	1.0	0.0	0.0	0	30	
Regulation Of Neuron Migration (GO:2001222)	1.0	1.0	0.0	0.0	0	27	
Regulation Of Neuronal Synaptic Plasticity (GO:0048168)	1.0	1.0	0.0	0.0	0	34	
Regulation Of Neurotransmitter Receptor Activity (GO:0099601)	1.0	1.0	0.0	0.0	0	41	
Response To dsRNA (GO:0043331)	1.0	1.0	0.0	0.0	0	24	
Regulation Of Neutrophil Activation (GO:1902563)	1.0	1.0	0.0	0.0	0	4	
Regulation Of Neutrophil Chemotaxis (GO:0090022)	1.0	1.0	0.0	0.0	0	23	
Regulation Of Metaphase/Anaphase Transition Of Cell Cycle (GO:1902099)	1.0	1.0	0.0	0.0	0	31	
Response To Catecholamine (GO:0071869)	1.0	1.0	0.0	0.0	0	5	
Regulation Of Metallopeptidase Activity (GO:1905048)	1.0	1.0	0.0	0.0	0	5	
Regulation Of Mesenchymal Cell Proliferation (GO:0010464)	1.0	1.0	0.0	0.0	0	11	
Response To Organonitrogen Compound (GO:0010243)	1.0	1.0	0.0	0.0	0	43	
Regulation Of Interleukin-23 Production (GO:0032667)	1.0	1.0	0.0	0.0	0	8	
Regulation Of Interleukin-4 Production (GO:0032673)	1.0	1.0	0.0	0.0	0	22	
Response To Epinephrine (GO:0071871)	1.0	1.0	0.0	0.0	0	7	
Regulation Of Viral Life Cycle (GO:1903900)	1.0	1.0	0.0	0.0	0	23	
Positive Regulation Of Toll-Like Receptor 4 Signaling Pathway (GO:0034145)	1.0	1.0	0.0	0.0	0	10	
Positive Regulation Of Toll-Like Receptor 3 Signaling Pathway (GO:0034141)	1.0	1.0	0.0	0.0	0	6	
Protein Kinase A Signaling (GO:0010737)	1.0	1.0	0.0	0.0	0	16	
Synaptic Vesicle Transport (GO:0048489)	1.0	1.0	0.0	0.0	0	10	
protein-RNA Complex Disassembly (GO:0032988)	1.0	1.0	0.0	0.0	0	7	
Purine Ribonucleoside Monophosphate Metabolic Process (GO:0009167)	1.0	1.0	0.0	0.0	0	10	
Purine Ribonucleoside Triphosphate Biosynthetic Process (GO:0009206)	1.0	1.0	0.0	0.0	0	6	
Protein Import Into Mitochondrial Matrix (GO:0030150)	1.0	1.0	0.0	0.0	0	17	
Protein Import Into Nucleus (GO:0006606)	1.0	1.0	0.0	0.0	0	78	
Protein Prenylation (GO:0018342)	1.0	1.0	0.0	0.0	0	9	
Protein Import Into Peroxisome Matrix (GO:0016558)	1.0	1.0	0.0	0.0	0	13	
Protein Palmitoylation (GO:0018345)	1.0	1.0	0.0	0.0	0	29	
Protein Import Into Peroxisome Matrix, Receptor Recycling (GO:0016562)	1.0	1.0	0.0	0.0	0	6	
Synaptic Vesicle Transport Along Microtubule (GO:0099517)	1.0	1.0	0.0	0.0	0	15	
Protein Insertion Into ER Membrane By Stop-Transfer Membrane-Anchor Sequence (GO:0045050)	1.0	1.0	0.0	0.0	0	9	
Synaptic Vesicle Uncoating (GO:0016191)	1.0	1.0	0.0	0.0	0	5	
Protein Import (GO:0017038)	1.0	1.0	0.0	0.0	0	5	
Protein Hydroxylation (GO:0018126)	1.0	1.0	0.0	0.0	0	9	
Stimulatory C-type Lectin Receptor Signaling Pathway (GO:0002223)	1.0	1.0	0.0	0.0	0	19	
Purine Ribonucleotide Transport (GO:0015868)	1.0	1.0	0.0	0.0	0	19	
Protein Insertion Into Mitochondrial Inner Membrane (GO:0045039)	1.0	1.0	0.0	0.0	0	10	
Purine-Containing Compound Biosynthetic Process (GO:0072522)	1.0	1.0	0.0	0.0	0	17	
Synaptonemal Complex Assembly (GO:0007130)	1.0	1.0	0.0	0.0	0	11	
Purine Ribonucleoside Monophosphate Biosynthetic Process (GO:0009168)	1.0	1.0	0.0	0.0	0	9	
Protein Homotrimerization (GO:0070207)	1.0	1.0	0.0	0.0	0	14	
Protein Insertion Into Mitochondrial Membrane (GO:0051204)	1.0	1.0	0.0	0.0	0	25	
Synaptonemal Complex Organization (GO:0070193)	1.0	1.0	0.0	0.0	0	11	
Purine-Containing Compound Catabolic Process (GO:0072523)	1.0	1.0	0.0	0.0	0	5	
Substrate Adhesion-Dependent Cell Spreading (GO:0034446)	1.0	1.0	0.0	0.0	0	36	
Protein Kinase B Signaling (GO:0043491)	1.0	1.0	0.0	0.0	0	24	
Protein Insertion Into Mitochondrial Outer Membrane (GO:0045040)	1.0	1.0	0.0	0.0	0	12	
Purine Nucleotide Biosynthetic Process (GO:0006164)	1.0	1.0	0.0	0.0	0	21	
tRNA Aminoacylation For Mitochondrial Protein Translation (GO:0070127)	1.0	1.0	0.0	0.0	0	6	
Protein Targeting To Mitochondrion (GO:0006626)	1.0	1.0	0.0	0.0	0	57	
Pyrimidine Deoxyribonucleotide Catabolic Process (GO:0009223)	1.0	1.0	0.0	0.0	0	12	
Pyrimidine Nucleobase Catabolic Process (GO:0006208)	1.0	1.0	0.0	0.0	0	7	
Protein Heterotetramerization (GO:0051290)	1.0	1.0	0.0	0.0	0	12	
Purine Ribonucleoside Catabolic Process (GO:0046130)	1.0	1.0	0.0	0.0	0	5	
Protein Kinase C Signaling (GO:0070528)	1.0	1.0	0.0	0.0	0	10	
protein-DNA Complex Disassembly (GO:0032986)	1.0	1.0	0.0	0.0	0	18	
Synaptic Vesicle Membrane Organization (GO:0048499)	1.0	1.0	0.0	0.0	0	14	
Pyrimidine Nucleobase Metabolic Process (GO:0006206)	1.0	1.0	0.0	0.0	0	11	
T-Circle Formation (GO:0090656)	1.0	1.0	0.0	0.0	0	10	
Protein Lipidation (GO:0006497)	1.0	1.0	0.0	0.0	0	60	
Synaptic Vesicle Localization (GO:0097479)	1.0	1.0	0.0	0.0	0	13	
Purine Ribonucleoside Bisphosphate Metabolic Process (GO:0034035)	1.0	1.0	0.0	0.0	0	13	
Pyrimidine Nucleoside Transport (GO:0015864)	1.0	1.0	0.0	0.0	0	5	
Synaptic Vesicle Fusion To Presynaptic Active Zone Membrane (GO:0031629)	1.0	1.0	0.0	0.0	0	9	
tRNA 3'-End Processing (GO:0042780)	1.0	1.0	0.0	0.0	0	6	
Protein Heterooligomerization (GO:0051291)	1.0	1.0	0.0	0.0	0	19	
Protein Localization To Golgi Apparatus (GO:0034067)	1.0	1.0	0.0	0.0	0	27	
Stress Granule Assembly (GO:0034063)	1.0	1.0	0.0	0.0	0	23	
Sterol Catabolic Process (GO:0016127)	1.0	1.0	0.0	0.0	0	6	
tRNA 5'-End Processing (GO:0099116)	1.0	1.0	0.0	0.0	0	13	
tRNA 5'-Leader Removal (GO:0001682)	1.0	1.0	0.0	0.0	0	11	
Protein Geranylgeranylation (GO:0018344)	1.0	1.0	0.0	0.0	0	5	
Protein Localization To Basolateral Plasma Membrane (GO:1903361)	1.0	1.0	0.0	0.0	0	6	
Protein Targeting To Lysosome (GO:0006622)	1.0	1.0	0.0	0.0	0	26	
Pyrimidine Nucleotide-Sugar Transmembrane Transport (GO:0090481)	1.0	1.0	0.0	0.0	0	6	
Purine Nucleotide Catabolic Process (GO:0006195)	1.0	1.0	0.0	0.0	0	7	
Protein Hexamerization (GO:0034214)	1.0	1.0	0.0	0.0	0	7	
Purine Ribonucleoside Metabolic Process (GO:0046128)	1.0	1.0	0.0	0.0	0	6	
protein-RNA Complex Assembly (GO:0022618)	1.0	1.0	0.0	0.0	0	141	
Purine-Containing Compound Metabolic Process (GO:0072521)	1.0	1.0	0.0	0.0	0	7	
Protein Deneddylation (GO:0000338)	1.0	1.0	0.0	0.0	0	10	
Pyrimidine Ribonucleotide Biosynthetic Process (GO:0009220)	1.0	1.0	0.0	0.0	0	6	
Protein Depalmitoylation (GO:0002084)	1.0	1.0	0.0	0.0	0	7	
protein-DNA Complex Assembly (GO:0065004)	1.0	1.0	0.0	0.0	0	39	
Protein Targeting To Peroxisome (GO:0006625)	1.0	1.0	0.0	0.0	0	16	
Synaptic Vesicle Budding From Presynaptic Endocytic Zone Membrane (GO:0016185)	1.0	1.0	0.0	0.0	0	6	
Synaptic Transmission, Dopaminergic (GO:0001963)	1.0	1.0	0.0	0.0	0	6	
Protein Polymerization (GO:0051258)	1.0	1.0	0.0	0.0	0	58	
Synaptic Transmission, Cholinergic (GO:0007271)	1.0	1.0	0.0	0.0	0	16	
Purine Nucleoside Bisphosphate Metabolic Process (GO:0034032)	1.0	1.0	0.0	0.0	0	22	
Protein Localization To Centrosome (GO:0071539)	1.0	1.0	0.0	0.0	0	15	
Protein Export From Nucleus (GO:0006611)	1.0	1.0	0.0	0.0	0	25	
Purine Nucleoside Bisphosphate Catabolic Process (GO:0034034)	1.0	1.0	0.0	0.0	0	8	
tRNA Catabolic Process (GO:0016078)	1.0	1.0	0.0	0.0	0	5	
tRNA Metabolic Process (GO:0006399)	1.0	1.0	0.0	0.0	0	18	
Protein Localization To Chromatin (GO:0071168)	1.0	1.0	0.0	0.0	0	21	
Protein Localization To Chromosome (GO:0034502)	1.0	1.0	0.0	0.0	0	35	
Protein Targeting To Vacuole (GO:0006623)	1.0	1.0	0.0	0.0	0	34	
Purine Nucleoside Bisphosphate Biosynthetic Process (GO:0034033)	1.0	1.0	0.0	0.0	0	10	
Synaptic Transmission, GABAergic (GO:0051932)	1.0	1.0	0.0	0.0	0	14	
Protein Localization To Chromosome, Centromeric Region (GO:0071459)	1.0	1.0	0.0	0.0	0	13	
Protein Deubiquitination Involved In Ubiquitin-Dependent Protein Catabolic Process (GO:0071947)	1.0	1.0	0.0	0.0	0	7	
Synaptic Membrane Adhesion (GO:0099560)	1.0	1.0	0.0	0.0	0	12	
tRNA Methylation (GO:0030488)	1.0	1.0	0.0	0.0	0	34	
Purine Nucleobase Transport (GO:0006863)	1.0	1.0	0.0	0.0	0	8	
Protein Localization To Chromosome, Telomeric Region (GO:0070198)	1.0	1.0	0.0	0.0	0	15	
Protein Desumoylation (GO:0016926)	1.0	1.0	0.0	0.0	0	7	
rDNA Heterochromatin Formation (GO:0000183)	1.0	1.0	0.0	0.0	0	6	
tRNA Splicing, Via Endonucleolytic Cleavage And Ligation (GO:0006388)	1.0	1.0	0.0	0.0	0	10	
Protein Localization To Endosome (GO:0036010)	1.0	1.0	0.0	0.0	0	8	
Purine Ribonucleoside Monophosphate Catabolic Process (GO:0009169)	1.0	1.0	0.0	0.0	0	7	
Protein Sumoylation (GO:0016925)	1.0	1.0	0.0	0.0	0	42	
Synaptic Vesicle Cycle (GO:0099504)	1.0	1.0	0.0	0.0	0	37	
Pyrimidine-Containing Compound Catabolic Process (GO:0072529)	1.0	1.0	0.0	0.0	0	8	
Protein Polyglutamylation (GO:0018095)	1.0	1.0	0.0	0.0	0	10	
Protein Localization To Condensed Chromosome (GO:1903083)	1.0	1.0	0.0	0.0	0	9	
Protein Repair (GO:0030091)	1.0	1.0	0.0	0.0	0	5	
Protein Targeting To Vacuole Involved In Autophagy (GO:0071211)	1.0	1.0	0.0	0.0	0	5	
tRNA Processing (GO:0008033)	1.0	1.0	0.0	0.0	0	45	
Protein Deglycosylation (GO:0006517)	1.0	1.0	0.0	0.0	0	6	
Protein Deglutamylation (GO:0035608)	1.0	1.0	0.0	0.0	0	6	
Quaternary Ammonium Group Transport (GO:0015697)	1.0	1.0	0.0	0.0	0	12	
Quinone Biosynthetic Process (GO:1901663)	1.0	1.0	0.0	0.0	0	10	
Synapse Assembly (GO:0007416)	1.0	1.0	0.0	0.0	0	68	
Store-Operated Calcium Entry (GO:0002115)	1.0	1.0	0.0	0.0	0	6	
Protein Localization To Cytoplasmic Stress Granule (GO:1903608)	1.0	1.0	0.0	0.0	0	7	
Sympathetic Nervous System Development (GO:0048485)	1.0	1.0	0.0	0.0	0	15	
Protein Deacylation (GO:0035601)	1.0	1.0	0.0	0.0	0	20	
Purine Nucleobase Metabolic Process (GO:0006144)	1.0	1.0	0.0	0.0	0	9	
Sympathetic Ganglion Development (GO:0061549)	1.0	1.0	0.0	0.0	0	8	
Protein Deacetylation (GO:0006476)	1.0	1.0	0.0	0.0	0	40	
Surfactant Homeostasis (GO:0043129)	1.0	1.0	0.0	0.0	0	10	
tRNA Pseudouridine Synthesis (GO:0031119)	1.0	1.0	0.0	0.0	0	5	
Suppression Of Viral Release By Host (GO:0044790)	1.0	1.0	0.0	0.0	0	12	
Protein Catabolic Process In The Vacuole (GO:0007039)	1.0	1.0	0.0	0.0	0	6	
Stress-Activated MAPK Cascade (GO:0051403)	1.0	1.0	0.0	0.0	0	41	
Purine Nucleobase Biosynthetic Process (GO:0009113)	1.0	1.0	0.0	0.0	0	5	
Protein Autoubiquitination (GO:0051865)	1.0	1.0	0.0	0.0	0	65	
Quinone Metabolic Process (GO:1901661)	1.0	1.0	0.0	0.0	0	9	
Purine Nucleobase Transmembrane Transport (GO:1904823)	1.0	1.0	0.0	0.0	0	5	
Steroid Hormone Mediated Signaling Pathway (GO:0043401)	1.0	1.0	0.0	0.0	0	9	
tRNA Surveillance (GO:0106354)	1.0	1.0	0.0	0.0	0	7	
rRNA 3'-End Processing (GO:0031125)	1.0	1.0	0.0	0.0	0	9	
Protein Acetylation (GO:0006473)	1.0	1.0	0.0	0.0	0	28	
rRNA Catabolic Process (GO:0016075)	1.0	1.0	0.0	0.0	0	18	
Protein O-linked Mannosylation (GO:0035269)	1.0	1.0	0.0	0.0	0	12	
Protein O-linked Glycosylation Via Threonine (GO:0018243)	1.0	1.0	0.0	0.0	0	9	
Protein O-linked Glycosylation Via Serine (GO:0018242)	1.0	1.0	0.0	0.0	0	7	
Sulfur Compound Catabolic Process (GO:0044273)	1.0	1.0	0.0	0.0	0	20	
tRNA Threonylcarbamoyladenosine Metabolic Process (GO:0070525)	1.0	1.0	0.0	0.0	0	9	
Protein-Containing Complex Disassembly (GO:0032984)	1.0	1.0	0.0	0.0	0	59	
Protein N-linked Glycosylation Via Asparagine (GO:0018279)	1.0	1.0	0.0	0.0	0	23	
rRNA Metabolic Process (GO:0016072)	1.0	1.0	0.0	0.0	0	82	
Protein Localization To Kinetochore (GO:0034501)	1.0	1.0	0.0	0.0	0	10	
Protein N-linked Glycosylation (GO:0006487)	1.0	1.0	0.0	0.0	0	63	
Protein Transmembrane Import Into Intracellular Organelle (GO:0044743)	1.0	1.0	0.0	0.0	0	31	
Protein Localization To Lysosome (GO:0061462)	1.0	1.0	0.0	0.0	0	39	
Stress-Induced Premature Senescence (GO:0090400)	1.0	1.0	0.0	0.0	0	7	
Protein K63-linked Ubiquitination (GO:0070534)	1.0	1.0	0.0	0.0	0	52	
Pteridine-Containing Compound Metabolic Process (GO:0042558)	1.0	1.0	0.0	0.0	0	5	
Protein K63-linked Deubiquitination (GO:0070536)	1.0	1.0	0.0	0.0	0	31	
rRNA Methylation (GO:0031167)	1.0	1.0	0.0	0.0	0	20	
Protein K6-linked Ubiquitination (GO:0085020)	1.0	1.0	0.0	0.0	0	8	
Protein Localization To Membrane Raft (GO:1903044)	1.0	1.0	0.0	0.0	0	5	
Protein K29-linked Ubiquitination (GO:0035519)	1.0	1.0	0.0	0.0	0	6	
Protein Localization To Nuclear Envelope (GO:0090435)	1.0	1.0	0.0	0.0	0	9	
Prostanoid Biosynthetic Process (GO:0046457)	1.0	1.0	0.0	0.0	0	13	
Protein Localization To Nucleolus (GO:1902570)	1.0	1.0	0.0	0.0	0	6	
Proton Motive Force-Driven ATP Synthesis (GO:0015986)	1.0	1.0	0.0	0.0	0	42	
Presynaptic Membrane Organization (GO:0097090)	1.0	1.0	0.0	0.0	0	9	
Protein Activation Cascade (GO:0072376)	1.0	1.0	0.0	0.0	0	14	
Presynaptic Membrane Assembly (GO:0097105)	1.0	1.0	0.0	0.0	0	8	
Protein Acylation (GO:0043543)	1.0	1.0	0.0	0.0	0	35	
Protein Alpha-1,2-Demannosylation (GO:0036508)	1.0	1.0	0.0	0.0	0	15	
Protein poly-ADP-ribosylation (GO:0070212)	1.0	1.0	0.0	0.0	0	8	
Protein K27-linked Ubiquitination (GO:0044314)	1.0	1.0	0.0	0.0	0	6	
rRNA Processing (GO:0006364)	1.0	1.0	0.0	0.0	0	95	
Substrate-Dependent Cell Migration (GO:0006929)	1.0	1.0	0.0	0.0	0	12	
Protein K11-linked Ubiquitination (GO:0070979)	1.0	1.0	0.0	0.0	0	27	
rRNA Modification (GO:0000154)	1.0	1.0	0.0	0.0	0	16	
Subtelomeric Heterochromatin Formation (GO:0031509)	1.0	1.0	0.0	0.0	0	5	
Protein Localization To Microtubule (GO:0035372)	1.0	1.0	0.0	0.0	0	9	
Protein Retention In ER Lumen (GO:0006621)	1.0	1.0	0.0	0.0	0	7	
Pseudouridine Synthesis (GO:0001522)	1.0	1.0	0.0	0.0	0	12	
tRNA Transcription (GO:0009304)	1.0	1.0	0.0	0.0	0	8	
tRNA Transcription By RNA Polymerase III (GO:0042797)	1.0	1.0	0.0	0.0	0	7	
Proximal/Distal Pattern Formation (GO:0009954)	1.0	1.0	0.0	0.0	0	7	
rRNA Transcription (GO:0009303)	1.0	1.0	0.0	0.0	0	13	
Protection From Natural Killer Cell Mediated Cytotoxicity (GO:0042270)	1.0	1.0	0.0	0.0	0	5	
Protein Localization To Microtubule Cytoskeleton (GO:0072698)	1.0	1.0	0.0	0.0	0	9	
Protein Localization To Microtubule Organizing Center (GO:1905508)	1.0	1.0	0.0	0.0	0	13	
Proton-Transporting V-type ATPase Complex Assembly (GO:0070070)	1.0	1.0	0.0	0.0	0	4	
Protein Localization To Mitochondrion (GO:0070585)	1.0	1.0	0.0	0.0	0	13	
Protein Localization To Non-Motile Cilium (GO:0097499)	1.0	1.0	0.0	0.0	0	4	
Proteasome Assembly (GO:0043248)	1.0	1.0	0.0	0.0	0	8	
rRNA Pseudouridine Synthesis (GO:0031118)	1.0	1.0	0.0	0.0	0	7	
Protein K11-linked Deubiquitination (GO:0035871)	1.0	1.0	0.0	0.0	0	9	
Sulfur Compound Biosynthetic Process (GO:0044272)	1.0	1.0	0.0	0.0	0	67	
Protein K48-linked Deubiquitination (GO:0071108)	1.0	1.0	0.0	0.0	0	22	
Stress-Activated Protein Kinase Signaling Cascade (GO:0031098)	1.0	1.0	0.0	0.0	0	18	
rRNA Base Methylation (GO:0070475)	1.0	1.0	0.0	0.0	0	10	
Protein Alkylation (GO:0008213)	1.0	1.0	0.0	0.0	0	18	
Striated Muscle Tissue Development (GO:0014706)	1.0	1.0	0.0	0.0	0	13	
Sulfation (GO:0051923)	1.0	1.0	0.0	0.0	0	16	
Protein Maturation By Iron-Sulfur Cluster Transfer (GO:0097428)	1.0	1.0	0.0	0.0	0	10	
Sulfur Amino Acid Transport (GO:0000101)	1.0	1.0	0.0	0.0	0	7	
Protein Secretion (GO:0009306)	1.0	1.0	0.0	0.0	0	66	
Prostaglandin Transport (GO:0015732)	1.0	1.0	0.0	0.0	0	10	
Sulfur Amino Acid Metabolic Process (GO:0000096)	1.0	1.0	0.0	0.0	0	16	
Sulfur Amino Acid Catabolic Process (GO:0000098)	1.0	1.0	0.0	0.0	0	6	
Prostaglandin Metabolic Process (GO:0006693)	1.0	1.0	0.0	0.0	0	29	
Protein Ufmylation (GO:0071569)	1.0	1.0	0.0	0.0	0	5	
Protein Localization To Nucleus (GO:0034504)	1.0	1.0	0.0	0.0	0	118	
tRNA Wobble Base Modification (GO:0002097)	1.0	1.0	0.0	0.0	0	13	
Prostaglandin Biosynthetic Process (GO:0001516)	1.0	1.0	0.0	0.0	0	16	
Steroid Catabolic Process (GO:0006706)	1.0	1.0	0.0	0.0	0	12	
Pronephros Development (GO:0048793)	1.0	1.0	0.0	0.0	0	5	
Radial Glial Cell Differentiation (GO:0060019)	1.0	1.0	0.0	0.0	0	5	
Proline Metabolic Process (GO:0006560)	1.0	1.0	0.0	0.0	0	5	
Programmed Necrotic Cell Death (GO:0097300)	1.0	1.0	0.0	0.0	0	11	
Steroid Hormone Biosynthetic Process (GO:0120178)	1.0	1.0	0.0	0.0	0	19	
Protein Localization To Perinuclear Region Of Cytoplasm (GO:1905719)	1.0	1.0	0.0	0.0	0	5	
Protein Localization To Phagophore Assembly Site (GO:0034497)	1.0	1.0	0.0	0.0	0	13	
Sulfur Amino Acid Biosynthetic Process (GO:0000097)	1.0	1.0	0.0	0.0	0	7	
Progesterone Receptor Signaling Pathway (GO:0050847)	1.0	1.0	0.0	0.0	0	9	
Primary Neural Tube Formation (GO:0014020)	1.0	1.0	0.0	0.0	0	28	
Protein Localization To Presynapse (GO:1905383)	1.0	1.0	0.0	0.0	0	7	
Protein Localization To Site Of Double-Strand Break (GO:1990166)	1.0	1.0	0.0	0.0	0	3	
Protein Localization To Synapse (GO:0035418)	1.0	1.0	0.0	0.0	0	13	
Striated Muscle Hypertrophy (GO:0014897)	1.0	1.0	0.0	0.0	0	5	
Protein Localization To Vacuole (GO:0072665)	1.0	1.0	0.0	0.0	0	12	
Proline Transport (GO:0015824)	1.0	1.0	0.0	0.0	0	8	
tRNA Transport (GO:0051031)	1.0	1.0	0.0	0.0	0	5	
Proton Motive Force-Driven Mitochondrial ATP Synthesis (GO:0042776)	1.0	1.0	0.0	0.0	0	41	
Protein auto-ADP-ribosylation (GO:0070213)	1.0	1.0	0.0	0.0	0	10	
Prostanoid Metabolic Process (GO:0006692)	1.0	1.0	0.0	0.0	0	16	
Sulfate Transport (GO:0008272)	1.0	1.0	0.0	0.0	0	11	
Presynaptic Active Zone Organization (GO:1990709)	1.0	1.0	0.0	0.0	0	5	
succinyl-CoA Metabolic Process (GO:0006104)	1.0	1.0	0.0	0.0	0	8	
Presynapse Organization (GO:0099172)	1.0	1.0	0.0	0.0	0	11	
Protein Methylation (GO:0006479)	1.0	1.0	0.0	0.0	0	28	
succinyl-CoA Catabolic Process (GO:1901289)	1.0	1.0	0.0	0.0	0	5	
Protein Transport To Vacuole Involved In Ubiquitin-Dependent Protein Catabolic Process Via The Multivesicular Body Sorting Pathway (GO:0043328)	1.0	1.0	0.0	0.0	0	14	
Protein Trimerization (GO:0070206)	1.0	1.0	0.0	0.0	0	14	
Primary Alcohol Catabolic Process (GO:0034310)	1.0	1.0	0.0	0.0	0	9	
tRNA Wobble Uridine Modification (GO:0002098)	1.0	1.0	0.0	0.0	0	13	
Succinate Transport (GO:0015744)	1.0	1.0	0.0	0.0	0	5	
Protein Modification By Small Protein Conjugation Or Removal (GO:0070647)	1.0	1.0	0.0	0.0	0	5	
Presynapse Assembly (GO:0099054)	1.0	1.0	0.0	0.0	0	15	
Purine Deoxyribonucleotide Catabolic Process (GO:0009155)	1.0	1.0	0.0	0.0	0	5	
Proteoglycan Metabolic Process (GO:0006029)	1.0	1.0	0.0	0.0	0	24	
Taurine Metabolic Process (GO:0019530)	1.0	1.0	0.0	0.0	0	7	
Protein Sulfation (GO:0006477)	1.0	1.0	0.0	0.0	0	5	
Prepulse Inhibition (GO:0060134)	1.0	1.0	0.0	0.0	0	5	
Preassembly Of GPI Anchor In ER Membrane (GO:0016254)	1.0	1.0	0.0	0.0	0	7	
Proteoglycan Biosynthetic Process (GO:0030166)	1.0	1.0	0.0	0.0	0	31	
Protein Monoubiquitination (GO:0006513)	1.0	1.0	0.0	0.0	0	41	
pre-miRNA Processing (GO:0031054)	1.0	1.0	0.0	0.0	0	10	
Telencephalon Cell Migration (GO:0022029)	1.0	1.0	0.0	0.0	0	5	
Protein Neddylation (GO:0045116)	1.0	1.0	0.0	0.0	0	22	
Substrate-Dependent Cell Migration, Cell Extension (GO:0006930)	1.0	1.0	0.0	0.0	0	5	
Proton-Transporting ATP Synthase Complex Assembly (GO:0043461)	1.0	1.0	0.0	0.0	0	5	
Primary Alcohol Metabolic Process (GO:0034308)	1.0	1.0	0.0	0.0	0	14	
Primary miRNA Processing (GO:0031053)	1.0	1.0	0.0	0.0	0	11	
Proteoglycan Catabolic Process (GO:0030167)	1.0	1.0	0.0	0.0	0	6	
Protein Destabilization (GO:0031648)	1.0	1.0	0.0	0.0	0	34	
Protein Localization To Ciliary Membrane (GO:1903441)	1.0	1.0	0.0	0.0	0	5	
Protein Localization To Ciliary Transition Zone (GO:1904491)	1.0	1.0	0.0	0.0	0	7	
Positive Regulation Of Hemostasis (GO:1900048)	1.0	1.0	0.0	0.0	0	11	
Zinc Ion Import Into Organelle (GO:0062111)	1.0	1.0	0.0	0.0	0	6	
Xenobiotic Transport Across Blood-Brain Barrier (GO:1990962)	1.0	1.0	0.0	0.0	0	5	
Positive Regulation Of Heterochromatin Formation (GO:0031453)	1.0	1.0	0.0	0.0	0	11	
Xenobiotic Transport (GO:0042908)	1.0	1.0	0.0	0.0	0	20	
Positive Regulation Of Hippo Signaling (GO:0035332)	1.0	1.0	0.0	0.0	0	9	
Positive Regulation Of Histone H3-K4 Methylation (GO:0051571)	1.0	1.0	0.0	0.0	0	12	
Positive Regulation Of Histone Acetylation (GO:0035066)	1.0	1.0	0.0	0.0	0	14	
Positive Regulation Of Histone Deacetylation (GO:0031065)	1.0	1.0	0.0	0.0	0	12	
Positive Regulation Of Histone Methylation (GO:0031062)	1.0	1.0	0.0	0.0	0	19	
Xenobiotic Glucuronidation (GO:0052697)	1.0	1.0	0.0	0.0	0	6	
Positive Regulation Of Homotypic Cell-Cell Adhesion (GO:0034112)	1.0	1.0	0.0	0.0	0	16	
Positive Regulation Of Hormone Metabolic Process (GO:0032352)	1.0	1.0	0.0	0.0	0	6	
Positive Regulation Of Hormone Secretion (GO:0046887)	1.0	1.0	0.0	0.0	0	19	
Positive Regulation Of Humoral Immune Response (GO:0002922)	1.0	1.0	0.0	0.0	0	5	
Xenobiotic Catabolic Process (GO:0042178)	1.0	1.0	0.0	0.0	0	18	
Positive Regulation Of Icosanoid Secretion (GO:0032305)	1.0	1.0	0.0	0.0	0	6	
Wybutosine Metabolic Process (GO:0031590)	1.0	1.0	0.0	0.0	0	5	
Positive Regulation Of Immune Response To Tumor Cell (GO:0002839)	1.0	1.0	0.0	0.0	0	4	
Positive Regulation Of Oxidoreductase Activity (GO:0051353)	1.0	1.0	0.0	0.0	0	22	
Positive Regulation Of Intracellular Steroid Hormone Receptor Signaling Pathway (GO:0033145)	1.0	1.0	0.0	0.0	0	6	
Positive Regulation Of Intrinsic Apoptotic Signaling Pathway (GO:2001244)	1.0	1.0	0.0	0.0	0	35	
Vesicle Organization (GO:0016050)	1.0	1.0	0.0	0.0	0	87	
Positive Regulation Of Lipid Storage (GO:0010884)	1.0	1.0	0.0	0.0	0	20	
Vesicle Fusion With Vacuole (GO:0051469)	1.0	1.0	0.0	0.0	0	9	
Positive Regulation Of Lipid Transport (GO:0032370)	1.0	1.0	0.0	0.0	0	11	
Positive Regulation Of Lipopolysaccharide-Mediated Signaling Pathway (GO:0031666)	1.0	1.0	0.0	0.0	0	6	
Positive Regulation Of Hemoglobin Biosynthetic Process (GO:0046985)	1.0	1.0	0.0	0.0	0	5	
Positive Regulation Of Lipoprotein Lipase Activity (GO:0051006)	1.0	1.0	0.0	0.0	0	6	
Zinc Ion Transmembrane Transport (GO:0071577)	1.0	1.0	0.0	0.0	0	21	
Positive Regulation Of Heart Contraction (GO:0045823)	1.0	1.0	0.0	0.0	0	20	
Positive Regulation Of Insulin-Like Growth Factor Receptor Signaling Pathway (GO:0043568)	1.0	1.0	0.0	0.0	0	6	
Positive Regulation Of Integrin Activation (GO:0033625)	1.0	1.0	0.0	0.0	0	10	
White Fat Cell Differentiation (GO:0050872)	1.0	1.0	0.0	0.0	0	6	
Positive Regulation Of Interferon-Alpha Production (GO:0032727)	1.0	1.0	0.0	0.0	0	20	
Positive Regulation Of Interferon-Beta Production (GO:0032728)	1.0	1.0	0.0	0.0	0	33	
Positive Regulation Of Interleukin-1 Beta Production (GO:0032731)	1.0	1.0	0.0	0.0	0	55	
Positive Regulation Of Interleukin-1 Production (GO:0032732)	1.0	1.0	0.0	0.0	0	62	
Positive Regulation Of Interleukin-10 Production (GO:0032733)	1.0	1.0	0.0	0.0	0	29	
Positive Regulation Of Interleukin-12 Production (GO:0032735)	1.0	1.0	0.0	0.0	0	33	
Positive Regulation Of Interleukin-13 Production (GO:0032736)	1.0	1.0	0.0	0.0	0	10	
Water Transport (GO:0006833)	1.0	1.0	0.0	0.0	0	18	
Positive Regulation Of Interleukin-17 Production (GO:0032740)	1.0	1.0	0.0	0.0	0	23	
Positive Regulation Of Interleukin-18 Production (GO:0032741)	1.0	1.0	0.0	0.0	0	5	
Vocal Learning (GO:0042297)	1.0	1.0	0.0	0.0	0	5	
Positive Regulation Of Interleukin-23 Production (GO:0032747)	1.0	1.0	0.0	0.0	0	6	
Positive Regulation Of Interleukin-4 Production (GO:0032753)	1.0	1.0	0.0	0.0	0	17	
Vitamin K Metabolic Process (GO:0042373)	1.0	1.0	0.0	0.0	0	8	
Positive Regulation Of Interleukin-6 Production (GO:0032755)	1.0	1.0	0.0	0.0	0	73	
Positive Regulation Of Interleukin-8 Production (GO:0032757)	1.0	1.0	0.0	0.0	0	60	
Positive Regulation Of Intracellular Estrogen Receptor Signaling Pathway (GO:0033148)	1.0	1.0	0.0	0.0	0	5	
Positive Regulation Of Immunoglobulin Mediated Immune Response (GO:0002891)	1.0	1.0	0.0	0.0	0	10	
Vitamin D Metabolic Process (GO:0042359)	1.0	1.0	0.0	0.0	0	11	
Positive Regulation Of Immune System Process (GO:0002684)	1.0	1.0	0.0	0.0	0	27	
Positive Regulation Of Immune Effector Process (GO:0002699)	1.0	1.0	0.0	0.0	0	36	
Positive Regulation Of Granulocyte Macrophage Colony-Stimulating Factor Production (GO:0032725)	1.0	1.0	0.0	0.0	0	12	
Positive Regulation Of Growth (GO:0045927)	1.0	1.0	0.0	0.0	0	74	
Positive Regulation Of Growth Hormone Secretion (GO:0060124)	1.0	1.0	0.0	0.0	0	4	
Zinc Ion Transport (GO:0006829)	1.0	1.0	0.0	0.0	0	23	
Vesicle Fusion With Golgi Apparatus (GO:0048280)	1.0	1.0	0.0	0.0	0	6	
Positive Regulation Of Long-Term Synaptic Potentiation (GO:1900273)	1.0	1.0	0.0	0.0	0	14	
Positive Regulation Of Lyase Activity (GO:0051349)	1.0	1.0	0.0	0.0	0	14	
Positive Regulation Of Leukocyte Activation (GO:0002696)	1.0	1.0	0.0	0.0	0	17	
Positive Regulation Of Leukocyte Adhesion To Vascular Endothelial Cell (GO:1904996)	1.0	1.0	0.0	0.0	0	17	
Positive Regulation Of Leukocyte Apoptotic Process (GO:2000108)	1.0	1.0	0.0	0.0	0	9	
Positive Regulation Of Leukocyte Cell-Cell Adhesion (GO:1903039)	1.0	1.0	0.0	0.0	0	41	
Positive Regulation Of Leukocyte Chemotaxis (GO:0002690)	1.0	1.0	0.0	0.0	0	53	
Positive Regulation Of Leukocyte Degranulation (GO:0043302)	1.0	1.0	0.0	0.0	0	13	
Positive Regulation Of Leukocyte Differentiation (GO:1902107)	1.0	1.0	0.0	0.0	0	7	
Positive Regulation Of Leukocyte Mediated Cytotoxicity (GO:0001912)	1.0	1.0	0.0	0.0	0	49	
Positive Regulation Of Leukocyte Migration (GO:0002687)	1.0	1.0	0.0	0.0	0	31	
Positive Regulation Of Leukocyte Proliferation (GO:0070665)	1.0	1.0	0.0	0.0	0	17	
Positive Regulation Of Leukocyte Tethering Or Rolling (GO:1903238)	1.0	1.0	0.0	0.0	0	6	
Positive Regulation Of Ligase Activity (GO:0051351)	1.0	1.0	0.0	0.0	0	6	
Positive Regulation Of Lipase Activity (GO:0060193)	1.0	1.0	0.0	0.0	0	9	
Positive Regulation Of Lipid Kinase Activity (GO:0090218)	1.0	1.0	0.0	0.0	0	30	
pre-mRNA Cleavage Required For Polyadenylation (GO:0098789)	1.0	1.0	0.0	0.0	0	11	
Positive Regulation Of Pattern Recognition Receptor Signaling Pathway (GO:0062208)	1.0	1.0	0.0	0.0	0	38	
Positive Regulation Of Peptide Secretion (GO:0002793)	1.0	1.0	0.0	0.0	0	8	
Thymus Development (GO:0048538)	1.0	1.0	0.0	0.0	0	13	
Positive Regulation Of Telomerase RNA Localization To Cajal Body (GO:1904874)	1.0	1.0	0.0	0.0	0	14	
Positive Regulation Of Telomerase Activity (GO:0051973)	1.0	1.0	0.0	0.0	0	33	
Positive Regulation Of Telomere Capping (GO:1904355)	1.0	1.0	0.0	0.0	0	16	
Positive Regulation Of Telomere Maintenance (GO:0032206)	1.0	1.0	0.0	0.0	0	51	
Positive Regulation Of Telomere Maintenance In Response To DNA Damage (GO:1904507)	1.0	1.0	0.0	0.0	0	14	
Positive Regulation Of Telomere Maintenance Via Telomerase (GO:0032212)	1.0	1.0	0.0	0.0	0	32	
Positive Regulation Of Telomere Maintenance Via Telomere Lengthening (GO:1904358)	1.0	1.0	0.0	0.0	0	35	
Positive Regulation Of Tissue Remodeling (GO:0034105)	1.0	1.0	0.0	0.0	0	9	
Positive Regulation Of Toll-Like Receptor 2 Signaling Pathway (GO:0034137)	1.0	1.0	0.0	0.0	0	5	
Vesicle-Mediated Transport In Synapse (GO:0099003)	1.0	1.0	0.0	0.0	0	18	
Viral mRNA Export From Host Cell Nucleus (GO:0046784)	1.0	1.0	0.0	0.0	0	7	
Positive Regulation Of Killing Of Cells Of Another Organism (GO:0051712)	1.0	1.0	0.0	0.0	0	5	
Visual Learning (GO:0008542)	1.0	1.0	0.0	0.0	0	10	
Vesicle Fusion (GO:0006906)	1.0	1.0	0.0	0.0	0	75	
Positive Regulation Of Lymphocyte Activation (GO:0051251)	1.0	1.0	0.0	0.0	0	44	
Positive Regulation Of Lymphocyte Apoptotic Process (GO:0070230)	1.0	1.0	0.0	0.0	0	6	
Positive Regulation Of Lymphocyte Chemotaxis (GO:0140131)	1.0	1.0	0.0	0.0	0	17	
Positive Regulation Of Lymphocyte Differentiation (GO:0045621)	1.0	1.0	0.0	0.0	0	39	
Vesicle Docking (GO:0048278)	1.0	1.0	0.0	0.0	0	18	
Vesicle Coating (GO:0006901)	1.0	1.0	0.0	0.0	0	27	
Positive Regulation Of Lymphocyte Migration (GO:2000403)	1.0	1.0	0.0	0.0	0	16	
Vesicle Cargo Loading (GO:0035459)	1.0	1.0	0.0	0.0	0	25	
Vesicle Budding From Membrane (GO:0006900)	1.0	1.0	0.0	0.0	0	31	
Very-Low-Density Lipoprotein Particle Remodeling (GO:0034372)	1.0	1.0	0.0	0.0	0	7	
Very-Low-Density Lipoprotein Particle Assembly (GO:0034379)	1.0	1.0	0.0	0.0	0	10	
Very Long-Chain Fatty Acid Metabolic Process (GO:0000038)	1.0	1.0	0.0	0.0	0	28	
Positive Regulation Of Insulin Secretion Involved In Cellular Response To Glucose Stimulus (GO:0035774)	1.0	1.0	0.0	0.0	0	12	
Positive Regulation Of Lymphocyte Proliferation (GO:0050671)	1.0	1.0	0.0	0.0	0	73	
Very Long-Chain Fatty Acid Biosynthetic Process (GO:0042761)	1.0	1.0	0.0	0.0	0	8	
Vesicle Targeting, Rough ER To cis-Golgi (GO:0048207)	1.0	1.0	0.0	0.0	0	18	
Positive Regulation Of Intracellular Transport (GO:0032388)	1.0	1.0	0.0	0.0	0	33	
Positive Regulation Of Lipid Localization (GO:1905954)	1.0	1.0	0.0	0.0	0	10	
Vesicle Transport Along Microtubule (GO:0047496)	1.0	1.0	0.0	0.0	0	20	
Positive Regulation Of Intrinsic Apoptotic Signaling Pathway By P53 Class Mediator (GO:1902255)	1.0	1.0	0.0	0.0	0	5	
Vitamin A Metabolic Process (GO:0006776)	1.0	1.0	0.0	0.0	0	5	
Positive Regulation Of Isomerase Activity (GO:0010912)	1.0	1.0	0.0	0.0	0	7	
Visual System Development (GO:0150063)	1.0	1.0	0.0	0.0	0	41	
Positive Regulation Of Keratinocyte Differentiation (GO:0045618)	1.0	1.0	0.0	0.0	0	10	
Positive Regulation Of Keratinocyte Migration (GO:0051549)	1.0	1.0	0.0	0.0	0	9	
Positive Regulation Of Keratinocyte Proliferation (GO:0010838)	1.0	1.0	0.0	0.0	0	11	
Positive Regulation Of Kidney Development (GO:0090184)	1.0	1.0	0.0	0.0	0	6	
Very Long-Chain Fatty Acid Catabolic Process (GO:0042760)	1.0	1.0	0.0	0.0	0	6	
Wybutosine Biosynthetic Process (GO:0031591)	1.0	1.0	0.0	0.0	0	5	
Positive Regulation Of Insulin Receptor Signaling Pathway (GO:0046628)	1.0	1.0	0.0	0.0	0	11	
Positive Regulation Of Inositol Phosphate Biosynthetic Process (GO:0060732)	1.0	1.0	0.0	0.0	0	8	
Positive Regulation Of miRNA Transcription (GO:1902895)	1.0	1.0	0.0	0.0	0	41	
Positive Regulation Of miRNA Metabolic Process (GO:2000630)	1.0	1.0	0.0	0.0	0	47	
Positive Regulation Of mRNA Metabolic Process (GO:1903313)	1.0	1.0	0.0	0.0	0	12	
Ventricular Septum Development (GO:0003281)	1.0	1.0	0.0	0.0	0	37	
Positive Regulation Of mRNA Splicing, Via Spliceosome (GO:0048026)	1.0	1.0	0.0	0.0	0	23	
Positive Regulation Of Macroautophagy (GO:0016239)	1.0	1.0	0.0	0.0	0	61	
Ventricular Compact Myocardium Morphogenesis (GO:0003223)	1.0	1.0	0.0	0.0	0	5	
Positive Regulation Of Macrophage Chemotaxis (GO:0010759)	1.0	1.0	0.0	0.0	0	13	
Ventricular Cardiac Muscle Tissue Morphogenesis (GO:0055010)	1.0	1.0	0.0	0.0	0	33	
Positive Regulation Of Macrophage Cytokine Production (GO:0060907)	1.0	1.0	0.0	0.0	0	8	
Ventricular Cardiac Muscle Cell Development (GO:0055015)	1.0	1.0	0.0	0.0	0	5	
Venous Blood Vessel Morphogenesis (GO:0048845)	1.0	1.0	0.0	0.0	0	5	
Venous Blood Vessel Development (GO:0060841)	1.0	1.0	0.0	0.0	0	7	
Positive Regulation Of Male Gonad Development (GO:2000020)	1.0	1.0	0.0	0.0	0	5	
Positive Regulation Of Mast Cell Activation (GO:0033005)	1.0	1.0	0.0	0.0	0	5	
Positive Regulation Of Mast Cell Degranulation (GO:0043306)	1.0	1.0	0.0	0.0	0	8	
Vasoconstriction (GO:0042310)	1.0	1.0	0.0	0.0	0	9	
Positive Regulation Of Megakaryocyte Differentiation (GO:0045654)	1.0	1.0	0.0	0.0	0	6	
Vasculogenesis (GO:0001570)	1.0	1.0	0.0	0.0	0	32	
Positive Regulation Of Meiotic Nuclear Division (GO:0045836)	1.0	1.0	0.0	0.0	0	7	
Positive Regulation Of Melanin Biosynthetic Process (GO:0048023)	1.0	1.0	0.0	0.0	0	7	
Positive Regulation Of Membrane Depolarization (GO:1904181)	1.0	1.0	0.0	0.0	0	5	
Vasculature Development (GO:0001944)	1.0	1.0	0.0	0.0	0	16	
Positive Regulation Of Membrane Potential (GO:0045838)	1.0	1.0	0.0	0.0	0	6	
Positive Regulation Of Memory T Cell Differentiation (GO:0043382)	1.0	1.0	0.0	0.0	0	8	
Positive Regulation Of Mesenchymal Cell Proliferation (GO:0002053)	1.0	1.0	0.0	0.0	0	9	
Positive Regulation Of Metaphase/Anaphase Transition Of Cell Cycle (GO:1902101)	1.0	1.0	0.0	0.0	0	11	
Positive Regulation Of miRNA-mediated Gene Silencing (GO:2000637)	1.0	1.0	0.0	0.0	0	9	
Positive Regulation Of Mitophagy In Response To Mitochondrial Depolarization (GO:0098779)	1.0	1.0	0.0	0.0	0	5	
Positive Regulation Of Mitotic Nuclear Division (GO:0045840)	1.0	1.0	0.0	0.0	0	35	
Positive Regulation Of Mitotic Metaphase/Anaphase Transition (GO:0045842)	1.0	1.0	0.0	0.0	0	11	
Protein Targeting To ER (GO:0045047)	1.0	1.0	0.0	0.0	0	21	
tRNA Modification (GO:0006400)	1.0	1.0	0.0	0.0	0	62	
protein-DNA Covalent Cross-Linking Repair (GO:0106300)	1.0	1.0	0.0	0.0	0	5	
Protein Oxidation (GO:0018158)	1.0	1.0	0.0	0.0	0	10	
Regulation Of Type 2 Immune Response (GO:0002828)	1.0	1.0	0.0	0.0	0	5	
Telomere Capping (GO:0016233)	1.0	1.0	0.0	0.0	0	13	
Vascular Endothelial Growth Factor Receptor-2 Signaling Pathway (GO:0036324)	1.0	1.0	0.0	0.0	0	5	
Positive Regulation Of Microtubule Nucleation (GO:0090063)	1.0	1.0	0.0	0.0	0	7	
Vascular Endothelial Growth Factor Receptor Signaling Pathway (GO:0048010)	1.0	1.0	0.0	0.0	0	27	
Positive Regulation Of Mitochondrial Calcium Ion Concentration (GO:0051561)	1.0	1.0	0.0	0.0	0	8	
Positive Regulation Of Mitochondrial Fission (GO:0090141)	1.0	1.0	0.0	0.0	0	17	
Positive Regulation Of Mitochondrial Membrane Permeability (GO:0035794)	1.0	1.0	0.0	0.0	0	9	
Positive Regulation Of Mitochondrial Membrane Permeability Involved In Apoptotic Process (GO:1902110)	1.0	1.0	0.0	0.0	0	7	
Positive Regulation Of Mitotic Sister Chromatid Separation (GO:1901970)	1.0	1.0	0.0	0.0	0	15	
Positive Regulation Of Mitochondrial Membrane Potential (GO:0010918)	1.0	1.0	0.0	0.0	0	4	
Positive Regulation Of Mitochondrial Translation (GO:0070131)	1.0	1.0	0.0	0.0	0	13	
Vascular Associated Smooth Muscle Contraction (GO:0014829)	1.0	1.0	0.0	0.0	0	6	
Vascular Process In Circulatory System (GO:0003018)	1.0	1.0	0.0	0.0	0	12	
Positive Regulation Of Mitophagy (GO:1901526)	1.0	1.0	0.0	0.0	0	6	
Positive Regulation Of Mitotic Cell Cycle (GO:0045931)	1.0	1.0	0.0	0.0	0	27	
Vascular Associated Smooth Muscle Cell Differentiation (GO:0035886)	1.0	1.0	0.0	0.0	0	8	
Vascular Associated Smooth Muscle Cell Development (GO:0097084)	1.0	1.0	0.0	0.0	0	6	
Positive Regulation Of Mitotic Cell Cycle Phase Transition (GO:1901992)	1.0	1.0	0.0	0.0	0	63	
Positive Regulation Of Mitotic Cell Cycle Spindle Assembly Checkpoint (GO:0090267)	1.0	1.0	0.0	0.0	0	11	
Positive Regulation Of Mitotic Cytokinesis (GO:1903490)	1.0	1.0	0.0	0.0	0	5	
Valine Metabolic Process (GO:0006573)	1.0	1.0	0.0	0.0	0	5	
Vacuole Organization (GO:0007033)	1.0	1.0	0.0	0.0	0	6	
Vacuole Fusion (GO:0097576)	1.0	1.0	0.0	0.0	0	10	
Positive Regulation Of Mitochondrial Outer Membrane Permeabilization Involved In Apoptotic Signaling Pathway (GO:1901030)	1.0	1.0	0.0	0.0	0	10	
Positive Regulation Of Tau-Protein Kinase Activity (GO:1902949)	1.0	1.0	0.0	0.0	0	5	
Positive Regulation Of Monoatomic Ion Transmembrane Transport (GO:0034767)	1.0	1.0	0.0	0.0	0	5	
Positive Regulation Of Monocyte Chemotactic Protein-1 Production (GO:0071639)	1.0	1.0	0.0	0.0	0	8	
Positive Regulation Of Monooxygenase Activity (GO:0032770)	1.0	1.0	0.0	0.0	0	26	
Positive Regulation Of Morphogenesis Of An Epithelium (GO:1905332)	1.0	1.0	0.0	0.0	0	23	
Positive Regulation Of Multicellular Organism Growth (GO:0040018)	1.0	1.0	0.0	0.0	0	6	
Positive Regulation Of Muscle Cell Differentiation (GO:0051149)	1.0	1.0	0.0	0.0	0	15	
Urogenital System Development (GO:0001655)	1.0	1.0	0.0	0.0	0	10	
Uridine Transport (GO:0015862)	1.0	1.0	0.0	0.0	0	5	
Positive Regulation Of Myeloid Cell Apoptotic Process (GO:0033034)	1.0	1.0	0.0	0.0	0	7	
Positive Regulation Of Myeloid Cell Differentiation (GO:0045639)	1.0	1.0	0.0	0.0	0	33	
Positive Regulation Of Myeloid Leukocyte Cytokine Production Involved In Immune Response (GO:0061081)	1.0	1.0	0.0	0.0	0	15	
Positive Regulation Of Myeloid Leukocyte Mediated Immunity (GO:0002888)	1.0	1.0	0.0	0.0	0	11	
Positive Regulation Of Myoblast Differentiation (GO:0045663)	1.0	1.0	0.0	0.0	0	37	
Positive Regulation Of Myoblast Fusion (GO:1901741)	1.0	1.0	0.0	0.0	0	8	
Positive Regulation Of Myotube Differentiation (GO:0010831)	1.0	1.0	0.0	0.0	0	7	
Positive Regulation Of Natural Killer Cell Activation (GO:0032816)	1.0	1.0	0.0	0.0	0	18	
Positive Regulation Of Natural Killer Cell Cytokine Production (GO:0002729)	1.0	1.0	0.0	0.0	0	6	
Positive Regulation Of Natural Killer Cell Mediated Cytotoxicity (GO:0045954)	1.0	1.0	0.0	0.0	0	20	
Positive Regulation Of Natural Killer Cell Mediated Cytotoxicity Directed Against Tumor Cell Target (GO:0002860)	1.0	1.0	0.0	0.0	0	4	
Positive Regulation Of Natural Killer Cell Mediated Immune Response To Tumor Cell (GO:0002857)	1.0	1.0	0.0	0.0	0	4	
Positive Regulation Of Natural Killer Cell Mediated Immunity (GO:0002717)	1.0	1.0	0.0	0.0	0	23	
Positive Regulation Of Natural Killer Cell Proliferation (GO:0032819)	1.0	1.0	0.0	0.0	0	7	
Positive Regulation Of Necroptotic Process (GO:0060545)	1.0	1.0	0.0	0.0	0	5	
Positive Regulation Of Necrotic Cell Death (GO:0010940)	1.0	1.0	0.0	0.0	0	6	
Ureteric Bud Morphogenesis (GO:0060675)	1.0	1.0	0.0	0.0	0	18	
Ventricular Septum Morphogenesis (GO:0060412)	1.0	1.0	0.0	0.0	0	27	
Positive Regulation Of mRNA Binding (GO:1902416)	1.0	1.0	0.0	0.0	0	5	
Ventricular Trabecula Myocardium Morphogenesis (GO:0003222)	1.0	1.0	0.0	0.0	0	7	
Positive Regulation Of Immunoglobulin Production (GO:0002639)	1.0	1.0	0.0	0.0	0	29	
Positive Regulation Of Mononuclear Cell Migration (GO:0071677)	1.0	1.0	0.0	0.0	0	31	
Positive Regulation Of Monocyte Differentiation (GO:0045657)	1.0	1.0	0.0	0.0	0	9	
Positive Regulation Of Monocyte Chemotaxis (GO:0090026)	1.0	1.0	0.0	0.0	0	18	
Positive Regulation Of Nervous System Development (GO:0051962)	1.0	1.0	0.0	0.0	0	48	
Ureteric Bud Development (GO:0001657)	1.0	1.0	0.0	0.0	0	18	
Ureter Development (GO:0072189)	1.0	1.0	0.0	0.0	0	6	
Urea Cycle (GO:0000050)	1.0	1.0	0.0	0.0	0	5	
Positive Regulation Of Neuron Migration (GO:2001224)	1.0	1.0	0.0	0.0	0	11	
Positive Regulation Of Neuron Projection Arborization (GO:0150012)	1.0	1.0	0.0	0.0	0	7	
Positive Regulation Of Neurotransmitter Secretion (GO:0001956)	1.0	1.0	0.0	0.0	0	6	
Positive Regulation Of Neutrophil Chemotaxis (GO:0090023)	1.0	1.0	0.0	0.0	0	16	
Positive Regulation Of Neutrophil Migration (GO:1902624)	1.0	1.0	0.0	0.0	0	21	
Positive Regulation Of Nitric Oxide Biosynthetic Process (GO:0045429)	1.0	1.0	0.0	0.0	0	27	
Positive Regulation Of Nitric Oxide Metabolic Process (GO:1904407)	1.0	1.0	0.0	0.0	0	28	
Positive Regulation Of Nitric-Oxide Synthase Activity (GO:0051000)	1.0	1.0	0.0	0.0	0	17	
Positive Regulation Of Nitric-Oxide Synthase Biosynthetic Process (GO:0051770)	1.0	1.0	0.0	0.0	0	10	
Positive Regulation Of Nitrogen Compound Metabolic Process (GO:0051173)	1.0	1.0	0.0	0.0	0	32	
Positive Regulation Of Monoatomic Ion Transport (GO:0043270)	1.0	1.0	0.0	0.0	0	39	
Positive Regulation Of Non-Canonical Wnt Signaling Pathway (GO:2000052)	1.0	1.0	0.0	0.0	0	10	
Positive Regulation Of Nuclear Division (GO:0051785)	1.0	1.0	0.0	0.0	0	26	
Positive Regulation Of Nuclear-Transcribed mRNA Catabolic Process, Deadenylation-Dependent Decay (GO:1900153)	1.0	1.0	0.0	0.0	0	14	
Positive Regulation Of Nuclear-Transcribed mRNA poly(A) Tail Shortening (GO:0060213)	1.0	1.0	0.0	0.0	0	12	
Positive Regulation Of Oligodendrocyte Differentiation (GO:0048714)	1.0	1.0	0.0	0.0	0	7	
Positive Regulation Of Opsonization (GO:1903028)	1.0	1.0	0.0	0.0	0	8	
Positive Regulation Of Organelle Assembly (GO:1902117)	1.0	1.0	0.0	0.0	0	58	
Ubiquitin-Dependent Protein Catabolic Process Via The Multivesicular Body Sorting Pathway (GO:0043162)	1.0	1.0	0.0	0.0	0	33	
Positive Regulation Of Osteoblast Differentiation (GO:0045669)	1.0	1.0	0.0	0.0	0	41	
Positive Regulation Of Osteoblast Proliferation (GO:0033690)	1.0	1.0	0.0	0.0	0	5	
Positive Regulation Of Osteoclast Differentiation (GO:0045672)	1.0	1.0	0.0	0.0	0	17	
Positive Regulation Of Neuroblast Proliferation (GO:0002052)	1.0	1.0	0.0	0.0	0	18	
Positive Regulation Of mRNA Catabolic Process (GO:0061014)	1.0	1.0	0.0	0.0	0	44	
Positive Regulation Of Neural Precursor Cell Proliferation (GO:2000179)	1.0	1.0	0.0	0.0	0	28	
Positive Regulation Of Nuclear Cell Cycle DNA Replication (GO:0010571)	1.0	1.0	0.0	0.0	0	5	
Keratinocyte Proliferation (GO:0043616)	1.0	1.0	0.0	0.0	0	6	
Regulation Of Sarcomere Organization (GO:0060297)	1.0	1.0	0.0	0.0	0	5	
Regulation Of Sensory Perception (GO:0051931)	1.0	1.0	0.0	0.0	0	10	
Regulation Of Chromatin Organization (GO:1902275)	1.0	1.0	0.0	0.0	0	27	
Regulation Of Chromosome Condensation (GO:0060623)	1.0	1.0	0.0	0.0	0	7	
Regulation Of Chromosome Organization (GO:0033044)	1.0	1.0	0.0	0.0	0	40	
Regulation Of Chromosome Segregation (GO:0051983)	1.0	1.0	0.0	0.0	0	25	
Regulation Of Chromosome Separation (GO:1905818)	1.0	1.0	0.0	0.0	0	12	
Regulation Of Cilium Beat Frequency (GO:0003356)	1.0	1.0	0.0	0.0	0	4	
Regulation Of Cilium Movement (GO:0003352)	1.0	1.0	0.0	0.0	0	6	
Ribosomal Small Subunit Export From Nucleus (GO:0000056)	1.0	1.0	0.0	0.0	0	6	
Regulation Of Circadian Sleep/Wake Cycle, Sleep (GO:0045187)	1.0	1.0	0.0	0.0	0	5	
Regulation Of Clathrin-Dependent Endocytosis (GO:2000369)	1.0	1.0	0.0	0.0	0	15	
Regulation Of Coagulation (GO:0050818)	1.0	1.0	0.0	0.0	0	10	
Regulation Of Collagen Biosynthetic Process (GO:0032965)	1.0	1.0	0.0	0.0	0	17	
Regulation Of Collagen Fibril Organization (GO:1904026)	1.0	1.0	0.0	0.0	0	6	
Regulation Of Collateral Sprouting (GO:0048670)	1.0	1.0	0.0	0.0	0	7	
Regulation Of Complement Activation (GO:0030449)	1.0	1.0	0.0	0.0	0	8	
Ribosomal Small Subunit Biogenesis (GO:0042274)	1.0	1.0	0.0	0.0	0	78	
Regulation Of Complement-Dependent Cytotoxicity (GO:1903659)	1.0	1.0	0.0	0.0	0	9	
Regulation Of Cortisol Biosynthetic Process (GO:2000064)	1.0	1.0	0.0	0.0	0	6	
Regulation Of Cyclic-Nucleotide Phosphodiesterase Activity (GO:0051342)	1.0	1.0	0.0	0.0	0	6	
Regulation Of Cyclin-Dependent Protein Kinase Activity (GO:1904029)	1.0	1.0	0.0	0.0	0	52	
Regulation Of Cyclin-Dependent Protein Serine/Threonine Kinase Activity (GO:0000079)	1.0	1.0	0.0	0.0	0	78	
Regulation Of Cysteine-Type Endopeptidase Activity (GO:2000116)	1.0	1.0	0.0	0.0	0	23	
Regulation Of Cysteine-Type Endopeptidase Activity Involved In Apoptotic Process (GO:0043281)	1.0	1.0	0.0	0.0	0	83	
Regulation Of Cysteine-Type Endopeptidase Activity Involved In Apoptotic Signaling Pathway (GO:2001267)	1.0	1.0	0.0	0.0	0	10	
Regulation Of Cytokine Production Involved In Immune Response (GO:0002718)	1.0	1.0	0.0	0.0	0	23	
Regulation Of Cholesterol Metabolic Process (GO:0090181)	1.0	1.0	0.0	0.0	0	23	
Positive Regulation Of Granulocyte Chemotaxis (GO:0071624)	1.0	1.0	0.0	0.0	0	19	
Regulation Of Chromatin Binding (GO:0035561)	1.0	1.0	0.0	0.0	0	9	
'De Novo' AMP Biosynthetic Process (GO:0044208)	1.0	1.0	0.0	0.0	0	4	
Regulation Of Chondrocyte Differentiation (GO:0032330)	1.0	1.0	0.0	0.0	0	25	
Regulation Of Cytokine-Mediated Signaling Pathway (GO:0001959)	1.0	1.0	0.0	0.0	0	38	
Regulation Of Cytoplasmic Transport (GO:1903649)	1.0	1.0	0.0	0.0	0	9	
Regulation Of Defense Response To Bacterium (GO:1900424)	1.0	1.0	0.0	0.0	0	8	
Regulation Of Defense Response To Virus (GO:0050688)	1.0	1.0	0.0	0.0	0	17	
Regulation Of Defense Response To Virus By Host (GO:0050691)	1.0	1.0	0.0	0.0	0	33	
Ribosomal Large Subunit Biogenesis (GO:0042273)	1.0	1.0	0.0	0.0	0	51	
Ribosomal Large Subunit Assembly (GO:0000027)	1.0	1.0	0.0	0.0	0	20	
Ribose Phosphate Biosynthetic Process (GO:0046390)	1.0	1.0	0.0	0.0	0	6	
Ribonucleoside Bisphosphate Metabolic Process (GO:0033875)	1.0	1.0	0.0	0.0	0	22	
Ribonucleoside Bisphosphate Catabolic Process (GO:0034031)	1.0	1.0	0.0	0.0	0	8	
Regulation Of Dendritic Cell Antigen Processing And Presentation (GO:0002604)	1.0	1.0	0.0	0.0	0	8	
Ribonucleoside Bisphosphate Biosynthetic Process (GO:0034030)	1.0	1.0	0.0	0.0	0	10	
Regulation Of Cytoplasmic Translation (GO:2000765)	1.0	1.0	0.0	0.0	0	24	
Regulation Of Dendritic Cell Apoptotic Process (GO:2000668)	1.0	1.0	0.0	0.0	0	9	
Regulation Of Dendritic Cell Differentiation (GO:2001198)	1.0	1.0	0.0	0.0	0	10	
Regulation Of Dendritic Spine Development (GO:0060998)	1.0	1.0	0.0	0.0	0	19	
Regulation Of Dendritic Spine Maintenance (GO:1902950)	1.0	1.0	0.0	0.0	0	8	
Regulation Of Dendritic Spine Morphogenesis (GO:0061001)	1.0	1.0	0.0	0.0	0	29	
Ribonucleoprotein Complex Biogenesis (GO:0022613)	1.0	1.0	0.0	0.0	0	111	
Reverse Cholesterol Transport (GO:0043691)	1.0	1.0	0.0	0.0	0	16	
Retrotransposon Silencing (GO:0010526)	1.0	1.0	0.0	0.0	0	19	
Retrograde Vesicle-Mediated Transport, Golgi To Endoplasmic Reticulum (GO:0006890)	1.0	1.0	0.0	0.0	0	46	
Retrograde Transport, Vesicle Recycling Within Golgi (GO:0000301)	1.0	1.0	0.0	0.0	0	8	
Regulation Of Dephosphorylation (GO:0035303)	1.0	1.0	0.0	0.0	0	14	
Regulation Of Digestive System Process (GO:0044058)	1.0	1.0	0.0	0.0	0	6	
Regulation Of Dopamine Metabolic Process (GO:0042053)	1.0	1.0	0.0	0.0	0	6	
Regulation Of Dendritic Cell Chemotaxis (GO:2000508)	1.0	1.0	0.0	0.0	0	7	
Ribosomal Large Subunit Export From Nucleus (GO:0000055)	1.0	1.0	0.0	0.0	0	6	
Ribosomal Small Subunit Assembly (GO:0000028)	1.0	1.0	0.0	0.0	0	15	
Positive Regulation Of Glycoprotein Biosynthetic Process (GO:0010560)	1.0	1.0	0.0	0.0	0	13	
Establishment Of Protein Localization To Vacuole (GO:0072666)	1.0	1.0	0.0	0.0	0	27	
Establishment Of Protein Localization To Telomere (GO:0070200)	1.0	1.0	0.0	0.0	0	5	
Establishment Of Chromosome Localization (GO:0051303)	1.0	1.0	0.0	0.0	0	14	
Establishment Of Golgi Localization (GO:0051683)	1.0	1.0	0.0	0.0	0	6	
Entrainment Of Circadian Clock By Photoperiod (GO:0043153)	1.0	1.0	0.0	0.0	0	22	
Enteric Nervous System Development (GO:0048484)	1.0	1.0	0.0	0.0	0	6	
Engulfment Of Apoptotic Cell (GO:0043652)	1.0	1.0	0.0	0.0	0	10	
Energy Reserve Metabolic Process (GO:0006112)	1.0	1.0	0.0	0.0	0	16	
Energy Derivation By Oxidation Of Organic Compounds (GO:0015980)	1.0	1.0	0.0	0.0	0	38	
Endothelin Receptor Signaling Pathway (GO:0086100)	1.0	1.0	0.0	0.0	0	4	
Eosinophil Chemotaxis (GO:0048245)	1.0	1.0	0.0	0.0	0	24	
Endothelial Tube Morphogenesis (GO:0061154)	1.0	1.0	0.0	0.0	0	9	
Endothelial Cell Chemotaxis (GO:0035767)	1.0	1.0	0.0	0.0	0	8	
Endosome Transport Via Multivesicular Body Sorting Pathway (GO:0032509)	1.0	1.0	0.0	0.0	0	23	
Endosome To Pigment Granule Transport (GO:0043485)	1.0	1.0	0.0	0.0	0	8	
Endosome To Melanosome Transport (GO:0035646)	1.0	1.0	0.0	0.0	0	8	
Endosome To Lysosome Transport Via Multivesicular Body Sorting Pathway (GO:0032510)	1.0	1.0	0.0	0.0	0	15	
Endosome To Lysosome Transport (GO:0008333)	1.0	1.0	0.0	0.0	0	54	
Endothelial Cell Proliferation (GO:0001935)	1.0	1.0	0.0	0.0	0	18	
Establishment Of Apical/Basal Cell Polarity (GO:0035089)	1.0	1.0	0.0	0.0	0	13	
Eosinophil Migration (GO:0072677)	1.0	1.0	0.0	0.0	0	24	
Epidermis Development (GO:0008544)	1.0	1.0	0.0	0.0	0	83	
Erythrose 4-Phosphate/Phosphoenolpyruvate Family Amino Acid Catabolic Process (GO:1902222)	1.0	1.0	0.0	0.0	0	5	
Error-Prone Translesion Synthesis (GO:0042276)	1.0	1.0	0.0	0.0	0	8	
Equilibrioception (GO:0050957)	1.0	1.0	0.0	0.0	0	5	
Epoxygenase P450 Pathway (GO:0019373)	1.0	1.0	0.0	0.0	0	17	
Epithelial Tube Formation (GO:0072175)	1.0	1.0	0.0	0.0	0	5	
Epithelial Tube Branching Involved In Lung Morphogenesis (GO:0060441)	1.0	1.0	0.0	0.0	0	5	
Epiboly Involved In Wound Healing (GO:0090505)	1.0	1.0	0.0	0.0	0	13	
Extrinsic Apoptotic Signaling Pathway In Absence Of Ligand (GO:0097192)	1.0	1.0	0.0	0.0	0	16	
Excitatory Synapse Assembly (GO:1904861)	1.0	1.0	0.0	0.0	0	9	
Ethanol Metabolic Process (GO:0006067)	1.0	1.0	0.0	0.0	0	14	
Ethanol Oxidation (GO:0006069)	1.0	1.0	0.0	0.0	0	7	
Establishment Of Protein Localization To Peroxisome (GO:0072663)	1.0	1.0	0.0	0.0	0	7	
Establishment Of Protein Localization To Organelle (GO:0072594)	1.0	1.0	0.0	0.0	0	84	
Establishment Of Protein Localization To Mitochondrion (GO:0072655)	1.0	1.0	0.0	0.0	0	43	
Establishment Of Protein Localization To Extracellular Region (GO:0035592)	1.0	1.0	0.0	0.0	0	44	
Establishment Of Spindle Localization (GO:0051293)	1.0	1.0	0.0	0.0	0	14	
Establishment Of Protein Localization To Endoplasmic Reticulum (GO:0072599)	1.0	1.0	0.0	0.0	0	15	
Establishment Of Protein Localization To Chromatin (GO:0071169)	1.0	1.0	0.0	0.0	0	4	
Establishment Of Planar Polarity (GO:0001736)	1.0	1.0	0.0	0.0	0	7	
Establishment Of Mitotic Sister Chromatid Cohesion (GO:0034087)	1.0	1.0	0.0	0.0	0	6	
Establishment Of Mitochondrion Localization, Microtubule-Mediated (GO:0034643)	1.0	1.0	0.0	0.0	0	5	
Establishment Of Melanosome Localization (GO:0032401)	1.0	1.0	0.0	0.0	0	16	
Establishment Of Lymphocyte Polarity (GO:0001767)	1.0	1.0	0.0	0.0	0	5	
Establishment Of Protein Localization To Chromosome (GO:0070199)	1.0	1.0	0.0	0.0	0	10	
Regulation Of Cytoplasmic Translational Elongation (GO:1900247)	1.0	1.0	0.0	0.0	0	7	
Establishment Of Epithelial Cell Apical/Basal Polarity (GO:0045198)	1.0	1.0	0.0	0.0	0	10	
Ethanol Catabolic Process (GO:0006068)	1.0	1.0	0.0	0.0	0	6	
Extrinsic Apoptotic Signaling Pathway (GO:0097191)	1.0	1.0	0.0	0.0	0	66	
Extracellular Matrix Disassembly (GO:0022617)	1.0	1.0	0.0	0.0	0	42	
Exonucleolytic Trimming To Generate Mature 3'-End Of 5.8S rRNA From Tricistronic rRNA Transcript (SSU-rRNA, 5.8S rRNA, LSU-rRNA) (GO:0000467)	1.0	1.0	0.0	0.0	0	8	
Exonucleolytic Trimming Involved In rRNA Processing (GO:0000459)	1.0	1.0	0.0	0.0	0	8	
Exonucleolytic Catabolism Of Deadenylated mRNA (GO:0043928)	1.0	1.0	0.0	0.0	0	12	
Exocrine System Development (GO:0035272)	1.0	1.0	0.0	0.0	0	6	
Estrogen Biosynthetic Process (GO:0006703)	1.0	1.0	0.0	0.0	0	7	
Exit From Mitosis (GO:0010458)	1.0	1.0	0.0	0.0	0	11	
Excitatory Postsynaptic Potential (GO:0060079)	1.0	1.0	0.0	0.0	0	18	
Excitatory Chemical Synaptic Transmission (GO:0098976)	1.0	1.0	0.0	0.0	0	6	
Ether Lipid Metabolic Process (GO:0046485)	1.0	1.0	0.0	0.0	0	11	
Ether Lipid Biosynthetic Process (GO:0008611)	1.0	1.0	0.0	0.0	0	8	
Establishment Of Vesicle Localization (GO:0051650)	1.0	1.0	0.0	0.0	0	18	
Epithelial To Mesenchymal Transition Involved In Endocardial Cushion Formation (GO:0003198)	1.0	1.0	0.0	0.0	0	8	
Regulation Of Cholesterol Transport (GO:0032374)	1.0	1.0	0.0	0.0	0	22	
Regulation Of Hormone Biosynthetic Process (GO:0046885)	1.0	1.0	0.0	0.0	0	5	
Regulation Of Glycolytic Process (GO:0006110)	1.0	1.0	0.0	0.0	0	38	
Regulation Of Fibroblast Apoptotic Process (GO:2000269)	1.0	1.0	0.0	0.0	0	8	
Response To Transforming Growth Factor Beta (GO:0071559)	1.0	1.0	0.0	0.0	0	38	
Regulation Of Fibroblast Proliferation (GO:0048145)	1.0	1.0	0.0	0.0	0	46	
Regulation Of Filopodium Assembly (GO:0051489)	1.0	1.0	0.0	0.0	0	40	
Regulation Of Flagellated Sperm Motility (GO:1901317)	1.0	1.0	0.0	0.0	0	11	
Regulation Of Focal Adhesion Disassembly (GO:0120182)	1.0	1.0	0.0	0.0	0	5	
Positive Regulation Of Granulocyte Differentiation (GO:0030854)	1.0	1.0	0.0	0.0	0	5	
Regulation Of Gap Junction Assembly (GO:1903596)	1.0	1.0	0.0	0.0	0	8	
Regulation Of Gastrulation (GO:0010470)	1.0	1.0	0.0	0.0	0	11	
Response To Thyroid Hormone (GO:0097066)	1.0	1.0	0.0	0.0	0	12	
Regulation Of Gene Expression By Genomic Imprinting (GO:0006349)	1.0	1.0	0.0	0.0	0	10	
Regulation Of Generation Of Precursor Metabolites And Energy (GO:0043467)	1.0	1.0	0.0	0.0	0	6	
Response To Testosterone (GO:0033574)	1.0	1.0	0.0	0.0	0	5	
Regulation Of Glial Cell Proliferation (GO:0060251)	1.0	1.0	0.0	0.0	0	8	
Regulation Of Glomerular Filtration (GO:0003093)	1.0	1.0	0.0	0.0	0	5	
Regulation Of Glucagon Secretion (GO:0070092)	1.0	1.0	0.0	0.0	0	5	
Regulation Of Glucan Biosynthetic Process (GO:0010962)	1.0	1.0	0.0	0.0	0	8	
Regulation Of Glucocorticoid Receptor Signaling Pathway (GO:2000322)	1.0	1.0	0.0	0.0	0	5	
Regulation Of Gluconeogenesis (GO:0006111)	1.0	1.0	0.0	0.0	0	27	
Regulation Of Glucose Import (GO:0046324)	1.0	1.0	0.0	0.0	0	33	
Regulation Of Glucose Metabolic Process (GO:0010906)	1.0	1.0	0.0	0.0	0	25	
Regulation Of Glucose Transmembrane Transport (GO:0010827)	1.0	1.0	0.0	0.0	0	16	
Regulation Of Glutamate Receptor Signaling Pathway (GO:1900449)	1.0	1.0	0.0	0.0	0	5	
Regulation Of Glycogen (Starch) Synthase Activity (GO:2000465)	1.0	1.0	0.0	0.0	0	5	
Regulation Of Glycogen Biosynthetic Process (GO:0005979)	1.0	1.0	0.0	0.0	0	24	
Regulation Of Glycogen Metabolic Process (GO:0070873)	1.0	1.0	0.0	0.0	0	10	
Response To Steroid Hormone (GO:0048545)	1.0	1.0	0.0	0.0	0	29	
Response To Sterol (GO:0036314)	1.0	1.0	0.0	0.0	0	10	
Regulation Of Granulocyte Chemotaxis (GO:0071622)	1.0	1.0	0.0	0.0	0	19	
Regulation Of Histone Modification (GO:0031056)	1.0	1.0	0.0	0.0	0	15	
Regulation Of Fertilization (GO:0080154)	1.0	1.0	0.0	0.0	0	6	
Regulation Of Fibrinolysis (GO:0051917)	1.0	1.0	0.0	0.0	0	16	
Regulation Of Granulocyte Macrophage Colony-Stimulating Factor Production (GO:0032645)	1.0	1.0	0.0	0.0	0	14	
Regulation Of Growth Hormone Receptor Signaling Pathway (GO:0060398)	1.0	1.0	0.0	0.0	0	5	
Regulation Of Growth Hormone Secretion (GO:0060123)	1.0	1.0	0.0	0.0	0	5	
Regulation Of Guanylate Cyclase Activity (GO:0031282)	1.0	1.0	0.0	0.0	0	5	
Regulation Of Hair Cycle (GO:0042634)	1.0	1.0	0.0	0.0	0	9	
Response To Retinoic Acid (GO:0032526)	1.0	1.0	0.0	0.0	0	59	
Regulation Of Helicase Activity (GO:0051095)	1.0	1.0	0.0	0.0	0	8	
Response To Reactive Oxygen Species (GO:0000302)	1.0	1.0	0.0	0.0	0	62	
Regulation Of Hematopoietic Stem Cell Differentiation (GO:1902036)	1.0	1.0	0.0	0.0	0	12	
Regulation Of Hematopoietic Stem Cell Proliferation (GO:1902033)	1.0	1.0	0.0	0.0	0	5	
Regulation Of Heme Biosynthetic Process (GO:0070453)	1.0	1.0	0.0	0.0	0	6	
Regulation Of Hemoglobin Biosynthetic Process (GO:0046984)	1.0	1.0	0.0	0.0	0	6	
Regulation Of Granulocyte Differentiation (GO:0030852)	1.0	1.0	0.0	0.0	0	9	
Response To Purine-Containing Compound (GO:0014074)	1.0	1.0	0.0	0.0	0	24	
Regulation Of Hepatocyte Proliferation (GO:2000345)	1.0	1.0	0.0	0.0	0	5	
Regulation Of Heterochromatin Formation (GO:0031445)	1.0	1.0	0.0	0.0	0	6	
Regulation Of High Voltage-Gated Calcium Channel Activity (GO:1901841)	1.0	1.0	0.0	0.0	0	8	
Regulation Of Hippo Signaling (GO:0035330)	1.0	1.0	0.0	0.0	0	25	
Regulation Of Histamine Secretion By Mast Cell (GO:1903593)	1.0	1.0	0.0	0.0	0	6	
Regulation Of Histone H3-K4 Methylation (GO:0051569)	1.0	1.0	0.0	0.0	0	14	
Response To Prostaglandin E (GO:0034695)	1.0	1.0	0.0	0.0	0	10	
Regulation Of Histone Acetylation (GO:0035065)	1.0	1.0	0.0	0.0	0	22	
Regulation Of Histone Deacetylase Activity (GO:1901725)	1.0	1.0	0.0	0.0	0	5	
Regulation Of Histone Deacetylation (GO:0031063)	1.0	1.0	0.0	0.0	0	19	
Regulation Of Histone Methylation (GO:0031060)	1.0	1.0	0.0	0.0	0	9	
Regulation Of Hemopoiesis (GO:1903706)	1.0	1.0	0.0	0.0	0	14	
Regulation Of Dosage Compensation By Inactivation Of X Chromosome (GO:1900095)	1.0	1.0	0.0	0.0	0	12	
Regulation Of Dopamine Uptake Involved In Synaptic Transmission (GO:0051584)	1.0	1.0	0.0	0.0	0	7	
Regulation Of Dopamine Secretion (GO:0014059)	1.0	1.0	0.0	0.0	0	21	
Regulation Of Catecholamine Secretion (GO:0050433)	1.0	1.0	0.0	0.0	0	25	
Semaphorin-Plexin Signaling Pathway Involved In Neuron Projection Guidance (GO:1902285)	1.0	1.0	0.0	0.0	0	12	
Regulation Of Cell Adhesion Molecule Production (GO:0060353)	1.0	1.0	0.0	0.0	0	5	
Regulation Of Cell Communication (GO:0010646)	1.0	1.0	0.0	0.0	0	49	
Semaphorin-Plexin Signaling Pathway Involved In Axon Guidance (GO:1902287)	1.0	1.0	0.0	0.0	0	8	
Self Proteolysis (GO:0097264)	1.0	1.0	0.0	0.0	0	11	
Selenocysteine Incorporation (GO:0001514)	1.0	1.0	0.0	0.0	0	6	
Selective Autophagy (GO:0061912)	1.0	1.0	0.0	0.0	0	50	
Regulation Of Cell Cycle G1/S Phase Transition (GO:1902806)	1.0	1.0	0.0	0.0	0	72	
Secretory Granule Organization (GO:0033363)	1.0	1.0	0.0	0.0	0	25	
Secretion (GO:0046903)	1.0	1.0	0.0	0.0	0	12	
Regulation Of Cell Cycle G2/M Phase Transition (GO:1902749)	1.0	1.0	0.0	0.0	0	16	
Regulation Of Cell Cycle Checkpoint (GO:1901976)	1.0	1.0	0.0	0.0	0	11	
Regulation Of Cell Cycle Phase Transition (GO:1901987)	1.0	1.0	0.0	0.0	0	23	
Secondary Palate Development (GO:0062009)	1.0	1.0	0.0	0.0	0	13	
Regulation Of Cell Division (GO:0051302)	1.0	1.0	0.0	0.0	0	77	
Secondary Alcohol Metabolic Process (GO:1902652)	1.0	1.0	0.0	0.0	0	45	
Regulation Of Cell Fate Commitment (GO:0010453)	1.0	1.0	0.0	0.0	0	13	
Regulation Of Cell Fate Specification (GO:0042659)	1.0	1.0	0.0	0.0	0	14	
Regulation Of Cell Killing (GO:0031341)	1.0	1.0	0.0	0.0	0	8	
Sarcoplasmic Reticulum Calcium Ion Transport (GO:0070296)	1.0	1.0	0.0	0.0	0	10	
Regulation Of Cell Migration Involved In Sprouting Angiogenesis (GO:0090049)	1.0	1.0	0.0	0.0	0	29	
Regulation Of Cell Morphogenesis (GO:0022604)	1.0	1.0	0.0	0.0	0	31	
Regulation Of Cell Motility (GO:2000145)	1.0	1.0	0.0	0.0	0	116	
Sarcomere Organization (GO:0045214)	1.0	1.0	0.0	0.0	0	29	
Ruffle Assembly (GO:0097178)	1.0	1.0	0.0	0.0	0	5	
Regulation Of Chemokine-Mediated Signaling Pathway (GO:0070099)	1.0	1.0	0.0	0.0	0	7	
Sensory Organ Development (GO:0007423)	1.0	1.0	0.0	0.0	0	70	
Regulation Of Cell Size (GO:0008361)	1.0	1.0	0.0	0.0	0	24	
Regulation Of Cell-Cell Adhesion Involved In Gastrulation (GO:0070587)	1.0	1.0	0.0	0.0	0	9	
Ribosome-Associated Ubiquitin-Dependent Protein Catabolic Process (GO:1990116)	1.0	1.0	0.0	0.0	0	6	
Regulation Of Dopamine Receptor Signaling Pathway (GO:0060159)	1.0	1.0	0.0	0.0	0	7	
Ribosome Disassembly (GO:0032790)	1.0	1.0	0.0	0.0	0	12	
Ribosome Biogenesis (GO:0042254)	1.0	1.0	0.0	0.0	0	144	
Regulation Of Cellular Catabolic Process (GO:0031329)	1.0	1.0	0.0	0.0	0	59	
Ribosome Assembly (GO:0042255)	1.0	1.0	0.0	0.0	0	45	
Regulation Of Cellular Component Size (GO:0032535)	1.0	1.0	0.0	0.0	0	38	
Regulation Of Cellular Extravasation (GO:0002691)	1.0	1.0	0.0	0.0	0	9	
Regulation Of Cellular Ketone Metabolic Process (GO:0010565)	1.0	1.0	0.0	0.0	0	13	
Regulation Of Cellular Localization (GO:0060341)	1.0	1.0	0.0	0.0	0	70	
Regulation Of Cellular Metabolic Process (GO:0031323)	1.0	1.0	0.0	0.0	0	42	
Regulation Of Cellular Respiration (GO:0043457)	1.0	1.0	0.0	0.0	0	16	
Regulation Of Cellular Response To Growth Factor Stimulus (GO:0090287)	1.0	1.0	0.0	0.0	0	19	
Regulation Of Cellular Response To Heat (GO:1900034)	1.0	1.0	0.0	0.0	0	15	
Regulation Of Cholesterol Biosynthetic Process (GO:0045540)	1.0	1.0	0.0	0.0	0	15	
Regulation Of Cell-Cell Adhesion Mediated By Integrin (GO:0033632)	1.0	1.0	0.0	0.0	0	9	
Regulation Of Cellular Response To Oxidative Stress (GO:1900407)	1.0	1.0	0.0	0.0	0	8	
Regulation Of Cellular Response To Stress (GO:0080135)	1.0	1.0	0.0	0.0	0	100	
Regulation Of Cellular Response To Transforming Growth Factor Beta Stimulus (GO:1903844)	1.0	1.0	0.0	0.0	0	22	
Regulation Of Cellular Senescence (GO:2000772)	1.0	1.0	0.0	0.0	0	33	
Regulation Of Centriole Elongation (GO:1903722)	1.0	1.0	0.0	0.0	0	5	
Regulation Of Centriole Replication (GO:0046599)	1.0	1.0	0.0	0.0	0	16	
Regulation Of Centrosome Cycle (GO:0046605)	1.0	1.0	0.0	0.0	0	22	
Regulation Of Centrosome Duplication (GO:0010824)	1.0	1.0	0.0	0.0	0	26	
Regulation Of Ceramide Biosynthetic Process (GO:2000303)	1.0	1.0	0.0	0.0	0	9	
Regulation Of Chaperone-Mediated Autophagy (GO:1904714)	1.0	1.0	0.0	0.0	0	7	
Regulation Of Chemokine (C-C Motif) Ligand 5 Production (GO:0071649)	1.0	1.0	0.0	0.0	0	7	
Regulation Of Chemokine (C-X-C Motif) Ligand 2 Production (GO:2000341)	1.0	1.0	0.0	0.0	0	12	
Regulation Of Cellular Response To Insulin Stimulus (GO:1900076)	1.0	1.0	0.0	0.0	0	6	
Regulation Of Cellular Response To Hypoxia (GO:1900037)	1.0	1.0	0.0	0.0	0	6	
Epithelial Cilium Movement Involved In Determination Of Left/Right Asymmetry (GO:0060287)	1.0	1.0	0.0	0.0	0	6	
Epithelial Cell Migration (GO:0010631)	1.0	1.0	0.0	0.0	0	45	
Epithelial Cell Differentiation Involved In Kidney Development (GO:0035850)	1.0	1.0	0.0	0.0	0	6	
Embryonic Cranial Skeleton Morphogenesis (GO:0048701)	1.0	1.0	0.0	0.0	0	14	
Embryonic Heart Tube Development (GO:0035050)	1.0	1.0	0.0	0.0	0	16	
Embryonic Brain Development (GO:1990403)	1.0	1.0	0.0	0.0	0	5	
Embryonic Appendage Morphogenesis (GO:0035113)	1.0	1.0	0.0	0.0	0	10	
Embryo Development Ending In Birth Or Egg Hatching (GO:0009792)	1.0	1.0	0.0	0.0	0	17	
Electron Transport Chain (GO:0022900)	1.0	1.0	0.0	0.0	0	13	
Elastic Fiber Assembly (GO:0048251)	1.0	1.0	0.0	0.0	0	6	
Ectoderm Development (GO:0007398)	1.0	1.0	0.0	0.0	0	9	
Early Endosome To Golgi Transport (GO:0034498)	1.0	1.0	0.0	0.0	0	11	
Embryonic Axis Specification (GO:0000578)	1.0	1.0	0.0	0.0	0	15	
Ear Morphogenesis (GO:0042471)	1.0	1.0	0.0	0.0	0	23	
Embryonic Hindlimb Morphogenesis (GO:0035116)	1.0	1.0	0.0	0.0	0	5	
Embryonic Organ Morphogenesis (GO:0048562)	1.0	1.0	0.0	0.0	0	43	
Endoplasmic Reticulum Mannose Trimming (GO:1904380)	1.0	1.0	0.0	0.0	0	12	
Endoplasmic Reticulum Calcium Ion Homeostasis (GO:0032469)	1.0	1.0	0.0	0.0	0	18	
Endonucleolytic Cleavage Of Tricistronic rRNA Transcript (SSU-rRNA, 5.8S rRNA, LSU-rRNA) (GO:0000479)	1.0	1.0	0.0	0.0	0	13	
Endonucleolytic Cleavage In ITS1 To Separate SSU-rRNA From 5.8S rRNA And LSU-rRNA From Tricistronic rRNA Transcript (SSU-rRNA, 5.8S rRNA, LSU-rRNA) (GO:0000447)	1.0	1.0	0.0	0.0	0	7	
Endolysosomal Toll-Like Receptor Signaling Pathway (GO:0140894)	1.0	1.0	0.0	0.0	0	13	
Endoderm Formation (GO:0001706)	1.0	1.0	0.0	0.0	0	35	
Embryonic Limb Morphogenesis (GO:0030326)	1.0	1.0	0.0	0.0	0	33	
Endoderm Development (GO:0007492)	1.0	1.0	0.0	0.0	0	14	
Endochondral Ossification (GO:0001958)	1.0	1.0	0.0	0.0	0	7	
Endochondral Bone Morphogenesis (GO:0060350)	1.0	1.0	0.0	0.0	0	11	
Enamel Mineralization (GO:0070166)	1.0	1.0	0.0	0.0	0	5	
Embryonic Skeletal System Morphogenesis (GO:0048704)	1.0	1.0	0.0	0.0	0	29	
Embryonic Skeletal Joint Development (GO:0072498)	1.0	1.0	0.0	0.0	0	5	
Embryonic Placenta Development (GO:0001892)	1.0	1.0	0.0	0.0	0	8	
Embryonic Digestive Tract Development (GO:0048566)	1.0	1.0	0.0	0.0	0	19	
Endocrine System Development (GO:0035270)	1.0	1.0	0.0	0.0	0	23	
Embryonic Digestive Tract Morphogenesis (GO:0048557)	1.0	1.0	0.0	0.0	0	8	
Embryonic Eye Morphogenesis (GO:0048048)	1.0	1.0	0.0	0.0	0	9	
Clathrin Coat Disassembly (GO:0072318)	1.0	1.0	0.0	0.0	0	6	
Citrulline Metabolic Process (GO:0000052)	1.0	1.0	0.0	0.0	0	6	
Cilium-Dependent Cell Motility (GO:0060285)	1.0	1.0	0.0	0.0	0	18	
Cilium Movement Involved In Cell Motility (GO:0060294)	1.0	1.0	0.0	0.0	0	7	
Cobalamin Metabolic Process (GO:0009235)	1.0	1.0	0.0	0.0	0	7	
Cyclooxygenase Pathway (GO:0019371)	1.0	1.0	0.0	0.0	0	8	
Commissural Neuron Axon Guidance (GO:0071679)	1.0	1.0	0.0	0.0	0	8	
Complement Receptor Mediated Signaling Pathway (GO:0002430)	1.0	1.0	0.0	0.0	0	11	
Cyclic Nucleotide Biosynthetic Process (GO:0009190)	1.0	1.0	0.0	0.0	0	17	
Cristae Formation (GO:0042407)	1.0	1.0	0.0	0.0	0	8	
Cranial Nerve Development (GO:0021545)	1.0	1.0	0.0	0.0	0	12	
Coumarin Metabolic Process (GO:0009804)	1.0	1.0	0.0	0.0	0	4	
Cotranslational Protein Targeting To Membrane (GO:0006613)	1.0	1.0	0.0	0.0	0	12	
Cortical Cytoskeleton Organization (GO:0030865)	1.0	1.0	0.0	0.0	0	27	
Complement Activation, Lectin Pathway (GO:0001867)	1.0	1.0	0.0	0.0	0	8	
Cortical Actin Cytoskeleton Organization (GO:0030866)	1.0	1.0	0.0	0.0	0	19	
Coronary Vasculature Development (GO:0060976)	1.0	1.0	0.0	0.0	0	7	
Copper Ion Transport (GO:0006825)	1.0	1.0	0.0	0.0	0	10	
Copper Ion Import (GO:0015677)	1.0	1.0	0.0	0.0	0	6	
Contact Inhibition (GO:0060242)	1.0	1.0	0.0	0.0	0	5	
Constitutive Heterochromatin Formation (GO:0140719)	1.0	1.0	0.0	0.0	0	8	
Connective Tissue Development (GO:0061448)	1.0	1.0	0.0	0.0	0	36	
Coronary Vasculature Morphogenesis (GO:0060977)	1.0	1.0	0.0	0.0	0	7	
Detection Of Chemical Stimulus Involved In Sensory Perception Of Smell (GO:0050911)	1.0	1.0	0.0	0.0	0	135	
Detection Of Light Stimulus Involved In Sensory Perception (GO:0050962)	1.0	1.0	0.0	0.0	0	11	
Detection Of Light Stimulus Involved In Visual Perception (GO:0050908)	1.0	1.0	0.0	0.0	0	11	
Embryonic Forelimb Morphogenesis (GO:0035115)	1.0	1.0	0.0	0.0	0	8	
Embryonic Digit Morphogenesis (GO:0042733)	1.0	1.0	0.0	0.0	0	16	
Ear Development (GO:0043583)	1.0	1.0	0.0	0.0	0	5	
Double-Strand Break Repair Via Synthesis-Dependent Strand Annealing (GO:0045003)	1.0	1.0	0.0	0.0	0	5	
Double-Strand Break Repair Via Single-Strand Annealing (GO:0045002)	1.0	1.0	0.0	0.0	0	5	
Dolichol Metabolic Process (GO:0019348)	1.0	1.0	0.0	0.0	0	14	
Endoplasmic Reticulum To Cytosol Transport (GO:1903513)	1.0	1.0	0.0	0.0	0	13	
Cilium Disassembly (GO:0061523)	1.0	1.0	0.0	0.0	0	5	
Glucocorticoid Biosynthetic Process (GO:0006704)	1.0	1.0	0.0	0.0	0	5	
Glucosamine-Containing Compound Catabolic Process (GO:1901072)	1.0	1.0	0.0	0.0	0	8	
Intrinsic Apoptotic Signaling Pathway (GO:0097193)	1.0	1.0	0.0	0.0	0	100	
Intraciliary Transport Involved In Cilium Assembly (GO:0035735)	1.0	1.0	0.0	0.0	0	6	
Intraciliary Retrograde Transport (GO:0035721)	1.0	1.0	0.0	0.0	0	10	
Intraciliary Anterograde Transport (GO:0035720)	1.0	1.0	0.0	0.0	0	15	
Intracellular Zinc Ion Homeostasis (GO:0006882)	1.0	1.0	0.0	0.0	0	17	
Intracellular Triglyceride Homeostasis (GO:0035356)	1.0	1.0	0.0	0.0	0	6	
Intrinsic Apoptotic Signaling Pathway By P53 Class Mediator (GO:0072332)	1.0	1.0	0.0	0.0	0	35	
Intracellular Sterol Transport (GO:0032366)	1.0	1.0	0.0	0.0	0	14	
Intracellular Sequestering Of Iron Ion (GO:0006880)	1.0	1.0	0.0	0.0	0	6	
Intracellular Protein Transmembrane Transport (GO:0065002)	1.0	1.0	0.0	0.0	0	45	
Intracellular Phosphate Ion Homeostasis (GO:0030643)	1.0	1.0	0.0	0.0	0	5	
Intracellular Oxygen Homeostasis (GO:0032364)	1.0	1.0	0.0	0.0	0	4	
Intracellular Monoatomic Ion Homeostasis (GO:0006873)	1.0	1.0	0.0	0.0	0	19	
Intracellular Lipid Transport (GO:0032365)	1.0	1.0	0.0	0.0	0	17	
Intracellular Steroid Hormone Receptor Signaling Pathway (GO:0030518)	1.0	1.0	0.0	0.0	0	41	
Intracellular Iron Ion Homeostasis (GO:0006879)	1.0	1.0	0.0	0.0	0	48	
Intrinsic Apoptotic Signaling Pathway In Response To DNA Damage (GO:0008630)	1.0	1.0	0.0	0.0	0	49	
Intrinsic Apoptotic Signaling Pathway In Response To Endoplasmic Reticulum Stress (GO:0070059)	1.0	1.0	0.0	0.0	0	26	
Kidney Mesenchyme Development (GO:0072074)	1.0	1.0	0.0	0.0	0	7	
Kidney Epithelium Development (GO:0072073)	1.0	1.0	0.0	0.0	0	7	
Ketone Body Metabolic Process (GO:1902224)	1.0	1.0	0.0	0.0	0	6	
Ketone Body Biosynthetic Process (GO:0046951)	1.0	1.0	0.0	0.0	0	5	
Dolichol-Linked Oligosaccharide Biosynthetic Process (GO:0006488)	1.0	1.0	0.0	0.0	0	15	
Dopamine Catabolic Process (GO:0042420)	1.0	1.0	0.0	0.0	0	7	
Dopamine Metabolic Process (GO:0042417)	1.0	1.0	0.0	0.0	0	18	
Dopamine Transport (GO:0015872)	1.0	1.0	0.0	0.0	0	9	
Dicarboxylic Acid Transport (GO:0006835)	1.0	1.0	0.0	0.0	0	24	
Dicarboxylic Acid Metabolic Process (GO:0043648)	1.0	1.0	0.0	0.0	0	47	
Dicarboxylic Acid Catabolic Process (GO:0043649)	1.0	1.0	0.0	0.0	0	16	
Dicarboxylic Acid Biosynthetic Process (GO:0043650)	1.0	1.0	0.0	0.0	0	9	
Diacylglycerol Metabolic Process (GO:0046339)	1.0	1.0	0.0	0.0	0	23	
Diacylglycerol Biosynthetic Process (GO:0006651)	1.0	1.0	0.0	0.0	0	7	
Digestive System Development (GO:0055123)	1.0	1.0	0.0	0.0	0	11	
Development Of Primary Female Sexual Characteristics (GO:0046545)	1.0	1.0	0.0	0.0	0	6	
Determination Of Digestive Tract Left/Right Asymmetry (GO:0071907)	1.0	1.0	0.0	0.0	0	6	
Detection Of Virus (GO:0009597)	1.0	1.0	0.0	0.0	0	4	
Detection Of Stimulus Involved In Sensory Perception Of Pain (GO:0062149)	1.0	1.0	0.0	0.0	0	6	
Detection Of Muscle Stretch (GO:0035995)	1.0	1.0	0.0	0.0	0	6	
Detection Of Molecule Of Bacterial Origin (GO:0032490)	1.0	1.0	0.0	0.0	0	5	
Clathrin-Coated Vesicle Cargo Loading (GO:0035652)	1.0	1.0	0.0	0.0	0	6	
Detection Of Mechanical Stimulus (GO:0050982)	1.0	1.0	0.0	0.0	0	18	
Digestive Tract Morphogenesis (GO:0048546)	1.0	1.0	0.0	0.0	0	14	
Diol Metabolic Process (GO:0034311)	1.0	1.0	0.0	0.0	0	7	
Diterpenoid Metabolic Process (GO:0016101)	1.0	1.0	0.0	0.0	0	27	
Double-Strand Break Repair Via Nonhomologous End Joining (GO:0006303)	1.0	1.0	0.0	0.0	0	37	
Double-Strand Break Repair Via Classical Nonhomologous End Joining (GO:0097680)	1.0	1.0	0.0	0.0	0	5	
Double-Strand Break Repair Via Break-Induced Replication (GO:0000727)	1.0	1.0	0.0	0.0	0	11	
Dosage Compensation By Inactivation Of X Chromosome (GO:0009048)	1.0	1.0	0.0	0.0	0	11	
Dosage Compensation (GO:0007549)	1.0	1.0	0.0	0.0	0	7	
Dorsal/Ventral Pattern Formation (GO:0009953)	1.0	1.0	0.0	0.0	0	27	
Dorsal Aorta Morphogenesis (GO:0035912)	1.0	1.0	0.0	0.0	0	6	
Dorsal Aorta Development (GO:0035907)	1.0	1.0	0.0	0.0	0	6	
Dopaminergic Neuron Differentiation (GO:0071542)	1.0	1.0	0.0	0.0	0	19	
Dopamine Uptake (GO:0090494)	1.0	1.0	0.0	0.0	0	7	
Determination Of Liver Left/Right Asymmetry (GO:0071910)	1.0	1.0	0.0	0.0	0	5	
Clathrin-Coated Vesicle Cargo Loading, AP-3-mediated (GO:0035654)	1.0	1.0	0.0	0.0	0	6	
Cobalamin Transport (GO:0015889)	1.0	1.0	0.0	0.0	0	7	
Columnar/Cuboidal Epithelial Cell Differentiation (GO:0002065)	1.0	1.0	0.0	0.0	0	10	
Glial Cell Development (GO:0021782)	1.0	1.0	0.0	0.0	0	23	
Gland Morphogenesis (GO:0022612)	1.0	1.0	0.0	0.0	0	6	
Genitalia Development (GO:0048806)	1.0	1.0	0.0	0.0	0	13	
Gene Expression (GO:0010467)	1.0	1.0	0.0	0.0	0	289	
Gastrulation With Mouth Forming Second (GO:0001702)	1.0	1.0	0.0	0.0	0	4	
Gastrulation (GO:0007369)	1.0	1.0	0.0	0.0	0	17	
Gas Transport (GO:0015669)	1.0	1.0	0.0	0.0	0	15	
Glandular Epithelial Cell Development (GO:0002068)	1.0	1.0	0.0	0.0	0	6	
Formation Of Extrachromosomal Circular DNA (GO:0001325)	1.0	1.0	0.0	0.0	0	10	
Formation Of Cytoplasmic Translation Initiation Complex (GO:0001732)	1.0	1.0	0.0	0.0	0	14	
Forelimb Morphogenesis (GO:0035136)	1.0	1.0	0.0	0.0	0	9	
Fatty Acid Elongation, Saturated Fatty Acid (GO:0019367)	1.0	1.0	0.0	0.0	0	6	
Fatty Acid Elongation, Polyunsaturated Fatty Acid (GO:0034626)	1.0	1.0	0.0	0.0	0	6	
Fatty Acid Elongation, Monounsaturated Fatty Acid (GO:0034625)	1.0	1.0	0.0	0.0	0	6	
Fatty Acid Elongation (GO:0030497)	1.0	1.0	0.0	0.0	0	8	
Fatty Acid Catabolic Process (GO:0009062)	1.0	1.0	0.0	0.0	0	60	
Fatty Acid Beta-Oxidation Using acyl-CoA Oxidase (GO:0033540)	1.0	1.0	0.0	0.0	0	11	
Fatty Acid Elongation, Unsaturated Fatty Acid (GO:0019368)	1.0	1.0	0.0	0.0	0	6	
Fatty Acid Beta-Oxidation Using acyl-CoA Dehydrogenase (GO:0033539)	1.0	1.0	0.0	0.0	0	10	
Fatty Acid Alpha-Oxidation (GO:0001561)	1.0	1.0	0.0	0.0	0	7	
Fat-Soluble Vitamin Metabolic Process (GO:0006775)	1.0	1.0	0.0	0.0	0	24	
Fat-Soluble Vitamin Catabolic Process (GO:0042363)	1.0	1.0	0.0	0.0	0	8	
Facultative Heterochromatin Formation (GO:0140718)	1.0	1.0	0.0	0.0	0	16	
Eye Photoreceptor Cell Differentiation (GO:0001754)	1.0	1.0	0.0	0.0	0	12	
Eye Photoreceptor Cell Development (GO:0042462)	1.0	1.0	0.0	0.0	0	13	
Fatty Acid Beta-Oxidation (GO:0006635)	1.0	1.0	0.0	0.0	0	48	
Fatty Acid Homeostasis (GO:0055089)	1.0	1.0	0.0	0.0	0	10	
Ganglioside Metabolic Process (GO:0001573)	1.0	1.0	0.0	0.0	0	19	
Glial Cell Differentiation (GO:0010001)	1.0	1.0	0.0	0.0	0	33	
Gliogenesis (GO:0042063)	1.0	1.0	0.0	0.0	0	24	
Glomerular Epithelial Cell Differentiation (GO:0072311)	1.0	1.0	0.0	0.0	0	4	
Epithelial Cell Development (GO:0002064)	1.0	1.0	0.0	0.0	0	18	
Epithelial Cell Apoptotic Process (GO:1904019)	1.0	1.0	0.0	0.0	0	10	
Epigenetic Regulation Of Gene Expression (GO:0040029)	1.0	1.0	0.0	0.0	0	75	
Epithelial Structure Maintenance (GO:0010669)	1.0	1.0	0.0	0.0	0	19	
Extrinsic Apoptotic Signaling Pathway Via Death Domain Receptors (GO:0008625)	1.0	1.0	0.0	0.0	0	29	
Eye Development (GO:0001654)	1.0	1.0	0.0	0.0	0	58	
Eye Morphogenesis (GO:0048592)	1.0	1.0	0.0	0.0	0	18	
Ganglion Development (GO:0061548)	1.0	1.0	0.0	0.0	0	11	
Gamma-Delta T Cell Activation (GO:0046629)	1.0	1.0	0.0	0.0	0	11	
Gamma-Aminobutyric Acid Transport (GO:0015812)	1.0	1.0	0.0	0.0	0	6	
Gamma-Aminobutyric Acid Signaling Pathway (GO:0007214)	1.0	1.0	0.0	0.0	0	20	
Gamma-Aminobutyric Acid Metabolic Process (GO:0009448)	1.0	1.0	0.0	0.0	0	5	
Galactosylceramide Metabolic Process (GO:0006681)	1.0	1.0	0.0	0.0	0	7	
Fatty Acid Oxidation (GO:0019395)	1.0	1.0	0.0	0.0	0	51	
Ganglioside Biosynthetic Process (GO:0001574)	1.0	1.0	0.0	0.0	0	14	
Galactolipid Biosynthetic Process (GO:0019375)	1.0	1.0	0.0	0.0	0	5	
Fucose Catabolic Process (GO:0019317)	1.0	1.0	0.0	0.0	0	8	
Fructose Transmembrane Transport (GO:0015755)	1.0	1.0	0.0	0.0	0	7	
Fructose 6-Phosphate Metabolic Process (GO:0006002)	1.0	1.0	0.0	0.0	0	9	
Fructose 1,6-Bisphosphate Metabolic Process (GO:0030388)	1.0	1.0	0.0	0.0	0	7	
Free Ubiquitin Chain Polymerization (GO:0010994)	1.0	1.0	0.0	0.0	0	6	
Galactose Metabolic Process (GO:0006012)	1.0	1.0	0.0	0.0	0	6	
Formation Of Translation Preinitiation Complex (GO:0001731)	1.0	1.0	0.0	0.0	0	6	
Ganglioside Catabolic Process (GO:0006689)	1.0	1.0	0.0	0.0	0	6	
Gap Junction Assembly (GO:0016264)	1.0	1.0	0.0	0.0	0	6	
Glucan Catabolic Process (GO:0009251)	1.0	1.0	0.0	0.0	0	5	
Glucan Biosynthetic Process (GO:0009250)	1.0	1.0	0.0	0.0	0	9	
Glomerulus Vasculature Development (GO:0072012)	1.0	1.0	0.0	0.0	0	4	
Galactosylceramide Biosynthetic Process (GO:0006682)	1.0	1.0	0.0	0.0	0	5	
Regulation Of Feeding Behavior (GO:0060259)	1.0	1.0	0.0	0.0	0	13	
Fatty Acid Transmembrane Transport (GO:1902001)	1.0	1.0	0.0	0.0	0	12	
Forebrain Neuron Development (GO:0021884)	1.0	1.0	0.0	0.0	0	6	
Cytochrome Complex Assembly (GO:0017004)	1.0	1.0	0.0	0.0	0	7	
Dehydroascorbic Acid Transport (GO:0070837)	1.0	1.0	0.0	0.0	0	8	
Dendrite Arborization (GO:0140059)	1.0	1.0	0.0	0.0	0	6	
Detection Of Calcium Ion (GO:0005513)	1.0	1.0	0.0	0.0	0	12	
Detection Of Bacterium (GO:0016045)	1.0	1.0	0.0	0.0	0	12	
Desmosome Organization (GO:0002934)	1.0	1.0	0.0	0.0	0	6	
Dermatan Sulfate Proteoglycan Metabolic Process (GO:0050655)	1.0	1.0	0.0	0.0	0	5	
Dermatan Sulfate Proteoglycan Biosynthetic Process (GO:0050651)	1.0	1.0	0.0	0.0	0	7	
Dermatan Sulfate Metabolic Process (GO:0030205)	1.0	1.0	0.0	0.0	0	5	
Delamination (GO:0060232)	1.0	1.0	0.0	0.0	0	6	
Depyrimidination (GO:0045008)	1.0	1.0	0.0	0.0	0	7	
Dendritic Spine Morphogenesis (GO:0060997)	1.0	1.0	0.0	0.0	0	15	
Dendritic Cell Migration (GO:0036336)	1.0	1.0	0.0	0.0	0	18	
Dendritic Cell Chemotaxis (GO:0002407)	1.0	1.0	0.0	0.0	0	15	
Dendrite Self-Avoidance (GO:0070593)	1.0	1.0	0.0	0.0	0	12	
Dendrite Morphogenesis (GO:0048813)	1.0	1.0	0.0	0.0	0	35	
Dendrite Extension (GO:0097484)	1.0	1.0	0.0	0.0	0	5	
Dense Core Granule Cytoskeletal Transport (GO:0099519)	1.0	1.0	0.0	0.0	0	6	
Detection Of Chemical Stimulus Involved In Sensory Perception (GO:0050907)	1.0	1.0	0.0	0.0	0	137	
Cytidine To Uridine Editing (GO:0016554)	1.0	1.0	0.0	0.0	0	11	
Cyclic Nucleotide Transport (GO:0070729)	1.0	1.0	0.0	0.0	0	7	
Collecting Duct Development (GO:0072044)	1.0	1.0	0.0	0.0	0	7	
Collagen-Activated Signaling Pathway (GO:0038065)	1.0	1.0	0.0	0.0	0	8	
Collagen Fibril Organization (GO:0030199)	1.0	1.0	0.0	0.0	0	40	
Coenzyme A Metabolic Process (GO:0015936)	1.0	1.0	0.0	0.0	0	15	
Coenzyme A Biosynthetic Process (GO:0015937)	1.0	1.0	0.0	0.0	0	10	
Cochlea Morphogenesis (GO:0090103)	1.0	1.0	0.0	0.0	0	11	
Cytoplasmic Translational Initiation (GO:0002183)	1.0	1.0	0.0	0.0	0	28	
Cytolysis By Host Of Symbiont Cells (GO:0051838)	1.0	1.0	0.0	0.0	0	6	
Cytoplasmic Microtubule Organization (GO:0031122)	1.0	1.0	0.0	0.0	0	47	
Cytoplasmic Sequestering Of NF-kappaB (GO:0007253)	1.0	1.0	0.0	0.0	0	7	
Folic Acid-Containing Compound Metabolic Process (GO:0006760)	1.0	1.0	0.0	0.0	0	14	
Folic Acid Transport (GO:0015884)	1.0	1.0	0.0	0.0	0	7	
Folic Acid Metabolic Process (GO:0046655)	1.0	1.0	0.0	0.0	0	11	
Foam Cell Differentiation (GO:0090077)	1.0	1.0	0.0	0.0	0	7	
Fluid Transport (GO:0042044)	1.0	1.0	0.0	0.0	0	18	
Fibroblast Growth Factor Receptor Signaling Pathway (GO:0008543)	1.0	1.0	0.0	0.0	0	39	
Fibrinolysis (GO:0042730)	1.0	1.0	0.0	0.0	0	12	
Female Gonad Development (GO:0008585)	1.0	1.0	0.0	0.0	0	5	
Female Gamete Generation (GO:0007292)	1.0	1.0	0.0	0.0	0	27	
fatty-acyl-CoA Metabolic Process (GO:0035337)	1.0	1.0	0.0	0.0	0	17	
fatty-acyl-CoA Catabolic Process (GO:0036115)	1.0	1.0	0.0	0.0	0	5	
fatty-acyl-CoA Biosynthetic Process (GO:0046949)	1.0	1.0	0.0	0.0	0	22	
Fatty Acid Transport (GO:0015908)	1.0	1.0	0.0	0.0	0	38	
Forebrain Neuron Differentiation (GO:0021879)	1.0	1.0	0.0	0.0	0	5	
Endosomal Vesicle Fusion (GO:0034058)	1.0	1.0	0.0	0.0	0	10	
Endoplasmic Reticulum Tubular Network Organization (GO:0071786)	1.0	1.0	0.0	0.0	0	14	
Endoplasmic Reticulum Membrane Organization (GO:0090158)	1.0	1.0	0.0	0.0	0	10	
Defense Response To Virus (GO:0051607)	1.0	1.0	0.0	0.0	0	180	
Defense Response To Tumor Cell (GO:0002357)	1.0	1.0	0.0	0.0	0	12	
Defense Response To Symbiont (GO:0140546)	1.0	1.0	0.0	0.0	0	141	
Defense Response To Fungus (GO:0050832)	1.0	1.0	0.0	0.0	0	28	
Defense Response To Gram-positive Bacterium (GO:0050830)	1.0	1.0	0.0	0.0	0	79	
Deadenylation-Dependent Decapping Of Nuclear-Transcribed mRNA (GO:0000290)	1.0	1.0	0.0	0.0	0	7	
Definitive Hemopoiesis (GO:0060216)	1.0	1.0	0.0	0.0	0	6	
Cytosolic Pattern Recognition Receptor Signaling Pathway (GO:0002753)	1.0	1.0	0.0	0.0	0	19	
Cytoplasmic Translation (GO:0002181)	1.0	1.0	0.0	0.0	0	91	
Cytoplasmic Sequestering Of Transcription Factor (GO:0042994)	1.0	1.0	0.0	0.0	0	13	
Cytoplasmic Sequestering Of Protein (GO:0051220)	1.0	1.0	0.0	0.0	0	13	
Glucan Metabolic Process (GO:0044042)	1.0	1.0	0.0	0.0	0	8	
Regulation Of Secretion (GO:0051046)	1.0	1.0	0.0	0.0	0	16	
Retinoic Acid Receptor Signaling Pathway (GO:0048384)	1.0	1.0	0.0	0.0	0	11	
Regulation Of Epidermal Growth Factor-Activated Receptor Activity (GO:0007176)	1.0	1.0	0.0	0.0	0	26	
Regulation Of Voltage-Gated Calcium Channel Activity (GO:1901385)	1.0	1.0	0.0	0.0	0	28	
Regulation Of Renal Sodium Excretion (GO:0035813)	1.0	1.0	0.0	0.0	0	4	
Regulation Of Vitamin D Receptor Signaling Pathway (GO:0070562)	1.0	1.0	0.0	0.0	0	6	
Regulation Of Respiratory Burst (GO:0060263)	1.0	1.0	0.0	0.0	0	9	
Regulation Of Respiratory Gaseous Exchange (GO:0043576)	1.0	1.0	0.0	0.0	0	6	
Regulation Of Respiratory System Process (GO:0044065)	1.0	1.0	0.0	0.0	0	6	
Regulation Of Response To Cytokine Stimulus (GO:0060759)	1.0	1.0	0.0	0.0	0	13	
Regulation Of Response To Endoplasmic Reticulum Stress (GO:1905897)	1.0	1.0	0.0	0.0	0	12	
Regulation Of Vitamin D Biosynthetic Process (GO:0060556)	1.0	1.0	0.0	0.0	0	5	
Regulation Of Response To Oxidative Stress (GO:1902882)	1.0	1.0	0.0	0.0	0	8	
Regulation Of Relaxation Of Muscle (GO:1901077)	1.0	1.0	0.0	0.0	0	5	
Regulation Of Protein-Containing Complex Disassembly (GO:0043244)	1.0	1.0	0.0	0.0	0	17	
Regulation Of Protein-Containing Complex Assembly (GO:0043254)	1.0	1.0	0.0	0.0	0	108	
Release Of Sequestered Calcium Ion Into Cytosol By Endoplasmic Reticulum (GO:1903514)	1.0	1.0	0.0	0.0	0	7	
Respiratory Chain Complex IV Assembly (GO:0008535)	1.0	1.0	0.0	0.0	0	22	
Respiratory Chain Complex III Assembly (GO:0017062)	1.0	1.0	0.0	0.0	0	6	
Resolution Of Recombination Intermediates (GO:0071139)	1.0	1.0	0.0	0.0	0	5	
Resolution Of Meiotic Recombination Intermediates (GO:0000712)	1.0	1.0	0.0	0.0	0	11	
Regulation Of Protein Localization To Centrosome (GO:1904779)	1.0	1.0	0.0	0.0	0	9	
Regulation Of Protein Localization To Chromatin (GO:1905634)	1.0	1.0	0.0	0.0	0	8	
Rescue Of Stalled Ribosome (GO:0072344)	1.0	1.0	0.0	0.0	0	16	
Regulation Of Protein Localization To Cilium (GO:1903564)	1.0	1.0	0.0	0.0	0	6	
Regulation Of Protein Localization To Early Endosome (GO:1902965)	1.0	1.0	0.0	0.0	0	8	
Regulation Of Protein Localization To Nucleolus (GO:1904749)	1.0	1.0	0.0	0.0	0	7	
Reproductive System Development (GO:0061458)	1.0	1.0	0.0	0.0	0	5	
Replication Fork Processing (GO:0031297)	1.0	1.0	0.0	0.0	0	42	
Regulation Of Protein Modification By Small Protein Conjugation Or Removal (GO:1903320)	1.0	1.0	0.0	0.0	0	27	
Regulation Of Voltage-Gated Sodium Channel Activity (GO:1905150)	1.0	1.0	0.0	0.0	0	5	
Renal Water Homeostasis (GO:0003091)	1.0	1.0	0.0	0.0	0	14	
Regulation Of Release Of Cytochrome C From Mitochondria (GO:0090199)	1.0	1.0	0.0	0.0	0	39	
Release Of Sequestered Calcium Ion Into Cytosol (GO:0051209)	1.0	1.0	0.0	0.0	0	38	
Regulation Of Phosphoprotein Phosphatase Activity (GO:0043666)	1.0	1.0	0.0	0.0	0	34	
Regulation Of Pinocytosis (GO:0048548)	1.0	1.0	0.0	0.0	0	8	
Response To Amino Acid (GO:0043200)	1.0	1.0	0.0	0.0	0	26	
Regulation Of Plasma Membrane Repair (GO:1905684)	1.0	1.0	0.0	0.0	0	5	
Regulation Of Plasminogen Activation (GO:0010755)	1.0	1.0	0.0	0.0	0	15	
Regulation Of Platelet Aggregation (GO:0090330)	1.0	1.0	0.0	0.0	0	25	
Regulation Of Platelet-Derived Growth Factor Receptor Signaling Pathway (GO:0010640)	1.0	1.0	0.0	0.0	0	12	
Regulation Of Podosome Assembly (GO:0071801)	1.0	1.0	0.0	0.0	0	8	
Regulation Of Positive Chemotaxis (GO:0050926)	1.0	1.0	0.0	0.0	0	7	
Regulation Of Post-Transcriptional Gene Silencing By RNA (GO:1900368)	1.0	1.0	0.0	0.0	0	5	
Response To Alkaloid (GO:0043279)	1.0	1.0	0.0	0.0	0	6	
Regulation Of Protein Localization (GO:0032880)	1.0	1.0	0.0	0.0	0	95	
Regulation Of Humoral Immune Response (GO:0002920)	1.0	1.0	0.0	0.0	0	13	
Regulation Of Protein Localization To Cajal Body (GO:1904869)	1.0	1.0	0.0	0.0	0	10	
Regulation Of Protein Localization To Cell Cortex (GO:1904776)	1.0	1.0	0.0	0.0	0	7	
Regulation Of Proteolysis Involved In Protein Catabolic Process (GO:1903050)	1.0	1.0	0.0	0.0	0	21	
Regulation Of Pseudopodium Assembly (GO:0031272)	1.0	1.0	0.0	0.0	0	9	
Regulation Of Pyruvate Dehydrogenase Activity (GO:1904182)	1.0	1.0	0.0	0.0	0	6	
Regulation Of rRNA Processing (GO:2000232)	1.0	1.0	0.0	0.0	0	15	
Regulation Of Reactive Oxygen Species Biosynthetic Process (GO:1903426)	1.0	1.0	0.0	0.0	0	23	
Regulation Of Reactive Oxygen Species Metabolic Process (GO:2000377)	1.0	1.0	0.0	0.0	0	53	
Regulation Of Receptor Binding (GO:1900120)	1.0	1.0	0.0	0.0	0	9	
Release Of Cytochrome C From Mitochondria (GO:0001836)	1.0	1.0	0.0	0.0	0	19	
Regulation Of Receptor Signaling Pathway Via JAK-STAT (GO:0046425)	1.0	1.0	0.0	0.0	0	53	
Regulation Of Receptor Signaling Pathway Via STAT (GO:1904892)	1.0	1.0	0.0	0.0	0	17	
Regulation Of Receptor-Mediated Endocytosis (GO:0048259)	1.0	1.0	0.0	0.0	0	39	
Regulation Of Regulatory T Cell Differentiation (GO:0045589)	1.0	1.0	0.0	0.0	0	21	
Regulatory ncRNA Processing (GO:0070918)	1.0	1.0	0.0	0.0	0	34	
Regulation Of Protein Modification Process (GO:0031399)	1.0	1.0	0.0	0.0	0	42	
Regulation Of Protein Neddylation (GO:2000434)	1.0	1.0	0.0	0.0	0	17	
Regulation Of Protein Polymerization (GO:0032271)	1.0	1.0	0.0	0.0	0	32	
Regulation Of Apoptotic DNA Fragmentation (GO:1902510)	1.0	1.0	0.0	0.0	0	5	
Regulation Of Apoptotic Cell Clearance (GO:2000425)	1.0	1.0	0.0	0.0	0	7	
Skeletal Muscle Fiber Development (GO:0048741)	1.0	1.0	0.0	0.0	0	9	
Regulation Of Apoptotic Signaling Pathway (GO:2001233)	1.0	1.0	0.0	0.0	0	44	
Regulation Of Aspartic-Type Endopeptidase Activity Involved In Amyloid Precursor Protein Catabolic Process (GO:1902959)	1.0	1.0	0.0	0.0	0	8	
Skeletal Muscle Contraction (GO:0003009)	1.0	1.0	0.0	0.0	0	18	
Regulation Of Atrial Cardiac Muscle Cell Membrane Depolarization (GO:0060371)	1.0	1.0	0.0	0.0	0	6	
Skeletal Muscle Cell Differentiation (GO:0035914)	1.0	1.0	0.0	0.0	0	6	
Skeletal Muscle Tissue Regeneration (GO:0043403)	1.0	1.0	0.0	0.0	0	6	
Regulation Of Atrial Cardiac Muscle Cell Membrane Repolarization (GO:0060372)	1.0	1.0	0.0	0.0	0	5	
Regulation Of Acute Inflammatory Response (GO:0002673)	1.0	1.0	0.0	0.0	0	19	
Skin Morphogenesis (GO:0043589)	1.0	1.0	0.0	0.0	0	8	
Regulation Of T-helper 2 Cell Differentiation (GO:0045628)	1.0	1.0	0.0	0.0	0	7	
Regulation Of T-helper Cell Differentiation (GO:0045622)	1.0	1.0	0.0	0.0	0	5	
Regulation Of TORC1 Signaling (GO:1903432)	1.0	1.0	0.0	0.0	0	41	
Regulation Of TORC2 Signaling (GO:1903939)	1.0	1.0	0.0	0.0	0	6	
snRNA 3'-End Processing (GO:0034472)	1.0	1.0	0.0	0.0	0	19	
Smoothened Signaling Pathway (GO:0007224)	1.0	1.0	0.0	0.0	0	32	
Regulation Of Wnt Signaling Pathway, Planar Cell Polarity Pathway (GO:2000095)	1.0	1.0	0.0	0.0	0	8	
Regulation Of Acrosome Reaction (GO:0060046)	1.0	1.0	0.0	0.0	0	12	
Regulation Of Actin Cytoskeleton Organization (GO:0032956)	1.0	1.0	0.0	0.0	0	86	
Regulation Of Actin Cytoskeleton Reorganization (GO:2000249)	1.0	1.0	0.0	0.0	0	22	
Regulation Of Actin Filament Bundle Assembly (GO:0032231)	1.0	1.0	0.0	0.0	0	25	
Regulation Of Actin Filament Depolymerization (GO:0030834)	1.0	1.0	0.0	0.0	0	11	
Regulation Of Actomyosin Structure Organization (GO:0110020)	1.0	1.0	0.0	0.0	0	12	
Regulation Of Actin Filament Length (GO:0030832)	1.0	1.0	0.0	0.0	0	8	
Smooth Muscle Tissue Development (GO:0048745)	1.0	1.0	0.0	0.0	0	9	
Skeletal Muscle Thin Filament Assembly (GO:0030240)	1.0	1.0	0.0	0.0	0	6	
Regulation Of Antigen Receptor-Mediated Signaling Pathway (GO:0050854)	1.0	1.0	0.0	0.0	0	6	
Regulation Of Anion Channel Activity (GO:0010359)	1.0	1.0	0.0	0.0	0	3	
Regulation Of Animal Organ Morphogenesis (GO:2000027)	1.0	1.0	0.0	0.0	0	9	
Regulation Of Protein Processing (GO:0070613)	1.0	1.0	0.0	0.0	0	24	
Renal Filtration Cell Differentiation (GO:0061318)	1.0	1.0	0.0	0.0	0	4	
Renal Absorption (GO:0070293)	1.0	1.0	0.0	0.0	0	18	
Removal Of Superoxide Radicals (GO:0019430)	1.0	1.0	0.0	0.0	0	10	
Regulation Of Protein Serine/Threonine Kinase Activity (GO:0071900)	1.0	1.0	0.0	0.0	0	110	
Regulation Of Protein Sumoylation (GO:0033233)	1.0	1.0	0.0	0.0	0	17	
Regulation Of Protein Targeting (GO:1903533)	1.0	1.0	0.0	0.0	0	4	
Release Of Sequestered Calcium Ion Into Cytosol By Sarcoplasmic Reticulum (GO:0014808)	1.0	1.0	0.0	0.0	0	6	
Regulation Of Protein Transport (GO:0051223)	1.0	1.0	0.0	0.0	0	27	
Regulation Of Protein Tyrosine Kinase Activity (GO:0061097)	1.0	1.0	0.0	0.0	0	39	
Respiratory Electron Transport Chain (GO:0022904)	1.0	1.0	0.0	0.0	0	12	
Stem Cell Development (GO:0048864)	1.0	1.0	0.0	0.0	0	15	
Regulation Of Hormone Secretion (GO:0046883)	1.0	1.0	0.0	0.0	0	15	
Regulation Of Phospholipid Transport (GO:2001138)	1.0	1.0	0.0	0.0	0	6	
Regulation Of Homotypic Cell-Cell Adhesion (GO:0034110)	1.0	1.0	0.0	0.0	0	11	
Skeletal System Morphogenesis (GO:0048705)	1.0	1.0	0.0	0.0	0	40	
Regulation Of Adiponectin Secretion (GO:0070163)	1.0	1.0	0.0	0.0	0	6	
Regulation Of Adipose Tissue Development (GO:1904177)	1.0	1.0	0.0	0.0	0	10	
Regulation Of Aerobic Respiration (GO:1903715)	1.0	1.0	0.0	0.0	0	15	
Regulation Of Alcohol Biosynthetic Process (GO:1902930)	1.0	1.0	0.0	0.0	0	11	
Regulation Of Aldosterone Biosynthetic Process (GO:0032347)	1.0	1.0	0.0	0.0	0	6	
Regulation Of Alpha-Beta T Cell Differentiation (GO:0046637)	1.0	1.0	0.0	0.0	0	7	
Regulation Of Alpha-Beta T Cell Proliferation (GO:0046640)	1.0	1.0	0.0	0.0	0	7	
Regulation Of Alternative mRNA Splicing, Via Spliceosome (GO:0000381)	1.0	1.0	0.0	0.0	0	53	
Regulation Of Amyloid Precursor Protein Catabolic Process (GO:1902991)	1.0	1.0	0.0	0.0	0	11	
Skeletal Myofibril Assembly (GO:0014866)	1.0	1.0	0.0	0.0	0	8	
Regulation Of Adaptive Immune Response (GO:0002819)	1.0	1.0	0.0	0.0	0	18	
Regulation Of Androgen Receptor Signaling Pathway (GO:0060765)	1.0	1.0	0.0	0.0	0	26	
Regulation Of Adenylate Cyclase Activity (GO:0045761)	1.0	1.0	0.0	0.0	0	17	
Smooth Muscle Contraction (GO:0006939)	1.0	1.0	0.0	0.0	0	14	
Regulation Of Phospholipid Metabolic Process (GO:1903725)	1.0	1.0	0.0	0.0	0	9	
Regulation Of Phospholipase C Activity (GO:1900274)	1.0	1.0	0.0	0.0	0	11	
Regulation Of Transmembrane Receptor Protein Serine/Threonine Kinase Signaling Pathway (GO:0090092)	1.0	1.0	0.0	0.0	0	30	
Regulation Of Transmission Of Nerve Impulse (GO:0051969)	1.0	1.0	0.0	0.0	0	5	
Regulation Of Type I Interferon Production (GO:0032479)	1.0	1.0	0.0	0.0	0	54	
Regulation Of Type B Pancreatic Cell Proliferation (GO:0061469)	1.0	1.0	0.0	0.0	0	5	
Regulation Of Transport (GO:0051049)	1.0	1.0	0.0	0.0	0	41	
Regulation Of Transposition (GO:0010528)	1.0	1.0	0.0	0.0	0	14	
Regulation Of Type B Pancreatic Cell Development (GO:2000074)	1.0	1.0	0.0	0.0	0	7	
Regulation Of Triglyceride Catabolic Process (GO:0010896)	1.0	1.0	0.0	0.0	0	10	
Regulation Of Triglyceride Metabolic Process (GO:0090207)	1.0	1.0	0.0	0.0	0	7	
Regulation Of Trophoblast Cell Migration (GO:1901163)	1.0	1.0	0.0	0.0	0	12	
Regulation Of Tube Diameter (GO:0035296)	1.0	1.0	0.0	0.0	0	12	
Regulation Of Tubulin Deacetylation (GO:0090043)	1.0	1.0	0.0	0.0	0	15	
Regulation Of Tumor Necrosis Factor Superfamily Cytokine Production (GO:1903555)	1.0	1.0	0.0	0.0	0	8	
Regulation Of Transmembrane Transporter Activity (GO:0022898)	1.0	1.0	0.0	0.0	0	8	
Regulation Of Transcription By RNA Polymerase III (GO:0006359)	1.0	1.0	0.0	0.0	0	24	
Regulation Of Transcription By RNA Polymerase I (GO:0006356)	1.0	1.0	0.0	0.0	0	32	
Regulation Of Type II Interferon-Mediated Signaling Pathway (GO:0060334)	1.0	1.0	0.0	0.0	0	11	
Regulation Of Systemic Arterial Blood Pressure (GO:0003073)	1.0	1.0	0.0	0.0	0	14	
Regulation Of Systemic Arterial Blood Pressure By Hormone (GO:0001990)	1.0	1.0	0.0	0.0	0	15	
Regulation Of Systemic Arterial Blood Pressure By Renin-Angiotensin (GO:0003081)	1.0	1.0	0.0	0.0	0	6	
Regulation Of T-Circle Formation (GO:1904429)	1.0	1.0	0.0	0.0	0	5	
Regulation Of Tau-Protein Kinase Activity (GO:1902947)	1.0	1.0	0.0	0.0	0	9	
Regulation Of Telomerase RNA Localization To Cajal Body (GO:1904872)	1.0	1.0	0.0	0.0	0	17	
Regulation Of Vascular Associated Smooth Muscle Cell Apoptotic Process (GO:1905459)	1.0	1.0	0.0	0.0	0	6	
Regulation Of Telomerase Activity (GO:0051972)	1.0	1.0	0.0	0.0	0	45	
Regulation Of Telomere Capping (GO:1904353)	1.0	1.0	0.0	0.0	0	22	
Regulation Of Telomere Maintenance (GO:0032204)	1.0	1.0	0.0	0.0	0	34	
Regulation Of Transcription From RNA Polymerase II Promoter In Response To Hypoxia (GO:0061418)	1.0	1.0	0.0	0.0	0	7	
Regulation Of Telomere Maintenance In Response To DNA Damage (GO:1904505)	1.0	1.0	0.0	0.0	0	15	
Regulation Of Translational Termination (GO:0006449)	1.0	1.0	0.0	0.0	0	5	
Regulation Of Transforming Growth Factor Beta2 Production (GO:0032909)	1.0	1.0	0.0	0.0	0	6	
Regulation Of Smooth Muscle Cell Migration (GO:0014910)	1.0	1.0	0.0	0.0	0	18	
Regulation Of Sensory Perception Of Pain (GO:0051930)	1.0	1.0	0.0	0.0	0	10	
Regulation Of Serine-Type Endopeptidase Activity (GO:1900003)	1.0	1.0	0.0	0.0	0	5	
Regulation Of Short-Term Neuronal Synaptic Plasticity (GO:0048172)	1.0	1.0	0.0	0.0	0	13	
Regulation Of Signal Transduction By P53 Class Mediator (GO:1901796)	1.0	1.0	0.0	0.0	0	42	
Regulation Of Single Stranded Viral RNA Replication Via Double Stranded DNA Intermediate (GO:0045091)	1.0	1.0	0.0	0.0	0	14	
Regulation Of Sister Chromatid Cohesion (GO:0007063)	1.0	1.0	0.0	0.0	0	7	
Regulation Of Skeletal Muscle Cell Differentiation (GO:2001014)	1.0	1.0	0.0	0.0	0	8	
Regulation Of Skeletal Muscle Contraction (GO:0014819)	1.0	1.0	0.0	0.0	0	6	
Regulation Of Skeletal Muscle Fiber Development (GO:0048742)	1.0	1.0	0.0	0.0	0	6	
Regulation Of Skeletal Muscle Satellite Cell Proliferation (GO:0014842)	1.0	1.0	0.0	0.0	0	6	
Regulation Of Viral Entry Into Host Cell (GO:0046596)	1.0	1.0	0.0	0.0	0	43	
Regulation Of Small Molecule Metabolic Process (GO:0062012)	1.0	1.0	0.0	0.0	0	39	
Regulation Of Smooth Muscle Cell Apoptotic Process (GO:0034391)	1.0	1.0	0.0	0.0	0	9	
Regulation Of Sequestering Of Calcium Ion (GO:0051282)	1.0	1.0	0.0	0.0	0	8	
Regulation Of Synaptic Transmission, Glutamatergic (GO:0051966)	1.0	1.0	0.0	0.0	0	54	
Regulation Of Synaptic Vesicle Exocytosis (GO:2000300)	1.0	1.0	0.0	0.0	0	16	
Regulation Of System Process (GO:0044057)	1.0	1.0	0.0	0.0	0	5	
Regulation Of Transcription From RNA Polymerase II Promoter In Response To Stress (GO:0043618)	1.0	1.0	0.0	0.0	0	12	
Regulation Of Transcription Initiation By RNA Polymerase II (GO:0060260)	1.0	1.0	0.0	0.0	0	57	
Regulation Of Transcription Involved In G1/S Transition Of Mitotic Cell Cycle (GO:0000083)	1.0	1.0	0.0	0.0	0	18	
Regulation Of Transcription Of Nucleolar Large rRNA By RNA Polymerase I (GO:1901836)	1.0	1.0	0.0	0.0	0	9	
Regulation Of Transcription Regulatory Region DNA Binding (GO:2000677)	1.0	1.0	0.0	0.0	0	25	
Regulation Of Type I Interferon-Mediated Signaling Pathway (GO:0060338)	1.0	1.0	0.0	0.0	0	32	
Regulation Of Transforming Growth Factor Beta Activation (GO:1901388)	1.0	1.0	0.0	0.0	0	7	
Regulation Of Transforming Growth Factor Beta Production (GO:0071634)	1.0	1.0	0.0	0.0	0	16	
Regulation Of Transforming Growth Factor Beta1 Production (GO:0032908)	1.0	1.0	0.0	0.0	0	6	
Regulation Of Translation In Response To Endoplasmic Reticulum Stress (GO:0036490)	1.0	1.0	0.0	0.0	0	5	
Regulation Of Vacuole Organization (GO:0044088)	1.0	1.0	0.0	0.0	0	15	
Regulation Of Urine Volume (GO:0035809)	1.0	1.0	0.0	0.0	0	8	
Regulation Of Ubiquitin-Protein Transferase Activity (GO:0051438)	1.0	1.0	0.0	0.0	0	32	
Respiratory Tube Development (GO:0030323)	1.0	1.0	0.0	0.0	0	27	
Regulation Of Protein Dephosphorylation (GO:0035304)	1.0	1.0	0.0	0.0	0	36	
Regulation Of Protein Depolymerization (GO:1901879)	1.0	1.0	0.0	0.0	0	5	
Regulation Of Protein Deubiquitination (GO:0090085)	1.0	1.0	0.0	0.0	0	5	
Regulation Of Protein Exit From Endoplasmic Reticulum (GO:0070861)	1.0	1.0	0.0	0.0	0	11	
Regulation Of Protein Export From Nucleus (GO:0046825)	1.0	1.0	0.0	0.0	0	22	
Respiratory System Development (GO:0060541)	1.0	1.0	0.0	0.0	0	32	
Regulation Of Protein Glycosylation (GO:0060049)	1.0	1.0	0.0	0.0	0	7	
Regulation Of Protein Kinase A Signaling (GO:0010738)	1.0	1.0	0.0	0.0	0	15	
Regulation Of Protein Kinase C Signaling (GO:0090036)	1.0	1.0	0.0	0.0	0	16	
Regulation Of Protein Lipidation (GO:1903059)	1.0	1.0	0.0	0.0	0	8	
Response To ATP (GO:0033198)	1.0	1.0	0.0	0.0	0	20	
Regulation Of Potassium Ion Export Across Plasma Membrane (GO:1903764)	1.0	1.0	0.0	0.0	0	5	
Regulation Of Postsynaptic Neurotransmitter Receptor Activity (GO:0098962)	1.0	1.0	0.0	0.0	0	9	
Regulation Of Postsynaptic Membrane Potential (GO:0060078)	1.0	1.0	0.0	0.0	0	32	
Regulation Of Pentose-Phosphate Shunt (GO:0043456)	1.0	1.0	0.0	0.0	0	4	
Regulation Of Peptidase Activity (GO:0052547)	1.0	1.0	0.0	0.0	0	25	
Regulation Of Peptide Hormone Secretion (GO:0090276)	1.0	1.0	0.0	0.0	0	50	
Regulation Of Peptidyl-Cysteine S-nitrosylation (GO:2000169)	1.0	1.0	0.0	0.0	0	5	
Regulation Of Peptidyl-Lysine Acetylation (GO:2000756)	1.0	1.0	0.0	0.0	0	10	
Regulation Of Peptidyl-Serine Phosphorylation Of STAT Protein (GO:0033139)	1.0	1.0	0.0	0.0	0	18	
Response To Angiotensin (GO:1990776)	1.0	1.0	0.0	0.0	0	5	
Response To Amino Acid Starvation (GO:1990928)	1.0	1.0	0.0	0.0	0	37	
Regulation Of Phosphatase Activity (GO:0010921)	1.0	1.0	0.0	0.0	0	17	
Regulation Of Phosphate Metabolic Process (GO:0019220)	1.0	1.0	0.0	0.0	0	12	
Regulation Of Phosphatidylinositol 3-Kinase Activity (GO:0043551)	1.0	1.0	0.0	0.0	0	32	
Regulation Of Phospholipase A2 Activity (GO:0032429)	1.0	1.0	0.0	0.0	0	7	
Regulation Of Protein Deacetylation (GO:0090311)	1.0	1.0	0.0	0.0	0	16	
Response To DNA Damage Checkpoint Signaling (GO:0072423)	1.0	1.0	0.0	0.0	0	4	
Response To Alcohol (GO:0097305)	1.0	1.0	0.0	0.0	0	29	
Regulation Of Protein Autoubiquitination (GO:1902498)	1.0	1.0	0.0	0.0	0	4	
Regulation Of Telomere Maintenance Via Telomerase (GO:0032210)	1.0	1.0	0.0	0.0	0	50	
Regulation Of Telomere Maintenance Via Telomere Lengthening (GO:1904356)	1.0	1.0	0.0	0.0	0	17	
Regulation Of Tetrapyrrole Biosynthetic Process (GO:1901463)	1.0	1.0	0.0	0.0	0	3	
Regulation Of Thymocyte Apoptotic Process (GO:0070243)	1.0	1.0	0.0	0.0	0	5	
Regulation Of Tissue Remodeling (GO:0034103)	1.0	1.0	0.0	0.0	0	19	
Regulation Of Ubiquitin-Dependent Protein Catabolic Process (GO:2000058)	1.0	1.0	0.0	0.0	0	42	
Regulation Of Toll-Like Receptor 3 Signaling Pathway (GO:0034139)	1.0	1.0	0.0	0.0	0	8	
Regulation Of Ubiquitin Protein Ligase Activity (GO:1904666)	1.0	1.0	0.0	0.0	0	17	
Regulation Of Toll-Like Receptor 7 Signaling Pathway (GO:0034155)	1.0	1.0	0.0	0.0	0	5	
Regulation Of Toll-Like Receptor 9 Signaling Pathway (GO:0034163)	1.0	1.0	0.0	0.0	0	9	
Regulation Of Tyrosine Phosphorylation Of STAT Protein (GO:0042509)	1.0	1.0	0.0	0.0	0	65	
Regulation Of Toll-Like Receptor Signaling Pathway (GO:0034121)	1.0	1.0	0.0	0.0	0	19	
Regulation Of Tooth Mineralization (GO:0070170)	1.0	1.0	0.0	0.0	0	5	
Regulation Of Phospholipase Activity (GO:0010517)	1.0	1.0	0.0	0.0	0	10	
Regulation Of Retinoic Acid Receptor Signaling Pathway (GO:0048385)	1.0	1.0	0.0	0.0	0	12	
Regulation Of Response To Wounding (GO:1903034)	1.0	1.0	0.0	0.0	0	7	
Regulation Of Response To Stress (GO:0080134)	1.0	1.0	0.0	0.0	0	11	
Regulation Of pre-miRNA Processing (GO:2000631)	1.0	1.0	0.0	0.0	0	5	
Response To UV-C (GO:0010225)	1.0	1.0	0.0	0.0	0	7	
Response To UV-B (GO:0010224)	1.0	1.0	0.0	0.0	0	15	
Response To UV-A (GO:0070141)	1.0	1.0	0.0	0.0	0	13	
Regulation Of pro-B Cell Differentiation (GO:2000973)	1.0	1.0	0.0	0.0	0	5	
Regulation Of Programmed Necrotic Cell Death (GO:0062098)	1.0	1.0	0.0	0.0	0	9	
Regulation Of Prostaglandin Biosynthetic Process (GO:0031392)	1.0	1.0	0.0	0.0	0	6	
Regulation Of Protein ADP-ribosylation (GO:0010835)	1.0	1.0	0.0	0.0	0	4	
Regulation Of Protein K63-linked Ubiquitination (GO:1900044)	1.0	1.0	0.0	0.0	0	11	
Regulation Of Protein Acetylation (GO:1901983)	1.0	1.0	0.0	0.0	0	8	
Regulation Of Protein Autophosphorylation (GO:0031952)	1.0	1.0	0.0	0.0	0	30	
Regulation Of Retinal Ganglion Cell Axon Guidance (GO:0090259)	1.0	1.0	0.0	0.0	0	5	
Regulation Of Tumor Necrosis Factor-Mediated Signaling Pathway (GO:0010803)	1.0	1.0	0.0	0.0	0	44	
Smooth Muscle Cell Differentiation (GO:0051145)	1.0	1.0	0.0	0.0	0	9	
Regulation Of Actin Filament-Based Process (GO:0032970)	1.0	1.0	0.0	0.0	0	69	
Regulation Of T-helper 1 Type Immune Response (GO:0002825)	1.0	1.0	0.0	0.0	0	7	
snRNA Processing (GO:0016180)	1.0	1.0	0.0	0.0	0	14	
Regulation Of Rac Protein Signal Transduction (GO:0035020)	1.0	1.0	0.0	0.0	0	15	
Regulation Of Rab Protein Signal Transduction (GO:0032483)	1.0	1.0	0.0	0.0	0	6	
Regulation Of RNA Splicing (GO:0043484)	1.0	1.0	0.0	0.0	0	100	
Spermidine Metabolic Process (GO:0008216)	1.0	1.0	0.0	0.0	0	7	
Spermatid Development (GO:0007286)	1.0	1.0	0.0	0.0	0	47	
Regulation Of Golgi Organization (GO:1903358)	1.0	1.0	0.0	0.0	0	14	
Regulation Of Golgi To Plasma Membrane Protein Transport (GO:0042996)	1.0	1.0	0.0	0.0	0	6	
Regulation Of I-kappaB Phosphorylation (GO:1903719)	1.0	1.0	0.0	0.0	0	6	
Regulation Of IRE1-mediated Unfolded Protein Response (GO:1903894)	1.0	1.0	0.0	0.0	0	13	
Regulation Of JNK Cascade (GO:0046328)	1.0	1.0	0.0	0.0	0	107	
Regulation Of JUN Kinase Activity (GO:0043506)	1.0	1.0	0.0	0.0	0	43	
Somite Development (GO:0061053)	1.0	1.0	0.0	0.0	0	8	
Somatic Recombination Of Immunoglobulin Genes Involved In Immune Response (GO:0002204)	1.0	1.0	0.0	0.0	0	8	
Somatic Recombination Of Immunoglobulin Gene Segments (GO:0016447)	1.0	1.0	0.0	0.0	0	8	
Regulation Of MDA-5 Signaling Pathway (GO:0039533)	1.0	1.0	0.0	0.0	0	5	
Regulation Of MHC Class I Biosynthetic Process (GO:0045343)	1.0	1.0	0.0	0.0	0	6	
Somatic Hypermutation Of Immunoglobulin Genes (GO:0016446)	1.0	1.0	0.0	0.0	0	7	
Regulation Of NAD(P)H Oxidase Activity (GO:0033860)	1.0	1.0	0.0	0.0	0	6	
Sodium-Independent Organic Anion Transport (GO:0043252)	1.0	1.0	0.0	0.0	0	13	
Regulation Of NK T Cell Activation (GO:0051133)	1.0	1.0	0.0	0.0	0	5	
Regulation Of NK T Cell Proliferation (GO:0051140)	1.0	1.0	0.0	0.0	0	6	
Regulation Of NMDA Receptor Activity (GO:2000310)	1.0	1.0	0.0	0.0	0	16	
Regulation Of PERK-mediated Unfolded Protein Response (GO:1903897)	1.0	1.0	0.0	0.0	0	9	
Regulation Of RIG-I Signaling Pathway (GO:0039535)	1.0	1.0	0.0	0.0	0	16	
Regulation Of RNA Biosynthetic Process (GO:2001141)	1.0	1.0	0.0	0.0	0	7	
Regulation Of T-helper 1 Cell Differentiation (GO:0045625)	1.0	1.0	0.0	0.0	0	5	
Sodium-Dependent Phosphate Transport (GO:0044341)	1.0	1.0	0.0	0.0	0	7	
Regulation Of T-helper 1 Cell Cytokine Production (GO:2000554)	1.0	1.0	0.0	0.0	0	5	
Regulation Of T Cell Receptor Signaling Pathway (GO:0050856)	1.0	1.0	0.0	0.0	0	32	
Regulation Of CD8-positive, Alpha-Beta T Cell Activation (GO:2001185)	1.0	1.0	0.0	0.0	0	9	
Regulation Of CD8-positive, Alpha-Beta T Cell Differentiation (GO:0043376)	1.0	1.0	0.0	0.0	0	7	
Spindle Assembly Checkpoint Signaling (GO:0071173)	1.0	1.0	0.0	0.0	0	25	
Sphingoid Metabolic Process (GO:0046519)	1.0	1.0	0.0	0.0	0	8	
Regulation Of G0 To G1 Transition (GO:0070316)	1.0	1.0	0.0	0.0	0	32	
Regulation Of G1/S Transition Of Mitotic Cell Cycle (GO:2000045)	1.0	1.0	0.0	0.0	0	105	
snRNA Transcription By RNA Polymerase III (GO:0042796)	1.0	1.0	0.0	0.0	0	5	
Regulation Of SA Node Cell Action Potential (GO:0098907)	1.0	1.0	0.0	0.0	0	6	
Regulation Of SMAD Protein Signal Transduction (GO:0060390)	1.0	1.0	0.0	0.0	0	26	
Regulation Of SNARE Complex Assembly (GO:0035542)	1.0	1.0	0.0	0.0	0	11	
snRNA Transcription By RNA Polymerase II (GO:0042795)	1.0	1.0	0.0	0.0	0	8	
Regulation Of T Cell Activation (GO:0050863)	1.0	1.0	0.0	0.0	0	58	
Regulation Of T Cell Activation Via T Cell Receptor Contact With Antigen Bound To MHC Molecule On Antigen Presenting Cell (GO:2001188)	1.0	1.0	0.0	0.0	0	5	
Regulation Of T Cell Apoptotic Process (GO:0070232)	1.0	1.0	0.0	0.0	0	11	
Regulation Of T Cell Chemotaxis (GO:0010819)	1.0	1.0	0.0	0.0	0	13	
snRNA Transcription (GO:0009301)	1.0	1.0	0.0	0.0	0	10	
Regulation Of T Cell Cytokine Production (GO:0002724)	1.0	1.0	0.0	0.0	0	18	
Regulation Of T Cell Differentiation (GO:0045580)	1.0	1.0	0.0	0.0	0	47	
sno(s)RNA 3'-End Processing (GO:0031126)	1.0	1.0	0.0	0.0	0	10	
Regulation Of T Cell Differentiation In Thymus (GO:0033081)	1.0	1.0	0.0	0.0	0	12	
snRNA Modification (GO:0040031)	1.0	1.0	0.0	0.0	0	5	
snRNA Metabolic Process (GO:0016073)	1.0	1.0	0.0	0.0	0	17	
Regulation Of T Cell Mediated Cytotoxicity (GO:0001914)	1.0	1.0	0.0	0.0	0	35	
Regulation Of T Cell Mediated Immune Response To Tumor Cell (GO:0002840)	1.0	1.0	0.0	0.0	0	5	
Regulation Of T Cell Mediated Immunity (GO:0002709)	1.0	1.0	0.0	0.0	0	11	
Regulation Of T Cell Migration (GO:2000404)	1.0	1.0	0.0	0.0	0	21	
Regulation Of T Cell Proliferation (GO:0042129)	1.0	1.0	0.0	0.0	0	75	
Regulation Of T Cell Tolerance Induction (GO:0002664)	1.0	1.0	0.0	0.0	0	6	
Regulation Of RNA Export From Nucleus (GO:0046831)	1.0	1.0	0.0	0.0	0	11	
Regulation Of RNA Metabolic Process (GO:0051252)	1.0	1.0	0.0	0.0	0	90	
Regulation Of RNA Polymerase II Regulatory Region Sequence-Specific DNA Binding (GO:1903025)	1.0	1.0	0.0	0.0	0	9	
Regulation Of Fatty Acid Oxidation (GO:0046320)	1.0	1.0	0.0	0.0	0	16	
Regulation Of Epithelial Cell Differentiation (GO:0030856)	1.0	1.0	0.0	0.0	0	16	
Regulation Of Epinephrine Secretion (GO:0014060)	1.0	1.0	0.0	0.0	0	5	
Retrograde Protein Transport, ER To Cytosol (GO:0030970)	1.0	1.0	0.0	0.0	0	15	
Retrograde Axonal Transport (GO:0008090)	1.0	1.0	0.0	0.0	0	15	
Retinoid Metabolic Process (GO:0001523)	1.0	1.0	0.0	0.0	0	38	
Regulation Of Double-Strand Break Repair (GO:2000779)	1.0	1.0	0.0	0.0	0	83	
Regulation Of Double-Strand Break Repair Via Homologous Recombination (GO:0010569)	1.0	1.0	0.0	0.0	0	63	
Regulation Of Double-Strand Break Repair Via Nonhomologous End Joining (GO:2001032)	1.0	1.0	0.0	0.0	0	19	
Regulation Of Early Endosome To Late Endosome Transport (GO:2000641)	1.0	1.0	0.0	0.0	0	17	
Regulation Of Embryonic Development (GO:0045995)	1.0	1.0	0.0	0.0	0	57	
Regulation Of Enamel Mineralization (GO:0070173)	1.0	1.0	0.0	0.0	0	4	
Regulation Of Endocytic Recycling (GO:2001135)	1.0	1.0	0.0	0.0	0	10	
Regulation Of Endocytosis (GO:0030100)	1.0	1.0	0.0	0.0	0	65	
Regulation Of Endodeoxyribonuclease Activity (GO:0032071)	1.0	1.0	0.0	0.0	0	7	
Regulation Of Epithelial Cell Apoptotic Process (GO:1904035)	1.0	1.0	0.0	0.0	0	11	
Regulation Of Endoplasmic Reticulum Stress-Induced Intrinsic Apoptotic Signaling Pathway (GO:1902235)	1.0	1.0	0.0	0.0	0	22	
Regulation Of Endoplasmic Reticulum Unfolded Protein Response (GO:1900101)	1.0	1.0	0.0	0.0	0	7	
Regulation Of Endosome Size (GO:0051036)	1.0	1.0	0.0	0.0	0	7	
Retinal Rod Cell Differentiation (GO:0060221)	1.0	1.0	0.0	0.0	0	6	
Regulation Of Endothelial Cell Chemotaxis To Fibroblast Growth Factor (GO:2000544)	1.0	1.0	0.0	0.0	0	6	
Retinal Metabolic Process (GO:0042574)	1.0	1.0	0.0	0.0	0	14	
Regulation Of Endothelial Cell Differentiation (GO:0045601)	1.0	1.0	0.0	0.0	0	8	
Regulation Of Endothelial Cell-Matrix Adhesion Via Fibronectin (GO:1904904)	1.0	1.0	0.0	0.0	0	4	
Regulation Of Entry Of Bacterium Into Host Cell (GO:2000535)	1.0	1.0	0.0	0.0	0	5	
Regulation Of Epidermal Cell Differentiation (GO:0045604)	1.0	1.0	0.0	0.0	0	17	
Regulation Of Epidermal Growth Factor Receptor Signaling Pathway (GO:0042058)	1.0	1.0	0.0	0.0	0	45	
Response To Vitamin (GO:0033273)	1.0	1.0	0.0	0.0	0	8	
Regulation Of Fatty Acid Metabolic Process (GO:0019217)	1.0	1.0	0.0	0.0	0	11	
Regulation Of Fatty Acid Biosynthetic Process (GO:0042304)	1.0	1.0	0.0	0.0	0	26	
Regulation Of Fatty Acid Beta-Oxidation (GO:0031998)	1.0	1.0	0.0	0.0	0	12	
snoRNA Localization (GO:0048254)	1.0	1.0	0.0	0.0	0	5	
Regulation Of T-helper 17 Cell Lineage Commitment (GO:2000328)	1.0	1.0	0.0	0.0	0	5	
Sensory Perception (GO:0007600)	1.0	1.0	0.0	0.0	0	48	
Sensory Organ Morphogenesis (GO:0090596)	1.0	1.0	0.0	0.0	0	8	
Regulation Of Cardiac Muscle Hypertrophy In Response To Stress (GO:1903242)	1.0	1.0	0.0	0.0	0	6	
Regulation Of Epithelial To Mesenchymal Transition Involved In Endocardial Cushion Formation (GO:1905005)	1.0	1.0	0.0	0.0	0	7	
Regulation Of Erythrocyte Differentiation (GO:0045646)	1.0	1.0	0.0	0.0	0	35	
Regulation Of Establishment Of T Cell Polarity (GO:1903903)	1.0	1.0	0.0	0.0	0	4	
Regulation Of Establishment Of Cell Polarity (GO:2000114)	1.0	1.0	0.0	0.0	0	13	
Regulation Of Establishment Of Planar Polarity (GO:0090175)	1.0	1.0	0.0	0.0	0	29	
Reticulophagy (GO:0061709)	1.0	1.0	0.0	0.0	0	13	
Response To Vitamin D (GO:0033280)	1.0	1.0	0.0	0.0	0	8	
Regulation Of Establishment Of Protein Localization To Mitochondrion (GO:1903747)	1.0	1.0	0.0	0.0	0	6	
Spinal Cord Dorsal/Ventral Patterning (GO:0021513)	1.0	1.0	0.0	0.0	0	6	
Regulation Of Establishment Of Protein Localization To Telomere (GO:0070203)	1.0	1.0	0.0	0.0	0	10	
Regulation Of Excitatory Synapse Assembly (GO:1904889)	1.0	1.0	0.0	0.0	0	5	
Regulation Of Execution Phase Of Apoptosis (GO:1900117)	1.0	1.0	0.0	0.0	0	24	
Retinal Ganglion Cell Axon Guidance (GO:0031290)	1.0	1.0	0.0	0.0	0	5	
Regulation Of Exit From Mitosis (GO:0007096)	1.0	1.0	0.0	0.0	0	13	
Regulation Of Exocytosis (GO:0017157)	1.0	1.0	0.0	0.0	0	49	
Regulation Of Exosomal Secretion (GO:1903541)	1.0	1.0	0.0	0.0	0	17	
Response To Type II Interferon (GO:0034341)	1.0	1.0	0.0	0.0	0	78	
Regulation Of Extracellular Exosome Assembly (GO:1903551)	1.0	1.0	0.0	0.0	0	5	
Regulation Of Extracellular Matrix Assembly (GO:1901201)	1.0	1.0	0.0	0.0	0	6	
Regulation Of Extracellular Matrix Disassembly (GO:0010715)	1.0	1.0	0.0	0.0	0	13	
Regulation Of Extracellular Matrix Organization (GO:1903053)	1.0	1.0	0.0	0.0	0	22	
Regulation Of Extrinsic Apoptotic Signaling Pathway Via Death Domain Receptors (GO:1902041)	1.0	1.0	0.0	0.0	0	31	
Response To Type I Interferon (GO:0034340)	1.0	1.0	0.0	0.0	0	8	
Regulation Of Establishment Or Maintenance Of Cell Polarity (GO:0032878)	1.0	1.0	0.0	0.0	0	14	
Regulation Of CD4-positive, Alpha-Beta T Cell Proliferation (GO:2000561)	1.0	1.0	0.0	0.0	0	8	
Regulation Of CD4-positive, Alpha-Beta T Cell Differentiation (GO:0043370)	1.0	1.0	0.0	0.0	0	11	
Regulation Of BMP Signaling Pathway (GO:0030510)	1.0	1.0	0.0	0.0	0	73	
Regulation Of Cardiac Muscle Cell Apoptotic Process (GO:0010665)	1.0	1.0	0.0	0.0	0	10	
Regulation Of Cardiac Muscle Cell Differentiation (GO:2000725)	1.0	1.0	0.0	0.0	0	9	
Regulation Of Cardiac Muscle Cell Membrane Potential (GO:0086036)	1.0	1.0	0.0	0.0	0	6	
Sensory Perception Of Pain (GO:0019233)	1.0	1.0	0.0	0.0	0	19	
Regulation Of Cardiac Muscle Cell Proliferation (GO:0060043)	1.0	1.0	0.0	0.0	0	20	
Serine Family Amino Acid Catabolic Process (GO:0009071)	1.0	1.0	0.0	0.0	0	9	
siRNA Processing (GO:0030422)	1.0	1.0	0.0	0.0	0	7	
Regulation Of cAMP-dependent Protein Kinase Activity (GO:2000479)	1.0	1.0	0.0	0.0	0	13	
Sialylation (GO:0097503)	1.0	1.0	0.0	0.0	0	7	
Single Strand Break Repair (GO:0000012)	1.0	1.0	0.0	0.0	0	7	
Regulation Of Autophagosome Assembly (GO:2000785)	1.0	1.0	0.0	0.0	0	38	
Regulation Of Autophagosome Maturation (GO:1901096)	1.0	1.0	0.0	0.0	0	15	
Signal Transduction In Response To DNA Damage (GO:0042770)	1.0	1.0	0.0	0.0	0	55	
Regulation Of Autophagy Of Mitochondrion (GO:1903146)	1.0	1.0	0.0	0.0	0	18	
Signal Transduction By P53 Class Mediator (GO:0072331)	1.0	1.0	0.0	0.0	0	33	
Signal Release From Synapse (GO:0099643)	1.0	1.0	0.0	0.0	0	38	
Regulation Of Axon Extension Involved In Axon Guidance (GO:0048841)	1.0	1.0	0.0	0.0	0	23	
Regulation Of Axon Guidance (GO:1902667)	1.0	1.0	0.0	0.0	0	6	
Negative Regulation Of Insulin-Like Growth Factor Receptor Signaling Pathway (GO:0043569)	1.0	1.0	0.0	0.0	0	5	
Regulation Of Axonogenesis (GO:0050770)	1.0	1.0	0.0	0.0	0	41	
Regulation Of Basement Membrane Organization (GO:0110011)	1.0	1.0	0.0	0.0	0	5	
Regulation Of Behavior (GO:0050795)	1.0	1.0	0.0	0.0	0	19	
Signal Release (GO:0023061)	1.0	1.0	0.0	0.0	0	10	
Regulation Of Bile Acid Biosynthetic Process (GO:0070857)	1.0	1.0	0.0	0.0	0	9	
Signal Peptide Processing (GO:0006465)	1.0	1.0	0.0	0.0	0	12	
Regulation Of Bile Acid Metabolic Process (GO:1904251)	1.0	1.0	0.0	0.0	0	6	
Regulation Of Biomineral Tissue Development (GO:0070167)	1.0	1.0	0.0	0.0	0	24	
Regulation Of Cardiac Muscle Cell Action Potential Involved In Regulation Of Contraction (GO:0098909)	1.0	1.0	0.0	0.0	0	7	
Regulation Of Cardiac Conduction (GO:1903779)	1.0	1.0	0.0	0.0	0	21	
Sequestering Of Actin Monomers (GO:0042989)	1.0	1.0	0.0	0.0	0	8	
Regulation Of Carbohydrate Metabolic Process (GO:0006109)	1.0	1.0	0.0	0.0	0	14	
Small Nucleolar Ribonucleoprotein Complex Assembly (GO:0000491)	1.0	1.0	0.0	0.0	0	10	
Small GTPase Mediated Signal Transduction (GO:0007264)	1.0	1.0	0.0	0.0	0	110	
Regulation Of Actin Nucleation (GO:0051125)	1.0	1.0	0.0	0.0	0	14	
Regulation Of Actin Polymerization Or Depolymerization (GO:0008064)	1.0	1.0	0.0	0.0	0	26	
Regulation Of Activated T Cell Proliferation (GO:0046006)	1.0	1.0	0.0	0.0	0	32	
Regulation Of Activation Of Janus Kinase Activity (GO:0010533)	1.0	1.0	0.0	0.0	0	7	
Regulation Of Activin Receptor Signaling Pathway (GO:0032925)	1.0	1.0	0.0	0.0	0	15	
Regulation Of Actin Filament Organization (GO:0110053)	1.0	1.0	0.0	0.0	0	9	
Sister Chromatid Segregation (GO:0000819)	1.0	1.0	0.0	0.0	0	32	
Sinoatrial Node Development (GO:0003163)	1.0	1.0	0.0	0.0	0	7	
Regulation Of Attachment Of Mitotic Spindle Microtubules To Kinetochore (GO:1902423)	1.0	1.0	0.0	0.0	0	7	
Regulation Of Calcidiol 1-Monooxygenase Activity (GO:0060558)	1.0	1.0	0.0	0.0	0	5	
Regulation Of calcineurin-NFAT Signaling Cascade (GO:0070884)	1.0	1.0	0.0	0.0	0	32	
Regulation Of Biosynthetic Process (GO:0009889)	1.0	1.0	0.0	0.0	0	9	
Regulation Of Calcium Ion Import (GO:0090279)	1.0	1.0	0.0	0.0	0	19	
Regulation Of Calcium Ion Transmembrane Transport (GO:1903169)	1.0	1.0	0.0	0.0	0	19	
Regulation Of Calcium Ion Transmembrane Transport Via High Voltage-Gated Calcium Channel (GO:1902514)	1.0	1.0	0.0	0.0	0	10	
Short-Chain Fatty Acid Metabolic Process (GO:0046459)	1.0	1.0	0.0	0.0	0	6	
Short-Chain Fatty Acid Catabolic Process (GO:0019626)	1.0	1.0	0.0	0.0	0	5	
Serotonin Uptake (GO:0051610)	1.0	1.0	0.0	0.0	0	8	
Serotonin Transport (GO:0006837)	1.0	1.0	0.0	0.0	0	9	
Serine Transport (GO:0032329)	1.0	1.0	0.0	0.0	0	6	
Serine Family Amino Acid Metabolic Process (GO:0009069)	1.0	1.0	0.0	0.0	0	14	
Regulation Of cGMP-mediated Signaling (GO:0010752)	1.0	1.0	0.0	0.0	0	5	
Regulation Of Carbohydrate Biosynthetic Process (GO:0043255)	1.0	1.0	0.0	0.0	0	5	
Serine Family Amino Acid Biosynthetic Process (GO:0009070)	1.0	1.0	0.0	0.0	0	10	
Sequestering Of Extracellular Ligand From Receptor (GO:0035581)	1.0	1.0	0.0	0.0	0	9	
Regulation Of Carbohydrate Catabolic Process (GO:0043470)	1.0	1.0	0.0	0.0	0	13	
Regulation Of Calcium Ion Import Across Plasma Membrane (GO:1905664)	1.0	1.0	0.0	0.0	0	10	
Regulation Of Epidermis Development (GO:0045682)	1.0	1.0	0.0	0.0	0	8	
Regulation Of Blood Circulation (GO:1903522)	1.0	1.0	0.0	0.0	0	32	
Regulation Of Blood Vessel Endothelial Cell Proliferation Involved In Sprouting Angiogenesis (GO:1903587)	1.0	1.0	0.0	0.0	0	14	
Regulation Of ER-associated Ubiquitin-Dependent Protein Catabolic Process (GO:1903069)	1.0	1.0	0.0	0.0	0	8	
Regulation Of ERAD Pathway (GO:1904292)	1.0	1.0	0.0	0.0	0	10	
Regulation Of ERBB Signaling Pathway (GO:1901184)	1.0	1.0	0.0	0.0	0	13	
Regulation Of DNA Repair (GO:0006282)	1.0	1.0	0.0	0.0	0	122	
Regulation Of G Protein-Coupled Receptor Signaling Pathway (GO:0008277)	1.0	1.0	0.0	0.0	0	68	
Regulation Of CoA-transferase Activity (GO:1905918)	1.0	1.0	0.0	0.0	0	7	
Regulation Of CD8-positive, Alpha-Beta T Cell Proliferation (GO:2000564)	1.0	1.0	0.0	0.0	0	7	
Receptor Metabolic Process (GO:0043112)	1.0	1.0	0.0	0.0	0	18	
Receptor Recycling (GO:0001881)	1.0	1.0	0.0	0.0	0	15	
Sprouting Angiogenesis (GO:0002040)	1.0	1.0	0.0	0.0	0	48	
Receptor-Mediated Endocytosis Of Virus By Host Cell (GO:0019065)	1.0	1.0	0.0	0.0	0	10	
Spliceosomal tri-snRNP Complex Assembly (GO:0000244)	1.0	1.0	0.0	0.0	0	13	
Receptor-Mediated Virion Attachment To Host Cell (GO:0046813)	1.0	1.0	0.0	0.0	0	6	
Spliceosomal snRNP Assembly (GO:0000387)	1.0	1.0	0.0	0.0	0	37	
Spliceosomal Complex Assembly (GO:0000245)	1.0	1.0	0.0	0.0	0	59	
Regulated Exocytosis (GO:0045055)	1.0	1.0	0.0	0.0	0	50	
Regulation Of 3'-UTR-mediated mRNA Stabilization (GO:1905868)	1.0	1.0	0.0	0.0	0	3	
Regulation Of AMPA Receptor Activity (GO:2000311)	1.0	1.0	0.0	0.0	0	24	
Spleen Development (GO:0048536)	1.0	1.0	0.0	0.0	0	7	
Regulation Of Cdc42 Protein Signal Transduction (GO:0032489)	1.0	1.0	0.0	0.0	0	7	
Regulation Of ATPase-coupled Calcium Transmembrane Transporter Activity (GO:1901894)	1.0	1.0	0.0	0.0	0	6	
Regulation Of B Cell Activation (GO:0050864)	1.0	1.0	0.0	0.0	0	25	
Regulation Of B Cell Apoptotic Process (GO:0002902)	1.0	1.0	0.0	0.0	0	10	
Regulation Of B Cell Differentiation (GO:0045577)	1.0	1.0	0.0	0.0	0	19	
Regulation Of B Cell Proliferation (GO:0030888)	1.0	1.0	0.0	0.0	0	44	
Spindle Assembly (GO:0051225)	1.0	1.0	0.0	0.0	0	77	
Regulation Of B Cell Receptor Signaling Pathway (GO:0050855)	1.0	1.0	0.0	0.0	0	16	
Regulation Of ER To Golgi Vesicle-Mediated Transport (GO:0060628)	1.0	1.0	0.0	0.0	0	9	
Regulation Of DNA-templated Transcription Initiation (GO:2000142)	1.0	1.0	0.0	0.0	0	8	
Regulation Of DNA-templated Transcription In Response To Stress (GO:0043620)	1.0	1.0	0.0	0.0	0	6	
Regulation Of DNA-templated Transcription Elongation (GO:0032784)	1.0	1.0	0.0	0.0	0	40	
Regulation Of Blood Vessel Remodeling (GO:0060312)	1.0	1.0	0.0	0.0	0	5	
Signal Complex Assembly (GO:0007172)	1.0	1.0	0.0	0.0	0	5	
Regulation Of Bone Remodeling (GO:0046850)	1.0	1.0	0.0	0.0	0	14	
Regulation Of Bone Resorption (GO:0045124)	1.0	1.0	0.0	0.0	0	28	
Regulation Of Branching Involved In Ureteric Bud Morphogenesis (GO:0090189)	1.0	1.0	0.0	0.0	0	14	
Regulation Of T-helper 2 Cell Cytokine Production (GO:2000551)	1.0	1.0	0.0	0.0	0	10	
Regulation Of Cardiac Muscle Contraction By Regulation Of The Release Of Sequestered Calcium Ion (GO:0010881)	1.0	1.0	0.0	0.0	0	16	
Regulation Of T-helper 17 Type Immune Response (GO:2000316)	1.0	1.0	0.0	0.0	0	13	
Regulation Of T-helper 17 Cell Differentiation (GO:2000319)	1.0	1.0	0.0	0.0	0	11	
Sphingosine-1-Phosphate Receptor Signaling Pathway (GO:0003376)	1.0	1.0	0.0	0.0	0	8	
Regulation Of DNA Binding (GO:0051101)	1.0	1.0	0.0	0.0	0	46	
Regulation Of DNA Biosynthetic Process (GO:2000278)	1.0	1.0	0.0	0.0	0	30	
Regulation Of DNA Damage Checkpoint (GO:2000001)	1.0	1.0	0.0	0.0	0	18	
Regulation Of Blood Vessel Endothelial Cell Migration (GO:0043535)	1.0	1.0	0.0	0.0	0	52	
Regulation Of DNA Damage Response, Signal Transduction By P53 Class Mediator (GO:0043516)	1.0	1.0	0.0	0.0	0	25	
Regulation Of DNA Demethylation (GO:1901535)	1.0	1.0	0.0	0.0	0	7	
Regulation Of DNA Metabolic Process (GO:0051052)	1.0	1.0	0.0	0.0	0	114	
Regulation Of DNA Methylation (GO:0044030)	1.0	1.0	0.0	0.0	0	8	
Regulation Of DNA Methylation-Dependent Heterochromatin Formation (GO:0090308)	1.0	1.0	0.0	0.0	0	15	
Sphingomyelin Metabolic Process (GO:0006684)	1.0	1.0	0.0	0.0	0	12	
Sphingomyelin Biosynthetic Process (GO:0006686)	1.0	1.0	0.0	0.0	0	5	
Spinal Cord Development (GO:0021510)	1.0	1.0	0.0	0.0	0	11	
Regulation Of DNA Recombination (GO:0000018)	1.0	1.0	0.0	0.0	0	31	
Regulation Of DNA Replication (GO:0006275)	1.0	1.0	0.0	0.0	0	70	
Regulation Of DNA Strand Elongation (GO:0060382)	1.0	1.0	0.0	0.0	0	16	
Regulation Of DNA-directed DNA Polymerase Activity (GO:1900262)	1.0	1.0	0.0	0.0	0	12	
Regulation Of DNA-templated DNA Replication (GO:0090329)	1.0	1.0	0.0	0.0	0	17	
Regulation Of DNA-templated DNA Replication Initiation (GO:0030174)	1.0	1.0	0.0	0.0	0	12	
Regulation Of DNA Damage Response, Signal Transduction By P53 Class Mediator Resulting In Transcription Of P21 Class Mediator (GO:1902162)	1.0	1.0	0.0	0.0	0	5	
Zymogen Inhibition (GO:0097341)	1.0	1.0	0.0	0.0	0	5	
