	0
S__Candida albicans	0.9999999999999999
5S_rRNA	-0.026379902235364967
7SK	-0.34770204828321605
A1BG	-0.1459797299877606
A1BG-AS1	-0.4278174791163731
A1CF	0.09129247199494145
A2M	0.11979180596791887
A2M-AS1	-0.08653754834990196
A2ML1	-0.09133618030562916
A2ML1-AS1	-0.18165519611793038
A2ML1-AS2	-0.2762979906897932
A2MP1	-0.14854223501142694
A3GALT2	-0.26206425102003
A4GALT	-0.34430660583859796
A4GNT	-0.330756104940123
AAAS	-0.44758509619544956
AACS	0.16071207410933508
AACSP1	-0.07475746738347719
AADAC	0.013438200687544147
AADACL2	0.055107517417810906
AADACL3	0.14980128223336642
AADACL4	-0.04884687119140898
AADAT	-0.0521677059550305
AAED1	-0.32009240034061565
AAGAB	-0.04116452821492366
AAK1	-0.10631176298309672
AAMDC	0.16065921772778444
AAMP	0.19753737138796856
AANAT	0.14293874112469196
AAR2	-0.10846646380012936
AARD	-0.2858989899252799
AARS	-0.19135883487013555
AARS2	0.28517208579965153
AARSD1	-0.3118954403885451
AASDH	-0.07376259178932912
AASDHPPT	-0.3000267836358679
AASS	0.04161671593391606
AATF	-0.3267581423822727
AATK	0.39682891797418657
AATK-AS1	0.1811096538367607
ABAT	0.12473318116483244
ABCA1	-0.11562050590106653
ABCA10	-0.016909171191131712
ABCA11P	-0.15163816476252498
ABCA12	-0.0803295447335745
ABCA13	0.09804204549098994
ABCA17P	-0.4392127813832785
ABCA2	0.10651607233124367
ABCA3	-0.4870386527971427
ABCA4	0.20112035856426128
ABCA5	0.18617004723086802
ABCA6	-0.27299459805246823
ABCA7	-0.3354762927152481
ABCA8	0.055308601768981995
ABCA9	-0.06553363230593141
ABCA9-AS1	0.2828395602640669
ABCB1	0.1657748576253498
ABCB10	0.09356330933489039
ABCB10P1	0.2039491254173094
ABCB10P3	-0.21781630933600088
ABCB10P4	-0.1225487886675609
ABCB11	0.10214225978242579
ABCB4	-0.4303844291100464
ABCB5	-0.14019441096342386
ABCB6	-0.049785994830533316
ABCB7	-0.02341914837874272
ABCB8	-0.11792773071475589
ABCB9	0.3261149606635947
ABCC1	-0.24374246930677787
ABCC10	-0.007387999848343237
ABCC11	-0.22947766008656162
ABCC12	-0.24060171639159972
ABCC13	0.31088026777748556
ABCC2	0.16007761526463968
ABCC3	-0.03404901736424963
ABCC4	-0.16152038725807885
ABCC5	-0.23221799140594013
ABCC5-AS1	0.3498758570373916
ABCC6	0.1516210799602705
ABCC6P1	0.13839838527046977
ABCC6P2	0.20100426702744173
ABCC8	-0.06296254210220666
ABCC9	-0.012040030611925892
ABCD1	0.08009543952952645
ABCD1P2	-0.12556250315748624
ABCD1P3	0.0006911821813613287
ABCD1P4	0.06037722533954247
ABCD1P5	0.03310514829868422
ABCD2	-0.4679242835673734
ABCD3	0.2968064396127717
ABCD4	0.08805135883736946
ABCE1	-0.18184703492475585
ABCF1	-0.057376379513358694
ABCF2	-0.3008039950198408
ABCF2P1	-0.10837125160501214
ABCF2P2	0.00355712662185865
ABCF3	-0.03441139752797269
ABCG1	0.05418319614005264
ABCG2	0.24866923476906677
ABCG4	0.05833948451947807
ABCG5	0.08839244366741317
ABCG8	0.08609750696931909
ABHD1	-0.18487636438723018
ABHD10	-0.24810075496781803
ABHD11	0.08338308433701058
ABHD12	0.06561827699836034
ABHD12B	0.1428033140655688
ABHD13	-0.1479234046603126
ABHD14A	-0.19854041840541234
ABHD14A-ACY1	-0.08994362595624467
ABHD14B	0.18973794104369304
ABHD15	0.21889124317722106
ABHD16A	-0.27396287577000716
ABHD16B	0.12716789538531403
ABHD17A	-0.09457650014472992
ABHD17AP1	0.0889229086892843
ABHD17AP2	0.13711348662515338
ABHD17AP3	-0.1290058970696798
ABHD17AP4	-0.010853998627205905
ABHD17AP5	-0.25023673878513647
ABHD17AP6	-0.04742319557757411
ABHD17B	0.016222377228837567
ABHD17C	0.22396436230708275
ABHD2	0.10244855845163198
ABHD3	0.10246744214956727
ABHD4	0.21014722253567397
ABHD5	0.07730815750534832
ABHD6	0.19297220474529234
ABHD8	-0.1957978978790199
ABI1	-0.08883275898925697
ABI2	-0.15112922576070936
ABI3	-0.2842765346264475
ABI3BP	-0.024680840586649974
ABL1	0.11334150935048425
ABL2	-0.13842045986982215
ABLIM1	0.06241207439020035
ABLIM2	-0.09845742910770792
ABLIM3	-0.4610815048289521
ABO	0.1710272111934617
ABR	0.16287967260966393
ABRA	-0.27751663454216635
ABRACL	-0.17725325458761249
ABT1	-0.3233165052834237
ABT1P1	-0.08575490092545787
ABTB1	-0.173802625555763
ABTB2	0.1421789645567125
ACA59	-0.06033763560407305
ACA64	-0.015121236482202998
ACAA1	0.12094427507347581
ACAA2	0.30816682825580766
ACACA	0.08457975150365779
ACACB	0.1351530273891832
ACAD10	0.34997207600391544
ACAD11	-0.04052799105172709
ACAD8	0.07633286254229524
ACAD9	0.02715339260553991
ACADL	0.08372291358447975
ACADM	0.20786574844529798
ACADS	0.2501014580804247
ACADSB	0.09816787896899036
ACADVL	0.30512326052631844
ACAN	-0.07581984776707623
ACAP1	-0.4363519375876314
ACAP2	-0.18361200647572679
ACAP2-IT1	-0.25040007921720897
ACAP3	0.06760909918768002
ACAT1	0.15555938725088453
ACAT2	-0.07445736398746344
ACBD3	0.007843853197728403
ACBD4	0.04087623087748087
ACBD5	0.10737416006029313
ACBD6	-0.06159134782091906
ACBD7	-0.326364744005415
ACCS	-0.2603057933247955
ACCSL	-0.18375028352852912
ACD	-0.29889839199679274
ACE	0.1305986446029149
ACE2	0.03896927604541063
ACE3P	
ACER1	-0.06116955279691222
ACER2	0.07584499086969732
ACER3	-0.1334354593619671
ACHE	0.04639773702679232
ACIN1	-0.3435539069433349
ACKR2	-0.04526778835602381
ACKR3	-0.37060166191843175
ACKR4	0.057021203183395215
ACLY	0.13210618003032193
ACMSD	-0.37451022812296897
ACN9	-0.09835626460426519
ACO1	0.2074120448994179
ACO2	0.32878992691702796
ACOT1	0.07999718638003342
ACOT11	0.24450109002368267
ACOT12	-0.2533942733564932
ACOT13	-0.03492596433044917
ACOT2	0.1077672733454612
ACOT4	0.23745297775205185
ACOT6	0.20174992018163748
ACOT7	0.2995806403290316
ACOT8	0.08759856490935831
ACOT9	-0.2754607404973395
ACOX1	0.2576420487755016
ACOX2	-0.00901737225716286
ACOX3	0.16300405762036
ACOXL	-0.1868441203565059
ACP1	0.019211751494208076
ACP2	0.09938203111219732
ACP5	-0.19926502466503115
ACP6	0.16959505995639518
ACPL2	-0.3680603028255335
ACPP	0.09741785709327822
ACPT	0.07697606565461916
ACR	-0.07629857236610302
ACRBP	-0.15616391815180555
ACRC	-0.2558232070141751
ACRV1	-0.3327191792858507
ACSBG1	-0.007110709331861916
ACSBG2	-0.12135441180473183
ACSF2	0.4279064208849247
ACSF3	-0.03952054145117227
ACSL1	0.04316854335322353
ACSL3	0.017887386945959687
ACSL4	-0.3350058112810317
ACSL5	0.3346007056075196
ACSL6	-0.4451310761608241
ACSM1	-0.15329169064096002
ACSM2A	-0.0647907143006407
ACSM2B	-0.16102209777351031
ACSM3	0.12618718387790984
ACSM4	-0.16341780965475558
ACSM5	-0.11339219159031685
ACSS1	0.09098994938913672
ACSS2	0.39054957534695883
ACSS3	-0.14931100418269827
ACTA1	-0.180787954954444
ACTA2	0.009771256959829994
ACTA2-AS1	-0.09122193972488642
ACTB	-0.2917582192102246
ACTBL2	-0.3681874222013032
ACTBP1	-0.03537136731792243
ACTBP11	-0.14001802078274225
ACTBP12	-0.11767652586748467
ACTBP13	-0.05960142167402328
ACTBP14	-0.22709907388062756
ACTBP2	-0.04658528758636835
ACTBP6	0.10637290315658034
ACTBP7	-0.2389693705665449
ACTBP8	-0.1278575689995884
ACTBP9	0.023192280909029438
ACTC1	0.061935537672159334
ACTG1	-0.2487575350815113
ACTG1P1	0.015818661489151453
ACTG1P10	-0.1265133595620023
ACTG1P11	0.12177209344747851
ACTG1P12	-0.00332450048934643
ACTG1P13	0.1935697539052563
ACTG1P2	0.03997567386722591
ACTG1P3	-0.12307531624669445
ACTG1P4	
ACTG1P9	-0.062183998553486615
ACTG2	0.11308484827832446
ACTL10	-0.010324989699630603
ACTL6A	-0.0871742337554711
ACTL6B	-0.1060526135231662
ACTL7A	-0.14280894505152783
ACTL7B	0.07426611245743452
ACTL8	0.042742859001037935
ACTL9	-0.050187826409002774
ACTN1	-0.11860027653500595
ACTN1-AS1	-0.035229611186870194
ACTN2	-0.26154542882729626
ACTN3	-0.13512532329564148
ACTN4	0.19555469850059048
ACTN4P1	0.23919852458268423
ACTN4P2	0.1799082092135982
ACTR10	0.22703649107538923
ACTR1A	0.03720424529986892
ACTR1B	0.04342297836285209
ACTR2	-0.230106476785618
ACTR3	-0.3087257750526569
ACTR3B	-0.17376788290266684
ACTR3BP2	
ACTR3BP3	
ACTR3BP4	-0.10860434392341907
ACTR3BP5	
ACTR3BP6	0.38088064212036493
ACTR3C	-0.1333511823068773
ACTR3P2	0.13865185129928503
ACTR3P3	-0.3655663770953036
ACTR5	-0.32138928327950256
ACTR6	-0.13798485190898793
ACTR6P1	0.07068186303570449
ACTR8	-0.1541557671112048
ACTRT1	-0.105276564161634
ACTRT2	-0.12522671299024385
ACTRT3	-0.1176723228731424
ACVR1	-0.10093791637514857
ACVR1B	0.2962661093542136
ACVR1C	0.0841994555508315
ACVR2A	0.18967382219085008
ACVR2B	0.18424028835776937
ACVR2B-AS1	0.21110272813750902
ACVRL1	-0.07955919152759394
ACY1	0.027676528148697546
ACY3	-0.0031689742360077803
ACYP1	-0.021818425237316967
ACYP2	-0.2599322576549264
ADA	-0.3941313232557425
ADAD1	0.06728472614708375
ADAD1P2	
ADAD2	-0.04581472791618738
ADAL	-0.05985391687018479
ADAM10	0.07672910209543077
ADAM11	0.048273846133085344
ADAM12	-0.4356345352405098
ADAM15	0.12987460059995232
ADAM17	-0.31884618974462403
ADAM18	0.17386439676496412
ADAM19	-0.4829227112268753
ADAM1A	0.1532840970839835
ADAM1B	-0.007025017222137073
ADAM2	-0.00586684470248398
ADAM20	-0.057866066877404074
ADAM20P1	-0.19602739712766323
ADAM20P2	
ADAM20P3	0.13706381104710244
ADAM21	-0.1520281188250107
ADAM21P1	0.03461167865859733
ADAM22	-0.3852438293879806
ADAM23	-0.22426548172227162
ADAM24P	0.38088064212036465
ADAM28	-0.35789760228057504
ADAM29	-0.08975391589596289
ADAM30	0.19807886685465143
ADAM32	-0.07631192254100112
ADAM33	-0.08949614859992837
ADAM3A	0.0697426188190675
ADAM3B	0.1689480818885246
ADAM5	-0.11193953928864425
ADAM6	0.1028428513470602
ADAM7	0.37330179233316907
ADAM8	-0.3786212439368888
ADAM9	0.05634949229971254
ADAMDEC1	0.17696845236550215
ADAMTS1	0.0702607516342914
ADAMTS10	-0.2198753440245914
ADAMTS12	0.24526331623481806
ADAMTS13	-0.15261796710711295
ADAMTS14	-0.05189210877491935
ADAMTS15	0.3132617374805851
ADAMTS16	0.07966700841445343
ADAMTS17	-0.12151239776547121
ADAMTS18	-0.017741988196133797
ADAMTS19	0.1578526408068781
ADAMTS19-AS1	-0.08746649216838566
ADAMTS2	0.15350934996474044
ADAMTS20	-0.24324634473569637
ADAMTS3	-0.24016332825044084
ADAMTS4	-0.3103992276305642
ADAMTS5	0.05132775832386153
ADAMTS6	-0.327588747957212
ADAMTS7	-0.017239383890373727
ADAMTS8	0.06187720982070037
ADAMTS9	-0.0423321852650293
ADAMTS9-AS1	0.20094072547681527
ADAMTS9-AS2	-0.1279441370021536
ADAMTSL1	-0.14958407477391575
ADAMTSL2	-0.2726324870800472
ADAMTSL3	-0.0051281573985319205
ADAMTSL4	-0.061963255830566555
ADAMTSL4-AS1	-0.1392877415012185
ADAMTSL5	0.2560747104398879
ADAP1	0.11548389547311555
ADAP2	-0.2099675186665351
ADAR	-0.26023077206735296
ADARB1	-0.48676954245561194
ADARB2	-0.07776494107296293
ADARB2-AS1	-0.04410816517823855
ADAT1	-0.26025127931832354
ADAT2	-0.06066266438522564
ADAT3	-0.020516247625206912
ADC	-0.10664549984765787
ADCK1	-0.3011947712083375
ADCK2	-0.22063860257529896
ADCK3	0.10403320156644623
ADCK4	0.05068366759775347
ADCK5	0.19885951992428363
ADCY1	0.13198501984751082
ADCY10	-0.024750516709578278
ADCY10P1	-0.21306517202208614
ADCY2	0.2508398727384436
ADCY3	0.30917918739331557
ADCY4	-0.028431086832894244
ADCY5	-0.02120126393594298
ADCY6	0.34395305985514035
ADCY7	-0.33827558577597483
ADCY8	0.28692003353762957
ADCY9	0.15837666429792308
ADCYAP1	9.201408418121647e-05
ADCYAP1R1	-0.4299313826046103
ADD1	-0.11481004990598064
ADD2	-0.21026089195908582
ADD3	-0.07330473615979258
ADGB	0.12482613961482904
ADH1A	0.24389180744294084
ADH1B	0.007546496349210291
ADH1C	0.09164184117847361
ADH4	0.04669794280657043
ADH5	0.12761560912666234
ADH5P2	0.01942719225702348
ADH5P3	0.2280532559510971
ADH5P4	0.12914532443988477
ADH6	0.27346238540227863
ADH7	-0.11612035943158071
ADHFE1	0.00503991023584447
ADI1	0.08732949992421883
ADIG	-0.21388410069303176
ADIPOQ	-0.010060624141544246
ADIPOQ-AS1	-0.06734752538734827
ADIPOR1	0.32583379414047453
ADIPOR1P1	-0.08030600314487416
ADIPOR1P2	0.12262990320703783
ADIPOR2	0.4583432672618266
ADIRF	0.1742552089836463
ADIRF-AS1	0.18658345074375093
ADK	-0.21824093255149601
ADM	-0.04764558255468121
ADM2	-0.23536421839077196
ADM5	0.03766000796228395
ADNP	-0.18078780428114494
ADNP2	-0.11137096821956598
ADO	-0.2482572981474854
ADORA1	-0.1372091679739816
ADORA2A	-0.4005773344857693
ADORA2A-AS1	0.26331737943195027
ADORA2B	0.15308089721856058
ADORA2BP	0.01668645728168433
ADORA3	0.22219824796780474
ADPGK	-0.3326634748097741
ADPGK-AS1	-0.2677310027266911
ADPRH	-0.5164686723497552
ADPRHL1	-0.032451148007728005
ADPRHL2	-0.18265604889564865
ADPRM	-0.47210906930557006
ADRA1A	0.032898841868400835
ADRA1B	-0.3326140596608277
ADRA1D	0.19961714068747935
ADRA2A	-0.07061889220532153
ADRA2B	-0.07544010159343698
ADRA2C	-0.17543244031193558
ADRB1	0.29060480557883506
ADRB2	-0.28948066740418116
ADRB3	0.015895522435341418
ADRBK1	-0.28474987905055243
ADRBK2	-0.47266700061339867
ADRM1	0.01536981984024965
ADSL	-0.2938155803971465
ADSS	-0.12296984607788417
ADSSL1	0.1722163840989266
ADTRP	-0.09783822452253477
AEBP1	-0.0360946951918863
AEBP2	-0.24968807222781653
AEN	-0.30784609562664383
AES	-0.04937194140595266
AFAP1	0.019400519768360183
AFAP1-AS1	-0.47021709193814665
AFAP1L1	-0.21913738398454471
AFAP1L2	-0.2537336718170102
AFF1	0.13729087082916686
AFF2	-0.3462249041329889
AFF2-IT1	
AFF3	-0.46906941359954
AFF4	0.05725305016385247
AFG3L1P	-0.25754033742330495
AFG3L2	0.39737573219925454
AFG3L2P1	0.03547864108122701
AFM	-0.08100976805363728
AFMID	-0.07632625480456018
AFP	-0.12007943203281107
AFTPH	-0.037589176261788496
AGA	-0.2759109051708545
AGAP1	0.3393008207155917
AGAP1-IT1	0.24532130891765813
AGAP10	-0.29965222191688135
AGAP11	0.290164902883314
AGAP2	-0.4587454519592635
AGAP2-AS1	-0.1433918293566894
AGAP3	0.10856861580763352
AGAP4	-0.1798399114967583
AGAP5	0.1763399322814633
AGAP6	-0.0666209457421503
AGAP7	-0.0015477609982906444
AGAP8	0.059976834839013005
AGAP9	-0.1757908536217244
AGBL1	0.003418504967568652
AGBL1-AS1	0.06568043867465259
AGBL2	-0.1915532470369827
AGBL3	-0.30719711872535194
AGBL4	-0.14418567779049732
AGBL4-IT1	0.2828395602640671
AGBL5	0.03815396731908689
AGBL5-AS1	-0.12233129168066668
AGBL5-IT1	-0.05897906392496857
AGER	-0.3102911918428292
AGFG1	-0.08380848052447833
AGFG2	0.19805080162833777
AGGF1	-0.21466836303289966
AGGF1P1	-0.08973243185473383
AGGF1P2	0.01436879536918045
AGGF1P3	0.04848254840652489
AGGF1P4	
AGK	-0.19214522504285153
AGKP1	0.09845504119810082
AGL	0.09823605514992706
AGMAT	0.27699406074125404
AGMO	0.03402117446289077
AGO1	-0.258807619243448
AGO2	-0.18015970294582637
AGO3	-0.3264699817988344
AGO4	-0.1824607256636822
AGPAT1	0.19435240819865743
AGPAT2	0.23470031703291386
AGPAT3	0.37117337913701554
AGPAT4	-0.30664808827017304
AGPAT5	-0.04848276185283473
AGPAT5P1	-0.1994405709039652
AGPAT6	-0.22968481237092295
AGPAT9	0.15089235085537261
AGPS	0.04972977174090554
AGR2	-0.004816009134241941
AGR3	0.21391780593947798
AGRN	0.06460852563260311
AGRP	0.25230182151974656
AGT	0.281028255637729
AGTPBP1	-0.21882939162448153
AGTR1	0.0874272998989897
AGTR2	0.1769724833892127
AGTRAP	-0.23545642237454303
AGXT	0.22511199599973666
AGXT2	0.09152047701500797
AHCTF1	-0.04446397917036718
AHCTF1P1	0.08276237288081574
AHCY	0.06042528214522249
AHCYL1	0.1340713485062549
AHCYL2	-0.0020002882887125107
AHCYP1	0.03910757472690356
AHCYP2	0.05345146748433738
AHCYP3	-0.013514975610450893
AHCYP4	-0.07613174400623723
AHCYP5	0.18387215609381552
AHCYP7	0.024726512662975462
AHCYP8	
AHDC1	-0.19320018554997573
AHI1	-0.11597205821580439
AHNAK	0.17962918342059198
AHNAK2	0.063754901102302
AHR	-0.342531573137073
AHRR	0.32292206752100133
AHSA1	-0.22870899646255538
AHSA2	-0.19405024232287998
AHSG	0.025171618483822083
AHSP	-0.26705575478889654
AICDA	-0.3491912416334496
AIDA	-0.17925089234969013
AIF1	-0.29360672001189037
AIF1L	0.015572469703132039
AIFM1	0.24658924492820183
AIFM1P1	0.08127853750352262
AIFM2	0.20955620771435715
AIFM3	0.2713200874839929
AIG1	0.14229299159065975
AIG1P1	
AIM1	-0.07523366040845125
AIM1L	0.022581337682799393
AIM2	-0.49915236784707495
AIMP1	0.02360054759919044
AIMP1P1	0.12798545221477672
AIMP1P2	0.38088064212036493
AIMP2	0.24966246889172347
AIP	-0.27479569597955683
AIPL1	-0.12211390657973197
AIRE	-0.1838359679598294
AIRN	0.21627057360744334
AJAP1	0.23004189535964592
AJUBA	-0.22876851590739938
AK1	-0.14273559909459044
AK2	0.18251467106917052
AK2P2	-0.05516270208232735
AK3	0.19514440380923595
AK3P2	-0.02492036637899352
AK3P3	-0.018049049481623412
AK3P4	0.032890372814364625
AK3P5	-0.11647735514572344
AK4	0.08988282151344502
AK4P1	0.18036156726762134
AK4P2	-0.049349238757043175
AK4P3	0.21298031617807003
AK4P4	-0.02657241915119593
AK4P5	
AK4P6	
AK5	-0.00623843688874145
AK7	0.090772443517204
AK8	-0.4825138700624072
AK9	0.10684934808423117
AKAP1	0.3362695320414708
AKAP10	-0.1856105113326298
AKAP11	-0.3783676751724103
AKAP12	-0.14552388253835943
AKAP13	-0.1697857302429962
AKAP14	-0.007971038365195564
AKAP16BP	-0.29550204959617205
AKAP17A	-0.23464584192852067
AKAP2	0.01605078667587656
AKAP3	-0.014912035217763301
AKAP4	0.14573391759480533
AKAP5	0.08310430391926232
AKAP6	-0.07724724566256848
AKAP7	-0.16286056803425855
AKAP8	-0.008461005531442642
AKAP8L	-0.28160396747712296
AKAP9	0.18044610030809902
AKIP1	-0.003296090416308588
AKIRIN1	-0.0528924498393638
AKIRIN2	-0.3430466447293043
AKNA	-0.4133716980502795
AKNAD1	0.050143565522388356
AKR1A1	0.09150197801568083
AKR1B1	-0.26723784740189255
AKR1B10	0.30109537384271373
AKR1B10P1	0.048911521093427404
AKR1B10P2	0.2828395602640671
AKR1B15	0.07154125703158903
AKR1B1P1	0.12584044562388805
AKR1B1P2	-0.1252979995635028
AKR1B1P4	0.10315330027079024
AKR1B1P6	-0.040132658623565465
AKR1B1P7	-0.11554134801544876
AKR1B1P8	-0.055336791637305975
AKR1C1	0.07991745629807577
AKR1C2	0.04319942913081141
AKR1C3	0.2871160393650342
AKR1C4	0.15527088949913057
AKR1C5P	-0.24037635282184758
AKR1C6P	-0.16450864811338836
AKR1C7P	-0.08328441220927948
AKR1CL1	-0.18050105343794104
AKR1D1	-0.05999225210644436
AKR1D1P1	-0.2548855722273825
AKR1E2	0.13248260886070456
AKR7A2	0.1309838325361149
AKR7A2P1	-0.009790447778897501
AKR7A3	0.23987512026514313
AKR7L	0.0940935937411003
AKT1	-0.0038617132082865123
AKT1S1	-0.00635615820396799
AKT2	-0.337827838902632
AKT3	-0.3523771681473576
AKT3-IT1	-0.014305202161733655
AKTIP	0.13181928484099564
ALAD	0.3197394190606329
ALAS1	0.1450402981959599
ALAS2	0.13062320345397696
ALB	-0.05755663274871439
ALCAM	0.14460932452994602
ALDH16A1	-0.035988328322792536
ALDH18A1	0.33982493603560193
ALDH1A1	0.17752999969766184
ALDH1A2	-0.15307377780018017
ALDH1A3	-0.34173820792789006
ALDH1B1	0.2081352019803514
ALDH1L1	-0.04296224956262425
ALDH1L1-AS1	0.0852585508605243
ALDH1L1-AS2	-0.09333504671767061
ALDH1L2	0.01879862175632598
ALDH2	0.25769182643390914
ALDH3A1	0.2971389888536913
ALDH3A2	0.4476818087792717
ALDH3B1	0.2363741450916684
ALDH3B2	-0.005472121402582644
ALDH4A1	-0.06409256988586115
ALDH5A1	-0.2543293384459858
ALDH6A1	0.16198806597424745
ALDH7A1	0.18437362949667557
ALDH7A1P1	0.04794121154777252
ALDH7A1P2	-0.3427480854822557
ALDH7A1P3	-0.22003448302180242
ALDH7A1P4	0.05392166127306306
ALDH8A1	-0.17614581813047334
ALDH9A1	0.04418680258970002
ALDOA	-0.07215878221587255
ALDOAP1	0.09101233700946157
ALDOAP2	-0.005740504729863252
ALDOB	0.16606874728999263
ALDOC	0.09848299917844891
ALG1	0.11392233602179218
ALG10	-0.29161783621224663
ALG10B	-0.18140189318126682
ALG11	-0.06405496867681044
ALG12	0.2626417514092047
ALG13	-0.14105998959198682
ALG13-AS1	
ALG14	0.3013047643767216
ALG1L	-0.11237548567593933
ALG1L10P	-0.003958355461403534
ALG1L11P	-0.1187990975749395
ALG1L12P	0.07529399838757143
ALG1L13P	-0.3065173078052056
ALG1L14P	-0.2786573011176446
ALG1L15P	0.22408220793424705
ALG1L2	0.03182134471202773
ALG1L3P	0.0765790041238602
ALG1L5P	-0.03345299315052868
ALG1L6P	-0.08980392905108903
ALG1L7P	-0.3847525243578604
ALG1L8P	-0.17934695709655343
ALG1L9P	0.10494154561749264
ALG2	0.02494620815026246
ALG3	0.053869077085178525
ALG3P1	-0.04913730416121655
ALG5	0.11873791303951062
ALG6	-0.07720900802807999
ALG8	0.04842975371258353
ALG9	0.13000041442696564
ALG9-IT1	0.3159344658253663
ALK	0.19460428594911947
ALKBH1	-0.030877886548189112
ALKBH2	-0.22063262076539092
ALKBH3	-0.4080075728689434
ALKBH3-AS1	0.04895221370941443
ALKBH4	0.06157748150158647
ALKBH5	-0.0590090525374719
ALKBH6	-0.18485677534307454
ALKBH7	0.09077402326321912
ALKBH8	-0.38585458117358357
ALLC	0.17786903544653493
ALMS1	-0.30229045600416576
ALMS1-IT1	0.014771008839518821
ALMS1P	0.010644607257889498
ALOX12	-0.3435605551186734
ALOX12B	-0.43126277635036825
ALOX12P1	0.05786456589054548
ALOX12P2	-0.4241504193805172
ALOX15	-0.13495246992433765
ALOX15B	-0.24603351734388856
ALOX15P2	0.15137041782395239
ALOX5	-0.29890396563742166
ALOX5AP	-0.4034791741326169
ALOXE3	0.016266092964316428
ALPI	0.21788588342743567
ALPK1	-0.09696758674545972
ALPK2	-0.48885599769889715
ALPK3	-0.2838057108898755
ALPL	-0.40353156426767345
ALPP	0.02217184404074517
ALPPL2	0.1027417725223969
ALS2	0.025279498600151523
ALS2CL	-0.14403956345545077
ALS2CR11	0.06018535628605085
ALS2CR12	0.1321457390395393
ALX1	-0.13382549599370006
ALX3	-0.33287887398287586
ALX4	0.25690426137868433
ALYREF	-0.3176730434857696
AMACR	-0.0087749620392876
AMBN	-0.008899704583961564
AMBP	0.17994783151391697
AMBRA1	0.20446177040755703
AMD1	-0.17906824007972938
AMD1P1	0.03200290426027516
AMDHD1	-0.08241575493491991
AMDHD2	0.04876682190506055
AMDP1	-0.05216338208039896
AMELX	0.3607928120135453
AMELY	0.15249984328733515
AMER1	-0.048219046412565976
AMER2	-0.424184264894832
AMER2-AS1	-0.060062449384213346
AMER3	0.1314420800344174
AMFR	0.07052176262662055
AMH	0.09019768896120993
AMHR2	-0.08045886190878006
AMICA1	-0.23682187308530697
AMIGO1	0.28790747165843983
AMIGO2	-0.28943819551694466
AMIGO3	
AMMECR1	-0.11739373874545522
AMMECR1-IT1	0.17440384311729523
AMMECR1L	-0.013360770110719478
AMMECR1LP1	-0.017028902273961456
AMN	0.24569269798907564
AMN1	-0.4819362036385011
AMOT	0.21069524833725534
AMOTL1	-0.21328610099104706
AMOTL2	-0.11791407336439136
AMPD1	0.1010095494363837
AMPD2	-0.17008097471225186
AMPD3	-0.41220730737566275
AMPH	0.0013764285842800474
AMT	0.1301020880215896
AMTN	-0.27186558174076286
AMY1A	0.18379552556987863
AMY1B	0.13937430834516462
AMY1C	
AMY2A	0.38088064212036465
AMY2B	-0.11403272401450103
AMYP1	
AMZ1	-0.341160429276687
AMZ2	-0.1942065486412518
AMZ2P1	-0.08282564409081282
AMZ2P2	-0.09240913239871291
ANAPC1	-0.1787782559492152
ANAPC10	-0.21413538865148662
ANAPC10P1	0.06072413369376406
ANAPC11	-0.08108346882596708
ANAPC13	-0.10736753002473874
ANAPC15	-0.14311929702232254
ANAPC16	-0.32993060120445167
ANAPC1P1	0.0814480934885262
ANAPC2	-0.052910558795778585
ANAPC4	-0.1777893837896098
ANAPC5	-0.3358109937217564
ANAPC7	-0.3276353207731995
ANG	0.02999284886678645
ANGEL1	-0.2012172033196429
ANGEL2	-0.20418604203265536
ANGPT1	0.013120599886039225
ANGPT2	-0.2702825544845261
ANGPT4	0.13387734647790744
ANGPTL1	0.11430177172892475
ANGPTL2	0.09735994279599881
ANGPTL3	0.055210153274928404
ANGPTL4	0.11139414471909087
ANGPTL5	0.04062360325860843
ANGPTL6	-0.3053394999847305
ANGPTL7	-0.10750799147342238
ANHX	0.01662385077221252
ANK1	-0.4105209170965607
ANK2	-0.40562002710155115
ANK3	0.24891346131743983
ANKAR	-0.28364886894297064
ANKDD1A	-0.2772091912197736
ANKDD1B	0.016636082228591236
ANKEF1	0.21245439040964245
ANKFN1	0.12200824343815968
ANKFY1	-0.07397360151608331
ANKH	0.30861614971557844
ANKHD1	-0.1711808286178387
ANKHD1-EIF4EBP3	-0.11764104312774146
ANKIB1	0.060060489816101695
ANKK1	-0.06661857810910245
ANKLE1	-0.3490081591151177
ANKLE2	-0.21362761387681498
ANKMY1	-0.4857552667578374
ANKMY2	0.3417630524982928
ANKRA2	-0.08006667143027525
ANKRD1	-0.14682719587741355
ANKRD10	-0.2512037907605493
ANKRD10-IT1	-0.282794138927086
ANKRD11	0.08159951262659958
ANKRD12	-0.1708349863477505
ANKRD13A	-0.32129085239223937
ANKRD13B	-0.08774577349037291
ANKRD13C	0.003034189779353471
ANKRD13D	-0.39294237933209775
ANKRD16	-0.102591633818255
ANKRD17	-0.058727765192053756
ANKRD18A	0.26776021049089993
ANKRD18B	-0.29149209610385945
ANKRD18CP	-0.21221357842415992
ANKRD18DP	-0.5286038371149658
ANKRD18EP	0.10768748705754048
ANKRD19P	-0.2971134567081804
ANKRD2	-0.18893670314769964
ANKRD20A1	-0.041584462729402374
ANKRD20A10P	0.1856377798497778
ANKRD20A11P	0.023225322681221967
ANKRD20A12P	0.00355712662185865
ANKRD20A14P	-0.09970371029256224
ANKRD20A17P	0.17097273708346464
ANKRD20A18P	-0.16626092337117265
ANKRD20A19P	0.263230611303956
ANKRD20A2	-0.1342554905295017
ANKRD20A3	-0.02781268125889143
ANKRD20A4	0.22673750677564322
ANKRD20A5P	0.019788302363518497
ANKRD20A7P	-0.055345894211930084
ANKRD20A8P	0.02819999023161151
ANKRD20A9P	-0.2105986574780543
ANKRD22	-0.1009530858608179
ANKRD23	-0.2530007907126604
ANKRD24	-0.1530709159314993
ANKRD26	-0.20535494562605794
ANKRD26P1	-0.25463993019753506
ANKRD26P2	-0.1626746129980939
ANKRD26P3	0.006741551716197065
ANKRD26P4	-0.38570967894979946
ANKRD27	0.15110886744789664
ANKRD28	0.15515792048490895
ANKRD29	-0.4584345754240014
ANKRD30A	0.08138996693021158
ANKRD30B	0.20342756030631676
ANKRD30BL	-0.08897104735643714
ANKRD30BP1	0.07374943272088119
ANKRD30BP2	-0.15141075226486014
ANKRD30BP3	-0.04947105959806506
ANKRD31	-0.416312021132316
ANKRD32	-0.31323027423420324
ANKRD33	0.11049900434249674
ANKRD33B	-0.3662819701560946
ANKRD33B-AS1	0.07991861413674624
ANKRD34A	-0.5024923430260155
ANKRD34B	-0.31109334578319614
ANKRD34C	-0.06760655290768328
ANKRD35	-0.14167148742090283
ANKRD36	-0.34953062591845346
ANKRD36B	0.10652154019391835
ANKRD36BP1	0.38088064212036493
ANKRD36BP2	-0.22406755218678046
ANKRD36C	-0.11251829528949858
ANKRD36P1	-0.16171891929644236
ANKRD37	0.1541882062553533
ANKRD39	-0.1304770628362148
ANKRD40	-0.10242781712257604
ANKRD42	-0.09252355936200404
ANKRD44	-0.4927402647653269
ANKRD44-IT1	-0.5639603269615341
ANKRD45	-0.1590027719145886
ANKRD46	-0.0341335596486662
ANKRD49	-0.2040579284606543
ANKRD50	0.14931232206630443
ANKRD52	-0.07109434430770636
ANKRD53	0.14483848363494628
ANKRD54	-9.527850801961612e-06
ANKRD54P1	
ANKRD55	-0.38819947672726696
ANKRD6	-0.5268295978276567
ANKRD60	0.08070041569965013
ANKRD61	-0.07694259297942892
ANKRD62	-0.20301353142071396
ANKRD62P1	
ANKRD62P1-PARP4P3	
ANKRD63	-0.045967794209275076
ANKRD65	-0.3775368543869559
ANKRD66	-0.2310537891776169
ANKRD7	-0.3021090279815411
ANKRD9	0.3016276991685402
ANKS1A	0.2098684420397462
ANKS1B	-0.16814422106655544
ANKS3	0.05609179481859763
ANKS4B	0.42296817475675036
ANKS6	0.13681837589066453
ANKUB1	-0.02415742599824956
ANKZF1	-0.1882244659045677
ANLN	-0.21075833136044123
ANO1	0.08896438802691166
ANO1-AS1	0.19079421275886732
ANO1-AS2	0.10279105977507046
ANO10	0.38528678670381794
ANO2	-0.023325402956939672
ANO3	-0.13641843819041682
ANO4	-0.10152828109263705
ANO5	0.13211581598460087
ANO6	-0.0844852715661456
ANO7	0.4064878477840869
ANO7P1	0.09254485698822017
ANO8	-0.01953639685985222
ANO9	0.07919732639850473
ANP32A	-0.2746070885115704
ANP32AP1	0.10186138593236663
ANP32B	-0.4020425402579087
ANP32BP1	-0.11907181211852132
ANP32BP2	0.03395195210194179
ANP32BP3	0.06426713957250385
ANP32C	0.031258265455512434
ANP32D	-0.1802075174950079
ANP32E	-0.4411822825858369
ANPEP	0.1419746777830397
ANTXR1	-0.26148798962636094
ANTXR2	-0.056206796737122124
ANTXRL	-0.09334278568642938
ANTXRLP1	-0.5639424288421229
ANXA1	-0.22173608507831624
ANXA10	0.27176222669676026
ANXA11	0.28876623295366016
ANXA13	0.28048771678203976
ANXA2	-0.0757475204961237
ANXA2P1	0.043326326558010365
ANXA2P2	0.0014014525276002908
ANXA2P3	0.05871157114086062
ANXA2R	-0.37753116089454464
ANXA3	-0.14183261525843543
ANXA4	0.11711080278640072
ANXA5	-0.38350613854821075
ANXA6	-0.4819166790975085
ANXA7	-0.10694518797007828
ANXA8	-0.036065402307768765
ANXA8L1	-0.010892867679860786
ANXA8L2	-0.2529527887043923
ANXA9	0.10677243826521293
AOAH	-0.28196001964893336
AOAH-IT1	-0.29165256574496856
AOC1	0.18287609906456787
AOC2	-0.16868281455007778
AOC3	0.18326881185063582
AOC4P	0.1099351703171469
AOX1	-0.10302762615963502
AOX2P	0.18096038770593179
AOX3P	-0.006040850529992148
AP1AR	0.3126048874023298
AP1B1	-0.16202465918706288
AP1B1P1	0.10977608001818957
AP1B1P2	-0.11935586502608764
AP1G1	0.053010392825262154
AP1G2	-0.22452347229917632
AP1M1	-0.22950266162926394
AP1M2	0.18665746956441628
AP1S1	0.18229241408156027
AP1S2	-0.4203219689163907
AP1S3	-0.3131334613
AP2A1	0.0029695096770751134
AP2A2	0.07117209479502365
AP2B1	-0.039718544225849556
AP2M1	-0.008873271696558417
AP2S1	0.006275829804680636
AP3B1	0.07519547983867604
AP3B2	-0.31509025752205827
AP3D1	0.057396338958844495
AP3M1	-0.14106716201846312
AP3M2	-0.24001695585424782
AP3S1	0.17960094821329903
AP3S2	0.13344349344417564
AP4B1	-0.15612962729971858
AP4B1-AS1	-0.022255186225062066
AP4E1	-0.1761901471125429
AP4M1	0.400298748687025
AP4S1	-0.2423996739253111
AP5B1	0.00029017930505593196
AP5M1	0.11515400379540126
AP5S1	-0.07569861323088954
AP5Z1	0.02182376232421484
APAF1	-0.04736188168237789
APBA1	0.06843458286909282
APBA2	-0.37406954530923386
APBA3	-0.1515113507151409
APBB1	-0.4476936669415176
APBB1IP	-0.43862477240815406
APBB2	0.09509188375935541
APBB3	-0.1634413556238208
APC	0.04860766754767197
APC2	-0.03859933675359215
APCDD1	0.08625891599766163
APCDD1L	0.026915557251886716
APCDD1L-AS1	0.05939495297502347
APCS	0.16146486401346957
APEH	-0.05936789926770138
APEX1	-0.254986727873031
APEX2	-0.39924386109238197
APH1A	0.03522475110843379
APH1B	-0.33255092310200873
API5	-0.16815798541158294
API5P1	0.1938586493928019
API5P2	-0.07157289278511399
APIP	-0.051845985358365924
APITD1	0.1104783166518839
APITD1-CORT	
APLF	-0.260141827608726
APLN	-0.16912215801826005
APLNR	-0.008384381464436418
APLP1	-0.1934440391527794
APLP2	0.280582551983076
APMAP	-0.02662407707664497
APOA1	0.06348453129457635
APOA1BP	-0.0897187267479422
APOA2	-0.11908562870016533
APOA4	0.2704855236171338
APOA5	0.2885262339263487
APOB	0.05415793783713652
APOBEC1	0.19348563245467418
APOBEC2	-0.11906163772387515
APOBEC3A	-0.11416988096369873
APOBEC3AP1	0.11125760384342238
APOBEC3B	-0.09117536838986184
APOBEC3B-AS1	-0.18862401910624796
APOBEC3C	-0.116335146610743
APOBEC3D	-0.4823381631437083
APOBEC3F	-0.4001305839499086
APOBEC3G	-0.4504002578045117
APOBEC3H	-0.3082952235813405
APOBEC4	0.18841042428932994
APOBR	0.04461263453017065
APOC1	-0.4990426112803958
APOC1P1	-0.26456578596475877
APOC2	0.039372013782839776
APOC3	0.32733498730913724
APOC4	
APOC4-APOC2	
APOD	-0.06859176475117007
APOE	-0.331604578164532
APOF	0.20162761141373942
APOH	0.0643355066255758
APOL1	0.1651583020658585
APOL2	-0.0920431205132739
APOL3	-0.3953694836461068
APOL4	-0.05985659650788333
APOL5	-0.2442130517348793
APOL6	0.0758332828344317
APOLD1	-0.05520230224148473
APOM	0.1057918957765797
APOO	-0.10655443986741076
APOOL	0.04036959912930817
APOOP1	-0.2762979906897932
APOOP2	
APOOP3	0.06494851650650511
APOOP4	-0.0017757081720369224
APOOP5	-0.29880841668058206
APOPT1	0.055489084678056286
APP	0.09627762109536704
APPBP2	-0.02048017737976442
APPL1	0.045391534875731346
APPL2	0.3310429486056558
APRT	-0.160485350651754
APTX	-0.22235443747923592
AQP1	0.07119723884344718
AQP10	0.047497549190307096
AQP11	0.2685768269698086
AQP12A	0.059163349383371686
AQP12B	0.009631443267942722
AQP2	-0.0011903610859465136
AQP3	0.11659854140693425
AQP4	0.025489336000583833
AQP4-AS1	0.19784194875153108
AQP5	0.041521680237218445
AQP6	-0.07240418746654077
AQP7	0.08986077021136536
AQP7P1	0.06129642142419354
AQP7P2	0.006887578640922632
AQP7P3	0.13928746656072888
AQP7P4	0.2458982011105405
AQP8	0.15343420117474266
AQP9	-0.37542351785008504
AQPEP	-0.28433521362060266
AQR	-0.10643652042843237
AR	-0.0068057964329017355
ARAF	-0.06544082383149931
ARAP1	-0.2651213024454522
ARAP1-AS1	-0.11540968103867622
ARAP1-AS2	0.2253797556880518
ARAP2	-0.3933196652584076
ARAP3	-0.03444417654113462
ARC	0.1466972632588987
ARCN1	0.17899795907670304
AREG	-0.10176935201397119
AREGB	-0.08207782222464428
AREL1	0.16897505168062288
ARF1	0.25773581372854043
ARF1P1	0.07124718267562592
ARF1P2	0.02628099761731069
ARF1P3	0.08156148970066882
ARF3	-0.033472400546587795
ARF4	0.1061164916665346
ARF4P2	0.22166086588620398
ARF4P3	0.08790039161190649
ARF4P4	0.33033565180175517
ARF5	0.03997538328984134
ARF6	0.019032164994756084
ARFGAP1	-0.0796916473578351
ARFGAP2	-0.2535500254503627
ARFGAP3	0.09795034693126957
ARFGEF1	0.12848265577116408
ARFGEF2	-0.027674107483038404
ARFIP1	0.16449304207897608
ARFIP2	0.34462508585359247
ARFRP1	-0.03287323435840912
ARG1	-0.10739471652004866
ARG2	0.07735656673282637
ARGFX	-0.19290144609542448
ARGFXP1	-0.08141660785679566
ARGFXP2	0.14941865319025666
ARGLU1	-0.23224660601340982
ARHGAP1	-0.0754776965840734
ARHGAP10	-0.2277384762286525
ARHGAP11A	-0.23605587230310868
ARHGAP11B	-0.19836444890353122
ARHGAP12	0.24905857541769855
ARHGAP15	-0.46904527406886215
ARHGAP17	-0.11724295860205346
ARHGAP18	0.3074661857382817
ARHGAP19	-0.41283568285098554
ARHGAP19-SLIT1	-0.1917640562851181
ARHGAP20	-0.020418787612020664
ARHGAP21	0.1834574874833156
ARHGAP22	-0.3490934585355218
ARHGAP22-IT1	-0.18358742158478072
ARHGAP23	-0.31840372928842803
ARHGAP23P1	-0.19459321685086803
ARHGAP24	-0.41790204637117895
ARHGAP25	-0.48017592595231795
ARHGAP26	0.008205707745367889
ARHGAP26-AS1	-0.2593183541023693
ARHGAP26-IT1	0.2975066075664261
ARHGAP27	0.14131673500755831
ARHGAP28	-0.17209374951757683
ARHGAP29	-0.2286126273859388
ARHGAP30	-0.46188808023761957
ARHGAP31	-0.2695040573240326
ARHGAP31-AS1	-0.030586800076272496
ARHGAP32	0.34188550409966256
ARHGAP33	-0.18937343626923803
ARHGAP35	0.2372921843201119
ARHGAP36	0.04427051281538734
ARHGAP39	0.04242638178648191
ARHGAP4	-0.27418289320443057
ARHGAP40	0.07743679002408348
ARHGAP42	0.03389193974592704
ARHGAP42P1	-0.26730915269332994
ARHGAP42P2	0.08347356462754717
ARHGAP42P3	0.06722214531100397
ARHGAP42P4	-0.04189894648478932
ARHGAP42P5	-0.3017596538209026
ARHGAP44	0.11449256367423848
ARHGAP5	0.18656383736586374
ARHGAP5-AS1	0.22888496444903353
ARHGAP6	-0.0909382299328793
ARHGAP8	0.002239170702625467
ARHGAP9	-0.39897744132447616
ARHGDIA	0.10025525201717503
ARHGDIB	-0.4536950144949936
ARHGDIG	-0.022882153835240046
ARHGEF1	-0.33517652457532954
ARHGEF10	-0.1546951788695258
ARHGEF10L	0.204106117459831
ARHGEF11	0.3206498065168352
ARHGEF12	0.13078350075752296
ARHGEF15	-0.1984357065171499
ARHGEF16	0.347388067264003
ARHGEF17	-0.07762307237946028
ARHGEF18	0.17258757343191788
ARHGEF19	-0.010299145133733442
ARHGEF2	-0.3527507522555039
ARHGEF25	-0.14905085579193075
ARHGEF26	0.20548491743268185
ARHGEF26-AS1	-0.020297079020010215
ARHGEF28	-0.09435607929514665
ARHGEF3	-0.39500180510919985
ARHGEF3-AS1	-0.11731044322241563
ARHGEF33	-0.04906388649906711
ARHGEF34P	0.10811810823009987
ARHGEF35	0.0155996383780322
ARHGEF37	0.06251637578710259
ARHGEF38	0.1489278906110421
ARHGEF38-IT1	0.25524590738940606
ARHGEF39	-0.09254735069713887
ARHGEF4	0.19671005362723437
ARHGEF40	0.22601431425158397
ARHGEF5	0.1099179441149308
ARHGEF6	-0.4809905732410443
ARHGEF7	-0.2139594122095059
ARHGEF7-AS1	-0.026292044516778346
ARHGEF7-AS2	0.16243257284049528
ARHGEF7-IT1	
ARHGEF9	0.0336252484217829
ARHGEF9-IT1	-0.028324730029229788
ARID1A	-0.27750732627705516
ARID1B	-0.33600793778375504
ARID2	-0.24092666227635812
ARID3A	-0.2209859634285509
ARID3B	-0.023485238608075026
ARID3C	0.02435674203725832
ARID4A	-0.17794659375333838
ARID4B	-0.4268756373809778
ARID5A	-0.3755633660045497
ARID5B	-0.37608285702562155
ARIH1	-0.03165212108329205
ARIH2	-0.2630772794298251
ARIH2OS	-0.05855204599895018
ARIH2P1	0.08106556706168182
ARL1	0.054967846259314605
ARL10	-0.4991527922797001
ARL11	-0.40511626356214736
ARL13A	0.24794811211402226
ARL13B	-0.22122759204322906
ARL14	0.10527927903093434
ARL14EP	-0.3937016014041325
ARL14EPL	-0.3497326575656389
ARL15	-0.028110692517014053
ARL16	-0.32066359467479527
ARL17A	-0.14446126197471035
ARL17B	0.22485995935533598
ARL2	-0.033362941496824436
ARL2BP	-0.23458723844380658
ARL2BPP1	
ARL2BPP10	0.0816632954038007
ARL2BPP2	-0.19290144609542448
ARL2BPP3	0.00355712662185865
ARL2BPP4	0.07627663103744552
ARL2BPP5	
ARL2BPP6	
ARL2BPP7	-0.27389919522749734
ARL2BPP8	-0.24254149121594412
ARL3	-0.1400729111448561
ARL4A	0.023849309616078448
ARL4C	-0.32785039759683776
ARL4D	0.04137186828862012
ARL4P	0.06681517827817374
ARL5A	-0.16083728230480338
ARL5AP1	0.08392095049566564
ARL5AP2	0.267950750753896
ARL5AP3	0.22057541530277577
ARL5AP4	0.048038779507707574
ARL5B	0.030309918383064342
ARL5B-AS1	-0.3666942959313724
ARL5C	-0.15661156382652086
ARL6	-0.266809046377299
ARL6IP1	0.1233749636235728
ARL6IP1P1	0.1709012174379703
ARL6IP1P2	-0.14149531566777418
ARL6IP1P3	0.20312960525947635
ARL6IP4	-0.06837832792063323
ARL6IP5	-0.34578345027528457
ARL6IP6	-0.1492768915177145
ARL8A	-0.007387713419898945
ARL8B	-0.023003302630191732
ARL9	0.03316327125141086
ARMC1	-0.17642682463859005
ARMC10	-0.1373747895342382
ARMC10P1	0.10656499119853369
ARMC12	-0.37158837171650366
ARMC2	-0.12680586467472246
ARMC2-AS1	0.17127798906044867
ARMC3	-0.18857951214299212
ARMC4	-0.46930727024041496
ARMC4P1	0.25841203206246655
ARMC5	-0.0842948758344309
ARMC6	-0.17007843615822726
ARMC7	0.11433657398878982
ARMC8	-0.22981814192767896
ARMC9	-0.09290251707200012
ARMCX1	-0.11950972850285464
ARMCX2	-0.20481007949153374
ARMCX3	-0.03726244335083529
ARMCX3-AS1	-0.23462097238970286
ARMCX4	-0.02526294080096652
ARMCX5	0.14065723096526608
ARMCX6	-0.434453832563778
ARMS2	0.19454065391809217
ARNT	-0.04744636939778077
ARNT2	-0.5192073773461572
ARNTL	-0.3134076699875011
ARNTL2	-0.416940264946617
ARPC1A	0.3246064826058564
ARPC1B	-0.13691895779726393
ARPC2	-0.22178875447308483
ARPC3	-0.2763325623461214
ARPC3P1	0.07346493588523224
ARPC3P2	0.0017184834440635045
ARPC3P5	0.2289836359139825
ARPC4	-0.21126927635997195
ARPC4-TTLL3	-0.020783347415587964
ARPC5	-0.22648050157525562
ARPC5L	-0.25691697861044605
ARPP19	-0.28656619540084793
ARPP21	0.06116238246441186
ARPP21-AS1	0.14941865319025666
ARR3	0.10863682141582308
ARRB1	0.10933099535400091
ARRB2	-0.0695677237385645
ARRDC1	0.07903362887234179
ARRDC2	-0.2017455669636439
ARRDC3	-0.14219634544671758
ARRDC4	0.09590420054877098
ARRDC5	-0.33847169014959216
ARSA	0.10174427610050585
ARSB	-0.030957109521609093
ARSD	0.1920373982539125
ARSD-AS1	-0.14994599015193077
ARSDP1	0.11853772487203809
ARSE	0.15388263832218801
ARSEP1	0.3012033597655834
ARSF	0.07391109009166096
ARSFP1	0.0613759817912587
ARSG	-0.3986745048726857
ARSH	-0.23456754988035688
ARSI	-0.1683322729102615
ARSJ	-0.022534344562174353
ARSK	-0.05057727828175255
ART1	-0.11574427988041724
ART3	-0.01671372560849765
ART4	-0.4454522943669289
ART5	-0.12929098538663503
ARTN	-0.193515973637059
ARV1	-0.10814610230726301
ARVCF	0.23747236448777412
ARX	0.20036065977221099
AS3MT	0.17315972938424545
ASAH1	-0.05778506848651091
ASAH2	-0.03890956206511136
ASAH2B	0.11378141731024775
ASAH2C	-0.14359960822549317
ASAP1	-0.42712137663860533
ASAP2	0.4056908945615914
ASAP3	0.04373382039625115
ASB1	-0.3588900098994293
ASB10	0.13584508506363405
ASB11	-0.0007581189611445432
ASB12	
ASB13	0.10010618023722442
ASB14	0.25750673081085507
ASB15	0.016509108313089757
ASB16	0.2177389039797336
ASB16-AS1	-0.31459680235080895
ASB17	-0.1994405709039652
ASB18	0.27943460588863744
ASB2	-0.4110526805400268
ASB3	-0.17507414798837867
ASB4	0.17069770104773427
ASB5	0.04830562059148878
ASB6	-0.18029230760302062
ASB7	0.03317553072813323
ASB8	0.024291621610420564
ASB9	0.015366902628781914
ASB9P1	0.2878190007219099
ASCC1	-0.21017250725043082
ASCC2	0.02988777223153189
ASCC3	-0.19286274067483206
ASCL1	0.11610418554045242
ASCL2	0.17873603982956615
ASCL3	0.08392095049566564
ASCL4	-0.1881644540090755
ASCL5	0.08613932638178064
ASF1A	-0.1840098388567279
ASF1B	-0.3308165724527869
ASGR1	0.3763920645553916
ASGR2	-0.2019386679182308
ASH1L	-0.06308129513542407
ASH1L-AS1	-0.11856472242546434
ASH1L-IT1	-0.1262564529388022
ASH2L	-0.1127260551090755
ASH2LP1	-0.19486266006078315
ASIC1	0.0012906085518311875
ASIC2	0.07037594518272533
ASIC3	-0.1705381493187969
ASIC4	-0.10042839732078986
ASIC5	-0.16174875937051847
ASIP	-0.14695548908301717
ASL	0.07584538909924238
ASLP1	0.023202836917614073
ASMT	-0.1894931859175631
ASMTL	-0.18043793007028083
ASMTL-AS1	-0.10138809506399846
ASNA1	-0.2579600739791505
ASNS	-0.16946387535025031
ASNSD1	-0.2568380405099191
ASNSP1	0.13962235614269206
ASNSP3	0.20028431375210742
ASNSP4	-0.024835392366598392
ASNSP5	0.12178682495742474
ASPA	0.06690034267257243
ASPDH	0.19062991707318358
ASPG	0.1679261981095753
ASPH	0.19900025618997969
ASPHD1	-0.042298910624540526
ASPHD2	-0.4312397681885611
ASPM	-0.2914618359069679
ASPN	0.06958340473142789
ASPRV1	-0.06934868408964828
ASPSCR1	-0.058901980320658125
ASRGL1	0.0022629726287675986
ASS1	0.13321207802152274
ASS1P1	0.0993674832005314
ASS1P10	0.1725340551804431
ASS1P11	0.1666197969685841
ASS1P12	0.2077174753451722
ASS1P2	0.07485977736483958
ASS1P4	0.09854640735576228
ASS1P5	0.11564295212914057
ASS1P6	0.09727662629111519
ASS1P7	0.2643316551187679
ASS1P9	0.20535116107493534
ASTE1	-0.03908656601014419
ASTL	-0.2646171293669013
ASTN1	-0.3241629246201536
ASTN2	0.01724798352607201
ASUN	-0.4166891690082013
ASXL1	-0.5060521172609147
ASXL2	-0.18822014458266792
ASXL3	-0.1528846291494887
ASZ1	-0.20145597616847133
ATAD1	-0.04140113731124246
ATAD2	-0.3682147609844929
ATAD2B	-0.2647881650140754
ATAD3A	-0.010045804621330461
ATAD3B	-0.15197955649246303
ATAD3C	-0.1919513746448616
ATAD5	-0.37640553910663654
ATAT1	-0.07302221300594007
ATCAY	-0.07478244737315176
ATE1	-0.01564499172722385
ATF1	-0.1391385401233983
ATF1P1	-0.24254149121594412
ATF2	-0.14813765920574892
ATF3	-0.05698761311511938
ATF4	0.23412279607736342
ATF4P1	0.09987663803943556
ATF4P2	0.2041287590371654
ATF4P3	0.187006564480558
ATF4P4	-0.014364186235297085
ATF5	-0.0017554509550091527
ATF6	-0.044544994277531016
ATF6B	-0.12740899942734524
ATF7	-0.0587648507693188
ATF7IP	-0.40518628487444663
ATF7IP2	-0.43376635966287047
ATG10	0.1612474022705757
ATG10-AS1	
ATG10-IT1	0.00355712662185865
ATG12	-0.24119508288244038
ATG12P2	-0.02584145002919778
ATG13	0.10230255141280624
ATG14	-0.08512427681034812
ATG16L1	0.08406563105851186
ATG16L2	-0.28966475455275337
ATG2A	0.1371825822693423
ATG2B	-0.09020044669602091
ATG3	0.0290930054265033
ATG3P1	0.032227446942803314
ATG4A	0.21101424587125722
ATG4AP1	0.0824347337370877
ATG4B	-0.1051473176920092
ATG4C	-0.2258536913193883
ATG4D	0.15849510306751335
ATG5	0.36539728561525475
ATG7	-0.3101572787641862
ATG9A	0.37077688302517753
ATG9B	-0.31840292116739677
ATHL1	-0.15995744681911572
ATIC	-0.17173358440585065
ATL1	0.022796892279960436
ATL2	0.02101736491631888
ATL3	0.09555045677932134
ATM	-0.44868318569629345
ATMIN	0.1279117686779547
ATN1	0.12249904410788867
ATOH1	0.5462448272947907
ATOH7	-0.10975733749922924
ATOH8	0.005213794311791276
ATOX1	-0.20879571671475872
ATP10A	-0.24002023878541195
ATP10B	0.16310372374886017
ATP10D	-0.39640499103263566
ATP11A	0.06148332138181299
ATP11A-AS1	0.04008468535525586
ATP11B	-0.13406575687858094
ATP11C	-0.2601158107509015
ATP12A	0.1437018466250851
ATP13A1	-0.1372619182442272
ATP13A2	-0.3373879830322736
ATP13A3	-0.05240022488013434
ATP13A4	0.004826369830746308
ATP13A4-AS1	-0.11062233725064605
ATP13A5	0.21707533159986364
ATP13A5-AS1	0.09330820264961365
ATP1A1	0.31511694350379116
ATP1A1OS	0.0032493196948784257
ATP1A2	0.159681288320003
ATP1A3	-0.4158896754644284
ATP1A4	-0.46270148560968744
ATP1B1	0.30684998231259375
ATP1B1P1	0.22644456655341935
ATP1B2	-0.04183460525379088
ATP1B3	0.12217782763852221
ATP1B3-AS1	-0.07468794301605437
ATP1B3P1	0.2246011972262432
ATP1B4	-0.02552252896144943
ATP2A1	-0.0877150703255941
ATP2A2	0.24773755101486364
ATP2A3	-0.2565324089464548
ATP2B1	-0.050832674949358135
ATP2B2	-0.11374240581470339
ATP2B2-IT1	0.38088064212036493
ATP2B2-IT2	-0.0026366779991051836
ATP2B3	-0.3540651796346687
ATP2B4	-0.39823654536823105
ATP2C1	0.09270203414537675
ATP2C2	0.22680404564641618
ATP4A	-0.22892296715090235
ATP4B	0.15250976647800032
ATP5A1	0.22533186387458082
ATP5A1P1	0.14530850590428
ATP5A1P10	-0.008069081878418927
ATP5A1P2	0.009287951977318718
ATP5A1P3	0.06559580961156285
ATP5A1P5	-0.04988722148939698
ATP5A1P6	-0.015981715908871454
ATP5A1P7	0.0036172463711692826
ATP5A1P8	0.06947304154478216
ATP5A1P9	0.09667141485469452
ATP5B	0.3689250672796531
ATP5BP1	0.017285230357752323
ATP5C1	0.35677556447599096
ATP5C1P1	0.10001801199633438
ATP5D	0.014769700626871076
ATP5E	-0.14325701567441942
ATP5EP1	0.23207040816321395
ATP5EP2	-0.019500939191198694
ATP5F1	0.18933689072376902
ATP5F1P1	-0.009648395873177562
ATP5F1P2	-0.04759444246162299
ATP5F1P3	-0.04081296115329
ATP5F1P4	0.1375580762843894
ATP5F1P5	-0.03215183785334026
ATP5F1P6	-0.05720917603774854
ATP5F1P7	0.10987980481086913
ATP5G1	-0.14053534384273833
ATP5G1P1	-0.09662472032337993
ATP5G1P3	-0.18229475458436584
ATP5G1P4	-0.10397793292870632
ATP5G1P5	-0.381350883879123
ATP5G1P6	-0.31009582187741774
ATP5G1P7	0.14458446804432007
ATP5G1P8	-0.019415725177365818
ATP5G2	-0.18848143147560856
ATP5G2P1	0.007674722029852044
ATP5G2P3	-0.12002695022520728
ATP5G2P4	-0.2979093028617629
ATP5G3	0.06838952475834621
ATP5H	0.026699452481551818
ATP5HP1	0.2281413992218503
ATP5I	-0.027636469255044663
ATP5J	0.03311472694789187
ATP5J2	-0.012999429377001884
ATP5J2-PTCD1	0.07058868417185743
ATP5J2LP	0.2828395602640671
ATP5J2P3	-0.07643940381459777
ATP5J2P6	-0.0018657764131089015
ATP5JP1	0.07508252432639818
ATP5L	-0.3074787001546647
ATP5L2	-0.1788653215429487
ATP5LP2	0.10319964835339539
ATP5LP3	0.10793439647921789
ATP5LP4	0.042766980461212
ATP5LP5	-0.012112178907209805
ATP5LP6	
ATP5LP7	0.046574834736679956
ATP5O	0.045406160147784196
ATP5S	0.024589928751887702
ATP5SL	0.09564928483097593
ATP6AP1	-0.015261818382679747
ATP6AP1L	-0.13377918093983757
ATP6AP2	-0.001358286488732201
ATP6C	
ATP6V0A1	0.3515016375882912
ATP6V0A2	-0.32801502886838496
ATP6V0A4	-0.10302628911699149
ATP6V0B	-0.01950423625761079
ATP6V0C	-0.06542928161966266
ATP6V0CP1	-0.37110093847337033
ATP6V0CP2	0.09125643110111703
ATP6V0CP3	0.08684991340494004
ATP6V0D1	0.010385482943259002
ATP6V0D2	-0.09433544124352489
ATP6V0E1	-0.2857764446154832
ATP6V0E1P1	0.00355712662185865
ATP6V0E1P2	0.06359077732137794
ATP6V0E1P3	0.08594221074537009
ATP6V0E1P4	-0.1089222052755103
ATP6V0E2	0.0372948055549636
ATP6V0E2-AS1	-0.2040944150955543
ATP6V1A	-0.09811541748546845
ATP6V1B1	0.017855623316156494
ATP6V1B2	0.0683329019645455
ATP6V1C1	-0.06510977293404376
ATP6V1C2	0.15809611898927362
ATP6V1D	0.0726233958838041
ATP6V1E1	-0.034741413951945285
ATP6V1E1P1	0.3395518972871099
ATP6V1E2	-0.45073145565940037
ATP6V1F	-0.29084718720004765
ATP6V1G1	-0.33279232191352665
ATP6V1G1P2	-0.2494248954044144
ATP6V1G1P3	0.18242931288751005
ATP6V1G1P4	0.1014454271787398
ATP6V1G1P6	-0.12304839480804512
ATP6V1G1P7	
ATP6V1G2	-0.5273950801796303
ATP6V1G2-DDX39B	
ATP6V1G3	-0.16393919394078604
ATP6V1H	-0.10733429144924651
ATP7A	-0.041527293306418196
ATP7B	-0.024092731350657724
ATP8A1	-0.04127334294484379
ATP8A2	-0.24184804830414697
ATP8A2P1	0.03145977688621145
ATP8A2P2	0.330343280981586
ATP8A2P3	-0.18849662037077403
ATP8B1	0.14154891046546722
ATP8B2	-0.40145866475692926
ATP8B3	-0.3524622113873764
ATP8B4	-0.15265606576680738
ATP8B5P	0.030436221971515808
ATP9A	0.25101458764120266
ATP9B	0.07595547186297513
ATPAF1	0.12113123385134472
ATPAF2	-0.27067266529066253
ATPIF1	0.19393520901351227
ATR	-0.3041105856324381
ATRAID	-0.020126601696786362
ATRIP	-0.31970094253408693
ATRN	0.23579831040269122
ATRNL1	-0.24631680380621548
ATRX	-0.3606909645432719
ATXN1	-0.06767840103860381
ATXN10	-0.20563708019574653
ATXN1L	-0.010849878625219826
ATXN2	-0.037853765351781386
ATXN2L	-0.367867133351922
ATXN3	-0.1447860839623521
ATXN3L	-0.08289015630476575
ATXN7	-0.18999890645098663
ATXN7L1	-0.054527124050593415
ATXN7L2	-0.2840962248523963
ATXN7L3	-0.01063565915439191
ATXN7L3B	-0.1326561182408382
ATXN8OS	0.04950790547391917
AUH	0.2817248838897406
AUNIP	-0.19524482644193739
AUP1	0.04564167986850673
AURKA	-0.283459595408172
AURKAIP1	0.030851115255271427
AURKAPS1	-0.08370866689796834
AURKB	-0.2676863026952769
AURKC	-0.26275061702087543
AUTS2	0.21152046250158976
AVEN	0.044305144919004565
AVIL	0.18794901290838167
AVL9	0.0653047330847092
AVP	-0.01669775978839082
AVPI1	0.2338683338821794
AVPR1A	0.07014850907269957
AVPR1B	0.0800039463779436
AVPR2	-0.1974696509408475
AWAT1	-0.14718732072849444
AWAT2	-0.12009436452784797
AXDND1	-0.07819393284470216
AXIN1	0.20020123767665848
AXIN2	0.12810392647266483
AXL	0.08447852913205314
AZGP1	0.10719095553263439
AZGP1P1	0.3026041663641838
AZGP1P2	-0.14531644593373308
AZI1	-0.17537060720700634
AZI2	0.09855104257178737
AZIN1	-0.068905698057136
AZU1	-0.25567138383727345
AZU1P1	0.1935697539052563
B2M	0.05111700769779344
B3GALNT1	-0.42505270937016526
B3GALNT2	0.21374060000782324
B3GALT1	-0.022389692525117473
B3GALT2	0.05310844152205149
B3GALT4	0.11524448417198076
B3GALT5	0.11241846766182947
B3GALT6	-0.16289319066667282
B3GALTL	-0.3711966934512546
B3GAT1	-0.28606609322881577
B3GAT2	-0.035188560893096944
B3GAT3	-0.165231535347886
B3GNT1	0.12211170787579237
B3GNT2	-0.04170600221561121
B3GNT3	0.0022960795972198655
B3GNT4	-0.114468610770374
B3GNT5	0.135966693807044
B3GNT6	0.29072904962824686
B3GNT7	0.07866784731916308
B3GNT8	0.17311161110894543
B3GNT9	-0.1531058866100729
B3GNTL1	-0.21227642533122848
B4GALNT1	-0.47426837980699316
B4GALNT2	0.12609692243726414
B4GALNT3	0.004556454478671468
B4GALNT4	-0.17564269462284263
B4GALT1	-0.027299195566139866
B4GALT2	0.1527088386711406
B4GALT3	-0.30251153016141596
B4GALT4	0.35516178665291515
B4GALT4-AS1	-0.11032061050302117
B4GALT5	0.09698960359931681
B4GALT6	0.13150173563061418
B4GALT7	-0.134530087592388
B9D1	-0.07315707155541146
B9D2	-0.20116017812516995
BAALC	-0.1644656774249637
BAAT	0.0008782918384800015
BAATP1	0.05796456076057872
BABAM1	-0.12850017026721236
BACE1	0.12086138575549613
BACE2	-0.1984809093039228
BACE2-IT1	0.01527379539735448
BACH1	-0.01273418602528281
BACH1-AS1	-0.13110299879747536
BACH1-IT1	-0.2658396930476659
BACH1-IT2	-0.10510402734234077
BACH1-IT3	0.38088064212036493
BACH2	-0.3785333818795436
BAD	0.01167616603685381
BAG1	0.2682723699366323
BAG2	-0.4612735196509512
BAG3	0.10652078633028109
BAG4	-0.17488512696681605
BAG5	-0.12045960800111366
BAG6	0.17887930847527975
BAGE2	-0.4339378783190833
BAHD1	0.04222493769386538
BAI1	-0.24514074940716685
BAI2	0.1220422539430712
BAI3	0.05952307823665549
BAIAP2	0.07043225414045248
BAIAP2-AS1	0.020638615102262683
BAIAP2L1	0.08510877547389101
BAIAP2L2	0.29507926726024114
BAIAP3	0.10442083795523334
BAK1	0.11845383562885212
BAK1P1	-0.0863277059592471
BAK1P2	0.13535857176768307
BAMBI	-0.21382102092945873
BANF1	-0.40268569370432017
BANF1P1	0.03796075943063829
BANF1P2	-0.04313343846602436
BANF1P3	-0.10826397486033547
BANF1P4	-0.35473978771485404
BANF1P5	0.1935697539052563
BANF2	-0.06209162687599134
BANK1	-0.4761533143684768
BANP	-0.17247899118408938
BAP1	-0.13721525682634722
BARD1	-0.32839266781541804
BARHL1	0.07527435523386154
BARHL2	0.15318839686993374
BARX1	-0.0425077232131845
BARX2	0.26331596893893844
BASP1	-0.38461478415083455
BASP1P1	0.046130531336376616
BATF	-0.4291329063903031
BATF2	0.000878789846670444
BATF3	-0.41362415100675176
BAX	-0.14635889531580562
BAZ1A	-0.20829709678821706
BAZ1B	-0.1700495819045447
BAZ2A	-0.1954889138598227
BAZ2B	-0.01453529892114272
BBC3	0.022691013781826176
BBIP1	-0.2519670330427847
BBOX1	0.1159253567406322
BBS1	-0.3759892026305894
BBS10	-0.3082999496516597
BBS12	0.23095968014971974
BBS2	0.13930269319262822
BBS4	-0.29761851492928704
BBS5	-0.013512827593014178
BBS7	-0.13583232396640027
BBS9	-0.11700782881903907
BBX	-0.321868132582163
BCAM	-0.16313906341882536
BCAN	-0.3584767370529488
BCAP29	-0.019699875624636185
BCAP31	0.0853136594479629
BCAR1	0.2500053208187024
BCAR3	-0.07636393690172598
BCAR4	0.11199211328180508
BCAS1	0.18677176184603247
BCAS2	-0.05439411463252267
BCAS2P1	-0.21791803212966032
BCAS2P2	-0.3501862109043095
BCAS2P3	0.2202693011087299
BCAS3	-0.18559230505011878
BCAS4	-0.35882317797449637
BCAT1	-0.30772001317134845
BCAT2	-0.024109931835677802
BCCIP	-0.19184358675458912
BCDIN3D	-0.18086868952859983
BCDIN3D-AS1	-0.2778562477226488
BCHE	0.1253662771941587
BCKDHA	-0.026935844477622563
BCKDHB	0.15802179137835254
BCKDK	0.18791898787825265
BCL10	-0.0026045657531721836
BCL11A	-0.43068979900805854
BCL11B	-0.34961412240594836
BCL2	-0.40379425815779124
BCL2A1	-0.44740087781704413
BCL2L1	0.2341486037360095
BCL2L10	0.07540368334092702
BCL2L11	-0.19757590355353408
BCL2L12	-0.4115244215826787
BCL2L13	0.06447155742735929
BCL2L14	0.06764538694089701
BCL2L15	0.3981022443870342
BCL2L2	0.4285330686209063
BCL2L2-PABPN1	-0.2510845167253542
BCL3	-0.05746858242348119
BCL6	-0.36765756940191197
BCL6B	-0.2099273595460709
BCL7A	-0.2972021159504405
BCL7B	0.04736410660705764
BCL7C	-0.13022837592265774
BCL9	0.00020606340545526478
BCL9L	0.018434788515408713
BCLAF1	-0.12476377297169483
BCMO1	0.2675934237335115
BCO2	0.0651704362760919
BCOR	-0.28112201669717657
BCORL1	0.08857661480379851
BCORP1	-0.09444905000438185
BCR	0.19848418409264493
BCRP1	-0.05847846837640218
BCRP2	0.3527264073060545
BCRP3	-0.07774678879423104
BCRP4	0.137620917169715
BCRP5	-0.21363258396019896
BCRP6	-0.008589710249447245
BCRP7	0.20859935541752472
BCRP8	0.22775979899195226
BCRP9	-0.09893873965690979
BCS1L	-0.1841459753362341
BCYRN1	-0.04917311883788018
BDH1	0.257003625491746
BDH2	0.13036331690845226
BDH2P1	0.17553037942423672
BDKRB1	0.16964462177109063
BDKRB2	0.14654656935775312
BDNF	-0.34056062201476456
BDNF-AS	-0.08380042871847357
BDP1	-0.2443256191893817
BDP1P	0.031390861209016574
BEAN1	-0.39454203916515923
BECN1	0.20539185892181988
BECN1P1	-0.01626945885121871
BEGAIN	0.23217894728406438
BEND2	-0.079388572782864
BEND3	0.053444775927415394
BEND3P2	0.20559482639772755
BEND3P3	-0.009578044247021775
BEND4	-0.4717782558160348
BEND5	-0.4059227473674046
BEND6	-0.25228691780410006
BEND7	0.22552155272734603
BEST1	-0.10360620386965207
BEST2	0.11251483991383798
BEST3	0.06447958126511955
BEST4	0.1786200835019325
BET1	-0.132226562989776
BET1L	0.11304874107514581
BEX1	0.010522810822232706
BEX2	-0.26759325707070386
BEX4	-0.023045950289011092
BEX5	-0.25096314901532873
BFAR	0.043701584179905155
BFSP1	0.13016125424136654
BFSP2	-0.3299128616087918
BFSP2-AS1	-0.3591000699055295
BGLAP	0.021053831047026208
BGN	-0.2658677933329175
BHLHA15	-0.012872404577436422
BHLHA9	-0.2678721078462625
BHLHB9	0.06517445934371606
BHLHE22	-0.3495311378448041
BHLHE23	-0.10754761221937557
BHLHE40	-0.30163792311854076
BHLHE40-AS1	-0.09931471605652527
BHLHE41	-0.2642586609417792
BHMT	0.38055419588549955
BHMT2	-0.14984963071534774
BICC1	-0.0532670584772322
BICD1	-0.46613816575965145
BICD2	-0.3160487476268683
BID	-0.13711152362656867
BIK	-0.18346530328784671
BIN1	-0.4688898950453376
BIN2	-0.4484129022293702
BIN2P1	0.030546653192847002
BIN2P2	-0.3415010689664755
BIN3	-0.26636965551743896
BIRC2	-0.10236538608044385
BIRC3	-0.29404256533104306
BIRC5	-0.27251234586098677
BIRC6	-0.1177656506456968
BIRC6-AS1	0.11125760384342238
BIRC7	-0.11116954789116931
BIRC8	0.03150847325211826
BIVM	0.02088807488145933
BIVM-ERCC5	
BLACE	0.0745976657194973
BLCAP	0.006304928968989384
BLID	
BLK	-0.43367971190143356
BLM	-0.3564512746599702
BLMH	-0.20850057115615112
BLNK	-0.12814997163199976
BLOC1S1	-0.04170972734721145
BLOC1S2	-0.24233424529524922
BLOC1S3	-0.0863319589359813
BLOC1S4	-0.077714605374986
BLOC1S5	-0.3295702296731539
BLOC1S5-TXNDC5	
BLOC1S6	-0.44494826380919394
BLVRA	-0.4622987012215733
BLVRB	0.19190446464561647
BLZF1	-0.13878310552836204
BLZF2P	-0.209058827181483
BMF	0.0865582520120007
BMI1	-0.159048068897731
BMP1	0.24882648866342866
BMP10	-0.17777406594748962
BMP15	-0.09398407272189549
BMP2	0.018207736087461835
BMP2K	-0.2076146925779204
BMP2KL	-0.012788640467648433
BMP3	0.24970475076187776
BMP4	0.1161889761167371
BMP5	0.007122343997124219
BMP6	0.08707882951931822
BMP6P1	-0.22464470176098023
BMP7	-0.4642829811184188
BMP8A	0.1450552257153045
BMP8B	0.3732710463319204
BMPER	0.1852567478762798
BMPR1A	0.1584013126470436
BMPR1APS1	-0.24043644361828617
BMPR1APS2	-0.2054081967155578
BMPR1B	0.048166339109604835
BMPR2	-0.037171482609592466
BMS1	-0.27096159334827247
BMS1P1	-0.008246661876180793
BMS1P10	0.05478176893544496
BMS1P11	-0.03863842707087731
BMS1P12	0.22261935462213636
BMS1P13	-0.026294062624664754
BMS1P14	0.19587769346997386
BMS1P15	-0.14535047473173834
BMS1P16	-0.21722389220929414
BMS1P17	0.11125760384342238
BMS1P18	
BMS1P19	-0.014280099296680147
BMS1P2	-0.21474860077021563
BMS1P20	-0.2582437120837091
BMS1P3	
BMS1P4	-0.13063906245134485
BMS1P5	0.03209779184847848
BMS1P6	0.20455365737906908
BMS1P7	-0.22615400026532279
BMS1P8	-0.08675786287827367
BMS1P9	-0.049742648291312204
BMX	0.14692336515530538
BNC1	-0.13293908241171223
BNC2	0.12731079852813723
BNIP1	0.0001490349089338578
BNIP2	-0.4434981794706399
BNIP3	-0.1218188085212101
BNIP3L	-0.12483984874619415
BNIP3P1	0.07040515886036659
BNIP3P2	
BNIP3P3	0.19119789588411257
BNIP3P7	
BNIPL	-0.20048040116396598
BOC	-0.2074742099983295
BOD1	0.04355922275998094
BOD1L1	-0.36911481707241584
BOD1L2	-0.07470599659625685
BOK	-0.04079606836622097
BOK-AS1	-0.12162227329877952
BOLA1	-0.013906124887908112
BOLA2	0.2914465004891627
BOLA2B	-0.10216907563044071
BOLA3	-0.24181987150269954
BOLA3-AS1	-0.3277269960284136
BOLL	-0.40285195004548696
BOP1	-0.1616464392883532
BORA	-0.19192831360175786
BPESC1	-0.08909506216861
BPGM	-0.030573283305216657
BPHL	0.17643589052828423
BPI	-0.077626645959893
BPIFA1	-0.23342826137857403
BPIFA2	-0.04877382864564079
BPIFA3	0.1860039926445738
BPIFA4P	0.09229167655644717
BPIFB1	0.12772864805544942
BPIFB2	0.2505275430497178
BPIFB3	-0.3548279919952802
BPIFB4	-0.04655597283695874
BPIFB5P	0.041087908847945005
BPIFB6	-0.028602540332776944
BPIFB9P	-0.04953495179555248
BPIFC	-0.00812758066870806
BPNT1	0.14733900542937864
BPTF	-0.31527109887329247
BPY2	-0.24254149121594412
BPY2B	
BPY2C	
BPY2DP	0.24875054119988158
BRAF	-0.39251301391604243
BRAFP1	-0.013347679109550361
BRAP	-0.004900241366630589
BRAT1	-0.10560936060943521
BRCA1	-0.35328334859202476
BRCA2	-0.3507074507657109
BRCC3	0.0682621818896202
BRD1	0.2169021688204836
BRD2	-0.2601342144511414
BRD2-IT1	0.2828395602640671
BRD3	-0.0945451857843426
BRD4	-0.12532518080493577
BRD7	-0.15598969138035015
BRD7P1	-0.05226217511770228
BRD7P2	0.04500893943381484
BRD7P3	0.02415642225123544
BRD7P4	0.050068681132796077
BRD7P5	0.048450733160498256
BRD7P6	-0.02687930999977453
BRD8	-0.33421187274787156
BRD9	-0.29921820438783076
BRDT	0.02880928649689025
BRE	-0.16566015485776467
BRF1	0.14992121063799865
BRF2	0.028658288445654424
BRI3	0.06084120358157592
BRI3BP	-0.16291772171210075
BRI3P1	0.1471927922896721
BRICD5	-0.08252384066386692
BRINP1	-0.16944492138515235
BRINP2	0.26434343455846154
BRINP3	-0.027509960139849573
BRIP1	-0.41204529502580733
BRIX1	-0.238271611684777
BRK1	-0.417340754526237
BRK1P2	
BRMS1	-0.06951487056539313
BRMS1L	-0.12429581081606193
BROX	0.08779694814497958
BRPF1	-0.26850884094764566
BRPF3	0.24082189370766
BRS3	0.18600579175420065
BRSK1	-0.23515073871257106
BRSK2	0.10936430388296292
BRWD1	-0.2760089868251508
BRWD1-AS1	0.24113318316622484
BRWD1-IT1	0.10560339752439207
BRWD1-IT2	-0.3030675152879002
BRWD3	0.023560368105344256
BSCL2	-0.15437642221474124
BSDC1	0.16321493963602818
BSG	0.10136212664321881
BSN	0.15663801944775935
BSN-AS1	-0.061925732204534414
BSN-AS2	-0.16704534873792823
BSND	0.09673596267399386
BSPH1	-0.3073935172430911
BSPRY	0.2501344335917618
BST1	0.11955396027752958
BST2	-0.3419602218193473
BSX	0.1480164701647098
BTAF1	-0.26832059825908106
BTBD1	-0.03390752545934668
BTBD10	0.017785602802118352
BTBD11	-0.19756250118072163
BTBD16	0.1465712501771767
BTBD17	0.07055059015280433
BTBD18	-0.0463772263208406
BTBD19	-0.324533954017878
BTBD2	0.08832589645695287
BTBD3	0.08768380617218559
BTBD6	0.2634678891876578
BTBD7	0.044097871645604685
BTBD7P1	0.1703760578362118
BTBD7P2	0.38088064212036493
BTBD8	-0.1433162474762897
BTBD9	0.3089877074376805
BTBD9-AS1	0.14941865319025666
BTC	0.0484444134754816
BTD	0.2249814176971442
BTF3	-0.10017568897714381
BTF3L4	-0.2978644732904553
BTF3L4P1	-0.17440173905209558
BTF3L4P2	0.07423666699108258
BTF3L4P3	-0.011474282414893991
BTF3L4P4	
BTF3P10	-0.14355593413241105
BTF3P11	-0.04098137413043545
BTF3P12	0.10619424908235818
BTF3P13	-0.05307019685803322
BTF3P14	0.0001860644841662586
BTF3P15	0.2890234727760916
BTF3P2	-0.07941760339352881
BTF3P4	-0.1406120119205963
BTF3P5	-0.022939870740661058
BTF3P6	0.08689372215774181
BTF3P7	0.01833794382392052
BTF3P8	-0.03792730846816168
BTF3P9	0.033942685439083395
BTG1	-0.35721252295098194
BTG2	-0.24471459102495147
BTG3	-0.049773028068662836
BTG4	-0.07968742752406688
BTK	-0.4450314919236085
BTLA	-0.4561449765544546
BTN1A1	-0.43237571030775324
BTN2A1	-0.24211578459980154
BTN2A2	-0.4578694274147248
BTN2A3P	-0.021231707378364932
BTN3A1	-0.18661274534973535
BTN3A2	0.141661603379784
BTN3A3	-0.25738718388622545
BTNL10	0.10279105977507046
BTNL2	0.11398142268262328
BTNL3	0.3231946257093519
BTNL8	0.3605496010764204
BTNL9	-0.13410761430598156
BTRC	-0.12399805330119318
BUB1	-0.3355686189401232
BUB1B	-0.313198310764822
BUB3	-0.35767329355153415
BUD13	-0.3300089622972189
BUD31	-0.28546826477694326
BVES	-0.13190394008951323
BVES-AS1	-0.04879905719226812
BYSL	-0.29275900482264966
BZRAP1	-0.2296289340563003
BZRAP1-AS1	-0.42960738008743443
BZW1	-0.04500680498668013
BZW1P1	0.049118578891886956
BZW1P2	-0.09814778779096638
BZW2	0.10591143675078081
C10orf10	-0.3200522227639812
C10orf105	-0.006592860168107036
C10orf107	0.14111096681301144
C10orf11	-0.04723612767097792
C10orf111	0.11943562225414782
C10orf112	-0.020718573542941838
C10orf113	-0.020627082174350966
C10orf115	0.017681439024785455
C10orf118	0.149585395574986
C10orf12	-0.14040177301061266
C10orf120	
C10orf126	-0.13933309324730359
C10orf128	-0.31495677729358973
C10orf129	0.176698271025643
C10orf131	-0.2923308388176522
C10orf137	-0.3263522359577686
C10orf2	-0.15407157536479582
C10orf25	-0.14920183779699053
C10orf32	0.07406975301526705
C10orf32-ASMT	
C10orf35	0.0431459572113565
C10orf40	0.0985313380433202
C10orf53	-0.07529103936955835
C10orf54	-0.003979239700916157
C10orf55	0.13715839790071518
C10orf62	-0.27563127967362183
C10orf67	-0.390512075405759
C10orf68	-0.2513865238611679
C10orf71	0.272872997810737
C10orf71-AS1	-0.3014057161455406
C10orf76	0.10263444004392334
C10orf82	-0.03419796310197496
C10orf85	0.14566866109468504
C10orf88	-0.29841119145790146
C10orf90	0.014616622355433307
C10orf91	-0.11842988763262732
C10orf95	-0.024438265185443477
C10orf99	0.08623528911423164
C11orf1	0.12465368226018286
C11orf16	-0.3457035883428967
C11orf21	-0.3335174688927466
C11orf24	0.18079071636486563
C11orf30	-0.16717145517934212
C11orf31	-0.0414538287629942
C11orf34	-0.022462554447572867
C11orf35	0.18731361135110153
C11orf40	
C11orf42	0.3306097818085833
C11orf44	-0.018385956706401002
C11orf45	-0.009154910346253022
C11orf48	-0.26756659527356424
C11orf49	0.03735637578235323
C11orf52	-0.08293958746236911
C11orf53	0.3173735022946785
C11orf54	0.254118826008109
C11orf57	-0.13488340529165374
C11orf58	-0.37077321429804805
C11orf63	-0.25271557484210483
C11orf65	-0.21208307368173682
C11orf68	-0.14886951174307192
C11orf70	0.01589219786696582
C11orf71	0.12118003082119407
C11orf72	-0.09386023694122636
C11orf73	-0.3787701066609011
C11orf74	0.16011901408107618
C11orf80	0.09533323841607255
C11orf82	-0.2997166591724073
C11orf83	0.05040744086582947
C11orf84	-0.3285965274874952
C11orf85	-0.3445055273324887
C11orf86	0.32920252863525956
C11orf87	-0.07110402387053373
C11orf88	-0.0032531642453823293
C11orf89	0.13706637862156398
C11orf91	-0.23031523502907286
C11orf94	-0.15591275673452393
C11orf95	-0.19740566890399683
C11orf96	-0.03366635135082194
C12orf10	-0.15210341797101667
C12orf23	-0.1151209475588913
C12orf29	-0.20869982196206294
C12orf36	-0.08590260516926508
C12orf39	-0.22697250059685756
C12orf4	-0.22584289428516124
C12orf40	-0.11429338936456201
C12orf42	-0.4917112955717303
C12orf43	-0.3248704216977388
C12orf44	-0.016230455489783583
C12orf45	-0.33607290169393533
C12orf49	-0.08356132129246652
C12orf5	-0.19636204543311028
C12orf50	0.17410354150280152
C12orf52	0.10682417586459153
C12orf54	-0.2623029112007717
C12orf55	-0.24356128302085675
C12orf56	-0.04883284438298902
C12orf57	-0.07671623368067823
C12orf60	-0.16748243272651606
C12orf61	-0.06521381187918145
C12orf65	-0.19717719248368495
C12orf66	-0.39094661125073227
C12orf68	-0.14995816610078733
C12orf71	0.18715097490607463
C12orf73	-0.1970791061441635
C12orf74	-0.34503755193196206
C12orf75	-0.08331059024710258
C12orf76	-0.22437041113382633
C12orf77	-0.3622404747018857
C12orf79	-0.40762480596676137
C12orf80	-0.14085033202927402
C13orf35	0.12747288555555292
C13orf45	-0.3143895802690266
C14orf1	0.20991127990009412
C14orf105	-0.0031250498939867696
C14orf119	-0.07698673573829873
C14orf132	-0.13632020502377293
C14orf142	0.09143188423968485
C14orf144	0.16541287927292686
C14orf159	-0.01955089861144935
C14orf164	0.10273110431417964
C14orf166	-0.23047211690220668
C14orf166B	-0.26051488305931225
C14orf169	
C14orf177	-0.1393656582669041
C14orf178	0.2792559791624244
C14orf180	0.2481789035564131
C14orf182	-0.3021339874753239
C14orf183	0.17324837073239888
C14orf2	-0.059161609812913206
C14orf23	0.058866170855579464
C14orf28	0.04485106158514222
C14orf37	0.0037009359245849943
C14orf39	-0.15607716320605827
C14orf64	-0.3903069215726887
C14orf79	-0.28471647965154195
C14orf80	-0.16417086476894135
C14orf93	-0.1400294051623709
C15ORF37	
C15orf26	-0.26382938356075786
C15orf27	-0.2986146189836498
C15orf32	0.11804479591082699
C15orf37	-0.05533679163730598
C15orf38	0.16437785172858796
C15orf38-AP3S2	
C15orf39	-0.03595761091930243
C15orf40	-0.19643320449902804
C15orf41	-0.32995878675799717
C15orf43	-0.1135145642753127
C15orf48	0.10257696036912799
C15orf52	-0.00313323114116403
C15orf53	-0.2381889266391851
C15orf54	-0.16524006718487508
C15orf56	0.002813319769691204
C15orf57	-0.2556724656593151
C15orf59	0.00442272995652615
C15orf60	0.08210465043287238
C15orf61	0.19155434452809905
C15orf62	-0.2748192461396262
C15orf65	0.05161927387928036
C16orf11	-0.13517199760749174
C16orf13	-0.1321419059158143
C16orf3	0.18255080676237356
C16orf45	-0.0568342310578694
C16orf46	-0.05771781368032466
C16orf47	-0.013095142287648534
C16orf52	-0.17314495331877378
C16orf54	-0.4409032458289313
C16orf58	0.2462509755302089
C16orf59	-0.23448964500321648
C16orf62	-0.09716755477816279
C16orf70	-0.03277412115075272
C16orf71	-0.17776363649807128
C16orf72	0.12442925209012932
C16orf74	-0.39852947813529005
C16orf78	0.05699630351506743
C16orf80	-0.24629489246967415
C16orf82	-0.3313208170847811
C16orf86	-0.20556723741775185
C16orf87	-0.23449879791971012
C16orf89	-0.23055933670216164
C16orf90	-0.026399872531177496
C16orf91	0.04641219998277712
C16orf92	-0.03355953061242419
C16orf93	-0.4353794772862292
C16orf95	-0.13395598154727636
C16orf96	-0.21885846566223077
C16orf97	-0.008620889503734009
C16orf98	-0.16162741426986146
C17orf100	-0.07744658041623438
C17orf102	0.2145127859521585
C17orf103	0.17171262692760483
C17orf104	-0.3887455493198839
C17orf105	0.02871393210582975
C17orf107	0.11551457350361186
C17orf112	0.018863763042009575
C17orf47	0.0072535013410240596
C17orf49	-0.31814412247241136
C17orf50	0.28103154474532654
C17orf51	-0.2070836576324662
C17orf53	-0.29523161562852807
C17orf58	0.22245695158998993
C17orf59	0.035678462745732165
C17orf61-PLSCR3	
C17orf62	-0.3486251460897846
C17orf64	0.024250975577485453
C17orf66	-0.235458648469746
C17orf67	-0.2141195747051822
C17orf70	-0.03899595447816762
C17orf72	-0.2087848140094108
C17orf74	0.18365014513652816
C17orf75	-0.1412723036042277
C17orf76-AS1	0.1004939842844444
C17orf77	0.16107919801378512
C17orf78	0.0010744271877635428
C17orf80	-0.16919713362903618
C17orf82	0.11428942148668624
C17orf85	-0.2598913734217774
C17orf89	-0.06857872607907638
C17orf96	-0.4543072472432799
C17orf97	0.4068158501015389
C17orf98	0.006183957204149861
C17orf99	-0.4113044964597368
C18orf21	-0.11399927557607778
C18orf25	-0.2069068366785589
C18orf32	0.013569199756203324
C18orf42	0.2445967576197217
C18orf54	-0.3532385905248367
C18orf56	-0.017650709825367115
C18orf63	-0.04329803411267901
C18orf8	0.07098913494448207
C19orf10	0.019999032772535626
C19orf12	-0.15613584308269796
C19orf18	-0.06148703890500394
C19orf24	-0.0119151133282846
C19orf25	0.0657723138195756
C19orf26	0.014355347929969056
C19orf33	0.08931115795279809
C19orf35	-0.13588446688319414
C19orf38	-0.4553034726891066
C19orf40	-0.21000876762150744
C19orf43	-0.08385063621810054
C19orf44	-0.09783603685057098
C19orf45	0.280175774619897
C19orf47	-0.06889667190399329
C19orf48	-0.19385692420224537
C19orf52	-0.029568095230298526
C19orf53	-0.32904243240085634
C19orf54	0.1680513122972717
C19orf55	-0.20902474880698174
C19orf57	0.016619630425724764
C19orf59	0.17208690760694995
C19orf60	-0.08776624107991766
C19orf66	-0.044292075066934354
C19orf67	0.03705913441270251
C19orf68	-0.1560602048220159
C19orf69	0.1316963645461841
C19orf70	0.0016614058720090983
C19orf71	-0.037248570419201966
C19orf73	0.3505139614520927
C19orf77	0.18924396215750203
C19orf80	-0.20423614425812703
C19orf81	0.02675838526287196
C19orf82	-0.4055165427870314
C1D	-0.1296244237366187
C1DP1	0.20779596320894966
C1DP2	0.12556759686509733
C1DP3	0.018220152020830716
C1DP4	-0.20192858774853745
C1GALT1	-0.13524650941729477
C1GALT1C1	0.13333468162576587
C1ORF220	
C1QA	-0.1059098684591626
C1QB	-0.09924691500210996
C1QBP	-0.14942646001937995
C1QBPP	-0.034761508305234556
C1QC	-0.005073952415458409
C1QL1	-0.1404732627391589
C1QL2	0.14236692606154777
C1QL3	-0.09033982348549344
C1QL4	0.2994887910673846
C1QTNF1	-0.29338964446053845
C1QTNF1-AS1	0.2277754499199065
C1QTNF2	0.07977843418067561
C1QTNF3	-0.19179517380276834
C1QTNF4	0.10824097115114409
C1QTNF5	
C1QTNF6	-0.16417089808720498
C1QTNF7	0.002696392022933825
C1QTNF8	0.07768121550103875
C1QTNF9	0.2824513241816303
C1QTNF9-AS1	-0.005003584818394017
C1QTNF9B	0.28797359940312106
C1QTNF9B-AS1	-0.3061202144369649
C1R	-0.25392996873497575
C1RL	-0.246306562806197
C1RL-AS1	-0.4205586874359282
C1S	-0.30315442689479016
C1orf100	0.05637119992193104
C1orf101	-0.17056533250977346
C1orf105	0.1561805131460986
C1orf106	0.26347708560168587
C1orf109	-0.17392290714407257
C1orf110	-0.05176902796076998
C1orf111	0.045050451661388144
C1orf112	-0.3230685627350522
C1orf115	0.19462388602676386
C1orf116	0.3255776974417958
C1orf122	-0.11525546306511283
C1orf123	-0.2671229567652634
C1orf127	-0.06301295580818794
C1orf131	0.008350444952413718
C1orf132	-0.3817536733681854
C1orf137	
C1orf141	-0.19987089284466508
C1orf143	-0.009835899760464692
C1orf145	-0.2189710929489827
C1orf146	-0.1089222052755103
C1orf147	-0.19985045217937536
C1orf158	-0.04163114668383007
C1orf159	-0.03627203806815867
C1orf162	-0.2929323787721342
C1orf167	-0.15579537595617077
C1orf168	0.184559576900167
C1orf170	-0.1206970095512797
C1orf172	0.4569666886570612
C1orf173	-0.4366689395830389
C1orf174	-0.29830550112393156
C1orf177	-0.06303263105951286
C1orf180	-0.03100560163139823
C1orf185	-0.3292880831028792
C1orf186	-0.491684592178276
C1orf189	-0.04108461051474051
C1orf192	-0.25715686315833236
C1orf194	-0.030188547528549537
C1orf195	0.19787224608384585
C1orf198	-0.12149333277989403
C1orf200	-0.45226120020782556
C1orf204	-0.12557029514900062
C1orf21	0.3330352014397418
C1orf210	0.23520247219219795
C1orf213	0.00896890203232099
C1orf216	-0.42395552128120895
C1orf220	-0.29909218711311386
C1orf222	0.11926379943295029
C1orf226	0.20221078552762448
C1orf227	-0.13927851887288278
C1orf228	-0.3802237403198079
C1orf229	0.05810474442009041
C1orf233	-0.03335466422934768
C1orf234	0.15512373316617092
C1orf27	0.18221874363734106
C1orf35	-0.11008200364287735
C1orf43	0.4910964697446959
C1orf50	-0.17403284287635654
C1orf51	0.2519295320711606
C1orf52	-0.14756205721028512
C1orf53	-0.028886082751292324
C1orf54	-0.2964868100069651
C1orf56	-0.1084100933717938
C1orf61	-0.37873614552942336
C1orf63	-0.09847481895629419
C1orf64	-0.25053115647311525
C1orf65	0.3006666497039288
C1orf68	0.24586488395862097
C1orf74	-0.017837385364374986
C1orf85	0.1416192546142651
C1orf86	-0.07042651613993342
C1orf87	-0.06959937825722498
C1orf94	-0.20500622683926442
C1orf95	0.056512768827700094
C2	-0.026691419200782707
C20ORF135	-0.09754939964793324
C20orf112	0.3321548329063239
C20orf141	
C20orf144	-0.1737555322747079
C20orf166	0.19277580384125295
C20orf166-AS1	0.02925317835003338
C20orf173	
C20orf187	
C20orf194	-0.10483825983280812
C20orf195	-0.35625879949278516
C20orf196	-0.032674021455328724
C20orf197	-0.24045283750676452
C20orf201	-0.18562966577744444
C20orf202	0.006632105895665948
C20orf203	-0.07236934014561729
C20orf24	-0.056463416147785134
C20orf26	0.1322879682809161
C20orf27	-0.07027421424279556
C20orf62	0.0650468455449175
C20orf78	-0.1902829916829863
C20orf85	0.07964450158719993
C20orf96	0.011901973344010828
C21orf119	0.0681435731004912
C21orf128	-0.06970945185164779
C21orf2	0.1679345164997496
C21orf33	0.1505737299784381
C21orf37	0.2494063548076742
C21orf49	-0.21651238305827858
C21orf54	0.2888388236416308
C21orf58	-0.2714723239881712
C21orf59	-0.10576973057434234
C21orf62	-0.3820118522729099
C21orf67	0.05965625408892429
C21orf88	-0.01489854635076394
C21orf90	-0.3420103559729753
C21orf91	-0.4373955273422172
C21orf91-OT1	-0.1458395317799779
C22orf15	-0.32329600008582776
C22orf23	-0.11058608378492013
C22orf24	-0.10909260490644504
C22orf26	-0.3725546789003158
C22orf29	-0.3781302339049028
C22orf31	0.12197425948075304
C22orf34	-0.38161525332952045
C22orf39	-0.33258122368341386
C22orf42	0.032113635421521236
C22orf43	0.1543965344073629
C22orf46	-0.2967742198546438
C2CD2	-0.3768434917441774
C2CD2L	0.24864616115027505
C2CD3	-0.3044659593529645
C2CD4A	-0.08700341376925519
C2CD4B	0.034202496302860944
C2CD4C	0.04682099836287603
C2CD4D	0.03585415661812202
C2CD5	0.05781896151469349
C2ORF15	0.39395042778218997
C2orf15	0.2557628740355097
C2orf16	-0.011643101885755302
C2orf27A	-0.23127711574148208
C2orf27B	0.07478479229506355
C2orf40	0.11743793673500993
C2orf42	-0.2856160002760312
C2orf43	-0.03405361717044053
C2orf44	-0.40416576734486676
C2orf47	0.27025308318956726
C2orf48	0.17174793748545567
C2orf49	-0.15747971939563227
C2orf50	-0.21944963173473123
C2orf53	0.1452098722084341
C2orf54	-0.09809414392574181
C2orf57	-0.04452933489209016
C2orf61	0.08223533703719801
C2orf62	-0.29479123824337017
C2orf66	-0.04373185127655089
C2orf68	-0.12288368162470438
C2orf69	0.0002665202257298491
C2orf70	0.007916259927383734
C2orf71	0.3988232904514218
C2orf72	-0.03913444971851968
C2orf73	-0.08819378182548802
C2orf74	
C2orf76	-0.2913503931112857
C2orf78	0.09616211551542751
C2orf80	-0.2445861903050355
C2orf81	-0.26477877061369387
C2orf82	0.12282560182508122
C2orf83	-0.11032061050302117
C2orf88	0.06105007302757211
C2orf91	-0.2027525744530652
C3	-0.4009745760400201
C3AR1	-0.17795829174592134
C3P1	-0.05675273701649786
C3orf14	-0.17655711653009348
C3orf17	-0.2856867830612035
C3orf18	-0.31813063837744054
C3orf20	-0.14265427873173012
C3orf22	-0.07050978151699877
C3orf27	0.17780587294557995
C3orf30	-0.03684997250680957
C3orf33	-0.039437077071525446
C3orf35	0.11432183349386035
C3orf36	0.005263408072482
C3orf38	-0.2538587342296797
C3orf49	-0.25685080492243734
C3orf52	0.1424947869337184
C3orf55	-0.08190488248093734
C3orf56	0.10114787712858249
C3orf58	-0.10306703612770868
C3orf62	-0.1012792732341487
C3orf65	-0.07418250894232391
C3orf67	-0.10285493424794039
C3orf70	0.14997521945003842
C3orf72	0.07063106697239434
C3orf79	0.11125760384342238
C3orf80	-0.018372140412187977
C3orf83	0.32930326769715434
C3orf84	-0.14321774571446547
C4A	-0.08653001468803008
C4A-AS1	
C4B	-0.11057532571094877
C4B-AS1	
C4BPA	-0.25088545204284446
C4BPAP1	-0.19290144609542448
C4BPAP2	-0.030888685182038564
C4BPB	-0.19048405714984032
C4orf17	-0.1868278456739579
C4orf19	0.283144300871913
C4orf21	-0.39429299110560023
C4orf22	-0.2934279275205424
C4orf26	-0.3512571080683366
C4orf27	-0.1688023222802334
C4orf29	-0.09124762292003206
C4orf3	-0.018368775520031907
C4orf32	-0.39728384789036525
C4orf33	0.1821688186981722
C4orf36	0.12595614772806077
C4orf40	-0.006972573977540289
C4orf45	0.3949924394505499
C4orf46	-0.2267635165827781
C4orf47	-0.03186735856138651
C4orf48	0.1798248187298557
C4orf50	0.2461341827011827
C4orf51	-0.07436952326068122
C4orf6	0.23002514413439448
C5	-0.3241847802938649
C5AR1	-0.2472597398373272
C5AR2	0.15716786648985892
C5orf15	-0.03562816164527861
C5orf17	0.030939335016095634
C5orf20	-0.1994405709039652
C5orf22	-0.04011278836748931
C5orf24	-0.03404458536989412
C5orf27	-0.2670908185824527
C5orf28	-0.17710752979313382
C5orf30	0.1303587386662013
C5orf34	-0.28571160011400715
C5orf38	0.055038522076424595
C5orf42	-0.19049563752932666
C5orf45	-0.29139250917409304
C5orf46	-0.2589835911434725
C5orf47	0.026768310956004824
C5orf48	0.08851329396880422
C5orf49	-0.2852200245562032
C5orf50	0.01590507538386674
C5orf51	-0.20115611720523724
C5orf52	0.11618866553462869
C5orf54	0.090336287999002
C5orf55	-0.10381094918126683
C5orf56	-0.24991207120208517
C5orf58	-0.05182192139511849
C5orf60	0.08669742027439326
C5orf63	-0.1019301365604001
C5orf64	-0.382342154473331
C6	-0.23067521614053574
C6ORF165	-0.4183105126813912
C6orf1	-0.20614795784650874
C6orf10	-0.0038056706848048866
C6orf100	-0.19684208170384287
C6orf106	-0.09230161264319327
C6orf118	-0.07236808389321953
C6orf120	-0.03967031943457394
C6orf123	0.048096243836383966
C6orf132	0.2129303420418374
C6orf136	0.324734073448625
C6orf141	-0.1871436764130205
C6orf15	-0.010008693879416114
C6orf163	-0.17905860981610694
C6orf164	-0.095759064311157
C6orf165	-0.12230404393522065
C6orf183	-0.061906382453165425
C6orf195	-0.3056278622237471
C6orf201	-0.04875038281430804
C6orf203	0.20995011689523552
C6orf211	0.0268428993344136
C6orf222	0.167694446095
C6orf223	-0.3680810470017704
C6orf226	-0.04255788920357099
C6orf25	0.0081069823427413
C6orf3	-0.29025230391598755
C6orf47	0.24507712858831954
C6orf47-AS1	0.30339933159462634
C6orf48	-0.27897836097183354
C6orf52	0.08763095988062188
C6orf57	-0.025167058741860326
C6orf58	0.03872715486401569
C6orf62	-0.32297113547058326
C6orf89	-0.059791718245088527
C6orf99	-0.022879420847054986
C7	-0.17487055786061353
C7orf10	0.013484780967456212
C7orf13	-0.3499715041605546
C7orf25	0.1395114868658816
C7orf26	-0.21635913551723227
C7orf31	-0.08966410972360357
C7orf33	0.08452581646019447
C7orf34	-0.20911432301211402
C7orf41	0.020517751622205108
C7orf43	-0.25544808549006937
C7orf49	-0.30763547778073763
C7orf50	-0.15978527147243818
C7orf55	-0.06363713515296474
C7orf55-LUC7L2	-0.1952260495001759
C7orf57	-0.27714209071722407
C7orf60	-0.3243919526601392
C7orf61	-0.3630863668090934
C7orf62	0.11125760384342238
C7orf63	-0.30885350942076256
C7orf65	0.04091440371768536
C7orf66	
C7orf69	-0.1555781212613297
C7orf71	0.1410980415026217
C7orf72	-0.32894245720133236
C7orf73	-0.17935506803864157
C7orf76	
C8A	-0.22841323811546166
C8B	-0.073966424327819
C8G	0.06304038431614604
C8orf12	-0.33666792296382125
C8orf17	0.08924964866230169
C8orf22	-0.3346781790293992
C8orf31	-0.3160834011136424
C8orf33	-0.09394094890098326
C8orf34	0.02015354293280658
C8orf37	-0.40906356610421685
C8orf4	-0.04318585253505868
C8orf44	-0.15649591580773706
C8orf44-SGK3	0.1905641360519803
C8orf46	-0.26747268960882103
C8orf47	0.0679330270491738
C8orf48	-0.03121149729927118
C8orf49	-0.2521604103107227
C8orf56	0.19355599766034612
C8orf58	-0.18386933373546982
C8orf59	-0.13858522460139455
C8orf74	0.41721231741794296
C8orf76	-0.14281224480689161
C8orf82	0.1462870401739748
C8orf86	-0.23573373899137653
C8orf87	-0.13431994910313858
C9	-0.25869093830394596
C9orf106	-0.09309355016372704
C9orf114	-0.4356839344512959
C9orf116	-0.14034212806176455
C9orf117	-0.22844382434079105
C9orf129	0.010001678215432913
C9orf131	0.005950579314385497
C9orf135	-0.22582960423428636
C9orf135-AS1	-0.1994405709039652
C9orf139	-0.3691749385514324
C9orf141	0.19606683832735675
C9orf142	-0.10314543883795729
C9orf147	-0.21952615664618094
C9orf152	0.16508738431584213
C9orf153	0.08710619038703057
C9orf156	-0.2703582821281551
C9orf16	-0.17850592948635238
C9orf163	0.05205895066887722
C9orf169	0.20158749011002194
C9orf170	0.03485647612716242
C9orf171	-0.19908337239514542
C9orf172	0.1808501080010783
C9orf173	-0.22141887648225259
C9orf24	0.11549227015815691
C9orf3	-0.024744312678455862
C9orf37	-0.2228628564602059
C9orf40	0.1057392312531098
C9orf41	0.11399950475187749
C9orf43	-0.22852600583145938
C9orf47	-0.36868101564007677
C9orf50	0.09555515461610742
C9orf53	0.16456334167530687
C9orf57	-0.021531393937432655
C9orf62	-0.10398392320434807
C9orf64	0.15653081829099771
C9orf66	0.028592393037480627
C9orf69	0.14410798584839526
C9orf72	-0.09323069335991206
C9orf78	0.017631580180267642
C9orf84	0.019249746619784514
C9orf85	0.1633313213926663
C9orf89	-0.007862599707497734
C9orf9	-0.3211910430615426
C9orf91	-0.42946142219209
C9orf92	-0.1456357871134465
C9orf96	-0.05582981356394208
CA1	0.06700697114676704
CA10	0.25612851091271394
CA11	-0.1067024471983171
CA12	0.10016479480258203
CA13	0.2790127285246098
CA14	0.28097633532951427
CA15P1	0.016101984910624593
CA15P2	0.07474460432529213
CA2	-0.019246791776604932
CA3	0.04720097232890837
CA4	0.042201822718422516
CA5A	-0.30702869878367045
CA5AP1	-0.21474860077021563
CA5B	-0.31766455321077885
CA5BP1	-0.00646383990475105
CA6	0.039833532907784325
CA7	0.09163766216091952
CA8	0.2621177496008727
CA9	0.24892138175686157
CAAP1	-0.01707601538773654
CAB39	0.053247653648211976
CAB39L	0.0063399693152948345
CABIN1	-0.30810744532250667
CABLES1	0.36837099679110347
CABLES2	0.08023290963341789
CABP1	-0.10061516001094988
CABP2	-0.13789292871519568
CABP4	-0.11867557302037764
CABP5	0.29505545295609475
CABP7	0.1535411958785149
CABS1	-0.1456357871134465
CABYR	-0.21442369555070329
CABYRP1	0.12648457870392538
CACFD1	0.18605861595610804
CACHD1	-0.007043512249572495
CACNA1A	0.08767271712586917
CACNA1B	0.18627727131085642
CACNA1C	-0.38104011258920784
CACNA1C-AS1	-0.3278082407440676
CACNA1C-AS2	-0.09749423649375913
CACNA1C-AS3	
CACNA1C-AS4	0.14941865319025666
CACNA1C-IT1	0.13706381104710244
CACNA1C-IT2	0.00355712662185865
CACNA1C-IT3	0.08392095049566564
CACNA1D	0.30685768304324224
CACNA1E	-0.3577709467604162
CACNA1F	-0.04033907643064493
CACNA1G	-0.325372535921597
CACNA1G-AS1	0.04966530957843366
CACNA1H	0.12242217895766563
CACNA1I	-0.39549128771495606
CACNA1S	-0.17783904637683876
CACNA2D1	-0.07452692971057567
CACNA2D2	0.2185484709273451
CACNA2D3	-0.30347842324101443
CACNA2D3-AS1	-0.008101322989689626
CACNA2D4	0.18717934442246734
CACNB1	-0.12510738614658315
CACNB2	0.2644670784222245
CACNB3	0.17321587291250046
CACNB4	-0.42139236347961584
CACNG1	-0.08459557759651498
CACNG2	0.003929872655754455
CACNG3	-0.30484781320051635
CACNG4	0.0801332333807815
CACNG5	-0.36769625596734173
CACNG6	-0.039696721432163636
CACNG7	0.148749943894507
CACNG8	-0.15186550974328863
CACTIN	-0.1006609610165633
CACTIN-AS1	-0.08200419209931537
CACUL1	0.1364531525284053
CACYBP	-0.17193771568587293
CACYBPP1	-0.12553873178612535
CACYBPP2	-0.05660455327662805
CACYBPP3	-0.03733207704328312
CAD	-0.23978829575110946
CADM1	-0.2554840950726436
CADM2	0.2938414572073676
CADM2-AS1	-0.15715229368190586
CADM2-AS2	0.00355712662185865
CADM3	-0.24640091463139693
CADM4	0.23880340979426218
CADPS	-0.2583183375539606
CADPS2	0.28304607466087506
CAGE1	-0.08705722474278867
CAHM	-0.11982008979494088
CALB1	-0.3164902869865418
CALB2	-0.012963558859451536
CALCA	-0.3305462140835365
CALCB	-0.35974701112200874
CALCOCO1	0.008040650645267917
CALCOCO2	0.0680757228721131
CALCP	
CALCR	0.2866343906071015
CALCRL	-0.18640538707120888
CALD1	-0.11296417205842971
CALHM1	-0.1484564023714531
CALHM2	-0.19498462686487153
CALHM3	0.22428592785397264
CALM1	0.38296647468625594
CALM1P1	0.0610892665186048
CALM1P2	-0.2093386573558208
CALM2	0.06349255496058813
CALM2P1	0.2119692029703741
CALM2P2	0.09405594444514705
CALM2P3	0.1175952004939913
CALM2P4	0.09823246354388174
CALM3	0.18641864921607215
CALML3	0.48812243921571064
CALML3-AS1	0.4760750778985509
CALML4	0.2483219585520906
CALML5	0.09621034424416969
CALML6	-0.146060148110248
CALN1	0.11875099259770783
CALR	-0.13710251776085136
CALR3	-0.25963961058506346
CALR4P	-0.1746164049956052
CALU	-0.05294897549501388
CALY	0.04947791825459027
CAMK1	-0.2976611342441884
CAMK1D	-0.013771347693670123
CAMK1G	-0.442364396614114
CAMK2A	0.08119514528625908
CAMK2B	-0.27984957607052685
CAMK2D	0.19569314223037038
CAMK2G	0.20309004902834255
CAMK2N1	0.32323528687845327
CAMK2N2	-0.1281146265179616
CAMK4	-0.44607676633989524
CAMKK1	-0.1374406127239135
CAMKK2	0.16364979939615049
CAMKMT	0.10325048175851992
CAMKV	-0.3167266750030299
CAMLG	0.002358570387118152
CAMP	-0.44360294538517825
CAMSAP1	-0.15969332033036163
CAMSAP2	-0.09142186463890803
CAMSAP3	0.3122458297144923
CAMTA1	-0.028121297046204932
CAMTA1-IT1	-0.06676082078792049
CAMTA2	0.12130424159226356
CAND1	-0.12982788543931675
CAND2	-0.2916698146587024
CANT1	0.1311709628272016
CANX	0.09974383564711649
CAP1	-0.12315381599995634
CAP1P2	-0.0010132443054423946
CAP2	-0.1596897272231521
CAP2P1	-0.1940550925274157
CAPG	-0.44545050474943293
CAPN1	0.18067414518902822
CAPN10	-0.1579658169678349
CAPN10-AS1	-0.2243174747646511
CAPN11	-0.1883915128623231
CAPN12	-0.28050050740311194
CAPN13	0.2508940449423459
CAPN14	-0.46187989165218185
CAPN15	-0.00035479930827376235
CAPN2	0.148685809823286
CAPN3	-0.2151406348764248
CAPN5	0.2740508339161459
CAPN6	-0.23923701299383948
CAPN7	0.03010207436074144
CAPN8	0.009312677280721618
CAPN9	0.3931453026838273
CAPNS1	0.154951610203997
CAPNS1P1	0.1403074759427101
CAPNS2	0.061875815700210474
CAPRIN1	-0.000771295683117782
CAPRIN2	-0.30325648528811905
CAPS	-0.1947351984191763
CAPS2	-0.06122347037071859
CAPSL	0.3149458868190519
CAPZA1	-0.3259106950525822
CAPZA2	0.04955234606855617
CAPZA3	0.1377993448665681
CAPZB	-0.2517608799158169
CARD10	0.37891315230281775
CARD11	-0.4321682563775961
CARD14	0.05702662842113738
CARD16	0.05640555902251315
CARD17	-0.3097642694784593
CARD18	-0.04896024069282258
CARD6	-0.19669635234280292
CARD8	-0.4965222078460142
CARD9	-0.16755810141259203
CARF	-0.2903384558505063
CARHSP1	-0.2882280990319724
CARKD	-0.024687027585873964
CARM1	0.0923772355007159
CARM1P1	0.023979163958780154
CARNS1	-0.36038489062794743
CARS	0.06113255335633418
CARS-AS1	0.27276044922652914
CARS2	-0.17193910036845186
CARTPT	-0.0786526241872781
CASC1	-0.18007703000000871
CASC10	0.061164741619924815
CASC11	0.004737391285858223
CASC14	-0.05920427140524436
CASC15	-0.22603338383473995
CASC16	0.03293970648181967
CASC17	0.06715214440247817
CASC2	0.04324345242612737
CASC3	-0.13109029924464316
CASC4	0.02804253171196975
CASC4P1	-0.1124319173619978
CASC5	-0.3519587890899473
CASC6	-0.14642713798052717
CASC7	-0.13652090936354272
CASC8	-0.04381466093640742
CASC9	0.17810968062359503
CASD1	-0.06392445472428793
CASK	0.13529023806588403
CASK-AS1	-0.015700694732146685
CASKIN1	0.2518371611007572
CASKIN2	0.23910590328371356
CASKP1	0.11125760384342238
CASP1	0.26022433981057175
CASP10	0.08843862028283558
CASP12	-0.27818460101589865
CASP14	-0.07317143720398628
CASP16	0.13068018036415177
CASP1P1	
CASP1P2	-0.2767282803671531
CASP2	-0.2738171438443681
CASP3	0.27415818988777946
CASP3P1	-0.18175453665180216
CASP4	-0.12380313809601608
CASP5	0.12985565198424132
CASP6	0.2953773862593086
CASP7	0.24744620729286526
CASP8	-0.17658815818246895
CASP8AP2	-0.19306393697452356
CASP9	-0.1361441979440108
CASQ1	-0.5005941185870206
CASQ2	0.15029161775835573
CASR	0.027293863982943645
CASS4	-0.4028913866646654
CAST	0.24765282878396933
CASZ1	0.3239320331970468
CAT	0.11911020067836577
CATSPER1	-0.2372403088907307
CATSPER2	-0.2028835822588831
CATSPER2P1	-0.19928698717488302
CATSPER3	0.26447594081232917
CATSPER4	-0.21332229000095346
CATSPERB	0.14475938646154865
CATSPERD	-0.1640508720105682
CATSPERG	0.27543239308242473
CAV1	-0.44005858814895993
CAV2	-0.13460359006043598
CAV3	0.04000473116321809
CBFA2T2	0.17498659149596615
CBFA2T3	-0.3879052300832753
CBFB	-0.4254851122419772
CBL	-0.4372683770725642
CBLB	-0.45406868294037284
CBLC	0.24744735246473346
CBLL1	-0.20138249296738744
CBLN1	-0.05807129287003888
CBLN2	-0.021210936099520735
CBLN3	-0.4475446152206079
CBLN4	-0.14314702773559076
CBR1	0.22996727896397162
CBR3	0.11658838553571706
CBR3-AS1	0.05991005730226303
CBR4	0.1397344210939186
CBS	0.2175510339540137
CBWD1	0.059788163698262405
CBWD2	-0.16201196873212598
CBWD3	-0.09983313168899174
CBWD5	-0.1603131727655778
CBWD6	0.150777713413536
CBWD7	0.1605114555029532
CBX1	-0.13375165476964093
CBX1P1	-0.17233071593707835
CBX1P2	0.05773592498136345
CBX1P3	0.1786091565388869
CBX1P4	0.1779864802095563
CBX1P5	-0.055336791637305975
CBX2	-0.3620634507530558
CBX3	-0.3945316459939213
CBX3P1	-0.06242504808492204
CBX3P2	-0.002691032658577437
CBX3P3	0.0543505643712832
CBX3P4	-0.09327306997155375
CBX3P5	-0.15354335377265288
CBX3P6	-0.020783347415587964
CBX3P7	-0.24254149121594412
CBX3P8	-0.021310051710006495
CBX3P9	-0.05356651890957833
CBX4	-0.32308105727355124
CBX5	-0.373628062170628
CBX5P1	0.13623586607069443
CBX6	-0.3283708228220285
CBX7	-0.2994549438984517
CBX8	-0.132968566388469
CBY1	0.04236878814424733
CBY3	0.042608330143509225
CC2D1A	0.27447758471125633
CC2D1B	-0.08394782896760783
CC2D2A	-0.1035016102758298
CC2D2B	0.06613131693672009
CCAR1	-0.21673555610273337
CCAR2	-0.18642981849549792
CCAT1	-0.16290120314135342
CCBE1	0.04238669343710975
CCBL1	-0.3710029515607348
CCBL2	0.18733912990322166
CCDC101	-0.06992313332565517
CCDC102A	-0.29218989890639513
CCDC102B	-0.05152817376999943
CCDC103	-0.331753729524177
CCDC104	-0.18803949185928223
CCDC105	0.09656877061406363
CCDC106	-0.18047848829943494
CCDC107	0.08172149735075955
CCDC108	-0.05756812346332115
CCDC109B	-0.4501676158687973
CCDC11	0.03290484180421603
CCDC110	0.0034708744264944436
CCDC112	0.10252459468633976
CCDC113	-0.195460745999002
CCDC114	-0.09317330417964535
CCDC115	0.10384493331508705
CCDC116	-0.018936472043770258
CCDC117	-0.2973603709163559
CCDC11P1	0.2828395602640671
CCDC12	-0.3515024485898419
CCDC120	0.20085897125133345
CCDC121	-0.027088438269882067
CCDC122	0.05625283435699622
CCDC124	-0.14038883638011612
CCDC125	0.05539353805415346
CCDC126	-0.04881906012770451
CCDC127	0.22806459519561362
CCDC129	0.16012215991812132
CCDC13	0.15903005031484443
CCDC13-AS1	-0.15722449736417063
CCDC130	-0.19502655909042554
CCDC132	0.03389440686386025
CCDC134	-0.30091187316053636
CCDC135	-0.18072575598657573
CCDC136	-0.3245240329071946
CCDC137	-0.255258318135796
CCDC138	-0.38348497196048614
CCDC14	-0.13781466123743177
CCDC140	-0.1856304357595291
CCDC141	-0.48803797176644775
CCDC142	-0.08718250153606784
CCDC144A	-0.031900459129070004
CCDC144B	-0.09674396633591845
CCDC144CP	-0.1409001620779532
CCDC144NL	-0.42841234594984584
CCDC146	-0.1749562137413911
CCDC147	-0.3726942761842746
CCDC147-AS1	-0.3107120731359231
CCDC148	-0.08396840164346776
CCDC148-AS1	0.2828395602640671
CCDC149	0.214055724717236
CCDC15	-0.3749205076957896
CCDC150	-0.2683487940625042
CCDC151	0.03069267053146282
CCDC152	-0.45812870563132646
CCDC153	-0.1664232317473289
CCDC154	-0.28830873836773796
CCDC155	-0.29427489280082425
CCDC157	-0.19277986904141786
CCDC158	-0.12159156383943044
CCDC159	-0.13789146623850704
CCDC160	-0.43291018497108164
CCDC162P	-0.004704442070717289
CCDC163P	-0.1937296230148394
CCDC166	0.091226848575896
CCDC167	-0.38266472263264895
CCDC168	-0.19068618927080586
CCDC169	-0.024394508377937028
CCDC169-SOHLH2	
CCDC17	-0.13073159958407546
CCDC170	-0.21428838251784996
CCDC171	-0.30867240451502753
CCDC172	0.08938896532199048
CCDC173	0.03154862128829984
CCDC174	-0.19637027401051854
CCDC175	0.23191544955782933
CCDC176	-0.30407047380975066
CCDC177	0.06679105137410056
CCDC178	-0.12584387381109996
CCDC179	0.29663905515282285
CCDC18	-0.3793351679298984
CCDC180	-0.01672649580953722
CCDC181	-0.0020845891946875104
CCDC19	-0.17690160299489405
CCDC22	-0.14243361986212463
CCDC23	-0.2300590196097921
CCDC24	-0.1265340338595393
CCDC25	0.06693909218030505
CCDC26	-0.2459257872944772
CCDC27	-0.14501813371672853
CCDC28A	0.0185755841455212
CCDC28B	-0.3479554160679317
CCDC3	0.02464308869135679
CCDC30	-0.08831790334386769
CCDC33	-0.12842175203528686
CCDC34	-0.1546897164566758
CCDC34P1	0.04828579910784588
CCDC36	0.04206268943778184
CCDC37	0.09024347727707265
CCDC38	-0.20441471761818183
CCDC39	0.1607466770722886
CCDC39-AS1	0.1529596250213679
CCDC40	-0.2549437957641323
CCDC41	-0.012075606518145985
CCDC42	-0.2478458451994845
CCDC42B	-0.38233202256988846
CCDC43	-0.11869153395121355
CCDC47	0.22970984052804702
CCDC50	-0.41992459577721397
CCDC51	0.00380576930902086
CCDC53	-0.017277782207847005
CCDC54	0.14941865319025666
CCDC57	-0.2107066583669614
CCDC58	-0.13871442168045595
CCDC58P1	-0.023552298808754223
CCDC58P2	0.13591740335763203
CCDC58P3	0.07497012110980597
CCDC58P5	0.32676795293158717
CCDC59	-0.30562645235336394
CCDC6	-0.0007603333167754303
CCDC60	-0.08329300419739931
CCDC61	-0.02605446938010911
CCDC62	-0.44882849910321004
CCDC63	0.08999292165784986
CCDC64	-0.349532653630379
CCDC64B	-0.010923110381526433
CCDC65	-0.20899314946760844
CCDC66	-0.25035410161655947
CCDC67	-0.32345922766786706
CCDC68	0.14983095222735407
CCDC69	-0.42087419515546065
CCDC7	-0.25563138189725354
CCDC70	0.48283602050595986
CCDC71	-0.2670546486463001
CCDC71L	-0.26049554481195886
CCDC73	-0.15016885374624464
CCDC74A	-0.13697396155630445
CCDC74B	-0.30541770525835116
CCDC75P1	-0.24126054614983097
CCDC77	-0.3265331112310281
CCDC78	-0.42525275713146377
CCDC79	0.0006392332947258862
CCDC8	-0.017937697322300647
CCDC80	0.002499510775285503
CCDC81	-0.3690207954708989
CCDC82	-0.35017035670000185
CCDC83	0.3072334056342878
CCDC84	-0.1417723177129836
CCDC85A	-0.2939820601774877
CCDC85B	-0.08797772830565187
CCDC85C	0.3955887745581103
CCDC86	-0.1723351193625764
CCDC87	0.1499075593707311
CCDC88A	-0.4332680008794681
CCDC88B	-0.31183067511917645
CCDC88C	-0.19841748882016116
CCDC89	0.22913793384914471
CCDC9	-0.025475263661616575
CCDC90B	-0.11330677806548806
CCDC91	0.11518861534866072
CCDC92	-0.15341623391506873
CCDC93	-0.02399350830208576
CCDC94	-0.10889831335637021
CCDC96	0.11243221628184065
CCDC97	-0.2549647749415826
CCER1	-0.11491100479702124
CCHCR1	-0.01224072709217035
CCIN	-0.1321941316104479
CCK	-0.23441719054697582
CCKAR	0.18416801642059358
CCKBR	-0.04589429825708085
CCL1	-0.2765042338595682
CCL11	-0.022955101869538173
CCL13	0.16314836232952973
CCL14	-0.09727912610958514
CCL15	0.18571979484950052
CCL15-CCL14	
CCL16	-0.2183755176763206
CCL17	-0.33925075217404166
CCL18	-0.49522386777539373
CCL19	-0.4369957273892775
CCL2	-0.05201012581455179
CCL20	-0.30909844358672217
CCL21	-0.3487232659056573
CCL22	-0.44881721984261885
CCL23	-0.4737651680974836
CCL24	0.08639059069158278
CCL25	-0.07674175628528467
CCL26	-0.12053667831615154
CCL27	
CCL28	-0.016643448669138045
CCL3	-0.23599455319979984
CCL3L1	-0.22109846927319743
CCL3L3	-0.28807488231620404
CCL4	-0.37915063192028814
CCL4L1	-0.15928278071866409
CCL4L2	-0.2951380013143611
CCL5	-0.08426190020222009
CCL7	0.11242867478921073
CCL8	0.03668064772972012
CCM2	-0.420067454370928
CCM2L	0.023318024529474575
CCNA1	-0.33943454484896607
CCNA2	-0.24435926710300296
CCNB1	-0.24970427882753654
CCNB1IP1	0.0683666652183733
CCNB1IP1P1	-0.19523488243164708
CCNB1IP1P2	0.18797594090988962
CCNB1IP1P3	-0.020134573650369983
CCNB2	-0.24049110445709032
CCNB3	-0.0651901011245115
CCNC	-0.09772564068709554
CCND1	0.05830520461218886
CCND2	0.18280269374527366
CCND3	-0.3866412031897602
CCNDBP1	-0.06567125284452224
CCNE1	-0.2538726697895541
CCNE2	-0.2812734532846919
CCNF	-0.2896849812733104
CCNG1	0.19410062046761284
CCNG1P1	0.0917197210455248
CCNG2	-0.39386404237285694
CCNH	0.10432167769491399
CCNI	-0.43583138329320487
CCNI2	-0.0324492059975946
CCNJ	-0.10921911440279539
CCNJL	0.27259282425179165
CCNJP1	-0.1700486725047284
CCNJP2	0.2828395602640671
CCNK	-0.09527475168194877
CCNL1	-0.1139614173458497
CCNL2	-0.14492915709736998
CCNO	-0.06790837250351117
CCNT1	-0.248953994212308
CCNT2	-0.18313692256540448
CCNT2P1	0.38088064212036493
CCNY	-0.0425284521042415
CCNYL1	0.03193026360062121
CCNYL2	0.34704736317253465
CCNYL3	0.015293499965495066
CCP110	-0.27782333395441805
CCPG1	-0.05282991224023769
CCR1	-0.3346856588850381
CCR10	-0.11625728325813875
CCR12P	-0.2784438709018924
CCR2	-0.11888526489137985
CCR3	-0.20231447315779003
CCR4	-0.4541509445429662
CCR5	-0.3317651239388244
CCR6	-0.48929257786738084
CCR7	-0.4350346870419351
CCR8	-0.487740672302261
CCR9	-0.4269596989796545
CCRL2	0.21049483535230398
CCRN4L	-0.18946338767263363
CCS	0.01552686363685854
CCSAP	-0.32305788748312597
CCSER1	-0.04756575198437769
CCSER2	-0.157989380185386
CCT2	-0.1837099185606013
CCT3	-0.38546658252155025
CCT4	-0.35690792026088786
CCT4P1	0.06521000656129472
CCT4P2	-0.06968125569576508
CCT5	-0.09785611017886851
CCT5P1	0.23088936327101378
CCT5P2	-0.039773643683813885
CCT6A	-0.14102508928623642
CCT6B	-0.07103543393575529
CCT6P1	-0.2781386213246842
CCT6P2	-0.12380924256895694
CCT6P3	-0.004469511413358102
CCT6P4	0.08447506274942718
CCT7	-0.47660758828179944
CCT7P1	-0.13858870407277005
CCT7P2	-0.0707134352506395
CCT8	-0.18313717432023424
CCT8L1P	0.09182276353807219
CCT8L2	-0.18121232190814618
CCT8P1	0.1895886070907877
CCZ1	0.0766268218605873
CCZ1B	-0.008561429813243548
CD101	-0.045096015610300244
CD109	0.1036212348752489
CD14	-0.13336214543750402
CD151	0.1849784240818882
CD160	-0.08135769137117084
CD163	-0.01653518421856383
CD163L1	0.19575589476804678
CD164	0.16666223064285673
CD164L2	-0.18271109241373248
CD177	-0.004568194409197376
CD177P1	0.18329881834751893
CD180	-0.46401913494683267
CD19	-0.38661791594423195
CD1A	-0.35649939588072954
CD1B	-0.33177937945980507
CD1C	-0.45473982460664075
CD1D	-0.469993572056204
CD1E	-0.3605723856990378
CD2	-0.44881755938531
CD200	-0.35763455904123076
CD200R1	-0.25189519380344066
CD200R1L	-0.10978886705147924
CD207	-0.19327287516757574
CD209	0.0006637411454480296
CD22	-0.417990020782282
CD226	-0.3792383036640471
CD244	-0.07436616513038548
CD247	-0.2941247415505117
CD248	0.10114029176166155
CD24P2	-0.04105687545390471
CD24P4	0.05694681464195709
CD27	-0.4997559284350944
CD27-AS1	0.1950085612748921
CD274	-0.3805107624625022
CD276	0.07076137840107165
CD28	-0.5021259043015976
CD2AP	0.2313585105246267
CD2BP2	-0.20232722637673534
CD300A	-0.35600666734685354
CD300C	-0.14755307131310144
CD300E	-0.33865043610855733
CD300LB	-0.08867572899651323
CD300LD	-0.1953874379763997
CD300LF	-0.3966729532115272
CD300LG	-0.25642726437655483
CD302	0.08169532281000386
CD320	-0.19993578821073688
CD33	-0.18845169525941846
CD34	-0.23828698124222114
CD36	-0.06283592995248993
CD37	-0.4454105934814013
CD38	-0.44802864915063617
CD3D	-0.3905734315782333
CD3E	-0.40075572860889486
CD3EAP	-0.12411071134491575
CD3G	-0.4510180922929881
CD4	-0.3901303449654432
CD40	-0.4797928811357185
CD40LG	-0.43931571746233156
CD44	-0.403151435052245
CD46	0.16569198171085717
CD46P1	-0.07038423953066464
CD47	-0.3307138404463123
CD48	-0.5083075895708856
CD5	-0.44373163771901075
CD52	-0.42053684627140253
CD53	-0.4647979211335603
CD55	-0.0746485316098249
CD58	0.017998234375206427
CD59	-0.13419977288001148
CD5L	-0.33573873669095644
CD6	-0.48220347690260257
CD63	-0.09700072932128193
CD68	-0.006074021037954824
CD69	-0.37938799320671335
CD7	-0.08362368974746112
CD70	-0.4238169351484662
CD72	-0.396362023937801
CD74	-0.296886798886197
CD79A	-0.4226297954114121
CD79B	-0.3950984339823143
CD80	-0.4852396358083944
CD81	-0.3998828969900783
CD82	0.054350314587578635
CD83	-0.42048549195515145
CD84	-0.4392920673074751
CD86	-0.41747632720087224
CD8A	-0.04940579726814385
CD8B	-0.015037514930601495
CD8BP	-0.379603439005327
CD9	0.13350583973902103
CD93	-0.138563150975003
CD96	-0.34646173772915106
CD97	-0.1710131064816535
CD99	0.11685814444688594
CD99L2	-0.27399185374161905
CD99P1	0.08137722546819748
CDA	-0.09437921171545748
CDADC1	-0.21670535734152585
CDAN1	-0.14981784897261777
CDC123	-0.30295372319137687
CDC14A	0.35186435899069823
CDC14B	0.2877513315407247
CDC16	-0.3157714095121718
CDC20	-0.2844079914933755
CDC20B	0.24627830712204202
CDC20P1	-0.06709364460004015
CDC23	-0.14575309886215904
CDC25A	-0.31663941729271705
CDC25B	-0.2388985646343658
CDC25C	-0.13622727979754
CDC26	0.03697785896379889
CDC27	-0.3176381333109121
CDC27P1	0.06242797566164082
CDC27P2	-0.24574068285036815
CDC34	0.10655675915220669
CDC37	-0.26865941570465446
CDC37L1	0.13043424619009195
CDC37P1	-0.3542734366686972
CDC40	-0.25518092976813067
CDC42	-0.07525682388688858
CDC42-IT1	-0.316766323347033
CDC42BPA	0.21232715333231758
CDC42BPB	0.3858088384552174
CDC42BPG	0.2927759513261111
CDC42EP1	0.03654689440166939
CDC42EP2	0.29792609878567844
CDC42EP3	-0.12194208982738841
CDC42EP4	0.08132200138482397
CDC42EP5	0.06611493379203257
CDC42P1	0.01940099176672728
CDC42P2	0.028145174424507695
CDC42P3	0.38356497906040965
CDC42P4	0.06941215595413809
CDC42P5	0.15087870158454067
CDC42P6	0.058201190601341726
CDC42SE1	-0.3148491372654717
CDC42SE2	-0.2433069379690341
CDC45	-0.3028903426848042
CDC5L	-0.15603167604382337
CDC6	-0.27871475941709495
CDC7	-0.36256478023567706
CDC73	-0.20549064896808086
CDCA2	-0.29639538284839756
CDCA3	-0.07672792030727936
CDCA4	-0.28172282269306764
CDCA5	-0.3058766715116702
CDCA7	-0.13130504395487302
CDCA7L	-0.266252786512629
CDCA8	-0.31358695197062747
CDCP1	0.2290582129046726
CDCP2	-0.3047130612475947
CDH1	0.2862623935731882
CDH10	-0.3226630980815791
CDH11	-0.2683583410067291
CDH12	-0.15432062257414378
CDH12P1	
CDH12P2	
CDH12P3	0.14941865319025666
CDH12P4	
CDH13	0.19469817657283736
CDH15	0.11193974736495124
CDH16	0.07885802465508569
CDH17	0.23367856987049157
CDH18	0.041215849749074294
CDH19	0.22187476056946323
CDH2	-0.4577081592630973
CDH20	0.20621600137033502
CDH22	-0.05765944558954739
CDH23	-0.3394723134253456
CDH23-AS1	0.18661368144024815
CDH24	-0.13495096963188763
CDH26	-0.19836209170276664
CDH3	-0.513930260595396
CDH4	-0.14888233687678062
CDH5	-0.11174868587998518
CDH6	-0.16099747701687728
CDH7	0.06530703214711646
CDH8	-0.08748888194904168
CDH9	-0.018261507033809396
CDHR1	0.2469815172989279
CDHR2	0.1627704206233404
CDHR3	0.14654296464596966
CDHR4	0.14361823400984472
CDHR5	0.2194164794132455
CDIP1	0.1429183135261431
CDIPT	0.21292579593198993
CDIPT-AS1	-0.15694283377177468
CDK1	-0.3357771051969051
CDK10	-0.10059097974711544
CDK11A	-0.2493345064689072
CDK11B	-0.06912404736380769
CDK12	-0.2059066333986254
CDK13	-0.23395693217118635
CDK14	-0.4736828108013009
CDK15	-0.0867120420774915
CDK16	0.20059275822891598
CDK17	-0.4861804788397313
CDK18	0.430840523013706
CDK19	-0.3276672082317215
CDK2	-0.3348213808834251
CDK20	0.11574306097861728
CDK2AP1	-0.28723261044624604
CDK2AP2	-0.04343526647680661
CDK2AP2P1	-0.12960412324181933
CDK2AP2P2	-0.24231089179589932
CDK2AP2P3	-0.02028904637619237
CDK3	-0.20806782682779745
CDK4	-0.2330305347873765
CDK5	0.028876096972457636
CDK5R1	-0.38023074775394655
CDK5R2	0.14846153750599272
CDK5RAP1	-0.2434678503860168
CDK5RAP2	-0.3321854928299445
CDK5RAP3	-0.13646970275480283
CDK6	0.017885077658672272
CDK7	0.11000019566665394
CDK8	0.15167993573949923
CDK9	-0.2256453811078253
CDKAL1	-0.1939219569754127
CDKL1	0.013764609507671102
CDKL2	0.023118081346613566
CDKL3	-0.42913915662390184
CDKL4	-0.1700054156402719
CDKL5	0.06442385385661513
CDKN1A	0.21615360321309277
CDKN1B	0.028880887510768262
CDKN1C	0.18305468839639139
CDKN2A	-0.017878509614964393
CDKN2AIP	0.03247793162797545
CDKN2AIPNL	-0.15320673914082056
CDKN2AIPNLP1	-0.19620082049178866
CDKN2AIPNLP2	-0.05029012056896819
CDKN2AIPNLP3	-0.0026366779991051836
CDKN2B	0.45830813134278103
CDKN2B-AS1	0.11456626170102609
CDKN2C	-0.09605622205529359
CDKN2D	-0.2992540862457229
CDKN3	-0.2529555387301601
CDNF	0.029571802961654726
CDO1	-0.3323635740306144
CDON	-0.23869029461513477
CDPF1	-0.15470357298325674
CDR1	0.00355712662185865
CDR2	-0.050925651605900076
CDR2L	0.2960448191860548
CDRT1	-0.3922551257574646
CDRT15	-0.17220901589347443
CDRT15L2	-0.017408303596565915
CDRT15P1	
CDRT15P2	0.3981464143651508
CDRT4	-0.17208958081340114
CDRT7	-0.11458703234659626
CDRT8	-0.34520449826961813
CDS1	0.3140836348507265
CDS2	-0.2784367518964831
CDSN	0.22508963081255282
CDT1	-0.1539333332166337
CDV3	-0.383839575090037
CDV3P1	0.012963588380081189
CDX1	0.30452553058454457
CDX2	0.22930225242721752
CDX4	0.0861703763367924
CDY1	
CDY10P	0.09576371036568665
CDY11P	
CDY12P	
CDY13P	
CDY14P	-0.16171891929644236
CDY15P	
CDY17P	
CDY18P	
CDY19P	
CDY1B	
CDY20P	-0.04947105959806506
CDY22P	-0.04947105959806506
CDY23P	
CDY2A	0.38088064212036493
CDY2B	0.2105897689219193
CDY3P	-0.055336791637305975
CDY4P	-0.044814756854103376
CDY5P	0.05392166127306306
CDY6P	-0.055336791637305975
CDY7P	-0.16171891929644236
CDY8P	
CDY9P	0.04140618661377081
CDYL	0.007114538999078594
CDYL2	-0.2861538044195225
CEA	
CEACAM1	0.007815530172895385
CEACAM16	0.18013797109536336
CEACAM18	0.21296697906025933
CEACAM19	-0.09740288513346164
CEACAM20	0.0993414252407969
CEACAM21	-0.4984490893095042
CEACAM22P	-0.24679043416738847
CEACAM3	-0.02764212629029588
CEACAM4	-0.4260832883828074
CEACAM5	-0.07289059399874284
CEACAM6	-0.1127226279493272
CEACAM7	-0.13550817678327925
CEACAM8	0.10703317952099381
CEACAMP1	-0.1875260074057358
CEACAMP10	0.18179782805258504
CEACAMP11	0.05854735770138685
CEACAMP2	-0.011346671798565564
CEACAMP3	0.004490482177914838
CEACAMP4	-0.31590325778191364
CEACAMP5	-0.07205333108038889
CEACAMP6	-0.0026366779991051836
CEACAMP7	-0.1514107522648601
CEACAMP8	-0.055336791637305975
CEACAMP9	
CEBPA	0.1789352245470372
CEBPA-AS1	0.22385488993689026
CEBPB	-0.08592535801082954
CEBPD	0.09857137836853945
CEBPE	-0.0684653789485081
CEBPG	0.518126703581124
CEBPZ	-0.11150274526692167
CECR1	-0.2566254225179049
CECR2	-0.06368788570066737
CECR3	0.18542173309157842
CECR5	-0.18837011514728944
CECR5-AS1	-0.007588572464522843
CECR6	-0.010902205213736057
CECR7	-0.3334590178888031
CECR9	-0.033579756081261465
CEL	0.05801551052131184
CELA1	-0.2649541489510506
CELA2A	0.125519254079092
CELA2B	-0.16044282619217456
CELA3A	0.2835735436870996
CELA3B	0.3447656519287687
CELF1	-0.43549536439039893
CELF2	-0.35062242648051895
CELF2-AS1	-0.14271329901347654
CELF2-AS2	0.39033146619539366
CELF3	0.1567843853995639
CELF4	-0.44514119604513025
CELF5	-0.007540459721928896
CELF6	-0.10411975975517641
CELP	-0.1278868596959491
CELSR1	-0.3406690331184452
CELSR2	0.09144351336459833
CELSR3	-0.005147261955371138
CEMP1	0.1298860904482709
CEND1	-0.2749737482101865
CEND1P1	0.08866391844681766
CENPA	-0.24086770239462735
CENPB	0.1748722799561495
CENPBD1	0.13492396662867984
CENPC	-0.21779648499630955
CENPCP1	-0.08483806581040025
CENPE	-0.2822258444598619
CENPF	-0.20892722772725184
CENPH	-0.23428801020732812
CENPI	-0.32472355108621953
CENPIP1	
CENPJ	-0.40032906342216623
CENPK	-0.33390560708215955
CENPL	-0.3264766341785139
CENPM	-0.2881747171679592
CENPN	-0.25001547815109515
CENPO	-0.3515072476546369
CENPP	-0.3668855510393471
CENPQ	-0.25164721050763467
CENPT	-0.26333092306799144
CENPV	0.28193618308229207
CENPVP1	0.033839256195879006
CENPVP2	
CENPVP3	-0.1994405709039652
CENPW	-0.3138378632793314
CEP104	-0.09266142961009824
CEP112	-0.08420394519320744
CEP120	-0.45990340617245823
CEP128	-0.35685728522156995
CEP135	-0.4627395255542975
CEP152	-0.31523003938094585
CEP164	-0.40572228083313777
CEP164P1	0.17591777006937373
CEP170	-0.4642670836501808
CEP170B	0.21606291615586457
CEP170P1	-0.2697352043078875
CEP19	-0.3675137522029959
CEP192	-0.20540839400753705
CEP250	-0.44229001823461694
CEP290	-0.2489430835125544
CEP350	-0.057023278269302036
CEP41	-0.30311336983020537
CEP44	-0.3612739453236398
CEP55	-0.2864293424649849
CEP57	-0.3375425091433225
CEP57L1	-0.3023084927166853
CEP57L1P1	0.23913611076006924
CEP63	-0.14234408489099495
CEP68	-0.19468890091556876
CEP70	0.10242032701413516
CEP72	-0.30518568534228163
CEP76	0.06602766562614198
CEP78	-0.2968530269512511
CEP85	-0.17914623335161253
CEP85L	-0.43354185905145054
CEP89	-0.20951626615116808
CEP95	-0.2006959099433163
CEP97	-0.4563883246211239
CEPT1	-0.41328091861961547
CER1	0.22848758081377876
CERCAM	-0.027386076888437957
CERK	0.21959969687972952
CERKL	-0.09301275527352293
CERS1	-0.25008558871908804
CERS2	0.1630654447798735
CERS3	0.0256375684520764
CERS4	-0.4286562900289712
CERS5	-0.46229217359636693
CERS6	0.24884165204850095
CERS6-AS1	0.01277110433690225
CES1	0.2460614002198157
CES1P1	0.3176658858771126
CES1P2	0.21495256873815466
CES2	0.2132446980319578
CES3	0.1142867278037061
CES4A	-0.05913179822959633
CES5A	-0.26422204485080936
CES5AP1	0.16760494875774037
CETN1	-0.20696957635573773
CETN2	-0.29160867905655175
CETN3	-0.12824272812937962
CETN4P	0.2741228256549687
CETP	-0.33379561038964833
CFB	0.03947768925801769
CFC1	-0.1162875383581113
CFC1B	0.28253096851707266
CFD	0.0428372333193009
CFDP1	0.137135908253094
CFH	0.007251550909985282
CFHR1	-0.40945823796331665
CFHR2	
CFHR3	0.045559576729463994
CFHR4	-0.02979229743253596
CFHR5	-0.14452492086035723
CFI	-0.06005674203462825
CFL1	-0.0956701328951435
CFL1P1	-0.25751994996657795
CFL1P2	-0.15523291565455682
CFL1P3	-0.1567391680513655
CFL1P4	-0.23997782313805785
CFL1P5	0.16834166759043848
CFL1P6	0.008558089103301896
CFL1P7	-0.10528143395101695
CFL1P8	0.03107043818466919
CFL2	-0.263000638137111
CFLAR	-0.28859218120715324
CFLAR-AS1	-0.2675391119474398
CFP	-0.40510028276452564
CFTR	0.10879148741572049
CFTRP1	0.00355712662185865
CGA	-0.3455929064028749
CGB	-0.2762979906897932
CGB1	
CGB2	
CGB5	0.0030110378101321483
CGB7	0.05820947675136256
CGB8	
CGGBP1	-0.3699223414771044
CGN	0.2854194616296315
CGNL1	-0.18911530495970247
CGREF1	0.08176876458742123
CGRRF1	0.06948866662036174
CH25H	-0.07626535986428283
CHAC1	0.1311782453042023
CHAC2	-0.20730719432538774
CHAD	0.18824178640278777
CHADL	0.08218173329155118
CHAF1A	-0.2655443034896242
CHAF1B	-0.27509101194722013
CHAMP1	-0.31729472325368746
CHAT	0.14600788756687036
CHCHD1	-0.03939774179724894
CHCHD10	-0.04592890086838418
CHCHD2	0.10751516258152247
CHCHD2P1	0.158436948968646
CHCHD2P11	-0.05912134400784237
CHCHD2P2	0.15909602698092642
CHCHD2P3	0.25188253593194554
CHCHD2P4	-0.04922714717209539
CHCHD2P5	0.12402943520646242
CHCHD2P6	0.23661927221005505
CHCHD2P7	0.05392166127306306
CHCHD2P8	0.09426953739463828
CHCHD2P9	0.11892259624306895
CHCHD3	-0.046120642465230094
CHCHD3P1	-0.17063944416998705
CHCHD3P2	0.2728592895320692
CHCHD3P3	-0.12562231334307528
CHCHD4	0.04371830096668817
CHCHD4P2	0.09972590332151306
CHCHD4P3	
CHCHD4P4	-0.0735515225030575
CHCHD4P5	0.2105897689219193
CHCHD5	-0.1291521894596985
CHCHD6	-0.26578129951441415
CHCHD7	-0.005818295239997667
CHD1	-0.08747005135557254
CHD1L	-0.11006784906522966
CHD2	-0.3707459018491803
CHD3	-0.45136934383398336
CHD4	-0.22604292461419176
CHD5	0.3293967647008326
CHD6	-0.3172940678751795
CHD7	-0.13950152491096585
CHD8	-0.31178198484149644
CHD9	-0.1552515768635813
CHDC2	0.15032087038664654
CHDH	-0.17938387529055555
CHEK1	-0.2999840209499113
CHEK2	-0.31985214554144664
CHEK2P2	0.271215529340939
CHEK2P3	0.11125760384342238
CHEK2P4	
CHEK2P5	
CHERP	-0.11569775812339085
CHFR	0.04077352140384538
CHGA	0.13788679086596284
CHGB	0.22002139276722404
CHI3L1	-0.4153102424729465
CHI3L2	-0.3167447564385271
CHIA	0.14142956115745642
CHIAP1	-0.24271665752448018
CHIAP2	0.11678118782682063
CHIAP3	-0.1372915726691752
CHIC1	-0.18243931291127316
CHIC2	-0.04371812902746319
CHID1	0.006530730020844336
CHIT1	-0.34724297407637406
CHKA	0.21065968894642104
CHKB	-0.2194954307674207
CHKB-AS1	-0.09546067010460733
CHKB-CPT1B	
CHL1	-0.26834276909997157
CHL1-AS1	-0.16171891929644236
CHL1-AS2	0.17847012981738916
CHM	-0.12782205172572408
CHML	-0.03576046938554968
CHMP1A	0.3112991829447921
CHMP1AP1	-0.17878834304916924
CHMP1B	0.2326021335150237
CHMP2A	0.08027047202116003
CHMP2B	0.14579781125300195
CHMP3	0.20705152985156877
CHMP4A	-0.30466808459321165
CHMP4B	0.27058749832422463
CHMP4BP1	0.24650662627286687
CHMP4C	0.3077229550889707
CHMP5	0.3341339414647733
CHMP6	0.07474861160946267
CHMP7	-0.4081533105914567
CHN1	-0.41418162604364483
CHN2	0.10877753351647675
CHODL	-0.055075627714553675
CHODL-AS1	-0.024241889255089435
CHORDC1	-0.2773063830396003
CHORDC2P	0.09675641541349779
CHP1	0.4643251653652038
CHP2	0.42925501356941165
CHPF	0.2311076831112323
CHPF2	0.0718098472622952
CHPT1	0.2922386461469062
CHRAC1	-0.17838278504416255
CHRD	-0.1284973022012458
CHRDL1	-0.04786012197789442
CHRDL2	-0.339181246290078
CHRFAM7A	-0.044881180149934675
CHRM1	0.22629307619429478
CHRM2	0.05159206329537367
CHRM3	0.12396472301977554
CHRM3-AS1	-0.1514107522648601
CHRM3-AS2	-0.32086581280864196
CHRM4	0.21994651444161054
CHRM5	-0.14145489483532958
CHRNA1	0.15732198382853196
CHRNA10	-0.10437113807302176
CHRNA2	-0.3045469448255322
CHRNA3	-0.07845256803945307
CHRNA4	-0.21689649050453208
CHRNA5	0.13800269095807613
CHRNA6	-0.35421616190829985
CHRNA7	0.20773093481196028
CHRNA9	-0.48936584705154396
CHRNB1	0.10590870954778098
CHRNB2	0.10176169820660186
CHRNB3	-0.14303083795557706
CHRNB4	-0.4743217899601932
CHRND	0.0925682451734558
CHRNE	0.029145634507343293
CHRNG	0.09458172355445531
CHST1	-0.08957298045527828
CHST10	-0.4696332747454044
CHST11	-0.5032467228590117
CHST12	-0.03192907381512304
CHST13	-0.02172203146701238
CHST14	-0.35737940941656415
CHST15	-0.4060348179497128
CHST2	-0.3839568303569249
CHST3	-0.3007155173278802
CHST4	-0.41086852200737617
CHST5	0.14694902670585958
CHST6	0.16463579889190036
CHST7	-0.269862732665265
CHST8	-0.3099964730264664
CHST9	-0.20542249877705696
CHSY1	-0.34633842582532326
CHSY3	-0.28667467457513707
CHTF18	-0.12025793386102532
CHTF8	-0.3233480258253961
CHTF8P1	0.10192238789947064
CHTOP	-0.35716702020168656
CHUK	0.04787540334492496
CHURC1	-0.03129743418188906
CHURC1-FNTB	
CIAO1	-0.11234278417317028
CIAPIN1	-0.20894845184509775
CIAPIN1P	0.12767283416196115
CIB1	-0.013463104977191128
CIB2	0.2536928452931938
CIB3	-0.23662092134224055
CIB4	-0.02578118126043083
CIC	-0.1265693718086424
CICP1	
CICP10	0.00355712662185865
CICP11	0.11286076804883247
CICP12	
CICP13	0.24271250771071062
CICP14	-0.3365056192950603
CICP16	-0.44603182444763717
CICP17	0.21635194542291994
CICP18	0.048833167778992735
CICP19	0.018832586283042903
CICP2	
CICP20	-0.02706677855073453
CICP22	-0.16011943671806547
CICP23	0.020759727900590205
CICP24	-0.21743838542117802
CICP26	-0.1437267789556832
CICP27	-0.025103831520594522
CICP3	0.10708521509366634
CICP4	0.15748269984817317
CICP5	-0.024292789505848865
CICP6	0.09957083844836899
CICP7	0.13178637152197573
CICP8	0.05779062706445514
CICP9	0.06675607694592191
CIDEA	-0.08484557517565643
CIDEB	0.13301205758472442
CIDEC	0.3197895418905025
CIDECP	-0.15087550299203722
CIITA	-0.40421741949325823
CILP	-0.19416269210717166
CILP2	-0.37658471276720895
CINP	-0.10574753565067631
CIR1	-0.09732777438620864
CIR1P1	-0.21303127662513904
CIR1P2	-0.06608779445873761
CIR1P3	-0.08671151067597889
CIRBP	-0.2661281858111749
CIRBP-AS1	-0.04272933867314513
CIRH1A	-0.22167064631331476
CISD1	0.13118282314651697
CISD1P1	0.11769790357297528
CISD2	0.023212386857445942
CISD3	0.20251726170553352
CISH	0.1292259861504499
CIT	-0.1504305165481818
CITED1	0.24509316890628643
CITED2	-0.04488199753598775
CITED4	-0.22264401032191605
CIZ1	-0.020125624028794385
CKAP2	-0.3156815210331073
CKAP2L	-0.29908121707310426
CKAP4	0.17612680762570238
CKAP5	-0.17879559722995864
CKB	-0.04021030083013836
CKBP1	-0.017432940929461297
CKLF	-0.19644288926512604
CKLF-CMTM1	-0.1911281214179999
CKM	-0.21778473745712587
CKMT1A	-0.005210495291548071
CKMT1B	-0.01439617092623113
CKMT2	0.10463368151268714
CKMT2-AS1	-0.3048391863692786
CKS1B	-0.25160541425737953
CKS1BP5	-0.020783347415587964
CKS1BP6	-0.03387690413356085
CKS1BP7	0.0006108301070412973
CKS2	-0.25508814621161485
CLASP1	-0.27751052807594406
CLASP2	-0.30813145487348503
CLASRP	-0.11547887636683707
CLC	-0.10648792303573006
CLCA1	0.33750526539326914
CLCA2	0.2886830655045865
CLCA3P	-0.17681617415454845
CLCA4	0.04746664530527225
CLCC1	-0.004199313053701546
CLCF1	-0.3873515148955059
CLCN1	0.07441662844319143
CLCN2	0.31083183658535396
CLCN3	0.1642307916236629
CLCN4	-0.4549620833454267
CLCN5	0.07245338232054736
CLCN6	-0.21272893671534407
CLCN7	-0.13235611134395017
CLCNKA	-0.11335804985593961
CLCNKB	-0.08035801084713902
CLCP1	0.23207040816321395
CLCP2	-0.19086054642919498
CLDN1	-0.13321953115320775
CLDN10	-0.20941931720284337
CLDN10-AS1	-0.016186019381770868
CLDN11	-0.005352937922433936
CLDN12	0.2754742679093283
CLDN14	-0.1328052760701675
CLDN15	0.19993518251971315
CLDN16	-0.3615731610388747
CLDN17	0.3484457088958263
CLDN18	-0.4454472079139263
CLDN19	-0.17684350654199668
CLDN2	0.0695258982497736
CLDN20	-0.22181806719075453
CLDN22	-0.07636407886298545
CLDN23	-0.01693566292404908
CLDN24	
CLDN25	0.09752005632500205
CLDN3	-0.008092552566269383
CLDN4	0.007826759073535817
CLDN5	-0.0033022959398023915
CLDN6	0.12675927631177847
CLDN7	0.047309166300155955
CLDN8	-0.04820579771843543
CLDN9	-0.03154464063243938
CLDND1	-0.18255855664020657
CLDND2	0.05473014804720906
CLEC10A	-0.04262977207362016
CLEC11A	-0.0699401510164458
CLEC12A	-0.19890614096329914
CLEC12B	-0.12441727487407775
CLEC14A	0.04236022220135949
CLEC16A	-0.17470459911650613
CLEC17A	-0.42813216591758657
CLEC18A	-0.17581101724604026
CLEC18B	-0.05936698287677094
CLEC18C	-0.21794226746621043
CLEC19A	-0.006126440943204758
CLEC1A	-0.3135966672801831
CLEC1B	0.34050009508917495
CLEC2A	
CLEC2B	-0.32420006271705776
CLEC2D	-0.45577406064014214
CLEC2L	-0.13805897269147993
CLEC3A	0.07797488825694487
CLEC3B	-0.059724609774030414
CLEC4A	-0.3512363050861921
CLEC4C	-0.15203857963651432
CLEC4D	-0.49784391831341507
CLEC4E	-0.4014898343080654
CLEC4F	-0.005357652099906993
CLEC4G	-0.018034215340195288
CLEC4GP1	-0.028166557923093884
CLEC4M	-0.22884792776506013
CLEC5A	-0.07053759563033331
CLEC6A	-0.350361846665584
CLEC7A	-0.398206674993461
CLEC9A	-0.21572682904327234
CLECL1	-0.4907121766493103
CLGN	-0.3931954664480359
CLHC1	-0.19310380029144764
CLIC1	-0.014558577483116307
CLIC1P1	0.19499846269277069
CLIC2	-0.3942736917918336
CLIC3	-0.08458937015417241
CLIC4	-0.2432201857218947
CLIC5	0.18802778200580544
CLIC6	0.16582592636155027
CLINT1	0.002098532215737284
CLIP1	-0.11548261427230985
CLIP2	0.08275347000926979
CLIP3	-0.28811621951612004
CLIP4	-0.4703593201067711
CLK1	-0.2053274516616916
CLK2	-0.19951950135893565
CLK3	-0.28624594059057157
CLK4	-0.29562822885984463
CLLU1	-0.2194802052025027
CLLU1OS	-0.29769676252853855
CLMN	0.1053527728871541
CLMP	-0.3104834779112318
CLN3	0.225427270816102
CLN5	-0.1472048622233877
CLN6	-0.16367085930634315
CLN8	-0.05335395082329463
CLNK	-0.3729973102572971
CLNS1A	-0.24102785898215462
CLNS1AP1	0.1020467725180152
CLOCK	-0.05535574563931804
CLP1	-0.17938325371999903
CLPB	-0.09855193574500146
CLPP	0.10320874036028849
CLPS	-0.045550786843224715
CLPSL1	-0.03212531809161765
CLPSL2	-0.22911884441336036
CLPTM1	-0.01050507705303468
CLPTM1L	0.2601772752165154
CLPTM1LP1	-0.1089222052755103
CLPX	0.035330074708047984
CLRN1	0.38394932728542486
CLRN1-AS1	0.17569210111221553
CLRN2	0.09845504119810082
CLRN3	0.4568797174940722
CLSPN	-0.35130143663336194
CLSTN1	0.057187283082910524
CLSTN2	0.052600192734625864
CLSTN2-AS1	-0.11393823038386558
CLSTN3	-0.45891375451601224
CLTA	-0.011339238586197273
CLTB	0.10161406745363105
CLTC	0.15277264630451381
CLTCL1	0.08956517122020691
CLU	-0.40410600306048566
CLUAP1	-0.192171174686182
CLUH	0.24598627436049542
CLUHP1	0.12077939121497794
CLUHP2	0.16640018019343047
CLUHP3	-0.27469828536914936
CLUHP4	0.03141169348803849
CLUHP5	0.1803443463424373
CLUL1	0.2064284506246151
CLVS1	-0.08824278199679067
CLVS2	0.06753378111503636
CLYBL	-0.2593789357152554
CLYBL-AS1	0.2105897689219193
CLYBL-AS2	-0.24254149121594412
CMA1	-0.008972093905100684
CMAHP	-0.0852858875488568
CMAS	0.25667188768854526
CMBL	0.21365466440302477
CMC1	-0.08229793435477158
CMC2	0.05889358211581903
CMC4	
CMIP	0.3240116636032567
CMKLR1	-0.2702224385882719
CMPK1	0.18132999956941376
CMPK2	0.15837076189538754
CMSS1	-0.3204485731531783
CMTM1	-0.12919364150510823
CMTM2	-0.26162426247757553
CMTM3	-0.2904415347288193
CMTM4	0.12635254141777294
CMTM5	0.07074448646192619
CMTM6	-0.12581683789147144
CMTM7	-0.4821331162050567
CMTM8	0.15973136070309624
CMTR1	-0.4600418317959181
CMTR2	-0.16776915347725227
CMYA5	0.06608537400148953
CNBD1	-0.26843876489671903
CNBD2	-0.10189190817015953
CNBP	-0.043777229167637904
CNDP1	-0.01674258502415722
CNDP2	0.14811585574749744
CNEP1R1	-0.12935011335946203
CNFN	0.11177792268145759
CNGA1	0.11117855682568045
CNGA2	0.014343352534693677
CNGA3	0.2129131755407595
CNGA4	-0.06448318754222847
CNGB1	-0.420529980260426
CNGB3	-0.07600430528338423
CNIH1	0.003917060706883452
CNIH2	-0.008509165965716076
CNIH3	-0.22157230556445298
CNIH4	0.1351528089585421
CNKSR1	0.2629448508872692
CNKSR2	-0.434610906152473
CNKSR3	0.24565903721749618
CNN1	0.09468431278743587
CNN2	-0.4413169154088112
CNN2P1	-0.22945924961230105
CNN2P10	-0.0026992880030530355
CNN2P11	-0.02862070180916301
CNN2P12	-0.2164214028824513
CNN2P2	-0.140741503364668
CNN2P3	-0.1534285815651551
CNN2P4	-0.02254126156622214
CNN2P5	-0.11731044322241563
CNN2P6	-0.01966453526358956
CNN2P7	0.09333663600688247
CNN2P8	-0.16435642753792837
CNN2P9	-0.4314792908819244
CNN3	0.1664653491618246
CNN3P1	0.09740759241688578
CNNM1	0.055525651820530736
CNNM2	0.06151450744132765
CNNM3	0.04628828996385033
CNNM4	0.13801748711276654
CNOT1	-0.08373847535527298
CNOT10	-0.18922965647759332
CNOT10-AS1	
CNOT11	-0.036477585117963056
CNOT2	-0.11818180645571849
CNOT3	-0.21768222142590632
CNOT4	-0.2539709142596376
CNOT4P1	-0.028324730029229788
CNOT6	-0.1139949461670696
CNOT6L	-0.42853501842470587
CNOT6LP1	-0.030614743583414466
CNOT7	-0.18672972247015482
CNOT7P1	0.1715584900472669
CNOT7P2	0.005230325702613015
CNOT8	-0.025991517443033862
CNP	-0.47359459203261506
CNPPD1	0.22717934928448966
CNPY1	0.18166457932499958
CNPY2	-0.08501035389144178
CNPY3	-0.4368928860792567
CNPY4	-0.049056395102638574
CNR1	-0.4069544398975829
CNR2	-0.4772107774624357
CNRIP1	-0.14076200534622135
CNST	0.09967416857720093
CNTD1	0.0813836448725151
CNTD2	-0.1029110140387496
CNTF	-0.16101727846627695
CNTFR	0.33229516286383937
CNTFR-AS1	0.08561781794231724
CNTLN	-0.19293543359207926
CNTN1	-0.01000736920411206
CNTN2	-0.4891695837659506
CNTN3	0.07898119993577125
CNTN4	-0.02616944627551777
CNTN4-AS1	-0.18203291801594546
CNTN4-AS2	0.2828395602640671
CNTN5	0.1633194642302201
CNTN6	-0.022758617450601284
CNTNAP1	-0.20347999187906615
CNTNAP2	-0.017090145969178044
CNTNAP3	0.1835443471672303
CNTNAP3B	-0.14175286328311304
CNTNAP4	-0.21418049293383826
CNTNAP5	-0.25243947824297697
CNTRL	-0.4465001901203383
CNTROB	-0.18201435471638194
COA1	-0.4034848320227691
COA3	0.11251532504657595
COA4	0.2047292833985209
COA5	-0.11722083718725688
COA6	0.07577690766715645
COASY	0.04176214024497781
COBL	0.39029153380244136
COBLL1	-0.3701284315573709
COCH	-0.3949478495568427
COG1	0.1724706918265303
COG2	0.023331734916268713
COG3	0.29036800524867595
COG4	-0.373712636558317
COG5	0.20077947363062543
COG6	0.16580108133881782
COG7	0.10947684012774916
COG8	0.015052163025896865
COIL	-0.2216047745492677
COL10A1	-0.13221342283580467
COL11A1	-0.3023526200407828
COL11A2	-0.34429251276985157
COL11A2P1	-0.047417749905741734
COL12A1	0.05815417892652021
COL13A1	0.05367081159519385
COL14A1	-0.03644883912484522
COL15A1	0.07063025961385651
COL16A1	-0.1202420254992333
COL17A1	-0.098668371529911
COL18A1	-0.052188859374521564
COL18A1-AS1	0.09858809535570681
COL18A1-AS2	0.0016669706104152178
COL19A1	-0.4518678684304117
COL1A1	0.20380220676279914
COL1A2	0.0504864547301839
COL20A1	-0.12441518181402063
COL21A1	0.22833527313204152
COL22A1	-0.2901910442047652
COL23A1	-0.196668989655672
COL24A1	-0.001124782755382057
COL25A1	0.01971900805059498
COL26A1	-0.23570720368264414
COL27A1	-0.20905724666744485
COL28A1	0.16103616774798998
COL2A1	-0.23892768677190143
COL3A1	0.15784528887689966
COL4A1	-0.019405310862006926
COL4A2	0.14842308747204905
COL4A2-AS1	0.009314286393350139
COL4A2-AS2	-0.17878912785123552
COL4A3	-0.3520511047614827
COL4A3BP	0.06376102444812806
COL4A4	-0.38729319845001203
COL4A5	0.14165138772858255
COL4A6	0.11340356468864006
COL5A1	0.3301358795181104
COL5A1-AS1	-0.027528582226549168
COL5A2	0.05968347232182982
COL5A3	-0.1544110442995111
COL6A1	-0.008399269119159445
COL6A2	0.06454139726362298
COL6A3	-0.09267831191690522
COL6A4P1	-0.047570406069851696
COL6A4P2	-0.277068001082008
COL6A5	-0.025710536036873913
COL6A6	-0.1258894931855239
COL7A1	-0.05095798690492201
COL8A1	0.2536296370340873
COL8A2	-0.26831796189087503
COL9A1	0.06727807496314318
COL9A2	-0.26720037632825655
COL9A3	-0.28768985891066995
COLCA1	0.03749079725074678
COLCA2	0.3641708378464164
COLEC10	0.046635174640638724
COLEC11	0.038586959963607795
COLEC12	-0.11535005261492862
COLGALT1	-0.15243225559688756
COLGALT2	-0.15893597942042378
COLQ	-0.2644219005450819
COMMD1	-0.17215938260911123
COMMD10	-0.19815492106008203
COMMD2	-0.11603298497336349
COMMD3	-0.008540005929162415
COMMD3-BMI1	
COMMD4	0.02807919618395006
COMMD5	-0.04030476116784853
COMMD6	-0.25071379811360217
COMMD7	-0.11519994714326581
COMMD8	-0.18664107597271495
COMMD9	-0.09038701760177094
COMP	0.08085612233717107
COMT	0.025859123528768974
COMTD1	0.14195356522851854
COPA	0.2532098161815367
COPB1	0.13417581650045168
COPB2	0.10574691248822743
COPE	0.011988009834226366
COPG1	0.17315344597173057
COPG2	0.008281517782539962
COPRS	-0.26116863942267055
COPS2	-0.08654998846456742
COPS3	-0.3343546422038726
COPS4	-0.2691190870968996
COPS5	0.007996823182763929
COPS5P1	-0.12067667262945252
COPS6	-0.24331144954574704
COPS7A	-0.3524869520621631
COPS7B	-0.3826064205358303
COPS8	-0.3864184053259154
COPS8P2	0.04125424078427426
COPS8P3	-0.19116752629660552
COPZ1	-0.04446477507378726
COPZ2	-0.16577756624956314
COQ10A	-0.36929252400580026
COQ10B	0.035476984469021866
COQ10BP2	-0.16171891929644236
COQ2	0.032496819199976434
COQ3	0.10377272225941603
COQ4	0.1290484550659282
COQ5	0.325263634130211
COQ6	-0.05496957293085845
COQ7	0.003663672661948722
COQ9	0.14567227610854097
CORIN	-0.03102866943447561
CORO1A	-0.3815260763658796
CORO1B	0.19172948258962713
CORO1C	-0.07725616526765548
CORO2A	0.21631249506391023
CORO2B	0.15931328831923894
CORO6	-0.03574517508283547
CORO7	0.0013201633300578665
CORO7-PAM16	
CORT	-0.11112256896016537
COTL1	-0.41474353182249174
COTL1P1	-0.21825731546353097
COTL1P2	-0.20548375542951064
COX10	0.3797179789876836
COX10-AS1	-0.2547456042026075
COX11	-0.021893034487799383
COX11P1	0.03196275673978379
COX14	0.09067671542693455
COX15	-0.01320984883661513
COX16	0.06538084107586052
COX17	-0.2595859679167872
COX17P1	-0.07990623554273196
COX18	-0.07067879195543675
COX19	0.1041597083554617
COX20	-0.11704760224011332
COX20P1	-0.1070553462938759
COX20P2	0.010291667973555884
COX4I1	0.04015819695994421
COX4I1P1	0.03274934642875479
COX4I1P2	0.14992132661734123
COX4I2	-0.1426543739147173
COX5A	0.26449752231051715
COX5AP2	0.15215504930524404
COX5B	0.11638179224710901
COX5BP1	0.03828712331349785
COX5BP2	-0.047750363002932415
COX5BP3	0.13120354950781565
COX5BP6	-0.12895546379635006
COX5BP7	
COX5BP8	0.08392095049566564
COX6A1	0.052252148012925596
COX6A1P2	0.24203118066016255
COX6A1P3	-0.11666448190795486
COX6A2	-0.16078518749250223
COX6B1	-0.04904789115287236
COX6B1P1	0.15311078429260477
COX6B1P2	-0.16549569312302284
COX6B1P3	0.16798768041756798
COX6B1P4	-0.015056105441105068
COX6B1P5	-0.009285939150403533
COX6B1P6	0.46611861409465866
COX6B1P7	
COX6B2	-0.08814337924018034
COX6C	0.12594032701620833
COX6CP1	-0.14467922742153036
COX6CP2	-0.18099677030866756
COX6CP3	0.2153491648632065
COX6CP5	0.38088064212036493
COX6CP6	0.2976772181210439
COX7A1	-0.1128203016504521
COX7A2	0.06276468901807719
COX7A2L	0.058911495282362156
COX7A2P1	-0.2725351564410602
COX7A2P2	0.024728595802208018
COX7B	0.026197406916675926
COX7B2	
COX7BP1	0.19773418821930583
COX7BP2	-0.06633863861004202
COX7C	-0.011230895425987155
COX7CP1	0.09933776366065306
COX8A	-0.0021870154364721202
COX8C	-0.07858442098191322
CP	-0.1579628089860925
CPA1	0.06242209396767594
CPA2	0.08163671887759165
CPA3	-0.19785214865485032
CPA4	-0.20425488611111467
CPA5	-0.05299570168303597
CPA6	0.1337577897139933
CPAMD8	-0.0711428980350464
CPB1	0.10134515031246075
CPB2	-0.11724176427640774
CPB2-AS1	-0.07724355675523897
CPD	0.2626789124554427
CPE	0.22718356427924954
CPEB1	-0.2187354764516661
CPEB2	0.048231094533208396
CPEB2-AS1	0.0390697731864687
CPEB3	0.3117166122810212
CPEB4	-0.1370084824881941
CPED1	0.06870896370693787
CPHL1P	0.2820806169648694
CPLX1	0.04760198436386714
CPLX2	0.12558483568313678
CPLX3	
CPLX4	-0.04971680952064321
CPM	0.03390807983364307
CPN1	0.06488796095093285
CPN2	-0.041559420314566
CPNE1	-0.24777311346944678
CPNE2	0.38606332881371974
CPNE3	-0.09579036649765961
CPNE4	-0.1822946973361574
CPNE5	-0.36518380046544086
CPNE6	-0.032471403837443694
CPNE7	0.10863744931803633
CPNE8	-0.0014128474509745327
CPNE9	-0.18132243060053452
CPO	0.12751544519289887
CPOX	0.04585072641300767
CPPED1	-0.035076044468947104
CPQ	-0.052179415701880595
CPS1	0.040715412530606794
CPSF1	0.06171413452981764
CPSF1P1	-0.21843480714763547
CPSF2	-0.14321553858642985
CPSF3	-0.32966872483075743
CPSF3L	-0.14461812826985404
CPSF4	-0.2594601948793373
CPSF4L	-0.07416426578876693
CPSF6	-0.28444548086870497
CPSF7	-0.2422965303047445
CPT1A	0.18796406926426948
CPT1B	-0.059342114373034355
CPT1C	0.020847781348160677
CPT2	0.283380763229454
CPVL	-0.11838759185242774
CPXCR1	0.0917197210455248
CPXM1	-0.06204985879344611
CPXM2	0.15920852430314125
CPZ	-0.15874837097585467
CR1	-0.45555036801096555
CR1L	-0.4668185515882188
CR2	-0.40011213969617226
CRABP1	0.1236823795817063
CRABP2	-0.3230683071060877
CRADD	0.15982980574120528
CRAMP1L	-0.09072373179009055
CRAT	0.2814599402096755
CRB1	-0.15505582033202514
CRB2	-0.13658128481242415
CRB3	0.30559376854019515
CRBN	0.011247034777639308
CRCP	0.19277497390449083
CRCT1	0.22413863037782905
CREB1	-0.37512194120834513
CREB3	-0.029168479943008117
CREB3L1	0.11304944392776023
CREB3L2	-0.07774393855539091
CREB3L3	0.28307016913988703
CREB3L4	0.34519593412355737
CREB5	-0.3721883560009871
CREBBP	-0.21594794131586115
CREBL2	-0.30843213716842477
CREBRF	-0.2885866528721838
CREBZF	-0.23822510737143324
CREG1	0.12978978844163866
CREG2	-0.0033816532009361537
CRELD1	-0.13097247874402057
CRELD2	0.07216294855229534
CREM	-0.23353363191920534
CRH	-0.03674801096172278
CRHBP	-0.24514484965707511
CRHR1	-0.06735378186800375
CRHR1-IT1	-0.38065490952271713
CRHR2	0.057227661626288596
CRIM1	0.10714205545512404
CRIP1	-0.04402846256407528
CRIP1P1	
CRIP1P2	0.10935957699747278
CRIP1P3	
CRIP1P4	0.07868981641847166
CRIP2	-0.19153989868773205
CRIP3	-0.26820858060108715
CRIPT	0.0809839000098451
CRISP1	-0.37594978462349443
CRISP2	0.16846658620214142
CRISP3	0.24134839557473456
CRISPLD1	-0.13216604282594258
CRISPLD2	0.07320024202626169
CRK	0.20480072238720465
CRKL	-0.067227871329181
CRLF1	-0.07017311245860998
CRLF2	-0.28739774232857296
CRLF3	-0.4359195394332521
CRLS1	0.2352119827271479
CRMP1	-0.31588675301031266
CRNDE	-0.2485772474173434
CRNKL1	0.043596638049449375
CRNN	-0.09867875457975783
CROCC	-0.20080482969960559
CROCCP1	0.05026203871706771
CROCCP2	-0.15814767340559793
CROCCP3	-0.37153884296836753
CROCCP4	-0.045177533801423635
CROCCP5	-0.36469363689483986
CROT	0.1272820911846941
CRP	0.012581348168118891
CRPP1	0.2828395602640671
CRTAC1	-0.3690658314368837
CRTAM	-0.26557824883671066
CRTAP	-0.07208469049408876
CRTC1	-0.1297804533578811
CRTC2	-0.4325615185623372
CRTC3	-0.4317730105029788
CRX	0.1397295496230681
CRY1	0.039089750169682885
CRY2	0.30144744233212994
CRYAA	-0.02910932649755461
CRYAB	-0.04623301304271557
CRYBA1	-0.05093047818739063
CRYBA2	0.004156234907764397
CRYBA4	-0.15715668058813284
CRYBB1	-0.15066086015417904
CRYBB2	-0.1374391814251811
CRYBB2P1	-0.2768592633157759
CRYBB3	-0.11167919493316672
CRYBG3	-0.027606569127543504
CRYGA	-0.04947105959806506
CRYGB	0.00355712662185865
CRYGC	0.14664412997189796
CRYGD	0.05313694083482262
CRYGEP	0.00355712662185865
CRYGFP	0.14992132661734123
CRYGGP	
CRYGN	-0.17671135559416384
CRYGS	-0.18124949874688034
CRYL1	0.20726117808014352
CRYM	0.081988922966394
CRYM-AS1	0.007709726965141561
CRYZ	0.04320321894574851
CRYZL1	0.047928034992060456
CRYZP1	-0.168856801066158
CS	0.11283121723092221
CSAD	-0.15471369023772794
CSAG1	-0.3558002398491003
CSAG2	0.10268139304955964
CSAG3	-0.3522642367514161
CSAG4	-0.3192442393942737
CSDC2	-0.07355520050207488
CSDE1	0.0886268157554113
CSE1L	-0.23815040370315652
CSF1	-0.1436219056635889
CSF1R	-0.15026542379357008
CSF2	-0.05790037514863157
CSF2RA	-0.42244319005589426
CSF2RB	-0.44655975376755275
CSF2RBP1	0.15549720913662166
CSF3	0.10025608250029483
CSF3R	-0.40281570865487304
CSGALNACT1	-0.4897826840697882
CSGALNACT2	-0.3480581824623857
CSH1	
CSH2	0.039774535118033735
CSHL1	0.21495256873815466
CSK	-0.36593967126191296
CSMD1	-0.129656380274167
CSMD2	-0.13741267996022286
CSMD3	0.18790572456862567
CSN1S1	0.011748497170577224
CSN1S2AP	
CSN2	
CSN3	-0.38215960603953847
CSNK1A1	-0.001145073561214417
CSNK1A1L	0.013622599691226917
CSNK1A1P1	0.0508678383628131
CSNK1A1P3	0.20715368438895465
CSNK1D	0.06686230403355796
CSNK1E	-0.1285830527783811
CSNK1G1	-0.12605222500474017
CSNK1G2	-0.08910365335183969
CSNK1G2-AS1	0.3635060914355669
CSNK1G3	-0.07228192912926451
CSNK2A1	-0.0002383833213756376
CSNK2A2	-0.3645135807611066
CSNK2A3	-0.04081165935327475
CSNK2B	-0.09333288339025657
CSPG4	0.12175660713678654
CSPG4P10	-0.055336791637305975
CSPG4P11	-0.4570408666957511
CSPG4P12	-0.19003169395218855
CSPG4P13	-0.1001825202550558
CSPG4P1Y	
CSPG4P2Y	
CSPG4P3Y	-0.16171891929644236
CSPG4P4Y	
CSPG4P5	
CSPG4P9	-0.040241510663953095
CSPG5	-0.1302482840535632
CSPP1	-0.0925040070309231
CSRNP1	-0.12185952631180513
CSRNP2	0.0012154410978484163
CSRNP3	-0.04359363743575788
CSRP1	0.04217692428126545
CSRP2	-0.4129629512291049
CSRP2BP	0.016896018901456835
CSRP3	-0.0028729107984810445
CST1	-0.40055611282799825
CST11	-0.15173586908865913
CST12P	0.07268814537471642
CST13P	0.020585031297924092
CST2	-0.0656931762491156
CST2P1	
CST3	-0.028649062357314542
CST4	-0.15348250759218102
CST5	0.21740563042816305
CST6	-0.1862609154417322
CST7	-0.28225066142818994
CST8	-0.026292044516778346
CST9	0.013550709688348475
CST9L	0.05699630351506743
CST9LP1	-0.027502016810007593
CSTA	-0.31686594847293365
CSTB	0.19695911547132366
CSTF1	-0.22530715795224743
CSTF2	-0.1118681005631
CSTF2T	-0.3851340908200188
CSTF3	-0.31488660378514205
CSTF3-AS1	-0.3950040519048721
CSTL1	0.22772276073684722
CSTP1	0.21015516089352385
CT45A1	
CT45A2	
CT45A3	0.2828395602640671
CT45A4	
CT45A5	-0.020783347415587964
CT45A6	
CT47A1	
CT47A10	
CT47A11	
CT47A12	
CT47A2	
CT47A3	
CT47A4	
CT47A5	
CT47A6	
CT47A7	
CT47A8	
CT47A9	
CT47B1	0.08961271085459807
CT49	-0.27812113689786033
CT60	-0.23094334900283783
CT62	0.018249401945696395
CT64	0.0749240421274852
CTAG1A	0.14147709209935122
CTAG1B	-0.012112178907209805
CTAG2	-0.06746990883634457
CTAGE1	0.040089332207281114
CTAGE10P	0.14413379210697913
CTAGE11P	0.09274728214742804
CTAGE12P	0.13863325513429026
CTAGE13P	0.18385914217006413
CTAGE14P	0.13315567983136065
CTAGE15	-0.12262762904880521
CTAGE16P	0.05428507868120997
CTAGE3P	-0.20728733684223125
CTAGE4	
CTAGE5	0.01113269716288197
CTAGE6	-0.22630545602594554
CTAGE7P	-0.04185804437004538
CTAGE8	0.08280598954732356
CTAGE9	-0.016391338116483002
CTBP1	-0.026960401011082217
CTBP1-AS2	-0.3869554127209325
CTBP2	0.23721111459264846
CTBP2P1	0.023542007524121403
CTBP2P2	-0.009076704031937239
CTBP2P3	0.05852232616673418
CTBP2P4	0.11399956002368031
CTBP2P5	0.04975074049850306
CTBP2P6	0.1450881583060941
CTBP2P7	-0.007637599903125757
CTBP2P8	0.060879848011583006
CTBS	-0.14910185613455904
CTC1	-0.4062816127670906
CTCF	-0.24422944309422928
CTCFL	-0.10257524532765205
CTD-2316B1.1	0.00355712662185865
CTD-2316B1.2	-0.24254149121594412
CTDNEP1	-0.0803004299747802
CTDP1	0.052267273818672674
CTDSP1	0.03797465840537687
CTDSP2	0.042511322982798784
CTDSPL	0.13191489387682906
CTDSPL2	-0.24546427089528675
CTF1	-0.22167953328357062
CTF2P	0.1811663711968971
CTGF	-0.24316265671285986
CTGLF10P	0.0016474313418984666
CTGLF11P	0.014428230073261515
CTGLF12P	-0.060371493560123904
CTH	0.08058066572962028
CTHRC1	-0.35784524714434846
CTIF	0.13610223554297032
CTLA4	-0.4599305446632294
CTNNA1	0.3717932762125954
CTNNA2	0.12815392250918353
CTNNA3	-0.08593462250535049
CTNNAL1	-0.1673534916425395
CTNNAP1	0.19486974949238617
CTNNB1	0.30322399580000853
CTNNBIP1	0.18401460561842672
CTNNBL1	-0.45887162736398823
CTNND1	0.2621856333777672
CTNND2	-0.009811328935064407
CTNS	0.04406217177088837
CTPS1	-0.08963252528673396
CTPS2	0.022827835814734552
CTR9	-0.05328020650225367
CTRB1	-0.07620345695851702
CTRB2	0.02323148750827177
CTRC	-0.09948983821236314
CTRL	-0.11074763772905255
CTSA	0.07682797591190343
CTSB	-0.08273119030788822
CTSC	-0.29017244021077465
CTSD	0.04482020926658311
CTSE	-0.488522820930348
CTSF	-0.12248071589057882
CTSG	0.03277202848278666
CTSH	-0.408895400583165
CTSK	-0.31428428493760624
CTSL	-0.20058259437583795
CTSL3P	-0.013073766964441947
CTSLP1	0.0757852308633273
CTSLP2	0.004287828129584668
CTSLP3	0.023242991451083956
CTSLP4	-0.20469076409679596
CTSLP5	
CTSLP6	-0.0031449012027364516
CTSLP7	
CTSLP8	-0.11032061050302117
CTSO	0.04985049126552822
CTSS	-0.06469551165107966
CTSV	0.3240933538038622
CTSW	-0.1671268100012833
CTSZ	-0.07698256818635203
CTTN	0.26647834780263974
CTTNBP2	0.09862502892650875
CTTNBP2NL	0.07322611110156363
CTU1	0.03777331731486175
CTU2	-0.024829817864034633
CTXN1	-0.051435247471383234
CTXN2	-0.06280489272399402
CTXN3	0.0420983143577186
CUBN	0.09775232757587615
CUBNP1	-0.23912641823407255
CUBNP2	-0.21789530179889205
CUBNP3	0.20403993716283028
CUEDC1	-0.17025779548581435
CUEDC2	-0.24469403420878583
CUL1	-0.01770753061598373
CUL2	-0.18398335888832035
CUL3	-0.05352992502643408
CUL4A	0.02452941476005398
CUL4AP1	-0.0026366779991051836
CUL4B	-0.2828282862096109
CUL5	-0.16499685609730136
CUL7	-0.03364973350536958
CUL9	-0.36016487366327554
CUTA	0.07958491185886633
CUTC	-0.20420090719956274
CUX1	0.042320285326729865
CUX2	-0.33543957875830527
CUX2P1	0.02478749039621423
CUZD1	-0.2281155588703459
CWC15	-0.14683361684215437
CWC22	-0.2243726718959834
CWC25	-0.18228800711258403
CWC27	-0.18765567339909453
CWF19L1	-0.25273146103419614
CWF19L2	-0.27868174036556537
CWH43	0.13487738449128728
CX3CL1	-0.5013789816440846
CX3CR1	-0.4875568903106076
CXADR	0.219544461708013
CXADRP1	0.10189086234164513
CXADRP2	-0.03862199990191389
CXADRP3	0.1900093444843442
CXCL1	-0.14341962707944525
CXCL10	-0.37794268732871844
CXCL11	-0.36667872550444525
CXCL12	-0.07996241279497754
CXCL13	-0.4310351769251081
CXCL14	-0.1800513446853132
CXCL16	0.15713017334541268
CXCL17	-0.21617388580949742
CXCL1P	0.00355712662185865
CXCL2	0.011856168209895513
CXCL3	0.0017658203635676365
CXCL5	-0.29888091356265534
CXCL6	-0.37907603402636353
CXCL9	-0.40447279065154507
CXCR1	-0.4786619067870503
CXCR2	-0.43378171128469667
CXCR2P1	-0.2538327343506233
CXCR3	-0.24869960233294605
CXCR4	-0.35936078571274427
CXCR5	-0.4504687771062762
CXCR6	-0.41378002297399996
CXXC1	-0.21101816583984773
CXXC11	-0.2517769530417264
CXXC1P1	0.23074885097019335
CXXC4	0.13788355293867058
CXXC5	-0.10866236137806773
CXorf21	-0.4995040598025872
CXorf22	-0.20348659874479424
CXorf23	0.043798764736632745
CXorf24	-0.08427517266135566
CXorf27	0.027418640677339845
CXorf28	-0.4329008371650979
CXorf30	0.2876990215971879
CXorf31	0.09437075689564896
CXorf36	-0.1817685383522107
CXorf38	-0.16624811548803325
CXorf40A	-0.1301697858865509
CXorf40B	-0.30715988034382746
CXorf48	0.42683482548381
CXorf49	-0.2883395629186879
CXorf49B	0.14385736257575452
CXorf51A	0.11125760384342238
CXorf51B	-0.024649207260102186
CXorf56	0.1214245485183364
CXorf57	-0.3797818178594506
CXorf58	-0.1460658111589678
CXorf61	0.14545611238293912
CXorf64	-0.07901876745712777
CXorf65	-0.40358127202026645
CXorf66	0.1377993448665681
CXorf67	-0.2700781555438643
CYB561	0.14980863483727314
CYB561A3	-0.3294176106616719
CYB561D1	0.14769179876535427
CYB561D2	0.1144246767188146
CYB5A	0.27327585173177604
CYB5AP5	0.2105897689219193
CYB5B	0.16698542791534765
CYB5D1	-0.022689467801865707
CYB5D2	0.26344928379275556
CYB5P4	0.1028466310421537
CYB5R1	0.03613189072250955
CYB5R2	-0.2621502778750251
CYB5R3	0.17576514906929147
CYB5R4	-0.19667137762942327
CYB5RL	-0.24500988650590722
CYBA	-0.29580663380072153
CYBB	-0.45445780152767723
CYBRD1	0.16647976440764162
CYC1	0.2221786890981619
CYCS	0.025960681286066864
CYCSP10	0.09633036040147833
CYCSP12	0.23198536478805504
CYCSP2	0.16877200539338338
CYCSP25	0.21937557790014256
CYCSP26	-0.2762979906897932
CYCSP29	-0.21727861311956728
CYCSP30	
CYCSP32	0.0712097995700673
CYCSP33	-0.10845920368174053
CYCSP34	-0.06379713723157493
CYCSP35	0.06427937886685356
CYCSP39	-0.09323644313053701
CYCSP40	0.16952305440283927
CYCSP41	-0.19290144609542448
CYCSP42	0.11125760384342238
CYCSP46	-0.12993240317666038
CYCSP48	-0.16171891929644236
CYCSP49	-0.11458703234659626
CYCSP52	-0.08647794680642067
CYCSP55	-0.029794338146507473
CYCTP	
CYFIP1	0.27832775782779356
CYFIP2	-0.45441028916775306
CYGB	0.18724943970403463
CYHR1	-0.019428291861951705
CYLC1	-0.33885697094697953
CYLC2	0.03998654205784793
CYLD	-0.44615794109446955
CYMP	-0.21913406196239268
CYP11A1	-0.12774916566698072
CYP11B1	0.19029374481200004
CYP11B2	-0.06031043422763044
CYP17A1	-0.3010339136317074
CYP17A1-AS1	0.15052059169124038
CYP19A1	0.03246895821150474
CYP1A1	0.05473514777708786
CYP1A2	-0.17094281865642563
CYP1B1	-0.1022227346479744
CYP1B1-AS1	0.1499857259155294
CYP1D1P	0.02953052141957174
CYP20A1	-0.005916342311877086
CYP21A1P	-0.07384787499824692
CYP21A2	-0.4122065618779529
CYP24A1	-0.29499182216656233
CYP26A1	0.02879790919906942
CYP26B1	-0.18199291057105565
CYP26C1	0.045984255047756245
CYP27A1	0.2054357673389098
CYP27B1	-0.24001730154440912
CYP27C1	-0.4232242029371461
CYP2A13	-0.06765512207310372
CYP2A6	-0.10156903307353674
CYP2A7	0.061818281501989904
CYP2A7P1	-0.04837342133390009
CYP2AB1P	-0.20699965831404557
CYP2AC1P	
CYP2B6	0.18394679587605844
CYP2B7P1	0.03847924085240223
CYP2C18	0.15470968454824224
CYP2C19	-0.11837561255476911
CYP2C56P	0.11125760384342238
CYP2C58P	-0.16171891929644236
CYP2C59P	
CYP2C60P	0.09845504119810082
CYP2C61P	0.11125760384342238
CYP2C8	-0.21156046073025714
CYP2C9	0.10301965018908107
CYP2D6	0.15152751835565328
CYP2D7P1	0.19203689591070372
CYP2D8P1	-0.1401301053081233
CYP2E1	-0.2757543794190769
CYP2F1	0.11978878501890015
CYP2F1P	-0.05199844755833107
CYP2G1P	0.38964170771283796
CYP2G2P	-0.27535662057237653
CYP2J2	0.24261605932114677
CYP2R1	0.19103568002212773
CYP2S1	0.1952327699979428
CYP2T2P	0.06993367787864846
CYP2T3P	-0.03983901235890259
CYP2U1	-0.045263071303592334
CYP2W1	0.12103558218032182
CYP39A1	0.027453317152943146
CYP3A4	0.1214877221461081
CYP3A43	-0.26023067509271
CYP3A5	-0.1587675539100106
CYP3A7	0.3556010940173216
CYP46A1	-0.24401896686001076
CYP46A4P	0.08310664477739167
CYP4A11	-0.11701664515945608
CYP4A22	-0.044083355772281764
CYP4A22-AS1	0.10663989995098984
CYP4B1	-0.3474678529425287
CYP4F10P	
CYP4F11	0.3657630855121234
CYP4F12	0.21012700493128336
CYP4F2	0.28355171517703504
CYP4F22	0.10431837596109918
CYP4F23P	0.24433057190814905
CYP4F24P	0.2476234347279511
CYP4F25P	0.06608908592659271
CYP4F27P	
CYP4F29P	-0.18057209085244594
CYP4F3	0.044690228958356296
CYP4F30P	0.07589879409902303
CYP4F31P	0.0253483194840648
CYP4F32P	0.0378124224781091
CYP4F34P	-0.1997005516903189
CYP4F35P	0.18333014884833343
CYP4F36P	0.13030304439019472
CYP4F43P	0.23399683264247412
CYP4F44P	0.16721444759231188
CYP4F59P	-0.033590914132435104
CYP4F60P	0.2646607652944166
CYP4F61P	-0.3105226219311109
CYP4F8	-0.10987511774851529
CYP4V2	-0.14280064855205105
CYP4X1	-0.3514945897232509
CYP4Z1	-0.3467938721015435
CYP4Z2P	0.15497129093328726
CYP51A1	0.11383320718042357
CYP51P1	0.21592319262042947
CYP51P2	0.2914249736808165
CYP51P3	-0.14676175319855297
CYP7A1	-0.02977220815847441
CYP7B1	-0.317997108037793
CYP8B1	0.006811215483654406
CYR61	-0.1412476124675758
CYS1	-0.019147901927554983
CYSLTR1	-0.37926094251338766
CYSLTR2	-0.2896977473080444
CYSTM1	0.00942950054377686
CYTH1	-0.341735289290144
CYTH2	-0.018582463123597626
CYTH3	0.28894831745119587
CYTH4	-0.4656409495851957
CYTIP	-0.44950310625569867
CYTL1	0.19147613835781585
CYYR1	-0.2308977388558169
CYorf17	-0.044801190219305724
D2HGDH	0.1116971152616542
DAAM1	-0.22995411125283868
DAAM2	0.00356814013754531
DAB1	0.1130093631170879
DAB2	-0.039417766262313914
DAB2IP	0.101465069170361
DACH1	0.07569538933664718
DACH2	0.05719256512928098
DACT1	0.029092331577549334
DACT2	-0.2994685439770916
DACT3	0.07286094308111389
DACT3-AS1	0.20718190562026229
DAD1	-0.003948912625987042
DAG1	0.0636256697595645
DAGLA	0.26712166428144396
DAGLB	0.2503113714338291
DAK	0.13095607678093224
DALRD3	-0.2701561194390143
DANCR	-0.33499512484164023
DAND5	0.012434589257197398
DAO	-0.10677897124177964
DAOA	0.04289571169561846
DAOA-AS1	0.06306798171083788
DAP	0.24017618977575164
DAP3	-0.2572788087574848
DAP3P1	-0.26014755332373607
DAP3P2	-0.17083593189629273
DAPK1	0.13221793689810143
DAPK1-IT1	0.00355712662185865
DAPK2	0.16060799202108414
DAPK3	0.08156020778236353
DAPL1	0.05707957470621211
DAPP1	-0.4743055204718125
DARC	-0.26848600947849827
DARS	-0.32925885794483584
DARS2	-0.031652518552505414
DAW1	-0.18578565130875452
DAXX	-0.41469043226424773
DAZ1	-0.0026366779991051836
DAZ2	
DAZ3	
DAZ4	
DAZAP1	-0.21355202291414915
DAZAP2	0.2131975214717377
DAZAP2P1	-0.052155293932251906
DAZL	-0.3928951293675298
DBF4	-0.3360140572523578
DBF4B	-0.24142413166789412
DBF4P1	-0.13226985632754518
DBH	-0.08560706533279931
DBH-AS1	-0.3315746599971378
DBI	-6.923112397812028e-05
DBIL5P	-0.24432147986847025
DBIL5P2	0.12509767816487796
DBIP1	-0.0732233579431837
DBIP2	-0.349660121502836
DBN1	-0.0929384980166233
DBNDD1	-0.1564317110190725
DBNDD2	-0.035860566944083815
DBNL	-0.3632755771550712
DBP	0.23946444535400283
DBR1	-0.18083461396072173
DBT	0.05623488465205863
DBX1	0.22870668522361776
DBX2	0.2075752052303314
DCAF10	0.05262252933595344
DCAF11	0.19008974642224713
DCAF12	-0.202436213209264
DCAF12L1	-0.1242173808565595
DCAF12L2	-0.06091897315978059
DCAF13	-0.2111414392907384
DCAF13P1	-0.0031282809002494377
DCAF13P2	-0.06569987251164072
DCAF13P3	-0.13735485717547677
DCAF15	-0.2689976385852079
DCAF16	-0.15702895073686152
DCAF17	-0.33395836972907583
DCAF4	-0.09480113526313325
DCAF4L1	-0.2251760218906304
DCAF4L2	-0.07737271606997125
DCAF5	-0.05394036163738787
DCAF6	0.24459135862556924
DCAF7	-0.0551431988554068
DCAF8	-0.3434505773160607
DCAF8L1	-0.1973554314699508
DCAF8L2	0.023343861624249753
DCAKD	-0.0834803227941131
DCBLD1	0.03860839913059689
DCBLD2	-0.050264623482450706
DCC	-0.20555166735971642
DCD	0.14108535631124372
DCDC1	-0.11461665216476088
DCDC2	0.14515095311423074
DCDC2B	-0.03462768132326321
DCDC2C	0.052602309006211226
DCHS1	-0.16218756407613524
DCHS2	0.008058366562219255
DCK	-0.3950265154913069
DCLK1	-0.3748595238144303
DCLK2	-0.10401674913470088
DCLK3	-0.03846182887842437
DCLRE1A	-0.0632111339826176
DCLRE1B	-0.21340714391794696
DCLRE1C	-0.3936057177516966
DCLRE1CP1	-0.13069466682625996
DCN	-0.08441017391036001
DCP1A	-0.2204731795512005
DCP1B	-0.07836579681889484
DCP2	-0.3903409335480395
DCPS	-0.4917947766947929
DCST1	0.09793873255576882
DCST2	0.07167836142060797
DCSTAMP	-0.3615293277557413
DCT	-0.08044118099664904
DCTD	-0.22081967254325932
DCTN1	0.09982614700245067
DCTN1-AS1	0.051683011976142945
DCTN2	0.14871117434829642
DCTN3	-0.148132768061599
DCTN4	0.09903146862302509
DCTN5	0.10582085140687146
DCTN6	0.06187989766257043
DCTPP1	-0.09292334411935219
DCUN1D1	-0.1591471627594373
DCUN1D2	0.1753406153545037
DCUN1D2-AS	-0.22344741675747667
DCUN1D3	0.05586203987068328
DCUN1D4	-0.08231301196780916
DCUN1D5	-0.2733279260702039
DCX	0.11845150767756966
DCXR	0.0033895238954714355
DDA1	-0.039069492443308464
DDAH1	0.17091018354933757
DDAH2	0.14377825812696288
DDB1	-0.015042220116159495
DDB2	-0.23799440321857113
DDC	0.1905452462847608
DDC8	0.3523730789634246
DDHD1	-0.3687749337019223
DDHD2	0.10810298873475768
DDI1	-0.34753969215929476
DDI2	-0.1036399771453187
DDIT3	0.04594459732683948
DDIT4	-0.2353798294029182
DDIT4L	-0.1024938032696088
DDN	-0.3977029503461321
DDO	0.14016861879257322
DDOST	0.072259571653104
DDR1	0.32275980312249514
DDR1-AS1	0.08993217831779651
DDR2	-0.2377296469743709
DDRGK1	0.2500882678681561
DDT	0.32439158016890274
DDTL	0.4808725933612121
DDTP1	
DDX1	0.12572827514587853
DDX10	-0.12203643385721794
DDX10P1	-0.2306161036149298
DDX10P2	0.08759448348157177
DDX11	-0.08711468125710055
DDX11-AS1	-0.4036647633561404
DDX11L1	-0.09525481888123045
DDX11L10	0.021586770819103884
DDX11L16	
DDX11L2	-0.04055472584093339
DDX11L5	-0.1517819259872411
DDX11L8	-0.14616071939464892
DDX11L9	-0.1514107522648601
DDX12P	-0.2917628105397333
DDX17	-0.2622411292943052
DDX18	-0.16524902621271112
DDX18P1	0.1214138694156693
DDX18P5	-0.17689367818158588
DDX18P6	0.060912274724090325
DDX19A	-0.26927336192903173
DDX19B	0.3793345584324904
DDX20	-0.21886004184708185
DDX21	-0.19813867611239064
DDX23	-0.2629085662244706
DDX24	-0.371484383273529
DDX25	0.1956948014422595
DDX26B	-0.30989415004159576
DDX26B-AS1	0.1149934577943549
DDX27	-0.2975161987808948
DDX28	-0.2828776210665914
DDX31	-0.1922178001357577
DDX39A	-0.3268656945598868
DDX39AP1	-0.19212849130126944
DDX39B	-0.24316670817751138
DDX39B-AS1	0.09560407166163387
DDX39BP1	-0.023779887597300615
DDX39BP2	-0.04643768957171906
DDX3X	-0.0037506065737756577
DDX3Y	-0.060346111387812
DDX3YP1	0.04039918570433853
DDX3YP2	
DDX3YP3	0.1040698221172637
DDX4	-0.21377272635710254
DDX41	-0.2795827394162874
DDX42	-0.09077157938708359
DDX43	-0.04519987419696375
DDX46	-0.17225902777855182
DDX47	-0.27602689454320933
DDX49	0.20322094803242144
DDX5	-0.2654414140250265
DDX50	-0.2927281274711273
DDX50P1	-0.33185506736212816
DDX50P2	0.1465477537648687
DDX51	-0.21782543176302985
DDX52	0.03024805292076517
DDX53	0.2105897689219193
DDX54	-0.138532394105742
DDX55	-0.15167647382455093
DDX56	-0.3026548239585199
DDX58	0.06832912088991
DDX59	-0.1695767652836037
DDX6	-0.24498465605695047
DDX60	0.023608154073757156
DDX60L	0.19668251582424276
DDX6P1	-0.05004747408362135
DDX6P2	0.1314823513302636
DEAF1	0.1492519409230167
DEC1	0.09345269686685441
DECR1	0.2912139499643061
DECR2	0.05363109340105794
DEDD	0.23513901209470361
DEDD2	0.08037043128911582
DEF6	-0.46504063679442714
DEF8	-0.35568905251249766
DEFA1	0.14941865319025666
DEFA10P	-0.16924745573783234
DEFA11P	-0.14389277665311995
DEFA1B	
DEFA3	-0.054024672796039196
DEFA4	-0.19449542562931052
DEFA5	0.05733706071245423
DEFA6	0.09038741020172157
DEFA7P	0.1709032695621005
DEFA8P	0.3566960924194744
DEFA9P	0.3002222889069771
DEFB1	0.08974953682175937
DEFB103A	-0.055336791637305975
DEFB103B	
DEFB104A	
DEFB104B	
DEFB105A	
DEFB105B	
DEFB106A	
DEFB106B	
DEFB107A	
DEFB107B	
DEFB108B	-0.0026366779991051836
DEFB108P1	
DEFB108P2	0.00355712662185865
DEFB108P3	
DEFB108P4	
DEFB109	
DEFB109P1	
DEFB109P1B	
DEFB109P3	
DEFB110	0.14941865319025666
DEFB112	
DEFB113	
DEFB114	-0.04947105959806506
DEFB115	0.00355712662185865
DEFB116	
DEFB117	
DEFB118	-0.04726146745775511
DEFB119	-0.06448506900977068
DEFB121	
DEFB122	0.22352706153863386
DEFB123	-0.1514107522648601
DEFB124	-0.15877363441627343
DEFB125	
DEFB126	-0.07024459926390347
DEFB127	
DEFB128	0.15734194318039332
DEFB129	0.23667500699627333
DEFB130	
DEFB131	0.20704839706223238
DEFB132	-0.24254149121594412
DEFB133	
DEFB134	0.44120563090482684
DEFB135	
DEFB136	
DEFB4A	-0.16298238189684358
DEFB4B	0.07268814537471642
DEFT1P	
DEFT1P2	
DEGS1	-0.23085780661171762
DEGS2	0.31943281214531677
DEK	-0.2629982762044271
DENND1A	0.2166785571307374
DENND1B	-0.0702970066985012
DENND1C	-0.42317665834445384
DENND2A	-0.10274523073013689
DENND2C	0.1588677323733846
DENND2D	-0.4460243286356465
DENND3	-0.38908007759622687
DENND4A	-0.37638507602271587
DENND4B	-0.39270944269515357
DENND4C	0.05642032747587272
DENND5A	-0.4986073489133964
DENND5B	0.023581712774469347
DENND5B-AS1	-0.30236986534438387
DENND6A	-0.23347441354010037
DENND6B	-0.3932895378217421
DENR	-0.22860652849520904
DEPDC1	-0.30713104646137035
DEPDC1B	-0.29942302635333107
DEPDC4	0.1304116363380982
DEPDC5	-0.22760269047478127
DEPDC7	0.2305406550699757
DEPTOR	0.15271851704981368
DERA	0.3775480586755763
DERL1	-0.02961524124663194
DERL2	0.017965435783434208
DERL3	-0.16313075564243953
DES	0.12915748446115435
DESI1	0.19125213049813555
DESI2	-0.11006629467532422
DET1	0.08383660052722004
DEXI	0.03568244727822084
DFFA	-0.17053859207673153
DFFB	-0.031164414559227416
DFNA5	0.24099979021607093
DFNB31	-0.14810914253188925
DFNB59	-0.20404847443641913
DGAT1	0.30039082144501916
DGAT2	-0.13147785976158521
DGAT2L6	0.0643017499516158
DGAT2L7P	0.3760198497063681
DGCR10	-0.2764090237632844
DGCR11	-0.03998448442968478
DGCR14	-0.2558846345164327
DGCR2	0.11191965086319976
DGCR5	-0.1379093328698902
DGCR6	0.08663548536817683
DGCR6L	0.04740580644486788
DGCR8	-0.11607065857712154
DGCR9	0.04755926755869466
DGKA	-0.2675120823646177
DGKB	0.07878110511377966
DGKD	0.21448761390090357
DGKE	-0.35578051844811726
DGKG	-0.4660327067090232
DGKH	0.00655960358047498
DGKI	-0.010959839293287657
DGKK	0.14447092360056132
DGKQ	0.2188285295773625
DGKZ	0.015957787938950516
DGKZP1	0.026241254019530844
DGUOK	-0.26983677436472214
DGUOK-AS1	0.23817417185595996
DHCR24	0.0658406679454466
DHCR7	-0.037744190510131434
DHDDS	0.13780346519805314
DHDH	0.12890238364255258
DHFR	-0.21500510686763308
DHFRL1	0.055510934378786805
DHFRP1	-0.033912900697113606
DHFRP2	-0.14449171848440823
DHH	-0.14046787630104385
DHODH	-0.36502892550340904
DHPS	-0.164170800553171
DHRS1	0.1584128348022462
DHRS11	0.258075749425092
DHRS12	0.11048216744757336
DHRS13	-0.1410522536068245
DHRS2	-0.005050560158641356
DHRS3	0.156845519507479
DHRS4	0.07782294723069758
DHRS4-AS1	0.10928585180695503
DHRS4L2	-0.03423828983500082
DHRS7	0.22634973020210106
DHRS7B	0.15478260694698376
DHRS7C	-0.04058278038243881
DHRS9	0.0832567992734729
DHRSX	0.013292823160528976
DHRSX-IT1	0.09142022021530552
DHTKD1	0.07962395744912376
DHX15	-0.11954823517969855
DHX16	-0.07981340650002107
DHX29	0.015612335137092181
DHX30	-0.30526685540976334
DHX32	0.11143467341332892
DHX33	-0.04347451377313465
DHX34	-0.14398519698380363
DHX35	-0.04505289262686066
DHX36	-0.2830508499143422
DHX37	-0.2759382299389733
DHX38	-0.2512867102385187
DHX40	-0.0933348226789056
DHX40P1	0.08517449850267088
DHX57	-0.1848130428305835
DHX58	-0.18489840697609242
DHX8	-0.1971427674487692
DHX9	-0.23162379633960928
DHX9P1	-0.1355121125464306
DIABLO	-0.031247533408822033
DIAPH1	-0.2296504192265928
DIAPH2	0.09221672612111174
DIAPH2-AS1	0.1246289936613288
DIAPH3	-0.18766763488925275
DIAPH3-AS1	
DIAPH3-AS2	
DICER1	-0.12184955923768183
DICER1-AS1	-0.0073970897577113805
DIDO1	-0.14107299456197286
DIEXF	-0.15589763961695086
DIMT1	-0.30590158516338495
DIO1	-0.06932018708015625
DIO2	-0.14456078704084346
DIO2-AS1	0.028484108684108896
DIO3	0.1443076100582048
DIO3OS	0.12344089803226192
DIP2A	-0.14815551753030468
DIP2A-IT1	-0.11957780883952841
DIP2B	0.06432162632104635
DIP2C	0.26840864974671913
DIRAS1	-0.2794199366578766
DIRAS2	-0.14051726001668696
DIRAS3	0.23433659779154598
DIRC1	0.3750877058861883
DIRC2	0.08327202151592444
DIRC3	-0.31512669293691303
DIS3	-0.16622089174134375
DIS3L	-0.1825940797804525
DIS3L2	-0.24865647137650274
DIS3L2P1	0.10279105977507046
DISC1	-0.30673256568555907
DISC1-IT1	
DISC1FP1	0.2460077262097874
DISP1	0.07375475228388184
DISP2	0.13844105628660688
DIXDC1	-0.031657588577267505
DKC1	-0.129772408206268
DKFZP434A062	0.040626344280769555
DKK1	-0.3246527391226396
DKK2	-0.215685329694819
DKK3	0.04543498639951178
DKK4	-0.16132245746142607
DKKL1	-0.08051568972496051
DKKL1P1	-0.008101322989689626
DLAT	0.020602940428339968
DLC1	-0.043409514318919054
DLD	0.10681017104241564
DLEC1	-0.17123294891680588
DLEC1P1	0.19059867960413962
DLEU1	-0.09644402842705026
DLEU2	-0.3996125098498766
DLEU2L	-0.11120905557752815
DLEU7	-0.2231667836899116
DLEU7-AS1	-0.10698591486163662
DLG1	0.09617201282734712
DLG1-AS1	0.12392620672507534
DLG2	-0.3271514834108244
DLG3	0.165453444631124
DLG3-AS1	-0.18419363498891286
DLG4	-0.14302229559761503
DLG5	0.11694820494217452
DLG5-AS1	0.2883767173514563
DLGAP1	-0.06765545052326372
DLGAP1-AS1	-0.32879673492149886
DLGAP1-AS2	-0.12809981717623276
DLGAP1-AS3	0.06580897713302461
DLGAP1-AS4	
DLGAP1-AS5	-0.26416255390346743
DLGAP2	-0.07849672616558408
DLGAP3	-0.3118627180344327
DLGAP4	0.013954299882855093
DLGAP5	-0.3360044768858239
DLGAP5P1	0.00355712662185865
DLK1	0.23107340981308663
DLK2	-0.08314599237917918
DLL1	0.12463033946920908
DLL3	-0.2345206879893411
DLL4	0.2643715550397442
DLST	0.28654951271855067
DLX1	0.23315142987312354
DLX2	0.2313832004142972
DLX3	-0.29685096926377685
DLX4	-0.36822964448959483
DLX5	-0.23861223735734385
DLX6	0.006679018800649527
DLX6-AS1	-0.040781973494154765
DMAP1	-0.2460442866412914
DMBT1	0.18873412872211862
DMBX1	-0.07990048384081487
DMC1	-0.3555653499751086
DMD	-0.026637642969642186
DMD-AS3	
DMGDH	0.2346006771101308
DMKN	-0.08936292145905446
DMP1	0.36681338888511184
DMPK	-0.07333159832406796
DMRT1	0.01918221744087827
DMRT2	0.06538847158498252
DMRT3	-0.2054731230861823
DMRTA1	0.11288333805787444
DMRTA2	0.018311714498068902
DMRTB1	0.21292111681113127
DMRTC1	-0.10482018085535484
DMRTC1B	0.2866219555382318
DMRTC2	0.06319539424059417
DMTF1	-0.25954234870907017
DMTN	0.0770573636324211
DMWD	-0.22376080954210167
DMXL1	-0.30580870234353213
DMXL2	-0.2069193375725363
DNA2	-0.3098616611202338
DNAAF1	-0.3492953856608136
DNAAF2	0.18264224630941706
DNAAF3	-0.15926717837755563
DNAH1	-0.12030357626191396
DNAH10	-0.0010134164256673836
DNAH10OS	-0.10644332602457056
DNAH11	-0.16448027311577518
DNAH12	-0.19987117977417543
DNAH14	-0.058753414647660596
DNAH17	-0.15215429869129077
DNAH17-AS1	0.06601759579503487
DNAH2	0.06075636029485482
DNAH3	0.0526800501491343
DNAH5	-0.38887757821115293
DNAH6	-0.27054847569074897
DNAH7	-0.32463368583346774
DNAH8	-0.4619611966770517
DNAH9	-0.23311619919959564
DNAI1	0.09541867241643669
DNAI2	-0.23362571929125842
DNAJA1	-0.14975528635520058
DNAJA1P1	0.24462052931156963
DNAJA1P2	0.24361101627056378
DNAJA1P3	0.021049276552959892
DNAJA1P4	-0.11935586502608764
DNAJA1P5	-0.3991695085679983
DNAJA1P6	-0.09596501179150077
DNAJA2	0.09411980696782565
DNAJA3	0.01451171315640986
DNAJA4	0.10101403198549601
DNAJB1	0.013801975061352327
DNAJB11	0.05475155898335443
DNAJB12	0.02965917664094763
DNAJB13	-0.02377661290524378
DNAJB14	-0.10815193130516809
DNAJB1P1	-0.025257096495245965
DNAJB2	-0.0813527732831396
DNAJB3	0.38088064212036493
DNAJB4	-0.07896823873852328
DNAJB5	-0.359419868889171
DNAJB6	-0.1461145664739662
DNAJB7	0.1475888842381648
DNAJB8	0.1154889932979441
DNAJB8-AS1	0.1486198371956551
DNAJB9	0.15116663027739546
DNAJC1	0.2172617732648872
DNAJC10	-0.3173954740608413
DNAJC11	-0.021595647426854308
DNAJC12	0.10825083532668671
DNAJC13	0.06231157541549448
DNAJC14	-0.07271793244832758
DNAJC15	0.24059488764747713
DNAJC16	-0.13020421042360814
DNAJC17	-0.03047995567398344
DNAJC18	-0.21886149200499297
DNAJC19	0.15915510456479678
DNAJC19P1	0.00355712662185865
DNAJC19P2	0.11125760384342238
DNAJC19P3	-0.4574075299929481
DNAJC19P4	-0.16171891929644236
DNAJC19P5	-0.06136648935927326
DNAJC19P6	-0.1994405709039652
DNAJC19P7	0.2828395602640671
DNAJC19P8	-0.16171891929644236
DNAJC19P9	0.02384584113894491
DNAJC2	-0.08788006273879938
DNAJC21	0.01593669006757617
DNAJC22	0.3180741418871324
DNAJC24	-0.4173091239958013
DNAJC25	0.29372352457198064
DNAJC25-GNG10	
DNAJC27	-0.24652961398038745
DNAJC27-AS1	-0.034550931040342
DNAJC28	0.41884678978321976
DNAJC3	0.18485538145889782
DNAJC3-AS1	0.1232170239804245
DNAJC30	-0.10294163209124992
DNAJC4	-0.17433595488545553
DNAJC5	0.2281790782792826
DNAJC5B	-0.43444303290331626
DNAJC5G	-0.0645321379743544
DNAJC6	-0.008016992683272377
DNAJC7	-0.27884324491313034
DNAJC8	-0.41839727123139964
DNAJC8P1	0.055027018624761365
DNAJC9	-0.30972296604613997
DNAJC9-AS1	-0.09920237419595127
DNAL1	-0.14751548487397478
DNAL4	-0.1721615310261872
DNALI1	-0.06777053355052036
DNASE1	0.26890987108240855
DNASE1L1	-0.05406368284724612
DNASE1L2	-0.0964500894870732
DNASE1L3	-0.4078620961297844
DNASE2	-0.41204125268543074
DNASE2B	-0.11760973489184604
DND1	-0.1598941527627774
DND1P1	0.2604143752883839
DNER	-0.3089253058268267
DNHD1	-0.26154777349827324
DNLZ	0.003546051658853643
DNM1	-0.14487599899684933
DNM1L	-0.1341631218933782
DNM1P17	-0.1456357871134465
DNM1P24	
DNM1P28	-0.24254149121594412
DNM1P30	0.2828395602640671
DNM1P31	-0.055336791637305975
DNM1P32	0.2828395602640671
DNM1P33	-0.059755250738272744
DNM1P34	0.31401028711280643
DNM1P35	-0.22873260600292694
DNM1P38	
DNM1P42	
DNM1P46	-0.10097828920741814
DNM1P47	-0.4373014979494546
DNM1P48	
DNM1P49	0.013654903598654825
DNM1P50	-0.15049552289842816
DNM1P51	-0.16989722667083423
DNM2	0.23686582862807937
DNM3	-0.12019169642963178
DNM3-IT1	-0.08376636938995567
DNM3OS	-0.28721967147818583
DNMBP	0.39086462274204303
DNMBP-AS1	0.15398257484168118
DNMT1	-0.337114257173807
DNMT3A	-0.26287647051772556
DNMT3B	-0.030467519118002648
DNMT3L	0.3201987012497635
DNPEP	0.2658786451510837
DNPH1	0.15586715863810746
DNTT	-0.45977614398328026
DNTTIP1	-0.15541300710495873
DNTTIP2	-0.16366077775319107
DOC2A	-0.04501271407893475
DOC2B	-0.44561558153193886
DOC2GP	0.050483696704163576
DOCK1	0.25543469621818377
DOCK10	-0.41604361158066333
DOCK11	-0.4745902044766932
DOCK2	-0.4633912874296476
DOCK3	-0.3916557940408278
DOCK4	-0.17088457718233233
DOCK4-AS1	0.3333142592188595
DOCK5	0.08860929485292034
DOCK6	0.24983287199086324
DOCK7	0.09704963174296524
DOCK8	-0.46726794224999235
DOCK9	-0.01014051899795321
DOCK9-AS1	0.1450943787016009
DOCK9-AS2	0.1995997127503824
DOHH	-0.04071014959325693
DOK1	-0.397364350464245
DOK2	-0.3103123539476263
DOK3	-0.4065007911693405
DOK4	0.39008590814312916
DOK5	-0.02869477221673582
DOK6	0.09752967699768861
DOK7	-0.20224895425919298
DOLK	0.01113448078810636
DOLPP1	0.3637728174341494
DONSON	-0.22261784452496697
DOPEY1	0.008837585432298962
DOPEY2	0.28185152187939894
DOT1L	0.0722371220274046
DPAGT1	-0.011467657317246667
DPCD	-0.12126294393934926
DPCR1	0.117184483394139
DPEP1	0.19263446963404235
DPEP2	-0.40529724344301044
DPEP3	-0.1787874623564886
DPF1	-0.27818408267324196
DPF2	-0.4203022779245901
DPF3	0.11274511527598154
DPH1	-0.1472354765804431
DPH2	-0.07824841484097976
DPH3	0.2502542058425145
DPH3P1	-0.1893660160660057
DPH3P2	-0.16171891929644236
DPH5	-0.19119673771023293
DPH6	-0.023923174025655747
DPH6-AS1	0.0505623972778032
DPH7	-0.19540741699369693
DPM1	-0.028901835186077612
DPM2	-0.2740081962718078
DPM3	0.03358392277123175
DPP10	0.11752547115126097
DPP3	-0.10918227573515031
DPP4	0.11624167590405951
DPP6	0.13929291500159824
DPP7	-0.015149134709441908
DPP8	-0.05954172623033689
DPP9	-0.02004572710778564
DPPA2	-0.31420276717516765
DPPA2P1	
DPPA2P2	-0.0005213036997782618
DPPA2P3	0.0799317403835063
DPPA2P4	-0.055336791637305975
DPPA3	0.18504258006326285
DPPA3P1	-0.3912662532353118
DPPA3P2	-0.22003448302180242
DPPA3P3	-0.020783347415587964
DPPA4	-0.366097959100489
DPPA5	-0.1089222052755103
DPPA5P1	0.12719760663768168
DPPA5P2	0.030967489037886202
DPRX	-0.2825909989537978
DPRXP1	
DPRXP2	0.033604162474712235
DPRXP4	0.16869483255217313
DPRXP5	
DPRXP6	0.00355712662185865
DPRXP7	0.059871511685109687
DPT	-0.15273269195807998
DPY19L1	-0.23991531748891845
DPY19L1P1	-0.10046298234594418
DPY19L1P2	0.04146129152543021
DPY19L2	-0.10079560570887926
DPY19L2P1	0.11070750346550412
DPY19L2P2	-0.449434849459798
DPY19L2P4	-0.06484519959614432
DPY19L3	-0.20672192519245505
DPY19L4	0.04917844080273838
DPY30	0.06391410027112122
DPYD	-0.08650967094271753
DPYD-AS1	-0.24046956578009424
DPYD-AS2	-0.16171891929644236
DPYD-IT1	0.08083782937791184
DPYS	0.17606406397914112
DPYSL2	-0.13146452843638992
DPYSL3	-0.3914585428704682
DPYSL4	-0.23956201320264914
DPYSL5	-0.07646455621845681
DQX1	0.22570232668297383
DR1	-0.31966618460872553
DRAM1	-0.41031006284711163
DRAM2	-0.21112133291945206
DRAP1	-0.150178725875639
DRAXIN	0.2844016600914247
DRAXINP1	-0.12294553613373284
DRC1	0.3075516548486014
DRD1	-0.2902147715669497
DRD2	-0.31605740355012785
DRD3	-0.19077509029059692
DRD4	0.07708132002787231
DRD5	-0.003961284830799592
DRD5P1	0.16671427321895468
DRD5P2	0.08633153663413054
DRG1	-0.23798655380131364
DRG2	-0.27360039002463193
DRGX	-0.42595379278555606
DROSHA	-0.0981639389928437
DRP2	0.2667820803001233
DSC1	-0.32037082306188924
DSC2	0.1373361172183017
DSC3	-0.24244759279404432
DSCAM	-0.04028791350681443
DSCAM-AS1	0.2049165503750468
DSCAM-IT1	-0.020783347415587964
DSCAML1	0.09809518261015547
DSCC1	-0.3079961913277474
DSCR10	0.3229213167729731
DSCR3	0.2681534853818416
DSCR4	0.1571105627782042
DSCR4-IT1	0.3306097818085833
DSCR8	-0.1052310998183315
DSCR9	-0.4652217258322758
DSE	-0.3890260376471445
DSEL	0.03775898076434852
DSG1	-0.13808137420977595
DSG2	0.1401804086079
DSG3	-0.13347979163110252
DSG4	0.0015976125457937587
DSN1	-0.29792052036182937
DSP	0.26358699548924636
DSPP	-0.04696730526422963
DST	0.05067734970357168
DSTN	0.21311734343474656
DSTNP1	0.2828395602640671
DSTNP2	-0.13552938070644197
DSTNP4	0.03849459885766482
DSTNP5	-0.07543456631775292
DSTYK	-0.16482916783237095
DTD1	-0.3362464014049064
DTD2	-0.16554038397259035
DTHD1	-0.5136696727047082
DTL	-0.27456197841076707
DTNA	-0.07588220807329335
DTNB	-0.2130273011551535
DTNBP1	-0.23529156792821326
DTWD1	-0.01453760536926545
DTWD2	0.021844927311011435
DTX1	-0.36097173040916575
DTX2	-0.04261867545458705
DTX2P1	-0.09541406357405326
DTX2P1-UPK3BP1-PMS2P11	
DTX3	-0.3514682337537845
DTX3L	-0.015806759245816305
DTX4	0.24757154061156494
DTYMK	-0.2700996581246111
DUOX1	-0.1913479581277884
DUOX2	-0.3518158393496387
DUOXA1	-0.1684332973061702
DUOXA2	-0.21086890899332206
DUPD1	-0.23094624811316242
DUS1L	0.08300903449690067
DUS2	-0.4170168840867373
DUS3L	-0.037399948610259276
DUS4L	-0.06665153953729205
DUSP1	0.07537608164425942
DUSP10	-0.43269350644858984
DUSP11	-0.20259261038415857
DUSP12	-0.29635528508844317
DUSP13	-0.33898740730825555
DUSP14	-0.42891340007653606
DUSP15	-0.1839301186539399
DUSP16	0.06790266902502046
DUSP18	-0.1549004707912767
DUSP19	-0.16684772049765603
DUSP2	-0.32453883974193076
DUSP21	0.27649373711235187
DUSP22	-0.40969041822116686
DUSP23	0.08819672239770321
DUSP26	0.01909159591515284
DUSP27	-0.15247205837840674
DUSP28	-0.20499125496827814
DUSP3	0.10620681729031826
DUSP4	-0.28287562806906885
DUSP5	0.13403019658530987
DUSP5P1	-0.06294867173421022
DUSP5P2	-0.16251890852153425
DUSP6	-0.09969797340961532
DUSP7	-0.1422048409100612
DUSP8	0.2129503785934891
DUSP8P1	0.3838510142299787
DUSP8P2	-0.13402623982088951
DUSP8P3	0.07106765194953964
DUSP8P4	0.1878081132809821
DUSP8P5	-0.11910902082501879
DUSP9	-0.16985211906285713
DUT	-0.35610956476198496
DUTP1	-0.16171891929644236
DUTP2	
DUTP3	
DUTP4	
DUTP5	
DUTP6	0.02436329876150633
DUTP7	0.00355712662185865
DUTP8	
DUX4	
DUX4L10	
DUX4L11	
DUX4L12	
DUX4L13	
DUX4L14	
DUX4L15	
DUX4L16	-0.16521999350791347
DUX4L17	0.36521867435782585
DUX4L18	-0.12565932762820925
DUX4L19	0.08392095049566564
DUX4L2	
DUX4L3	
DUX4L4	
DUX4L5	
DUX4L6	
DUX4L7	
DUX4L8	0.13458478274617966
DUX4L9	0.20121361012790942
DUXA	0.2828395602640671
DUXAP1	-0.06390331511278982
DUXAP10	
DUXAP2	0.4311946426247688
DUXAP3	
DUXAP4	-0.1514107522648601
DUXAP5	-0.009985584935319461
DUXAP6	-0.024835392366598392
DUXAP7	-0.2762979906897932
DUXAP8	
DVL1	0.21896301569279858
DVL2	-0.1899212667913367
DVL3	0.05448364545614564
DXO	-0.12435463633042522
DYDC1	-0.05773808793660151
DYDC2	0.2803400462554575
DYM	-0.016914166476293218
DYNAP	0.14377789426863452
DYNC1H1	0.1711798389042044
DYNC1I1	-0.037476776967709874
DYNC1I2	-0.028844513123317816
DYNC1I2P1	0.07725846047468639
DYNC1LI1	-0.16986635859659435
DYNC1LI2	0.18171282560859148
DYNC2H1	-0.21018582229636
DYNC2LI1	0.1942197669312204
DYNLL1	-0.1493838097502523
DYNLL1-AS1	-0.09833490768277216
DYNLL1P1	-0.060554716153869516
DYNLL2	0.25873675486739267
DYNLRB1	0.025862432640645257
DYNLRB2	-0.050943384659201014
DYNLT1	0.1971642102394009
DYNLT3	0.019153231660523337
DYNLT3P1	0.26826107871576904
DYNLT3P2	0.22399301865399368
DYRK1A	-0.320700369509789
DYRK1B	0.07436055049815758
DYRK2	0.5031629808390076
DYRK3	-0.49364159008958036
DYRK4	-0.14328289612435505
DYSF	-0.29305472341925065
DYTN	-0.030504187823626218
DYX1C1	-0.06547171993955599
DYX1C1-CCPG1	
DZANK1	-0.20431610409837414
DZIP1	-0.37122189492256674
DZIP1L	-0.14912371386219653
DZIP3	-0.39541755612955465
E2F1	-0.2924830507776372
E2F2	-0.4578957014961657
E2F3	-0.22632754415652398
E2F3-IT1	-0.16733568988902836
E2F4	-0.2552121836255971
E2F4P1	-0.16011938646504312
E2F5	-0.42519324753113125
E2F6	0.11818475898539291
E2F7	-0.21797854397777056
E2F8	-0.2907076348736037
E4F1	0.04055545590876645
EAF1	-0.07704603444978173
EAF1-AS1	-0.2436489963448722
EAF2	-0.3881613614050289
EAPP	0.33385638882863145
EARS2	-0.10413662832223303
EBAG9	-0.05014300119070465
EBAG9P1	0.2250384487052492
EBF1	-0.45624111111261334
EBF2	0.3155234302386846
EBF3	-0.04018881094779993
EBF4	-0.1753596625321361
EBI3	-0.4323095093701668
EBLN1	0.07500255827086542
EBLN2	-0.03606028072478765
EBNA1BP2	-0.29441353586794583
EBP	0.20578199225044144
EBPL	0.003283995154027136
ECD	-0.14965455401820782
ECE1	0.046132614619935196
ECE2	0.22823210897614954
ECEL1	-0.24569987724826073
ECEL1P2	0.09056707364854095
ECEL1P3	-0.13400216188945965
ECH1	0.0596033271475451
ECHDC1	-0.10968878453744645
ECHDC2	0.016014960443785167
ECHDC3	-0.02592889317880897
ECHS1	0.24919483009882154
ECI1	0.16963968978735813
ECI2	0.2976561408882848
ECM1	0.07840242959456414
ECM2	-0.04495358041747947
ECSCR	-0.15381233547103434
ECSIT	0.08214496756022616
ECT2	-0.07494929665365933
ECT2L	0.06809748672499055
EDA	0.07213973982552208
EDA2R	0.06895701011136483
EDAR	-0.027276701791401514
EDARADD	-0.4576729629200681
EDC3	-0.20313904614792014
EDC4	-0.2836622981623443
EDDM3A	0.4383690643569151
EDDM3B	-0.22911884441336036
EDEM1	-0.4671846231896335
EDEM2	0.134961862428223
EDEM3	0.13372738424349587
EDF1	0.08799694128533626
EDIL3	0.13436483388942633
EDN1	-0.004615675765239554
EDN2	0.25785696576291567
EDN3	0.3454328296129797
EDNRA	-0.04529083713880985
EDNRB	0.022930315797468296
EDNRB-AS1	-0.16625221618080382
EEA1	-0.08109089402191491
EED	-0.3671883335801345
EEF1A1	-0.2842175485276228
EEF1A1P1	-0.07775623461642744
EEF1A1P10	0.11183603168775447
EEF1A1P11	0.026216638155354657
EEF1A1P12	0.030617054863273586
EEF1A1P13	0.05133925667708993
EEF1A1P14	0.06282382310847491
EEF1A1P15	-0.1871285966129236
EEF1A1P16	-0.03081410408751478
EEF1A1P17	-0.023077044054791912
EEF1A1P19	-0.01512723195696438
EEF1A1P20	-0.12345441214686077
EEF1A1P21	-0.12340856352926148
EEF1A1P22	0.09680527959869122
EEF1A1P24	0.140072532544292
EEF1A1P25	0.05665711408757944
EEF1A1P26	0.04155354867621365
EEF1A1P27	-0.15962965298695514
EEF1A1P28	0.02360433027509848
EEF1A1P29	-0.07290080496040285
EEF1A1P3	-0.0463151584289591
EEF1A1P30	-0.07841802333773208
EEF1A1P31	-0.14515688672272184
EEF1A1P32	0.056386399266736636
EEF1A1P33	-0.0222635641462017
EEF1A1P34	0.2060200923225505
EEF1A1P36	-0.10644389118126563
EEF1A1P37	-0.12626142317696712
EEF1A1P38	0.06146136360831941
EEF1A1P39	-0.12281008003167092
EEF1A1P4	0.08335959321497495
EEF1A1P40	
EEF1A1P41	-0.09169145192136302
EEF1A1P42	-0.012320247935173676
EEF1A1P5	-0.12942951041963063
EEF1A1P6	-0.013268618310141098
EEF1A1P7	-0.04211716018893911
EEF1A1P8	-0.015561537256585106
EEF1A1P9	0.034435607742711455
EEF1A2	-0.05143988763610991
EEF1B2	-0.19391299592767264
EEF1B2P1	0.07098951872849303
EEF1B2P2	0.2720326356787839
EEF1B2P3	0.057945626888574034
EEF1B2P4	-0.2980204476446971
EEF1B2P5	-0.11657002581144439
EEF1D	-0.2502239678568466
EEF1DP1	-0.13754123361723752
EEF1DP2	-0.1591474990747236
EEF1DP3	0.16412733789697004
EEF1DP5	0.25591839288034113
EEF1E1	-0.23696916544544147
EEF1E1-BLOC1S5	
EEF1G	
EEF1GP1	0.24569954316915518
EEF1GP2	0.07908004630492448
EEF1GP3	-0.1518691482489101
EEF1GP4	-0.012524328352635039
EEF1GP5	0.058304041536889506
EEF1GP6	-0.2825909989537978
EEF1GP7	-0.2231792020619939
EEF1GP8	0.0833599971682424
EEF2	0.12643942373791306
EEF2K	-0.023632859117680084
EEFSEC	-0.3315778552701299
EEPD1	0.22762083805539507
EFCAB1	0.004463627216368042
EFCAB10	-0.10759422536910795
EFCAB11	0.07581319982829177
EFCAB12	-0.28354485894659875
EFCAB13	-0.21241982859261216
EFCAB14	0.017425302187130492
EFCAB14-AS1	0.2828395602640671
EFCAB14P1	0.16771892717487655
EFCAB2	-0.14876151479729313
EFCAB3	0.3314794919625451
EFCAB4A	0.2902999662675141
EFCAB4B	0.3830461356179001
EFCAB5	0.13239501805989815
EFCAB6	-0.07063774352716035
EFCAB6-AS1	-0.09640777753229654
EFCAB7	-0.2403693088934476
EFCAB8	-0.21487017765387934
EFCAB9	-0.11334912038340897
EFCC1	0.11606424540687454
EFEMP1	-0.00832748929432865
EFEMP2	-0.15168381109155502
EFHB	-0.05408231271593349
EFHC1	-0.1970859234522989
EFHC2	-0.06847239592808983
EFHD1	0.06515153016231762
EFHD2	0.12737339328043842
EFNA1	0.19409795997291263
EFNA2	0.00809685896433605
EFNA3	0.15200195278738496
EFNA4	0.14999186681874424
EFNA5	-0.1685607994010555
EFNB1	0.1927727555189712
EFNB2	0.039048418890672856
EFNB3	-0.07702282873907258
EFR3A	-0.03591837904380328
EFR3B	-0.39124605287152314
EFS	-0.17362580057413632
EFTUD1	0.13554774859690963
EFTUD1P1	0.051952106585347414
EFTUD1P2	
EFTUD2	-0.311724286154025
EGF	0.21849431631264063
EGFEM1P	-0.05991104667059899
EGFL6	-0.37360971646202273
EGFL7	0.027003316122719338
EGFL8	-0.03781738621666104
EGFLAM	-0.04461383488529896
EGFLAM-AS1	0.2828395602640671
EGFLAM-AS2	0.2105897689219193
EGFLAM-AS3	0.1935697539052563
EGFLAM-AS4	0.09203668740690937
EGFR	0.15316451869935713
EGFR-AS1	0.10770535949624334
EGLN1	0.0878837206482634
EGLN1P1	
EGLN2	-0.3514092411917136
EGLN3	0.11598969004181661
EGLN3-AS1	-0.25113622360611054
EGOT	-0.4197220572900064
EGR1	0.06369033415611634
EGR2	-0.33237118633142987
EGR3	-0.3849063434616959
EGR4	-0.383251832380209
EHBP1	0.2131611252586436
EHBP1L1	-0.3304974295364856
EHD1	-0.3424008091397101
EHD2	-0.00290249123450328
EHD3	-0.5057807394799159
EHD4	-0.017955605507962998
EHF	0.0998474304133289
EHHADH	0.10732960344316231
EHHADH-AS1	0.06480050821876097
EHMT1	-0.19870223722315308
EHMT2	-0.1790420099881184
EHMT2-AS1	-0.10477993813047766
EI24	0.15110659203535154
EI24P1	0.008430531780611514
EI24P2	-0.09517203158942629
EI24P3	0.006888778719605952
EI24P4	-0.10592363143962757
EID1	-0.2027836288068547
EID2	-0.22200461260660082
EID2B	-0.29539521064170077
EID3	-0.44399366292069387
EIF1	-0.009592288211925017
EIF1AD	-0.3065758407723683
EIF1AX	-0.0034695224431513585
EIF1AX-AS1	
EIF1AXP1	-0.012327755081083549
EIF1AXP2	
EIF1AY	-0.06855233966340758
EIF1B	0.10698427344303071
EIF2A	0.047756054054150114
EIF2AK1	0.0010580342729964289
EIF2AK2	0.0851534651099393
EIF2AK3	0.13286299469679194
EIF2AK4	0.017383711720792804
EIF2AP4	0.07453521497748983
EIF2B1	-0.20423205930718677
EIF2B2	-0.037272635806265636
EIF2B3	-0.23650475050529637
EIF2B4	-0.11292122448419276
EIF2B5	-0.2580080229119198
EIF2B5-AS1	0.04872643568467168
EIF2B5-IT1	-0.19821204315485064
EIF2D	-0.21250670321313628
EIF2S1	-0.23674975503357099
EIF2S2	-0.11174306784978243
EIF2S2P2	-0.06202036656152608
EIF2S2P3	-0.03367381157604164
EIF2S2P4	-0.056627612687776704
EIF2S2P5	0.11125760384342238
EIF2S3	-0.32565455134765486
EIF2S3L	-0.143752074118796
EIF3A	-0.04487886523168192
EIF3B	-0.31688234388129155
EIF3C	0.08268051267395474
EIF3CL	0.06945375898937316
EIF3D	-0.2988372640360937
EIF3E	-0.14771378980899755
EIF3EP1	-0.28946462022764
EIF3EP2	0.04695386129180745
EIF3F	-0.2505876028942699
EIF3FP1	0.26675232727656967
EIF3FP3	-0.017439647851447262
EIF3G	-0.3224064887801559
EIF3H	-0.1919274756252888
EIF3I	-0.41720508773015397
EIF3IP1	-0.052038139582849294
EIF3J	0.011105556351493134
EIF3J-AS1	0.0005127208066230096
EIF3K	-0.15565620072644917
EIF3KP1	-0.02443464906041878
EIF3KP2	-0.29396834744036304
EIF3KP3	0.1027179013808827
EIF3L	-0.06796941658535702
EIF3LP1	0.10114582933897769
EIF3LP2	0.0382086295739548
EIF3LP3	0.11889913132387285
EIF3M	-0.35749314261725496
EIF4A1	-0.31340017972831546
EIF4A1P1	0.07006096407224556
EIF4A1P10	-0.18904714911840717
EIF4A1P11	0.12942395765780268
EIF4A1P12	0.11125760384342238
EIF4A1P13	-0.06420831055949867
EIF4A1P2	-0.1247750454533574
EIF4A1P3	-0.1403538039995004
EIF4A1P5	-0.026827080715402775
EIF4A1P6	-0.057585565125166424
EIF4A1P7	-0.021924635665032555
EIF4A1P8	0.39357167271175186
EIF4A1P9	-0.002833140935692482
EIF4A2	-0.11909953798066136
EIF4A2P2	0.29971813756122834
EIF4A2P3	-0.001927284277010343
EIF4A2P4	-0.0024331484174267286
EIF4A2P5	-0.3211633562679265
EIF4A3	-0.11935077085748108
EIF4B	-0.42226945105703423
EIF4BP2	-0.003873381736068183
EIF4BP3	-0.1762815611207286
EIF4BP4	-0.06211706652168139
EIF4BP5	0.19987510158066069
EIF4BP6	-0.1716211975937524
EIF4BP7	-0.03294212382002027
EIF4BP8	0.24524180823435907
EIF4BP9	-0.053615647066922595
EIF4E	-0.0930404334169033
EIF4E1B	-0.08445375867631137
EIF4E2	0.07714051789275903
EIF4E2P1	-0.04793768133663903
EIF4E3	0.28724242675317524
EIF4EBP1	0.06359460940120754
EIF4EBP1P1	
EIF4EBP1P2	0.12269572133124246
EIF4EBP2	0.23386890032898316
EIF4EBP2P	0.21055013422962965
EIF4EBP3	0.12360127926007798
EIF4ENIF1	-0.15277081588759261
EIF4G1	0.09170869718234573
EIF4G2	-0.028392103934135212
EIF4G3	-0.08568191467934627
EIF4H	0.03818469433492051
EIF4HP1	0.09454886158039141
EIF4HP2	-0.11558997182536815
EIF5	0.05826681074276798
EIF5A	-0.23927444128566966
EIF5A2	-0.4734943417884071
EIF5AL1	-0.1002228741351357
EIF5AP2	0.02686357202995773
EIF5AP3	-0.1505182479922091
EIF5AP4	0.014213551863171758
EIF5B	-0.24218917333187068
EIF6	-0.06273177089687945
ELAC1	0.030985104470181664
ELAC2	-0.1552307798058069
ELANE	0.1294202260129982
ELAVL1	-0.3079394369323541
ELAVL2	0.024064394687326116
ELAVL3	0.07639375689852201
ELAVL4	0.0081794541835019
ELF1	-0.2624499414657122
ELF2	-0.10818812128991735
ELF3	0.19342287396708546
ELF4	0.03438810466213411
ELF5	-0.10165999490706316
ELFN1	-0.04633741141593037
ELFN2	0.07990900973277379
ELK1	-0.19063225443704987
ELK1P1	0.2584760269277684
ELK2AP	0.09577086510677653
ELK2BP	0.5756289602761643
ELK3	-0.45206253310109296
ELK4	-0.4805671276834093
ELL	-0.06333364492481626
ELL2	-0.025917161407804038
ELL2P1	-0.16658730224849552
ELL2P2	0.07268814537471642
ELL2P3	-0.16272049308012637
ELL2P4	-0.2322279076660913
ELL3	-0.2153525229889257
ELMO1	-0.4855398660064032
ELMO1-AS1	
ELMO2	-0.41925686800037826
ELMO2P1	-0.06685779744223744
ELMO3	0.4040569267184267
ELMOD1	0.249756014478477
ELMOD2	0.040860259283342124
ELMOD3	-0.10711515247101301
ELMSAN1	-0.05179668621843116
ELN	-0.27974122337830964
ELOF1	-0.3418384323230027
ELOVL1	0.02962096143990289
ELOVL2	-0.32002312432983165
ELOVL2-AS1	-0.2836343531107766
ELOVL3	-0.23401002580778235
ELOVL4	-0.007855112565666872
ELOVL5	-0.38941991741470355
ELOVL6	0.09548103197770724
ELOVL7	0.2981955078871439
ELP2	-0.35973700990886004
ELP3	-0.1369930458683845
ELP4	-0.12018891597648097
ELP5	-0.1729436622212067
ELP6	-0.30302123953505333
ELSPBP1	0.24725418214253372
ELTD1	-0.1787133381501607
EMB	-0.2797324338848001
EMBP1	-0.40126687477925493
EMC1	-0.06633789816772169
EMC10	0.09257522838488658
EMC2	0.1347307144786806
EMC3	0.055584231289142104
EMC4	0.03535539431133271
EMC6	-0.08817587789169261
EMC7	0.07709243659250604
EMC8	-0.11960703710827665
EMC9	0.04053238094670735
EMCN	-0.09851653249396106
EMCN-IT1	-0.29154155796435155
EMCN-IT2	0.08457726697544206
EMCN-IT3	0.11188219711800464
EMD	-0.14288627859139483
EME1	-0.33191229086429547
EME2	-0.06756278794373409
EMG1	-0.397540185754838
EMID1	-0.020450195110895606
EMILIN1	0.05230296569601577
EMILIN2	-0.2573102808713342
EMILIN3	-0.022927503664188963
EML1	-0.25827099136732096
EML2	-0.15608870442823927
EML3	-0.40522540891500847
EML4	0.145893368743176
EML5	-0.2798371857997156
EML6	-0.4068696268920633
EMP1	0.23806231850170906
EMP2	0.11014607938186495
EMP3	-0.4070786112477839
EMR1	-0.15094949995816798
EMR2	-0.38016515374609156
EMR3	-0.2575030526528457
EMR4P	-0.2239008064409361
EMX1	-0.03370249761189614
EMX2	0.11615736319483716
EMX2OS	0.14503019144702184
EN1	0.09595106306395217
EN2	0.03454795839988752
ENAH	0.031390047380074455
ENAM	-0.13152280529933924
ENC1	-0.0686951598089122
ENDOD1	0.07163208066455913
ENDOG	0.037857266142905854
ENDOU	-0.48359121158628204
ENDOV	0.11207709961722244
ENG	-0.03340408542452457
ENGASE	0.020389392803688382
ENHO	0.06937751481480504
ENKD1	0.001391153534864814
ENKUR	-0.3298185260573368
ENO1	-0.40998945557292266
ENO1-AS1	0.023054416127369574
ENO1-IT1	0.055769531568245455
ENO1P1	
ENO1P2	-0.022006244071022477
ENO1P3	0.19018644695746337
ENO1P4	
ENO2	-0.5458612100446675
ENO3	-0.18496408995280897
ENO4	-0.0995504840921685
ENOPH1	-0.1614888469578606
ENOSF1	-0.07363185118511474
ENOX1	-0.47720776445369545
ENOX1-AS1	-0.25365631863285515
ENOX1-AS2	0.00355712662185865
ENOX2	-0.3349841247218603
ENPEP	0.08460150959080316
ENPP1	-0.011946109116158352
ENPP2	-0.4948120857005178
ENPP3	-0.10033522498248815
ENPP4	0.0071925495068748384
ENPP5	0.057500221520838876
ENPP6	0.22238647546026435
ENPP7	0.06808107644558872
ENPP7P1	0.024639049317622445
ENPP7P10	-0.2673561721414509
ENPP7P11	0.29704826170312926
ENPP7P12	0.4483946955762552
ENPP7P13	-0.0711066314876465
ENPP7P2	-0.12255124610569505
ENPP7P3	0.06916493315835792
ENPP7P4	0.10749942235623965
ENPP7P5	0.05094573324641294
ENPP7P6	-0.1455541908497418
ENPP7P8	-0.48867875806362554
ENPP7P9	0.09845504119810082
ENSA	-0.14638296906790146
ENSAP1	-0.07458632127518465
ENSAP2	0.03811790016423572
ENSAP3	0.2828395602640671
ENTHD1	-0.38270355939815526
ENTHD2	-0.16701984545093487
ENTPD1	-0.364864390776649
ENTPD1-AS1	-0.058644639444861764
ENTPD2	0.05918463717473516
ENTPD3	-0.1730179996727673
ENTPD3-AS1	-0.033267732370489356
ENTPD4	-0.04480035701377118
ENTPD5	0.2425472782703528
ENTPD6	0.22557500300288338
ENTPD7	0.1918484192169193
ENTPD8	0.2897869880751321
ENY2	-0.2123985700478829
EOGT	-0.25511576787261386
EOMES	-0.4338503384932222
EP300	-0.1547140116903317
EP400	-0.1929932375465795
EP400NL	-0.19330379548954937
EPAS1	0.010743216750818234
EPB41	-0.26732606698951394
EPB41L1	0.02845073361173427
EPB41L2	-0.20514634691729566
EPB41L3	0.2076045114362701
EPB41L4A	-0.038734238836323265
EPB41L4A-AS1	0.03384607571198486
EPB41L4A-AS2	0.016871584018017798
EPB41L4B	0.34666813414979
EPB41L5	0.2962808150467504
EPB42	-0.34520718937239464
EPC1	-0.1743231146566932
EPC2	-0.07217638606933086
EPCAM	0.2755734735737875
EPDR1	0.3051955740197624
EPG5	-0.33003575663395124
EPGN	0.18620343032740838
EPHA1	0.1994992726280762
EPHA1-AS1	-0.4156961821275496
EPHA10	-0.12600875595183716
EPHA2	-0.05058583005037982
EPHA3	-0.05668807288608969
EPHA4	0.10425854648950757
EPHA5	0.002740133490025992
EPHA6	0.00927244021641768
EPHA7	0.015088255375189681
EPHA8	-0.01504739347567328
EPHB1	-0.2108934327802338
EPHB2	0.2569347583162361
EPHB3	0.3434499583618825
EPHB4	0.21630186385558745
EPHB6	-0.42505176509919324
EPHX1	0.09273870073971584
EPHX2	0.3178890934222964
EPHX3	-0.2896507789161682
EPHX4	-0.0025698200115171887
EPM2A	-0.18440751768979285
EPM2AIP1	-0.2628988119128543
EPN1	0.19539853282596137
EPN2	0.11096288910225763
EPN2-AS1	-0.22959422282061065
EPN3	0.15985641631239206
EPO	0.10689003311756216
EPOR	-0.31482115519423776
EPPIN	0.26034428193689496
EPPIN-WFDC6	
EPPK1	0.2546164280625207
EPRS	-0.03325845535349868
EPS15	-0.38834180820130715
EPS15L1	-0.23249753758470565
EPS15P1	0.06211512571114485
EPS8	0.2535407975438944
EPS8L1	-0.045169841171841814
EPS8L2	0.30739864339573164
EPS8L3	0.31845763446433145
EPSTI1	-0.10974666542137027
EPT1	0.2597012420690046
EPX	-0.186345312550841
EPYC	-0.12654508664757555
EQTN	0.02293729516961839
ERAL1	-0.23850760101172164
ERAP1	-0.13712054477145688
ERAP2	-0.0032111238662424907
ERAS	0.08247660463571149
ERBB2	0.2212519796378443
ERBB2IP	0.1624381896016759
ERBB3	0.3892226245617682
ERBB4	-0.14919725385039967
ERC1	0.006333225777634652
ERC2	-0.2232733616593571
ERCC1	-0.3568595345315041
ERCC2	-0.21313791154216433
ERCC3	-0.32271797325626345
ERCC4	-0.2202031093501932
ERCC5	0.04658745001679983
ERCC6	-0.15555098916927426
ERCC6L	-0.3052028278236569
ERCC6L2	-0.1133252766584552
ERCC8	-0.16845648570348726
EREG	-0.006092816059341334
ERF	0.007141313859453231
ERG	-0.2746368778118148
ERGIC1	0.13495267331152
ERGIC2	-0.09072501186405228
ERGIC3	0.0024532702740750686
ERH	-0.3610843878775507
ERHP1	0.11013537952571188
ERHP2	0.14941865319025666
ERI1	-0.3195778498468638
ERI2	0.1520397999737337
ERI3	-0.1279378417879123
ERI3-IT1	0.2368206261637374
ERICH1	-0.24678624344834052
ERICH1-AS1	-0.05685634639617617
ERICH2	-0.10836522511086782
ERLEC1	0.10121430463671814
ERLEC1P1	
ERLIN1	0.10934377589106543
ERLIN2	0.14916305018693826
ERMAP	-0.1486167291187059
ERMARD	-0.09833527485635704
ERMN	-0.4096467311515743
ERMP1	0.05885903176810397
ERN1	0.012607229091543382
ERN2	0.19271129300436468
ERO1L	-0.06805187234108653
ERO1LB	-0.12906954984622263
ERP27	-0.2062296460811643
ERP29	-0.21628467629001824
ERP29P1	0.0757982443848539
ERP44	0.1609336669678451
ERRFI1	-0.038719632280216805
ERV3-1	-0.06349269136837543
ERVFRD-1	0.14416302334816558
ERVH48-1	0.3175255390306123
ERVK13-1	0.025267775924017754
ERVK3-1	-0.2959168408169102
ERVMER34-1	-0.20930456009649995
ERVMER61-1	-0.22645851246899074
ERVV-1	-0.19507000611294156
ERVV-2	-0.24379297145470816
ERVW-1	-0.004890873810158592
ERVWE2	-0.11585684898762566
ESAM	-0.08519411277544986
ESCO1	-0.17762950119164508
ESCO2	-0.14863607320251399
ESD	-0.087928032480597
ESF1	-0.15339557051651234
ESM1	-0.36006920328381425
ESPL1	-0.05153881606627286
ESPN	0.3082418241017151
ESPNL	-0.24388832372827127
ESPNP	0.15339256518660108
ESR1	-0.17762687659980522
ESR2	-0.4751943729652721
ESRG	0.06269334243856864
ESRP1	0.1907289838748793
ESRP2	0.08981790774501625
ESRRA	0.3668141827469947
ESRRAP1	0.08442387186042857
ESRRAP2	0.1051421612264629
ESRRB	-0.2483000105525442
ESRRG	-0.004947884276938833
ESX1	0.004822982980551995
ESYT1	-0.17323347911193815
ESYT2	0.03818738267704399
ESYT3	0.0722798416231651
ETAA1	-0.21909974840060314
ETF1	0.02522795593787552
ETF1P1	0.08184518362196037
ETF1P2	0.07890497414438884
ETF1P3	0.17608363187625212
ETFA	0.4609814064396162
ETFB	0.016662841962233638
ETFDH	0.43181710191006306
ETHE1	0.0687245052618658
ETNK1	0.021571767377818737
ETNK2	-0.21906424634648722
ETNPPL	0.20034850438516752
ETS1	-0.4640710917484759
ETS2	0.23305741870037083
ETV1	0.12858526085785413
ETV2	0.281507924291913
ETV3	-0.3067692029899636
ETV3L	-0.2072421484003938
ETV4	0.23906377847897023
ETV5	-0.27605313400780646
ETV5-AS1	-0.1514107522648601
ETV6	-0.15047814031663395
ETV7	0.07061399653593169
EVA1A	0.13850242871301105
EVA1B	-0.05931282398185856
EVA1C	-0.4603501288467006
EVC	-0.22237948489511006
EVC2	-0.37595410990967193
EVI2A	-0.3878004491057005
EVI2B	-0.47986151839727953
EVI5	0.03691532787798728
EVI5L	0.14208575471909543
EVL	-0.41430977469249675
EVPL	0.1557383928929381
EVPLL	0.13633458197725712
EVX1	-0.0879209338211587
EVX1-AS	-0.04881323302924498
EVX2	0.061766387494138555
EWSR1	-0.30534781808708344
EXD1	-0.12337134109814404
EXD2	0.08333081580393824
EXD3	0.10659692441135227
EXO1	-0.28488003641153364
EXO5	-0.29256321557620046
EXOC1	-0.1079082737219743
EXOC2	-0.12426492809027044
EXOC3	-0.14167444127474693
EXOC3L1	0.03216056166759714
EXOC3L2	-0.045235199470864476
EXOC3L4	-0.059603069480307705
EXOC4	0.03014187771143824
EXOC5	-0.1897092243062483
EXOC5P1	-0.23448760753963696
EXOC6	-0.16930945515691317
EXOC6B	0.08943654577331189
EXOC7	-0.3025655553535664
EXOC7P1	0.20599263683490965
EXOC8	-0.31631475153326166
EXOG	-0.4749090325134489
EXOGP1	0.2828395602640671
EXOSC1	-0.33813781428845946
EXOSC10	-0.24192900477368967
EXOSC2	-0.2577327991184127
EXOSC3	-0.29728610727547267
EXOSC3P1	0.12541301900721327
EXOSC3P2	-0.004168560363121524
EXOSC4	0.03431183351678251
EXOSC5	-0.1634399525459551
EXOSC6	-0.13046438506376226
EXOSC7	-0.24797571694044418
EXOSC8	-0.35134818919455246
EXOSC9	-0.3722451725725509
EXPH5	0.029286689266650495
EXT1	0.40338852125758645
EXT2	0.18251940756397783
EXTL1	-0.13190621321176244
EXTL2	-0.006711860897698847
EXTL2P1	-0.055336791637305975
EXTL3	-0.1656348528394636
EXTL3-AS1	-0.09385755930877326
EYA1	0.13437575179411862
EYA2	-0.07159418971707347
EYA3	-0.34140848645512967
EYA4	-0.2532760208180921
EYS	0.10857008850946917
EZH1	-0.341427023389405
EZH2	-0.3152825119585422
EZH2P1	-0.10209751472970406
EZR	0.12275933727895093
EZR-AS1	0.155162312436794
F10	0.09499999685311977
F10-AS1	-0.22376459661521078
F11	-0.1528160021346883
F11-AS1	-0.23051776567877685
F11R	0.18617343552809007
F12	0.15921670518204256
F13A1	0.22244382711714047
F13B	0.1377993448665681
F2	-0.2554777532384828
F2R	0.02242274526436111
F2RL1	0.1454425112404518
F2RL2	-0.0817001607324755
F2RL3	-0.09559700085858015
F3	0.2961921031992281
F5	-0.34691932604170533
F7	0.10511876629901232
F8	-0.14592012968090257
F8A1	0.1740641257610641
F8A2	0.005433433286580023
F8A3	0.05715743136025276
F9	-0.03706138567289529
FA2H	0.026524364718996156
FAAH	0.2935646385043977
FAAH2	-0.09852624055128996
FABP1	0.11170245451412912
FABP12	0.1912124481571869
FABP12P1	
FABP2	0.12531480985388932
FABP3	0.06025739804884329
FABP3P2	-0.04947105959806506
FABP4	0.01764317196043624
FABP5	-0.14871248048397198
FABP5P1	-0.004267418223791374
FABP5P10	0.22205529995532627
FABP5P11	0.1849017770108976
FABP5P12	0.07295520028697955
FABP5P13	-0.055336791637305975
FABP5P14	
FABP5P15	
FABP5P2	-0.2003242977835652
FABP5P3	0.13192752409855074
FABP5P4	-0.1514107522648601
FABP5P5	-0.026431485196833804
FABP5P6	0.0009793081774536036
FABP5P7	-0.030293203353196588
FABP6	0.1689392777448937
FABP7	-0.2247386111480388
FABP7P1	-0.21474860077021563
FABP7P2	0.15637578733096738
FABP9	0.00355712662185865
FADD	-0.03753537651628194
FADS1	-0.47119176068227114
FADS2	-0.1996684373690381
FADS3	-0.38270739480353233
FADS6	0.26480028499905
FAF1	-0.0014269663466489572
FAF2	-0.09006597480459536
FAF2P1	-0.2600618317010619
FAH	-0.028679917456311193
FAHD1	0.32529119277856194
FAHD2A	0.07494698313845212
FAHD2B	-0.3778590138953537
FAHD2CP	-0.21388191574410342
FAHD2P1	0.04603307847481471
FAIM	-0.3253985319040191
FAIM2	-0.3247546057357815
FAIM3	-0.45222900908896446
FAM101A	0.013862889048256893
FAM101B	-0.009969297869727129
FAM102A	0.0991123768457382
FAM102B	0.058276929292550426
FAM103A1	-0.01583684353350029
FAM103A2P	-0.2692231336178459
FAM104A	0.08675770914807249
FAM104B	-0.22052419535718376
FAM105A	0.1425207094027815
FAM105B	-0.39294980726371587
FAM106A	-0.03770786912708602
FAM106B	-0.3266544592612212
FAM106CP	0.12244243360538934
FAM106DP	0.1680080252505954
FAM107A	-0.28910369078967346
FAM107B	-0.30287397769120017
FAM108A10P	-0.19646887302568977
FAM108A8P	-0.15576552949138942
FAM108A9P	0.23511554181270067
FAM109A	0.24666689293836544
FAM109B	0.19424585579711853
FAM110A	-0.11906425714389014
FAM110B	0.006403551876202064
FAM110C	0.34752367861630745
FAM110D	-0.06069833139071332
FAM111A	-0.35088691891559254
FAM111B	-0.2699556442725027
FAM114A1	0.17060966241125938
FAM114A2	-0.35124666999249465
FAM115A	0.04913009763776274
FAM115B	-0.026979010460525008
FAM115C	-0.4883223623277116
FAM115D	-0.28494842465930587
FAM117A	-0.42287441204909515
FAM117B	-0.20336002897387137
FAM118A	-0.11998838854985477
FAM118B	0.09427621254960929
FAM120A	0.04872928895977053
FAM120AOS	0.07896324138014155
FAM120B	-0.1520069864144814
FAM120C	-0.331214507593533
FAM122A	-0.18087900305494314
FAM122B	-0.19293615267776584
FAM122C	-0.23620325696223005
FAM124A	-0.2471830497593433
FAM124B	-0.2206551998689427
FAM126A	-0.43407318507441783
FAM126B	0.14976136902741344
FAM127A	-0.2324736944710621
FAM127B	0.09547897306686205
FAM127C	-0.2936731554092581
FAM129A	-0.29955902634930953
FAM129B	0.3972072780467753
FAM129C	-0.41097157043957533
FAM131A	0.12072446536884032
FAM131B	0.037275524537269435
FAM131C	-0.1881312917159989
FAM132A	0.15489407444042547
FAM132B	0.10229947217540054
FAM133A	-0.10099109212733014
FAM133B	-0.11161827165873194
FAM133CP	0.14533679068540475
FAM133DP	-0.12018462036401302
FAM134A	0.10213397176957442
FAM134B	-0.0021595665476981303
FAM134C	-0.16114986266376327
FAM135A	0.20887070420655446
FAM135B	0.114887898277313
FAM136A	0.19156996909865523
FAM136BP	-0.21638312468541368
FAM138A	
FAM138B	-0.12410189668827856
FAM138C	-0.2273688780149567
FAM138D	-0.020783347415587964
FAM138E	-0.009285939150403533
FAM138F	-0.2762979906897932
FAM13A	0.06801477185875458
FAM13A-AS1	-0.11270089367210338
FAM13B	-0.3211083910520832
FAM13C	-0.1801751596556804
FAM149A	0.2987746071598686
FAM149B1	0.2368770064319464
FAM149B1P1	0.00636607705007564
FAM150A	-0.12853184394442402
FAM150B	0.19441286304224173
FAM151A	-0.10868360986453605
FAM151B	-0.013667077394442543
FAM153A	-0.022119819280360203
FAM153B	-0.31924581149422016
FAM153C	-0.27537403634635454
FAM154A	0.175300729182013
FAM154B	-0.17855645366127967
FAM155A	-0.38060027478578207
FAM155A-IT1	-0.047505872755085846
FAM155B	-0.16168046955217577
FAM156A	0.107838136008482
FAM156B	-0.18788196623388234
FAM157A	0.06735510397935308
FAM157B	0.027883288071091014
FAM157C	0.3482620638305242
FAM159A	-0.443216383791927
FAM159B	0.11080905745143924
FAM160A1	0.11982608277746955
FAM160A2	-0.0019148430562695605
FAM160B1	-0.22715596349802245
FAM160B2	-0.15250053277236253
FAM161A	-0.15747031155690425
FAM161B	0.20101464240025899
FAM162A	-0.0030681638674606606
FAM162B	0.07840260721595527
FAM163A	-0.4192445393693559
FAM163B	-0.21637387015629816
FAM166A	-0.044676648945496195
FAM166B	-0.20288713437252445
FAM167A	-0.35624028997795015
FAM167B	-0.03255817763963437
FAM168A	0.12352967355478303
FAM168B	0.051276746936739566
FAM169A	-0.22641576872763025
FAM169B	0.18218075365857297
FAM170A	0.05527045979520924
FAM170B	-0.17871140682493308
FAM170B-AS1	-0.1417531226175672
FAM171A1	0.031893565119676
FAM171A2	-0.262897016017176
FAM171B	-0.12039559218360368
FAM172A	-0.016525494493963573
FAM172BP	-0.4262803564944049
FAM173A	0.03452785695707221
FAM173B	-0.21290922334468718
FAM174A	0.12075687210650031
FAM174B	0.2678731867301972
FAM175A	-0.3138449632375037
FAM175B	-0.0915527902693346
FAM177A1	0.25013679794154575
FAM177A1P1	-0.21969257751439744
FAM177B	0.06744016372754116
FAM178A	-0.3643557843739004
FAM178B	-0.16624176651476716
FAM179A	-0.08501930375874568
FAM179B	-0.1886114785881338
FAM180A	-0.10836203291571932
FAM180B	-0.07236384766228098
FAM181A	-0.4188645469932776
FAM181A-AS1	0.136796203415326
FAM181B	0.11021803315414191
FAM182A	0.13639547842710265
FAM182B	-0.018535960652615695
FAM183A	0.32101508786922145
FAM183B	-0.04127271573479831
FAM183CP	-0.03733207704328312
FAM184A	-0.3978908123939662
FAM184B	-0.0983092906150159
FAM185A	-0.01793875124621392
FAM185BP	0.08198384613438467
FAM186A	-0.021288829895972715
FAM186B	0.015496965527073575
FAM187A	
FAM187B	0.04210510412154802
FAM188A	-0.1032198877296254
FAM188B	-0.23776775805499173
FAM188B2	
FAM189A1	0.11062027192239712
FAM189A2	-0.20557336398394524
FAM189B	0.09657592484443653
FAM192A	-0.29771526879819366
FAM193A	-0.02052162431087531
FAM193B	-0.17742262279544446
FAM194A	-0.0038332390916226543
FAM194B	0.16753997224879508
FAM195A	0.17303680209817832
FAM195B	-0.16630114907447824
FAM196A	0.21646200636060622
FAM196B	-0.12406929927257855
FAM197Y1	0.2828395602640671
FAM197Y2	0.00355712662185865
FAM197Y3	
FAM197Y6	
FAM197Y7	
FAM197Y8	-0.19290144609542448
FAM197Y9	-0.0992488457800239
FAM198A	0.042263435349415415
FAM198B	-0.10554815090371675
FAM199X	-0.030081968936979425
FAM19A1	-0.002702615743365937
FAM19A2	0.060376066265053076
FAM19A3	-0.27940478047026457
FAM19A4	-0.17344878527795268
FAM19A5	-0.03602004785973253
FAM200A	-0.2718695456652126
FAM200B	0.027744150092349335
FAM201A	0.137391476413334
FAM201B	0.02206460886797217
FAM203A	-0.26766794880044287
FAM203B	0.12010321995147384
FAM204A	-0.22989050169375366
FAM204BP	-0.18042856262491863
FAM204CP	
FAM205A	0.17163863613148284
FAM205B	0.38088064212036493
FAM205CP	-0.17614882159244513
FAM206A	0.19110673533998562
FAM206BP	0.018220152020830716
FAM207A	-0.045038466239596425
FAM207BP	0.09127729889334489
FAM207CP	-0.25742972874745396
FAM208A	-0.29757895092783776
FAM208B	-0.24625499676271348
FAM209A	-0.1796362398753647
FAM209B	-0.11030049523019932
FAM20A	-0.30549453835376195
FAM20B	-0.08394387137830348
FAM20C	0.2532846917309369
FAM210A	-0.030445136177765376
FAM210B	0.2214865115243484
FAM210CP	-0.16333619242092498
FAM211A	0.35302877405957783
FAM211B	0.27173390976099965
FAM212A	-0.4002689782974649
FAM212B	0.27833662556689737
FAM213A	0.14861698516575259
FAM213B	0.2420163863569489
FAM214A	-0.3162980160057009
FAM214B	-0.016707112969788506
FAM215A	-0.1057023376692673
FAM215B	-0.06597655966382039
FAM216A	-0.39793085983406795
FAM216B	-0.43196539114709337
FAM217A	0.19525921128660487
FAM217B	-0.42021797851286213
FAM218A	0.10143979162224255
FAM218BP	-0.014388546549895393
FAM219A	-0.3029320278984233
FAM219B	0.11117107519092151
FAM21A	-0.1103871325987246
FAM21B	0.1432519170105206
FAM21C	-0.01729899093630683
FAM21FP	-0.1292760847695657
FAM220A	-0.27511140170487286
FAM220BP	0.18949102215676825
FAM220CP	0.07644079066405599
FAM221A	0.12062163750818071
FAM221B	0.354010322583202
FAM222A	0.07980340008811924
FAM222A-AS1	0.035996133841272315
FAM222B	0.33108766964013786
FAM224A	-0.2762979906897932
FAM224B	-0.21694146517650567
FAM225A	-0.235934877214042
FAM225B	-0.057612923913578605
FAM226B	-0.31366484362343394
FAM227A	-0.1433986935128332
FAM227B	-0.3143974674335104
FAM228A	-0.127105546919337
FAM228B	-0.3874517159483538
FAM229A	-0.091719139310439
FAM229B	-0.318395855185895
FAM230A	-0.12092664868536522
FAM230B	-0.0697226955707352
FAM24A	0.2828395602640671
FAM24B	-0.297274384313317
FAM25A	0.11675301593177045
FAM25B	0.2105897689219193
FAM25C	0.11019569857554538
FAM25D	-0.16171891929644236
FAM25E	-0.375909194187123
FAM25G	0.11125760384342238
FAM26D	0.0861703763367924
FAM26E	-0.26165603740880455
FAM26F	-0.3616168850170171
FAM27A	0.011879370579364626
FAM27B	-0.02526074270275103
FAM27C	0.1589597142053987
FAM27D1	-0.29095218052697486
FAM27E1	0.11961974757107054
FAM27E2	0.007225547167154722
FAM27E3	-0.004409138619852787
FAM27E4	0.013334594164018622
FAM27L	-0.055336791637305975
FAM32A	0.16825633080930252
FAM32B	0.07654315827159155
FAM35A	0.04926657500809744
FAM35BP	0.027738896174861
FAM35CP	0.00501829663036671
FAM35DP	-0.09641512293328734
FAM35EP	-0.08010088488524501
FAM3A	0.1154076591400923
FAM3B	0.22644544984865453
FAM3C	0.10696261734812627
FAM3C2	0.07008106697784305
FAM3D	0.06699596141718633
FAM41AY1	
FAM41AY2	
FAM41C	0.13965150216059055
FAM43A	-0.17156588746780652
FAM43B	0.13132013242444837
FAM45A	0.269588130714836
FAM45B	0.14019584335770388
FAM46A	-0.03272795561138771
FAM46B	-0.13117053673274226
FAM46C	-0.059462731304506355
FAM46D	0.07390581677744883
FAM47A	0.08767012007868229
FAM47B	-0.014116181270235537
FAM47C	0.22811924766026842
FAM47DP	-0.03658934544126107
FAM47E	0.06516573121919904
FAM47E-STBD1	0.2838008224273031
FAM49A	-0.46697340059768
FAM49B	-0.44301316065914226
FAM50A	0.0009263587164993599
FAM50B	-0.048866899327127455
FAM53A	-0.229294509406948
FAM53B	-0.22797430592474843
FAM53C	-0.3388510887693716
FAM57A	0.22665051560322147
FAM57B	-0.03403145579646894
FAM58A	-0.08362328922242018
FAM58BP	-0.2735826283793925
FAM58CP	0.12321528966497529
FAM58DP	-0.11520207163771148
FAM60A	-0.10856001653199061
FAM60BP	0.21638199398378918
FAM60CP	-0.11284986598816212
FAM63A	0.15082465632210879
FAM63B	-0.17384241884914692
FAM64A	0.1985380232980132
FAM65A	-0.3747642987014721
FAM65B	-0.49398010357749256
FAM65C	-0.12014036651783003
FAM66A	-0.28349430501486
FAM66B	-0.15047362415422524
FAM66C	-0.3680210242832419
FAM66D	-0.09145818781386535
FAM66E	0.0729570207874667
FAM69A	-0.0948560637432807
FAM69B	-0.31203552637129295
FAM69C	0.09360354382991386
FAM71A	0.06187609549361942
FAM71B	-0.2570173837273581
FAM71C	-0.17878834304916924
FAM71D	0.015076194899998901
FAM71E1	0.08029650833955197
FAM71E2	-0.06527808720394865
FAM71F1	-0.4266582901735101
FAM71F2	-0.24959452929355205
FAM72A	-0.3543872254565276
FAM72B	-0.33865719493096325
FAM72C	-0.3241826021815093
FAM72D	-0.33609871115552276
FAM73A	-0.07034376089508342
FAM73B	0.24238730291709734
FAM74A1	
FAM74A2	
FAM74A3	-0.00917809970565806
FAM74A4	
FAM74A5	0.08392095049566564
FAM74A6	-0.1994405709039652
FAM76A	0.10402928379709314
FAM76B	-0.3831029593343369
FAM78A	-0.4311240842833391
FAM78B	-0.46043368790287503
FAM81A	-0.3403495698937097
FAM81B	-0.0005227825460312414
FAM83A	0.042115892830883274
FAM83A-AS1	-0.22965085459192086
FAM83B	0.20447770617468433
FAM83C	-0.048039337175101615
FAM83C-AS1	-0.03991923826759839
FAM83D	-0.11682711399910371
FAM83E	0.35008059474486003
FAM83F	0.20848712734829872
FAM83G	0.266957895960507
FAM83H	0.28351317177238855
FAM83H-AS1	0.006608813843791755
FAM84A	0.10330810702122202
FAM84B	0.11672682615118606
FAM85A	0.029669818931305842
FAM85B	-0.3424884327113865
FAM86A	-0.08335461281213215
FAM86B1	0.10372004870593299
FAM86B2	-0.12748860562755007
FAM86B3P	0.0484069852520493
FAM86C1	-0.10803796391726143
FAM86C2P	0.09502970720411272
FAM86DP	0.17040235396548659
FAM86EP	0.024502272927148436
FAM86FP	-0.341790904537361
FAM86GP	0.12139937156875842
FAM86HP	-0.15639545620290202
FAM86JP	-0.05924668517147375
FAM86KP	0.0228967318149697
FAM86LP	0.1879301769448982
FAM86MP	-0.08744653211920081
FAM87A	0.01030194862981886
FAM87B	0.02293940792272179
FAM89A	-0.2999683707453988
FAM89B	-0.07714052121750378
FAM8A1	0.07580990257209233
FAM8A2P	0.0019342978107616524
FAM8A3P	0.14817943434772105
FAM8A4P	-0.1414719910461977
FAM8A6P	0.0635854016027315
FAM90A1	-0.19785903070611147
FAM90A10P	
FAM90A11P	0.20377660503738879
FAM90A12P	0.12443173396520196
FAM90A13P	
FAM90A14P	
FAM90A15P	
FAM90A16P	
FAM90A17P	
FAM90A18P	
FAM90A19P	
FAM90A20P	0.2828395602640671
FAM90A21P	
FAM90A22P	
FAM90A23P	
FAM90A24P	
FAM90A25P	-0.16357689748895127
FAM90A26	0.15657074346925665
FAM90A27P	-0.08671151067597889
FAM90A28P	-0.09247573296796074
FAM90A2P	0.021675322204224485
FAM90A3P	
FAM90A4P	
FAM90A5P	
FAM90A6P	
FAM90A7P	
FAM90A8P	0.38088064212036493
FAM90A9P	
FAM91A1	-0.1435473626023083
FAM92A1	-0.2620566319392977
FAM92A1P1	-0.1941400777282735
FAM92A1P2	0.12492543872572387
FAM92B	-0.21319963487459787
FAM95B1	-0.11375785841566691
FAM96A	0.13122629551285891
FAM96AP1	
FAM96AP2	-0.07544573550988283
FAM96B	-0.08000579623823594
FAM98A	-0.2089301351492834
FAM98B	-0.15570943902504258
FAM98C	0.16224805055350563
FAM99A	
FAM99B	-0.14330686015831764
FAM9A	0.0819959375661112
FAM9B	0.19141211248107437
FAM9C	0.15727188126425456
FAN1	0.07564893598372542
FANCA	-0.3202738858446756
FANCB	-0.3738742939217422
FANCC	0.09015602561928994
FANCD2	-0.4380617815936607
FANCD2OS	-0.1113329405111237
FANCD2P2	-0.15524303843151194
FANCE	-0.29515049377228464
FANCF	-0.0718230323178411
FANCG	-0.3493601030911588
FANCI	-0.3804745728914067
FANCL	-0.10576641674918737
FANCM	-0.29101748596162197
FANK1	0.01925120900580003
FANK1-AS1	-0.1911281214179999
FAP	-0.32426880221189275
FAR1	-0.013089874041418193
FAR1-IT1	0.13279440936228776
FAR1P1	-0.19433407850142842
FAR2	0.1581073723129788
FARP1	0.014785929787670701
FARP1-AS1	-0.1325758538404333
FARP2	0.09830469109223157
FARS2	-0.2265171753917676
FARSA	-0.10589476917129867
FARSB	-0.07507383354663992
FARSBP1	-0.16171202585199693
FAS	-0.17709644403013544
FASLG	0.06660271915495046
FASN	0.1051084545922427
FASTK	0.04360433601628651
FASTKD1	0.09457879865212315
FASTKD2	-0.05406960041351485
FASTKD3	-0.11327667869306969
FASTKD5	0.09026657446766125
FAT1	0.2335716313114192
FAT1P1	0.09097536592319669
FAT2	-0.4445798078075588
FAT3	-0.03283564899546474
FAT4	0.004544789550873011
FATE1	0.008482225915120682
FAU	-0.18361172592183908
FAUP1	-0.08379999871185213
FAUP2	0.0404923096791783
FAXC	0.12068819460768035
FAXDC2	0.3857516374354177
FBF1	-0.2945796686239955
FBL	-0.2542966601559511
FBLIM1	0.3511095002098187
FBLL1	0.11675626738991479
FBLN1	0.08110427574554961
FBLN2	0.045926853055736405
FBLN5	-0.20723691343768308
FBLN7	-0.4190992156803852
FBN1	-0.07307477505807682
FBN2	0.20141786691357186
FBN3	0.2762719931614827
FBP1	0.099529320747021
FBP2	-0.3247600477079226
FBRS	-0.07141347469504007
FBRSL1	0.07702448963935524
FBXL12	0.023543207747243385
FBXL13	-0.20189661422746208
FBXL14	-0.028430112649842472
FBXL15	0.12102598924117246
FBXL16	-0.384288358497499
FBXL17	-0.010210573579994971
FBXL18	-0.016022698674760003
FBXL19	0.0646001887906096
FBXL19-AS1	-0.23986717916117484
FBXL2	-0.32477064118564786
FBXL20	-0.33396526784858077
FBXL21	0.13196123575271645
FBXL22	0.05833377834175081
FBXL3	-0.028851946711153518
FBXL4	-0.12311263142432975
FBXL5	-0.035343997621771255
FBXL6	0.10013766073433096
FBXL7	-0.13954211071580144
FBXL8	0.015120214612292609
FBXO10	-0.4532768319301772
FBXO11	-0.16593266061946935
FBXO15	-0.3620870724539837
FBXO16	-0.38243019374663023
FBXO17	-0.14858976999296267
FBXO18	-0.03878574551327619
FBXO2	-0.30587201320229757
FBXO21	0.05647584778654961
FBXO22	-0.030278746784854572
FBXO24	-0.20441532669632229
FBXO25	0.05094002347386889
FBXO27	0.30543616500555537
FBXO28	0.01617802353787116
FBXO3	0.12108863045881216
FBXO30	-0.24220050909204024
FBXO31	0.04111745697740733
FBXO32	0.10326255745998252
FBXO33	-0.23033507198442202
FBXO34	-0.028550386063923242
FBXO36	-0.19630526504078638
FBXO36-IT1	-0.14085033202927402
FBXO38	-0.15735194658605853
FBXO39	-0.09811299915509727
FBXO4	-0.05473767512661839
FBXO40	0.061169326148405666
FBXO41	-0.45779165490275275
FBXO42	-0.22641787734520863
FBXO43	-0.33669226934731367
FBXO44	-0.3284267621888802
FBXO45	0.026091681667391526
FBXO46	-0.10821227867692737
FBXO47	0.03207775158656828
FBXO48	0.04359319119234151
FBXO5	-0.38844835740303696
FBXO6	-0.3251880777155608
FBXO7	-0.06613875986502617
FBXO8	0.24901094822462438
FBXO9	0.024722012825102533
FBXW10	-0.10653149280119394
FBXW11	-0.10710377629279674
FBXW11P1	0.004094377327417951
FBXW12	0.20501056413241417
FBXW2	-0.2263697314693009
FBXW4	0.004458023402427201
FBXW4P1	0.0825594479629222
FBXW5	0.15344224541434068
FBXW7	-0.3726516138168048
FBXW8	-0.043062450826583096
FBXW9	-0.05717091534718275
FCAMR	-0.37476399909596875
FCAR	-0.23773872333589072
FCER1A	0.1206561416872414
FCER1G	-0.10476528676010438
FCER2	-0.3067300564588678
FCF1	-0.16975429981568685
FCF1P1	-0.020516435617834443
FCF1P10	0.013791173058310117
FCF1P2	-0.024599933374249632
FCF1P3	-0.15049552289842816
FCF1P4	
FCF1P5	0.028509047896971833
FCF1P6	-0.2261583635016515
FCF1P7	-0.002771197550410501
FCF1P8	-0.20694591925065278
FCF1P9	
FCGBP	0.21171597939515918
FCGR1A	-0.2333032777950798
FCGR1B	-0.26833828146124616
FCGR1C	-0.2585307234938463
FCGR2A	-0.1105242164544595
FCGR2B	-0.32724094058381253
FCGR2C	-0.3456742988436337
FCGR3A	-0.13662224907373208
FCGR3B	-0.44147895101335066
FCGRT	0.23395327813432443
FCHO1	-0.3845434482415513
FCHO2	0.06595823657599535
FCHSD1	-0.27416686994879946
FCHSD2	-0.45933682839690504
FCN1	-0.3300972668798639
FCN2	0.03730461859393585
FCN3	-0.33134351493390257
FCRL1	-0.45982873268613744
FCRL2	-0.47212544239520904
FCRL3	-0.45941607653675537
FCRL4	-0.3982736917834328
FCRL5	-0.4649670755667667
FCRL6	-0.22460677077335653
FCRLA	-0.45352777188372084
FCRLB	-0.3339801524042042
FDCSP	-0.3720602619377542
FDFT1	0.04797333305414687
FDPS	-0.10739936110900007
FDPSP1	0.2686832993135709
FDPSP2	-0.13846207359011448
FDPSP3	-0.11704803793762776
FDPSP4	0.14388717426830872
FDPSP5	0.22046878872694647
FDPSP6	0.04312861674654853
FDPSP7	0.04722815242934859
FDPSP8	-0.19605005949489784
FDX1	0.35173456406695297
FDX1L	-0.11380376005957242
FDX1P1	0.1359992282248342
FDX1P2	
FDXACB1	-0.22704298362693504
FDXR	-0.025880827804902896
FECH	-0.07938698343955407
FECHP1	-0.3512030737858551
FEM1A	-0.24110473615648298
FEM1AP1	0.02015061126266533
FEM1AP2	-0.0007601619405182575
FEM1AP3	0.05753271474610156
FEM1AP4	-0.1399553782427888
FEM1B	0.006551386370680912
FEM1C	0.1523753961613293
FEN1	-0.3303430011370334
FEN1P1	0.003600010194114159
FENDRR	-0.09104704129445962
FER	-0.008745207915170238
FER1L4	-0.06527743498049611
FER1L5	-0.17137521957585566
FER1L6	0.25398963050621215
FER1L6-AS1	-0.13556364772719426
FER1L6-AS2	0.17755273917406553
FERD3L	-0.20856241432216638
FERMT1	-0.08981822533375934
FERMT2	-0.12993613232874676
FERMT3	-0.35619402824581053
FERP1	0.03488176873100744
FES	-0.3329133779927061
FETUB	-0.18025975844723507
FEV	0.10746306596279125
FEZ1	-0.2052740770727897
FEZ2	0.044206837262968424
FEZF1	-0.13356771945448775
FEZF1-AS1	-0.1426467627797977
FEZF2	-0.16062819329613595
FFAR1	-0.08365412174561712
FFAR2	0.18287666949946835
FFAR3	-0.1898609983414429
FFAR4	0.05628135768869018
FGA	0.101986211718522
FGB	0.0574538934554331
FGD1	0.04841859014001523
FGD2	-0.4359545487190672
FGD3	-0.45772436231324143
FGD4	0.1789913959777173
FGD5	-0.4361931949313615
FGD5-AS1	0.1266293163991144
FGD5P1	0.2562758066616836
FGD6	-0.29534530630214856
FGF1	-0.32726279373809
FGF10	-0.21569529220698874
FGF11	-0.5194251276203923
FGF12	-0.2257633939795126
FGF12-AS1	
FGF12-AS2	-0.37536531431795894
FGF12-AS3	-0.095869612282979
FGF13	-0.08250520799549659
FGF13-AS1	-0.16375368145525449
FGF14	-0.09282152257527594
FGF14-AS1	-0.04947105959806506
FGF14-AS2	-0.2030408554545357
FGF14-IT1	0.1885812608025888
FGF16	-0.20812301979022213
FGF17	-0.07817442185877398
FGF18	-0.33673019207048016
FGF19	-0.17532701118080066
FGF2	-0.2390398886944331
FGF20	-0.1204832638065944
FGF21	0.2828395602640671
FGF22	0.10132566167157923
FGF23	0.262451237947507
FGF3	0.029682679449253
FGF4	-0.012805319853609552
FGF5	-0.05669039908621958
FGF6	-0.017034931631618944
FGF7	-0.10883136403725518
FGF7P1	0.12269572133124246
FGF7P2	
FGF8	-0.06409853479782067
FGF9	0.088239590224395
FGFBP1	-0.0724812780941485
FGFBP2	0.020194253082190743
FGFBP3	0.004458909333961889
FGFR1	-0.3937727416577943
FGFR1OP	-0.15404487172072595
FGFR1OP2	-0.3193986624234063
FGFR1OP2P1	-0.1514107522648601
FGFR2	0.25365164973745774
FGFR3	0.20359516179605927
FGFR3P1	
FGFR3P5	-0.026294062624664754
FGFR3P6	-0.27812113689786033
FGFR4	0.2216118728180949
FGFRL1	0.2947344473966134
FGG	-0.04004013405518449
FGGY	0.15172894244024174
FGL1	-0.3727291547300969
FGL2	-0.06937214944430631
FGR	-0.43321778087765617
FH	0.4149365539879353
FHAD1	-0.34163798167769405
FHDC1	0.4770133252595996
FHIT	0.1169062814556461
FHL1	-0.22619002961868526
FHL2	0.03867274410075869
FHL3	-0.5154894220681281
FHL5	-0.15576814050769286
FHOD1	-0.2938775727936707
FHOD3	-0.3640296960654537
FHP1	0.22876607625854053
FIBCD1	0.10871216267630769
FIBIN	-0.18439228484833733
FIBP	0.04707212389906005
FICD	-0.01706091099309419
FIG4	-0.09452959791359086
FIGF	0.16078596663107989
FIGLA	0.3313883232386543
FIGN	-0.06116796703925257
FIGNL1	-0.36946400943851987
FILIP1	-0.20434803246182948
FILIP1L	-0.29341731164302587
FIP1L1	-0.16037052028922238
FIS1	0.11136704690661538
FITM1	-0.10030468848807383
FITM2	0.1605061004586938
FIZ1	0.04454924457430434
FJX1	-0.33008056324833435
FKBP10	0.008233216237684091
FKBP11	-0.15741136816816273
FKBP14	-0.12542809620838527
FKBP15	-0.3366724385672943
FKBP1A	-0.26079728213889786
FKBP1AP2	-0.09611351533338977
FKBP1AP3	0.05910259263816351
FKBP1B	0.12171799115818367
FKBP1C	0.01874545109743457
FKBP2	-0.008287519500396884
FKBP3	-0.13085760703326696
FKBP4	0.05008347803532752
FKBP4P1	0.004045140793491208
FKBP5	-0.27569221714290754
FKBP6	0.1943106021101636
FKBP7	-0.04307773509405827
FKBP8	0.047025438131668075
FKBP9	0.15664110334721973
FKBP9L	0.11653155965100827
FKBPL	0.018730599945911006
FKRP	-0.1756614005120547
FKSG52	0.00355712662185865
FKSG61	0.10279105977507046
FKSG68	
FKTN	0.053566384793756784
FLAD1	-0.4271308201885691
FLCN	0.1214106228681757
FLG	-0.1661802859796846
FLG-AS1	-0.03689238791475543
FLG2	-0.10431449740892121
FLI1	-0.4525526867571723
FLI1-AS1	-0.203045271103123
FLII	0.18865640575850007
FLNA	-0.16632527543375863
FLNB	0.30945616543352333
FLNB-AS1	0.09245727463064374
FLNC	0.15435869066241362
FLOT1	0.0570581647018875
FLOT2	-0.3793087043590422
FLRT1	0.056638657437775755
FLRT2	-0.30832291795648953
FLRT3	0.024509272582536774
FLT1	-0.08834077402737313
FLT1P1	-0.12148797576341613
FLT3	-0.37567196363731264
FLT3LG	-0.19401358639287788
FLT4	-0.17726072141033308
FLVCR1	0.08603374703730184
FLVCR1-AS1	0.09011167645792856
FLVCR2	0.2583173064209444
FLYWCH1	-0.21163579251920395
FLYWCH1P1	-0.10371492394512377
FLYWCH2	0.08439845976456532
FMN1	0.13479266022962486
FMN2	0.08259180702615242
FMNL1	-0.43743813032766643
FMNL2	-0.22524926137918824
FMNL3	-0.46375363097307026
FMO1	0.10040341555454861
FMO10P	-0.3122315070247797
FMO11P	-0.3100987286415124
FMO2	-0.23665063849274406
FMO3	-0.2920730304086763
FMO4	0.13321925141843913
FMO5	0.21414457062336792
FMO6P	-0.15114905224670638
FMO7P	0.14666929536560408
FMO8P	0.011211616401117067
FMO9P	-0.024201012663167126
FMOD	0.058017135958857005
FMR1	-0.27773835722024504
FMR1-AS1	-0.07101913834603386
FMR1-IT1	-0.18520148115662602
FMR1NB	0.007429299148244636
FN1	0.23601146821056118
FN3K	0.028816658512564514
FN3KRP	-0.05562726045148606
FNBP1	-0.4685325516386823
FNBP1L	0.20167146325973898
FNBP1P1	-0.21250818488283565
FNBP4	-0.3121433050534608
FNDC1	-0.08532317836629312
FNDC1-IT1	-0.05057895508447359
FNDC3A	0.10350856087455036
FNDC3B	-0.00749853775227075
FNDC3CP	-0.10482018085535484
FNDC4	-0.04438040338058787
FNDC5	0.009945307727332212
FNDC7	-0.02543008246353198
FNDC8	0.20194101188692862
FNDC9	-0.14132389511884383
FNIP1	0.04479722346589913
FNIP2	0.17123243969803767
FNTA	-0.2063974065433774
FNTAL1	0.14722847363899974
FNTAP2	0.10711794663317334
FNTB	-0.0007094451256770724
FOCAD	0.021066111963082917
FOLH1	0.35592333811029875
FOLH1B	0.4199156300751397
FOLR1	-0.055982666745043576
FOLR2	-0.12433302782605414
FOLR3	-0.07595860524318798
FOLR4	-0.4840418407506972
FOPNL	-0.16006022742491519
FOS	0.11031605815860702
FOSB	0.07817249228437248
FOSL1	-0.14436708036586332
FOSL1P1	0.17237784984498794
FOSL2	0.0037669412158136905
FOXA1	0.19747101704348405
FOXA2	0.14186476653148786
FOXA3	0.31554552275924236
FOXB1	-0.06186818223456939
FOXB2	0.12003032599873012
FOXC1	-0.05607488059217673
FOXC2	0.2170256492231288
FOXD1	0.366186265183001
FOXD2	0.06582103618579745
FOXD2-AS1	0.03387292121280161
FOXD3	0.15649074051392572
FOXD4	-0.16286718490702068
FOXD4L1	-0.08024795055590057
FOXD4L2	-0.15052159794282788
FOXD4L3	-0.31314751585128775
FOXD4L4	-0.24254149121594412
FOXD4L5	-0.08995460098695263
FOXD4L6	-0.16641231544689383
FOXE1	-0.30417061172205434
FOXE3	0.03642436840043624
FOXF1	-0.025048267393742718
FOXF2	-0.08317824171970721
FOXG1	-0.2946100626640481
FOXH1	-0.07098233922891775
FOXI1	0.23570057415969065
FOXI2	-0.4141015661023681
FOXI3	-0.24642842347226715
FOXJ1	-0.23897405113757453
FOXJ2	-0.09845538577063577
FOXJ3	0.001057017967606353
FOXK1	-0.1653771941078747
FOXK2	0.11020795047500805
FOXL1	-0.050240581650546574
FOXL2	-0.019252885133584866
FOXM1	-0.18078195514248574
FOXN1	-0.12629371604335946
FOXN2	-0.37686451929937587
FOXN3	-0.10196521588933108
FOXN3-AS1	-0.22625584610383564
FOXN3-AS2	
FOXN3P1	0.016198419899935316
FOXN4	-0.024235441313614246
FOXO1	-0.3788670666322692
FOXO1B	0.04227916376178421
FOXO3	0.1062789693421655
FOXO3B	-0.15075895113043986
FOXO4	0.2519742859342525
FOXO6	0.10115276303702976
FOXP1	-0.11116134270941858
FOXP1-AS1	-0.020783347415587964
FOXP1-IT1	0.02928287293306808
FOXP2	0.18361019628395145
FOXP3	-0.42397512723711195
FOXP4	0.016717520365298805
FOXQ1	-0.12437113968995979
FOXR1	-0.1342573493984224
FOXR2	0.0006966321974480139
FOXRED1	0.14019363754433645
FOXRED2	0.011280633503000114
FOXS1	-0.35590200913454495
FPGS	-0.36417597797320245
FPGT	-0.06842538384299068
FPGT-TNNI3K	-0.09635468328889572
FPR1	-0.43873981581910565
FPR2	-0.26587312922587
FPR3	-0.013907796559405527
FRA10AC1	-0.19121904351261315
FRAS1	0.21783746924713016
FRAT1	0.04721931131389159
FRAT2	0.29032008102945367
FRDAP	0.11125760384342238
FREM1	0.05464356109444652
FREM2	0.12494170087073084
FREM2-AS1	-0.1439918292211775
FREM3	0.07747956552994714
FRG1	-0.15379774167693058
FRG1B	0.1576129471127087
FRG2	
FRG2B	0.21977424798155687
FRG2C	-0.16171891929644236
FRK	0.21476533046399432
FRMD1	0.39653008540452606
FRMD3	0.20496777473185737
FRMD4A	-0.18416908288784484
FRMD4B	-0.15289265112595093
FRMD5	0.1806283192298501
FRMD6	0.04919397177120792
FRMD6-AS2	0.05570606435197894
FRMD7	0.10359550750908979
FRMD8	0.1074453139795854
FRMD8P1	0.12018823166676869
FRMPD1	-0.4133663701312668
FRMPD2	0.02128620309190435
FRMPD2P1	-0.0730209940532988
FRMPD2P2	0.1935697539052563
FRMPD3	-0.1363309536059076
FRMPD3-AS1	
FRMPD4	-0.08013377759142602
FRMPD4-AS1	
FRRS1	0.21209718576716158
FRRS1L	0.08844123353680057
FRS2	-0.08375248575026209
FRS3	-0.10435798681377911
FRY	-0.2857366960855826
FRY-AS1	-0.15360033023034658
FRYL	0.1302956039407263
FRZB	0.18070036797025543
FSBP	-0.30629053890855257
FSCB	0.06494531439191893
FSCN1	-0.40080473512572806
FSCN2	-0.20470678304148396
FSCN3	-0.049007068701267247
FSD1	-0.19790488419754448
FSD1L	-0.3390716414401615
FSD2	0.10738866904827539
FSHB	-0.10860434392341907
FSHR	-0.24039440198566492
FSIP1	-0.1779855743909325
FSIP2	0.11856523158556728
FST	-0.1331643141263911
FSTL1	-0.09972817081497312
FSTL3	-0.3363448376799087
FSTL4	0.2654092697734928
FSTL5	0.2565043478545055
FTCD	0.21822698444672542
FTCD-AS1	-0.10400491541317973
FTCDNL1	0.2134614000732247
FTH1	0.3529471820461143
FTH1P1	0.1476915613487739
FTH1P10	0.34611053794210234
FTH1P11	0.42103466942497864
FTH1P12	0.2708282288298445
FTH1P14	-0.2400646918193782
FTH1P15	0.08046210425488477
FTH1P16	0.3344281159279788
FTH1P18	0.31004463289533846
FTH1P19	0.14663268552303854
FTH1P2	0.1473218845301892
FTH1P20	0.16020627848623306
FTH1P21	0.17239854641814137
FTH1P22	-0.275597138832713
FTH1P23	0.31873702719734187
FTH1P24	-0.027323694514923145
FTH1P25	-0.14582959280230443
FTH1P26	-0.003386242105153403
FTH1P27	0.31195377723559314
FTH1P3	0.15725017955240056
FTH1P4	0.21863879170406433
FTH1P5	0.24196263572971563
FTH1P6	0.14941865319025666
FTH1P7	0.47188980023414184
FTH1P8	0.3384222964288013
FTH1P9	0.4027325024828696
FTHL17	-0.11395282450318438
FTL	0.09775900235436788
FTLP1	0.1746663472840955
FTLP10	0.11575680667457774
FTLP12	-0.24903452474903862
FTLP13	0.4027325024828696
FTLP14	0.25518345979006146
FTLP15	-0.25187548644882185
FTLP16	0.23920583445506113
FTLP17	0.07029855207035922
FTLP18	-0.13110299879747536
FTLP19	0.10279105977507046
FTLP2	0.17919063936075216
FTLP3	0.20574228727058827
FTLP4	-0.08020972153714566
FTLP5	0.13555175870718106
FTLP6	0.11287854005654277
FTLP8	0.14108608068718187
FTMT	0.21447909761558423
FTO	-0.21413359773249532
FTO-IT1	0.14659528346378936
FTOP1	-0.060137151484700675
FTSJ1	-0.25260233282560934
FTSJ2	-0.297827710392373
FTSJ3	-0.35987952442956284
FTX	-0.1589330743486505
FUBP1	-0.35881462229993344
FUBP3	-0.016410333254933823
FUCA1	0.23007563601919256
FUCA1P1	-0.007638792365506777
FUCA2	0.21790996443997812
FUK	0.15725065997641538
FUNDC1	-0.3458300561859219
FUNDC2	-0.20738692769759773
FUNDC2P2	-0.14877289104293173
FUNDC2P3	-0.14381448770015273
FUNDC2P4	-0.1199261524135006
FUOM	0.16187915395277513
FURIN	0.11658580064600678
FUS	-0.30801244530301314
FUT1	-0.3055633617744802
FUT10	-0.23322294764029067
FUT11	-0.2990111991793854
FUT2	0.18379957216151596
FUT3	0.18010911641442112
FUT4	0.052466719555359205
FUT5	-0.1473441006355428
FUT6	0.3299632583669116
FUT7	-0.3323324600080344
FUT8	-0.0404765769013583
FUT9	-0.05320003653990227
FUZ	-0.23717923602558005
FXN	-0.2704841652730069
FXR1	-0.3634152200829407
FXR2	0.18219296244915947
FXYD1	-0.08147805490007007
FXYD2	-0.17152580885187985
FXYD3	0.026745003237378547
FXYD4	-0.2737504824161734
FXYD5	-0.4494862646742333
FXYD6	-0.2650366692827175
FXYD6-FXYD2	
FXYD6P1	0.1636340839463682
FXYD6P2	0.1529596250213679
FXYD6P3	
FXYD7	-0.10793585249727548
FYB	-0.4785919307539447
FYCO1	0.050026732414735965
FYN	-0.44779301790313397
FYTTD1	-0.2418800797068158
FYTTD1P1	0.3959730357090976
FZD1	0.2178112547971147
FZD10	0.17269918130060946
FZD10-AS1	-0.14564763758043678
FZD2	-0.030035802354622724
FZD3	-0.15897147594907332
FZD4	-0.12524595491791252
FZD5	0.2723783902003465
FZD6	0.009089653440578799
FZD7	-0.15536496542793204
FZD8	-0.05989107599706786
FZD9	0.21501835267081024
FZR1	-0.08362565599396904
G0S2	0.1264864364075655
G2E3	-0.30164213918051774
G3BP1	-0.22500870615413987
G3BP2	0.05912754307144173
G6PC	-0.034116390574646105
G6PC2	-0.05782030612416975
G6PC3	0.1767043886348205
G6PD	-0.2912528596059102
GAA	0.03529970963639484
GAB1	0.11975853035858848
GAB2	0.06003525934143531
GAB3	-0.45166613359244023
GAB4	-0.2408216054141648
GABARAP	0.0810049007154236
GABARAPL1	0.36219351413802636
GABARAPL2	-0.02243452316073609
GABARAPL3	0.22000545575789204
GABBR1	-0.3457693162504722
GABBR2	-0.4122493233023611
GABPA	-0.31188024844647044
GABPB1	-0.34733772424286796
GABPB1-AS1	-0.3600077823344403
GABPB2	-0.3193447808985512
GABRA1	-0.016231610202856538
GABRA2	0.14274367033069704
GABRA3	0.17294437161751117
GABRA4	-0.003096499425011598
GABRA5	-0.37701623194808215
GABRA6	0.02738247683215032
GABRB1	0.09811960884256725
GABRB2	0.0431685339474267
GABRB3	-0.18460692704966386
GABRD	-0.1695654884351726
GABRE	-0.048237044937830244
GABRG1	-0.07855515749381882
GABRG2	-0.10536251570720977
GABRG3	-0.33383042146219366
GABRP	-0.44661681674811465
GABRQ	-0.35423088313944473
GABRR1	-0.2015997785024296
GABRR2	-0.2517975222625572
GABRR3	-0.16706253574142776
GACAT1	
GAD1	0.09639475409081384
GAD2	0.10788836280569042
GADD45A	-0.04774007519580395
GADD45B	0.08122585913984391
GADD45G	0.2689560174186328
GADD45GIP1	-0.18321300827084863
GADL1	-0.027075427124275565
GAGE1	0.21941978008079296
GAGE10	-0.1077907164713262
GAGE12B	
GAGE12C	
GAGE12D	
GAGE12E	
GAGE12F	
GAGE12G	
GAGE12H	
GAGE12I	
GAGE12J	
GAGE13	
GAGE2A	
GAGE2B	
GAGE2C	
GAGE2D	
GAGE2E	
GAK	0.1512241630842161
GAL	-0.17383284024874476
GAL3ST1	0.12187304262601005
GAL3ST2	0.0063002559821536885
GAL3ST3	0.1655324448816742
GAL3ST4	0.10153609249524576
GALC	0.031365520704044345
GALE	0.0787698512789863
GALK1	0.07206170869148208
GALK2	0.20917747345389928
GALM	0.2530351763424177
GALNS	-0.10693166971958998
GALNT1	0.057851658214798055
GALNT10	-0.039578591137527215
GALNT11	-0.00530151167116792
GALNT12	0.26085248446097786
GALNT13	0.15530374735275126
GALNT14	-0.17164604813085188
GALNT15	-0.028865412402652644
GALNT16	-0.24233162720765625
GALNT18	-0.5765260088755854
GALNT2	-0.0476443740824157
GALNT3	0.1493300870822797
GALNT4	0.047071061914783593
GALNT5	0.07534150571692722
GALNT6	0.057032877960578335
GALNT7	0.1565268122372943
GALNT8	0.06442816454019962
GALNT9	-0.061577808351430445
GALNTL5	-0.1786876165935389
GALNTL6	-0.03530490882645589
GALP	0.09076997229817951
GALR1	0.1479349010901291
GALR2	-0.1351820792566136
GALR3	0.022697787760496854
GALT	0.047786120250172245
GAMT	-0.2792560392675949
GAMTP2	
GAN	0.18603741755661599
GANAB	0.11054462929075455
GANC	-0.06390339070300426
GAP43	-0.1924555261380125
GAPDH	-0.009003458522201833
GAPDHP1	-0.08968839749646731
GAPDHP14	-0.17176158585766615
GAPDHP15	-0.006131128390764877
GAPDHP16	-0.22046643727871815
GAPDHP17	0.30349772356085436
GAPDHP19	0.02855708157161498
GAPDHP2	-0.006187921060577696
GAPDHP20	0.07369216578488691
GAPDHP21	0.2761056038593608
GAPDHP22	-0.19820490696500917
GAPDHP23	-0.16259128451822916
GAPDHP24	0.19987211869725763
GAPDHP25	0.19034566853298995
GAPDHP26	0.046101334071436594
GAPDHP27	0.01404485574679063
GAPDHP28	0.24396753058976076
GAPDHP29	0.15106357820784458
GAPDHP31	0.07502442832839874
GAPDHP32	-0.1034609737791781
GAPDHP33	-0.2122734658265498
GAPDHP34	0.17495689739074138
GAPDHP36	0.12447884955639761
GAPDHP37	0.096234014312691
GAPDHP38	0.004467456389759448
GAPDHP39	-0.06125160842831429
GAPDHP40	0.10568865225972902
GAPDHP41	-0.06919991820552321
GAPDHP42	0.002179667942552883
GAPDHP44	0.015727768136145518
GAPDHP45	-0.2379413741920923
GAPDHP46	0.09145634745455276
GAPDHP47	-0.1734022981321279
GAPDHP48	-0.07899238627666363
GAPDHP49	-0.31407841702462624
GAPDHP50	0.08320324506961643
GAPDHP51	0.11080103597702333
GAPDHP52	-0.25624251730390807
GAPDHP53	0.2213048685812248
GAPDHP54	-0.07652043964501619
GAPDHP55	-0.03305787235998142
GAPDHP56	-0.15547110519321697
GAPDHP57	0.23207040816321395
GAPDHP58	-0.08137919123708004
GAPDHP59	0.019215692504473338
GAPDHP60	-0.052989222973256075
GAPDHP61	0.07670836149565714
GAPDHP62	0.08197056164232543
GAPDHP63	0.029156670134078928
GAPDHP64	0.17967917896217905
GAPDHP65	0.1471516342554265
GAPDHP66	0.08150227280185617
GAPDHP67	0.2014819124035876
GAPDHP68	-0.0297027002235453
GAPDHP69	-0.15072654167810126
GAPDHP70	-0.0010177361237875548
GAPDHP71	0.08574754706496326
GAPDHP72	0.1929820462945627
GAPDHP73	0.08688717853529515
GAPDHS	0.2469123999373911
GAPT	-0.4388486547436424
GAPVD1	-0.07707109237231455
GAR1	-0.1290490967496938
GAREM	0.4070270708141058
GAREML	0.08186064099669665
GARNL3	-0.2563753482440444
GARS	-0.12120188263956416
GART	-0.1690341838625491
GAS1	-0.38249774530957675
GAS2	0.10767721784803297
GAS2L1	0.19641563522604724
GAS2L2	-0.3987914879925791
GAS2L3	0.03012048992252384
GAS5	-0.06953081564486822
GAS5-AS1	0.005951292835856066
GAS6	0.149084187217207
GAS6-AS1	-0.38192749505563195
GAS6-AS2	-0.0337343928871811
GAS7	-0.30216635595767927
GAS8	-0.4173218502474452
GAST	-0.16166421704345818
GATA1	-0.1264476077874923
GATA2	-0.10337261632379668
GATA3	-0.43289260659410633
GATA3-AS1	0.1623749558274003
GATA4	-0.3620080524152928
GATA5	0.25587106227166845
GATA6	0.34599061360675404
GATA6-AS1	0.05724289438723937
GATAD1	0.14908867354160196
GATAD2A	0.04550685715352952
GATAD2B	-0.37824446087604835
GATC	0.03697334577272431
GATM	-0.11372229621582519
GATS	-0.13112293182524265
GATSL1	-0.012945299167867502
GATSL2	0.44130399850852453
GATSL3	0.024980929001702262
GBA	0.049480556296529345
GBA2	0.39217456703803627
GBA3	0.16936442372903399
GBAP1	-0.10755120175139427
GBAS	0.0533831897308424
GBE1	0.1082343394435797
GBF1	0.18240984336918267
GBGT1	-0.3696145845636115
GBP1	-0.2959547834298661
GBP1P1	-0.14482209042129643
GBP2	-0.13384775654251774
GBP3	0.03025167105052292
GBP4	-0.4518973447948975
GBP5	-0.45789367973260275
GBP6	-0.06814113546143258
GBP7	-0.44667336694507515
GBX1	-0.29437162593772415
GBX2	0.1471460609395425
GC	-0.393190429622733
GCA	-0.2113253946440625
GCAT	0.03226167993489505
GCC1	-0.05899891534606398
GCC2	0.06431529201159994
GCDH	-0.5026410658323659
GCFC2	-0.10442817946084082
GCG	0.2268979124130791
GCGR	-0.1523996564866372
GCH1	0.0652213904712356
GCHFR	0.09213606974516576
GCK	-0.1090798879269197
GCKR	0.08386895557890785
GCLC	0.22900630427594082
GCLM	0.21536247454631388
GCM1	-0.27749497239314896
GCM2	0.3867657913088945
GCN1L1	-0.08827950108949101
GCNT1	0.07289497970982826
GCNT1P1	0.10304923003742116
GCNT1P2	
GCNT1P3	0.06601543658881112
GCNT1P4	0.072353646140969
GCNT1P5	0.00355712662185865
GCNT2	0.15961591049456053
GCNT3	0.17901388548530522
GCNT4	-0.02201637127662065
GCNT6	0.1663420528911089
GCNT7	-0.19531274574501614
GCOM1	0.09573481055008635
GCOM2	0.20513143146625482
GCSAM	-0.3637636401702837
GCSAML	-0.2152600187532154
GCSAML-AS1	-0.36508492693576516
GCSH	-0.031404978468104895
GCSHP1	
GCSHP2	-0.2833114766533509
GCSHP3	
GCSHP4	0.14663268552303854
GCSHP5	0.10349894676850498
GDA	0.08981838997178798
GDAP1	-0.1164674417474106
GDAP1L1	0.18653553864226619
GDAP2	0.08267672132150465
GDE1	0.038066472913964255
GDF1	
GDF10	-0.20407011977603115
GDF11	-0.3934590511178286
GDF15	0.02621007496423064
GDF2	0.09766715787811088
GDF3	0.21955995875650286
GDF5	-0.12474183563667908
GDF5OS	0.06556507109600407
GDF6	-0.007008456923515706
GDF7	-0.4690637606905911
GDF9	-0.12890430028560554
GDI1	-0.2521980616132368
GDI2	-0.07729622140164537
GDI2P1	-0.04881602138062156
GDI2P2	0.22327313437791255
GDNF	-0.026608952313887817
GDNF-AS1	-0.13051776641411694
GDPD1	-0.03423607399605149
GDPD2	0.012566657039081436
GDPD3	0.021824636376168657
GDPD4	0.37649597188500694
GDPD5	-0.39907993825674265
GDPGP1	-0.018682850204482262
GEM	-0.3406338289838699
GEMIN2	-0.1862061825527948
GEMIN4	-0.21627013515623486
GEMIN5	-0.25734718368360543
GEMIN6	-0.2665167503678568
GEMIN7	-0.2837464996560898
GEMIN8	-0.09287169103165915
GEMIN8P2	-0.14284846826174222
GEMIN8P3	-0.055336791637305975
GEMIN8P4	0.1223043714412154
GEN1	-0.23606407691904388
GET4	-0.057058041666557056
GFAP	-0.020350999576510577
GFER	0.07574840977845897
GFI1	-0.045777865080335586
GFI1B	-0.11998301157495979
GFM1	0.15490126600512627
GFM2	0.012048195559959752
GFOD1	-0.19715596424462345
GFOD1-AS1	-0.25233468372734175
GFOD2	0.14879457743466734
GFPT1	0.2628417292372501
GFPT2	-0.525098857603872
GFRA1	-0.3361442613113353
GFRA2	0.21620749155604754
GFRA3	-0.0004919731244638919
GFRA4	-0.05955920320440082
GFRAL	0.11125760384342238
GGA1	-0.1713243869404509
GGA2	-0.41488203801645723
GGA3	-0.3529154330780975
GGACT	0.15383727820000118
GGCT	-0.08666333274909357
GGCX	-0.11356635898503717
GGH	0.024882685112244722
GGN	0.24228917567278824
GGNBP1	-0.36687639576596703
GGNBP2	-0.009935363471968287
GGPS1	-0.004896015507086927
GGT1	0.007938176406498423
GGT2	0.2480841656395358
GGT3P	-0.03818940415150536
GGT5	-0.12229418950278836
GGT6	0.330495478626176
GGT7	-0.0854189827423978
GGT8P	0.06396758094825197
GGTA1P	0.04122549773433252
GGTA2P	-0.03275900144901863
GGTLC1	0.07023789867845193
GGTLC2	-0.10735426061743186
GGTLC3	-0.19476709948200865
GH1	-0.331090713674827
GH2	-0.16171891929644236
GHDC	0.13830069688474575
GHITM	0.31998772338592246
GHR	0.06092896758649544
GHRH	0.03524803672343996
GHRHR	-0.48385415862559183
GHRL	-0.39305141848922037
GHRLOS	-0.2509780040926407
GHSR	-0.21184188967813425
GID4	0.06076797771007046
GID8	-0.19154561188386307
GIF	0.15271823389575995
GIGYF1	-0.0809085970065761
GIGYF2	0.09989608723615279
GIMAP1	-0.31159816325862927
GIMAP2	-0.42290257994952196
GIMAP4	-0.46654040637932487
GIMAP5	-0.43384639159824145
GIMAP6	-0.432228281166299
GIMAP7	-0.4428079996254394
GIMAP8	-0.3570479396198019
GIMD1	-0.21096055997487625
GIN1	-0.33475804081392374
GINM1	0.1165370388896042
GINS1	-0.28753576417402865
GINS2	-0.2546284034917762
GINS3	-0.342030176100845
GINS4	-0.340226218601962
GIP	-0.019436501899450752
GIPC1	-0.11063530531627734
GIPC2	0.25131482836631847
GIPC3	-0.20915774599600614
GIPR	-0.082537589142038
GIT1	-0.03452281919916392
GIT2	-0.41530644299029545
GJA1	-0.14530217945588944
GJA10	-0.01734085936438657
GJA1P1	-0.18863435992219438
GJA3	-0.4319857041456552
GJA4	-0.4315251980147004
GJA5	-0.2135078718727774
GJA6P	-0.21734335809449137
GJA8	0.004855681999521568
GJA9	-0.06300306690420897
GJB1	0.19706271767902778
GJB2	0.09534041692802019
GJB3	-0.33019752108118494
GJB4	-0.4448927147246483
GJB5	-0.3721441262911507
GJB6	-0.39961477495536557
GJB7	0.07164437876293996
GJC1	-0.4328887571861731
GJC2	0.0620188612490918
GJC3	0.2007853717501324
GJD2	-0.018046503488584546
GJD3	-0.1050729855370921
GJD4	0.11585914492602604
GJE1	
GK	0.15939967885126738
GK-AS1	0.19119789588411257
GK-IT1	-0.14309163706157513
GK2	0.3137231532690738
GK3P	0.12970772760371022
GK5	0.030764012809629628
GKAP1	-0.26773337551772974
GKN1	0.05475364390564295
GKN2	-0.05509041005043199
GLA	0.1847097072865749
GLB1	-0.1730099863616794
GLB1L	-0.05045484190863139
GLB1L2	0.2018231059502986
GLB1L3	-0.39249655262449834
GLCCI1	-0.4640593300557597
GLCE	0.17751198705402885
GLDC	-0.07973464435973594
GLDCP1	-0.27410504937252844
GLDN	0.013129457486903827
GLE1	0.002116945005406732
GLG1	0.05855033756335529
GLI1	-0.21289250568017717
GLI2	-0.1538227311373299
GLI3	-0.20469267810561242
GLI4	-0.22364954219410949
GLIPR1	-0.41668351866844044
GLIPR1L1	0.14992132661734123
GLIPR1L2	0.09935233514662789
GLIPR2	-0.17578920770815135
GLIS1	0.26889364683700323
GLIS2	-0.2805240237203823
GLIS3	0.05081824291979247
GLIS3-AS1	0.30075875731944496
GLMN	-0.26516871089589944
GLO1	0.19577972920209474
GLOD4	0.4149073488933075
GLOD5	0.05670412740354869
GLP1R	-0.06093398589614489
GLP2R	0.1681698984609227
GLRA1	0.03451691393389875
GLRA2	-0.03159841221671557
GLRA3	-0.468007563011751
GLRA4	0.10746173676132251
GLRB	0.03333389413650933
GLRX	0.13128147054341407
GLRX2	0.33622700223141144
GLRX3	-0.23171799875199528
GLRX5	0.056665852146843276
GLRXP	-0.12150196656592217
GLRXP3	0.07432840389736091
GLS	0.04586925243383627
GLS2	-0.2930795446159357
GLT1D1	-0.286459973732009
GLT6D1	-0.10945488065368422
GLT8D1	-0.1037419969905709
GLT8D2	0.14450347466005034
GLTP	-0.006605986161471321
GLTPD1	0.12528781380773307
GLTPD2	0.35298779278753317
GLTPP1	-0.07350168012434291
GLTSCR1	0.05798635383570866
GLTSCR1L	-0.3026124678301578
GLTSCR2	-0.01700480364683495
GLUD1	0.21496231308209757
GLUD1P2	0.06342736546596475
GLUD1P3	-0.09984671263299273
GLUD1P4	-0.020134573650369983
GLUD1P6	0.24226723186574145
GLUD1P7	-0.2533265960673891
GLUD1P8	-0.21148295284604854
GLUD1P9	
GLUD2	0.10367720280229867
GLUDP5	0.1756125284747806
GLUL	-0.05059226141155357
GLULP3	-0.20176240608024823
GLULP4	0.05699755166316881
GLULP5	0.13706381104710244
GLULP6	0.08775220648841736
GLYAT	0.011601825225774747
GLYATL1	0.07463274470022514
GLYATL1P1	0.1553248537691024
GLYATL1P2	-0.055336791637305975
GLYATL1P3	-0.23332965548947918
GLYATL1P4	-0.06376199564051084
GLYATL2	-0.22824200069127204
GLYATL3	0.06687869697921019
GLYCAM1	
GLYCTK	0.26654756627169296
GLYCTK-AS1	-0.37868389595296736
GLYR1	-0.029856430571109236
GM2A	-0.37410447785492007
GM2AP1	-0.08141660785679566
GM2AP2	0.1935697539052563
GMCL1	0.010364834484242847
GMCL1P1	0.19084686977240442
GMDS	0.35136573886075595
GMDS-AS1	0.07481391830289658
GMEB1	-0.4182271888251445
GMEB2	-0.044531835916847784
GMFB	0.03218305977109921
GMFBP1	0.21737377005841543
GMFG	-0.45545028396689313
GMIP	-0.3262467278411218
GML	0.015021968800328184
GMNC	0.06963325364724571
GMNN	0.042986405325431624
GMPPA	0.16672095707551482
GMPPB	-0.13201400065921562
GMPR	-0.16393405784303894
GMPR2	0.17489315286252802
GMPS	-0.2682435202574564
GMPSP1	-0.2544495117190752
GNA11	0.3416688968634545
GNA12	-0.39139365595181425
GNA13	-0.15049650284713156
GNA14	0.02348964671516376
GNA15	-0.24739436645264345
GNAI1	0.07898191023516365
GNAI2	-0.4455978276491345
GNAI2P1	-0.4403250142980181
GNAI2P2	-0.18951783779863837
GNAI3	0.07237760408286947
GNAL	-0.4065395780456147
GNAO1	-0.056094158711793525
GNAQ	0.05188181428877859
GNAQP1	-0.11674087902028747
GNAS	-0.3165372860390553
GNAS-AS1	-0.318265213085637
GNAT1	0.01016227782126122
GNAT2	-0.03316979416496519
GNAT3	-0.24976373408406474
GNAZ	-0.29723891663836893
GNB1	0.04603607116074365
GNB1L	-0.014626701277704423
GNB2	0.11184165783942879
GNB2L1	-0.2934786383229818
GNB3	-0.2187087485278351
GNB4	-0.3944063301985192
GNB5	-0.35153493332954355
GNE	0.05537626032252326
GNG10	0.07198767734289999
GNG11	-0.06407112386616905
GNG12	0.07173734711065852
GNG12-AS1	-0.18515634110382354
GNG13	0.16121896113230447
GNG2	-0.43851675307860416
GNG3	-0.0695948897157938
GNG4	0.13824473947949514
GNG5	-0.13126489480895287
GNG5P1	0.2770776552355286
GNG5P2	0.19189983652752998
GNG5P3	0.07048386743315474
GNG5P5	0.0917197210455248
GNG7	-0.4629167061875271
GNG8	-0.32707232520770485
GNGT1	-0.05802177843334993
GNGT2	-0.45030626411131836
GNL1	-0.3805617254319189
GNL2	-0.12825225555764094
GNL3	-0.11807336049337303
GNL3L	-0.04550809211120291
GNL3LP1	0.14720917188910407
GNLY	0.04182535638500713
GNMT	-0.41959984196657724
GNPAT	-0.07515272684886573
GNPATP	0.14347924262135545
GNPDA1	0.13016929567045457
GNPDA2	-0.19528957610122966
GNPNAT1	0.09849583476574049
GNPTAB	0.049665863609120224
GNPTG	0.032712246144678624
GNRH1	-0.08058099534701779
GNRH2	-0.15150826759681546
GNRHR	0.21621369753290554
GNRHR2	0.09459456685337084
GNRHR2P1	0.4027325024828696
GNS	0.14582659646656063
GOLGA1	0.10165077559325467
GOLGA2	0.21923642581663053
GOLGA2B	-0.1449020187184086
GOLGA2P1	0.11489188299116151
GOLGA2P2Y	
GOLGA2P3Y	
GOLGA2P4	-0.21010676253235697
GOLGA2P6	0.2828395602640671
GOLGA3	0.0829146238487186
GOLGA4	0.21503553760289293
GOLGA5	0.27425561062427645
GOLGA5P1	-0.09905552115802928
GOLGA6A	0.08657658669038952
GOLGA6B	0.15702828475457778
GOLGA6C	0.00355712662185865
GOLGA6D	
GOLGA6L1	0.028981562548699807
GOLGA6L10	0.0553632021207192
GOLGA6L11P	
GOLGA6L16P	0.1628391768482516
GOLGA6L2	0.059167264454001896
GOLGA6L3	0.22524466693166198
GOLGA6L4	0.0020136480456663395
GOLGA6L5	-0.13521392645191707
GOLGA6L6	0.11611840885715823
GOLGA6L7P	0.24150578346536625
GOLGA6L9	-0.005229406486434562
GOLGA7	0.05905912664861528
GOLGA7B	-0.4180580829851346
GOLGA8A	-0.17017816882471012
GOLGA8B	-0.3041359010508478
GOLGA8CP	-0.04931525915557626
GOLGA8DP	0.10661037150798591
GOLGA8EP	-0.11551751862106767
GOLGA8F	-0.03875942711735393
GOLGA8G	-0.04642236925264277
GOLGA8H	0.08363671772648722
GOLGA8I	0.17835927313713545
GOLGA8J	-0.0810313040918098
GOLGA8K	-0.13208565078514625
GOLGA8M	0.06904855283164542
GOLGA8N	-0.28691557469578866
GOLGA8O	-0.050478590865673696
GOLGA8Q	-0.09680235477600915
GOLGA8R	-0.20692769643761214
GOLGA8S	-0.003868420815267956
GOLGA8T	0.13078300496231557
GOLGA8UP	0.13888336697744333
GOLGB1	0.12815463576132632
GOLIM4	0.25455350913043645
GOLM1	0.08378818070996148
GOLPH3	0.12723155258860466
GOLPH3L	0.13356025466825847
GOLT1A	0.2011206088076267
GOLT1B	-0.13723203066443215
GON4L	-0.2599536924006452
GOPC	-0.0004235268399820922
GORAB	-0.056679317715247306
GORASP1	0.01744933940427784
GORASP2	0.08530281408100739
GOSR1	-0.010706193952480687
GOSR2	0.19316615537314538
GOT1	0.2695919081797649
GOT1L1	-0.23331816700512556
GOT2	-0.08272442889826581
GOT2P1	-0.2286314196235625
GOT2P2	0.11972775483085132
GOT2P3	-0.1629793844487428
GOT2P5	-0.2922674854767047
GP1BA	-0.4418628269657548
GP1BB	
GP2	-0.43379751422498425
GP5	-0.22767600298631432
GP6	0.04260415256874605
GP9	-0.2772082995201799
GPA33	0.2621001842287833
GPAA1	0.20571243795990926
GPAA1P1	
GPALPP1	-0.1383404696489461
GPAM	0.02947917551164922
GPANK1	0.058783750205493646
GPAT2	-0.14699773719285605
GPATCH1	-0.08200994426649165
GPATCH11	-0.2965222953357415
GPATCH2	0.026504834450377924
GPATCH2L	-0.43839904089250153
GPATCH3	-0.005319720828392124
GPATCH4	-0.33216284476636654
GPATCH8	-0.2542197101919473
GPBAR1	0.15606326305880944
GPBP1	-0.23280656609107897
GPBP1L1	0.17016087066050622
GPC1	-0.015240235464426849
GPC2	-0.08291922346843385
GPC3	0.0947665198090486
GPC4	0.19257286897076228
GPC5	-0.2118845478102091
GPC5-AS1	0.16422909542765488
GPC5-AS2	
GPC5-IT1	-0.3703575669680519
GPC6	0.1098141621283208
GPC6-AS1	0.15859618488227933
GPC6-AS2	-0.1076909355613282
GPCPD1	-0.3045259019654419
GPD1	0.1294942783740544
GPD1L	0.09859631412259391
GPD2	0.17168152855374333
GPER1	-0.07664820696763966
GPHA2	-0.33458142695145887
GPHB5	-0.10763604753620945
GPHN	0.25340729482232865
GPI	0.0701885888944044
GPIHBP1	-0.13992032181607966
GPKOW	0.10161392522295024
GPLD1	-0.3710968882873707
GPM6A	-0.40527824200368495
GPM6B	0.10576036654602707
GPM6BP1	
GPM6BP2	
GPM6BP3	
GPN1	-0.24521880198380316
GPN2	-0.2725667366818317
GPN3	-0.33091825411632686
GPN3P1	0.15497129093328726
GPNMB	-0.25026218925602806
GPR1	-0.2812737360829905
GPR101	0.1959964308214984
GPR107	0.058344106259121994
GPR108	0.21536621320814078
GPR110	0.021429741611131023
GPR111	0.09705035631203851
GPR112	0.0814612242693311
GPR113	-0.09841350842475648
GPR114	-0.4235285557370501
GPR115	0.14948206322562557
GPR116	-0.14976036842465734
GPR119	0.023283560277475832
GPR12	-0.029203117180461237
GPR123	-0.08232728875999515
GPR124	-0.15616707212291067
GPR125	0.16554719743987437
GPR126	0.027844097828624854
GPR128	0.12795857814976375
GPR132	-0.4410731251886068
GPR133	-0.38633425346578965
GPR135	-0.2634266712148066
GPR137	-0.1476837174877284
GPR137B	-0.3697010250828487
GPR137C	-0.1905716332463763
GPR139	-0.11070068863195807
GPR141	-0.3066629933588232
GPR142	-0.02411607150782708
GPR143	0.08408217291296188
GPR143P	0.13639760107520937
GPR144	-0.15622982015091824
GPR146	0.0624122554804831
GPR148	-0.1442834746443067
GPR149	-0.17895945772693517
GPR15	0.11069482321479213
GPR150	0.23704848537465664
GPR151	0.004673203434999344
GPR152	-0.11473082189827451
GPR153	0.33484736931109343
GPR155	-0.1687655316300425
GPR156	-0.33674575013058
GPR157	-0.0908660837809238
GPR158	0.11788478301015712
GPR158-AS1	0.06167203480001499
GPR160	0.2110304714495673
GPR161	-0.19692090356044456
GPR162	0.038663540846995505
GPR17	0.013786134960460297
GPR171	-0.19921960532014338
GPR173	-0.11836001341329401
GPR174	-0.5283871118156965
GPR176	-0.41827136347858407
GPR179	0.16226327529315746
GPR18	-0.429381924707569
GPR180	-0.00968209088787698
GPR182	-0.1122396110150842
GPR183	-0.47587137693346626
GPR19	-0.47480968254066813
GPR20	-0.056306567552363775
GPR21	-0.20238301762115884
GPR22	0.1203590736874088
GPR25	0.007278291673372212
GPR26	0.11318880980862275
GPR27	0.23916261478044828
GPR3	-0.2784162867622362
GPR31	-0.2757412962429886
GPR32	-0.1089222052755103
GPR32P1	
GPR33	-0.2710032071573537
GPR34	-0.15899732345478013
GPR35	0.22478064132159228
GPR37	0.2823980773148471
GPR37L1	-0.043645053187940305
GPR39	0.11725082982672141
GPR4	-0.1926166799356667
GPR42	-0.18746626140879796
GPR45	0.09822829989659472
GPR50	-0.17647940487735686
GPR50-AS1	0.10462842893758409
GPR52	0.04229023882025187
GPR53P	-0.2684534082553132
GPR55	-0.30386906519777357
GPR56	0.08725776597123275
GPR6	0.14351584977148021
GPR61	0.1719423251314496
GPR62	-0.09974094601341041
GPR63	-0.1803475787254673
GPR64	-0.4206029351077771
GPR65	-0.44814724460039856
GPR68	-0.24447006888617767
GPR75	-0.1889703476956524
GPR75-ASB3	-0.15679806370048102
GPR78	0.1505367852048355
GPR79	
GPR82	-0.28568987979567284
GPR83	-0.41574425656975056
GPR84	-0.4169070188879826
GPR85	-0.35147439722828555
GPR87	0.08526348081871399
GPR88	-0.16004976476607966
GPR89A	0.12429933456091215
GPR89B	0.21117891881305126
GPR89C	0.15961790438680717
GPR97	-0.24860202339343168
GPR98	0.08710538309874886
GPRASP1	-0.3527815609753466
GPRASP2	0.04769768306613998
GPRC5A	0.048465845274672105
GPRC5B	-0.3880623518970445
GPRC5C	0.352388393252872
GPRC5D	0.019293978214906287
GPRC6A	0.17547782605947315
GPRIN1	-0.23961684793860102
GPRIN2	-0.2261482418635138
GPRIN3	-0.08328617815990087
GPS1	-0.1592914499979276
GPS2	-0.2889725912379549
GPSM1	-0.06838185254536441
GPSM2	0.12176975481622068
GPSM3	-0.46603045135510646
GPT	0.20579759672497094
GPT2	-0.04308433498338365
GPX1	-0.09942111793369471
GPX1P1	-0.22834154161563597
GPX1P2	-0.05202071708096293
GPX2	0.11262984610838392
GPX3	0.12173458872859307
GPX4	0.07539564538185732
GPX5	0.042373982416377416
GPX6	-0.06100405199412209
GPX7	-0.3766220403402655
GPX8	-0.23253466769558775
GRAMD1A	-0.21924622834210705
GRAMD1B	-0.0038515108403978674
GRAMD1C	0.05316069643463261
GRAMD2	0.13581169863064987
GRAMD3	0.3913925567115969
GRAMD4	0.1367324009266255
GRAMD4P1	0.38088064212036493
GRAMD4P2	
GRAMD4P3	0.38088064212036493
GRAMD4P4	-0.16171891929644236
GRAMD4P5	-0.16171891929644236
GRAMD4P6	
GRAMD4P7	0.38169597188766574
GRAMD4P8	-0.012452565684596772
GRAP	-0.4488122659070943
GRAP2	-0.41582937812781423
GRAPL	-0.4158688262099945
GRASP	-0.20777267008576533
GRB10	0.02593987731512297
GRB14	0.004392233180987303
GRB2	-0.2702401804441374
GRB7	0.29069132319893937
GREB1	0.17389025798304708
GREB1L	0.056410589475268065
GREM1	-0.35372421763637674
GREM2	0.12170329156785642
GRHL1	0.050258605104120765
GRHL2	0.1538662508049193
GRHL3	0.17589580611135677
GRHPR	-0.09566155598051455
GRIA1	-0.18067086733981522
GRIA2	0.14677920628473515
GRIA3	0.10381333172912732
GRIA4	-0.017354680866165893
GRID1	-0.20832533846432202
GRID2	0.17008363311069738
GRID2IP	0.1804578137745812
GRIFIN	-0.23878023793682707
GRIK1	0.011320480303340014
GRIK1-AS1	-0.2444994869076961
GRIK1-AS2	
GRIK2	0.03454488302199829
GRIK3	-0.014204483523409576
GRIK4	-0.14451206048361548
GRIK5	-0.12120275431061814
GRIN1	-0.09139690025185959
GRIN2A	-0.029493365666319302
GRIN2B	-0.3965152174159641
GRIN2C	-0.0024367017562207925
GRIN2D	-0.16978197055969857
GRIN3A	-0.12133456906119057
GRIN3B	0.15792491155727664
GRINA	0.01623840291617556
GRIP1	-0.1313426616033699
GRIP2	-0.2655859714401567
GRIPAP1	-0.30323422150754376
GRK1	-0.22770118605714373
GRK4	0.31037949559002015
GRK5	-0.18624898024152145
GRK6	-0.35540310693013866
GRK6P1	-0.24965268139836655
GRK7	-0.07420218005778814
GRM1	0.02381350553053064
GRM2	-0.061900024605724024
GRM3	0.09127991440146037
GRM4	-0.2038593173890321
GRM5	0.09460121360444736
GRM5-AS1	-0.05968775473363712
GRM6	-0.11287212765187006
GRM7	0.1729773973624635
GRM7-AS1	0.008064684182976643
GRM7-AS2	0.11125760384342238
GRM7-AS3	0.05190827183718215
GRM8	-0.060001345001243434
GRN	-0.09591445205365853
GRP	-0.26426819353032505
GRPEL1	0.0026593942357937576
GRPEL2	-0.18004175356729113
GRPEL2-AS1	-0.03899667956130689
GRPEL2P1	0.14941865319025666
GRPEL2P2	-0.29839171379814705
GRPEL2P3	
GRPR	-0.06295322262880183
GRSF1	0.051063560769602896
GRTP1	0.5081146578577121
GRTP1-AS1	0.14426268301487846
GRWD1	-0.34886658936884346
GRXCR1	0.11457048112415609
GRXCR2	0.00484737846647753
GSAP	-0.46280264626948164
GSC	-0.05951924692935898
GSC2	0.1999951219586057
GSDMA	0.22721097540728705
GSDMB	0.18641009303061132
GSDMC	-0.22165310989002177
GSDMD	0.23488804190817583
GSE1	0.13201692973526913
GSG1	-0.07102158584346029
GSG1L	0.1192695179734566
GSG2	-0.3675977611911918
GSK3A	0.09263558439554907
GSK3B	-0.03349683786953622
GSKIP	0.19808875085928068
GSN	-0.03732120430166803
GSN-AS1	0.13502880888045704
GSPT1	0.01602238682401587
GSPT2	-0.27191974401212393
GSR	0.19063162991409363
GSS	0.11582980881981131
GSTA1	0.19982314738643908
GSTA2	0.0620832011617708
GSTA3	0.031133446594067953
GSTA4	0.04055169020511625
GSTA5	0.15869000189935958
GSTA6P	-0.15049552289842816
GSTA7P	0.06262268541996839
GSTCD	-0.25396833113697
GSTK1	0.1405048769069539
GSTM1	0.041583345712156786
GSTM2	-0.21078106280618972
GSTM2P1	-0.03653170348580532
GSTM3	0.1274462499313216
GSTM3P1	0.124886719470545
GSTM3P2	0.2828395602640671
GSTM4	0.2545437949494261
GSTM5	-0.09934629519861274
GSTM5P1	0.19471790032165792
GSTO1	0.1966207659136108
GSTO2	0.3717427990839407
GSTO3P	-0.0050398221021406165
GSTP1	-0.11532021780557057
GSTP1P1	0.0818151279329006
GSTT1	-0.41524766104603533
GSTT2	0.3351681562273502
GSTT2B	0.19546279568580902
GSTTP1	0.38088064212036493
GSTTP2	-0.17878834304916924
GSTZ1	-0.005927805725509106
GSX1	0.03780068000835587
GSX2	-0.27856292923082865
GTDC1	-0.3692792732806766
GTF2A1	-0.20649888219692633
GTF2A1L	-0.25141033942142926
GTF2A2	0.01429521883948936
GTF2B	-0.2096728579601182
GTF2E1	-0.38230169333184394
GTF2E2	-0.23032133131346935
GTF2F1	0.09945001962993273
GTF2F2	-0.08958964633551002
GTF2F2P1	-0.054164175708343525
GTF2F2P2	0.11125760384342238
GTF2H1	-0.09423176601296315
GTF2H2	-0.20140507670162971
GTF2H2B	-0.1604158125309182
GTF2H2C	-0.0522968503306239
GTF2H3	-0.2216366907347012
GTF2H4	-0.23095173152242301
GTF2H5	-0.2724732082546466
GTF2I	-0.252636573756218
GTF2IP1	0.010450663531406201
GTF2IP2	
GTF2IP3	
GTF2IRD1	0.47257393407374615
GTF2IRD1P1	-0.2276787550703106
GTF2IRD2	-0.225939725271232
GTF2IRD2B	-0.2714238043700183
GTF2IRD2P1	-0.274129539540912
GTF3A	-0.3987472909460046
GTF3C1	-0.07083392150875903
GTF3C2	-0.13532716278324058
GTF3C3	-0.14878768405101786
GTF3C4	-0.04466585113386414
GTF3C5	-0.16010589386677682
GTF3C6	-0.1410768767855407
GTPBP1	-0.05887788132298837
GTPBP10	-0.07378513251668044
GTPBP2	0.05688426884916391
GTPBP3	-0.2421038012895101
GTPBP4	-0.203339119131013
GTPBP6	-0.08176701507646136
GTPBP8	-0.29249438715852677
GTSCR1	-0.21290290652569746
GTSE1	-0.2372104455854537
GTSF1	-0.12005061383748727
GTSF1L	-0.31914223143521725
GUCA1A	-0.20062419814881605
GUCA1B	-0.24559635332879567
GUCA1C	0.00355712662185865
GUCA2A	0.16184565796653308
GUCA2B	0.08542307465687904
GUCD1	0.2642319116718817
GUCY1A2	-0.26016608978043004
GUCY1A3	-0.40675351738988635
GUCY1B2	0.05445834673712656
GUCY1B3	-0.42534370600913346
GUCY2C	0.3776340133586617
GUCY2D	0.14726727992565813
GUCY2EP	-0.10811758075885966
GUCY2F	-0.07446421280770366
GUCY2GP	0.15340364295774334
GUF1	0.053436999656018766
GUK1	0.04761581465359845
GULOP	-0.12451210372351153
GULP1	0.12150437130126747
GUSB	0.03297935036142507
GUSBP1	-0.2410579967993656
GUSBP10	-0.1335734721489023
GUSBP11	-0.12722596822054588
GUSBP12	0.20940405898437198
GUSBP2	-0.03390968989756617
GUSBP3	-0.26487722783938705
GUSBP4	-0.3682236757259505
GUSBP5	-0.0878586540021944
GUSBP6	-0.0018476112550286394
GUSBP8	0.41347899360113993
GUSBP9	-0.24741769767582678
GVINP1	-0.5042453995186124
GVINP2	0.21705562737758763
GXYLT1	-0.17652448589995542
GXYLT1P1	0.22322041857694674
GXYLT1P2	-0.012112178907209805
GXYLT2	0.026889256865803273
GYG1	-0.09573678768740011
GYG1P1	0.07606464501355822
GYG1P2	-0.4462542635675397
GYG1P3	-0.018357845306572095
GYG2	0.2632586110009558
GYG2-AS1	-0.020783347415587964
GYG2P1	-0.03364512564130079
GYLTL1B	-0.2942090841765871
GYPA	0.11160532415580103
GYPB	
GYPC	-0.4157813736756809
GYPE	-0.2473444912122073
GYS1	-0.1282469062847142
GYS2	0.08621584475756135
GZF1	-0.18271580185827246
GZMA	0.34850391180199713
GZMAP1	-0.23358963140475208
GZMB	-0.23231328862697456
GZMH	-0.11248092186952793
GZMK	-0.47687895298723393
GZMM	-0.24453749419397222
H19	0.4277778913468394
H1F0	0.4542615308331995
H1FNT	-0.13100388207214234
H1FOO	0.06764389991656272
H1FX	0.0485503499741381
H1FX-AS1	-0.16841211897803712
H2AFB1	0.23820306396820046
H2AFB2	0.2105897689219193
H2AFB3	
H2AFJ	0.15003745914147973
H2AFV	-0.10944743351269101
H2AFX	-0.1556859642970275
H2AFY	-0.016540554774658635
H2AFY2	-0.08684977779277295
H2AFZ	-0.327800048224893
H2AFZP1	0.014082620279957495
H2AFZP3	-0.0383316454570482
H2AFZP4	0.07658636010614796
H2AFZP5	-0.31229927171203176
H2AFZP6	0.002953867101598757
H2BFM	-0.10021365525836028
H2BFS	-0.02683646438053759
H2BFWT	0.03821907582512134
H2BFXP	0.20678440723813785
H3F3A	-0.19221541770346284
H3F3AP1	0.30107625009154265
H3F3AP3	-0.0074056621440986995
H3F3AP4	0.27265442571202614
H3F3AP5	0.02986448278269775
H3F3AP6	0.1136533371320559
H3F3B	-0.06833228282331408
H3F3BP1	-0.38064502116449067
H3F3BP2	0.028870136345988725
H3F3C	-0.05552808002804702
H6PD	-0.1449984844023215
HAAO	0.1771339197260631
HABP2	-0.3106147448899967
HABP4	-0.410924882786471
HACE1	-0.15345406024101169
HACL1	0.11848743606604852
HADH	0.3221719351721651
HADHA	0.37148269877701606
HADHAP1	0.1411516916761665
HADHB	0.3149495142233893
HAGH	0.20473574701881395
HAGHL	-0.36362061263181844
HAL	-0.23058297716841517
HAMP	-0.36827554013628205
HAND1	0.09792163324740039
HAND2	0.033724726366009025
HAND2-AS1	0.012824856803664098
HAO1	0.18302284565044158
HAO2	-0.22780562289880238
HAO2-IT1	
HAP1	-0.042843770092535406
HAPLN1	0.14914820290368894
HAPLN2	-0.06146155427446078
HAPLN3	-0.3854654894065338
HAPLN4	0.11125760384342238
HAR1A	-0.10348829996131496
HAR1B	-0.05116364686154297
HARBI1	-0.022475018336329346
HARS	-0.131964827497547
HARS2	0.09734947047584654
HAS1	-0.06983496868887744
HAS2	0.04027490479381782
HAS2-AS1	0.08626339748581997
HAS3	0.04572105240416157
HAT1	-0.27446810269660926
HAUS1	-0.29039352823696024
HAUS1P1	0.1227657314469799
HAUS1P2	-0.1435502687617711
HAUS1P3	0.3605339898435149
HAUS2	-0.2706325807178419
HAUS3	-0.28228181386325235
HAUS4	0.030432967746075096
HAUS4P1	-0.2397486048346969
HAUS5	-0.39373357097341943
HAUS6	-0.23884888618548034
HAUS6P1	-0.1710999452743002
HAUS6P2	-0.29719824860812666
HAUS7	-0.22784352856618947
HAUS8	-0.3163475200309886
HAUS8P1	-0.14381448770015273
HAVCR1	0.05974043166755325
HAVCR1P1	0.24072293933854236
HAVCR2	-0.3234390446566871
HAX1	-0.11499130680035699
HBA1	0.05827011572054827
HBA2	0.003911354436305547
HBB	0.08586377000899387
HBBP1	0.14720597222250353
HBD	-0.1931864796769794
HBE1	0.23315810681474303
HBEGF	-0.008859538299034348
HBG1	0.1935697539052563
HBG2	-0.02620202018521082
HBM	-0.3105226219311109
HBP1	0.15387340079453585
HBQ1	0.022292500470875682
HBS1L	-0.22784528435900778
HBZ	0.005556781902871981
HBZP1	
HCAR1	-0.10512594641874481
HCAR2	0.008174313219577888
HCAR3	-0.09775628076828374
HCCAT3	0.046608360714794864
HCCAT5	-0.11452897166118414
HCCS	0.13707362985795193
HCFC1	-0.20954601029488107
HCFC1-AS1	-0.20975378828474997
HCFC1R1	-0.0034016547635234155
HCFC2	-0.05482916788418352
HCFC2P1	
HCG11	-0.2308998337746482
HCG14	0.12076578460270276
HCG15	0.09046580460003743
HCG16	0.08777268756501547
HCG17	0.12166355371935414
HCG18	-0.29089765413625657
HCG19P	-0.1514107522648601
HCG20	-0.18427800463602018
HCG21	-0.22996257651996094
HCG22	0.15416806278054312
HCG23	-0.4560035266889691
HCG24	-0.2919908474249747
HCG25	-0.371100005501746
HCG27	-0.21534106543097822
HCG4	-0.320823466646837
HCG4B	-0.23933850506498322
HCG4P11	-0.24788248404088495
HCG4P3	-0.1710817607735633
HCG4P5	0.2017308609560167
HCG4P7	-0.08939413768947857
HCG4P8	-0.17885332073848276
HCG9	0.08734324322277297
HCG9P5	
HCK	-0.2509984266453778
HCLS1	-0.44627091355645987
HCN1	0.17158418151356383
HCN2	-0.35969061320140616
HCN3	0.096471327998808
HCN4	-0.02061327965058307
HCP5	-0.13598792353996347
HCRT	0.08090103688313312
HCRTR1	0.12138708537762635
HCRTR2	-0.1528535595746324
HCST	-0.2723627604522864
HDAC1	-0.13870629331711068
HDAC10	-0.2113659561563901
HDAC11	0.08165623251884258
HDAC11-AS1	-0.06593199346552536
HDAC1P1	0.22360574084671378
HDAC1P2	-0.11153987299475657
HDAC2	0.060293713831623234
HDAC3	-0.28238562547333423
HDAC4	0.035680728364996646
HDAC5	0.05201685242153576
HDAC6	-0.06904983322021113
HDAC7	-0.47644690702215564
HDAC8	-0.13990888170191237
HDAC9	-0.4228694399994619
HDC	-0.14281591039556674
HDDC2	-0.2277864572361212
HDDC3	0.08252261459520059
HDGF	0.10693386916983176
HDGFL1	0.10128684317605562
HDGFP1	-0.2593399964397947
HDGFRP2	-0.05253761988520929
HDGFRP3	-0.1503980793512017
HDHD1	0.09378439097917396
HDHD1P1	-0.012440669707225712
HDHD1P2	-0.19489570648999846
HDHD1P3	0.2105897689219193
HDHD2	-0.17689327877457045
HDHD3	0.3335030280779115
HDLBP	0.15907101266137347
HDX	-0.09930729093947523
HEATR1	-0.28318696819052547
HEATR2	0.11844596249338599
HEATR3	-0.08671537437390596
HEATR4	-0.15061271793050646
HEATR5A	0.06695417962676839
HEATR5B	-0.15858639554112747
HEATR6	-0.1761563739133949
HEBP1	0.12118100884363377
HEBP2	0.15616162491605148
HECA	-0.12429820451460608
HECTD1	-0.0026798975380202244
HECTD2	-0.07509618893303444
HECTD3	0.3396345733317341
HECTD4	-0.10564680286319095
HECW1	0.14531674806388456
HECW1-IT1	0.34082699130330096
HECW2	-0.45214140884693926
HEG1	-0.3320488730026019
HELB	-0.37199976930961964
HELLS	-0.3540935124563555
HELQ	-0.3785131203070198
HELT	-0.08498005358104167
HELZ	-0.36896569872849705
HELZ2	0.06841281515059978
HEMGN	-0.36969170062142304
HEMK1	-0.24379940794088806
HENMT1	-0.219041912111464
HEPACAM	-0.4267306085535952
HEPACAM2	0.3728079609895144
HEPH	0.0474151929341619
HEPHL1	-0.021466942063966755
HEPN1	0.00355712662185865
HERC1	-0.31757062388134777
HERC2	0.10025736855126308
HERC2P10	0.23599964926800543
HERC2P2	-0.04448688434182556
HERC2P3	-0.17901550636434477
HERC2P4	0.13390812192648222
HERC2P5	0.11382654617210976
HERC2P7	-0.027314983314182754
HERC2P8	0.04828219128232521
HERC2P9	-0.18720366158689042
HERC3	0.134675252736327
HERC4	-0.14626726125846676
HERC5	-0.16341184148645146
HERC6	-0.042044892363296435
HERPUD1	0.17778949221492152
HERPUD2	-0.07829728961965128
HES1	0.19157209974104364
HES2	0.08826175370395856
HES3	-0.20226665852100262
HES4	0.13907892574865802
HES5	0.35841448665140896
HES6	0.3467468354014448
HES7	-0.22631542028305238
HESX1	0.03427755301929575
HEXA	-0.1187382648367564
HEXA-AS1	0.20805300138700955
HEXB	0.2606796706755992
HEXDC	-0.04036409687692339
HEXIM1	0.2935699278711639
HEXIM2	-0.1151698801857161
HEY1	-0.07678849619015966
HEY2	-0.09219424937601542
HEYL	-0.060350274010242205
HFE	0.019239046057687455
HFE2	0.29698233508392413
HFM1	-0.31304234802496583
HGD	0.16499588707906418
HGF	-0.14284369861032878
HGFAC	-0.17662506304437922
HGS	0.060600300531524105
HGSNAT	0.21534286152853022
HHAT	0.03950899348410983
HHATL	-0.19304176918090948
HHATL-AS1	-0.1994405709039652
HHEX	-0.47931009903178196
HHIP	0.20687913784218975
HHIP-AS1	0.10621386240785355
HHIPL1	-0.32712727180495765
HHIPL2	0.0028118160164380675
HHLA1	0.01774637169047563
HHLA2	0.19821292135054452
HHLA3	-0.14967213343454203
HIAT1	-0.26225147274555144
HIATL1	-0.040257798780053644
HIATL2	-0.28885171100189344
HIBADH	0.17615621548138513
HIBCH	0.043978237528874004
HIC1	-0.009296359052494776
HIC2	0.11990765482474995
HID1	0.3262070292564415
HIF1A	-0.27244117582243343
HIF1A-AS1	-0.15813551578531593
HIF1A-AS2	-0.3659669912011795
HIF1AN	-0.418222646489846
HIF1AP1	-0.1162622097620077
HIF3A	0.08794382301262961
HIGD1A	0.0890784361618023
HIGD1AP1	0.04138373127627552
HIGD1AP10	-0.06617961777465126
HIGD1AP11	0.1218640898164762
HIGD1AP12	-0.028007342145136713
HIGD1AP13	-0.055336791637305975
HIGD1AP14	0.08664015832553058
HIGD1AP15	0.1017051640634633
HIGD1AP16	-0.23021600837948772
HIGD1AP17	-0.04947105959806506
HIGD1AP18	-0.20478006869845627
HIGD1AP2	0.14476940736584534
HIGD1AP3	0.26212126148545517
HIGD1AP4	-0.16290512631433698
HIGD1AP5	-0.24799007655264946
HIGD1AP6	0.00355712662185865
HIGD1AP8	0.34144306116987483
HIGD1AP9	0.08913234759681578
HIGD1B	-0.1604346193718725
HIGD1C	-0.24866557508867596
HIGD2A	0.05993477206022337
HIGD2B	0.08194975472453368
HILPDA	0.06464266488251905
HILS1	-0.24032368685277425
HIN1L	0.07995547376545824
HINFP	0.05397692216026832
HINT1	-0.08578151323478668
HINT1P1	0.01008854085039375
HINT2	-0.0368847748903297
HINT3	0.13630915431345159
HIP1	-0.20329070926719847
HIP1R	-0.095818686715216
HIPK1	-0.022090258206728497
HIPK2	-0.013771702518703058
HIPK3	-0.2278099897825243
HIPK4	-0.033209400427617206
HIRA	0.27688706003401065
HIRAP1	-0.020375811633123256
HIRIP3	-0.17414567696088243
HIST1H1A	-0.2762979906897932
HIST1H1B	-0.10057685134083567
HIST1H1C	0.20058347568907323
HIST1H1D	0.015471653443065144
HIST1H1E	0.058189139941192146
HIST1H1PS1	-0.17687184025080915
HIST1H1PS2	
HIST1H1T	-0.17843930841786115
HIST1H2AA	0.23484426586438806
HIST1H2AB	-0.045806577009346636
HIST1H2AC	0.2559692770780311
HIST1H2AD	
HIST1H2AE	0.2528203870164709
HIST1H2AG	0.005308704329121853
HIST1H2AH	-0.07780557558534948
HIST1H2AI	0.02011754052175274
HIST1H2AJ	-0.27600919333155816
HIST1H2AK	-0.13827870300555725
HIST1H2AL	-0.18521230506883085
HIST1H2AM	-0.24431056756289704
HIST1H2APS1	-0.055336791637305975
HIST1H2APS2	
HIST1H2APS3	0.012128952728237191
HIST1H2APS4	0.13941268028879267
HIST1H2APS6	
HIST1H2BA	
HIST1H2BB	0.12481953510543589
HIST1H2BC	-0.00587990907515223
HIST1H2BD	0.15140082394470883
HIST1H2BE	0.17407413693493837
HIST1H2BF	0.12811679410384727
HIST1H2BG	0.11929814963552024
HIST1H2BH	-0.2232576464447721
HIST1H2BI	-0.17117003268002745
HIST1H2BJ	0.12234431299697159
HIST1H2BK	0.17953699106727436
HIST1H2BL	-0.01581092521925085
HIST1H2BM	-0.28956244087706295
HIST1H2BN	-0.14364763074957904
HIST1H2BO	0.026811987111939932
HIST1H2BPS1	-0.45964253391770027
HIST1H2BPS2	-0.33350647907557346
HIST1H2BPS3	-0.16961706784119576
HIST1H3A	-0.23947776161561402
HIST1H3B	0.14330401951956973
HIST1H3C	0.12174344823399856
HIST1H3D	-0.06456607328050377
HIST1H3E	0.0639049550140513
HIST1H3F	-0.03408950101384621
HIST1H3G	0.11936436014647805
HIST1H3H	0.08320455131066978
HIST1H3I	-0.12590097384913693
HIST1H3J	-0.2608264448329684
HIST1H3PS1	0.05610450192442262
HIST1H4A	-0.03684972697524677
HIST1H4B	0.10783390872032791
HIST1H4C	0.1953510140384521
HIST1H4D	0.061808649350926344
HIST1H4E	0.028489430340598223
HIST1H4F	0.026777312211518352
HIST1H4G	0.16859673277249176
HIST1H4H	0.06595763853074409
HIST1H4I	0.013610091839872244
HIST1H4J	0.13219417339737202
HIST1H4K	0.15446560872055864
HIST1H4L	0.1466768778294404
HIST1H4PS1	-0.10985644501370359
HIST2H2AA3	0.33756910630931075
HIST2H2AA4	0.19762448097797886
HIST2H2AB	-0.11509930639627171
HIST2H2AC	-0.1552803440890026
HIST2H2BA	-0.23780019154021684
HIST2H2BB	-0.05298642175966705
HIST2H2BC	-0.2785726052733546
HIST2H2BD	-0.04409515941238022
HIST2H2BE	0.1930661871494217
HIST2H2BF	-0.04554470048481373
HIST2H3A	-0.2503364572501777
HIST2H3C	0.09342210961573852
HIST2H3D	-0.0801521840342593
HIST2H3DP1	0.09310959111239007
HIST2H3PS2	
HIST2H4A	0.07061561894087513
HIST2H4B	0.05331015189907914
HIST3H2A	0.11982240279400486
HIST3H2BA	-0.04873594616095439
HIST3H2BB	-0.1822341277816907
HIST3H3	0.3210151191317055
HIST4H4	-0.09813233366255268
HIVEP1	-0.19462396518998928
HIVEP2	-0.5190792483723327
HIVEP3	-0.38597795646800676
HJURP	-0.3136937657657575
HK1	-0.15824804969444514
HK2	-0.021359987072371574
HK2P1	0.03746496282684908
HK3	-0.163952887025944
HKDC1	0.3266762125230519
HKR1	-0.2086787676167325
HLA-A	0.11198315407019127
HLA-B	0.053434948489142736
HLA-C	0.0943840447616044
HLA-DMA	-0.2800331514227096
HLA-DMB	-0.21399658306704258
HLA-DOA	-0.4474442802471321
HLA-DOB	-0.4571466806475377
HLA-DPA1	-0.3561715963212474
HLA-DPA2	-0.11214345920823925
HLA-DPA3	-0.2714262955246507
HLA-DPB1	-0.37118497026022457
HLA-DPB2	-0.33011097581217913
HLA-DQA1	-0.4299532587583208
HLA-DQA2	-0.2685557616014978
HLA-DQB1	-0.03232071185415605
HLA-DQB1-AS1	-0.23961515935953168
HLA-DQB2	-0.35657896243514725
HLA-DQB3	-0.006925150231934817
HLA-DRA	-0.2119442536888209
HLA-DRB1	-0.28546837719061036
HLA-DRB5	0.23256987706663407
HLA-DRB6	-0.3721676665224895
HLA-DRB9	-0.20656743273928668
HLA-E	-0.27951930899068556
HLA-F	0.03121630482742361
HLA-F-AS1	-0.3805953806839218
HLA-G	-0.24504628997129588
HLA-H	0.048323376060095485
HLA-J	0.11860638961481312
HLA-K	-0.23806702199574634
HLA-L	-0.08309603605020081
HLA-N	-0.024835392366598392
HLA-P	0.018406986564073923
HLA-S	0.14973729567701247
HLA-T	-0.1423482087562546
HLA-U	-0.2504439634315186
HLA-V	-0.33553767221672026
HLA-W	0.10018112932467223
HLA-Z	-0.5034768095762048
HLCS	0.2095530026923406
HLCS-IT1	0.05806856548562322
HLF	0.1874790391279567
HLFP1	-0.19805548038104095
HLTF	-0.2944520280886099
HLTF-AS1	
HLX	-0.2597763414487486
HM13	-0.08421411134600941
HM13-AS1	-0.00799183264398371
HM13-IT1	-0.12392839702495144
HMBOX1	-0.30009473000363657
HMBOX1-IT1	0.0027176592316879374
HMBS	-0.13498210227528123
HMCES	-0.3077554374279347
HMCN1	-0.319024806147786
HMCN2	0.19482714483373767
HMG20A	-0.25607556201541537
HMG20B	0.1756430352819739
HMGA1	-0.27531286209565226
HMGA1P1	-0.2803910048628189
HMGA1P2	0.12343874852653378
HMGA1P3	-0.24328357402641534
HMGA1P4	-0.16000543144723126
HMGA1P5	0.060712455021437885
HMGA1P6	-0.004113500671031955
HMGA1P7	-0.1089222052755103
HMGA1P8	0.0297523299667991
HMGA2	0.20116267176382283
HMGB1	-0.37761591859941235
HMGB1P1	0.19971931630907705
HMGB1P10	-0.23230523882753956
HMGB1P11	-0.15438688109595902
HMGB1P12	0.037788718936057834
HMGB1P13	0.1857918396140706
HMGB1P14	-0.004334063862670331
HMGB1P15	-0.06286534536904662
HMGB1P16	0.3630835973914489
HMGB1P17	-0.433872285519098
HMGB1P18	0.24586488395862097
HMGB1P19	-0.17803247548426115
HMGB1P20	0.015164781150817213
HMGB1P21	-0.12133589597589974
HMGB1P22	0.0917197210455248
HMGB1P23	
HMGB1P24	-0.16092400347580949
HMGB1P25	0.20034551233847858
HMGB1P26	-0.06762107179327972
HMGB1P27	0.05891994711352125
HMGB1P28	-0.15576003612355255
HMGB1P29	-0.14215877527206647
HMGB1P3	-0.3972438829880595
HMGB1P30	-0.1531898711132572
HMGB1P31	-0.23015463257455596
HMGB1P32	-3.5620617500073814e-05
HMGB1P35	
HMGB1P36	-0.1994405709039652
HMGB1P37	0.1328228918798892
HMGB1P38	0.13827215506336485
HMGB1P39	-0.04809017058113322
HMGB1P4	-0.043482631866603026
HMGB1P41	-0.1882184404808537
HMGB1P42	-0.021572190973201146
HMGB1P44	-0.11278405440602277
HMGB1P45	-0.11548507378377448
HMGB1P46	-0.06651753567267236
HMGB1P47	0.018785281184066596
HMGB1P48	0.02322841072724672
HMGB1P5	-0.2762640909968919
HMGB1P7	0.17495689739074138
HMGB1P8	0.0406803833297668
HMGB1P9	-0.3367728846348231
HMGB2	-0.34301459280040864
HMGB2P1	-0.22403331181139513
HMGB3	0.18168100660107941
HMGB3P1	-0.17478321267497388
HMGB3P10	-0.13411915350844728
HMGB3P11	-0.060471538012419127
HMGB3P12	-0.12096215896965372
HMGB3P13	-0.24254149121594412
HMGB3P14	
HMGB3P15	0.12105140214271995
HMGB3P16	-0.1514107522648601
HMGB3P17	0.039774535118033735
HMGB3P18	-0.021310051710006495
HMGB3P19	0.10381156834427889
HMGB3P2	-0.055336791637305975
HMGB3P20	0.02974725016172908
HMGB3P21	-0.19765185109390232
HMGB3P22	-0.20215755821187376
HMGB3P23	0.2105897689219193
HMGB3P24	0.08333360329538497
HMGB3P26	0.14322667837234765
HMGB3P27	0.016874364943063047
HMGB3P3	0.04486785106653648
HMGB3P30	0.10360049073590752
HMGB3P31	0.17760245691870793
HMGB3P32	-0.2982738581487295
HMGB3P4	-0.1798713640107949
HMGB3P5	0.024519729868838207
HMGB3P6	0.025431913883599555
HMGB3P7	-0.3192442393942737
HMGB3P8	0.01634321225800489
HMGB3P9	-0.1685725942309701
HMGB4	-0.08816302839833594
HMGCL	0.27814244306066205
HMGCLL1	0.09695133933473155
HMGCR	0.13848063567736735
HMGCS1	0.16406866122132419
HMGCS2	0.09672041565531106
HMGN1	-0.35803237396095877
HMGN1P10	0.2828395602640671
HMGN1P11	-0.21391794371729841
HMGN1P12	0.11125760384342238
HMGN1P13	-0.15235990629579033
HMGN1P14	-0.33510897933639355
HMGN1P15	-0.07687453581704017
HMGN1P16	
HMGN1P17	-0.3100987286415124
HMGN1P18	
HMGN1P19	-0.020783347415587964
HMGN1P2	0.38088064212036493
HMGN1P20	-0.0003517066320351755
HMGN1P24	-0.15962046943857028
HMGN1P26	-0.09411415827314444
HMGN1P28	0.05349110937594686
HMGN1P3	
HMGN1P30	0.2455984507545515
HMGN1P32	-0.3105226219311109
HMGN1P33	
HMGN1P34	0.11611840885715823
HMGN1P35	0.204013656424207
HMGN1P36	-0.21715831281047565
HMGN1P37	-0.054015170895270054
HMGN1P38	-0.2806873054035481
HMGN1P4	-0.12771435162932698
HMGN1P5	-0.20776594224448988
HMGN1P6	
HMGN1P7	-0.135479640173488
HMGN1P8	0.0050520019931604475
HMGN1P9	-0.008010905136852467
HMGN2	-0.32153048428639036
HMGN2P10	0.07282717510949654
HMGN2P11	-0.23608975823758646
HMGN2P13	-0.004914183721247253
HMGN2P15	-0.1964625067026608
HMGN2P16	-0.042617842559978816
HMGN2P17	-0.20177416622588792
HMGN2P18	-0.08963435553184555
HMGN2P19	-0.09566106319224736
HMGN2P20	-0.1871069189015894
HMGN2P21	0.082701142893767
HMGN2P22	0.14835404962883425
HMGN2P23	0.0363730903519898
HMGN2P24	0.04683041243869525
HMGN2P25	-0.09298466256588214
HMGN2P26	-0.19290144609542448
HMGN2P27	0.04445527774307748
HMGN2P28	-0.04724195676176198
HMGN2P3	-0.24375901077072284
HMGN2P30	0.10221256328836205
HMGN2P31	-0.025160558593183672
HMGN2P32	0.2035733996605968
HMGN2P34	0.2828395602640671
HMGN2P35	-0.36059635816170377
HMGN2P36	0.059973545811534815
HMGN2P38	0.1794792692281848
HMGN2P39	0.12747288555555292
HMGN2P4	-0.13298487298507336
HMGN2P40	0.08899789953663916
HMGN2P41	0.044265135358629706
HMGN2P46	0.09207304267029635
HMGN2P47	-0.06446414205752896
HMGN2P5	-0.2334293431650027
HMGN2P6	-0.18674797830925233
HMGN2P7	-0.023787395289056084
HMGN2P8	0.04003585431617039
HMGN2P9	-0.09980674595905761
HMGN3	-0.3382302150629132
HMGN3-AS1	0.1595251583681812
HMGN3P1	0.11675473103804153
HMGN4	-0.15231938151909682
HMGN5	0.14575773368056325
HMGXB3	-0.23660001309642337
HMGXB4	-0.27842586487975407
HMHA1	-0.27626786897502636
HMHB1	-0.22043120625081186
HMMR	-0.3040755942949348
HMOX1	0.11596731450034783
HMOX2	-0.002315994870121694
HMSD	-0.40624343617087627
HMX1	-0.1479267894001222
HMX2	0.16759854245023395
HMX3	0.29757257923587493
HN1	0.18363659149992914
HN1L	0.07092203446944584
HNF1A	0.25305388244546145
HNF1A-AS1	0.03208431859987733
HNF1B	0.3533050638916183
HNF4A	0.32910149780386955
HNF4G	0.14041899015681983
HNF4GP1	0.14755141369932487
HNMT	0.1559846576321815
HNRNPA0	-0.19061743107274787
HNRNPA1	-0.3490974369513743
HNRNPA1L2	-0.314104968213203
HNRNPA1P1	-0.08463688575867245
HNRNPA1P10	-0.15995337977026472
HNRNPA1P11	-0.13265631600909683
HNRNPA1P12	-0.20263744526850747
HNRNPA1P13	0.18020044897947884
HNRNPA1P14	0.011639288892195296
HNRNPA1P15	-0.1160118368540263
HNRNPA1P16	-0.17979344955282428
HNRNPA1P17	0.21692680915481594
HNRNPA1P18	-0.06481858532352154
HNRNPA1P19	-0.33873103976127755
HNRNPA1P2	0.028622262595601293
HNRNPA1P20	-0.1815685279302758
HNRNPA1P21	-0.44276877379354485
HNRNPA1P22	-0.03571843922212657
HNRNPA1P23	-0.118265734920935
HNRNPA1P24	0.31129780680923896
HNRNPA1P25	-0.021235300066015407
HNRNPA1P26	0.017654759802359407
HNRNPA1P27	-0.09001572498117957
HNRNPA1P28	-0.0998192019694851
HNRNPA1P29	-0.012429557898998125
HNRNPA1P3	0.1752285409266581
HNRNPA1P30	-0.0018126386023748547
HNRNPA1P31	-0.03996518288879733
HNRNPA1P32	-0.20061583294004534
HNRNPA1P33	-0.1525430382340518
HNRNPA1P34	0.11919681181488544
HNRNPA1P35	-0.11714289053909861
HNRNPA1P36	-0.07194972057129097
HNRNPA1P37	-0.18706593802987664
HNRNPA1P38	0.06349180988839709
HNRNPA1P39	0.012548894648738262
HNRNPA1P4	0.02911341429936185
HNRNPA1P40	0.04684873762185601
HNRNPA1P41	0.010385878676413109
HNRNPA1P42	-0.09796932574071648
HNRNPA1P43	0.006527955227926223
HNRNPA1P44	0.055138371471934323
HNRNPA1P45	0.13134939194360007
HNRNPA1P46	0.004683233009281409
HNRNPA1P47	-0.2104076563323583
HNRNPA1P48	-0.2648422199657499
HNRNPA1P49	0.12791740367343735
HNRNPA1P5	-0.20908402848002325
HNRNPA1P50	-0.014491778491860518
HNRNPA1P51	-0.11720368212546178
HNRNPA1P52	0.02251040537809569
HNRNPA1P53	-0.010930170810955367
HNRNPA1P54	-0.1897483171013347
HNRNPA1P55	0.024372864136818388
HNRNPA1P56	-0.3291191508015192
HNRNPA1P57	0.09153320487711342
HNRNPA1P58	0.15958222770769626
HNRNPA1P59	-0.20121741693666734
HNRNPA1P6	-0.2007985306977711
HNRNPA1P60	-0.06976058470671871
HNRNPA1P61	-0.13629051720872984
HNRNPA1P62	0.07467838699656505
HNRNPA1P63	0.09279357155055518
HNRNPA1P64	-0.01781344379128447
HNRNPA1P65	-0.05960990262059727
HNRNPA1P66	-0.11805907778248637
HNRNPA1P67	-0.146905065645409
HNRNPA1P68	-0.09475091557351242
HNRNPA1P69	-0.2890795813408802
HNRNPA1P7	-0.2782633786002125
HNRNPA1P70	-0.18877706701356417
HNRNPA1P71	-0.16074504044872245
HNRNPA1P72	-0.13449002958914855
HNRNPA1P73	0.07548997524470959
HNRNPA1P74	-0.10419000131936218
HNRNPA1P76	-0.06361503556977353
HNRNPA1P8	-0.06160478739899992
HNRNPA1P9	0.0710162796547816
HNRNPA2B1	-0.31168485621100467
HNRNPA3	-0.3516985682162957
HNRNPA3P1	0.04802580176956435
HNRNPA3P10	-0.30264131874019057
HNRNPA3P11	-0.005564843722753241
HNRNPA3P12	-0.03414253592619508
HNRNPA3P13	-0.02526174515071572
HNRNPA3P14	-0.1734189797944296
HNRNPA3P15	0.1324997636406933
HNRNPA3P16	-0.07346931255169263
HNRNPA3P2	-0.20161841061658228
HNRNPA3P3	-0.27359148279681694
HNRNPA3P4	0.048026883995899695
HNRNPA3P5	-0.10559021785998583
HNRNPA3P6	-0.22733459619499535
HNRNPA3P7	0.0702909465434344
HNRNPA3P8	0.06022948337163959
HNRNPA3P9	0.06529193202939394
HNRNPAB	0.0569288456886946
HNRNPABP1	-0.07498246569720908
HNRNPC	-0.37087047290663006
HNRNPCL1	-0.028497246116919454
HNRNPCP1	-0.3386954655697285
HNRNPCP10	-0.17266646743840447
HNRNPCP2	-0.2098146032026571
HNRNPCP3	-0.16650427533755868
HNRNPCP4	-0.4379769834212813
HNRNPCP5	-0.16612988788246116
HNRNPCP6	0.0782816211574582
HNRNPCP7	-0.3928476000386481
HNRNPCP8	0.24494812400044463
HNRNPCP9	0.05788426449070773
HNRNPD	-0.3321244412698344
HNRNPDL	-0.26984474788592516
HNRNPDLP1	
HNRNPDLP2	-0.07415783941038803
HNRNPDLP3	
HNRNPDLP4	-0.03158264562245863
HNRNPDP1	-0.005287757408837685
HNRNPDP2	-0.04947105959806506
HNRNPF	-0.1707532470020286
HNRNPFP1	0.2248205965072264
HNRNPH1	-0.33585191888711563
HNRNPH1P1	-0.028721329510107953
HNRNPH1P2	-0.08764478718782193
HNRNPH1P3	0.11046776008769667
HNRNPH2	0.06911586557227378
HNRNPH3	-0.10434390510647706
HNRNPH3P1	-0.14037549971505753
HNRNPK	-0.23904643553845267
HNRNPKP1	-0.06890115773314674
HNRNPKP2	-0.04686388304588912
HNRNPKP3	0.13421912844765
HNRNPKP4	0.08721157498575552
HNRNPKP5	-0.15032101070851528
HNRNPL	-0.406092080687337
HNRNPLL	0.19938112617531037
HNRNPLP1	-0.029960649118438067
HNRNPLP2	-0.314230603240354
HNRNPM	-0.1744118475840432
HNRNPMP1	-0.008639622035873925
HNRNPMP2	-0.20118448482719173
HNRNPR	-0.2846308270556476
HNRNPRP1	0.023116770033068366
HNRNPRP2	0.2105897689219193
HNRNPU	-0.14248111812475545
HNRNPU-AS1	-0.2346203069450853
HNRNPUL1	-0.23642604712531984
HNRNPUL2	0.0235962905375253
HNRNPUL2-BSCL2	0.10457024800785007
HNRNPUP1	-0.01839704623477146
HOGA1	-0.07613923323455542
HOMER1	-0.10408196408552223
HOMER2	-0.28353696626194846
HOMER2P1	0.07100049526763019
HOMER2P2	-0.2378507497799363
HOMER3	0.024050767253193443
HOMEZ	0.0384011581945098
HOOK1	0.31931142897291853
HOOK2	0.26841422222180555
HOOK3	-0.3915279877818051
HOPX	-0.2841264608660762
HORMAD1	-0.27985883015761576
HORMAD2	-0.212940473392717
HOTAIR	-0.3376449018195898
HOTAIRM1	-0.1591826789878778
HOTTIP	-0.04345219433661724
HOXA-AS2	-0.058595548752605746
HOXA-AS3	0.04444860451875537
HOXA-AS4	-0.002222239887833528
HOXA1	-0.09642851724403718
HOXA10	0.2699173119513672
HOXA11	0.11372490379121471
HOXA11-AS	0.062365534086667916
HOXA13	0.08382824041205414
HOXA2	-0.030604914516203466
HOXA3	-0.023074498936940507
HOXA4	-0.017571786779996195
HOXA5	0.05272597432881991
HOXA6	0.05552178131915394
HOXA7	0.09085907041214956
HOXA9	0.018042581362724065
HOXB-AS1	-0.23230905933754797
HOXB-AS2	-0.10592996849852719
HOXB-AS3	-0.029050610425877036
HOXB-AS4	0.0035234824733846935
HOXB1	-0.11293183922624361
HOXB13	-0.010162451369544655
HOXB2	-0.17553364959946424
HOXB3	0.09464798589570667
HOXB4	-0.2392472486122511
HOXB5	0.06710728090671679
HOXB6	0.061830684995828465
HOXB7	0.3230573727876883
HOXB8	0.11169352787344805
HOXB9	0.1569508158571672
HOXC-AS1	-0.09881991133127016
HOXC-AS2	-0.05325085750388865
HOXC-AS3	-0.06871900917798274
HOXC-AS5	-0.07958955576381642
HOXC10	-0.3811486641815261
HOXC11	-0.06210562472532054
HOXC12	0.12607800443991102
HOXC13	0.056697063616006696
HOXC4	-0.4557770078130401
HOXC5	-0.14394653893701925
HOXC6	-0.2418644160794709
HOXC8	-0.228883684322156
HOXC9	-0.2120814519271442
HOXD-AS1	0.3475221587067234
HOXD-AS2	0.061612989602398936
HOXD1	0.36363161360282764
HOXD10	0.032944995658042556
HOXD11	-0.0018853284153302137
HOXD12	0.08519229774627074
HOXD13	0.07162480970084839
HOXD3	0.053270924458078996
HOXD4	0.1663774534090341
HOXD8	0.034282313682534336
HOXD9	-0.015248777538835212
HP	-0.017301161838629994
HP1BP3	-0.13875129070553857
HPCA	0.1593043991336469
HPCAL1	0.27911703172266455
HPCAL4	-0.4736373107531616
HPD	-0.012186616032952303
HPDL	0.10922499349182813
HPGD	0.07839209358474868
HPGDS	0.20845446324423003
HPN	-0.31832691088828996
HPN-AS1	-0.17644521219652667
HPR	0.03413889419846289
HPRT1	-0.1764950090654674
HPRTP3	0.008092642070755302
HPRTP4	
HPS1	0.045216855989318266
HPS3	-0.364509421780362
HPS4	-0.34860096449737715
HPS5	-0.19566041203738654
HPS6	-0.03875862252778182
HPSE	-0.025556771400358606
HPSE2	0.002256958524582456
HPX	-0.018279434143452688
HPYR1	-0.22356442744073965
HR	0.23279058065569364
HRAS	0.12053423414333828
HRASLS	0.233656770039164
HRASLS2	1.5091080770580903e-05
HRASLS5	-0.2848927878883293
HRC	-0.12446170765236447
HRCT1	-0.16257538482080977
HRG	0.2784589590914972
HRH1	0.08624579435415211
HRH2	-0.11218929971855791
HRH3	-0.1497910303931868
HRH4	-0.3308901570637418
HRK	-0.2743176006066913
HRNR	-0.11110610243603981
HRSP12	0.22706317057838402
HS1BP3	0.059700737258036395
HS1BP3-IT1	-0.015315953464271243
HS2ST1	-0.1614294937661896
HS3ST1	-0.32143579996258986
HS3ST2	-0.061373782283802115
HS3ST3A1	-0.3802822413549766
HS3ST3B1	-0.3269385309998548
HS3ST4	-0.17838879930914142
HS3ST5	0.07980012936017439
HS3ST6	-0.063701091426662
HS6ST1	-0.15882485093083923
HS6ST1P1	-0.04583804596505819
HS6ST2	0.09685479778400524
HS6ST2-AS1	-0.3485970654949331
HS6ST3	-0.14603652768041525
HSBP1	-0.10589384887896301
HSBP1L1	0.2023189053803293
HSBP1P1	-0.05333491204613006
HSBP1P2	0.035275496802015485
HSCB	-0.4293300039552919
HSD11B1	-0.40045880586728166
HSD11B1L	0.10281860409996561
HSD11B2	0.1768942349288076
HSD17B1	-0.12999896772179664
HSD17B10	-0.25211207215440495
HSD17B11	0.24466420010284168
HSD17B12	0.31824203982784044
HSD17B13	0.13988536461338855
HSD17B14	-0.08472505444808022
HSD17B1P1	-0.1859111139659883
HSD17B2	0.27412085236896194
HSD17B3	-0.13701102206770197
HSD17B4	0.2260437915132482
HSD17B6	0.05194413295593842
HSD17B7	-0.08288524521424284
HSD17B7P1	-0.008101322989689626
HSD17B7P2	-0.09902558327710735
HSD17B8	0.091208547069479
HSD3B1	0.06521607465964425
HSD3B2	-0.18497764959059665
HSD3B7	-0.04173282079623046
HSD3BP1	-0.0367132418474119
HSD3BP2	-0.17617008699009265
HSD3BP3	-0.28609392262019534
HSD3BP4	-0.2762816299586397
HSD3BP5	-0.15090904963687723
HSDL1	-0.16321398732848355
HSDL2	0.26877601793624184
HSF1	-0.04581270812967928
HSF2	-0.33191809057872856
HSF2BP	-0.05496125718876583
HSF4	-0.03692002824012063
HSF5	-0.38057201963204984
HSFX1	-0.06558192718977435
HSFX2	-0.01532618243338678
HSFY1	
HSFY1P1	-0.1994405709039652
HSFY2	0.05561469146492152
HSFY3P	
HSFY4P	-0.16661559291151215
HSFY5P	
HSFY6P	
HSFY7P	
HSFY8P	
HSH2D	-0.44854760831613
HSP90AA1	-0.14770111029086336
HSP90AA4P	0.06826345072315029
HSP90AA5P	0.059016719230340124
HSP90AA6P	0.12567666167437982
HSP90AB1	-0.3556159762645291
HSP90AB2P	-0.25797566607159633
HSP90AB3P	-0.13587435143550444
HSP90AB6P	-0.021297318654386548
HSP90AB7P	0.026303650567632387
HSP90B1	0.032582936185471575
HSP90B2P	0.30781236768299053
HSP90B3P	0.12299121839457
HSPA12A	0.022945823150190427
HSPA12B	-0.11053874265787003
HSPA13	-0.2474967261740382
HSPA14	-0.051358292426213516
HSPA1A	0.14638784523711235
HSPA1B	0.2828966424782379
HSPA1L	-0.271013942474644
HSPA2	0.05474279590117683
HSPA4	-0.07502086187639041
HSPA4L	-0.1345384607970507
HSPA5	0.10894693821043108
HSPA6	-0.07796089284722255
HSPA7	-0.2983455080660537
HSPA8	-0.13066158871861794
HSPA8P1	0.07626891458931817
HSPA8P11	0.21226728046177792
HSPA8P13	
HSPA8P14	-0.024607248422852473
HSPA8P15	-0.06234165832367772
HSPA8P16	0.01620557203609003
HSPA8P17	
HSPA8P18	-0.0753704466352987
HSPA8P19	-0.11032061050302117
HSPA8P20	-0.05569198592571617
HSPA8P3	-0.026119096533089622
HSPA8P4	0.15289347269956405
HSPA8P5	0.08256737953429044
HSPA8P6	-0.07858233882135074
HSPA8P7	-0.05263294126275776
HSPA8P8	0.006135769897542168
HSPA8P9	0.017131425506151616
HSPA9	0.10355850863412225
HSPA9P1	0.1302875039419409
HSPB1	-0.19305260261319557
HSPB11	-0.27672968532371073
HSPB1P1	-0.07869610431659228
HSPB1P2	-0.19314243046053495
HSPB2	0.05537769059937225
HSPB2-C11orf52	
HSPB3	0.025129952247970523
HSPB6	0.042712114053426356
HSPB7	-0.10794952482049323
HSPB8	-0.45380521565514753
HSPB9	0.32530096612921344
HSPBAP1	-0.3385599953508867
HSPBP1	-0.09844303665355539
HSPD1	-0.024360054885263004
HSPD1P1	0.061763388768640494
HSPD1P10	-0.17222054260593248
HSPD1P11	-0.07060089981831559
HSPD1P14	-0.068858062712817
HSPD1P15	-0.020783347415587964
HSPD1P16	-0.06890050329968012
HSPD1P18	0.15764699198395474
HSPD1P2	0.008130956328619997
HSPD1P21	0.2828395602640671
HSPD1P3	0.09422246264079844
HSPD1P5	0.14817281328561513
HSPD1P6	-0.030248113150484104
HSPD1P7	0.14095010684795065
HSPD1P8	-0.21493659152454292
HSPD1P9	-0.08282769886831895
HSPE1	-0.011516583356010546
HSPE1-MOB4	
HSPEP1	-0.21356677253375955
HSPG2	0.06975489916451752
HSPH1	-0.2056502969451233
HTATIP2	0.37856667698553015
HTATSF1	-0.04048153308284011
HTATSF1P	-0.11278744960306594
HTATSF1P2	-0.2607558589923222
HTN1	0.16972913139851686
HTN3	0.013654903598654825
HTR1A	0.1263526405958966
HTR1B	-0.3016122012288264
HTR1D	0.07051007941218483
HTR1E	-0.22996170944934616
HTR1F	-0.09236812920132394
HTR2A	-0.18928345071071773
HTR2A-AS1	0.17539212178453634
HTR2B	-0.3291148767757642
HTR2C	0.34528604862560003
HTR3A	-0.3085714171890043
HTR3B	-0.48758947740922687
HTR3C	0.0425820033375966
HTR3D	0.044428075234824456
HTR3E	0.16174869143708223
HTR3E-AS1	-0.30171226868075257
HTR4	0.17492519115938757
HTR5A	-0.23614757382057847
HTR5A-AS1	0.09530137782699478
HTR5BP	0.09078856973591573
HTR6	-0.16653711929658754
HTR7	-0.008027748314021487
HTR7P1	-0.08692874413980926
HTRA1	-0.026979075264274555
HTRA2	-0.13270120710078365
HTRA3	0.07491650162076986
HTRA4	-0.39251141682875507
HTT	-0.23996660729601219
HTT-AS	0.06219284361628047
HULC	-0.14664487860750106
HUNK	0.03783337453032484
HUNK-AS1	0.20959271609069718
HUS1	0.03806038966435173
HUS1B	-0.12366136103862797
HUWE1	-0.2122146186599383
HVCN1	-0.3938458138422838
HYAL1	-0.14449030148016764
HYAL2	-0.05817576043664887
HYAL3	0.0033204741688135577
HYAL4	-0.21024659457870348
HYALP1	0.256918627325526
HYDIN	0.017819939288632132
HYDIN2	-0.21489339813369945
HYI	0.12115485533778923
HYI-AS1	0.07581638060632907
HYKK	0.10556129213422111
HYLS1	-0.13522975228110698
HYOU1	0.048728182850772524
HYPK	-0.33139466284579505
IAH1	-0.21184560463863517
IAPP	0.1935697539052563
IARS	-0.18319331811652417
IARS2	0.17725467420361732
IBA57	-0.03208930139585434
IBA57-AS1	0.04576301274359724
IBSP	0.016505697797767335
IBTK	-0.020501390373413465
ICA1	0.4380000626593381
ICA1L	-0.3698442735418228
ICAM1	-0.45744396826075034
ICAM2	-0.5024315200375089
ICAM3	-0.438561161887487
ICAM4	-0.14119876746887527
ICAM5	-0.08355166842519575
ICK	0.1588327126730695
ICMT	0.17904217086437185
ICOS	-0.4789792658838349
ICOSLG	-0.245215692508208
ICT1	-0.11520614001477784
ID1	0.19642327893425401
ID2	0.169873217193657
ID3	0.012956694354906317
ID4	0.2105833702592867
IDE	-0.07880828178016691
IDH1	0.2940120621887193
IDH1-AS1	-0.0055445210958211845
IDH2	0.01784713734538844
IDH3A	0.162810199038109
IDH3B	0.10032962226133925
IDH3G	0.2370393554473638
IDI1	0.17106685373953853
IDI2	-0.012180227436760255
IDI2-AS1	0.15310003759462856
IDNK	0.19431680103462154
IDO1	-0.4259811024049723
IDO2	-0.37763144043421165
IDS	-0.3340459933195568
IDSP1	0.025503899787279304
IDUA	-0.04834994230787847
IER2	0.010568012955330426
IER3	-0.029738100243265245
IER3IP1	0.1852250923041146
IER5	-0.331853570644487
IER5L	0.09625307144230592
IFFO1	-0.2898953568560598
IFFO2	-0.3242681785991318
IFI16	-0.4504164542863709
IFI27	0.08010096660868281
IFI27L1	-0.018178865299894553
IFI27L2	-0.1420117752444959
IFI30	-0.35793252905862105
IFI35	0.045536557400246425
IFI44	-0.04837909412693528
IFI44L	-0.1248930807058638
IFI6	0.0024157555342272713
IFIH1	0.01439151173100553
IFIT1	0.05565006344761445
IFIT1B	0.017257876827978427
IFIT1P1	-0.15290795382040367
IFIT2	0.16065141857475035
IFIT3	0.17556338414767814
IFIT5	-0.11073906353593556
IFIT6P	0.001641245343702041
IFITM1	0.04219874248072605
IFITM10	-0.19053610861423864
IFITM2	-0.3593236962405652
IFITM3	-0.02808606910801989
IFITM4P	-0.3084705395597556
IFITM5	0.20721907321686847
IFITM8P	0.24323610997388695
IFITM9P	-0.07623456151956128
IFLTD1	-0.14131321010859044
IFNA1	-0.2844520123072366
IFNA10	
IFNA11P	
IFNA12P	0.11611840885715823
IFNA13	0.1935697539052563
IFNA14	0.38088064212036493
IFNA16	
IFNA17	-0.2751006659377716
IFNA2	
IFNA20P	-0.1994405709039652
IFNA21	
IFNA22P	-0.20696957635573773
IFNA4	
IFNA5	-0.11032061050302117
IFNA6	-0.16171891929644236
IFNA7	
IFNA8	0.10534295844378815
IFNAR1	0.002397244457865702
IFNAR2	-0.37584228367859196
IFNB1	-0.12110558455418516
IFNE	0.0018385055074031564
IFNG	-0.44632584733684755
IFNG-AS1	-0.42994176869438017
IFNGR1	-0.17991924026052136
IFNGR2	-0.053970994710869316
IFNK	0.38088064212036493
IFNL1	-0.15674502934182383
IFNL2	0.14980128223336642
IFNL3	-0.1456357871134465
IFNL3P1	-0.1494269592974374
IFNL4	-0.0005587530314506967
IFNLR1	0.15844838994984842
IFNNP1	
IFNW1	0.495392097958527
IFNWP15	-0.1514107522648601
IFNWP18	
IFNWP19	0.2828395602640671
IFNWP2	-0.020783347415587964
IFNWP4	-0.24254149121594412
IFNWP5	
IFNWP9	
IFRD1	0.19456372195356203
IFRD2	0.07079292152881221
IFRG15	
IFT122	-0.03582981170537484
IFT140	0.021366043166961578
IFT172	0.19902706006785592
IFT20	0.08033834357472586
IFT27	-0.1781558069655105
IFT43	0.053177996884669454
IFT46	-0.25705886450789805
IFT52	-0.1854187623652957
IFT57	0.015646137395830047
IFT74	0.11917550823752593
IFT80	-0.23289906652784761
IFT81	-0.16926115584384552
IFT88	-0.014490935546710434
IGBP1	0.08224639574402551
IGBP1-AS1	0.11125760384342238
IGBP1-AS2	0.033389939658675316
IGBP1P1	0.18398888075951392
IGBP1P3	0.10284666757562985
IGBP1P4	0.034830764014117735
IGBP1P5	0.0677401868961148
IGDCC3	-0.06413948726601912
IGDCC4	-0.32387064670663696
IGF1	-0.03174078230153861
IGF1R	0.1264632277774992
IGF2	-0.13909858962421476
IGF2-AS	0.014211028656235863
IGF2BP1	-0.21213607991125727
IGF2BP2	0.31591867553431774
IGF2BP3	-0.32465098074554005
IGF2R	0.1750591744832162
IGFALS	-0.0736339307701463
IGFBP1	0.30227671037088877
IGFBP2	-0.16939410931314197
IGFBP3	-0.11516370150251846
IGFBP4	0.2577003083881323
IGFBP5	-0.15047099016261364
IGFBP6	-0.0017953209640125046
IGFBP7	-0.3340525146100779
IGFBP7-AS1	0.13109535025907673
IGFBPL1	0.06666384611273539
IGFL1	-0.1514107522648601
IGFL1P1	0.2240586966649391
IGFL1P2	-0.020783347415587964
IGFL2	-0.06123476461168639
IGFL3	0.03860614616447981
IGFL4	0.13077576708534266
IGFLR1	-0.2692103636131983
IGFN1	0.15235426999452592
IGHA1	-0.023982355265979544
IGHA2	0.06277925944974531
IGHD	-0.3210312616077065
IGHD1-1	-0.32630944380124277
IGHD1-14	-0.24254149121594412
IGHD1-20	-0.028324730029229788
IGHD1-26	-0.39016395388953096
IGHD1-7	
IGHD1OR15-1A	
IGHD1OR15-1B	
IGHD2-15	-0.35903800782392203
IGHD2-2	-0.3627065075875762
IGHD2-21	-0.04317271792304612
IGHD2-8	-0.1619282311960275
IGHD2OR15-2A	-0.055336791637305975
IGHD2OR15-2B	
IGHD3-10	-0.2086661180045251
IGHD3-16	-0.052318536620511696
IGHD3-22	-0.3660792323678394
IGHD3-3	-0.353643655207523
IGHD3-9	-0.37643057964420135
IGHD3OR15-3A	
IGHD3OR15-3B	
IGHD4-11	-0.08681876516811048
IGHD4-17	-0.041978317157993494
IGHD4-23	-0.2016687311020359
IGHD4-4	-0.34606855420637617
IGHD4OR15-4A	
IGHD4OR15-4B	
IGHD5-12	-0.07216755129407597
IGHD5-18	0.02203251715231372
IGHD5-24	0.06575632812279489
IGHD5-5	-0.24254149121594412
IGHD5OR15-5A	
IGHD5OR15-5B	
IGHD6-13	-0.19542195873203255
IGHD6-19	-0.17104432602873604
IGHD6-25	-0.3484730746662645
IGHD6-6	-0.23877394415902334
IGHD7-27	-0.09933285726255503
IGHE	-0.1789921946715819
IGHEP1	0.1019048342540766
IGHEP2	0.06514573465656055
IGHG1	-0.43934931741182986
IGHG2	-0.38902670545456774
IGHG3	-0.3566821441545433
IGHG4	-0.36874127862943457
IGHGP	-0.3769759358655847
IGHJ1	-0.039602668412562006
IGHJ1P	-0.2802766966538745
IGHJ2	-0.0307790140848405
IGHJ2P	-0.2144565828109993
IGHJ3	-0.1001371353111828
IGHJ3P	-0.45778080293069207
IGHJ4	-0.01598270493372264
IGHJ5	-0.22222010827955585
IGHJ6	-0.21116029222074023
IGHM	-0.23753230730374006
IGHMBP2	-0.10270011393916116
IGHV1-12	-0.2439091206320543
IGHV1-14	-0.298451460530587
IGHV1-17	-0.2599989926881113
IGHV1-18	0.011956084976938256
IGHV1-2	-0.07066931579868706
IGHV1-24	-0.35149553506681525
IGHV1-3	-0.0781114451278311
IGHV1-45	0.11563372456922744
IGHV1-46	0.04118417487427569
IGHV1-58	-0.09095134391792548
IGHV1-67	-0.05882351278209693
IGHV1-68	-0.23061019437339733
IGHV1-69	-0.10865740113094136
IGHV1-8	-0.3106460433765448
IGHV1OR15-1	-0.3424502129474458
IGHV1OR15-2	0.027548563972118884
IGHV1OR15-3	-0.04769389808288763
IGHV1OR15-4	-0.20152365638292785
IGHV1OR15-6	-0.17304312513614967
IGHV1OR15-9	-0.1596327502085545
IGHV1OR16-1	-0.04922976912703468
IGHV1OR16-2	-0.05243239937779201
IGHV1OR16-3	-0.107378709348346
IGHV1OR16-4	-0.040108907597168876
IGHV1OR21-1	-0.19187283793698676
IGHV2-10	-0.27826332711249385
IGHV2-26	-0.18425075180546105
IGHV2-5	-0.043060267642205004
IGHV2-70	-0.3303107072159318
IGHV2OR16-5	-0.2721030076005083
IGHV3-11	-0.2378403900474299
IGHV3-13	-0.002695891551397496
IGHV3-15	-0.25105551461697423
IGHV3-16	-0.06549908954921242
IGHV3-19	-0.20597016420441017
IGHV3-20	0.010493279241848757
IGHV3-21	-0.16667845111322194
IGHV3-22	-0.09025405122446224
IGHV3-23	-0.19116270369422134
IGHV3-25	0.003636928553361959
IGHV3-29	-0.20561378763827576
IGHV3-30	-0.04360019914787798
IGHV3-30-2	-0.23448950414159012
IGHV3-32	-0.4101441678126349
IGHV3-33	-0.122507752758099
IGHV3-33-2	-0.31985463307805506
IGHV3-35	-0.25622863570483767
IGHV3-36	-0.038340955528463554
IGHV3-37	-0.11106743889337103
IGHV3-38	-0.05517570203842061
IGHV3-41	-0.11561624400150285
IGHV3-42	-0.24087630914422534
IGHV3-43	-0.01951337292472562
IGHV3-47	0.03385203416843531
IGHV3-48	-0.13120626525612325
IGHV3-49	-0.08286924338147647
IGHV3-50	-0.15163053015292732
IGHV3-52	-0.07767767655588875
IGHV3-53	0.05713306200592385
IGHV3-54	-0.16282749338178698
IGHV3-57	-0.055336791637305975
IGHV3-6	-0.09991482270917218
IGHV3-60	0.0033232231639288155
IGHV3-62	-0.09176644658710542
IGHV3-63	-0.09067828114082754
IGHV3-64	0.07254963963377352
IGHV3-65	-0.2073622606413269
IGHV3-66	-0.11174231625647045
IGHV3-7	-0.2889506022190778
IGHV3-71	-0.31836899239997835
IGHV3-72	-0.2260336054660425
IGHV3-73	-0.23712185404063374
IGHV3-74	-0.05283965472505047
IGHV3-75	0.04544912610358981
IGHV3-76	-0.08068490680888774
IGHV3-79	-0.05119668368721762
IGHV3-9	-0.1919374925229712
IGHV3OR15-7	-0.11987273937227556
IGHV3OR16-10	-0.15719080482547954
IGHV3OR16-11	-0.10687138871928434
IGHV3OR16-12	-0.05342558936407714
IGHV3OR16-13	-0.003464654923200143
IGHV3OR16-15	-0.14856622766743274
IGHV3OR16-6	-0.0688580959668387
IGHV3OR16-7	-0.09019193907895345
IGHV3OR16-8	-0.16001964906032373
IGHV3OR16-9	-0.17044863264288787
IGHV4-28	-0.1383970651473699
IGHV4-31	-0.0762550502148796
IGHV4-34	-0.2710990676510737
IGHV4-39	-0.09627064858302979
IGHV4-4	-0.11652767541602765
IGHV4-55	0.10045118346137936
IGHV4-59	-0.05195409775553417
IGHV4-61	-0.1545332030382367
IGHV4-80	-0.1054983359787247
IGHV4OR15-8	0.19521626934553446
IGHV5-51	-0.06256375996387963
IGHV5-78	-0.34798650351847615
IGHV6-1	-0.11966235527903757
IGHV7-27	-0.2060303904836398
IGHV7-34-1	-0.22255033163992802
IGHV7-40	-0.19640507046172961
IGHV7-56	-0.15917790459596914
IGHV7-81	-0.21289554967556548
IGHVII-1-1	0.00355712662185865
IGHVII-15-1	
IGHVII-20-1	0.015129017650976644
IGHVII-22-1	-0.05057832710606227
IGHVII-26-2	-0.18460021319670342
IGHVII-28-1	-0.05475710660131355
IGHVII-30-1	-0.08884112438639379
IGHVII-31-1	-0.10356040345633254
IGHVII-33-1	-0.137895210609006
IGHVII-40-1	-0.04947105959806506
IGHVII-43-1	0.1377993448665681
IGHVII-44-2	0.00355712662185865
IGHVII-46-1	
IGHVII-49-1	-0.12500197469882995
IGHVII-51-2	-0.23016148928988542
IGHVII-53-1	0.1377993448665681
IGHVII-60-1	-0.228011643806294
IGHVII-62-1	-0.3100987286415124
IGHVII-65-1	0.1377993448665681
IGHVII-67-1	
IGHVII-74-1	-0.24254149121594412
IGHVII-78-1	0.2546639530910728
IGHVIII-11-1	-0.05205162661543343
IGHVIII-13-1	0.14980128223336642
IGHVIII-16-1	
IGHVIII-2-1	-0.16147049842759256
IGHVIII-22-2	0.04106153328400608
IGHVIII-25-1	-0.19290144609542448
IGHVIII-26-1	-0.24254149121594412
IGHVIII-38-1	0.010529143429196934
IGHVIII-44	-0.15736130326099426
IGHVIII-47-1	0.08499017748977032
IGHVIII-5-1	-0.011155701456112839
IGHVIII-5-2	-0.16549569312302284
IGHVIII-51-1	-0.1830041285376592
IGHVIII-67-2	-0.09295093573935741
IGHVIII-67-3	0.00355712662185865
IGHVIII-67-4	0.1935697539052563
IGHVIII-76-1	-0.2167080483049098
IGHVIII-82	
IGHVIV-44-1	-0.0970356142895328
IGIP	-0.08024402879229944
IGJ	0.037123479587836225
IGJP1	-0.006456082730838793
IGKC	-0.2206155642041894
IGKJ1	
IGKJ2	
IGKJ3	-0.2229251856896546
IGKJ4	-0.11261639561968008
IGKJ5	-0.27943069239195956
IGKV1-12	-0.0033733316281876918
IGKV1-13	0.039004541314130586
IGKV1-16	-0.20404602486654647
IGKV1-17	-0.3086731343254572
IGKV1-22	0.04600469500481096
IGKV1-27	-0.18527514723262395
IGKV1-32	-0.013953210447677084
IGKV1-33	-0.032605781489180516
IGKV1-35	0.05909538014810623
IGKV1-37	-0.1984927354973867
IGKV1-39	0.0029672634894223346
IGKV1-5	-0.0782619877907483
IGKV1-6	-0.23245536784020107
IGKV1-8	-0.3357010011080668
IGKV1-9	-0.09367080233063836
IGKV1D-12	-0.24206728844558129
IGKV1D-13	0.0025328342228376276
IGKV1D-16	-0.3546457461980279
IGKV1D-17	0.051478607527815676
IGKV1D-22	-0.09626669216144439
IGKV1D-27	0.3118687996114451
IGKV1D-32	-0.020701000024407373
IGKV1D-33	0.04543887454398621
IGKV1D-35	-0.25460989778207194
IGKV1D-37	0.17410425634062543
IGKV1D-39	-0.01363899782354424
IGKV1D-42	-0.05021899649272327
IGKV1D-43	-0.0851219879753078
IGKV1D-8	-0.26481112751158575
IGKV1OR-1	-0.13564117139517454
IGKV1OR-2	-0.22253393471988153
IGKV1OR-3	0.20996861337874698
IGKV1OR10-1	0.036558277219734134
IGKV1OR2-108	-0.02382267650139344
IGKV1OR2-11	-0.16491558704154424
IGKV1OR2-118	-0.032011838143396885
IGKV1OR2-3	-0.22460072656439808
IGKV1OR2-6	-0.06304709935962238
IGKV1OR2-9	0.17603122496279525
IGKV1OR22-1	-0.1814560906608057
IGKV1OR22-5	-0.052854376161825284
IGKV2-10	-0.16953624059988037
IGKV2-14	0.04143652135470542
IGKV2-18	-0.13552664444690393
IGKV2-19	0.20567592400310747
IGKV2-23	-0.02692765679575574
IGKV2-24	-0.15988209426758673
IGKV2-26	-0.34897288160173556
IGKV2-28	0.07566214216145106
IGKV2-29	-0.09298369710018914
IGKV2-30	-0.1899236243509521
IGKV2-36	-0.1994405709039652
IGKV2-38	-0.27389919522749734
IGKV2-4	0.10363258481144637
IGKV2-40	-0.15640551136174652
IGKV2D-10	0.09315806495759571
IGKV2D-14	-0.03996518288879733
IGKV2D-18	-0.10954026139450462
IGKV2D-19	0.07627663103744552
IGKV2D-23	-0.07792804193219642
IGKV2D-24	-0.17204372194258638
IGKV2D-26	0.1081864563580596
IGKV2D-28	0.09143981412703812
IGKV2D-29	-0.25289446420283473
IGKV2D-30	-0.04062862142120932
IGKV2D-36	0.15207854609130647
IGKV2D-38	-0.055336791637305975
IGKV2D-40	-0.2828158257436601
IGKV2OR2-1	-0.01629357243404967
IGKV2OR2-10	-0.20981076031440188
IGKV2OR2-2	-0.3817876957959972
IGKV2OR2-7	0.14176362897440709
IGKV2OR2-7D	-0.044674596874934316
IGKV2OR2-8	
IGKV2OR22-3	-0.09455747812604676
IGKV2OR22-4	-0.11772934750622101
IGKV3-11	-0.10332295181566553
IGKV3-15	-0.3114056314442235
IGKV3-20	-0.1678046281634338
IGKV3-25	-0.03680178573679875
IGKV3-31	-0.028324730029229788
IGKV3-34	0.051336667670943754
IGKV3-7	-0.1787117757811265
IGKV3D-11	-0.1059551287778008
IGKV3D-15	-0.22158470853799894
IGKV3D-20	-0.15380492152793412
IGKV3D-25	-0.06658035392621679
IGKV3D-31	-0.1823499917714234
IGKV3D-34	-0.026294062624664754
IGKV3D-7	-0.09154472969294945
IGKV3OR2-268	0.024938415417150337
IGKV3OR2-5	0.039850380216366055
IGKV3OR22-2	-0.17394690880138491
IGKV4-1	-0.3097382091820478
IGKV5-2	-0.1365013659262702
IGKV6-21	-0.24500087964115574
IGKV6D-21	-0.03155069170848829
IGKV6D-41	0.025868296303575563
IGKV7-3	-0.1832965168179618
IGLC1	
IGLC2	-0.1477254577235846
IGLC3	-0.16251264829765608
IGLC4	-0.09215009338668506
IGLC5	-0.20358716102070235
IGLC6	-0.2708518748732111
IGLC7	-0.11592977609522861
IGLCOR22-1	-0.05299521905491197
IGLCOR22-2	0.20377241120734976
IGLJ1	-0.22792632839748012
IGLJ2	-0.07608821628220723
IGLJ3	-0.09078483138902715
IGLJ4	-0.2922157705425837
IGLJ5	-0.053821982270006674
IGLJ6	-0.07563921650525442
IGLJ7	-0.10682191965729432
IGLL1	-0.3045169490905701
IGLL3P	-0.4046203221741287
IGLL5	-0.3442715732268287
IGLON5	0.18869199861946628
IGLV1-36	-0.1466903207501683
IGLV1-40	-0.10261929943402523
IGLV1-41	-0.4039293269501431
IGLV1-44	0.06404169966256307
IGLV1-47	-0.0266124374532124
IGLV1-50	-0.2219126584342298
IGLV1-51	-0.16860432053056779
IGLV1-62	0.031667657196811014
IGLV10-54	-0.3020610454729031
IGLV10-67	0.130551230876544
IGLV11-55	-0.12215784960342416
IGLV2-11	-0.11335644640226322
IGLV2-14	-0.10761259753649643
IGLV2-18	-0.11643946891053586
IGLV2-23	-0.11931079346853311
IGLV2-28	-0.03100354866602625
IGLV2-33	-0.07108163635025024
IGLV2-34	0.17597502733321221
IGLV2-5	-0.15439907184046117
IGLV2-8	-0.22280577096168896
IGLV3-1	-0.040292273640538556
IGLV3-10	-0.22515498430267947
IGLV3-12	-0.23473702419619014
IGLV3-13	0.01241137222003736
IGLV3-15	-0.2822809089682122
IGLV3-16	0.05227627862708933
IGLV3-17	-0.08027737137422779
IGLV3-19	-0.22054779281037942
IGLV3-2	-0.12326891940818208
IGLV3-21	-0.29241668545457067
IGLV3-22	-0.11307761383018695
IGLV3-24	-0.1974476865773392
IGLV3-25	0.009382285445011053
IGLV3-26	0.3308264236070471
IGLV3-27	0.3174750530411129
IGLV3-29	-0.05150187338342811
IGLV3-30	0.04714977538653249
IGLV3-31	-0.07114531819589677
IGLV3-32	-0.10118035762022819
IGLV3-4	-0.14544125955294815
IGLV3-6	-0.34813876948116035
IGLV3-7	0.15931821362192056
IGLV3-9	-0.09578782364541244
IGLV4-3	-0.13961448496907314
IGLV4-60	0.05845570423390211
IGLV4-69	-0.06662304189000852
IGLV5-37	-0.252301212057401
IGLV5-45	-0.17410104316720004
IGLV5-48	0.01747267186612808
IGLV5-52	-0.06397385389793357
IGLV6-57	-0.31945858787673004
IGLV7-35	-0.1709591386860054
IGLV7-43	0.012140812829986811
IGLV7-46	-0.3042065879069188
IGLV8-61	-0.10939491880930556
IGLV8OR8-1	-0.12087395736476031
IGLV9-49	-0.03860191984942782
IGLVI-20	-0.04993316492801772
IGLVI-38	-0.024918015509533955
IGLVI-42	0.15322989823787816
IGLVI-56	-0.019174708041342633
IGLVI-63	0.11297991279000688
IGLVI-68	-0.06457495766404152
IGLVI-70	-0.18644703941859717
IGLVIV-53	-0.1514107522648601
IGLVIV-59	0.04596605225357823
IGLVIV-64	0.1236529192465437
IGLVIV-65	
IGLVIV-66-1	-0.1135145642753127
IGLVIVOR22-1	0.13557541544521007
IGLVIVOR22-2	0.38088064212036493
IGLVV-58	0.11125760384342238
IGLVV-66	-0.24254149121594412
IGLVVI-22-1	-0.24254149121594432
IGLVVI-25-1	0.11125760384342238
IGLVVII-41-1	0.22473475241057886
IGSF1	-0.2206446645063527
IGSF10	-0.3283450288265841
IGSF11	0.0473019533721224
IGSF11-AS1	0.2105897689219193
IGSF21	0.07706560672115728
IGSF22	0.08273180875584898
IGSF23	0.15303708603309643
IGSF3	0.4085318018919373
IGSF5	-0.06225886235780964
IGSF6	-0.3291745593524094
IGSF8	0.1303293296923252
IGSF9	0.24559189215321886
IGSF9B	-0.5579200372753669
IHH	0.1854093259950757
IK	-0.19526848996968205
IKBIP	-0.3720049970086781
IKBKAP	-0.18375804693021272
IKBKB	-0.3751682621014957
IKBKE	-0.38245489689212964
IKBKG	-0.27482311886661953
IKBKGP1	-0.08083094265672867
IKZF1	-0.47666214757665754
IKZF2	-0.2818448564046301
IKZF3	-0.4698378896371419
IKZF4	-0.4941312534333941
IKZF5	-0.19987724164464424
IL10	-0.3572197998284839
IL10RA	-0.39142560665545745
IL10RB	0.2691769699046338
IL10RB-AS1	-0.03898199748298521
IL11	-0.02591036456534385
IL11RA	-0.15622307789705056
IL12A	-0.21868979073781708
IL12A-AS1	-0.23399944772565562
IL12B	-0.34326659479097127
IL12RB1	-0.4736334149281618
IL12RB2	-0.29536281842783835
IL13	-0.12307729544745406
IL13RA1	0.446805404305112
IL13RA2	-0.35477864726770253
IL15	0.020406524523093307
IL15RA	-0.03792274817687843
IL16	-0.47639555017915314
IL17A	-0.21449729781953125
IL17B	-0.12211616490075283
IL17C	-0.25433490236664963
IL17D	0.16442597437640025
IL17F	-0.4063172248753002
IL17RA	-0.24807268187693843
IL17RB	-0.3044080475106158
IL17RC	0.22192645061496247
IL17RD	0.2075727912841111
IL17RE	0.25076740019947324
IL17REL	-0.4293182253677748
IL18	-0.0712864498416908
IL18BP	-0.32080649305821246
IL18R1	-0.3455364029372087
IL18RAP	-0.19984293829761215
IL19	-0.40550742712986276
IL1A	-0.4427231174176268
IL1B	-0.3176215452181972
IL1F10	-0.36235709521853354
IL1R1	-0.13990521267355374
IL1R2	0.16987894832682968
IL1RAP	-0.11018757599077514
IL1RAPL1	0.0006255002920468303
IL1RAPL2	0.012648334753201186
IL1RL1	-0.2632512408418493
IL1RL2	0.04532806912618645
IL1RN	-0.20986630559506578
IL2	-0.06953839963067394
IL20	0.06903875169673925
IL20RA	0.08238711942410966
IL20RB	-0.418416544935569
IL20RB-AS1	-0.11032061050302117
IL21	-0.44363636497491493
IL21-AS1	-0.5125518994793575
IL21R	-0.38299295045805765
IL21R-AS1	-0.1670117456189804
IL22	-0.2616128906659297
IL22RA1	0.21617905562242506
IL22RA2	-0.4419904216233722
IL23A	-0.4818864846992788
IL23R	-0.21794199469834344
IL24	-0.08239123062318345
IL25	-0.18184182894654938
IL26	-0.16876787174556326
IL27	-0.3074892392537024
IL27RA	-0.41551089700517696
IL2RA	-0.45099931276655875
IL2RB	-0.36280337231127263
IL2RG	-0.5395415171898196
IL3	-0.19290144609542445
IL31	0.07493318999292936
IL31RA	-0.04512218954951584
IL32	0.1700954996030775
IL33	-0.40049135798138313
IL34	-0.28644598058088966
IL36A	-0.2727259224895681
IL36B	0.02334685100975142
IL36G	0.020802849006946615
IL36RN	-0.01264045803364657
IL37	-0.04936879924534629
IL3RA	-0.19301768389515767
IL4	-0.3101360622084475
IL4I1	-0.45634585853446846
IL4R	-0.2758251253375562
IL5	0.1549153369046685
IL5RA	-0.19709161988417692
IL6	-0.4736805085939344
IL6R	0.0937884603763174
IL6RP1	-0.15715229368190586
IL6ST	-0.32937424724028863
IL6STP1	-0.34306289563112646
IL7	0.06521339421781545
IL7R	-0.4857574434691059
IL8	-0.09426859315135483
IL9	-0.21444578394063096
IL9R	-0.12249068885865956
IL9RP2	-0.1299707075072762
IL9RP3	-0.45936346407406725
IL9RP4	0.14327335815121833
ILDR1	-0.14050186321344646
ILDR2	-0.0934896805573187
ILF2	-0.2934474503506368
ILF2P1	-0.04904220286153922
ILF2P2	0.025354646904407474
ILF3	-0.30282808782431847
ILF3-AS1	-0.12666219190633002
ILK	-0.05651896198235197
ILKAP	-0.27846324118278054
ILVBL	0.33037057547183923
IMMP1L	-0.37000954684354237
IMMP2L	0.30819681657059905
IMMP2L-IT1	0.08409924676821572
IMMT	0.34861695123274417
IMMTP1	-0.1539466169209443
IMP3	-0.05092023778288672
IMP4	-0.2773154950620388
IMPA1	0.21670839806403935
IMPA1P	0.04871739039934237
IMPA2	0.2124134656858964
IMPACT	0.0164780053142139
IMPAD1	0.034075862161091326
IMPDH1	-0.3311443604762181
IMPDH1P10	-0.129205371686089
IMPDH1P11	-0.04976126990341519
IMPDH1P4	-0.0730318100622981
IMPDH1P6	-0.20439865789503123
IMPDH2	-0.19804209124550265
IMPG1	0.1617858169192115
IMPG2	-0.1699513920663999
INA	-0.1462515140704047
INADL	0.1538366382402256
INCA1	-0.013189513608660122
INCENP	-0.29353722567359564
INE1	-0.27237454001275224
INF2	0.23173924160790307
ING1	-0.1950024565341808
ING2	0.290166211925366
ING3	-0.3022047732117902
ING4	-0.15123061185074538
ING5	-0.24134362600386425
INGX	0.05083131667883552
INHA	-0.15019873640352555
INHBA	-0.4390708086429296
INHBA-AS1	0.03191249155563736
INHBB	-0.23380088889713863
INHBC	-0.004276803659331944
INHBE	0.10616799434012096
INIP	-0.20719134598578276
INMT	-0.23095606289131493
INMT-FAM188B	-0.03733207704328312
INO80	-0.0688111650341093
INO80B	-0.150837231677513
INO80C	-0.1459355708010796
INO80D	-0.2348634762467665
INO80E	-0.26226642392543464
INPP1	0.14067008690024044
INPP4A	-0.37673606427902606
INPP4B	-0.24199801413675032
INPP5A	0.3868939023712947
INPP5B	-0.436693475530825
INPP5D	-0.4436514582929995
INPP5E	-0.09849587978680685
INPP5F	-0.25542179788659536
INPP5J	0.17052833218741487
INPP5K	-0.16591812601583317
INPPL1	-0.22866384998996409
INS	-0.27186558174076286
INS-IGF2	
INSC	-0.007727396549251384
INSIG1	0.12442885315988414
INSIG2	0.05843521062320204
INSL3	-0.24742581126333724
INSL4	0.38088064212036493
INSL5	0.05180909662220338
INSL6	-0.3105226219311109
INSM1	0.17292095437719665
INSM2	-0.06207561081886719
INSR	0.2164575506815397
INSRR	-0.38483954383190294
INTS1	-0.038389248770120954
INTS10	-0.09713740700403026
INTS12	0.027596070372772053
INTS2	-0.28603889791582443
INTS3	-0.3557781298666649
INTS4	-0.401932105335139
INTS4L1	0.04691856636514097
INTS4L2	-0.1352802431140842
INTS5	-0.3814648957597429
INTS6	-0.09896082000240944
INTS6-AS1	-0.43113748696352877
INTS6P1	0.13572576144626558
INTS7	-0.31595573926002113
INTS8	-0.24660824954006041
INTS9	-0.41667016467987494
INTU	-0.007414358590738138
INVS	-0.3567782170063429
IP6K1	0.09233769392809762
IP6K2	-0.05053483645383326
IP6K3	-0.3541679530008133
IPCEF1	-0.48047836024713525
IPMK	0.11080148661940678
IPMKP1	0.15307228596672984
IPO11	-0.18737671594971173
IPO13	-0.11266648198533477
IPO4	-0.13478541217175682
IPO5	-0.2556803560844508
IPO7	-0.12782024239670425
IPO7P1	-0.04233871899013581
IPO7P2	0.056756314682528425
IPO8	0.03040300173999711
IPO8P1	0.007752378403167926
IPO9	-0.24407071272100936
IPO9-AS1	-0.3078165462635762
IPP	0.10058416736998277
IPPK	-0.1643716439120491
IPPKP1	0.08542982259184417
IQCA1	0.05327194871125557
IQCA1P1	-0.18154775128705058
IQCB1	-0.21135071967396604
IQCB2P	0.00930322229519123
IQCC	-0.2187820759201632
IQCD	-0.21435563278147854
IQCE	0.14417667608876453
IQCF1	-0.10263219115713715
IQCF2	-0.15396547115466216
IQCF3	-0.03140568005139527
IQCF5	0.2828395602640671
IQCF5-AS1	-0.25999612734493033
IQCF6	0.0021235032273260023
IQCG	-0.408452935037033
IQCH	-0.09212560264510308
IQCH-AS1	0.08058453143505012
IQCJ	-0.0918635223776449
IQCJ-SCHIP1	-0.07445527549596845
IQCJ-SCHIP1-AS1	-0.02707875927334065
IQCK	-0.0064161361561193165
IQGAP1	-0.1092188545549358
IQGAP2	0.32912865721964923
IQGAP3	0.045232046434483204
IQSEC1	-0.4481906368936268
IQSEC2	0.06404991359309418
IQSEC3	-0.4834905989455385
IQUB	0.0653590046150396
IRAK1	0.24623029795084234
IRAK1BP1	-0.05469978591965455
IRAK2	-0.26698083945398826
IRAK3	-0.05269731054248895
IRAK4	-0.4207782784282194
IREB2	-0.17715699714752117
IRF1	-0.009106686154007625
IRF2	-0.22995904596188796
IRF2BP1	0.052498157406229914
IRF2BP2	0.1249271380160616
IRF2BPL	-0.13034650770355505
IRF3	-0.28955605959577935
IRF4	-0.4554356799403109
IRF5	-0.24438251028120808
IRF5P1	-0.20876758650673696
IRF6	0.33550957807326165
IRF7	0.0538328363845733
IRF8	-0.44695334791041424
IRF9	-0.32354813438290464
IRG1	-0.353964984891766
IRGC	0.20307759349562848
IRGM	-0.23426673129327383
IRGQ	-0.09188956092085643
IRS1	-0.16000147649028945
IRS2	-0.025853817605463472
IRS4	0.10037240033081246
IRX1	0.3427052997913041
IRX1P1	0.09817421544736109
IRX2	0.1548029973291763
IRX3	-0.12917962565339416
IRX4	-0.23894191001389925
IRX5	-0.10545045980055623
IRX6	0.12442365162185642
ISCA1	0.29835756501940613
ISCA1P1	0.03511990567667597
ISCA1P2	-0.15050711783900278
ISCA1P3	
ISCA1P4	0.3349405644084489
ISCA1P6	0.030263832535220598
ISCA2	-0.09244415512487693
ISCA2P1	-0.3107280795235946
ISCU	-0.11640370147264402
ISCUP1	0.2105897689219193
ISG15	0.1738819860622252
ISG20	-0.15326104550826222
ISG20L2	-0.21083157538557534
ISL1	0.08352316092891483
ISL2	-0.025218281409733683
ISLR	-0.21163912645384977
ISLR2	-0.12541137451067777
ISM1	0.02190441980788057
ISM1-AS1	0.03074548698931143
ISM2	0.06974406542510411
ISOC1	0.290675245437641
ISOC2	0.12240669324040931
ISPD	-0.030962721862699775
ISPD-AS1	0.24390088914936597
IST1	0.09971284449013755
ISX	0.2686252018451672
ISY1	-0.14581343340340513
ISY1-RAB43	
ISYNA1	-0.2322316600523805
ITCH	0.05360713852719796
ITCH-AS1	
ITCH-IT1	0.05137500167686677
ITFG1	0.24233565162070586
ITFG2	-0.2179440444594468
ITFG3	0.2092144184523031
ITGA1	0.06609991361675019
ITGA10	-0.17900410029383695
ITGA11	0.033434213005493985
ITGA2	0.3247686143659218
ITGA2B	-0.20154988169929697
ITGA3	0.09928682042479686
ITGA4	-0.42752682673802095
ITGA5	-0.292309513789729
ITGA6	0.328957964643501
ITGA7	-0.06829413779209328
ITGA8	0.002605104006647085
ITGA9	0.015361483326208725
ITGAD	-0.5391721847698181
ITGAE	-0.09422541071936065
ITGAL	-0.4658729594568955
ITGAM	-0.4068815463039598
ITGAV	-0.28856740230730277
ITGAX	-0.43504669130011975
ITGB1	0.1265917826182242
ITGB1BP1	-0.36343362818307107
ITGB1BP2	-0.11900515347148526
ITGB1P1	0.08671579649058765
ITGB2	-0.3758558088823472
ITGB2-AS1	-0.3284352670244582
ITGB3	-0.07452032157928347
ITGB3BP	-0.20214501055294795
ITGB4	0.33595898776523875
ITGB5	0.2517990171663467
ITGB5-AS1	0.08961271085459807
ITGB6	0.08034791539267708
ITGB7	-0.2980386632606975
ITGB8	-0.20370867951820837
ITGBL1	-0.35625739433592296
ITIH1	-0.5235774596139546
ITIH2	0.06579390989270056
ITIH3	-0.4504385109358425
ITIH4	-0.1951326166243086
ITIH4-AS1	-0.15835231750110315
ITIH5	-0.2857430677080938
ITIH6	-0.2843667398722298
ITK	-0.4632310202732493
ITLN1	0.27517569386592333
ITLN2	-0.009588773252254905
ITM2A	-0.35854023192538054
ITM2B	0.09848906786917638
ITM2BP1	-0.1165125101081584
ITM2C	-0.037099928155432726
ITPA	-0.08032616471508185
ITPK1	0.32253375156381975
ITPK1-AS1	-0.07896690916972154
ITPKA	0.14108030529747015
ITPKB	-0.4901299946402091
ITPKB-AS1	0.05811846826441904
ITPKB-IT1	-0.389357103949467
ITPKC	0.31695339531724365
ITPR1	-0.4773015319934804
ITPR1-AS1	-0.022386519926630537
ITPR2	-0.028306493122706885
ITPR3	-0.011318667601905408
ITPRIP	-0.4491239648889098
ITPRIPL1	-0.4463671288086645
ITPRIPL2	0.035390357315393514
ITSN1	0.1441663298333352
ITSN2	-0.4111014078471867
IVD	0.2504025958115568
IVL	-0.12995490967538062
IVNS1ABP	-0.1438178324118905
IWS1	-0.1412475508848877
IYD	0.018052439035609092
IZUMO1	0.10581537353999355
IZUMO2	0.03169801570253284
IZUMO3	-0.27186558174076286
IZUMO4	-0.40174927887850503
JAG1	-0.1528165452089919
JAG2	0.07240539552449698
JAGN1	0.21538868516710064
JAK1	-0.36539638643878786
JAK2	-0.3892004299991706
JAK3	-0.4869187151359523
JAKMIP1	-0.31240594397383675
JAKMIP2	-0.1270737691722974
JAKMIP3	-0.17090627943295586
JAM2	-0.12240350848026396
JAM3	-0.33733629770649476
JARID2	-0.40022322285550427
JARID2-AS1	0.024849352890001623
JAZF1	-0.47456820424024954
JAZF1-AS1	-0.18719426749937904
JDP2	0.16578813694510405
JHDM1D	-0.023490361958532675
JHDM1D-AS1	0.12185238522489152
JKAMP	-0.02292618164707783
JMJD1C	-0.3241115706458767
JMJD1C-AS1	0.11349622007409334
JMJD4	-0.15499063085823164
JMJD6	0.03309486366669306
JMJD7	-0.12329924484078812
JMJD7-PLA2G4B	-0.28996982973877883
JMJD8	-0.010616741316233011
JMY	0.020897842162647926
JOSD1	0.2956014330680222
JOSD2	0.08165858572825675
JPH1	0.18260055164496605
JPH2	-0.013623284383909999
JPH3	-0.07219693126434154
JPH4	-0.32665128882980027
JPX	-0.05029321322832534
JRK	-0.23569844313442032
JRKL	-0.04996309251407316
JRKL-AS1	-0.055336791637305975
JSRP1	-0.1385507934563154
JTB	0.1426368795043113
JTBP1	0.38088064212036493
JUN	0.0761816069641695
JUNB	0.03602697419819721
JUND	0.11109992548354078
JUP	0.30130833778508187
KAAG1	-0.38234450232259076
KAL1	-0.47017510241646043
KALP	-0.07555304714735185
KALRN	0.31239208418432063
KANK1	-0.14062349229384663
KANK2	-0.03396657198145311
KANK3	-0.05503932561465363
KANK4	0.15049747460602717
KANSL1	-0.409605666757249
KANSL1-AS1	-0.13294713139228312
KANSL1L	-0.14295470679819533
KANSL2	-0.18587804953761858
KANSL3	-0.22798287672416248
KARS	-0.21806005585579533
KARSP1	-0.07143876559939148
KARSP2	-0.08963020438411921
KARSP3	0.10819877021564882
KAT2A	-0.28425256558357215
KAT2B	-0.009181673483963175
KAT5	-0.07467895479000282
KAT6A	-0.38089303659261925
KAT6B	-0.19123430615394132
KAT7	-0.12782437325934362
KAT8	-0.21711255379121558
KATNA1	-0.12850694361155224
KATNAL1	-0.3896452755762322
KATNAL2	-0.3304756976820073
KATNB1	-0.03364392976606578
KATNBL1	-0.010224372793370266
KATNBL1P1	0.11125760384342238
KATNBL1P2	0.38088064212036493
KATNBL1P3	0.02649655585586732
KATNBL1P4	-0.2331797599557673
KATNBL1P5	0.00355712662185865
KATNBL1P6	0.11080699978537864
KAZALD1	0.1528030575498221
KAZN	-0.008622928558996277
KBTBD11	0.20400869739201238
KBTBD11-OT1	0.1437061944284034
KBTBD12	0.08583369973017138
KBTBD13	0.13195849054243836
KBTBD2	-0.2466688355315333
KBTBD3	0.04049290885694229
KBTBD4	-0.25032063244063063
KBTBD6	-0.2528951557169197
KBTBD7	-0.09463575830643274
KBTBD8	-0.40019523563515813
KCMF1	0.24070667980309626
KCNA1	-0.394123396623613
KCNA10	-0.10721344085908505
KCNA2	-0.4562801450666244
KCNA3	-0.49152260634403744
KCNA4	0.17653294293482644
KCNA5	-0.24498915658044373
KCNA6	-0.32274733923757853
KCNA7	-0.03239696110277857
KCNAB1	-0.08007402905578993
KCNAB1-AS1	0.03116032750961128
KCNAB1-AS2	
KCNAB2	-0.3839872843259258
KCNAB3	-0.2564024330966975
KCNB1	0.20073412034853813
KCNB2	0.03776064314818868
KCNC1	0.23131474536230795
KCNC2	0.09028287511981288
KCNC3	-0.3981257744647245
KCNC4	-0.387841939267483
KCNC4-AS1	-0.2517006408376333
KCND1	-0.4063121114199092
KCND2	0.13988841696053392
KCND3	-0.2780783934517795
KCND3-AS1	-0.3485970654949331
KCND3-IT1	-0.24254149121594412
KCNE1	-0.06845521341845708
KCNE1L	-0.050164541493882886
KCNE2	-0.34001521258738987
KCNE3	-0.1538711489800436
KCNE4	-0.27349096315899074
KCNF1	-0.18383829950547578
KCNG1	0.06897471810319274
KCNG2	0.17752691691485034
KCNG3	0.04192462997041397
KCNG4	0.3951120884107729
KCNH1	0.0719124755565395
KCNH1-IT1	-0.08993541756764285
KCNH2	0.057253708420978225
KCNH3	-0.35387915087377175
KCNH4	-0.43638157158995916
KCNH5	-0.12783057207344
KCNH6	0.04240328987494979
KCNH7	-0.14376389892460756
KCNH8	-0.2864810092894575
KCNIP1	-0.06004381524528489
KCNIP2	-0.3335117352014434
KCNIP2-AS1	0.01093460051319368
KCNIP3	-0.25878976639668994
KCNIP4	0.11208269653097551
KCNJ1	-0.2951983235953701
KCNJ10	-0.3748662247397942
KCNJ11	0.07146568085825161
KCNJ12	0.0512267727438731
KCNJ13	0.1312624392950602
KCNJ14	-0.26872626529509563
KCNJ15	-0.4292867081033885
KCNJ16	-0.13695841482572732
KCNJ2	0.04711243647886857
KCNJ2-AS1	0.13456928887858927
KCNJ3	-0.0007178672703550038
KCNJ4	0.17654200157711633
KCNJ5	-0.20389374870491303
KCNJ6	0.05631353522668138
KCNJ6-IT1	-0.16171891929644236
KCNJ8	0.010961378553288291
KCNJ9	0.1684517565567209
KCNK1	0.11849456709893748
KCNK10	-0.022882973897538527
KCNK12	-0.2998548852031353
KCNK13	-0.34889747224236206
KCNK15	-0.0690208405456052
KCNK16	-0.07334198799388819
KCNK17	0.05575603585921957
KCNK18	0.2828395602640671
KCNK2	0.11430957806580351
KCNK3	0.1292155394035325
KCNK4	-0.14104857312555294
KCNK5	0.24071026972729268
KCNK6	0.26241299152127395
KCNK7	-0.12180684681700496
KCNK9	-0.28981401876799695
KCNMA1	0.12675247181674817
KCNMB1	0.14425656231187875
KCNMB2	0.19587406343419603
KCNMB3	-0.20548341554132493
KCNMB3P1	-0.018215778536845785
KCNMB4	-0.282445404659115
KCNN1	-0.30506638789223034
KCNN2	0.04346884214171185
KCNN3	-0.28772803241302203
KCNN4	-0.2842284831435664
KCNQ1	0.20636347505251834
KCNQ1-AS1	0.24554015729458992
KCNQ1DN	-0.3752405494960142
KCNQ1OT1	-0.08825557156756987
KCNQ2	-0.17917151510989404
KCNQ3	-0.03500150455785913
KCNQ4	0.0541624720900437
KCNQ5	-0.4636321983723851
KCNQ5-AS1	0.03909528185909085
KCNQ5-IT1	-0.2936755695934562
KCNRG	-0.011811905038099974
KCNS1	0.03446318369829873
KCNS2	-0.02997947308733789
KCNS3	-0.041603577305958296
KCNT1	-0.030562192866673575
KCNT2	-0.07307122168749737
KCNU1	0.04272468570033626
KCNV1	0.2840983942993434
KCNV2	0.10418427703173165
KCP	0.07603853900585057
KCTD1	-0.09147500648469678
KCTD10	-0.10248027313910735
KCTD11	-0.11907844123871356
KCTD12	-0.023724771451727977
KCTD13	-0.137345734727918
KCTD14	0.1560012150139099
KCTD15	-0.06970374762963069
KCTD16	0.04444070059544523
KCTD17	-0.19770405010868744
KCTD18	-0.14842627647772208
KCTD19	-0.1503221499489846
KCTD2	-0.19118445838965648
KCTD20	-0.32226199237811937
KCTD21	0.062086898645295936
KCTD21-AS1	0.1234085021518098
KCTD3	0.22492728491659755
KCTD4	-0.023011663029012447
KCTD5	-0.03010974464278037
KCTD6	-0.03403724847004696
KCTD7	-0.43019220624661497
KCTD8	0.053340601161339436
KCTD9	0.08737759399485426
KCTD9P1	-0.08986585199986624
KCTD9P2	0.09730516264994502
KDELC1	0.036578136419552126
KDELC1P1	0.005545056271605653
KDELC2	-0.16111407716886889
KDELR1	0.3092621380318374
KDELR2	0.18234854027132752
KDELR3	0.12721379160989915
KDM1A	-0.05692526239392318
KDM1B	-0.07843841995973798
KDM2A	-0.3831763901795328
KDM2B	-0.425024891233895
KDM3A	0.04059482068107879
KDM3B	-0.02145622130107794
KDM4A	0.019882766757775054
KDM4A-AS1	-0.16498190692347153
KDM4B	-0.0994422302124717
KDM4C	-0.18672099489384958
KDM4D	-0.3584203835283229
KDM4E	-0.017588518689494324
KDM5A	-0.27767255954277603
KDM5B	0.10265995718095015
KDM5C	0.009956132838986638
KDM5C-IT1	-0.26618446060615336
KDM5D	-0.051451029008785044
KDM6A	0.10174741729823011
KDM6B	0.10574476096456643
KDM8	0.04287994239024557
KDR	-0.0674652668303366
KDSR	0.15812499766357205
KEAP1	0.21299227965819847
KEL	-0.4285673435546756
KERA	-0.17116212681614404
KHDC1	-0.27387647979532287
KHDC1L	-0.09126345671256329
KHDC1P1	0.11125760384342238
KHDC3L	-0.17831382369436022
KHDRBS1	-0.30094201197572795
KHDRBS2	0.29311019229293767
KHDRBS3	0.03168081703616121
KHK	0.17485683307804048
KHNYN	0.10093488023325033
KHSRP	0.006348213739322562
KHSRPP1	0.17635529932877672
KIAA0020	-0.18503564305166295
KIAA0040	-0.4397358993681705
KIAA0087	0.17398224294462875
KIAA0100	-0.02966806357850674
KIAA0101	-0.3704544732831209
KIAA0125	-0.46525915061681533
KIAA0125P2	-0.42881761301305016
KIAA0141	-0.3230665643565364
KIAA0195	0.058791757225230314
KIAA0196	0.011937404505220019
KIAA0196-AS1	-0.191900479089651
KIAA0226	-0.4070664423196401
KIAA0226L	-0.4464519433425976
KIAA0232	0.04132582274436135
KIAA0247	0.04572605297929807
KIAA0319	-0.19040274273727345
KIAA0319L	0.16875988113831983
KIAA0355	-0.03170273837302097
KIAA0368	0.11904295893412085
KIAA0391	-0.20601241423866223
KIAA0408	0.13037338215582173
KIAA0430	-0.3768506775848734
KIAA0513	0.07203591971876214
KIAA0556	-0.07650623363988462
KIAA0586	-0.3201012238702932
KIAA0753	-0.08897441503749957
KIAA0754	-0.08656138347199918
KIAA0825	-0.165189749051681
KIAA0895	0.08687832519568632
KIAA0895L	-0.09244595203235834
KIAA0907	-0.19336265497365202
KIAA0922	-0.3978127075484766
KIAA0930	-0.31364167036770146
KIAA0947	-0.2073576394275672
KIAA1009	-0.15347822028219144
KIAA1024	-0.16403142618401478
KIAA1024L	-0.14727907354549946
KIAA1033	-0.26274207970195007
KIAA1107	0.22942295111632433
KIAA1109	-0.0046467821535773335
KIAA1143	-0.32642400850337655
KIAA1147	-0.19785142860275762
KIAA1161	0.29238898536843994
KIAA1191	0.28196274516590814
KIAA1199	-0.3362151020585527
KIAA1210	0.07097450519689225
KIAA1211	0.22264811008738347
KIAA1211L	0.2262039276903679
KIAA1217	0.16132429257194295
KIAA1239	0.01621596497260817
KIAA1244	0.17382743917598642
KIAA1257	0.10658333141406039
KIAA1279	0.15338842332749134
KIAA1324	0.2809145345631418
KIAA1324L	0.02173265508194664
KIAA1328	-0.291104641872259
KIAA1377	0.003097949624811734
KIAA1407	-0.4370898562963051
KIAA1429	-0.29149736109616636
KIAA1430	-0.3316099441715252
KIAA1432	-0.3347513238597453
KIAA1456	0.2997464881976404
KIAA1462	-0.23126719175404886
KIAA1467	-0.042865124038442
KIAA1468	0.0435695806395367
KIAA1522	0.34530634869133225
KIAA1524	-0.329062899482358
KIAA1549	0.20121743302744904
KIAA1549L	-0.18734881318609686
KIAA1551	-0.3205777498859236
KIAA1586	-0.40337188174728916
KIAA1598	0.1386210849370835
KIAA1614	-0.27097405054675605
KIAA1644	-0.4237895019097025
KIAA1671	0.2933851717685746
KIAA1683	0.24981007559909113
KIAA1715	0.018054262402070705
KIAA1731	-0.3156912076023395
KIAA1737	0.11259147021347621
KIAA1755	-0.36056008306950116
KIAA1841	-0.009310065493275087
KIAA1875	-0.08838694990452708
KIAA1919	0.13460833089032737
KIAA1958	0.07105795021519676
KIAA1984	0.11211898528592545
KIAA1984-AS1	0.09641909891831067
KIAA2013	0.19620127956795178
KIAA2018	-0.10456841363269717
KIAA2022	-0.20090500213697693
KIAA2026	-0.1446282261916885
KIDINS220	0.08849271563016944
KIF11	-0.3241690894898741
KIF12	0.18002447852194509
KIF13A	0.216766284513954
KIF13B	0.17270043176375435
KIF14	-0.33525038456480316
KIF15	-0.1731585241112623
KIF16B	0.3010063543791511
KIF17	-0.034412315874809495
KIF18A	-0.309840311395236
KIF18B	-0.2913372929271648
KIF19	0.2825218930923887
KIF1A	0.15467994642505686
KIF1B	0.19694626665328618
KIF1C	0.4592571033004424
KIF20A	-0.2592382216327988
KIF20B	-0.3325595161596313
KIF21A	0.15274614213056603
KIF21B	-0.484647991436608
KIF22	-0.2032531872478038
KIF23	-0.2478279971688782
KIF24	-0.33130031372025076
KIF25	-0.15674182390111313
KIF25-AS1	-0.1523026449583114
KIF26A	0.29459552370283226
KIF26B	-0.2833967552031871
KIF27	-0.19441891081321072
KIF2A	-0.23597024175225986
KIF2B	0.25346076287755165
KIF2C	-0.31225983532549473
KIF3A	-0.34535459225393056
KIF3B	0.12973985147932224
KIF3C	-0.20481592192923428
KIF4A	-0.2523580632759191
KIF4B	-0.013017681518354923
KIF4CP	0.011169525572001541
KIF5A	-0.06696755916982292
KIF5B	0.08777548710905854
KIF5C	0.08175716021714775
KIF6	-0.16119962251684586
KIF7	-0.14294123562306377
KIF9	-0.13481756767503505
KIF9-AS1	-0.05578249258316498
KIFAP3	-0.0039853883686925716
KIFC1	-0.3202282392726137
KIFC2	-0.09295073587611821
KIFC3	0.11441877119794451
KIN	-0.031550193713469864
KIR2DL1	-0.023513314818163246
KIR2DL3	0.09141511270987121
KIR2DL4	0.23493053355459623
KIR2DP1	0.1831770489162942
KIR2DS4	0.25833618729075813
KIR3DL1	0.19446406531010804
KIR3DL2	0.13346579994298188
KIR3DL3	0.10108229836862669
KIR3DP1	
KIR3DX1	-0.14041529408486492
KIRREL	-0.17165637101109926
KIRREL-IT1	-0.011615998445958836
KIRREL2	-0.37569558491081256
KIRREL3	-0.3432012212336217
KIRREL3-AS1	0.11355885472883154
KIRREL3-AS2	0.00355712662185865
KIRREL3-AS3	0.05834335485738982
KISS1	0.11998875905366697
KISS1R	0.01488755588090232
KIT	-0.07560891291643697
KITLG	0.016546482108219667
KL	-0.03385970797304336
KLB	0.3164325096767824
KLC1	-0.23322422853363906
KLC2	-0.19613799849018115
KLC3	-0.19529597628098203
KLC4	0.18496732144364597
KLF1	-0.24893096068397408
KLF10	0.13720723475602067
KLF11	0.02464084777674139
KLF12	-0.41462962074603993
KLF13	-0.12417854058178289
KLF14	0.18432093699617824
KLF15	-0.0760847714937238
KLF16	0.052598980117334854
KLF17	0.16692598225991007
KLF17P1	-0.21969257751439744
KLF17P2	-0.009285939150403533
KLF2	-0.2285252199681732
KLF3	0.13031867932347038
KLF3P1	-0.13595008230987737
KLF3P2	-0.22376459661521078
KLF4	0.2535955779099115
KLF5	0.27323349369727173
KLF6	0.0059455056939629195
KLF7	-0.2813670209546838
KLF7-IT1	-0.31160057250668527
KLF7P1	0.09603174240340655
KLF8	-0.2507876464081669
KLF8P1	0.027920312059633252
KLF9	0.28711461458872595
KLHDC1	-0.16253025539281568
KLHDC10	0.06317760976171606
KLHDC2	0.2734857834051588
KLHDC3	0.11478242767834836
KLHDC4	-0.12875069776175102
KLHDC7A	-0.2588937061199949
KLHDC7B	-0.37901785576673597
KLHDC8A	0.24101135734767576
KLHDC8B	-0.1867952623794884
KLHDC9	0.012087448111641204
KLHL1	-0.2827505590752766
KLHL10	-0.20602221467297316
KLHL11	-0.13782653626445196
KLHL12	-0.05613014172406045
KLHL13	-0.15283032985006312
KLHL14	-0.44357952532307116
KLHL15	-0.336617485914905
KLHL17	-0.0922682137802766
KLHL18	-0.21692248350862328
KLHL2	0.07009582322781573
KLHL20	-0.17244569759494963
KLHL21	-0.17561905488405968
KLHL22	-0.48366847496667725
KLHL22-IT1	0.13838326154181022
KLHL23	0.21554201532308395
KLHL24	-0.1731858432729844
KLHL25	0.21384075143485867
KLHL26	0.0898894393135262
KLHL28	-0.2585485068109974
KLHL29	-0.42037132824296713
KLHL2P1	-0.25802659352163904
KLHL3	-0.20027003689157222
KLHL30	-0.012887708942418929
KLHL31	-0.019562261868925717
KLHL32	0.1783556205928465
KLHL33	-0.20076537655034438
KLHL34	0.22781008436406347
KLHL35	0.12694657917732316
KLHL36	-0.2350456509518225
KLHL38	-0.0575732597620532
KLHL4	-0.11814805021463141
KLHL40	-0.09032628269177999
KLHL41	-0.041797649071723376
KLHL42	-0.007425164160738474
KLHL5	-0.4783448356934229
KLHL6	-0.3881528367038577
KLHL6-AS1	-0.19897152787439873
KLHL7	-0.04054231064706641
KLHL7-AS1	-0.09134803570164357
KLHL8	0.07247352511855042
KLHL9	-0.1285451860443946
KLK1	0.14603705604727613
KLK10	0.3589478259018998
KLK11	0.15141941960889707
KLK12	0.1499487029600149
KLK13	0.1925169641727397
KLK14	-0.025857761397932343
KLK15	0.10014398705503753
KLK2	-0.18231142140482043
KLK3	0.15159978341655958
KLK4	0.07230979348504787
KLK5	0.1466234313393127
KLK6	0.02204111652997906
KLK7	0.09926311588928154
KLK8	0.00355712662185865
KLK9	0.23299858061230103
KLKB1	-0.15588377063166584
KLKP1	0.04294863092949329
KLLN	-0.19827260522000162
KLRAP1	-0.2122377248286629
KLRB1	-0.39285860668400957
KLRC1	0.06835096575454491
KLRC2	0.08980015732309077
KLRC3	-0.16001411131726176
KLRC4	-0.10203415183249603
KLRC4-KLRK1	-0.16065050878724163
KLRD1	-0.046983088405606326
KLRF1	-0.26880075127034503
KLRF2	0.023214283822758926
KLRG1	-0.49487117350691084
KLRG2	0.24437139453903556
KLRK1	-0.10998266975936065
KMO	-0.42251771499702073
KMT2A	-0.4792224534531276
KMT2B	-0.10247475022970369
KMT2C	-0.1452992805978515
KMT2D	-0.12743178375757386
KMT2E	-0.03003824617783938
KMT2E-AS1	-0.07639945492915141
KNCN	0.12833054354435164
KNDC1	-0.25032867856315894
KNG1	0.03572885306537419
KNOP1	0.023679441737668658
KNOP1P1	-0.011174179114632308
KNOP1P2	0.16146486401346957
KNOP1P3	0.24785346865824157
KNOP1P4	-0.1659717860140389
KNOP1P5	0.12221958242958769
KNSTRN	-0.2249687099061261
KNTC1	-0.300206338636104
KPNA1	-0.012792244760193526
KPNA2	-0.3188349268157631
KPNA3	-0.06866453976967868
KPNA4	0.024069792800666512
KPNA5	-0.4783142480673601
KPNA6	-0.11446679451003786
KPNA7	0.16151560315376517
KPNB1	-0.26287201501290897
KPRP	-0.17448391770289975
KPTN	-0.1248765932921744
KRAS	0.021390225283266527
KRASP1	0.029506203807233164
KRBA1	-0.3453902683419598
KRBA2	-0.031152735477728136
KRBOX1	-0.028978776815275824
KRBOX1-AS1	0.2864882588122918
KRBOX4	-0.446887837826818
KRCC1	0.0466188057374899
KREMEN1	0.21944506500139344
KREMEN2	-0.18353425682794305
KRI1	-0.40111993744516183
KRIT1	-0.1905776013317205
KRR1	-0.2653754603780559
KRR1P1	-0.15999790147115672
KRT1	0.08549967516263912
KRT10	-0.13185504412699953
KRT12	0.04475298625627908
KRT121P	-0.27891602923874453
KRT124P	0.2403813480059003
KRT125P	0.017846161899053612
KRT126P	-0.07222137808169464
KRT127P	-0.11458703234659626
KRT128P	-0.048173072395341576
KRT13	0.11932198198010525
KRT14	0.19095416366819828
KRT15	0.017038479833769184
KRT16	-0.0196598375291699
KRT16P1	0.046783095757013914
KRT16P2	0.08194359756930635
KRT16P3	-0.003046265649485672
KRT16P4	-0.27389919522749734
KRT16P5	
KRT17	-0.015133139306448983
KRT17P1	-0.3876445209989569
KRT17P2	-0.3210089798159465
KRT17P3	-0.04485209033646052
KRT18	0.15117092601867052
KRT18P1	0.013827219928855373
KRT18P10	0.0728714467797256
KRT18P11	-0.02492818205165904
KRT18P12	-0.03189308520008371
KRT18P13	0.09382238386954411
KRT18P14	0.17944516469083444
KRT18P15	-0.22188871653878736
KRT18P16	-0.040945472370651374
KRT18P17	-0.11645033753854235
KRT18P18	-0.0889147020455004
KRT18P19	0.20100171883421997
KRT18P2	0.22245729641262785
KRT18P20	0.11407467181738883
KRT18P21	0.24739966885166476
KRT18P22	-0.07681187477949329
KRT18P23	0.028666396703949635
KRT18P24	0.10925528275066565
KRT18P25	0.11212507436730122
KRT18P26	0.1403784220843225
KRT18P27	0.015026435536650874
KRT18P28	-0.19696395811353995
KRT18P29	-0.16392576215621799
KRT18P3	-0.021351118428229142
KRT18P31	0.0201747405332895
KRT18P32	-0.13073043343790414
KRT18P33	-0.07763829875826667
KRT18P34	0.1025313614691876
KRT18P35	0.18159372880493685
KRT18P36	0.0035538012634526075
KRT18P37	0.1390906142117863
KRT18P38	-0.12937431187285664
KRT18P39	0.07806494204733451
KRT18P4	0.0455861935517632
KRT18P40	-0.2126445766384534
KRT18P41	-0.07128256654361348
KRT18P42	0.14409067868271327
KRT18P43	-0.054795924403767085
KRT18P44	-0.055759061829277264
KRT18P45	-0.15203221225129898
KRT18P46	0.02630461102742476
KRT18P47	-0.07348941261345623
KRT18P48	-0.13964740081747723
KRT18P49	0.2990274894824739
KRT18P5	-0.1415703813155829
KRT18P50	-0.23262929922974024
KRT18P51	0.12734496079959062
KRT18P52	-0.17541975673098242
KRT18P53	-0.024848066255103444
KRT18P54	-0.18163266411496617
KRT18P55	-0.04031142294571934
KRT18P56	0.1346038937346284
KRT18P57	0.02269311445842245
KRT18P58	0.4730450949952596
KRT18P59	-0.1086933751052899
KRT18P6	0.38874044546633335
KRT18P60	-0.2722016792854665
KRT18P61	-0.23615197965720827
KRT18P62	0.20678289061704036
KRT18P63	-0.020469849346949228
KRT18P64	-0.06126798088642734
KRT18P65	-0.008039970784574727
KRT18P66	-0.22458358669558917
KRT18P67	-0.07306146997867793
KRT18P68	-0.02815147044659197
KRT18P7	-0.13699365896557453
KRT18P8	0.16336513952384601
KRT18P9	0.24380058942592428
KRT19	0.14394178019622406
KRT19P1	0.1488473766219344
KRT19P2	-0.17766115137169047
KRT19P3	0.24888707460117762
KRT19P4	0.03179529135760528
KRT19P6	0.11125760384342238
KRT2	-0.36028364733162466
KRT20	0.16621839270074945
KRT222	-0.18381656944993857
KRT223P	-0.09566111018672492
KRT23	0.043755160380741544
KRT24	0.04901621120599651
KRT25	-0.27762262003738997
KRT26	-0.24254149121594412
KRT27	-0.197401396725434
KRT28	0.20969808123190073
KRT3	0.024140856613083204
KRT31	0.10605877570007174
KRT32	-0.002322355568043707
KRT33A	0.13371392539051632
KRT33B	-0.01079266069978324
KRT34	0.1377993448665681
KRT35	0.08552678559002709
KRT36	-0.06009953606244777
KRT37	-0.030720909717141868
KRT38	-0.06982917406176316
KRT39	-0.17450726973674888
KRT4	-0.20798326670192807
KRT40	0.11789255573983708
KRT41P	0.013808318932360359
KRT42P	0.23688539999166186
KRT43P	-0.15281681371636946
KRT5	-0.32038367914909394
KRT6A	-0.19335036116630738
KRT6B	-0.2726838236775874
KRT6C	-0.29162527807509464
KRT7	-0.1245841822982843
KRT71	-0.13790258234743555
KRT72	-0.36041414803707467
KRT73	-0.38123763843957004
KRT74	-0.1565316793545349
KRT75	0.31355483638541237
KRT76	-0.1624746173808012
KRT77	-0.41285720585130065
KRT78	0.25862905595846225
KRT79	-0.3125473768822181
KRT8	0.1926222699945739
KRT80	-0.11261189961115657
KRT81	-0.08198549858673189
KRT82	0.05320252748852661
KRT83	-0.05520283405900683
KRT84	0.08145396398337304
KRT85	0.24349704276325834
KRT86	-0.12807308672744935
KRT8P1	0.2023342229712974
KRT8P10	0.1923652337927967
KRT8P11	0.09582020194015219
KRT8P12	-0.1856288423085037
KRT8P13	0.4316463597377213
KRT8P14	0.297151880225489
KRT8P15	0.19805498340868904
KRT8P17	0.26513860444654735
KRT8P18	0.01893353135448225
KRT8P19	0.2496974359722588
KRT8P2	0.08943935316918787
KRT8P20	0.04691061895131731
KRT8P21	0.26620488135672155
KRT8P22	0.0344308315771385
KRT8P23	0.2611712017095084
KRT8P24	0.2165540556494088
KRT8P25	0.0890731453679197
KRT8P26	0.14266257939442578
KRT8P27	0.013081694361757351
KRT8P28	0.00968686488689427
KRT8P29	0.04460909618452518
KRT8P3	0.11482475129407871
KRT8P30	0.15054464221264582
KRT8P31	0.19425203213549208
KRT8P32	0.23998022092939045
KRT8P33	0.3159376392812045
KRT8P34	0.1371866813507506
KRT8P35	0.1809328329093525
KRT8P36	0.11982226544403994
KRT8P37	0.09664921255200486
KRT8P38	0.14645420798830366
KRT8P39	0.14458626593154741
KRT8P4	0.22859721023031981
KRT8P40	0.27994147444938516
KRT8P41	0.0902322821029004
KRT8P42	0.24352734430362385
KRT8P43	0.08614299257651592
KRT8P44	-0.07770846643584207
KRT8P45	0.2038240327881047
KRT8P46	-0.24016519331119154
KRT8P47	0.238774141716147
KRT8P48	0.28898587070361464
KRT8P49	0.24530786629689183
KRT8P5	-0.0020687458318455905
KRT8P50	0.009758596303226546
KRT8P51	0.19246750932591367
KRT8P6	0.20616204149880046
KRT8P7	0.1889897053604162
KRT8P8	0.10482782000401687
KRT8P9	0.11189748837538444
KRT9	0.17743712037854537
KRTAP1-1	-0.24254149121594412
KRTAP1-3	0.38088064212036493
KRTAP1-4	0.2828395602640671
KRTAP1-5	-8.006131513988689e-06
KRTAP10-1	0.2492843689947074
KRTAP10-10	-0.1604847988921262
KRTAP10-11	-0.16171891929644258
KRTAP10-12	0.02478749039621423
KRTAP10-13P	-0.27389919522749734
KRTAP10-2	0.04696336573601662
KRTAP10-3	0.00355712662185865
KRTAP10-4	-0.3572801277978228
KRTAP10-5	-0.008601989209658385
KRTAP10-6	-0.24254149121594412
KRTAP10-7	0.05484043717744606
KRTAP10-8	0.13706381104710244
KRTAP10-9	-0.5176948507659923
KRTAP11-1	-0.38994260327768826
KRTAP12-1	-0.2529527887043923
KRTAP12-2	-0.11032061050302117
KRTAP12-3	0.00355712662185865
KRTAP12-4	-0.23186392680744827
KRTAP13-1	0.05798608228874665
KRTAP13-2	-0.10073187665243463
KRTAP13-3	
KRTAP13-4	0.27000773432814823
KRTAP13-5P	-0.055336791637305975
KRTAP13-6P	
KRTAP15-1	0.07295520028697955
KRTAP16-1	-0.1961898495515242
KRTAP17-1	-0.1593915264608306
KRTAP19-1	
KRTAP19-10P	
KRTAP19-11P	
KRTAP19-2	
KRTAP19-3	-0.042617842559978816
KRTAP19-4	0.2828395602640671
KRTAP19-5	
KRTAP19-6	0.2105897689219193
KRTAP19-7	
KRTAP19-8	
KRTAP19-9P	
KRTAP2-1	0.00355712662185865
KRTAP2-2	-0.24254149121594412
KRTAP2-3	-0.01325639295489063
KRTAP2-4	-0.2762979906897932
KRTAP2-5P	-0.24254149121594412
KRTAP20-1	-0.1514107522648601
KRTAP20-2	
KRTAP20-3	
KRTAP20-4	0.00355712662185865
KRTAP21-1	0.014170119241347074
KRTAP21-2	-0.2762979906897932
KRTAP21-3	
KRTAP21-4P	-0.16171891929644236
KRTAP22-1	
KRTAP22-2	-0.0026366779991051836
KRTAP23-1	-0.055336791637305975
KRTAP24-1	-0.055336791637305975
KRTAP25-1	
KRTAP26-1	-0.028324730029229788
KRTAP27-1	0.02538081411565451
KRTAP29-1	-0.23077618567644648
KRTAP3-1	-0.006695587563576858
KRTAP3-2	0.48283602050595986
KRTAP3-3	-0.3267726163489765
KRTAP3-4P	
KRTAP4-1	0.10964413784698414
KRTAP4-11	-0.06592367958386287
KRTAP4-12	-0.2762979906897932
KRTAP4-16P	0.09845504119810082
KRTAP4-2	
KRTAP4-3	
KRTAP4-4	-0.2273688780149567
KRTAP4-5	0.11125760384342238
KRTAP4-6	
KRTAP4-7	-0.001048314270479933
KRTAP4-8	-0.07901876745712777
KRTAP4-9	0.011424434547328785
KRTAP5-1	-0.1911281214179999
KRTAP5-10	-0.1116213493377719
KRTAP5-11	-0.2762979906897932
KRTAP5-14P	0.08392095049566564
KRTAP5-2	-0.3096879411812659
KRTAP5-3	-0.1514107522648601
KRTAP5-4	-0.1514107522648601
KRTAP5-5	-0.08894357385478026
KRTAP5-6	-0.11072208950178673
KRTAP5-7	-0.10552142393919665
KRTAP5-8	0.0901261578330781
KRTAP5-9	-0.08741184743995047
KRTAP5-AS1	0.2842069167569011
KRTAP6-1	0.2828395602640671
KRTAP6-2	
KRTAP6-3	
KRTAP7-1	
KRTAP8-1	
KRTAP8-2P	
KRTAP8-3P	
KRTAP9-1	0.1935697539052563
KRTAP9-10P	0.07627663103744552
KRTAP9-11P	0.2105897689219193
KRTAP9-12P	-0.32142275187435876
KRTAP9-2	
KRTAP9-3	0.2828395602640671
KRTAP9-4	-0.0026366779991051836
KRTAP9-6	-0.020783347415587964
KRTAP9-7	-0.0026366779991051836
KRTAP9-8	
KRTAP9-9	0.1375959013878301
KRTCAP2	-0.18030066774718287
KRTCAP3	0.20146824982860786
KRTDAP	-0.070692476165952
KSR1	-0.035329792021975955
KSR1P1	0.00355712662185865
KSR2	0.07424061589018785
KTI12	-0.31051467524153475
KTN1	0.05313801460139977
KTN1-AS1	-0.010310949134033888
KXD1	-0.26779637797968897
KY	0.19860973179952524
KYNU	-0.47324368251690524
KYNUP1	-0.0027900889731334896
KYNUP2	
KYNUP3	
L1CAM	-0.12541500969533562
L1TD1	0.010624762791949668
L2HGDH	0.13336952100722443
L3HYPDH	-0.18269956846700877
L3MBTL1	-0.19355288213824948
L3MBTL2	-0.3308259424025025
L3MBTL3	-0.2958617982757314
L3MBTL4	0.1357932657960628
LACC1	0.17343092913631294
LACE1	0.06861037128108256
LACRT	0.04776375883227673
LACTB	-0.049409432975996745
LACTB2	0.06375521503302202
LACTBL1	-0.19294624747908373
LAD1	-0.10105962260766371
LAG3	-0.28294826073458096
LAGE3	-0.22537925022155048
LAIR1	-0.41707945813360475
LAIR2	-0.13681104632497598
LALBA	0.1935697539052563
LAMA1	0.0003570286406120036
LAMA2	0.21794625898540046
LAMA3	-0.05460305687416032
LAMA4	0.0889822431020496
LAMA5	-0.0052351997619439926
LAMB1	0.18496945637122073
LAMB2	0.05902830631299864
LAMB3	0.17086992684809227
LAMB4	0.03250718002903219
LAMC1	0.042559999449685484
LAMC2	-0.26240473873637427
LAMC3	0.11046243323779664
LAMP1	0.15572634377990185
LAMP2	0.17765492845712524
LAMP3	-0.4388082246796919
LAMP5	-0.12628972898512464
LAMTOR1	-0.16949181190311993
LAMTOR2	-0.009108602032192317
LAMTOR3	0.09036078081095525
LAMTOR3P1	0.16906422765240006
LAMTOR3P2	0.0644584771385885
LAMTOR4	-0.02115853419387808
LAMTOR5	-0.09688175729416057
LAMTOR5-AS1	-0.2401636664722185
LAMTOR5P1	-0.2049062976098442
LANCL1	-0.2891183878711512
LANCL2	-0.009043988133411372
LANCL3	0.08581987223817918
LAP3	-0.40224399190030513
LAP3P1	0.07478479229506355
LAP3P2	-0.13445374523562112
LAPTM4A	0.19027801349083798
LAPTM4B	0.22527616969309308
LAPTM5	-0.4385843339858216
LARGE	0.10966615511981949
LARGE-AS1	-0.22214807821532437
LARGE-IT1	-0.012502388159033428
LARP1	-0.1885372209867503
LARP1B	0.2956605136128156
LARP1BP1	0.04074782330480823
LARP1BP2	0.2828395602640671
LARP1BP3	0.23511554181270067
LARP1P1	0.16899407727747146
LARP4	-0.07152459349137989
LARP4B	0.011728967316752352
LARP4P	-0.057120021906155595
LARP6	-0.15043863750838674
LARP7	-0.2022620950875821
LARS	-0.05823878172602476
LARS2	-0.17820892909844838
LARS2-AS1	-0.29938357115647024
LAS1L	-0.39530392444930823
LASP1	0.2861882758484992
LAT	-0.41019594539642684
LAT2	-0.42187640003764787
LATS1	-0.20455019790751014
LATS2	-0.056512441629441496
LATS2-AS1	0.38088064212036493
LAX1	-0.47293832328294344
LAYN	-0.24796876206837615
LBH	-0.43522077283129346
LBP	-0.2834220530976016
LBR	-0.28762229500840125
LBX1	0.10385079699829829
LBX1-AS1	0.17506107385272945
LBX2	-0.07553798425099456
LBX2-AS1	0.16115107445971885
LCA10	-0.12891100912431855
LCA5	-0.19616462537317259
LCA5L	-0.04538832131502611
LCAT	-0.1870199738088318
LCE1A	0.10442595264095117
LCE1B	
LCE1C	0.0029191621957673523
LCE1D	
LCE1E	-0.03998686061253127
LCE1F	0.031043949999606357
LCE2A	0.02939318582346537
LCE2B	0.11125760384342238
LCE2C	
LCE2D	
LCE3A	
LCE3B	-0.1994405709039652
LCE3C	
LCE3D	-0.25742972874745396
LCE3E	0.2105897689219193
LCE4A	-0.03487162634829198
LCE5A	0.29663905515282285
LCE6A	0.14663268552303854
LCK	-0.4340061160147518
LCLAT1	0.09761678847286047
LCMT1	0.11605335515941397
LCMT2	-0.30651780217027275
LCN1	-0.26185188876992627
LCN10	-0.3766310992023616
LCN12	-0.1936491141184435
LCN15	-0.04072263892801535
LCN1P1	0.09095111490095213
LCN1P2	-0.1089222052755103
LCN2	-0.15581006789060295
LCN6	-0.2534412399709112
LCN8	0.1614117811131256
LCN9	0.01229023482606083
LCNL1	-0.3138966272772128
LCOR	0.10472912153307017
LCORL	-0.039760180628702034
LCP1	-0.44809700613412157
LCP2	-0.4201322025522495
LCT	-0.1880602851326578
LCTL	0.06785179367214704
LDB1	-0.39224791547235927
LDB2	-0.13890863247253793
LDB3	0.2209960512463886
LDHA	0.1617822950398121
LDHAL6A	-0.2585704951231497
LDHAL6B	-0.07169240812366595
LDHAL6CP	-0.13915761194120754
LDHAL6DP	-0.1514107522648601
LDHAL6EP	0.38088064212036493
LDHAL6FP	0.07620691596051343
LDHAP1	0.27359978832519993
LDHAP2	0.2524031709781286
LDHAP3	0.18329216502610407
LDHAP4	0.27845733870409095
LDHAP5	0.10139933541686989
LDHAP7	0.050319554087380904
LDHB	-0.4076226144659034
LDHBP1	0.05694160876353941
LDHBP2	-0.053959403618575395
LDHBP3	0.1108822958304701
LDHC	-0.016305195190136547
LDHD	-0.14620905660406514
LDLR	0.02827564861856485
LDLRAD1	0.14198907765285684
LDLRAD2	-0.20001157786338672
LDLRAD3	-0.35420913430259937
LDLRAD4	-0.4004350594090985
LDLRAD4-AS1	-0.036629338245891305
LDLRAP1	-0.06405685698508026
LDOC1	-0.2515934238279909
LDOC1L	0.09508195675652602
LEAP2	0.15271077532533572
LECT1	-0.4275991619861238
LECT2	0.18844269128991697
LEF1	-0.3453189013213761
LEF1-AS1	-0.14664728872476612
LEFTY1	0.037084197424784714
LEFTY2	0.16370496259746567
LEKR1	-0.2083158665363326
LELP1	-0.24254149121594412
LEMD1	-0.1573796303165595
LEMD1-AS1	0.17852276092898905
LEMD2	0.18272102017837002
LEMD3	-0.10427517143751949
LENEP	0.030497647454189963
LENG1	-0.04656661443146184
LENG8	-0.2500170075229306
LENG8-AS1	-0.268392894260591
LENG9	0.2500485783363696
LEO1	0.030673323794352773
LEP	-0.10336763505265549
LEPR	-0.19279049033096488
LEPRE1	-0.3574210662847128
LEPREL1	-0.13835159784648124
LEPREL1-AS1	0.04016955005692557
LEPREL2	0.012189928500789529
LEPREL4	0.18343166534401198
LEPROT	0.10982374037367379
LEPROTL1	-0.13038757560495276
LETM1	0.14898516628940475
LETM1P2	0.2392153744295283
LETM2	-0.33665482393187857
LETMD1	0.13856712350428194
LEUTX	0.2828395602640671
LFNG	-0.022207509801539946
LGALS1	-0.21406023619453238
LGALS12	-0.112580033386441
LGALS13	
LGALS14	-0.07587282055250263
LGALS16	
LGALS17A	-0.32683709054576443
LGALS2	0.04967689076898892
LGALS3	0.20103143349544833
LGALS3BP	0.14857076752862597
LGALS4	0.12869986054293134
LGALS7	-0.1869187536661876
LGALS7B	0.1624909538682192
LGALS8	0.10212157685001103
LGALS8-AS1	-0.00824065448990479
LGALS9	-0.024982442805175586
LGALS9B	0.27478740617463815
LGALS9C	-0.11602148996841304
LGALSL	0.1196557682052541
LGI1	0.20771125827993683
LGI2	-0.42442855208604663
LGI3	0.17259020959947996
LGI4	0.043791997392417986
LGMN	0.31907020387830576
LGMNP1	0.24744800801751307
LGR4	0.15591403181993602
LGR5	0.23529449574982916
LGR6	0.06628047704668583
LGSN	0.14555732261174747
LHB	-0.07694705715336525
LHCGR	-0.06997117217381524
LHFP	-0.1584242121149347
LHFPL1	-0.4154459861004104
LHFPL2	-0.022935462329613934
LHFPL3	0.05258454435812465
LHFPL3-AS1	0.13633678142037858
LHFPL4	0.10383855601874502
LHFPL5	0.07154743406309938
LHPP	0.016186443209206692
LHX1	0.12180386793460031
LHX2	-0.28351615006934444
LHX3	-0.2682388589610043
LHX4	-0.00745872432509167
LHX5	0.2766947402545817
LHX6	-0.009554210115755257
LHX8	-0.3275779473325225
LHX9	0.07169610157231064
LIAS	-0.059880229638243625
LIF	-0.11366180962723028
LIFR	-0.4501796868297431
LIFR-AS1	-0.23148597350522834
LIG1	-0.2912033843543126
LIG3	-0.24842015592799452
LIG4	-0.042698720058113676
LILRA1	-0.24294263377460834
LILRA2	0.015189119592542027
LILRA3	-0.08702787674293133
LILRA4	-0.23352371639271155
LILRA5	0.017524537835046816
LILRA6	-0.019822781186909815
LILRB1	-0.4591292850354793
LILRB2	-0.08672118010316952
LILRB3	-0.1368097417313204
LILRB4	-0.4376235585260609
LILRB5	0.232708420148422
LILRP1	0.25082160284342336
LILRP2	0.41629723747578784
LIM2	-0.12296677695830013
LIMA1	0.306184091991334
LIMCH1	0.00503682179516785
LIMD1	-0.08295340761850133
LIMD1-AS1	-0.27147002794243985
LIMD2	-0.370269466442733
LIME1	0.05037537279044492
LIMK1	-0.36559508936963636
LIMK2	0.05072999296206867
LIMS1	-0.4097592594574872
LIMS2	-0.16483231871075255
LIMS3	-0.13877692175243475
LIMS3L	-0.004081487145866456
LIN28A	-0.043999625664576915
LIN28AP1	-0.14381448770015273
LIN28AP2	-0.1514107522648601
LIN28B	-0.14267619268457274
LIN37	-0.036020694459584085
LIN52	-0.3487134635664636
LIN54	-0.11044227713579909
LIN7A	0.12214461612614085
LIN7B	0.12900525816196917
LIN7C	-0.0786593773406227
LIN9	-0.08204548580713851
LINC-ROR	-0.19618302661088144
LINC00028	-0.20176594944309936
LINC00029	0.08733690971045241
LINC00032	0.14719262480280837
LINC00035	0.1744081954670497
LINC00051	-0.051410321480484966
LINC00052	-0.040721356512711845
LINC00083	-0.1456357871134465
LINC00085	-0.24050648363583146
LINC00086	-0.16159852255459256
LINC00087	-0.07604811464372269
LINC00092	-0.2546783400360475
LINC00094	-0.3354863585991168
LINC00102	-0.026294062624664754
LINC00106	-0.21605138990757042
LINC00111	0.07675287237453664
LINC00112	-0.024527221845207905
LINC00113	
LINC00114	0.052956467015159464
LINC00115	-0.1149335328222187
LINC00116	-0.11465650146140587
LINC00152	-0.36428598605578694
LINC00158	-0.3699219256970958
LINC00159	-0.25924955612598094
LINC00160	-0.21314571507876506
LINC00161	-0.19290144609542448
LINC00162	-0.23719939309362564
LINC00163	-0.04531344965183066
LINC00167	0.007542341269740447
LINC00173	-0.3307366572592042
LINC00174	-0.17248235196203582
LINC00176	-0.20384209397845857
LINC00184	0.1778324168058243
LINC00189	-0.30824130532387456
LINC00200	0.0406795961130719
LINC00202-1	-0.27959983074149775
LINC00202-2	0.005716057326406257
LINC00205	-0.0412188100680858
LINC00207	0.06285784576689603
LINC00208	0.12747288555555292
LINC00210	-0.010227437396891248
LINC00211	-0.03483559230114232
LINC00221	0.26026906306090614
LINC00222	-0.2860760319684321
LINC00226	0.08378464054686305
LINC00229	0.22352706153863386
LINC00237	-0.3151862555387577
LINC00238	0.21772489612896498
LINC00240	0.022788141776021197
LINC00242	-0.2342385875102852
LINC00243	-0.2572312127856399
LINC00261	0.2000628718373596
LINC00263	-0.04494469209878013
LINC00264	-0.230871937048429
LINC00265	-0.04947436871187076
LINC00265-2P	0.00355712662185865
LINC00265-3P	
LINC00266-1	-0.2204076195979891
LINC00266-2P	
LINC00266-3	-0.1994405709039652
LINC00266-4P	
LINC00269	-0.1659293078944506
LINC00271	-0.1525212450661663
LINC00272	-0.09057415774665935
LINC00273	0.2054458791133108
LINC00276	0.08019043225207609
LINC00277	0.04744192755439292
LINC00278	-0.028750946355760105
LINC00279	
LINC00280	-0.16171891929644236
LINC00284	-0.06263362677456637
LINC00290	-0.2010412291724731
LINC00293	
LINC00297	-0.19012302876942658
LINC00299	-0.2598621848023969
LINC00301	-0.048173072395341576
LINC00302	
LINC00303	0.16198704787119675
LINC00304	-0.10793582355008295
LINC00305	-0.16733568988902836
LINC00307	0.019560684207919215
LINC00308	
LINC00309	0.01912654853788718
LINC00310	-0.14940236108015062
LINC00311	0.08789687462062377
LINC00312	-0.03842687439497216
LINC00313	0.14139292623842223
LINC00314	0.11125760384342238
LINC00315	0.22126988788935165
LINC00316	-0.04868448247965521
LINC00317	0.09374479228410951
LINC00319	0.20806330970686565
LINC00320	-0.22345196128894151
LINC00322	-0.17337995328978936
LINC00323	-0.08624436463608513
LINC00324	0.15435087274075646
LINC00326	-0.2500237211389219
LINC00327	0.02618954259004554
LINC00328-2P	
LINC00330	0.09708157606824046
LINC00331	
LINC00332	0.07425935655642281
LINC00333	0.11125760384342238
LINC00334	-0.07370567827517599
LINC00336	-0.11054240534758149
LINC00337	-0.11038074837986772
LINC00338	-0.13056034371888037
LINC00339	-0.2050041612751458
LINC00341	-0.43780814473269286
LINC00342	-0.19852778885771705
LINC00343	0.4621385749849679
LINC00345	-0.25626854324619575
LINC00346	0.02014493175312353
LINC00347	-0.0757308649247912
LINC00348	-0.17560431383697328
LINC00349	-0.15783030839820938
LINC00350	-0.18504910116762957
LINC00351	0.20567592400310747
LINC00352	0.04828579910784588
LINC00353	
LINC00354	-0.058483359811812664
LINC00355	0.010349260404419736
LINC00358	-0.04947105959806506
LINC00359	0.09797518166980132
LINC00362	-0.16171891929644236
LINC00363	
LINC00364	-0.055336791637305975
LINC00365	0.1399068782232111
LINC00366	0.07627663103744552
LINC00368	0.2105897689219193
LINC00370	-0.14680404874956865
LINC00371	0.07875566951359228
LINC00374	0.044640635442644676
LINC00375	-0.02078334741558796
LINC00376	-0.055336791637305975
LINC00378	-0.020783347415587964
LINC00379	-0.3103013195342275
LINC00380	0.004944464342225856
LINC00381	-0.2997088451869891
LINC00382	-0.2309204378764284
LINC00383	0.00355712662185865
LINC00384	-0.09415124916198807
LINC00385	-0.05011019643877746
LINC00387	
LINC00388	
LINC00390	0.03196765466458968
LINC00391	0.01922165852913648
LINC00392	-0.009607296839234185
LINC00393	-0.14176003909558962
LINC00395	
LINC00396	
LINC00397	0.09655055176055302
LINC00398	-0.2861847500108532
LINC00399	-0.04085466523102659
LINC00400	-0.1443428214121933
LINC00401	-0.020783347415587964
LINC00402	-0.5380800864913025
LINC00403	0.03658020648008701
LINC00404	-0.24799007655264946
LINC00407	-0.0656014168719634
LINC00408	0.1935697539052563
LINC00410	0.1658121478412822
LINC00411	
LINC00412	-0.3691874801676523
LINC00415	0.21627541843536174
LINC00421	-0.2645094827561344
LINC00423	-0.35872299405232894
LINC00424	-0.16171891929644236
LINC00426	-0.43508908595151
LINC00427	-0.27667361362070003
LINC00428	
LINC00430	-0.030661419331679658
LINC00431	0.0005088059122267511
LINC00433	-0.1514107522648601
LINC00434	0.1634703335850451
LINC00437	0.00355712662185865
LINC00440	
LINC00441	-0.17488639609679105
LINC00442	-0.027241384238712637
LINC00443	-0.12028792447791506
LINC00444	-0.10982088167047183
LINC00445	-0.010569278238345605
LINC00446	-0.1994405709039652
LINC00448	0.08285128895248016
LINC00449	-0.10656709421081519
LINC00452	-0.008056667160441205
LINC00454	-0.15612558942897678
LINC00456	0.2202693011087299
LINC00457	0.014170119241347074
LINC00458	0.01013712071446946
LINC00459	
LINC00460	-0.38199342245537227
LINC00461	-0.03348461773758303
LINC00462	-0.2202078920484755
LINC00466	-0.11731754472475518
LINC00467	-0.25075351442114663
LINC00469	0.1788098072447029
LINC00470	0.0828867977062544
LINC00471	-0.21486124545145638
LINC00472	-0.14754384554521058
LINC00473	0.03342688558923778
LINC00474	-0.09918225381519429
LINC00475	0.012338050286647728
LINC00476	-0.15710655477798569
LINC00477	-0.24214668099645126
LINC00478	0.06305563953398716
LINC00479	0.13470625117807997
LINC00482	-0.05984532654590352
LINC00483	0.30709681402393973
LINC00484	0.005999163622439426
LINC00485	-0.2615793043162693
LINC00486	-0.18908599926488956
LINC00487	-0.3184233951384534
LINC00488	0.14997458665799732
LINC00489	-0.055336791637305975
LINC00491	0.2928107228970636
LINC00492	0.2860838765962896
LINC00493	-0.09368689897865572
LINC00494	-0.45126634153646084
LINC00498	
LINC00499	-0.1141372645308577
LINC00500	-0.11724149792808661
LINC00501	0.08572414416540051
LINC00502	0.07268814537471642
LINC00504	-0.24229749109219514
LINC00505	-0.05519269579848283
LINC00507	-0.21763492183740235
LINC00508	0.07019492378883577
LINC00511	0.2128717986987085
LINC00514	-0.27793334724643354
LINC00515	-0.17986157224739302
LINC00517	0.05230804506121042
LINC00518	0.27417312939625804
LINC00519	0.16234057634308866
LINC00520	0.0809124222065936
LINC00521	-0.304727097351304
LINC00523	-0.18003550828270878
LINC00524	-0.07527030267255724
LINC00525	-0.21065575840673648
LINC00526	0.41581500123276177
LINC00528	-0.4031971189277441
LINC00529	-0.24254149121594412
LINC00533	
LINC00534	0.38088064212036493
LINC00535	-0.24159250276771904
LINC00536	0.07000803400517525
LINC00537	-0.4047647740891905
LINC00539	-0.2845104253810484
LINC00543	0.0303942490205694
LINC00544	-0.24613417221723344
LINC00545	0.1436612097745727
LINC00551	-0.16819848740450147
LINC00552	0.045385329963416925
LINC00554	0.08742779256585415
LINC00555	-0.006862138493641475
LINC00556	
LINC00557	
LINC00558	0.1587062406615633
LINC00559	0.17923729467452645
LINC00560	
LINC00561	-0.11600857545990181
LINC00562	0.14274280529190578
LINC00563	-0.07241402184918797
LINC00564	-0.11666947340394185
LINC00565	-0.29247314798460594
LINC00566	-0.004441876726701357
LINC00567	-0.20048476473724
LINC00568	0.033194610213829384
LINC00570	-0.0489296866541805
LINC00571	-0.01950869184250349
LINC00572	0.0745039944258438
LINC00574	0.21577119865527392
LINC00575	0.24586488395862097
LINC00577	-0.15160593604383688
LINC00578	-0.165866850798006
LINC00582	-0.05627741235889281
LINC00583	
LINC00587	
LINC00588	-0.3020905890309306
LINC00589	0.061588077053920956
LINC00592	-0.09531780398088957
LINC00593	-0.21745889639269786
LINC00594	0.3078087207056406
LINC00595	0.13905210572325932
LINC00596	0.006747838680934195
LINC00598	-0.12844943215459995
LINC00599	0.18853626653715766
LINC00601	0.17078018434583855
LINC00603	0.09097536592319669
LINC00604	0.0983904357454293
LINC00605	0.128620169488845
LINC00606	0.13237500832267712
LINC00607	0.168788086702424
LINC00608	-0.0016426625150796645
LINC00609	-0.020783347415587964
LINC00610	-0.1448754671655711
LINC00612	0.13357527009170925
LINC00613	
LINC00614	-0.14334031062315347
LINC00615	0.0706874386993709
LINC00616	-0.08894773425480179
LINC00617	-0.2222370182830995
LINC00618	-0.2164030310810829
LINC00619	-0.11899360864466588
LINC00620	0.07020663718754608
LINC00621	-0.13178882919199922
LINC00622	-0.00043867037495686444
LINC00623	-0.16519062991670744
LINC00624	-0.0038227105717258208
LINC00626	0.2828395602640671
LINC00629	-0.016119040490881153
LINC00630	-0.10032893138524064
LINC00632	-0.06088008616286271
LINC00633	
LINC00634	-0.2615069779108853
LINC00635	-0.12640490337179444
LINC00636	-0.3009086293122818
LINC00637	0.10005683586694537
LINC00638	-0.30476387508177927
LINC00639	-0.09917297899829997
LINC00640	0.088571793921599
LINC00641	-0.39105332899784356
LINC00642	0.20461118633239997
LINC00643	-0.3387634994556323
LINC00644	
LINC00645	0.07265472862869483
LINC00648	-0.08708266039982249
LINC00649	-0.05582027081861705
LINC00652	-0.11924501656992166
LINC00654	-0.0658299447117141
LINC00656	0.3625396868818405
LINC00657	0.05506148260121824
LINC00658	-0.2752777470873876
LINC00659	-0.5116767422461661
LINC00661	0.024587095556829582
LINC00662	-0.31424127610333663
LINC00663	-0.18347599318413874
LINC00664	-0.16913114870748494
LINC00665	-0.20093201712285416
LINC00667	0.25104261998016697
LINC00668	0.136607287294821
LINC00669	0.16861166699101302
LINC00670	-0.052953622950318635
LINC00671	-0.029713594848199992
LINC00672	-0.012734175131216356
LINC00674	0.002635175757881525
LINC00675	0.14978623790360274
LINC00676	0.38088064212036493
LINC00677	-0.04236331004329428
LINC00678	0.05346393325827251
LINC00680	-0.24945554430506725
LINC00681	0.2447470605661791
LINC00682	-0.05638011868155138
LINC00683	0.07927206803128238
LINC00684	
LINC00685	-0.13336816814110672
LINC00686	
LINC00687	0.2828395602640671
LINC00689	-0.08585593685604731
LINC00690	0.04610234394947613
LINC00691	-0.10688211628848708
LINC00692	
LINC00693	-0.32168664523143653
LINC00694	-0.13610348011291853
LINC00696	-0.27186558174076286
LINC00698	-0.2789238925162328
LINC00700	-0.24323108783247457
LINC00701	-0.24254149121594412
LINC00702	0.0391905967705775
LINC00703	0.08365521523928388
LINC00704	0.002212114043962003
LINC00705	0.015055497987304794
LINC00707	-0.1707531138273314
LINC00708	-0.19290144609542448
LINC00709	
LINC00710	-0.1046429381655934
LINC00837	0.09329331987529875
LINC00838	-0.016897302620576555
LINC00839	-0.08509822280621397
LINC00840	0.09701738458190697
LINC00841	-0.1647861120103925
LINC00842	-0.33170378724126826
LINC00843	-0.18033762847959117
LINC00844	-0.07629948288895809
LINC00845	0.10616850530784458
LINC00846	-0.10650870115549996
LINC00847	-0.25578346705740057
LINC00851	-0.020783347415587964
LINC00852	-0.02736057132435006
LINC00853	-0.029046702736556806
LINC00854	-0.06692725066393158
LINC00856	-0.2377408642234548
LINC00857	0.22639793302467495
LINC00858	-0.22303041777257887
LINC00861	-0.37508669042909876
LINC00862	-0.38934140460935274
LINC00863	-0.20216385025298456
LINC00864	0.11799764425049453
LINC00865	0.11873574834425764
LINC00866	0.01555020883750651
LINC00867	0.14227588500844687
LINC00868	-0.21809340209139663
LINC00870	-0.10779774392533757
LINC00871	-0.24121355314543355
LINC00877	-0.34714897032069447
LINC00879	0.3558302037902746
LINC00880	-0.3747285998185135
LINC00881	-0.4386077812286478
LINC00882	0.24509086145750128
LINC00883	-0.2695561485815514
LINC00884	-0.05286242666997379
LINC00885	-0.2901158837780623
LINC00886	-0.04806763279414225
LINC00887	-0.04056081299231245
LINC00888	-0.36482841574679764
LINC00890	-0.4224041812142221
LINC00892	-0.3542265172385457
LINC00893	-0.1017653658630013
LINC00894	-0.17510123501313704
LINC00896	-0.027632960290398963
LINC00898	0.11359810556718968
LINC00899	0.06243102406824184
LINC00900	-0.28428714445459485
LINC00901	-0.37169066354098723
LINC00903	
LINC00904	
LINC00905	-0.09328852556791879
LINC00906	-0.13958097823625504
LINC00907	-0.03786394664982327
LINC00908	0.022845401865279596
LINC00909	-0.1861269243706497
LINC00910	-0.10006801777804433
LINC00911	0.38088064212036493
LINC00917	0.5256470056476081
LINC00919	0.2646657695292928
LINC00920	-0.02027707856654129
LINC00922	-0.2056399831026107
LINC00923	-0.0574112279916342
LINC00924	0.05114740782747499
LINC00925	-0.4503729713478333
LINC00926	-0.47490542113563583
LINC00927	0.16569541321488918
LINC00928	0.15946483088406335
LINC00929	-0.36300663609918365
LINC00930	-0.02639654489712599
LINC00933	-0.03082774503100669
LINC00935	-0.1543548761113495
LINC00936	-0.22948400829022605
LINC00937	-0.16242544521531715
LINC00938	0.04796668522172525
LINC00939	0.08668761827550295
LINC00940	0.0418522756552843
LINC00941	0.2989716661071294
LINC00942	0.09874923229091996
LINC00943	-0.26061335092148713
LINC00944	-0.24263954266441123
LINC00945	0.08604348617508083
LINC00948	0.08231966713929653
LINC00951	0.12641090612100797
LINC00954	-0.4634659588119151
LINC00955	0.12053300301396404
LINC00957	-0.16328904304692637
LINC00958	0.02664031630704711
LINC00959	-0.23560898041333425
LINC00960	0.017210178619658772
LINC00961	-0.1324419811899684
LINC00963	-0.1658820682448257
LINC00964	0.08131762135938937
LINC00966	-0.24975378759508088
LINC00967	0.29982056149360853
LINC00968	-0.3509789278026935
LINC00969	-0.14867673791709188
LINC00970	0.037867023151821985
LINC00971	0.24228597688334289
LINC00972	0.15510167720574447
LINC00973	-0.4114189944663391
LINC00974	0.07462318856175101
LINC00977	0.09516300249592807
LINC00982	0.0591967494256809
LINC00984	-0.0629455354229871
LINC00987	0.011088710485494287
LINC00989	-0.05961029248404461
LINC00992	0.07967440620196829
LINC00993	-0.060968453732846255
LINC00994	-0.3700769861824192
LINC00996	-0.34664877386105575
LINC00998	-0.31720953429409116
LINC00999	0.03329824395080387
LINC01001	-0.13774910077585364
LINC01002	0.27433231825637777
LINC01003	-0.1269673892496719
LINC01004	-0.017533300786432886
LINC01005	-0.24799007655264946
LINC01006	0.12473223909857428
LINC01007	0.0030019960477204954
LINC01010	-0.14106082127297617
LINC01011	-0.08055578368699165
LINC01013	-0.4147466288060902
LINC01014	0.27870550627678425
LINC01015	-0.10704021314604105
LINC01016	-0.36409405237972026
LINC01018	0.01665551336865503
LINC01019	-0.20397618870499792
LINC01020	-0.1609814289237982
LINC01021	-0.1794650114446482
LINC01022	0.20316566608777276
LINC01023	0.19032571908708595
LINC01024	0.04927037744175641
LINC01028	-0.020783347415587964
LINC01029	-0.1649311308945417
LINC01030	-0.036218417506281894
LINC01031	0.22708108177735872
LINC01032	-0.08122917983971173
LINC01033	0.009348009630646385
LINC01034	0.23511554181270067
LINC01035	-0.04947105959806506
LINC01036	-0.28491206163691046
LINC01037	-0.11420810421196692
LINC01038	0.00355712662185865
LINC01039	0.08392095049566564
LINC01040	
LINC01043	0.17096354299048525
LINC01044	-0.04784667920800979
LINC01046	-0.3127358845901973
LINC01047	0.1935697539052563
LINC01048	0.38088064212036493
LINC01049	-0.2762979906897932
LINC01050	-0.2762979906897932
LINC01052	0.2828395602640671
LINC01053	-0.020134573650369983
LINC01054	
LINC01055	0.19669934782909512
LINC01056	-0.05539551525548137
LINC01057	0.21710270742237078
LINC01058	-0.38695499962649677
LINC01059	0.14643861666903288
LINC01060	-0.10528345327403484
LINC01063	-0.17762100524162247
LINC01065	
LINC01066	-0.24254149121594412
LINC01067	0.1480164701647098
LINC01068	0.15173421057135592
LINC01069	
LINC01070	-0.2523769134526871
LINC01071	0.20999575378561017
LINC01072	
LINC01074	
LINC01075	
LINC01076	
LINC01077	-0.42881761301305016
LINC01078	-0.2762979906897932
LINC01079	0.09770767594878335
LINC01081	-0.0699079023935033
LINC01082	-0.0029941483013924634
LINC01085	0.16818555564304177
LINC01087	-0.0039025822705412634
LINC01088	0.02609710481552638
LINGO1	-0.31624333941247235
LINGO2	-0.2813974769497837
LINGO3	-0.344361676538627
LINGO4	-0.10727986806787987
LINS	-0.21319587993785447
LIPA	0.014486847317113322
LIPC	-0.06612756270182327
LIPE	0.2240064868563704
LIPE-AS1	-0.026083077541364595
LIPF	-0.12922190237430597
LIPG	0.026809260426288128
LIPH	0.04897511150256729
LIPI	-0.215747224974123
LIPJ	-0.07858562487467911
LIPK	0.05867114199924292
LIPM	-0.059767804919400126
LIPN	-0.292216428722441
LIPT1	0.035859748457425726
LIPT1P1	
LIPT2	0.042072529923500614
LITAF	-0.017201005951926723
LIX1	-0.35910999757786694
LIX1L	-0.5403306291794308
LLGL1	-0.13064251137335087
LLGL2	0.20643947774489807
LLPH	-0.17511443023689904
LMAN1	0.22329154731595585
LMAN1L	-0.14994311367347454
LMAN2	0.07403359992127898
LMAN2L	-0.12101894641741728
LMBR1	0.12073475011290616
LMBR1L	0.04883546012616977
LMBRD1	0.20496807722144536
LMBRD2	-0.03436029977248082
LMCD1	-0.35030273529493583
LMCD1-AS1	-0.017383981919174216
LMF1	-0.0875242517353873
LMF2	0.09416581987892676
LMLN	-0.14770986795835872
LMLN-AS1	-0.3599443188222321
LMNA	0.3099242970119192
LMNB1	-0.2717069055675604
LMNB2	-0.0859980539331861
LMO1	-0.04180802288143844
LMO2	-0.35670039081316235
LMO3	0.11483529338521486
LMO4	0.08474502332080462
LMO7	0.37029460952075305
LMOD1	0.040266150078763684
LMOD2	0.017279108115663414
LMOD3	0.056481771810579555
LMTK2	0.21600408648402664
LMTK3	0.28523662070697836
LMX1A	0.11790044832613587
LMX1B	0.10381651751667802
LNP1	-0.09059886928974416
LNPEP	-0.4112327682736971
LNX1	0.3181370420431486
LNX1-AS1	0.18314107610065872
LNX1-AS2	0.1418812653452473
LNX2	0.374247489659517
LOC401913	0.024271193337099605
LOH12CR1	-0.15763338997494636
LOH12CR2	-0.08309052568677382
LONP1	-0.11145838252893997
LONP2	-0.06754392146450619
LONRF1	-0.26165676136493876
LONRF2	-0.27991320063982544
LONRF2P1	
LONRF2P2	0.09845504119810082
LONRF3	-0.003725187258388437
LOR	-0.1292627750372952
LOX	-0.02529485864400519
LOXHD1	-0.08892359060900466
LOXL1	-0.24146733661189482
LOXL1-AS1	-0.38962613485463
LOXL2	-0.09722398025297997
LOXL3	-0.1716927666403104
LOXL4	-0.05096463857959878
LPA	-0.03728221952422903
LPAL2	-0.15586672541319
LPAR1	-0.22365371809322085
LPAR2	-0.07449470175714565
LPAR3	0.014674445323023361
LPAR4	-0.10465843557318733
LPAR5	-0.2516604142985086
LPAR6	-0.1637977253902212
LPCAT1	-0.3604521640463533
LPCAT2	0.11870260165749359
LPCAT2BP	
LPCAT3	0.277858778051491
LPCAT4	0.0162883862348885
LPGAT1	0.046475397387943235
LPHN1	0.3135678547705048
LPHN2	-0.1537953196377076
LPHN3	0.08340957251510395
LPIN1	-0.37121652538121924
LPIN2	-0.19210526113091422
LPIN3	0.03924791230334232
LPL	-0.3190397582046895
LPO	-0.16057891535792668
LPP	-0.03229045084404907
LPP-AS1	-0.29297333888333893
LPP-AS2	-0.18297018154202865
LPPR1	0.14721535660107685
LPPR3	0.06368063184417669
LPPR4	0.22159660994082128
LPPR5	0.04604293619926449
LPXN	-0.41430214145737154
LRAT	0.0010495686500874163
LRBA	0.02787402053624145
LRCH1	-0.5198283617759971
LRCH2	-0.1366193135822033
LRCH3	-0.3412566668001547
LRCH4	-0.207399641535732
LRCOL1	-0.2409045958109992
LRFN1	-0.2744447474002335
LRFN2	0.0801431365419426
LRFN3	0.25064288828665016
LRFN4	0.006207119483686184
LRFN5	-0.07911722491933339
LRG1	-0.13020299439413485
LRGUK	0.004894230675514965
LRIF1	-0.3512550919093972
LRIG1	-0.06869425376734806
LRIG2	-0.08981569115123351
LRIG3	0.08247450213639188
LRIT1	-0.18085356227912966
LRIT2	-0.031505549905618
LRIT3	-0.23053217747907598
LRMP	-0.33099894421191656
LRP1	0.30895806467488474
LRP10	0.199634833346274
LRP11	0.025167553274622792
LRP12	0.08519121459496941
LRP1B	-0.22036322896849275
LRP2	-0.048999956184370384
LRP2BP	-0.24915128598727038
LRP3	0.11993876259718239
LRP4	0.0574306869990334
LRP4-AS1	-0.08320061496322088
LRP5	0.3824656149062297
LRP5L	-0.2598834339784617
LRP6	0.14357206737621972
LRP8	-0.4198002805693699
LRPAP1	0.1632725413827844
LRPPRC	0.08059917727664603
LRR1	0.06850760089050047
LRRC1	0.1729417559990542
LRRC10	0.23004896294720098
LRRC10B	-0.026202146494508645
LRRC14	-0.20624067432905116
LRRC14B	0.20570859704609995
LRRC15	0.010307164509876638
LRRC16A	0.21722167260684763
LRRC16B	-0.4399979291991175
LRRC17	0.13852595394983178
LRRC18	0.051620855709650526
LRRC19	0.211147490034025
LRRC2	0.12493467062616524
LRRC20	-0.241415493988379
LRRC23	-0.3490398201513084
LRRC24	0.0019994645624574793
LRRC25	-0.18428268747292034
LRRC26	0.070619522872136
LRRC27	-0.18065090898737812
LRRC28	0.1456223964789374
LRRC29	-0.0061284346385914405
LRRC3	-0.29420285756441783
LRRC3-AS1	-0.0587253010589047
LRRC30	-0.432439863832267
LRRC31	0.28061658356964936
LRRC32	0.07548499814907723
LRRC34	-0.40350291389449755
LRRC36	-0.1444868533788536
LRRC37A	-0.14728956410602312
LRRC37A11P	-0.12583369297196983
LRRC37A12P	-0.32629223837561117
LRRC37A13P	0.2105897689219193
LRRC37A14P	0.027366916454635418
LRRC37A15P	-0.3724665437034159
LRRC37A16P	-0.07112117011811228
LRRC37A17P	0.05124385336057413
LRRC37A2	-0.1634340692040677
LRRC37A3	-0.23001185982323127
LRRC37A4P	-0.05323780755745927
LRRC37A5P	0.00877984659546349
LRRC37A6P	0.023355096243042037
LRRC37A7P	-0.040619578182741416
LRRC37A9P	-0.34219776791175344
LRRC37B	-0.1410167385186258
LRRC37BP1	-0.0746068390424516
LRRC38	0.19776418806134705
LRRC39	-0.09995864828930423
LRRC3B	0.04521751025381698
LRRC3C	0.2611673564672511
LRRC3DN	-0.11665820244441645
LRRC4	-0.26269258117476046
LRRC40	0.011128491891391234
LRRC41	0.01135542752891704
LRRC42	-0.1050430238602437
LRRC43	-0.019127714701395706
LRRC45	0.0155473497949436
LRRC46	-0.3849049423828137
LRRC47	0.2010025366909618
LRRC48	-0.2252403693558644
LRRC49	0.11515979873008682
LRRC4B	-0.17510657879765418
LRRC4C	-0.3674462007562369
LRRC52	-0.15122998535291468
LRRC53	0.09782227771261208
LRRC55	-0.4753136271866338
LRRC56	0.07109140381092127
LRRC57	0.10323566237716884
LRRC58	-0.26494422111298477
LRRC59	0.06398266488709324
LRRC6	-0.3879174560790035
LRRC61	-0.3575661304560734
LRRC63	-0.3598971219711365
LRRC66	0.07897428038768552
LRRC69	-0.254467610110325
LRRC7	0.10615007436376536
LRRC70	-0.16198182448713883
LRRC71	0.11405456153976576
LRRC72	0.04828579910784588
LRRC73	-0.09476775566624222
LRRC8A	0.08681962110364144
LRRC8B	0.0806600819307937
LRRC8C	-0.45629765662114197
LRRC8D	0.25749876810794836
LRRC8E	-0.03615468513602767
LRRC9	0.16971142696372638
LRRCC1	-0.08841633267013779
LRRD1	0.1862630235947507
LRRFIP1	-0.09483034936279734
LRRFIP1P1	-0.15503644175924267
LRRFIP2	0.2441758875808942
LRRIQ1	-0.12232665932547637
LRRIQ3	-0.4077704631655537
LRRIQ4	-0.010446052507695591
LRRK1	-0.2518126947278491
LRRK2	-0.4769243354484759
LRRN1	-0.3193825213996106
LRRN2	-0.07307807296874748
LRRN3	-0.018597668835298023
LRRN4	-0.3271513431512557
LRRN4CL	0.10296090300993356
LRRTM1	-0.08361374320502452
LRRTM2	-0.2694669640997118
LRRTM3	-0.11179272212546511
LRRTM4	0.07418251389996232
LRSAM1	-0.07444263027505588
LRTM1	-0.039105098257260724
LRTM2	0.16167797717447138
LRTOMT	-0.061893359194959634
LRWD1	-0.18201254352360888
LSAMP	-0.432792696070724
LSAMP-AS1	0.03378250361133726
LSG1	-0.1001359529867119
LSM1	0.10207617813432336
LSM10	-0.23904041839337992
LSM11	0.12522639824116838
LSM12	-0.17733377226338146
LSM12P1	-0.023442840508282846
LSM14A	-0.38264979249442405
LSM14B	-0.06955344470807895
LSM2	-0.3354240475516311
LSM3	-0.11877403840630602
LSM3P2	0.010528534677969131
LSM3P3	0.03950503932249214
LSM3P4	-0.24254149121594412
LSM3P5	0.23150671037782813
LSM4	-0.05731255033543743
LSM5	-0.28132445351179164
LSM6	-0.35555418559637114
LSM6P2	-0.2126282177946338
LSM7	-0.21493264533137424
LSMD1	-0.19050291491500956
LSMEM1	0.015270899241913055
LSMEM2	0.17982794481841116
LSP1	-0.40597537259484884
LSP1P2	-0.3869373325640505
LSP1P3	0.0313343115758405
LSR	0.03807772631825582
LSS	-0.07743296117241313
LST1	-0.3865354621720399
LST3	-0.24254149121594412
LTA	-0.4386643534880074
LTA4H	-0.010079448696450428
LTB	-0.4073767692309591
LTB4R	-0.2613446239922049
LTB4R2	-0.35890614326062864
LTBP1	-0.19843452273949244
LTBP2	-0.40395234115522805
LTBP3	-0.1643085750450913
LTBP4	0.16215258683699535
LTBR	0.2881788389579239
LTC4S	-0.027246966533775542
LTF	-0.43299873058732047
LTK	-0.10421218267543167
LTN1	0.03537977074254258
LTV1	-0.16496177864465203
LTV1P1	-0.22064376087697754
LUC7L	-0.15956529613649473
LUC7L2	
LUC7L3	-0.25788080116111334
LUCAT1	-0.20145839397815749
LUM	-0.08115816666983812
LURAP1	-0.2598981045948006
LURAP1L	0.05916175429430216
LUZP1	0.18095120749454818
LUZP2	-0.010275210037440089
LUZP4	-0.08727423056566563
LUZP4P1	
LUZP6	
LUZPP1	0.0034004503099266167
LXN	0.165766456641174
LY6D	-0.27413485166064255
LY6E	-0.2542175866340618
LY6G5B	-0.20898355339011826
LY6G5C	-0.19195814720697177
LY6G6C	-0.25563671956296763
LY6G6D	0.1231680399414965
LY6G6E	-0.053964081377975634
LY6G6F	
LY6H	0.11867874154174357
LY6K	-0.06886592123781927
LY75	-0.04600976926922492
LY75-CD302	
LY86	-0.37899515129951517
LY86-AS1	-0.48645322539875346
LY9	-0.484039088023223
LY96	-0.39901605071158286
LYAR	-0.23700410445347503
LYG1	-0.3365566018363783
LYG2	0.1935697539052563
LYL1	-0.31976960266008936
LYN	-0.41194019801946435
LYNX1	-0.1571265007396734
LYPD1	-0.15083284832352398
LYPD2	0.14722068775212957
LYPD3	-0.2774437405498696
LYPD4	0.041376739601758694
LYPD5	-0.143230126962065
LYPD6	0.04175825942691033
LYPD6B	-0.11866598802337908
LYPD8	-0.10934990776805054
LYPLA1	-0.1262266757387312
LYPLA1P1	-0.2762979906897932
LYPLA1P2	0.08284697251948825
LYPLA1P3	-0.14118665460285063
LYPLA2	-0.06736321513073713
LYPLA2P1	0.0024773452008799365
LYPLAL1	-0.29358126530035505
LYRM1	-0.2904386444189032
LYRM2	-0.07914151062484527
LYRM4	-0.4035655546710645
LYRM5	0.10018108674625856
LYRM7	-0.17430128524598898
LYRM9	-0.18443810746971318
LYSMD1	0.21222606066076818
LYSMD2	-0.49375159050671624
LYSMD3	-0.07295229184920454
LYSMD4	0.10617596881403771
LYST	-0.417848774637364
LYVE1	-0.016911005236548163
LYZ	-0.3825874037990478
LYZL1	-0.11931523748783283
LYZL2	-0.2268092041061504
LYZL4	-0.14859412687931162
LYZL6	-0.25385887713316724
LZIC	0.11345130699613783
LZTFL1	-0.2787433408762697
LZTR1	-0.08792969696362765
LZTS1	-0.16143905593460733
LZTS1-AS1	-0.21969257751439744
LZTS2	0.05007035163978184
LZTS3	0.19749333837545802
M1AP	-0.11966604090238991
M6PR	-0.24499442926534074
MAATS1	0.030080701490993293
MAB21L1	-0.022227511861111146
MAB21L2	-0.21361872943712715
MAB21L3	-0.03794249979515208
MACC1	0.08346105934667257
MACC1-AS1	-0.3294548537227073
MACF1	-0.3328089206735809
MACROD1	0.18299658678387656
MACROD2	-0.15960928795848353
MACROD2-AS1	0.029731857733689828
MACROD2-IT1	-0.18399050082737142
MAD1L1	-0.3231340509803448
MAD2L1	-0.29729487620371314
MAD2L1BP	0.051119736168288375
MAD2L2	-0.3857933562305517
MADCAM1	-0.4053520645018123
MADD	-0.2092410972307619
MAEA	0.0808854889035423
MAEL	0.193631792956226
MAF	0.07587094151308578
MAF1	-0.007201916295296428
MAFA	-0.01899132984699878
MAFB	-0.29283138599166647
MAFF	-0.09236939309458143
MAFG	0.09515435384197612
MAFG-AS1	0.09117588671119473
MAFK	0.12815133984504057
MAG	-0.2861416839253193
MAGEA1	0.09638045284807581
MAGEA10	0.19416980419765198
MAGEA11	-0.18044813490504524
MAGEA12	-0.19387747798406685
MAGEA13P	
MAGEA2	-0.3192442393942737
MAGEA2B	-0.1317171782654771
MAGEA3	-0.3661624884424296
MAGEA4	-0.05939337760155528
MAGEA5	
MAGEA6	-0.0705682553446038
MAGEA7P	-0.31854697274276844
MAGEA8	0.22581623206336174
MAGEA8-AS1	-0.18264302197779914
MAGEA9	0.14980128223336642
MAGEA9B	0.2828395602640671
MAGEB1	0.250305061514455
MAGEB10	0.07064988840280625
MAGEB16	-0.1514107522648601
MAGEB17	-0.16601284040843362
MAGEB18	0.05484043717744606
MAGEB2	-0.008078302631542838
MAGEB3	0.15309318995451537
MAGEB4	0.08850091063341495
MAGEB5	-0.18025373058224292
MAGEB6	0.23227079668790232
MAGEB6P1	-0.1514107522648601
MAGEC1	0.20056189617423775
MAGEC2	0.22134898402800185
MAGEC3	0.3915674613467866
MAGED1	0.06581639413801925
MAGED2	-0.09580377969339622
MAGED4	0.11486062093160032
MAGED4B	-0.15982894851159712
MAGEE1	-0.4714633748603398
MAGEE2	0.033527792462009265
MAGEF1	-0.11058787448123368
MAGEH1	-0.3795974113544462
MAGEL2	-0.17220901589347443
MAGI1	0.3502343806672342
MAGI1-AS1	0.38088064212036493
MAGI1-IT1	0.045213308084607565
MAGI2	0.2204447494712192
MAGI2-AS1	-0.24254149121594412
MAGI2-AS2	0.03434869445311293
MAGI2-AS3	-0.20885241502701352
MAGI3	0.2582782945249321
MAGIX	0.3690031514601729
MAGOH	-0.24765380897261463
MAGOH2	-0.15999156706782736
MAGOHB	-0.33732499298916635
MAGT1	0.053856459286251074
MAK	-0.3454647033608477
MAK16	-0.35426405561428465
MAL	-0.34618307983245683
MAL2	0.28868617013002434
MALAT1	-0.2742732523836355
MALL	0.08652509458835006
MALSU1	-0.14041721782024968
MALT1	-0.43146136343015073
MAMDC2	0.06993004554060624
MAMDC2-AS1	0.03832472917434036
MAMDC4	0.1657295547344891
MAML1	-0.007678562850100686
MAML2	-0.17974427367297893
MAML3	0.0694385777440762
MAMLD1	-0.2359665332287855
MAMSTR	0.22940771061975332
MAN1A1	0.22803263042829972
MAN1A2	-0.08799665248802183
MAN1B1	-0.014676788351262723
MAN1C1	-0.21720462591894313
MAN2A1	0.1655026621563235
MAN2A2	-0.13907589252609354
MAN2B1	-0.3084562931618678
MAN2B2	-0.00016682817186868088
MAN2C1	-0.09108288111469431
MANBA	-0.02261341792895615
MANBAL	0.14313968363034443
MANEA	-0.12958308036549168
MANEA-AS1	-0.3877969240374286
MANEAL	0.09405539449338267
MANF	-0.15758891503699432
MANSC1	0.25713255176463595
MANSC4	-0.45421699511324637
MAOA	0.2814273057133061
MAOB	0.1038477997554288
MAP10	-0.09149396434799491
MAP1A	-0.12889227148940452
MAP1B	0.0656987919119955
MAP1LC3A	-0.11864024589389252
MAP1LC3B	-0.09838383358472362
MAP1LC3B2	0.11238764264065107
MAP1LC3C	-0.36429492554878506
MAP1LC3P	
MAP1S	-0.00014185118886679454
MAP2	0.08983721034702395
MAP2K1	-0.39844528643390287
MAP2K1P1	-0.1070727743705552
MAP2K2	0.13261477430850252
MAP2K3	0.1963070373285963
MAP2K4	0.07933691519367386
MAP2K4P1	-0.14167161392194944
MAP2K5	-0.05730868258457041
MAP2K6	-0.01301010680646969
MAP2K7	0.04510717388455463
MAP3K1	-0.4920416225162148
MAP3K10	-0.18214543909623115
MAP3K11	0.2297324980534188
MAP3K12	-0.21395949666903533
MAP3K13	0.25883677053924653
MAP3K14	-0.48886340188948896
MAP3K14-AS1	-0.2869010401781843
MAP3K15	-0.05129363220764429
MAP3K19	-0.03103302070496932
MAP3K2	-0.017530407130581228
MAP3K3	-0.42046755978607314
MAP3K4	-0.2675752012625915
MAP3K5	-0.1991932696985422
MAP3K6	-0.2476549337254323
MAP3K7	-0.3029391295889569
MAP3K7CL	-0.4578887762684171
MAP3K8	-0.3332670288478259
MAP3K9	0.1479118079451839
MAP4	-0.15641977539032498
MAP4K1	-0.42176382661266976
MAP4K2	-0.40327219637137035
MAP4K3	0.23294035989705808
MAP4K4	-0.3771295062426142
MAP4K5	-0.0014238272915836974
MAP6	-0.13871502604352362
MAP6D1	0.00575332036607088
MAP7	0.3364764458909932
MAP7D1	-0.21421328684356342
MAP7D2	0.25645552624012574
MAP7D3	-0.40291851473813317
MAP9	-0.43800873506358146
MAPK1	0.0020145346394859387
MAPK10	-0.056414306950404385
MAPK11	-0.43433896209726885
MAPK12	-0.3504199348617573
MAPK13	0.29083501739111645
MAPK14	0.034472510093676176
MAPK15	-0.17044945655511431
MAPK1IP1L	-0.3385250558064139
MAPK3	0.1765626255870613
MAPK4	0.06314853839246608
MAPK6	0.26595692500047896
MAPK6PS2	-0.10139176705060421
MAPK6PS3	-0.06547820832392401
MAPK6PS4	0.13744063132736886
MAPK7	-0.023455463641898093
MAPK8	0.2214772310785372
MAPK8IP1	-0.004920751300958807
MAPK8IP2	0.08640447944797572
MAPK8IP3	-0.14129730622440373
MAPK9	0.04427060766547824
MAPKAP1	-0.16225876354490912
MAPKAPK2	-0.3022281504712335
MAPKAPK3	0.16905079576805584
MAPKAPK5	0.25141989777380636
MAPKAPK5-AS1	-0.022258777178985195
MAPKAPK5P1	0.3246748411271939
MAPKBP1	-0.05346109587889848
MAPRE1	-0.1983862179772419
MAPRE1P1	0.05595737435877628
MAPRE1P3	0.48283602050595986
MAPRE2	-0.387668636365261
MAPRE3	0.0698823705407699
MAPT	-0.16060594322253183
MAPT-AS1	0.025709938166685528
MARC1	0.14106331951414414
MARC2	0.20436600937494626
MARCH1	-0.4999178430066542
MARCH10	-0.10881182380337462
MARCH11	0.05204586825431755
MARCH2	-0.12631320708370664
MARCH3	-0.00684782198595372
MARCH4	0.10589769234155114
MARCH5	0.22675548563878056
MARCH6	0.10978922028667829
MARCH7	-0.21332663141586364
MARCH8	0.05901409578918824
MARCH9	-0.17537472612968805
MARCKS	0.02278631212100452
MARCKSL1	-0.2033158171508991
MARCKSL1P1	0.02389932551463515
MARCKSL1P2	0.06925750003629284
MARCO	-0.2932244937870268
MARK1	-0.2042292958435984
MARK2	0.17992007233360224
MARK2P10	0.14941865319025666
MARK2P11	-0.38363097408387725
MARK2P12	-0.24106992824014384
MARK2P13	0.1528088357955698
MARK2P14	0.0633267363164788
MARK2P15	-0.1999924427892302
MARK2P4	-0.11833532564132336
MARK2P5	0.039774535118033735
MARK2P6	-0.1994405709039652
MARK2P8	-0.009985584935319461
MARK2P9	-0.020848602115485126
MARK3	-0.17157233106002354
MARK4	-0.1546926421858948
MARS	-0.2952198947941489
MARS2	-0.053816438992568605
MARVELD1	0.03640802976386138
MARVELD2	0.3432649471990626
MARVELD3	0.5380917577364587
MAS1	
MAS1L	0.16534484411739864
MAS1LP1	0.09333530181099468
MASP1	-0.18282628969138975
MASP2	-0.14859341946508414
MAST1	-0.2861000810923941
MAST2	0.057240869350953905
MAST3	-0.2876846869426913
MAST4	-0.047098105732523966
MAST4-AS1	0.17622361861016483
MAST4-IT1	-0.2607072614389824
MASTL	-0.04145067174879991
MAT1A	-0.028832281528912488
MAT2A	-0.010717194518112403
MAT2B	-0.3743747302852192
MATK	-0.17037113157083636
MATN1	-0.40129179825819955
MATN1-AS1	-0.46364565306529093
MATN2	0.05226187189147111
MATN3	-0.13468689452716853
MATN4	-0.2601215838824579
MATR3	-0.2271029330842072
MAU2	-0.15707282114267201
MAVS	0.0027479893005595067
MAX	0.07861318976090235
MAZ	0.04474749801712612
MB	0.39154529613057204
MB21D1	-0.5014172695823503
MB21D2	0.0837774146185228
MBD1	-0.03894047619203101
MBD2	-0.28317839537065415
MBD3	-0.010194531305206268
MBD3L1	-0.015343721368236201
MBD3L2	
MBD3L3	
MBD3L4	
MBD3L5	
MBD4	-0.4036361436470024
MBD5	-0.23704129644781458
MBD6	0.10741541340574973
MBIP	0.12947627151040828
MBL1P	-0.15104570581161642
MBL2	-0.21051541856870676
MBL3P	-0.05223934990086669
MBLAC1	-0.07352660992624832
MBLAC2	-0.03273478865268667
MBNL1	-0.4664737329334695
MBNL1-AS1	0.10825742930440606
MBNL2	-0.12316576785844291
MBNL3	0.03983830863969776
MBOAT1	0.06508944386370319
MBOAT2	0.18490571870604292
MBOAT4	-0.07127510032142259
MBOAT7	0.24458626828557392
MBP	0.08469407458686834
MBTD1	-0.0911401238998714
MBTPS1	-0.0537699089352983
MBTPS2	-0.04829554356944577
MC1R	-0.11159531272156016
MC2R	-0.1370055115889672
MC3R	0.056643591623823764
MC4R	0.02403722306233193
MC5R	-0.21995161321133974
MCAM	-0.25462793734071104
MCAT	-0.021117872195389496
MCC	-0.4175907546555716
MCCC1	-0.0014746023374176468
MCCC1-AS1	-0.1632197532649168
MCCC2	0.11438532098378879
MCCD1	0.03009270448529017
MCCD1P1	0.07070735409793345
MCCD1P2	0.06400854205547325
MCEE	0.1792099077226123
MCF2	-0.3573141294347297
MCF2L	0.4569680211298788
MCF2L-AS1	-0.0005429264944471333
MCF2L2	-0.3485941568347637
MCFD2	0.07371777672998084
MCFD2P1	-0.03631347465441081
MCHR1	-0.4333714122039563
MCHR2	-0.054688640038192786
MCHR2-AS1	0.2828395602640671
MCIDAS	0.0048690303124791275
MCL1	-0.16669626017712683
MCM10	-0.34161483949932936
MCM2	-0.26824467999419105
MCM3	-0.32362831943218223
MCM3AP	-0.17741594205298958
MCM3AP-AS1	-0.032047433210279204
MCM4	-0.25496089835764935
MCM5	-0.37828869745005983
MCM6	-0.35708033290887753
MCM7	-0.342881554606926
MCM8	-0.3588196864508216
MCM9	-0.19618259693767626
MCMBP	-0.08292793390254004
MCMDC2	0.1062670586601604
MCOLN1	0.2302779536331413
MCOLN2	-0.07757823896529374
MCOLN3	-0.14629656094966623
MCPH1	-0.2290935776793156
MCRS1	-0.2325406790909341
MCTP1	-0.17832833777417492
MCTP2	0.07365646889448513
MCTS1	-0.2557867439863774
MCU	0.12080717865423113
MCUR1	0.3656345562264524
MDC1	-0.4217010459733123
MDC1-AS1	0.0007266501521503559
MDFI	0.12667030239221402
MDFIC	-0.47316622505733985
MDGA1	-0.18583850769051072
MDGA2	0.08332944217483013
MDH1	-0.00043500866003143583
MDH1B	-0.049563363170986675
MDH2	0.28106723564024616
MDK	0.08435554399443768
MDM1	-0.45299913517586965
MDM2	-0.25114099479002283
MDM4	-0.46794404638516274
MDN1	-0.21876271112945675
MDP1	0.18787836401563973
MDS2	-0.3998517784835492
ME1	-0.16396383703316805
ME2	0.2065407839240229
ME3	0.08909634987235253
MEA1	-0.2303227469050825
MEAF6	-0.07972618805395933
MEAF6P1	0.14688184914468397
MECOM	0.012493330545623835
MECP2	-0.3721802072493903
MECR	-0.10061621538493441
MED1	-0.20871525910557023
MED10	-0.20063233523683882
MED11	-0.10694967327067534
MED12	-0.21286905349544868
MED12L	-0.3112808843585066
MED13	-0.028422665739402306
MED13L	-0.23727730363229346
MED13P1	
MED14	0.05578107604140589
MED14-AS1	-0.0065977022581309615
MED14P1	
MED15	-0.0589935841746607
MED15P1	
MED15P3	-0.1514107522648601
MED15P4	0.0636354079206178
MED15P5	-0.07346264522454649
MED15P6	0.15207854609130647
MED15P7	-0.1994405709039652
MED15P8	0.17974686161846884
MED15P9	0.03529185944523527
MED16	0.07398720692169253
MED17	0.03848584747822698
MED18	-0.03594360372745292
MED19	-0.017585612457552857
MED20	-0.002598243014527094
MED21	-0.2817337078147009
MED22	-0.19709619513116405
MED23	-0.115612861130052
MED24	-0.23121582146022351
MED25	-0.12222492201062213
MED26	-0.30345476343031935
MED27	-0.3221772608999828
MED28	-0.18462637602059412
MED28P1	0.08270916291952105
MED28P2	0.00355712662185865
MED28P3	
MED28P4	0.11302215739501595
MED28P5	
MED28P6	
MED28P7	-0.06020416724011254
MED28P8	
MED29	-0.030491775077619503
MED30	-0.2161858975544476
MED31	-0.17133041602482227
MED4	-0.22647642723706984
MED4-AS1	0.2680231880453075
MED6	-0.349342012303915
MED6P1	
MED7	-0.08244266147772075
MED8	-0.01706101865056399
MED9	0.19785449212064715
MEDAG	-0.18681864926046984
MEF2A	-0.29872889266827923
MEF2AP1	
MEF2B	-0.32375975747545843
MEF2BNB	-0.1767166682228017
MEF2BNB-MEF2B	-0.18709794703909208
MEF2C	-0.4165561907002496
MEF2C-AS1	-0.44963387696682783
MEF2D	-0.09996124015542124
MEFV	-0.2264843870029605
MEG3	-0.11832120278225437
MEG8	0.04314027677649061
MEG9	-0.030339361368790927
MEGF10	-0.20333153683469604
MEGF11	-0.258798009843796
MEGF6	-0.024244036720365677
MEGF8	0.1148354075254181
MEGF9	-0.22365588732008104
MEGT1	-0.07973311506312683
MEI1	-0.24376601318460672
MEI4	-0.12002893314263995
MEIG1	-0.2651891406205055
MEIOB	0.23341614697912502
MEIS1	-0.04836048563663578
MEIS1-AS1	-0.017408303596565915
MEIS1-AS2	0.04127066247947411
MEIS1-AS3	-0.04167153371733054
MEIS2	-0.014173161685381103
MEIS3	-0.04931546299550842
MEIS3P1	0.2762564673729344
MEIS3P2	0.33804173546495775
MELK	-0.22896523603791039
MEMO1	-0.2852828282484455
MEMO1P1	-0.23244619681229053
MEMO1P3	0.03590864848614624
MEMO1P4	
MEMO1P5	-0.04947105959806506
MEN1	-0.13542517653041364
MEOX1	-0.2130838877520313
MEOX2	-0.12993227107372224
MEP1A	0.17040499017789165
MEP1AP1	0.1812835848601579
MEP1AP2	0.21019918872145069
MEP1AP3	0.1726858622974996
MEP1AP4	0.20923627963644698
MEP1B	0.1287762705740436
MEPCE	-0.09499748308857406
MEPE	0.025731032748882693
MERTK	-0.029335834235576806
MESDC1	-0.10653560424003797
MESDC2	0.11299360604470533
MESP1	0.3128907115246667
MESP2	-0.03587496096121921
MEST	0.16914152490184495
MESTP1	0.21520780680282803
MESTP2	-0.016193033365064308
MESTP3	0.07777485778490252
MESTP4	0.08120033864092181
MET	0.1363631736953287
METAP1	0.11024130887869592
METAP1D	-0.07763235296017108
METAP2	-0.35474326587750565
METRN	-0.07714984717263258
METRNL	0.14417325477217977
METTL1	-0.16617718455037028
METTL10	-0.0427398345572425
METTL11B	0.027240209356641707
METTL12	-0.18311811221593605
METTL13	-0.23272970613799943
METTL14	-0.19494816138147658
METTL15	-0.08028478122678992
METTL15P1	-0.01258047467505614
METTL15P3	-0.2682043363440798
METTL16	-0.36886815505989
METTL17	-0.17705468560471369
METTL18	-0.1645653343469847
METTL20	0.08250965628627711
METTL21A	-0.165110637024312
METTL21AP1	0.06159921212343364
METTL21B	0.02407658396804472
METTL21C	-0.177965269213036
METTL21EP	-0.020191476635484113
METTL22	-0.3131019418040228
METTL23	-0.1466958290487278
METTL24	-0.0053367703187959335
METTL25	-0.16101512553681938
METTL2A	-0.08528112465599288
METTL2B	0.011732399358327235
METTL3	-0.22486569290077454
METTL4	-0.2554267414609946
METTL5	-0.031642941195523425
METTL6	-0.32316698033259456
METTL7A	0.034656032424734404
METTL7AP1	0.013688361875817505
METTL7B	0.22127313066149817
METTL8	-0.2561945136056459
METTL9	-0.020481008943904585
MEX3A	0.20956762702950868
MEX3B	-0.2151038221427105
MEX3C	-0.31522605540396254
MEX3D	0.24724676031732307
MFAP1	-0.16184239588788282
MFAP1P1	-0.2721115206906489
MFAP2	-0.20451821867491116
MFAP3	-0.019681955057651346
MFAP3L	0.1632968773324
MFAP4	-0.158467983641741
MFAP5	0.14480447330225987
MFF	-0.2089494831104219
MFGE8	-0.278272675364931
MFHAS1	-0.0726592673073767
MFI2	-0.012615700099950706
MFI2-AS1	-0.19725299180285888
MFN1	-0.010856275779302154
MFN2	0.2575677762053352
MFNG	-0.4425050143514826
MFRP	
MFSD1	0.05251073287977797
MFSD10	0.06906313150481969
MFSD11	0.43649295504992114
MFSD12	-0.11638938207050123
MFSD2A	0.15145098392275907
MFSD2B	-0.03301481304134857
MFSD3	0.04749267029214171
MFSD4	-0.002114838108281381
MFSD5	0.08629213706694906
MFSD6	0.20629550923855924
MFSD6L	0.010846951326136877
MFSD7	0.18139386351049877
MFSD8	0.07611887129895975
MFSD9	0.3909943563962202
MGA	-0.3075194885606173
MGAM	0.11020423759971897
MGARP	-0.05652931908901209
MGAT1	-0.05193743973920448
MGAT2	0.0906540072489739
MGAT3	0.03120617497483539
MGAT4A	0.28825302183100376
MGAT4B	0.3977118180738592
MGAT4C	0.13813396796197686
MGAT5	-0.10264141318605215
MGAT5B	-0.23011257209782604
MGEA5	-0.36485434411287054
MGLL	0.27295134520295455
MGME1	-0.20303966686556463
MGMT	0.04245905848295203
MGP	-0.11713554972492253
MGRN1	0.053869881071320035
MGST1	0.14259188118238741
MGST2	0.17237497110760167
MGST3	0.2607427479283604
MIA	-0.14325103001288195
MIA-RAB4B	
MIA2	0.4146996013600936
MIA3	0.2029097175382156
MIAT	-0.4326114116760044
MIB1	-0.18796729337505527
MIB2	0.0735575228481632
MICA	0.16584513403627596
MICAL1	-0.20638319002648278
MICAL2	0.20646844999533548
MICAL3	-0.15516353798763316
MICALCL	0.15083154228992304
MICALL1	0.0454876260371012
MICALL2	0.15537570954518978
MICB	-0.4884253454745227
MICC	-0.0557692284550635
MICD	0.02913248900650231
MICE	-0.28993376864750964
MICF	0.023691385314869428
MICG	-0.28614554893088695
MICU1	0.30586178671931236
MICU2	-0.06480483357184816
MICU3	-0.35420726883730447
MID1	0.07474340647180847
MID1IP1	0.09233711832845656
MID1IP1-AS1	0.07563240033091934
MID2	-0.3642341709151472
MIDN	-0.0869986319457865
MIEF1	0.085278198193717
MIEF2	0.25849390724065313
MIEN1	0.06913509817627342
MIER1	-0.03992140868874308
MIER2	-0.07602714628514262
MIER3	0.17743308078887393
MIF	-0.01060789674378498
MIF4GD	-0.42929172419830475
MIIP	-0.16783488169599914
MILR1	-0.4750821646946445
MIMT1	0.017282953812972623
MINA	-0.22578763296543672
MINK1	0.17706436591718536
MINOS1	0.021846986981545823
MINOS1-NBL1	0.15780951731096157
MINOS1P2	-0.05014430132385455
MINOS1P3	-0.04053226452068657
MINOS1P4	
MINPP1	0.22107864710716152
MIOS	-0.281710221109302
MIOX	-0.324162612938473
MIP	-0.0693028014294643
MIPEP	-8.08785481548773e-05
MIPEPP1	0.21812052522738173
MIPEPP2	0.008580480009223802
MIPEPP3	-0.07498001954696204
MIPOL1	0.0851794676892222
MIR1-1	
MIR100	
MIR101-1	-0.05141137445686108
MIR101-2	-0.16607502923762216
MIR103A1	-0.13646953722339014
MIR103A2	-0.07878706329723206
MIR105-1	
MIR105-2	
MIR106A	
MIR106B	-0.1314866859571727
MIR107	-0.12406806649455565
MIR10A	-0.13556313028864303
MIR10B	-0.12342883428933475
MIR1178	
MIR1179	
MIR1180	-0.13707238831279223
MIR1181	
MIR1182	
MIR1183	
MIR1184-1	0.2828395602640669
MIR1184-2	
MIR1184-3	
MIR1185-1	
MIR1185-2	
MIR1193	-0.0026366779991051836
MIR1197	
MIR1200	
MIR1202	
MIR1203	-0.19569790188674613
MIR1205	
MIR1207	-0.026294062624664754
MIR1208	0.29663905515282285
MIR122	
MIR1224	0.00355712662185865
MIR1225	0.00355712662185865
MIR1226	
MIR1227	
MIR1228	0.38088064212036493
MIR1229	0.11125760384342238
MIR1231	
MIR1233-1	
MIR1233-2	
MIR1234	
MIR1236	
MIR1237	0.2105897689219193
MIR1238	
MIR124-2	0.08392095049566564
MIR124-3	
MIR1245A	
MIR1249	-0.011652693687749845
MIR1250	-0.10800996051715508
MIR1251	
MIR1252	
MIR1253	
MIR1255A	-0.2679937452960048
MIR1255B1	-0.22950470317631447
MIR1255B2	
MIR1256	-0.2762979906897932
MIR1257	
MIR1258	
MIR125A	-0.150818649834267
MIR125B1	-0.2910157271952816
MIR125B2	
MIR126	-0.008388001554726214
MIR1260A	
MIR1260B	-0.13556364772719426
MIR1261	
MIR1262	0.010416123557975616
MIR1263	
MIR1265	0.09434186214222337
MIR1266	
MIR1267	
MIR1268A	0.004287828129584668
MIR1269A	-0.055336791637305975
MIR1269B	
MIR127	
MIR1270-1	
MIR1270-2	
MIR1271	0.2828395602640671
MIR1272	
MIR1273C	-0.14213834750722676
MIR1275	
MIR1276	-0.14886857892335315
MIR1277	
MIR1278	-0.04947105959806506
MIR128-1	-0.24254149121594412
MIR128-2	
MIR1281	
MIR1282	-0.10909189874569669
MIR1283-1	
MIR1283-2	
MIR1284	-0.33375918514801706
MIR1285-1	-0.03895449928031872
MIR1285-2	
MIR1286	-0.038474172171985135
MIR1287	
MIR1288	
MIR1289-1	0.08007172846453632
MIR1289-2	
MIR129-1	
MIR129-2	0.00355712662185865
MIR1290	-0.27629799068979327
MIR1292	
MIR1293	0.1480164701647098
MIR1294	0.2828395602640671
MIR1295A	-0.19290144609542448
MIR1296	
MIR1298	
MIR1299	0.026712693770190317
MIR1301	-0.028635539364885804
MIR1302-1	
MIR1302-10	-0.08979416296709371
MIR1302-11	0.1104149624236425
MIR1302-2	-0.04677113460611651
MIR1302-3	0.08907368143226632
MIR1302-4	
MIR1302-5	
MIR1302-6	
MIR1302-8	
MIR1302-9	0.14425634464227333
MIR1303	-3.5620617500073814e-05
MIR1304	
MIR1305	
MIR1306	
MIR1307	-3.5620617500073814e-05
MIR130A	-0.07721849572564057
MIR130B	
MIR132	
MIR1323	
MIR1324	-0.0026366779991051836
MIR133A1	0.19039512279054308
MIR133A2	0.01013712071446946
MIR133B	-0.055336791637305975
MIR133BHG	-0.28847509187700066
MIR134	0.00355712662185865
MIR1343	-0.3071818604336954
MIR135A1	-0.2209594657691638
MIR135A2	0.04983876505047992
MIR135B	-0.008930753416493204
MIR136	
MIR137HG	0.07504406502392445
MIR138-1	-0.4303083303650181
MIR138-2	
MIR139	
MIR140	-0.01685286849955524
MIR141	-0.10670254598467704
MIR142	-0.3760666458051152
MIR143	-0.06152025731023272
MIR143HG	-0.06006943633691119
MIR144	0.22877978834813845
MIR145	0.017104949323436057
MIR1468	
MIR1469	
MIR146A	-0.3064889795017922
MIR146B	-0.036218417506281894
MIR1470	-0.04947105959806506
MIR1471	
MIR147A	
MIR147B	
MIR148A	0.2828395602640671
MIR148B	-0.028198627547406128
MIR149	-0.16239130485318665
MIR150	-0.212804339342605
MIR151A	
MIR151B	
MIR152	-0.16011943671806547
MIR153-1	
MIR153-2	-0.24254149121594412
MIR1537	-0.020783347415587964
MIR1538	
MIR1539	0.23790982685824869
MIR154	
MIR155HG	-0.4552136445579766
MIR1587	-0.1122947069377258
MIR15B	0.11125760384342238
MIR16-1	0.034536894046535295
MIR16-2	-0.0026366779991051836
MIR17HG	-0.2599140827768619
MIR181A1	0.009905671533355122
MIR181A1HG	-0.3186437909697399
MIR181A2	-0.2762979906897932
MIR181A2HG	-0.20963781619541105
MIR181B1	-0.3190195422283655
MIR181B2	0.024052609495637322
MIR181C	0.001187516727594684
MIR181D	0.009136439531325475
MIR182	0.1377993448665681
MIR1825	
MIR1827	
MIR183	-0.13110299879747536
MIR184	0.08392095049566564
MIR185	-0.14381448770015273
MIR186	-0.21724296904204615
MIR187	
MIR188	
MIR18B	-0.37169066354098723
MIR1908	
MIR1909	
MIR190A	
MIR190B	-0.1514107522648601
MIR191	-0.1514107522648601
MIR1910	-0.2762979906897932
MIR1911	-0.2762979906897932
MIR1912	-0.055336791637305975
MIR1913	0.08392095049566564
MIR1914	
MIR1915	
MIR192	0.1401046430518385
MIR193A	-0.1632197532649168
MIR193B	
MIR194-1	0.10522129446659126
MIR194-2	0.20460976879248335
MIR196A1	-0.007109349262734422
MIR196A2	-0.0026366779991051836
MIR196B	
MIR197	-0.059068307229984005
MIR1972-1	-0.058680532142091624
MIR1972-2	
MIR1976	
MIR199A1	-0.13632552105021353
MIR199A2	-0.2896979606292314
MIR199B	
MIR19B2	
MIR200A	0.20402703758662996
MIR200B	0.3047543390251852
MIR200C	-0.029314160069545278
MIR202	-0.2657294426605188
MIR203	0.18392376269457011
MIR204	
MIR2053	
MIR205HG	-0.0618590402525092
MIR206	
MIR208A	
MIR208B	0.11125760384342238
MIR20B	
MIR21	
MIR210	-0.011604522778361243
MIR210HG	-0.003939464579190016
MIR211	
MIR2110	
MIR2113	
MIR2114	
MIR2115	
MIR2116	-0.012790994160339955
MIR2117	-0.020783347415587964
MIR212	0.2202693011087299
MIR214	-0.10473019707734019
MIR215	0.239217581015335
MIR216A	
MIR216B	
MIR217	
MIR218-1	-0.0026366779991051836
MIR218-2	
MIR219-1	-0.045175000255827234
MIR219-2	0.05387165052914442
MIR221	-0.1667265282099617
MIR222	-0.32894712904788265
MIR223	-0.33685811091994255
MIR224	
MIR2276	0.38088064212036493
MIR2277	
MIR2278	-0.16171891929644236
MIR22HG	0.21455969273674222
MIR2355	-0.015072558976180215
MIR2392	-0.1514107522648601
MIR23A	-0.15936065944048633
MIR23B	-0.08520767924703167
MIR23C	-0.0384045824557876
MIR24-2	-0.009581465905328887
MIR2467	
MIR25	-0.1513677976854184
MIR2681	-0.020783347415587964
MIR26A1	0.22943630916801755
MIR26A2	0.04769558533465844
MIR26B	-0.29971571116181683
MIR27A	0.3861685031785063
MIR27B	0.2874715289043549
MIR28	
MIR2909	-0.24124066097663535
MIR296	-0.04922224274923111
MIR297	
MIR298	-0.1609386858185972
MIR299	0.2828395602640671
MIR29B1	-0.3162817729175052
MIR300	
MIR301A	
MIR301B	
MIR302A	
MIR302B	0.10036219388442294
MIR302C	
MIR302D	
MIR302E	
MIR3064	
MIR3074	-0.036218417506281894
MIR30A	
MIR30B	-0.059767804919400126
MIR30C1	-0.05870107371048892
MIR30C2	-0.0721783124832916
MIR30D	-0.1514107522648601
MIR30E	0.09845504119810082
MIR31	-0.16171891929644236
MIR3115	
MIR3116-1	-0.2762979906897932
MIR3117	-0.2268092041061504
MIR3118-1	-0.05907335633349668
MIR3118-2	-0.29632616896462216
MIR3118-3	
MIR3118-4	
MIR3119-2	-0.19290144609542448
MIR3121	
MIR3122	-0.09213816164429364
MIR3123	
MIR3124	-0.20466204560980295
MIR3125	-0.2909945107176952
MIR3126	-0.2762979906897932
MIR3127	0.23696878107951705
MIR3128	-0.12992424505433528
MIR3129	
MIR3130-1	
MIR3131	0.16984186898690562
MIR3132	-0.08270998999565887
MIR3133	0.2591892440319183
MIR3134	-0.05738417047979766
MIR3135A	
MIR3135B	
MIR3136	0.008167433728391826
MIR3137	0.2105897689219193
MIR3138	0.05499707755638526
MIR3139	0.38088064212036493
MIR3140	-0.11191065613343289
MIR3141	0.38088064212036493
MIR3142	
MIR3143	-0.1267643406316797
MIR3144	
MIR3145	-0.04261418642606382
MIR3146	-0.006725872017275949
MIR3147	-0.16171891929644236
MIR3148	
MIR3150B	0.32734321989189313
MIR3151	
MIR3152	
MIR3153	-0.17664611571767747
MIR3154	
MIR3155A	
MIR3156-1	
MIR3156-2	
MIR3156-3	
MIR3157	-0.07268659668453185
MIR3158-1	-0.020783347415587964
MIR3159	-0.1994405709039652
MIR3160-2	
MIR3161	-0.06533394550294147
MIR3162	-0.1994405709039652
MIR3163	-0.1571422048005265
MIR3164	-0.10615618306791218
MIR3165	-0.2762979906897932
MIR3166	
MIR3167	
MIR3168	0.00355712662185865
MIR3169	
MIR3170	-0.036218417506281894
MIR3173	-0.11433258784802607
MIR3174	-0.25709025180186695
MIR3175	
MIR3176	-0.09226192131330366
MIR3177	-0.02079493335637674
MIR3178	0.29104790007050446
MIR3179-1	0.3258192493962918
MIR3179-2	
MIR3179-3	
MIR3180-1	0.08610730232133929
MIR3180-2	0.0018857488041721876
MIR3180-3	0.197428121129287
MIR3180-4	0.1995076279854002
MIR3180-5	0.1935697539052563
MIR3182	
MIR3183	-0.08987612107970981
MIR3184	
MIR3185	-0.08529037617924828
MIR3186	-0.24254149121594412
MIR3187	
MIR3188	-0.05695527385182925
MIR3189	-0.1523342247666399
MIR3191	
MIR3192	-0.09866283571183788
MIR3193	0.13201226937878202
MIR3194	
MIR3196	
MIR3197	0.25151841107446565
MIR3198-1	0.10857688023979652
MIR3198-2	
MIR3199-2	
MIR31HG	0.1333777319053203
MIR32	-0.025568432716820334
MIR3200	-0.020783347415587964
MIR3201	-0.19290144609542448
MIR3202-1	-0.27629799068979327
MIR320A	0.12037720360149544
MIR320B1	-0.055336791637305975
MIR320B2	0.1686898944867937
MIR320C1	-0.2762979906897932
MIR320C2	
MIR320D1	0.11553249041534303
MIR320D2	
MIR320E	-0.2863818502878826
MIR323A	-0.1286337954633509
MIR323B	
MIR324	0.0619610726120346
MIR325	
MIR326	0.1877089306702345
MIR328	-0.19290144609542448
MIR329-1	
MIR329-2	
MIR330	
MIR331	-0.09650738879750141
MIR335	
MIR337	
MIR338	0.2828395602640671
MIR339	0.029423055351167206
MIR33A	-0.2762979906897932
MIR33B	-0.04526034689930333
MIR340	-0.07005125436573958
MIR342	-0.4189664850310124
MIR345	0.05710953800370943
MIR346	
MIR34A	-0.24814815426204476
MIR34B	-0.026292044516778346
MIR34C	
MIR3605	0.1186277428126079
MIR3607	
MIR3609	0.09780889911530803
MIR361	0.2828395602640671
MIR3610	
MIR3611	
MIR3612	
MIR3613	0.22992294973624028
MIR3614	
MIR3615	0.24460544909256668
MIR3616	0.44120563090482684
MIR3617	-0.03857306525417674
MIR3618	
MIR3619	0.38088064212036493
MIR362	
MIR3620	
MIR3621	0.11125760384342238
MIR3622A	
MIR363	0.11373608369042938
MIR3646	0.0031425436782180705
MIR3648	-0.004443816075286333
MIR3649	-0.005471369532309907
MIR3650	
MIR3652	
MIR3654	-0.1307291322236942
MIR3655	
MIR3657	-0.2742471253244662
MIR3659	0.072353646140969
MIR365A	-0.0026366779991051836
MIR365B	
MIR3660	
MIR3661	0.11125760384342238
MIR3663	
MIR3664	
MIR3665	0.14941865319025666
MIR3666	
MIR3667	-0.28890250134661655
MIR3668	
MIR367	
MIR3670-1	
MIR3670-2	
MIR3671	-0.14081384946811518
MIR3672	
MIR3675	
MIR3677	0.05663812780352274
MIR3678	
MIR3679	
MIR3680-1	-0.06954793601312859
MIR3680-2	0.29663905515282285
MIR3681	
MIR3682	0.19094077356345357
MIR3683	
MIR3684	-0.24254149121594387
MIR3685	-0.34732558240483197
MIR3686	
MIR3688-2	
MIR3689A	
MIR3689B	
MIR3689C	
MIR3689D1	
MIR3689D2	
MIR3689E	-0.24254149121594412
MIR3689F	
MIR369	
MIR3690	
MIR3691	-0.05533679163730598
MIR3692	
MIR370	0.11125760384342238
MIR3713	-0.24254149121594412
MIR3714	
MIR371A	
MIR371B	-0.24254149121594412
MIR372	-0.026292044516778346
MIR373	
MIR374A	
MIR374B	-0.04640058209913749
MIR375	-0.09317474883190155
MIR376A1	
MIR376C	
MIR377	
MIR378A	0.045904714995719194
MIR378B	
MIR378C	
MIR378D1	
MIR378D2	-0.1318933653148656
MIR378E	
MIR378F	
MIR378G	-0.11410327936397661
MIR378H	-0.24049219277279976
MIR378I	-0.4513693971242066
MIR379	
MIR380	
MIR381	
MIR381HG	0.00355712662185865
MIR382	-0.19290144609542448
MIR383	-0.04947105959806506
MIR3907	-0.04947105959806506
MIR3908	
MIR3909	0.13628692168861126
MIR3910-1	
MIR3911	-0.28243480917017205
MIR3912	-0.009285939150403533
MIR3913-2	
MIR3914-1	
MIR3915	
MIR3916	-0.30275947764497063
MIR3917	0.2914465004891627
MIR3918	0.26293485255255605
MIR3919	
MIR3920	0.38088064212036493
MIR3921	
MIR3922	
MIR3923	
MIR3924	
MIR3925	-0.0026366779991051836
MIR3926-2	0.2202693011087299
MIR3927	
MIR3928	
MIR3929	
MIR3934	0.22158671793603252
MIR3935	
MIR3936	-0.32240201375764577
MIR3937	
MIR3938	-0.1514107522648601
MIR3939	0.17411444241519125
MIR3940	
MIR3941	-0.25809324878094103
MIR3942	-0.011164518336908968
MIR3943	
MIR3944	-0.03320425606508437
MIR3945	-0.19290144609542448
MIR3960	
MIR3972	
MIR3973	
MIR3976	
MIR3978	0.38088064212036493
MIR409	
MIR410	-0.024444214590402965
MIR411	
MIR412	0.2860838765962896
MIR421	-0.30976465825173843
MIR422A	-0.10707159986109713
MIR423	
MIR425	-0.2627550769429883
MIR4252	
MIR4253	
MIR4254	
MIR4255	
MIR4257	
MIR4258	0.11544951330210151
MIR4260	0.030526782811517023
MIR4261	
MIR4262	
MIR4263	-0.03995529305157546
MIR4264	0.11125760384342238
MIR4265	0.11125760384342238
MIR4266	
MIR4267	-0.03215038627241813
MIR4268	
MIR4269	
MIR4270	
MIR4271	-0.04078467373702885
MIR4273	
MIR4274	
MIR4276	
MIR4277	
MIR4279	
MIR4280	-0.1514107522648601
MIR4281	-0.020783347415587964
MIR4282	
MIR4283-1	
MIR4283-2	
MIR4284	
MIR4285	-0.3259600235120484
MIR4286	
MIR4287	-0.1514107522648601
MIR4288	
MIR4289	
MIR429	0.06887987712516207
MIR4290	
MIR4291	-0.055336791637305975
MIR4292	0.08628322273881073
MIR4293	
MIR4294	
MIR4295	-0.04726146745775511
MIR4296	-0.03574995404017611
MIR4297	
MIR4298	0.09097536592319669
MIR4299	
MIR4300	
MIR4301	
MIR4303	-0.055336791637305975
MIR4304	-0.05533679163730598
MIR4305	
MIR4306	-0.1514107522648601
MIR4307	0.11125760384342238
MIR4308	
MIR4309	-0.0026366779991051836
MIR431	0.2828395602640671
MIR4310	
MIR4311	
MIR4312	-0.11922705667203054
MIR4313	-0.06505217425072701
MIR4314	
MIR4316	
MIR4318	
MIR4319	
MIR432	
MIR4321	
MIR4322	0.11351181242081708
MIR4323	
MIR4324	-0.45278854585489603
MIR4325	
MIR4326	-0.08490535519476793
MIR4327	-0.0026366779991051836
MIR4329	
MIR433	0.22158671793603252
MIR4330	
MIR4418	
MIR4420	-0.21911851138775715
MIR4421	-0.16171891929644236
MIR4422	-0.2762979906897932
MIR4423	0.23484426586438806
MIR4424	0.02127454621015304
MIR4425	
MIR4426	-0.03760670376743422
MIR4427	0.03857299722154866
MIR4428	
MIR4429	
MIR4431	
MIR4432	
MIR4433	
MIR4435-1	0.1847579168909505
MIR4435-1HG	-0.312160533377325
MIR4435-2	-0.15823650644284956
MIR4436A	-0.04050424680587239
MIR4436B1	-0.008101322989689626
MIR4436B2	-0.1514107522648601
MIR4437	
MIR4438	
MIR4439	
MIR4440	-0.036218417506281894
MIR4441	
MIR4442	-0.1009540138605291
MIR4443	-0.19290144609542448
MIR4444-1	0.1381061336212888
MIR4445	0.38088064212036493
MIR4446	-0.019581609762173546
MIR4447	0.03909528185909085
MIR4448	0.11125760384342238
MIR4449	-0.04947105959806506
MIR4450	
MIR4451	-0.24522031912400744
MIR4452	-0.24254149121594412
MIR4453	-0.1702418292494989
MIR4454	-0.31753972760110727
MIR4455	
MIR4456	
MIR4457	
MIR4458HG	0.4329132797210163
MIR4460	
MIR4462	
MIR4463	
MIR4464	
MIR4465	0.11125760384342238
MIR4466	
MIR4467	
MIR4468	
MIR4469	
MIR4470	-0.04947105959806506
MIR4471	
MIR4472-1	
MIR4472-2	
MIR4473	0.07022056145270768
MIR4474	
MIR4475	
MIR4476	-0.24254149121594412
MIR4477B	-0.45881536316499233
MIR4478	-0.1514107522648601
MIR4479	-0.009285939150403533
MIR448	
MIR4480	-0.16171891929644236
MIR4482-1	-0.23372364274075347
MIR4484	-0.20191948536239238
MIR4486	
MIR4487	
MIR4488	0.15829853839920918
MIR4489	-0.11438915377722245
MIR4490	
MIR4491	
MIR4492	
MIR4493	
MIR4494	-0.19290144609542448
MIR4495	
MIR4497	-0.3327752283174637
MIR4498	
MIR4499	0.11125760384342238
MIR449A	
MIR449B	
MIR449C	
MIR4500	-0.22376459661521078
MIR4500HG	0.10711034371337207
MIR4502	-0.15224530166139924
MIR4503	-0.19290144609542448
MIR4504	
MIR4505	
MIR4506	-0.3323997816431712
MIR4508	0.08392095049566564
MIR4509-1	
MIR4509-2	
MIR4509-3	
MIR450A1	-0.24254149121594412
MIR450A2	
MIR450B	-0.055336791637305975
MIR4510	0.38088064212036493
MIR4511	-0.04947105959806506
MIR4512	-0.02367982525634156
MIR4513	-0.43513320135417627
MIR4514	-0.06402947233469976
MIR4515	
MIR4516	-0.1911281214179999
MIR4517	
MIR4518	-0.0022640031036638936
MIR4519	-0.027125178525050794
MIR452	
MIR4520A	-0.24407681010520152
MIR4522	0.4027325024828696
MIR4523	0.11719416958094589
MIR4524B	
MIR4525	-0.2568417240177165
MIR4526	-0.013121887911483793
MIR4527	
MIR4529	
MIR4530	0.0007403525100494883
MIR4533	0.1935697539052563
MIR4534	-0.1227501595838783
MIR4535	
MIR454	0.08392095049566564
MIR4540	-0.24254149121594412
MIR455	
MIR4632	0.2828395602640671
MIR4633	-0.1493322555977191
MIR4634	
MIR4635	-0.025413157521014872
MIR4636	0.23766653834589518
MIR4637	-0.1391677512380179
MIR4638	
MIR4639	-0.09213254667117397
MIR4640	
MIR4641	0.05291719658978324
MIR4642	0.05928676631292103
MIR4643	0.38088064212036493
MIR4644	-0.033566126404484246
MIR4645	-0.40374628672957097
MIR4646	-0.20911432301211402
MIR4647	
MIR4648	0.23556384456628557
MIR4649	
MIR4650-1	0.12443173396520196
MIR4650-2	
MIR4651	
MIR4652	-0.0026366779991051836
MIR4653	0.1029419610993501
MIR4654	
MIR4655	-0.14085033202927402
MIR4656	-0.020783347415587964
MIR4657	
MIR4658	
MIR4659B	0.04302015674658357
MIR4660	0.2105897689219193
MIR4661	
MIR4662B	
MIR4663	0.14425634464227333
MIR4664	-0.03151527613951156
MIR4665	-0.020783347415587964
MIR4666A	-0.19373335210814432
MIR4666B	
MIR4667	-0.055336791637305975
MIR4668	-0.16268358686834716
MIR4669	-0.16171891929644236
MIR4670	
MIR4671	-0.026292044516778346
MIR4672	-0.3134701528205191
MIR4673	0.0346884508562779
MIR4674	
MIR4675	
MIR4676	
MIR4677	0.08370639947169908
MIR4679-2	
MIR4680	
MIR4681	
MIR4682	-0.048363128976054645
MIR4683	
MIR4684	
MIR4685	-0.07010237372413271
MIR4686	-0.1994405709039652
MIR4687	
MIR4688	
MIR4689	0.34664809685983944
MIR4690	
MIR4691	
MIR4692	0.2801511478560392
MIR4693	
MIR4694	
MIR4695	
MIR4696	
MIR4697	-0.10670552852326791
MIR4698	-0.0026366779991051836
MIR4699	
MIR4700	
MIR4701	0.010664208531916844
MIR4703	
MIR4704	
MIR4705	
MIR4706	0.10279105977507046
MIR4707	
MIR4708	
MIR4709	
MIR4710	0.2105897689219193
MIR4711	
MIR4712	-0.23972924955737107
MIR4713	
MIR4714	
MIR4715	
MIR4716	
MIR4717	0.14941865319025666
MIR4718	0.38088064212036493
MIR4719	
MIR4720	
MIR4721	
MIR4722	-0.1514107522648601
MIR4723	
MIR4724	
MIR4725	-0.16171891929644236
MIR4726	
MIR4727	
MIR4728	-0.27643747051644574
MIR4729	0.3605339898435149
MIR4730	-0.18666320698785002
MIR4731	0.23042301019678207
MIR4733	-0.1514107522648601
MIR4734	
MIR4735	
MIR4736	
MIR4737	0.24311784210279508
MIR4738	
MIR4739	-0.1113329405111237
MIR4740	-0.020783347415587964
MIR4741	
MIR4742	
MIR4743	0.11125760384342238
MIR4744	0.02637927210010331
MIR4745	
MIR4746	0.0025741838284169104
MIR4747	
MIR4748	-0.02330823977466792
MIR4749	
MIR4750	
MIR4751	
MIR4752	
MIR4753	0.2828395602640671
MIR4754	0.00355712662185865
MIR4755	0.07673602068950824
MIR4756	-0.07829158146433887
MIR4757	
MIR4758	-0.2762979906897932
MIR4759	
MIR4760	
MIR4761	-0.025329659696029377
MIR4762	-0.061925732204534414
MIR4763	
MIR4764	-0.055336791637305975
MIR4765	
MIR4766	-0.2569811943717949
MIR4767	0.06239501466773127
MIR4768	0.19232381931098325
MIR4769	-0.0026366779991051836
MIR4770	
MIR4771-1	-0.057980514385467495
MIR4771-2	0.1935697539052563
MIR4772	-0.15715229368190586
MIR4773-1	
MIR4774	-0.04947105959806506
MIR4775	
MIR4776-2	
MIR4777	0.07994997212768976
MIR4778	0.08392095049566564
MIR4779	-0.2762979906897932
MIR4780	
MIR4781	
MIR4782	-0.16485516098364764
MIR4783	
MIR4784	
MIR4785	
MIR4786	-0.06505087662060081
MIR4787	0.2828395602640671
MIR4788	
MIR4789	
MIR4790	-0.1514107522648601
MIR4791	
MIR4793	
MIR4794	
MIR4795	-0.11914090295349442
MIR4796	-0.0026366779991051836
MIR4797	0.38088064212036493
MIR4798	-0.055336791637305975
MIR4799	
MIR4800	
MIR4801	0.38088064212036493
MIR4802	0.23294150872096414
MIR4803	
MIR4804	0.08285128895248016
MIR483	-0.03996518288879733
MIR484	
MIR485	
MIR486	-0.1514107522648601
MIR487A	-0.16171891929644236
MIR487B	
MIR488	
MIR489	-0.1514107522648601
MIR490	-0.2762979906897932
MIR491	-0.024386060597565776
MIR492	
MIR493	
MIR494	
MIR495	0.1935697539052563
MIR496	
MIR497HG	-0.07892885820236609
MIR498	
MIR4999	-0.00197651697808636
MIR499A	0.1935697539052563
MIR5000	
MIR5001	0.00355712662185865
MIR5002	-0.24254149121594412
MIR5003	0.3618004679925316
MIR5004	
MIR5006	-0.04716564538178732
MIR5007	
MIR5008	-0.020783347415587964
MIR5009	
MIR500A	
MIR500B	
MIR501	
MIR5010	-0.25058854427725186
MIR5011	
MIR502	
MIR503	-0.1642544485274186
MIR503HG	-0.25259135099426316
MIR504	0.14941865319025666
MIR5047	
MIR505	-0.25382743607172814
MIR506	
MIR507	0.1935697539052563
MIR508	
MIR5088	
MIR5089	
MIR509-1	
MIR509-2	
MIR509-3	
MIR5090	
MIR5091	0.08212954455117617
MIR5092	
MIR5093	0.2828395602640671
MIR5094	0.03316896894517974
MIR510	
MIR5100	0.38088064212036493
MIR511-1	
MIR511-2	
MIR512-1	
MIR512-2	
MIR513A1	
MIR513A2	
MIR513B	
MIR513C	
MIR514A1	
MIR514A2	
MIR514A3	
MIR514B	
MIR515-1	
MIR515-2	
MIR516A1	
MIR516A2	
MIR516B1	
MIR516B2	0.2828395602640671
MIR517A	
MIR517B	
MIR517C	
MIR5186	0.24462052931156963
MIR5187	0.024516280386478802
MIR5188	-0.27461770192479085
MIR5189	-0.07690870616136804
MIR518A1	
MIR518A2	
MIR518B	
MIR518C	0.00355712662185865
MIR518D	
MIR518E	
MIR518F	
MIR5190	-0.24254149121594412
MIR5191	0.11125760384342238
MIR5192	-0.13197789483503855
MIR5193	
MIR5194	
MIR5196	-0.23317929162290382
MIR5197	
MIR519A1	
MIR519A2	-0.019609797138670563
MIR519B	
MIR519C	
MIR519D	
MIR519E	
MIR520A	
MIR520B	
MIR520C	
MIR520D	
MIR520E	
MIR520F	0.1935697539052563
MIR520G	
MIR520H	
MIR521-1	
MIR521-2	0.14941865319025666
MIR522	
MIR523	-0.11458703234659626
MIR524	
MIR525	-0.2309204378764284
MIR526A1	
MIR526A2	
MIR526B	
MIR527	
MIR532	
MIR539	0.2828395602640671
MIR541	-0.2762979906897932
MIR542	0.05538911778266025
MIR543	
MIR544A	-0.1514107522648601
MIR544B	0.09790502254531977
MIR545	-0.024918015509533955
MIR548A1	
MIR548A2	
MIR548A3	-0.13766867705910263
MIR548AA1	
MIR548AA2	-0.3213747896179421
MIR548AB	
MIR548AC	-0.014280099296680147
MIR548AD	
MIR548AE1	
MIR548AE2	
MIR548AG1	
MIR548AG2	0.11640820551285051
MIR548AH	-0.16011943671806547
MIR548AI	
MIR548AJ1	
MIR548AJ2	0.38088064212036493
MIR548AK	
MIR548AL	
MIR548AM	0.004242454987836216
MIR548AN	0.2918108230579011
MIR548AO	
MIR548AP	
MIR548AQ	-0.19322760472174497
MIR548AR	-0.03463115212335375
MIR548AS	
MIR548AT	-0.103753269656387
MIR548AV	
MIR548AW	-0.1514107522648601
MIR548AX	
MIR548B	
MIR548C	-0.08176800685009299
MIR548E	-0.025928977592989646
MIR548F1	
MIR548F2	-0.1994405709039652
MIR548F3	0.2828395602640671
MIR548F4	
MIR548F5	
MIR548G	-0.0026366779991051836
MIR548H1	-0.036218417506281894
MIR548H2	0.00355712662185865
MIR548H3	0.2914465004891627
MIR548H4	
MIR548H5	
MIR548I1	-0.15582607145075994
MIR548I2	-0.1403538039995004
MIR548I3	
MIR548I4	
MIR548J	
MIR548K	0.24586488395862097
MIR548L	0.20368762297089177
MIR548M	
MIR548N	0.012328932570903733
MIR548O	-0.2837063983656467
MIR548O2	-0.026292044516778346
MIR548P	-0.3685189610700164
MIR548Q	
MIR548S	
MIR548T	
MIR548U	
MIR548V	-0.09141426235013163
MIR548W	
MIR548X	
MIR548X2	-0.026292044516778346
MIR548Y	
MIR549	
MIR550A1	-0.06110454424858529
MIR550A2	-0.027059784490949673
MIR550A3	0.15839086709466824
MIR551A	-0.16171891929644236
MIR551B	-0.055336791637305975
MIR552	-0.020783347415587964
MIR553	-0.23160578953783917
MIR554	0.03218130989722626
MIR555	-0.020783347415587964
MIR556	0.32293800729934435
MIR557	-0.2273688780149567
MIR5579	
MIR558	0.17793875419578248
MIR5580	-0.10154864268821895
MIR5581	-0.16286349414800227
MIR5582	-0.06557456244397993
MIR5583-1	
MIR5584	0.38088064212036493
MIR5585	0.10389959712489924
MIR5586	
MIR5587	-0.05716094376046886
MIR5589	-0.2762979906897932
MIR559	-0.0703630192226682
MIR5590	-0.055336791637305975
MIR5591	
MIR561	-0.11102705840994165
MIR562	-0.37169066354098723
MIR563	0.04682854724450904
MIR564	
MIR567	-0.32956555105002033
MIR568	-0.2827146248869611
MIR5680	0.08392095049566564
MIR5681A	
MIR5682	
MIR5683	
MIR5684	
MIR5685	
MIR5687	-0.1022084528908376
MIR5688	
MIR5689	
MIR569	0.08608493544833873
MIR5690	-0.07010250605199672
MIR5691	0.38088064212036493
MIR5692A1	
MIR5692A2	
MIR5692B	-0.19290144609542448
MIR5692C1	0.11125760384342238
MIR5692C2	-0.2195390036178615
MIR5693	-0.1514107522648601
MIR5694	
MIR5695	0.14941865319025666
MIR5696	-0.06881337466987425
MIR5697	-0.3739592725333451
MIR5698	
MIR5699	
MIR570	-0.029912758465396726
MIR5700	
MIR5701-1	
MIR5701-2	
MIR5702	-0.04947105959806506
MIR5703	
MIR5704	-0.2762979906897932
MIR5705	
MIR5706	0.00355712662185865
MIR5707	0.3178600246297343
MIR5708	
MIR571	0.06505222326368064
MIR572	
MIR573	-0.07541784603073537
MIR574	-0.03392363059196355
MIR575	
MIR576	-0.12688199044565657
MIR577	-0.3307334930442219
MIR578	-0.055336791637305975
MIR579	-0.09449782638344277
MIR580	0.02971833851827571
MIR581	-0.06627030025693091
MIR582	-0.2762979906897932
MIR583	-0.19290144609542448
MIR584	-0.1514107522648601
MIR585	
MIR586	
MIR587	
MIR588	0.07991861413674624
MIR589	-0.2355290539168976
MIR590	-0.32807436798925416
MIR591	-0.020783347415587964
MIR592	
MIR593	-0.02550819991890982
MIR595	-0.24053263737971295
MIR596	0.1115694808230527
MIR597	-0.0026366779991051836
MIR598	-0.12703345823699408
MIR599	
MIR600HG	-0.40083844372154503
MIR601	0.21773265569357053
MIR602	0.2616727109362563
MIR603	
MIR604	
MIR605	
MIR606	
MIR607	
MIR608	-0.04841272647954934
MIR609	
MIR610	
MIR611	
MIR613	0.12685641969166422
MIR614	
MIR615	-0.05475425951831418
MIR616	-0.2514809009260896
MIR617	
MIR618	
MIR619	
MIR620	
MIR621	0.11348069356745809
MIR622	
MIR623	-0.2211986616072653
MIR624	0.09952188114779256
MIR625	
MIR626	
MIR627	0.14637436408682222
MIR628	0.06686324990945497
MIR629	
MIR630	
MIR631	-0.168543006613213
MIR632	
MIR633	
MIR634	-0.38363097408387725
MIR635	0.11468338532054252
MIR636	
MIR637	
MIR638	-0.24254149121594412
MIR639	
MIR640	-0.026431485196833804
MIR641	0.10083959893504146
MIR642A	-0.08102762696639809
MIR643	-0.09363591521939432
MIR644A	0.10339363116560894
MIR645	-0.050700299052806874
MIR646	0.09298766504750323
MIR647	-0.19824728021715832
MIR648	0.2828395602640671
MIR649	
MIR650	
MIR651	
MIR652	0.049448619781503465
MIR653	
MIR654	
MIR655	-0.16171891929644236
MIR656	0.24586488395862097
MIR657	0.11077714690645867
MIR658	
MIR659	0.042697205118729833
MIR660	
MIR661	-0.11261943774651109
MIR662	0.2828395602640671
MIR663A	0.08307540536881064
MIR663B	0.13706381104710244
MIR665	
MIR670	
MIR671	
MIR676	0.2828395602640671
MIR7-1	
MIR7-2	-0.12104385176361847
MIR7-3	-0.005705058982923648
MIR7-3HG	-0.13929505021677194
MIR708	-0.22255033148309913
MIR711	
MIR718	
MIR744	-0.10036241454943978
MIR758	
MIR759	
MIR760	-0.21734335809449137
MIR761	0.1935697539052563
MIR762	-0.051822266476366355
MIR764	
MIR765	-0.3399672091503121
MIR766	-0.1803420705662273
MIR767	
MIR769	-0.13663886276630655
MIR770	-0.18150954930847207
MIR802	0.00355712662185865
MIR873	-0.16171891929644236
MIR874	-0.2762979906897932
MIR875	
MIR876	
MIR877	0.2914465004891627
MIR885	
MIR887	
MIR888	
MIR889	
MIR890	
MIR891A	
MIR891B	
MIR892A	
MIR892B	
MIR9-1	
MIR9-3	-0.055336791637305975
MIR920	
MIR921	
MIR922	
MIR92A2	0.00355712662185865
MIR92B	0.039774535118033735
MIR93	0.04448829669654842
MIR933	-0.2607072614389824
MIR934	
MIR935	
MIR936	-0.1771448272472281
MIR937	
MIR938	
MIR939	
MIR940	0.2528684455369723
MIR941-1	0.09199127431428025
MIR941-2	-0.2209594657691638
MIR941-3	-0.36559767471432875
MIR942	-0.005919927329317678
MIR943	
MIR944	
MIR95	
MIR96	-0.0710358908297329
MIR98	-0.24270910159612177
MIR99A	
MIR99B	0.08489079812684183
MIRLET7A1	-0.18512761763160449
MIRLET7A2	
MIRLET7A3	
MIRLET7B	
MIRLET7C	
MIRLET7D	-0.10618126767788309
MIRLET7DHG	0.258775506784127
MIRLET7E	0.00355712662185865
MIRLET7F1	-0.14524631234112004
MIRLET7F2	
MIRLET7G	0.08044701158441771
MIRLET7I	-0.25291426266052813
MIS12	-0.21574114803141242
MIS18A	-0.09435970706039075
MIS18A-AS1	0.027039549156778073
MIS18BP1	-0.37672345069589797
MISP	0.23893958999192563
MITD1	-0.359304403718332
MITF	-0.28488863704901596
MIXL1	-0.3718426785058153
MKI67	-0.2553872630161909
MKI67IP	-0.22305656064576934
MKI67IPP1	-0.03772162682669892
MKI67IPP2	0.02601160720444446
MKI67IPP3	-0.227418414897573
MKI67IPP4	-0.18091094991050038
MKI67IPP6	-0.05119080083450817
MKI67IPP7	0.08392095049566564
MKI67IPP8	-0.024355461321936906
MKI67IPP9	
MKKS	0.1743262233478838
MKL1	-0.34599889605670037
MKL2	-0.1310100218872297
MKLN1	-0.16296689039758797
MKLN1-AS1	-0.39358204213474457
MKLN1-AS2	0.09687008207932905
MKNK1	-0.04994512390252564
MKNK1-AS1	0.023198194953754837
MKNK2	0.007365262570071448
MKNK2P1	0.062398046327015795
MKRN1	0.2108969001948466
MKRN2	0.03865690526592995
MKRN3	0.0034269100571645964
MKRN4P	0.01955558654114322
MKRN5P	0.2665513454812978
MKRN7P	0.06582133333991724
MKRN9P	0.16752130922843858
MKRNP2	-0.025277751782736543
MKS1	-0.2638835892557124
MKX	0.09440063293391436
MLANA	0.1285197447946298
MLC1	-0.44082623017596273
MLEC	0.1439970815615968
MLF1	0.037886441195814614
MLF1IP	-0.4158142546592937
MLF2	0.3133263025527838
MLH1	-0.3469762497989562
MLH3	-0.12603640341678257
MLIP	0.16544952036418512
MLIP-AS1	-0.25206464454652905
MLIP-IT1	0.33781757818665864
MLK4	0.3156135361177347
MLK7-AS1	-0.20191439430764432
MLKL	-0.2925722492280946
MLLT1	-0.062424123380252564
MLLT10	-0.19145927652379158
MLLT10P1	0.00355712662185865
MLLT10P2	
MLLT11	-0.3079441203399595
MLLT3	0.21537813154022178
MLLT4	0.3658347621028786
MLLT4-AS1	0.2088509489483652
MLLT6	-0.2992651411527053
MLN	0.08379295825333981
MLNR	0.01872486976338681
MLPH	0.2113855360557633
MLST8	0.06893998911866024
MLTK	-0.13935212834431301
MLX	0.1782663515110086
MLXIP	0.267684550639227
MLXIPL	0.17299768864215692
MLYCD	0.1304366207132351
MMAA	0.05244987044448527
MMAB	0.21678931969383994
MMACHC	0.14585327333290926
MMADHC	-0.028294101899684673
MMD	-0.31246160727116334
MMD2	-0.061645252434522735
MME	0.02903746900215128
MME-AS1	0.15829853839920918
MMEL1	0.177333996014018
MMGT1	0.06016129517185672
MMP1	-0.299391462191747
MMP10	-0.38945599077006565
MMP11	0.02132349081330161
MMP12	-0.38743505538877543
MMP13	-0.24767795282237834
MMP14	-0.2555537973583293
MMP15	0.3357371665466854
MMP16	-0.3134876842370182
MMP17	-0.2647753469701135
MMP19	-0.2794588370111949
MMP2	0.05001088743284516
MMP20	-0.36179900420191957
MMP21	-0.23609746700391485
MMP23A	0.05763807260107354
MMP23B	0.005218363491258021
MMP24	0.24811275563556978
MMP24-AS1	0.09791356858948201
MMP25	-0.34555596457309173
MMP26	-0.1122583662425321
MMP27	0.1496271329786234
MMP28	-0.0005004021199538989
MMP3	-0.30088501023109854
MMP7	-0.5043993339972163
MMP8	-0.17713570504400727
MMP9	-0.38598492146125274
MMRN1	-0.061375824924457284
MMRN2	-0.1575849099433887
MMS19	-0.29822219871006356
MMS22L	-0.3208123239080705
MN1	0.11409733853759144
MNAT1	-0.2167689710210205
MND1	-0.32956485589969226
MNDA	-0.371331812060993
MNS1	-0.22970851491384814
MNT	-0.32317270649872915
MNX1	0.19068412788862182
MNX1-AS1	0.1983493905869424
MNX1-AS2	0.19350052515345265
MOAP1	0.06371642272214334
MOB1A	-0.33764530475041277
MOB1AP1	-0.055336791637305975
MOB1AP2	0.00355712662185865
MOB1B	-0.32760155093956644
MOB2	0.015348335611956716
MOB3A	-0.40882948172143674
MOB3B	0.1295843185458137
MOB3C	-0.1688665950639402
MOB4	0.028960490310301422
MOBP	0.016642052269568268
MOCOS	0.18800946750039635
MOCS1	0.1341448694804508
MOCS1P1	-0.04822339321427527
MOCS2	0.07375272969554136
MOCS3	-0.12951842687400186
MOG	-0.3003228735750006
MOGAT1	-0.03848057026016783
MOGAT2	0.19040383668266544
MOGAT3	0.18011471793790162
MOGS	0.009467911237504347
MOK	-0.2507766595563352
MON1A	0.13382861563751622
MON1B	-0.03562181836564299
MON2	-0.03983685626423833
MORC1	0.12684214316965178
MORC1-AS1	-0.36559767471432875
MORC2	-0.19334779203556318
MORC2-AS1	-0.12445750599117898
MORC3	-0.24172389689687293
MORC4	0.0591240191789756
MORF4	-0.031830187226344724
MORF4L1	-0.18969665276921605
MORF4L1P1	-0.15205047917333708
MORF4L1P4	0.09097536592319669
MORF4L1P5	0.34598488628022633
MORF4L1P6	
MORF4L1P7	-0.020783347415587964
MORF4L2	0.06450050086093088
MORF4L2-AS1	0.021060312484732398
MORF4L2P1	0.18851687041308043
MORN1	-0.14432422918624035
MORN2	-0.0069789955711324
MORN3	-0.2477146486743315
MORN4	-0.039327711175893294
MORN5	-0.3475802983181594
MOS	-0.1573027998237489
MOSPD1	-0.04244111082976972
MOSPD2	-0.1751985096723316
MOSPD3	-0.07622965659571113
MOV10	0.24804314811462633
MOV10L1	-0.3063103072390727
MOXD1	-0.45720437587641394
MOXD2P	0.48283602050595986
MPC1	0.05614732162486906
MPC1L	0.033223594416103945
MPC2	0.41930287685137585
MPDU1	0.043103342329558585
MPDZ	-0.2699450164156476
MPEG1	-0.3031533965150942
MPG	-0.06880390343800176
MPHOSPH10	-0.07124216186289956
MPHOSPH6	-0.24373729825809445
MPHOSPH8	-0.12260963691957552
MPHOSPH9	-0.3637006494085671
MPI	0.2093504906643544
MPL	0.25188443088224544
MPLKIP	0.003107051699003278
MPND	0.08419359775114062
MPO	-0.21869978489721387
MPP1	0.07451177961410073
MPP2	0.06022658833669483
MPP3	-0.2430180175512671
MPP4	-0.015711348616284867
MPP5	0.3797183003161965
MPP6	0.14839766642703558
MPP7	0.09390184796515243
MPPE1	0.37512778625493487
MPPE1P1	0.06914688130682821
MPPED1	-0.014269588261690211
MPPED2	0.12214375716533005
MPRIP	-0.21914882153860082
MPRIP-AS1	0.43123659679511966
MPRIPP1	0.08572315384901977
MPST	0.07006619248055758
MPTX1	0.0024590312643271686
MPV17	-0.37943123045291455
MPV17L	0.35828048890252345
MPV17L2	-0.06872781952733646
MPZ	0.00936235066406252
MPZL1	0.028817240237140166
MPZL2	-0.008117244633193792
MPZL3	0.17564304723506893
MR1	-0.5022497156379084
MRAP	0.1838045677145125
MRAP2	0.035747276686539445
MRAS	-0.4238680289330769
MRC1	0.25545294386921963
MRC1L1	-0.0066889152139641105
MRC2	0.1469356322277099
MRE11A	-0.2863304876939958
MREG	-0.22589202134807504
MRFAP1	0.24791053321723008
MRFAP1L1	-0.2712571808323818
MRGBP	-0.003737891924931009
MRGPRD	-0.1951974161599387
MRGPRE	0.09757512524721323
MRGPRF	-0.016135084858540222
MRGPRG	-0.02134923284229072
MRGPRG-AS1	-0.22628802420093552
MRGPRX1	-0.08601414515018675
MRGPRX2	0.0535897696053469
MRGPRX3	0.00355712662185865
MRGPRX4	0.07836369407769135
MRI1	-0.06575873016512772
MRM1	-0.03592812815248281
MRO	0.2595297190775083
MROH1	0.013595188063668035
MROH2A	0.026984438967534233
MROH2B	-0.1887585309339001
MROH3P	-0.03287515754237514
MROH4P	-0.27332357976464744
MROH5	-0.18223370744332476
MROH6	0.24267717327849858
MROH7	0.10195733269674541
MROH7-TTC4	-0.01458801131842503
MROH8	-0.017377272286279742
MROH9	0.14106061491456645
MRP63	0.08163114949871919
MRP63P6	
MRP63P7	0.014170119241347074
MRPL1	0.03570318947881308
MRPL10	-0.1468647798943652
MRPL11	-0.18133605942869838
MRPL12	0.01539324473708138
MRPL13	0.04467709135716541
MRPL14	0.01954836064989531
MRPL15	0.022228004353863275
MRPL15P1	0.2463254493506976
MRPL16	-0.048963405608796216
MRPL17	-0.22574885260084426
MRPL18	-0.1413565585170023
MRPL19	-0.017841813520959076
MRPL2	0.2326258615261417
MRPL20	-0.19428485376991086
MRPL20P1	0.26293634548359845
MRPL21	-0.00771877535910902
MRPL22	-0.1960946095338959
MRPL22P1	0.05947542261661862
MRPL23	0.0006034687532736976
MRPL23-AS1	0.16259766878945534
MRPL24	-0.25901814410049645
MRPL27	-0.07459834406873454
MRPL28	-0.024060976536636133
MRPL2P1	0.10761634547723627
MRPL3	0.043917844492767436
MRPL30	-0.14539441468947575
MRPL32	-0.1520716987739081
MRPL32P1	-0.1994405709039652
MRPL33	-0.18655311583665243
MRPL34	0.13033400193137476
MRPL35	0.1074236943925566
MRPL35P1	-0.16603135337910563
MRPL35P2	-0.017489010420685812
MRPL35P3	-0.4740458078791518
MRPL35P4	-0.16544730988488593
MRPL36	-0.06823654773808918
MRPL37	-0.025606023715276014
MRPL37P1	-0.24618858049884756
MRPL38	-0.19729459832615368
MRPL39	0.058552465762405456
MRPL3P1	0.2046179886042219
MRPL4	-0.09268340739185246
MRPL40	-0.2365972799671501
MRPL40P1	-0.22228865362995895
MRPL41	0.03646660059832926
MRPL42	-0.11426363426866455
MRPL42P2	-0.12725338196900482
MRPL42P3	0.2828395602640671
MRPL42P4	
MRPL42P6	0.2828395602640671
MRPL43	0.13267806934237064
MRPL44	-0.07902829873833576
MRPL45	0.08271218579003141
MRPL45P1	0.264268684048613
MRPL45P2	0.07017713050824495
MRPL46	-0.21383681895618936
MRPL47	-0.10642284547710039
MRPL48	-0.09696401078400214
MRPL48P1	0.3403806442825251
MRPL49	-0.0897919471938887
MRPL49P1	
MRPL49P2	
MRPL50	-0.23474021500724251
MRPL50P1	0.2828395602640671
MRPL50P2	0.17306233778634486
MRPL50P4	-0.10483317015800067
MRPL51	-0.35374518691926216
MRPL51P2	-0.23751046597313363
MRPL52	-0.1526003820949685
MRPL53	0.08996260124770351
MRPL53P1	
MRPL54	-0.17617248503624797
MRPL55	0.02865278992392672
MRPL9	-0.30198631607650805
MRPL9P1	0.09793995320437703
MRPS10	-0.3438324199208597
MRPS10P1	0.11125760384342238
MRPS10P2	0.23611980712536965
MRPS11	0.0010024206454095712
MRPS11P1	0.15474599320664476
MRPS12	-0.016537058599174714
MRPS14	-0.15692141564998033
MRPS15	-0.3458717582535456
MRPS15P1	-0.005615954038676096
MRPS16	-0.05852423115217167
MRPS16P1	0.2914465004891627
MRPS16P2	0.04854881181832497
MRPS16P3	-0.27812113689786033
MRPS17	0.030247658858590234
MRPS17P1	-0.07617856568826212
MRPS17P3	
MRPS17P9	-0.1994405709039652
MRPS18A	-0.05509216322553508
MRPS18AP1	-0.06469013644124239
MRPS18B	-0.05923728626332048
MRPS18BP1	-0.24254149121594412
MRPS18BP2	-0.01682418992465879
MRPS18C	-0.07307824941024847
MRPS18CP4	-0.1994405709039652
MRPS18CP6	0.09160956855093924
MRPS2	-0.021739961623126407
MRPS21	-0.2317291124895863
MRPS21P1	0.18624586949821775
MRPS21P2	0.1327306647022339
MRPS21P3	-0.3104160187347142
MRPS21P6	-0.18877054351470332
MRPS21P7	-0.1994405709039652
MRPS21P8	
MRPS21P9	0.3306097818085833
MRPS22	0.22990734663798437
MRPS23	-0.22422334111277725
MRPS24	-0.15083503328824674
MRPS25	-0.11882290700130992
MRPS26	0.07115220211878079
MRPS27	-0.2671608822628023
MRPS28	-0.12226845451279876
MRPS30	0.04240942203297113
MRPS31	-0.2679729639246211
MRPS31P2	-0.06795839408715582
MRPS31P4	-0.09593871088213633
MRPS31P5	-0.30132350332203184
MRPS33	-0.17290417175350614
MRPS33P2	0.29013025358453554
MRPS33P3	0.21966905181313198
MRPS33P4	0.09097536592319669
MRPS34	0.019301250006572113
MRPS35	0.028173412028054
MRPS35P2	
MRPS35P3	-0.19290144609542448
MRPS36	0.0889981924702984
MRPS36P1	0.10170679190379837
MRPS36P2	-0.15311706829733077
MRPS36P3	
MRPS36P4	0.2651152060648443
MRPS36P5	
MRPS5	0.03799135480236979
MRPS5P3	0.0210978417884739
MRPS5P4	
MRPS6	-0.2611437603051374
MRPS6P2	-0.10144145004766561
MRPS6P4	0.00355712662185865
MRPS7	-0.08479830022887834
MRPS9	0.010968388086279993
MRRF	0.06326583612683027
MRRFP1	0.02455457722081108
MRS2	0.015837928076034364
MRS2P2	-0.21322847147292603
MRTO4	-0.2791111940491263
MRVI1	-0.10237819424838686
MRVI1-AS1	-0.4223470558908593
MS4A1	-0.4195233282966251
MS4A10	0.09218421583665379
MS4A12	0.0072655704684074125
MS4A13	-0.1994405709039652
MS4A14	-0.11317393442062923
MS4A15	-0.07252304198604544
MS4A18	-0.1199309412859612
MS4A2	-0.07155964328288522
MS4A3	-0.0709744654209181
MS4A4A	-0.07764136110207762
MS4A4E	-0.04055534798229357
MS4A5	-0.1514107522648601
MS4A6A	-0.0800786643371464
MS4A6E	0.05896977564125682
MS4A7	-0.08439831479582581
MS4A8	0.15535157220042886
MSANTD1	-0.050140006077224276
MSANTD2	-0.13235512469369437
MSANTD2P1	0.07991861413674624
MSANTD3	-0.3960382353363357
MSANTD3-TMEFF1	
MSANTD4	-0.3701736705965773
MSC	-0.36260999295810703
MSGN1	-0.22626901982564063
MSH2	-0.28799300458123755
MSH3	-0.01311521738199433
MSH4	-0.18041812853926348
MSH5	-0.18655500341451786
MSH5-SAPCD1	
MSH6	-0.33442250238084703
MSI1	0.04646158587128304
MSI2	-0.24373258814473545
MSL1	-0.12543796169376065
MSL2	-0.4010719170681645
MSL3	-0.43570050473267335
MSL3P1	-0.17639082686194332
MSLN	-0.28261958332857395
MSLNL	0.046095673144718505
MSMB	0.05470167721270479
MSMO1	0.27845980786364305
MSMP	-0.3234264971891907
MSN	-0.48155439009710016
MSNP1	-0.3431779343866965
MSR1	0.11752360161404517
MSRA	0.1422905891717386
MSRB1	0.17045880360314503
MSRB1P1	-0.012112178907209805
MSRB2	0.15256368102651974
MSRB3	0.01148998331379364
MSS51	-0.2510526073388919
MST1	0.11912876253932847
MST1L	0.11933371145234194
MST1P2	0.03865111519965865
MST1R	0.04615270343718458
MST4	-0.3074685592703919
MSTN	0.18698882981045578
MSTO1	-0.2277643339161122
MSTO2P	-0.2467212320567125
MSX1	-0.12045144355481428
MSX2	0.23095994093364533
MSX2P1	-0.4327287020689093
MT-ATP6	
MT-ATP8	
MT-CO1	
MT-CO2	
MT-CO3	
MT-CYB	
MT-ND1	
MT-ND2	
MT-ND3	
MT-ND4	
MT-ND4L	
MT-ND5	
MT-ND6	
MT-RNR1	
MT-RNR2	
MT-TA	
MT-TC	
MT-TD	
MT-TE	
MT-TF	
MT-TG	
MT-TH	
MT-TI	
MT-TK	
MT-TL1	
MT-TL2	
MT-TM	
MT-TN	
MT-TP	
MT-TQ	
MT-TR	
MT-TS1	
MT-TS2	
MT-TT	
MT-TV	
MT-TW	
MT-TY	
MT1A	0.057983823313130886
MT1B	0.09141526023547315
MT1CP	0.13050256909109467
MT1DP	0.11753122650679702
MT1E	0.18647340231085813
MT1F	0.11010395143705026
MT1G	0.1308742626134265
MT1H	0.10919038478906248
MT1HL1	0.1417482102050907
MT1JP	-0.06981674522775708
MT1L	0.01604874489547596
MT1M	0.02658750505701944
MT1P1	-0.013263117628288818
MT1P3	0.06910464382339325
MT1X	0.08276863896209745
MT1XP1	-0.0023197306075741567
MT2A	0.12743311390567127
MT2P1	0.11566634891724277
MT3	-0.035414603295480636
MT4	-0.16171891929644236
MTA1	-0.11579009564244802
MTA2	-0.3534940896658318
MTA3	-0.3294268774193356
MTAP	-0.22963211649110368
MTAPP1	-0.04922714717209539
MTAPP2	-0.04168763800023241
MTATP6P1	-0.06070278585908788
MTATP6P2	-0.017799877968836048
MTATP6P3	0.2837109267620861
MTATP6P4	-0.20145435556381905
MTATP6P7	0.24998274270304555
MTATP6P9	0.18307214586261036
MTATP8P1	0.10616029796085692
MTATP8P2	-0.05296381007370196
MTBP	-0.31111455056266735
MTCH1	0.07673925054919184
MTCH2	0.3455376856206852
MTCO1P3	0.10160676555447441
MTCO2P1	0.07076623433856992
MTCO2P3	0.2828395602640671
MTCO3P1	0.17657806264748144
MTCO3P2	-0.24254149121594412
MTCP1	-0.12027458743837952
MTCYBP1	0.29434562783193396
MTCYBP2	
MTCYBP3	-0.006034334187662655
MTCYBP4	0.035699478178495656
MTDH	-0.17770254040808464
MTERF	-0.0609861814472695
MTERFD1	-0.25868148516141165
MTERFD2	-0.355965943233737
MTERFD3	0.04542569930200031
MTF1	-0.09202136591813441
MTF2	-0.3790905288985397
MTFMT	0.20413923932257627
MTFP1	-0.035953163763066925
MTFR1	0.38989984508640774
MTFR1L	-0.016707063306862703
MTFR2	-0.3104942185546024
MTG1	-0.19897912035695672
MTG2	-0.09479851489684732
MTHFD1	-0.22260869282730855
MTHFD1L	-0.3629747206846056
MTHFD1P1	0.07467107488551981
MTHFD2	-0.30486510031771313
MTHFD2L	-0.07999209535651866
MTHFD2P1	0.12064969613052504
MTHFD2P2	
MTHFD2P3	0.05392166127306306
MTHFD2P4	0.0692991908126195
MTHFD2P5	0.20820833993225735
MTHFD2P6	0.04972173758544077
MTHFD2P7	0.07603751638282956
MTHFR	0.11445775350232544
MTHFS	0.35307834649026476
MTHFSD	-0.1622678464895191
MTIF2	0.06889048614756202
MTIF3	0.2166907323697857
MTL5	0.12128822843958216
MTM1	0.04648716794511995
MTMR1	-0.37328330127884773
MTMR10	0.1519343068171443
MTMR11	-0.0063298084960914614
MTMR12	-0.330066849483991
MTMR14	-0.33822451511872687
MTMR2	-0.035865346574512375
MTMR3	-0.05228911270012336
MTMR4	-0.06830344820584704
MTMR6	-0.17357662263758922
MTMR7	0.06875519537019986
MTMR8	-0.02246916046658406
MTMR9	-0.3064699592905801
MTMR9LP	-0.22947432858872002
MTND1P1	
MTND1P10	0.13265778874194561
MTND1P11	0.09906423734676743
MTND1P12	
MTND1P13	0.1034110933014861
MTND1P14	0.13499922705715436
MTND1P15	0.04189234643895232
MTND1P16	-0.03689345622231761
MTND1P17	-0.24254149121594412
MTND1P18	0.1383315910746558
MTND1P19	0.14788975722568043
MTND1P2	0.10291516930180653
MTND1P20	-0.07846714298084019
MTND1P21	0.03725860206569936
MTND1P22	0.22723808561114783
MTND1P23	0.1345436280132023
MTND1P24	-0.07546174380025546
MTND1P26	-0.21375886665811902
MTND1P27	0.12550681460582694
MTND1P28	-0.08436981294511212
MTND1P29	0.24511244143845543
MTND1P3	-0.14353465509946367
MTND1P30	-0.16304354114366493
MTND1P31	-0.03324771083722451
MTND1P32	-0.11788055625266537
MTND1P33	0.2280275204163177
MTND1P34	0.22413863037782905
MTND1P35	-0.27812113689786033
MTND1P36	0.17792185974576455
MTND1P4	0.07187475694963019
MTND1P5	0.1803443463424373
MTND1P6	-0.02374383282427571
MTND1P7	0.14758474263153462
MTND1P9	-0.2459704639410294
MTND2P11	-0.011507802048245528
MTND2P12	0.15462196133288986
MTND2P14	-0.15695512015626564
MTND2P15	-0.08124917142716269
MTND2P16	-0.03813900138161256
MTND2P17	-0.07800263074003352
MTND2P18	-0.18982663213427267
MTND2P19	0.1283226026426488
MTND2P2	-0.028324730029229788
MTND2P20	-0.23560931641059465
MTND2P21	0.06897681930372322
MTND2P22	0.010567307740606694
MTND2P23	0.0801772953975509
MTND2P24	0.12982831832527672
MTND2P25	
MTND2P26	0.09568227312316412
MTND2P28	0.05676044920420484
MTND2P29	0.25315164013527325
MTND2P3	
MTND2P30	-0.24517903953301973
MTND2P31	0.16956544166135215
MTND2P32	0.06319040102743732
MTND2P33	0.1963236039013378
MTND2P4	0.33629380679288995
MTND2P5	0.08364726702981294
MTND2P6	-0.049279487807696455
MTND2P7	0.16155924456917733
MTND2P8	0.18770349221097846
MTND2P9	0.05670087298455788
MTND3P1	-0.1514107522648601
MTND3P10	-0.1299707075072762
MTND3P2	-0.020783347415587964
MTND3P3	-0.12582976726745362
MTND3P4	0.10860082125211515
MTND3P5	-0.3071818604336954
MTND3P6	0.21106378611250864
MTND3P7	-0.007450105907909462
MTND3P8	0.10279105977507046
MTND3P9	-0.25215805772252503
MTND4LP1	0.22471222771433622
MTND4P1	0.23471950742245004
MTND4P10	-0.05258297566440056
MTND4P11	-0.20605909633270156
MTND4P12	0.21177259120132852
MTND4P13	0.14439857552468374
MTND4P14	0.058125499176775404
MTND4P15	0.18851082715226203
MTND4P16	0.232525003222669
MTND4P17	-0.05587056374107253
MTND4P18	-0.03345545441236024
MTND4P19	-0.2637097519728559
MTND4P2	-0.04523564657737455
MTND4P20	0.0006081829824593311
MTND4P21	0.00804669765610654
MTND4P22	0.0917562544676565
MTND4P23	-0.13181033540811168
MTND4P24	0.22045934897035896
MTND4P25	0.5011421911863548
MTND4P26	0.20169009773280053
MTND4P27	0.15963372776380055
MTND4P28	0.15058098897235705
MTND4P29	0.11919042351673083
MTND4P3	-0.2508359379242902
MTND4P30	-0.33494209540405306
MTND4P31	-0.045492165131564795
MTND4P32	0.1033891748640644
MTND4P4	0.2789102725118483
MTND4P5	0.08664614109937695
MTND4P6	0.0847378050437613
MTND4P7	0.19778159168348708
MTND4P8	0.08103920174876642
MTND4P9	-0.25540462625911314
MTND5P1	-0.27381319426473666
MTND5P10	0.01740328861817367
MTND5P11	0.09415077184526333
MTND5P12	0.26078573047910436
MTND5P13	-0.14512184705924602
MTND5P14	0.07715331403945858
MTND5P15	0.20147441479661835
MTND5P16	0.24341669660559714
MTND5P17	0.19383405309641522
MTND5P18	-0.431596887948867
MTND5P19	0.17080293412094005
MTND5P2	0.16436281124659374
MTND5P20	0.11125760384342238
MTND5P21	0.30662282204215763
MTND5P22	-0.1514107522648601
MTND5P23	-0.039025072621390704
MTND5P24	-0.08711947239017495
MTND5P25	0.20249005356220318
MTND5P26	0.03342961368375573
MTND5P27	0.17191564362747006
MTND5P28	-0.06642805235966492
MTND5P29	-0.19144296618052212
MTND5P3	-0.03338732551695311
MTND5P30	0.24190358858553537
MTND5P31	-0.042617842559978816
MTND5P4	0.1085230062748093
MTND5P5	-0.283968044809956
MTND5P6	0.13961363380603728
MTND5P7	0.1829227313054488
MTND5P8	0.14505847142866748
MTND5P9	0.05605145001359099
MTND6P1	
MTND6P10	0.11125760384342238
MTND6P11	0.38088064212036493
MTND6P12	-0.13110299879747536
MTND6P13	
MTND6P14	
MTND6P15	0.11125760384342238
MTND6P16	0.07268814537471642
MTND6P17	
MTND6P18	
MTND6P19	0.11125760384342238
MTND6P2	0.11125760384342238
MTND6P20	0.2105897689219193
MTND6P21	0.1129085712341847
MTND6P3	0.232735957796483
MTND6P4	0.12483643179156219
MTND6P5	0.10593094928437741
MTND6P6	
MTND6P7	-0.2762979906897932
MTND6P8	-0.16171891929644236
MTND6P9	0.48283602050595986
MTNR1A	-0.03204712144322265
MTNR1B	0.0047065958442729415
MTO1	-0.1058742121361669
MTOR	-0.05675251746436565
MTOR-AS1	0.3246748411271939
MTPAP	-0.07665916815511419
MTPN	-0.33818352366864196
MTR	-0.1374158285691516
MTRF1	-0.19531961845292017
MTRF1L	0.04615877393905883
MTRNR2L1	0.27588589251493856
MTRNR2L10	0.11016827940133866
MTRNR2L11	0.2123551508742878
MTRNR2L12	0.088813887911692
MTRNR2L13	0.26886408956525865
MTRNR2L2	0.143599778069552
MTRNR2L3	0.14912134026353274
MTRNR2L4	-0.11271348048294175
MTRNR2L5	0.22801091089322145
MTRNR2L6	0.13088761867481133
MTRNR2L7	0.1823593881537073
MTRNR2L8	0.1680654561967118
MTRNR2L9	0.005470157618153939
MTRR	-0.003224928210313482
MTSS1	-0.09587571325169607
MTSS1L	-0.0110050641765418
MTTP	0.07934647472431262
MTUS1	0.27534480706059755
MTUS2	-0.43158572520590677
MTUS2-AS1	0.04637194439538103
MTUS2-AS2	-0.3448836558018472
MTX1	-0.3602994722374771
MTX1P1	-0.08483742511921537
MTX2	0.17907006427289227
MTX3	-0.3458019565025868
MUC1	-0.01657123931019743
MUC12	-0.02769959040340683
MUC13	0.24963636605144707
MUC15	-0.2287813401564204
MUC16	-0.4209700626254021
MUC17	0.16757303985823105
MUC19	0.24299668010177378
MUC2	0.26087643647104847
MUC20	-0.06434185866375092
MUC21	-0.12198618788584398
MUC22	-0.2529950546111668
MUC3A	0.1461478750514061
MUC4	0.2227686434264529
MUC5AC	0.049836057490186395
MUC5B	-0.06458642832860181
MUC6	0.029296761567089276
MUC7	-0.05235226851286778
MUC8	-0.2207065133780551
MUCL1	-0.06355299369674679
MUL1	-0.0740761980535983
MUM1	-0.054352709103895835
MUM1L1	0.09209290754107337
MURC	-0.26302950907517963
MUS81	-0.08884481618703227
MUSK	-0.27770982220884644
MUSTN1	-0.11588567325782312
MUT	0.20237437547408596
MUTYH	-0.10725078631897399
MVB12A	0.12359038202397085
MVB12B	0.09524647822675313
MVD	0.06442638179893906
MVK	0.27046139842330685
MVP	0.38010174032568944
MX1	-0.006592340677869063
MX2	-0.3182778989610544
MXD1	0.036591247941839
MXD3	-0.17982796474977078
MXD4	-0.04213763369272897
MXI1	0.15626154695067326
MXRA5	-0.04095571683031113
MXRA5P1	0.04730480684757269
MXRA7	-0.1861945678599796
MXRA8	0.06864402464020712
MYADM	0.06587447902126302
MYADML	0.03653734515038909
MYADML2	0.029159850779949547
MYB	0.09471837257525988
MYB-AS1	-0.06353999386059012
MYBBP1A	-0.19357599952166119
MYBL1	-0.38230723859854515
MYBL2	-0.31624739046347466
MYBPC1	0.0839663336831108
MYBPC2	-0.4854056747208372
MYBPC3	-0.3976947567370165
MYBPH	0.07815864024408514
MYBPHL	0.17502379056735787
MYC	-0.04130161244095284
MYCBP	0.13019043496809118
MYCBP2	-0.4498504504236288
MYCBP2-AS1	-0.0769052271576674
MYCBP2-AS2	-0.28554900704944763
MYCBPAP	-0.18861456563760798
MYCL	0.262058149577225
MYCLP1	0.19276102599588582
MYCLP2	0.14425634464227333
MYCN	0.07398794042821996
MYCNOS	0.4524138743104007
MYCNUN	-0.19290144609542448
MYCT1	-0.23270823933635598
MYD88	0.2081939232816473
MYEF2	-0.3261118026476753
MYEOV	-0.07486437263150152
MYEOV2	-0.11058309572034755
MYF5	-0.022470825066620015
MYF6	-0.309658693267328
MYH1	-0.05031410416766088
MYH10	-0.22761126321936836
MYH11	0.1254766352710046
MYH13	-0.28211708621354004
MYH14	0.37507277089459573
MYH15	-0.06689572178879198
MYH16	-0.08758342636478621
MYH2	-0.022410637595425484
MYH3	-0.18569114249060312
MYH4	0.21555375231292287
MYH6	-0.08844332686677216
MYH7	0.14728277725069583
MYH7B	0.20650462230961317
MYH8	-0.037745801501968955
MYH9	0.09514806441824523
MYL1	-0.09336272370121212
MYL10	0.29048737758038484
MYL12A	-0.06122198156854003
MYL12B	0.18546979713581488
MYL2	-0.3782258425649303
MYL3	-0.21127403439315243
MYL4	-0.1632161846529049
MYL5	0.10313888557587808
MYL6	-0.03024317851384235
MYL6B	-0.284903749804019
MYL6P1	0.004665480902007284
MYL6P2	0.06385144656285444
MYL6P3	0.05606675217898848
MYL6P4	0.008099252498963755
MYL7	-0.04461889280137619
MYL8P	-0.030392120561333825
MYL9	0.08511725172860224
MYLIP	0.07684925378386426
MYLK	-0.05462131419821223
MYLK-AS1	-0.3000851017609898
MYLK-AS2	-0.15149573333393476
MYLK2	0.05349148462237254
MYLK3	-0.0632995971851272
MYLK4	-0.04570701416859525
MYLKP1	0.19665640641599746
MYLPF	-0.04688334513187447
MYNN	-0.16424407408550323
MYO10	0.3462027628019032
MYO15A	-0.18784826198333246
MYO15B	0.34138106673886
MYO16	-0.5239410189868159
MYO16-AS1	0.38088064212036493
MYO16-AS2	-0.1514107522648601
MYO18A	-0.0015960627627423125
MYO18B	-0.1442277019841348
MYO19	0.06908543794994734
MYO1A	0.1590894050540705
MYO1B	-0.03464209198331542
MYO1C	0.28233165525314863
MYO1D	0.3262696193390136
MYO1E	0.023502577694522662
MYO1F	-0.37681905853693104
MYO1G	-0.42292087978391363
MYO1H	-0.0803129735697499
MYO3A	-0.3154670749372688
MYO3B	-0.30972200035822134
MYO5A	-0.4352395612554034
MYO5B	0.22433154660578053
MYO5BP1	0.15793625656615867
MYO5BP2	0.24079058985065016
MYO5BP3	0.040343873563220715
MYO5C	0.10968940622227169
MYO6	0.18938604251918045
MYO7A	-0.2781439137318288
MYO7B	0.26556497837607246
MYO9A	-0.17196521233720616
MYO9B	-0.32105600285451896
MYOC	0.04699261125402467
MYOCD	0.12366344568324625
MYOD1	0.2890749532323627
MYOF	-0.0847235146169588
MYOG	0.2698226170125196
MYOM1	-0.10519013732184397
MYOM2	-0.1166894037727527
MYOM3	-0.04494187113015994
MYOT	0.08117044182893478
MYOZ1	-0.09265059832123096
MYOZ2	-0.2765626402251284
MYOZ3	-0.025784053061782653
MYPN	-0.11826169137601855
MYPOP	0.12668327599597834
MYRF	0.2075284377102476
MYRFL	0.18961798915888958
MYRIP	0.2046929100181526
MYSM1	-0.2037839193519337
MYT1	0.11652571451113501
MYT1L	-0.337447030010762
MYZAP	0.4356506610322217
MZB1	-0.3230695167204639
MZF1	-0.16810418866825808
MZT1	-0.33529978301953084
MZT2A	-0.001992641327543489
MZT2B	-0.023307506081130667
Metazoa_SRP	-0.09358267073609117
N4BP1	0.001026593550671458
N4BP2	-0.4007918928655738
N4BP2L1	-0.2068196612247704
N4BP2L2	-0.23463644670810255
N4BP3	-0.42877751995059865
N6AMT1	-0.04825031463377091
N6AMT2	-0.34815162720970183
NAA10	-0.2964013842217835
NAA11	0.022139975546558274
NAA15	-0.20920885657766297
NAA16	-0.20863700030164747
NAA20	-0.12497455936013958
NAA25	-0.19825500216736144
NAA30	0.01985882564365678
NAA35	0.06713298678169143
NAA38	-0.39421073875996665
NAA40	-0.13878521837297336
NAA50	-0.17772945510703145
NAA60	0.2098414195275931
NAAA	0.19675564792385392
NAALAD2	0.15094245908917395
NAALADL1	0.12642258143170554
NAALADL2	0.19633256559027476
NAALADL2-AS1	
NAALADL2-AS2	-0.3540325179529274
NAALADL2-AS3	
NAB1	-0.25787649571455196
NAB2	-0.22524416506865305
NABP1	-0.10053262257329504
NABP2	-0.1671290246242225
NACA	-0.2350285871969753
NACA2	0.013313009055540899
NACA3P	0.0019644013513395227
NACAD	-0.056765105864125545
NACAP1	0.061435533841553265
NACC1	-0.057017293482225645
NACC2	0.2591173152888918
NADK	-0.030743732780403932
NADK2	-0.07905756143551045
NADK2-AS1	0.00355712662185865
NADSYN1	0.00024808909057376675
NAE1	0.09585444514457654
NAF1	-0.06953098333322834
NAGA	0.1496669202547168
NAGK	-0.38015829057340017
NAGLU	0.12172602685310933
NAGPA	-0.02512765399573009
NAGS	0.22563163905595213
NAIF1	-0.054081375238257255
NAIP	-0.20925824283852323
NALCN	-0.1525183764056682
NALCN-AS1	-0.013426594827570675
NAMA	-0.03986423460676252
NAMPT	-0.04426937665527094
NAMPTL	0.05904420097289034
NANOG	-0.07089067093719821
NANOGNB	0.2828395602640671
NANOGNBP1	-0.1514107522648601
NANOGNBP2	-0.1994405709039652
NANOGNBP3	0.06313892432073094
NANOGP1	0.0911082951957044
NANOGP10	-0.002392449275624926
NANOGP2	-0.23605624581631302
NANOGP3	
NANOGP4	-0.09692942329161518
NANOGP5	-0.03688206237626101
NANOGP6	-0.19290144609542448
NANOGP7	-0.11072758068184865
NANOGP8	-0.11885856112756227
NANOGP9	-0.0448942766537996
NANOS1	-0.030675843833600606
NANOS2	0.06019332606680438
NANOS3	-0.09766703399866634
NANP	-0.1529272205980605
NANS	0.0301029958846285
NAP1L1	-0.46332337970777343
NAP1L1P1	-0.2761900154577878
NAP1L1P2	-0.11653741900124395
NAP1L1P3	-0.10149518631575345
NAP1L2	-0.026621915125388137
NAP1L3	-0.2651300498812587
NAP1L4	-0.33928730010883673
NAP1L4P1	0.01326657002506135
NAP1L4P2	0.014058523410026608
NAP1L4P3	-0.24940871469974119
NAP1L5	-0.3586729080518262
NAP1L6	-0.05837173697111904
NAPA	0.12583710902101808
NAPA-AS1	-0.2924696948311711
NAPB	0.23692629836779514
NAPEPLD	0.23349518583229742
NAPG	0.04471099950402355
NAPRT1	0.1914149163189452
NAPSA	-0.42544680507449134
NAPSB	-0.4657476955909054
NARF	-0.06441238898002902
NARF-IT1	-0.2910520610603826
NARFL	0.006448146228593355
NARG2	-0.23354052626468497
NARG2P1	0.17114938224451268
NARG2P2	0.16617525015492887
NARS	0.06974022915793494
NARS2	-0.02498227611719798
NASP	-0.36375227261264065
NAT1	-0.047746583201840914
NAT10	-0.2637550439338916
NAT14	-0.29324696852622045
NAT16	0.14178066773306303
NAT2	0.03384662106884776
NAT6	-0.18072345738318477
NAT8	0.011436910840984861
NAT8L	0.005326192518963717
NAT9	-0.20520766939950857
NATP	-0.04947105959806506
NAV1	-0.11689602061751607
NAV2	-0.03386109594265563
NAV2-AS1	-0.1514107522648601
NAV2-AS2	-0.08257966188674103
NAV2-AS3	-0.2762979906897932
NAV2-AS4	-0.2825909989537978
NAV2-AS5	0.3330702184074569
NAV2-IT1	0.0983904357454293
NAV3	0.10038510880598582
NBAS	-0.04657477066433669
NBEA	-0.12644665349867895
NBEAL1	0.03471700021027159
NBEAL2	-0.4086937080850362
NBEAP1	-0.2063712497199099
NBEAP3	
NBL1	0.09565006575516968
NBN	-0.2266072271075401
NBPF1	-0.030993976640851077
NBPF10	-0.055944095386683455
NBPF11	-0.09446573378632316
NBPF12	-0.33180506770340756
NBPF13P	-0.30307528349769386
NBPF14	-0.2212356444729744
NBPF15	-0.3854564309504955
NBPF16	-0.11977715960344641
NBPF18P	0.21743406842080948
NBPF20	-0.21832099465119623
NBPF21P	0.03056983430002037
NBPF22P	0.046639967713275644
NBPF23	0.05324152817698314
NBPF24	-0.04409995987887519
NBPF2P	0.13947983242750672
NBPF3	-0.13195783448609258
NBPF4	0.1483358924569564
NBPF5P	-0.015011771996085293
NBPF6	0.22050598979131356
NBPF7	-0.03825318919741205
NBPF8	-0.036085144776571855
NBPF9	-0.10632980488606572
NBR1	0.30953171100389065
NBR2	-0.1584438034227525
NCALD	-0.3797777752528662
NCAM1	0.12549644998240683
NCAM1-AS1	0.09434736264903575
NCAM2	-0.23758247501033541
NCAN	0.1986884480982965
NCAPD2	-0.37601276526200794
NCAPD2P1	0.06562954127091863
NCAPD3	-0.30611487903446016
NCAPG	-0.25024908316435773
NCAPG2	-0.26939295497083643
NCAPH	-0.24158363320456083
NCAPH2	-0.1969765946463868
NCBP1	-0.022629042667700584
NCBP2	-0.1965243485075262
NCBP2-AS1	0.4239794057735511
NCBP2-AS2	-0.06564166112555307
NCBP2L	-0.04158805770849598
NCCRP1	-0.37221986430970233
NCDN	-0.2753627258136756
NCEH1	-0.08438481633047831
NCF1	-0.3835589070809571
NCF1B	-0.3996058812257996
NCF1C	-0.3128657072430545
NCF2	-0.3182504678546298
NCF4	-0.32832155053047696
NCK1	-0.2719597189655995
NCK2	0.3268459173398254
NCKAP1	0.3427279246005832
NCKAP1L	-0.46749653566414573
NCKAP5	0.06940731878655168
NCKAP5-IT1	0.006908601207944887
NCKAP5L	-0.35421955529920535
NCKIPSD	0.1635937912201033
NCL	-0.2070400853163581
NCLN	0.11804285414561662
NCLP1	-0.06579027334721839
NCLP2	-0.14398486318604783
NCMAP	0.049716854191073453
NCOA1	0.04696800402340059
NCOA2	-0.01919732239077274
NCOA3	-0.4487600159657107
NCOA4	0.28306862358085955
NCOA5	-0.21589694119003772
NCOA6	0.26706319207985507
NCOA7	-0.11349377382993148
NCOA7-AS1	0.13239451105056935
NCOR1	0.07364362916493615
NCOR1P1	-0.020783347415587964
NCOR1P2	0.0975346860148122
NCOR1P3	0.4401120483282504
NCOR2	0.021165817921175552
NCR1	-0.23693765847812107
NCR2	0.05440335397619478
NCR3	-0.44317014305009994
NCR3LG1	0.1365396237054262
NCS1	-0.46517451241862245
NCSTN	0.22367344509433218
NCSTNP1	
NDC1	-0.22883293975275884
NDC80	-0.30777337693856943
NDE1	-0.29695957715647364
NDE1P2	
NDEL1	0.0513412904243401
NDFIP1	0.06228030826126324
NDFIP2	0.3678984066518003
NDFIP2-AS1	0.2737186733995571
NDN	0.047542874858091055
NDNF	0.058768997298784306
NDNL2	-0.4162377585782449
NDOR1	-0.09746680809942318
NDP	-0.46406099727072664
NDP-AS1	-0.04947105959806506
NDRG1	-0.014172567090336886
NDRG2	0.14262236693265656
NDRG3	0.14014475665658435
NDRG4	-0.1822137462399971
NDST1	0.33523634279811243
NDST2	-0.42416121556376685
NDST3	-0.0674059834983296
NDST4	0.06437148829940915
NDUFA1	0.01439515987863687
NDUFA10	0.15211203545004823
NDUFA11	-0.009787609941082229
NDUFA12	-0.25718072803882114
NDUFA12P1	
NDUFA13	-0.2115252766405694
NDUFA2	0.11594221062604677
NDUFA3	-0.01095324855797356
NDUFA3P1	-0.24254149121594412
NDUFA3P2	-0.11458703234659626
NDUFA3P3	0.31409791067392506
NDUFA3P4	-0.14167415895072416
NDUFA3P6	0.17719392765957043
NDUFA4	-0.24584788567284493
NDUFA4L2	-0.005766779855494232
NDUFA4P2	0.30632393346844705
NDUFA5	0.12934893280770476
NDUFA5P1	0.37177036889275994
NDUFA5P10	-0.06569987251164072
NDUFA5P11	-0.21601799507686664
NDUFA5P12	0.102121857108262
NDUFA5P2	-0.019887320569840727
NDUFA5P3	-0.11461337554900936
NDUFA5P4	0.05368133270794543
NDUFA5P5	0.1935697539052563
NDUFA5P6	-0.19601956188205744
NDUFA5P7	
NDUFA5P8	
NDUFA5P9	0.08602246977635068
NDUFA6	-0.1206980623692663
NDUFA6-AS1	-0.22791161086928208
NDUFA7	-0.041189877564188224
NDUFA8	-0.037679951126919936
NDUFA9	0.062090801638733484
NDUFA9P1	0.14074286797803362
NDUFAB1	0.1914461717746013
NDUFAF1	0.01306592131029969
NDUFAF2	-0.09583147347815468
NDUFAF3	0.005582842479463399
NDUFAF4	0.010779878929111178
NDUFAF4P1	-0.07609895594696894
NDUFAF4P2	0.26845622205660463
NDUFAF4P3	0.0016698891086469505
NDUFAF4P4	-0.11802157059574238
NDUFAF5	0.10461547369223019
NDUFAF6	-0.04647255763250202
NDUFAF7	-0.20388444816658047
NDUFB1	-0.035532842365506315
NDUFB10	0.09314316034592028
NDUFB11	0.0069620615000456805
NDUFB11P1	0.2579185954276087
NDUFB1P1	0.03575190465424216
NDUFB1P2	0.24827563900094138
NDUFB2	-0.09807451949231283
NDUFB2-AS1	-0.16619874942591156
NDUFB3	-0.008036865443889409
NDUFB4	0.1718732263979568
NDUFB4P1	0.12157491497660305
NDUFB4P2	-0.11693848553594206
NDUFB5	0.13789507679545296
NDUFB6	0.07894046329020331
NDUFB7	0.04065547763320018
NDUFB8	-0.07161214655392724
NDUFB8P1	-0.3211633562679265
NDUFB8P2	0.26198982309886026
NDUFB9	0.11349312002885173
NDUFC1	0.1439124993521918
NDUFC2	0.12282511431742382
NDUFC2-KCTD14	
NDUFS1	0.12622814894824036
NDUFS2	0.4155132950113701
NDUFS3	0.2340218484250241
NDUFS4	0.0641034814872217
NDUFS5	0.03424663091780312
NDUFS5P1	
NDUFS5P2	-0.20756529512863406
NDUFS5P3	0.1885836746355044
NDUFS5P4	0.2828395602640671
NDUFS5P5	0.11731146372186561
NDUFS5P6	
NDUFS6	0.011604933999438249
NDUFS7	0.07137537978502292
NDUFS8	-0.006494849847382327
NDUFV1	0.08881894048817791
NDUFV2	-0.12720390258685202
NDUFV2P1	-0.017491791075102955
NDUFV3	0.2540334423959574
NEAT1	-0.13724323585266998
NEB	-0.04920293551223084
NEBL	0.17907165052922466
NEBL-AS1	-0.06687080704216038
NECAB1	-0.0605914185569683
NECAB2	9.60475117015476e-05
NECAB3	0.21185929769444406
NECAP1	0.3384021113580071
NECAP1P1	0.21653567542578983
NECAP1P2	-0.3105226219311109
NECAP2	-0.4582300781407028
NEDD1	-0.26127299308175506
NEDD4	0.10796336538241331
NEDD4L	0.2709576643380653
NEDD8	-0.11980134057263087
NEDD8-MDP1	
NEDD9	0.17927501295465859
NEFH	-0.2517234772903762
NEFHP1	-0.20207896585335353
NEFL	0.00337101922011319
NEFLP1	-0.13887973140319002
NEFM	0.010613663258164667
NEFMP1	-0.07296105883429732
NEGR1	0.126947255260042
NEGR1-IT1	
NEIL1	-0.3086787715228551
NEIL2	-0.3098835767617763
NEIL3	-0.3547401336518844
NEK1	-0.23512049302537572
NEK10	-0.23467759668521523
NEK11	-0.09748245556075534
NEK2	-0.24207261107571107
NEK2P2	-0.16549569312302284
NEK2P4	-0.14674602637571688
NEK3	0.26244244243807335
NEK4	-0.1937271661363344
NEK4P1	
NEK4P2	0.24002365246371266
NEK4P3	-0.3134394148854208
NEK5	-0.2693858529548576
NEK6	-0.38301136088587895
NEK7	-0.14227314994479512
NEK8	-0.39576674583348675
NEK9	-0.3917220599895504
NELFA	0.035913522547217795
NELFB	-0.027827801252183457
NELFCD	-0.07998681059730564
NELFE	-0.03461339495741632
NELL1	0.0756370435239137
NELL2	-0.3953334422002828
NEMF	-0.07408318573692697
NENF	-0.048180073790611545
NEO1	0.13758470771382547
NEPNP	-0.14446382047791706
NES	-0.24798993227767707
NET1	0.19267719014461565
NETO1	-0.25134830744291603
NETO2	-0.010882153461905844
NEU1	0.3156413421466153
NEU2	-0.170626909503154
NEU3	-0.28406299985345046
NEU4	0.03750994741769358
NEURL	0.3479832256432999
NEURL1B	0.20939847372535803
NEURL2	0.19442588230541774
NEURL3	0.1879237251302718
NEURL4	-0.1215267789133342
NEUROD1	0.09706251215274792
NEUROD2	-0.005618202549480054
NEUROD4	-0.01125968562248078
NEUROD6	-0.2347804151530817
NEUROG1	-0.061392966166959356
NEUROG2	0.019975223079153278
NEUROG3	0.15305852089432445
NEXN	-0.12710117940541063
NEXN-AS1	-0.10071648139912474
NF1	0.13214790783318733
NF1P1	0.19416980419765198
NF1P2	0.021820414524284626
NF1P3	-0.024527221845207905
NF1P4	-0.024257171297344712
NF1P5	
NF1P6	-0.11560467451024022
NF1P8	-0.011155701456112839
NF2	-0.11438401412577898
NFAM1	-0.3615914849333401
NFASC	-0.3770065057652684
NFAT5	-0.24277586030508358
NFATC1	-0.41058522879329984
NFATC2	-0.503075453515552
NFATC2IP	-0.294448328801373
NFATC3	-0.3250762696422526
NFATC4	0.02804148391497026
NFE2	-0.13656055266030967
NFE2L1	0.08814831939621523
NFE2L2	0.2399610875417212
NFE2L3	-0.28537360165617853
NFE2L3P1	-0.2267495804632785
NFE4	-0.1365273389387069
NFIA	0.024528785259406997
NFIB	0.13990451625086012
NFIC	0.05891311458480785
NFIL3	0.024277001893178433
NFIX	0.22751431362891722
NFKB1	-0.26231139330309605
NFKB2	-0.4136505009093904
NFKBIA	-0.22934883142387577
NFKBIB	0.09935090172736459
NFKBID	-0.39220556306597254
NFKBIE	-0.4252793876654197
NFKBIL1	0.06277997163347088
NFKBIZ	-0.21586477942609686
NFRKB	-0.40245849310218323
NFS1	0.18858129144796912
NFU1	0.050270232754281746
NFU1P1	0.11900747559116526
NFU1P2	
NFX1	-0.26470686292010903
NFXL1	0.04955875855089515
NFYA	-0.22181009685861236
NFYAP1	-0.002636677999105184
NFYB	-0.2109595290333256
NFYC	-0.17936819411224586
NGB	-0.0841528977379337
NGDN	-0.1498437228839389
NGEF	0.16158419435979082
NGF	-0.10185510802730728
NGFR	-0.3917287903744626
NGFRAP1	0.07467978528349356
NGLY1	-0.15173975944681456
NGRN	0.055775509962562184
NHEJ1	0.08623395585233448
NHLH1	-0.09374670000795089
NHLH2	-0.016015584668566698
NHLRC1	0.17551379779021486
NHLRC2	-0.11634716866303313
NHLRC3	-0.043574605159830616
NHLRC4	-0.29783549949553656
NHP2	-0.28066412788527223
NHP2L1	-0.38349179771416764
NHP2P1	-0.06876165887407568
NHP2P2	0.15775372454504658
NHS	0.1005389882350162
NHS-AS1	0.10639152591192155
NHSL1	0.2634407979947109
NHSL2	-0.20617981002021957
NICN1	-0.344048515891473
NID1	0.013494594617849758
NID2	0.08614825874665263
NIF3L1	-0.12063307498864181
NIM1	0.1084959912371478
NIN	-0.3900842228263266
NINJ1	-0.052154265185594455
NINJ2	-0.2033775148547912
NINL	-0.1782382002085807
NIP7	-0.10407656441228759
NIP7P1	0.14941865319025666
NIP7P2	0.03279572722982067
NIP7P3	
NIPA1	0.0568296420635495
NIPA2	0.17924574980756877
NIPA2P1	0.1935697539052563
NIPA2P2	0.26826298322808734
NIPA2P4	0.017399165126632084
NIPA2P5	
NIPAL1	0.06301308291796918
NIPAL2	-0.031733736901004284
NIPAL3	0.08200820646093103
NIPAL4	-0.33898138536660144
NIPBL	-0.1806870543487874
NIPSNAP1	0.41810927813870014
NIPSNAP3A	0.13580373571068144
NIPSNAP3B	-0.3963578123283767
NISCH	-0.0014928288645538231
NIT1	0.041354840701343105
NIT2	-0.21544549679583308
NKAIN1	0.16434776770357706
NKAIN1P1	0.38088064212036493
NKAIN2	-0.3443345255804636
NKAIN3	0.005742908594695487
NKAIN4	-0.04720083356590376
NKAP	-0.12606428870832848
NKAPL	-0.2959588460169596
NKAPP1	-0.27472968013834004
NKD1	-0.09917106285023651
NKD2	-0.041247809153334924
NKG2-E	
NKG7	-0.3330775352323166
NKIRAS1	0.03404438618206033
NKIRAS2	0.012851038817579
NKPD1	-0.255497846084693
NKRF	-0.4427775657529481
NKTR	-0.3013027922396337
NKX1-1	0.1957276240024376
NKX1-2	-0.003000680168129385
NKX2-1	0.027955528980564515
NKX2-1-AS1	0.09804504233121773
NKX2-2	0.19706451504440106
NKX2-2-AS1	-0.2322279076660913
NKX2-3	-0.0011374426378105878
NKX2-4	0.10748896736437169
NKX2-5	0.2720256633043307
NKX2-6	0.10523868496158481
NKX2-8	-0.2138017507636059
NKX3-1	-0.2804433584202521
NKX3-2	0.02219296723607531
NKX6-1	0.15852098588933689
NKX6-2	-0.10369179241265256
NKX6-3	-0.19601778120524913
NLE1	-0.17276487078229746
NLGN1	-0.014543011356160682
NLGN1-AS1	
NLGN2	-0.21936323232317523
NLGN3	-0.008794972386395645
NLGN4X	-0.01187457293737037
NLGN4Y	0.020275434437562675
NLGN4Y-AS1	
NLK	-0.16863034902568666
NLN	0.1362951113934057
NLRC3	-0.43817926074508734
NLRC4	-0.3133062654517103
NLRC5	-0.3180805777179872
NLRP1	-0.4073582347404263
NLRP10	0.21554141436568014
NLRP11	-0.19005932452390964
NLRP12	-0.10915500093656622
NLRP13	0.0171822495201021
NLRP14	-0.16413133355116744
NLRP2	0.022899603728572176
NLRP3	-0.36992734403472916
NLRP4	-0.2848814873990974
NLRP5	0.02139623020589165
NLRP6	0.2572535064220265
NLRP7	-0.31235354970853596
NLRP8	0.07269547105420171
NLRP9	0.09928070664364841
NLRP9P	0.05935851425863179
NLRX1	0.02252945185555916
NMB	-0.3526461020039622
NMBR	-0.1982913791747073
NMD3	-0.17405863449422226
NMD3P1	-0.21772989641906007
NMD3P2	0.3723211589190844
NME1	-0.3748945448616953
NME1-NME2	0.05191721036953579
NME1P1	
NME2	
NME2P1	-0.13975725354038057
NME3	0.04416731624333118
NME4	-0.1500189157751005
NME5	-0.05421575031333322
NME6	-0.1306526132272856
NME7	-0.26107490214584556
NME8	-0.1691092053916895
NME9	-0.12750701106298476
NMI	-0.029512443484134402
NMNAT1	0.2336757142352472
NMNAT1P1	-0.24254149121594412
NMNAT1P2	0.26453538359244533
NMNAT1P3	-0.16171891929644236
NMNAT1P4	-0.019950642642698645
NMNAT1P5	-0.004459395379218735
NMNAT2	-0.17958950261191226
NMNAT3	0.029499963579505854
NMRAL1	0.035871954534071424
NMRK1	-0.044413866444381084
NMRK2	0.19390239151865674
NMS	-0.26597125942044947
NMT1	-0.19943964881244197
NMT2	-0.04155444689108927
NMU	-0.07598639424255296
NMUR1	0.09753072476717715
NMUR2	-0.00535783530795439
NNAT	0.15236312809235375
NNMT	-0.382519918960477
NNT	0.12092234288515902
NNT-AS1	-0.10653803800947656
NOA1	0.04960208253390251
NOB1	-0.24993651143049986
NOBOX	0.13591740335763203
NOC2L	0.0034059799418884704
NOC3L	-0.2217735252727464
NOC4L	0.22469805689596173
NOD1	-0.28177254839659294
NOD2	-0.39416069498324424
NODAL	-0.07672388438576999
NOG	-0.16359788667736816
NOL10	-0.05005510374794865
NOL11	-0.2000796498383017
NOL12	-0.26839154968601686
NOL3	-0.08462762336159031
NOL4	0.09270064611909307
NOL5BP	-0.20557882589145388
NOL6	-0.17630061082873658
NOL7	-0.04353409473997281
NOL8	-0.2336452351541059
NOL9	-0.4307720753240268
NOLC1	-0.1713779995969108
NOM1	-0.19258382159701629
NOMO1	0.11617648384267783
NOMO2	0.0005187555362450801
NOMO3	0.2873139058986468
NONO	-0.3032581001642237
NONOP2	-0.21107246707503435
NOP10	-0.25685049309937885
NOP14	-0.2553986164283374
NOP14-AS1	-0.21290337439716578
NOP16	-0.17400742015717344
NOP2	-0.32128168201268376
NOP56	-0.31419993009705677
NOP58	-0.2599879526631245
NOP9	-0.1599516096211652
NOS1	-0.12493066083527858
NOS1AP	0.26384958460396674
NOS2	-0.028921796154802948
NOS2P1	-0.25343060834023595
NOS2P2	0.08184458313155195
NOS2P3	0.39566166118312807
NOS3	-0.042045543235660114
NOSIP	-0.13622322220473534
NOSTRIN	0.09742434194620106
NOTCH1	0.004032893473772519
NOTCH2	-0.1805915236860635
NOTCH2NL	-0.05771532840363983
NOTCH2P1	-0.15597084153259158
NOTCH3	-0.09713199466595691
NOTCH4	-0.1760958651877852
NOTO	-0.0018676751863424934
NOTUM	0.15686834004579467
NOV	-0.16163951875690216
NOVA1	-0.21801816772198593
NOVA1-AS1	0.13944333472294104
NOVA2	-0.16479187801484002
NOX1	0.16484245116623975
NOX3	-0.04290677612299534
NOX4	-0.13335579068259476
NOX5	-0.22218219656248267
NOXA1	0.16289427719719599
NOXO1	-0.159671649678141
NOXRED1	-0.03791272471319724
NPAP1	-0.23840105169970444
NPAP1P2	0.10279105977507046
NPAP1P3	-0.08527430432964671
NPAP1P4	0.05302119936174004
NPAP1P6	0.10896481862407215
NPAS1	-0.34808935675430247
NPAS2	-0.2740789342305392
NPAS3	-0.1380229189375992
NPAS4	-0.0732762247974002
NPAT	-0.33649368679586455
NPB	-0.016848500071433906
NPBWR1	0.3253452622844275
NPBWR2	0.024927373973242586
NPC1	-0.028007140909324622
NPC1L1	-0.10508528766291508
NPC2	-0.25282303126077094
NPDC1	0.04014747492296771
NPEPL1	-0.055253041615467915
NPEPPS	0.08465334949579104
NPFF	
NPFFR1	-0.3866554085404476
NPFFR2	-0.022378341900085637
NPHP1	-0.2009685688518865
NPHP3	-0.09969533067254364
NPHP3-AS1	0.12659970459797537
NPHP4	-0.18856867265230143
NPHS1	-0.3977645838749421
NPHS2	-0.026500370367688188
NPIPA1	-0.17757061575824787
NPIPA2	0.027422386117261832
NPIPA3	-0.05784122046192444
NPIPA5	-0.06945435180652007
NPIPA7	-0.02461990712490076
NPIPA8	0.1468916671939698
NPIPB11	0.040032614137389434
NPIPB15	0.3628180388514583
NPIPB1P	0.34392973728177545
NPIPB3	-0.2155607069185895
NPIPB4	-0.2261166286556604
NPIPB5	-0.24109437110725718
NPIPB6	-0.045923085360636544
NPIPB7	-0.15773460068468192
NPIPB8	-0.07903842406070744
NPIPB9	-0.15404625747758643
NPIPP1	-0.00865709965056256
NPL	-0.37143871703791864
NPLOC4	0.009871509496329303
NPM1	-0.3984335732433797
NPM1P10	0.15647214574214466
NPM1P11	-0.019692530121659956
NPM1P12	0.16991959125555156
NPM1P13	-0.13006598620121815
NPM1P14	-0.3441635656504671
NPM1P17	-0.2762979906897932
NPM1P18	0.08313069051784604
NPM1P19	-0.003606994853207051
NPM1P2	0.2004395479990701
NPM1P21	-0.0709079026971039
NPM1P22	0.262637890431886
NPM1P23	
NPM1P24	-0.1254266017050307
NPM1P25	0.09876331609978184
NPM1P26	-0.09792213166247611
NPM1P27	-0.19320737027645543
NPM1P28	0.0008895590763210579
NPM1P29	-0.22919412649559678
NPM1P30	0.19208457459841577
NPM1P31	-0.3067409564648971
NPM1P32	0.005419130795956206
NPM1P33	-0.02073042821180063
NPM1P34	-0.2073638754749445
NPM1P35	0.11889293762270747
NPM1P36	0.20433412737000625
NPM1P37	-0.24356772303795957
NPM1P38	-0.01705473419123783
NPM1P39	-0.016330392762623436
NPM1P4	-0.01222196777980246
NPM1P40	-0.10847683779288851
NPM1P41	-0.08978227431048359
NPM1P42	0.04991511071654648
NPM1P43	0.11547463228649478
NPM1P45	-0.1750078246868901
NPM1P46	-0.03965441377191485
NPM1P47	0.10698652209585566
NPM1P48	-0.17620524172538762
NPM1P49	0.102152938677364
NPM1P5	-0.03382069690820415
NPM1P50	-0.1579281735494557
NPM1P51	-0.24375320306653325
NPM1P52	-0.320098388806361
NPM1P6	-0.3261117044787371
NPM1P8	-0.059695959051353296
NPM1P9	-0.22828518722544638
NPM2	0.009637612333166241
NPM3	-0.40877520216029495
NPNT	-0.17185400249406388
NPPA	0.153036513138926
NPPA-AS1	-0.20339307613297786
NPPB	0.024758525048258994
NPPC	-0.36306055782128627
NPR1	-0.448572217282932
NPR2	-0.2279516837856906
NPR3	-0.2950015378504719
NPRL2	-0.018111460234645604
NPRL3	-0.008439033120432211
NPS	0.2828395602640671
NPSR1	0.06337173461300288
NPSR1-AS1	-0.24883916875278173
NPTN	0.3503051321015557
NPTX1	-0.3244627444100685
NPTX2	-0.24670757577283606
NPTXR	-0.3751935672956231
NPVF	0.05571025077594947
NPW	-0.06845074001209715
NPY	0.28003519679805905
NPY1R	0.04249908266139957
NPY2R	0.030634202968321863
NPY4R	-0.38207209988186236
NPY5R	0.03248566466574384
NPY6R	0.026190886511955738
NQO1	0.30945055058304627
NQO2	0.12904744180830702
NR0B1	0.013253736024269668
NR0B2	0.05679556251328036
NR1D1	0.17382721767721016
NR1D2	0.21191665888553848
NR1H2	0.07065563001167487
NR1H3	-0.1133913929881852
NR1H4	0.16923663677488257
NR1H5P	-0.015072558976180215
NR1I2	0.035654541125073436
NR1I3	-0.017991624160475138
NR2C1	-0.10224136726203609
NR2C2	-0.19833005943968252
NR2C2AP	-0.21099292923175228
NR2E1	-0.03577883895257941
NR2E3	-0.1736731715516849
NR2F1	-0.02754757906123187
NR2F1-AS1	0.04358523870572664
NR2F2	0.007505931048220535
NR2F2-AS1	-0.30088042479872956
NR2F6	0.16865044436339585
NR3C1	-0.5123568624598922
NR3C2	0.2847113992033913
NR4A1	0.005410661826112357
NR4A2	0.015344171811403675
NR4A3	-0.3732117922133023
NR5A1	-0.21494058598192192
NR5A2	0.24434557437131488
NR6A1	0.221686959348614
NRADDP	-0.10213440241428295
NRAP	0.1190732678611869
NRARP	0.20976430474739005
NRAS	-0.05057735003783398
NRBF2	-0.1397356994595292
NRBF2P1	0.10227762057946074
NRBF2P2	-0.33389243656557144
NRBF2P3	0.11893304539570837
NRBF2P4	0.014666002667512772
NRBF2P5	-0.22807761638727533
NRBP1	-0.022817697237113403
NRBP2	-0.05363280339933108
NRCAM	-0.2871735712252344
NRD1	-0.2957858606380482
NRDE2	-0.137398841224182
NREP	0.05407857035063259
NREP-AS1	0.11125760384342238
NRF1	-0.34525589577723426
NRG1	-0.017591670372460233
NRG1-IT1	-0.1194585638916081
NRG1-IT2	-0.020783347415587964
NRG1-IT3	-0.25742972874745396
NRG2	-0.4605579620667038
NRG3	0.027991801459062233
NRG3-AS1	0.12443173396520196
NRG4	0.04336999144333501
NRGN	-0.23690993325685505
NRIP1	0.04569652736474272
NRIP2	-0.44115189202865757
NRIP3	-0.23678152720205972
NRK	0.2402708623983242
NRL	-0.14880580285146694
NRM	-0.4488851532160163
NRN1	-0.15097182753683433
NRN1L	0.004287828129584668
NRON	
NRP1	0.1488525649137795
NRP2	-0.30211081297803816
NRROS	-0.3412509773629916
NRSN1	-0.15802077662245384
NRSN2	-0.1448028112176587
NRTN	0.03560369405495763
NRXN1	0.0445908769600035
NRXN2	0.11358634584391607
NRXN3	-0.2787267421552326
NSA2	-0.1368463324821499
NSD1	-0.275794483056445
NSDHL	0.24195443498288077
NSF	0.0788996053366867
NSFL1C	0.16082065832133613
NSFP1	0.2672685897858008
NSG1	-0.015457359266834303
NSG2	0.00309818893015091
NSL1	-0.15530516773137976
NSMAF	-0.2566465097925243
NSMCE1	-0.18067205321561722
NSMCE2	-0.3387102897579403
NSMCE4A	-0.20179460024757295
NSMF	0.2151978624355264
NSRP1	-0.21098183992664446
NSRP1P1	0.0295506682480445
NSUN2	-0.1821379964875563
NSUN3	-0.004389526566399196
NSUN4	-0.15006671989781153
NSUN5	-0.16710917652539084
NSUN5P1	-0.18182504703691516
NSUN5P2	-0.177487978468573
NSUN6	-0.2875422012805068
NSUN7	0.23685538685791396
NT5C	0.18488847356546365
NT5C1A	-0.1783343597901781
NT5C1B	-0.012112178907209805
NT5C1B-RDH14	
NT5C2	0.03368045762535019
NT5C3A	0.03944001899181249
NT5C3AP1	0.03467107362841944
NT5C3B	-0.27442933806346476
NT5CP1	-0.10144145004766561
NT5CP2	0.11125760384342238
NT5DC1	0.10342490722496891
NT5DC2	-0.29029861558440234
NT5DC3	0.09298593534360572
NT5DC4	-0.34189955620038587
NT5E	0.29939184090481924
NT5M	-0.13511329439809644
NTAN1	-0.03365048938351584
NTAN1P2	-0.30062098072538884
NTAN1P3	0.05192385720901459
NTF3	-0.026178965079524278
NTF4	-0.16827602336980088
NTF6A	0.2828395602640671
NTF6B	-0.0005213036997782618
NTF6G	0.29663905515282285
NTHL1	0.02545961270020125
NTM	0.29808522997273246
NTM-IT	-0.1994405709039652
NTMT1	-0.09986727334185352
NTN1	0.17531901618633847
NTN3	0.19842829905727177
NTN4	0.23800106230194412
NTN5	-0.18432810792306603
NTNG1	-0.1985361669667307
NTNG2	-0.35284328584114494
NTPCR	0.18811643341894174
NTRK1	-0.3881704401986993
NTRK2	-0.13243103069213502
NTRK3	-0.2962433043145502
NTRK3-AS1	-0.07720326234327897
NTS	0.24445103318742506
NTSR1	-0.004571410171547747
NTSR2	0.12113548726467563
NUAK1	-0.18580058094817947
NUAK2	0.3784226450649153
NUB1	-0.107511126404742
NUBP1	-0.2937294809616191
NUBP2	0.025556001252733253
NUBPL	0.0030841742335443495
NUCB1	0.2783264972710723
NUCB1-AS1	-0.2603408891956831
NUCB2	-0.01681837909830979
NUCKS1	-0.1904165454889107
NUDC	-0.3377593327856964
NUDCD1	-0.22611348621928393
NUDCD2	-0.047204107264176065
NUDCD3	-0.3243219312116776
NUDT1	-0.35060694238770435
NUDT10	-0.14283462329032573
NUDT11	-0.10269190534846123
NUDT12	0.07151330688953503
NUDT13	-0.12245908418068391
NUDT14	0.06961999094628475
NUDT15	-0.0022174013860871795
NUDT16	0.1658887884588619
NUDT16L1	0.004804803120932607
NUDT16P	0.24201028696043886
NUDT17	-0.3843170908127458
NUDT18	0.08516176614872104
NUDT19	0.08752214680554078
NUDT19P3	0.04114973075420303
NUDT19P4	
NUDT19P5	0.09032223342657832
NUDT2	0.12678709400692223
NUDT21	-0.24827874006985998
NUDT22	0.04986630246876686
NUDT3	-0.28703177874587155
NUDT4	0.08432256253779517
NUDT4P1	-0.041115348012053146
NUDT5	-0.15826408717098478
NUDT6	0.15598039171692302
NUDT7	0.10519276497553187
NUDT8	-0.1377006955171428
NUDT9	0.31060493151752294
NUF2	-0.32809459697076965
NUFIP1	-0.1823314668036182
NUFIP1P	-0.004014727636212373
NUFIP2	-0.1368712916345027
NUGGC	-0.34198209681148334
NUMA1	0.049672071711427866
NUMB	0.39825313889499075
NUMBL	-0.02729920127495518
NUP107	-0.06462161379335837
NUP133	-0.2070287457493053
NUP153	-0.32299016305555667
NUP155	-0.21733546203386203
NUP160	-0.23263793513833741
NUP188	-0.3245386703917436
NUP205	-0.2579141775782443
NUP210	-0.43441354287621675
NUP210L	-0.00850817867218737
NUP210P1	0.1392807814847732
NUP210P2	0.051097397887870974
NUP210P3	-0.03733207704328312
NUP214	-0.12258394508346407
NUP35	-0.1052431271722031
NUP37	-0.28744938067751624
NUP43	-0.3065674666209959
NUP50	-0.3720428189307614
NUP54	-0.1274825882904002
NUP62	-0.33525383692980965
NUP62CL	0.015113134334097628
NUP85	-0.35889333506327664
NUP88	-0.3433280431848876
NUP93	-0.34759289790204545
NUP98	-0.1894762310887885
NUPL1	-0.2208566501153509
NUPL1P1	-0.024848066255103444
NUPL2	-0.25849342461771213
NUPR1	0.06781044541861
NUPR1L	-0.10915834202945907
NUS1	-0.012845188621940729
NUS1P1	-0.030511303075833038
NUS1P2	-0.08217651655523485
NUS1P3	0.11332770613966718
NUS1P4	-0.05278693870798204
NUSAP1	-0.3258493717021375
NUTF2	-0.49339580525046356
NUTF2P2	0.06202975983987585
NUTM1	-0.09076822155271422
NUTM2A	-0.18134783503169863
NUTM2A-AS1	-0.11034163172077917
NUTM2B	0.23021449999851512
NUTM2D	-0.03667419934866161
NUTM2E	-0.247610312019676
NUTM2F	0.1677818271052676
NUTM2G	-0.13008497448558737
NUTM2HP	-0.10338080002150224
NVL	-0.33351607800648825
NWD1	0.03878445646633559
NXF1	-0.3099811671113974
NXF2	0.08449033024236212
NXF2B	0.30507289000036325
NXF3	-0.03198948806127788
NXF4	-0.04245755396310146
NXF5	-0.19400623100124867
NXN	-0.3005903397352311
NXNL1	-0.32142275187435876
NXNL2	-0.21515712939052398
NXPE1	0.2089187546607155
NXPE2	0.0444523282444337
NXPE2P1	0.11501518062806766
NXPE3	-0.4756750674378182
NXPE4	0.007915459702847889
NXPH1	-0.16764143016412744
NXPH2	-0.06304083669575315
NXPH3	0.04750836026058308
NXPH4	-0.30592257987782306
NXT1	-0.434935051891613
NXT1P1	-0.04840663345473092
NXT2	-0.378901198260226
NYAP1	-0.09016202660269794
NYAP2	-0.3652731598508064
NYNRIN	0.16444881347409512
NYX	-0.05717634197917359
OACYLP	-0.0485532505385824
OAF	0.17560889185344392
OARD1	0.047791454656427555
OAS1	0.17279486212548084
OAS2	-0.43737951543204895
OAS3	0.0019828294289818936
OASL	0.06705529476288324
OAT	0.049863425472609774
OAZ1	-0.07335033469345481
OAZ2	-0.3924270774788056
OAZ3	-0.008208555639140703
OBFC1	-0.23397016323527867
OBP2A	0.38773735119954145
OBP2B	-0.06703178906352386
OBSCN	-0.29199139114282935
OBSL1	-0.017208524952496702
OC90	0.09917697074251165
OCA2	-0.32719923082781643
OCEL1	0.34364031681454876
OCIAD1	0.01208550505295351
OCIAD1-AS1	
OCIAD2	0.21883440182058808
OCLN	0.2284978566672129
OCM	-0.3546574694049224
OCM2	0.23207040816321395
OCRL	0.2739964343343589
OCSTAMP	-0.10615515007048312
ODAM	-0.3047023844480985
ODC1	-0.30051806454781776
ODCP	-0.22003448302180242
ODF1	0.052080559893038635
ODF2	-0.36679828624716804
ODF2L	-0.29317379291690365
ODF3	0.1462463493418036
ODF3B	-0.11599247683721145
ODF3L1	-0.015714480870163427
ODF3L2	0.10067467215995195
ODF4	0.2850863157787153
OFCC1	-0.02924978054164142
OFD1	-0.2475976047875557
OFD1P10Y	
OFD1P11Y	
OFD1P12Y	-0.1514107522648601
OFD1P13Y	0.14941865319025666
OFD1P15Y	
OFD1P17	0.029275589253173123
OFD1P18Y	
OFD1P1Y	0.2105897689219193
OFD1P2Y	0.14425634464227333
OFD1P3Y	0.25083827900504546
OFD1P4Y	
OFD1P5Y	-0.3535314859366005
OFD1P6Y	-0.051002110985050725
OFD1P7Y	-0.055336791637305975
OFD1P8Y	0.020585031297924092
OFD1P9Y	
OGDH	0.2335683572142059
OGDHL	0.27376484836862525
OGFOD1	-0.2749009476769831
OGFOD1P1	-0.11209270714064012
OGFOD2	-0.1898500353558047
OGFOD3	0.004436158249484961
OGFR	0.08150082054727595
OGFR-AS1	0.3118322460900726
OGFRL1	-0.45625238420364306
OGG1	-0.2249611695246349
OGN	0.11538405466387487
OGT	-0.29833747744438555
OIP5	-0.18315674076761435
OIP5-AS1	-0.19314546807218558
OIT3	-0.15573740389890073
OLA1	-0.2280493679968666
OLA1P1	-0.16267312846371884
OLA1P2	-0.1654803860903105
OLA1P3	0.2251168405652067
OLAH	-0.17847182106533846
OLFM1	-0.5067002961833318
OLFM2	-0.04549147743567224
OLFM3	0.21754119648491727
OLFM4	0.13005981804572805
OLFML1	-0.08608454241334812
OLFML2A	0.2091080277458978
OLFML2B	-0.2740690357710109
OLFML3	-0.01937492419912596
OLIG1	-0.02334991769789402
OLIG2	-0.1395646342499237
OLIG3	0.1677511332572677
OLR1	-0.06733008457577158
OMA1	-0.035729791570715395
OMD	-0.022657436279102383
OMG	0.11051858728908703
OMP	0.0743580685199712
ONECUT1	-0.15372069081177764
ONECUT2	-0.2540499073350131
ONECUT3	0.184312601154008
OOEP	0.008773109141562617
OOEP-AS1	-0.052773016915926306
OOSP1	0.02297673272011169
OPA1	0.03724614701611233
OPA1-AS1	-0.24254149121594412
OPA3	-0.5020218263157851
OPALIN	0.16057674754890292
OPCML	-0.010370455922470474
OPCML-IT1	-0.09546805830480518
OPCML-IT2	
OPHN1	0.1261297727105072
OPLAH	0.1768151882382348
OPN1LW	-0.11032061050302117
OPN1MW	
OPN1MW2	
OPN1SW	-0.04809624870183489
OPN3	-0.11357798350996612
OPN4	0.09219225827313593
OPN5	0.04184179934005711
OPRD1	0.011370763155176513
OPRK1	0.07681894495602486
OPRL1	-0.47153288714904645
OPRM1	-0.003052529301902134
OPTC	0.24531135799112408
OPTN	0.3741352305905292
OR10A2	0.0009793081774536036
OR10A3	
OR10A4	0.2105897689219193
OR10A5	0.02478749039621423
OR10A6	-0.026292044516778346
OR10A7	-0.020783347415587964
OR10AA1P	-0.24254149121594412
OR10AB1P	-0.2647645301272463
OR10AC1P	0.16746568779559223
OR10AD1	0.38088064212036493
OR10AE1P	0.2105897689219193
OR10AE3P	0.2105897689219193
OR10AF1P	
OR10AG1	
OR10AH1P	0.257528316533003
OR10AK1P	
OR10B1P	-0.3420091554465179
OR10C1	0.3165473831575868
OR10D1P	0.12361737360439287
OR10D3	-0.21474860077021563
OR10D4P	-0.3136041612932089
OR10D5P	0.4027325024828696
OR10G1P	
OR10G2	0.0994396077725541
OR10G3	-0.029099908253116136
OR10G4	0.20185023277623448
OR10G5P	0.2105897689219193
OR10G6	0.38088064212036493
OR10G7	0.2828395602640671
OR10G8	-0.053360291302752175
OR10G9	-0.2309204378764284
OR10H1	0.20942740743953664
OR10H2	0.046678850299534155
OR10H3	-0.055336791637305975
OR10H4	0.014170119241347074
OR10H5	-0.06507544061765835
OR10J1	-0.1994405709039652
OR10J2P	0.22413863037782905
OR10J3	
OR10J4	
OR10J5	0.09845504119810082
OR10J6P	-0.2209594657691638
OR10J7P	-0.19290144609542448
OR10J8P	-0.16171891929644236
OR10J9P	
OR10K1	-0.009985584935319461
OR10K2	
OR10N1P	0.19083757864193174
OR10P1	0.2828395602640671
OR10Q1	0.08254927185254257
OR10Q2P	-0.16171891929644236
OR10R1P	
OR10R2	
OR10R3P	
OR10S1	-0.12096215896965372
OR10T1P	-0.1994405709039652
OR10T2	
OR10U1P	0.11125760384342238
OR10V1	
OR10V2P	0.21015516089352385
OR10V3P	0.32288477139669636
OR10W1	-0.3216592287286119
OR10X1	0.1480164701647098
OR10Y1P	0.21759874394725437
OR10Z1	0.08310664477739167
OR11A1	-0.2529527887043923
OR11G1P	-0.026292044516778346
OR11G2	0.017019217394832545
OR11H1	
OR11H12	
OR11H13P	
OR11H2	
OR11H3P	-0.1514107522648601
OR11H4	-0.2762979906897932
OR11H5P	-0.020134573650369983
OR11H6	-0.055336791637305975
OR11H7	0.006750363518298055
OR11I1P	-0.27186558174076286
OR11J1P	
OR11J2P	0.38088064212036493
OR11J5P	0.00355712662185865
OR11K1P	-0.11191065613343289
OR11K2P	0.004287828129584668
OR11L1	0.4027325024828696
OR11M1P	0.14980128223336642
OR11N1P	0.1935697539052563
OR11Q1P	-0.055336791637305975
OR12D1	-0.24254149121594412
OR12D2	-0.16697004706732269
OR12D3	0.04486467275462231
OR13A1	-0.3733021322050003
OR13C1P	-0.020783347415587964
OR13C2	
OR13C3	-0.02078334741558796
OR13C4	0.23207040816321395
OR13C5	0.11125760384342238
OR13C6P	0.11125760384342238
OR13C7P	-0.3210621669790901
OR13C8	-0.12549415700762656
OR13C9	-0.1514107522648601
OR13D1	
OR13D2P	
OR13D3P	
OR13E1P	-0.14452397021858765
OR13F1	-0.034108555323396066
OR13G1	0.11125760384342238
OR13H1	-0.1514107522648601
OR13I1P	-0.04947105959806506
OR13J1	0.19749617064680935
OR13K1P	
OR13Z1P	0.3229213167729731
OR13Z2P	-0.04780803488541312
OR13Z3P	0.38088064212036493
OR14A16	0.13581012829336755
OR14A2	
OR14C36	-0.0026366779991051836
OR14I1	-0.024638488169129804
OR14J1	-0.27389919522749734
OR14K1	-0.021108815155344997
OR14L1P	-0.14339566173275284
OR1A1	0.2577941030512821
OR1A2	-0.19290144609542448
OR1AA1P	
OR1AB1P	0.11125760384342238
OR1AC1P	-0.27629799068979327
OR1B1	0.17223996607644168
OR1C1	0.11125760384342238
OR1D2	-0.07341331296608021
OR1D3P	-0.14381448770015273
OR1D4	-0.13110299879747536
OR1D5	-0.043476501021328835
OR1E1	-0.06449781477882977
OR1E2	
OR1E3	0.14941865319025666
OR1F1	-0.23305933255556793
OR1F12	0.03294533343696573
OR1F2P	0.011220243362658757
OR1G1	-0.10868871153466936
OR1H1P	-0.03400006827499186
OR1I1	0.15065558168197798
OR1J1	-0.3071818604336954
OR1J2	0.03455595871882479
OR1J4	0.023932872333905505
OR1K1	0.0077099196109371325
OR1L1	
OR1L3	0.07997830695054414
OR1L4	
OR1L6	
OR1L8	-0.1953625338443918
OR1M1	0.10500823162771315
OR1M4P	
OR1N1	-0.006557537282651314
OR1N2	-0.19290144609542448
OR1P1	
OR1Q1	-0.04347731562104939
OR1R1P	-0.0011240103930978342
OR1S1	0.49590088771338603
OR1S2	0.19163967333587992
OR1X1P	0.2791522244147155
OR1X5P	0.014170119241347074
OR2A1	0.04770425016890444
OR2A1-AS1	-0.1587165550662921
OR2A12	
OR2A13P	0.08392095049566564
OR2A14	0.2828395602640671
OR2A15P	
OR2A2	
OR2A20P	0.10880274959576239
OR2A25	
OR2A3P	-0.04947105959806506
OR2A4	0.002059716010156844
OR2A41P	
OR2A42	-0.1456357871134465
OR2A5	
OR2A7	-0.12827646441081797
OR2A9P	-0.1628402686608965
OR2AD1P	-0.1994405709039652
OR2AE1	0.21357262542286354
OR2AF1P	0.02478749039621423
OR2AG1	-0.09879510663101357
OR2AG2	-0.1194119715057989
OR2AH1P	
OR2AI1P	0.14941865319025666
OR2AJ1	0.15830546948041196
OR2AK2	-0.16171891929644236
OR2AL1P	-0.16171891929644236
OR2AM1P	-0.19050157789108874
OR2AO1P	
OR2AP1	0.24586488395862097
OR2AQ1P	
OR2AS1P	
OR2AS2P	
OR2AT1P	-0.16733568988902836
OR2AT2P	-0.24254149121594412
OR2AT4	0.36521867435782585
OR2B11	
OR2B2	0.11125760384342238
OR2B3	-0.026292044516778346
OR2B4P	-0.11486497322522428
OR2B6	-0.00806470479961153
OR2B7P	-0.1994405709039652
OR2B8P	0.14616444593592312
OR2BH1P	0.2828395602640671
OR2C1	-0.09481736363116137
OR2C3	0.04052504959178813
OR2D2	0.2104517372222613
OR2D3	-0.026294062624664754
OR2E1P	0.13187333841479554
OR2F1	
OR2F2	0.07268814537471642
OR2G1P	-0.12907460180558603
OR2G2	0.08918163657446751
OR2G3	0.216414385248235
OR2G6	-0.27389919522749795
OR2H1	-0.03053671003690157
OR2H2	-0.37169066354098723
OR2H4P	-0.1514107522648601
OR2H5P	
OR2I1P	-0.15940038450953548
OR2J1	
OR2J2	0.15734194318039332
OR2J3	-0.008101322989689626
OR2J4P	0.23777137393570794
OR2K2	-0.01902585699062686
OR2L13	-0.03640124992568786
OR2L1P	-0.019744722799773996
OR2L2	0.1410881713045738
OR2L3	0.11125760384342238
OR2L5	-0.16171891929644236
OR2L6P	-0.3010029685579045
OR2L8	
OR2L9P	0.19547945822764137
OR2M1P	0.08392095049566564
OR2M2	-0.2273688780149567
OR2M3	0.08392095049566564
OR2M4	
OR2M5	
OR2M7	0.09705994347908788
OR2N1P	0.028592526657331804
OR2P1P	
OR2Q1P	
OR2R1P	-0.1994405709039652
OR2S1P	-0.16975992741839221
OR2S2	0.26471832273729357
OR2T1	0.11125760384342238
OR2T10	-0.015214663693277994
OR2T11	0.1935697539052563
OR2T12	-0.042617842559978816
OR2T2	-0.1351070272231704
OR2T27	-0.1994405709039652
OR2T29	
OR2T3	-0.07050745586744284
OR2T32P	0.08973645815552043
OR2T33	0.1497012511140764
OR2T34	-0.18067691715663298
OR2T35	-0.24254149121594412
OR2T4	-0.11032061050302117
OR2T5	0.1935697539052563
OR2T6	
OR2T7	
OR2T8	0.05124741207142951
OR2U1P	0.2828395602640671
OR2U2P	0.2828395602640671
OR2V1	-0.11697588918390131
OR2V2	0.2105897689219193
OR2W1	0.2828395602640671
OR2W2P	-0.24254149121594412
OR2W3	0.07133076819396014
OR2W4P	-0.19290144609542448
OR2W5	-0.10184097262961103
OR2W6P	-0.18806876726204683
OR2X1P	
OR2Y1	-0.019662334351062644
OR2Z1	0.18474470762557632
OR3A1	-0.019795957791198523
OR3A2	-0.19361428718560614
OR3A3	0.20129921473372928
OR3A4P	0.27577157900438615
OR3A5P	
OR3B1P	0.2860838765962896
OR3D1P	0.11217145718785311
OR4A10P	
OR4A11P	
OR4A12P	
OR4A13P	
OR4A14P	
OR4A15	
OR4A16	
OR4A17P	-0.19290144609542448
OR4A18P	0.3175730837286447
OR4A19P	
OR4A1P	-0.020783347415587964
OR4A21P	0.14941865319025666
OR4A2P	
OR4A3P	
OR4A40P	
OR4A41P	0.14941865319025666
OR4A42P	
OR4A43P	0.38088064212036493
OR4A44P	
OR4A45P	
OR4A46P	0.0011464747779788215
OR4A47	0.3605339898435149
OR4A48P	
OR4A49P	
OR4A4P	
OR4A5	0.11125760384342238
OR4A50P	0.22413863037782905
OR4A6P	
OR4A7P	0.2105897689219193
OR4A8P	
OR4A9P	-0.1113329405111237
OR4B1	0.13330440890474168
OR4B2P	0.00030096241260305794
OR4C10P	-0.08081159993804271
OR4C11	
OR4C12	
OR4C13	-0.017408303596565915
OR4C14P	-0.2762979906897932
OR4C15	
OR4C16	-0.020783347415587964
OR4C1P	-0.1514107522648601
OR4C2P	
OR4C3	0.22413863037782905
OR4C46	
OR4C4P	0.17598487402847615
OR4C5	0.38088064212036493
OR4C50P	
OR4C6	0.0514068879405477
OR4C7P	
OR4C9P	0.2828395602640671
OR4D1	-0.1725989970805822
OR4D10	
OR4D11	0.24875054119988158
OR4D12P	0.09464400024448055
OR4D2	
OR4D5	-0.014637655610126313
OR4D6	0.11125760384342238
OR4D7P	-0.055336791637305975
OR4D8P	0.14941865319025666
OR4D9	-0.1113329405111237
OR4E1	0.06635560719024693
OR4E2	0.16668213665854373
OR4F13P	-0.1089222052755103
OR4F14P	0.00355712662185865
OR4F15	-0.32982186226886484
OR4F16	0.31135176830854766
OR4F17	-0.19593976872028315
OR4F1P	
OR4F21	0.38088064212036493
OR4F28P	
OR4F29	-0.051822266476366355
OR4F2P	-0.16171891929644236
OR4F3	
OR4F4	-0.19758310695380618
OR4F5	-0.1662991616008095
OR4F6	
OR4F7P	0.2105897689219193
OR4F8P	-0.34520449826961813
OR4G11P	-0.055336791637305975
OR4G1P	0.08392095049566564
OR4G2P	0.2828395602640671
OR4G3P	
OR4G4P	
OR4H12P	0.09208515000647446
OR4H6P	0.04429711216429702
OR4K1	-0.1514107522648601
OR4K11P	-0.1514107522648601
OR4K12P	-0.24254149121594412
OR4K13	0.06834827132515861
OR4K14	0.1935697539052563
OR4K15	
OR4K16P	-0.026292044516778346
OR4K17	
OR4K2	-0.3192442393942737
OR4K3	-0.19290144609542448
OR4K4P	0.2105897689219193
OR4K5	0.044398826985421525
OR4K6P	0.07268814537471642
OR4K7P	0.1867671901072661
OR4K8P	
OR4L1	0.23207040816321395
OR4M1	
OR4M2	
OR4N1P	-0.2268092041061504
OR4N2	-0.24254149121594412
OR4N3P	-0.2762979906897932
OR4N4	
OR4N5	-0.1994405709039652
OR4P1P	-0.2762979906897932
OR4P4	0.14941865319025666
OR4Q1P	-0.09918225381519429
OR4Q2	0.17960010790316194
OR4Q3	
OR4R1P	
OR4R2P	0.16146486401346957
OR4R3P	
OR4S1	
OR4S2	
OR4T1P	-0.07222137808169464
OR4U1P	0.2828395602640671
OR4V1P	
OR4X1	-0.13110299879747536
OR4X2	-0.19290144609542448
OR4X7P	
OR51A10P	0.38088064212036493
OR51A1P	
OR51A2	-0.16171891929644236
OR51A3P	
OR51A4	
OR51A5P	
OR51A6P	0.1935697539052563
OR51A7	0.48283602050595986
OR51A8P	0.11860958732123573
OR51A9P	0.26667745793549497
OR51AB1P	
OR51B2	-0.024918142373884133
OR51B3P	-0.1994405709039652
OR51B4	0.34889848086372316
OR51B5	
OR51B6	0.2828395602640669
OR51B8P	-0.0058939430311883345
OR51C1P	0.13477535701306442
OR51C4P	0.00355712662185865
OR51D1	-0.2268092041061504
OR51E1	0.1787455404677583
OR51E2	0.10718754190794301
OR51F1	
OR51F2	
OR51F3P	-0.24254149121594412
OR51F4P	
OR51F5P	
OR51G1	0.24271250771071062
OR51G2	0.16995180564625745
OR51H1P	0.23207040816321395
OR51H2P	-0.009285939150403533
OR51I1	
OR51I2	
OR51J1	-0.020783347415587964
OR51K1P	
OR51L1	-0.12096215896965372
OR51M1	0.2105897689219193
OR51N1P	
OR51P1P	
OR51Q1	
OR51R1P	-0.1384054102978915
OR51S1	-0.1456357871134465
OR51T1	-0.020783347415587964
OR51V1	0.051969692804862744
OR52A1	-0.16171891929644236
OR52A4	-0.24799007655264946
OR52A5	
OR52B1P	-0.04927826625049888
OR52B2	-0.3148183038481597
OR52B3P	-0.16171891929644236
OR52B4	0.06571968203606311
OR52B5P	0.33941782908995816
OR52B6	
OR52D1	
OR52E1	
OR52E2	-0.09893873965690979
OR52E3P	0.14663268552303854
OR52E4	0.14941865319025666
OR52E6	-0.29081268510375896
OR52E7P	
OR52E8	0.1935697539052563
OR52H1	-0.12988632920851198
OR52H2P	
OR52I1	-0.08081159993804271
OR52I2	-0.24254149121594412
OR52J1P	0.2105897689219193
OR52J2P	
OR52J3	
OR52K1	-0.15715229368190586
OR52K2	-0.20911432301211402
OR52K3P	-0.31963286157015475
OR52L1	0.06344294700089523
OR52L2P	0.014170119241347074
OR52M1	-0.1089222052755103
OR52M2P	0.00355712662185865
OR52N1	
OR52N2	0.1304176281869761
OR52N3P	-0.3058670713277111
OR52N4	-0.15836069728014288
OR52N5	-0.22003448302180242
OR52P1P	-0.26007105633910377
OR52P2P	
OR52R1	0.05392166127306306
OR52S1P	0.04828579910784588
OR52T1P	-0.04927843786343495
OR52U1P	-0.1994405709039652
OR52V1P	0.18196818306114615
OR52W1	-0.026292044516778346
OR52X1P	0.10965538019637744
OR52Y1P	-0.013087094944459152
OR52Z1	0.14941865319025666
OR55B1P	0.2213048685812248
OR56A1	0.31004463289533846
OR56A3	0.38088064212036493
OR56A4	0.032227446942803314
OR56A7P	0.07944699547806906
OR56B1	-0.15141075226486012
OR56B2P	-0.1514107522648601
OR56B3P	-0.2762979906897932
OR56B4	-0.07317430244536563
OR5A1	-0.24254149121594412
OR5A2	-0.19290144609542448
OR5AC1	-0.1814275137895788
OR5AC2	-0.1994405709039652
OR5AC4P	-0.055336791637305975
OR5AH1P	
OR5AK1P	-0.055336791637305975
OR5AK2	-0.15049552289842816
OR5AK3P	-0.25503882542296813
OR5AK4P	
OR5AL1	-0.1514107522648601
OR5AL2P	0.11125760384342238
OR5AM1P	0.1529596250213679
OR5AN1	-0.024918015509533955
OR5AN2P	-0.1994405709039652
OR5AO1P	0.08285128895248016
OR5AP1P	0.2105897689219193
OR5AP2	
OR5AQ1P	0.08392095049566564
OR5AR1	0.00355712662185865
OR5AS1	-0.22003448302180242
OR5AU1	0.38088064212036493
OR5AW1P	0.11125760384342238
OR5AZ1P	0.12979512795432183
OR5B10P	0.08392095049566564
OR5B12	-0.022169373809485162
OR5B15P	-0.14381448770015273
OR5B17	0.38088064212036493
OR5B19P	-0.3071818604336954
OR5B1P	0.2828395602640671
OR5B2	0.18324822522018794
OR5B21	0.07788609035910875
OR5B3	
OR5BA1P	0.07268814537471642
OR5BB1P	0.014170119241347074
OR5BC1P	-0.1514107522648601
OR5BD1P	-0.1514107522648601
OR5BE1P	
OR5BH1P	0.006092016756764298
OR5BJ1P	-0.24254149121594412
OR5BK1P	-0.1178542281555585
OR5BL1P	0.1935697539052563
OR5BM1P	
OR5BN1P	0.00355712662185865
OR5BN2P	
OR5BP1P	-0.1994405709039652
OR5BQ1P	0.14941865319025666
OR5BR1P	-0.07339731609794277
OR5BS1P	0.044213378590636815
OR5BT1P	
OR5C1	-0.11795565797028626
OR5D13	0.1480164701647098
OR5D14	-0.1514107522648601
OR5D15P	
OR5D16	-0.1514107522648601
OR5D17P	
OR5D18	
OR5D2P	
OR5D3P	
OR5E1P	0.07068186303570449
OR5F1	
OR5F2P	
OR5G1P	-0.1451509302599509
OR5G3	-0.20473950285370773
OR5G4P	-0.0793804200466067
OR5G5P	0.1305330178945501
OR5H1	
OR5H14	-0.24254149121594412
OR5H15	
OR5H2	
OR5H3P	-0.055336791637305975
OR5H4P	
OR5H5P	
OR5H6	
OR5H7P	0.2828395602640671
OR5H8P	
OR5I1	-0.21444578394063096
OR5J1P	0.38088064212036493
OR5J2	
OR5J7P	
OR5K1	0.2105897689219193
OR5K2	
OR5K3	-0.049349238757043175
OR5K4	0.058770705818311744
OR5L1	
OR5L2	
OR5M1	
OR5M10	
OR5M11	0.23719423597414446
OR5M12P	0.06494851650650511
OR5M13P	-0.19290144609542448
OR5M14P	0.23207040816321395
OR5M2P	-0.24254149121594412
OR5M3	
OR5M4P	0.09845504119810082
OR5M5P	-0.022470825066620015
OR5M6P	-0.09654960322461065
OR5M7P	-0.061925732204534414
OR5M8	0.11125760384342238
OR5M9	-0.040882664005850916
OR5P1P	-0.03324771083722451
OR5P2	-0.1514107522648601
OR5P3	0.38088064212036493
OR5P4P	-0.2589431763716005
OR5R1	
OR5S1P	-0.10750802027380585
OR5T1	
OR5T2	-0.24254149121594412
OR5T3	
OR5V1	-0.11095251132994936
OR5W1P	-0.2762979906897932
OR5W2	
OR6A2	0.08782990867960964
OR6B1	
OR6B2	-0.1113329405111237
OR6B3	-0.15141075226486012
OR6C1	
OR6C2	
OR6C3	
OR6C4	-0.1994405709039652
OR6C5P	0.17681247590043858
OR6C6	-0.1994405709039652
OR6C64P	0.19545435995397797
OR6C65	
OR6C66P	0.2828395602640671
OR6C68	-0.04922714717209539
OR6C69P	
OR6C70	
OR6C71P	-0.0026366779991051836
OR6C72P	0.1377993448665681
OR6C73P	
OR6C74	-0.296752659688544
OR6C75	0.09097536592319669
OR6C76	-0.055336791637305975
OR6C7P	0.10581045426629501
OR6D1P	-0.11032061050302117
OR6E1P	-0.09130934286035858
OR6F1	-0.15715229368190586
OR6J1	0.07274231194343485
OR6K1P	-0.16171891929644236
OR6K2	-0.24254149121594412
OR6K3	-0.2030902918725576
OR6K4P	-0.10860434392341907
OR6K5P	0.11125760384342238
OR6K6	
OR6L1P	
OR6L2P	-0.020783347415587964
OR6M1	-0.028324730029229788
OR6M2P	0.17318573767409334
OR6M3P	0.1369851922568668
OR6N1	0.3524985008789443
OR6N2	-0.04947105959806506
OR6P1	0.00355712662185865
OR6Q1	0.06762412163624636
OR6R1P	0.3109383228932457
OR6R2P	
OR6S1	-0.4400021924458357
OR6T1	-0.1514107522648601
OR6U2P	0.11125760384342238
OR6V1	
OR6W1P	-0.14381448770015273
OR6X1	
OR6Y1	0.1480164701647098
OR7A10	
OR7A11P	0.08310664477739167
OR7A15P	-0.2762979906897932
OR7A17	0.13397311667901263
OR7A18P	
OR7A19P	-0.020783347415587964
OR7A1P	
OR7A3P	0.38088064212036493
OR7A5	0.20012029394443115
OR7C1	0.2109990471947091
OR7C2	-0.16011938646504312
OR7D1P	-0.039258038950799885
OR7D2	-0.05346827117592992
OR7D4	0.38088064212036493
OR7E100P	0.08867568351516353
OR7E101P	-0.1994405709039652
OR7E102P	0.009360041921668309
OR7E104P	0.24462052931156963
OR7E105P	0.045381390732513495
OR7E106P	-0.06433524747288434
OR7E108P	-0.11625790949736432
OR7E109P	-0.27832961976587056
OR7E10P	
OR7E110P	0.2828395602640671
OR7E111P	
OR7E115P	-0.226265793414939
OR7E116P	0.38155703096077465
OR7E117P	0.0335876946946939
OR7E11P	-0.3100538683523326
OR7E121P	-0.24254149121594412
OR7E122P	
OR7E125P	0.1686365156274082
OR7E126P	0.017904334387662237
OR7E128P	0.11125760384342238
OR7E129P	-0.16011938646504312
OR7E12P	-0.2597445711336278
OR7E130P	-0.14381448770015273
OR7E136P	0.4406780214510632
OR7E13P	0.234540532129642
OR7E140P	-0.27169590566682994
OR7E148P	0.23392508709746615
OR7E149P	0.04997309036398993
OR7E14P	0.00659194204923974
OR7E154P	-0.0565531711708517
OR7E155P	0.2202693011087299
OR7E156P	-0.24254149121594387
OR7E157P	0.10279105977507046
OR7E158P	
OR7E159P	0.28352708052956377
OR7E15P	
OR7E160P	0.11125760384342238
OR7E161P	
OR7E162P	-0.22003448302180242
OR7E163P	
OR7E16P	0.18360815895874455
OR7E18P	0.14941865319025666
OR7E19P	
OR7E1P	-0.1316711923384431
OR7E21P	-0.05069572154464931
OR7E22P	-0.11032276242026101
OR7E23P	0.0669467738132606
OR7E24	-0.21116700254867413
OR7E25P	-0.07829455346237357
OR7E26P	0.16800167909037406
OR7E28P	-0.0026366779991051836
OR7E29P	-0.027362493703951815
OR7E2P	
OR7E31P	-0.2010412291724731
OR7E33P	0.14832854737357415
OR7E35P	-0.21673625043732114
OR7E36P	-0.14309009507867834
OR7E37P	0.044404603079043536
OR7E38P	-0.062288263073954825
OR7E39P	-0.19290144609542448
OR7E43P	0.05218569381562709
OR7E46P	-0.0963754529336366
OR7E47P	-0.0877780510063921
OR7E4P	-0.2607072614389824
OR7E53P	-0.16171891929644236
OR7E55P	0.11125760384342238
OR7E59P	0.10031732073459959
OR7E5P	
OR7E62P	-0.15002624516570545
OR7E66P	0.05392166127306306
OR7E7P	0.17187541339240192
OR7E83P	-0.020783347415587964
OR7E84P	-0.07117102002346012
OR7E85P	0.030060813919752627
OR7E86P	
OR7E87P	-0.2262470256542484
OR7E89P	-0.16011938646504312
OR7E8P	
OR7E90P	
OR7E91P	0.010892840625212917
OR7E93P	
OR7E94P	-0.23567969608945102
OR7E96P	-0.0026366779991051836
OR7E97P	0.1905641360519803
OR7E99P	0.10665109043737142
OR7G1	0.23207040816321395
OR7G2	0.15859618488227933
OR7G3	-0.07050978151699877
OR7H1P	0.17034646170354314
OR7H2P	
OR7K1P	
OR7L1P	
OR7M1P	-0.373484221723857
OR8A1	-0.09611351533338977
OR8A2P	0.03585773922938623
OR8A3P	
OR8B10P	0.03116032750961128
OR8B12	0.05699630351506743
OR8B1P	
OR8B2	
OR8B3	-0.16171891929644236
OR8B4	0.14666929536560408
OR8B5P	0.14941865319025666
OR8B6P	
OR8B7P	0.06280245575622842
OR8B8	0.2828395602640671
OR8B9P	0.20174992018163748
OR8C1P	-0.14514581514124883
OR8D1	-0.24799338360721454
OR8D2	-0.09731186937973335
OR8D4	-0.013682085537991441
OR8F1P	-0.19290144609542448
OR8G1	0.14941865319025666
OR8G2P	0.13187333841479554
OR8G3P	0.031182145707707536
OR8G5	-0.02562226397235843
OR8G7P	-0.1261103784150134
OR8H1	
OR8H2	0.1935697539052563
OR8H3	
OR8I1P	0.11125760384342238
OR8I2	0.2105897689219193
OR8I4P	
OR8J1	0.08310664477739167
OR8J2	-0.1514107522648601
OR8J3	
OR8K1	0.19317676838108147
OR8K2P	0.004287828129584668
OR8K3	-0.020783347415587964
OR8K4P	
OR8K5	0.2828395602640671
OR8L1P	-0.11731044322241563
OR8Q1P	0.14941865319025666
OR8R1P	-0.10912601043760647
OR8S1	0.17305575070946994
OR8S21P	
OR8T1P	-0.015072558976180215
OR8U1	
OR8V1P	-0.24254149121594412
OR8X1P	0.08392095049566564
OR9A1P	-0.24557101592150893
OR9A2	-0.11500607334065047
OR9A3P	-0.05147300956891103
OR9A4	0.17145766951539548
OR9G1	-0.12830283338253584
OR9G2P	-0.021968904109109035
OR9G3P	
OR9G4	0.05888065588714943
OR9H1P	-0.011824432488711106
OR9I1	0.19119789588411257
OR9I2P	0.2105897689219193
OR9I3P	0.07801438725787636
OR9K1P	-0.042617842559978816
OR9K2	
OR9L1P	-0.24254149121594412
OR9M1P	
OR9N1P	-0.3685650528059228
OR9P1P	0.11125760384342238
OR9Q1	0.09076997229817951
OR9Q2	-0.0026366779991051836
OR9R1P	0.11125760384342238
OR9S24P	-0.1994405709039652
ORAI1	-0.29468248478720843
ORAI2	-0.4288544338270456
ORAI3	-0.10785872944903513
ORAOV1	-0.22191562302896709
ORAOV1P1	
ORC1	-0.2952232229611161
ORC2	-0.1396641917633313
ORC3	-0.096212499773909
ORC4	-0.03814330178280562
ORC5	-0.08361454088804829
ORC6	-0.309852480487441
ORM1	0.0546862052329368
ORM2	0.045925104128877736
ORMDL1	-0.05361676904937471
ORMDL2	0.01802043157554136
ORMDL3	-0.0634247689598834
OS9	0.12925543609674123
OSBP	0.31926554121559103
OSBP2	0.3791269185873578
OSBPL10	-0.4369457247115771
OSBPL10-AS1	-0.22534881951751104
OSBPL11	-0.048877215281755475
OSBPL1A	0.28504749858524486
OSBPL2	0.3060376713923883
OSBPL3	-0.4177289058592878
OSBPL5	0.17148341188843752
OSBPL6	0.0856946850054212
OSBPL7	-0.14492352164758407
OSBPL8	-0.4677202097328856
OSBPL9	-0.21318797411489007
OSBPL9P1	0.19183347733642944
OSBPL9P2	0.11330325391262742
OSBPL9P3	-0.08556093421513958
OSBPL9P4	-0.0507011255805603
OSBPL9P5	
OSCAR	-0.3085202354878676
OSCP1	-0.12850596313470442
OSER1	-0.12949669606700026
OSER1-AS1	0.08310824669684806
OSGEP	-0.24917135758123074
OSGEPL1	-0.3091557933009391
OSGEPL1-AS1	-0.12016153393888895
OSGIN1	0.2744046590983214
OSGIN2	-0.26539652842337536
OSM	-0.17430915724688698
OSMR	-0.34560331320319015
OSR1	0.08227774823903557
OSR2	0.22927010984366175
OST4	-0.08898248879030021
OSTC	0.18363922150085393
OSTCP1	0.07316166227624005
OSTCP2	0.0973932748681483
OSTCP4	0.11495743562807112
OSTCP5	0.1575327117753219
OSTCP6	0.14297406857487044
OSTCP8	0.24185879645051983
OSTF1	-0.19459839342510638
OSTF1P1	0.3350971712589944
OSTM1	-0.28023584393654766
OSTM1-AS1	-0.06971416866892557
OSTN	-0.017467931852680255
OSTN-AS1	-0.4796990718507712
OTC	0.12165258512153657
OTOA	-0.04169773316025149
OTOF	-0.13912236651801346
OTOG	-0.019852859706318587
OTOGL	-0.01948349860158805
OTOL1	-0.18183306713600805
OTOP1	-0.028147714127301
OTOP2	0.1521874415441143
OTOP3	-0.025582953484787344
OTOR	-0.295639840033078
OTOS	0.0270435226605292
OTP	0.12911199095252537
OTUB1	-0.03591936541414123
OTUB2	0.04292216040107936
OTUD1	-0.025650865758320835
OTUD3	-0.06672477976859971
OTUD4	-0.20913361850615456
OTUD5	-0.03103231649953027
OTUD6A	0.15438332416493586
OTUD6B	-0.2566706884291911
OTUD7A	0.017917070258113
OTUD7B	0.1792748867438476
OTX1	-0.22159955829838562
OTX2	0.08788746164776089
OTX2-AS1	0.24370931164725482
OVCA2	
OVCH1	-0.008331809042857553
OVCH1-AS1	-0.267866990355817
OVCH2	-0.16244092578013558
OVGP1	0.02882082485148791
OVOL1	0.3980216655185265
OVOL2	0.18556811609946605
OVOL3	0.007188535774668808
OXA1L	-0.12543208006477322
OXCT1	-0.15490573183525658
OXCT1-AS1	-0.17264512389131956
OXCT2	0.11069557292322695
OXCT2P1	-0.25363383588766447
OXER1	0.15843594828134347
OXGR1	-0.024065120361548637
OXLD1	-0.08678380232756652
OXNAD1	-0.019158755032216476
OXR1	0.06520999584812626
OXSM	0.08783157526323858
OXSR1	0.1164537614655433
OXT	0.010214797384062993
OXTR	-0.4298885059076496
P2RX1	0.022740617306578684
P2RX2	-0.2539024520202229
P2RX3	-0.2786836339932281
P2RX4	0.059756366288853266
P2RX5	-0.4138517735442474
P2RX5-TAX1BP3	-0.4021984315355331
P2RX6	0.019028264121367152
P2RX6P	0.2910969751860066
P2RX7	-0.36702014216403767
P2RY1	0.13908541102011704
P2RY10	-0.48141877062483784
P2RY11	-0.19767078207246228
P2RY12	-0.35462620962371355
P2RY13	-0.31063883794632735
P2RY14	0.0021806123261144355
P2RY2	0.3270029400939599
P2RY4	0.30409872471517974
P2RY6	0.02736210785050475
P2RY8	-0.39175990215743084
P4HA1	-0.14349257865743678
P4HA2	0.12979673018305257
P4HA2-AS1	-0.1089222052755103
P4HA3	-0.13764776189138508
P4HB	0.2796419195276227
P4HTM	0.02744321980063989
PA2G4	-0.3194784254965964
PA2G4P1	-0.1484980740800605
PA2G4P2	0.02924066041380496
PA2G4P3	-0.029090226976039933
PA2G4P4	0.026983854921732966
PAAF1	0.03302451749208763
PABPC1	-0.14794970986387126
PABPC1L	-0.29433629539567757
PABPC1L2A	0.03130069955054874
PABPC1L2B	0.3362649112539644
PABPC1P1	-0.010480190516577443
PABPC1P10	0.08275677429755406
PABPC1P11	-0.3485970654949331
PABPC1P12	0.07268814537471642
PABPC1P13	-0.3266396131945831
PABPC1P2	0.09145790271549077
PABPC1P3	-0.016113501144984742
PABPC1P4	-0.05887622876793275
PABPC1P5	0.2105897689219193
PABPC1P6	0.01113027146386562
PABPC1P7	0.013435685855899712
PABPC1P8	
PABPC1P9	0.07683332544873434
PABPC3	-0.013469103181064344
PABPC4	-0.2684099823635198
PABPC4L	-0.11313438497027746
PABPC5	-0.10736236349766355
PABPC5-AS1	0.09327645257337336
PABPN1	-0.12640714031912165
PABPN1L	-0.09848782034569088
PACRG	-0.03619201736713447
PACRGL	0.1373945990919169
PACS1	-0.4962654014027927
PACS2	0.09676207164149558
PACSIN1	-0.40422451195563586
PACSIN2	0.031855212792854304
PACSIN3	0.12039494700912233
PADI1	-0.18576731855101158
PADI2	0.25735125407815396
PADI3	0.12719473101258308
PADI4	-0.45883097167779097
PADI6	-0.14032359027436522
PAEP	0.014568144705091081
PAF1	-0.1855103743840782
PAFAH1B1	0.02027633910987158
PAFAH1B2	-0.013578460893874348
PAFAH1B3	-0.010784377380827853
PAFAH2	0.3532721295178521
PAG1	-0.07748101997445561
PAGE1	0.1935697539052563
PAGE2	0.2077762986539025
PAGE2B	0.04814226093524606
PAGE3	0.11125760384342238
PAGE4	-0.06168696961489034
PAGE5	-0.26449807002185294
PAGR1	-0.017580303848697812
PAH	-0.1066500169150327
PAICS	-0.1111019960500142
PAICSP1	-0.0035250093328347727
PAICSP2	-0.07413028336323631
PAICSP3	-0.2580965612061476
PAICSP4	-0.02314842589231462
PAICSP5	0.2860838765962896
PAICSP6	-0.07901876745712777
PAICSP7	-0.017408303596565915
PAIP1	0.14420174584400625
PAIP1P1	0.008528779201961973
PAIP2	-0.37366394265027053
PAIP2B	0.037911886685601415
PAK1	-0.030381103895473077
PAK1IP1	-0.10742972233655207
PAK2	-0.2951265615323437
PAK3	-0.23032663155298272
PAK4	0.24717684540313709
PAK6	-0.24071128125931543
PAK7	0.012955840234987885
PALB2	-0.04145517263901166
PALD1	-0.29532359668728886
PALLD	-0.05672330012366187
PALM	0.21008750294036818
PALM2	-0.2684398142783631
PALM2-AKAP2	-0.15715229368190586
PALM3	-0.046307019673751434
PALMD	-0.19795091812157484
PAM	0.08297739527156128
PAM16	-0.1711793202974056
PAMR1	0.08605035361277623
PAN2	-0.1989117052972704
PAN3	-0.3802857510648263
PAN3-AS1	-0.23740409766411497
PANK1	0.11451009317039317
PANK2	-0.2228703413368621
PANK3	0.19264635832538782
PANK4	-0.16819136033543305
PANX1	-0.19151967070655912
PANX2	-0.136476112163368
PANX3	0.03512710744166954
PAOX	-0.022473441354349536
PAPD4	-0.2642651340253693
PAPD5	-0.0014908511157153011
PAPD7	-0.3269126221576107
PAPL	-0.05975193168481068
PAPLN	-0.4234048332290341
PAPOLA	-0.09076097888925724
PAPOLB	-0.04222406245083093
PAPOLG	-0.2789628227950719
PAPPA	-0.3202547231243922
PAPPA-AS1	-0.09986210583211566
PAPPA-AS2	0.0030059588526062013
PAPPA2	0.08484716298247219
PAPSS1	-0.2796832874104658
PAPSS2	0.22195690572941693
PAQR3	0.0029461807334408355
PAQR4	-0.2783843231129846
PAQR5	0.23306410846856343
PAQR6	0.07350265169382897
PAQR7	-0.2054543133167501
PAQR8	-0.00913188359211412
PAQR9	-0.145252088530077
PARD3	0.21670245547581315
PARD3-AS1	0.09512747444315402
PARD3B	-0.04159102855701858
PARD6A	-0.2853178872356113
PARD6B	0.11817760606809684
PARD6G	-0.060556390507497435
PARG	-0.05238138534525305
PARGP1	-0.03589110280743771
PARK2	-0.02619072057051824
PARK7	-0.4301398959936679
PARL	-0.05507766093745984
PARM1	0.021385606462731358
PARN	-0.35551652030974207
PARP1	-0.3760234002644201
PARP10	-0.13060496588994588
PARP11	-0.4337162171634921
PARP12	-0.008125414768125503
PARP14	-0.17865870601775985
PARP15	-0.4609698056830577
PARP16	-0.1786598876007034
PARP1P1	-0.28327468784923876
PARP2	-0.22344300732011502
PARP3	0.07121291875650657
PARP4	0.11169457752713485
PARP4P1	-0.16446958434219894
PARP4P2	0.053058920440394855
PARP4P3	0.2573471468744753
PARP6	-0.14912893319571965
PARP8	-0.3257758895576795
PARP9	-0.06339484819575271
PARPBP	-0.18029292415159348
PARS2	0.03761620841660315
PART1	-0.052217110875765714
PARVA	0.008968952402284465
PARVB	-0.40824558388701965
PARVG	-0.42037810390984676
PASD1	0.1579723144652135
PASK	-0.38675742581902556
PATE1	-0.20363635474281572
PATE2	-0.1509107443264919
PATE3	-0.1994405709039652
PATE4	0.09411639428261352
PATL1	0.07363647925839979
PATL2	-0.35522628512622473
PATZ1	-0.2934544731895491
PAWR	0.12459969499754918
PAWRP1	0.3076568278190989
PAX1	0.1182660156012347
PAX2	-0.1076431779897702
PAX3	0.04270193245132861
PAX4	0.14522946193465916
PAX5	-0.3986481775792275
PAX6	0.15245561452841241
PAX7	0.009792068915798646
PAX8	0.26779413316129247
PAX9	0.06951316587026665
PAXBP1	0.028198871936962074
PAXBP1-AS1	-0.20310131068718706
PAXIP1	-0.1395466919834809
PAXIP1-AS1	0.04311651622647467
PAXIP1-AS2	-0.14825986487954934
PBDC1	0.08744685294757061
PBK	-0.2371412251938354
PBLD	0.20282849023473343
PBOV1	0.2202693011087299
PBRM1	-0.2091903584912937
PBX1	0.1983395366396123
PBX2	-0.4242026359380911
PBX2P1	-0.030984054038015112
PBX3	-0.19222440373513872
PBX4	-0.365933852365063
PBXIP1	-0.14155043594856165
PC	0.2429210718920226
PCA3	0.17681247590043858
PCAT1	-0.17898714614368041
PCAT2	0.24940227565287135
PCAT4	0.14941865319025666
PCAT6	0.015622836636707074
PCAT7	-0.08052419628067609
PCBD1	-0.041846261946081466
PCBD2	-0.12435547799729457
PCBP1	-0.11393475993831527
PCBP1-AS1	-0.2424697243652362
PCBP2	-0.0752318761126127
PCBP2P1	-0.0902768968201486
PCBP2P3	0.009657915457051157
PCBP3	-0.4896840644461245
PCBP4	0.14165958578014504
PCCA	0.23048389603166097
PCCA-AS1	-0.1422899162392435
PCCB	0.0405677503670434
PCDH1	0.28136474556044544
PCDH10	-0.05945434057933334
PCDH11X	-0.4654162799999605
PCDH11Y	-0.0038591766499976306
PCDH12	0.022225430136141578
PCDH15	-0.2571949215821432
PCDH17	-0.286637764977257
PCDH18	0.13049961603294113
PCDH19	0.22649394202141013
PCDH20	0.1842311687621325
PCDH7	0.038674405387051664
PCDH8	0.03878814637836011
PCDH8P1	0.18993603753763968
PCDH9	-0.43175584692094165
PCDH9-AS1	-0.05533679163730598
PCDH9-AS2	-0.1994405709039652
PCDH9-AS3	
PCDH9-AS4	-0.1514107522648601
PCDHA1	-0.024539877681654023
PCDHA10	-0.12172674628564781
PCDHA11	-0.04920365722821608
PCDHA12	-0.2078482681705927
PCDHA13	-0.4457575271578042
PCDHA14	-0.1044739113036087
PCDHA2	-0.17394540170611072
PCDHA3	0.1279145139797183
PCDHA4	-0.044956756786702294
PCDHA5	0.03177979714892547
PCDHA6	-0.026682265753384414
PCDHA7	0.10487070209929056
PCDHA8	-0.13977133938035785
PCDHA9	0.0589488248762705
PCDHAC1	-0.48443808848008185
PCDHAC2	-0.4860581197949122
PCDHB1	-0.19779014213342275
PCDHB10	0.15097194383759632
PCDHB11	0.17137804442213042
PCDHB12	0.09307734471144197
PCDHB13	-0.07976438910014515
PCDHB14	0.1332676037952652
PCDHB15	-0.042471342290275285
PCDHB16	0.16948364910425717
PCDHB17	0.094889704345529
PCDHB18	0.1217187896630576
PCDHB19P	0.2541800785879452
PCDHB2	0.030719465623952426
PCDHB3	0.2663249324836913
PCDHB4	0.11036367780486593
PCDHB5	-0.05859523566491113
PCDHB6	-0.03221716104127013
PCDHB7	-0.031208518298834212
PCDHB8	0.09684914728116704
PCDHB9	0.07358207169536891
PCDHGA1	-0.22399095759357718
PCDHGA10	0.19347182884483682
PCDHGA11	-0.1218762220432758
PCDHGA12	-0.18444462811163137
PCDHGA2	0.10128941606296031
PCDHGA3	-0.00546302217824326
PCDHGA4	-0.3669623225878828
PCDHGA5	0.2343971902846954
PCDHGA6	0.06267331824625916
PCDHGA7	0.03296061929847762
PCDHGA8	-0.056852984907290204
PCDHGA9	-0.03211706368919882
PCDHGB1	-0.0172135921603174
PCDHGB2	0.04403803219607993
PCDHGB3	-0.12927361784880959
PCDHGB4	0.08100421322032468
PCDHGB6	-0.03467620005136546
PCDHGB7	-0.014600421974376974
PCDHGB8P	-0.04101467803738363
PCDHGC3	-0.05952977113804848
PCDHGC4	-0.19130713741090447
PCDHGC5	-0.1201214784002499
PCDP1	-0.35006455189272456
PCED1A	-0.13108885269763307
PCED1B	-0.4711635034176828
PCED1B-AS1	-0.48172139438511596
PCED1CP	0.1061745527924616
PCF11	-0.27967068213012186
PCGEM1	-0.1994405709039652
PCGF1	-0.0669145636330293
PCGF2	0.10306987097902924
PCGF3	0.13799883784882774
PCGF5	0.012730967766026986
PCGF6	-0.12960590611416484
PCGF7P	0.07340119647771616
PCID2	-0.27645416866780315
PCIF1	-0.27802159564723355
PCK1	0.14199496493493022
PCK2	0.17032694113397895
PCLO	0.14173896736342634
PCM1	-0.17080605039004504
PCMT1	-0.0003961576853311157
PCMTD1	-0.19768691182413137
PCMTD1P1	-0.1514107522648601
PCMTD1P2	0.00448982981369533
PCMTD1P3	0.053128329665280485
PCMTD2	-0.3273939352477391
PCNA	-0.29131089499194174
PCNAP1	0.1935697539052563
PCNAP3	0.0752737305648788
PCNAP4	0.2510632658091369
PCNP	-0.30963031023194837
PCNPP1	0.06189482478041588
PCNPP2	-0.11362659273051069
PCNPP3	0.09478896022315418
PCNPP4	0.021790118053367336
PCNPP5	0.047438825294462306
PCNT	-0.05873140129049349
PCNX	-0.2991988992371028
PCNXL2	-0.42819965873793064
PCNXL3	0.10798752896598392
PCNXL4	-0.1946211110725295
PCOLCE	-0.25362885716729483
PCOLCE-AS1	-0.21171060480185228
PCOLCE2	-0.4279470470134863
PCP2	-0.22095296776333923
PCP4	-0.045191948071401734
PCP4L1	0.22487491289909886
PCSK1	0.1342122947601754
PCSK1N	0.06127989092096718
PCSK2	0.05495909309573048
PCSK4	0.010524487967361593
PCSK5	0.13021544350274328
PCSK6	0.0353585442165764
PCSK7	-0.011770898403643851
PCSK9	0.09184073380667242
PCTP	0.12108348132877463
PCYOX1	0.18391516478921477
PCYOX1L	-0.3123159419299061
PCYT1A	0.23330581914009682
PCYT1B	-0.0022996085637676097
PCYT1B-AS1	
PCYT2	0.33572851862198555
PDAP1	-0.1047995454547521
PDC	0.14697973607290674
PDCD1	-0.36254444448226714
PDCD10	0.13894299649904507
PDCD11	-0.15887598778754541
PDCD1LG2	-0.37248720958397713
PDCD2	-0.2040241259478317
PDCD2L	-0.21416777498725267
PDCD4	0.0008285359420592548
PDCD4-AS1	-0.15029806241873092
PDCD5	-0.08925668938908124
PDCD6	0.10011921604604668
PDCD6IP	0.22126788045779727
PDCD7	-0.22187143031758685
PDCL	-0.20105201583035387
PDCL2	-0.16760501565820088
PDCL3	-0.15055373562296845
PDCL3P1	0.15251458096641363
PDCL3P3	-0.10297626319448645
PDCL3P4	-0.3715178748816289
PDCL3P5	-0.10719633306700807
PDCL3P6	-0.29061568849490677
PDCL3P7	0.09336497208054233
PDDC1	-0.003439507405831117
PDE10A	-0.48064605344894673
PDE11A	0.291546381768397
PDE12	-0.06615746989327484
PDE1A	-0.00012717350693279276
PDE1B	-0.35930275169091924
PDE1C	-0.0991239474898462
PDE2A	0.08271152102974398
PDE3A	0.16372005485403351
PDE3B	-0.0326849403724332
PDE4A	-0.09395100776068478
PDE4B	-0.4959976612327711
PDE4C	0.331710578353393
PDE4D	-0.10885366278273577
PDE4DIP	-0.03255120013140012
PDE5A	0.15037880271360252
PDE6A	0.06088415043406375
PDE6B	-0.40308718099768254
PDE6C	0.15692106610345324
PDE6D	-0.07431251780900215
PDE6G	-0.42366372871858343
PDE6H	-0.19857041691236132
PDE7A	-0.48275852586133955
PDE7B	0.014556548176438134
PDE8A	0.1530497948026539
PDE8B	-0.09964720157128812
PDE9A	0.02001578027196469
PDF	0.1294593179850827
PDGFA	0.32950176112119023
PDGFB	0.17602606004170382
PDGFC	-0.061350751365184135
PDGFD	0.0300980728499561
PDGFRA	0.11065276886064404
PDGFRB	-0.15070005612816062
PDGFRL	0.0016070471965103554
PDHA1	0.2620323545980498
PDHA2	0.18005010699852383
PDHB	-0.007533705552292027
PDHX	0.03685007646034364
PDIA2	-0.11845968090606177
PDIA3	0.10274473652826857
PDIA3P	0.36183132039095856
PDIA4	0.03083457231268061
PDIA5	0.05350361286566802
PDIA6	0.014568313508809902
PDIK1L	0.07611071404494658
PDILT	-0.009816921137297376
PDK1	-0.03506750055928326
PDK2	0.21777111240553895
PDK3	-0.01872723038784862
PDK4	0.2036093527957929
PDLIM1	0.14296875883514354
PDLIM1P1	0.07158516103647547
PDLIM1P2	-0.19479176601416467
PDLIM1P3	-0.055336791637305975
PDLIM1P4	-0.21092731969043146
PDLIM2	0.1393812608188614
PDLIM3	-0.32575042474580085
PDLIM4	-0.2907307694728735
PDLIM5	0.28057887249632474
PDLIM7	-0.3314317351787464
PDP1	-0.011171525025182967
PDP2	0.10505782594887315
PDPK1	0.18853462305735483
PDPN	-0.33949208776788575
PDPR	-0.2763998145676195
PDRG1	-0.20025334907805248
PDS5A	-0.24902360931705125
PDS5B	-0.2939542267739384
PDSS1	0.32017958976989225
PDSS2	0.2280763449728488
PDX1	0.07152099366837122
PDX1-AS1	0.08559540241572373
PDXDC1	0.33056269444818387
PDXDC2P	0.012145536703535612
PDXK	0.36107972930633675
PDXP	0.01767125984283035
PDYN	0.0733166721751798
PDZD11	0.07761650232870894
PDZD2	-0.10997546709497985
PDZD3	0.0927042830934561
PDZD4	-0.09461664974434919
PDZD7	0.18093257925848982
PDZD8	0.2630487490627399
PDZD9	0.037891637728498184
PDZK1	0.18993069063579784
PDZK1IP1	0.10451982731637366
PDZK1P1	0.18665351188266519
PDZK1P2	
PDZRN3	0.19186597543033881
PDZRN3-AS1	0.11833360418768701
PDZRN4	-0.05081369357393728
PEA15	-0.5160948356019808
PEAK1	0.0005856973211853065
PEAR1	-0.012962102286375269
PEBP1	0.2524944140144686
PEBP1P1	0.06912885223541983
PEBP1P2	0.2868166430651804
PEBP1P3	0.08131843018109265
PEBP4	-0.22247345647187156
PECR	0.28559311421885597
PEF1	-0.37501495670414786
PEG10	-0.45588060072152237
PEG3	0.035043567195762224
PELI1	-0.17967825815363195
PELI2	0.25746736672449694
PELI3	0.10412325145792219
PELO	-0.21711346876116985
PELP1	-0.36758468830895347
PEMT	0.18339449955150622
PENK	-0.19339689829363071
PEPD	0.17674856571803033
PER1	0.03463076434129008
PER2	0.3329756040864203
PER3	0.2573360921831767
PERP	0.37097104662671204
PES1	-0.42345637639453176
PES1P1	-0.025407130589299595
PES1P2	-0.1442351535371934
PET100	-0.11641690345662828
PET112	-0.06400738220126213
PET117	-0.02855392860096508
PEX1	0.0022579177845188743
PEX10	0.2864176042900779
PEX11A	0.3202968053240287
PEX11B	-0.017461211837483188
PEX11G	0.18949451933104172
PEX12	0.008421807525432798
PEX12P1	0.1935697539052563
PEX13	0.09725109074236529
PEX14	0.08845668915025393
PEX16	0.02196054619654055
PEX19	0.014017551895760592
PEX2	0.01957590937971574
PEX26	0.12556728196648564
PEX3	-0.04035842565786179
PEX5	-0.16236166737122426
PEX5L	0.002636581350474445
PEX5L-AS1	-0.09087567713806285
PEX5L-AS2	0.11125760384342238
PEX6	0.03694611184926482
PEX7	0.08839965347646557
PF4	-0.037783228698780875
PF4V1	-0.15040819952279244
PFAS	-0.2961018432197525
PFDN1	-0.068277750450111
PFDN2	-0.15322070525539763
PFDN4	-0.25912892936302134
PFDN5	-0.376852602550994
PFDN6	-0.32376461834030323
PFKFB1	-0.3699399074538858
PFKFB2	0.14336706911650793
PFKFB3	-0.3275297147625589
PFKFB4	0.1158205117540536
PFKL	0.19390309814784618
PFKM	-0.10089584793946288
PFKP	0.10603581094186375
PFN1	-0.24382621217696637
PFN1P1	-0.06559701649270407
PFN1P10	-0.04551809017700835
PFN1P11	-0.21573219073956498
PFN1P12	0.28682723633311
PFN1P2	0.012464373538883125
PFN1P3	0.19959767580114232
PFN1P4	-0.061264571059313204
PFN1P5	-0.27559381371001496
PFN1P6	0.12269572133124246
PFN1P7	0.1935697539052563
PFN1P8	0.16289950767209727
PFN1P9	0.1292493628368104
PFN2	0.23559275453656645
PFN3	0.29436382693929664
PFN4	-0.1636114233645335
PGA3	0.0009739336732046474
PGA4	
PGA5	-0.13604306281278722
PGAM1	0.022469477892798205
PGAM1P1	0.4483946955762552
PGAM1P10	0.12787487936293193
PGAM1P11	-0.19833986274380186
PGAM1P12	0.2594613381442171
PGAM1P13	0.24586488395862097
PGAM1P2	0.054132960596162606
PGAM1P3	0.1124557267211332
PGAM1P4	0.15391613212689859
PGAM1P5	0.19415078073485847
PGAM1P6	-0.08767646788016481
PGAM1P7	-0.26155600290340436
PGAM1P8	
PGAM1P9	-0.027639985963630268
PGAM2	-0.01274986499724818
PGAM3P	0.13602477452353048
PGAM4	0.17991060165579414
PGAM4P1	-0.07589768657842778
PGAM4P2	0.08091145374244336
PGAM5	-0.1775668899131844
PGAM5P1	0.2828395602640671
PGAP1	0.1692073825181466
PGAP2	0.16403167744877464
PGAP3	0.4029569161376362
PGBD1	-0.11772032455963913
PGBD2	-0.30878051066666956
PGBD3	0.003800463071533678
PGBD4	-0.25237079643057975
PGBD4P1	-0.13014659561956307
PGBD4P3	-0.0026366779991051836
PGBD4P4	0.2828395602640671
PGBD4P5	0.03814867842323591
PGBD4P6	
PGBD4P7	0.08237278965578267
PGBD4P8	-0.0026366779991051836
PGBD5	-0.2057992008815991
PGC	0.059405479751858885
PGCP1	0.17525463766462654
PGD	-0.07430844122289969
PGDP1	0.14230569595944026
PGF	-0.34956856265694713
PGGT1B	0.0016521793255913038
PGGT1BP1	0.16177301703170346
PGGT1BP2	0.13230308526021486
PGK1	-0.043813761283137825
PGK1P2	0.19357010628680615
PGK2	0.26880678795642704
PGLS	-0.09902591092849393
PGLYRP1	-0.005157652480358925
PGLYRP2	-0.07091017003995731
PGLYRP3	-0.4326831916201896
PGLYRP4	-0.2646099464839961
PGM1	0.32956622888543735
PGM2	-0.16702364915526777
PGM2L1	-0.07859215003526036
PGM3	0.17016749889919017
PGM5	0.016112357062037775
PGM5-AS1	0.06314875351919325
PGM5P2	0.25409835124561275
PGP	-0.18510343703643892
PGPEP1	0.170739727196217
PGPEP1L	-0.20748832363246464
PGR	-0.17744596932781181
PGRMC1	0.31325169588577517
PGRMC2	0.20049961655958973
PGS1	-0.23302080441793677
PHACTR1	-0.4244189344835839
PHACTR2	-0.07253168113324973
PHACTR3	-0.17224376228851418
PHACTR4	0.0721853029992773
PHAX	-0.2428299469411744
PHB	-0.09699442733565632
PHB2	0.06736489243478244
PHB2P1	0.04610566681593838
PHBP1	-0.06676461476797153
PHBP10	-0.00428840894781425
PHBP11	-0.27086907156287054
PHBP12	-0.034460764576326575
PHBP13	0.1738231252767791
PHBP14	0.11125760384342238
PHBP15	-0.24254149121594412
PHBP3	0.029182457797060343
PHBP4	0.031284514399637225
PHBP5	-0.2445831809733349
PHBP6	0.24586488395862097
PHBP7	-0.022420896262184752
PHBP8	0.05999024570134894
PHBP9	0.12175557341372382
PHC1	-0.32612037015014056
PHC1P1	-0.35762122804228863
PHC2	-0.11677855604084739
PHC3	-0.41951605424518223
PHEX	-0.15127733486174524
PHEX-AS1	-0.03453488375545267
PHF1	-0.30537947108709107
PHF10	-0.41861287992719753
PHF11	-0.26232867346798167
PHF12	-0.2650621227929201
PHF13	0.03944472439723811
PHF14	-0.16540467252480087
PHF15	-0.39234258576850345
PHF16	-0.3544078399888413
PHF17	-0.4316966443091097
PHF19	-0.4169464459125529
PHF2	-0.08402654342739033
PHF20	-0.3660067269840955
PHF20L1	-0.22536322771640535
PHF21A	-0.47633507029838684
PHF21B	-0.10201149084340452
PHF23	0.01714561629814075
PHF2P2	0.034242316198470894
PHF3	-0.07240725181396965
PHF5A	-0.31794658425982986
PHF5CP	-0.2425013338625919
PHF6	-0.3495945357575209
PHF7	-0.03464134002914416
PHF8	-0.2982041881671945
PHGDH	-0.38071591875187577
PHGR1	0.14368239587985163
PHIP	-0.3786649092494323
PHKA1	0.053081868120459924
PHKA1-AS1	0.2459763268761886
PHKA1P1	0.2135008383801099
PHKA2	0.01677534717116341
PHKA2-AS1	-0.09143825081107179
PHKB	0.03854639867330844
PHKBP1	-0.11560467451024022
PHKBP2	0.00355712662185865
PHKG1	-0.25498030972512176
PHKG1P1	0.2828395602640671
PHKG1P2	0.48283602050595986
PHKG1P4	-0.24254149121594412
PHKG2	-0.21143404374330568
PHLDA1	-0.126635809081405
PHLDA2	-0.044208492379199285
PHLDA3	-0.05635712122980805
PHLDB1	0.1664680800025625
PHLDB2	-0.32937426764694
PHLDB3	-0.02270889248329786
PHLPP1	0.08233209842940944
PHLPP2	0.45903374444935385
PHOSPHO1	-0.2583622376971988
PHOSPHO2	-0.027973596369029054
PHOX2A	-0.06241537622547868
PHOX2B	-0.012558052831531009
PHPT1	0.00999370611679644
PHRF1	0.018933091602077123
PHTF1	-0.3416862245017612
PHTF2	-0.41026110991608095
PHYH	0.3266487058034843
PHYHD1	-0.3572731652256945
PHYHIP	0.20237928448832745
PHYHIPL	0.18589507693761903
PHYKPL	-0.0024622878470427216
PI15	0.18293227653918487
PI16	-0.00593923105592003
PI3	-0.11880803425110016
PI4K2A	0.10690446378268176
PI4K2B	0.13105256247569105
PI4KA	-0.19163261034526927
PI4KAP1	-0.2054883165363185
PI4KAP2	0.03892680740722208
PI4KB	-0.3155921025844347
PIANP	-0.17736968533804623
PIAS1	-0.2699248441634005
PIAS2	-0.13371298083343053
PIAS3	-0.25507100899253876
PIAS4	-0.0859276081037351
PIBF1	-0.005797120205120584
PICALM	0.13648223425848796
PICK1	0.1540894748882498
PID1	-0.018318175126234796
PIDD	-0.11736780124858608
PIEZO1	-0.017438112911398528
PIEZO1P1	
PIEZO1P2	0.01722354840759533
PIEZO2	0.15896317574638172
PIF1	-0.28107392878650156
PIFO	-0.163797004649341
PIGA	-0.13083639394789537
PIGB	-0.11237748927413845
PIGC	0.108252873730416
PIGCP1	-0.17295841028635298
PIGCP2	-0.1994405709039652
PIGF	0.07262475582329213
PIGFP1	0.20403191585909602
PIGFP2	-0.1514107522648601
PIGFP3	-0.1328510672311842
PIGG	-0.047728277676992004
PIGH	0.0044392016892589765
PIGHP1	0.14381595942418857
PIGK	0.036897584939521645
PIGL	-0.046991418056622325
PIGM	-0.006893595483880778
PIGN	0.06845217278613033
PIGO	0.059224437731583264
PIGP	-0.08693912026810545
PIGPP2	0.2105897689219193
PIGPP3	0.16146486401346957
PIGPP4	
PIGQ	0.006035507196446862
PIGQP1	0.41275725543962194
PIGR	0.00894389747976839
PIGS	0.22666473068867407
PIGT	0.1584132687555261
PIGU	0.08132686606556351
PIGUP1	0.018687958297578654
PIGV	0.19388954934063476
PIGW	0.017455380681999862
PIGX	-0.12319525345684658
PIGY	
PIGZ	-0.08189968965692583
PIH1	
PIH1D1	-0.14174449256437466
PIH1D2	-0.260062559007314
PIH1D3	-0.2863234622120552
PIK3AP1	-0.42346669892086375
PIK3C2A	-0.02899600269303246
PIK3C2B	-0.08192543685828325
PIK3C2G	-0.06996674921000438
PIK3C3	-0.1578002951147567
PIK3CA	-0.30080590339638275
PIK3CB	0.1590625195127652
PIK3CD	-0.44285412980233857
PIK3CG	-0.40888595965751473
PIK3IP1	-0.33753526696766517
PIK3R1	0.10795864526569517
PIK3R2	0.17336367217554274
PIK3R3	-0.40715400149461756
PIK3R4	-0.05419641931080698
PIK3R5	-0.23986200249208206
PIK3R6	-0.3601470639922535
PIKFYVE	-0.4458774081417403
PILRA	-0.18690324096243266
PILRB	-0.15608958542799908
PIM1	-0.11495778061695804
PIM2	-0.5158091788852724
PIM3	-0.1575736919625578
PIN1	0.017854816932744776
PIN1P1	0.0667923582629259
PIN4	-0.04418900466713368
PIN4P1	0.05953713228740092
PINK1	0.23501329598168222
PINK1-AS	0.004110087749881206
PINLYP	-0.31572120987053587
PINX1	-0.12795377417596956
PIP	-0.28780469859968894
PIP4K2A	-0.48374367000309076
PIP4K2B	-0.3679621669433142
PIP4K2C	0.21841315120138455
PIP5K1A	-0.23214066794255614
PIP5K1B	0.2961850204718673
PIP5K1C	0.04230213387828133
PIP5K1P1	-0.077411367681051
PIP5K1P2	-0.2297037236333273
PIP5KL1	0.03541956226956943
PIPOX	0.051682661350044706
PIPSL	-0.011261044910922034
PIR	0.07926127727747961
PIRT	-0.05911332043997235
PISD	-0.2849648167364086
PITHD1	-0.14980511987362466
PITPNA	0.2674051088284897
PITPNA-AS1	-0.10630391077052306
PITPNB	-0.19323631857773307
PITPNC1	-0.4110395695237912
PITPNM1	-0.08519600725602462
PITPNM2	0.15831684613404956
PITPNM3	0.08180210840461961
PITRM1	0.0614989271853502
PITRM1-AS1	0.1646938560069359
PITX1	0.048744375436454226
PITX2	0.2774106647006814
PITX3	0.05910272284388376
PIWIL1	0.04839609175483169
PIWIL2	0.18341463724531812
PIWIL3	-0.034933211654980804
PIWIL4	-0.2390730460534281
PJA1	-0.3673639404165665
PJA2	0.0028729644718093026
PKD1	-0.012533556563436535
PKD1L1	-0.20334717832480556
PKD1L2	0.14880805841609868
PKD1L3	0.11723714070077028
PKD1P1	0.18675409340757243
PKD1P5	-0.2779024934502416
PKD1P6	-0.035094623857850595
PKD2	-0.1980816689979847
PKD2L1	-0.12846470583156597
PKD2L2	0.08111305635400426
PKDCC	0.13202175219038098
PKDREJ	0.0715638200157423
PKHD1	-0.006371446797243737
PKHD1L1	-0.34797186775059824
PKIA	-0.4349664004135427
PKIB	0.08868352831828855
PKIG	-0.4636593172699494
PKLR	0.11014483399994876
PKM	-0.45627144046471685
PKMP1	-0.12495968265057794
PKMP2	0.07056927977632854
PKMP3	-0.22154649422123257
PKMP4	-0.05756357254816059
PKMP5	-0.04083083861594935
PKMYT1	-0.2797279966270495
PKN1	-0.4841112826933256
PKN2	0.131981795536147
PKN3	0.14747827334295327
PKNOX1	-0.09180735482826126
PKNOX2	-0.21640273085817396
PKP1	0.004365465284727501
PKP2	0.07065472771263522
PKP3	0.28172001623560783
PKP4	0.140916318559997
PKP4P1	0.21040409787794118
PLA1A	-0.3937131308416396
PLA2G10	-0.07589163705408299
PLA2G12A	0.1767892897565615
PLA2G12AP1	0.21027015271205313
PLA2G12AP2	
PLA2G12B	0.07011887382984963
PLA2G15	0.01574293674022739
PLA2G16	0.22280722018762095
PLA2G1B	0.2658974600291463
PLA2G2A	0.05815683142457692
PLA2G2C	-0.1710104574818298
PLA2G2D	-0.49000199669096944
PLA2G2E	0.31195377723559314
PLA2G2F	0.3200672658847446
PLA2G3	-0.21977169582597825
PLA2G4A	-0.014793125122299383
PLA2G4B	0.13268894591879465
PLA2G4C	-0.2754737077634887
PLA2G4D	0.17458145529700467
PLA2G4E	-0.23648634829245418
PLA2G4F	-0.027668720832192694
PLA2G5	-0.21260726454767948
PLA2G6	-0.14178772966276673
PLA2G7	-0.3001365705527172
PLA2R1	0.29250226240869864
PLAA	0.06024238581663096
PLAC1	0.24015254509069192
PLAC1L	-0.15715229368190586
PLAC4	0.09390833192855616
PLAC8	-0.018785938766215957
PLAC8L1	-0.16286758844750723
PLAC9	0.037990737584381824
PLAG1	-0.3102167914826948
PLAGL1	-0.06812682671041163
PLAGL2	0.1724826702179756
PLAT	0.15421574778215275
PLAU	-0.23514133747099897
PLAUR	-0.08362824676395174
PLB1	0.11366686597071846
PLBD1	0.1397718076772057
PLBD2	-0.20147745940529477
PLCB1	0.09027640612154526
PLCB1-IT1	-0.1994405709039652
PLCB2	-0.3656649971440112
PLCB2-AS1	-0.06558192718977435
PLCB3	0.23801788008354016
PLCB4	0.07999436474131001
PLCD1	0.04710017435347011
PLCD3	0.03623361990359168
PLCD4	0.17422530009994153
PLCE1	0.09560914676245859
PLCE1-AS1	-0.07606269190289082
PLCG1	-0.36449173035480165
PLCG2	-0.394794786079172
PLCH1	0.2918555513798493
PLCH1-AS1	0.2258639407758333
PLCH1-AS2	
PLCH2	-0.16285147932034227
PLCL1	-0.49637150743883923
PLCL2	0.044179933007593826
PLCL2-AS1	-0.1780191158803548
PLCXD1	-0.09781240520303826
PLCXD2	0.06555790045503974
PLCXD2-AS1	0.11302215739501595
PLCXD3	0.11326446139139267
PLCZ1	0.03891739679120767
PLD1	0.3535100001198243
PLD2	0.00011778032578622422
PLD3	-0.0018964275290819475
PLD4	-0.3294095030582967
PLD5	-0.19021015176483247
PLD6	-0.21709141362262968
PLEC	0.18750764581899418
PLEK	-0.4653779205376181
PLEK2	0.3382339709616099
PLEKHA1	0.16243969815742496
PLEKHA2	-0.4327753290142559
PLEKHA3	0.027728921151423145
PLEKHA3P1	-0.21059014830749667
PLEKHA4	-0.18815184773412444
PLEKHA5	0.11822845170973321
PLEKHA6	0.13855451477822103
PLEKHA7	0.32893165570324395
PLEKHA8	-0.049464236807093276
PLEKHA8P1	-0.3239094383340526
PLEKHB1	-0.30512707044202453
PLEKHB2	0.22789854828390577
PLEKHD1	0.043718804401824095
PLEKHF1	-0.09694223292785543
PLEKHF2	-0.38350625638553104
PLEKHG1	-0.406097559689542
PLEKHG2	-0.4021216799046545
PLEKHG3	-0.018425539642644196
PLEKHG4	0.003005983010521503
PLEKHG4B	-0.2989598879715691
PLEKHG5	0.167756574527017
PLEKHG6	0.3523287254454327
PLEKHG7	-0.34196084887664707
PLEKHH1	0.4060381436100967
PLEKHH2	-0.05660326397327343
PLEKHH3	-0.007877643837989697
PLEKHJ1	0.10006542691743174
PLEKHM1	-0.0791824860813847
PLEKHM1P	-0.22797745384529589
PLEKHM2	-0.2572070186557505
PLEKHM3	-0.06741148307765628
PLEKHN1	-0.08049115510421756
PLEKHO1	-0.4626293165776612
PLEKHO2	-0.4702366880367897
PLEKHS1	-0.0035952163888211025
PLG	-0.14968569661071113
PLGLA	-0.07293112375361446
PLGLB1	0.10294583597381506
PLGLB2	-0.1500070251632291
PLGRKT	0.12646388297522146
PLIN1	0.0363744336978823
PLIN2	0.15604841269109948
PLIN3	0.19810717129227254
PLIN4	0.10109891293686712
PLIN5	-0.2894593177860886
PLK1	-0.2531614487058694
PLK1S1	0.005785291943474056
PLK2	0.16980552388717512
PLK3	-0.3616648778264076
PLK4	-0.3297256871655439
PLK5	0.27657207114648164
PLLP	0.22751760440493599
PLN	-0.12669532784633772
PLOD1	0.043055808702409465
PLOD2	0.10666129826984432
PLOD3	0.2897520176151813
PLP1	0.10730512641251248
PLP2	-0.12556200960425706
PLRG1	-0.020237763791744193
PLS1	0.36804524341526257
PLS1-AS1	0.34864042999119926
PLS3	0.012023147343709677
PLSCR1	-0.04547364118566797
PLSCR2	-0.06187301042110477
PLSCR4	0.11365486401021649
PLSCR5	0.0745039944258438
PLSCR5-AS1	-0.24254149121594412
PLTP	-0.029425671410064483
PLVAP	-0.058373987101471035
PLXDC1	-0.18202700664991212
PLXDC2	0.11630990022705684
PLXNA1	-0.23858582726111854
PLXNA2	0.35312902332376644
PLXNA3	-0.03003945195778023
PLXNA4	0.09944187832195049
PLXNB1	0.37371223904097073
PLXNB2	0.1561876281815358
PLXNB3	0.08728153926381824
PLXNC1	-0.364298663968829
PLXND1	-0.2629638897070133
PM20D1	-0.29063689947951926
PM20D2	-0.1504687332562168
PMAIP1	-0.3366633178802598
PMCH	-0.2803166302715593
PMCHL1	0.23114904621552332
PMCHL2	-0.004443816075286333
PMEL	-0.13561122747215568
PMEPA1	-0.07804652499612845
PMF1	-0.1315270057275328
PMF1-BGLAP	
PMFBP1	0.23126764198046915
PML	-0.18699774216671708
PMM1	0.15933426761114777
PMM2	0.128411339585301
PMM2P1	0.23780193349013698
PMP2	-0.15557809893101052
PMP22	0.1918601971915954
PMPCA	-0.20777841536765954
PMPCB	0.037538561737651355
PMS1	-0.14919897903673626
PMS2	-0.33020951598244996
PMS2CL	-0.3861604073614838
PMS2P1	-0.4054338640155397
PMS2P10	
PMS2P11	-0.403963009365272
PMS2P2	0.22137934472903967
PMS2P3	-0.25511458002289195
PMS2P4	-0.12956381832642735
PMS2P5	-0.31172081950195624
PMS2P9	0.00355712662185865
PMVK	0.01076277912782801
PNCK	0.0085616157235933
PNISR	-0.3134894869912004
PNKD	-0.21206080812285613
PNKP	-0.12165346132144964
PNLDC1	0.025983916963728024
PNLIP	0.13187333841479554
PNLIPP1	-0.2762979906897932
PNLIPRP1	-0.11891556368715576
PNLIPRP2	0.2921553163310849
PNLIPRP3	0.11502265284965196
PNMA1	-0.4215556400572973
PNMA2	-0.13681526904750746
PNMA3	-0.4580660790774062
PNMA5	-0.016981298574479147
PNMA6A	0.48283602050595986
PNMA6B	-0.16171891929644236
PNMA6C	-0.24464500184878976
PNMA6D	0.10279105977507046
PNMAL1	-0.36322624316012175
PNMAL2	-0.017744008218974892
PNMT	0.065941258643408
PNN	-0.30553635271384155
PNO1	-0.11238033949029658
PNOC	-0.42150932791044493
PNP	-0.12219132265147985
PNPLA1	0.19121101145902122
PNPLA2	0.0454283897119443
PNPLA3	-0.2446879790405767
PNPLA4	0.16902072256615241
PNPLA4P1	
PNPLA5	0.06762445553664231
PNPLA6	0.12057833288175758
PNPLA7	0.08390825250728054
PNPLA8	-0.12678878097853674
PNPO	0.24732980851725647
PNPT1	-0.10027169736859182
PNPT1P1	-0.08310696231982827
PNPT1P2	-0.0006181279102388069
PNRC1	-0.32818034640633575
PNRC2	-0.30093559948301174
POC1A	-0.16206023183068738
POC1B	0.032085795961693496
POC1B-GALNT4	
POC5	-0.2565530731189799
PODN	0.2567716499740184
PODNL1	0.03884374317342996
PODXL	-0.002587166461986554
PODXL2	0.180261909485852
POF1B	0.19746690307504547
POFUT1	0.06935727788396641
POFUT2	0.013374826246713465
POGK	-0.12968908787536926
POGLUT1	-0.36822187958769614
POGZ	-0.3034898104757663
POLA1	-0.3114293393378803
POLA2	-0.3229543651056764
POLB	-0.37895246963694107
POLD1	-0.24169138832349757
POLD2	-0.47859105850139927
POLD2P1	0.07172732319154534
POLD3	-0.2320266007557491
POLD4	-0.09959144894397534
POLDIP2	-0.02458677622047605
POLDIP3	-0.21817611449721344
POLE	-0.08434952880538238
POLE2	-0.1727245752314157
POLE3	-0.26970683361867187
POLE4	-0.01889819785557999
POLG	-0.2713612661630601
POLG2	-0.3289526760524319
POLH	-0.3859133118308271
POLHP1	0.0917197210455248
POLI	-0.07000287342297541
POLK	-0.15050624412240432
POLL	-0.3425048801095949
POLM	-0.31256142186088876
POLN	-0.3497437866848837
POLQ	-0.34062754914806254
POLR1A	-0.007492197112918806
POLR1B	-0.1794381483306083
POLR1C	-0.29553280002027515
POLR1D	-0.19814563106269534
POLR1E	-0.3206293222967554
POLR2A	-0.10887048424302243
POLR2B	-0.1650755786374972
POLR2C	0.2884412262700821
POLR2CP	-0.01492453269065685
POLR2D	-0.33927923241712904
POLR2E	-0.07840953180807088
POLR2F	-0.04821521476650675
POLR2G	-0.4113346789175962
POLR2H	0.1426936944806865
POLR2I	-0.14284688706305054
POLR2J	-0.06524210159171982
POLR2J2	0.26633287265962574
POLR2J3	-0.1889010057919542
POLR2J4	-0.0584618687396471
POLR2K	-0.1807208685390922
POLR2KP1	0.013508262967422698
POLR2KP2	0.22413863037782905
POLR2L	-0.10057316382826201
POLR2LP	0.040103736235494174
POLR2M	-0.13099507035335956
POLR3A	-0.08261384282576309
POLR3B	0.008237621814067895
POLR3C	-0.3105755269470736
POLR3D	-0.17993218431251992
POLR3DP1	0.007434017443362011
POLR3E	-0.3206449556528923
POLR3F	-0.19729251828435765
POLR3G	-0.3790327265149022
POLR3GL	-0.3251503926210105
POLR3H	-0.21924347878059197
POLR3K	-0.2669347646262435
POLR3KP1	0.38088064212036493
POLR3KP2	0.36402932163657187
POLRMT	0.06121211929306883
POLRMTP1	0.00022765388304367938
POM121	-0.10278491214344954
POM121B	-0.23947787101234294
POM121C	-0.42928468341820364
POM121L10P	-0.3205091706089862
POM121L12	-0.0947966983683703
POM121L13P	
POM121L14P	-0.0348490499007266
POM121L1P	0.033583298099079534
POM121L2	-0.046071182673061074
POM121L3P	-0.28369588964321346
POM121L4P	0.09079685778985903
POM121L7	0.16357978413020238
POM121L8P	-0.3266396131945831
POM121L9P	-0.2159771696896546
POMC	-0.28123656100829636
POMGNT1	0.1521396382489262
POMGNT2	0.14826913635041006
POMK	-0.21186017704739915
POMP	-0.04114872066779315
POMT1	0.18007493451381631
POMT2	-0.19810038274308558
POMZP3	-0.18974259826089807
PON1	-0.12502932506341302
PON2	-0.03031269052363508
PON3	-0.32467476294916875
POP1	-0.27263536785797227
POP4	-0.05989229749046746
POP5	-0.2215308735786698
POP7	0.04151020509400205
POPDC2	-0.505000498453322
POPDC3	-0.16132954051133788
POR	0.284370949638168
PORCN	-0.25537673793353083
POSTN	0.14783050583303908
POT1	-0.34685883199306106
POTEA	0.38088064212036493
POTEB	-0.2331797599557673
POTEB2	0.25151841107446565
POTEC	0.322570046433833
POTED	-0.19026357850524897
POTEE	-0.41447216382727503
POTEF	-0.1238247212974846
POTEG	-0.20252954490453115
POTEH	-0.24254149121594412
POTEH-AS1	
POTEI	0.0489220172842166
POTEJ	-0.052445338919051614
POTEKP	-0.09071103943350109
POTEM	-0.053196425501898306
POU1F1	0.23183576977520562
POU2AF1	-0.4003921353309227
POU2F1	-0.3268477498049223
POU2F2	-0.417981256580323
POU2F3	0.24863132088075743
POU3F1	-0.31785389035935785
POU3F2	0.10196366196479927
POU3F3	0.08815794076124875
POU3F4	0.22132452287168397
POU4F1	-0.3309877191434751
POU4F2	-0.006176295527805285
POU4F3	0.14212164755910617
POU5F1	-0.01876316132420048
POU5F1B	0.03860414207287686
POU5F1P2	-0.24254149121594412
POU5F1P3	-0.13105130700454906
POU5F1P4	-0.16981609716645743
POU5F1P5	0.2118261139409112
POU5F1P6	-0.13663092761604312
POU5F1P7	
POU5F2	0.04095423612946259
POU6F1	-0.3890338119070538
POU6F2	-0.08576657985794653
POU6F2-AS1	0.24174820324074084
POU6F2-AS2	-0.07912909003574267
PP2D1	0.020585031297924092
PPA1	-0.24327399090703658
PPA2	0.3142130636257377
PPAN	-0.25695815655211085
PPAN-P2RY11	
PPAP2A	0.11049880874323675
PPAP2B	0.07832272749137509
PPAP2C	0.2667761950918245
PPAPDC1A	0.11441541583556927
PPAPDC1B	0.23312010728565102
PPAPDC2	0.2208519357021555
PPAPDC3	-0.01391452759535217
PPARA	0.2757561169101477
PPARD	-0.025719293289503203
PPARG	0.11983050866402069
PPARGC1A	0.09620435615845452
PPARGC1B	0.03220857245517042
PPAT	-0.1734695807608775
PPATP1	-0.002244526761161102
PPATP2	
PPBP	0.08626536769714231
PPBPP1	
PPBPP2	-0.01926532956553759
PPCDC	-0.11460840926971985
PPCS	0.3712490206952129
PPDPF	0.017344476785482604
PPEF1	-0.13036058154078564
PPEF1-AS1	
PPEF2	-0.10419720470575553
PPFIA1	0.15639602737762523
PPFIA2	0.1262538231113693
PPFIA3	0.20467743600810212
PPFIA4	-0.050169360335399524
PPFIBP1	-0.007768447902450782
PPFIBP2	-0.18372544888337236
PPHLN1	-0.35848407613583644
PPIA	-0.1838412420438281
PPIAL4A	-0.01914973266411983
PPIAL4B	0.20265948739150572
PPIAL4C	0.03223160264033415
PPIAL4D	-0.08879838074992452
PPIAL4E	0.1953949230266276
PPIAL4F	-0.1607454086809909
PPIAL4G	-0.023875845610402194
PPIAP1	0.09411305585771397
PPIAP10	0.06794982860576868
PPIAP11	-0.09534102751231198
PPIAP13	-0.03207590527129107
PPIAP14	-0.00440665867220603
PPIAP15	-0.2594634002390866
PPIAP16	-0.14275838029381727
PPIAP17	0.04486785106653648
PPIAP19	0.08088804010968832
PPIAP2	-0.2762826775993581
PPIAP20	-0.27298447328563175
PPIAP21	-0.1661001754743916
PPIAP22	-0.11091452294605664
PPIAP23	0.21615475255770647
PPIAP24	0.13672881936944406
PPIAP25	-0.12250824033743431
PPIAP26	-0.0017396998998925825
PPIAP27	0.059871511685109687
PPIAP28	-0.14044209427110718
PPIAP29	-0.17116886697809444
PPIAP3	-0.22706545002064255
PPIAP30	-0.06510124181689789
PPIAP31	0.10107909009639694
PPIAP6	-0.017459996508541013
PPIAP7	0.22778401313509097
PPIAP9	0.10900391369715
PPIB	-0.013631701276316502
PPIC	0.2177600755081314
PPID	-0.08792704686053894
PPIE	-0.4083093302157866
PPIEL	-0.29280502977294454
PPIF	-0.06562891164976171
PPIG	-0.17814170070474772
PPIH	-0.41866410474384735
PPIHP1	-0.206607727114583
PPIL1	-0.290465346359083
PPIL1P1	-0.05602687184978676
PPIL2	-0.2659911034656641
PPIL3	-0.1878370857639809
PPIL4	-0.10527443831754627
PPIL6	-0.03985829299489333
PPIP5K1	0.2594162406392401
PPIP5K2	-0.04193435796956906
PPL	0.3565567269691374
PPM1A	0.5208192444465292
PPM1AP1	0.1429970298859029
PPM1B	0.011366488315401583
PPM1D	0.24373521784706187
PPM1E	-0.4477266109277991
PPM1F	-0.23792646251637248
PPM1G	-0.3231856896444037
PPM1H	-0.052904338329833094
PPM1J	-0.4078188260468347
PPM1K	-0.5026467216348066
PPM1L	0.003779535069535299
PPM1M	-0.4633960991746808
PPM1N	-0.521184744098126
PPME1	-0.030157434954861756
PPOX	-0.273373997439333
PPP1CA	-0.21538276952002333
PPP1CB	0.048612524373454244
PPP1CC	0.07890828107414827
PPP1R10	-0.018508963136921557
PPP1R10P1	-0.2739364795497731
PPP1R11	0.20325269203709828
PPP1R11P1	0.028454578915214208
PPP1R11P2	0.02157833612563956
PPP1R12A	-0.3270651057142257
PPP1R12B	-0.05654838033094381
PPP1R12BP1	0.18707620834168237
PPP1R12BP2	0.04486785106653648
PPP1R12C	0.009718740683223651
PPP1R13B	0.36206854373834163
PPP1R13L	0.1998138919378847
PPP1R14A	0.17383308684080215
PPP1R14B	-0.07718191696843328
PPP1R14BP2	-0.10656747476757879
PPP1R14BP3	-0.06250119132930088
PPP1R14BP5	-0.02491200925634753
PPP1R14C	0.10825449012954115
PPP1R14D	0.19099122776278865
PPP1R15A	0.05224995295218585
PPP1R15B	-0.02120181810207078
PPP1R16A	0.23336512767055112
PPP1R16B	-0.4893043553597649
PPP1R17	-0.3104768198686819
PPP1R18	-0.44243939222305395
PPP1R1A	0.07717411150639389
PPP1R1AP1	0.2828395602640671
PPP1R1AP2	
PPP1R1B	0.14384250046875444
PPP1R1C	-0.20814619869043122
PPP1R2	-0.12084737880064099
PPP1R21	-0.2151807510452953
PPP1R26	0.09591839589420138
PPP1R26-AS1	-0.007878994393484624
PPP1R26P1	-0.03942161422057156
PPP1R26P2	
PPP1R26P3	-0.015072558976180215
PPP1R26P5	-0.33304123005829395
PPP1R27	0.07586456692856579
PPP1R2P1	0.02406433984963021
PPP1R2P10	0.1487406681579371
PPP1R2P2	0.13187333841479554
PPP1R2P3	-0.017198529485514875
PPP1R2P4	
PPP1R2P5	0.2105897689219193
PPP1R2P6	0.4717956450303125
PPP1R2P9	-0.3270999043209674
PPP1R32	-0.24761619215808925
PPP1R35	-0.14235533961921523
PPP1R36	-0.004304598250972549
PPP1R37	0.11572658554211082
PPP1R3A	0.0905938662573026
PPP1R3B	0.16474448791784682
PPP1R3C	0.05931677307001325
PPP1R3D	0.11658584891995569
PPP1R3E	-0.23551288993058486
PPP1R3F	-0.36815437104375626
PPP1R3G	0.006929812060716607
PPP1R42	0.1952692553025465
PPP1R7	-0.1595258180634293
PPP1R8	-0.28986505571702303
PPP1R8P1	0.05429290723416221
PPP1R9A	-0.013357411579593682
PPP1R9B	-0.3838803174825283
PPP2CA	-0.19397909157645976
PPP2CB	0.4151396288730841
PPP2R1A	-0.03703623741004317
PPP2R1B	0.18088444464188386
PPP2R2A	-0.04414927373620622
PPP2R2B	-0.15777855729560755
PPP2R2B-IT1	0.1935697539052563
PPP2R2C	-0.031710889714513565
PPP2R2D	0.39968849484051105
PPP2R2DP1	0.21942237817241622
PPP2R3A	0.053169031519607717
PPP2R3B	-0.29742035967288405
PPP2R3C	-0.23988547434922128
PPP2R4	-0.11624838383495285
PPP2R5A	0.26944595440161195
PPP2R5B	-0.025871296139696524
PPP2R5C	-0.3264973330057307
PPP2R5D	0.17285116227319328
PPP2R5E	0.022871278442308064
PPP3CA	-0.11830871576474036
PPP3CB	-0.3473171771211821
PPP3CC	-0.43213439820546307
PPP3R1	-0.20079467228310402
PPP3R2	0.030840293321099933
PPP4C	-0.18417502518128023
PPP4R1	0.29554359585845935
PPP4R1L	-0.14764035935531253
PPP4R2	-0.025961139332404747
PPP4R4	-0.2831025171194168
PPP5C	-0.12340872293174715
PPP5D1	0.04419119861746392
PPP6C	-0.030173696126036976
PPP6R1	-0.21570212004210595
PPP6R2	-0.023065544102591606
PPP6R2P1	
PPP6R3	-0.06975181093619627
PPRC1	-0.2041882011836358
PPT1	-0.3188010075504292
PPT2	0.08674456237065258
PPT2-EGFL8	-0.2181879881530781
PPTC7	-0.11130278528015027
PPWD1	-0.3518078525733937
PPY	-0.009882679390221808
PPY2	-0.08395728718025215
PQBP1	-0.036033536268749874
PQLC1	0.07478938333584391
PQLC1P1	-0.10144145004766561
PQLC2	0.06643799461451376
PQLC3	0.01473499628134566
PRAC1	0.0848630971963791
PRAC2	0.015070001080258215
PRADC1	0.15153338379814135
PRADC1P1	0.21687401953926497
PRAF2	-0.39885334024577995
PRAM1	-0.2529394205847271
PRAME	-0.08785529080594257
PRAMEF1	
PRAMEF10	
PRAMEF11	
PRAMEF12	-0.25873368882479575
PRAMEF13	
PRAMEF14	
PRAMEF15	
PRAMEF17	
PRAMEF18	
PRAMEF19	-0.1514107522648601
PRAMEF2	0.02478749039621423
PRAMEF20	
PRAMEF21	
PRAMEF22	-0.0038056706848048866
PRAMEF23	
PRAMEF25	-0.16171891929644236
PRAMEF26	
PRAMEF4	
PRAMEF5	
PRAMEF6	
PRAMEF7	0.00355712662185865
PRAMEF8	-0.24254149121594412
PRAMEF9	
PRAMENP	-0.47140225160798593
PRAP1	0.2241692209489288
PRB1	-0.4180779784991596
PRB2	-0.2150611563378308
PRB3	-0.026332041822282597
PRB4	-0.34391386685528075
PRC1	-0.17186367479561585
PRC1-AS1	-0.10871224081062966
PRCC	-0.04144030740573533
PRCD	-0.2806949149166445
PRCP	-0.2130202291870947
PRDM1	-0.19573982350150848
PRDM10	-0.2787256307557909
PRDM11	-0.2056249187613712
PRDM12	0.25502593001394597
PRDM13	-0.323172007092389
PRDM14	-0.14259793749181474
PRDM15	-0.37119855893089904
PRDM16	0.15213185530843357
PRDM2	-0.34121034824769547
PRDM4	0.1287513761148048
PRDM5	0.0038643520334748814
PRDM6	0.08043468405870305
PRDM7	-0.03012561360718728
PRDM8	-0.4849095103884651
PRDM9	0.10511066893639488
PRDX1	0.03472508514038675
PRDX2	0.02207953454570691
PRDX2P1	0.00791747313580852
PRDX2P2	-0.13534995566480734
PRDX2P3	-0.21813377320643015
PRDX2P4	0.12586328972022268
PRDX3	0.1652090094208766
PRDX3P1	0.11521979534268129
PRDX3P2	-0.060761203289343466
PRDX3P3	0.38088064212036493
PRDX3P4	0.14013260525889784
PRDX4	0.018998137231047776
PRDX4P1	
PRDX5	0.1589417692417531
PRDX6	0.06344397262326687
PREB	-0.07157159599166736
PRED57	0.2202693011087299
PRELID1	0.011808216723772637
PRELID1P1	0.1094521993786226
PRELID1P2	0.08392095049566564
PRELID1P3	0.018963729931721598
PRELID1P4	0.03835519524605433
PRELID2	0.39715700649695956
PRELID2P1	-0.002763131638582301
PRELP	-0.35138162857537236
PREP	0.19171505949905482
PREPL	-0.010922653889273107
PREX1	-0.44065731806052044
PREX2	-0.011675304664342493
PRF1	-0.20525596505215973
PRG2	-0.20213942834347465
PRG3	-0.012058689216011498
PRG4	-0.4209437403771099
PRH1	
PRH2	-0.021366594154855912
PRICKLE1	-0.37349588923045574
PRICKLE2	0.09957990687778438
PRICKLE2-AS1	
PRICKLE2-AS2	0.2828395602640671
PRICKLE2-AS3	-0.1514107522648601
PRICKLE3	-0.05336180929999928
PRICKLE4	-0.20722321569941274
PRIM1	-0.2559827037373951
PRIM2	-0.274423581819326
PRIMA1	0.1088386807293742
PRIMPOL	-0.09049327131613655
PRKAA1	-0.041661701908015485
PRKAA2	0.08999455534886742
PRKAB1	-0.12597306724672686
PRKAB2	0.26647395169744575
PRKACA	-0.04815894421230725
PRKACB	-0.07236238218942052
PRKACG	0.14015007678394625
PRKAG1	0.09569526990585664
PRKAG2	0.3339791739861576
PRKAG2-AS1	0.2028140482895628
PRKAG3	-0.006201565054477345
PRKAR1A	-0.37711571034316904
PRKAR1AP	-0.03361274356891103
PRKAR1B	0.1597297307602023
PRKAR2A	0.05829942589332286
PRKAR2A-AS1	-0.15331656389121887
PRKAR2B	-0.2914017110547245
PRKCA	0.16622953746010252
PRKCB	-0.4940628496210962
PRKCD	0.0472404103154306
PRKCDBP	-0.024483312989907087
PRKCE	-0.30933368126313404
PRKCG	-0.4102630027232182
PRKCH	-0.3773802835201663
PRKCI	0.17357187720669348
PRKCQ	-0.45379405589248684
PRKCQ-AS1	-0.31228244812978584
PRKCSH	0.12189941204808974
PRKCZ	0.22600686875160317
PRKD1	-0.10324263457132
PRKD2	-0.15917880519604014
PRKD3	-0.40747247885825927
PRKDC	-0.27652754832988297
PRKG1	0.2605590292579271
PRKG1-AS1	-0.0022047900521169382
PRKG2	0.26741643565146056
PRKRA	-0.06840576916157141
PRKRIP1	-0.2806091487483127
PRKRIR	-0.14516859319876352
PRKRIRP1	0.024882915265659087
PRKRIRP2	0.07422674205596254
PRKRIRP3	-0.07162775512672376
PRKRIRP4	0.23207040816321395
PRKRIRP5	-0.18783416671422615
PRKRIRP6	-0.12147800893466054
PRKRIRP7	0.12041589151011747
PRKRIRP8	-0.1487048449612359
PRKRIRP9	0.04114539199355174
PRKX	0.028411234031903997
PRKX-AS1	
PRKXP1	-0.16236828814293566
PRKY	-0.09110613416244293
PRL	0.09766714919684591
PRLH	
PRLHR	0.1656559474157132
PRLR	-0.013269003980376825
PRM1	-0.0608185868737415
PRM2	0.04868216629574318
PRM3	-0.16171891929644236
PRMT1	-0.4336859896957454
PRMT10	-0.10286452648460259
PRMT2	-0.30850330643498075
PRMT3	-0.10279320947022497
PRMT5	-0.16551501065040583
PRMT5-AS1	0.14725213734029358
PRMT6	-0.104948951286497
PRMT7	-0.274399368620404
PRMT8	0.24736365709394836
PRND	0.09999659385996286
PRNP	-0.26878692394560394
PRNT	-0.20353889561350222
PROB1	-0.18188418591149852
PROC	0.08733281638275538
PROCA1	-0.3542247010966254
PROCR	0.15452169361002968
PRODH	0.10552968251981457
PRODH2	-0.23653723922918804
PROK1	0.011359002545483596
PROK2	-0.31473733708829693
PROKR1	0.27084726756419975
PROKR2	-0.28441761408451277
PROL1	-0.08734394277163322
PROM1	0.40779413859470803
PROM2	0.14174291550723134
PROP1	0.084824103040079
PRORSD1P	-0.07057164237064313
PROS1	0.047054539687762784
PROSC	0.2340457906596699
PROSER1	0.019379217511093023
PROSER2	-0.010404785445438363
PROSER2-AS1	-0.23187177478148507
PROSP	0.00044592646623017244
PROX1	0.21032980670854554
PROX1-AS1	0.1194528839495833
PROX2	-0.10516574765330722
PROZ	0.07408232951538891
PRPF18	-0.07031483161291854
PRPF19	-0.3382470515457621
PRPF19P1	-0.14381448770015273
PRPF3	-0.2854029877716732
PRPF31	-0.15857207345615615
PRPF38A	-0.2103254361645694
PRPF38AP1	0.18729305532594717
PRPF38AP2	0.14466546864006055
PRPF38B	-0.2978690547302222
PRPF39	-0.056016519668927386
PRPF4	-0.320265699954996
PRPF40A	-0.15823734496241845
PRPF40B	-0.08352309232007883
PRPF4B	-0.22219648440737122
PRPF6	-0.09723654023684153
PRPF8	-0.15434505561431996
PRPH	0.11571584663489289
PRPH2	-0.0334481122163243
PRPS1	-0.45295500137957573
PRPS1L1	-0.011901868313701953
PRPS1P1	-0.19290144609542448
PRPS1P2	0.15914949868916314
PRPS2	-0.07973481816629546
PRPSAP1	0.06321195399390164
PRPSAP2	-0.33006031517518153
PRR11	-0.3204907985739227
PRR12	-0.14491471642994025
PRR13	0.13182860306579364
PRR14	-0.100584632153238
PRR14L	-0.01638963969481043
PRR15	0.3071669324145055
PRR15L	0.2717293787493254
PRR16	0.04870600779058607
PRR18	-0.2903507820458394
PRR19	0.06574381084417749
PRR20A	
PRR20B	
PRR20C	
PRR20D	
PRR20E	
PRR20FP	
PRR21	
PRR22	-0.024820192295669237
PRR23A	0.12091963417873944
PRR23B	-0.34520449826961813
PRR23C	0.3595240807924779
PRR24	0.010296757697171604
PRR25	0.020726365317348446
PRR26	0.46014770750861916
PRR3	-0.41389454238079837
PRR4	-0.22063259454881107
PRR5	0.15052833655480036
PRR5-ARHGAP8	0.13164547508747926
PRR5L	0.1309539876805923
PRR7	-0.08028872682335272
PRR7-AS1	0.09232925010662124
PRR9	0.09845504119810082
PRRC1	0.18165318122503216
PRRC2A	-0.2280262206893854
PRRC2B	-0.34092481647575174
PRRC2C	-0.2435942522464633
PRRC2CP1	
PRRG1	0.10581758008461692
PRRG2	0.3176793689895644
PRRG3	0.07774573366638833
PRRG4	0.1677774636355711
PRRT1	0.020992870481885122
PRRT2	-0.05302963875312083
PRRT3	-0.13345764584473013
PRRT3-AS1	-0.28295807365742626
PRRT4	-0.02887470202514823
PRRX1	-0.45370508832077855
PRRX2	-0.06384074375433497
PRSS1	-0.03351414174454644
PRSS12	-0.01931926139440969
PRSS16	0.2245440470112825
PRSS21	-0.04145771703293078
PRSS22	-0.06894061241791898
PRSS23	-0.02551682432152443
PRSS27	-0.06096608218395348
PRSS29P	0.22597554912871087
PRSS3	0.1268606792326387
PRSS30P	-0.05620988006762364
PRSS33	-0.21773688972539457
PRSS35	-0.16978653191583912
PRSS36	0.0677726952588487
PRSS37	-0.05473145603300786
PRSS38	-0.14517358959786233
PRSS3P1	0.06382999431664216
PRSS3P2	0.02497071022814471
PRSS3P3	-0.2470776055592993
PRSS3P4	-0.12330871493870309
PRSS41	0.10052197297526105
PRSS42	0.29534939212454236
PRSS44	-0.1658400919094364
PRSS45	-0.2465994306016908
PRSS46	-0.058408913326366114
PRSS48	-0.04947105959806506
PRSS50	-0.1739453748524883
PRSS51	0.07574844040812555
PRSS53	-0.2555156362959353
PRSS54	-0.08121441505581319
PRSS55	0.07482180268330182
PRSS56	-0.146075092342726
PRSS57	-0.10369298355457122
PRSS58	-0.1194832357129766
PRSS8	0.2058288670028883
PRTFDC1	0.003197694759155174
PRTG	-0.2852611609947849
PRTN3	0.20772404366356131
PRUNE	-0.03815491168375371
PRUNE2	0.06825211054325268
PRUNEP1	0.03973446519612461
PRX	-0.0268557207379397
PRY	-0.026292044516778346
PRY2	0.022983701688940716
PRYP1	
PRYP2	
PRYP3	
PRYP4	
PRYP5	
PRYP6	
PSAP	-0.28789756300812497
PSAPL1	-0.09492556345505845
PSAT1	-0.2987058825799486
PSAT1P1	0.20770308736227822
PSAT1P2	0.38088064212036493
PSAT1P3	-0.001532882610163502
PSAT1P4	0.07481707637981162
PSCA	-0.017717629973864408
PSD	0.11233745788560837
PSD2	0.05378088474453449
PSD3	0.15477340183108224
PSD4	-0.2317727176970045
PSEN1	0.35874348250760474
PSEN2	-0.039410281244627456
PSENEN	-0.10431569330497842
PSG1	-0.04922714717209539
PSG10P	
PSG11	-0.15958326345032406
PSG2	-0.01229830239143895
PSG3	-0.15589715778280147
PSG4	0.06681706474996038
PSG5	0.0773189513825119
PSG6	-0.08267406296941178
PSG7	-0.1524091130587363
PSG8	-0.07316166630232512
PSG9	0.05133556086646992
PSIP1	-0.46947973441575125
PSKH1	0.08166702216358021
PSKH2	-0.04485670568741937
PSMA1	-0.036783060291536426
PSMA2	-0.0014084115192612573
PSMA2P1	0.09085298990568934
PSMA2P2	0.08376329365360313
PSMA2P3	0.19896050087254152
PSMA3	-0.026523645071478204
PSMA3P	0.05268416127353147
PSMA4	-0.10146707015568462
PSMA5	-0.13580710434023424
PSMA6	0.07284898130763952
PSMA6P1	0.0686094441297143
PSMA6P2	0.12288198192911393
PSMA6P3	
PSMA6P4	0.061530960114892376
PSMA7	-0.07174995241409944
PSMA8	-0.35016941066615787
PSMB1	-0.08758460354461528
PSMB10	0.13588021735198869
PSMB11	0.061927363937706405
PSMB2	-0.05759560833494066
PSMB3	-0.15602252439304057
PSMB3P2	-0.1612784815008109
PSMB4	-0.18176932258211587
PSMB5	-0.059753360854567755
PSMB6	-0.19258032890759003
PSMB7	-0.08312174781839443
PSMB7P1	0.11611840885715823
PSMB8	-0.04563124539440538
PSMB9	-0.13753907011560665
PSMC1	-0.029156614226279274
PSMC1P1	0.17586393281375648
PSMC1P10	0.1765741981613721
PSMC1P11	0.023684785255799534
PSMC1P12	-0.10413792048121626
PSMC1P13	-0.1591229427581399
PSMC1P2	0.13398439108747873
PSMC1P3	0.03571438016241495
PSMC1P4	0.08558142925025353
PSMC1P5	0.2620399653307162
PSMC1P6	0.03708541073066629
PSMC1P7	0.28072672568219964
PSMC1P8	0.07831208610873643
PSMC1P9	0.09179222677308096
PSMC2	-0.12904976496021817
PSMC3	-0.30052976658414815
PSMC3IP	-0.40883142606224804
PSMC4	-0.11718669073691013
PSMC5	-0.23780493376431217
PSMC6	-0.028576487244220572
PSMD1	0.04021777878063369
PSMD10	-0.02515566519347703
PSMD10P1	-0.4497826543095088
PSMD10P2	-0.010458985373075913
PSMD10P3	-0.42857135502500016
PSMD11	-0.06835237131535403
PSMD12	-0.051421359385493116
PSMD12P	0.1296727878853793
PSMD13	-0.12155807706336516
PSMD14	-0.09325208963558268
PSMD2	-0.005587528618471545
PSMD3	-0.01357794833565836
PSMD4	-0.24632561149221247
PSMD4P1	0.058621299115098995
PSMD5	0.1114874744777577
PSMD5-AS1	0.03127332856312426
PSMD6	-0.22595808594654737
PSMD6-AS2	-0.0972179435550235
PSMD7	0.0730382352962647
PSMD7P1	0.17635163338438137
PSMD8	-0.02273917034444527
PSMD9	-0.20242689435572578
PSME1	-0.04517482061483817
PSME2	0.028543500435026327
PSME2P2	0.11806172847292981
PSME3	-0.07675120785123558
PSME4	-0.2117281743889722
PSMF1	0.19862339278367053
PSMG1	0.08320283874891057
PSMG2	-0.00726942481452431
PSMG3	0.00011647343124758283
PSMG3-AS1	-0.015318389162483593
PSMG4	-0.13521669799126015
PSORS1C1	0.16306203833825975
PSORS1C2	-0.2248552556241767
PSORS1C3	0.037038496383414186
PSPC1	-0.14400647688255322
PSPC1P1	0.11191401781922372
PSPC1P2	
PSPH	-0.22750425451693632
PSPHP1	0.1239455290553924
PSPN	0.053278966721079075
PSRC1	-0.08647394587343712
PSTK	-0.20816442559235007
PSTPIP1	-0.403271686418241
PSTPIP2	0.07227817849172938
PTAFR	-0.454351782148414
PTAR1	-0.051134978434244124
PTBP1	-0.15087827293742517
PTBP1P	-0.08773059989647922
PTBP2	-0.3115444584592708
PTBP3	-0.13552847273779756
PTCD1	0.22401421193494936
PTCD2	-0.20417881700206492
PTCD2P1	-0.3192442393942737
PTCD2P2	-0.31145888519596715
PTCD3	-0.07114808853064881
PTCH1	0.021720074218423504
PTCH2	-0.3769865494282274
PTCHD1	0.03032676666224402
PTCHD2	0.13752723176050047
PTCHD3	0.1189322915943161
PTCHD3P1	-0.05829322663034212
PTCHD3P2	0.06484867185910989
PTCHD3P3	-0.09789958994479077
PTCHD4	0.08184861934850113
PTCRA	-0.11439829550497425
PTCSC3	0.29497314904935834
PTDSS1	-0.32062688232172293
PTDSS2	-0.12739396521752752
PTEN	-0.15057842239546326
PTENP1	-0.05141020227918463
PTER	-0.335278953871263
PTF1A	0.11884129006030632
PTGDR	0.1514274372433893
PTGDR2	0.14071741570940785
PTGDS	-0.32907312276790507
PTGER1	-0.12067264346949115
PTGER2	0.020385388837064946
PTGER3	-0.14045230973396347
PTGER4	0.011571142916426651
PTGER4P2	-0.14231279608717023
PTGER4P3	-0.2762979906897932
PTGES	-0.2648968261328998
PTGES2	0.046478679713729217
PTGES3	-0.07502764413829685
PTGES3L	-0.044876435069364846
PTGES3L-AARSD1	
PTGES3P1	-0.1704694650699586
PTGES3P2	-0.3335254195986389
PTGES3P3	0.21775425078925614
PTGES3P4	-0.09785851072362711
PTGES3P5	-0.028006540010910755
PTGFR	-0.3916438719097536
PTGFRN	0.2262111554038907
PTGIR	-0.33409023985532676
PTGIS	-0.2641306730036284
PTGR1	0.10302071640686285
PTGR2	-0.3028776867507298
PTGS1	-0.022388385351482576
PTGS2	-0.2641121043256054
PTH	-0.008101322989689626
PTH1R	-0.039345976680155714
PTH2	0.1932565467596142
PTH2R	-0.11302684021863332
PTHLH	-0.3594627204843478
PTK2	0.07697147710059146
PTK2B	-0.38369259588869176
PTK6	0.3619624457529653
PTK7	0.22040158940928112
PTMA	-0.2498089680297887
PTMAP1	-0.11317827166323892
PTMAP2	-0.10513192695589375
PTMAP3	-0.1272845180700384
PTMAP4	0.014059683599598995
PTMAP5	-0.11510274987879786
PTMAP6	0.15294228552013098
PTMAP8	0.058560492342491555
PTMS	0.05144584385667095
PTN	0.09492017947467277
PTOV1	-0.08425334649483243
PTOV1-AS1	0.0993078347982934
PTP4A1	0.10532422670269304
PTP4A1P1	-0.18368281740903356
PTP4A1P2	
PTP4A1P3	0.38088064212036493
PTP4A1P4	0.046319935728031905
PTP4A1P5	
PTP4A1P6	0.24586488395862097
PTP4A1P7	-0.02494003573628602
PTP4A2	-0.21156896946518064
PTP4A2P1	0.13907166912310095
PTP4A2P2	0.0714223115724019
PTP4A3	-0.07209700309391945
PTPDC1	0.04509994256472014
PTPLA	0.06542947466577083
PTPLAD1	0.021052728450499963
PTPLAD2	-0.23614168651777223
PTPLB	0.013053727053556305
PTPMT1	0.13364378331233145
PTPN1	-0.36757810779437383
PTPN11	-0.1297573086351724
PTPN12	-0.06305061534051307
PTPN13	-0.20629906179519186
PTPN14	-0.21218913299365189
PTPN18	-0.3642933599828542
PTPN2	-0.29025388782879064
PTPN20A	-0.009372379633272431
PTPN20B	-0.12438289736525776
PTPN20CP	-0.22877070263074475
PTPN21	0.2541911763346811
PTPN22	-0.3946260414386545
PTPN23	0.11511089191151233
PTPN2P1	0.0027136848581266752
PTPN2P2	-0.24312924749713186
PTPN3	0.42780210565865007
PTPN4	-0.24869472136360668
PTPN5	-0.07300082137803263
PTPN6	-0.4067400405333029
PTPN7	-0.4256541115684322
PTPN9	0.07591318238734926
PTPRA	-0.10317457255546386
PTPRB	0.027174212673494354
PTPRC	-0.4747647493230724
PTPRCAP	-0.3081527115904363
PTPRD	0.3984847536454416
PTPRE	-0.17933227014368364
PTPRF	0.2588217011916285
PTPRG	0.2164954611126375
PTPRG-AS1	-0.299565288588247
PTPRH	0.23493249002977018
PTPRJ	-0.06401795513794456
PTPRK	0.18137917760970226
PTPRM	-0.3235194518211942
PTPRN	-0.14109859476439932
PTPRN2	0.1835066976611256
PTPRO	0.24448214379622174
PTPRQ	-0.09584733664194856
PTPRR	0.10089554594307502
PTPRS	-0.33214283710381176
PTPRT	-0.2918310008310378
PTPRU	-0.11367632409008967
PTPRVP	0.02982539501367065
PTPRZ1	-0.05301771813785715
PTRF	-0.1208109440039985
PTRH1	-0.11683742536605982
PTRH2	-0.12655265963028714
PTRHD1	-0.013847465385613532
PTS	0.015403435811466732
PTTG1	-0.31543570663691395
PTTG1IP	0.13378816853013692
PTTG2	
PTTG3P	0.06110597966408128
PTTG4P	
PTX3	0.14924741168188194
PTX4	0.04822691418781318
PUF60	-0.08421314486360017
PUM1	-0.037151740320894557
PUM2	-0.1846111085135916
PURA	0.013474547330044618
PURB	-0.1205929128265584
PURG	-0.1558664318050813
PUS1	-0.20501221480011966
PUS10	-0.12142291135148356
PUS3	-0.19406490751226266
PUS7	0.0038409533217071182
PUS7L	-0.2531077238950039
PUSL1	0.15046737755392217
PVALB	-0.3111984992548627
PVR	-0.006569721453610349
PVRIG	-0.09705743499175011
PVRIG2P	
PVRL1	0.212080782657841
PVRL2	0.06925627314967413
PVRL3	0.13645312098389162
PVRL3-AS1	-0.3279869722979254
PVRL4	-0.05584154017786882
PVT1	-0.4544489628418054
PWAR6	-0.34594550935483337
PWP1	-0.24851172904844976
PWP2	-0.08473417252249978
PWRN1	-0.32288303412255437
PWRN2	-0.25647595879894564
PWRN3	0.045344924488814775
PWRN4	0.2828395602640671
PWWP2A	0.005436225452679789
PWWP2AP1	-0.11892528882070764
PWWP2B	0.05916576766737327
PXDC1	0.13687770154411547
PXDN	0.269965240305231
PXDNL	-0.289423704555881
PXK	-0.3457771147304841
PXMP2	0.23378820389077154
PXMP4	0.18192437881981513
PXN	0.24248232782096277
PXN-AS1	-0.12313778712830777
PXT1	-0.19566788671204674
PYCARD	0.013533530473675693
PYCR1	0.10360012477479855
PYCR2	-0.3930738079326792
PYCRL	-0.17018932033727818
PYDC1	-0.27863576695715897
PYDC2	
PYGB	0.21166353609768415
PYGL	0.15942196844716966
PYGM	-0.1013376281843658
PYGO1	-0.3512071212756105
PYGO2	-0.3249017416954857
PYHIN1	-0.46222958072033493
PYROXD1	0.3436632231640326
PYROXD2	-0.08630740841545059
PYURF	0.15968354964169326
PYY	0.0030927407257034735
PYY2	-0.03298174257976073
PYY3	-0.03220329105821412
PZP	-0.18236180386993006
QARS	0.20801066392888787
QDPR	0.1419170095418084
QKI	-0.3995207035990055
QPCT	0.06619562517337653
QPCTL	-0.21484972950296
QPRT	0.1730356232787401
QRFP	-0.1337375949542706
QRFPR	-0.012798652855830765
QRICH1	-0.2742148258805614
QRICH2	-0.24503051421453895
QRSL1	-0.39171568549957403
QRSL1P1	-0.09856642675266503
QRSL1P2	-0.1012992943542609
QRSL1P3	-0.11623249109709326
QSER1	-0.08106172448806642
QSOX1	0.037836079000778226
QSOX2	-0.4536961710084658
QTRT1	-0.041710924524114255
QTRT1P1	-0.055336791637305975
QTRTD1	-0.1505585528514793
R3HCC1	0.03364124794493814
R3HCC1L	-0.061316117191119464
R3HDM1	-0.3177675092282746
R3HDM2	-0.1820351539157279
R3HDM2P1	-0.2641249358859612
R3HDM2P2	0.07251236592685896
R3HDM4	-0.2742320311643678
R3HDML	0.043622693988187015
RAB10	0.0962264981755473
RAB11A	0.08123821023714013
RAB11AP1	0.19539301792872368
RAB11AP2	
RAB11B	-0.015030275512010038
RAB11B-AS1	-0.015701033657433597
RAB11FIP1	0.20386895386464346
RAB11FIP1P1	-0.06539786372556025
RAB11FIP2	-0.3218092333756599
RAB11FIP3	0.1420140740204845
RAB11FIP4	-0.005792993972841529
RAB11FIP5	0.036089052275101736
RAB12	-0.25204822475996175
RAB13	-0.012049312811363178
RAB14	0.10349427334195704
RAB15	0.2849425931700643
RAB17	0.26344200306852655
RAB18	0.08941405691981838
RAB19	0.11805885723733575
RAB1A	0.26585311207742457
RAB1B	0.07558334347920835
RAB1C	-0.012305357702273149
RAB20	0.2063838672325158
RAB21	-0.08274972500958219
RAB22A	0.27134372696259307
RAB23	-0.17444472722601795
RAB24	-0.02922109575676214
RAB25	0.2269755316056172
RAB26	0.32505154813698894
RAB27A	0.16558019943841729
RAB27B	0.32187341611008236
RAB28	-0.2660623547833653
RAB2A	0.15116111825189865
RAB2B	-0.22715729021777395
RAB30	-0.34574931717469004
RAB30-AS1	0.04287895089174684
RAB31	-0.3403504555548931
RAB32	0.04100420675986092
RAB33A	-0.4363606595243237
RAB33B	-0.3023710110281351
RAB34	-0.27721422445257843
RAB35	-0.2260528271939877
RAB36	-0.16111888536296423
RAB37	-0.42890922160837874
RAB38	-0.004561166620294903
RAB39A	-0.3351709469724193
RAB39B	-0.4716834643898894
RAB3A	0.20807937899761542
RAB3B	0.10357927313744372
RAB3C	0.06706024863595224
RAB3D	0.11014924578724863
RAB3GAP1	-0.06970967450472725
RAB3GAP2	-0.2748343854656065
RAB3IL1	-0.026754426036478048
RAB3IP	0.2201636044607583
RAB40A	-0.036260826472284395
RAB40AL	0.15277546684383853
RAB40B	0.20394537242260335
RAB40C	0.19298687086535188
RAB41	0.1988089947299006
RAB42	-0.18197589739382314
RAB42P1	-0.081532168689794
RAB43	0.0998439230188132
RAB43P1	0.0400419095894088
RAB44	-0.1561616865412166
RAB4A	0.13270640972029815
RAB4B	-0.25074279711187525
RAB4B-EGLN2	
RAB5A	0.11815512722315194
RAB5B	-0.002430309038134606
RAB5C	0.037093680844972256
RAB5CP1	0.01338238567477445
RAB5CP2	0.042366116848967184
RAB6A	0.37146796849477015
RAB6B	-0.025547529389620658
RAB6C	-0.05648146403400581
RAB7A	0.11980555712074224
RAB7L1	-0.25877840844637706
RAB8A	0.12288217726903156
RAB8B	-0.4794823394607285
RAB9A	-0.037618319527590996
RAB9AP1	
RAB9AP2	
RAB9AP3	
RAB9AP4	0.2828395602640671
RAB9AP5	
RAB9B	-0.024468018802787834
RAB9BP1	-0.15141075226486012
RABAC1	0.05412612481638927
RABEP1	-0.2261621133805148
RABEP2	-0.22971737740597067
RABEPK	-0.29729082496958426
RABEPKP1	0.09076997229817951
RABGAP1	-0.10089041860643302
RABGAP1L	-0.40428564202804756
RABGAP1L-IT1	-0.2516306312914863
RABGEF1	-0.18057043694113326
RABGGTA	-0.19394880288632269
RABGGTB	-0.09314039373082267
RABIF	-0.13967488911844278
RABL2A	-0.3109836866007756
RABL2B	-0.30304285940755105
RABL3	-0.0553585866830493
RABL5	-0.3814911481343405
RABL6	0.11510405719673829
RAC1	0.4520913410796208
RAC1P1	0.2828395602640671
RAC1P2	-0.25990131580610065
RAC1P3	0.08189529292896343
RAC1P4	0.020862215111274
RAC1P5	0.283815363720579
RAC1P6	
RAC1P7	-0.04947105959806506
RAC1P8	
RAC2	-0.4311520673680444
RAC3	0.38841208445321546
RACGAP1	-0.2837449662161541
RAD1	-0.267573139615758
RAD17	-0.29361790649516584
RAD17P1	0.05010815913909049
RAD17P2	-0.2558569921644884
RAD18	-0.23484292300544157
RAD21	-0.20008611582709182
RAD21-AS1	0.2403185111575304
RAD21L1	-0.17631943188848542
RAD23A	-0.14291564844641685
RAD23B	-0.0029583447862798922
RAD23BLP	0.2828395602640671
RAD23BP1	0.027913469164548285
RAD23BP2	-0.3071818604336954
RAD50	-0.011946683903441386
RAD51	-0.2673297747397561
RAD51-AS1	-0.21089626660458968
RAD51AP1	-0.21221022369613612
RAD51AP2	0.06798602232253709
RAD51B	-0.1383218345130929
RAD51C	-0.2702974100219573
RAD51D	-0.2944319311051352
RAD51L3-RFFL	
RAD52	-0.23468996343132645
RAD54B	-0.3443177212162983
RAD54L	-0.3859084425589963
RAD54L2	-0.30879519891567975
RAD9A	0.018514215451513015
RAD9B	-0.2116599717016342
RADIL	-0.14922495700384347
RAE1	-0.3719604508638723
RAET1E	-0.13793323319237755
RAET1E-AS1	-0.3414075967494492
RAET1G	0.11452624514726122
RAET1K	-0.3523665924024531
RAET1L	-0.2574245153504282
RAET1M	0.07428612133044356
RAF1	0.06483854196718718
RAG1	0.1344903833489666
RAG2	-0.045834963038165824
RAI1	-0.07950529849608676
RAI1-AS1	0.02696578696582703
RAI14	-0.14113970184648522
RAI2	-0.377043934459867
RALA	0.26190121629068064
RALB	0.11054214466762434
RALBP1	-0.07918516513554319
RALGAPA1	-0.005416217499685937
RALGAPA1P	0.013305230160913232
RALGAPA2	0.16375055650083878
RALGAPB	-0.049240736559137514
RALGDS	-0.17347530148087614
RALGPS1	0.23770986181275355
RALGPS2	-0.40516824793783235
RALY	-0.003524191347749759
RALYL	-0.28331546115746253
RAMP1	0.1165360777498024
RAMP2	-0.12420428275461849
RAMP2-AS1	-0.27813124138320744
RAMP3	-0.3199771364114694
RAN	-0.38792882178900323
RANBP1	-0.2921146758729565
RANBP10	-0.2249241662433724
RANBP17	-0.015653908966242868
RANBP2	-0.0504118612014269
RANBP20P	0.023396599036052963
RANBP3	-0.15562287347795062
RANBP3L	-0.3651521853149462
RANBP6	-0.3800111370988393
RANBP9	-0.0033307795368704967
RANGAP1	-0.3137473192245351
RANGRF	-0.31169718653343487
RANP1	-0.16673504824587834
RANP2	0.11787003667664647
RANP3	-0.16185087255186265
RANP4	0.14607407566735806
RANP5	-0.3054984701547734
RANP6	-0.18492352561553846
RANP7	-0.08530979981842697
RANP8	0.11381177430681132
RANP9	0.2828395602640671
RAP1A	-0.18753911380229293
RAP1AP	-0.10520320296970033
RAP1B	-0.1631021964525774
RAP1GAP	0.4644209979216474
RAP1GAP2	0.46896919005864013
RAP1GDS1	-0.24415162641518107
RAP2A	-0.13722353360688008
RAP2B	-0.27663516333308896
RAP2C	-0.3535492702139294
RAP2C-AS1	-0.23806081448886435
RAP2CP1	-0.16486253005761534
RAPGEF1	-0.3389937546632932
RAPGEF2	0.20221832085718502
RAPGEF3	-0.03417486964733611
RAPGEF4	-0.17309045532900733
RAPGEF4-AS1	0.06479852822944608
RAPGEF5	-0.18697507784971024
RAPGEF6	-0.42694828452167183
RAPGEFL1	0.355693950881991
RAPH1	0.1597597096384824
RAPSN	0.0010145827947322758
RARA	0.16775973710862788
RARB	-0.39279684099820583
RARG	-0.13209237369108046
RARRES1	0.03247420881360853
RARRES2	0.03874457662137301
RARRES2P1	0.09076997229817951
RARRES2P2	-0.1514107522648601
RARRES2P3	0.08392095049566564
RARRES2P4	
RARRES2P5	-0.21907379266956942
RARRES2P6	-0.12549415700762656
RARRES2P7	0.07944699547806906
RARRES2P8	
RARRES2P9	-0.04922714717209539
RARRES3	0.05048707904923407
RARS	0.1026720845763118
RARS2	0.2540176116126283
RASA1	-0.0352619891149303
RASA2	-0.4128240795018272
RASA2-IT1	0.052364758854626985
RASA3	-0.3783481806364079
RASA3-IT1	0.04221343598525022
RASA4	-0.1286551157406802
RASA4B	0.08531311761613018
RASA4CP	0.17344984901491314
RASA4DP	-0.12506769205813273
RASAL1	-0.306885511583104
RASAL2	0.09991591760494195
RASAL2-AS1	0.37272365624698106
RASAL3	-0.4095254403705224
RASD1	0.42726350930049706
RASD2	-0.048945198708878306
RASEF	0.2610825594130716
RASGEF1A	-0.43037513118222664
RASGEF1B	-0.1533049021614097
RASGEF1C	0.05720872196582598
RASGRF1	-0.4938016025660611
RASGRF2	-0.3253570118498975
RASGRP1	-0.46294544927093856
RASGRP2	-0.40312449057275723
RASGRP3	-0.4105307772613071
RASGRP4	-0.1112675611466939
RASIP1	-0.062559690859679
RASL10A	-0.2394911248167892
RASL10B	-0.006149954361147378
RASL11A	0.09661107006002655
RASL11B	-0.21735344944545795
RASL12	-0.10927127536609095
RASSF1	-0.3779156372688796
RASSF10	0.005467900461198362
RASSF2	-0.43820990958324246
RASSF3	-0.24945971708878492
RASSF4	-0.3309459272954138
RASSF5	-0.48973193288394806
RASSF6	-0.031399273449858996
RASSF7	0.07732661860112991
RASSF8	-0.1622281742727684
RASSF8-AS1	-0.06771071974890987
RASSF9	-0.40013143501288606
RAVER1	0.05589270493918777
RAVER2	0.21848409478047193
RAX	-0.005675731784550225
RAX2	0.14494343612537872
RB1	-0.2969235802313101
RB1CC1	0.06548583341596592
RBAK	-0.23653790099524832
RBAK-RBAKDN	
RBAKDN	0.16271900355927468
RBBP4	-0.33216785958377004
RBBP4P1	-0.16554314911957307
RBBP4P2	-0.21010149268140788
RBBP4P3	0.05790742999509877
RBBP4P4	-0.22770074564494253
RBBP4P5	0.26299309439484475
RBBP4P6	
RBBP5	-0.3173113908269011
RBBP6	-0.19327093764761258
RBBP7	-0.2934183029256788
RBBP8	-0.22712689951371973
RBBP8NL	0.02260247375300514
RBBP8P1	-0.0029359554951657015
RBBP9	-0.0054349900077737545
RBCK1	0.11962312332239795
RBFA	-0.2006369925759803
RBFADN	0.16412035428630478
RBFOX1	0.14798856228598986
RBFOX2	0.07456503970409285
RBFOX3	0.11819857783039207
RBKS	0.0483043043007624
RBL1	-0.32826248054706997
RBL2	-0.31129837993986165
RBM10	-0.06164258990386913
RBM11	-0.15603149762533342
RBM12	-0.277906979096817
RBM12B	-0.2979299876670284
RBM12B-AS1	0.10298657045569116
RBM14	-0.30079195006222187
RBM14-RBM4	-0.0449066641086801
RBM15	-0.4523153630848109
RBM15B	0.07838035101471859
RBM17	-0.2895637177597257
RBM18	-0.04252690713066507
RBM19	-0.395778935172705
RBM20	-0.18514467573653
RBM22	-0.3383948398591244
RBM22P1	0.013654903598654825
RBM22P10	
RBM22P11	-0.16171891929644236
RBM22P2	-0.13932134879542907
RBM22P3	-0.2755229529185932
RBM22P5	0.2137555976906029
RBM22P6	-0.04947105959806506
RBM22P7	0.1935697539052563
RBM22P8	0.08310664477739167
RBM22P9	
RBM23	-0.2254720303836405
RBM24	0.06411112741951767
RBM25	-0.30337485945286724
RBM26	-0.36639363256132584
RBM26-AS1	-0.09717873664141198
RBM27	-0.13389381387351595
RBM28	-0.2436827519787247
RBM3	-0.08508026441433145
RBM33	-0.32577881675749776
RBM34	-0.1539071109447617
RBM38	-0.30188665122248237
RBM39	-0.2361823821767904
RBM4	-0.36221616096312587
RBM41	-0.11247675054589451
RBM42	0.02729600898404355
RBM43	-0.18470959313117163
RBM43P1	0.0034455507194625762
RBM44	-0.24774405234927283
RBM45	-0.016297845995534892
RBM46	0.18005598437169174
RBM47	0.4287572378156694
RBM48	-0.22750068868593423
RBM48P1	-0.00940755276653326
RBM4B	-0.29041293347198177
RBM5	-0.3030586029973102
RBM6	-0.33784198074044536
RBM7	-0.09208502249297919
RBM8A	-0.3009767234176857
RBM8B	-0.1336096961464198
RBMS1	-0.3695683059035418
RBMS1P1	-0.12246643908008797
RBMS2	-0.0627769576013625
RBMS2P1	0.02522960522107489
RBMS3	-0.24069783286855215
RBMS3-AS1	
RBMS3-AS2	0.014170119241347074
RBMS3-AS3	0.1416534419908375
RBMX	-0.3744117685036105
RBMX2	-0.24195868785807229
RBMX2P1	0.23329531549318547
RBMX2P2	0.07071323720801855
RBMX2P3	-0.27291151929215357
RBMX2P4	
RBMX2P5	-0.031951878034667015
RBMXL1	-0.3082379875838814
RBMXL2	0.1353432366396472
RBMXL3	0.2410571588267268
RBMXP1	0.15864806584875732
RBMXP2	0.12649528115120437
RBMXP4	-0.1622743780054556
RBMY1A1	
RBMY1A3P	0.3012495947302069
RBMY1B	
RBMY1D	
RBMY1E	
RBMY1F	
RBMY1HP	
RBMY1J	
RBMY1KP	
RBMY2AP	-0.1514107522648601
RBMY2BP	
RBMY2DP	
RBMY2EP	0.007986113583084896
RBMY2FP	0.00355712662185865
RBMY2GP	0.38088064212036493
RBMY2HP	
RBMY2JP	-0.14381448770015273
RBMY2KP	
RBMY2NP	-0.055336791637305975
RBMY2OP	
RBMY2QP	
RBMY2TP	0.022973228492193243
RBMY2UP	
RBMY2WP	-0.1514107522648601
RBMY2XP	
RBMY2YP	
RBMY3AP	
RBP1	-0.057542204955148814
RBP2	0.2138799965583628
RBP3	0.22129111679094238
RBP4	0.04131437019549186
RBP5	-0.45427722288303435
RBP7	-0.1362814114429658
RBPJ	-0.20879667420916978
RBPJL	-0.13943837446619736
RBPJP2	0.30349772356085436
RBPJP5	0.2432349300372609
RBPJP6	-0.04672767458576216
RBPJP7	-0.1514107522648601
RBPMS	-0.34174163848708766
RBPMS-AS1	-0.4165325209772983
RBPMS2	-0.007785311408961272
RBPMSLP	0.11125760384342238
RBX1	-0.12636139987904219
RC3H1	-0.09723203666183568
RC3H1-IT1	0.062363428718521005
RC3H2	-0.2982827853734111
RCAN1	-0.05470778385569668
RCAN2	0.0030438263781817697
RCAN3	-0.42817545706268967
RCBTB1	-0.21787950569200198
RCBTB2	-0.21345485864250333
RCBTB2P1	-0.27389919522749734
RCC1	-0.33069801582867253
RCC2	-0.2814085431753035
RCC2P1	0.00355712662185865
RCC2P2	
RCC2P3	-0.043828765098046236
RCC2P4	-0.05224129013872015
RCC2P5	
RCC2P6	-0.0741345494774683
RCC2P7	-0.032512796777910156
RCC2P8	0.002969614223334033
RCCD1	-0.28593337785949235
RCE1	-0.02917065427977887
RCHY1	0.021512162458443014
RCL1	-0.26869038979165977
RCN1	-0.1043716056415436
RCN1P1	-0.15297092067859713
RCN1P2	0.25102750576875466
RCN2	-0.050076857572137534
RCN3	0.09604113021866836
RCOR1	0.014182325626372587
RCOR2	0.1733588138655213
RCOR3	-0.13736031930401202
RCSD1	-0.4374495939134509
RCVRN	-0.12848201903087442
RD3	0.07794001766729323
RD3L	0.13348971397482176
RDH10	0.16976338660602175
RDH11	-0.08134003640469466
RDH12	0.16299266951478716
RDH13	0.14050548405753904
RDH14	-0.04732616719670706
RDH16	-0.5349520955888387
RDH5	0.1738598058357046
RDH8	0.05910282808721069
RDM1	-0.10971372988168705
RDX	-0.06803722012591006
REC8	-0.393235930939606
RECK	-0.09916186318840743
RECQL	-0.4259562120588068
RECQL4	-0.2352656863519085
RECQL5	-0.33894068859007026
REEP1	0.07301363042986671
REEP2	0.18348301162182082
REEP3	-0.0692168475335107
REEP4	0.1295167218762188
REEP5	0.03164987122640008
REEP6	0.2508051866554034
REG1A	0.23787981968506902
REG1B	0.2003250116361967
REG1P	0.32392783561610794
REG3A	0.0416257327041436
REG3G	-0.0031376054324567418
REG4	0.16101992974998444
REL	-0.4503691513835012
RELA	-0.15183266844644802
RELB	-0.31378880165711814
RELL1	0.1192204559215711
RELL2	-0.24521519411669795
RELN	0.006022001139633818
RELT	-0.41128657443666783
REM1	-0.2867520461601823
REM2	-0.028165385966464996
REN	-0.07200791847634357
RENBP	-0.1899783509578941
REP15	0.4239112062014368
REPIN1	0.1301936361024472
REPS1	0.024526744626019358
REPS2	0.08729367373204117
RER1	0.36857497963403085
RERE	0.07262294479548359
REREP1Y	
REREP2Y	-0.1994405709039652
RERG	-0.2528037637250963
RERG-AS1	0.23484426586438806
RERG-IT1	-0.1478379507756575
RERGL	-0.10780890197050373
RESP18	-0.03043497232810367
REST	-0.30350241334246925
RET	0.08387605044247559
RETN	-0.22848637501681784
RETNLB	-0.06111779450621243
RETSAT	0.21762127478467233
REV1	-0.05194478012690336
REV3L	-0.06026272719852084
REV3L-IT1	0.06632144179868085
REXO1	-0.08743468634943632
REXO1L1	
REXO1L10P	
REXO1L11P	-0.0026366779991051836
REXO1L2P	
REXO1L3P	-0.055336791637305975
REXO1L8P	
REXO1L9P	
REXO2	-0.0585613335129712
REXO4	-0.24305772541329249
RFC1	-0.3760238218737818
RFC2	-0.2894849064105032
RFC3	-0.3486318681281619
RFC3P1	0.08915989837138033
RFC4	-0.2979347058144893
RFC5	-0.23370961383402444
RFESD	-0.319008838210912
RFESDP1	-0.17572034518047916
RFFL	0.004377360551331297
RFK	0.28659376526321456
RFKP1	-0.013254186857150801
RFKP2	
RFNG	0.1263850423239988
RFPL1	0.17942881501206176
RFPL1S	-0.10707805302524098
RFPL2	-0.29389210085747
RFPL3	-0.015553692782891515
RFPL3S	-0.34062477337867214
RFPL4A	-0.005757724408355204
RFPL4AL1	0.13123956503522077
RFPL4AP1	-0.13556364772719426
RFPL4AP3	
RFPL4AP5	
RFPL4AP7	
RFPL4B	-0.11858827581535977
RFT1	-0.2654874057009453
RFTN1	-0.386006217612183
RFTN1P1	-0.21546272593003057
RFTN2	-0.17515267155889083
RFWD2	0.08097620765320053
RFWD2P1	0.11777985909178187
RFWD3	-0.26567434125711303
RFX1	-0.01542763209862854
RFX2	-0.0460626037987287
RFX3	-0.15159419406324276
RFX4	0.1375599028602459
RFX5	-0.42519784544961403
RFX6	0.17708654625699954
RFX7	-0.5395687571633009
RFX8	-0.14804174860077607
RFXANK	-0.19962056129012462
RFXAP	-0.19739025166557356
RGAG1	-0.10316027880344573
RGAG4	-0.03033008399902757
RGCC	-0.4426136478357314
RGL1	-0.2983361591864711
RGL2	-0.2982811027270095
RGL3	-0.13142992105015874
RGL4	-0.39733139607710743
RGMA	0.10113234925662862
RGMB	0.2751239792669063
RGMB-AS1	0.41001006524739453
RGN	0.06288475633233419
RGP1	0.12765062400390847
RGPD1	-0.0608326507534496
RGPD2	-0.1379878117570577
RGPD3	-0.30325226709663883
RGPD4	0.051343452854297415
RGPD5	0.18919243914684175
RGPD6	0.07457436333242305
RGPD8	0.14438638761587352
RGR	0.04080140223595564
RGS1	-0.005808168278028816
RGS10	-0.28208227683961906
RGS11	-0.03244340364173606
RGS12	0.03738806582298811
RGS13	-0.3411703105579418
RGS14	-0.3526439530286402
RGS16	-0.38552873717432334
RGS17	0.21906629344281234
RGS17P1	0.05079664598123154
RGS18	-0.3470226533563768
RGS19	-0.3280876015332979
RGS2	0.1767472287671563
RGS20	0.16179480535001337
RGS21	0.23665250989582337
RGS22	0.05487231113709187
RGS3	0.012099283001091574
RGS4	0.09393863222655571
RGS5	-0.2007398174994075
RGS6	0.04229653084067159
RGS7	-0.08256585759742652
RGS7BP	-0.1282891592191658
RGS8	-0.2585569320875477
RGS9	-0.37776703384115984
RGS9BP	-0.022490953574095297
RGSL1	-0.17139961950288093
RHAG	0.11408594747242742
RHBDD1	-0.3474721270238335
RHBDD2	0.09851975933935755
RHBDD3	0.007160760352107437
RHBDF1	0.21296632933558954
RHBDF1P1	0.029397541908095518
RHBDF2	-0.3534503986142456
RHBDL1	0.15403584719460403
RHBDL2	-0.008473273474672239
RHBDL3	-0.02651728388659338
RHBG	-0.12241796909574088
RHCE	0.08939154916462207
RHCG	-0.23852824038392506
RHD	0.333221381629739
RHEB	0.10967269111002319
RHEBL1	-0.3678968132607092
RHEBP1	-0.21906459220337257
RHEBP2	-0.16892194177237901
RHEBP3	
RHNO1	-0.2718152057958588
RHO	0.12626147668271
RHOA	-0.21385839430366954
RHOA-IT1	-0.1319955108742338
RHOB	-0.12883073096965056
RHOBTB1	0.022278051438106197
RHOBTB2	0.10220614154192069
RHOBTB3	0.12237832375342403
RHOC	0.03342262713487734
RHOD	0.290327099993932
RHOF	-0.1431644690143664
RHOG	-0.17942627621674406
RHOH	-0.4464388203657913
RHOJ	-0.055793626522787444
RHOQ	-0.4225396159865631
RHOQP1	0.20227340752127543
RHOQP2	0.3716884128866942
RHOQP3	0.21254338866779693
RHOT1	0.11550671524561093
RHOT1P1	-0.06315018989672308
RHOT1P2	0.12417559051092529
RHOT1P3	0.03729699133541416
RHOT2	-0.0329797304066328
RHOU	0.20387443155854024
RHOV	-0.043045746924922475
RHOXF1	-0.11793187457084342
RHOXF2	-0.08131020235849494
RHOXF2B	-0.030881000698445304
RHPN1	-0.10934188577675236
RHPN1-AS1	-0.1861234478847858
RHPN2	0.0861268775269624
RIBC1	-0.1738316074321442
RIBC2	-0.10078667099501341
RIC3	-0.4818132030398999
RIC8A	-0.24054303283762465
RIC8B	-0.00399365249236641
RICTOR	-0.39542279659969787
RIF1	-0.1641112878448805
RIIAD1	-0.110092409097076
RILP	0.23580956767467973
RILPL1	-0.09995053082428897
RILPL2	-0.4991314521742943
RIMBP2	0.13392881224189956
RIMBP3	-0.4936111681384182
RIMBP3B	-0.07266638239017477
RIMBP3C	-0.029849003458365882
RIMKLA	0.07569393824690568
RIMKLB	-0.23354941382797212
RIMKLBP1	-0.008933252797101762
RIMKLBP2	0.38088064212036493
RIMS1	-0.03193575728544345
RIMS2	-0.10362827036969392
RIMS3	-0.06409773394305336
RIMS4	0.0482015440111009
RIN1	0.24462423990606946
RIN2	0.15750279334201953
RIN3	-0.038493321972503367
RING1	-0.0983436948074311
RINL	-0.4354570237171506
RINT1	-0.18136336010212467
RIOK1	-0.2686421942440554
RIOK2	0.05547409783198755
RIOK3	0.6003150413639687
RIOK3P1	-0.024328391228803006
RIPK1	0.11347397917454399
RIPK2	-0.3993761239298055
RIPK3	0.1576705223978314
RIPK4	0.31525973789105105
RIPPLY1	-0.16463746722306194
RIPPLY2	-0.05606388357910188
RIPPLY3	0.3035121528931423
RIT1	-0.028546561671865506
RIT2	0.14150071093533248
RLBP1	-0.09454939563229696
RLF	-0.29637214454816024
RLIM	-0.2636545897908219
RLIMP1	0.1419263108941004
RLIMP2	0.1369852477078055
RLN1	-0.44302233544187347
RLN2	-0.32351697188321704
RLN3	-0.26792024649410523
RLTPR	-0.42009494083836774
RMDN1	-0.039589318201949955
RMDN2	0.18523571290615948
RMDN2-AS1	0.2447470605661791
RMDN3	0.1606721297794313
RMI1	-0.05576264513008559
RMI2	-0.3318879265053193
RMND1	0.22336213671577532
RMND5A	0.30839301512370815
RMND5B	-0.11586407952994933
RMRP	-0.04562405888298067
RMRPP5	0.2890234727760916
RMST	0.21056163002370137
RN7SK	-0.051321550732012645
RN7SKP1	
RN7SKP10	
RN7SKP100	-0.0026366779991051836
RN7SKP101	
RN7SKP102	-0.24254149121594412
RN7SKP103	
RN7SKP104	
RN7SKP105	
RN7SKP106	-0.28612073868819454
RN7SKP107	-0.009285939150403533
RN7SKP108	
RN7SKP109	-0.009285939150403533
RN7SKP11	0.16940101971004104
RN7SKP110	0.38088064212036493
RN7SKP111	
RN7SKP112	0.2828395602640671
RN7SKP113	-0.16171891929644236
RN7SKP114	0.1505235931235099
RN7SKP115	-0.16011943671806547
RN7SKP116	0.2616434592164873
RN7SKP117	0.14941865319025666
RN7SKP118	0.07121273916955236
RN7SKP119	0.23183576977520562
RN7SKP12	
RN7SKP120	-0.020783347415587964
RN7SKP121	-0.24254149121594412
RN7SKP122	
RN7SKP123	
RN7SKP124	0.30432227563365466
RN7SKP125	0.2105897689219193
RN7SKP126	
RN7SKP127	0.06347457767110048
RN7SKP128	
RN7SKP129	
RN7SKP13	0.08567999080274662
RN7SKP130	-0.14381448770015273
RN7SKP131	-0.24254149121594412
RN7SKP132	
RN7SKP133	
RN7SKP134	-0.055336791637305975
RN7SKP135	
RN7SKP136	
RN7SKP137	-0.12459910994279336
RN7SKP139	
RN7SKP14	
RN7SKP140	0.1994131539807379
RN7SKP141	0.2590563896740962
RN7SKP142	
RN7SKP143	
RN7SKP144	
RN7SKP145	-0.02584145002919778
RN7SKP146	0.00355712662185865
RN7SKP147	0.14941865319025666
RN7SKP148	
RN7SKP149	
RN7SKP15	0.00355712662185865
RN7SKP150	0.37373862469764485
RN7SKP151	-0.03851764776592539
RN7SKP152	0.14941865319025666
RN7SKP153	0.12130304418054921
RN7SKP154	-0.1437982445846789
RN7SKP155	-0.16171891929644236
RN7SKP156	
RN7SKP157	
RN7SKP158	-0.1514107522648601
RN7SKP159	0.2105897689219193
RN7SKP16	-0.17482154574841163
RN7SKP160	-0.016126423596599174
RN7SKP161	
RN7SKP162	0.2828395602640671
RN7SKP163	0.24586488395862097
RN7SKP164	
RN7SKP165	-0.30254024829405707
RN7SKP166	0.03200989884566626
RN7SKP167	-0.16171891929644236
RN7SKP168	0.2828395602640671
RN7SKP169	-0.04947105959806506
RN7SKP17	0.2828395602640671
RN7SKP170	0.00355712662185865
RN7SKP171	-0.37169066354098723
RN7SKP172	-0.1994405709039652
RN7SKP173	-0.09652690159490498
RN7SKP174	-0.1437982445846789
RN7SKP177	
RN7SKP178	0.2828395602640671
RN7SKP179	
RN7SKP18	
RN7SKP180	-0.08911751857545012
RN7SKP181	
RN7SKP182	-0.055336791637305975
RN7SKP183	
RN7SKP184	0.11125760384342238
RN7SKP185	0.19808939779408236
RN7SKP186	-0.1089222052755103
RN7SKP187	
RN7SKP188	-0.16171891929644236
RN7SKP189	
RN7SKP19	
RN7SKP190	
RN7SKP191	0.04486785106653648
RN7SKP192	0.2828395602640671
RN7SKP193	
RN7SKP194	
RN7SKP195	0.36458786809116855
RN7SKP196	
RN7SKP197	0.3229213167729731
RN7SKP198	0.34495122924828286
RN7SKP199	
RN7SKP2	-0.055336791637305975
RN7SKP20	0.38088064212036493
RN7SKP200	0.2828395602640671
RN7SKP202	
RN7SKP203	0.10294008929419053
RN7SKP204	-0.27181424978219826
RN7SKP205	-0.19290144609542448
RN7SKP206	
RN7SKP207	0.00355712662185865
RN7SKP208	-0.039617212802277826
RN7SKP209	
RN7SKP21	
RN7SKP210	-0.19290144609542448
RN7SKP211	-0.11768495115981893
RN7SKP212	0.2105897689219193
RN7SKP213	-0.1089222052755103
RN7SKP214	-0.04150764165075986
RN7SKP216	-0.0026366779991051836
RN7SKP217	-0.13372765759106772
RN7SKP218	
RN7SKP219	-0.2268092041061504
RN7SKP22	-0.12695083783358244
RN7SKP220	-0.24254149121594412
RN7SKP221	
RN7SKP222	
RN7SKP223	
RN7SKP224	0.11125760384342238
RN7SKP225	0.001984529184620822
RN7SKP226	
RN7SKP227	0.03116032750961128
RN7SKP228	-0.1328510672311842
RN7SKP229	-0.19290144609542448
RN7SKP23	0.29953557623830107
RN7SKP230	-0.13333402421234633
RN7SKP231	-0.19290144609542448
RN7SKP232	0.1082437017939398
RN7SKP233	
RN7SKP234	-0.1514107522648601
RN7SKP235	
RN7SKP237	-0.2762979906897932
RN7SKP238	
RN7SKP239	-0.04905358838970502
RN7SKP24	
RN7SKP240	0.38088064212036493
RN7SKP241	0.14143791526382554
RN7SKP242	
RN7SKP243	
RN7SKP244	-0.1514107522648601
RN7SKP245	0.17147415466688112
RN7SKP246	
RN7SKP247	0.2828395602640671
RN7SKP248	-0.19776189694142013
RN7SKP249	0.043221768601443486
RN7SKP25	0.11273913292433566
RN7SKP250	0.07361669725694027
RN7SKP252	
RN7SKP253	-0.015303323676103299
RN7SKP254	0.00355712662185865
RN7SKP255	-0.013024251752151956
RN7SKP256	0.2828395602640671
RN7SKP257	
RN7SKP258	0.38088064212036493
RN7SKP259	0.14941865319025666
RN7SKP26	0.14079545744650437
RN7SKP260	
RN7SKP261	0.07649953137097834
RN7SKP262	
RN7SKP263	
RN7SKP264	0.00355712662185865
RN7SKP265	
RN7SKP266	
RN7SKP267	-0.055336791637305975
RN7SKP268	-0.21474860077021563
RN7SKP269	0.02848223268922838
RN7SKP27	
RN7SKP270	0.2828395602640671
RN7SKP271	
RN7SKP272	
RN7SKP273	-0.016217779053726157
RN7SKP275	0.039774535118033735
RN7SKP276	0.21817465010464207
RN7SKP277	
RN7SKP278	
RN7SKP279	
RN7SKP28	
RN7SKP280	
RN7SKP281	-0.27389919522749734
RN7SKP282	
RN7SKP283	-0.1514107522648601
RN7SKP284	
RN7SKP285	
RN7SKP286	
RN7SKP287	0.11125760384342238
RN7SKP288	
RN7SKP289	-0.0026366779991051836
RN7SKP29	0.02478749039621423
RN7SKP291	-0.0026366779991051836
RN7SKP292	0.3168956405050334
RN7SKP293	
RN7SKP294	0.23777137393570794
RN7SKP295	
RN7SKP296	-0.08352901219384816
RN7SKP297	-0.010227437396891248
RN7SKP298	
RN7SKP3	0.15829853839920918
RN7SKP30	-0.23737210561997946
RN7SKP31	
RN7SKP32	
RN7SKP33	0.14941865319025666
RN7SKP34	
RN7SKP35	-0.0026366779991051836
RN7SKP36	-0.03733207704328312
RN7SKP37	-0.055336791637305975
RN7SKP38	-0.15552093078110515
RN7SKP39	0.15734194318039332
RN7SKP40	
RN7SKP42	
RN7SKP43	
RN7SKP44	0.2202693011087299
RN7SKP45	
RN7SKP46	
RN7SKP47	
RN7SKP48	0.020585031297924092
RN7SKP49	
RN7SKP5	-0.1190190024321731
RN7SKP50	-0.3071818604336954
RN7SKP51	0.2828395602640671
RN7SKP52	
RN7SKP53	-0.0026366779991051836
RN7SKP54	
RN7SKP55	-0.055336791637305975
RN7SKP56	-0.055336791637305975
RN7SKP57	-0.055336791637305975
RN7SKP58	
RN7SKP59	
RN7SKP6	0.14941865319025666
RN7SKP60	-0.1514107522648601
RN7SKP61	
RN7SKP62	
RN7SKP63	0.14941865319025666
RN7SKP64	-0.19290144609542448
RN7SKP65	
RN7SKP66	-0.11458703234659626
RN7SKP67	0.2828395602640671
RN7SKP68	-0.0026366779991051836
RN7SKP69	
RN7SKP7	0.2202693011087299
RN7SKP70	-0.35812976928153517
RN7SKP71	-0.013833971399857556
RN7SKP72	
RN7SKP73	-0.2762979906897932
RN7SKP74	0.00355712662185865
RN7SKP75	-0.055336791637305975
RN7SKP76	0.08310664477739167
RN7SKP77	-0.04309222356645734
RN7SKP78	-0.1829745963970627
RN7SKP79	0.026632307277355348
RN7SKP8	0.38088064212036493
RN7SKP80	-0.1182675586154422
RN7SKP81	-0.21969257751439744
RN7SKP82	0.2105897689219193
RN7SKP83	-0.24254149121594412
RN7SKP85	0.24390088914936597
RN7SKP86	-0.055336791637305975
RN7SKP87	0.3605339898435149
RN7SKP88	-0.25436208853717623
RN7SKP89	
RN7SKP9	-0.03509743948907728
RN7SKP90	0.1891825800922503
RN7SKP91	-0.1113329405111237
RN7SKP92	-0.2762979906897932
RN7SKP93	0.16146486401346957
RN7SKP94	-0.24254149121594412
RN7SKP95	-0.04947105959806506
RN7SKP96	
RN7SKP97	-0.17341667433167984
RN7SKP98	-0.1994405709039652
RN7SKP99	
RN7SL1	-0.0866043107687221
RN7SL100P	0.2532261772595809
RN7SL101P	
RN7SL104P	-0.055336791637305975
RN7SL105P	0.0798387716706316
RN7SL106P	
RN7SL107P	0.020585031297924092
RN7SL108P	-0.24254149121594412
RN7SL110P	
RN7SL111P	0.06101346152672073
RN7SL113P	-0.09447731032169758
RN7SL116P	0.18730415714881815
RN7SL117P	
RN7SL118P	-0.011103970142797346
RN7SL11P	0.1935697539052563
RN7SL120P	
RN7SL121P	0.2828395602640671
RN7SL122P	0.21495256873815466
RN7SL123P	
RN7SL124P	
RN7SL125P	0.037198554155140985
RN7SL126P	-0.19290144609542448
RN7SL127P	0.011230243440355985
RN7SL128P	-0.22232320089117233
RN7SL12P	0.2828395602640671
RN7SL130P	0.15874785380572545
RN7SL131P	
RN7SL132P	
RN7SL134P	0.1932565467596142
RN7SL135P	-0.16171891929644236
RN7SL138P	-0.06595338285365014
RN7SL140P	
RN7SL141P	-0.3320937398703035
RN7SL143P	0.024004395739048418
RN7SL144P	0.0689492862724679
RN7SL145P	-0.1696136113500521
RN7SL146P	-0.27481399380806004
RN7SL147P	-0.15715229368190586
RN7SL148P	
RN7SL149P	
RN7SL14P	0.1025457277343833
RN7SL150P	-0.13109129999056426
RN7SL151P	-0.13363085923100798
RN7SL152P	-0.2273688780149567
RN7SL153P	-0.14726527089590594
RN7SL154P	0.01013712071446946
RN7SL155P	
RN7SL156P	
RN7SL159P	
RN7SL15P	
RN7SL160P	0.0212219096357886
RN7SL162P	
RN7SL163P	
RN7SL164P	
RN7SL165P	-0.11439172261181034
RN7SL166P	-0.09149938365438996
RN7SL167P	-0.4081173892316627
RN7SL168P	
RN7SL169P	
RN7SL16P	-0.08859922701439908
RN7SL170P	0.11125760384342238
RN7SL172P	-0.22444067316515567
RN7SL173P	-0.16011938646504312
RN7SL174P	
RN7SL176P	
RN7SL177P	-0.11858827581535977
RN7SL178P	-0.06755248655199865
RN7SL180P	0.07891498738293262
RN7SL181P	0.05584011440191248
RN7SL182P	0.04114973075420303
RN7SL183P	-0.055336791637305975
RN7SL184P	-0.1514107522648601
RN7SL185P	
RN7SL186P	0.48079397285398584
RN7SL187P	
RN7SL188P	0.1935697539052563
RN7SL189P	0.11125760384342238
RN7SL18P	0.10279105977507046
RN7SL190P	
RN7SL191P	
RN7SL192P	-0.10250685165545385
RN7SL193P	
RN7SL196P	0.02478749039621423
RN7SL197P	-0.1632197532649168
RN7SL198P	
RN7SL199P	
RN7SL19P	0.024223490383218586
RN7SL2	-0.09622512373937663
RN7SL200P	-0.37169066354098723
RN7SL201P	-0.04947105959806506
RN7SL202P	0.14491987588163507
RN7SL204P	-0.1439918292211775
RN7SL205P	0.14941865319025666
RN7SL208P	-0.1994405709039652
RN7SL209P	
RN7SL20P	0.14941865319025666
RN7SL210P	
RN7SL211P	-0.048173072395341576
RN7SL213P	0.08416735451988476
RN7SL214P	0.11125760384342238
RN7SL215P	-0.020783347415587964
RN7SL216P	
RN7SL217P	0.11125760384342238
RN7SL218P	-0.04947105959806506
RN7SL219P	-0.035985197418847335
RN7SL220P	-0.061741662469924186
RN7SL221P	
RN7SL222P	0.48283602050595986
RN7SL223P	
RN7SL225P	
RN7SL228P	
RN7SL229P	
RN7SL22P	
RN7SL230P	0.19014099121972994
RN7SL231P	-0.007307055534798865
RN7SL233P	-0.049750563186162534
RN7SL234P	0.14702780883091932
RN7SL236P	-0.037146520768616895
RN7SL237P	
RN7SL238P	-0.1994405709039652
RN7SL239P	-0.14396760348999568
RN7SL23P	0.003106785959101047
RN7SL240P	
RN7SL241P	
RN7SL242P	0.38088064212036493
RN7SL244P	
RN7SL246P	-0.02807307777265882
RN7SL248P	-0.1994405709039652
RN7SL250P	
RN7SL251P	0.09097536592319669
RN7SL252P	0.00355712662185865
RN7SL253P	-0.13937733607972505
RN7SL254P	0.38088064212036493
RN7SL255P	-0.055336791637305975
RN7SL258P	-0.2146815477680775
RN7SL259P	-0.020783347415587964
RN7SL25P	
RN7SL261P	-0.028324730029229788
RN7SL262P	0.11125760384342238
RN7SL263P	-0.054302668271667506
RN7SL265P	0.15859618488227933
RN7SL266P	
RN7SL267P	0.00355712662185865
RN7SL268P	-0.036218417506281894
RN7SL269P	0.00355712662185865
RN7SL26P	0.2828395602640671
RN7SL270P	0.2105897689219193
RN7SL271P	0.1377993448665681
RN7SL272P	-0.020134573650369983
RN7SL273P	0.02478749039621423
RN7SL274P	
RN7SL275P	
RN7SL277P	-0.1514107522648601
RN7SL278P	0.029918888817658546
RN7SL279P	
RN7SL280P	0.14321677589025392
RN7SL282P	
RN7SL283P	
RN7SL284P	-3.5620617500073814e-05
RN7SL285P	
RN7SL286P	0.00355712662185865
RN7SL288P	-0.1514107522648601
RN7SL28P	
RN7SL290P	0.38088064212036493
RN7SL291P	
RN7SL292P	0.07627663103744552
RN7SL293P	
RN7SL294P	0.2447470605661791
RN7SL296P	-0.06334636350305196
RN7SL297P	-0.1514107522648601
RN7SL299P	0.00355712662185865
RN7SL3	0.0005447429823527602
RN7SL300P	-0.00102561676660906
RN7SL301P	0.3818257497449212
RN7SL302P	0.14941865319025666
RN7SL303P	-0.07723506890078953
RN7SL304P	
RN7SL305P	0.1935697539052563
RN7SL306P	0.2828395602640671
RN7SL307P	-0.07821290373955352
RN7SL308P	
RN7SL309P	0.14941865319025666
RN7SL30P	-0.3105226219311109
RN7SL310P	
RN7SL311P	-0.055336791637305975
RN7SL313P	0.25811865188236993
RN7SL314P	-0.16171891929644236
RN7SL316P	0.062120044661057645
RN7SL317P	
RN7SL318P	0.09097536592319669
RN7SL319P	-0.1514107522648601
RN7SL320P	-0.06729138897447073
RN7SL321P	-0.19290144609542448
RN7SL322P	
RN7SL323P	0.1935697539052563
RN7SL325P	
RN7SL326P	-0.0464573684073638
RN7SL327P	
RN7SL328P	0.05505067767319261
RN7SL329P	0.13353666753162496
RN7SL32P	-0.15318648763971038
RN7SL330P	
RN7SL331P	
RN7SL332P	
RN7SL333P	-0.15656130726801334
RN7SL334P	0.02369302915589716
RN7SL335P	
RN7SL336P	-0.0681811019237741
RN7SL337P	-0.2928482956945002
RN7SL338P	
RN7SL339P	
RN7SL33P	-0.19290144609542448
RN7SL340P	
RN7SL341P	
RN7SL342P	-0.09818644981234716
RN7SL343P	
RN7SL344P	0.10534295844378815
RN7SL346P	0.14636216731062113
RN7SL34P	-0.21363847320382118
RN7SL350P	
RN7SL351P	0.008131769366938352
RN7SL352P	
RN7SL353P	-0.2762979906897932
RN7SL354P	0.2105897689219193
RN7SL356P	0.05392166127306306
RN7SL357P	
RN7SL359P	0.1935697539052563
RN7SL35P	-0.04947105959806506
RN7SL361P	
RN7SL362P	0.00355712662185865
RN7SL363P	
RN7SL364P	-0.25277882844403055
RN7SL366P	0.00355712662185865
RN7SL368P	-0.04618084199198704
RN7SL369P	
RN7SL36P	0.2828395602640671
RN7SL370P	-0.1994405709039652
RN7SL371P	-0.1514107522648601
RN7SL372P	
RN7SL375P	
RN7SL376P	
RN7SL377P	0.026268507340422274
RN7SL378P	0.19004569957396247
RN7SL379P	
RN7SL37P	-0.0013000728215421915
RN7SL380P	0.0009793081774536036
RN7SL381P	-0.14055682304362466
RN7SL382P	
RN7SL383P	-0.0026366779991051836
RN7SL384P	-0.23644038556093241
RN7SL385P	-0.38278481903031863
RN7SL386P	-0.055699319305892954
RN7SL387P	
RN7SL388P	-0.017728338397040907
RN7SL38P	0.14832854737357415
RN7SL390P	-0.2762979906897932
RN7SL391P	
RN7SL392P	0.2828395602640671
RN7SL393P	-0.19479176601416467
RN7SL394P	0.00355712662185865
RN7SL395P	
RN7SL396P	-0.14092346474694786
RN7SL397P	0.00355712662185865
RN7SL398P	0.004287828129584668
RN7SL399P	-0.31590325778191364
RN7SL39P	
RN7SL400P	
RN7SL401P	
RN7SL402P	
RN7SL403P	0.12542395998602407
RN7SL404P	
RN7SL405P	
RN7SL408P	0.18129008503904132
RN7SL40P	-0.06867894785898486
RN7SL411P	-0.19290144609542448
RN7SL413P	-0.1514107522648601
RN7SL414P	-0.19290144609542448
RN7SL415P	-0.19290144609542448
RN7SL416P	-0.36143655341663505
RN7SL417P	0.00355712662185865
RN7SL418P	0.38088064212036493
RN7SL419P	0.38088064212036493
RN7SL41P	0.22413863037782905
RN7SL420P	-0.011909234326481357
RN7SL422P	
RN7SL423P	
RN7SL424P	
RN7SL425P	0.21735270925184255
RN7SL426P	
RN7SL428P	
RN7SL429P	-0.1162622097620077
RN7SL42P	0.07268814537471642
RN7SL430P	-0.13110299879747536
RN7SL431P	-0.234121953271159
RN7SL432P	0.11125760384342238
RN7SL434P	-0.15860628482834002
RN7SL435P	0.2105897689219193
RN7SL438P	0.022983701688940716
RN7SL43P	-0.11486497322522428
RN7SL440P	0.36758315850229706
RN7SL441P	0.09727620038135085
RN7SL442P	0.2828395602640671
RN7SL443P	-0.2762979906897932
RN7SL444P	-0.21812313403775554
RN7SL445P	
RN7SL446P	0.12204791617190934
RN7SL447P	-0.3192442393942737
RN7SL448P	-0.006575400332827007
RN7SL449P	0.0542154299248143
RN7SL44P	-0.16171891929644236
RN7SL451P	-0.24254149121594412
RN7SL452P	0.2332669401700622
RN7SL453P	
RN7SL454P	
RN7SL455P	
RN7SL456P	
RN7SL457P	0.11125760384342238
RN7SL459P	0.11125760384342238
RN7SL45P	0.03530287237331619
RN7SL460P	
RN7SL461P	
RN7SL462P	
RN7SL464P	-0.1514107522648601
RN7SL465P	0.00355712662185865
RN7SL466P	
RN7SL468P	-0.036218417506281894
RN7SL469P	
RN7SL470P	
RN7SL471P	-0.02039221780617139
RN7SL472P	-0.07112111698272872
RN7SL473P	-0.3439649225252595
RN7SL474P	
RN7SL475P	-0.1994405709039652
RN7SL477P	0.2828395602640671
RN7SL478P	-0.19290144609542448
RN7SL479P	-0.0026366779991051836
RN7SL47P	-0.06322091864748731
RN7SL480P	0.03838595109024986
RN7SL481P	-0.025255548914178996
RN7SL482P	0.18699985796508714
RN7SL483P	-0.3334854431949589
RN7SL484P	0.20721907321686847
RN7SL487P	-0.020783347415587964
RN7SL488P	-0.055336791637305975
RN7SL489P	0.11125760384342238
RN7SL48P	
RN7SL491P	-0.016771768153044445
RN7SL492P	0.2828395602640671
RN7SL493P	0.15348324506872738
RN7SL494P	-0.04280249142419894
RN7SL495P	
RN7SL496P	-0.055336791637305975
RN7SL497P	-0.2762979906897932
RN7SL498P	
RN7SL499P	-0.020783347415587964
RN7SL49P	-0.13998313862902528
RN7SL4P	-0.07400528453561506
RN7SL500P	-0.20740418748403186
RN7SL502P	
RN7SL503P	-0.020783347415587964
RN7SL504P	0.09845504119810082
RN7SL505P	-0.08734394277163322
RN7SL507P	-0.11540968103867622
RN7SL508P	-0.19290144609542448
RN7SL509P	-0.24799007655264946
RN7SL50P	-0.24254149121594412
RN7SL510P	0.017019217394832545
RN7SL513P	0.4456173589490553
RN7SL515P	0.08392095049566564
RN7SL516P	-0.11373340143808489
RN7SL517P	-0.1514107522648601
RN7SL518P	
RN7SL519P	
RN7SL51P	
RN7SL520P	0.1935697539052563
RN7SL521P	-0.14236710240608333
RN7SL523P	0.09076997229817951
RN7SL524P	0.0917197210455248
RN7SL525P	0.08172785350830879
RN7SL526P	-0.2163987166469338
RN7SL527P	
RN7SL52P	0.2105897689219193
RN7SL530P	-0.11486497322522428
RN7SL531P	
RN7SL535P	-0.3607343112164443
RN7SL536P	
RN7SL538P	
RN7SL539P	
RN7SL541P	-0.11525895394083228
RN7SL542P	
RN7SL543P	
RN7SL544P	
RN7SL545P	
RN7SL546P	0.11013399748469795
RN7SL547P	
RN7SL549P	0.2105897689219193
RN7SL551P	0.08091145374244336
RN7SL552P	
RN7SL553P	
RN7SL554P	
RN7SL555P	0.022139975546558274
RN7SL556P	-0.036218417506281894
RN7SL557P	
RN7SL558P	-0.22520996515831507
RN7SL559P	-0.031070438750877633
RN7SL55P	0.07268814537471642
RN7SL560P	
RN7SL561P	0.09097536592319669
RN7SL563P	0.12105140214271995
RN7SL564P	-0.23250452375639868
RN7SL565P	0.11125760384342238
RN7SL566P	-0.32550916613261893
RN7SL567P	-0.1994405709039652
RN7SL568P	
RN7SL569P	-0.10982445231774916
RN7SL570P	
RN7SL571P	
RN7SL573P	0.1560557696358056
RN7SL574P	-0.17679657009550093
RN7SL575P	0.008553759977033271
RN7SL577P	-0.0026366779991051836
RN7SL578P	
RN7SL57P	-0.1911281214179999
RN7SL580P	-0.026431485196833804
RN7SL581P	0.08521493064550162
RN7SL582P	
RN7SL583P	
RN7SL584P	
RN7SL585P	-0.1514107522648601
RN7SL586P	
RN7SL587P	0.03726923974353734
RN7SL589P	-0.15247429814988872
RN7SL58P	-0.37169066354098723
RN7SL591P	0.38088064212036493
RN7SL592P	
RN7SL594P	-0.055336791637305975
RN7SL596P	0.14941865319025666
RN7SL597P	0.1004273162335166
RN7SL598P	
RN7SL5P	-0.02602487578855706
RN7SL600P	-0.2104599658256872
RN7SL601P	0.00355712662185865
RN7SL602P	-0.1514107522648601
RN7SL604P	
RN7SL605P	-0.1384054102978915
RN7SL606P	
RN7SL607P	0.2914465004891627
RN7SL608P	-0.18541036959984605
RN7SL60P	-0.1994405709039652
RN7SL610P	
RN7SL612P	-0.2273688780149567
RN7SL614P	-0.1276762395165899
RN7SL615P	0.13602477452353048
RN7SL616P	-0.1514107522648601
RN7SL617P	-0.0026366779991051836
RN7SL618P	
RN7SL619P	-0.153693329584113
RN7SL620P	-0.1911281214179999
RN7SL621P	0.38088064212036493
RN7SL622P	0.11125760384342238
RN7SL623P	
RN7SL624P	0.2105897689219193
RN7SL625P	-0.16171891929644236
RN7SL627P	-0.0026366779991051836
RN7SL628P	
RN7SL629P	-0.3271113433327937
RN7SL62P	-0.04947105959806506
RN7SL630P	0.07905859143017897
RN7SL632P	-0.1994405709039652
RN7SL633P	
RN7SL634P	0.2828395602640671
RN7SL635P	
RN7SL636P	0.11125760384342238
RN7SL638P	-0.24254149121594412
RN7SL63P	-0.16171891929644236
RN7SL640P	
RN7SL643P	
RN7SL644P	-0.0333436017747519
RN7SL645P	
RN7SL646P	
RN7SL647P	
RN7SL648P	0.02275867217620306
RN7SL649P	
RN7SL650P	0.015176272728954608
RN7SL652P	-0.13219766470626867
RN7SL653P	-0.2762979906897932
RN7SL654P	
RN7SL655P	
RN7SL656P	
RN7SL657P	
RN7SL658P	0.48283602050595986
RN7SL659P	-0.029106027892612414
RN7SL65P	-0.24254149121594412
RN7SL660P	0.04486785106653648
RN7SL663P	-0.24889155076061587
RN7SL664P	-0.1076086369030811
RN7SL665P	-0.16581174398935197
RN7SL666P	
RN7SL667P	
RN7SL668P	0.022208033001772223
RN7SL66P	0.13797305571816307
RN7SL670P	-0.2825909989537978
RN7SL671P	0.05819187180167929
RN7SL672P	-0.12147800893466054
RN7SL673P	
RN7SL674P	-0.267126994402379
RN7SL675P	-0.0026366779991051836
RN7SL676P	-0.2268092041061504
RN7SL677P	0.00355712662185865
RN7SL678P	
RN7SL679P	-0.2268092041061504
RN7SL67P	0.1696342658854934
RN7SL680P	
RN7SL681P	-0.022108853436447657
RN7SL683P	0.23204567716979352
RN7SL684P	
RN7SL685P	-0.020783347415587964
RN7SL687P	0.02369302915589716
RN7SL688P	-0.24520107842166888
RN7SL689P	0.12463646390097527
RN7SL68P	0.130551230876544
RN7SL690P	
RN7SL691P	0.14941865319025666
RN7SL692P	-0.27389919522749734
RN7SL693P	
RN7SL694P	0.11125760384342238
RN7SL697P	-0.19290144609542448
RN7SL698P	0.020381267366335144
RN7SL69P	-0.0026366779991051836
RN7SL700P	-0.048993352761335575
RN7SL702P	0.18324822522018794
RN7SL703P	0.11125760384342238
RN7SL704P	
RN7SL705P	
RN7SL706P	0.1052076599844022
RN7SL708P	
RN7SL709P	-0.051625286717152746
RN7SL70P	
RN7SL711P	0.07996998874690488
RN7SL712P	
RN7SL713P	
RN7SL714P	0.004287828129584668
RN7SL716P	0.11125760384342238
RN7SL717P	-0.1113329405111237
RN7SL718P	
RN7SL719P	
RN7SL720P	-0.04746599305527274
RN7SL722P	
RN7SL724P	-0.16011943671806547
RN7SL727P	-0.0026366779991051836
RN7SL728P	-0.0744672551990271
RN7SL72P	
RN7SL731P	
RN7SL732P	-0.009878406937468548
RN7SL733P	
RN7SL734P	
RN7SL735P	-0.036218417506281894
RN7SL736P	0.2860838765962896
RN7SL737P	0.09486112761343696
RN7SL738P	
RN7SL73P	
RN7SL740P	0.10635330897802651
RN7SL741P	0.11125760384342238
RN7SL743P	-0.13042474335681362
RN7SL744P	0.21478349783642695
RN7SL745P	-0.2880587929850509
RN7SL748P	0.11125760384342238
RN7SL749P	0.06412818959571424
RN7SL74P	
RN7SL750P	-0.16171891929644236
RN7SL751P	-0.3448332605945426
RN7SL752P	-0.1886829765743241
RN7SL753P	-0.23511884525596935
RN7SL754P	0.00355712662185865
RN7SL756P	
RN7SL757P	
RN7SL759P	0.1628391768482516
RN7SL75P	-0.19255506293827246
RN7SL761P	
RN7SL762P	
RN7SL763P	
RN7SL764P	-0.0416581727733002
RN7SL766P	0.08392095049566564
RN7SL767P	0.03319878387741333
RN7SL769P	-0.1564662204005681
RN7SL76P	0.04441382659408372
RN7SL771P	-0.024835392366598392
RN7SL774P	-0.11032061050302117
RN7SL775P	0.018316773640920634
RN7SL776P	0.00355712662185865
RN7SL77P	-0.055336791637305975
RN7SL782P	
RN7SL783P	0.09097536592319669
RN7SL784P	
RN7SL785P	
RN7SL786P	-0.07640552917323795
RN7SL787P	
RN7SL788P	
RN7SL789P	0.12269572133124246
RN7SL78P	0.1060876299416191
RN7SL790P	-0.055336791637305975
RN7SL791P	
RN7SL792P	-0.19290144609542448
RN7SL793P	0.00355712662185865
RN7SL794P	-0.15715229368190586
RN7SL795P	
RN7SL796P	
RN7SL797P	-0.1514107522648601
RN7SL798P	-0.055336791637305975
RN7SL799P	0.21015516089352385
RN7SL79P	
RN7SL7P	-0.06517469622366892
RN7SL800P	0.12307808696207656
RN7SL801P	
RN7SL802P	0.1935697539052563
RN7SL804P	
RN7SL806P	
RN7SL807P	-0.19290144609542448
RN7SL808P	0.1628391768482516
RN7SL809P	-0.33639285612313446
RN7SL810P	
RN7SL811P	-0.055336791637305975
RN7SL812P	0.052690178663079255
RN7SL813P	
RN7SL814P	-0.03817621567932354
RN7SL815P	
RN7SL817P	
RN7SL818P	
RN7SL819P	
RN7SL81P	-0.002508372211796382
RN7SL820P	-0.27155741285244317
RN7SL822P	-0.09364959597824767
RN7SL823P	
RN7SL824P	0.08392095049566564
RN7SL825P	0.10871851279865584
RN7SL826P	
RN7SL82P	
RN7SL831P	0.2828395602640671
RN7SL832P	-0.23515953790560565
RN7SL833P	-0.22738144225897153
RN7SL834P	-0.30582785766552495
RN7SL835P	-0.1514107522648601
RN7SL836P	-0.1911281214179999
RN7SL837P	
RN7SL838P	-0.08831052262956984
RN7SL83P	-0.1514107522648601
RN7SL841P	0.22413863037782905
RN7SL842P	-0.3488558741907706
RN7SL843P	0.4027325024828696
RN7SL845P	
RN7SL846P	0.38088064212036493
RN7SL847P	-0.026294062624664754
RN7SL849P	
RN7SL850P	-0.11507208182374382
RN7SL851P	-0.07846261926610577
RN7SL853P	
RN7SL854P	0.2828395602640671
RN7SL856P	0.19376103460185692
RN7SL860P	
RN7SL861P	0.23433274505923438
RN7SL862P	-0.15715229368190586
RN7SL863P	
RN7SL864P	-0.15141075226486012
RN7SL865P	
RN7SL868P	
RN7SL869P	
RN7SL870P	
RN7SL87P	
RN7SL88P	-0.055336791637305975
RN7SL89P	0.11125760384342238
RN7SL8P	0.38088064212036493
RN7SL91P	0.1935697539052563
RN7SL92P	
RN7SL93P	-0.3136041612932089
RN7SL96P	
RN7SL97P	0.0816632954038007
RN7SL98P	0.38088064212036493
RNA5-8SP2	-0.02055808785064038
RNA5-8SP3	0.11125760384342238
RNA5-8SP4	
RNA5-8SP5	
RNA5-8SP6	0.05470138187439189
RNA5-8SP7	
RNA5S1	
RNA5S10	
RNA5S11	
RNA5S12	
RNA5S13	
RNA5S14	
RNA5S15	
RNA5S16	
RNA5S17	
RNA5S2	
RNA5S3	
RNA5S4	
RNA5S5	
RNA5S6	
RNA5S7	
RNA5S8	
RNA5S9	0.17792513960510578
RNA5SP100	
RNA5SP101	
RNA5SP102	
RNA5SP103	
RNA5SP104	-0.055576888363245286
RNA5SP105	
RNA5SP106	
RNA5SP107	0.00355712662185865
RNA5SP109	-0.2762979906897932
RNA5SP110	
RNA5SP111	-0.05545204403348306
RNA5SP112	
RNA5SP113	-0.055336791637305975
RNA5SP114	
RNA5SP115	
RNA5SP116	
RNA5SP117	
RNA5SP118	
RNA5SP119	
RNA5SP120	-0.1994405709039652
RNA5SP121	
RNA5SP122	-0.1135145642753127
RNA5SP123	0.14941865319025666
RNA5SP124	
RNA5SP125	
RNA5SP126	
RNA5SP127	
RNA5SP128	0.19317676838108147
RNA5SP129	-0.15641585923435986
RNA5SP130	0.2105897689219193
RNA5SP131	
RNA5SP132	
RNA5SP133	
RNA5SP134	
RNA5SP135	
RNA5SP136	-0.055336791637305975
RNA5SP137	0.2105897689219193
RNA5SP138	
RNA5SP139	-0.016977362537580237
RNA5SP140	-0.19290144609542448
RNA5SP141	-0.002636677999105187
RNA5SP142	
RNA5SP143	-0.1994405709039652
RNA5SP144	
RNA5SP145	
RNA5SP146	
RNA5SP147	
RNA5SP148	
RNA5SP149	0.127938253181185
RNA5SP150	-0.06576451351795241
RNA5SP151	
RNA5SP152	
RNA5SP153	0.00355712662185865
RNA5SP154	0.14237318872485108
RNA5SP155	0.1576361883195194
RNA5SP156	
RNA5SP157	-0.1514107522648601
RNA5SP158	
RNA5SP159	
RNA5SP160	
RNA5SP161	-0.14483658887592482
RNA5SP162	-0.34820428314246005
RNA5SP163	
RNA5SP164	0.11125760384342238
RNA5SP165	
RNA5SP166	-0.11007263896203892
RNA5SP167	
RNA5SP168	-0.1514107522648601
RNA5SP169	
RNA5SP170	
RNA5SP171	
RNA5SP172	
RNA5SP173	
RNA5SP174	0.38088064212036493
RNA5SP175	
RNA5SP176	-0.1514107522648601
RNA5SP177	-0.055336791637305975
RNA5SP178	
RNA5SP179	
RNA5SP18	-0.1514107522648601
RNA5SP180	-0.2762979906897932
RNA5SP181	
RNA5SP182	
RNA5SP183	
RNA5SP184	
RNA5SP185	
RNA5SP186	
RNA5SP187	
RNA5SP188	
RNA5SP189	0.00355712662185865
RNA5SP19	0.04114539199355174
RNA5SP190	
RNA5SP191	-0.19290144609542448
RNA5SP192	
RNA5SP193	
RNA5SP194	0.2303173479527262
RNA5SP195	-0.038024533576594605
RNA5SP196	-0.07235233467396984
RNA5SP197	
RNA5SP198	
RNA5SP199	-0.0026366779991051836
RNA5SP20	
RNA5SP200	
RNA5SP201	0.38088064212036493
RNA5SP202	-0.1084432244034791
RNA5SP203	-0.04947105959806506
RNA5SP204	
RNA5SP205	
RNA5SP206	
RNA5SP207	-0.2273688780149567
RNA5SP208	
RNA5SP209	
RNA5SP21	-0.16171891929644236
RNA5SP210	-0.2762979906897932
RNA5SP211	
RNA5SP212	0.14941865319025666
RNA5SP213	
RNA5SP214	
RNA5SP215	
RNA5SP216	0.06302670524640971
RNA5SP217	-0.20287871861971166
RNA5SP218	
RNA5SP219	0.38088064212036493
RNA5SP22	
RNA5SP220	0.2105897689219193
RNA5SP221	0.00355712662185865
RNA5SP222	
RNA5SP223	
RNA5SP224	
RNA5SP225	-0.19290144609542448
RNA5SP226	
RNA5SP227	
RNA5SP228	
RNA5SP229	0.0035571266218586595
RNA5SP23	
RNA5SP230	
RNA5SP231	
RNA5SP232	
RNA5SP233	
RNA5SP234	
RNA5SP235	0.14663268552303854
RNA5SP236	0.00355712662185865
RNA5SP237	
RNA5SP238	-0.020783347415587964
RNA5SP239	
RNA5SP24	
RNA5SP240	
RNA5SP241	
RNA5SP242	-0.25187613731449726
RNA5SP243	-0.055336791637305975
RNA5SP244	
RNA5SP245	
RNA5SP246	-0.3367869131362986
RNA5SP247	
RNA5SP248	-0.08085401543163215
RNA5SP249	
RNA5SP25	0.12395061601577949
RNA5SP250	-0.04947105959806506
RNA5SP251	
RNA5SP252	
RNA5SP253	
RNA5SP254	
RNA5SP255	-0.24254149121594412
RNA5SP256	
RNA5SP258	
RNA5SP259	0.2828395602640671
RNA5SP26	
RNA5SP260	-0.2348973756389375
RNA5SP261	-0.055336791637305975
RNA5SP262	
RNA5SP263	0.38088064212036493
RNA5SP264	
RNA5SP265	-0.04947105959806506
RNA5SP266	
RNA5SP267	-0.13110299879747536
RNA5SP268	0.08055367122230832
RNA5SP269	
RNA5SP27	
RNA5SP270	
RNA5SP271	0.1935697539052563
RNA5SP272	
RNA5SP273	
RNA5SP274	
RNA5SP275	
RNA5SP276	
RNA5SP277	
RNA5SP278	-0.020783347415587964
RNA5SP279	-0.19290144609542448
RNA5SP28	
RNA5SP280	
RNA5SP281	
RNA5SP282	
RNA5SP283	-0.36302467966948715
RNA5SP284	-0.16561428139819084
RNA5SP285	
RNA5SP286	
RNA5SP287	
RNA5SP288	-0.1514107522648601
RNA5SP289	0.04566730190735235
RNA5SP29	0.1935697539052563
RNA5SP290	
RNA5SP291	
RNA5SP292	
RNA5SP293	
RNA5SP294	0.14941865319025666
RNA5SP295	
RNA5SP296	0.16343447884487017
RNA5SP297	
RNA5SP298	-0.09181875337719712
RNA5SP299	
RNA5SP30	
RNA5SP300	-0.1514107522648601
RNA5SP301	0.32948066587781166
RNA5SP302	0.11125760384342238
RNA5SP303	
RNA5SP304	
RNA5SP305	
RNA5SP306	
RNA5SP307	-0.10144145004766561
RNA5SP308	
RNA5SP309	
RNA5SP31	
RNA5SP310	
RNA5SP311	
RNA5SP312	
RNA5SP313	0.00355712662185865
RNA5SP314	
RNA5SP315	
RNA5SP316	
RNA5SP317	
RNA5SP318	
RNA5SP319	
RNA5SP320	
RNA5SP321	
RNA5SP322	
RNA5SP323	
RNA5SP324	0.08285128895248016
RNA5SP325	-0.0026366779991051836
RNA5SP326	
RNA5SP327	
RNA5SP328	
RNA5SP329	
RNA5SP33	-0.23191206983733145
RNA5SP330	
RNA5SP331	
RNA5SP332	
RNA5SP333	
RNA5SP334	
RNA5SP335	0.38088064212036493
RNA5SP336	-0.19290144609542448
RNA5SP337	
RNA5SP338	
RNA5SP339	
RNA5SP34	
RNA5SP340	-0.19290144609542448
RNA5SP341	
RNA5SP342	-0.19290144609542448
RNA5SP343	0.1935697539052563
RNA5SP344	
RNA5SP345	-0.15944718763114016
RNA5SP346	
RNA5SP347	
RNA5SP348	
RNA5SP349	
RNA5SP35	
RNA5SP350	
RNA5SP351	
RNA5SP352	0.08197069830398032
RNA5SP353	0.1935697539052563
RNA5SP354	-0.05946279804288691
RNA5SP355	0.0009793081774536036
RNA5SP356	0.2828395602640671
RNA5SP358	
RNA5SP359	
RNA5SP36	
RNA5SP360	-0.1994405709039652
RNA5SP361	
RNA5SP362	
RNA5SP363	
RNA5SP364	
RNA5SP365	0.08324508844242347
RNA5SP366	
RNA5SP367	0.11125760384342238
RNA5SP368	-0.3907747463527505
RNA5SP369	
RNA5SP37	
RNA5SP370	-0.09804375405514643
RNA5SP371	
RNA5SP372	-0.05252247649075299
RNA5SP373	
RNA5SP374	-0.16171891929644236
RNA5SP375	
RNA5SP376	
RNA5SP377	0.029918888817658546
RNA5SP378	
RNA5SP379	0.38088064212036493
RNA5SP38	-0.19290144609542448
RNA5SP380	
RNA5SP382	-0.048072518332319895
RNA5SP383	-0.07543789244480993
RNA5SP384	
RNA5SP385	-0.1994405709039652
RNA5SP387	0.2828395602640671
RNA5SP388	
RNA5SP389	-0.12549415700762656
RNA5SP39	
RNA5SP390	0.2105897689219193
RNA5SP391	
RNA5SP392	
RNA5SP393	
RNA5SP394	-0.24254149121594412
RNA5SP395	-0.03786563178529915
RNA5SP396	
RNA5SP397	
RNA5SP399	0.04039289948854912
RNA5SP40	-0.24254149121594412
RNA5SP400	
RNA5SP401	
RNA5SP402	-0.16171891929644236
RNA5SP403	
RNA5SP404	0.14941865319025666
RNA5SP405	
RNA5SP406	
RNA5SP407	-0.1994405709039652
RNA5SP408	
RNA5SP409	
RNA5SP41	
RNA5SP410	
RNA5SP413	
RNA5SP415	
RNA5SP416	0.00355712662185865
RNA5SP417	
RNA5SP418	
RNA5SP419	
RNA5SP42	
RNA5SP420	-0.0026366779991051836
RNA5SP421	
RNA5SP422	-0.16171891929644236
RNA5SP423	0.14941865319025666
RNA5SP424	
RNA5SP425	-0.10763040579720475
RNA5SP426	
RNA5SP427	-0.19944057090396508
RNA5SP428	
RNA5SP429	0.17950952996284858
RNA5SP43	
RNA5SP430	
RNA5SP431	
RNA5SP432	
RNA5SP433	
RNA5SP434	-0.01134993863671085
RNA5SP435	0.04845631697876051
RNA5SP436	
RNA5SP437	0.062109303143659055
RNA5SP438	
RNA5SP439	0.06484428228164436
RNA5SP44	0.2828395602640671
RNA5SP440	0.2105897689219193
RNA5SP441	0.00039392040470775057
RNA5SP442	0.38088064212036493
RNA5SP443	
RNA5SP444	
RNA5SP445	
RNA5SP446	
RNA5SP447	0.04972277622263758
RNA5SP448	0.00355712662185865
RNA5SP449	
RNA5SP45	0.10826476328703105
RNA5SP450	-0.21915023808322354
RNA5SP451	
RNA5SP452	0.2067284478298016
RNA5SP453	
RNA5SP454	
RNA5SP455	
RNA5SP456	-0.19290144609542448
RNA5SP457	-0.24254149121594387
RNA5SP458	
RNA5SP459	
RNA5SP46	
RNA5SP460	
RNA5SP461	-0.2762979906897932
RNA5SP462	0.11125760384342238
RNA5SP463	-0.19290144609542448
RNA5SP464	0.28076946950057646
RNA5SP465	-0.051142095965194236
RNA5SP466	-0.018225167859381837
RNA5SP467	0.11961088081368011
RNA5SP468	-0.04947105959806506
RNA5SP469	-0.19290144609542448
RNA5SP47	
RNA5SP470	0.11125760384342238
RNA5SP471	-0.2762979906897932
RNA5SP472	
RNA5SP473	-0.03486654329643896
RNA5SP474	-0.21817463331009568
RNA5SP475	
RNA5SP476	-0.16171891929644236
RNA5SP477	-0.3825636995855868
RNA5SP478	
RNA5SP479	0.14077216846910182
RNA5SP48	-0.19290144609542448
RNA5SP480	
RNA5SP481	
RNA5SP482	
RNA5SP483	-0.020783347415587964
RNA5SP484	
RNA5SP485	
RNA5SP486	-0.04947105959806506
RNA5SP487	-0.24254149121594412
RNA5SP488	-0.16171891929644236
RNA5SP489	
RNA5SP49	
RNA5SP490	
RNA5SP491	
RNA5SP492	-0.04227655144285267
RNA5SP493	
RNA5SP494	
RNA5SP495	
RNA5SP496	-0.07750945249794633
RNA5SP497	
RNA5SP498	
RNA5SP499	
RNA5SP50	
RNA5SP500	
RNA5SP501	
RNA5SP502	
RNA5SP503	
RNA5SP504	
RNA5SP505	
RNA5SP507	-0.0026366779991051836
RNA5SP508	-0.16171891929644236
RNA5SP509	
RNA5SP51	0.2914465004891627
RNA5SP510	
RNA5SP511	
RNA5SP512	-0.19322357048673122
RNA5SP513	0.23207040816321395
RNA5SP514	
RNA5SP515	
RNA5SP516	
RNA5SP517	
RNA5SP518	
RNA5SP519	
RNA5SP52	
RNA5SP520	
RNA5SP521	
RNA5SP522	
RNA5SP523	
RNA5SP53	
RNA5SP54	
RNA5SP55	
RNA5SP56	0.2828395602640671
RNA5SP57	-0.020783347415587964
RNA5SP58	
RNA5SP59	
RNA5SP60	
RNA5SP61	-0.2944228307041651
RNA5SP62	0.2828395602640671
RNA5SP63	
RNA5SP64	
RNA5SP65	
RNA5SP66	-0.27812113689786033
RNA5SP67	0.2105897689219193
RNA5SP68	0.12392530412813667
RNA5SP69	-0.1994405709039652
RNA5SP70	-0.24254149121594412
RNA5SP71	
RNA5SP72	
RNA5SP73	
RNA5SP74	
RNA5SP75	-0.18416778662930713
RNA5SP76	
RNA5SP77	
RNA5SP78	0.38088064212036493
RNA5SP79	0.08392095049566564
RNA5SP80	
RNA5SP82	-0.26143351569166423
RNA5SP84	
RNA5SP85	-0.048993352761335575
RNA5SP86	
RNA5SP87	
RNA5SP88	-0.015072558976180215
RNA5SP89	
RNA5SP90	
RNA5SP91	
RNA5SP92	0.2828395602640671
RNA5SP93	
RNA5SP94	
RNA5SP95	
RNA5SP96	
RNA5SP97	0.014598791452152265
RNA5SP98	
RNA5SP99	-0.0026366779991051836
RNASE1	-0.027000707650192843
RNASE10	-0.0075843261442322995
RNASE11	-0.1775597270992731
RNASE12	
RNASE13	-0.09829164870943564
RNASE2	-0.030949777822836762
RNASE3	0.06297623368832332
RNASE4	0.04087628401591259
RNASE6	-0.38754202598177123
RNASE7	0.11244873203814423
RNASE8	
RNASE9	0.10678069801065576
RNASEH1	-0.25000351377897656
RNASEH1P1	0.11092939502559959
RNASEH1P2	0.02984339854222455
RNASEH2A	-0.3121261288987511
RNASEH2B	-0.38846968055483033
RNASEH2B-AS1	-0.14239167338137107
RNASEH2C	-0.26649859177036445
RNASEH2CP1	0.2979879440070212
RNASEK	-0.14086287552009902
RNASEK-C17orf49	-0.055336791637305975
RNASEL	0.13161112820445897
RNASET2	-0.22694631504446522
RND1	-0.136653981979477
RND2	-0.15701865337542148
RND3	0.1968141430360816
RNF10	0.0012757924150954294
RNF103	0.4154063517620485
RNF103-CHMP3	
RNF10P1	
RNF11	0.1839836360379619
RNF111	-0.23189727943647687
RNF112	-0.130764047794752
RNF113A	-0.18368857702654598
RNF113B	0.0026420615006695976
RNF114	0.020959084748385832
RNF115	-0.40762701841219773
RNF11B	-0.11462279639614177
RNF121	0.22553771398625536
RNF122	-0.44044097014206457
RNF123	0.17034262688326723
RNF125	-0.3105044749356879
RNF126	0.048416156220503236
RNF126P1	-0.038744840487464086
RNF128	0.16149210895253238
RNF13	0.026449315902098994
RNF130	0.06734871189151231
RNF133	0.057809358507660065
RNF135	0.13402546554523456
RNF138	-0.12302757055611926
RNF138P1	0.18458385569136906
RNF139	-0.03781127137310265
RNF139-AS1	-0.07066492104621584
RNF14	-0.0684399739416229
RNF141	-0.10842019522301223
RNF144A	0.03595743813696336
RNF144A-AS1	-0.0016033743347114316
RNF144B	-0.3832817794439606
RNF145	-0.14924690073278013
RNF146	-0.24466016427030374
RNF148	0.17792613340305893
RNF149	0.19841005335864137
RNF150	-0.34327132994552734
RNF151	0.04564898610400088
RNF152	0.02078125204530725
RNF157	-0.06138017393844773
RNF157-AS1	-0.03896335117037811
RNF165	-0.3177774973465182
RNF166	-0.3060273166925576
RNF167	-0.044005675633690816
RNF168	-0.10377302814866486
RNF169	-0.39195475669375607
RNF17	-0.29676521760082963
RNF170	0.2362828897513332
RNF175	-0.3502494306579392
RNF180	-0.07604036712467688
RNF181	0.026026849961765228
RNF182	0.24979017881995064
RNF183	0.21420893147049755
RNF185	0.3846638767687484
RNF185-AS1	
RNF186	0.32142800699674556
RNF187	-0.03366376315962085
RNF19A	-0.4141619432671357
RNF19B	0.008051749482527713
RNF19BPX	-0.2762979906897932
RNF19BPY	
RNF2	-0.13554282883791946
RNF20	-0.13023484194113094
RNF207	-0.1990809198752517
RNF208	0.1825425263093583
RNF212	-0.22574941049330188
RNF213	-0.15990956752273405
RNF214	-0.1669212210625406
RNF215	-0.25909522073354224
RNF216	-0.36572298013388815
RNF216-IT1	-0.37408459927253085
RNF216P1	-0.39737990822956387
RNF217	-0.01872181261052832
RNF219	-0.3328636658154809
RNF219-AS1	0.019722612474954715
RNF220	-0.2028463916989885
RNF222	-0.05041172749977326
RNF223	-0.018433460469838663
RNF224	-0.14239204498617622
RNF24	-0.03035183534163448
RNF25	-0.32047334121726223
RNF26	-0.08817659149209718
RNF2P1	-0.052753349101345354
RNF31	-0.28375167569868853
RNF32	-0.15607448136389676
RNF34	-0.17009947247165885
RNF38	-0.18129449239284343
RNF39	0.30354804566763843
RNF4	-0.2571776330314209
RNF40	0.04924471137495722
RNF41	-0.27809700633400536
RNF43	0.12596560696385678
RNF44	-0.25770502322036515
RNF5	0.297592844441796
RNF5P1	-0.015210845000639794
RNF6	0.06473128322984956
RNF6P1	0.1467494608394885
RNF7	0.2364445052903313
RNF7P1	0.30637804370381355
RNF8	-0.33776624804042227
RNFT1	0.016652838636111094
RNFT1P2	-0.1514107522648601
RNFT1P3	-0.004495300579365229
RNFT2	-0.27167673819015725
RNGTT	-0.3930284060040029
RNGTTP1	-0.13632552105021353
RNH1	-0.06054076537217066
RNLS	0.3101211984912969
RNMT	-0.21576052890688013
RNMTL1	-0.23492422597795992
RNMTL1P1	0.24586488395862097
RNMTL1P2	0.05484043717744606
RNPC3	-0.2178384417218193
RNPEP	0.3040920710342158
RNPEPL1	0.09117229608517437
RNPS1	-0.3615928082340249
RNPS1P1	-0.03865890725590569
RNU1-1	-0.07996013594120417
RNU1-100P	-0.41017852494576834
RNU1-101P	0.00355712662185865
RNU1-103P	-0.14297259664879805
RNU1-104P	
RNU1-105P	
RNU1-106P	-0.3304582973224323
RNU1-107P	0.2105897689219193
RNU1-108P	
RNU1-109P	0.1113872948915928
RNU1-112P	-0.24254149121594412
RNU1-114P	
RNU1-115P	
RNU1-117P	0.10966699695464703
RNU1-119P	
RNU1-11P	0.37500636979014973
RNU1-120P	0.029059952563993352
RNU1-122P	0.1617886576198512
RNU1-123P	
RNU1-124P	-0.08689741783405547
RNU1-125P	
RNU1-128P	
RNU1-129P	
RNU1-130P	
RNU1-131P	
RNU1-132P	-0.2762979906897932
RNU1-133P	
RNU1-134P	0.13402303024168657
RNU1-136P	-0.00044027769531782533
RNU1-137P	
RNU1-138P	
RNU1-139P	
RNU1-13P	
RNU1-140P	
RNU1-141P	-0.1089222052755103
RNU1-142P	
RNU1-143P	
RNU1-146P	0.014170119241347074
RNU1-148P	
RNU1-149P	
RNU1-14P	
RNU1-150P	
RNU1-15P	
RNU1-16P	-0.2761912962258755
RNU1-17P	-0.04947105959806506
RNU1-18P	
RNU1-19P	0.09076997229817951
RNU1-2	0.24631963383428748
RNU1-20P	0.1935697539052563
RNU1-21P	-0.020783347415587964
RNU1-22P	
RNU1-23P	
RNU1-24P	
RNU1-27P	0.04620202462738954
RNU1-28P	-0.03094411621561011
RNU1-3	
RNU1-31P	
RNU1-32P	
RNU1-33P	
RNU1-34P	
RNU1-35P	
RNU1-36P	
RNU1-38P	
RNU1-39P	
RNU1-4	
RNU1-40P	
RNU1-41P	-0.2762979906897932
RNU1-42P	0.1905641360519803
RNU1-43P	0.38088064212036493
RNU1-44P	-0.2762979906897932
RNU1-45P	
RNU1-46P	
RNU1-47P	
RNU1-48P	
RNU1-49P	
RNU1-51P	-0.07916448762865987
RNU1-52P	0.00355712662185865
RNU1-54P	
RNU1-55P	0.2828395602640671
RNU1-56P	-0.04849586646884491
RNU1-57P	
RNU1-58P	0.20721907321686847
RNU1-59P	-0.03068949210254643
RNU1-61P	-0.09726936612219718
RNU1-62P	0.2105897689219193
RNU1-63P	-0.39568218220533496
RNU1-64P	0.11125760384342238
RNU1-65P	-0.24254149121594412
RNU1-67P	-0.0621681676494148
RNU1-68P	
RNU1-70P	0.17623494489822267
RNU1-72P	-0.07396842388743533
RNU1-73P	0.20979168798953582
RNU1-74P	
RNU1-75P	-0.20741614117486679
RNU1-76P	-0.0026366779991051836
RNU1-77P	-0.1514107522648601
RNU1-78P	-0.0026366779991051836
RNU1-7P	
RNU1-80P	
RNU1-82P	-0.21756742212392907
RNU1-83P	0.19163967333587992
RNU1-84P	
RNU1-85P	
RNU1-86P	
RNU1-87P	-0.055336791637305975
RNU1-88P	
RNU1-89P	
RNU1-8P	
RNU1-91P	0.24808665258228607
RNU1-92P	0.014170119241347074
RNU1-93P	0.24947944319592766
RNU1-94P	
RNU1-95P	
RNU1-96P	
RNU1-97P	
RNU1-98P	
RNU105B	
RNU105C	0.2828395602640671
RNU11	0.10767258845566238
RNU11-2P	-0.055336791637305975
RNU11-3P	0.13578013350390009
RNU11-4P	0.04486785106653648
RNU11-5P	
RNU11-6P	0.11125760384342238
RNU12	-0.04377037400288297
RNU12-2P	-0.357544873044217
RNU2-10P	
RNU2-11P	0.03129426867260675
RNU2-12P	0.1935697539052563
RNU2-13P	0.0009793081774536036
RNU2-14P	-0.1514107522648601
RNU2-15P	
RNU2-16P	
RNU2-17P	-0.13027680997189864
RNU2-18P	-0.14268239943881197
RNU2-19P	
RNU2-20P	0.1935697539052563
RNU2-21P	
RNU2-22P	-0.15576954481778246
RNU2-23P	
RNU2-24P	-0.1352758358858303
RNU2-25P	-0.24254149121594412
RNU2-26P	
RNU2-27P	0.2828395602640671
RNU2-28P	
RNU2-29P	-0.19290144609542448
RNU2-2P	
RNU2-30P	
RNU2-31P	
RNU2-32P	
RNU2-33P	0.2837788954723024
RNU2-34P	
RNU2-35P	-0.24254149121594412
RNU2-36P	-0.04385546991332341
RNU2-37P	0.1568599140266547
RNU2-38P	
RNU2-39P	
RNU2-3P	0.15859618488227933
RNU2-40P	0.11125760384342238
RNU2-41P	
RNU2-42P	-0.2786573011176446
RNU2-43P	
RNU2-44P	-0.16171891929644236
RNU2-45P	0.1935697539052563
RNU2-46P	
RNU2-47P	
RNU2-48P	-0.009089550435983121
RNU2-49P	0.08310664477739167
RNU2-50P	
RNU2-51P	-0.0026366779991051836
RNU2-52P	-0.13009681640175863
RNU2-53P	
RNU2-54P	
RNU2-55P	
RNU2-56P	
RNU2-57P	
RNU2-58P	-0.2762979906897932
RNU2-59P	-0.037779042991977325
RNU2-5P	-0.15081067820599525
RNU2-60P	
RNU2-61P	0.09044519390690486
RNU2-62P	0.2105897689219193
RNU2-63P	0.22008310169990997
RNU2-64P	-0.08639447291686186
RNU2-65P	
RNU2-66P	
RNU2-68P	0.00355712662185865
RNU2-69P	
RNU2-6P	-0.28696481356047876
RNU2-70P	-0.004156442764812883
RNU2-71P	0.14425634464227333
RNU2-72P	
RNU2-7P	0.04320686801448522
RNU2-8P	
RNU2-9P	
RNU3P3	
RNU4-1	-0.006518403857674414
RNU4-10P	0.09097536592319669
RNU4-11P	
RNU4-12P	
RNU4-13P	0.04486785106653648
RNU4-14P	-0.005664001595235234
RNU4-15P	-0.1514107522648601
RNU4-16P	-0.10853980208721282
RNU4-17P	
RNU4-18P	
RNU4-2	-0.03276395003587795
RNU4-20P	-0.19290144609542448
RNU4-21P	0.12589952992240167
RNU4-22P	0.16582278245711332
RNU4-23P	-0.39034956645630775
RNU4-24P	-0.055336791637305975
RNU4-25P	0.2202693011087299
RNU4-26P	0.11125760384342238
RNU4-27P	
RNU4-28P	-0.055336791637305975
RNU4-29P	0.05717390736916517
RNU4-30P	
RNU4-31P	
RNU4-32P	0.18632251975756797
RNU4-33P	
RNU4-34P	
RNU4-35P	
RNU4-36P	0.14544616663702986
RNU4-37P	
RNU4-38P	-0.2755303270212937
RNU4-39P	-0.06587086108129403
RNU4-40P	-0.17524785505105842
RNU4-41P	
RNU4-42P	
RNU4-43P	
RNU4-44P	
RNU4-45P	0.2213048685812248
RNU4-46P	
RNU4-47P	
RNU4-48P	-0.32394226994589786
RNU4-49P	
RNU4-4P	
RNU4-50P	-0.07032689446068897
RNU4-51P	-0.24254149121594412
RNU4-52P	-0.0026992880030530355
RNU4-53P	-0.19290144609542448
RNU4-54P	
RNU4-55P	-0.27812113689786033
RNU4-56P	
RNU4-57P	
RNU4-58P	-0.24254149121594412
RNU4-59P	
RNU4-60P	-0.27389919522749734
RNU4-61P	-0.24254149121594412
RNU4-62P	-0.24400017110126784
RNU4-63P	-0.2607072614389824
RNU4-64P	
RNU4-65P	
RNU4-66P	
RNU4-67P	
RNU4-68P	0.23593393753110742
RNU4-69P	
RNU4-6P	-0.19290144609542448
RNU4-70P	
RNU4-71P	
RNU4-72P	-0.07558792978724249
RNU4-73P	-0.055336791637305975
RNU4-74P	
RNU4-75P	
RNU4-76P	
RNU4-77P	-0.24254149121594412
RNU4-78P	0.023393661943917884
RNU4-79P	
RNU4-7P	
RNU4-80P	0.03399436932464801
RNU4-81P	
RNU4-82P	-0.16555036706858473
RNU4-83P	-0.16171891929644236
RNU4-84P	
RNU4-85P	0.04114973075420303
RNU4-86P	-0.121483212153542
RNU4-87P	-0.2762979906897932
RNU4-88P	
RNU4-8P	
RNU4-90P	
RNU4-91P	0.2828395602640671
RNU4-92P	
RNU4-9P	0.2828395602640671
RNU4ATAC	0.07916351614397817
RNU4ATAC10P	
RNU4ATAC11P	0.11125760384342238
RNU4ATAC12P	
RNU4ATAC13P	-0.2762979906897932
RNU4ATAC14P	0.22413863037782905
RNU4ATAC15P	0.34513641781437177
RNU4ATAC16P	
RNU4ATAC17P	
RNU4ATAC18P	-0.13266829589160228
RNU4ATAC2P	-0.16171891929644236
RNU4ATAC3P	
RNU4ATAC4P	
RNU4ATAC5P	
RNU4ATAC6P	-0.0026366779991051836
RNU4ATAC7P	
RNU4ATAC8P	
RNU4ATAC9P	
RNU5A-1	0.006997292468435388
RNU5A-2P	
RNU5A-3P	-0.0006181279102388069
RNU5A-4P	
RNU5A-5P	
RNU5A-6P	0.1935697539052563
RNU5A-7P	
RNU5A-8P	0.11125760384342238
RNU5B-1	-0.11638663306618333
RNU5B-2P	
RNU5B-3P	
RNU5B-4P	0.14476940736584534
RNU5B-6P	
RNU5D-1	-0.07744886577684958
RNU5D-2P	
RNU5E-1	-0.24265335694623655
RNU5E-10P	0.06132749855068872
RNU5E-2P	-0.24254149121594412
RNU5E-3P	
RNU5E-4P	-0.008101322989689626
RNU5E-5P	
RNU5E-6P	
RNU5E-7P	
RNU5E-8P	-0.04947105959806506
RNU5E-9P	
RNU5F-1	-0.017120621158386726
RNU5F-2P	0.03897332918238763
RNU5F-3P	
RNU5F-4P	
RNU5F-6P	
RNU5F-7P	-0.0026366779991051836
RNU5F-8P	
RNU6-1	0.05500164565339742
RNU6-1000P	
RNU6-1001P	
RNU6-1002P	0.1958354037838203
RNU6-1003P	-0.03996518288879733
RNU6-1004P	-0.0985571634311126
RNU6-1005P	-0.3779081356363754
RNU6-1006P	-0.24254149121594387
RNU6-1007P	
RNU6-1008P	
RNU6-1009P	
RNU6-100P	-0.0021420115903275504
RNU6-1010P	-0.11302343567259969
RNU6-1011P	-0.1514107522648601
RNU6-1012P	
RNU6-1013P	0.00355712662185865
RNU6-1014P	-0.21713480438255084
RNU6-1015P	
RNU6-1016P	-0.1851551666277581
RNU6-1017P	-0.2048009752366354
RNU6-1018P	
RNU6-1019P	
RNU6-101P	0.1559323767659137
RNU6-1020P	
RNU6-1021P	
RNU6-1022P	
RNU6-1023P	
RNU6-1024P	-0.028006540010910755
RNU6-1025P	0.00355712662185865
RNU6-1026P	0.08392095049566564
RNU6-1027P	0.11125760384342238
RNU6-1028P	
RNU6-1029P	
RNU6-102P	
RNU6-1031P	
RNU6-1032P	
RNU6-1033P	
RNU6-1034P	
RNU6-1035P	
RNU6-1036P	0.18454947934104554
RNU6-1037P	-0.24254149121594412
RNU6-1038P	
RNU6-1039P	0.08639329918939995
RNU6-103P	0.2828395602640671
RNU6-1040P	
RNU6-1041P	
RNU6-1042P	
RNU6-1043P	
RNU6-1044P	
RNU6-1045P	0.3363645849756335
RNU6-1046P	0.18684874983326125
RNU6-1047P	
RNU6-1048P	-0.013358716105216816
RNU6-1049P	
RNU6-104P	
RNU6-1050P	
RNU6-1051P	0.11640820551285051
RNU6-1052P	
RNU6-1053P	-0.2087924022874856
RNU6-1054P	-0.11554326139169022
RNU6-1055P	-0.020783347415587964
RNU6-1056P	
RNU6-1057P	0.24586488395862097
RNU6-1059P	
RNU6-105P	
RNU6-1060P	
RNU6-1061P	0.0856703842222487
RNU6-1062P	
RNU6-1064P	-0.14381448770015273
RNU6-1065P	
RNU6-1066P	
RNU6-1067P	0.48283602050595986
RNU6-1068P	-0.1994405709039652
RNU6-1069P	-0.23137626666837033
RNU6-106P	0.11125760384342238
RNU6-1071P	
RNU6-1072P	
RNU6-1073P	
RNU6-1074P	
RNU6-1075P	
RNU6-1076P	
RNU6-1077P	
RNU6-1078P	
RNU6-1079P	0.04018318828387076
RNU6-107P	0.2553801880370702
RNU6-1080P	
RNU6-1081P	
RNU6-1082P	
RNU6-1083P	
RNU6-1084P	0.1935697539052563
RNU6-1085P	
RNU6-1086P	0.38088064212036493
RNU6-1087P	
RNU6-1088P	0.014170119241347074
RNU6-1089P	0.26103375611865937
RNU6-108P	-0.19290144609542448
RNU6-1090P	
RNU6-1091P	
RNU6-1092P	0.2828395602640671
RNU6-1093P	-0.10853980208721282
RNU6-1094P	
RNU6-1095P	0.1935697539052563
RNU6-1096P	
RNU6-1097P	
RNU6-1098P	0.081262567347081
RNU6-1099P	-0.09244121133067375
RNU6-109P	
RNU6-10P	-0.1089222052755103
RNU6-1100P	-0.020783347415587964
RNU6-1101P	0.11125760384342237
RNU6-1102P	
RNU6-1103P	
RNU6-1104P	0.23593393753110742
RNU6-1105P	-0.2762979906897932
RNU6-1106P	
RNU6-1107P	
RNU6-1108P	0.00355712662185865
RNU6-1109P	
RNU6-110P	
RNU6-1110P	
RNU6-1111P	0.26870321453072904
RNU6-1112P	
RNU6-1113P	-0.2762979906897932
RNU6-1114P	
RNU6-1115P	-0.2762979906897932
RNU6-1116P	
RNU6-1117P	
RNU6-1118P	0.08392095049566564
RNU6-1119P	
RNU6-111P	-0.24254149121594412
RNU6-1120P	
RNU6-1121P	
RNU6-1122P	
RNU6-1123P	-0.21474860077021563
RNU6-1124P	
RNU6-1125P	
RNU6-1126P	
RNU6-1127P	
RNU6-1128P	
RNU6-1129P	
RNU6-112P	
RNU6-1130P	-0.24254149121594412
RNU6-1131P	
RNU6-1132P	
RNU6-1133P	
RNU6-1134P	
RNU6-1135P	-0.0026366779991051836
RNU6-1136P	-0.12008896528944434
RNU6-1137P	-0.2762979906897932
RNU6-1138P	-0.04997087815283639
RNU6-1139P	-0.1514107522648601
RNU6-113P	
RNU6-1140P	
RNU6-1141P	
RNU6-1143P	-0.05471552080657228
RNU6-1144P	
RNU6-1145P	-0.16171891929644236
RNU6-1146P	-0.1531898711132572
RNU6-1147P	0.00355712662185865
RNU6-1148P	
RNU6-1149P	
RNU6-114P	
RNU6-1150P	
RNU6-1151P	
RNU6-1152P	-0.23106910011802695
RNU6-1153P	
RNU6-1154P	0.38088064212036493
RNU6-1155P	
RNU6-1156P	-0.14803066697469358
RNU6-1157P	-0.19451308832951109
RNU6-1158P	-0.2762979906897932
RNU6-1159P	
RNU6-115P	
RNU6-1160P	-0.039772743971982535
RNU6-1161P	0.021893055682065288
RNU6-1162P	
RNU6-1163P	-0.2762979906897932
RNU6-1164P	
RNU6-1165P	
RNU6-1167P	
RNU6-1168P	
RNU6-1169P	
RNU6-116P	
RNU6-1170P	
RNU6-1171P	0.38088064212036493
RNU6-1172P	
RNU6-1174P	
RNU6-1175P	-0.16171891929644236
RNU6-1176P	0.11609380282334023
RNU6-1177P	0.22413863037782905
RNU6-1178P	
RNU6-1179P	
RNU6-117P	-0.11858827581535977
RNU6-1180P	
RNU6-1181P	-0.055336791637305975
RNU6-1183P	
RNU6-1184P	
RNU6-1185P	
RNU6-1186P	
RNU6-1187P	
RNU6-1188P	
RNU6-1189P	-0.3086841514257626
RNU6-118P	-0.08886213984657441
RNU6-1190P	
RNU6-1191P	
RNU6-1192P	
RNU6-1193P	
RNU6-1194P	
RNU6-1195P	
RNU6-1196P	
RNU6-1197P	
RNU6-1198P	
RNU6-1199P	
RNU6-119P	
RNU6-11P	-0.1369446394341912
RNU6-1200P	
RNU6-1201P	
RNU6-1203P	-0.24254149121594412
RNU6-1204P	
RNU6-1205P	
RNU6-1206P	0.05484043717744606
RNU6-1207P	
RNU6-1208P	
RNU6-1209P	0.1544233543903411
RNU6-120P	
RNU6-1210P	
RNU6-1211P	0.07211469107079616
RNU6-1212P	
RNU6-1213P	
RNU6-1214P	
RNU6-1215P	
RNU6-1216P	-0.1514107522648601
RNU6-1217P	
RNU6-1218P	
RNU6-1219P	
RNU6-121P	
RNU6-1220P	
RNU6-1221P	
RNU6-1222P	
RNU6-1223P	-0.03419483333814105
RNU6-1224P	
RNU6-1225P	
RNU6-1226P	0.2105897689219193
RNU6-1227P	
RNU6-1228P	0.24586488395862097
RNU6-1229P	
RNU6-122P	-0.05533679163730598
RNU6-1230P	
RNU6-1231P	
RNU6-1232P	
RNU6-1233P	
RNU6-1234P	
RNU6-1235P	
RNU6-1236P	-0.16171891929644236
RNU6-1237P	-0.19290144609542448
RNU6-1238P	0.014170119241347074
RNU6-1239P	
RNU6-123P	-0.15555523358257023
RNU6-1240P	
RNU6-1241P	
RNU6-1242P	-0.1317171782654771
RNU6-1243P	
RNU6-1244P	
RNU6-1245P	-0.19290144609542448
RNU6-1246P	
RNU6-1247P	0.11125760384342238
RNU6-1248P	
RNU6-1249P	0.1935697539052563
RNU6-1250P	
RNU6-1251P	-0.032063423003785986
RNU6-1252P	
RNU6-1254P	0.00355712662185865
RNU6-1255P	
RNU6-1256P	
RNU6-1257P	-0.1456357871134465
RNU6-1258P	-0.24280858290204205
RNU6-125P	-0.14851324667990445
RNU6-1260P	
RNU6-1261P	
RNU6-1262P	0.14576862725193857
RNU6-1263P	-0.19237234958193572
RNU6-1264P	0.11125760384342238
RNU6-1265P	
RNU6-1266P	0.05407014919910838
RNU6-1267P	-0.24944610040163534
RNU6-1268P	
RNU6-1269P	
RNU6-126P	-0.14870842862402836
RNU6-1270P	
RNU6-1271P	
RNU6-1272P	
RNU6-1273P	
RNU6-1274P	-0.3071818604336954
RNU6-1275P	-0.03733207704328312
RNU6-1276P	0.04312048614178744
RNU6-1277P	
RNU6-1278P	
RNU6-1279P	
RNU6-127P	
RNU6-1280P	
RNU6-1281P	
RNU6-1282P	
RNU6-1283P	-0.02207014921465462
RNU6-1284P	
RNU6-1285P	0.06775144798934563
RNU6-1286P	
RNU6-1287P	
RNU6-1288P	
RNU6-1289P	
RNU6-128P	
RNU6-1290P	
RNU6-1291P	
RNU6-1292P	-0.1514107522648601
RNU6-1293P	
RNU6-1294P	-0.04947105959806506
RNU6-1295P	0.11125760384342238
RNU6-1296P	
RNU6-1297P	
RNU6-1298P	-0.0026366779991051836
RNU6-1299P	0.09097536592319669
RNU6-129P	
RNU6-12P	-0.2825069787367941
RNU6-1300P	0.11203057763896118
RNU6-1301P	
RNU6-1303P	
RNU6-1304P	
RNU6-1305P	
RNU6-1306P	
RNU6-1307P	
RNU6-1308P	
RNU6-1309P	-0.19290144609542448
RNU6-130P	0.14948907334378211
RNU6-1310P	
RNU6-1311P	
RNU6-1312P	
RNU6-1313P	
RNU6-1314P	
RNU6-1315P	0.15207854609130647
RNU6-1316P	-0.23319705877163677
RNU6-1317P	
RNU6-1318P	0.00355712662185865
RNU6-1319P	
RNU6-131P	-0.0026366779991051836
RNU6-1320P	
RNU6-1321P	0.06332479064115473
RNU6-1322P	0.07627663103744552
RNU6-1323P	
RNU6-1324P	
RNU6-1325P	-0.020783347415587964
RNU6-1326P	
RNU6-1327P	0.03928941868556006
RNU6-1328P	
RNU6-1329P	-0.1994405709039652
RNU6-132P	
RNU6-1330P	0.05910947289905673
RNU6-1331P	
RNU6-1332P	
RNU6-1333P	-0.04947105959806506
RNU6-1334P	0.08392095049566564
RNU6-1335P	
RNU6-1336P	
RNU6-1337P	
RNU6-1338P	
RNU6-1339P	
RNU6-133P	
RNU6-1340P	-0.27186558174076286
RNU6-135P	
RNU6-136P	
RNU6-137P	-0.05795847921286856
RNU6-138P	-0.1514107522648601
RNU6-139P	0.2828395602640671
RNU6-13P	0.15645525272356542
RNU6-140P	-0.01439293022342962
RNU6-141P	-0.1994405709039652
RNU6-142P	0.1935697539052563
RNU6-143P	-0.04947105959806506
RNU6-144P	
RNU6-145P	
RNU6-146P	
RNU6-147P	-0.24254149121594412
RNU6-148P	
RNU6-14P	-0.2762979906897932
RNU6-150P	
RNU6-151P	
RNU6-152P	
RNU6-153P	
RNU6-154P	
RNU6-155P	
RNU6-156P	
RNU6-157P	
RNU6-158P	
RNU6-159P	
RNU6-15P	-0.03426148432225452
RNU6-160P	
RNU6-161P	
RNU6-162P	0.2105897689219193
RNU6-163P	
RNU6-164P	
RNU6-165P	
RNU6-166P	-0.24254149121594412
RNU6-167P	
RNU6-168P	
RNU6-169P	0.38088064212036465
RNU6-16P	0.09735768888863802
RNU6-170P	
RNU6-171P	-0.18834098362931848
RNU6-172P	0.03294533343696573
RNU6-173P	-0.04947105959806506
RNU6-174P	
RNU6-175P	0.2828395602640671
RNU6-176P	-0.021742921496896616
RNU6-177P	
RNU6-178P	
RNU6-179P	
RNU6-17P	0.38088064212036493
RNU6-180P	
RNU6-181P	-0.19704932988559848
RNU6-182P	0.054771578756618824
RNU6-183P	
RNU6-184P	0.02478749039621423
RNU6-185P	
RNU6-187P	
RNU6-188P	-0.13416582365807697
RNU6-189P	
RNU6-18P	0.18255663434946393
RNU6-190P	-0.055336791637305975
RNU6-191P	
RNU6-192P	
RNU6-193P	
RNU6-194P	
RNU6-195P	-0.016448099272951194
RNU6-196P	-0.1514107522648601
RNU6-197P	-0.0026366779991051836
RNU6-198P	
RNU6-199P	
RNU6-19P	0.2099972164967932
RNU6-2	0.02863519529109491
RNU6-200P	
RNU6-201P	
RNU6-202P	-0.14846462622481038
RNU6-203P	0.2828395602640671
RNU6-204P	-0.2718053483801929
RNU6-205P	
RNU6-206P	
RNU6-207P	
RNU6-208P	
RNU6-209P	-0.24254149121594412
RNU6-20P	0.17497745034940948
RNU6-210P	-0.2762979906897932
RNU6-211P	0.1935697539052563
RNU6-212P	-0.0026366779991051836
RNU6-213P	-0.10865079882487953
RNU6-214P	
RNU6-215P	
RNU6-216P	
RNU6-217P	
RNU6-218P	-0.24254149121594412
RNU6-219P	
RNU6-21P	
RNU6-220P	
RNU6-221P	
RNU6-222P	0.3770841307330363
RNU6-223P	
RNU6-224P	
RNU6-225P	0.08392095049566564
RNU6-226P	-0.030277554597144773
RNU6-227P	-0.04947105959806506
RNU6-228P	-0.04041895347025888
RNU6-229P	0.1935697539052563
RNU6-22P	0.00355712662185865
RNU6-230P	0.2860838765962896
RNU6-231P	
RNU6-232P	
RNU6-233P	-0.008101322989689626
RNU6-234P	0.1134861406789582
RNU6-235P	-0.24254149121594412
RNU6-236P	
RNU6-237P	
RNU6-238P	-0.03934394586056529
RNU6-239P	
RNU6-23P	
RNU6-240P	
RNU6-241P	
RNU6-242P	0.08305598688474913
RNU6-243P	
RNU6-244P	
RNU6-245P	0.38088064212036493
RNU6-246P	0.38088064212036493
RNU6-247P	0.007408985424313967
RNU6-248P	
RNU6-249P	
RNU6-24P	
RNU6-250P	0.38088064212036493
RNU6-251P	0.04963344065597109
RNU6-252P	
RNU6-253P	
RNU6-254P	
RNU6-255P	
RNU6-256P	-0.1514107522648601
RNU6-257P	
RNU6-258P	-0.24254149121594412
RNU6-259P	
RNU6-25P	0.00023702546366252678
RNU6-260P	
RNU6-261P	
RNU6-262P	0.3605339898435149
RNU6-263P	
RNU6-264P	
RNU6-266P	0.00355712662185865
RNU6-267P	-0.32142275187435876
RNU6-268P	0.1935697539052563
RNU6-269P	
RNU6-26P	0.002910453111618469
RNU6-270P	
RNU6-271P	
RNU6-272P	0.410492248372681
RNU6-273P	0.2105897689219193
RNU6-274P	
RNU6-275P	
RNU6-276P	
RNU6-277P	
RNU6-278P	-0.19290144609542448
RNU6-279P	
RNU6-27P	0.040392358926416086
RNU6-280P	
RNU6-281P	
RNU6-282P	
RNU6-283P	
RNU6-284P	
RNU6-285P	
RNU6-286P	0.2105897689219193
RNU6-287P	
RNU6-288P	
RNU6-289P	
RNU6-28P	-0.14635051630681475
RNU6-290P	
RNU6-291P	
RNU6-292P	
RNU6-293P	-0.19601956188205744
RNU6-294P	
RNU6-295P	-0.028006540010910755
RNU6-296P	-0.07222137808169464
RNU6-297P	
RNU6-298P	-0.1089222052755103
RNU6-299P	
RNU6-29P	-0.020783347415587964
RNU6-300P	
RNU6-301P	-3.5620617500073814e-05
RNU6-302P	
RNU6-303P	
RNU6-304P	0.11125760384342238
RNU6-306P	0.11125760384342238
RNU6-307P	0.2828395602640671
RNU6-308P	-0.1514107522648601
RNU6-309P	
RNU6-30P	
RNU6-310P	
RNU6-311P	
RNU6-312P	-0.1406211538870358
RNU6-313P	-0.19290144609542448
RNU6-314P	
RNU6-315P	
RNU6-316P	-0.18084826419962766
RNU6-317P	
RNU6-318P	-0.2762979906897932
RNU6-319P	0.11125760384342238
RNU6-31P	0.02127454621015304
RNU6-320P	
RNU6-321P	
RNU6-322P	-0.1764371983410113
RNU6-324P	-0.2762979906897932
RNU6-325P	
RNU6-326P	
RNU6-327P	-0.13175039582733775
RNU6-328P	-0.055336791637305975
RNU6-329P	
RNU6-32P	-0.04339785756164029
RNU6-330P	
RNU6-331P	0.2828395602640671
RNU6-332P	
RNU6-333P	
RNU6-334P	
RNU6-335P	0.2105897689219193
RNU6-336P	0.1301676969839105
RNU6-337P	
RNU6-338P	
RNU6-339P	
RNU6-33P	0.07420297734156006
RNU6-340P	
RNU6-341P	-0.2782734605309428
RNU6-342P	
RNU6-343P	-0.1502737593746016
RNU6-344P	
RNU6-345P	
RNU6-346P	0.23484426586438806
RNU6-347P	0.1935697539052563
RNU6-348P	
RNU6-349P	
RNU6-34P	
RNU6-351P	
RNU6-352P	0.022208033001772223
RNU6-353P	-0.0467986690981579
RNU6-354P	0.25004837927786233
RNU6-355P	0.38088064212036493
RNU6-356P	
RNU6-358P	
RNU6-359P	
RNU6-35P	0.38088064212036493
RNU6-360P	
RNU6-361P	
RNU6-362P	-0.2762979906897932
RNU6-363P	
RNU6-364P	
RNU6-365P	
RNU6-366P	
RNU6-367P	
RNU6-368P	
RNU6-369P	0.1935697539052563
RNU6-36P	-0.1162067341084994
RNU6-370P	-0.2529527887043923
RNU6-371P	
RNU6-373P	
RNU6-374P	
RNU6-375P	-0.0929026150846215
RNU6-376P	
RNU6-377P	0.0118907484038898
RNU6-378P	
RNU6-379P	
RNU6-37P	0.036846045825049044
RNU6-380P	0.1529596250213679
RNU6-381P	
RNU6-382P	
RNU6-383P	0.2028790932738834
RNU6-384P	0.3548741535526
RNU6-386P	0.11125760384342238
RNU6-387P	
RNU6-388P	-0.028465297242252413
RNU6-389P	
RNU6-38P	
RNU6-390P	
RNU6-391P	
RNU6-392P	
RNU6-393P	
RNU6-394P	
RNU6-395P	
RNU6-396P	0.00355712662185865
RNU6-397P	
RNU6-398P	-0.14514581514124883
RNU6-399P	0.2105897689219193
RNU6-39P	-0.09590206299050424
RNU6-3P	0.07322952384448429
RNU6-400P	
RNU6-401P	
RNU6-402P	
RNU6-403P	-0.00998558493531943
RNU6-405P	
RNU6-406P	
RNU6-407P	-0.19153630930665322
RNU6-408P	
RNU6-409P	
RNU6-40P	0.16972913139851686
RNU6-410P	-0.055336791637305975
RNU6-411P	
RNU6-412P	
RNU6-413P	
RNU6-414P	0.00355712662185865
RNU6-415P	
RNU6-416P	
RNU6-417P	
RNU6-418P	0.07150355790972336
RNU6-419P	
RNU6-41P	-0.0010912378501630393
RNU6-420P	0.08392095049566564
RNU6-421P	-0.24254149121594412
RNU6-422P	
RNU6-424P	
RNU6-425P	
RNU6-426P	
RNU6-428P	
RNU6-429P	
RNU6-42P	0.06085215235291166
RNU6-430P	
RNU6-431P	-0.11895173697973858
RNU6-432P	
RNU6-433P	-0.0026366779991051836
RNU6-434P	
RNU6-435P	
RNU6-436P	
RNU6-437P	
RNU6-438P	
RNU6-439P	-0.1089222052755103
RNU6-43P	-0.14381448770015273
RNU6-440P	
RNU6-441P	
RNU6-442P	
RNU6-443P	
RNU6-444P	-0.14646865075078316
RNU6-445P	
RNU6-446P	0.11125760384342238
RNU6-447P	
RNU6-448P	
RNU6-449P	
RNU6-44P	
RNU6-450P	-0.25636409823988315
RNU6-451P	0.2828395602640671
RNU6-452P	0.11125760384342238
RNU6-453P	
RNU6-454P	
RNU6-455P	0.08392095049566564
RNU6-456P	-0.24254149121594412
RNU6-457P	
RNU6-458P	
RNU6-45P	-0.14675685323397075
RNU6-460P	-0.1994405709039652
RNU6-461P	
RNU6-462P	-0.24254149121594412
RNU6-463P	
RNU6-464P	
RNU6-465P	
RNU6-466P	-0.08443062810924158
RNU6-468P	-0.1514107522648601
RNU6-469P	0.3857830312000554
RNU6-46P	-0.07399488054187359
RNU6-470P	
RNU6-471P	
RNU6-472P	
RNU6-473P	
RNU6-474P	0.2828395602640671
RNU6-475P	
RNU6-476P	
RNU6-477P	
RNU6-478P	
RNU6-479P	0.04661269691372215
RNU6-47P	0.00355712662185865
RNU6-480P	
RNU6-481P	-0.06328144158971989
RNU6-482P	0.38088064212036493
RNU6-483P	
RNU6-484P	
RNU6-485P	0.27611551796848616
RNU6-486P	
RNU6-487P	
RNU6-488P	
RNU6-489P	
RNU6-48P	-0.1866771159919794
RNU6-490P	
RNU6-491P	
RNU6-492P	
RNU6-493P	
RNU6-494P	
RNU6-495P	0.053129177414775595
RNU6-496P	
RNU6-497P	
RNU6-498P	
RNU6-499P	
RNU6-49P	
RNU6-4P	-0.011335826586348489
RNU6-500P	
RNU6-501P	0.2828395602640671
RNU6-502P	-0.016257854989127154
RNU6-503P	
RNU6-504P	
RNU6-505P	0.038151010094896715
RNU6-506P	
RNU6-507P	
RNU6-508P	
RNU6-509P	
RNU6-50P	0.05642314456318659
RNU6-510P	0.11892956292168082
RNU6-511P	
RNU6-512P	
RNU6-513P	
RNU6-514P	
RNU6-516P	
RNU6-517P	
RNU6-518P	
RNU6-519P	-0.12379594404734247
RNU6-520P	-0.1548676994651466
RNU6-521P	
RNU6-522P	-0.049349238757043175
RNU6-523P	-0.055336791637305975
RNU6-524P	-0.1514107522648601
RNU6-525P	
RNU6-526P	
RNU6-527P	
RNU6-528P	
RNU6-529P	-0.07518148531806285
RNU6-52P	
RNU6-530P	
RNU6-531P	-0.3476348092837319
RNU6-532P	
RNU6-533P	
RNU6-534P	0.009413584867935317
RNU6-535P	
RNU6-536P	
RNU6-537P	
RNU6-538P	
RNU6-539P	
RNU6-53P	0.2567506290388843
RNU6-540P	-0.2134007802104478
RNU6-541P	
RNU6-542P	0.2828395602640671
RNU6-543P	
RNU6-544P	
RNU6-545P	
RNU6-546P	
RNU6-547P	
RNU6-548P	-0.3114719474918069
RNU6-549P	-0.19126297225231287
RNU6-54P	
RNU6-550P	
RNU6-551P	
RNU6-552P	
RNU6-553P	
RNU6-554P	-0.07959701934034437
RNU6-555P	
RNU6-556P	
RNU6-557P	
RNU6-558P	0.3835036940045254
RNU6-559P	
RNU6-55P	
RNU6-560P	
RNU6-561P	
RNU6-562P	0.38088064212036493
RNU6-563P	0.11125760384342238
RNU6-564P	0.22198826385181358
RNU6-565P	
RNU6-566P	
RNU6-567P	
RNU6-56P	
RNU6-570P	0.16542773009779205
RNU6-571P	
RNU6-572P	
RNU6-573P	
RNU6-574P	-0.21969191238165497
RNU6-575P	-0.1514107522648601
RNU6-576P	
RNU6-577P	0.15734194318039332
RNU6-578P	
RNU6-579P	
RNU6-57P	0.08392095049566564
RNU6-580P	0.11125760384342238
RNU6-581P	
RNU6-582P	
RNU6-583P	0.02669712432101637
RNU6-584P	
RNU6-586P	-0.1994405709039652
RNU6-587P	
RNU6-588P	0.2828395602640671
RNU6-589P	
RNU6-58P	
RNU6-590P	0.10289888676548452
RNU6-591P	0.14941865319025666
RNU6-592P	0.11125760384342238
RNU6-593P	0.027944912187209785
RNU6-595P	
RNU6-596P	-0.04947105959806506
RNU6-597P	
RNU6-598P	-0.1489545889324403
RNU6-599P	
RNU6-59P	
RNU6-5P	-0.13938752535041984
RNU6-600P	
RNU6-601P	
RNU6-602P	
RNU6-603P	
RNU6-604P	
RNU6-605P	-0.054326383412266775
RNU6-606P	-0.07094915895541751
RNU6-607P	
RNU6-608P	
RNU6-609P	
RNU6-60P	
RNU6-610P	-0.19584547106564018
RNU6-611P	-0.23313035245399397
RNU6-612P	
RNU6-613P	
RNU6-614P	
RNU6-615P	
RNU6-616P	
RNU6-617P	
RNU6-618P	-0.26612524711429036
RNU6-619P	0.14980128223336642
RNU6-61P	-0.2762979906897932
RNU6-620P	
RNU6-621P	0.38088064212036493
RNU6-622P	
RNU6-623P	-0.1994405709039652
RNU6-624P	
RNU6-625P	-0.017408303596565915
RNU6-626P	
RNU6-627P	
RNU6-628P	
RNU6-629P	
RNU6-62P	
RNU6-630P	
RNU6-631P	
RNU6-632P	
RNU6-633P	
RNU6-634P	
RNU6-635P	
RNU6-636P	
RNU6-637P	
RNU6-638P	-0.11511910354202405
RNU6-639P	
RNU6-63P	-0.08885698820585536
RNU6-640P	0.11549204986535547
RNU6-641P	
RNU6-642P	
RNU6-643P	
RNU6-644P	-0.19290144609542448
RNU6-645P	
RNU6-646P	-0.08058375527258971
RNU6-647P	
RNU6-648P	
RNU6-649P	
RNU6-64P	
RNU6-650P	
RNU6-651P	
RNU6-652P	-0.1553181369935525
RNU6-653P	-0.24254149121594412
RNU6-654P	
RNU6-655P	
RNU6-656P	
RNU6-657P	
RNU6-658P	-0.24058076893734504
RNU6-659P	0.00355712662185865
RNU6-65P	
RNU6-660P	
RNU6-661P	
RNU6-662P	0.11796644395724595
RNU6-663P	
RNU6-664P	
RNU6-665P	
RNU6-666P	0.38088064212036493
RNU6-667P	
RNU6-668P	-0.002990186846689108
RNU6-669P	0.00355712662185865
RNU6-66P	
RNU6-670P	
RNU6-672P	
RNU6-673P	
RNU6-674P	-0.04947105959806506
RNU6-675P	-0.03730126864214507
RNU6-677P	
RNU6-678P	0.05902499426965494
RNU6-679P	
RNU6-67P	
RNU6-680P	-0.2747724153376416
RNU6-681P	
RNU6-682P	
RNU6-684P	
RNU6-685P	
RNU6-686P	0.14941865319025666
RNU6-687P	
RNU6-689P	
RNU6-68P	-0.16733568988902836
RNU6-690P	-0.0026366779991051836
RNU6-692P	
RNU6-693P	
RNU6-694P	-0.21466921384761603
RNU6-695P	
RNU6-696P	
RNU6-697P	
RNU6-698P	-0.055336791637305975
RNU6-699P	
RNU6-69P	
RNU6-6P	0.014868943280915826
RNU6-7	0.1851589092356133
RNU6-700P	
RNU6-701P	0.14077216846910182
RNU6-702P	
RNU6-703P	-0.024803503350855374
RNU6-704P	-0.0026366779991051836
RNU6-705P	0.00355712662185865
RNU6-706P	-0.055336791637305975
RNU6-707P	
RNU6-708P	
RNU6-709P	
RNU6-70P	
RNU6-710P	
RNU6-711P	
RNU6-712P	
RNU6-713P	-0.24254149121594412
RNU6-714P	
RNU6-715P	
RNU6-716P	
RNU6-717P	
RNU6-718P	
RNU6-719P	
RNU6-71P	
RNU6-720P	
RNU6-721P	
RNU6-722P	
RNU6-723P	
RNU6-724P	
RNU6-725P	
RNU6-726P	
RNU6-727P	
RNU6-728P	
RNU6-729P	-0.1355880652151268
RNU6-72P	
RNU6-730P	
RNU6-731P	
RNU6-732P	
RNU6-733P	
RNU6-735P	-0.11935586502608764
RNU6-737P	-0.2762979906897932
RNU6-738P	
RNU6-739P	0.11125760384342238
RNU6-73P	0.2828395602640671
RNU6-740P	
RNU6-741P	
RNU6-742P	
RNU6-743P	
RNU6-744P	-0.24254149121594387
RNU6-745P	
RNU6-746P	
RNU6-747P	
RNU6-748P	0.14814207956458197
RNU6-749P	
RNU6-74P	0.14980128223336642
RNU6-750P	-0.09930013583608141
RNU6-751P	
RNU6-752P	
RNU6-753P	
RNU6-754P	
RNU6-755P	
RNU6-756P	-0.27389919522749734
RNU6-757P	-0.2401789470324341
RNU6-758P	-0.21202826632677166
RNU6-759P	0.11700286488522688
RNU6-75P	
RNU6-760P	
RNU6-761P	-0.09373205471629883
RNU6-762P	0.0043117555175139054
RNU6-763P	
RNU6-764P	0.2828395602640671
RNU6-765P	
RNU6-766P	
RNU6-767P	-0.25158682354615103
RNU6-768P	
RNU6-769P	0.014170119241347074
RNU6-76P	
RNU6-770P	-0.07582376064423312
RNU6-771P	
RNU6-772P	
RNU6-774P	
RNU6-775P	
RNU6-776P	0.38088064212036493
RNU6-777P	
RNU6-778P	
RNU6-77P	
RNU6-780P	
RNU6-781P	
RNU6-782P	
RNU6-783P	
RNU6-784P	
RNU6-785P	
RNU6-786P	-0.05405171451556268
RNU6-787P	0.00355712662185865
RNU6-788P	
RNU6-789P	
RNU6-78P	-0.24254149121594412
RNU6-790P	-0.003197322351505155
RNU6-791P	0.2105897689219193
RNU6-792P	-0.24046956578009424
RNU6-793P	
RNU6-794P	
RNU6-795P	0.0035571266218586595
RNU6-796P	0.00355712662185865
RNU6-797P	-0.020783347415587964
RNU6-798P	
RNU6-799P	-0.04947105959806506
RNU6-79P	
RNU6-8	-0.065243719683472
RNU6-800P	-0.020783347415587964
RNU6-801P	-0.1514107522648601
RNU6-803P	
RNU6-804P	
RNU6-805P	-0.1514107522648601
RNU6-806P	
RNU6-807P	-0.08588741950581351
RNU6-808P	-0.096437862777261
RNU6-809P	
RNU6-80P	-0.06384557594454504
RNU6-810P	-0.10014831984875246
RNU6-811P	
RNU6-812P	
RNU6-813P	
RNU6-815P	
RNU6-816P	
RNU6-817P	-0.06466897594615177
RNU6-818P	
RNU6-819P	-0.0026366779991051836
RNU6-81P	0.00355712662185865
RNU6-820P	0.16146486401346957
RNU6-821P	-0.2762979906897932
RNU6-822P	
RNU6-823P	0.38088064212036493
RNU6-824P	
RNU6-826P	
RNU6-827P	
RNU6-828P	0.0073559561683890435
RNU6-829P	
RNU6-82P	-0.17632077031428953
RNU6-830P	
RNU6-831P	-0.04947105959806506
RNU6-832P	0.2828395602640671
RNU6-833P	0.09705994347908788
RNU6-834P	-0.12900456316476175
RNU6-835P	
RNU6-836P	
RNU6-837P	
RNU6-838P	-0.17012071871187212
RNU6-839P	
RNU6-83P	-0.055336791637305975
RNU6-840P	
RNU6-841P	0.2105897689219193
RNU6-842P	
RNU6-843P	
RNU6-844P	
RNU6-845P	
RNU6-847P	
RNU6-848P	
RNU6-849P	-0.2762979906897932
RNU6-850P	0.2828395602640671
RNU6-851P	
RNU6-853P	-0.24621533600245618
RNU6-854P	
RNU6-855P	-0.19290144609542448
RNU6-856P	-0.0012435309393752194
RNU6-857P	
RNU6-858P	0.12031369636551083
RNU6-859P	0.08310664477739167
RNU6-860P	
RNU6-861P	
RNU6-862P	
RNU6-863P	
RNU6-864P	
RNU6-865P	
RNU6-866P	0.2828395602640671
RNU6-867P	
RNU6-869P	0.05392166127306306
RNU6-871P	
RNU6-873P	
RNU6-874P	
RNU6-875P	-0.020783347415587964
RNU6-876P	0.03388656511469495
RNU6-877P	-0.19290144609542448
RNU6-878P	0.5028922710430511
RNU6-879P	
RNU6-880P	-0.16171891929644236
RNU6-881P	-0.25207241248764806
RNU6-882P	-0.2762979906897932
RNU6-883P	0.35683531452095635
RNU6-884P	-0.04947105959806506
RNU6-885P	
RNU6-886P	
RNU6-887P	
RNU6-888P	-0.020783347415587964
RNU6-889P	-0.1994405709039652
RNU6-890P	-0.33505616629959134
RNU6-891P	-0.21474860077021563
RNU6-892P	-0.20514763110311626
RNU6-893P	
RNU6-894P	
RNU6-895P	
RNU6-896P	
RNU6-897P	
RNU6-898P	
RNU6-899P	
RNU6-9	0.016292654297611155
RNU6-900P	-0.06978000341344665
RNU6-901P	
RNU6-902P	
RNU6-903P	
RNU6-904P	
RNU6-905P	
RNU6-906P	
RNU6-907P	0.1529596250213679
RNU6-908P	
RNU6-909P	
RNU6-910P	
RNU6-911P	
RNU6-912P	-0.2762979906897932
RNU6-913P	
RNU6-914P	
RNU6-915P	-0.16171891929644236
RNU6-916P	-0.1660898983987478
RNU6-917P	-0.31705815490633293
RNU6-918P	-0.04227655144285267
RNU6-919P	
RNU6-920P	0.0009108003008709847
RNU6-921P	
RNU6-922P	
RNU6-923P	
RNU6-924P	
RNU6-925P	-0.21079713815738108
RNU6-926P	-0.055336791637305975
RNU6-927P	
RNU6-928P	
RNU6-929P	
RNU6-930P	-0.16171891929644236
RNU6-931P	
RNU6-932P	
RNU6-933P	-0.026294062624664754
RNU6-934P	
RNU6-935P	
RNU6-936P	
RNU6-937P	
RNU6-938P	
RNU6-939P	
RNU6-940P	
RNU6-941P	
RNU6-942P	-0.1514107522648601
RNU6-943P	0.1935697539052563
RNU6-944P	-0.0855250738710952
RNU6-945P	-0.1572284527393472
RNU6-946P	-0.20911432301211402
RNU6-947P	
RNU6-948P	-0.3179099463839759
RNU6-949P	0.38088064212036493
RNU6-950P	
RNU6-951P	0.022708309399552373
RNU6-952P	
RNU6-953P	-0.024835180199556245
RNU6-954P	
RNU6-955P	
RNU6-956P	
RNU6-957P	
RNU6-958P	
RNU6-959P	
RNU6-95P	
RNU6-960P	-0.009285939150403533
RNU6-961P	
RNU6-964P	
RNU6-965P	0.2828395602640671
RNU6-966P	
RNU6-967P	
RNU6-968P	
RNU6-969P	
RNU6-970P	
RNU6-971P	
RNU6-972P	
RNU6-973P	
RNU6-974P	
RNU6-975P	
RNU6-976P	
RNU6-977P	0.14941865319025666
RNU6-978P	-0.0026366779991051836
RNU6-979P	-0.055336791637305975
RNU6-97P	0.2614941148828815
RNU6-980P	
RNU6-982P	
RNU6-983P	
RNU6-984P	0.11125760384342238
RNU6-985P	
RNU6-986P	
RNU6-987P	-0.19290144609542448
RNU6-989P	
RNU6-98P	
RNU6-990P	
RNU6-991P	
RNU6-992P	-0.10470521142177013
RNU6-993P	-0.19290144609542448
RNU6-994P	-0.10853980208721282
RNU6-995P	0.2105897689219193
RNU6-996P	
RNU6-997P	0.38088064212036493
RNU6-998P	-0.08346698480619565
RNU6-999P	
RNU6-99P	
RNU6ATAC	0.38336766799238886
RNU6ATAC10P	-0.24254149121594412
RNU6ATAC11P	
RNU6ATAC12P	
RNU6ATAC13P	
RNU6ATAC14P	
RNU6ATAC15P	-0.2273688780149567
RNU6ATAC16P	-0.12096215896965372
RNU6ATAC17P	
RNU6ATAC18P	0.40443776428636263
RNU6ATAC19P	
RNU6ATAC20P	-0.04837342133390009
RNU6ATAC21P	
RNU6ATAC22P	
RNU6ATAC23P	
RNU6ATAC24P	-0.16523652763119098
RNU6ATAC25P	-0.1439918292211775
RNU6ATAC26P	-0.0026366779991051836
RNU6ATAC27P	-0.164611523284566
RNU6ATAC28P	
RNU6ATAC29P	0.2828395602640671
RNU6ATAC2P	-0.19237234958193572
RNU6ATAC30P	-0.047326290395250464
RNU6ATAC31P	
RNU6ATAC32P	
RNU6ATAC33P	
RNU6ATAC34P	-0.2268092041061504
RNU6ATAC35P	0.2958223818653716
RNU6ATAC36P	-0.3128346596643107
RNU6ATAC37P	
RNU6ATAC38P	-0.15520086330967317
RNU6ATAC39P	-0.1814983642892636
RNU6ATAC3P	
RNU6ATAC40P	
RNU6ATAC41P	
RNU6ATAC42P	
RNU6ATAC4P	-0.19856892667060497
RNU6ATAC5P	
RNU6ATAC6P	
RNU6ATAC7P	-0.19290144609542448
RNU6ATAC8P	-0.04569926537678364
RNU6ATAC9P	
RNU6V	0.38088064212036493
RNU7-1	
RNU7-102P	
RNU7-103P	-0.03996518288879733
RNU7-104P	
RNU7-105P	
RNU7-106P	
RNU7-107P	-0.2762979906897932
RNU7-110P	
RNU7-111P	-0.044672028610039216
RNU7-113P	-0.1930822842739749
RNU7-115P	-0.045981764866863804
RNU7-116P	
RNU7-119P	
RNU7-11P	-0.12422273427963064
RNU7-120P	
RNU7-121P	
RNU7-123P	-0.34090160967603994
RNU7-124P	0.004017696183587941
RNU7-125P	-0.37169066354098723
RNU7-126P	
RNU7-127P	-0.1514107522648601
RNU7-128P	
RNU7-129P	
RNU7-12P	0.08392095049566564
RNU7-130P	
RNU7-133P	
RNU7-134P	0.11125760384342238
RNU7-135P	0.025220608219032565
RNU7-136P	
RNU7-137P	
RNU7-138P	
RNU7-13P	-0.3401778783532435
RNU7-140P	-0.009924170643678225
RNU7-141P	-0.16011943671806547
RNU7-143P	
RNU7-144P	
RNU7-147P	-0.0026366779991051836
RNU7-148P	
RNU7-149P	
RNU7-14P	0.2828395602640671
RNU7-151P	0.09076997229817951
RNU7-152P	
RNU7-153P	
RNU7-154P	
RNU7-155P	
RNU7-156P	
RNU7-157P	
RNU7-159P	
RNU7-160P	
RNU7-161P	
RNU7-163P	-0.38674243068924113
RNU7-164P	
RNU7-165P	-0.055336791637305975
RNU7-167P	
RNU7-169P	
RNU7-16P	-0.032369736369049294
RNU7-170P	-0.021694100094484966
RNU7-171P	-0.1601481736395137
RNU7-172P	-0.055336791637305975
RNU7-173P	
RNU7-174P	
RNU7-175P	
RNU7-176P	
RNU7-179P	
RNU7-180P	
RNU7-181P	0.03720407432783082
RNU7-182P	
RNU7-183P	
RNU7-185P	
RNU7-186P	
RNU7-187P	0.08392095049566564
RNU7-188P	0.00355712662185865
RNU7-18P	
RNU7-190P	0.38088064212036493
RNU7-192P	
RNU7-193P	-0.19290144609542448
RNU7-194P	
RNU7-195P	
RNU7-196P	
RNU7-197P	
RNU7-19P	0.3808806421203646
RNU7-200P	-0.24254149121594412
RNU7-20P	
RNU7-21P	
RNU7-22P	
RNU7-23P	
RNU7-24P	-0.020783347415587964
RNU7-25P	-0.19290144609542448
RNU7-26P	
RNU7-27P	0.2828395602640671
RNU7-28P	0.14941865319025666
RNU7-29P	-0.09285764234185948
RNU7-2P	
RNU7-30P	-0.07766035162457967
RNU7-31P	
RNU7-34P	
RNU7-35P	
RNU7-36P	-0.24254149121594412
RNU7-37P	
RNU7-38P	-0.048993352761335575
RNU7-3P	-0.020783347415587964
RNU7-40P	-0.31566975460877744
RNU7-41P	-0.24254149121594412
RNU7-43P	0.21495256873815466
RNU7-45P	-0.18641048370071003
RNU7-46P	
RNU7-47P	-0.012110098544255331
RNU7-48P	-0.2579853962310128
RNU7-49P	
RNU7-4P	
RNU7-50P	
RNU7-51P	
RNU7-52P	
RNU7-53P	
RNU7-54P	
RNU7-55P	
RNU7-56P	-0.2762979906897932
RNU7-57P	0.12960074232361707
RNU7-58P	-0.1009796118419947
RNU7-59P	-0.013286906012597563
RNU7-5P	0.38088064212036493
RNU7-60P	
RNU7-61P	-0.16279963239419998
RNU7-62P	
RNU7-63P	
RNU7-64P	
RNU7-65P	
RNU7-66P	
RNU7-67P	
RNU7-69P	
RNU7-6P	0.00355712662185865
RNU7-70P	
RNU7-71P	-0.020783347415587964
RNU7-72P	-0.1341158223724022
RNU7-73P	
RNU7-74P	
RNU7-75P	
RNU7-76P	
RNU7-77P	-0.1014153996975829
RNU7-79P	
RNU7-7P	-0.028723508853507253
RNU7-80P	0.25041841331473136
RNU7-81P	
RNU7-84P	
RNU7-85P	0.051969692804862744
RNU7-87P	
RNU7-88P	-0.16171891929644236
RNU7-8P	
RNU7-90P	-0.37169066354098723
RNU7-92P	
RNU7-93P	
RNU7-94P	
RNU7-95P	-0.19290144609542448
RNU7-96P	0.38088064212036493
RNU7-97P	-0.020783347415587964
RNU7-99P	
RNU7-9P	
RNVU1-1	-0.026292044516778346
RNVU1-10	-0.16160436702566575
RNVU1-11	
RNVU1-12	
RNVU1-13	-0.19628850982189527
RNVU1-14	0.020163142757668284
RNVU1-15	-0.1289713085291803
RNVU1-16	
RNVU1-17	
RNVU1-18	0.06167844618911985
RNVU1-19	-0.10707164975770675
RNVU1-2	-0.3210621669790901
RNVU1-20	-0.18679678617745682
RNVU1-3	
RNVU1-4	
RNVU1-5	
RNVU1-6	0.07096743438850818
RNVU1-7	0.17468872491501733
RNVU1-8	
RNVU1-9	-0.1911281214179999
RNY1	-0.05389901704491883
RNY1P1	
RNY1P2	
RNY1P3	
RNY1P4	0.11125760384342238
RNY1P5	
RNY1P6	
RNY1P7	
RNY1P8	-0.12640486345965019
RNY3	-0.03935562385110778
RNY3P1	-0.0342177526145588
RNY3P10	
RNY3P2	
RNY3P3	
RNY3P4	
RNY3P5	
RNY3P6	0.00355712662185865
RNY3P7	
RNY3P8	
RNY3P9	
RNY4	0.0680160681918755
RNY4P1	-0.034615839626897245
RNY4P10	
RNY4P11	0.041765798295908256
RNY4P13	-0.014705004747439547
RNY4P14	
RNY4P15	-0.2762979906897932
RNY4P16	-0.055336791637305975
RNY4P17	
RNY4P18	
RNY4P19	-0.15143498863442864
RNY4P2	
RNY4P20	
RNY4P22	
RNY4P23	
RNY4P24	
RNY4P25	-0.25742972874745396
RNY4P26	
RNY4P27	-0.055336791637305975
RNY4P28	-0.24254149121594412
RNY4P29	
RNY4P3	-0.24799007655264946
RNY4P30	
RNY4P31	
RNY4P4	0.004287828129584668
RNY4P5	0.04776375883227673
RNY4P6	
RNY4P7	0.18785770326163767
RNY4P8	
RNY4P9	-0.10066041425580846
RNY5	0.03598531932324587
RNY5P1	0.1796760314076007
RNY5P3	
RNY5P4	
RNY5P5	-0.3192442393942737
RNY5P8	0.10622538850668979
ROBO1	-0.4823641389461474
ROBO2	-0.0533264664199237
ROBO2P1	-0.04569505314679213
ROBO3	0.11283337716869536
ROBO4	-0.1261189087960162
ROCK1	-0.29478580740187543
ROCK1P1	-0.2665276680159724
ROCK2	0.06845367584594285
ROGDI	0.18356724184129813
ROM1	0.08710360581518045
ROMO1	-0.10560725017621331
ROPN1	-0.05141051510129989
ROPN1B	-0.03917011239698036
ROPN1L	-0.03624716221278178
ROPN1L-AS1	-0.008101322989689626
ROR1	-0.06558828618067468
ROR2	0.13346836809853418
RORA	-0.4620114216175868
RORB	-0.064619414338237
RORC	0.19427894170004822
ROS1	-0.42667208695513803
RP1	-0.025164419023137995
RP11-13G14.4	-0.17230664591619343
RP11-363D14.1	-0.08142022275292583
RP11-95H11.1	-0.27186558174076286
RP1L1	0.04204142807593927
RP2	-0.14649636841746766
RP4-622L5.2	
RP4-622L5.7	-0.08908660693367142
RP9	-0.24354873754298334
RP9P	-0.006615381404914473
RPA1	-0.3163657513609021
RPA2	-0.34215732062930193
RPA2P1	0.1935697539052563
RPA2P2	-0.20765138129795188
RPA2P3	-0.061055639538348506
RPA3	-0.16388734774298258
RPA3-AS1	0.18463863607557676
RPA4	-0.10149607558446266
RPAIN	-0.24308534823838482
RPAP1	-0.25196109461037625
RPAP2	-0.2749187060896469
RPAP3	-0.3959851748653407
RPE	-0.16476334525961087
RPE65	0.004509823725319317
RPEP1	
RPEP2	-0.04947105959806506
RPEP3	0.39144700406987804
RPEP4	0.44096714320887015
RPEP5	
RPEP6	0.14666929536560408
RPF1	-0.2104636234156508
RPF2	-0.14196743290920089
RPF2P1	-0.1263010881135098
RPF2P2	-0.055336791637305975
RPGR	-0.20350241553310866
RPGRIP1	-0.2547446409246247
RPGRIP1L	-0.18158084688576281
RPH3A	-0.10355337113975285
RPH3AL	0.3131536468810975
RPIA	-0.1597841657167016
RPIAP1	0.33687340178219327
RPL10	-0.3567078831445793
RPL10A	-0.2977446982868636
RPL10AP2	0.013693451519965214
RPL10AP6	-0.21792113654125914
RPL10L	0.2054561896009289
RPL10P1	0.07333310171449388
RPL10P14	0.17512261707648502
RPL10P15	0.05845689259840654
RPL10P3	0.09720002789002025
RPL11	-0.3738722508428959
RPL11P5	0.020879993451300406
RPL12	-0.3462032518860473
RPL12L3	0.042401801526547295
RPL12P1	0.02423276180638263
RPL12P11	0.17721180783402787
RPL12P18	-0.13876543598129132
RPL12P2	-0.1427431078590014
RPL12P23	-0.09687128375854111
RPL12P29	0.0427272960685835
RPL12P3	
RPL12P33	-0.15931332269086385
RPL12P34	-0.13110299879747536
RPL12P37	-0.09509514023687043
RPL12P38	-0.07455028020413515
RPL12P39	-0.08836915376671914
RPL12P4	-0.10316061733063998
RPL12P41	0.1764364721893358
RPL12P43	
RPL12P44	-0.2417346258841907
RPL12P8	-0.24964846447528885
RPL12P9	0.08392095049566564
RPL13	-0.1551672193400607
RPL13A	-0.24777957426944616
RPL13AP	-0.1447591091357008
RPL13AP17	-0.08021812082076567
RPL13AP2	-0.02131708840314961
RPL13AP20	-0.023071295445572154
RPL13AP25	-0.026950875613896304
RPL13AP3	0.09118192657639762
RPL13AP5	-0.12884996606956842
RPL13AP6	-0.11917154575516706
RPL13AP7	-0.08429603777121916
RPL13P	-0.07436761440928799
RPL13P12	-0.1397976592869144
RPL13P2	0.08482326730587145
RPL13P4	-0.11168316215805002
RPL13P5	-0.29157277592818126
RPL13P6	0.04407848889188
RPL14	-0.36679956419837717
RPL14P1	-0.16153695446243385
RPL14P5	0.15105801287221163
RPL15	-0.2905180983195004
RPL15P1	0.09708962572420744
RPL15P18	0.021211734065993183
RPL15P2	0.10151825441920265
RPL15P20	-0.050679960419053684
RPL15P21	-0.2987721954023217
RPL15P3	-0.24193192572857325
RPL15P4	0.06931039166860764
RPL17	-0.019114127724002523
RPL17-C18orf32	
RPL17P1	0.2779518962819056
RPL17P11	-0.1514107522648601
RPL17P12	-0.028177012439434542
RPL17P17	0.039774535118033735
RPL17P19	-0.12294553613373284
RPL17P2	0.10249553009095085
RPL17P20	0.21685522511041422
RPL17P22	-0.19632515289817407
RPL17P25	-0.008948234820388062
RPL17P26	0.002132461804813612
RPL17P3	0.04627666218554521
RPL17P33	-0.18634190509235354
RPL17P35	-0.3192442393942737
RPL17P37	-0.06443371878189459
RPL17P40	-0.020291720086148612
RPL17P41	0.13035548200564445
RPL17P42	-0.09486466547086492
RPL17P43	-0.0501525836001625
RPL17P44	-0.1742569687349657
RPL17P45	-0.04290677612299534
RPL17P46	-0.10209719836199062
RPL17P49	0.27607778469369576
RPL17P50	-0.0014807321010448101
RPL17P51	-0.013825863541447918
RPL18	-0.1486192649172915
RPL18A	-0.3258416699464916
RPL18AP14	0.2878428491937791
RPL18AP15	-0.16341774836399528
RPL18AP16	-0.0779278594869715
RPL18AP17	
RPL18AP2	0.08618642991800561
RPL18AP3	-0.2801979225197637
RPL18AP7	-0.07803889242873684
RPL18AP8	0.1295111789439479
RPL18P10	-0.07526879530977416
RPL18P11	-0.10683549097558781
RPL18P13	0.13611922770870186
RPL19	-0.41418984910859574
RPL19P1	0.2828395602640671
RPL19P11	0.05638438326877016
RPL19P12	-0.08645023716810288
RPL19P13	0.04964629655810112
RPL19P14	0.07226118117906537
RPL19P18	0.025280124883267342
RPL19P20	0.15005136413247894
RPL19P21	-0.12487801251482793
RPL21	-0.4068997140006974
RPL21P1	-0.012377344601251627
RPL21P10	-0.13446229160310988
RPL21P103	0.02203251715231372
RPL21P104	-0.04244882579491289
RPL21P106	-0.1705583794455747
RPL21P107	0.06645308629252514
RPL21P108	0.13063390020070714
RPL21P109	0.11469899865977569
RPL21P11	-0.017609907434052764
RPL21P110	0.008966940720862742
RPL21P111	0.2107793489001058
RPL21P112	-0.020534345701404243
RPL21P116	0.0948251242960672
RPL21P119	-0.15110074222464792
RPL21P12	-0.06722276182110358
RPL21P120	0.12677968538377443
RPL21P121	
RPL21P122	-0.17726725371216942
RPL21P123	-0.026788123450347368
RPL21P126	0.2031890521975473
RPL21P127	0.07039151601061988
RPL21P129	-0.014158751879822642
RPL21P13	-0.18389758226617098
RPL21P131	-0.2775676398380139
RPL21P132	-0.06896152906052323
RPL21P133	0.04837521976676071
RPL21P134	0.13959352589321825
RPL21P135	0.032068540676248584
RPL21P17	0.16660414653019237
RPL21P2	0.13270333471258633
RPL21P23	0.03981223514642855
RPL21P24	0.06494851650650511
RPL21P28	-0.14643019219913875
RPL21P3	-0.2949321268811343
RPL21P32	0.07416095358201107
RPL21P38	0.00394615128273996
RPL21P39	-0.11682105801767562
RPL21P4	-0.04389492830570692
RPL21P40	0.01970420315509159
RPL21P41	0.05665002298376432
RPL21P42	0.03830884935523664
RPL21P43	0.14759674854970792
RPL21P44	-0.16789401146004515
RPL21P47	
RPL21P5	0.07140840113246884
RPL21P50	0.04038611987419407
RPL21P54	-0.22870531887695628
RPL21P6	
RPL21P65	-0.2555401726691577
RPL21P66	0.04592697371007936
RPL21P67	0.04194074233517528
RPL21P7	-0.2760418637258059
RPL21P71	-0.12745330520547968
RPL21P75	-0.3116620986593681
RPL21P8	-0.10480710541545793
RPL21P9	0.29937483161894735
RPL22	-0.1651053260630751
RPL22L1	-0.3410260913446801
RPL22P11	0.19750764412151206
RPL22P18	0.09965480504827191
RPL22P19	-0.12101439825898422
RPL22P22	0.10364277899853164
RPL23	-0.29503367555797116
RPL23A	-0.38477943998870695
RPL23AP1	
RPL23AP10	-0.1514107522648601
RPL23AP12	0.06520049463478639
RPL23AP2	0.03307974190258476
RPL23AP22	0.24875054119988158
RPL23AP23	
RPL23AP3	0.1552369981201621
RPL23AP35	-0.13199366661392267
RPL23AP39	0.00355712662185865
RPL23AP4	-0.16324663525599187
RPL23AP40	0.04776375883227673
RPL23AP46	0.302161293335866
RPL23AP50	-0.27812113689786033
RPL23AP51	
RPL23AP53	-0.12325701747562853
RPL23AP54	-0.17693734261548677
RPL23AP6	-0.27125584452328705
RPL23AP60	-0.03516739639728927
RPL23AP62	0.2925525184546103
RPL23AP64	0.06557676733699894
RPL23AP67	-0.1521740169646385
RPL23AP68	0.24586488395862097
RPL23AP69	0.043977003759268656
RPL23AP7	-0.38726984209915694
RPL23AP72	-0.13348268554115386
RPL23AP73	-0.02192853612162227
RPL23AP76	0.07262397743495673
RPL23AP77	0.08648311173637067
RPL23AP78	-0.11714792042971724
RPL23AP79	0.353075583819029
RPL23AP80	-0.022149142409587264
RPL23AP81	-0.2387087412509264
RPL23AP83	-0.2928134851869172
RPL23P10	0.18781841302141442
RPL23P11	-0.22003448302180242
RPL23P2	-0.035496243887934056
RPL23P4	0.12269572133124246
RPL23P8	0.00973368267807119
RPL24	-0.39462227344995715
RPL24P2	0.01490616773808089
RPL24P4	-0.14576591941840447
RPL24P7	0.0515488817837891
RPL24P8	0.09867089583899655
RPL26	-0.006803038001472709
RPL26L1	-0.23045345876632414
RPL26P20	0.04608239494940077
RPL26P3	-0.12290713711084995
RPL26P30	-0.11670837274170008
RPL26P31	-0.19290144609542448
RPL26P34	-0.07091044662791471
RPL26P35	0.04264882440878775
RPL26P37	-0.00597902759270714
RPL26P9	0.3221092156801269
RPL27	-0.3688544085631441
RPL27A	-0.2553347723239332
RPL27AP	-0.4058521645755262
RPL27AP5	0.010530504556965423
RPL27AP8	0.058464745423669195
RPL27P12	-0.16011943671806547
RPL28	-0.2822429010510813
RPL29	-0.20458578867750005
RPL29P11	-0.30467629744582003
RPL29P12	-0.07797770781103132
RPL29P14	-0.007020926022602239
RPL29P19	-0.1611386230614214
RPL29P2	-0.05213833526987238
RPL29P22	-0.22145861915143505
RPL29P23	-0.07119181599429147
RPL29P24	-0.17269197156270252
RPL29P25	-0.13219668224269834
RPL29P28	-0.1161359717431037
RPL29P29	
RPL29P3	0.1166779723424023
RPL29P30	-0.022232835451598865
RPL29P32	
RPL29P33	-0.14385969765397752
RPL29P7	-0.02793778161976351
RPL3	-0.2772001471141566
RPL30	-0.35315256589960214
RPL30P1	0.025211931457535947
RPL30P10	-0.33680386468387485
RPL30P11	-0.36558459232672186
RPL30P12	0.10806290054996096
RPL30P13	0.13543318213037434
RPL30P14	-0.07830720350731589
RPL30P15	0.02412072371748826
RPL30P16	-0.05977065224439617
RPL30P2	0.321985878266238
RPL30P3	-0.1064807130020044
RPL30P4	-0.014288840385765451
RPL30P5	0.09355887866212259
RPL30P6	0.2890234727760916
RPL30P7	-0.3431124828674258
RPL30P9	0.009949818194515838
RPL31	-0.26460334664013907
RPL31P1	-0.36012420245257304
RPL31P11	-0.08551914875829532
RPL31P12	-0.1696849572004514
RPL31P13	0.16107974048930523
RPL31P15	
RPL31P2	0.0490163987080917
RPL31P20	0.17092190870860363
RPL31P28	0.2560952401995118
RPL31P3	0.09845504119810082
RPL31P33	-0.2762979906897932
RPL31P35	0.20774303570045816
RPL31P40	-0.23186392680744827
RPL31P41	-0.14721406721386113
RPL31P47	
RPL31P49	-0.1503837851853184
RPL31P50	-0.15516424028277676
RPL31P52	-0.10238533577155515
RPL31P53	-0.24254149121594412
RPL31P54	0.18844269128991697
RPL31P56	
RPL31P57	0.1878806317527726
RPL31P58	0.07159800592664894
RPL31P59	0.19064833032896958
RPL31P60	
RPL31P61	0.05793548588158582
RPL31P63	-0.062076126085644785
RPL31P7	-0.0041521582992371615
RPL31P9	
RPL32	-0.33732434249077636
RPL32P1	-0.46495201078917364
RPL32P14	-0.020783347415587964
RPL32P26	0.041240964152328634
RPL32P28	0.1556696738890399
RPL32P29	
RPL32P3	-0.2824737920553123
RPL32P31	-0.302181187709843
RPL32P33	-0.1516081800228624
RPL32P34	0.05002423210780132
RPL32P35	
RPL32P9	
RPL34	-0.2069158913943335
RPL34-AS1	-0.057973964265795284
RPL34P1	-0.2522907266720571
RPL34P17	-0.057171782574726826
RPL34P18	-0.032051418211896825
RPL34P21	-0.05011019643877746
RPL34P22	-0.09217825332117752
RPL34P23	-0.317527222435671
RPL34P26	-0.04347223233844363
RPL34P27	0.0677907449921731
RPL34P29	0.09097536592319669
RPL34P3	-0.11170518993647671
RPL34P31	0.1103394143224608
RPL34P33	0.057827119587570384
RPL34P34	0.06499622555521303
RPL34P6	0.11105633081837431
RPL35	-0.35808056931330823
RPL35A	-0.3457014228233819
RPL35AP	0.06782357005005403
RPL35AP12	0.2828395602640671
RPL35AP15	0.013209780691953001
RPL35AP18	
RPL35AP19	-0.2356976270414561
RPL35AP21	-0.00576899647502888
RPL35AP22	0.052359995720511136
RPL35AP26	0.11311322730112652
RPL35AP3	-0.27081472322647776
RPL35AP30	0.3194962791592726
RPL35AP31	-0.21700232787395907
RPL35AP32	0.11375416142603662
RPL35AP33	-0.29086022957660235
RPL35AP35	0.08959521284608038
RPL35AP4	-0.07999333291260821
RPL35P1	-0.12486229320252273
RPL35P2	-0.0602825598775224
RPL35P3	-0.05939790653736884
RPL35P4	0.06952052443655554
RPL35P5	-0.09065615567941032
RPL35P6	-0.02325159008211473
RPL35P8	-0.01654617962799647
RPL35P9	0.07132684682999758
RPL36	-0.17313059113100976
RPL36A	-0.1607359044062819
RPL36A-HNRNPH2	
RPL36AL	-0.12022441720986075
RPL36AP10	0.09174949073287383
RPL36AP13	0.01794845093188901
RPL36AP15	0.17860870826135844
RPL36AP21	0.1015246838203879
RPL36AP26	-0.05747988182721871
RPL36AP29	0.14638671081227103
RPL36AP33	-0.24254149121594412
RPL36AP35	-0.1514107522648601
RPL36AP39	0.02319326434182771
RPL36AP40	-0.027933012806891342
RPL36AP41	-0.19089978340144698
RPL36AP43	-0.008490628398553655
RPL36AP45	0.12932376122401468
RPL36AP48	0.05849923956697203
RPL36AP51	0.08266178515172933
RPL36AP53	0.18962904141129727
RPL36AP55	0.20046044184238226
RPL36AP6	-0.06325307041032303
RPL36P1	-0.1089222052755103
RPL36P16	0.11405719157616778
RPL36P18	-0.2414495490906148
RPL36P19	-0.0026366779991051836
RPL36P2	0.19257550574382412
RPL36P20	0.12180075925614335
RPL36P4	-0.17264448350604442
RPL37	-0.2845593387518758
RPL37A	-0.26001111931315557
RPL37AP1	0.022804851440063032
RPL37AP8	0.003184653728031851
RPL37P1	-0.009257830101341026
RPL37P10	0.00355712662185865
RPL37P15	-0.11353575022062115
RPL37P2	-0.07177238708988037
RPL37P21	
RPL37P23	-0.1583267108721946
RPL37P25	-0.24341451384879048
RPL37P3	0.12036142475453525
RPL37P4	-0.1559163333191993
RPL38	-0.29089650439694215
RPL38P1	-0.023093899542011874
RPL38P3	-0.12018721210318407
RPL38P4	0.06441954890017434
RPL39	-0.30517379147633183
RPL39L	-0.25916322075416326
RPL39P	0.06816247002619014
RPL39P25	-0.06925122033452542
RPL39P26	-0.1994405709039652
RPL39P28	0.3869598722433884
RPL39P29	-0.12311183888310588
RPL39P3	-0.008742967310676586
RPL39P31	0.33317865506526567
RPL39P33	-0.14046776670470593
RPL39P34	
RPL39P36	-0.267906501160463
RPL39P38	0.1535246953115281
RPL39P40	0.05495261449026911
RPL39P5	0.015780190333127945
RPL39P6	-0.2065735098675674
RPL3L	0.053899684435424984
RPL3P1	0.005750123469463046
RPL3P10	0.13726967014820618
RPL3P11	-0.019586066400079975
RPL3P12	0.05997111280470032
RPL3P13	0.004780098991291807
RPL3P2	-0.004581687253684937
RPL3P3	-0.13348055416799223
RPL3P4	-0.05922044499909445
RPL3P5	-0.11419566652272578
RPL3P6	0.09615462120600465
RPL3P7	0.018511086591998117
RPL3P8	0.14741067796193466
RPL3P9	0.023882327104429862
RPL4	-0.40304252862037027
RPL41	-0.3290939207482089
RPL41P1	-0.30604302078556234
RPL41P2	0.02205764538048494
RPL4P1	-0.4088917064981269
RPL4P2	0.020220766745618093
RPL4P3	0.12305738237468439
RPL4P4	-0.21568418245514445
RPL4P5	-0.18292705686282326
RPL4P6	0.006693040164022873
RPL5	-0.2339750468576388
RPL5P1	-0.07363163812953018
RPL5P10	-0.032852965451122255
RPL5P11	0.039721152479404984
RPL5P12	0.01840647771359017
RPL5P13	-0.4025390395570233
RPL5P14	0.04893465140633999
RPL5P15	-0.15738645292108153
RPL5P16	-0.2762979906897932
RPL5P17	0.09460949188044161
RPL5P18	0.021975821227520977
RPL5P19	-0.026292044516778346
RPL5P2	0.0938073092628852
RPL5P20	-0.11898972545811752
RPL5P21	0.11125760384342238
RPL5P22	0.0735760050247769
RPL5P23	-0.03851364313846672
RPL5P24	0.06512595802241798
RPL5P25	0.04641700990051562
RPL5P26	-0.011090420404108431
RPL5P27	-0.07176144387343925
RPL5P28	-0.1048844371918157
RPL5P29	0.000737875583539546
RPL5P3	0.07504563705059279
RPL5P30	-0.021656118271085226
RPL5P31	0.1250581541386794
RPL5P32	0.1549807837610045
RPL5P33	-0.10461486444166176
RPL5P34	-0.024181208532075015
RPL5P35	-0.04260882051851682
RPL5P4	-0.11984199584811268
RPL5P5	0.06559996630927292
RPL5P6	-0.055658618905772596
RPL5P7	0.22364742734523907
RPL5P8	0.229576420189536
RPL5P9	-0.03466445241392518
RPL6	-0.37695510740446936
RPL6P12	-0.13088931570214926
RPL6P21	-0.2621230670467569
RPL6P25	-0.1974140980509669
RPL6P27	-0.24844817686340478
RPL6P29	0.1509293546300229
RPL6P30	0.24968788830776162
RPL6P5	0.013921860128447728
RPL6P7	-0.3365806188984459
RPL6P8	0.21264098818421517
RPL6P9	0.0923206844912785
RPL7	-0.31879485622222375
RPL7A	-0.3773726725477417
RPL7AL2	0.025092596685364576
RPL7AL3	
RPL7AP10	-0.25120955560100944
RPL7AP11	-0.07233855858282744
RPL7AP14	-0.07219617654516298
RPL7AP2	0.15905301035988342
RPL7AP23	0.233272392932799
RPL7AP25	-0.028301137116042444
RPL7AP26	0.16431186822170993
RPL7AP28	-0.09250331050436825
RPL7AP3	0.09090798278532614
RPL7AP30	0.03778544056641609
RPL7AP31	-0.007651312314475852
RPL7AP33	0.0835737515530269
RPL7AP34	0.023919159288105972
RPL7AP38	-0.17794987622134603
RPL7AP4	0.0535029750764369
RPL7AP56	-0.160612967481191
RPL7AP57	0.21978945763925062
RPL7AP58	0.144826438490862
RPL7AP6	0.0011631384890117124
RPL7AP60	-0.06090479983456632
RPL7AP61	0.48283602050595986
RPL7AP64	-0.031158297554511216
RPL7AP65	0.17695202345800273
RPL7AP66	-0.027701392198970012
RPL7AP69	-0.032616781849259896
RPL7AP7	0.10570176883539313
RPL7AP71	-0.15796792405867827
RPL7AP72	0.09957083844836899
RPL7AP73	-0.14665358280333404
RPL7AP8	-0.31803949146680954
RPL7L1	-0.13500873630067578
RPL7L1P1	-0.02767741565481115
RPL7L1P10	-0.019950642642698645
RPL7L1P11	-0.04030068017220505
RPL7L1P12	-0.15674868827275898
RPL7L1P13	-0.032415023248307355
RPL7L1P2	0.054066209319705794
RPL7L1P3	-0.02913353699164984
RPL7L1P4	0.23589724397601838
RPL7L1P5	0.129234919295899
RPL7L1P7	-0.24254149121594412
RPL7L1P8	0.060697924926479054
RPL7L1P9	0.1852315757828493
RPL7P14	0.048805469319527846
RPL7P2	0.011633526721602686
RPL7P22	0.09046347704770041
RPL7P26	0.026779569399605303
RPL7P29	0.10287861275545247
RPL7P3	0.24406327098608874
RPL7P30	-0.22062773102849553
RPL7P31	0.10133948271664912
RPL7P36	-0.1990598126212447
RPL7P4	0.07626105936611081
RPL7P40	-0.22003448302180242
RPL7P41	0.10897042782612687
RPL7P44	0.031544965924700887
RPL7P45	0.23457170694862045
RPL7P47	0.065826538988102
RPL7P48	0.17909425321392158
RPL7P5	-0.09765243355326107
RPL7P50	0.05313698913744547
RPL7P51	-0.34233474301868044
RPL7P53	-0.1387435315027472
RPL7P54	-0.1251399008597767
RPL7P55	0.010227301863777438
RPL7P56	-0.05172185369605495
RPL7P57	0.01622784023285883
RPL8	-0.14439945671581084
RPL8P2	-0.029701358469374908
RPL9	-0.18953805188616318
RPL9P15	-0.16171891929644236
RPL9P16	-0.25979220543121373
RPL9P18	-0.2383159103049017
RPL9P2	0.12875994405317528
RPL9P25	
RPL9P28	-0.07873605602289398
RPL9P29	-0.15536372897375678
RPL9P3	0.042954871926326424
RPL9P30	-0.07623426459258224
RPL9P31	0.14170931566741293
RPL9P32	-0.0015186949589491335
RPL9P33	-0.36762036435734446
RPL9P5	-0.0988283769454848
RPL9P7	-0.10058823352237357
RPL9P8	-0.140799612752774
RPL9P9	-0.18837329725005628
RPLP0	-0.0962723385312119
RPLP0P1	0.05852385718998829
RPLP0P11	0.0462329909023649
RPLP0P2	0.16106216866014847
RPLP0P6	0.050722502092568664
RPLP0P7	0.013711879466800456
RPLP1	-0.0627860049956704
RPLP1P11	
RPLP1P13	0.046575849886850006
RPLP2	-0.16329644336143384
RPLP2P1	0.17495291778076474
RPN1	0.07347921463115886
RPN2	-0.08108809903900169
RPP14	0.12436986059600126
RPP21	-0.1825646361983181
RPP25	0.12953811700439807
RPP25L	0.10516545240866733
RPP30	-0.3190551035389315
RPP38	-0.1339144031447835
RPP40	-0.04736909345596968
RPP40P1	
RPP40P2	0.14980128223336642
RPPH1	-0.03400591572107934
RPPH1-2P	0.00355712662185865
RPPH1-3P	
RPRD1A	-0.11377967511863021
RPRD1B	-0.2866241571158641
RPRD2	-0.15830200214194814
RPRM	0.11365483005884011
RPRML	0.006947058044642321
RPS10	-0.29203293992490176
RPS10-NUDT3	
RPS10L	-0.011340912678597529
RPS10P14	-0.0019940330181920886
RPS10P16	-0.3325774156278643
RPS10P18	0.039707445664006996
RPS10P2	0.2182624745580758
RPS10P20	
RPS10P21	-0.028482098812473836
RPS10P27	-0.08400134628916
RPS10P28	0.024768157736245477
RPS10P3	0.01776944105643956
RPS10P7	-0.20091108094125362
RPS11	-0.4154744923705324
RPS11P1	-0.013738456524919711
RPS11P5	-0.09266007259620321
RPS11P6	0.04140511243477512
RPS11P7	0.05947232725351608
RPS12	-0.28068204942036423
RPS12P10	-0.1514107522648601
RPS12P15	-0.14984598361921955
RPS12P18	-0.1059427036460185
RPS12P2	-0.09392577757282243
RPS12P20	-0.1531898711132572
RPS12P21	
RPS12P23	-0.09147064082465406
RPS12P24	-0.1524843974746794
RPS12P26	-0.13496611718199783
RPS12P27	-0.23022158653610836
RPS12P28	-0.10854735124589568
RPS12P31	-0.19158938211265808
RPS12P5	0.20143495965744632
RPS13	-0.2918320199466808
RPS14	-0.29115218107905166
RPS14P3	0.17206424562569164
RPS14P4	0.1172077752939447
RPS14P7	-0.0026366779991051836
RPS15	-0.05266915453924649
RPS15A	-0.09060904140250443
RPS15AP1	-0.05432947678970757
RPS15AP10	-0.07166290240793921
RPS15AP11	-0.027699705364663475
RPS15AP12	0.007246878926060727
RPS15AP16	-0.37169066354098723
RPS15AP18	-0.02927729966978132
RPS15AP24	0.1448935656938943
RPS15AP25	0.19624626517383745
RPS15AP27	0.17415958421115457
RPS15AP3	-0.006626274677608831
RPS15AP32	
RPS15AP34	-0.1607454086809909
RPS15AP36	-0.0011706395587053565
RPS15AP38	-0.0595678415532669
RPS15AP40	0.04602451290819603
RPS15AP5	0.04687593997509714
RPS15AP6	-0.05351344353197347
RPS15AP7	0.2469165497861899
RPS15AP9	-0.1559271436144008
RPS15P5	-0.10230597184557885
RPS15P9	-0.026840958659581745
RPS16	-0.38206173934094895
RPS16P5	-0.1255709912707334
RPS16P8	0.12248020523650452
RPS16P9	-0.045861067223539685
RPS17	-0.1625586007580964
RPS17L	-0.0872137128457705
RPS17P1	-0.11643299044397529
RPS17P11	
RPS17P13	0.18445774782724134
RPS17P14	0.018173117038966954
RPS17P15	0.3498915033258693
RPS17P17	0.14980128223336642
RPS17P2	0.002426086844366681
RPS17P5	-0.08245976246486982
RPS17P8	-0.37169066354098723
RPS18	-0.27382707248590443
RPS18P1	0.038932428624177416
RPS18P12	-0.043237383278253494
RPS18P13	-0.20780531939623548
RPS18P6	0.026208772653511257
RPS18P9	0.099885520186
RPS19	-0.23778661574711582
RPS19BP1	-0.047117271033508136
RPS19P1	-0.13337132053813983
RPS19P3	-0.18619341809557652
RPS19P6	-0.21969257751439744
RPS2	-0.1749475799864026
RPS20	-0.3510220956651184
RPS20P1	0.09144775667905397
RPS20P10	0.07919100496604409
RPS20P14	-0.12915930275712467
RPS20P15	
RPS20P2	0.11196095201751895
RPS20P20	
RPS20P21	
RPS20P22	0.04235316119561826
RPS20P23	0.104523783373998
RPS20P24	-0.00011517065516328281
RPS20P25	0.2577941030512821
RPS20P31	-0.29503196285386324
RPS20P32	-0.1458031562413497
RPS20P33	-0.14716968170647077
RPS20P35	0.02088586014056613
RPS20P4	-0.2580201091409365
RPS21	-0.21174656804607306
RPS21P4	0.020051586823408952
RPS21P8	-0.20429839371960046
RPS23	-0.36549384735267265
RPS23P1	0.02080260958455446
RPS23P10	-0.32593506839087993
RPS23P2	-0.23270385961462917
RPS23P3	0.034753501663541596
RPS23P4	-0.08258229666168981
RPS23P5	-0.273539040705843
RPS23P6	-0.2700188121076089
RPS23P7	-0.21474377889644894
RPS23P8	-0.11497852740818773
RPS23P9	-0.3644024151218608
RPS24	-0.23938686134515683
RPS24P1	-0.10463776308961266
RPS24P12	0.03712182671684434
RPS24P13	0.023705427660842947
RPS24P14	-0.2194635848525022
RPS24P16	0.20129500191824642
RPS24P17	0.12118959247855637
RPS24P18	-0.10190329779517346
RPS24P6	-0.26408478598707197
RPS24P7	0.10103650537755664
RPS24P8	0.025114688377807157
RPS25	-0.3202008583107856
RPS26	-0.3948509331920466
RPS26P11	-0.23969971403564058
RPS26P13	-0.30833143782575584
RPS26P2	-0.24676709850870454
RPS26P21	-0.331172801302565
RPS26P24	
RPS26P3	-0.10947044918642351
RPS26P31	-0.2601624199173527
RPS26P34	0.03772902145389266
RPS26P35	-0.1561330998699773
RPS26P4	-0.1703009784585891
RPS26P43	0.11112188977003615
RPS26P47	-0.23551349483938136
RPS26P49	
RPS26P5	
RPS26P52	-0.2324701436693895
RPS26P54	-0.11164970406174256
RPS26P55	-0.2074036037441543
RPS26P56	-0.11804950198593471
RPS26P6	-0.2067829364762674
RPS26P8	-0.11269701516614034
RPS27	-0.38573705045429796
RPS27A	-0.452654835703824
RPS27AP1	0.05628501421948154
RPS27AP14	-0.15419283832107558
RPS27AP2	0.03896404558735415
RPS27AP3	-0.0062507656855859545
RPS27L	0.060939276494219013
RPS27P1	-0.13110299879747536
RPS27P12	0.08731585201594334
RPS27P14	0.019044625512718554
RPS27P15	-0.11820888389621668
RPS27P16	0.18620916830326292
RPS27P18	-0.16733568988902836
RPS27P20	-0.07963851760340224
RPS27P22	-0.1988945752349877
RPS27P23	-0.12001414500416922
RPS27P25	0.14648089788050203
RPS27P26	-0.0006181279102388069
RPS27P27	0.10105029242400804
RPS27P29	-0.3407276355825326
RPS27P5	-0.2484453130383071
RPS28	-0.13649277438461604
RPS28P1	-0.16011943671806547
RPS28P8	-0.1994405709039652
RPS29	-0.17091386436003367
RPS29P12	-0.11548810035453214
RPS29P13	-0.05801846730817799
RPS29P2	-0.19290144609542448
RPS29P20	-0.04020110360435088
RPS29P22	0.009781022985985348
RPS29P24	0.14941865319025666
RPS29P25	
RPS29P26	0.2828395602640671
RPS29P28	0.06494851650650511
RPS29P6	0.20528343744215458
RPS2P1	0.16538345759725726
RPS2P2	-0.010840834162055384
RPS2P24	-0.030119701255296925
RPS2P25	-0.2825909989537978
RPS2P28	0.0334005754425288
RPS2P32	-0.29231196634237355
RPS2P35	0.027664656084162166
RPS2P39	-0.27389919522749734
RPS2P4	-0.0630103795493213
RPS2P41	-0.08725985466708341
RPS2P44	-0.060006544035483105
RPS2P45	-0.01328631919076498
RPS2P46	-0.010769850527185473
RPS2P48	0.16083000364941571
RPS2P5	-0.22345912299260723
RPS2P52	0.08289545069239995
RPS2P55	-0.03500122209624043
RPS2P6	0.003762030782041867
RPS2P7	-0.03980799724239754
RPS3	-0.2712617955244424
RPS3A	-0.3364354148807415
RPS3AP1	0.09434551993231165
RPS3AP12	-0.18964808745233416
RPS3AP14	-0.07799400907753673
RPS3AP15	0.027515782497083266
RPS3AP17	0.20930829805493045
RPS3AP2	-0.006951273946111559
RPS3AP22	0.12108684644249147
RPS3AP23	
RPS3AP24	0.008498169823672574
RPS3AP25	0.005517836347325904
RPS3AP26	-0.13327794881734822
RPS3AP29	-0.2796390304551013
RPS3AP3	0.04210637497923574
RPS3AP30	-0.14930211921214667
RPS3AP32	-0.2241224917402878
RPS3AP33	0.11518062910765257
RPS3AP34	-0.12933097835036317
RPS3AP35	0.13606322225393438
RPS3AP39	0.06273460442937985
RPS3AP4	-0.11867363740151833
RPS3AP40	-0.15348038164645414
RPS3AP41	-0.13725509068287983
RPS3AP42	-0.08653994856973098
RPS3AP43	-0.12276151031435384
RPS3AP44	0.00520059312714591
RPS3AP46	-0.2277927602859124
RPS3AP47	-0.0026614309104350028
RPS3AP49	0.04034202108019858
RPS3AP5	-0.015552088665479167
RPS3AP50	-0.004470117414385782
RPS3AP52	-0.1089222052755103
RPS3AP53	0.12901097084498733
RPS3AP6	-0.11810065857059687
RPS3AP9	0.14160788857951034
RPS3P1	-0.017754209766915264
RPS3P2	-0.23293297264728224
RPS3P6	0.11438681227788185
RPS3P7	0.041129053238117316
RPS4X	-0.14687802835523628
RPS4XP1	-0.06908354650627563
RPS4XP10	0.2947352822964242
RPS4XP11	0.009738372102851427
RPS4XP12	0.11882471313297896
RPS4XP13	0.04835099752504466
RPS4XP14	0.008957436246472779
RPS4XP15	0.010045517608393041
RPS4XP16	-0.3624194694731745
RPS4XP17	0.1315059872793123
RPS4XP18	0.08012469676670415
RPS4XP19	0.0508612211797832
RPS4XP2	0.022412637993461635
RPS4XP20	0.059776932008623246
RPS4XP21	0.05887647395554987
RPS4XP22	0.1416440453299866
RPS4XP23	-0.10575008883512539
RPS4XP3	0.09696591628767855
RPS4XP4	0.09277753386799938
RPS4XP5	0.2133677049794166
RPS4XP6	-0.05644955205268826
RPS4XP7	0.2862667319746137
RPS4XP8	0.17010812094141595
RPS4XP9	0.08691093847437763
RPS4Y1	-0.07179871025631666
RPS4Y2	-0.17592822482203924
RPS5	-0.15756561066056973
RPS5P2	-0.09089752967357995
RPS5P3	0.06618795928446844
RPS5P7	-0.32683432978605886
RPS6	-0.2333493897660792
RPS6KA1	0.36741581798753514
RPS6KA2	-0.05166181783352647
RPS6KA2-AS1	-0.0026366779991051836
RPS6KA2-IT1	0.0443806621682514
RPS6KA3	0.02463146312866017
RPS6KA4	0.0398699513814197
RPS6KA5	0.1798728056844302
RPS6KA6	0.0709117587279161
RPS6KB1	-0.19953572350089901
RPS6KB2	0.10381110513649702
RPS6KC1	-0.18654694257383156
RPS6KL1	-0.03968540393615154
RPS6P12	-0.009638376414084325
RPS6P16	-0.03896734677986526
RPS6P2	-0.1872684299028004
RPS6P20	0.11960898933099022
RPS6P21	0.006013397486663827
RPS6P22	-0.06514750761211412
RPS6P23	-0.1461651093888631
RPS6P7	0.12088495720087683
RPS6P8	-0.1449988750918935
RPS7	-0.33627598750682
RPS7P1	-0.20872596388941547
RPS7P10	0.006922036683259299
RPS7P11	-0.02573430461419261
RPS7P12	0.048537263426399586
RPS7P13	0.013654903598654825
RPS7P14	-0.17454822309135068
RPS7P15	0.012208285463149145
RPS7P2	-0.10064772579545166
RPS7P3	-0.10714174409319792
RPS7P4	0.036425049735388466
RPS7P5	-0.1318443122142823
RPS7P6	0.11466177947566636
RPS7P7	-0.015900818081162695
RPS7P8	-0.044493957236574976
RPS7P9	0.10085866489643636
RPS8	-0.34203476091705126
RPS8P3	0.013819840845617708
RPS8P6	0.0009793081774536036
RPS9	-0.3378639842724339
RPS9P1	-0.013723729118002449
RPSA	-0.3201795481748702
RPSAP1	0.1126670402490588
RPSAP14	0.013875764744728897
RPSAP15	0.02790775206608419
RPSAP2	-0.10635288691356262
RPSAP34	0.2828395602640671
RPSAP35	
RPSAP37	-0.02584145002919778
RPSAP4	0.031106160089179213
RPSAP41	-0.43013296008339214
RPSAP42	-0.3482151254452475
RPSAP43	0.06185221934808545
RPSAP47	0.08395775877019188
RPSAP51	0.18314107610065872
RPSAP52	0.05365409043925665
RPSAP53	-0.1373040551114956
RPSAP54	0.0006053050567986996
RPSAP55	-0.30879906211074853
RPSAP56	-0.3020420219246652
RPSAP57	0.3102012014165397
RPSAP58	-0.021772242094937524
RPSAP6	-0.008575822064988444
RPSAP63	0.16455890859739963
RPSAP64	
RPSAP8	-0.07868110937587408
RPSAP9	0.26897929253934066
RPTN	-0.1972200197717821
RPTOR	-0.043715389770004394
RPUSD1	-0.06530692787892875
RPUSD2	-0.36015983768902204
RPUSD3	0.002985958300509088
RPUSD4	-0.3781109167835006
RQCD1	-0.40682629146078525
RRAD	-0.2886334166450717
RRAGA	-0.0712804466570653
RRAGB	-0.1944442508778317
RRAGC	0.22088759265694924
RRAGD	-0.19851549666559948
RRAS	-0.0951613771461834
RRAS2	0.1136734951979784
RRBP1	0.2612725441302951
RREB1	0.20623377084895597
RRH	-0.13836698074737655
RRM1	-0.2727505879213429
RRM1-AS1	0.2909272017888552
RRM2	-0.3106396516092677
RRM2B	-0.29560573423595776
RRM2P2	-0.1484003093956243
RRM2P3	-0.23886703528584435
RRM2P4	0.11125760384342238
RRN3	0.19817334842197187
RRN3P1	-0.21765533769243978
RRN3P2	-0.39026366443996074
RRN3P3	-0.2631060262863068
RRNAD1	0.046895832159657924
RRP1	-0.13491582016221634
RRP12	-0.1756289439634984
RRP15	-0.14714991624711812
RRP1B	-0.317126920338575
RRP36	-0.27013016923676525
RRP7A	-0.04532160453302087
RRP7B	-0.11624516315617742
RRP8	-0.2226816225179012
RRP9	-0.15603931162267806
RRS1	-0.19914115789848996
RS1	-0.05592480999665734
RSAD1	0.11820940878201085
RSAD2	0.13621351193447645
RSBN1	-0.05176244269844558
RSBN1L	-0.19097650923971615
RSBN1L-AS1	0.19831141417928175
RSC1A1	
RSF1	-0.0694112175408763
RSF1-IT1	-0.2222881605103663
RSF1-IT2	0.11621771314894637
RSG1	-0.06625566631823639
RSL1D1	-0.2571419777494096
RSL24D1	-0.29734641377474524
RSL24D1P1	0.24680177484091287
RSL24D1P11	-0.2382061125535221
RSL24D1P2	-0.2599829689142924
RSL24D1P3	-0.00449620332379908
RSL24D1P4	0.05484043717744606
RSL24D1P5	0.38088064212036493
RSL24D1P6	-0.1515608281068316
RSL24D1P8	-0.08627711550571807
RSL24D1P9	-0.18301265736533723
RSPH1	0.17061925227553668
RSPH10B	-0.03656536748411479
RSPH10B2	-0.22616209510776988
RSPH3	0.30459312383449966
RSPH4A	-0.008163862850767017
RSPH6A	0.03530301987997483
RSPH9	-0.13493552390457844
RSPO1	-0.37001916987294975
RSPO2	-0.13126990540772468
RSPO3	-0.23864239058215392
RSPO4	-0.1250685466789587
RSPRY1	0.141912331080849
RSRC1	-0.1997916939608833
RSRC2	-0.16194101946422634
RSU1	-0.019973752536655356
RSU1P1	0.023092250425228993
RSU1P2	-0.18445947473882718
RSU1P3	-0.044799058601861876
RTBDN	-0.02124362733211041
RTCA	0.23075123758044042
RTCB	0.052424105335251436
RTDR1	-0.15209865810691114
RTEL1	-0.04227407191357708
RTEL1-TNFRSF6B	-0.1796629512255335
RTEL1P1	-0.32515433292193896
RTF1	-0.10161672764993845
RTFDC1	-0.16079510113836104
RTKN	0.36801581192695626
RTKN2	-0.29400687291045485
RTL1	0.4421103326027496
RTN1	-0.19376622354410117
RTN2	-0.19590657173730072
RTN3	0.3515276136081088
RTN3P1	0.11405609561287161
RTN4	0.16438431142628504
RTN4IP1	-0.21543279665275322
RTN4R	-0.020402017713173792
RTN4RL1	0.05540892609539408
RTN4RL2	-0.16853781741341833
RTP1	-0.11620133635733079
RTP2	-0.034778819643626765
RTP3	0.012989160716672976
RTP4	-0.3135428602045167
RTTN	-0.241993866649099
RUFY1	-8.190776585762661e-05
RUFY2	-0.0627341088084519
RUFY3	-0.4104238655093474
RUFY4	-0.3495935482149804
RUNDC1	-0.02890404165329899
RUNDC3A	0.08648681344366543
RUNDC3B	0.3680828726247066
RUNX1	-0.23219016216492985
RUNX1T1	-0.06215155354527882
RUNX2	-0.42600565519560535
RUNX3	-0.40628074224481187
RUSC1	0.3595972745990326
RUSC1-AS1	-0.08772636376086848
RUSC2	-0.0611876066991979
RUVBL1	-0.34265150135122663
RUVBL1-AS1	-0.09103259142025229
RUVBL2	-0.18198826647217314
RWDD1	-0.026699606201629065
RWDD2A	-0.05780638968849183
RWDD2B	-0.1015600585367364
RWDD3	0.028637638771108427
RWDD4	0.03612060174936444
RWDD4P1	0.13812157810388812
RWDD4P2	-0.06399728077674534
RXFP1	-0.0987276593123813
RXFP2	-0.011155701456112839
RXFP3	-0.3931285755201901
RXFP4	0.03883433733694994
RXRA	0.2645883167376114
RXRB	-0.17223997628234988
RXRG	0.0840109137457857
RYBP	-0.02588706209698453
RYK	0.021895719444888613
RYKP1	0.3326098837670655
RYR1	-0.2787759079235384
RYR2	0.029615826711988338
RYR3	0.0201639071794185
S100A1	-0.30201706445704163
S100A10	-0.03168786661033554
S100A11	-0.30474284441415755
S100A11P1	-0.25898690110804895
S100A11P2	-0.11830898784732392
S100A12	-0.2758395857777517
S100A13	-0.16798852433287978
S100A14	-0.07361583544032801
S100A16	-0.0561797767480915
S100A2	-0.13489199781417702
S100A3	-0.4132210455275026
S100A4	-0.2525768264437091
S100A5	-0.3287887987702159
S100A6	0.031156679644373197
S100A7	0.2107508121901598
S100A7A	0.011686614291106357
S100A7L2	
S100A8	-0.2854074521176258
S100A9	-0.27525235361480005
S100B	-0.10869640570649215
S100G	0.2292112140332815
S100P	-0.18287726864715406
S100PBP	-0.419807559840314
S100Z	-0.38444046518268643
S1PR1	-0.40440488471679387
S1PR2	-0.34169609175811444
S1PR3	-0.44802932326370265
S1PR4	-0.3138238414287909
S1PR5	-0.2524356712453713
SAA1	-0.3202617062090489
SAA2	-0.2442800421717565
SAA2-SAA4	
SAA3P	-0.11694630745917244
SAA4	-0.0415399858620423
SAAL1	-0.3191652281656205
SAC3D1	0.06873559536893112
SACM1L	-0.092855823394424
SACS	-0.5226309609861367
SACS-AS1	-0.22695061443612397
SAE1	-0.3515240655425913
SAFB	-0.1755864339537189
SAFB2	-0.2131513399857027
SAG	0.17295524915339325
SAGE1	0.0033708825799494604
SALL1	0.06114010938770731
SALL1P1	-0.017568007670470037
SALL2	-0.17208796848037
SALL3	-0.07339881001155149
SALL4	-0.40512561887745163
SALL4P1	0.04487912865876639
SALL4P2	0.005670300479376475
SALL4P5	-0.0003684240369123466
SALL4P6	0.06691822575192775
SALL4P7	-0.17051671026322504
SAMD1	-0.2393564275569697
SAMD10	-0.27215605793741754
SAMD11	-0.12472427857588618
SAMD11P1	-0.04947105959806506
SAMD12	0.08566588490476988
SAMD13	0.04854483153393237
SAMD14	-0.04929571717149254
SAMD15	-0.24987134534953517
SAMD3	-0.2854677330759548
SAMD4A	-0.34017236677583057
SAMD4B	0.1990926044299559
SAMD5	0.10444470556117526
SAMD7	-0.3119485759466578
SAMD8	-0.15862686046159627
SAMD9	-0.15643341712408945
SAMD9L	-0.2755396816071189
SAMHD1	-0.35279703477101865
SAMM50	0.010158611459846301
SAMSN1	-0.44984011449446115
SAMSN1-AS1	0.14948965098078998
SAP130	-0.03253816737680848
SAP18	-0.1496705690964564
SAP25	
SAP30	-0.005212792387879277
SAP30BP	-0.21092830745465574
SAP30L	0.27812275652523133
SAP30L-AS1	-0.30152611007122887
SAPCD1	-0.18195460506673608
SAPCD1-AS1	0.0389080867058573
SAPCD2	0.03356780665743517
SAR1A	-0.15863073125600072
SAR1AP4	-0.11720481275518832
SAR1B	0.19212622661061152
SAR1P1	-0.15660469253488352
SAR1P3	-0.03728905158495399
SARDH	-0.4356608846299482
SARM1	0.1838917658738406
SARNP	-0.06980540511119429
SARS	0.0088595491869196
SARS2	0.009251338324727137
SART1	-0.12301229285340065
SART3	-0.3101189007189999
SASH1	-0.08829148089337477
SASH3	-0.426562576425995
SASS6	-0.2989577003460756
SAT1	0.036571223577032255
SAT2	0.14470633694375948
SATB1	-0.18468273406291205
SATB2	0.08389756378818548
SATB2-AS1	0.10736014264953583
SATL1	0.06737179227681522
SAV1	-0.1657346527328222
SAYSD1	-0.051454514431861956
SBDS	0.3358900676333807
SBDSP1	0.01951606180578334
SBF1	-0.2289278047485275
SBF1P1	0.08517428032304923
SBF2	0.11179584081732519
SBF2-AS1	0.061704275114139104
SBK1	0.1736948416740276
SBK2	0.09603094327796054
SBK3	0.08936896964414641
SBNO1	-0.13047156201725202
SBNO2	-0.20075964659844936
SBP1	
SBSN	0.09555510000367146
SBSPON	-0.03150476252276895
SC5D	0.45171381112504233
SCAF1	0.026365262090087757
SCAF11	-0.23686741209415382
SCAF4	-0.22348350268504227
SCAF8	-0.1795682515040641
SCAI	-0.28068167872893623
SCAMP1	0.07383230104290853
SCAMP2	0.21588209850024448
SCAMP3	-0.09371213806950575
SCAMP4	-0.0907060290017936
SCAMP5	0.24093568465893836
SCAND1	-0.007691452823489225
SCAND2P	-0.36757336558541037
SCAND3	-0.03598009904052244
SCAND3P1	0.014170119241347074
SCAP	-0.06489020448630504
SCAPER	0.11972999958648946
SCARA3	-0.5029326546488542
SCARA5	-0.1535795920793723
SCARB1	-0.19127961665021131
SCARB2	0.1778092449508289
SCARF1	-0.1208315993808717
SCARF2	0.056894108081198165
SCARNA1	-0.2661161044725434
SCARNA10	-0.0676834146604893
SCARNA11	-0.10199573127746661
SCARNA12	
SCARNA13	-0.15349579544482328
SCARNA14	0.2447470605661791
SCARNA15	-0.11656753760093178
SCARNA16	
SCARNA17	-0.05567755095870194
SCARNA18	-0.053969450241327016
SCARNA2	0.08772408017082607
SCARNA20	-0.22337791414961072
SCARNA21	-0.20275580938432422
SCARNA22	-0.11872357811104975
SCARNA23	0.15409264872783024
SCARNA3	-0.08068314568980492
SCARNA4	-0.25179619610221443
SCARNA5	-0.09558502512092655
SCARNA6	0.03892671564202237
SCARNA7	0.08407888255075506
SCARNA8	0.012457913669893645
SCARNA9	0.041145044243342775
SCCPDH	0.3529587782132039
SCD	-0.11709057060282071
SCD5	-0.12859484627902093
SCDP1	-0.23581341709153186
SCEL	0.18057866357592078
SCEL-AS1	
SCFD1	0.018652326635512535
SCFD2	-0.31753051628350804
SCG2	0.10692024708769696
SCG3	0.14031280199621704
SCG5	0.10457831536797167
SCGB1A1	0.38088064212036493
SCGB1B2P	-0.09289740269681229
SCGB1C1	0.053674917526857574
SCGB1D1	0.0022511437178611387
SCGB1D2	0.12665590321841508
SCGB1D4	0.06302670524640971
SCGB1D5P	0.00355712662185865
SCGB2A1	-0.043478286425759786
SCGB2A2	0.02478749039621423
SCGB2B2	-0.23677885456187558
SCGB2B3P	-0.0026366779991051836
SCGB3A1	-0.11213793863254219
SCGB3A2	0.47959437944059674
SCGN	0.16601594344181514
SCHIP1	-0.012787606003686352
SCIMP	-0.4584443462336264
SCIN	0.28008665713117653
SCLT1	-0.27332909309368075
SCLY	-0.1905138071744863
SCMH1	0.06539986705251497
SCML1	0.023311317782772574
SCML2	-0.2075805900363255
SCML2P1	0.13797305571816307
SCML2P2	0.014932759354042273
SCML4	-0.36995452046647936
SCN10A	-0.39338303108709444
SCN11A	-0.3756650575157913
SCN1A	-0.2431022447715205
SCN1B	0.06140769511760257
SCN2A	-0.3400596777741042
SCN2B	0.081689208621995
SCN3A	-0.2123484373467321
SCN3B	0.013131185580690156
SCN4A	-0.3465775125081094
SCN4B	0.13622364042072946
SCN5A	0.025847950877595487
SCN7A	0.03366477367765797
SCN8A	-0.15892428769009226
SCN9A	0.12149473239961453
SCNM1	-0.2593622104223719
SCNN1A	0.060497762502879054
SCNN1B	-0.03659749795379471
SCNN1D	0.08480646638584355
SCNN1G	-0.15978492708541936
SCO1	0.34065381492023733
SCO2	0.155754314348443
SCOC	-0.04297272615163762
SCOCP1	0.12276714283345197
SCP2	0.3940455152175467
SCP2D1	-0.2762979906897932
SCPEP1	-0.2204144197590185
SCRG1	-0.0032363584599391093
SCRIB	0.09484429987241388
SCRN1	-0.4390031718542802
SCRN2	-0.06484382279426308
SCRN3	0.06279203416977597
SCRT1	0.1567373784865045
SCRT2	0.2968367858043793
SCT	0.24732444466927803
SCTR	-0.17091317931867667
SCUBE1	0.1410112212451137
SCUBE2	0.026613803682130722
SCUBE3	0.0348229247785638
SCXA	-0.051625286717152746
SCXB	-0.16171891929644236
SCYL1	0.04762601564610867
SCYL2	0.11739730793630668
SCYL3	-0.042426978776844815
SDAD1	-0.20331724685304384
SDAD1P1	-0.15520762979047747
SDAD1P2	-0.1324416963044504
SDAD1P3	
SDAD1P4	-0.19346659887631734
SDC1	0.23620620892582994
SDC2	-0.20343136530107656
SDC3	-0.2696790657065506
SDC4	-0.028603386876123765
SDC4P	0.14941865319025666
SDCBP	-0.11456118614793294
SDCBP2	0.08399410069827942
SDCBP2-AS1	-0.35201683961384006
SDCBP2P1	0.22158671793603252
SDCBPP1	0.20285841825570458
SDCBPP2	0.2222021610938096
SDCBPP3	0.01711956871840707
SDCCAG3	-0.14208910660726395
SDCCAG3P1	0.05179469241201242
SDCCAG3P2	0.19655377280631056
SDCCAG8	-0.28140314556875035
SDE2	-0.24023049059619828
SDF2	0.06545962146710196
SDF2L1	0.13080228492466334
SDF4	0.19821647978629944
SDHA	0.46662904150808177
SDHAF1	0.09707076148153283
SDHAF2	-0.0963447530056907
SDHAP1	-0.028632669897460664
SDHAP2	
SDHAP3	-0.2911926964404704
SDHB	0.3746512132083861
SDHC	-0.14432575752507115
SDHCP1	0.10517130167570654
SDHCP2	0.014047055135241744
SDHCP3	0.14620565852001854
SDHCP4	0.08054197456242021
SDHD	0.27720323453239887
SDHDP2	0.22456787382478574
SDHDP6	0.10427992583586942
SDIM1	0.1587801151652663
SDK1	-0.291901348474607
SDK2	-0.28528726801241033
SDPR	-0.05480052033410723
SDR16C5	-0.4450273521507343
SDR16C6P	
SDR39U1	-0.18757247909708613
SDR42E1	0.05847662565415355
SDR42E2	-0.010903129188092373
SDR9C7	0.2529355231870294
SDS	0.0776804872889613
SDSL	0.0800615763782935
SEC11A	0.09849808480603997
SEC11C	0.07354609610883733
SEC13	0.09387733789654237
SEC13P1	0.20952791941429358
SEC14L1	-0.34322002697600046
SEC14L1P1	-0.08405135036757591
SEC14L2	0.160747686555508
SEC14L3	0.1006827427684867
SEC14L4	0.13535146475498744
SEC14L5	-0.29360625452347483
SEC14L6	-0.09669162180135332
SEC16A	0.059499890562207475
SEC16B	0.18148462559969325
SEC1P	-0.06527295074631939
SEC22A	-0.041435557457315864
SEC22B	0.11796790285927838
SEC22C	-0.0397717052998627
SEC23A	0.2474369731335923
SEC23B	-0.091371347761929
SEC23IP	-0.14136567273853473
SEC24A	0.11201728302271004
SEC24B	0.08922684285152531
SEC24B-AS1	0.05108360246328082
SEC24C	-0.007500717311925575
SEC24D	0.1802464631569063
SEC31A	0.24415833201590836
SEC31B	-0.29148132006145205
SEC61A1	0.2171165869658192
SEC61A2	-0.4222680841134811
SEC61B	-0.052090576851439224
SEC61G	0.021372031543437246
SEC62	-0.13407003654873886
SEC62-AS1	-0.28417343586433097
SEC63	0.11072883711990036
SEC63P1	-0.007824722601552118
SEC63P2	-0.022424717122878957
SECISBP2	-0.02743082540960701
SECISBP2L	-0.10537980123193233
SECTM1	0.39016469963786604
SEH1L	-0.15620943284183295
SEL1L	0.11907339429963815
SEL1L2	-0.15230883536780668
SEL1L3	-0.13586329911026876
SELE	-0.4367937770702215
SELENBP1	-0.050970157211278976
SELK	0.1880894905879246
SELL	-0.44880631411922983
SELM	-0.2320250825623045
SELO	0.007740850831031258
SELP	-0.346682447641108
SELPLG	-0.4447994432872239
SELRC1	0.08415984159136851
SELT	-0.20154665610094744
SELV	-0.07000787750965264
SEMA3A	-0.37824540070645934
SEMA3B	0.2203700257871174
SEMA3B-AS1	-0.0692795853832271
SEMA3C	0.006037007152935277
SEMA3D	-0.08484019559786746
SEMA3E	0.1954047532087391
SEMA3F	0.2914979884359213
SEMA3G	0.12460401652673325
SEMA4A	-0.4202051593179803
SEMA4B	-0.014520290319951895
SEMA4C	-0.07832251836549195
SEMA4D	-0.4788377725216725
SEMA4F	-0.2296056228869894
SEMA4G	0.12181259553588926
SEMA5A	0.0531223975733625
SEMA5B	-0.10693470978508751
SEMA6A	0.3263315394145172
SEMA6B	0.28707103415486623
SEMA6C	-0.012969877841294754
SEMA6D	0.23495353788237994
SEMA7A	-0.4311781134097385
SEMG1	-0.1388315719142471
SEMG2	-0.18872693285701328
SENP1	-0.35096130617800997
SENP2	-0.024190868331330165
SENP3	-0.036641618341927286
SENP3-EIF4A1	-0.3434714828296226
SENP5	-0.28044111767760094
SENP6	-0.038283513707954256
SENP7	-0.3504969623069363
SENP8	-0.05632561023690961
SEP15	-0.15811534179435607
SEPHS1	-0.03197857903093836
SEPHS1P1	-0.04212666546821992
SEPHS1P4	-0.15130174300197785
SEPHS1P6	0.18755501011551837
SEPHS1P7	0.09374479228410951
SEPHS2	0.25793672523870054
SEPHS2P1	0.027113658948862918
SEPN1	-0.062225689317059955
SEPP1	0.04740470596385342
SEPSECS	0.1441720214383014
SEPT1	-0.43700875230226577
SEPT10	0.027578163091202226
SEPT10P1	0.02860953256930391
SEPT11	0.04248821267802305
SEPT12	0.07095160627982659
SEPT14	-0.009591019530789767
SEPT2	-0.1699059633539269
SEPT2P1	0.08238261878618125
SEPT3	0.1956598898423566
SEPT4	-0.29525379303660654
SEPT5	-0.11479778771641007
SEPT6	-0.48439912600561036
SEPT7	-0.36881280558917845
SEPT7P2	-0.25320356215314754
SEPT7P3	-0.26800001273748947
SEPT7P4	0.17463263451797015
SEPT7P5	0.06453187067581063
SEPT7P6	0.04051363760459668
SEPT7P7	-0.049679938458813404
SEPT7P8	-0.15209439665933686
SEPT7P9	-0.2230250536708488
SEPT8	0.018442809999898842
SEPT9	-0.30301596508437373
SEPW1	-0.019116297575498858
SEPW1P	-0.01943802861356107
SERAC1	0.2151129854751081
SERBP1	-0.04908973833551182
SERBP1P1	-0.07729712100532767
SERBP1P2	-0.1076909355613282
SERBP1P3	-0.20339754798824877
SERBP1P4	-0.12549415700762656
SERBP1P5	0.11871133957240489
SERBP1P6	0.288987712614867
SERF1A	-0.2647295463040978
SERF1AP1	
SERF1B	0.012252614119116371
SERF2	-0.24685841905071965
SERGEF	-0.19376160374769869
SERHL	0.0690971932508743
SERHL2	-0.24443649679695845
SERINC1	0.26153042343931016
SERINC2	-0.021519479045759494
SERINC3	0.09002899485506538
SERINC4	0.04958248491010257
SERINC5	0.059028585804150664
SERP1	0.05507450858995307
SERP2	-0.19243062486798548
SERPINA1	0.17959154794612062
SERPINA10	0.21964111561684557
SERPINA11	0.08753587368500652
SERPINA12	-0.19354427916094796
SERPINA13P	0.2828395602640671
SERPINA2P	-0.26524105254406066
SERPINA3	-0.3343477480298537
SERPINA4	-0.3167951468331988
SERPINA5	-0.4020869392588939
SERPINA6	0.06810971946684032
SERPINA7	0.16069322281589532
SERPINA9	-0.3305819326520703
SERPINB1	0.1995967731921675
SERPINB10	-0.4453401213945046
SERPINB11	0.04885273520176963
SERPINB12	-0.14158327544807026
SERPINB13	-0.24736127474882263
SERPINB2	-0.11525832098371669
SERPINB3	0.04190981130624314
SERPINB4	-0.17775957155190947
SERPINB5	-0.2927284285353276
SERPINB6	0.1867971900932435
SERPINB7	-0.11904790083902564
SERPINB8	-0.3061458572595225
SERPINB8P1	0.09097536592319669
SERPINB9	-0.4711227456223113
SERPINC1	-0.04844137358250433
SERPIND1	-0.34788939806677877
SERPINE1	-0.26106014815600564
SERPINE2	-0.43784316169359677
SERPINE3	-0.2674079890580445
SERPINF1	-0.3647396230011977
SERPINF2	-0.39150929340639573
SERPING1	-0.22583763725712758
SERPINH1	-0.10781952053501484
SERPINH1P1	-0.08114642073703525
SERPINI1	-0.2218265785040458
SERPINI2	-0.22780551813955385
SERTAD1	0.04296554443697741
SERTAD2	-0.34731294106418453
SERTAD3	-0.12357066509393591
SERTAD4	0.04157230828986862
SERTAD4-AS1	-0.05183435006963655
SERTM1	0.2147646251073451
SESN1	0.005718810089971211
SESN2	0.11331635583511897
SESN3	-0.5452383078686567
SESTD1	-0.03803088268903018
SET	-0.3492640868999819
SETBP1	-0.3877831301810026
SETD1A	-0.18451048994302283
SETD1B	0.10420200506874852
SETD2	-0.14876948948181434
SETD3	0.2332188035644642
SETD4	-0.1852425964278393
SETD5	-0.24804652754832046
SETD5-AS1	-0.25947132965807423
SETD6	-0.11833275018899954
SETD7	-0.00029264315080528534
SETD8	0.042771106583036206
SETD9	0.08556926214528153
SETDB1	-0.3314167119501824
SETDB2	-0.25453832266963344
SETMAR	0.027065670675474936
SETP1	0.003644005069704001
SETP10	-0.11585424337550086
SETP11	-0.15728186681962988
SETP12	0.1554657164743244
SETP14	-0.21687010970681359
SETP15	0.11447269249296343
SETP16	0.20568075946784892
SETP17	-0.23302493020608386
SETP18	0.0016804627197119515
SETP2	-0.04381106033565351
SETP20	-0.22350643519063476
SETP21	-0.07045852991083916
SETP22	-0.22968199424893918
SETP4	-0.28101136579052555
SETP5	0.2828395602640671
SETP6	-0.024241889255089435
SETP7	-0.18872073071863127
SETP8	0.07980760908063428
SETP9	-0.42374133529177227
SETX	-0.38560312612395137
SEZ6	0.0873581861441554
SEZ6L	-0.03617277314591608
SEZ6L2	-0.14628861239627242
SF1	-0.2591480827199932
SF3A1	-0.29540531655435454
SF3A2	-0.034839161385081634
SF3A3	-0.3077732133638791
SF3A3P1	-0.1369962338366787
SF3A3P2	-0.0928356495564827
SF3B1	-0.24454115402133333
SF3B14	0.0901086680487307
SF3B2	-0.3550449625227583
SF3B3	-0.3295852516367607
SF3B4	-0.2953403424304777
SF3B5	-0.18507569812077315
SFI1	-0.19983317152324587
SFMBT1	0.12224004464406699
SFMBT2	-0.3033572341146303
SFN	-0.058356571100511616
SFPQ	-0.2530705361806431
SFPQP1	0.2240586966649391
SFR1	-0.27965388023498816
SFRP1	-0.015041988083351481
SFRP2	0.009185064706736966
SFRP4	-0.046973675893435665
SFRP5	0.16999704034639415
SFSWAP	-0.22921398010670152
SFT2D1	0.03138997374973881
SFT2D2	-0.1384632976396165
SFT2D3	0.12877975890313678
SFTA1P	0.0044638296124593045
SFTA2	-0.052717821909745576
SFTA3	0.25081567271013744
SFTPA1	-0.09217159498433547
SFTPA2	-0.14394428306767537
SFTPA3P	-0.020783347415587964
SFTPB	-0.08844831509919943
SFTPC	0.30999237681083963
SFTPD	-0.3359817233811707
SFXN1	-0.005002999644059144
SFXN2	0.3942072593877142
SFXN3	-0.006495146857639688
SFXN4	-0.11663557193884028
SFXN5	0.2849841565422858
SGCA	-0.04371702932669189
SGCB	0.09992581721994916
SGCD	0.09194744639907564
SGCE	-0.10567123180380762
SGCG	0.08203671979053678
SGCZ	-0.1790378290570411
SGIP1	-0.16042311501900725
SGK1	-0.020031679316116654
SGK2	0.09476310533946981
SGK223	-0.003851617299822778
SGK3	0.2883386963536344
SGK494	-0.11914594503456814
SGMS1	-0.16863346056728465
SGMS2	0.20130021231388562
SGOL1	-0.34864389156428816
SGOL1-AS1	-0.09588523910277715
SGOL2	-0.32921370673004446
SGPL1	-0.08735175153251773
SGPP1	-0.47336000718272847
SGPP2	0.1881660212310956
SGSH	-0.09692419463649342
SGSM1	0.0032015136933487534
SGSM2	-0.13427878590425374
SGSM3	0.10552830853170785
SGTA	0.016449442990427523
SGTB	-0.4629585827983647
SH2B1	-0.23818636361405113
SH2B2	-0.3510645192318757
SH2B3	-0.34415548113949834
SH2D1A	-0.49612294529099316
SH2D1B	0.18844102111270422
SH2D2A	-0.3063109877476507
SH2D3A	0.21291897814446392
SH2D3C	-0.4032794502856243
SH2D4A	0.1602532628670071
SH2D4B	-0.19101286162187728
SH2D5	-0.08644638395010863
SH2D6	0.04990440613092956
SH2D7	0.12492859056369802
SH3BGR	-0.04889231465613894
SH3BGRL	-0.4726067951721685
SH3BGRL2	0.15213413911774964
SH3BGRL3	-0.25142571722543566
SH3BP1	0.05174731930385516
SH3BP2	-0.037572321090632806
SH3BP4	0.12651681446865065
SH3BP5	-0.43697604938729906
SH3BP5-AS1	-0.17831543321679236
SH3BP5L	0.19630018582056036
SH3D19	0.29255428197620464
SH3D21	-0.06548967541790811
SH3GL1	0.23155326974228788
SH3GL1P1	-0.1898085995113114
SH3GL1P2	-0.2380756797620614
SH3GL1P3	0.06205616126875335
SH3GL2	0.11652134956415225
SH3GL3	-0.06934571681224597
SH3GLB1	0.08281528696151923
SH3GLB2	-0.05165200376293823
SH3KBP1	-0.20548113691625064
SH3PXD2A	0.12348439272590644
SH3PXD2B	-0.07038683900184373
SH3RF1	0.29479844176202313
SH3RF2	0.15132099912443814
SH3RF3	-0.2939931026062528
SH3RF3-AS1	0.104849376393963
SH3TC1	-0.3412429267309847
SH3TC2	-0.3262981342993621
SH3YL1	0.42494410313668984
SHANK1	-0.22491210320156474
SHANK2	0.21988719295375178
SHANK2-AS1	-0.19628149099832193
SHANK2-AS2	0.03116032750961128
SHANK2-AS3	-0.2813192951122231
SHANK3	-0.1214918133766525
SHARPIN	-0.11031192897297516
SHB	0.15762318294245517
SHBG	0.1782526569169113
SHC1	0.1908524182867992
SHC1P1	-0.06265412679206152
SHC1P2	-0.28614268220708994
SHC2	0.12166357265036105
SHC3	0.16469876089913046
SHC4	0.1234321142370059
SHCBP1	-0.3463182730485711
SHCBP1L	0.27056206315250186
SHD	0.07448692338253621
SHE	-0.15584644620251886
SHF	-0.28842778098543337
SHFM1	-0.13093611079219905
SHFM1P1	-0.12014769056541229
SHH	0.08697837382682579
SHISA2	-0.13860258167098224
SHISA3	-0.2838714857577829
SHISA4	-0.1540718410176872
SHISA5	-0.028807292717918022
SHISA6	-0.04014649513213937
SHISA7	0.12827561191604503
SHISA8	-0.28497403232071417
SHISA9	0.006464914915230184
SHKBP1	-0.25178124265821544
SHMT1	0.42811207317251987
SHMT1P1	0.11630988002393483
SHMT2	-0.3284416765068625
SHOC2	-0.062073824425646816
SHOX	0.360416248806207
SHOX2	-0.013146474275802013
SHPK	0.16019675645066606
SHPRH	-0.12121570138700172
SHQ1	-0.07394407717749069
SHROOM1	0.14899564867864215
SHROOM2	0.10535625699891064
SHROOM2P1	0.0877922021008752
SHROOM3	0.22092603459534146
SHROOM4	-0.0069230610192953495
SI	0.13996674678938603
SIAE	0.03172843352587355
SIAH1	0.17066170016083154
SIAH1P1	0.2828395602640671
SIAH2	-0.21768103278187667
SIAH2-AS1	0.13977695619859967
SIAH3	-0.2661212361184076
SIDT1	-0.2588235984673517
SIDT1-AS1	0.38088064212036493
SIDT2	0.18375864568063885
SIGIRR	0.06582153562138002
SIGLEC1	0.17773837936154055
SIGLEC10	-0.441255348411026
SIGLEC11	0.019740960504904217
SIGLEC12	-0.13072102039435907
SIGLEC14	-0.3322892232942763
SIGLEC15	0.0006367775745539051
SIGLEC16	-0.10038253552398065
SIGLEC17P	-0.1804026163067171
SIGLEC18P	0.01909195898005827
SIGLEC19P	-0.3638556831232719
SIGLEC20P	0.10184227578738064
SIGLEC21P	-0.12096215896965372
SIGLEC22P	-0.19581938223260859
SIGLEC26P	0.3721212617192282
SIGLEC27P	0.1863578990395729
SIGLEC28P	
SIGLEC29P	-0.04947105959806506
SIGLEC30P	0.38088064212036493
SIGLEC31P	-0.1994405709039652
SIGLEC5	-0.5156355042027039
SIGLEC6	-0.398549417601963
SIGLEC7	-0.28105473604045905
SIGLEC8	-0.33923480615779894
SIGLEC9	-0.018054880416129276
SIGLECL1	-0.22857462199662973
SIGMAR1	0.2775394355800416
SIK1	-0.10185870081266447
SIK2	0.015001461388166206
SIK3	-0.21402042279749675
SIKE1	-0.20397407164299303
SIL1	-0.052322753700592285
SIM1	-0.13167012177553217
SIM2	0.1691185021772267
SIMC1	0.2322753916047355
SIN3A	-0.2738438382201703
SIN3B	-0.3067749836140111
SIPA1	-0.37417631340566954
SIPA1L1	0.002336205637662484
SIPA1L2	0.1288439425164237
SIPA1L3	0.165146638115782
SIRPA	0.004715303891161224
SIRPAP1	0.03288702568707907
SIRPB1	-0.17859300833641392
SIRPB2	-0.21392273390708189
SIRPD	-0.30340607633153893
SIRPG	-0.3760744766405352
SIRT1	-0.170695803118228
SIRT2	0.1024292693299012
SIRT3	0.13195335329495192
SIRT4	0.0077872484944219375
SIRT5	-0.022290722995771495
SIRT6	-0.017229398050114125
SIRT7	-0.06719807704306915
SIT1	-0.43891173820026946
SIVA1	-0.02182403678943907
SIX1	-0.07722139700442396
SIX2	0.026844931014760053
SIX3	-0.12088059894467518
SIX3-AS1	0.3199655946257692
SIX4	-0.10357351428537222
SIX5	0.21176968939250623
SIX6	0.007456624360398329
SKA1	-0.3959612129801055
SKA2	-0.34062275721865876
SKA2P1	0.003871900608394773
SKA3	-0.2506765582202479
SKAP1	-0.40039721127889205
SKAP2	-0.3374653872209931
SKI	-0.05830798817054122
SKIDA1	-0.06865600692928976
SKIL	-0.3938481719838807
SKINTL	-0.04191360414012874
SKIV2L	-0.37488906425653357
SKIV2L2	-0.0789929825143552
SKOR1	0.1124725314835036
SKOR2	-0.18127484599632893
SKP1	0.0854943285659655
SKP1P1	0.002721091945408842
SKP2	-0.10418122443601946
SLA	-0.4198536601593884
SLA2	-0.2970521096185262
SLAIN1	-0.48588571847297746
SLAIN2	0.0618402578581245
SLAMF1	-0.5146727568483633
SLAMF6	-0.4550848973892434
SLAMF6P1	0.35678611089959167
SLAMF7	-0.3011208864002627
SLAMF8	-0.32082526175245984
SLAMF9	-0.1878150199195228
SLBP	-0.34085553835326604
SLC10A1	0.1729953096166021
SLC10A2	0.23606434273725022
SLC10A3	-0.10883556774954327
SLC10A4	0.0015162022535384224
SLC10A5	0.19853140159285212
SLC10A5P1	0.14425311271512567
SLC10A6	0.015703410252979805
SLC10A7	0.10563862491992707
SLC11A1	-0.3312274084625025
SLC11A2	0.11590762511484073
SLC12A1	-0.10713167511236142
SLC12A2	0.3206530528528004
SLC12A3	-0.39820280473601943
SLC12A4	-0.35843525469669646
SLC12A5	-0.19729059893886533
SLC12A6	-0.25662414524766514
SLC12A7	0.3557401749802328
SLC12A8	0.12157316280517547
SLC12A9	-0.06312362302980233
SLC13A1	0.17777983371299075
SLC13A2	0.27542494565575676
SLC13A3	0.03233067200457872
SLC13A4	0.1305757653126843
SLC13A5	-0.32735614944613745
SLC14A1	-0.2764076358272604
SLC14A2	-0.05701344023734765
SLC15A1	0.12422716318886375
SLC15A2	-0.15067008647880045
SLC15A3	-0.36553139735860596
SLC15A4	-0.4099243329601656
SLC15A5	0.05675759787392743
SLC16A1	0.055992290582438625
SLC16A10	-0.04499922606826379
SLC16A11	0.06197558118415845
SLC16A12	0.1790021470038768
SLC16A13	0.1742511226343585
SLC16A14	-0.15195061364308599
SLC16A14P1	0.20523347810421136
SLC16A1P1	0.14941865319025666
SLC16A2	-0.11748127615156206
SLC16A3	0.05629600964154069
SLC16A4	-0.30887635323051055
SLC16A5	0.297167448865767
SLC16A6	-0.43182117915667556
SLC16A6P1	-0.3661329881816192
SLC16A7	-0.2641385102906876
SLC16A8	0.05344152732419167
SLC16A9	0.10105881342580142
SLC17A1	0.24264513587342687
SLC17A2	-0.041249729122420614
SLC17A3	-0.12833143801534286
SLC17A4	0.23356459413063543
SLC17A5	0.2265312025488498
SLC17A6	-0.05887762188660913
SLC17A7	0.0167153984793904
SLC17A8	-0.17830703188763167
SLC17A9	-0.3700259933793321
SLC18A1	0.11488366362745668
SLC18A2	-0.26606363230749575
SLC18A3	0.12756014055129136
SLC18B1	0.1166895586686801
SLC19A1	0.3685317733712226
SLC19A2	-0.11607913805329728
SLC19A3	0.07874768858998547
SLC1A1	0.14622526526490334
SLC1A2	-0.37818493147948573
SLC1A3	-0.4444046167298716
SLC1A4	-0.2578674073525584
SLC1A5	0.2566227144014436
SLC1A6	0.45130337514457863
SLC1A7	0.19386966674633263
SLC20A1	0.05667858605576629
SLC20A1P1	-0.1089222052755103
SLC20A1P2	
SLC20A1P3	-0.055336791637305975
SLC20A2	0.02332377975061161
SLC22A1	0.0015155236330354547
SLC22A10	0.009059892213409743
SLC22A11	0.03607746327159026
SLC22A12	-0.09899181009283628
SLC22A13	0.11858341369703712
SLC22A14	0.05990422335281586
SLC22A15	-0.010628003467491726
SLC22A16	-0.16806939978028204
SLC22A17	-0.07673606959137133
SLC22A18	0.11290175468090548
SLC22A18AS	-0.04959260041311146
SLC22A2	0.2888821719476812
SLC22A20	0.04732712165395263
SLC22A23	0.4346642128198595
SLC22A24	0.001761737579043349
SLC22A25	-0.1210876493302338
SLC22A3	-0.15964285180077253
SLC22A31	0.010514860537147829
SLC22A4	0.033480655736565695
SLC22A5	0.095361308911411
SLC22A6	-0.1213704787654859
SLC22A7	0.29239443974783946
SLC22A8	-0.1578940721541723
SLC22A9	-0.10308455052253486
SLC23A1	0.17910370060954608
SLC23A2	-0.32627278337723487
SLC23A3	0.1903248350989009
SLC24A1	-0.10533766991787621
SLC24A2	0.0065946537460646526
SLC24A3	0.040502990413627635
SLC24A4	-0.45182183991804176
SLC24A5	-0.23534154509321228
SLC25A1	0.22322110983604357
SLC25A10	0.26943252761497044
SLC25A11	0.03768236701835013
SLC25A12	-0.0842665954388637
SLC25A13	0.30043662366756746
SLC25A14	-0.1806632725714695
SLC25A14P1	0.2284728689071732
SLC25A15	0.15902367436663692
SLC25A15P1	0.02534721457324763
SLC25A15P2	-0.12889393052048487
SLC25A15P3	0.06274123422287635
SLC25A15P4	
SLC25A15P5	0.24586488395862097
SLC25A16	0.23275089013788355
SLC25A17	-0.26370143279315844
SLC25A18	-0.1714694824144958
SLC25A18P1	-0.19290144609542448
SLC25A19	-0.3341703221081985
SLC25A1P1	0.2282411310082764
SLC25A1P2	0.1480164701647098
SLC25A1P3	0.3925526297580669
SLC25A1P4	0.2202693011087299
SLC25A1P5	-0.36559767471432875
SLC25A2	-0.1927496081792237
SLC25A20	0.23121208128968934
SLC25A20P1	0.06583546667798164
SLC25A21	0.07545045207141642
SLC25A21-AS1	0.17834840548299385
SLC25A22	-0.054213282355180234
SLC25A23	0.22696256444122304
SLC25A24	0.16324512493487528
SLC25A24P1	0.28209149953116713
SLC25A24P2	0.03699110748435832
SLC25A25	0.0358481921289206
SLC25A26	0.05444713379908449
SLC25A27	0.08004952665231686
SLC25A28	-0.21420771960629897
SLC25A29	-0.19958153388619523
SLC25A3	0.2964266578089497
SLC25A30	-0.1784297605399256
SLC25A30-AS1	0.09973806566677391
SLC25A31	0.0008202017715975634
SLC25A32	-0.3961168173239659
SLC25A33	0.052909433686324475
SLC25A34	0.2963905040998567
SLC25A35	0.06791543215792127
SLC25A36	-0.03917890253156469
SLC25A36P1	-0.14199771495596794
SLC25A37	0.09630749519033072
SLC25A38	-0.12240525519545162
SLC25A38P1	0.01429106712784115
SLC25A39	-0.12424766458555339
SLC25A39P1	0.2509212555623686
SLC25A39P2	-0.1681403560923845
SLC25A3P1	-0.1309205272917769
SLC25A3P2	0.25381737242026864
SLC25A4	0.2608553495230444
SLC25A40	-0.2992687183876712
SLC25A41	0.11765957371230334
SLC25A42	-0.04406098529078933
SLC25A43	0.14016533295227343
SLC25A44	0.16011197836693924
SLC25A45	-0.19408203980258285
SLC25A46	-0.09504198742613787
SLC25A47	0.09871161838985665
SLC25A47P1	0.08869139439676535
SLC25A48	0.2113104140790926
SLC25A5	0.3838750324642221
SLC25A5-AS1	0.36494527704416024
SLC25A51	-0.0005528904991941063
SLC25A51P1	-0.3210621669790901
SLC25A51P2	-0.18852597490121506
SLC25A51P3	0.3605339898435149
SLC25A52	-0.2803469940600764
SLC25A53	-0.43759724017998264
SLC25A5P1	0.07420363120583302
SLC25A5P2	0.12841828796696625
SLC25A5P3	0.10129632460806981
SLC25A5P4	-0.09292168231087741
SLC25A5P5	0.03888045244184618
SLC25A5P6	0.1964595653960725
SLC25A5P7	0.20822129899300534
SLC25A5P8	0.3144854754977072
SLC25A5P9	0.010934595719447748
SLC25A6	0.14327801735383192
SLC25A6P1	0.004017696183587941
SLC25A6P2	0.10502056144156371
SLC25A6P3	0.22322041857694674
SLC25A6P4	-0.0006496715847115717
SLC25A6P5	0.39680569669629595
SLC25A6P6	0.16146486401346957
SLC26A1	0.21969151626069697
SLC26A10	-0.13462233713512659
SLC26A11	0.06697540385368943
SLC26A2	0.09033867252840304
SLC26A3	0.18951591332982287
SLC26A4	0.0030132494438864085
SLC26A4-AS1	0.010032760605434255
SLC26A5	-0.14507350619859588
SLC26A6	0.1556557275140566
SLC26A7	0.053439659770375895
SLC26A8	-0.1417699965021855
SLC26A9	-0.44424125471577364
SLC27A1	-0.14952750056981182
SLC27A2	0.014668567638242952
SLC27A3	-0.44100812355897856
SLC27A4	0.3224924995804663
SLC27A5	-0.3530425785483302
SLC27A6	-0.311842994631738
SLC28A1	0.06085000571731077
SLC28A2	-0.0828261616296441
SLC28A3	0.32882883059477575
SLC29A1	-0.3189806138763905
SLC29A2	0.06703722236770429
SLC29A3	-0.3287656000567735
SLC29A4	0.04236140325273249
SLC29A4P1	0.19093816265228095
SLC29A4P2	0.00355712662185865
SLC2A1	-0.1194246197744454
SLC2A1-AS1	-0.04524388495066955
SLC2A10	0.3674953515633824
SLC2A11	-0.1432215175747005
SLC2A12	-0.26370610808065026
SLC2A13	0.14522602939963664
SLC2A13P1	
SLC2A14	0.056760202375035894
SLC2A2	0.1734460887717718
SLC2A3	-0.4930755275954181
SLC2A3P1	
SLC2A3P2	-0.0014771492792890627
SLC2A3P4	0.16470503288775387
SLC2A4	0.05919706595221001
SLC2A4RG	-0.1262891319217003
SLC2A5	0.14626340666962453
SLC2A6	-0.3927282759708218
SLC2A7	-0.06756585237233388
SLC2A8	0.15299017170538454
SLC2A9	0.11628388242904095
SLC30A1	0.19730947322490552
SLC30A10	0.007196327259294778
SLC30A2	-0.09001477946525001
SLC30A3	-0.192255608420628
SLC30A4	0.13183743041772814
SLC30A5	0.07868636658817904
SLC30A6	-0.06404384394610108
SLC30A7	-0.03170548141960366
SLC30A8	-0.12605739530582846
SLC30A9	0.14995148674626566
SLC31A1	0.21640062658965173
SLC31A1P1	0.1462838474773095
SLC31A2	-0.09648938285125853
SLC32A1	-0.13877988049500398
SLC33A1	0.31248397885052404
SLC34A1	-0.007056324887535012
SLC34A2	-0.09130600666962735
SLC34A3	0.2627468307511026
SLC35A1	0.12719453111977672
SLC35A2	0.15987408435313294
SLC35A3	0.2303097847737337
SLC35A4	-0.07195358487382997
SLC35A5	-0.01612852195698918
SLC35B1	0.2192450868290272
SLC35B2	0.018102947529615214
SLC35B3	0.29484175150001074
SLC35B4	-0.3269886503611868
SLC35C1	0.42571340677466757
SLC35C2	-0.152164147528886
SLC35D1	0.07652876781109122
SLC35D2	0.3824493170175051
SLC35D3	0.11166278269953556
SLC35E1	0.3417073176691714
SLC35E1P1	0.05967189616009774
SLC35E2	-0.10139710105472868
SLC35E2B	-0.04816869100754801
SLC35E3	-0.2858123027586128
SLC35E4	0.32803292803060774
SLC35F1	0.11493279138223488
SLC35F2	0.33483259032956625
SLC35F3	-0.16002724089739104
SLC35F4	-0.019674086143130216
SLC35F5	0.3000833208149232
SLC35F6	0.006941746068485963
SLC35G1	0.41472616699831555
SLC35G2	-0.2702224815565527
SLC35G3	-0.019785272214974867
SLC35G5	-0.2398317855172079
SLC35G6	-0.4740458078791518
SLC36A1	0.4442757874989415
SLC36A2	-0.11729379839493025
SLC36A3	0.003275449798165111
SLC36A4	-0.2636893941032653
SLC37A1	0.3179122895788168
SLC37A2	-0.23216256096571738
SLC37A3	0.25306176060866115
SLC37A4	0.14869671436971904
SLC38A1	-0.08691880971118425
SLC38A10	0.09125359423147882
SLC38A11	0.03531736790835577
SLC38A2	-0.07090985755415818
SLC38A3	0.04557020120480078
SLC38A4	0.015815205079744488
SLC38A5	-0.07915528427602914
SLC38A6	-0.08269208972227222
SLC38A7	-0.03960070691002112
SLC38A8	0.2948634898512128
SLC38A9	-0.14655117794686928
SLC39A1	0.2464167258520305
SLC39A10	-0.35040405534276015
SLC39A11	0.1931027146119237
SLC39A12	0.07574481827948645
SLC39A12-AS1	0.11125760384342238
SLC39A13	-0.09271545762479562
SLC39A14	0.4181764751417569
SLC39A2	0.2967948957141093
SLC39A3	-0.3256917731070667
SLC39A4	0.3577260089158129
SLC39A5	0.22721169460725013
SLC39A6	-0.3284187976747717
SLC39A7	0.28436408664460944
SLC39A8	0.06167702511882124
SLC39A9	0.11261720665864462
SLC3A1	0.14849212254836128
SLC3A2	0.32694257093426826
SLC40A1	-0.21615005383170247
SLC41A1	-0.4440715822886262
SLC41A2	0.5281787412337444
SLC41A3	-0.10545130655853163
SLC43A1	-0.11733955327882535
SLC43A2	0.27109381175951747
SLC43A3	-0.4435679927218199
SLC44A1	0.14712609706471566
SLC44A2	-0.3342347927479793
SLC44A3	0.18739367048071695
SLC44A4	0.10139182649636946
SLC44A5	0.24456043352990928
SLC45A1	-0.02238723274953571
SLC45A2	0.15296142402632457
SLC45A3	-0.1799358752235898
SLC45A4	0.05790796606449542
SLC46A1	-0.08109040724865668
SLC46A2	-0.3826334962722975
SLC46A3	0.1822602509498465
SLC47A1	-0.16916013506312302
SLC47A2	0.33588604887487417
SLC48A1	-0.055565484200485626
SLC4A1	-0.28278683026597556
SLC4A10	0.05877716748662884
SLC4A11	-0.22008047772214692
SLC4A1AP	-0.1880591857380198
SLC4A2	0.21875815709552757
SLC4A3	-0.0005981502309274388
SLC4A4	0.11423648142597735
SLC4A5	-0.2621482049366143
SLC4A7	-0.19452204047685157
SLC4A8	-0.4200992748532313
SLC4A9	0.05300617352112277
SLC50A1	0.10517387066558319
SLC51A	0.11275820948675551
SLC51B	0.23159461235167272
SLC52A1	0.2240909915814757
SLC52A2	0.15784532186057998
SLC52A3	0.40293286049792265
SLC5A1	0.21280900702141
SLC5A10	0.023028209503779797
SLC5A11	0.1595390814064021
SLC5A12	0.09901898727088028
SLC5A2	-0.11363244406126058
SLC5A3	-0.18582683020954993
SLC5A4	0.02616998940741224
SLC5A4P1	-0.19290144609542448
SLC5A5	-0.4817873751424241
SLC5A6	-0.4073728512426582
SLC5A7	0.15515320073469582
SLC5A8	0.02892680731698902
SLC5A9	0.07579009446527372
SLC6A1	-0.09680175175554147
SLC6A1-AS1	0.15497129093328726
SLC6A10P	0.14954550132540861
SLC6A11	0.13630166011696412
SLC6A12	0.20394553539236504
SLC6A13	0.05535729305823696
SLC6A14	-0.05297696941668787
SLC6A15	-0.10041222917651108
SLC6A16	-0.45797916561028656
SLC6A17	0.14423410309401008
SLC6A18	0.44270394716327227
SLC6A19	0.1941552287176754
SLC6A2	-0.09936558470290893
SLC6A20	0.28914265002115297
SLC6A21P	-0.3105226219311109
SLC6A3	0.022652952311745512
SLC6A4	0.1695863600966574
SLC6A5	-0.20684688619545402
SLC6A6	-0.09841510003964565
SLC6A6P1	0.02806165700537398
SLC6A7	-0.016887064507226057
SLC6A8	-0.011830680249361774
SLC6A9	0.1243131594084721
SLC7A1	0.1110303130799717
SLC7A10	-0.2911369115183182
SLC7A11	-0.1715657456638359
SLC7A11-AS1	-0.11991960040577715
SLC7A13	0.09490610773108693
SLC7A14	0.0009892401745605684
SLC7A15P	0.0731435901332779
SLC7A2	0.025313373968258824
SLC7A3	0.15487687413146828
SLC7A4	0.29874451815923314
SLC7A5	-0.3568014880353305
SLC7A5P1	-0.009128427180047706
SLC7A5P2	
SLC7A6	-0.3109997331674466
SLC7A6OS	-0.3779343032651496
SLC7A7	0.13592025480690786
SLC7A8	-0.03721776085198696
SLC7A9	0.039042240936021086
SLC8A1	-0.004945038381073708
SLC8A1-AS1	0.04289598638274311
SLC8A2	0.06953328365053925
SLC8A3	-0.35368206676281705
SLC8B1	0.0687730992482849
SLC9A1	-0.15168487530286123
SLC9A2	0.11380667604074593
SLC9A3	0.175522661809978
SLC9A3P1	-0.11503009774763916
SLC9A3P2	-0.009401255236253559
SLC9A3P3	0.24147035618690502
SLC9A3P4	-0.14348547403353093
SLC9A3R1	0.27658717497795055
SLC9A3R2	0.13527593930121085
SLC9A4	0.13911440992875163
SLC9A5	-0.2548699838146017
SLC9A6	0.1208250168041565
SLC9A7	-0.471912226656296
SLC9A7P1	0.017610009683959597
SLC9A8	-0.073276488326826
SLC9A9	-0.3359533384528404
SLC9A9-AS1	-0.018984626271024607
SLC9A9-AS2	-0.10684863272769661
SLC9B1	-0.45398143187974527
SLC9B1P1	-0.1514107522648601
SLC9B1P2	
SLC9B1P3	
SLC9B1P4	-0.0026366779991051836
SLC9B2	-0.5246732105524453
SLC9C1	-0.11483021236728064
SLC9C2	0.10262961491535184
SLCO1A2	-0.32299117716458
SLCO1B1	-0.03074164556116146
SLCO1B3	0.1669093278654549
SLCO1B7	0.00355712662185865
SLCO1C1	0.269004339207047
SLCO2A1	0.049916640302406966
SLCO2B1	-0.34247603927526804
SLCO3A1	-0.29387107619053837
SLCO4A1	-0.024523839160878174
SLCO4C1	-0.0035595108133836422
SLCO5A1	-0.29861880769086874
SLCO6A1	0.00828674120137297
SLFN11	-0.4295611641471604
SLFN12	-0.39505509818007833
SLFN12L	-0.46381143645888046
SLFN13	-0.3748595300580921
SLFN14	-0.1008660429337745
SLFN5	-0.47393680683263717
SLFNL1	-0.023949470600407887
SLIRP	-0.10506643179063273
SLIT1	-0.14857590271463647
SLIT2	-0.09187267320768944
SLIT2-IT1	0.13797305571816307
SLIT3	-0.023459402276811227
SLITRK1	-0.0034164982393571175
SLITRK2	-0.46615208163422234
SLITRK3	0.026404694904158994
SLITRK4	-0.10249672249497285
SLITRK5	-0.014770256274280568
SLITRK6	0.2371806912538709
SLK	0.06320115633864748
SLMAP	0.11870507857371851
SLMO1	-0.1118456229399976
SLMO2	0.19645060548848414
SLMO2P1	-0.0773918182714452
SLMO2P2	
SLMO2P3	-0.060171945494791705
SLN	-0.1751930840219508
SLPI	0.009599328629338124
SLTM	-0.15863042429690913
SLU7	-0.12273750326552017
SLURP1	0.25770656803353703
SLX1A	-0.16899765304514217
SLX1A-SULT1A3	
SLX1B	-0.09019980138612828
SLX1B-SULT1A4	
SLX4	-0.3386651704159886
SLX4IP	-0.08243468136380808
SMAD1	0.02162129791345353
SMAD2	-0.007719678596495154
SMAD3	-0.008509138423028449
SMAD4	0.04845267718006244
SMAD5	-0.04615792877420426
SMAD5-AS1	-0.056089387257535275
SMAD6	0.02206550495832202
SMAD7	0.16989804625651192
SMAD9	-0.09147747573606556
SMAD9-AS1	-0.10449839341189386
SMAGP	0.08222316446143063
SMAP1	0.3541044704982014
SMAP2	-0.4366779906761816
SMARCA1	0.01564161104340077
SMARCA2	-0.16796355000726257
SMARCA4	-0.12054314001402976
SMARCA5	-0.17806781673797067
SMARCA5-AS1	0.19171034555061442
SMARCAD1	-0.21169470519866718
SMARCAL1	-0.34429121857515804
SMARCB1	-0.4164911869503199
SMARCC1	-0.20025967719656715
SMARCC2	-0.10410564139600294
SMARCD1	-0.25090414951191414
SMARCD2	-0.19040265352448565
SMARCD3	-0.124854303586986
SMARCE1	-0.26349948346220203
SMARCE1P1	0.052091112164994006
SMARCE1P2	-0.08739795404891994
SMARCE1P4	0.2936131015434288
SMARCE1P5	0.12231343745227236
SMARCE1P6	-0.17688426485600153
SMC1A	-0.1468627117256089
SMC1B	-0.2875656206799678
SMC2	-0.35866487375235334
SMC3	-0.16819192782849418
SMC4	-0.3568067010450458
SMC5	0.0027603906359923974
SMC5-AS1	0.13735307221919277
SMC6	-0.16304009944432513
SMCHD1	-0.17607744374633236
SMCO1	0.24220147753561425
SMCO2	-0.19519295080987442
SMCO3	-0.20202253877194642
SMCO4	-0.1774568075024045
SMCP	0.0418216924717765
SMCR2	0.018358741126684737
SMCR5	0.12799157579309728
SMCR8	-0.1795717668368207
SMDT1	0.10462378959217164
SMEK1	-0.1312387889810696
SMEK2	-0.002959475082278822
SMEK3P	0.004274261952863848
SMG1	-0.2109890640468802
SMG1P1	-0.33389712009410805
SMG5	-0.010775100232747406
SMG6	-0.1066601847237048
SMG7	-0.25067441742052693
SMG7-AS1	-0.1710281603410098
SMG8	-0.13972617251206523
SMG9	-0.39470037577415557
SMIM1	0.043976063954462234
SMIM10	-0.2818103988666748
SMIM11	-0.148099648548244
SMIM11P1	0.1849300947937473
SMIM12	-0.2719264133501886
SMIM13	0.0009442801157741579
SMIM14	-0.011233560438032563
SMIM15	0.18834096811710893
SMIM17	-0.08103530612209403
SMIM18	-0.018344749856270486
SMIM19	0.28948521537783933
SMIM2	0.11030214424023328
SMIM2-AS1	0.09076650735703155
SMIM2-IT1	0.11071593886735491
SMIM20	-0.204079386209619
SMIM21	-0.06891316704205344
SMIM22	0.07617867406090215
SMIM3	
SMIM4	-0.07954823747627286
SMIM5	-0.0355057697698895
SMIM6	0.16822252314286676
SMIM7	-0.10403284910087943
SMIM8	0.04611828349040618
SMIM9	-0.04209203700201812
SMKR1	-0.4775034333242684
SMLR1	0.1649530355436234
SMN1	-0.32629937686467514
SMN2	-0.11697126488068664
SMNDC1	-0.17259114002517217
SMO	-0.19569098877717778
SMOC1	0.008053652155692835
SMOC2	-0.0040384664879391085
SMOX	-0.2586922295881637
SMPD1	-0.014514944535364378
SMPD2	-0.10374984169510276
SMPD3	0.1527382912484722
SMPD4	-0.3206988714100837
SMPD4P1	0.10659294119439686
SMPD4P2	-0.28575236634759066
SMPDL3A	0.2994882419058007
SMPDL3B	-0.0019970309086311
SMPX	-0.07233701804822833
SMR3A	
SMR3B	0.23511554181270067
SMS	0.13465728591275242
SMTN	0.1965322478320359
SMTNL1	0.08133548161029758
SMTNL2	-0.05702385366905452
SMU1	-0.29779041949616547
SMUG1	0.3965607552210518
SMURF1	0.00928594730282294
SMURF2	0.1604345165993996
SMURF2P1	-0.10347961104927009
SMYD1	-0.05629953378899258
SMYD2	0.0472084071708798
SMYD3	-0.209314089257419
SMYD3-IT1	-0.1364546409870936
SMYD4	-0.21008847770013794
SMYD5	-0.2942983669259156
SNAI1	-0.18410593069461934
SNAI1P1	0.10592422634632083
SNAI2	0.06294556654224845
SNAI3	-0.31577293078630964
SNAI3-AS1	-0.3669580775810233
SNAP23	-0.29048508978017606
SNAP23P	-0.19186988527280444
SNAP25	0.06794235845166936
SNAP25-AS1	-0.06769808892171018
SNAP29	0.06461759886105872
SNAP47	-0.21067696095124683
SNAP47-AS1	0.20565085794105573
SNAP91	-0.45660076749607575
SNAPC1	-0.4137196338147986
SNAPC2	-0.1453229592165768
SNAPC3	0.009505493854559757
SNAPC4	-0.1250531236304082
SNAPC5	-0.27605046665915756
SNAPC5P1	
SNAPIN	-0.27326817242937695
SNCA	-0.0267263303431564
SNCAIP	-0.26626748200830824
SNCB	-0.04977335433314067
SNCG	-0.3940400782209524
SND1	-0.1465771620067216
SNED1	-0.034194451976046154
SNF8	-0.12120352709649562
SNHG1	-0.3097423026480587
SNHG10	-0.18389995269173914
SNHG11	0.037597642752177196
SNHG12	-0.22783557539138513
SNHG14	-0.32013226257437244
SNHG15	-0.35218278522033464
SNHG16	0.01720915057433175
SNHG17	-0.007015252678230399
SNHG18	0.03624886768735476
SNHG3	-0.25784793969974656
SNHG5	0.2819557200269822
SNHG6	-0.2557243679148713
SNHG7	-0.31857219483931654
SNHG8	-0.08055417330735812
SNHG9	-0.31563591585506395
SNIP1	-0.28510936776292356
SNN	-0.43203475050129303
SNORA1	-0.1607454086809909
SNORA10	
SNORA11	-0.22778251909991548
SNORA11B	0.04554099089816133
SNORA11C	
SNORA11D	
SNORA11E	
SNORA12	-0.33879704448436715
SNORA13	-0.1441237558612851
SNORA14A	-0.11151452622654195
SNORA14B	-0.10073200297525975
SNORA15	-0.22711471266529706
SNORA16B	-0.03621640613291396
SNORA17	-0.1514107522648601
SNORA18	-0.2331797599557673
SNORA19	-0.14977863902112473
SNORA20	-0.05881109317880316
SNORA21	
SNORA22	0.06422225853135938
SNORA23	-0.07081969650113332
SNORA24	0.011040551772917994
SNORA25	0.1741232424323951
SNORA26	-0.3239037180466633
SNORA27	0.1935697539052563
SNORA28	0.007273577663429146
SNORA29	
SNORA2A	-0.04152934249500527
SNORA2B	-0.0612302635099607
SNORA3	-0.24976502824837551
SNORA30	0.2777215746376773
SNORA31	-0.13183920163391658
SNORA32	0.14476940736584534
SNORA33	-0.2590165587130314
SNORA34	-0.11191458520364285
SNORA35	0.048697799455990974
SNORA36A	0.08867568351516353
SNORA36B	0.13901933384145415
SNORA36C	0.09632243105497085
SNORA37	-0.2434981850551782
SNORA38	0.031105353960485638
SNORA38B	-0.008824055320078412
SNORA4	0.0700486664924972
SNORA40	0.04752443119037111
SNORA41	0.14425634464227333
SNORA42	0.013466880865237561
SNORA43	-0.29300566921632487
SNORA44	
SNORA45	-0.10018035786990853
SNORA46	-0.16446145317925986
SNORA47	-0.17309348479836742
SNORA48	0.07889106490581287
SNORA49	0.07749559505613149
SNORA50	0.08788853794908423
SNORA51	0.15246560960977698
SNORA52	
SNORA53	-0.06435037189893202
SNORA54	0.07697382538447663
SNORA55	-0.26434664201071484
SNORA56	
SNORA57	0.04329230678864337
SNORA58	-0.295129115709235
SNORA59A	0.1015606420601161
SNORA59B	0.1410881713045738
SNORA5A	-0.13784751012195098
SNORA5B	
SNORA5C	-0.42689963021907906
SNORA6	
SNORA60	0.11051115742621426
SNORA62	-0.193699876078829
SNORA63	-0.008860106517410767
SNORA64	-0.2579920869939526
SNORA65	-0.1188474716545232
SNORA66	-0.17660218639471292
SNORA67	0.13349688126122844
SNORA68	-0.12151309537696506
SNORA69	0.026883619270448522
SNORA70	-0.034428695011063985
SNORA70B	-0.1414293338817499
SNORA70C	
SNORA70D	0.15859618488227933
SNORA70E	0.38088064212036493
SNORA70F	-0.4580813516291145
SNORA70G	
SNORA71A	-0.22167997517976884
SNORA71B	-0.35332430811080834
SNORA71C	0.05412122175187754
SNORA71D	-0.09569814097161954
SNORA72	-0.32069051115403346
SNORA73	0.15932008414761228
SNORA73B	-0.09152061581910607
SNORA74	-0.26074917940203063
SNORA74A	-0.14230886422549152
SNORA74B	-0.05642777253642738
SNORA75	0.15118321043672497
SNORA76	0.0038506859530567325
SNORA77	-0.18091386497497422
SNORA79	-0.12327772876882677
SNORA7A	
SNORA7B	-0.11463195876413436
SNORA8	0.15637578733096738
SNORA80	-0.05432210571091678
SNORA80B	0.15648543915857707
SNORA81	-0.18139441999595243
SNORA84	-0.081695335536905
SNORA9	-0.03416300640369597
SNORD10	
SNORD100	-0.24268847639571867
SNORD101	0.2017963282492356
SNORD102	
SNORD103A	-0.05452712812069735
SNORD103B	-0.08657157706257484
SNORD104	-0.16921843726081628
SNORD105	0.38088064212036493
SNORD105B	
SNORD108	-0.29669471910249934
SNORD109A	-0.1470419363374788
SNORD109B	
SNORD11	-0.335872287886215
SNORD110	
SNORD111	-0.004647104888793738
SNORD111B	-0.05118259052632015
SNORD112	-0.116546826970372
SNORD113-1	
SNORD113-2	-0.055336791637305975
SNORD113-3	-0.16811208612180692
SNORD113-4	-0.09392758173943778
SNORD113-5	
SNORD113-6	
SNORD113-7	
SNORD113-8	-0.24799007655264946
SNORD113-9	
SNORD114-1	
SNORD114-10	-0.10661382839184128
SNORD114-11	
SNORD114-12	
SNORD114-13	0.00355712662185865
SNORD114-14	0.00355712662185865
SNORD114-15	
SNORD114-16	
SNORD114-17	-0.09043986192137655
SNORD114-18	-0.1514107522648601
SNORD114-19	
SNORD114-2	
SNORD114-20	
SNORD114-21	
SNORD114-22	
SNORD114-23	
SNORD114-24	
SNORD114-25	
SNORD114-26	-0.055336791637305975
SNORD114-27	0.2105897689219193
SNORD114-28	
SNORD114-29	
SNORD114-3	0.38088064212036493
SNORD114-30	
SNORD114-31	
SNORD114-4	
SNORD114-5	
SNORD114-6	
SNORD114-7	
SNORD114-9	
SNORD115-1	0.2828395602640671
SNORD115-10	
SNORD115-11	
SNORD115-12	
SNORD115-14	
SNORD115-15	
SNORD115-16	
SNORD115-17	
SNORD115-18	
SNORD115-19	
SNORD115-2	
SNORD115-20	
SNORD115-21	0.38088064212036493
SNORD115-22	
SNORD115-23	
SNORD115-24	
SNORD115-25	
SNORD115-27	
SNORD115-28	0.2828395602640671
SNORD115-29	
SNORD115-3	
SNORD115-30	
SNORD115-31	
SNORD115-32	
SNORD115-33	
SNORD115-34	
SNORD115-35	
SNORD115-36	0.00355712662185865
SNORD115-37	
SNORD115-38	
SNORD115-39	
SNORD115-4	
SNORD115-40	
SNORD115-41	
SNORD115-42	
SNORD115-43	
SNORD115-44	
SNORD115-45	
SNORD115-47	
SNORD115-48	-0.24254149121594412
SNORD115-5	
SNORD115-6	
SNORD115-8	
SNORD115-9	
SNORD116-1	-0.2745354486975762
SNORD116-10	0.19064833032896958
SNORD116-11	
SNORD116-12	0.2828395602640671
SNORD116-13	0.09083793555889105
SNORD116-14	-0.3837680544149385
SNORD116-15	-0.2845714148882489
SNORD116-16	-0.14386211808508015
SNORD116-17	0.06019332606680438
SNORD116-18	0.022772817788998388
SNORD116-19	0.2566410551873603
SNORD116-2	0.011562346428320209
SNORD116-20	-0.2532360359667806
SNORD116-23	
SNORD116-24	0.011721599672792758
SNORD116-25	
SNORD116-26	0.15219949579385894
SNORD116-27	-0.11085635233715128
SNORD116-29	-0.03875768457718507
SNORD116-3	-0.12096215896965372
SNORD116-30	
SNORD116-5	
SNORD116-6	-0.14615213548400666
SNORD116-7	0.026220019850453403
SNORD116-8	-0.14430189752460473
SNORD116-9	-0.11375002849943548
SNORD117	-0.013813874162985263
SNORD118	
SNORD119	-0.09787541784469622
SNORD11B	0.043078902671867855
SNORD12	-0.17072832175372085
SNORD121A	-0.03161335306359401
SNORD121B	0.00355712662185865
SNORD123	-0.11530321675114517
SNORD124	-0.18743816999194976
SNORD125	-0.17742226921650414
SNORD126	
SNORD127	-0.31106924560222254
SNORD12B	-0.1600021883213538
SNORD12C	-0.07171382055695912
SNORD13	-0.24849570643507823
SNORD14	0.21495256873815466
SNORD14A	0.12896981997148704
SNORD14B	
SNORD14C	
SNORD14D	
SNORD14E	-0.37397811831821065
SNORD15A	0.14941865319025666
SNORD15B	-0.12594152359806204
SNORD16	
SNORD17	-0.18675378564294529
SNORD18A	
SNORD18B	
SNORD18C	
SNORD19	-0.19977598476710431
SNORD19B	-0.34035440803834166
SNORD1B	-0.14586628482120173
SNORD2	
SNORD20	0.15193941140924616
SNORD21	
SNORD22	-0.020783347415587964
SNORD23	0.02534721457324763
SNORD24	
SNORD27	-0.15707026231950905
SNORD28	
SNORD29	
SNORD30	
SNORD31	
SNORD32A	
SNORD32B	0.14941865319025666
SNORD33	
SNORD34	
SNORD35A	
SNORD35B	
SNORD36A	
SNORD36B	
SNORD36C	
SNORD37	-0.04947105959806506
SNORD38A	
SNORD38B	
SNORD39	-0.12640486345965019
SNORD3A	-0.07098153164648183
SNORD3B-1	-0.27464236033411343
SNORD3B-2	-0.2847015485220968
SNORD3C	0.10257408013578696
SNORD3D	0.024966632699794367
SNORD41	0.09034038723413308
SNORD42A	
SNORD42B	0.38088064212036493
SNORD43	
SNORD44	0.14941865319025666
SNORD45A	
SNORD45B	
SNORD45C	
SNORD46	-0.2576640285889382
SNORD48	
SNORD4A	-0.09346186445186269
SNORD4B	
SNORD5	
SNORD51	-0.19195918450123237
SNORD52	
SNORD53	-0.20240711179562554
SNORD54	
SNORD55	
SNORD56	-0.1585736032647962
SNORD56B	-0.13810648055340552
SNORD57	
SNORD58A	
SNORD58B	
SNORD58C	
SNORD59A	-0.40219929754424755
SNORD6	-0.03377670252645363
SNORD60	-0.3020500608465121
SNORD61	0.11125760384342238
SNORD62A	-0.2696026417236043
SNORD62B	-0.3262385715803864
SNORD63	-0.26538055110942116
SNORD64	-0.26812439909386554
SNORD65	
SNORD66	-0.25246436478679096
SNORD67	-0.12367135925368614
SNORD68	
SNORD69	-0.032838857349918676
SNORD7	-0.2774136576911339
SNORD70	0.27194902989617353
SNORD71	-0.22305973310408708
SNORD72	-0.3197845545620425
SNORD73A	
SNORD74	-0.3767808490247973
SNORD75	-0.24254149121594412
SNORD77	
SNORD78	-0.3420392634204313
SNORD79	0.38088064212036493
SNORD8	0.23514461090120792
SNORD81	-0.1994405709039652
SNORD82	0.11125760384342238
SNORD83A	-0.12386941471349182
SNORD83B	
SNORD84	
SNORD85	0.0597679779236517
SNORD86	
SNORD87	
SNORD88A	0.026840228156293888
SNORD88B	
SNORD88C	
SNORD89	0.021509226636346333
SNORD9	-0.061078664617395806
SNORD90	
SNORD91A	-0.011851343907932264
SNORD91B	0.07679634419608004
SNORD92	
SNORD93	-0.1914604269122818
SNORD94	-0.29224990075120727
SNORD95	
SNORD96A	
SNORD96B	-0.04953495179555248
SNORD97	
SNORD98	
SNORD99	-0.09512657338963412
SNPH	-0.3478639677445836
SNRK	-0.023890656084942043
SNRK-AS1	0.008171640631560865
SNRNP200	-0.1499657341747097
SNRNP25	-0.2703775639801047
SNRNP27	-0.3567656724463813
SNRNP35	-0.2572227852983204
SNRNP40	-0.35671011320905066
SNRNP48	-0.01823897236419177
SNRNP70	-0.2755374889007934
SNRPA	-0.3115456529242854
SNRPA1	-0.20937187892714498
SNRPB	-0.2019970340800127
SNRPB2	-0.27117959916229767
SNRPBP1	-0.0026366779991051836
SNRPC	-0.28365847803094346
SNRPD1	-0.32084568713265454
SNRPD2	-0.3443749084310575
SNRPD2P1	-0.18819996407752765
SNRPD2P2	0.09299884893032344
SNRPD3	-0.17654009900304032
SNRPE	-0.32705558947735025
SNRPEP10	-0.20739631578483664
SNRPEP2	-0.26190856949448554
SNRPEP3	0.22142674251118155
SNRPEP4	-0.12075605239394233
SNRPEP5	-0.07466889591381448
SNRPEP6	0.0407369097805643
SNRPEP7	0.042252474761992266
SNRPEP8	
SNRPEP9	0.12108282206089813
SNRPF	-0.33406798664788334
SNRPFP1	-0.11015891867162655
SNRPFP2	0.14941865319025666
SNRPFP3	-0.24254149121594412
SNRPFP4	-0.026292044516778346
SNRPG	-0.3388990105001067
SNRPGP1	0.12326581671112379
SNRPGP10	-0.2801421413859301
SNRPGP11	-0.026292044516778346
SNRPGP12	0.00355712662185865
SNRPGP13	0.00355712662185865
SNRPGP14	-0.07534330335998449
SNRPGP2	-0.4027224619663894
SNRPGP3	0.21104348520435595
SNRPGP4	-0.3105226219311109
SNRPGP5	-0.042592568157839156
SNRPGP6	
SNRPGP7	-0.015072558976180215
SNRPGP8	0.04828579910784588
SNRPGP9	0.03702732820537368
SNRPN	-0.38710777099187144
SNTA1	-0.07057079733495555
SNTB1	-0.014119306871637573
SNTB2	-0.07981986325836167
SNTG1	-0.2487233553553711
SNTG2	0.23877927940948873
SNTN	0.085060851235345
SNUPN	-0.07080653098813058
SNURF	-0.39289115095156857
SNURFL	0.00355712662185865
SNW1	-0.1856269408457674
SNX1	-0.053963046116399946
SNX10	-0.49682670670747847
SNX11	-0.31719420655213393
SNX12	0.20338978931955468
SNX13	0.10136074932030915
SNX14	0.1798543013546565
SNX15	-0.19211358374611923
SNX16	0.04844259078138986
SNX17	-0.2269763921666936
SNX18	-0.22003126730984252
SNX18P13	0.017756025429860645
SNX18P14	0.2337761684231071
SNX18P15	0.03638066538700253
SNX18P16	-0.1395442182822632
SNX18P2	0.38088064212036493
SNX18P23	-0.05778285478954422
SNX18P24	0.0020068320359362688
SNX18P25	-0.012110098544255331
SNX18P26	-0.1199829211665758
SNX18P27	-0.1436577880377744
SNX18P3	0.033797794984824124
SNX18P4	0.06532701558273886
SNX18P5	
SNX18P6	-0.16011938646504312
SNX18P7	-0.11328186199593429
SNX18P8	-0.3382291903371241
SNX18P9	0.12490167796699042
SNX19	-0.17232897500258312
SNX19P1	0.11746008015192089
SNX19P2	0.1862306905319744
SNX19P3	-0.2014706830736162
SNX2	-0.275151535621608
SNX20	-0.4881565171729746
SNX21	0.17056183443634887
SNX22	-0.3752082897710618
SNX24	0.06324774849264636
SNX25	-0.33241716652533815
SNX25P1	-0.23918928667447562
SNX27	0.09735084177227767
SNX29	-0.43287990753662586
SNX29P1	-0.36966314211610535
SNX29P2	-0.36934800738851814
SNX2P2	-0.0029207012693140072
SNX3	-0.12616011510007188
SNX30	0.15344480869137656
SNX31	-0.1636956811179553
SNX32	-0.05611138575575772
SNX33	0.31438542619729376
SNX33P1	0.006197849616237525
SNX3P1X	0.11125760384342238
SNX4	0.3544691574129906
SNX5	-0.14941800425180485
SNX5P1	0.1277792726076022
SNX6	-0.024841172379307882
SNX6P1	0.23004466544025154
SNX7	0.28940084754805184
SNX8	-0.15492591536263559
SNX9	0.3028647828163598
SOAT1	-0.06755841515827973
SOAT2	-0.03055204326276644
SOBP	-0.28929756597231937
SOCS1	-0.32123819490273314
SOCS2	-0.04442133531724813
SOCS2-AS1	0.027268753388737556
SOCS2P1	-0.0026366779991051836
SOCS2P2	-0.11726519267562963
SOCS3	-0.1928223829215367
SOCS4	-0.2767664574285512
SOCS5	-0.08859481460744854
SOCS5P1	
SOCS5P2	0.17950952996284858
SOCS5P3	-0.3379618655188249
SOCS5P4	-0.01591237538088232
SOCS5P5	-0.09749872786481047
SOCS6	0.26795057037500297
SOCS7	-0.16739557271063138
SOD1	0.24977174294920615
SOD1P1	-0.18203291801594546
SOD1P2	0.0030110378101321483
SOD1P3	0.005677910591023142
SOD2	-0.13962199318131205
SOD2P1	
SOD3	-0.3112167284505994
SOGA1	-0.17313209444529457
SOGA2	-0.3186522071885301
SOGA2P1	0.1628391768482516
SOGA3	-0.2407640263750377
SOHLH1	0.09864495540343927
SOHLH2	-0.011436353413880815
SON	-0.23338395217440308
SORBS1	0.10679110442921848
SORBS2	0.07919899607404374
SORBS3	0.30465319519304873
SORCS1	-0.4337443445147987
SORCS2	-0.33979205330816076
SORCS3	0.1614196792579213
SORCS3-AS1	0.014170119241347074
SORD	0.20482898732134217
SORL1	-0.008770828264887202
SORT1	0.26413847742537716
SOS1	-0.4078120099695552
SOS1-IT1	-0.45516050974303945
SOS2	0.2247264890691602
SOST	-0.08431096510601778
SOSTDC1	0.06786814100169901
SOWAHA	0.16580432596153924
SOWAHB	0.3725823332489789
SOWAHC	0.08638710815339849
SOWAHD	-0.13522594936721932
SOX1	0.0003556104147351953
SOX10	0.1348715052772483
SOX11	0.3793353936379696
SOX12	-0.33255770352396796
SOX13	0.37606513157777527
SOX14	0.14094835740014564
SOX15	0.024347306112809518
SOX17	-0.08689779290826045
SOX18	-0.0766739342260025
SOX2	-0.06270577716624662
SOX2-OT	0.06551755187496773
SOX21	-0.10525967245888863
SOX21-AS1	0.06079477659154345
SOX3	-0.36940722425256733
SOX30	-0.2881939126605608
SOX4	0.16485001227688909
SOX5	-0.3633984521035162
SOX5P	0.08688078179682653
SOX6	0.08072180657913519
SOX7	0.00039044862954748364
SOX8	-0.3823940012256295
SOX9	0.1476876350221062
SP1	-0.12921748793552582
SP100	-0.3373267303817862
SP110	-0.4510604264022566
SP140	-0.45837994127012094
SP140L	-0.4155879637036551
SP2	-0.1393113668709523
SP3	-0.09008764215539536
SP3P	0.05587768821402233
SP4	-0.47286737357359565
SP5	0.017304250295753953
SP6	0.12327692057023404
SP7	-0.15520141401258641
SP8	0.23340117109926437
SP9	0.24389553428567076
SPA17	-0.10055751809526892
SPA17P1	-0.15916224297882817
SPACA1	-0.11381190941759947
SPACA3	-0.30211436048872725
SPACA4	0.036413257180631084
SPACA5	-0.03012126031043609
SPACA5B	
SPACA7	0.20423826949349835
SPAG1	0.027106078871570655
SPAG11A	0.38088064212036493
SPAG11B	-0.07702527041042215
SPAG16	-0.11217196469611503
SPAG17	-0.09013351397847442
SPAG4	-0.1584232666207276
SPAG5	-0.2098578363102814
SPAG5-AS1	-0.12376534702489544
SPAG6	-0.0739430251834903
SPAG7	-0.24213320834101995
SPAG8	-0.4123025078308735
SPAG9	0.09403331809101452
SPAM1	0.1431739086807207
SPANXA1	
SPANXA2	0.09097536592319669
SPANXA2-OT1	0.3023861038022375
SPANXB1	
SPANXB2	
SPANXC	0.2105897689219193
SPANXD	
SPANXN1	-0.15922175750686696
SPANXN2	-0.055336791637305975
SPANXN3	-0.04814948359907853
SPANXN4	0.1935697539052563
SPANXN5	-0.026294062624664754
SPARC	-0.12202734241050599
SPARCL1	-0.20775404743455503
SPAST	-0.14714387879189364
SPATA1	-0.048699388095179715
SPATA12	-0.34418221702749124
SPATA13	-0.10331512240366131
SPATA13-AS1	-0.08730012204633295
SPATA16	-0.09310654491176579
SPATA17	0.03132467419607352
SPATA18	0.02517709049555565
SPATA19	-0.2044647852097268
SPATA2	0.07891965130644259
SPATA20	0.12930315536023027
SPATA20P1	-0.19925995123056245
SPATA21	-0.40483367600746184
SPATA22	-0.27097952514657586
SPATA24	-0.27370810591135997
SPATA25	0.0030243739458589696
SPATA2L	0.2151664888279561
SPATA2P1	0.3306097818085833
SPATA3	0.42224896586487326
SPATA31A1	
SPATA31A2	
SPATA31A3	
SPATA31A4	-0.131758873383243
SPATA31A5	
SPATA31A6	-0.36529366739888414
SPATA31A7	
SPATA31B1	-0.0005548131303611484
SPATA31C1	0.08954433006261632
SPATA31C2	-0.1915614741874211
SPATA31D1	-0.13134353849418182
SPATA31D2P	0.09432004200876885
SPATA31D3	-0.24254149121594412
SPATA31D4	
SPATA31D5P	0.06945771106204972
SPATA31E1	-0.07574930114146718
SPATA31E2P	0.07752717996112074
SPATA31E3P	0.17495655936339127
SPATA32	-0.16831570171258217
SPATA33	0.05597358292283945
SPATA4	-0.050409325329228455
SPATA41	-0.04491901085104968
SPATA42	-0.03614303286168773
SPATA5	-0.27427511428231555
SPATA5L1	0.21795801440533377
SPATA6	0.028620551238969325
SPATA6L	-0.028700426378483322
SPATA7	0.057488581006618224
SPATA8	0.17239901036636432
SPATA8-AS1	-0.055336791637305975
SPATA9	-0.17547678161744226
SPATC1	-0.3192345806800735
SPATC1L	-0.09549170450788938
SPATS1	-0.18065930332567506
SPATS2	-0.3537262375620191
SPATS2L	0.19634158436410776
SPC24	-0.3640877135644723
SPC25	-0.3123280944484142
SPCS1	0.22842210378601738
SPCS2	-0.1822070451449252
SPCS2P1	0.05845951538423784
SPCS2P3	0.1907731461179856
SPCS2P4	-0.11387190410674376
SPCS3	-0.16191230312764338
SPDEF	0.3786733891316209
SPDL1	-0.3305727989394061
SPDYA	-0.18287994693392864
SPDYC	-0.10451296476841988
SPDYE1	-0.08316710303858359
SPDYE2	-0.3485970654949331
SPDYE2B	
SPDYE3	0.1773217528269609
SPDYE4	-0.058008701724139244
SPDYE6	-0.04947105959806506
SPDYE7P	-0.11362659273051069
SPDYE8P	-0.055336791637305975
SPDYE9P	0.06723526704932824
SPECC1	0.05350153368272193
SPECC1L	0.014015122313492109
SPECC1L-ADORA2A	0.2956470207309182
SPEF1	-0.0506672396493538
SPEF2	-0.027525350811578236
SPEG	0.05677109382885432
SPEM1	0.37177036889275994
SPEN	-0.14022792002732787
SPERT	-0.02894546142795471
SPESP1	0.018820513127514607
SPG11	-0.07194916544384178
SPG20	-0.4370869676656747
SPG20OS	-0.37875746936715327
SPG21	-0.18748898700428346
SPG7	0.0921117362188288
SPHK1	-0.30656035394586484
SPHK2	0.1789000489966847
SPHKAP	0.049403521103392155
SPI1	-0.3355707010948148
SPIB	-0.4277141953071026
SPIC	-0.5305030956437893
SPICE1	-0.02044604729651988
SPIDR	-0.12941862700141213
SPIN1	0.10087148180894055
SPIN2A	-0.23339032075504412
SPIN2B	0.08434456149340441
SPIN3	-0.0443116356582907
SPIN4	-0.1122023454869466
SPIN4-AS1	-0.02078334741558796
SPINK1	0.11429099345011713
SPINK13	-0.2573716798678998
SPINK14	0.10148765753379974
SPINK2	-0.08775369624294803
SPINK4	0.03221789944294291
SPINK5	-0.1775162249509162
SPINK6	-0.14425703431209042
SPINK7	-0.14465564312228124
SPINK8	0.0995818769633596
SPINK9	0.13400322962779843
SPINT1	0.23264765649999838
SPINT2	0.17808210554067216
SPINT3	0.13187333841479554
SPINT4	
SPINT5P	
SPIRE1	-0.10025200335141551
SPIRE2	0.26548487505410345
SPN	-0.4352545633547904
SPNS1	-0.2347565860934695
SPNS2	0.1546061433929724
SPNS3	-0.28915424669579126
SPO11	-0.1433441347242362
SPOCD1	0.04042655288155062
SPOCK1	0.15077226206678795
SPOCK2	-0.4466605174239056
SPOCK3	-0.011043397165506385
SPON1	0.005234619156908261
SPON2	0.3119835481834772
SPOP	-0.21628841280291677
SPOPL	3.2376331847201265e-05
SPP1	-0.36939335458774586
SPP2	0.009949818194515838
SPPL2A	0.23679324497427115
SPPL2B	0.13237023247666635
SPPL2C	0.2046092465213267
SPPL3	0.09925539814773499
SPR	0.14820005998294158
SPRED1	0.16711644297591427
SPRED2	0.24902835327400252
SPRED3	0.10647604129104811
SPRN	0.08320564278885079
SPRR1A	-0.24254149121594412
SPRR1B	-0.2994970759929539
SPRR2A	-0.01585664151032933
SPRR2B	
SPRR2C	-0.0026366779991051836
SPRR2D	-0.05069572154464931
SPRR2E	-0.22003448302180242
SPRR2F	-0.24254149121594412
SPRR2G	0.1529596250213679
SPRR3	-0.11490407866809836
SPRR4	-0.14582959280230443
SPRTN	-0.05675850593836475
SPRY1	0.09176796997233105
SPRY2	0.078786101377675
SPRY3	-0.08114756916699356
SPRY4	0.32703752354827703
SPRYD3	-0.005335203270910324
SPRYD4	0.02599765724641844
SPRYD7	0.2725920870985475
SPSB1	-0.06868592169009644
SPSB2	-0.18750734393613488
SPSB3	0.0530537099272706
SPSB4	-0.2860497424912932
SPTA1	-0.09356159127029279
SPTAN1	0.06690681926178536
SPTB	-0.09753149562940308
SPTBN1	0.30070665442824934
SPTBN2	0.27380387092561886
SPTBN4	0.08870195773184059
SPTBN5	-0.035167972442601426
SPTLC1	0.13761543967291
SPTLC1P1	-0.14756950106975628
SPTLC1P2	0.16293137035689448
SPTLC1P3	0.1641320981823936
SPTLC1P4	0.40400142522967364
SPTLC1P5	0.5199263434122768
SPTLC2	0.1141955067524803
SPTLC3	0.1401788242275027
SPTSSA	0.10061649865709092
SPTSSB	-0.03288802195609841
SPTY2D1	-0.06087504174037461
SPTY2D1-AS1	0.1958201574694045
SPZ1	0.030304631128798006
SQLE	-0.08949457470982411
SQRDL	0.06913576264087201
SQSTM1	0.2686803286971158
SQSTM1P1	0.2105897689219193
SRA1	-0.3150565827980489
SRBD1	-0.20531607256859744
SRC	0.3725951082996198
SRCAP	-0.14310064407593598
SRCIN1	0.23410631694669148
SRCRB4D	0.031185660386160406
SRD5A1	-0.11642470668448954
SRD5A1P1	-0.16141921227388
SRD5A2	-0.07764736086827123
SRD5A3	-0.16009448960598058
SRD5A3-AS1	0.01216512697407875
SREBF1	0.21655490994064816
SREBF2	0.08989022168453889
SREK1	-0.26016561264810767
SREK1IP1	-0.20492224190158692
SRF	-0.4292336368819256
SRFBP1	-0.12378239371043433
SRGAP1	-0.002008913316414627
SRGAP2	-0.4190644638402186
SRGAP2-AS1	-0.055336791637305975
SRGAP2B	-0.38656123201837383
SRGAP2C	-0.03221453174215995
SRGAP3	-0.1965645448100945
SRGAP3-AS1	
SRGAP3-AS2	-0.049622631861242265
SRGAP3-AS3	0.03116032750961128
SRGAP3-AS4	-0.02874707187907312
SRGN	-0.46563173138160835
SRGNP1	0.14941865319025666
SRI	0.08284329291701653
SRIP1	0.028157841422244624
SRIP2	-0.037844053767209014
SRIP3	-0.015360717168753965
SRL	-0.2683241627940326
SRM	-0.4557368396216614
SRMP1	-0.1460251493058653
SRMP2	0.09845504119810082
SRMS	0.13646935058154913
SRP14	-0.34395224670881497
SRP14-AS1	-0.1758920639819046
SRP19	0.013751178542564295
SRP54	-0.0018656319404041347
SRP68	-0.2700772708069952
SRP68P1	0.015055497987304794
SRP68P2	0.09611660270232451
SRP68P3	-0.026294062624664754
SRP72	-0.1888620579973476
SRP72P1	0.1605485072530875
SRP72P2	0.02675463109786803
SRP9	-0.030946283252874407
SRP9P1	0.06546297349332397
SRPK1	0.027275080037592304
SRPK2	-0.1676252613944223
SRPK3	0.138687148994449
SRPR	-0.1021770570117895
SRPRB	-0.047297878996881926
SRPX	0.18280361586406632
SRPX2	0.03888923482214396
SRR	-0.0025479043989434
SRRD	-0.33211765676316296
SRRM1	-0.2763018629165385
SRRM1P2	-0.1994405709039652
SRRM1P3	-0.26825438849519434
SRRM2	-0.25743892593048456
SRRM2-AS1	0.09486404536483865
SRRM3	-0.34548698969399116
SRRM4	0.11052772558680639
SRRM5	-0.06802063465532837
SRRT	-0.28541770275727885
SRSF1	-0.2141187398084069
SRSF10	-0.35953420657556495
SRSF10P1	-0.2088904707681158
SRSF11	-0.2841054273461267
SRSF12	-0.36309659811768513
SRSF1P1	
SRSF2	-0.2323766725682552
SRSF3	-0.17340260550498882
SRSF4	-0.24962390492831005
SRSF5	-0.23333504456693419
SRSF6	-0.18808921875644885
SRSF7	-0.2084662760513643
SRSF8	0.0636612930595961
SRSF9	-0.28310978038819745
SRSF9P1	-0.165170910012085
SRXN1	0.2712054247121696
SRY	0.1323057574843057
SS18	-0.35194282859588377
SS18L1	0.08384595063157743
SS18L2	-0.22594331726148434
SS18L2P1	-0.002624431793581414
SS18L2P2	0.2105897689219193
SSB	-0.26976254429441376
SSBP1	-0.21174560247002125
SSBP2	-0.4171442672741594
SSBP3	0.1918879588536491
SSBP3-AS1	-0.10402034313460946
SSBP4	0.0135226987630835
SSC5D	0.21858921516889881
SSFA2	0.1081687928673119
SSH1	-0.18441280397426082
SSH2	-0.4063657379186138
SSH3	0.266116106866535
SSMEM1	-0.00848390079768571
SSNA1	-0.0055903239186312
SSPN	-0.1064714979325946
SSPO	0.11567564125223614
SSR1	-0.056100859032508846
SSR1P1	
SSR1P2	
SSR2	-0.16963925786059061
SSR3	0.00944166534560564
SSR4	-0.10187343129991444
SSR4P1	-0.26217788758181176
SSRP1	-0.3684495728039144
SSSCA1	-0.09130493293942968
SSSCA1-AS1	-0.15400617152833737
SST	0.1526910868241802
SSTR1	0.30130235724249527
SSTR2	0.050943216247234475
SSTR3	-0.4719916133808624
SSTR4	0.3447538791525642
SSTR5	0.1372850723015997
SSTR5-AS1	0.2176959230411498
SSU72	0.07207621461870074
SSU72P1	-0.24695165441711894
SSU72P2	0.2828395602640671
SSU72P3	
SSU72P4	-0.0026366779991051836
SSU72P5	-0.2762979906897932
SSU72P6	
SSU72P7	
SSU72P8	0.2105897689219193
SSUH2	0.1587306617987369
SSX1	-0.22643791448854372
SSX2	0.07268814537471642
SSX2B	0.25151841107446565
SSX2IP	-0.4725296872315071
SSX3	-0.018112584208292704
SSX4	-0.23981572083440036
SSX4B	0.04826610628465749
SSX5	
SSX6	-0.04154819275497688
SSX7	-0.1911281214179999
SSX8	0.437399589376315
SSX9	-0.24254149121594412
SSXP1	
SSXP10	-0.34955393627554004
SSXP3	0.022983701688940716
SSXP4	
SSXP5	
SSXP9	-0.1514107522648601
ST13	-0.06719547640916448
ST13P10	-0.09121936898241094
ST13P11	-0.06431301286187749
ST13P12	-0.049153734194302356
ST13P13	0.10828062232223246
ST13P14	0.00355712662185865
ST13P15	-0.015131391853185792
ST13P16	-0.18391928921988795
ST13P18	0.11831607708564872
ST13P19	0.15206475145510212
ST13P2	0.23374929830241767
ST13P20	0.29085299493124844
ST13P21	0.301688623685694
ST13P3	-0.021525362365215413
ST13P4	0.11830626644182686
ST13P5	0.026318841045707267
ST13P6	0.039092818956518005
ST14	0.31451796049024433
ST18	0.11059718458108156
ST20	-0.28895215171540406
ST20-MTHFS	-0.1994405709039652
ST3GAL1	-0.4513818910259178
ST3GAL1P1	0.056940479613147126
ST3GAL2	-0.2980810186344062
ST3GAL3	-0.23551909886792421
ST3GAL4	-0.1680167780894418
ST3GAL5	-0.48090813283672684
ST3GAL6	-0.20548021828393495
ST3GAL6-AS1	-0.045604927749121685
ST5	-0.004352866698359144
ST6GAL1	-0.31725464694342825
ST6GAL2	0.0250204340230217
ST6GAL2-IT1	0.04705643304729877
ST6GALNAC1	0.12477920058738154
ST6GALNAC2	0.03388161199864605
ST6GALNAC2P1	-0.2762979906897932
ST6GALNAC3	-0.22636892240501547
ST6GALNAC4	-0.29524731433121293
ST6GALNAC4P1	0.12121492156733703
ST6GALNAC5	-0.13324526970184705
ST6GALNAC6	-0.018548569951111375
ST7	0.060377168519108994
ST7-AS1	0.1662279417942347
ST7-AS2	0.1159216734001697
ST7-OT4	-0.12651971164923861
ST7L	0.08857599509606237
ST8SIA1	-0.5254275195528101
ST8SIA2	-0.12822466201345276
ST8SIA3	-0.07547120869906107
ST8SIA4	-0.43879335901420935
ST8SIA5	-0.20702870913998583
ST8SIA6	-0.13143956552518
ST8SIA6-AS1	0.07683332544873434
STAB1	0.2214104286955134
STAB2	-0.13841399479879296
STAC	-0.2033315271973505
STAC2	-0.009185544761282869
STAC3	-0.36619743711308944
STAG1	-0.1291517978933056
STAG2	-0.20128416882175837
STAG3	-0.3342935240963663
STAG3L1	0.11290911647414775
STAG3L2	-0.3016553759143805
STAG3L3	-0.12595308665484548
STAG3L4	-0.07372427309149597
STAG3L5P	-0.2776952139463822
STAG3L5P-PVRIG2P-PILRB	-0.049253026224748676
STAM	0.04097732829846776
STAM2	-0.0474385272285351
STAMBP	0.10489250422631098
STAMBPL1	-0.346323650427498
STAP1	-0.40490901682036806
STAP2	0.16515794490568783
STAR	-0.39148424292710204
STARD10	0.05544567075921838
STARD13	0.13942428048542127
STARD13-AS	0.2053385279771995
STARD13-IT1	-0.03158397457907742
STARD3	0.022921713782411986
STARD3NL	0.025831892001696003
STARD4	0.04870399803680392
STARD4-AS1	-0.30199541122131185
STARD5	0.1146332211596087
STARD6	-0.16158549259124974
STARD7	-0.20888077723946527
STARD8	-0.07670786352984454
STARD9	-0.1371212123580905
STARP1	-0.24254149121594412
STAT1	-0.3288898622959786
STAT2	-0.45079237508025327
STAT3	0.05282195360745261
STAT4	-0.3200830675524909
STAT5A	-0.4800100408502937
STAT5B	-0.46677687350084796
STAT6	-0.11111819240329622
STATH	-0.18350076187502976
STAU1	0.22764571668974057
STAU2	0.03710338112172155
STAU2-AS1	0.2769499241840078
STC1	-0.027748045089104074
STC2	-0.016006325636617875
STEAP1	-0.01504503485962777
STEAP1B	0.018670171731397334
STEAP2	0.07992200714884914
STEAP2-AS1	0.19265369238770222
STEAP3	0.3108768694858676
STEAP3-AS1	-0.20959212139501093
STEAP4	-0.132568922452145
STH	-0.06734752538734827
STIL	-0.24856911350442265
STIM1	-0.07140654738575113
STIM2	-0.2742210322515658
STIP1	-0.20997623939992024
STK10	-0.3225095468344824
STK11	0.028687191626130624
STK11IP	-0.3233726770881363
STK16	-0.12247969410769982
STK17A	-0.3913467400518404
STK17B	-0.3448515332986826
STK19	-0.09023513415434564
STK19P	0.31400388786804334
STK24	0.0979756309112075
STK24-AS1	0.02014760722634133
STK25	-0.04634000051216327
STK3	0.20933417709970414
STK31	0.0802114286211286
STK32A	-0.08055901511189263
STK32B	-0.10228939232209651
STK32C	-0.11141227168583512
STK33	-0.2582978444006543
STK33P1	-0.0026366779991051836
STK35	0.2085140844036534
STK36	-0.28413587905453924
STK38	0.36678337575605574
STK38L	0.04453371360277891
STK39	-0.05233524479280901
STK4	-0.4849461445785282
STK4-AS1	-0.04258796343400928
STK40	-0.16125644458007446
STMN1	-0.3380048771562478
STMN1P2	-0.014137886968988015
STMN2	0.15654241562678048
STMN3	-0.29754372695163195
STMN4	-0.14832000157864547
STMND1	0.02329282581189441
STOM	0.045042910643084945
STOML1	-0.058432310328865436
STOML2	-0.022100204810647284
STOML3	-0.15549067414386167
STON1	0.007291081864044407
STON1-GTF2A1L	-0.33194948241613575
STON2	0.24709796621744828
STOX1	0.12346447269976087
STOX2	-0.12060689413445223
STPG1	0.23935341109376165
STPG2	-0.05409141186696298
STPG2-AS1	0.07268814537471642
STRA13	0.0327720535984374
STRA6	-0.4037425072119802
STRA8	0.12630357936611117
STRADA	-0.3284080693532678
STRADB	0.38697172493431137
STRADBP1	0.07874492929575679
STRAP	-0.011126064633203049
STRBP	-0.3018475548926682
STRC	0.15042587973627342
STRCP1	-0.05051084796961661
STRIP1	0.009201926531859446
STRIP2	-0.40678870732105277
STRN	0.009265100387926986
STRN3	-0.049305844071116295
STRN4	0.21323309839230906
STS	-0.041603452550676205
STSP1	-0.07973311506312683
STT3A	0.1934099282271323
STT3A-AS1	0.036067727937937395
STT3B	0.03759985341667856
STUB1	-0.08098466190636261
STX10	0.028515446946237706
STX11	-0.3918036362535578
STX12	-0.0026602396715047164
STX16	-0.2659309912140705
STX16-NPEPL1	-0.30186547199109565
STX17	-0.0992685511703754
STX18	0.07340036137517153
STX18-AS1	-0.16040506570509028
STX18-IT1	-0.1728283555470296
STX19	0.15736791927480043
STX1A	0.01829050272330897
STX1B	-0.45912890852007776
STX2	-0.3711811519245954
STX3	0.2601020675360583
STX4	-0.1469540279282538
STX5	0.032072260732159526
STX6	-0.20356384483408874
STX7	-0.36392958262477215
STX8	0.15607029115641377
STXBP1	0.029709046379071576
STXBP2	-0.02051055439014849
STXBP3	0.025428758845812745
STXBP4	-0.1411563679429824
STXBP5	0.10674213918493963
STXBP5-AS1	0.2970137988177903
STXBP5L	0.13179458039453193
STXBP6	0.20579685681280482
STYK1	0.16434591392464795
STYX	-0.399271126218318
STYXL1	-0.189437431566708
SUB1	-0.17800308210143523
SUB1P1	-0.08106370449126717
SUB1P2	-0.37169066354098723
SUB1P3	0.0312258776862591
SUB1P4	0.21658646039803436
SUCLA2	0.3250130425024527
SUCLA2-AS1	-0.07806533281227092
SUCLA2P1	-0.05105105607818725
SUCLA2P2	0.17407593717934913
SUCLA2P3	0.1434160954891948
SUCLG1	0.3243250690046598
SUCLG2	0.3668798321652437
SUCLG2P2	0.2611121838070487
SUCLG2P4	-0.23472069191209347
SUCNR1	-0.06689406671278862
SUCO	0.14525744557764445
SUDS3	-0.06324598753321165
SUDS3P1	-0.2106789287367713
SUFU	-0.27435031567878687
SUGP1	-0.13054347629585283
SUGP2	-0.2952153812666651
SUGT1	0.020408631134542485
SUGT1P	-0.020304028607357985
SUGT1P2	0.17519747020927504
SUGT1P3	0.16197935526300986
SULF1	-0.05572133768680082
SULF2	-0.15405742634307248
SULT1A1	0.1664433212308657
SULT1A2	0.17711548510356265
SULT1A3	-0.21426595427400688
SULT1A4	0.09033264282484545
SULT1B1	0.22622385939148934
SULT1C2	-0.22911446908861727
SULT1C2P1	-0.16418952986559365
SULT1C3	0.046135768520352415
SULT1C4	-0.16851617575508415
SULT1D1P	-0.1190986371602398
SULT1E1	-0.13680282240783062
SULT2A1	0.2529862524224462
SULT2B1	0.1792352596882649
SULT4A1	0.013717769906793001
SULT6B1	0.1981434541887734
SUMF1	0.15572782318823175
SUMF2	0.041331087755778546
SUMO1	0.12496404434823802
SUMO1P1	0.2529121279240001
SUMO1P2	0.10646474322323192
SUMO1P3	0.1628292810553302
SUMO1P4	0.0419620801012539
SUMO2	-0.2531246844303582
SUMO2P1	-0.07977132284752392
SUMO2P2	0.14941865319025666
SUMO2P3	0.15817348925254912
SUMO2P4	-0.028694859793406517
SUMO2P5	0.1628391768482516
SUMO2P6	0.08391734466548961
SUMO2P7	-0.28487703114707646
SUMO2P8	0.1187266920757293
SUMO3	0.007488133630406436
SUMO4	-0.11906956512656923
SUN1	0.17300290136055707
SUN2	-0.25102596149207895
SUN3	-0.0980027681637051
SUN5	-0.08235114468778612
SUOX	0.17421715676721808
SUPT16H	-0.2656982907549759
SUPT20H	-0.21065900518775965
SUPT20HL1	-0.04773679862076226
SUPT20HL2	0.04031232964314558
SUPT3H	-0.22673913315283659
SUPT4H1	-0.25819773810171237
SUPT5H	-0.29670735986735114
SUPT6H	-0.0448326951465188
SUPT7L	-0.19440011969232548
SUPV3L1	0.05647855538776486
SURF1	0.04905935353976364
SURF2	0.05872746486227792
SURF4	0.2994083364747992
SURF6	0.10041367528092396
SURF6P1	-0.1632197532649168
SUSD1	-0.027555805074420302
SUSD2	0.15816900738658973
SUSD3	-0.4314556394033094
SUSD4	-0.507210975076322
SUSD5	-0.3483546774302945
SUV39H1	-0.39579566446681275
SUV39H2	-0.2695842497764989
SUV420H1	0.2035336308372579
SUV420H2	0.09989482951295812
SUZ12	-0.34249625146674023
SUZ12P	-0.2063165382517047
SV2A	-0.12117754666064011
SV2B	-0.47841788557189485
SV2C	0.10589598705506548
SVEP1	-0.02492941733103887
SVIL	0.13682067470848913
SVILP1	0.09152905705173442
SVIP	7.519582720026872e-05
SVOP	0.04301368948374005
SVOPL	0.0676861896415039
SWAP70	-0.3985541527525314
SWI5	0.20022220764424545
SWSAP1	-0.06217321696729832
SWT1	0.2189556135987381
SYAP1	0.24498792818214157
SYBU	0.07662813981864773
SYCE1	-0.14238885622676367
SYCE1L	0.002456546034994767
SYCE2	-0.40433434909254234
SYCE3	-0.25427947579630805
SYCN	-0.024918142373884133
SYCP1	-0.28384187973964176
SYCP2	-0.09840591593904088
SYCP2L	-0.19365313077786397
SYCP3	0.017349834292967128
SYDE1	-0.11106836267355925
SYDE2	0.20569130310852818
SYF2	-0.02677916491621599
SYF2P1	0.10279105977507046
SYF2P2	
SYK	-0.42519225879773864
SYMPK	-0.16028887058688987
SYN1	-0.2089719867026719
SYN2	-0.12438549562140032
SYN3	-0.1203442896939271
SYNC	-0.053357746718855174
SYNCRIP	-0.15664338861978638
SYNDIG1	-0.39122511821495193
SYNDIG1L	-0.04579922528213706
SYNE1	-0.45001640594379355
SYNE1-AS1	-0.16860547306003767
SYNE2	-0.010757754479551549
SYNE3	-0.19458520767462165
SYNE4	0.19318433292186024
SYNGAP1	-0.3015991844536738
SYNGR1	-0.28270827516754554
SYNGR2	-0.3207818298294668
SYNGR3	-0.4215475715664429
SYNGR4	-0.006148101692830119
SYNJ1	-0.024266440771908395
SYNJ2	0.048992374099235375
SYNJ2-IT1	-0.1337745223754074
SYNJ2BP	0.07836050028129994
SYNJ2BP-COX16	
SYNM	-0.24945685378155694
SYNPO	0.16644590254072358
SYNPO2	-0.13081022080032972
SYNPO2L	-0.235608140276087
SYNPR	0.09445030198357449
SYNPR-AS1	0.055519116909421545
SYNRG	-0.41821122829596485
SYP	0.2889451570387047
SYP-AS1	-0.23519529133665898
SYPL1	-0.2314602039239718
SYPL2	-0.2955272197326095
SYS1	-0.27501318485684045
SYS1-DBNDD2	-0.15474282558147634
SYT1	-0.09556943735791229
SYT10	0.0693447176702885
SYT11	-0.4964383740244769
SYT12	0.011448839920450753
SYT13	0.27672552742011913
SYT14	-0.14909057878018436
SYT15	-0.4307071229565755
SYT16	-0.10172265191863222
SYT17	-0.029724241782962287
SYT2	-0.3367856591111853
SYT3	-0.11456632450305702
SYT4	0.04396751591806501
SYT5	0.09708921587076397
SYT6	0.13324060501623974
SYT7	0.4889743879864152
SYT8	0.1653556739187967
SYT9	-0.2428302960740884
SYTL1	-0.37407136614691766
SYTL2	0.16748467204167905
SYTL3	-0.33363610683065326
SYTL4	0.09943365693082767
SYTL5	0.2802890027355338
SYVN1	-0.351622359816962
SZRD1	-0.2526481375044641
SZT2	-0.21978088006275276
SZT2-AS1	0.08621677896580913
T	-0.35561060655103055
TAAR1	-0.2964930174978076
TAAR2	-0.061925732204534414
TAAR3	0.1770685195721268
TAAR4P	0.31135176830854766
TAAR5	-0.07467863052671589
TAAR6	-0.07036711836783119
TAAR7P	
TAAR8	-0.1089222052755103
TAAR9	-0.06569987251164072
TAB1	-0.07474042072820009
TAB2	-0.0628006775518017
TAB3	-0.08262622091194213
TAB3-AS1	-0.055336791637305975
TAB3-AS2	
TAB3P1	-0.08093801127094026
TAC1	0.3020384208957027
TAC3	-0.30020749452209833
TAC4	0.09845504119810082
TACC1	-0.24332114746867473
TACC1P1	0.07274500013167176
TACC2	0.12950197127768467
TACC3	-0.3658545880594964
TACO1	0.13840424994459558
TACR1	-0.10434349509004107
TACR2	0.0788952390353577
TACR3	-0.026826109069596326
TACSTD2	-0.3998191290775769
TADA1	-0.3355408389768603
TADA2A	-0.18171682026618546
TADA2B	0.035428182632650435
TADA3	-0.17103064368417412
TAF1	-0.20129830777226454
TAF10	-0.11210714821681228
TAF11	0.1282730604127894
TAF12	-0.25839771388291227
TAF13	0.06774179025065184
TAF13P2	
TAF15	-0.3669982790168415
TAF1A	-0.4132789308958571
TAF1B	-0.4597987819245501
TAF1C	-0.1542881603278373
TAF1D	-0.2765614243938998
TAF1L	
TAF2	-0.20460485653481875
TAF3	-0.3857468412952562
TAF4	0.21816785527416327
TAF4B	-0.3080814304570123
TAF5	-0.1148687669035772
TAF5L	-0.07295810439163491
TAF6	-0.2759356247481902
TAF6L	0.03758426801057087
TAF7	-0.24543244016523807
TAF7L	-0.09033276721120032
TAF8	-0.4144167012599183
TAF9	-0.08172286363023507
TAF9B	-0.10651194217025298
TAF9BP1	0.012070569233466647
TAF9BP2	0.05392166127306306
TAF9P1	0.38088064212036493
TAF9P2	-0.03324771083722451
TAF9P3	-0.12430016638482377
TAGAP	-0.4168013353304391
TAGLN	-0.008232189335519337
TAGLN2	-0.05901760482526016
TAGLN2P1	0.06741409324724672
TAGLN3	-0.06299341605780547
TAL1	-0.20559728327481003
TAL2	-0.4863141187683817
TALDO1	0.040402485216110506
TAMM41	-0.402381472393107
TANC1	0.03791326142917054
TANC2	-0.05103862524121342
TANGO2	-0.279347237951132
TANGO6	-0.2546316450692652
TANK	-0.3082286106771946
TAOK1	-0.14647759178739567
TAOK2	0.09837611162054903
TAOK3	0.005521084374918712
TAP1	-0.18566010476817624
TAP2	-0.041672951768276914
TAPBP	-0.11177058970091795
TAPBPL	0.41027856448927374
TAPSAR1	-0.3839515226796043
TAPT1	0.046705019534737414
TAPT1-AS1	0.031662565340733334
TARBP1	-0.17191103264459856
TARBP2	-0.3187955374220361
TARDBP	-0.2374905506657286
TARDBPP1	-0.06236722966514434
TARDBPP2	-0.09550712325938208
TARM1	0.016955213217929973
TARS	0.08028509345408909
TARS2	-0.21022938712497447
TARS2P1	0.4873078973921809
TARSL2	-0.08564466494815572
TAS1R1	0.0497376810628548
TAS1R2	0.025237108883725677
TAS1R3	0.03303399739220671
TAS2R1	-0.20043706827007815
TAS2R10	-0.24450304464209083
TAS2R12	-0.22060246544215312
TAS2R13	-0.027901254000241054
TAS2R14	-0.20318016728650884
TAS2R15	0.014309691865460918
TAS2R16	
TAS2R18	-0.07456647663670417
TAS2R19	0.3330536933702402
TAS2R20	-0.009208281171384518
TAS2R2P	-0.26237981699485
TAS2R3	-0.13142315137889346
TAS2R30	-0.15198510154184536
TAS2R31	-0.2342533581161047
TAS2R38	0.01752577086322679
TAS2R39	0.06128260886789347
TAS2R4	0.05093100585471725
TAS2R40	0.02478749039621423
TAS2R41	0.04114973075420303
TAS2R42	-0.0026366779991051836
TAS2R43	0.03063334587216263
TAS2R46	0.07931091169430349
TAS2R5	-0.15077601931770143
TAS2R50	-0.16209119683604067
TAS2R6	-0.12386306517751268
TAS2R60	0.06023686777586085
TAS2R62P	0.28663945863934603
TAS2R63P	-0.19393933016609982
TAS2R64P	0.05638793732231453
TAS2R67P	-0.2762979906897932
TAS2R7	0.11125760384342238
TAS2R8	0.06040855954533674
TAS2R9	-0.27812113689786033
TASP1	-0.012895044577144665
TAT	-0.06552490487311058
TATDN1	0.027548450444014327
TATDN1P1	0.13264690417197333
TATDN2	-0.14398493500635873
TATDN2P1	0.034468208453205175
TATDN2P2	-0.07706283485155824
TATDN2P3	0.23905266326933788
TATDN3	-0.3213849737972517
TAX1BP1	0.01599184163069592
TAX1BP3	0.06124711622804746
TAZ	-0.13424824009739433
TBATA	0.1503019477773952
TBC1D1	-0.2800678781613002
TBC1D10A	-0.2791634187055091
TBC1D10B	-0.018241995279865936
TBC1D10C	-0.34707829120345257
TBC1D12	0.1542069287376897
TBC1D13	-0.019581307499126805
TBC1D14	-0.007590252584801846
TBC1D15	-0.05480792408539501
TBC1D16	0.1710764859522207
TBC1D17	-0.08853155873396219
TBC1D19	-0.331029493167805
TBC1D2	0.2570450508467965
TBC1D20	-0.010125639905342545
TBC1D21	0.0009793081774536036
TBC1D22A	-0.0933549558338357
TBC1D22B	0.2539266243973423
TBC1D23	0.10842577248347227
TBC1D24	-0.21141864227976728
TBC1D25	-0.2741496546868866
TBC1D26	-0.30091056776964537
TBC1D27	-0.37065024241635414
TBC1D28	0.05669009174026802
TBC1D29	-0.15892596905049472
TBC1D2B	-0.14851846626607715
TBC1D3	-0.10123973467788196
TBC1D30	0.42592373109634746
TBC1D31	-0.2632266744622259
TBC1D32	0.11956799764356252
TBC1D3B	-0.023685070721263662
TBC1D3C	-0.007136255190191666
TBC1D3F	-0.27570340780461583
TBC1D3G	0.13131362863220636
TBC1D3H	-0.048993352761335575
TBC1D3P1	-0.02584145002919778
TBC1D3P1-DHX40P1	-0.055336791637305975
TBC1D3P2	-0.2049530943697801
TBC1D3P3	0.07627663103744552
TBC1D3P4	-0.1514107522648601
TBC1D3P5	0.2923810907121064
TBC1D3P6	0.14980128223336642
TBC1D3P7	0.04522742968682574
TBC1D4	-0.24060905382448294
TBC1D5	-0.3693266378172317
TBC1D7	0.08805704497947262
TBC1D8	-0.3741566045593958
TBC1D8B	0.19892620494609253
TBC1D9	-0.4757835657849613
TBC1D9B	0.048231034119004465
TBCA	-0.2987654701494267
TBCAP1	-0.1773356329355101
TBCAP2	0.15859378736020055
TBCAP3	-0.09906309109432303
TBCB	-0.14571291820484775
TBCC	0.08770091262299082
TBCCD1	-0.20610633695254169
TBCD	-0.24911201466666427
TBCE	0.10637350975525589
TBCEL	-0.17158117642013634
TBCK	-0.07257503147687924
TBK1	-0.07196777343874637
TBKBP1	-0.247526842494144
TBL1X	-0.19691845725535603
TBL1XR1	-0.1650929721916235
TBL1XR1-AS1	-0.34894320326145356
TBL1Y	0.03430551322500151
TBL1YP1	-0.020134573650369983
TBL2	0.23774419132697736
TBL3	0.20241439586617943
TBP	-0.2749278467656843
TBPL1	0.14906998310155226
TBPL2	-0.2158928707623524
TBR1	-0.027574267101112326
TBRG1	-0.1844239497269036
TBRG4	-0.06354282555781969
TBX1	-0.2490695441203589
TBX10	-0.07326712583578454
TBX15	0.03908013537217313
TBX18	0.24554411955330463
TBX19	-0.3081449699420968
TBX2	0.1470760763458324
TBX20	-0.15988145671731208
TBX21	-0.46309920046021263
TBX22	-0.31925094059513637
TBX3	0.0614938498219862
TBX4	0.027470936231135102
TBX5	0.09773513143872088
TBX5-AS1	0.13996618450512166
TBX6	0.15147369159652574
TBXA2R	-0.15728655193159086
TBXAS1	-0.3334414028231822
TC2N	-0.059333074200649684
TCAIM	0.008378028432771766
TCAM1P	0.10986779086882123
TCAP	-0.18617626631564588
TCEA1	-0.32349758820610397
TCEA1P1	0.016748417028890048
TCEA1P2	-0.4356384679486801
TCEA1P4	-0.3673765173439274
TCEA2	-0.2616904772940551
TCEA3	0.22919685173761256
TCEAL1	0.10535484231475585
TCEAL2	-0.13727024715192482
TCEAL3	-0.23405342333894721
TCEAL3-AS1	-0.026415227039468886
TCEAL4	-0.016661757060193544
TCEAL4P1	-0.026294062624664754
TCEAL5	-0.1885194798415684
TCEAL6	0.02898477847492797
TCEAL7	-0.24442033980071062
TCEAL8	-0.029096650504079943
TCEANC	-0.27647445264892034
TCEANC2	-0.21779381976168163
TCEB1	-0.23339041023132914
TCEB1P10	
TCEB1P11	
TCEB1P12	
TCEB1P13	0.2828395602640671
TCEB1P14	-0.2762979906897932
TCEB1P15	
TCEB1P16	
TCEB1P17	
TCEB1P18	0.022704561186199127
TCEB1P19	-0.17432370403815892
TCEB1P2	0.15695728246131802
TCEB1P20	0.11125760384342238
TCEB1P21	-0.1540426382548021
TCEB1P22	-0.25742972874745396
TCEB1P23	
TCEB1P24	
TCEB1P26	
TCEB1P28	-0.13110299879747536
TCEB1P29	0.050432778766084575
TCEB1P3	0.3053525173772038
TCEB1P30	-0.2762979906897932
TCEB1P31	0.1921907420475498
TCEB1P32	0.38088064212036493
TCEB1P33	-0.0026366779991051836
TCEB1P34	
TCEB1P35	
TCEB1P4	
TCEB1P5	
TCEB1P6	-0.04947105959806506
TCEB1P7	
TCEB1P8	
TCEB1P9	
TCEB2	-0.1711931319915719
TCEB2P1	0.028639786702533244
TCEB2P2	0.24212833090440172
TCEB2P3	0.1935697539052563
TCEB2P4	0.11645140580658705
TCEB3	-0.028195696881959904
TCEB3B	-0.17425296972406382
TCEB3C	
TCEB3CL	
TCEB3CL2	
TCERG1	-0.2625323965638442
TCERG1L	-0.26131255885102866
TCF12	-0.36322367499553254
TCF15	-0.34355034570921
TCF19	-0.3769785185969433
TCF20	-0.15548718769622835
TCF21	0.014943924553297428
TCF23	0.08955950482342054
TCF24	0.03681763917807758
TCF25	0.023266468328773018
TCF3	-0.23183072802250862
TCF4	-0.46867730700713045
TCF7	-0.4388111418716889
TCF7L1	-0.1821029346243511
TCF7L1-IT1	-0.014305202161733655
TCF7L2	0.16969171206912592
TCFL5	-0.18227949359149015
TCHH	-0.06278459993785175
TCHHL1	-0.019725140979661496
TCHP	-0.10444956422633381
TCIRG1	-0.09527008627872102
TCL1A	-0.324224224416638
TCL1B	-0.5497370030799937
TCL6	-0.3368082969066524
TCN1	0.11609102345636871
TCN2	0.09254935463809102
TCOF1	-0.4035977207665399
TCP1	-0.0797922982714893
TCP10	0.10700340904283201
TCP10L	0.2254035387277265
TCP10L2	-0.011334532693567939
TCP11	-0.012281919409639054
TCP11L1	0.08336270751340216
TCP11L2	-0.0934254927859641
TCP11X1	0.00355712662185865
TCP11X2	0.11125760384342238
TCP11X3P	-0.16171891929644236
TCP1P1	0.019923286321574283
TCTA	0.2939898490759837
TCTE1	-0.0855770531209897
TCTE3	-0.0017900834498067448
TCTEX1D1	0.1563179860600426
TCTEX1D2	-0.2413976242170974
TCTEX1D4	-0.0756769118464791
TCTN1	-0.3790630220662423
TCTN2	-0.22944692369667974
TCTN3	-0.08160726309555676
TDG	-0.126168793911819
TDGF1	0.12081108228995856
TDGF1P1	
TDGF1P2	0.06382882096275573
TDGF1P3	-0.17326521060025618
TDGF1P4	-0.20889516613964246
TDGF1P5	-0.10535196200899188
TDGF1P6	0.12605923537801147
TDGF1P7	0.1935697539052563
TDH	-0.3302961894004108
TDO2	-0.3719580994276392
TDP1	-0.4813255000260208
TDP2	0.2234814547017457
TDPX2	0.14645600754244376
TDRD1	-0.1280767914311932
TDRD10	-0.14241881460101394
TDRD12	-0.04636439979969345
TDRD15	-0.23258252786699016
TDRD3	-0.05961431240796294
TDRD5	-0.059861243191273304
TDRD6	-0.11038034538004034
TDRD7	0.2067655309101552
TDRD9	0.26237948586672316
TDRG1	-0.1797728353152337
TDRKH	-0.2017098569771209
TDRP	-0.23112587105240165
TEAD1	0.029352645481103473
TEAD2	0.03885271450911205
TEAD3	0.243894359063331
TEAD4	-0.24673170802917532
TEC	-0.2377730048843234
TECPR1	-0.04962673014875984
TECPR2	-0.10175885867316473
TECR	0.06234307578060601
TECRL	-0.37169066354098723
TECRP1	-0.06294088974435318
TECRP2	0.03425558900215415
TECTA	0.1830813900986694
TECTB	0.15254600289247855
TEDDM1	0.12871503976432577
TEDDM1P1	-0.18797516199195136
TEF	0.2704825062829853
TEFM	-0.059763921694926385
TEK	-0.09020016574797766
TEKT1	0.11131538921633047
TEKT2	0.07873331239304232
TEKT3	0.13225675423337419
TEKT4	-0.24802744971544072
TEKT4P2	-0.03568590851147044
TEKT5	0.026971242547923043
TELO2	-0.09828266903074172
TEN1	-0.1860491876145219
TEN1-CDK3	0.13664665833104195
TENC1	0.10787638993919248
TENM1	-0.1697131642729949
TENM2	-0.2637787626735961
TENM3	-0.0619521896490013
TENM4	-0.4700529499684673
TEP1	-0.04992791431425968
TEPP	-0.31987703887169283
TERC	0.03893821276099311
TERF1	-0.13639172077213177
TERF1P1	0.24630415566225403
TERF1P2	0.05509531226411603
TERF1P3	0.14360878925322937
TERF1P4	-0.21673436232963894
TERF1P5	-0.09541614714728151
TERF2	-0.37733087290514644
TERF2IP	-0.39498791703610975
TERT	-0.1751901054686667
TES	-0.021989001913897136
TESC	-0.3645931727800568
TESK1	0.14516623299066492
TESK2	0.22110545650664876
TESPA1	-0.5204753832251584
TET1	-0.28986686044756355
TET1P1	0.1935697539052563
TET2	-0.005994087521483851
TET2-AS1	-0.11707008087503162
TET3	0.17417073963699115
TEX10	-0.33331757917497346
TEX101	0.15111371888649672
TEX11	-0.1785539134273937
TEX12	0.043522801845821225
TEX13A	
TEX13B	0.12392530412813667
TEX14	-0.39865162433407286
TEX15	0.27931830612555114
TEX19	0.08526769213139966
TEX2	0.08157121731504585
TEX21P	-0.42372524946377577
TEX22	-0.2096220127112421
TEX26	-0.023040631141571507
TEX26-AS1	-0.0244769868217917
TEX261	0.14777989764286295
TEX264	0.09641597822053997
TEX28	-0.2762979906897932
TEX28P1	
TEX28P2	
TEX29	0.051598506559281825
TEX30	-0.2709021542916436
TEX33	0.08807526169003799
TEX35	-0.20528818497737947
TEX36	-0.25742972874745396
TEX37	0.13849996632279749
TEX38	0.209887243815193
TEX40	
TEX41	-0.18103606293903587
TEX9	-0.22048399326164841
TF	-0.39650999674643395
TFAM	-0.08352651980078742
TFAMP1	-0.021130917003843886
TFAMP2	0.042373982416377416
TFAP2A	0.06381437927784994
TFAP2A-AS1	-0.0657119514943335
TFAP2B	0.19417516789864483
TFAP2C	0.0565236015785789
TFAP2D	-0.04017636552964486
TFAP2E	-0.42980085673360324
TFAP4	0.19416949994223415
TFB1M	-0.15866827734839983
TFB2M	0.08404704938294154
TFCP2	-0.22285555383570302
TFCP2L1	0.0718299581326959
TFDP1	-0.2502694097471493
TFDP2	0.15841585531140936
TFDP3	-0.31309999957900025
TFE3	-0.1425156319172927
TFEB	-0.3179977758083898
TFEC	-0.2252112741874049
TFF1	0.006025419353608552
TFF2	-0.07612622482501354
TFF3	0.018638141623519736
TFG	0.2538707377610711
TFIP11	-0.3460400276138472
TFP1	-0.19293535049968696
TFPI	-0.271327801877531
TFPI2	-0.043768330480526696
TFPT	0.050363356875370656
TFR2	-0.03878757563392274
TFRC	0.12219251492795329
TG	-0.33250555611721416
TGDS	-0.1235729249249696
TGFA	0.18910277169682588
TGFA-IT1	-3.5620617500073814e-05
TGFB1	-0.3529967772308709
TGFB1I1	-0.08251152103218677
TGFB2	-0.15561229435897092
TGFB3	-0.19421543349543705
TGFBI	-0.08055790904718617
TGFBR1	-0.17965501655805288
TGFBR2	-0.2754116375745249
TGFBR3	-0.07541910199508697
TGFBR3L	0.08767567424521176
TGFBRAP1	0.020246840709605786
TGIF1	0.08376735818023659
TGIF1P1	0.05863578510314678
TGIF2	-0.45235244037344075
TGIF2-C20orf24	
TGIF2LX	-0.24254149121594412
TGIF2LY	-0.24254149121594412
TGIF2P1	-0.039636241597946494
TGM1	-0.18603866786020035
TGM2	0.08505073623709944
TGM3	-0.020771453659715142
TGM4	0.1071604550087319
TGM5	-0.18923484135446988
TGM6	0.1425440820919455
TGM7	0.011707435223472748
TGOLN2	0.04147489314144734
TGS1	-0.30414028629640016
TH	-0.09282199088055572
THA1P	-0.23842557845737983
THADA	-0.31244405392251806
THAP1	-0.31525634933810565
THAP10	0.16542511740754393
THAP11	-0.3122160610007663
THAP2	-0.4213601295511259
THAP3	-0.10289778414262425
THAP4	0.09316828085552262
THAP5	-0.1254835629329388
THAP5P1	0.04740448093057069
THAP6	-0.12431368539966184
THAP7	-0.017007287082977735
THAP7-AS1	-0.1695631862590007
THAP8	0.01639313822400532
THAP9	-0.1831956017641267
THAP9-AS1	-0.2000639633371861
THBD	-0.09770947779601241
THBS1	0.021437908699319934
THBS2	0.06070751949142992
THBS3	-0.0717978891791304
THBS4	0.05396188607589566
THEG	-0.2337487179481276
THEGL	-0.3609520987670388
THEM4	-0.37723637516502656
THEM5	0.14412633523104756
THEM6	0.28072762721679706
THEMIS	-0.36802182583979515
THEMIS2	-0.42983118334793435
THEMIS3P	-0.16171891929644236
THG1L	-0.06052933779163604
THNSL1	0.029372457966624393
THNSL2	0.08456440278263057
THOC1	-0.22057073295743423
THOC2	-0.20855246837763916
THOC3	-0.04635182351977601
THOC5	-0.30224683062804014
THOC6	-0.09392491101794787
THOC7	-0.07937554835685622
THOC7-AS1	-0.2762979906897932
THOP1	0.04187935319780529
THPO	-0.010879183883591888
THRA	0.05656542599234154
THRAP3	-0.3791350454178438
THRAP3P1	-0.14594778047454665
THRB	-0.05056144960988867
THRB-AS1	-0.3265054626500762
THRB-IT1	-0.11861283577471257
THRSP	-0.036143723618274406
THSD1	-0.05140064365617831
THSD4	-0.1426627522541942
THSD7A	-0.1867654987360675
THSD7B	-0.10355357928454957
THTPA	-0.24581833461801017
THUMPD1	-0.15273324286754802
THUMPD1P1	-0.05107733497161624
THUMPD2	-0.12541497246799982
THUMPD3	-0.028348890324973272
THY1	-0.4541247449722267
THYN1	-0.3205807819437223
TIA1	-0.2452637280022898
TIAF1	-0.2279029369884388
TIAL1	-0.307056884699123
TIAM1	-0.3623022792247269
TIAM2	0.07434853477039796
TICAM1	0.187300256221683
TICAM2	-0.05125330100255817
TICRR	-0.18668112982028362
TIE1	-0.1864949467139129
TIFA	-0.39762367554315314
TIFAB	-0.41905591935695075
TIGD1	-0.09954878885317932
TIGD2	0.16452294003945003
TIGD3	0.023374161946917646
TIGD4	0.18920913530213487
TIGD5	0.29795665455937426
TIGD6	0.02815459335328766
TIGD7	-0.34012524565928803
TIGIT	-0.41061841479452527
TIMD4	-0.44087385315990774
TIMELESS	-0.3721202006624075
TIMM10	-0.2382809528200403
TIMM10B	0.08319493757126831
TIMM13	0.018559558414380735
TIMM17A	-0.055054373694010776
TIMM17B	-0.24117543162375638
TIMM21	-0.1529435819253978
TIMM22	-0.2562118295020299
TIMM23	-0.26894894199080827
TIMM23B	-0.03534365645283316
TIMM44	0.08085551554125918
TIMM50	-0.04899392947802159
TIMM8A	-0.16186279245214458
TIMM8AP1	0.12144485254597134
TIMM8B	-0.20398369479099274
TIMM8BP1	-0.026292044516778346
TIMM8BP2	0.07250201180038561
TIMM9	-0.125460725127279
TIMM9P1	-0.04947105959806506
TIMM9P2	
TIMM9P3	-0.37169066354098723
TIMMDC1	-0.020956973733204955
TIMP1	-0.4468116610736581
TIMP2	0.027833390068268873
TIMP3	0.010192019719454336
TIMP4	0.11986902128222307
TINAG	0.030330406359024717
TINAGL1	-0.013991558438627401
TINCR	0.04779093673752105
TINF2	-0.3874738099525833
TIPARP	0.005063113251312878
TIPARP-AS1	0.2187605701130752
TIPIN	-0.36564898326214434
TIPRL	-0.1284994683088855
TIRAP	0.04452559194611736
TJAP1	-0.308733300771188
TJP1	0.3074023138173129
TJP2	0.34586577150337244
TJP3	0.2865394743724432
TK1	-0.279902488637246
TK2	0.2341231657605408
TKT	-0.20375640466090203
TKTL1	-0.17291519572253292
TKTL2	0.1266342355329834
TLCD1	-0.12190293091328469
TLCD2	0.221097233054861
TLDC1	0.15808327787550816
TLDC2	0.3629414690389333
TLE1	0.009042114961021735
TLE1P1	0.1276818992142896
TLE2	0.06721088062728241
TLE3	0.014477597664141053
TLE4	-0.13156080705042306
TLE6	0.09811108383437334
TLK1	-0.013853579695729971
TLK1P1	0.08230357966387106
TLK2	-0.08948089443766613
TLK2P1	0.046578556328983015
TLL1	-0.23768478282477304
TLL2	0.14777419022172603
TLN1	-0.3169500700519368
TLN2	0.07128194529161437
TLR1	-0.47045278164662524
TLR10	-0.48186651188191243
TLR12P	0.10068902633759481
TLR2	-0.3303863067975145
TLR3	0.2819010076291594
TLR4	-0.34442684940932444
TLR5	-0.2624285009273882
TLR6	-0.49047710968024233
TLR7	-0.30815248929833844
TLR8	-0.3869130420436425
TLR8-AS1	-0.07715462701641329
TLR9	-0.4027068110631866
TLX1	0.18698346271202693
TLX1NB	0.1024329222846423
TLX2	-0.3085416146687011
TLX3	-0.1248841939449146
TM2D1	-0.06569951009936892
TM2D2	0.020632724915459612
TM2D3	-0.3996617458015673
TM4SF1	0.02836983539986063
TM4SF1-AS1	0.3281563952824723
TM4SF18	-0.21646789769026215
TM4SF19	-0.2922176180429351
TM4SF19-AS1	-0.03141118744031658
TM4SF2	
TM4SF20	0.1458038878516222
TM4SF4	-0.10220939465356367
TM4SF5	0.250581406793545
TM6SF1	-0.2641058453878536
TM6SF2	0.18844139748982874
TM7SF2	-0.01670562294028355
TM7SF3	-0.20622284309583724
TM9SF1	0.12042587134347293
TM9SF2	0.30335528013966656
TM9SF3	0.20055055308353292
TM9SF4	-0.04147523768816879
TMA16	-0.3266407173784462
TMA16P1	-0.33591970132972837
TMA16P2	0.16969871220749774
TMA7	-0.23644071525046026
TMBIM1	0.2078259022481337
TMBIM4	0.029289868587774572
TMBIM6	0.2566248161446258
TMC1	-0.3104392172022963
TMC2	0.04222072296841179
TMC3	0.1940711290744453
TMC4	0.32279358909807243
TMC5	0.25670354308990634
TMC6	-0.31410215044931145
TMC7	-0.06963054834741704
TMC8	-0.41053903171319084
TMCC1	-0.130277249566754
TMCC1-AS1	-0.37415117386318236
TMCC1P1	0.31135176830854766
TMCC2	-0.39089642821449155
TMCC3	-0.007872435485771413
TMCO1	0.1512605138662228
TMCO2	0.07395097715281292
TMCO3	0.16398765110747496
TMCO4	-0.009977782870137872
TMCO5A	-0.10210441681088894
TMCO5B	0.13591524489651122
TMCO6	-0.0893489705791828
TMED1	-0.05373342012551226
TMED10	0.010437382749716319
TMED10P1	-0.31306962354064777
TMED10P2	-0.05688490699290718
TMED11P	-0.03800429574261272
TMED2	0.15626777776407624
TMED3	-0.09007846483084128
TMED4	0.1190559445375721
TMED5	0.0417110032144389
TMED6	-0.011124732961203187
TMED7	0.08033402772961275
TMED7-TICAM2	-0.3319440230249879
TMED8	-0.4262158298477872
TMED9	-0.005328298010034987
TMEFF1	-0.014305202161733655
TMEFF2	0.0933085999675703
TMEM100	0.11117310306550705
TMEM101	-0.017329297810486876
TMEM102	0.16442782848298737
TMEM104	0.00811897429705817
TMEM105	-0.04479529623684321
TMEM106A	-0.33752282863761784
TMEM106B	0.0022898638097029857
TMEM106C	0.28372144566161334
TMEM107	-0.2641484267662556
TMEM108	-0.38395785591533943
TMEM109	-0.4534470408298513
TMEM11	0.0466007380850773
TMEM110	-0.38479830192159475
TMEM110-MUSTN1	-0.4240377174254382
TMEM114	-0.15062635088713977
TMEM115	0.10302142443306288
TMEM116	0.163617972188483
TMEM117	0.08119775711521753
TMEM119	-0.40345249647461745
TMEM120A	0.24282417623502758
TMEM120B	-0.1093865016878601
TMEM121	-0.0905958818287556
TMEM123	-0.23564267628032876
TMEM125	0.17549595584941408
TMEM126A	0.02116561030610989
TMEM126B	-0.16947624658083474
TMEM127	0.33237807548118437
TMEM128	0.06853197604505096
TMEM129	0.05178067270324971
TMEM130	-0.3294728261270659
TMEM131	-0.09153546454337892
TMEM132A	-0.08953266818771308
TMEM132B	-0.02558753657094424
TMEM132C	-0.3293512678630888
TMEM132D	-0.04988336251751644
TMEM132E	-0.1166019192340968
TMEM133	0.12169546325759827
TMEM134	-0.026710370118897913
TMEM135	0.23580764222362935
TMEM136	-0.23773107953039405
TMEM138	-0.099814479756689
TMEM139	0.20668031946069085
TMEM140	0.056454787017272086
TMEM141	0.00915502617371772
TMEM143	0.07149646589437883
TMEM144	0.2559640094796156
TMEM145	-0.13806878989959706
TMEM147	-0.10094257785479141
TMEM14A	0.10788602350609487
TMEM14B	0.2005467250506197
TMEM14C	0.2965404789416097
TMEM14D	0.06441328692628887
TMEM14E	-0.11373340143808489
TMEM150A	0.03982310377095061
TMEM150B	0.24407174733431602
TMEM150C	-0.48516042932349396
TMEM151A	0.306974349523939
TMEM151B	-0.15865313559735694
TMEM154	-0.48846555711693784
TMEM155	-0.40631217822248417
TMEM156	-0.44079786518304875
TMEM158	-0.40571368825728227
TMEM159	0.17182416009203463
TMEM160	0.03861801248564698
TMEM161A	0.013517647288775601
TMEM161B	-0.116476305953521
TMEM161B-AS1	-0.14378129190552802
TMEM161BP1	0.01297119332212423
TMEM163	-0.4349085529622972
TMEM164	0.04344515562875862
TMEM165	-0.18170526858836283
TMEM167A	-0.04451337829352098
TMEM167AP1	-0.031870528484580656
TMEM167B	-0.054473178654958786
TMEM168	0.10111239119224938
TMEM169	-0.38042552154276366
TMEM17	-0.13104028338081677
TMEM170A	0.06670663026843082
TMEM170B	-0.2154693003545719
TMEM171	0.17048664924246762
TMEM173	-0.3773271386654422
TMEM174	-0.11714848114437379
TMEM175	-0.04426854266592249
TMEM176A	0.20301337560101254
TMEM176B	0.14744632357353807
TMEM177	0.08691110356597015
TMEM178A	0.05300015446913422
TMEM178B	-0.44355116280365653
TMEM179	-0.05029503962071673
TMEM179B	0.09451426646221874
TMEM18	-0.07035765579474361
TMEM180	-0.21348122276778808
TMEM181	0.2988570453608785
TMEM182	0.008930962687877938
TMEM183A	0.2267912025859728
TMEM183AP1	
TMEM184A	0.30944982229658324
TMEM184B	0.0798313202360829
TMEM184C	0.09162347517983575
TMEM185A	0.028170831664643497
TMEM185AP1	0.19059927338521876
TMEM185B	-0.2963025869364339
TMEM186	0.09467490551195856
TMEM187	0.07586625452066216
TMEM189	0.01259471116140328
TMEM189-UBE2V1	
TMEM19	-0.0064994963242467115
TMEM190	0.10501930547417605
TMEM191A	0.011443624934081825
TMEM191C	-0.11716618170558028
TMEM192	0.13338457376950064
TMEM194A	-0.373532974572503
TMEM194B	-0.3683898248120653
TMEM196	-0.13379228295078335
TMEM198	0.35201016347929703
TMEM198B	-0.11003746038579065
TMEM199	-0.24944209577520426
TMEM2	0.07114174833195064
TMEM200A	-0.19616749606412445
TMEM200B	0.0030025782184361373
TMEM200C	-0.3552262402115974
TMEM201	-0.13791111455724026
TMEM202	0.08392095049566564
TMEM203	0.055522577517788656
TMEM204	-0.16456171827108212
TMEM205	-0.03695220147656493
TMEM206	-0.31360767467853035
TMEM207	0.16333899583731154
TMEM208	0.035539942295976276
TMEM209	-0.04259950263396838
TMEM210	0.23249598588034368
TMEM211	-0.29232476942164043
TMEM212	-0.09732542733656176
TMEM212-AS1	-0.21474860077021563
TMEM212-IT1	-0.16171891929644236
TMEM213	-0.21634645277267456
TMEM214	0.22486301948119156
TMEM215	0.058268293372525364
TMEM216	-0.18416537269502592
TMEM217	-0.08265369306892696
TMEM218	-0.20853581423425596
TMEM219	0.04362110349271525
TMEM220	0.03167585760561285
TMEM221	-0.13630504692341947
TMEM222	-0.07081848270409034
TMEM223	0.08721670717268941
TMEM225	0.07268814537471642
TMEM229A	0.20075711443306213
TMEM229B	0.057701480134401156
TMEM230	-0.19110603950097124
TMEM231	0.08058634610768449
TMEM232	-0.04705872201002792
TMEM233	-0.2126814454117631
TMEM234	-0.29296398403245516
TMEM235	0.2533777431552672
TMEM236	0.4095710891773501
TMEM237	-0.20372018177136642
TMEM238	0.06380700868957931
TMEM239	0.07106225889236771
TMEM240	0.1442206865263974
TMEM241	0.09537293826491598
TMEM242	-0.10757938792061066
TMEM243	-0.3362194089715337
TMEM244	-0.2984340662502371
TMEM245	-0.10497686496599352
TMEM246	0.02781996709805608
TMEM247	-0.00682204275487182
TMEM248	0.056873526590837026
TMEM248P1	-0.25742972874745396
TMEM249	-0.10707015597936813
TMEM25	0.10253193274963586
TMEM251	0.08853901901572502
TMEM252	0.004588102636840433
TMEM253	0.20538448543558321
TMEM254	-0.004399920840775007
TMEM254-AS1	-0.21064189647285922
TMEM255A	-0.2411576548983752
TMEM255B	0.0037213064348386874
TMEM256	0.24013217842598375
TMEM256-PLSCR3	-0.10676359239812927
TMEM256P1	0.04139875967559895
TMEM256P2	-0.07901876745712777
TMEM257	-0.46890488412546066
TMEM258	-0.07586493302381568
TMEM259	0.0048058751877717906
TMEM26	-0.06001016754802847
TMEM260	0.09727546554248868
TMEM261	-0.1619230403705893
TMEM261P1	-0.1484108530293572
TMEM27	0.08521798332332474
TMEM30A	-0.03464935688586065
TMEM30B	0.25198111813887064
TMEM30C	
TMEM31	-0.29369001304508113
TMEM33	-0.0009530204657021093
TMEM35	0.23699652230306117
TMEM37	0.22801985598499025
TMEM38A	0.09282517340584656
TMEM38B	0.02610084790261783
TMEM39A	-0.0018971149669100773
TMEM39B	-0.12344238825906965
TMEM40	0.05914043816079928
TMEM41A	0.1857591781288676
TMEM41B	0.29723410706678877
TMEM42	-0.21597455902475296
TMEM43	-0.22364660514360096
TMEM44	0.18391241592467608
TMEM44-AS1	-0.20385950360048996
TMEM45A	-0.3600445592562992
TMEM45B	0.3943007822834439
TMEM47	-0.07946623564127892
TMEM5	-0.03453183322431236
TMEM5-AS1	0.11882471313297896
TMEM50A	0.3275096022358641
TMEM50B	0.12077658482410611
TMEM51	0.3113811213301622
TMEM51-AS1	0.06759229030363892
TMEM52	0.21002967389126087
TMEM52B	-0.15286033536570848
TMEM53	0.17876158081142368
TMEM54	0.09317707423374481
TMEM55A	-0.3380458922751012
TMEM55B	-0.11186972413879681
TMEM56	0.0933323087760921
TMEM57	0.18458984306774875
TMEM59	0.22253280323211316
TMEM59L	0.060675851127905175
TMEM60	-0.019247338715332837
TMEM61	0.44418271135536314
TMEM62	0.3348458342530149
TMEM63A	-0.03337180636013456
TMEM63B	0.10338240117784595
TMEM63C	0.14466232036969445
TMEM64	-0.23667935067925827
TMEM65	-0.016634811666140243
TMEM66	-0.12068418869857607
TMEM67	0.06451723165480283
TMEM68	0.003114902683159917
TMEM69	0.01205162048940826
TMEM70	0.12067109970661724
TMEM71	-0.43770145936920946
TMEM72	0.04881252127306678
TMEM72-AS1	-0.45296826035165
TMEM74	0.026411738889945916
TMEM74B	0.10878238739078716
TMEM75	0.281154159279624
TMEM78	0.22268565125175227
TMEM79	-0.09065981904674651
TMEM80	0.21799378418670445
TMEM81	-0.24639466842670266
TMEM82	0.2841504623706313
TMEM86A	-0.22882844906323926
TMEM86B	-0.08412899298496627
TMEM87A	0.06418063914117945
TMEM87B	0.0903842241516465
TMEM88	-0.0611338935308622
TMEM88B	0.2205039473628148
TMEM89	0.11644697378333707
TMEM8A	0.23579705290842895
TMEM8B	0.03822721472304447
TMEM8C	-0.12355909339569711
TMEM9	0.10529837023487695
TMEM91	-0.17442884444573734
TMEM92	0.1651668804321594
TMEM95	-0.0030036296025310913
TMEM97	-0.06466185737132593
TMEM97P1	0.034056502949436504
TMEM97P2	-0.0038056706848048866
TMEM98	0.2544566304191173
TMEM99	-0.17215274143560114
TMEM9B	0.1507857222935912
TMEM9B-AS1	-0.008167375451970226
TMF1	0.07258282690173624
TMIE	-0.17328425360606128
TMIGD1	0.052776475250296655
TMIGD2	-0.06401285353043112
TMLHE	0.018835253422428623
TMLHE-AS1	-0.24797315569715636
TMOD1	-0.26846658501915993
TMOD2	-0.2919897408397122
TMOD3	0.05310753215279384
TMOD4	
TMPO	-0.4728329978285956
TMPO-AS1	-0.349426009742734
TMPOP1	-0.1719733821723115
TMPPE	-0.04875520049572898
TMPRSS11A	0.39000771799864425
TMPRSS11B	0.0945227536049147
TMPRSS11BNL	
TMPRSS11CP	-0.055336791637305975
TMPRSS11D	-0.0552602226673485
TMPRSS11E	-0.09421592135555762
TMPRSS11F	-0.3105226219311109
TMPRSS11GP	-0.24254149121594412
TMPRSS12	0.15734194318039332
TMPRSS13	-0.3564001941237385
TMPRSS15	0.0663823096572555
TMPRSS2	0.022223030280309995
TMPRSS3	0.04055766649073046
TMPRSS4	0.049830065723866945
TMPRSS4-AS1	-0.21471518959827063
TMPRSS5	-0.3542410120132647
TMPRSS6	-0.25209049460785854
TMPRSS7	0.14678154248719824
TMPRSS9	0.37935523876661853
TMSB10	-0.22740453681949765
TMSB10P1	0.09265004577374795
TMSB10P2	-0.0880027072138805
TMSB15A	-0.35072838781525134
TMSB15B	-0.3683240894694214
TMSB4X	-0.4037981764181747
TMSB4XP1	-0.08837409682121525
TMSB4XP2	-0.03548535557638603
TMSB4XP3	0.1948494457652539
TMSB4XP4	-0.07290519031135369
TMSB4XP6	0.023828517202692395
TMSB4XP8	-0.31171226032092775
TMSB4Y	-0.1178851827144978
TMTC1	-0.23663461803362082
TMTC2	-0.20410945330494384
TMTC3	0.04222699487863834
TMTC4	0.04121702745931912
TMUB1	0.1307646739530671
TMUB2	-0.08798135780093205
TMX1	-0.06640229241294969
TMX2	0.08703469459057105
TMX2-CTNND1	
TMX3	-0.31773216219300227
TMX4	-0.29469311961852146
TNC	-0.15280055114803756
TNF	-0.44052437905677444
TNFAIP1	0.2352455314953597
TNFAIP2	-0.4461398191190379
TNFAIP3	-0.37274425202030026
TNFAIP6	-0.06476476193338761
TNFAIP8	-0.4883181164978335
TNFAIP8L1	-0.30319374051911363
TNFAIP8L2	-0.40785989797204764
TNFAIP8L3	-0.12011994793792052
TNFRSF10A	-0.3829813540215321
TNFRSF10B	-0.0024096870552041375
TNFRSF10C	0.09591800039542284
TNFRSF10D	0.011833961020132181
TNFRSF11A	-0.008839978893509758
TNFRSF11B	-0.3372022745004494
TNFRSF12A	0.2190342820762855
TNFRSF13B	-0.46349547764036364
TNFRSF13C	-0.41782728140784225
TNFRSF14	-0.05676497123484659
TNFRSF17	-0.2384384742159167
TNFRSF18	-0.08576636935187254
TNFRSF19	-0.0647258056224353
TNFRSF1A	0.38478631613431
TNFRSF1B	-0.32483200084064634
TNFRSF21	-0.008555391945922078
TNFRSF25	-0.11381451618836395
TNFRSF4	-0.3119805451470061
TNFRSF6B	
TNFRSF8	-0.442085267089019
TNFRSF9	-0.45315097730011406
TNFSF10	0.18122513012067581
TNFSF11	-0.4266110980310394
TNFSF12	-0.2219068366713211
TNFSF12-TNFSF13	
TNFSF13	-0.02272469141239614
TNFSF13B	-0.4083623603178764
TNFSF14	-0.22221241990241664
TNFSF15	-0.189524128609381
TNFSF18	-0.008354133175189448
TNFSF4	-0.38709363079212045
TNFSF8	-0.39098972413977706
TNFSF9	-0.1806172637309806
TNIK	0.31297773772542375
TNIP1	0.014982714653969715
TNIP2	0.10633345566416443
TNIP3	-0.1866084681821423
TNK1	0.4359602987193236
TNK2	-0.2532020350715672
TNK2-AS1	-0.3328447448490118
TNKS	-0.17909236606410733
TNKS1BP1	0.08864074382416878
TNKS2	-0.34450698251572354
TNKS2-AS1	-0.277276268311022
TNMD	0.021990320407839558
TNN	0.12710670979836014
TNNC1	0.038449932301763676
TNNC2	-0.00508953423537797
TNNI1	0.039714998159750194
TNNI2	-0.428329902548651
TNNI3	0.013692708100839704
TNNI3K	0.3996176791791713
TNNT1	0.072094685297245
TNNT2	-0.292371450184332
TNNT3	-0.4433477357566278
TNP1	
TNP2	-0.0959794600841775
TNPO1	-0.06735132330802865
TNPO1P1	0.1654729659023782
TNPO1P2	0.1095573558598394
TNPO2	-0.17717251191125394
TNPO3	-0.08826755620029744
TNR	-0.4251656572144911
TNR-IT1	0.14941865319025666
TNRC18	0.1191271415675369
TNRC18P1	-0.13653039516131876
TNRC18P2	0.07148696396489206
TNRC18P3	0.12557521123955054
TNRC6A	-0.2954636269147246
TNRC6B	-0.4141548062204874
TNRC6C	-0.36809034906872307
TNRC6C-AS1	-0.36179027714516804
TNS1	-0.07186654585469207
TNS3	-0.358297759193887
TNS4	0.09652429501320403
TNXA	0.10148888734161773
TNXB	0.1471595758132908
TOB1	0.4395977390994183
TOB1-AS1	-0.28913208502449067
TOB2	0.1149171278393768
TOB2P1	0.15237179477159926
TOE1	0.01770550818772281
TOLLIP	0.3261177445003933
TOLLIP-AS1	0.1206750330992658
TOM1	0.23048584284262788
TOM1L1	0.2146597534956088
TOM1L2	0.24651335799756957
TOMM20	0.11248987041317439
TOMM20L	-0.007078348330728495
TOMM22	-0.13460562898901476
TOMM22P1	0.00355712662185865
TOMM22P2	
TOMM22P3	
TOMM22P4	
TOMM22P5	-0.1334964454898759
TOMM22P6	
TOMM34	-0.18710600825659526
TOMM40	-0.09895018979024876
TOMM40L	0.1617316902949788
TOMM5	0.006378023326575041
TOMM6	
TOMM7	-0.1217214776494525
TOMM70A	0.07395902635475574
TONSL	-2.2120253070652154e-05
TOP1	-0.18009572113719977
TOP1MT	-0.19882298582637709
TOP1P1	0.05986888972537976
TOP2A	-0.2626430690084326
TOP2B	-0.19899932347949498
TOP3A	-0.14074742013065025
TOP3B	-0.23308772314285425
TOP3BP1	0.025170413190390428
TOPAZ1	-0.00026822597698355864
TOPBP1	-0.30020489117193716
TOPORS	0.12853593315308703
TOPORS-AS1	-0.1867206523310239
TOR1A	0.10455232976999751
TOR1AIP1	-0.26672907026893394
TOR1AIP2	0.1398201629773333
TOR1B	0.24039759771759497
TOR2A	-0.06453488724384975
TOR3A	-0.4722215102433941
TOR4A	0.05587782304762293
TOX	-0.33004993867430116
TOX2	-0.42046939164035935
TOX3	0.16224130645258586
TOX4	0.11006209059787447
TOX4P1	-0.033380814711776306
TP53	-0.2668791191441109
TP53AIP1	-0.14248205430259106
TP53BP1	-0.17185631782026345
TP53BP2	-0.007057074782107724
TP53I11	0.003238414924975957
TP53I13	0.07980631647978728
TP53I3	0.12664713821796017
TP53INP1	-0.32844318823510604
TP53INP2	0.19259016520006714
TP53RK	-0.34144266809716733
TP53TG1	0.08627147345881679
TP53TG3	0.022784005207599205
TP53TG3B	
TP53TG3C	
TP53TG3D	-0.15654343394380632
TP53TG5	-0.03658862691295526
TP63	-0.4547667284067506
TP73	-0.3931847060487763
TP73-AS1	-0.2505046495775788
TPBG	0.10004552417167412
TPBGL	-0.056137557872866464
TPCN1	0.05563215586864314
TPCN2	-0.018226436921284894
TPD52	0.1352260151628061
TPD52L1	0.16937046999554906
TPD52L2	-0.147727171230664
TPD52L3	-0.11893895315055904
TPGS1	-0.02777748347128946
TPGS2	-0.25627110025365624
TPH1	0.12995092321496082
TPH2	-0.18451895344072844
TPI1	0.14622719909043128
TPI1P1	0.20352058947041224
TPI1P2	0.13530175219478655
TPI1P3	0.08945501295163531
TPI1P4	-0.12444707091745348
TPK1	-0.16300344345504927
TPM1	0.228728934929806
TPM2	0.06138971651284467
TPM3	-0.20174578738338542
TPM3P1	-0.00741786551204244
TPM3P2	-0.2802295861859408
TPM3P3	0.1529596250213679
TPM3P4	0.20106501997421006
TPM3P6	-0.024785193585770714
TPM3P7	-0.024176285812367356
TPM3P8	-0.11482391493387514
TPM3P9	-0.16903342969782614
TPM4	-0.19803276584616955
TPM4P1	0.2393272208834648
TPMT	0.15768617923778988
TPMTP1	0.13286854675869764
TPMTP2	-0.010142534938112001
TPMTP3	-0.09669369098925053
TPMTP4	-0.10853980208721282
TPO	0.04968963411503945
TPP1	-0.03587415387207778
TPP2	-0.010726441318442984
TPPP	0.17534591893922002
TPPP2	0.08653427498740557
TPPP3	-0.14384191051544248
TPR	-0.2309689096992151
TPRA1	0.07730632721562081
TPRG1	-0.28627880154052554
TPRG1-AS1	0.13179206275488084
TPRG1-AS2	0.15859618488227933
TPRG1L	0.27775589183672084
TPRKB	0.02706971910522996
TPRKBP1	0.06453187067581063
TPRKBP2	0.2966063432940095
TPRN	0.22358884763410464
TPRX1	-0.009402785892139031
TPRX1P1	-0.1994405709039652
TPRX2P	-0.37169066354098723
TPRXL	-0.30419762621274604
TPSAB1	-0.11198275076884859
TPSB2	-0.09280677534912418
TPSD1	0.10664058955562156
TPSG1	-0.25463054467828194
TPSP2	-0.06357593688034233
TPST1	-0.411767229574686
TPST2	-0.30670015158541825
TPST2P1	-0.0651514997301433
TPT1	0.09472667831347463
TPT1-AS1	-0.07972274305317575
TPT1P1	0.08929380813082236
TPTE	-0.2039588282208994
TPTE2	-0.3277861975744446
TPTE2P1	-0.05193493811227096
TPTE2P2	-0.052543253456738395
TPTE2P3	-0.38169275415576925
TPTE2P4	-0.16992384731168927
TPTE2P5	0.040227627429798095
TPTE2P6	0.10641311107226473
TPTEP1	-0.23303058466400228
TPX2	-0.28100788546836264
TRA2A	-0.26370999774142645
TRA2B	-0.24733676340269092
TRABD	-0.12849429161306122
TRABD2A	0.12907428191806583
TRABD2B	-0.16828485812542346
TRAC	-0.4552429795655051
TRADD	-0.16749019841692625
TRAF1	-0.4908386688375614
TRAF2	-0.2509360588014494
TRAF3	-0.363276617908071
TRAF3IP1	-0.04653453656062301
TRAF3IP2	0.05496161739304378
TRAF3IP2-AS1	-0.38445237868806037
TRAF3IP3	-0.4568826519371409
TRAF4	0.14243836333186138
TRAF5	-0.4547372088472433
TRAF6	0.23097270485752158
TRAF6P1	0.0953890250845353
TRAF7	0.17880934117554906
TRAFD1	-0.3478770730117196
TRAIP	-0.29193625280762364
TRAJ1	-0.40685538153378104
TRAJ10	-0.3686082235469071
TRAJ11	-0.18833938306842166
TRAJ12	-0.26887565954168496
TRAJ13	-0.13814543393434128
TRAJ14	-0.03937559612879282
TRAJ15	-0.16861073697429743
TRAJ16	-0.22852639710184391
TRAJ17	-0.0573073936229381
TRAJ18	-0.11028023306070873
TRAJ19	-0.18414973659072467
TRAJ2	-0.2724645638458022
TRAJ20	-0.2121261673290229
TRAJ21	-0.12863685069535888
TRAJ22	-0.03414755273665804
TRAJ23	-0.22774322149218257
TRAJ24	0.11052491669646498
TRAJ25	0.12650848198775488
TRAJ26	-0.16163949823300508
TRAJ27	-0.2921884571647839
TRAJ28	-0.12373909383342331
TRAJ29	-0.2745760517505242
TRAJ3	-0.45429503182575554
TRAJ30	0.10188519179168495
TRAJ31	-0.12034849903644675
TRAJ32	-0.2791859253370047
TRAJ33	-0.3334399605297038
TRAJ34	-0.041640260225441525
TRAJ35	-0.20611934827777034
TRAJ36	-0.07013041751302543
TRAJ37	-0.0684068514542171
TRAJ38	-0.2740181208009042
TRAJ39	-0.24185851842219283
TRAJ4	-0.1901683670513318
TRAJ40	-0.1206024384552953
TRAJ41	-0.01326781020316335
TRAJ42	0.1478255580860974
TRAJ43	-0.30778648217838434
TRAJ44	0.021563428091550894
TRAJ45	0.16021328836358942
TRAJ46	0.00011645130714923764
TRAJ47	-0.16143902929813655
TRAJ48	-0.20526519424450915
TRAJ49	-0.23320296964756848
TRAJ5	-0.18212493175574054
TRAJ50	-0.14184686025844476
TRAJ51	
TRAJ52	-0.20447373772883573
TRAJ53	-0.0035609573416152183
TRAJ54	-0.376428980373625
TRAJ55	-0.1994405709039652
TRAJ56	-0.3105226219311109
TRAJ57	-0.16461092604782535
TRAJ58	0.02433489670705187
TRAJ59	0.23207040816321395
TRAJ6	-0.26471180322325105
TRAJ60	
TRAJ61	-0.23895425567941733
TRAJ7	-0.2886588723806974
TRAJ8	-0.44211787216416
TRAJ9	-0.2273571535173857
TRAK1	-0.049353040298803844
TRAK2	0.19562394551060558
TRAM1	-0.07020101878015574
TRAM1L1	0.1522638304967985
TRAM2	0.18649892657342076
TRAM2-AS1	0.02220749627971914
TRANK1	0.06783510440580397
TRAP1	-0.07726948465751159
TRAPPC1	-0.30082030331593024
TRAPPC10	-0.09072488822298502
TRAPPC11	-0.09021787696858852
TRAPPC12	-0.07646266311254458
TRAPPC12-AS1	-0.17796450459858895
TRAPPC13	0.02716658452215045
TRAPPC2	-0.29509545019459715
TRAPPC2L	-0.14792006484942596
TRAPPC2P1	-0.1698396340746065
TRAPPC2P10	
TRAPPC2P2	0.2828395602640671
TRAPPC2P3	
TRAPPC2P4	
TRAPPC2P5	
TRAPPC2P7	
TRAPPC2P8	
TRAPPC2P9	
TRAPPC3	0.15412978422232243
TRAPPC3L	-0.26377537565027875
TRAPPC4	-0.08703461952293706
TRAPPC5	-0.03853486982810104
TRAPPC6A	-0.08224537824244528
TRAPPC6B	-0.0631710439171526
TRAPPC8	-0.06722041725175051
TRAPPC9	-0.015100513644998287
TRAT1	-0.4747826106018294
TRAV1-1	-0.28584231644376823
TRAV1-2	-0.0730822843828984
TRAV10	-0.21860577130750475
TRAV11	-0.3057847484078505
TRAV12-1	-0.3326858917835512
TRAV12-2	-0.45225591208567734
TRAV12-3	-0.3882520227480813
TRAV13-1	-0.22867862689142832
TRAV13-2	-0.42629178520085986
TRAV14DV4	-0.35338380805555114
TRAV15	0.11125760384342238
TRAV16	-0.32243881147869285
TRAV17	-0.3690760119112162
TRAV18	-0.4648680724252784
TRAV19	-0.22251028343516963
TRAV2	-0.4440905337050178
TRAV20	-0.486536593027551
TRAV21	-0.4179171839617482
TRAV22	-0.3376029109805938
TRAV23DV6	-0.4218009711823431
TRAV24	-0.24325612201247146
TRAV25	-0.3865590775772257
TRAV26-1	-0.3924648419375286
TRAV26-2	-0.4486165733981622
TRAV27	-0.3607736828887985
TRAV28	0.00355712662185865
TRAV29DV5	-0.3957619784149761
TRAV3	-0.34946931969953116
TRAV30	-0.4783155526079507
TRAV31	
TRAV32	0.15859618488227933
TRAV33	-0.1930058815703817
TRAV34	-0.5590358939350997
TRAV35	-0.4689757842544008
TRAV36DV7	-0.3774745989402618
TRAV37	-0.0058939430311883345
TRAV38-1	-0.3237322372212494
TRAV38-2DV8	-0.5061817729887851
TRAV39	-0.45427905773416116
TRAV4	-0.2394179076051786
TRAV40	-0.3425200937248701
TRAV41	-0.5241652730299363
TRAV5	-0.2300899573823192
TRAV6	-0.3992367302153268
TRAV7	-0.14984598361921955
TRAV8-1	-0.2990558261530235
TRAV8-2	-0.4360338199528824
TRAV8-3	-0.4635065741777957
TRAV8-4	-0.4793130587137718
TRAV8-5	-0.1266730801820233
TRAV8-6	-0.40889266007262653
TRAV8-7	-0.12400196720807286
TRAV9-1	-0.00039369857616019757
TRAV9-2	-0.461249512700895
TRBC2	-0.41210735758015477
TRBJ2-1	-0.025298101080417846
TRBJ2-2	-0.18429917874680185
TRBJ2-2P	-0.29418688831738626
TRBJ2-3	-0.25995487341101114
TRBJ2-4	-0.21236757326249153
TRBJ2-5	-0.18096971023417868
TRBJ2-6	-0.16469581749774873
TRBJ2-7	-0.4417387060689871
TRBV1	-0.2554179890266197
TRBV10-1	-0.4305319930801823
TRBV10-2	-0.43776077815155817
TRBV11-1	-0.3067446876490596
TRBV11-2	-0.25476190288931194
TRBV12-1	-0.2493128532296193
TRBV12-2	-0.06652003089110395
TRBV19	-0.44413879681905605
TRBV2	-0.39350223425476405
TRBV20-1	-0.45667607003088173
TRBV20OR9-2	-0.04380803897317503
TRBV21-1	-0.45564278475161973
TRBV21OR9-2	0.11125760384342238
TRBV22-1	
TRBV22OR9-2	
TRBV23-1	-0.24119562107652995
TRBV23OR9-2	-0.15426854917432975
TRBV24-1	-0.3857505873849734
TRBV24OR9-2	
TRBV25-1	-0.3360872831477236
TRBV25OR9-2	0.11125760384342238
TRBV26	
TRBV26OR9-2	-0.07075660090600058
TRBV27	-0.2158097164571614
TRBV28	-0.297857183070684
TRBV29-1	-0.4283689190960108
TRBV29OR9-2	0.17769094124934676
TRBV3-1	-0.4054507220178212
TRBV30	-0.3160998429603842
TRBV4-1	-0.4412101357570644
TRBV4-2	-0.3786047320375619
TRBV5-1	-0.4569657725881562
TRBV5-2	
TRBV5-3	-0.2695853190004067
TRBV5-4	-0.4250711117928372
TRBV5-5	-0.18256413519599574
TRBV5-6	-0.4499251723022156
TRBV5-7	-0.05113180577330296
TRBV6-1	-0.33588305098809107
TRBV6-4	-0.36335342028084855
TRBV6-5	-0.4185151378638087
TRBV6-6	-0.31554311407691205
TRBV6-7	-0.31089559182418564
TRBV6-8	-0.2938309427399991
TRBV6-9	-0.24140639038980288
TRBV7-1	-0.4256744455680502
TRBV7-3	-0.5642202426118672
TRBV7-4	-0.028312159996245225
TRBV7-5	0.30936627538323513
TRBV7-6	-0.36702002694622454
TRBV7-7	-0.25777603661300824
TRBV7-8	-0.37092332172540166
TRBV8-1	-0.036218417506281894
TRBV8-2	-0.08201390486776935
TRBV9	-0.4606757556931075
TRBVA	-0.24799007655264946
TRBVB	0.127938253181185
TRDC	-0.005921304286098967
TRDD1	
TRDD2	-0.1994405709039652
TRDD3	0.18009853273045529
TRDJ1	-0.17367752724314894
TRDJ2	-0.00346303295867083
TRDJ3	-0.17129687677133762
TRDJ4	0.1286420614098045
TRDMT1	-0.10700160475933682
TRDN	-0.008890274250495777
TRDV1	0.08729228056526415
TRDV2	0.0786914386327635
TRDV3	0.059147194207502994
TREH	0.09977315336657751
TREM1	-0.36716830882745866
TREM2	0.03238311863984739
TREML1	-0.4970096277274661
TREML2	-0.4032890004476369
TREML3P	-0.362419527082749
TREML4	-0.25250980249027916
TREML5P	0.05232041610744023
TRERF1	-0.3917202715437828
TRERNA1	-0.13532604513868926
TREX1	-0.1775865943187945
TREX2	-0.30379588879906305
TRGC1	-0.08727446006399107
TRGC2	0.007346442441096372
TRGJ1	0.27047318870970183
TRGJ2	-0.28047310796914665
TRGJP	-0.16506062503623722
TRGJP1	-0.2118136181000683
TRGJP2	-0.21215698761705334
TRGV1	-0.11841772583225879
TRGV10	-0.12172353376443334
TRGV11	0.06683348380019073
TRGV2	-0.09040190384244375
TRGV3	-0.10166755795349293
TRGV4	0.23306246735671962
TRGV5	-0.15393342273900654
TRGV5P	-0.06320358054266564
TRGV6	-0.1857271089225718
TRGV7	-0.004514996427265404
TRGV8	-0.07058249146048955
TRGV9	-0.09057850361975579
TRGVA	0.014803428553851002
TRGVB	-0.09586943337372913
TRH	0.09450069484989075
TRHDE	0.051523956295883806
TRHDE-AS1	-0.32819413280179976
TRHR	0.07838764234805859
TRIAP1	0.022756447628030616
TRIAP1P1	0.23484426586438806
TRIB1	-0.019702811080145863
TRIB2	-0.42898109535817674
TRIB3	-0.2338278415126874
TRIL	
TRIM10	0.11395423826031684
TRIM11	-0.08511518556249087
TRIM13	-0.15963390121203835
TRIM14	-0.10944886910114397
TRIM15	0.05783737311194883
TRIM16	-0.11936098836917924
TRIM16L	-0.050075207696528755
TRIM17	-0.08585291481130573
TRIM2	0.1613788666333196
TRIM21	-0.07729540059768307
TRIM22	-0.40384616833070264
TRIM23	-0.28572006127024785
TRIM24	0.09467920695547358
TRIM25	0.009863977161748232
TRIM26	-0.12389177593406185
TRIM26BP	0.02447153048558183
TRIM27	-0.10421145785980374
TRIM28	-0.28535451374208937
TRIM29	-0.11341159983815399
TRIM3	0.12653920449949801
TRIM31	0.13371840246892538
TRIM31-AS1	0.11448888051199824
TRIM32	0.02100085952313017
TRIM33	-0.21518462510426903
TRIM34	-0.13389833605845441
TRIM35	0.14488612141762483
TRIM36	0.4030082838467812
TRIM36-IT1	0.3406516131725067
TRIM37	-0.009457461186074437
TRIM38	-0.22471827660574184
TRIM39	-0.26451928296860616
TRIM39-RPP21	
TRIM4	-0.297712709045983
TRIM40	0.02117727045516965
TRIM41	-0.3427792818379839
TRIM42	-0.2019111141497048
TRIM43	-0.1456357871134465
TRIM43B	0.21280949421221868
TRIM43CP	-0.18130461937036732
TRIM44	-0.1433205843434692
TRIM45	0.017792868313923845
TRIM46	-0.3156120100268616
TRIM47	-0.07287084656892094
TRIM48	0.11125760384342238
TRIM49	
TRIM49B	
TRIM49C	-0.009285939150403533
TRIM49D1	0.22413863037782905
TRIM5	-0.07246041353154711
TRIM50	0.24047455424322242
TRIM51	-0.04884687119140898
TRIM51BP	
TRIM51CP	
TRIM51DP	
TRIM51EP	-0.19925995123056245
TRIM51FP	-0.2762979906897932
TRIM51GP	-0.01611316280655554
TRIM51HP	-0.16733568988902836
TRIM51JP	0.17318289267938786
TRIM52	-0.3466217418434271
TRIM52-AS1	0.07355157221212451
TRIM53AP	-0.24254149121594412
TRIM53BP	
TRIM53CP	
TRIM54	0.10757129543653864
TRIM55	-0.17201795949128404
TRIM56	-0.039106661969476424
TRIM58	0.05758100773134143
TRIM59	-0.41287066307482295
TRIM6	-0.4161729072724215
TRIM6-TRIM34	
TRIM60	0.16453411004333973
TRIM60P10Y	
TRIM60P11Y	
TRIM60P13	
TRIM60P14	-0.02648932000647404
TRIM60P15	0.38088064212036493
TRIM60P16	-0.051246636325977625
TRIM60P17	-0.14656510504032952
TRIM60P18	-0.3398852677570218
TRIM60P19	
TRIM60P3Y	
TRIM60P5Y	
TRIM60P8Y	-0.020783347415587964
TRIM60P9Y	
TRIM61	-0.3458522001182826
TRIM62	-0.10441926078515575
TRIM63	0.15039988913573205
TRIM64	0.04828579910784588
TRIM64B	0.1502654787407709
TRIM64C	-0.19290144609542448
TRIM64DP	
TRIM64EP	
TRIM64FP	
TRIM65	-0.17221531417325928
TRIM66	-0.17344505981272493
TRIM67	0.020413677086537647
TRIM68	-0.0737423836894996
TRIM69	-0.22054071302486802
TRIM7	0.1269512728223096
TRIM71	-0.1323037054078642
TRIM72	-0.028550955935246283
TRIM73	-0.007284673703587435
TRIM74	-0.2160310648001778
TRIM77	-0.2762979906897932
TRIM8	-0.05750462864311799
TRIM9	0.08592712341514469
TRIML1	0.16691747593081713
TRIML2	-0.07921586810957192
TRIO	-0.06510674651268665
TRIOBP	0.14852668004777175
TRIP10	0.30139853899408076
TRIP11	-0.0019911767231125645
TRIP12	-0.18396429618855392
TRIP13	-0.3499241484431526
TRIP4	0.008178870298677922
TRIP6	0.11114736436902652
TRIQK	0.05850471202226965
TRIT1	-0.21200399289380392
TRMT1	-0.3096104709645461
TRMT10A	-0.05592195979933594
TRMT10B	-0.21319445953094596
TRMT10C	-0.12306698701053298
TRMT11	-0.0016698922736115625
TRMT112	-0.21680416878525893
TRMT112P1	0.2447470605661791
TRMT112P2	0.3605339898435149
TRMT112P4	
TRMT112P5	0.14941865319025666
TRMT12	-0.005501302620539434
TRMT13	-0.26523768939114656
TRMT1L	-0.2839137503969732
TRMT2A	-0.13266412078329815
TRMT2B	-0.13802139655023582
TRMT2B-AS1	-0.313935836961005
TRMT44	-0.09364490424537453
TRMT5	-0.07996147937058554
TRMT6	-0.2749616815133433
TRMT61A	0.0006212012463603874
TRMT61B	0.05708186261359826
TRMU	-0.1213220827573191
TRNAI2	-0.07155386287557561
TRNAI6	
TRNAQ41P	0.010725737149960795
TRNAS30P	-0.04947105959806506
TRNAU1AP	-0.23609028827213235
TRNP1	0.1312938055260232
TRNT1	-0.1674424469262254
TRO	-0.2810655262352474
TROAP	-0.22316699697600623
TROVE2	-0.16647287825040483
TRPA1	0.09986583171050624
TRPC1	-0.12902323278282357
TRPC2	-0.12775828749371365
TRPC3	0.049953092712043165
TRPC4	-0.09191088548321862
TRPC4AP	0.20928660099321825
TRPC5	0.08255353017143707
TRPC5OS	-0.0925414780323216
TRPC6	0.15662136876898503
TRPC6P	0.00355712662185865
TRPC7	0.1957551748374515
TRPC7-AS1	0.10074415754284596
TRPC7-AS2	-0.09716246418546123
TRPM1	-0.43452762184761606
TRPM2	-0.22572624559166404
TRPM3	0.05296547891705733
TRPM4	0.02414702503843113
TRPM5	0.2303678285641284
TRPM6	0.014792288321559063
TRPM7	-0.05421157357790697
TRPM8	0.06763002175190981
TRPS1	-0.45266552677963273
TRPT1	0.035244195599307325
TRPV1	0.12536488130467419
TRPV2	-0.43098381138231806
TRPV3	-0.027611444057107908
TRPV4	-0.18317556227933138
TRPV5	0.03338030768460712
TRPV6	0.14001085061239457
TRRAP	-0.2320064279321279
TRUB1	-0.17871441910665076
TRUB2	0.06122700974430457
TSACC	0.057310110937293234
TSC1	-0.2981510944585318
TSC2	0.04943062691375118
TSC22D1	0.06301261507198214
TSC22D2	-0.24566006604112678
TSC22D3	-0.1439049306302263
TSC22D4	-0.07945248450889357
TSEN15	-0.20614314727081992
TSEN15P1	0.007956709018658676
TSEN15P2	0.11125760384342238
TSEN15P3	-0.020783347415587964
TSEN2	-0.0986787220974186
TSEN2P1	0.1367494221397013
TSEN34	0.15840120198966026
TSEN54	-0.038274125575820495
TSFM	-0.08025180115087664
TSG101	0.20691038554600624
TSGA10	0.028121629584400013
TSGA10IP	0.20672295475052876
TSGA13	-3.5620617500073814e-05
TSHB	-0.24254149121594412
TSHR	-0.1696693196767619
TSHZ1	0.17917064016715467
TSHZ2	-0.27747703589441813
TSHZ3	0.015018809185446524
TSIX	0.012910488885769192
TSKS	-0.15516594741334747
TSKU	0.039889326751989335
TSLP	-0.1511510640108493
TSN	-0.10940808843239622
TSNARE1	-0.12281606195720642
TSNAX	-0.23290397266479884
TSNAX-DISC1	-0.21161780219932388
TSNAXIP1	-0.20045012855700373
TSPAN1	-0.014572260868907389
TSPAN10	-0.3122014535421505
TSPAN11	-0.33372200816466974
TSPAN12	0.32301177306989776
TSPAN13	0.10449658862643868
TSPAN14	-0.02747800656515422
TSPAN15	0.1979594380075294
TSPAN16	-0.22930924645473028
TSPAN17	0.24713384598418064
TSPAN18	-0.4047756500516846
TSPAN19	-0.03584330342188996
TSPAN2	-0.024559656130730315
TSPAN3	0.25828846808030825
TSPAN31	0.040521691461224196
TSPAN32	-0.18240972906985484
TSPAN33	-0.44210300250042267
TSPAN4	-0.14134964745844966
TSPAN5	0.005815964537841966
TSPAN6	0.014809023568493335
TSPAN7	0.2189956648965254
TSPAN8	0.2974346639374013
TSPAN9	0.21812267445532627
TSPAN9-IT1	-0.1847002069464915
TSPEAR	-0.46738855748750974
TSPEAR-AS1	-0.21536194416525298
TSPO	0.016056945269178367
TSPO2	0.2330425233088943
TSPY1	
TSPY10	
TSPY11P	0.15859618488227933
TSPY12P	0.2213048685812248
TSPY13P	
TSPY14P	-0.27389919522749734
TSPY15P	-0.0026366779991051836
TSPY16P	-0.055336791637305975
TSPY17P	
TSPY18P	-0.04947105959806506
TSPY19P	-0.24254149121594412
TSPY2	-0.0751753529424372
TSPY20P	
TSPY21P	
TSPY22P	
TSPY23P	
TSPY24P	0.3247756260625442
TSPY25P	0.11125760384342238
TSPY26P	-0.004070477935798646
TSPY3	-0.24254149121594412
TSPY4	
TSPY5P	
TSPY6P	
TSPY7P	
TSPY8	
TSPYL1	-0.2436853311030681
TSPYL2	-0.39418746317962616
TSPYL4	-0.21109636494397996
TSPYL5	-0.3972799819448908
TSPYL6	0.15889860985947282
TSR1	-0.26577153715558116
TSR2	-0.1894046678363403
TSR3	0.09242881707474467
TSSC1	-0.2967054466377894
TSSC1-IT1	-0.0332041636431766
TSSC2	-0.21041222856239566
TSSC4	0.06456155468734907
TSSK1A	-0.19747588475985628
TSSK1B	0.03047211421996896
TSSK2	0.08798166047731008
TSSK3	-0.14461166411484108
TSSK4	-0.16430883019147877
TSSK5P1	0.38088064212036493
TSSK6	-0.30323202408321703
TST	0.1449988614390489
TSTA3	0.136565765382348
TSTD1	0.18876849966146902
TSTD2	0.010782247552579177
TSTD3	-0.09787083208739465
TTBK1	-0.27921841554761245
TTBK2	-0.4193297916918496
TTC1	-0.2690861543075655
TTC12	-0.04561360900475077
TTC13	-0.19577287244072045
TTC14	-0.23034189521507753
TTC16	-0.34373894210796996
TTC17	0.08377898162143305
TTC18	-0.2525483908816693
TTC19	0.27295927863569797
TTC21A	-0.29106087363491595
TTC21B	0.017785355694104023
TTC22	0.242901436665732
TTC23	-0.050629362863583355
TTC23L	-0.20448880910523737
TTC24	-0.4000502969594492
TTC25	-0.012336944709953123
TTC26	-0.2366103185749607
TTC27	-0.16642001408614357
TTC28	-0.16235358951530757
TTC28-AS1	-0.13178985415369598
TTC29	0.14721956123243687
TTC3	0.023204785536625302
TTC3-AS1	-0.21827527451188936
TTC30A	-0.0632750715530727
TTC30B	-0.0034232771513015357
TTC31	0.010340743750478672
TTC32	-0.15907894474907774
TTC33	-0.07459166094157653
TTC34	-0.06785795940492512
TTC36	0.26406921579665565
TTC37	0.03541157310267769
TTC38	0.05127735450260108
TTC39A	0.05385737043295902
TTC39B	0.148553025918182
TTC39C	-0.42670281562466394
TTC39CP1	0.031864385247737145
TTC39DP	-0.23208108728105514
TTC3P1	0.085698780048977
TTC4	-0.0025662804498909637
TTC40	-0.27490220876706384
TTC4P1	-0.2891470103300359
TTC5	-0.2636658350716972
TTC6	0.03169075040671503
TTC7A	-0.07662613296768989
TTC7B	-0.28240258082115927
TTC8	-0.02776364936221972
TTC9	-0.47222969264290204
TTC9B	0.1553374558958542
TTC9C	-0.1856188936204033
TTF1	-0.2520134615761793
TTF2	-0.26029999540869037
TTI1	-0.3667523375493024
TTI2	-0.44670948742156724
TTK	-0.2581585274211231
TTL	-0.3063990913464122
TTLL1	-0.14577279134428578
TTLL10	-0.019058518591207562
TTLL10-AS1	0.056621203481306524
TTLL11	-0.1231139407950499
TTLL11-IT1	-0.20740333200778874
TTLL12	-0.06298188866130194
TTLL13	-0.07093763383838343
TTLL2	-0.2089150005357752
TTLL3	-0.2753275891758289
TTLL4	-0.1356561023160471
TTLL5	-0.08222416752427471
TTLL6	-0.015077425303956917
TTLL7	0.06313416036643985
TTLL7-IT1	-0.1896373482049726
TTLL8	-0.29134858650552575
TTLL9	-0.13813532969159953
TTN	-0.42017761621628397
TTN-AS1	-0.24527527581499328
TTPA	0.011931547534243366
TTPAL	-0.38575420291470436
TTR	0.005200313823060543
TTTY1	
TTTY10	-0.13082593746483964
TTTY11	-0.04947105959806506
TTTY12	
TTTY13	-0.04947105959806506
TTTY14	0.015719631473793603
TTTY15	-0.04578179053887554
TTTY16	
TTTY17A	-0.1514107522648601
TTTY17B	
TTTY17C	
TTTY18	0.051993527891458564
TTTY19	
TTTY1B	0.38088064212036493
TTTY2	0.07268814537471642
TTTY20	0.38088064212036493
TTTY21	
TTTY21B	0.16146486401346957
TTTY22	
TTTY23	
TTTY23B	
TTTY25P	-0.1286337954633509
TTTY2B	0.026632307277355348
TTTY3	
TTTY4	
TTTY4B	
TTTY4C	0.00355712662185865
TTTY5	-0.055336791637305975
TTTY6	
TTTY6B	
TTTY7	0.12269572133124246
TTTY7B	-0.16011938646504312
TTTY8	
TTTY8B	0.2105897689219193
TTTY9B	-0.1335950889454699
TTYH1	-0.15724911176134646
TTYH2	-0.45563229811451755
TTYH3	0.17608245274476633
TUB	-0.29436919604557965
TUBA1A	-0.37338547422824053
TUBA1B	-0.33818413916780776
TUBA1C	0.19200280748421938
TUBA3C	-0.2529930283550337
TUBA3D	-0.26247605890338416
TUBA3E	0.14838209251817558
TUBA3FP	-0.1916654115217541
TUBA3GP	0.27098736377943994
TUBA4A	-0.13749926750525274
TUBA4B	-0.037444589040995395
TUBA8	-0.07535816015525305
TUBA8P2	-0.11169299157375795
TUBAL3	0.1875053702096477
TUBAP	0.39420138768260893
TUBB	-0.4319582501808678
TUBB1	-0.06419130399688036
TUBB1P1	0.14980128223336642
TUBB1P2	-0.19290144609542448
TUBB2A	0.24120984129633496
TUBB2B	-0.3270614746515181
TUBB2BP1	-0.11955963474519496
TUBB3	-0.3077019067832136
TUBB3P1	-0.05841299306982433
TUBB3P2	0.029918888817658546
TUBB4A	-0.26618363866883016
TUBB4AP1	-0.024817066744935355
TUBB4B	0.11802694926911478
TUBB4BP1	0.48283602050595986
TUBB4BP2	-0.005678453889871328
TUBB4BP3	-0.11010472967443587
TUBB4BP4	
TUBB4BP5	0.09007045823435007
TUBB4BP6	-0.08558624328229279
TUBB4BP7	0.050434096253327926
TUBB6	-0.38199477288175576
TUBB7P	-0.012562838017902563
TUBB8	0.2855558224370717
TUBB8P1	
TUBB8P10	-0.1960661868675356
TUBB8P11	-0.012619436571055244
TUBB8P2	0.38088064212036493
TUBB8P3	-0.08163505912883877
TUBB8P4	0.15723383240095182
TUBB8P5	-0.0452241416586105
TUBB8P6	0.17042926843129771
TUBB8P7	0.21391981261478538
TUBB8P8	0.29454515291627525
TUBB8P9	-0.017960807195406166
TUBBP1	-0.20357662056948478
TUBBP10	0.060588780014714794
TUBBP11	0.11125760384342238
TUBBP2	0.009829006767548082
TUBBP5	0.17683168192951557
TUBBP6	-0.10898485836454129
TUBBP8	0.059085549699212384
TUBBP9	-0.27564199518597615
TUBD1	-0.22156204488884007
TUBE1	-0.20019013199173802
TUBG1	-0.2655524317707203
TUBG1P	-0.2264788126879994
TUBG2	-0.3063183692318901
TUBGCP2	-0.06574146283370394
TUBGCP3	-0.24431320100061601
TUBGCP4	-0.16038559041340295
TUBGCP5	-0.057197925316975
TUBGCP6	-0.27463033002894466
TUFM	-0.09814388550414423
TUFMP1	-0.08772312151215
TUFT1	0.2138509170383926
TUG1	0.0024043972253139164
TULP1	0.06863834040204479
TULP2	0.17133459205024937
TULP3	-0.12878768582248018
TULP3P1	0.2252158868777084
TULP4	0.051492011430470414
TUSC1	0.15845205534004686
TUSC2	-0.23082122052971438
TUSC3	0.08583600817526611
TUSC5	0.16903545117548402
TUSC7	0.40010036452550785
TUT1	-0.09731392109294022
TVP23A	-0.4554955165799324
TVP23B	0.11947659011351289
TVP23BP1	
TVP23BP2	-0.11284697035726084
TVP23C	-0.07162115942663479
TVP23C-CDRT4	
TVP23CP1	0.30662282204215763
TVP23CP2	0.20349523648933576
TWF1	0.08593393936464107
TWF1P1	0.34674250793840283
TWF2	-0.041796712514358625
TWIST1	-0.18506241047156877
TWIST2	0.04375100482272818
TWISTNB	-0.26858518976654977
TWSG1	-0.11097578942551857
TXK	-0.32565884779979015
TXLNA	-0.1833545303853914
TXLNB	-0.5412337028368229
TXLNG	-0.17970994561464698
TXLNG2P	-0.03671273150011465
TXN	0.08083085788694176
TXN2	0.0742273135086772
TXNDC11	0.05508323900282289
TXNDC12	0.12561697328688448
TXNDC12-AS1	
TXNDC15	-0.12022591444241056
TXNDC16	0.18257374029306808
TXNDC17	-0.07739705157408351
TXNDC2	-0.07762614305201052
TXNDC5	0.038858967165035785
TXNDC8	-0.2067814479715416
TXNDC9	-0.10409793164706649
TXNIP	-0.09166553274839019
TXNL1	0.244589971549378
TXNL1P1	0.2828395602640671
TXNL4A	0.06590776798373334
TXNL4B	0.18275927150976035
TXNRD1	-0.19173074979528396
TXNRD2	-0.027529998026246227
TXNRD3	0.09954678756453503
TXNRD3NB	
TYK2	-0.2486485120186066
TYMP	-0.24253040770448234
TYMS	-0.3855386589266604
TYR	0.20608581342498367
TYRL	
TYRO3	-0.38391765332071087
TYRO3P	0.3335903609297209
TYROBP	-0.0767973436606514
TYRP1	0.14979563634495732
TYSND1	-0.16460780317633694
TYW1	0.04810559522473036
TYW1B	0.10512683842937395
TYW3	-0.2642104716180237
TYW5	-0.1350205127348664
U1	-0.08120364573577044
U2AF1	-0.2981258556436653
U2AF1L4	-0.2502768740519536
U2AF2	-0.28774991229953867
U2SURP	-0.2773828263751631
U3	0.012350985534836413
U4	0.2213048685812248
U6	-0.08065285864128076
U7	
U73166.2	0.23881643088949528
U8	0.02593942501251935
UACA	0.34531293018220555
UAP1	0.40779322704395143
UAP1L1	-0.13093696329829038
UBA1	-0.03435862794598841
UBA2	-0.315858236590512
UBA3	-0.26431558888490053
UBA5	0.1569777036425164
UBA52	-0.44638223554599277
UBA52P3	-0.0695286790725762
UBA52P5	-0.18830494140526086
UBA52P6	-0.13319060698198087
UBA52P7	-0.11651730935936962
UBA52P8	0.05950048116560537
UBA52P9	-0.3210621669790901
UBA6	-0.18069439967072168
UBA6-AS1	-0.14752919341815734
UBA7	0.11722336940787602
UBAC1	0.2548868265616016
UBAC2	0.0673976199815736
UBAC2-AS1	-0.2884946436872268
UBALD1	-0.04442216534260691
UBALD2	0.003563521369143821
UBAP1	0.0987221075067702
UBAP1L	-0.3442406689129053
UBAP2	0.03654594137528631
UBAP2L	-0.24063571203265247
UBASH3A	-0.35745289974413347
UBASH3B	-0.4042757571812326
UBB	0.08682052292765363
UBBP1	0.05851543401977555
UBBP2	-0.07211691710619646
UBBP3	0.0571815182861243
UBBP4	0.0843882322709836
UBBP5	-0.19103139024002166
UBC	0.043652514796345646
UBD	-0.4528246942316916
UBDP1	-0.15742530662165502
UBE2A	0.08906764316262515
UBE2B	-0.06962437784049803
UBE2C	-0.20747980429298427
UBE2CP1	-0.05692612555052309
UBE2CP2	-0.15462184602131862
UBE2CP3	0.12984685008344574
UBE2CP4	-0.06827015888165895
UBE2D1	-0.19986216824741185
UBE2D2	-0.18625245319700132
UBE2D3	-0.07000160694771088
UBE2D3P1	-0.03501780919668926
UBE2D3P2	-0.18900517305790826
UBE2D3P3	-0.2300872278631021
UBE2D3P4	-0.1514107522648601
UBE2D4	0.241736185371366
UBE2DNL	0.2579766608952257
UBE2E1	-0.1836664836497501
UBE2E1-AS1	0.026798460275544035
UBE2E2	-0.31434542120854186
UBE2E2-AS1	0.02938264687069465
UBE2E3	0.3424278567064926
UBE2F	0.11031053422260216
UBE2F-SCLY	-0.17173026421207385
UBE2FP1	0.3946108686982344
UBE2FP2	-0.20535111106671192
UBE2FP3	0.09076997229817951
UBE2G1	-0.2310616448060179
UBE2G2	-0.3028431776421195
UBE2H	-0.3157506440349378
UBE2HP1	0.0363708186363703
UBE2I	-0.3730084567877268
UBE2J1	-0.27583743297814534
UBE2J2	-0.07055427454133183
UBE2K	0.07627860025089177
UBE2L2	0.16985110276715548
UBE2L3	-0.2775889637119752
UBE2L4	0.008386027199600838
UBE2L5P	0.03470073269856792
UBE2L6	-0.2747511004824142
UBE2M	-0.03847051275491786
UBE2MP1	0.010860387242143065
UBE2N	-0.2999218104393636
UBE2NL	0.03719245460089531
UBE2O	-0.26472281919952223
UBE2Q1	-0.0475704812268733
UBE2Q1-AS1	
UBE2Q2	-0.0056478564183339765
UBE2Q2P1	-0.15286583544444676
UBE2Q2P2	0.23253217223133976
UBE2Q2P3	-0.0005844936719695305
UBE2Q2P4Y	
UBE2Q2P5Y	
UBE2QL1	-0.03044947232622768
UBE2R2	0.10598704793460632
UBE2S	-0.26678137809516345
UBE2SP1	-0.3051414036469265
UBE2SP2	-0.11323597121299733
UBE2T	-0.2841648825497375
UBE2U	-0.017161178179052643
UBE2V1	-0.2546030614167321
UBE2V1P1	-0.0806045160063742
UBE2V1P10	
UBE2V1P11	0.09129366664235859
UBE2V1P12	-0.2762979906897932
UBE2V1P2	-0.1557355365928235
UBE2V1P3	0.14980128223336642
UBE2V1P4	
UBE2V1P5	0.0036874424690687834
UBE2V1P6	-0.18391369259345994
UBE2V1P7	
UBE2V1P8	0.2828395602640671
UBE2V1P9	0.0747135429638752
UBE2V2	-0.13822617982437174
UBE2V2P1	0.03313248909893995
UBE2V2P2	
UBE2V2P3	0.1262541365028455
UBE2V2P4	0.17291572639165623
UBE2W	-0.13521140356367625
UBE2WP1	-0.1456357871134465
UBE2Z	-0.3697911788301321
UBE3A	-0.10333830573566508
UBE3AP2	0.13838839265085193
UBE3B	0.03964939840895833
UBE3C	0.08242524262176741
UBE3D	-0.3755617944166922
UBE4A	-0.03695963177465988
UBE4B	0.0293679783765036
UBFD1	-0.1948337147506258
UBFD1P1	
UBIAD1	-0.1293332848374589
UBL3	0.05149192127701072
UBL4A	0.18773579596808623
UBL4B	-0.11013071376536133
UBL5	-0.15136653273852255
UBL5P1	0.00355712662185865
UBL5P2	0.04977631263418409
UBL5P3	-0.049349238757043175
UBL5P4	0.3588763443967534
UBL7	-0.323367279356948
UBL7-AS1	-0.30425919693928727
UBLCP1	-0.3186198028060105
UBN1	0.15281197727487045
UBN2	-0.04887163198242495
UBOX5	-0.05910840366697798
UBOX5-AS1	-0.06773535925036447
UBP1	-0.06637708969497737
UBQLN1	-0.07802021503871334
UBQLN1P1	
UBQLN2	-0.22605014809590449
UBQLN3	0.1311715806680536
UBQLN4	-0.06288404834227121
UBQLN4P1	0.17630277694217805
UBQLN4P2	0.1268164822417576
UBQLNL	-0.2540530287931143
UBR1	-0.018152162430529323
UBR2	0.09807290541137666
UBR3	-0.007307405683268536
UBR4	0.060003486467146774
UBR5	-0.3191242619804335
UBR7	-0.16444598294418694
UBTD1	-0.10830287488866588
UBTD2	0.22293444735756018
UBTF	-0.26324124346885813
UBTFL1	0.13846094907058398
UBTFL2	
UBTFL3	-0.036516297878761254
UBTFL5	0.020465810064986725
UBTFL6	-0.11342320536358362
UBTFL7	-0.21474860077021563
UBTFL8	0.23401145563449335
UBXN1	-0.15718872621546987
UBXN10	0.14995922883219007
UBXN11	-0.3185312538676688
UBXN2A	0.12577531084981405
UBXN2B	-0.00608106512170305
UBXN4	-0.052346097495921874
UBXN6	0.18447189240216164
UBXN7	-0.3469124686561696
UBXN7-AS1	0.04182948580175584
UBXN8	-0.0060088009510664755
UCA1	-0.3947622939795199
UCHL1	-0.3439326319311874
UCHL1-AS1	0.08392095049566564
UCHL3	-0.002637499071090771
UCHL5	0.021137835549420704
UCK1	0.1631350607640865
UCK2	0.12204031785594949
UCKL1	0.015544893262290062
UCMA	
UCN	-0.08914809921955848
UCN2	0.19746490626386232
UCN3	0.15997765649777268
UCP1	-0.15302413421201383
UCP2	-0.4301982541184259
UCP3	-0.30132356821824674
UEVLD	0.012906832683301577
UFC1	-0.14569738386287112
UFD1L	-0.01208366476317068
UFL1	-0.13234014416222628
UFL1-AS1	0.12254093242821303
UFM1	-0.12677429541696356
UFSP1	-0.11823327329931249
UFSP2	0.17719939764789233
UGCG	-0.1793850710152597
UGDH	0.1216400787085819
UGDH-AS1	0.201782677017939
UGGT1	-0.04418939952775326
UGGT2	0.16171958338811368
UGP2	-0.023086073186676735
UGT1A1	0.2343749686421795
UGT1A10	0.1227579515348924
UGT1A11P	0.1935697539052563
UGT1A12P	-0.04026419310777632
UGT1A13P	-0.13841898526269722
UGT1A2P	0.27954406816738353
UGT1A3	
UGT1A4	0.15059429485811848
UGT1A5	
UGT1A6	0.23016942308186344
UGT1A7	0.22681602885181804
UGT1A8	0.27624817331965545
UGT1A9	0.08567999080274662
UGT2A1	-0.10549042629653436
UGT2A2	
UGT2A3	-0.045336114208971455
UGT2A3P7	
UGT2B10	0.08169926727817865
UGT2B11	-0.24229858357122397
UGT2B15	0.2864730755886469
UGT2B17	0.28839037401352446
UGT2B28	-0.16267109780548727
UGT2B29P	0.29616504134299826
UGT2B4	0.26348828228790294
UGT2B7	-0.17598126349216922
UGT3A1	-0.0926985843838736
UGT3A2	-0.01691258964361382
UGT8	0.17713170622168958
UHMK1	-0.28459574534880616
UHRF1	-0.3177770923274717
UHRF1BP1	-0.26939236623448104
UHRF1BP1L	0.013223160657317153
UHRF2	-0.40690929085974575
UHRF2P1	0.17517749155096907
UIMC1	-0.3511946319039595
ULBP1	-0.19037770689798628
ULBP2	-0.401680052158453
ULBP3	-0.08689280170774817
ULK1	0.044124974681370846
ULK2	-0.09351077917624255
ULK3	0.05979487673315326
ULK4	-0.3731186756230457
ULK4P1	-0.12008495273399002
ULK4P2	-0.008168931542807583
ULK4P3	0.3221474089436821
UMOD	-0.298929844115773
UMODL1	0.0046647249481683506
UMPS	-0.11423910038119467
UNC119	-0.3524054328955893
UNC119B	0.09989015315941757
UNC13A	-0.4177417536220824
UNC13B	0.16571291019181547
UNC13C	-0.3749241787391441
UNC13D	-0.42800693475379153
UNC45A	0.06011596610441023
UNC45B	-0.27277694147795084
UNC50	-0.031918965249119746
UNC5A	-0.23050600948714758
UNC5B	-0.06280922477482807
UNC5B-AS1	-0.06947355113350037
UNC5C	0.09026481705889931
UNC5CL	0.1887939677597743
UNC5D	0.15243438412197394
UNC79	0.06428938705369745
UNC80	-0.09992660859744926
UNC93A	0.004381958258775474
UNC93B1	0.07672550496834228
UNC93B2	0.2409566997263666
UNC93B3	0.03393664388143981
UNC93B4	0.014071010949093124
UNC93B5	-0.37878355021686205
UNC93B6	0.12041538677818411
UNC93B7	-0.21142094852327953
UNC93B8	0.10773819537953748
UNCX	-0.09967292429902949
UNG	0.010606517270803743
UNGP1	0.10361008992020213
UNGP3	0.13895092036066226
UNK	-0.30089307000081844
UNKL	-0.22713820706486812
UOX	-0.02955100261229284
UPB1	-0.29301433722807946
UPF1	0.049196687111263
UPF2	-0.19540004226008967
UPF3A	-0.2751437977835166
UPF3AP1	-0.09213860248367675
UPF3AP2	-0.11823745478454961
UPF3AP3	0.08360262450946046
UPF3B	-0.19929123571022583
UPK1A	-0.2740721886282813
UPK1A-AS1	0.01233162211764495
UPK1B	-0.079176415705519
UPK2	-0.27938190480077557
UPK3A	0.006809531101531744
UPK3B	-0.18268311002424234
UPK3BL	
UPK3BP1	-0.18032274169212376
UPP1	-0.052468214268061
UPP2	-0.19079566863900815
UPRT	-0.02310580673158785
UQCC1	-0.05324668881374146
UQCC2	-0.17673954169035236
UQCR10	-0.061803961817670894
UQCR11	0.03167902116579316
UQCRB	-0.1542098014628366
UQCRBP1	0.11382382608256737
UQCRBP2	-0.02782605294154972
UQCRBP3	0.10541889638867312
UQCRC1	0.24861770574711997
UQCRC2	0.2793823108876036
UQCRC2P1	0.2096171377777264
UQCRFS1	0.14797487977971624
UQCRFS1P1	0.09328794177779048
UQCRFS1P2	0.13631903263012438
UQCRFS1P3	0.09127581519708933
UQCRH	-0.06568794054662513
UQCRHP1	-0.3181495697575427
UQCRHP2	-0.18467538042816772
UQCRHP3	0.04435343767247861
UQCRHP4	-0.014305202161733655
UQCRQ	0.07031620104617092
URAD	0.3891939337849088
URAHP	0.04520086351794772
URB1	-0.1651736086229254
URB2	-0.13372256189490267
URGCP	0.3608177159866438
URGCP-MRPS24	
URI1	0.004754668550964717
URM1	-0.24662811484301167
UROC1	-0.2769335805948869
UROD	-0.19385677142436805
UROS	0.15304651874509206
USB1	-0.008311255497661124
USE1	-0.29606392594378667
USF1	-0.34660319675428586
USF1P1	-0.10903403839301372
USF2	-0.24993400026394674
USH1C	0.25133306361135027
USH1G	0.19252673146580404
USH2A	-0.09815613727368397
USHBP1	-0.15329878283773288
USMG5	-0.02205632352170411
USMG5P1	0.12992638459701178
USO1	0.10233351182791846
USP1	-0.23148163251286638
USP10	-0.23383434308696513
USP11	-0.4553775200215085
USP12	0.026744438105614592
USP12-AS1	-0.1456357871134465
USP12-AS2	-0.17001192251888214
USP12PX	0.08075155590729523
USP12PY	0.11030725127295489
USP13	-0.3848723674263073
USP14	-0.16970765585051592
USP15	-0.17672150137733192
USP16	-0.08541112073764578
USP17L10	
USP17L11	
USP17L12	
USP17L13	
USP17L14P	
USP17L15	
USP17L16P	
USP17L17	
USP17L18	
USP17L19	
USP17L1P	
USP17L2	-0.1514107522648601
USP17L20	
USP17L21	
USP17L22	
USP17L23	
USP17L24	
USP17L25	
USP17L26	
USP17L27	
USP17L28	
USP17L29	
USP17L3	-0.2762979906897932
USP17L30	
USP17L4	
USP17L5	
USP17L6P	
USP17L7	0.23777137393570794
USP17L8	0.2828395602640671
USP17L9P	
USP18	-0.12590926926205007
USP19	0.012998527768758318
USP2	0.31134355671479846
USP2-AS1	0.08845258699822851
USP20	-0.3259856478378365
USP21	-0.26708362734627983
USP22	-0.20586775372500155
USP24	-0.3549324364427209
USP24P1	-0.24799007655264946
USP25	-0.23901868809191146
USP26	0.2409820240971454
USP27X	-0.27982867822672974
USP27X-AS1	-0.1200428165650162
USP28	-0.2007197009637746
USP29	-0.32153864122474884
USP3	0.04780864722399189
USP3-AS1	0.21258445197338818
USP30	0.11953721208489265
USP30-AS1	-0.11432861917152332
USP31	-0.02585113781639261
USP32	-0.01629681796305778
USP32P1	0.029827214726469393
USP32P2	-0.07410088072208654
USP32P3	-0.11772797738529744
USP33	0.036747007921426315
USP34	-0.37596381348287317
USP35	-0.24301976180156695
USP36	-0.1614092653020544
USP37	-0.17466802614401214
USP38	0.04474592078296186
USP39	-0.14228351995688754
USP4	-0.2283001872306311
USP40	0.0660232584909044
USP41	0.030220649907492944
USP42	0.2626958725185121
USP43	0.2946748478344444
USP44	-0.4467811522355911
USP45	-0.09347345110231933
USP46	0.013430423205885831
USP46-AS1	0.09244309103488506
USP47	-0.11545850077399629
USP48	-0.25231842424349643
USP49	-0.3453766086047437
USP5	-0.35507782261271
USP50	-0.20519033907089268
USP51	-0.41188713021408496
USP53	0.036038258149569596
USP54	0.18383888994647626
USP6	-0.08086539875226038
USP6NL	-0.28374291250228545
USP7	-0.1499218514545558
USP8	0.10232605316343417
USP8P1	-0.19902326277045865
USP9X	0.09231259784609733
USP9Y	-0.05667819415180534
USP9YP1	
USP9YP10	
USP9YP11	
USP9YP12	
USP9YP13	
USP9YP14	
USP9YP15	
USP9YP16	
USP9YP17	
USP9YP18	
USP9YP19	
USP9YP2	-0.20226964642917433
USP9YP20	
USP9YP21	
USP9YP22	0.1935697539052563
USP9YP23	
USP9YP24	
USP9YP25	
USP9YP26	0.2828395602640671
USP9YP27	
USP9YP28	
USP9YP29	
USP9YP3	-0.16011943671806547
USP9YP30	
USP9YP31	
USP9YP32	
USP9YP33	
USP9YP34	-0.16171891929644236
USP9YP35	
USP9YP36	
USP9YP4	
USP9YP5	
USP9YP6	-0.04947105959806506
USP9YP7	
USP9YP8	-0.018579774248272958
USP9YP9	
USPL1	-0.2872585794950318
UST	-0.13709519865060524
UTF1	0.11773871334264012
UTP11L	-0.39859545896193943
UTP14A	-0.25476635487188287
UTP14C	0.07447099690056085
UTP15	-0.27039413558325875
UTP18	-0.2670902129693628
UTP20	-0.17826880789401878
UTP23	-0.19644646174413702
UTP3	-0.34388511832442104
UTP6	-0.33316543755439854
UTRN	-0.17082711274669007
UTS2	-0.32733268537940025
UTS2B	-0.18174359844992025
UTS2R	-0.0526961529973357
UTY	-0.04912557042113721
UVRAG	-0.4324287415546343
UVSSA	-0.08440821971552426
UXS1	-0.22452276706051127
UXT	-0.21291491214168815
VAC14	-0.31464888136111596
VAC14-AS1	-0.05386346892504656
VAMP1	-0.400406162145496
VAMP2	-0.1274253100470456
VAMP3	0.3865916846629197
VAMP4	-0.1460468788836927
VAMP5	-0.18317846013953773
VAMP7	0.16072778251075737
VAMP8	0.1084745487806246
VANGL1	0.07607816284540252
VANGL2	-0.029876366370015145
VAPA	0.07889546841921066
VAPB	0.0824461093951114
VARS	-0.26151877078338154
VARS2	0.12947975752690227
VASH1	-0.29580216740737625
VASH2	-0.38871850989306694
VASN	-0.1320190293141327
VASP	-0.09232924279441856
VAT1	-0.026944483534511277
VAT1L	-0.3620042094757322
VAV1	-0.45311747496311694
VAV2	0.16898942682442802
VAV3	0.09984682735807364
VAV3-AS1	-0.4063605031856535
VAX1	0.1760912748331241
VAX2	0.005288214690500248
VBP1	-0.20047529800848948
VCAM1	-0.48282182265693346
VCAN	0.17023122573269406
VCAN-AS1	-0.1514107522648601
VCL	0.15201931294706697
VCP	-0.06292650750406581
VCPIP1	-0.3132171762918685
VCPKMT	-0.24021630267859162
VCX	-0.15969312249360787
VCX2	-0.04680236966065319
VCX3A	0.09956774712474592
VCX3B	-0.002582578258483071
VCY	-0.0026366779991051836
VCY1B	0.1941022110520149
VDAC1	0.2685547627929268
VDAC1P1	0.15412638559047104
VDAC1P10	0.16576231083021542
VDAC1P11	0.0013696628418407347
VDAC1P12	-0.07901876745712777
VDAC1P2	0.32099580865523625
VDAC1P3	0.07665571069597334
VDAC1P4	0.10077109682167967
VDAC1P5	0.234536864740622
VDAC1P6	0.08123873532210274
VDAC1P7	0.04267669188429811
VDAC1P8	-0.006067106872742852
VDAC1P9	-0.21757788833011033
VDAC2	0.21755715155120925
VDAC2P1	0.11927170857470908
VDAC3	0.08696906502041525
VDAC3P1	0.00042735926526919624
VDR	0.32041308161349175
VEGFA	-0.005866200344628392
VEGFB	-0.2441589604897939
VEGFC	-0.21603379238285755
VENTX	-0.23177013821702797
VENTXP1	-0.1764890876053894
VENTXP2	-0.2209594657691638
VENTXP4	-0.06925508154832692
VENTXP5	-0.04401443714305512
VENTXP6	0.14941865319025666
VENTXP7	-0.24102663656772647
VEPH1	-0.06879099463065783
VEZF1	-0.039542319246742126
VEZF1P1	0.059849923086310035
VEZT	-0.18585485449458347
VGF	0.3589856895680121
VGLL1	0.06094207636154144
VGLL2	0.3558070875694109
VGLL3	-0.09285086623220813
VGLL4	0.05734999261549385
VHL	-0.31853715853226783
VHLL	0.10405212836649567
VIL1	0.23036189441117622
VILL	0.2288747494378052
VIM	-0.32747177264042165
VIM-AS1	-0.41339152013478003
VIMP	0.3774610526041541
VIMP1	-0.15895061945953418
VIP	-0.05282683806832257
VIPAS39	-0.06403332443878805
VIPR1	0.2511866266270166
VIPR1-AS1	0.12492721203532119
VIPR2	-0.31830454301118305
VIT	-0.3270013802371558
VKORC1	0.11856915282654715
VKORC1L1	0.07458145389061718
VLDLR	0.10912922332322264
VMA21	-0.41293810636234457
VMAC	-0.33372211996576895
VMO1	0.08637316026486681
VMP1	0.07286776628941344
VN1R1	-0.08021502414864619
VN1R104P	-0.44248874070987737
VN1R105P	-0.16011943671806547
VN1R107P	0.01113027146386562
VN1R108P	-0.271926801741852
VN1R10P	-0.03324771083722451
VN1R110P	-0.1591229427581399
VN1R11P	0.05699630351506743
VN1R12P	
VN1R13P	0.09845504119810082
VN1R14P	0.09494282321702684
VN1R17P	-0.16171891929644236
VN1R2	0.04908635271180314
VN1R20P	0.12848486518989766
VN1R21P	0.21627541843536174
VN1R25P	-0.2529527887043923
VN1R28P	0.039774535118033735
VN1R3	-0.07901876745712777
VN1R31P	0.2105897689219193
VN1R32P	0.1740720137607407
VN1R33P	
VN1R34P	0.058770705818311744
VN1R35P	
VN1R36P	
VN1R37P	0.2828395602640671
VN1R38P	0.2828395602640671
VN1R4	-0.3535314859366005
VN1R40P	-0.014905011761981493
VN1R42P	-0.04989312360007226
VN1R46P	0.02478749039621423
VN1R48P	-0.03324771083722451
VN1R5	-0.14381448770015273
VN1R51P	-0.02868225285387029
VN1R53P	-0.2529527887043923
VN1R64P	0.38088064212036493
VN1R65P	-0.16171891929644236
VN1R66P	-0.1328510672311842
VN1R67P	0.22413863037782905
VN1R68P	-0.015072558976180215
VN1R69P	-0.16171891929644236
VN1R6P	-0.026292044516778346
VN1R70P	
VN1R71P	-0.009285939150403533
VN1R78P	-0.055336791637305975
VN1R79P	0.00355712662185865
VN1R7P	-0.16171891929644236
VN1R80P	0.24421731180233341
VN1R81P	-0.21911459819509177
VN1R82P	-0.4089637330791336
VN1R83P	-0.2407732166056602
VN1R84P	-0.22769420956732697
VN1R85P	-0.09071920899132987
VN1R87P	0.2828395602640671
VN1R88P	-0.24254149121594412
VN1R8P	
VN1R90P	
VN1R91P	-0.055336791637305975
VN1R92P	-0.19290144609542448
VN1R93P	
VN1R96P	0.045885258175682654
VN2R10P	0.10661714279470894
VN2R11P	-0.016273463038393852
VN2R17P	
VN2R19P	0.20860355112990012
VN2R1P	-0.02584145002919778
VN2R3P	0.337285641959437
VN2R4P	
VN2R5P	-0.16171891929644236
VN2R6P	-0.16549569312302284
VN2R9P	0.1935697539052563
VNN1	-0.026468655353932474
VNN2	-0.3820131286836187
VNN3	-0.3339146693170378
VOPP1	-0.4961663366975801
VPRBP	-0.12654718207135504
VPREB1	-0.2727232190224977
VPREB3	-0.43677280824708
VPS11	-0.2983647827017517
VPS13A	0.09504924106255026
VPS13A-AS1	0.3491204180804256
VPS13B	-0.2455931005499645
VPS13C	-0.390231260546027
VPS13D	0.03268258218897772
VPS16	-0.09938833145705443
VPS18	-0.14506931801522957
VPS25	0.14031189354268164
VPS25P1	0.11582949047258365
VPS26A	0.03556215878229718
VPS26AP1	0.10921762716719349
VPS26B	0.21856331205934826
VPS26BP1	0.18062474538561568
VPS28	0.03305238633909428
VPS29	-0.007815945960444465
VPS33A	-0.2086297427276736
VPS33B	-0.2034441104918006
VPS35	0.07154510861269513
VPS36	0.08051068259449327
VPS37A	0.1815712894396424
VPS37B	0.2431281325825226
VPS37C	0.23468167396191522
VPS37D	0.2061783540079686
VPS39	-0.3390110238365208
VPS41	-0.04451521857108458
VPS45	-0.07435247158953043
VPS4A	0.03476985334807009
VPS4B	0.15262758790119738
VPS51	0.1814779925345334
VPS52	0.25272469346869536
VPS53	-0.014286949977950493
VPS54	0.05280711790257396
VPS72	-0.13916116480889784
VPS8	-0.11889948783641557
VPS9D1	0.008290479657135039
VPS9D1-AS1	0.01790926042746368
VRK1	-0.3898041136824911
VRK2	-0.36772224346350113
VRK3	-0.1829476529812209
VRTN	-0.3161331153858964
VSIG1	-0.45403408185467814
VSIG10	0.2189878692328506
VSIG10L	-0.03715261646909331
VSIG2	-0.06116284894694475
VSIG4	0.12363073992962269
VSIG8	0.1064377227191223
VSNL1	0.1400722247543083
VSTM1	-0.12252914422159868
VSTM2A	0.10876284504760148
VSTM2B	0.11696190413998583
VSTM2L	-0.06377225148230391
VSTM4	-0.15217669948638432
VSTM5	-0.02259212361959053
VSX1	0.10139003555608916
VSX2	-0.3995891034352808
VTA1	0.15630465971561586
VTCN1	0.06195070839054432
VTI1A	-0.13083950682835774
VTI1B	0.23481923973353155
VTI1BP1	0.046280461996151684
VTI1BP2	0.13916620400308194
VTI1BP3	0.32627546749127434
VTI1BP4	0.3496044326220323
VTN	-0.36276895237517526
VTRNA1-1	-0.17291866726136812
VTRNA1-2	-0.16879459987081358
VTRNA1-3	-0.29589653057294774
VTRNA2-1	0.08385418332343018
VTRNA3-1P	
VWA1	-0.20356872188541056
VWA2	0.12355477292703589
VWA3A	-0.1339472810391895
VWA3B	0.010530128340376055
VWA5A	0.11634652832714752
VWA5B1	-0.049349372503231057
VWA5B2	0.07535607349511839
VWA7	0.13312006191566328
VWA8	0.10881769734954985
VWA8P1	-0.3043635179649203
VWA9	-0.01659593150326771
VWC2	0.04249136229781853
VWC2L	-0.09723640652874553
VWC2L-IT1	
VWCE	-0.14733806157768956
VWDE	0.0012574710112131084
VWF	-0.08893619267571845
VWFP1	-0.26408149238359563
Vault	-0.1357067973273393
WAC	-0.27052492983289117
WAC-AS1	-0.03897522574211929
WAPAL	-0.18678186371028385
WARS	-0.45410432966119535
WARS2	-0.008690367689144649
WARS2-IT1	0.0561710407675916
WARS2P1	
WAS	-0.43429559752862285
WASF1	-0.29210642082712873
WASF2	-0.11163258355423634
WASF3	-0.060420266848724855
WASF3-AS1	-0.16171891929644236
WASF4P	-0.0717663647755632
WASF5P	-0.18284462607395877
WASH2P	-0.14921418723746457
WASH3P	-0.014337704090043002
WASH4P	-0.1791412427801108
WASH5P	-0.06836169606066282
WASH6P	-0.036177141465841264
WASH7P	-0.0702013239344327
WASIR1	0.26909890979784684
WASIR2	-0.2806184532485661
WASL	0.22584809583690466
WBP1	-0.15091040289836816
WBP11	-0.14652334720897045
WBP11P1	0.012376801885916694
WBP1L	-0.12507109738899616
WBP1LP1	0.15103681753188078
WBP1LP2	-0.14704849661474875
WBP1LP3	
WBP1LP4	-0.0026366779991051836
WBP1LP5	
WBP1LP6	0.2095548958331121
WBP1LP7	0.03872673586601784
WBP2	0.1336840515307506
WBP2NL	-0.025391067689505737
WBP2P1	-0.18223325883818062
WBP4	-0.28237186247794427
WBP5	0.08440354451219195
WBSCR16	-0.43576719249942986
WBSCR17	0.057837459152472154
WBSCR22	-0.31739062572377913
WBSCR27	0.06535193465884882
WBSCR28	0.08216415793262836
WDFY1	0.007854635294271037
WDFY2	-0.38168816152633744
WDFY3	0.13800048997064782
WDFY3-AS1	
WDFY3-AS2	0.16895888873808493
WDFY4	-0.4592633318323124
WDHD1	-0.2935505611084596
WDPCP	-0.40209834669872563
WDR1	-0.007510376577829796
WDR11	-0.1864803957490404
WDR11-AS1	-0.1208529667213925
WDR12	-0.09295269633148714
WDR13	0.15471052221032955
WDR16	0.12551279143084362
WDR17	-0.2633384878506386
WDR18	0.05905212707454385
WDR19	-0.3446054142420634
WDR20	0.1709455581227864
WDR24	-0.07147358905331261
WDR25	0.037354246715140794
WDR26	-0.11743234643054312
WDR27	-0.16835729801325544
WDR3	-0.13671815585367825
WDR31	0.08769006050599777
WDR33	-0.3558145127522956
WDR34	0.12017718122845679
WDR35	-0.22260006643165947
WDR36	-0.21277774257860402
WDR37	-0.22257686593268697
WDR38	-0.2515183454834097
WDR4	-0.323168208415715
WDR41	-0.37348532862793254
WDR43	-0.20905601493721013
WDR44	-0.09318657874273763
WDR45	-0.11454637466194267
WDR45B	0.33060343736585707
WDR46	-0.38725343101059095
WDR47	-0.12253812748639216
WDR48	-0.14768294135160076
WDR49	-0.09379888213516792
WDR5	0.08031116909379009
WDR52	-0.08980647799138673
WDR52-AS1	0.00355712662185865
WDR53	-0.3591699078752346
WDR54	-0.43214635648083
WDR55	-0.0989621645848144
WDR59	-0.22804876560476
WDR5B	-0.20696137188818747
WDR6	-0.058433536488332855
WDR60	-0.10365832361393366
WDR61	-0.142552927380559
WDR62	-0.33962678443103833
WDR63	-0.2847359225927231
WDR64	0.07782911124623007
WDR65	-0.14176641967699974
WDR66	-0.36155219301194674
WDR7	-0.1521864159947878
WDR7-UT1	-0.29035650775760563
WDR70	-0.28858288108039637
WDR72	-0.0053055595451195646
WDR73	-0.3390147802849809
WDR74	-0.06651493903198825
WDR75	-0.318172045983245
WDR76	-0.3631979078939567
WDR77	-0.33999482768132167
WDR78	-0.010758330373764922
WDR81	-0.16832354092154295
WDR82	-0.1893971242805542
WDR82P1	-0.1849193417836525
WDR83	-0.21385312574785328
WDR83OS	-0.08393305578991452
WDR86	-0.2534925141309681
WDR86-AS1	-0.38523061326868835
WDR87	-0.06859931699442658
WDR88	-0.10749101180969423
WDR89	-0.24264936866040343
WDR90	-0.010429592786676477
WDR91	-0.44140145748996573
WDR92	-0.1636450883235723
WDR93	-0.16293723890757134
WDR95P	0.2105897689219193
WDR96	0.18960739877561494
WDSUB1	0.30044814254235486
WDTC1	-0.12307328645054916
WDYHV1	-0.2180343490735254
WEE1	-0.2883079713208274
WEE2	-0.310260866872715
WEE2-AS1	0.06199296175266027
WFDC1	0.20138056913279226
WFDC10A	-0.16122467882626915
WFDC10B	-0.08447641154665772
WFDC11	0.13350410528593348
WFDC12	0.12234122976495937
WFDC13	0.012471118807335736
WFDC2	-0.08509702063100893
WFDC3	-0.06621202042051282
WFDC5	0.05171084110458852
WFDC6	-0.23734770868708507
WFDC8	0.410492248372681
WFDC9	0.38088064212036493
WFIKKN1	-0.13784175402652113
WFIKKN2	0.1586517852860928
WFS1	0.15163301771627286
WHAMM	-0.0756442288726362
WHAMMP2	-0.3505199569009796
WHAMMP3	-0.28879120824149807
WHSC1	-0.12354311268849094
WHSC1L1	-0.14484495263768468
WIBG	0.07693467820528004
WIF1	-0.06407879623175314
WIPF1	-0.46623089120196626
WIPF2	0.4372716983687745
WIPF3	-0.485281722245555
WIPI1	0.15938038201284407
WIPI2	-0.16560832120372482
WISP1	-0.4601926757882248
WISP1-UT1	
WISP2	-0.01829293988785803
WISP3	-0.11036354609890817
WIZ	0.08734094234473903
WLS	0.04015119723144459
WNK1	-0.42278697886117944
WNK2	0.31333124155242636
WNK3	-0.3246169256611311
WNK4	0.16357223834080764
WNT1	-0.10093920663109845
WNT10A	-0.008630869200534377
WNT10B	-0.182258295962568
WNT11	0.08583271045695234
WNT16	-0.28209138820736884
WNT2	-0.15280284782407572
WNT2B	0.16276433010087443
WNT3	0.12427343538760488
WNT3A	0.09826027554187737
WNT4	0.27423851871837873
WNT5A	-0.1601613852862206
WNT5A-AS1	0.26290690233064856
WNT5B	-0.06992966675881568
WNT6	-0.03619156645388393
WNT7A	-0.3241217706070034
WNT7B	-0.16621276709740557
WNT8A	0.027494564099814878
WNT8B	-0.27681468983181806
WNT9A	0.4061866276782939
WNT9B	-0.05257344908726593
WRAP53	-0.41895156535392597
WRAP73	-0.06957358064846915
WRB	0.0580820653208837
WRBP1	
WRN	-0.1092925929691453
WRNIP1	0.11671809639859844
WSB1	-0.27943510270345906
WSB2	0.26663907413964905
WSCD1	0.3722282993786868
WSCD2	-0.2858452156441088
WT1	0.2853614953914497
WT1-AS	0.48415299102201376
WTAP	-0.2884144083782202
WTAPP1	-0.07030982415467359
WTIP	-0.12775498720873027
WWC1	0.30765391216276744
WWC2	-0.21097436133166828
WWC2-AS1	0.14980128223336642
WWC2-AS2	-0.041606454120329026
WWC3	-0.07324876958013558
WWC3-AS1	0.2105897689219193
WWOX	-0.21512003873431393
WWP1	-0.0721518373195941
WWP1P1	0.06586275130985825
WWP2	-0.06272879986147689
WWTR1	-0.09662706149020453
WWTR1-AS1	0.03871038303068344
WWTR1-IT1	-0.2762979906897932
XAB2	-0.17412015360157457
XAF1	-0.17901600306483656
XAGE1A	-0.004443816075286333
XAGE1B	-0.24254149121594412
XAGE1C	
XAGE1D	
XAGE1E	
XAGE2	
XAGE2B	
XAGE3	-0.14776745673053962
XAGE5	-0.03733207704328312
XBP1	0.1566038849505666
XBP1P1	-0.03625648576986439
XCL1	0.06121565085427797
XCL2	0.11606798485785493
XCR1	-0.35526548418903
XDH	0.14128598782404114
XG	-0.39215037360272526
XGPY	-0.2019372891350083
XIAP	0.005077579473947284
XIAP-AS1	-0.0026366779991051836
XIRP1	0.001798842609021779
XIRP2	0.07044833416255425
XIRP2-AS1	0.08310664477739167
XIST	-0.10167423354421755
XK	0.21769466220109582
XKR3	-0.20408570836117318
XKR4	-0.40072070927400344
XKR5	0.18961878836723325
XKR6	-0.399523391013139
XKR7	0.003133284246162412
XKR8	-0.06732505771134298
XKR9	0.016789688947337695
XKRX	-0.05547340548205576
XKRYP1	
XKRYP2	
XKRYP3	0.08392095049566564
XKRYP4	
XKRYP5	
XKRYP6	
XPA	-0.09051238116225306
XPC	0.0009850588232911928
XPNPEP1	0.02527775063025958
XPNPEP2	0.08299677663693475
XPNPEP3	-0.3699558288808454
XPO1	-0.30386035618190566
XPO4	-0.23390821895050168
XPO5	-0.043668864856069106
XPO6	-0.24525268848023532
XPO7	-0.16548528691218517
XPOT	-0.18937477388852877
XPOTP1	0.08374090652210213
XPR1	0.09460973599939865
XRCC1	-0.3901726650230721
XRCC2	-0.3198731163956722
XRCC3	-0.27858700356281585
XRCC4	-0.2991357602331809
XRCC5	-0.17979029041551894
XRCC6	-0.30233898248026425
XRCC6BP1	0.13876221418611623
XRCC6P1	0.04973242656555586
XRCC6P2	0.04005258870081162
XRCC6P3	0.28000456782843774
XRCC6P4	0.02354399940870801
XRCC6P5	0.028711575112011924
XRN1	-0.09784045977130029
XRN2	-0.07720543825852938
XRRA1	0.037358069347129846
XXYLT1	0.1153424467179522
XXYLT1-AS1	-0.1270947877701887
XXYLT1-AS2	-0.08084174155638399
XYLB	0.19459188346732698
XYLT1	-0.159920175701808
XYLT2	-0.040145921035560646
YAE1D1	0.23781893714642977
YAF2	-0.2525868812986673
YAP1	0.14176762609808835
YAP1P1	0.03574907508001065
YAP1P2	0.00355712662185865
YARS	-0.1901521303254306
YARS2	-0.2988767130234162
YBEY	-0.16651221120743798
YBX1	-0.1108764931734331
YBX1P1	0.050436848932218975
YBX1P10	0.09090287204383053
YBX1P2	0.08137021435406395
YBX1P3	0.11076395759932436
YBX1P4	-0.05995154898762485
YBX1P5	-0.15887795704863278
YBX1P6	0.14621480741374338
YBX1P7	0.2202693011087299
YBX1P8	0.03294533343696573
YBX1P9	0.4272670825902335
YBX2	0.04569008414691988
YBX3	0.02446148945757736
YBX3P1	-0.12417967055170519
YDJC	-0.040616555805923014
YEATS2	-0.3190283943208958
YEATS2-AS1	0.39078605777946374
YEATS4	-0.3652439622585534
YES1	0.20428207100084422
YIF1A	0.191008369523005
YIF1B	-0.07368405704937636
YIPF1	0.23666192345694878
YIPF2	0.33747785545079245
YIPF3	0.3081314485166764
YIPF4	0.11142266133294691
YIPF5	-0.0416432469069694
YIPF6	0.1335783660395663
YIPF7	-0.04246697473140989
YJEFN3	-0.13511279111504534
YKT6	-0.02270194122799624
YLPM1	-0.20586026210643843
YME1L1	-0.031982732820226595
YME1L1P1	0.00355712662185865
YOD1	-0.26069876801441183
YPEL1	-0.16428634474294898
YPEL2	-0.14775478527092997
YPEL3	-0.020403025038358447
YPEL4	0.2008710977972008
YPEL5	-0.30316562165119504
YRDC	-0.08050807173408527
YRDCP2	0.14941865319025666
YRDCP3	0.03900416548826595
YTHDC1	-0.32221571888442496
YTHDC2	-0.16886602239117704
YTHDF1	-0.10249465209219967
YTHDF1P1	0.27744033302339416
YTHDF2	0.0323177207174984
YTHDF3	0.03842903825995296
YTHDF3-AS1	-0.028912939825699507
YWHAB	-0.006254529091334742
YWHAE	-0.008556589571750723
YWHAG	0.0006395442672721126
YWHAH	-0.05135033331808856
YWHAQ	-0.08131246129072517
YWHAQP5	0.12673622930352946
YWHAQP6	0.025966869991426483
YWHAQP7	0.022401684671554536
YWHAQP9	
YWHAZ	-0.05084332838622171
YWHAZP2	-0.07097317411112379
YWHAZP3	0.05443298449561853
YWHAZP4	-0.004940803289312753
YWHAZP5	0.10243662381571271
YWHAZP6	-0.06765993945775307
YWHAZP7	-0.11934565650219425
YWHAZP8	0.17080568098725882
YY1	-0.0663610859553503
YY1AP1	-0.035201355526426385
YY1P1	0.2240586966649391
YY1P2	-0.10506868131636374
YY2	-0.02544409431657826
Y_RNA	0.025706325737689245
ZACN	-0.13287525021698396
ZADH2	0.36345647948398974
ZAN	0.08129272882490098
ZAP70	-0.3284491557683389
ZAR1	0.009857583093074945
ZAR1L	-0.21088471392714117
ZBBX	-0.42867610964772423
ZBED1	0.26373023462084016
ZBED1P1	-0.04227655144285267
ZBED2	-0.44513302035540103
ZBED3	0.15657041946314787
ZBED3-AS1	-0.2127187823808318
ZBED4	0.03444068456483076
ZBED5	-0.2553350121256948
ZBED5-AS1	0.02397334925305832
ZBED6	-0.3198497860823032
ZBED6CL	-0.2614934543986268
ZBP1	-0.40356568132206455
ZBTB1	-0.37957981800913776
ZBTB10	0.019528233036099938
ZBTB11	-0.2669562145487739
ZBTB11-AS1	-0.13519293479202554
ZBTB12	0.1918489325861033
ZBTB12P1	0.13125766362716576
ZBTB14	-0.34542536880156444
ZBTB16	0.048120766959356694
ZBTB17	-0.23936738385263906
ZBTB18	-0.4314358984681213
ZBTB2	-0.289173032547998
ZBTB20	-0.2539299666898896
ZBTB20-AS1	-0.2837176087838316
ZBTB20-AS2	-0.3105226219311109
ZBTB20-AS3	
ZBTB20-AS4	-0.13138509775012422
ZBTB21	-0.15438096706069038
ZBTB22	-0.1216394483398307
ZBTB24	-0.41972766793955
ZBTB25	-0.49441761508215387
ZBTB26	-0.10637627534249577
ZBTB3	-0.26848149356954476
ZBTB32	-0.4772869526896274
ZBTB33	-0.20238720446903197
ZBTB34	-0.09217938520816092
ZBTB37	-0.460128960796205
ZBTB38	-0.01895986997458201
ZBTB39	-0.3123095180482763
ZBTB4	-0.15647987907677333
ZBTB40	-0.3427265468122899
ZBTB40-IT1	-0.4053706466626035
ZBTB41	-0.11361341480329155
ZBTB42	0.33177511964066864
ZBTB43	-0.08223152417799648
ZBTB44	-0.4099833402629518
ZBTB45	-0.03648973668725212
ZBTB46	-0.3298171151895959
ZBTB47	-0.03378891971709924
ZBTB48	-0.16124649946298616
ZBTB49	-0.054903636888665924
ZBTB5	-0.341056810118089
ZBTB6	-0.2966898124505985
ZBTB7A	0.12305868719916825
ZBTB7B	0.23111272584647266
ZBTB7C	0.0987561650887707
ZBTB8A	0.11382594144357627
ZBTB8B	-0.058206742640730405
ZBTB8OS	-0.11805654576813476
ZBTB8OSP1	0.15341200116969636
ZBTB8OSP2	0.0535633381067292
ZBTB9	-0.22832475977042177
ZC2HC1A	-0.24245387583849023
ZC2HC1B	-0.1696362697843567
ZC2HC1C	0.10272171784005182
ZC3H10	-0.3357673880945618
ZC3H11A	-0.33875800639502346
ZC3H11B	-0.036889036041779934
ZC3H12A	-0.17094724601207992
ZC3H12B	-0.060703572602729045
ZC3H12C	0.031162537527671126
ZC3H12D	-0.34414796890966154
ZC3H13	-0.26386394614218583
ZC3H14	0.15404073350911127
ZC3H15	-0.03635846903101169
ZC3H18	-0.1333468377687058
ZC3H3	0.13156873386221077
ZC3H4	-0.2029374635661595
ZC3H6	-0.4066068439050468
ZC3H7A	-0.21966010500232638
ZC3H7B	0.10488306486508027
ZC3H8	-0.16420811410767058
ZC3HAV1	-0.15386847086951733
ZC3HAV1L	-0.10097887370806038
ZC3HC1	-0.45385386299527963
ZC4H2	-0.16117266441342704
ZCCHC10	-0.06654562900371505
ZCCHC11	-0.41679803370116486
ZCCHC12	-0.3971589021377242
ZCCHC13	0.0732320873987442
ZCCHC14	0.3127741033887141
ZCCHC16	-0.06724948502096117
ZCCHC17	-0.30955264309151964
ZCCHC18	-0.4868372916803238
ZCCHC2	-0.03675765357562799
ZCCHC24	-0.13938200621018992
ZCCHC3	-0.19684620421891866
ZCCHC4	-0.27550591370419014
ZCCHC5	-0.2748131782567937
ZCCHC6	-0.15326975539966198
ZCCHC7	-0.4447810036281409
ZCCHC8	-0.036293414742002844
ZCCHC9	-0.22619261733730692
ZCRB1	-0.03218487204591709
ZCWPW1	-0.3431182514758179
ZCWPW2	-0.07516870901199943
ZDBF2	-0.3807533885279849
ZDHHC1	0.008933878066829402
ZDHHC11	-0.11387831627509667
ZDHHC11B	-0.05958391619097494
ZDHHC12	0.13607093813857102
ZDHHC13	0.08836815838842581
ZDHHC14	-0.20963355227721372
ZDHHC15	-0.09881612363165443
ZDHHC16	0.02595375411445997
ZDHHC17	-0.3289483426410151
ZDHHC18	-0.4146555005108757
ZDHHC19	-0.21717399754093447
ZDHHC2	0.003825822647412545
ZDHHC20	-0.012963009627804317
ZDHHC20-IT1	-0.14101262351607302
ZDHHC20P1	-0.06569710735970181
ZDHHC20P2	0.3032290227714671
ZDHHC20P3	-0.020783347415587964
ZDHHC20P4	-0.062433371628473934
ZDHHC21	-0.047603809526422146
ZDHHC22	0.01626851239824744
ZDHHC23	0.16203801467729592
ZDHHC24	-0.1464702964611694
ZDHHC3	0.39993213194319965
ZDHHC4	0.0709170700286391
ZDHHC4P1	0.1085301911577157
ZDHHC5	0.05421880767809859
ZDHHC6	0.100432626285646
ZDHHC7	-0.02743294412589771
ZDHHC8	-0.11036807995428329
ZDHHC8P1	0.08789069757971937
ZDHHC9	0.32424654917579315
ZEB1	-0.4645646319933955
ZEB1-AS1	-0.3745421031775395
ZEB2	-0.26969671942022855
ZEB2-AS1	-0.14983693995839065
ZEB2P1	-0.04342306210703793
ZER1	0.16434388400409755
ZFAND1	-0.10253028375682491
ZFAND2A	0.024348239897586037
ZFAND2B	0.14058000013346683
ZFAND3	0.27566104740246394
ZFAND4	-0.28089564183879034
ZFAND5	-0.16310473781021526
ZFAND6	-0.09532081546208866
ZFAND6P1	
ZFAS1	-0.2953967984848737
ZFAT	0.2150992049430022
ZFAT-AS1	
ZFC3H1	-0.3144634906263186
ZFHX2	-0.2233189916300047
ZFHX3	0.15991221353033022
ZFHX4	0.08348530130983725
ZFHX4-AS1	-0.2104036426890505
ZFP1	-0.38230460121418036
ZFP14	-0.361960817853935
ZFP2	-0.008291502702167254
ZFP28	-0.16396541815119867
ZFP3	0.04685399951536967
ZFP30	-0.16452318026691448
ZFP36	0.02866531120263522
ZFP36L1	-0.41315002384272503
ZFP36L2	0.11627756586461718
ZFP37	-0.2918134785991124
ZFP41	0.2684737423939277
ZFP42	-0.04787040162833566
ZFP57	-0.03230492828689146
ZFP62	-0.07657946415083057
ZFP64	0.052872310603220854
ZFP64P1	0.1827769521350393
ZFP69	-0.1626039653202151
ZFP69B	-0.32119940266374425
ZFP82	-0.4469104926826899
ZFP90	-0.4310875546101499
ZFP91	0.03483493908717594
ZFP91-CNTF	
ZFP92	-0.24350826096357522
ZFPL1	0.014013307649752007
ZFPM1	0.009936420628395608
ZFPM2	-0.31169490614480816
ZFR	-0.14108837127369708
ZFR2	-0.13308747033997695
ZFRP1	0.2786884292021595
ZFX	-0.13599804711813923
ZFX-AS1	-0.03515220794551907
ZFY	-0.01728450447513926
ZFY-AS1	-0.0563794465439381
ZFYVE1	0.239309090907899
ZFYVE16	-0.21300087876330645
ZFYVE19	0.015008053366472597
ZFYVE20	-0.022423089648037346
ZFYVE21	-0.037106662405052934
ZFYVE26	-0.27418882783861376
ZFYVE27	0.07180927144651941
ZFYVE28	0.15267673350745375
ZFYVE9	0.13874638077499896
ZFYVE9P1	0.10920024615372066
ZFYVE9P2	-0.14636319082652474
ZG16	0.39170626385873447
ZG16B	0.15171090845599164
ZGLP1	-0.04449632572792243
ZGPAT	-0.05408179326848596
ZHX1	0.22226627286066486
ZHX1-C8ORF76	-0.04667680849883533
ZHX2	-0.44085243217505005
ZHX3	0.1107704459894627
ZIC1	0.23669568403458044
ZIC2	0.08250823747014592
ZIC3	0.02735714830387451
ZIC4	0.2032333902395499
ZIC4-AS1	
ZIC5	-0.11975868180435643
ZIK1	-0.40928480352529795
ZIK1P1	0.38088064212036493
ZIM2	-0.059618349290944214
ZIM3	0.0009771903371372786
ZKSCAN1	0.13308115397656847
ZKSCAN2	-0.33933873713468876
ZKSCAN3	-0.17647168913267486
ZKSCAN4	-0.2949921052500296
ZKSCAN5	-0.22464400390172082
ZKSCAN7	-0.2113955805208337
ZKSCAN8	-0.2702581280592504
ZMAT1	-0.4036593895885353
ZMAT2	-0.26229828339110584
ZMAT3	-0.30731811070889986
ZMAT4	-0.01694891569129082
ZMAT5	-0.21507951478208825
ZMIZ1	0.10556987851260095
ZMIZ1-AS1	0.07717576583748553
ZMIZ2	-0.28013268360690624
ZMPSTE24	0.07858603501116472
ZMYM1	-0.24074654649058938
ZMYM2	-0.06564793994852826
ZMYM3	-0.1956567791079105
ZMYM4	-0.16637684046556436
ZMYM4-AS1	-0.0026366779991051836
ZMYM5	0.04010474942911426
ZMYM6	-0.19255750550329212
ZMYM6NB	0.1935697539052563
ZMYND10	-0.13196059960823345
ZMYND10-AS1	-0.09993354896595504
ZMYND11	-0.04753550646229258
ZMYND12	-0.02542299880872934
ZMYND15	-0.0052769840519182
ZMYND19	-0.18184921045503188
ZMYND19P1	0.34864042999119926
ZMYND8	-0.05794971575962545
ZNF10	-0.15591720772300455
ZNF100	-0.21830388197442904
ZNF101	-0.45564491415681907
ZNF101P1	0.06858052017846401
ZNF101P2	-0.16255069991326004
ZNF106	-0.37498080464340433
ZNF107	-0.4679202530949779
ZNF112	0.17051042853904047
ZNF114	-0.21783100659964352
ZNF114P1	
ZNF117	-0.43449753931997914
ZNF12	-0.1604319272521078
ZNF121	-0.20371653265691742
ZNF123P	0.11567671678273317
ZNF124	-0.05199380106455524
ZNF131	-0.1411813146875537
ZNF132	-0.26984209875354664
ZNF133	-0.019912106527784107
ZNF134	-0.35140723762484216
ZNF135	-0.16788079599362576
ZNF136	-0.28415605366523267
ZNF137P	-0.10887192689375726
ZNF138	-0.3091298202482796
ZNF14	-0.2564280045913781
ZNF140	0.05079467964612988
ZNF141	-0.31148888876930103
ZNF142	-0.2892483436059814
ZNF143	-0.3179740861880164
ZNF146	-0.030189186527749285
ZNF148	-0.14595043174713856
ZNF154	-0.44850242115787997
ZNF155	-0.28908870748820703
ZNF157	-0.35346205273940745
ZNF16	-0.15817405415513774
ZNF160	-0.21820955991500873
ZNF165	-0.028975427236098694
ZNF169	0.014716187732462391
ZNF17	-0.1775374026850192
ZNF174	-0.07172923662788508
ZNF175	-0.0827671115473201
ZNF177	-0.04161144342020801
ZNF18	-0.35573887407028376
ZNF180	-0.3021141741344746
ZNF181	0.1376500745066686
ZNF182	-0.3223211106557279
ZNF184	-0.23316226553993877
ZNF185	-0.08541154189250011
ZNF189	-0.21994173387671834
ZNF19	0.17769571044284532
ZNF192P1	-0.007755912284389379
ZNF192P2	-0.17022000225504402
ZNF195	-0.1571404885532794
ZNF197	-0.027440595068448426
ZNF197-AS1	0.10001736850434867
ZNF2	-0.2061814650711473
ZNF20	-0.16459553773813834
ZNF200	-0.33845477256365336
ZNF202	-0.26842543422688553
ZNF204P	0.08883576711630509
ZNF205	0.0900632530818205
ZNF205-AS1	-0.1466580623825387
ZNF207	-0.33701593108315486
ZNF208	-0.4963804506557768
ZNF209P	-0.0934639464722723
ZNF211	-0.37342602831994615
ZNF212	0.06125943687777959
ZNF213	0.22939081902330363
ZNF214	0.19537271107700263
ZNF215	-0.16822277368318225
ZNF217	0.005006351185914577
ZNF219	0.21200479680405282
ZNF22	-0.2257937767732731
ZNF221	-0.20601380112472686
ZNF222	-0.253905330098442
ZNF223	-0.15929237609380772
ZNF224	-0.2320822309340505
ZNF225	-0.18391036999456753
ZNF226	-0.2776300562994252
ZNF227	-0.27135531385126527
ZNF229	-0.2556597160838171
ZNF23	-0.4250305632133806
ZNF230	-0.27023976437493963
ZNF232	-0.13100747508036859
ZNF233	0.0459747484769996
ZNF234	-0.21909656726897367
ZNF235	-0.1324690991005786
ZNF236	-0.30328297420408873
ZNF239	-0.17819002311854606
ZNF24	-0.1928451523166539
ZNF248	-0.1053413101483761
ZNF25	-0.303160490692992
ZNF250	-0.05933660428427526
ZNF251	-0.15311682879374758
ZNF252P	0.021536034863461066
ZNF252P-AS1	-0.12927121339352424
ZNF253	-0.13497834410297907
ZNF254	-0.04565042749946154
ZNF256	-0.2849100440033869
ZNF257	-0.25341848860395677
ZNF259	-0.1658659702697869
ZNF259P1	0.38043035655306795
ZNF26	-0.05887013540585135
ZNF260	-0.18686167696040354
ZNF263	-0.2509409269262031
ZNF264	-0.2662176256938236
ZNF266	-0.18055646521111238
ZNF267	-0.42561116410224814
ZNF268	-0.1733422066747503
ZNF271	-0.1477827182199367
ZNF273	-0.4095779770160426
ZNF274	-0.22496098952827812
ZNF275	-0.31510602905625285
ZNF276	-0.21413115132680005
ZNF277	-0.06683139277260637
ZNF28	0.018086572908036634
ZNF280A	0.011358285000876956
ZNF280B	-0.38761076174615133
ZNF280C	-0.34425780725725785
ZNF280D	-0.22071794289940055
ZNF281	-0.3897492345347391
ZNF282	0.21414155616337552
ZNF283	-0.1726050947158173
ZNF284	-0.138693227813708
ZNF285	-0.22149459702590343
ZNF285B	-0.12178466132276049
ZNF286A	-0.4306708474570899
ZNF286B	0.095293966124386
ZNF287	-0.28138474164912736
ZNF292	-0.23037815827558827
ZNF295-AS1	0.08442264564223619
ZNF296	-0.05481992798109998
ZNF299P	-0.2891378881833183
ZNF29P	
ZNF3	0.13227202848008826
ZNF30	0.018333962269808282
ZNF300	-0.23795198066126666
ZNF300P1	-0.08543896549442312
ZNF302	-0.20852055364287198
ZNF304	-0.4042866399378496
ZNF311	0.10004963389139161
ZNF316	-0.21709712727324706
ZNF317	-0.22155176784636285
ZNF317P1	0.17130930036655576
ZNF318	-0.3486085398264591
ZNF319	-0.26937155634653814
ZNF32	-0.32746532949970353
ZNF32-AS1	-0.08876361583365731
ZNF32-AS2	0.1400591054482826
ZNF32-AS3	-0.02134709302267205
ZNF320	-0.25338774503312356
ZNF321P	
ZNF322	-0.13345130069244648
ZNF322P1	0.09968435523118901
ZNF324	-0.0450254487569875
ZNF324B	-0.12705899315323502
ZNF326	0.1415744435768528
ZNF329	-0.03268046149167725
ZNF330	-0.13037456457578578
ZNF331	-0.21262057953247387
ZNF333	-0.28122647001842715
ZNF334	0.1786211412957185
ZNF335	-0.2971384317725587
ZNF337	-0.17961055415337776
ZNF33A	-0.13155335995742606
ZNF33AP1	0.02478749039621423
ZNF33B	-0.07002986330041258
ZNF33BP1	-0.0064437800638275445
ZNF34	-0.13730564294125724
ZNF341	-0.19184374302072998
ZNF343	0.06494413966983642
ZNF345	-0.20607293072806476
ZNF346	-0.39734400589682645
ZNF346-IT1	-0.15350109141646187
ZNF347	-0.1784851016849178
ZNF35	-0.35588497036802424
ZNF350	-0.06187277160787613
ZNF354A	-0.19233288827675296
ZNF354B	-0.22564734910807635
ZNF354C	-0.39425189838898117
ZNF355P	-0.015072558976180215
ZNF358	0.09973061304417152
ZNF362	-0.15876008143559112
ZNF365	-0.34556050445945885
ZNF366	-0.421523518788889
ZNF367	-0.1655887374048814
ZNF37A	-0.13476378038422152
ZNF37BP	-0.29872319617098303
ZNF382	-0.36100072212378465
ZNF383	-0.2739043901935748
ZNF384	-0.25186359495814425
ZNF385A	-0.4001794604747958
ZNF385B	-0.19736264618750668
ZNF385C	-0.1603416423205535
ZNF385D	-0.1706156872056908
ZNF385D-AS1	-0.24254149121594412
ZNF385D-AS2	-0.19290144609542448
ZNF391	-0.13748078065917166
ZNF394	-0.16795027723337153
ZNF395	-0.10621241700840461
ZNF396	0.10894172679602926
ZNF397	-0.25219294983548485
ZNF398	-0.09964259259379299
ZNF402P	0.11218807937792019
ZNF404	-0.3426186492357615
ZNF407	-0.26443971902856733
ZNF408	0.083336124065464
ZNF41	-0.12982215043764667
ZNF410	-0.18478316171215192
ZNF414	-0.05137450508666084
ZNF415	-0.16890715235478004
ZNF416	-0.2068837148157244
ZNF417	-0.2438627354023473
ZNF418	-0.22524165363576715
ZNF419	-0.3385440941045702
ZNF420	-0.29135679717498775
ZNF423	0.0571088615592779
ZNF425	0.11366185714073719
ZNF426	-0.22054079855026493
ZNF428	-0.25633303311583705
ZNF429	-0.004975799791345572
ZNF43	-0.1905017054925499
ZNF430	-0.3909532747147355
ZNF431	-0.3735915383125461
ZNF432	-0.1367955703640811
ZNF433	0.004525418615369441
ZNF436	0.17615924771380653
ZNF438	-0.1722460573255975
ZNF439	-0.173784869450494
ZNF44	-0.00734325114931338
ZNF440	0.057625404528845584
ZNF441	-0.25512520202102384
ZNF442	-0.09934387553890422
ZNF443	0.07019840310630816
ZNF444	-0.09929765089062441
ZNF444P1	-0.06727657294758392
ZNF445	-0.2791416060661138
ZNF446	0.022253010991879364
ZNF449	-0.0284554157919119
ZNF45	-0.235776653375795
ZNF451	-0.2525219008270043
ZNF454	0.12921957956960006
ZNF460	-0.2953066273827145
ZNF461	-0.2983001678846741
ZNF462	0.03351194784651637
ZNF467	-0.28229732589894524
ZNF468	-0.029376515744877825
ZNF469	-0.27912351752791714
ZNF470	-0.14759902563464078
ZNF471	-0.21312745568587346
ZNF473	-0.08532456068928426
ZNF474	-0.287166011612663
ZNF479	-0.16636445115575932
ZNF48	-0.22120845266058659
ZNF480	-0.12336875349931584
ZNF483	-0.4981822126641655
ZNF484	-0.18502489555521162
ZNF485	-0.20630461018904345
ZNF486	-0.26754167487671615
ZNF487	0.1229641098559556
ZNF488	0.19044908862523283
ZNF490	-0.3823400729482362
ZNF491	-0.12386660979132337
ZNF492	-0.12302033835357762
ZNF493	-0.05282264097687231
ZNF496	-0.10651028287450175
ZNF497	0.03297522715638878
ZNF500	0.075165714640006
ZNF501	-0.3392876078638033
ZNF502	-0.02830497630186337
ZNF503	0.10783152710812367
ZNF503-AS1	0.21593054110199308
ZNF503-AS2	0.2072835949425882
ZNF506	-0.3250833197750602
ZNF507	-0.0911410171835922
ZNF510	-0.25709941319142005
ZNF511	0.053565523725365535
ZNF512	-0.35882432614283016
ZNF512B	-0.13621101909103966
ZNF513	0.009326581321786466
ZNF514	-0.19932608855212963
ZNF516	0.2273389575050309
ZNF517	-0.11813000842188097
ZNF518A	-0.03667515643171942
ZNF518B	-0.09124470990742685
ZNF519	-0.2197646219900095
ZNF521	-0.2512797655919014
ZNF524	0.054923952909758045
ZNF525	-0.11220418213645837
ZNF526	-0.045515305331751715
ZNF527	-0.2840672461630846
ZNF528	-0.33570162436080375
ZNF529	-0.3408252461105255
ZNF530	-0.40340607638113357
ZNF532	-0.3639135712465207
ZNF534	0.011354559381128402
ZNF536	0.17760407929989339
ZNF540	-0.2195322211763772
ZNF541	-0.09521115700188548
ZNF542	-0.4145624356952141
ZNF543	-0.3638504184444572
ZNF544	-0.1803098292941304
ZNF546	-0.3332292762114834
ZNF547	-0.34144626681994694
ZNF548	-0.3527640304598362
ZNF549	-0.2953728016187675
ZNF550	-0.23875271638814308
ZNF551	-0.25727852130419
ZNF552	0.17908570949326388
ZNF554	0.12452572521000245
ZNF555	-0.14659688081131877
ZNF556	0.06921132876710132
ZNF557	-0.13957788355768658
ZNF558	-0.11732233997403471
ZNF559	-0.3051097624671715
ZNF560	0.04802004498468024
ZNF561	-0.009770626714308589
ZNF562	-0.09967880337595
ZNF563	-0.2499264210761398
ZNF564	-0.11457287985222493
ZNF565	-0.024631054876557302
ZNF566	-0.2701224541872192
ZNF567	-0.14943681915656
ZNF568	-0.33323790035489914
ZNF569	-0.4671718439552882
ZNF57	0.3535106221631228
ZNF570	-0.2579509192231768
ZNF571	-0.16389515280790976
ZNF571-AS1	-0.1101095846973917
ZNF572	-0.1899059619300863
ZNF573	-0.4331735515029995
ZNF574	-0.06231474309531745
ZNF575	-0.06741316259110529
ZNF576	0.11669914051996823
ZNF577	-0.11816687636296397
ZNF578	-0.2426436495128357
ZNF579	-0.04729004969605636
ZNF580	-0.27069734113298083
ZNF581	-0.28233208633566703
ZNF582	-0.2897439202193425
ZNF582-AS1	-0.2777981728453703
ZNF583	-0.1975609805429083
ZNF584	-0.07527153664425089
ZNF585A	-0.3188054190622844
ZNF585B	-0.29434707573926117
ZNF586	-0.05692000387581622
ZNF587	0.017535406864456104
ZNF587B	-0.14227108475798741
ZNF587P1	-0.0022640031036638936
ZNF589	-0.48190980978986886
ZNF592	-0.09221566094201052
ZNF593	-0.19471648152025892
ZNF594	-0.36387644294614724
ZNF595	-0.2750380870070449
ZNF596	-0.14998840778978922
ZNF597	-0.2927553784397705
ZNF598	0.1408912301374411
ZNF599	0.036424000339974616
ZNF600	-0.23647111396733972
ZNF605	0.08376314646157176
ZNF606	0.0807006862137565
ZNF607	-0.26578391108433197
ZNF608	-0.21718945529272737
ZNF609	-0.13194037545094098
ZNF610	-0.22201529635609948
ZNF611	-0.2779640035023947
ZNF613	-0.1211193419908813
ZNF614	-0.3269347390612028
ZNF615	-0.15694844732917773
ZNF616	0.010759537309166727
ZNF618	0.011557096997478181
ZNF619	-0.1878625710518066
ZNF620	0.14404997980446776
ZNF621	-0.2590532340911241
ZNF622	0.08109538051678312
ZNF623	-0.03218668157335378
ZNF624	-0.20523163698562547
ZNF625	-0.20522999464372504
ZNF625-ZNF20	
ZNF626	-0.35955939967618383
ZNF627	-0.07714934417009683
ZNF628	0.04769098418588079
ZNF629	0.177262541997184
ZNF630	0.017786436352904826
ZNF630-AS1	-0.1113329405111237
ZNF638	-0.14066304064870358
ZNF639	-0.13478588557739452
ZNF641	-0.41101060065278233
ZNF644	-0.10776357764311745
ZNF645	0.07297250692706285
ZNF646	-0.14552821400177543
ZNF648	0.10244077264236422
ZNF649	-0.07335102087072347
ZNF652	-0.0010368963501240498
ZNF652P1	0.025349758294287376
ZNF653	0.05889816692647298
ZNF654	-0.11403221899128363
ZNF655	-0.2707045502488509
ZNF658	-0.1187311782447043
ZNF658B	-0.2049825969345316
ZNF66	-0.3159206163869303
ZNF660	-0.42394700908670707
ZNF662	0.08753330722242267
ZNF663P	0.3210440915411342
ZNF664	0.24150022434821627
ZNF665	-0.25915014889885934
ZNF667	0.07787037078760133
ZNF667-AS1	-0.23720448171396277
ZNF668	0.12780553552386423
ZNF669	-0.1754887134369618
ZNF670	-0.22805706614018578
ZNF671	-0.4130282914484053
ZNF672	-0.1617400839709022
ZNF674	0.15080161856480107
ZNF674-AS1	-0.10548003107732669
ZNF675	-0.08904894539207502
ZNF676	-0.15053299219278568
ZNF677	-0.2510617487135167
ZNF678	-0.21928820716565484
ZNF679	-0.27389919522749734
ZNF680	-0.25426591168914764
ZNF681	-0.11727147759700696
ZNF682	-0.17643780260728245
ZNF683	-4.4091849727923375e-05
ZNF684	-0.07883171986401676
ZNF687	-0.04713086431396995
ZNF688	-0.03833924160828083
ZNF689	-0.11939648614685988
ZNF69	0.02741824335726855
ZNF691	-0.44942905186304194
ZNF692	-0.24914857847379568
ZNF695	-0.026708406858753416
ZNF696	0.08212975827150597
ZNF697	0.12723913715967183
ZNF699	-0.34097465783048886
ZNF7	-0.18622898298720766
ZNF70	-0.20306345542912982
ZNF700	-0.07508991843099448
ZNF701	-0.10964567933139556
ZNF702P	0.055368212630454695
ZNF703	0.26712916719740865
ZNF704	0.12538590501656607
ZNF705A	0.04092675915091213
ZNF705B	0.38088064212036493
ZNF705C	
ZNF705D	0.11125760384342238
ZNF705E	-0.253117803580471
ZNF705G	-0.061925732204534414
ZNF706	0.2884576633114053
ZNF707	-0.18191702719625275
ZNF708	-0.24307833316079913
ZNF709	-0.23524530280121145
ZNF70P1	0.2105897689219193
ZNF71	-0.3014395345284809
ZNF710	-0.04994837882194897
ZNF711	-0.15824561506785836
ZNF713	0.03754982901437338
ZNF714	-0.34558674430092856
ZNF716	-0.17006270848019486
ZNF717	0.3366515038001982
ZNF718	-0.019346515847013742
ZNF720	-0.22369192475851865
ZNF720P1	-0.14907372170545644
ZNF721	-0.4057699868394864
ZNF723	-0.1458655994121044
ZNF724P	-0.20070426122899973
ZNF725P	0.17101852966408576
ZNF726	-0.12393055029353044
ZNF727	
ZNF728	-0.08751158017836597
ZNF729	-0.039366106577742074
ZNF72P	0.12333543917135004
ZNF730	-0.2959133607404472
ZNF732	-0.22217457032449553
ZNF733P	-0.14514581514124883
ZNF734P	
ZNF736	-0.4039589670184493
ZNF736P10Y	-0.1514107522648601
ZNF736P11Y	0.00355712662185865
ZNF736P12Y	
ZNF736P1Y	
ZNF736P2Y	
ZNF736P3Y	0.22413863037782905
ZNF736P4Y	
ZNF736P5Y	
ZNF736P6Y	0.004287828129584668
ZNF736P7Y	-0.02584145002919778
ZNF736P8Y	-0.1994405709039652
ZNF736P9Y	-0.06457037160369555
ZNF737	-0.1711353334628259
ZNF738	-0.2551496631557269
ZNF74	0.13499582356001377
ZNF740	-0.2767594636139917
ZNF746	-0.221072731679873
ZNF747	0.17791252921555525
ZNF749	-0.019101387159474265
ZNF750	0.1854894106953804
ZNF75A	-0.2671349441006064
ZNF75D	-0.24422006383266975
ZNF76	-0.3366886926790168
ZNF761	-0.11372159435452606
ZNF763	0.034103132433477706
ZNF764	-0.15915380585530878
ZNF765	-0.04591523927681751
ZNF766	-0.16130134415460173
ZNF767	-0.19606792522784772
ZNF768	0.19122779681944538
ZNF77	0.21193504463522295
ZNF770	-0.25649512668582464
ZNF771	-0.22189269634253256
ZNF772	-0.29084489626086935
ZNF773	-0.12697144745091635
ZNF774	-0.03198951501116042
ZNF775	-0.15317677148869407
ZNF776	-0.21708356950732552
ZNF777	0.08694537309216178
ZNF778	-0.21989873334914836
ZNF780A	-0.18069120014175924
ZNF780B	-0.16713686990204701
ZNF781	-0.3875198138192998
ZNF782	-0.09620308619285317
ZNF783	-0.3230099291041526
ZNF784	-0.004086141785656773
ZNF785	0.03455423015514786
ZNF786	-0.023556386326758615
ZNF787	0.004901782061572177
ZNF788	-0.1768932679823866
ZNF789	-0.24210743164283177
ZNF79	-0.1770222778356261
ZNF790	-0.10955108500895205
ZNF791	-0.3266022500559099
ZNF792	-0.28306770293437244
ZNF793	-0.27685081805596923
ZNF799	0.018777522594513943
ZNF8	-0.048267252781423194
ZNF80	-0.33410233562597885
ZNF800	-0.154896918215457
ZNF804A	-0.24547298545799834
ZNF804B	-0.05542908577246725
ZNF805	-0.23529446532038553
ZNF806	0.11860089140502479
ZNF807	0.06633786584320518
ZNF808	-0.16934251421137367
ZNF81	-0.14377819562875088
ZNF812	-0.0029770343276383586
ZNF813	-0.03360977139772963
ZNF814	-0.15800523331108277
ZNF815P	-0.2620944079659663
ZNF816	-0.03881626066756028
ZNF816-ZNF321P	
ZNF818P	0.030079189652393395
ZNF821	-0.15767914127225238
ZNF823	0.18085301729071165
ZNF826P	-0.30959688093359655
ZNF827	-0.2264871932733325
ZNF829	-0.285665823140241
ZNF83	-0.38073706521003664
ZNF830	-0.3283214632534952
ZNF831	-0.46904402608432777
ZNF833P	0.10445789219348539
ZNF835	-0.20029400587365484
ZNF836	-0.08419203270590063
ZNF837	0.10344814020935292
ZNF839	-0.3289033101245656
ZNF839P1	0.2890234727760916
ZNF84	-0.0433790547590121
ZNF840	0.09845504119810082
ZNF841	-0.22079623060939152
ZNF843	-0.19187737144303957
ZNF844	0.08039970631368815
ZNF845	-0.02555983544688163
ZNF846	-0.25635195021776935
ZNF847P	-0.11470743641198854
ZNF849P	-0.33931845998668103
ZNF85	-0.31616410877961915
ZNF850	-0.18762238794401565
ZNF852	-0.42258284517567263
ZNF853	-0.41696529858558495
ZNF859P	0.04304597730169849
ZNF860	-0.4469873771541923
ZNF861P	0.05571025077594947
ZNF862	-0.32348848708487327
ZNF863P	0.2776262338108143
ZNF865	0.01842793490364067
ZNF876P	-0.3861263052718428
ZNF877P	0.050609940143420996
ZNF878	-0.03601281862785351
ZNF879	-0.24995303886008832
ZNF880	-0.10116262400271896
ZNF883	-0.21576596852297383
ZNF885P	
ZNF886P	
ZNF888	-0.014698728579316166
ZNF890P	-0.33426138504379255
ZNF891	-0.15001802995014954
ZNF90	-0.2610238105645846
ZNF90P1	0.01921789939403501
ZNF90P2	0.03116032750961128
ZNF90P3	-0.37169066354098723
ZNF91	0.17389694360510397
ZNF92	-0.33616423912052695
ZNF92P1Y	0.2828395602640671
ZNF92P2	-0.020733932045160604
ZNF92P3	-0.25729568837706773
ZNF93	-0.3316751892771651
ZNF962P	0.3298168103481441
ZNF965P	0.00355712662185865
ZNF969P	0.15088307390835587
ZNF98	-0.30846198820675347
ZNF99	-0.18465928500214365
ZNFX1	-0.04654974694123887
ZNHIT1	0.12524501237818514
ZNHIT1P1	-0.19122333690482435
ZNHIT2	-0.08587577642870718
ZNHIT3	-0.2851886393324239
ZNHIT6	-0.2543473023196174
ZNRD1	-0.33048578352051033
ZNRD1-AS1	-0.358097626466849
ZNRF1	0.18254439747656584
ZNRF2	-0.07914397070778605
ZNRF2P1	0.07634247404428801
ZNRF2P2	0.37551411819840647
ZNRF2P3	-0.19290144609542448
ZNRF3	0.1600766434608204
ZNRF3-AS1	0.05317777021279178
ZNRF3-IT1	0.07391567031330323
ZNRF4	0.22352115695444372
ZP1	0.030138309168784884
ZP2	0.17928604046917168
ZP3	-0.07192182893544714
ZP4	0.05263257157236092
ZPBP	0.07538348811770029
ZPBP2	-0.31431853102309815
ZPLD1	-0.22490422450571712
ZRANB1	-0.046293148388249494
ZRANB2	-0.25917902448787267
ZRANB2-AS1	-0.09489602907328169
ZRANB2-AS2	-0.19636099299640644
ZRANB3	-0.27430912447075206
ZRSR1	-0.055336791637305975
ZRSR2	-0.21207519681965714
ZSCAN1	-0.13789035085333076
ZSCAN10	-0.30235690690519246
ZSCAN12	-0.30738837769379335
ZSCAN12P1	-0.06452292297841147
ZSCAN16	0.32098389538455985
ZSCAN16-AS1	-0.2663343643258161
ZSCAN18	-0.1661484960179669
ZSCAN2	-0.04702333087309852
ZSCAN20	0.09560665196068782
ZSCAN21	0.262560086262371
ZSCAN22	-0.044225319248643945
ZSCAN23	-0.13493305169242306
ZSCAN25	-0.2471729373547431
ZSCAN29	-0.2537144075652661
ZSCAN30	-0.24515024853381717
ZSCAN31	0.11323158395488139
ZSCAN32	-0.24261677819333496
ZSCAN4	-0.158978568365071
ZSCAN5A	-0.2048988462128673
ZSCAN5B	0.04756361099311085
ZSCAN5C	0.06605309258430664
ZSCAN5D	0.17028668166552394
ZSCAN9	0.1527172991179695
ZSWIM1	-0.0894454166329586
ZSWIM2	-0.11486251699081777
ZSWIM3	-0.14348445682083777
ZSWIM4	-0.24789071440584703
ZSWIM5	-0.07004578180926171
ZSWIM5P1	-0.06858578143223185
ZSWIM5P2	-0.011909234326481357
ZSWIM5P3	0.2312622749798533
ZSWIM6	0.08805868606644802
ZSWIM7	-0.1448221155207161
ZSWIM8	-0.08394953532986951
ZSWIM8-AS1	-0.1274730010963801
ZUFSP	-0.1578015578461303
ZW10	-0.0614919461345216
ZWILCH	-0.23809202420130415
ZWINT	-0.22667614009496068
ZXDA	-0.1683976835680527
ZXDB	-0.1133020442540483
ZXDC	-0.3828451971946287
ZYG11A	-0.1728234472157914
ZYG11AP1	0.14980128223336642
ZYG11B	-0.06889387690129839
ZYX	-0.3857586643756154
ZZEF1	0.23851252135332643
ZZZ3	-0.2280355309111987
hsa-mir-1199	0.057527522358267594
hsa-mir-1253	-0.1514107522648601
hsa-mir-335	-0.29507964257364105
hsa-mir-466	
hsa-mir-490	0.028570318100099884
hsa-mir-548ba	
hsa-mir-6080	-0.12290543831377927
hsa-mir-7162	0.009343515825896265
hsa-mir-7515	0.13958901471613844
hsa-mir-8072	-0.07581544996758376
hsa-mir-892c	
