Name	P_value	Adjusted_p_value	Odds_ratio	Combined_score	Overlap_count	Set_size	Overlap_genes
Lupus Erythematosus, Systemic	2.6412700755618323e-14	2.2318732138497482e-11	2.7079371913081953	84.6634705521337	92	416	ABT1;ACTBL2;ADCY7;ADRA1B;ANKRD44;ANKRD44-IT1;ANKRD55;ARID5B;ATXN2L;BACH2;BANK1;BIN1;BLK;C7ORF72;CCDC167;CD44;CD80;CXORF21;DLG2;DRAM1;EOMES;ETS1;FAM167A;FAP;FCRLA;FLI1;FNBP1;GAS1;GATA4;GPR19;GPSM3;GYPC;HCG23;HIST1H2BPS2;HIVEP3;HLA-DOB;HLA-DQA1;HLA-DQB2;ICAM3;IKBKE;IKZF1;IKZF3;IL10;IL21-AS1;IL2RA;ITGAM;ITGAX;JAK2;JAZF1;LBH;LEF1;LINC00460;LINC00892;LRRC4C;LRRC63;LRRK2;LYST;MECP2;MICB;NCF2;NCR3;NIN;NTNG2;PHTF1;PLD4;PTPN22;PTPRC;PVT1;PXK;RABGAP1L;RASGRP3;RASSF2;RPSAP42;SCN10A;SCN11A;SETX;SIPA1;SKIV2L;SLC15A4;SLC29A3;STAT4;TCF19;TCF7;TMPRSS5;TNFAIP3;TNFSF4;TSPAN11;UQCRHP1;WDFY4;ZFP90;ZNF365;ZNRD1
Arthritis, Rheumatoid	1.9397111725686437e-13	8.195279704102519e-11	3.3229846449136278	97.2673066034244	63	243	AFF3;ALPL;ANKRD55;ARHGEF3;ARID5B;BATF;BICD1;BLK;CCL21;CCNG2;CCR6;CD226;CD28;CD40;CD83;CDK5RAP2;CLNK;CTLA4;CXCR5;ENOX1;EOMES;FAM167A;FCRL3;FLI1;GALNT18;GATA3;GFRA1;HLA-DQA1;HLA-DRB6;ICAM3;IL21;IL2RA;IL2RB;IRF4;JAZF1;LBH;MECP2;NFKBIE;PADI4;PHF19;PHTF1;PLD4;PRKCB;PRKCH;PTPN22;PTPRM;RASGRP1;REL;RPSAP42;SESN3;SFTPD;SH2B3;STAT4;SV2B;TAGAP;TNFAIP3;TNFRSF9;TRAF1;TRPS1;UBASH3A;UTS2;WDFY4;ZNF365
Platelet Function Tests	1.2889302590145907e-11	3.6304868962244302e-09	1.352594900080862	33.915807739270605	756	6334	ABCA7;ABCB4;ABT1;ACKR3;ACMSD;ACTBL2;ACTR3P3;ACTR5;ADAMTS6;ADPGK;ADRA1B;AFF3;AHR;AIM2;AK8;AKT2;ALOX12;ALOX5AP;ALPK2;ALPL;ALX3;ANAPC16;ANK1;ANK2;ANKRD26P4;ANKRD33B;ANKRD34A;ANKRD6;ANXA5;ANXA6;APBA2;APBB1;APBB1IP;APOE;AQP9;ARAP2;ARHGAP15;ARHGAP22;ARHGAP24;ARHGAP25;ARHGEF3;ARID1B;ARL4C;ARNT2;ARRDC5;ARSG;ASTN1;ASUN;ATF7IP2;ATP1A4;ATP2B4;ATP5G1P5;ATP6V0A2;ATP6V1E2;ATXN2L;BASP1;BATF3;BBS1;BCL11A;BCL11B;BCL2;BCL2A1;BCL6;BEAN1;BEND4;BEND5;BFSP2;BFSP2-AS1;BICD1;BIN1;BIN2;BIN2P2;BLK;BMP7;BRCA2;BRIP1;BTN1A1;BUD13;BZRAP1-AS1;C11ORF21;C11ORF85;C12ORF79;C16ORF82;C1ORF186;C1ORF61;C1RL-AS1;C20ORF195;C22ORF34;C5ORF64;CACNA1C;CACNA1E;CACNG5;CAMK1G;CAPZA1;CARD11;CASC5;CBLB;CCBL1;CCDC109B;CCDC138;CCDC141;CCDC42B;CCDC67;CCDC81;CCL22;CCR6;CCT3;CD180;CD1E;CD226;CD300A;CD38;CD40;CD44;CD47;CD48;CD5;CD84;CD86;CD8BP;CD96;CDH10;CDH2;CDH23;CDH3;CDK1;CDK14;CDK19;CDV3;CEACAM4;CELF2;CELF4;CELSR1;CEP120;CEP128;CEP135;CEP85L;CEP97;CEPT1;CERS4;CETP;CGGBP1;CHD2;CHIT1;CHST11;CHST15;CHST2;CHSY1;CLDN18;CLNK;CMSS1;CNGB1;CNR2;COL4A3;COPS8;COTL1;CPNE5;CSF3R;CSGALNACT1;CST1;CTHRC1;CUL9;CX3CL1;CXCR2;CYFIP2;CYP4X1;CYP7B1;CYTIP;DAPP1;DCLK1;DDHD1;DDI1;DENND4A;DGKG;DKK1;DLG2;DLX4;DNAH5;DNAH8;DNAJA1P5;DOCK10;DOCK2;DOCK3;DOCK8;DSC1;DSE;DTD1;DTHD1;DUSP10;DUSP13;DUSP14;DUT;DYRK1A;EAF2;EBF1;EDARADD;EDEM1;EEFSEC;EGR2;EID3;ELK3;ELMO1;ELMO2;EME1;EML6;ENKUR;ENOX1;EPG5;EPS15;ETS1;EVL;F5;FAIM;FAM13B;FAM155A;FAM167A;FAM214A;FAM216B;FAM49A;FAM49B;FAM53C;FAM71F1;FAM81A;FBXO15;FBXW7;FCHO1;FCHSD2;FCN1;FCRL1;FCRL2;FCRL5;FCRLA;FCRLB;FGD2;FGD5;FGF1;FGF18;FHL3;FHOD3;FLI1;FLT3;FMNL1;FOXN2;FOXO1;FRMPD1;FSCN1;FXYD5;FYN;GABBR2;GABRA5;GABRG3;GALNT18;GAS1;GATA4;GDF7;GFRA1;GHRHR;GIMAP7;GINS3;GJB6;GLRA3;GMIP;GNB4;GNB5;GNG2;GP1BA;GPATCH2L;GPM6A;GPR83;GPR85;GRIN2B;GSAP;GTDC1;GTF3A;GTSF1L;GYG1P2;GYPC;HCG4;HDAC9;HECW2;HELLS;HHEX;HIVEP2;HLA-DOA;HLA-DOB;HLA-DPB2;HLA-DQA1;HLA-DQB2;HLA-Z;HMCN1;HMGB1P17;HMGN2;HNRNPA3;HNRNPCP7;HPCAL4;HPS3;HRH4;HS3ST3A1;HS3ST3B1;HSD11B1;HSPB8;ICOS;IDO2;IFI16;IKBIP;IL17F;IL1A;IL1B;IL2RA;IL2RB;IL6;INHBA;INSRR;INTS4;IPCEF1;IQSEC1;IRF4;ITGAM;ITGAX;ITGBL1;ITIH1;ITIH3;ITK;ITPR1;JARID2;JAZF1;KANSL1;KAT6A;KBTBD8;KCNA1;KCNA2;KCNQ5;KDM2B;KIAA0922;KIAA1551;KIAA1644;KIRREL3;KLF12;KLHL14;KLHL29;KLHL6;KLRG1;KRT5;KYNU;LAT2;LAX1;LCP1;LDLRAD3;LDLRAD4;LGI2;LHX8;LIFR;LINC00173;LINC00460;LINC00494;LINC00641;LINC00659;LINC00861;LINC00877;LINC00926;LINC00929;LINC00998;LINGO3;LIX1;LMO2;LPCAT1;LPIN1;LPL;LRCH1;LRIF1;LRRC30;LRRC4C;LRRC55;LRRC63;LRRK2;LRRN1;LSAMP;LSM2;LST1;LTA;LTB;LTF;LY86-AS1;LYN;LYRM4;MAD1L1;MALT1;MANEA-AS1;MAP3K1;MAP3K3;MAPRE2;MARCH1;MARK2P11;MAT2B;MATN1;MCC;MCM5;MDFIC;MDM1;MED27;MEF2C;MEF2C-AS1;METTL16;MIR181A1HG;MIR3685;MLC1;MND1;MRVI1-AS1;MSC;MSH6;MSNP1;MTF2;MTND5P18;MTPN;MTUS2;MTX3;MX2;MYBL1;MYBPC3;MYO16;MYT1L;NAP1L1;NAPSB;NCF4;NCKAP1L;NCR3;NDNL2;NEIL3;NEK6;NELL2;NFASC;NFATC1;NFATC2;NIN;NKAIN2;NLRC5;NLRP1;NME1;NPM1P6;NPTX1;NR3C1;NRF1;NRG2;NTRK1;NUF2;NUGGC;NUP210;NUP93;NUSAP1;OCA2;OLFM1;OPA3;OSBPL10;OSBPL3;OXTR;P2RX7;PABPC1P11;PACS1;PAPD7;PAPLN;PAPPA;PARP8;PARVB;PAX5;PCBP3;PCDH9;PCDHGA4;PCED1B;PCNXL2;PDE10A;PDE4B;PDE7A;PGF;PHF20;PHF21A;PHF5A;PHLDB2;PHTF2;PIK3AP1;PIK3CG;PIP4K2B;PITPNC1;PKIA;PLA2G2D;PLCB2;PLCG2;PLCL1;PLEK;PLEKHG1;PLXNC1;PNOC;POLR3G;POT1;PPIE;PPIH;PPM1E;PPM1G;PPP1R12A;PPP1R18;PPP1R9B;PRDM13;PRDM2;PRDM8;PREX1;PRKAR1A;PRKCB;PRKCH;PRKCQ;PRPSAP2;PRRX1;PTDSS1;PTER;PTGFR;PTHLH;PTPN1;PTPRM;PTPRS;PVRL3-AS1;PVT1;PXK;QKI;RAB11FIP2;RAB31;RABGAP1L;RAC2;RALGPS2;RAMP3;RAPGEF1;RARB;RASA3;RASGEF1A;RASGRF1;RASGRF2;RASSF2;RBM19;RBM26;RBP5;RCSD1;REC8;RECQL;RFC1;RFTN1;RGS18;RHBDF2;RHOH;RIC3;RICTOR;RIPK2;RLN2;RNF144B;RNF165;RNF19A;RNGTT;ROBO1;RORA;ROS1;RPA1;RPAP3;RPL17P35;RPL30P10;RPL7AP8;RPL7P51;RPS7;RTEL1P1;RUNX2;S100A5;S1PR1;SAA1;SACS;SAMD4A;SAMHD1;SCIMP;SCML4;SCN2A;SEC61A2;SELL;SELP;SEMA3A;SEMA4D;SEPT7;SERPINA9;SERPINB9;SESN3;SETBP1;SF3B3;SH2B2;SH3TC1;SIGLEC14;SKA1;SKAP1;SKIL;SLA;SLC12A3;SLC15A4;SLC16A6;SLC1A2;SLC1A3;SLC25A1P5;SLC26A9;SLC29A3;SLC2A3;SLC39A10;SLC46A2;SLC4A8;SLC7A5;SLC8A3;SLC9A9;SLCO1A2;SLFN13;SMC2;SMG9;SNAP91;SNPH;SNRNP40;SNRPF;SNRPN;SNX10;SORCS1;SORCS2;SOX5;SP100;SP110;SP4;SPDL1;SPG20;SPIC;SRGN;SS18;SSBP2;SSTR3;SSX2IP;ST8SIA4;STAP1;STON1-GTF2A1L;STRIP2;SUSD4;SV2B;SYK;SYNDIG1;SYNE1;SYNGR2;SYT11;TADA1;TAF1B;TAGAP;TBC1D10C;TBC1D19;TBC1D5;TBC1D9;TCF12;TCF15;TCF4;TCF7;TCL1A;TCL6;TCOF1;TECRL;TENM4;TEPP;TERF2IP;TF;TG;THEM4;TIAM1;TIMELESS;TLR2;TLR4;TMCC1-AS1;TMED8;TMEM108;TMEM130;TMEM132C;TMEM154;TMEM163;TMEM178B;TMEM200C;TMEM71;TMPRSS5;TNF;TNFAIP3;TNFRSF13B;TNFRSF1B;TNFSF11;TNRC6B;TNS3;TOX;TOX2;TP63;TRAC;TRAF3IP2-AS1;TRERF1;TRHDE-AS1;TRIM22;TRIM41;TRIM60P18;TRPS1;TSPAN11;TSPAN18;TSPEAR;TTC9;UBA52P9;UBASH3B;UBE3D;UHRF1;UHRF2;ULBP2;ULK4;UNC13A;UNC13C;UNC13D;UQCRHP1;USP13;USP44;VAT1L;VAV1;VAV3-AS1;VIM;VIM-AS1;VIT;VNN2;VPS13C;VRK1;VRK2;VSX2;WARS;WDR41;WDR66;WIPF1;XKR4;XRCC1;XRCC2;ZBP1;ZBTB18;ZBTB40;ZBTB46;ZCCHC7;ZDHHC17;ZFP36L1;ZFP90;ZNF106;ZNF107;ZNF143;ZNF23;ZNF304;ZNF385A;ZNF404;ZNF547;ZNF548;ZNF614;ZNF641;ZNF736;ZNF831;ZNF90P3;ZNRD1;ZNRD1-AS1;ZXDC
Inflammatory Bowel Diseases	4.666881160816298e-11	9.858786452224429e-09	2.398905212762703	57.06502530941831	85	422	ADCY7;ADRA1B;AKAP11;ANKRD55;ATXN2L;BACH2;BANK1;C7ORF72;CACNA1C;CCND3;CD226;CD28;CD40;CD6;CDC27;CRTC3;CSF2RB;CXCR5;CYLD;DUSP22;ETS1;F5;FAP;FEN1;GNA12;GPR18;GPR183;GPR65;GYPC;HDAC7;HHEX;HLA-DQA1;IFNG;IKZF1;IKZF3;IL10;IL18R1;IL2RA;IRF4;ITGA4;ITGAL;JAK2;LINC00861;LPXN;LRRC61;LRRK2;LSP1;LTF;MAP3K8;NCF4;NFATC1;NOD2;OSMR;PARK7;PLCG2;PLCL1;PRKCB;PTGIR;PTK2B;PTPRC;PYGO2;RASGRF1;RASGRP1;RGS14;SH2B3;SKAP2;SLCO2B1;SNN;SNX20;SOX5;SP140;STAT4;SYK;TAGAP;TNFAIP3;TNFSF11;TNFSF8;TRAF3IP2-AS1;TRPS1;VSX2;ZBTB40;ZFP36L1;ZNF365;ZNF532;ZNF831
Schizophrenia	1.3621836117356467e-10	2.302090303833243e-08	1.7246423035781933	39.17828860913396	190	1248	ADAMTS6;ADCY7;AFF3;AKIRIN2;AKT3;ANKRD36;ANKRD55;ARL14EP;ARSG;ASAP1;ASB1;BAGE2;BANK1;BCL11A;BCL11B;BMP7;BTLA;C12ORF42;C12ORF79;C16ORF82;C6ORF62;CACNA1C;CACNA1I;CAPN14;CBX2;CCBL1;CDK1;CEACAM21;CHD2;CLEC17A;CNKSR2;CNTN2;CR1;CR1L;CREB1;CYP4B1;CYP7B1;DAZL;DLG2;EEFSEC;EFR3B;EGR2;EML6;ENOX1;EPG5;ETS1;EVL;FAM214A;FAM53C;FANCA;FAP;FBXW7;FES;FOXN2;GABBR2;GJA4;GNG7;GP2;GPM6A;GRIN2B;GSAP;HCG23;HECW2;HLA-DOB;HLA-DQA1;HMCN1;HS3ST3A1;HTR3B;IGSF9B;IL20RB;INHBA;IRF4;ITIH1;ITIH3;JAM3;KBTBD8;KCNA1;KCNA3;KCNQ5;KIF21B;KLF12;KLHL29;KMT2A;KYNU;LETM2;LINC00861;LINC00862;LINC01016;LPL;LRP8;LRRIQ3;MAD1L1;MATN1;MBNL1;MCHR1;MEF2C;MEF2C-AS1;MIR4454;MKL1;MPHOSPH9;MTF2;MTHFD1L;MTPN;MTUS2;MTX3;NFATC1;NFATC3;NKAIN2;NLRC5;NMB;NPM1P52;NPTX1;NSMCE2;NUP210;NYAP2;PABPC1P11;PARP8;PBX2;PCBP3;PCDH9;PDE4B;PHF20;PHF21A;PJA1;PLCB2;PLCL1;POLN;PPM1M;PPP1R16B;PPP1R2P9;PRELP;PREX1;PRG4;PRKCQ;PTPN6;QKI;RAB8B;RANBP3L;RASA3;RASGRF2;RBM26;RFESD;RIPK2;RNY5P5;RORA;RPS10P16;RPS17P8;RUNX2;SAMD4A;SEMA3A;SETP9;SHMT2;SKAP1;SLAMF1;SLC25A1P5;SLC9B2;SNAP91;SNX29;SOX5;SP4;SS18;ST3GAL1;STK4;SYNE1;TBC1D5;TBXAS1;TCF15;TCF4;TENM4;TMEM158;TMEM178B;TMPRSS5;TOX;TRAF3;TRAF3IP2-AS1;TRIB2;TRPS1;TSPAN18;UBD;UBLCP1;USP24;VMA21;VPS13C;VRK2;XKR6;ZBBX;ZBTB18;ZNF365;ZNF860;ZNRD1
Crohn Disease	1.0039983091012277e-09	1.4139642853175624e-07	2.3970599339939858	49.66534516205067	73	362	ADCY7;ADRA1B;AKAP11;ANKRD55;ATXN2L;BACH2;BANK1;C10ORF67;C7ORF72;C9ORF91;CCND3;CD40;CD6;CRTC3;CXCR5;DUSP22;FCHSD2;FEN1;FNBP1;GPR18;GPR65;HLA-DQA1;IFNG;IKZF1;IKZF3;IL10;IL21-AS1;IL2RA;IRF4;ITGA4;JAK2;JAZF1;LINC00460;LINC00861;LINC00892;LRRK2;LTA;MAP3K8;MDFIC;NCF4;NCR3;NFATC1;NOD2;OSMR;PARK7;PHLDB2;PHTF1;PLCL1;PTK2B;PTPN22;PTPRC;RASGRP1;RGS14;RGS18;RUNX3;SKAP2;SLAMF8;SLC43A3;SNN;SNX20;SOCS1;SP140;STAT4;TAGAP;TNF;TNFSF11;TNFSF8;TRAF3IP2-AS1;UBE3D;UQCRHP1;ZFP36L1;ZNF365;ZNF831
Colitis, Ulcerative	7.560210034506531e-09	8.591228135175024e-07	2.4795917807316994	46.369275974622425	61	294	ADCY7;ADRA1B;ANKRD55;ATXN2L;C7ORF72;CD226;CD28;CD6;CDH3;CIITA;CRTC3;CXCR1;CXCR2;CYTH1;DSE;ETS1;FAP;FNBP1;GNA12;GPR18;GPR65;HDAC7;HDAC9;HHEX;HLA-DQA1;IFNG;IKZF3;IL10;IL17REL;IL21-AS1;IL2RA;IL7R;ITGA4;ITGAL;JAK2;LINC00460;LINC00892;LRRK2;LSP1;LTF;MAP3K8;MICB;OSMR;PARK7;PHTF1;PLCG2;PLCL1;PRKCB;PTGIR;PTPRC;RGS14;SNN;STAT4;SYK;TNFAIP3;TNFSF8;TRAF3IP2-AS1;ZBTB40;ZFP90;ZNF365;ZNF831
Diabetes Mellitus, Type 1	8.133707110224875e-09	8.591228135175024e-07	2.808349739432542	52.31182998276316	49	214	ADCY7;ADRA1B;ANKRD55;ATXN2L;BACH2;CCR7;CD226;CD69;CLEC2D;CLECL1;CTLA4;CTSH;CUX2;EFR3B;FCRL3;FNBP1;GAB3;GLRA3;GP2;HCG23;HLA-DOB;HLA-DQA1;HLA-DQB2;HLA-Z;IKZF4;IL10;IL21-AS1;IL2RA;IL2RB;IL7R;JAK2;LINC00460;LINC00892;LRRK2;MICB;NCR3;PHTF1;PRKCQ;PTPN22;RASGRP1;RPS26;SH2B3;SIRPG;SKAP2;SSTR3;UBASH3A;UQCRHP1;ZFP36L1;ZNF365
Multiple Sclerosis	2.976542697964225e-08	2.794642866421967e-06	2.5289023639206025	43.825671318549134	54	256	ADRA1B;AGAP2;ALPK2;ARL11;ASAP1;BACH2;BATF;BICD1;BUD13;CBLB;CD40;CD5;CD6;CD86;CLECL1;CXCR5;DSC1;EGFL6;EOMES;FCRL3;HCG23;HHEX;HLA-DQA1;HLA-DRB6;HLA-F-AS1;IL22RA2;IL2RA;IL7R;MALT1;MAP3K14;MMP10;MPHOSPH9;PABPC1P11;PKIA;PLEK;PMAIP1;PVT1;RASGEF1A;RGCC;RGS14;RMI2;SAE1;SESN3;SOX8;SP140;SYK;TAGAP;TCF7;TNFAIP3;TUBB;VCAM1;ZBTB46;ZFP36L1;ZNRD1-AS1
Celiac Disease	4.0330873386857663e-08	3.4079588011894726e-06	3.2354492320239228	55.08723932252878	36	141	ADCY7;ADRA1B;ANKRD55;ATXN2L;BACH2;CCR1;CCR4;DUSP22;ELMO1;ETS1;FNBP1;HLA-DQA1;ICOS;IL10;IL18R1;IL21;IL21-AS1;IL2RA;IRF4;JAK2;LINC00460;LINC00892;LRRK2;NKAIN2;PARK7;PHTF1;PLEK;PRKCQ;RAB11FIP2;RMI2;TAGAP;TLR8;TMSB4X;TNFAIP3;ZFP36L1;ZNF365
Alcoholism	4.203703674340696e-06	0.0003229208731652625	1.7442792747314095	21.59338306598359	90	579	ACKR3;ADAM17;ALX3;ANKRD44;ANKRD44-IT1;ARID1B;BBX;BUD13;C11ORF84;C12ORF79;C7ORF72;CACNB4;CD53;CDK14;CLCN4;COPS8;CSGALNACT1;CST1;CXCR4;DARS;DDHD1;DNAJA1P5;DSE;ELOVL5;FAM65B;FAM81A;GABRG3;GGNBP1;GINS3;GLRA3;GNAL;GTF3A;GTSF1L;IKZF1;IL12B;IQSEC3;ITGAD;JAK2;KCNA3;KCNQ5;KIAA0040;KPNA2;LINC00460;LINGO1;LPCAT1;LRP8;LSAMP;LSP1;MANEA-AS1;MICU3;NAP1L4;NRM;NUP210;NYAP2;OCA2;OPA3;OXTR;PABPC1P11;PAPPA;PARP8;PCDH9;PELP1;PHACTR1;PHLDB2;PKIA;PLEKHG1;PMAIP1;PPP1R18;PPP2R5C;PTHLH;PTPRM;PTPRS;QKI;RASGRP1;RBM6;RFTN1;RUNX3;SELE;SELL;SH3BP5;SLC39A10;SLC9A9;SOX5;TCF4;TMEM108;TMEM132C;TMEM156;TOX2;WIPF3;ZNF532
Vitiligo	8.595811877545056e-06	0.0006052884197104643	4.861156378332573	56.70167262568686	15	44	ADPRH;BACH2;CDH23;CLNK;FANCA;FAP;HCG23;IKZF4;IL2RA;PTPN22;SESN3;SLC1A2;SLC29A3;TG;UBASH3A
Child Development Disorders, Pervasive	1.4554701227929908e-05	0.000946055579815444	1.3315600125999105	14.830378146640081	286	2343	A4GALT;ACSL4;ADAMTS6;ADCYAP1R1;ADORA2A;ADRBK2;AHR;AK8;AKAP11;ALPK2;ANKRD26P4;ANKRD55;AQP9;ARHGAP22;ARHGAP24;ARID4B;ARL4C;ATF7IP2;BANK1;BATF;BCL2;BCL6;BICD1;BIN2P2;BMP7;BPIFB3;BUD13;C10ORF10;C12ORF66;C16ORF82;C17ORF96;C1ORF185;C3;C5ORF64;CACNA1C;CBX5;CCDC109B;CCDC141;CCDC15;CCDC167;CCL18;CCL23;CD1A;CD69;CD96;CDH10;CDH23;CHST11;CICP16;CLEC17A;COBLL1;CREB5;CYFIP2;CYP4Z1;DAZL;DCAF17;DNAAF1;DNAJA1P5;DNAJB5;DNMT1;DOCK2;DPYSL3;DTX1;DUSP10;DUSP22;EBF1;EID3;EIF5A2;EML6;ENOX1;ENTPD1;EOMES;EPB42;ERCC3;ETS1;FAM155A;FAM86FP;FBLN7;FBXL2;FBXO15;FBXO16;FBXW7;FECHP1;FHOD3;FOXN2;FRMPD1;FYN;GABRG3;GAS1;GC;GJB6;GNA12;GRIN2B;GRK6;GYG1P2;HCG4;HECW2;HHEX;HMCN1;HS3ST3A1;HS3ST3B1;HSF2;IL20RB;INHBA;IPCEF1;ITGBL1;ITIH3;ITPKB;KCNA3;KIAA0430;KIAA1644;KIF21B;KIFC1;KLHL29;KMT2A;LBH;LETM2;LILRB4;LINC00094;LINC00460;LINC00487;LINC00881;LINC00998;LINGO3;LRRC30;LRRC4C;LRRC55;LRRK2;LSAMP;LY86;LY86-AS1;MAD1L1;MARCH1;MARK2P11;MAT2B;MATN1;MBNL1;MCM3;MECP2;MIOX;MIR138-1;MMP20;MSC;MSNP1;MTND5P18;MTPN;MTUS2;MTX3;NIN;NKAIN2;NNMT;NRIP2;NRROS;NYAP2;OCA2;OR10B1P;OSBPL10;P2RX7;PAPLN;PARVB;PAX5;PCDHGA4;PCNXL2;PDE10A;PFDN6;PIK3CG;PLCL1;PLEKHG1;PLXNC1;PPP1R26P5;PPP2R5C;PRAMENP;PRDM15;PRG4;PRR11;PTER;PTGFR;PTPRM;PTPRS;QKI;RAB11FIP2;RAB8B;RABGAP1L;RAPGEF1;RAPGEF6;RASA3;RASGRP3;RASSF2;RASSF4;RASSF5;RBM33;RBMS1;RBMX;REC8;RGS18;RIPK2;RNGTT;ROBO1;RORA;ROS1;RPS17P8;RUNX2;RXFP3;S100Z;S1PR2;SDR16C5;SEC14L1;SEMA3A;SERPINE2;SETBP1;SGOL1;SGTB;SH3BP5;SLC12A3;SLC23A2;SLC24A4;SLC25A1P5;SLC29A3;SLC35B4;SLC46A2;SLC4A8;SLC7A5;SLC9A9;SORCS1;SORCS2;SOX5;SP140;SP4;SPG20;SPP1;SS18;SSBP2;ST3GAL1;STK10;SV2B;SYNE1;TCF15;TCF4;TCL1A;TECRL;TENM4;TERF2;TFEB;THEMIS;TIFAB;TLR4;TMCC1-AS1;TMEM154;TMX3;TNRC6B;TOX;TP63;TRAF5;TRERF1;TRIB2;TSPEAR;TTBK2;TTN;TUBB6;TXLNB;UBASH3A;UBASH3B;UBE2I;UHRF1;UNC13C;VAT1L;VPS13C;VRK1;VRK2;WDFY2;WDR46;WNT7A;XKR4;YEATS2;ZBTB14;ZBTB37;ZBTB46;ZFP69B;ZNF365;ZNF430;ZNF699;ZNF714;ZNF76;ZNF831;ZNRD1;ZXDC
Autoantibodies	1.675877754784851e-05	0.0009730827656336515	5.309768919066915	58.38934332462121	13	36	BACH2;CD226;CTLA4;FCRL3;IKZF4;IL10;IL2RA;IL2RB;NYAP2;PTPN22;RASGRP1;SH2B3;UBASH3A
Immunoglobulins	1.727365856154411e-05	0.0009730827656336515	1.8121714743589743	19.872866496159602	69	429	ALKBH8;ANKRD55;ARHGAP24;ARID5B;BACH2;BCL11B;C21ORF62;C7ORF60;C7ORF72;CACNA1E;CACNA1I;CDH10;CDO1;CHD2;CLSTN3;COL19A1;CYFIP2;DOCK2;DYRK1A;EGR2;ELMO1;ETS1;FCN1;GFRA1;GPM6A;GPR85;GPRC5B;HLA-DOA;HLA-DQB2;IGF2BP3;IGFBP7;IKZF1;KLHL29;LRRC4C;LYG1;MARK2P11;MDC1;MEF2B;MIR548P;MSNP1;NCR3;NKAIN2;OLFM1;PARVB;PDE7A;PIK3AP1;PLCG2;PNOC;PTGFR;PTHLH;RANBP3L;RARB;RGS18;RNGTT;RPL34P23;SKIV2L;SLC46A2;SLC8A3;SMARCB1;ST6GAL1;TAF3;TBX21;TCF15;TLR4;TRIM6;TRPS1;UQCRHP1;VN1R4;VPS13C
Autoimmune Diseases	2.363549218393907e-05	0.001248249430964282	3.135775181559836	33.40466377703764	22	88	ADCY7;ADRA1B;ANKRD55;ATXN2L;B4GALNT1;ELMO1;FNBP1;IFI16;IL10;IL21-AS1;IL2RA;JAK2;LBH;LINC00460;LINC00892;LRRK2;PHF19;PHTF1;PTPN22;STAT4;UBASH3A;ZNF365
Sphingolipids	2.6914022527037564e-05	0.0012812691590829105	8.447830188679244	88.89536076726398	9	19	ATP10D;CERS4;FADS1;FADS3;IL20RB;PAPD7;PLEK;SV2B;ZNF101
Alzheimer Disease	2.729330753076022e-05	0.0012812691590829105	1.5292307122438158	16.070485273489236	122	879	ABCA7;ACSL6;ADCYAP1R1;AICDA;ALOX12;ALOX12P2;ANK1;ANKRD55;APOC1;APOE;ARID1B;BIN1;BMP7;BUD13;C12ORF79;C5ORF64;C7ORF72;CACNA1G;CAMK4;CASS4;CELF1;CELF2;CLDN18;CLU;CNGB1;COL4A4;CR1;CST1;CTHRC1;CYP27C1;CYP7B1;ELMO1;EPHA1-AS1;ETS1;FAM181A;FAM49A;FANCD2;FBXW7;FOXN2;GABRG3;GRIN2B;GYG1P2;HDAC9;HIF1AN;HLA-DQA1;HMCN1;ICOS;IKZF1;IL19;IL21-AS1;IL6;INPP5D;ITSN2;KLHL29;LINC00423;LINC00494;LINC00693;LINC00877;LINC01016;LINGO1;LRRIQ3;MAP3K1;MATN1;MEF2C-AS1;MMP12;MSC;MTHFD1L;MTPN;MYO16;NCS1;NDP;NFATC1;NKAIN2;NR3C1;OSBPL10;PA2G4;PARVB;PCDH11X;PCED1B-AS1;PDCD1LG2;PHF21A;PITPNC1;PLCL1;PLEKHG1;PMAIP1;POLN;PPP1R2P9;PRICKLE1;PTK2B;RAPGEF6;RASSF5;RBM19;RORA;SCARA3;SCIMP;SCML4;SELP;SEMA3A;SERPINE2;SESN3;SLC24A4;SLC4A8;SLC9A9;ST3GAL1;STRADA;TBC1D9;TBXAS1;TCF15;TENM4;TF;TFEB;TMEM132C;TNRC6C;TPTE2P3;TREML2;TRPM1;TRPS1;UBXN11;VAT1L;ZAP70;ZCWPW1;ZNF862
Cholangitis, Sclerosing	6.0355102531888294e-05	0.0026842137704971374	4.522530086761825	43.93757855732467	13	40	BCL2A1;CD226;CD28;CLNK;GNGT2;IL21;IL2RA;RPSAP42;SH2B3;SV2B;TCF4;TNFAIP3;UBASH3A
Blood Pressure	0.00013282441734329388	0.005611831632754166	1.2854866858820106	11.474874369883153	280	2360	ACTBL2;ADAM12;ADRA1B;AFF2;AFF3;AKIRIN2;ALPK2;ANK2;ANXA2R;APOC1;AQP9;ARHGAP15;ARHGAP22;ARHGAP24;ARID1B;ARID5B;ARL4C;ASAP1;ATAD2;BANK1;BCAS4;BCL2;BFSP2-AS1;BMP7;BUD13;C11ORF84;C12ORF66;C5ORF64;C8ORF22;CACNA1E;CACNA1G;CACNG5;CAMK4;CAPZA1;CARD11;CCDC141;CCDC88A;CD180;CD47;CD69;CDC7;CDH10;CDK14;CDV3;CEP128;CEP164;CETP;CHD3;CHI3L2;CHIT1;CHST10;CHST15;CLNK;CMTM7;CNR1;COPS7B;CREB5;CSGALNACT1;CSK;CSN3;CTC1;CUL9;CXCL13;CXCR2;DDHD1;DDI1;DENND4A;DGKG;DLGAP5;DNAAF1;DNAH5;DNAH7;DNAH8;DNAJA1P5;DUOX2;DUSP10;DUSP13;E2F2;EBF1;EDEM1;EHBP1L1;ENOX1;EVC2;EVL;F5;FADS1;FAIM2;FAM155A;FAM216B;FAM217B;FAM49A;FAM65B;FBXO10;FBXO15;FBXO5;FCHO1;FCRL5;FECHP1;FES;FGF1;FGF18;FLOT2;FRMPD1;GABBR2;GABRG3;GDPD5;GFRA1;GIMAP8;GLRA3;GPATCH2L;GPR137B;GPR176;GRIN2B;GTSF1L;GUCY1A3;GYG1P2;HCG23;HDAC9;HIVEP3;HLA-DOA;HTR3B;IDO1;IFI16;IL21R;IL33;INTS9;ITM2A;ITPR1;JAZF1;KCNIP2;KCNQ5;KIF11;KLF12;KLHL29;KLHL5;KMT2A;KRI1;LDLRAD4;LHX8;LILRB4;LINC00341;LINC00861;LINC00929;LPL;LRCH1;LRRC4C;LRRIQ3;LSM6;LYRM4;MARK2P11;MATN1;MB21D1;MCF2;MDM1;MEF2C;MICB;MIOX;MIR4513;MIR634;MOXD1;MSC;MSNP1;MTUS2;MTX3;MYO16;NCS1;NFATC1;NFATC2;NR3C1;OCA2;OPA3;OR4K2;PABPC1P11;PCDHA13;PCDHAC1;PDCD1LG2;PDE10A;PDE4B;PDLIM3;PFDN5;PHACTR1;PHF19;PIK3CG;PKHD1L1;PKIA;PLCG1;PLCL1;PLEKHG1;PLXNC1;PPP1R2P9;PRDM8;PREX1;PTGFR;PTHLH;PVT1;PWRN1;PYCR2;QKI;RAB31;RANBP3L;RAPGEF1;RASGRP1;RASGRP3;RASSF4;RNF144B;RNF175;RNF8;RNGTT;ROBO1;RORA;RPAP3;RPL30P10;RPL34P23;RUNX2;SACS;SAMD4A;SAMSN1;SEMA3A;SESN3;SGOL1;SH2B3;SH3TC2;SKAP1;SKAP2;SLC1A3;SLC35B4;SLC9A9;SNRPGP2;SNX29;SORCS1;SORCS2;SP140L;SPC24;SPIC;ST3GAL1;SYNDIG1;SYNE1;TACSTD2;TBX22;TCL6;THEM4;TIAM1;TLR10;TLR2;TMEM72-AS1;TMPRSS5;TNFAIP3;TNFAIP8;TNFRSF11B;TNFSF11;TNFSF8;TNR;TNRC6C;TNS3;TOX;TOX2;TRAF1;TRAFD1;TRIM22;TRPS1;TTI2;TTN;TTYH2;TYRO3;UBASH3A;UBE3D;UIMC1;ULBP2;ULK4;VAT1L;VSX2;WDPCP;WDR19;WNK1;WNT7A;XKR4;ZC3H12D;ZNF318;ZNF76;ZNF831
Carcinoma, Squamous Cell	0.0001530043651528861	0.006156604216866131	3.757354330708661	33.00852351927914	14	49	BRCA2;BRIP1;CHEK2;DEF8;FADS1;HLA-DQA1;IRF4;NCR3;OCA2;SLC39A6;ST3GAL1;ST6GAL1;TP63;UQCRHP1
P-Selectin	0.0001664338062838507	0.006392571195902448	6.033355795148248	52.49570319256688	9	23	ARAP2;PHC1;PON3;SELP;SLAMF6;SLC35B4;TBXAS1;UBASH3B;VMA21
Psoriasis	0.00018592371354374788	0.0068306755628029115	1.9110840848981265	16.41654502931041	44	261	ADAM19;ADCY7;ADRA1B;ANKRD55;ANXA6;ATXN2L;EBF1;ELMO1;ETS1;FAP;FNBP1;FYN;GNL1;GPSM3;HLA-DOB;IL10;IL12B;IL21-AS1;IL2RA;JAK2;LINC00460;LINC00892;LRRK2;LST1;MARK2P11;MIR138-1;MYT1L;PBX2;PHTF1;REL;RPS26;RUNX3;SOCS1;STAT2;STX1B;TCF19;TMEM158;TNF;TNFAIP3;TP63;TRAF3IP2-AS1;UBLCP1;USP49;ZNF365
Attention Deficit Disorder With Hyperactivity	0.00022303397662047178	0.007528376324526977	1.6781653333333333	14.110326994077482	64	424	ADAM12;ADCYAP1R1;AK8;ARHGEF3;BANK1;BCL11A;BMP7;C9ORF47;CACNA1C;CEP85L;CHMP7;CHRNB4;CLEC17A;CLNK;CNR1;CREB5;DCLK1;DLG2;EIF3M;EML6;ETS1;FBXW7;FCRL5;FERMT3;FOXN2;GABRP;IL17REL;ITIH3;KIF21B;KIRREL3;KMT2A;LINC00494;MAD1L1;MATN1;MIR4506;MTA3;MTPN;MTUS2;MYT1L;NYAP2;PBX4;PDE10A;PLEKHF2;PREX1;PTHLH;RANBP3L;RARB;RIPK2;RPS17P8;SEMA3A;SLC9A9;SORCS2;SOX5;SYNE1;TCF15;TCF4;TENM4;TEPP;TFEB;TMX3;TRPS1;XKR4;ZNF831;ZNRD1
Asthma	0.00022858946404539132	0.007528376324526977	1.5076090301504763	12.639165280089022	98	713	ACKR3;ACMSD;ARHGAP15;ARHGAP24;BACH2;BLM;C12ORF77;CCDC167;CCR6;CDK2;CDK5RAP2;CETP;CHI3L1;CHIT1;CHRNA9;COPS8;CREB5;CRISP1;CSRP2;CXCR4;DARS;DCLK1;DOCK10;DOCK2;DUSP10;ELK3;ETS1;FAM65B;GABBR2;GALNT18;GAS1;GRIN2B;GTDC1;HCG23;HLA-DOA;HLA-DPA1;HLA-DPB1;HLA-DQA1;IKZF3;IKZF4;IL18R1;IL2RA;IL2RB;IL33;IPCEF1;JMJD1C;KIAA0922;KIF3A;KLHL5;LBH;LINC00528;LINC00693;LINC00929;LRRC4C;MMS22L;MTUS2;NDNL2;NFASC;NFATC1;NIN;NR3C1;OAS2;OXTR;PARVB;PBX2;PIK3CD;PIKFYVE;PITPNC1;PLEKHF2;PTHLH;PYHIN1;QKI;RAB11FIP2;RAB39A;RANBP6;RAPGEF6;RHOH;RORA;SARDH;SKA1;SLC29A3;SLC9A9;SLCO1A2;SSXP10;T;TCL6;TLN1;TLR1;TNFRSF9;TNFSF4;TRPS1;UBA52P9;UNC13C;UTS2;XKR6;ZBTB18;ZNF614;ZNF80
Scleroderma, Systemic	0.00023164234844698392	0.007528376324526977	4.490053903193148	37.58316992488006	11	34	BLK;FAM167A;HLA-DPA1;HLA-DPB1;HLA-DQA1;IKZF3;ITGAM;SOX5;STAT4;TNFAIP3;ZC3H10
E-Selectin	0.0003361497169257444	0.010520241140824223	2.9580881322684602	23.658652547022292	17	71	ARHGAP24;CD83;CELF2;CNGB1;EBF1;EGOT;FOXI2;GBGT1;GIT2;GYPC;ITPR1;MARK2P11;PDCD1LG2;SLC2A6;TNRC6B;UBE3D;VIT
Leprosy	0.00037042986782083383	0.011179044225307308	2.819205298013245	22.274108091065226	18	78	ADRA1B;BATF3;CYLD;GNG2;HCG23;HLA-DOB;HLA-DQA1;HLA-DQB2;HLA-DRB6;IL21R;NOD2;PABPC1P11;RIPK2;RMI2;RPS10P16;SIGLEC5;SNX20;TNFSF8
Hypersensitivity	0.00043700905397671684	0.012309088353677524	2.7728957612792158	21.449892230949715	18	79	C7ORF72;CEP120;ETS1;HLA-DQA1;HNRNPCP4;IKZF1;IKZF3;IL21;IL21R;IL2RA;IL33;KIF3A;NFATC2;PLCL1;PVT1;RANBP6;TLR1;TLR6
Thyroid Diseases	0.00043700905397671684	0.012309088353677524	2.7728957612792158	21.449892230949715	18	79	ADCY7;ADRA1B;ANKRD55;ATXN2L;CLNK;FNBP1;IL10;IL21-AS1;IL2RA;JAK2;LINC00460;LINC00892;LRRK2;NCR3;PHTF1;PTPN22;UQCRHP1;ZNF365
Hepcidins	0.00047850122214604715	0.013043017184303543	5.773897903416922	44.14059373927774	8	21	AKAP11;EML6;FOXI2;LINC00862;MUC16;PAN3;TF;ZNF154
Hypertension	0.0005723673643255194	0.015114075714220746	1.8737560738581147	13.988956047769	39	235	APBB1IP;ARHGEF1;ARL4C;CAPZA1;CD1E;CELF1;CLNK;COBLL1;CUX2;DNAAF1;DNAJA1P5;EBF1;F5;FES;GPR83;GUCY1A3;HERC1;IQSEC3;KLHL29;LIFR;MARK2P11;NCKAP5L;PARVB;PFKFB3;PKIA;PRDM8;PRRX1;RANBP3L;SH2B3;SKAP2;SLC9A9;SWAP70;SYNRG;TIAM1;TLR1;TLR6;UNC13C;WDR62;ZNF831
Leukemia, Lymphocytic, Chronic, B-Cell	0.0006287385590746918	0.016099517649033775	2.587710876422987	19.076074185703074	19	88	BANK1;BCL2;C11ORF21;EOMES;GNAS-AS1;HLA-DQA1;IPCEF1;IRF4;IRF8;LEF1;MDS2;PMAIP1;POT1;RFX7;SKA1;SP110;SP140;TMPRSS5;ULK4
Pulmonary Disease, Chronic Obstructive	0.001085021115013146	0.026965965946650246	1.542069233233924	10.526404888765844	68	484	ACKR3;ADAM19;ADAMTS6;ANXA5;ARID5B;ASAP1;BMP7;BUD13;C1ORF185;CALCB;CD38;CD96;CDH2;CDH23;CHRNB4;COPS8;CREB5;DENND3;DLG2;DNAH5;DR1;DUSP10;DZIP3;EEFSEC;ELMO1;ELOVL2;EVC2;FCRLA;FGL1;GIMAP6;GNG2;GPR65;INPP5D;ITGA4;KLHL29;KYNU;LCP2;LINC00881;LRCH3;LRP8;MAD1L1;MBNL1;MICB;MMP12;MMS22L;MTPN;NIPAL4;NUP50;P2RX7;PDE1B;PHF21A;PRKCB;PTPRM;RAB11FIP2;RARB;RNF150;SCFD2;SEMA7A;SFTPD;TMEM173;TNFRSF11B;TNFSF8;TOX2;TSPAN11;USP24;USP44;WDFY4;WNT7A
Body Fat Distribution	0.0014458692405715007	0.03413991777989407	1.8933666425613043	12.380808896587828	32	191	ADPGK;AFF3;ANKRD44;ANKRD44-IT1;BBX;CAMK4;CCND3;COBLL1;EBF1;EXOG;FECHP1;GFPT2;GLRA3;GNAS;HECW2;HNRNPA1P56;INHBA;LDLRAD4;LINC00426;NFATC1;NIN;NYAP2;PHLDB2;QKI;SCFD2;SLC39A10;SNORA70F;SORCS2;STK17B;TECRL;ZBP1;ZNF90P3
Body Height	0.0014544817042321735	0.03413991777989407	1.2974430858988084	8.47633276651041	170	1412	ACMSD;ADAM28;AKAP11;AMZ1;ANK1;ANKRD26P4;ANKRD6;ARHGEF1;ARHGEF3;ATAD5;ATP13A2;BRAF;C11ORF21;C12ORF79;C16ORF82;C21ORF62;C2CD2;CACNA1E;CAPZA1;CCDC88A;CD180;CD44;CD79B;CD83;CD96;CDH10;CDH2;CDO1;CENPO;CEP120;CEP250;CEP85L;CHST11;CNTN2;COPS8;CSN3;CYFIP2;DCLK1;DLEU2;DLG2;DNAH5;DOCK2;DOCK3;EBF1;EFR3B;EGOT;ELK3;EML6;ENPP2;FADS1;FAM184A;FAM49A;FAM65B;FANCI;FBLN7;FBP2;FDCSP;FGF18;FLI1;FMNL3;GABBR2;GAS1;GFPT2;GNA12;GYG1P2;HABP4;HIVEP2;IDO1;IGF2BP3;IL7R;INHBA;ITGBL1;ITIH3;ITM2A;ITPR1;JAZF1;KCNE2;KIF20B;KYNU;LAMP3;LDLRAD3;LINC00861;LRRC4C;LTBP2;LYRM4;MAP3K1;MAP3K3;MAP9;MARK2P11;MATN1;MCC;MEF2C-AS1;MICB;MKL1;MYO1F;MYO9B;NCR3;NEK6;NLRP1;NPPC;NR3C1;NUP153;PAPPA;PASK;PCDH9;PDE10A;PHF20;PHGDH;PIP4K2B;PKIA;PLCG2;PLEK;PLXNC1;PRDM15;PRICKLE1;PRKCB;PRKCG;PTDSS1;PTHLH;PVT1;QKI;QSOX2;RANBP3L;RBL1;RGS13;RIC3;RMI2;RNGTT;RPL17P35;RPS23;SAMSN1;SDR16C5;SERPINE2;SETX;SKIV2L;SLBP;SLC1A2;SLC1A3;SORCS2;SOX5;ST8SIA4;STAT2;SYNE1;TAGAP;TBX22;TCL1A;TECRL;TLR1;TMEM132C;TMEM163;TNFAIP8;TNRC6B;TNS3;TP53RK;TP63;TRIM6;TSPYL5;TUBB2B;UBD;UBE2Z;UBE3D;UNC13C;UQCRHP1;VAV1;XKR6;ZBTB24;ZC3H11A;ZHX2;ZNF354C;ZNF76
Behcet Syndrome	0.0015115511818213356	0.0345205607740278	2.0149769585253456	13.086507403063257	27	153	ATP6V1G2;CCR1;ESM1;FBXL2;FXYD5;GPM6A;HCG4;HLA-DOB;HLA-F-AS1;IL10;IL22RA2;JARID2;LTA;MCF2L2;MDC1;MICB;MIR1284;NCR3;NR3C1;NRBF2P2;NSMCE2;STAT4;TCF19;UBD;UQCRHP1;WDFY4;ZNRD1-AS1
Cleft Lip	0.0016305490912996176	0.03535697319314298	2.291790131533376	14.710630627218109	20	102	CMSS1;CRTAC1;CUX2;EBF1;EIF4B;FAM49A;FGFR1;GREM1;KCNA2;MARK2P11;MYL2;PAPPA;RAD54B;RPS26;SALL4;SEMA4D;SMC2;TAF1B;TP63;UBL7
Tonsillectomy	0.0016318603012219837	0.03535697319314298	3.1290525653131884	20.082367710270795	12	48	C7ORF72;CD40;CORO1A;CXCL13;DUSP10;ENO1;GNA12;IKZF1;LGI2;SH2B3;TNFAIP3;TNFSF13B
Precursor Cell Lymphoblastic Leukemia-Lymphoma	0.001898554850062591	0.040106971207572235	2.3815475635268566	14.924354302114741	18	89	ARID5B;CFHR1;CSGALNACT1;ELMO1;FIGNL1;GATA3;GCSAML-AS1;GPATCH2L;IKZF1;KCNA3;NCOA3;NFATC2;NPFFR1;PDE4B;SORCS1;TBXAS1;TP53INP1;TP63
Electrocardiography	0.0019956715918444837	0.041130304758746065	1.3865190063692485	8.619676207453105	102	797	ABCA3;ADAM22;ADAMTS6;ADCYAP1R1;AKT3;APOC1;ARHGAP24;ARHGAP25;ARHGEF3;ARNT2;ARRDC5;ATF7IP2;BCL6;C1ORF185;CACNA1G;CAMK4;CAV1;CCDC141;CD1E;CD5L;CEP85L;CETP;CLNK;CMSS1;CNR1;CYP4X1;DBF4;DCLK1;DLG2;DNAJA1P5;ELMO1;ETS1;EXOG;FADS1;FAM216B;FAM49A;FBXO15;FGF18;FGR;FHOD3;GINS3;GNAL;GTF3A;HDAC9;HMCN1;HSPB8;IFFO2;INHBA;JAZF1;KBTBD8;KCNAB2;KLF12;KRTAP11-1;LINC00426;LINC00693;LINC00861;LPL;LRCH1;LRRC4C;LRRC63;MCF2;MIAT;MRAS;MTUS2;N6AMT2;NAP1L4;NKAIN2;NR4A3;PARP15;PCOLCE2;PHACTR1;PLCG1;PLXNC1;PPHLN1;QKI;RAMP3;RANBP3L;RASGRF1;RASGRF2;RGS18;RNF219;ROS1;RPL34P23;SCN10A;SETBP1;SLC1A2;SLC9A9;SNN;SOX5;SS18;SSXP10;STAT1;TCL6;TG;THEMIS;TNFSF11;TOX;TSPAN11;TTN;VRK2;WIPF1;ZBTB40
Potassium	0.002279329640725339	0.044257861264070296	1.9217239301061986	11.69152605460071	28	165	ADAM19;ATP1A4;BIN1;C15ORF41;C16ORF82;CACNA1E;CHI3L2;CYLD;CYP27C1;DNAH5;GALNT18;HSF5;INHBA;JARID2;KCNA1;KLHL29;LINC00494;PPM1E;PREX1;RGCC;SAMD4A;SDCBP2-AS1;SORCS2;TACC3;TEX14;TNFRSF8;TNR;TOX
Adenocarcinoma Of Lung	0.0023027880802519987	0.044257861264070296	2.0784689489285193	12.623861092370573	23	127	APBA2;BMP7;BRCA2;CBLB;CREB5;DUSP10;EDEM1;EPG5;HLA-DOB;HLA-DQB2;IL20RB;KBTBD8;KYNU;MAP3K1;MTX1;NELL2;ROS1;RPL32P1;SH2B3;SOX5;SYNGR2;TP63;TRPS1
Blood Glucose	0.0023162675274040136	0.044257861264070296	1.6271354420189463	9.873129527792507	47	319	ADRA1B;ARL4C;ASPHD2;BCL2;CBFA2T3;CDH23;CDK5RAP2;CLIP4;COL19A1;DTD1;FAM49B;FGD3;GIMAP7;GPM6A;GRIN2B;HPS4;HS3ST3A1;LILRB4;LINC00693;LINC00877;MARCH1;MATN1;MICU3;MIR138-1;MOB3A;NLRP1;OSBPL3;PHACTR1;PLEKHA2;PRKAR1A;PTHLH;PYHIN1;RGS18;RNF8;RPL30P10;RPP30;SEMA7A;SLC17A9;SLC9A9;SYTL3;TENM4;TFIP11;TMEM45A;TNS3;TSPAN18;WDFY4;XPNPEP3
Precursor B-Cell Lymphoblastic Leukemia-Lymphoma	0.002383349600579556	0.044257861264070296	12.498587127158556	75.48207212934368	4	7	ARID5B;ELK3;GATA3;IKZF1
Emotions	0.0024093036901150695	0.044257861264070296	1.7703326037596907	10.67230404665224	35	221	ARMC4;BASP1;BCL2;C21ORF62;CBX6;CDC7;COL19A1;GATAD2B;GYG1P2;IL2RA;JAK2;LRRK2;LSAMP;MIR138-1;MIR4454;MTMR14;NPTXR;OLFM1;PHF21A;PLXNC1;PREX1;RAPGEF6;RGS18;SESN3;SNRPGP2;SNX29;SPOCK2;SRRM3;STK4;UBE3D;VAT1L;WDPCP;WDR73;XKR6;ZBTB37
Folic Acid	0.0025929242747622155	0.04648668400304785	2.773607453629494	16.516746339543882	13	57	ANKRD6;CCDC67;IL10RA;LDLRAD4;LETM2;SORCS1;TMPRSS13;TRIB2;TRIM60P18;TSPAN18;TXLNB;VAT1L;ZNF736
Arthritis, Juvenile	0.002690586572562617	0.04648668400304785	2.088201241974529	12.35796670667335	22	121	ADCY7;ADRA1B;ANKRD55;ATXN2L;CACNA1I;CXCR4;CYTH4;DNAJA1P5;FBLN7;FNBP1;HDAC9;IL10;IL21-AS1;IL2RA;JAK2;JMJD1C;LINC00460;LINC00892;LRRK2;PHTF1;SS18;ZNF365
Common Variable Immunodeficiency	0.002736801469012738	0.04648668400304785	2.6288251968503937	15.512606496502235	14	64	ADCY7;ADRA1B;ANKRD55;ATXN2L;FNBP1;IL10;IL21-AS1;IL2RA;JAK2;LINC00460;LINC00892;LRRK2;PHTF1;ZNF365
Coronary Disease	0.0027506913611270913	0.04648668400304785	1.6294223429242514	9.60691607152935	45	305	ANP32B;APOC1;ASB2;BACH2;BUD13;CETP;CUX2;DNAJC5B;FADS1;GUCY1A3;HEMGN;HHIPL1;IL10RA;INPP5D;KCNE2;LGI2;LINC00861;LPL;MDM1;MRAS;MTHFD1L;MYL2;NLRP1;NYAP2;PARVB;PCNXL2;PDE10A;PHACTR1;PLCG1;QKI;RBBP4;RPA1;RPL34P23;SH2B3;SMC2;SSX2IP;TFEB;TMEM169;TMPRSS13;TSPAN11;UBE2Z;WDR86-AS1;ZBP1;ZBTB5;ZC3HC1
Cholesterol, LDL	0.0029434747468196063	0.04876933649142289	1.319793069812397	7.691971128488912	128	1045	ACTBL2;ADRA1B;AFF2;AHR;ANK1;ANK2;APOC1;APOE;ARSG;BIN1;BRCA2;BTLA;BUD13;C12ORF43;C12ORF79;C19ORF38;CD200;CD83;CDH2;CETP;CILP2;CLDN16;CLNK;CLU;CNOT6L;COL11A2;CR1;CR1L;CXCL13;CYP27C1;DBIP2;DHODH;DUSP22;DZIP1;EBF1;ERCC3;FADS1;FADS3;FAM155A;FAM163A;FAM214A;FBP2;FBXO15;FCRL5;FDCSP;FECHP1;FHOD3;FMNL1;GABRG3;GAS1;GMIP;HECW2;HNRNPD;HS3ST3A1;IDS;IL17F;IL1F10;KCNE2;KCNQ5;KLHL29;KYNU;LINC00861;LINC00998;LRMP;LRRC4C;LY86-AS1;LYRM4;MAPRE2;MARK2P11;MATN1;MED6;MIR3685;MMP12;MMP9;MTA3;NR3C1;NSMCE2;NUF2;NUP153;PBX4;PCDH9;PCED1B-AS1;PHACTR1;PHF20;PHTF2;PLEKHO2;POLB;PVT1;RAPGEF6;RBM26;RFC3;RGS18;RNF150;RNF175;RORA;RPL17P35;S1PR2;SCFD2;SERPINE2;SESN3;SLC1A3;SLC24A4;SOX5;SPC24;SS18;SSX2IP;ST3GAL1;SV2B;TAF1B;TCOF1;TIMD4;TMEM108;TMEM178B;TNFAIP8;TNS3;TP63;TRAF3IP2-AS1;TRAT1;TRPS1;UBR5;USP24;UVRAG;ZBTB18;ZDHHC18;ZNF101;ZNF208;ZNF366;ZNF90P3
Mean Platelet Volume	0.003047317065123762	0.049518902308261135	3.0362695739088585	17.590608727680237	11	45	ANKMY1;ARHGEF3;CD226;DOCK8;EHD3;GRK6;JMJD1C;MEF2C;SNORD59A;TMCC2;WDR66
Docosahexaenoic Acids	0.003233916457448363	0.0515596114442239	3.5182783018867925	20.1740236319862	9	33	CYP7B1;DNAJC5B;ELOVL2;FADS1;FEN1;LRRC4C;PWRN1;SLC25A1P5;SOX5
Fibrinogen	0.003557243522365822	0.05400852612328	1.5542334181068889	8.763963722698927	51	360	AFF2;BCL2;BICD1;C22ORF34;CACNA1E;CARD11;CD300LF;CDH10;CDK17;CUX2;DHODH;DLX4;DNAJA1P5;FAM184A;GIMAP6;GPR85;HCG23;IL1F10;IQSEC1;JMJD1C;KIAA1551;LINC00998;LRRC4C;MSNP1;NCOA3;NLRP3;OSBPL3;PARP1;PDE4B;PIKFYVE;PTPRM;QKI;RAB37;RABGAP1L;RLN1;RPL17P35;RUNX2;SEMA3A;SH2B3;SLC23A2;SLC9A9;SLFN5;SPATC1;SYNE1;TMEM173;UBE3D;UNC13C;UTP6;VIT;VPS13C;ZFP36L1
Dietary Fats	0.003579263269708497	0.05400852612328	4.376869893148963	24.653149877154416	7	22	FNBP1;MTX3;NCALD;NKAIN2;OPRL1;SOX5;TAF1A
Lipoproteins, LDL	0.003579263269708497	0.05400852612328	4.376869893148963	24.653149877154416	7	22	FNBP1;MTX3;NCALD;NKAIN2;OPRL1;SOX5;TAF1A
Transferrin	0.0036890456561264255	0.054688483849593496	2.5275469412477287	14.160297349263525	14	66	ANKRD13A;CHI3L1;CHI3L2;CHIT1;CLNK;DYRK1A;GALNT18;GIT2;HS3ST1;IGSF10;SMAP2;TF;TLR10;WDR75
Heart Failure	0.003779172298323121	0.0550586308979834	1.3862080141092943	7.732615217926844	88	687	ADAM19;AHR;ANK2;ANKRD6;APOC1;ARHGAP15;ARNT2;ARSG;BIN1;C12ORF79;C4ORF26;CCDC167;CD3E;CDH10;CDH2;CDK14;CELF2;CETP;CHRNA6;CLU;CMTM7;CSF3R;DLG2;DNAJA1P5;DOCK2;DOCK8;DRGX;DUSP10;DUT;EEFSEC;EGR3;EOMES;FADS1;FAM155A;FAM49A;GABRP;GAS8;GJB6;GPM6A;GRIN2B;GYPC;HDAC9;INHBA;IQSEC3;ITPR1;KBTBD8;KIAA0040;KIRREL3;KRT72;LIFR;LINC00861;LINC00877;LPL;LRRIQ3;LYST;MAT2B;MATN1;MIR138-1;MTPN;MTUS2;MUC16;MYO16;MYO5A;NCS1;NIPAL4;NKAIN2;NPM1P6;NVL;PABPC1P11;PAPPA;PLCG1;POU2AF1;PPP1R9B;PRDM8;PRRC2B;PTHLH;RPL34P23;RPUSD4;SLC25A1P5;SORCS1;STAMBPL1;TBC1D27;TBC1D5;TECRL;TLR4;UBE3D;USP29;ZBTB40
Lymphoma, Follicular	0.00389278525119825	0.05575260232648341	5.1149001799331675	28.380690501837595	6	17	BCL2;C17ORF62;CD86;CXCR5;FLI1;PVT1
Liver Cirrhosis, Biliary	0.004121538027881292	0.058044993892661524	2.2485302736976713	12.34786893004385	17	88	CXCR5;DSC1;ELMO1;FBXL20;HLA-DQA1;IKZF3;IL21R;IL7R;LBH;POGLUT1;POU2AF1;PRKCB;QKI;SPIB;STAT4;TNFAIP3;UBA52P9
Bipolar Disorder	0.0043465574393029265	0.06021050879034382	1.4209099260198828	7.727435534862815	74	565	ADAM19;ADRA1B;ADRBK2;ALOX12P2;ANKRD6;ARNT2;ARSG;ATP6V1G1;ATP8B3;BANK1;BASP1;BCAS4;BCL11A;C1ORF216;C4ORF26;CACNA1C;CDH23;CENPO;CEP85L;CLEC17A;CLSPN;CTSH;DDN;ETS1;FAM126A;FBXW7;FOXN2;FXR1;GPM6A;HCG23;HDAC9;HNRNPC;IGSF9B;INPP4A;ITIH1;ITIH3;KIF21B;KMT2A;LAMP3;LRRC4C;LRRC8C;MAD1L1;MATN1;MDM1;MTPN;NFATC2;NGFR;NLRC5;PCBP3;PDE10A;PPM1M;PRKD3;RASGRP1;RFESD;RHEBL1;RIPK2;RPL30P10;RPS17P8;SEMA3A;SGOL1;SORCS2;SOX12;ST3GAL1;SYNE1;TCF15;TCF4;TENM4;TMEM132C;TMX3;TRAF3IP2-AS1;VPS13C;VRK2;ZNF490;ZNRD1
Cleft Palate	0.0047877342543807076	0.06525218459599512	2.0994841343477453	11.214810191511837	19	104	CMSS1;CRTAC1;CUX2;EBF1;EIF4B;FAM49A;FGFR1;KCNA2;MARK2P11;MMP20;MYL2;PAPPA;RAD54B;RPS26;SALL4;SEMA4D;TAF1B;TP63;UBL7
Smoking	0.004888328046205698	0.0655656698260923	1.3391345014063643	7.125407392966688	102	821	ACTBL2;ADCYAP1R1;ANXA5;ARSG;ASB2;ATF7IP2;BBX;BCL2;BDNF;BIN2P2;CACNA1C;CACNG5;CBLB;CD38;CD96;CDH10;CDH23;CDK19;CELF4;CHRNB4;CXCL13;CYSLTR1;DCK;DDI1;DYRK1A;EGLN2;EGOT;ELMO1;ESM1;ETS1;FAM216B;FBP2;FGF18;GFRA1;GIMAP6;GNG7;GPR174;GTDC1;HHEX;HNRNPA1P56;IKZF4;ITGA4;ITM2A;ITPR1;KCNQ1DN;KRTAP11-1;LBH;LDLRAD4;LILRB4;LINC00877;LINC00929;LPL;LPXN;LRRC30;MAD1L1;MAGEE1;MAT2B;MATN1;MB21D1;MIR634;MORN5;MSNP1;MYO16;MYO9B;NDP;NEK6;NFATC1;OXTR;P2RY10;PAPPA;PARVB;PCDH9;PDE6B;PDE7A;PKM;RASGRF2;RDH16;RPS10P16;RPS17P8;SCFD2;SNX10;SNX25;SORCS1;SOX5;SPOCK2;ST3GAL1;STK10;SYNRG;TAL2;TBX22;TCF15;TCL6;TECRL;TG;TMEM243;TNFSF11;TREM1;TRHDE-AS1;TSPYL5;TTYH2;USP34;ZNF93
Paliperidone Palmitate	0.0053264992652276594	0.06939599264491014	1.770189462436298	9.267049914523094	29	183	AFF3;ANKRD55;CR1;CR1L;ENOX1;EPG5;ETS1;EVL;FAP;HMCN1;LINC00861;NPM1P52;NSMCE2;NYAP2;PABPC1P11;PHF20;POLN;PRG4;PTPN6;RASGRF2;RUNX2;SAMD4A;SLC25A1P5;TOX;TRIB2;TRPS1;USP24;XKR6;ZBBX
Mental Disorders	0.005338153280377704	0.06939599264491014	1.7903918289872103	9.368897561418262	28	175	ADAM19;ADAMTS6;BAGE2;BUD13;CACNG5;FAM81A;GPM6A;IFNG;KLHL29;LINC00880;LRRC4C;LRRIQ3;MAD1L1;MATN1;MCC;MDM1;MKL1;MTX3;PNRC1;PRKCQ;RPL30P10;SENP1;SGOL1;SYNDIG1;TMX3;TRPS1;VAT1L;VPS13C
Forced Expiratory Volume	0.006072742660117607	0.07680286874825162	1.368075892968887	6.982584027883055	84	663	ABLIM3;ACKR3;ADAM28;ANK1;ANKRD26P4;ARHGEF3;ARID5B;ARNT2;ASAP1;ASB1;B3GALNT1;BUD13;C12ORF79;C1ORF185;CCR6;CDH10;CDH2;CELF4;CHN1;CHRNB4;COBLL1;COPS8;CXCR4;DARS;DCLK1;DLG2;DNAH5;DOCK8;EBF1;EEFSEC;EGLN2;ELK3;ELOVL2;FAM65B;FGL1;FYN;GABBR2;GATAD2B;HLA-Z;IL21;INPP5D;IQSEC1;ITGAD;ITGAM;ITGAX;KANSL1;LCP2;LINC00494;LINC00693;LPCAT1;LRRC4C;MAD1L1;MICB;MIR138-1;MMP12;MMS22L;MR1;MTPN;NCR3;OLFM1;PDE1B;PIKFYVE;PLEK;PREX1;PTHLH;RGS18;RICTOR;RORA;RPA1;RPUSD4;RUVBL1;SLC9A9;SP100;SV2B;SYNE1;T;TMEM158;TNFAIP3;TNFSF8;TSPAN11;UQCRHP1;USP44;VAV3-AS1;VIM
Spondylitis, Ankylosing	0.006089694918500425	0.07680286874825162	2.2091544465249067	11.269244318461919	16	84	ADCY7;ADRA1B;ANKRD55;ATXN2L;CSF2RB;FNBP1;IL10;IL21-AS1;IL2RA;JAK2;KIF21B;LINC00460;LINC00892;LRRK2;PHTF1;ZNF365
Periodontitis	0.006232456288523991	0.07702461567284895	1.8352831660872313	9.319539940453751	25	153	C12ORF74;CAMK4;CDH2;DKK1;DLG2;FAM126A;FHOD3;GATA4;GVINP1;HLA-DOA;IFI16;IQSEC1;KCNQ5;LINC00693;NKAIN2;OSBPL10;PARP15;PSMA8;RUNX2;SCN2A;SNRPN;SS18;TRPS1;UHRF2;WDR73
Arteries	0.006289584001688257	0.07702461567284895	1.4134134615384615	7.164395448985996	69	529	ADAM19;ADAM28;ANKRD26P4;ANXA5;ATP10D;BARD1;BCAN;BCAS4;BCL11B;BTLA;C16ORF82;C5ORF64;CACNA1C;CAMK1G;CD200;CDH10;CELF2;CEP128;CEP164;CETP;CX3CR1;DEF6;EBF1;EVL;FGFR1;FYN;GABBR2;GPR176;GRIN2B;HS3ST3B1;IL10RA;IL16;IL20RB;KCNE2;KLHL29;LDLRAD4;LINC00341;LINC00925;LRRC30;LRRC4C;LRRC55;LSAMP;MSNP1;MTHFD1L;MYO16;NME1;NUP50;OXTR;PHACTR1;PLCG2;PLEKHG1;QKI;RAB11FIP2;RNY5P5;SCN2A;SIGLEC6;SLC9A9;SORCS1;SORCS2;SOX5;TECRL;TG;THAP2;THEGL;TRPS1;TSPAN11;ULK4;ZFP14;ZFP82
Corneal Topography	0.0071705364970600675	0.08655861914308224	2.6465604879701794	13.068119689249443	11	50	ADAMTS6;ARID5B;BCL11B;CHSY1;COL4A3;FOXO1;GABRG3;PTGDS;RPL7;SLC8A3;WIPF3
Choice Behavior	0.007338941409650933	0.08734373931204278	3.0152628032345015	14.818691979098434	9	37	BEND4;MMP10;NFATC2;QKI;RMI2;SNX29;ST6GAL1;TESPA1;ZBTB1
Dermatomyositis	0.007729185402368446	0.09071057868057412	14.056967984934087	68.35554641709822	3	5	HLA-DPA1;HLA-DPB1;PLCL1
Hypothyroidism	0.008007938846008367	0.09269463458735712	2.7593767925540775	13.320399948230085	10	44	BACH2;CTLA4;HLA-DQA1;PDE10A;PHTF1;PTPN22;RPS26;SH2B3;TG;ZNF365
Graves Disease	0.009425261927533323	0.1066680383847636	2.6804475801015593	12.502577179751016	10	45	BACH2;CLNK;CTLA4;FCRL3;GPR174;LINC01016;PHLDB2;SLAMF6;TG;ZNRD1-AS1
Stress Disorders, Post-Traumatic	0.00957373397926578	0.1066680383847636	2.086143502468747	9.697922002579343	16	88	AKT3;ANKRD55;FAM49B;FHAD1;GABBR2;KCNA1;KIF20B;MTPN;NCF2;SCFD2;TECRL;TNFSF13B;TRPS1;TSPEAR;UNC13C;USP13
Metabolic Syndrome X	0.009703086284863684	0.1066680383847636	2.5172911326344227	11.668427957933083	11	52	BUD13;CETP;CRTAC1;CUX2;DYRK1A;FADS1;GIT2;LPL;MICB;MYL2;ZNF512
Gastrointestinal Neoplasms	0.009720046101333488	0.1066680383847636	1.9392847346043067	8.985801711471609	19	111	C22ORF34;CHEK2;CHST2;DOCK10;ELK3;EOMES;HLA-DPB2;HSCB;KLHL6;MAT2B;NCAPD2;POLD2;PTPRM;SNX29;TRERF1;UBASH3A;UNC13C;ZFP1;ZFP36L1
Neuroblastoma	0.009846456177652995	0.10666994192457412	1.6061926112336644	7.421643717805955	34	233	ACTBL2;ANK2;BARD1;CXCR4;DARS;DNAH7;FCRLA;FCRLB;GLCCI1;HECW2;IKZF1;IL6;IRF4;JARID2;KCNQ1DN;LINC00423;LRRC30;MICB;MICU3;NUP153;P2RY12;PKIA;PTPRM;R3HDM1;RIC3;SKIV2L;SLC25A19;SLC39A10;STK17B;STK4;TCF12;TIAM1;TOX;TOX2
Eosinophils	0.010493135957909547	0.11223670739789325	1.6865889567566252	7.68584314217892	28	184	ARL4C;BCL2;BCL6;BMP7;C19ORF38;CDH2;DOCK2;EBF1;FOXI2;GABRG3;HLA-F-AS1;HS3ST3A1;KCNA1;KCNA6;KCNAB2;MARK2P11;MICB;NFATC1;PCNXL2;PLCL1;QKI;ROS1;SH2B3;SORCS2;TIAM1;UBASH3A;ULK4;ZBTB25
Parkinson Disease	0.01069709244172488	0.11298803891571904	1.4477820553689218	6.569721245718668	52	390	ACMSD;BANK1;C4ORF26;CCDC62;CCDC82;CDK17;CRHR1-IT1;CTC1;DLG2;FAM126A;FAM49A;FBXO15;GABBR2;GABRG3;GFPT2;GPR156;HLA-DQA1;IL2RB;ITGAL;ITSN2;KANSL1;LAMP3;LDLRAD4;LINC00693;LMO2;LRRK2;MAP3K1;MAPRE2;MX2;NNMT;NXT1;NYAP2;OCA2;PLXNC1;PRDM13;PRDM15;PRDM2;PRICKLE1;RUFY3;SAMD4A;SCN2A;SLC41A1;SNX10;SOX3;STAP1;TCF12;TMEM108;TMEM163;TMEM55A;TRPS1;UNC13C;VPS13C
Eye Color	0.010958205231665272	0.11431707926860685	4.68734296482412	21.15710416635804	5	15	IRF4;OCA2;PAPD7;SLC24A4;VASH2
Fructose-Bisphosphate Aldolase	0.011202631645612509	0.11544175293344598	2.457273217657107	11.03710450395316	11	53	CELF4;EBF1;FAM49B;ITGBL1;KIAA1755;MARK2P11;NKAIN2;NRF1;RARB;SMKR1;TTC9
Candesartan	0.012155571300516433	0.12131137316145908	3.2821024512884978	14.473965703230068	7	27	APBB1IP;ARL4C;GPR83;IQSEC3;PRRX1;SLC9A9;SYNRG
Sleep Apnea, Obstructive	0.012155571300516433	0.12131137316145908	3.2821024512884978	14.473965703230068	7	27	C12ORF79;C16ORF82;GPR83;LAX1;NR3C1;RGS18;TSPAN18
Myasthenia Gravis	0.01220291919375624	0.12131137316145908	3.750424128180961	16.524669034060928	6	21	ATP6V1G2;CTLA4;HLA-DQA1;HLA-DRB6;MSC;PTPN22
Lipoproteins	0.01266706126001412	0.12406263458915924	2.2978936617139776	10.03892352356929	12	61	APOC1;APOE;CETP;LINC00861;LPL;MCF2;MMP9;PLEK;PPP1R2P9;SNX29;USP24;WDFY4
Breast	0.012872887721613331	0.12406263458915924	2.4000468336089686	10.44652042469815	11	54	DCLK1;ELMO1;FAIM2;HSCB;MKL1;PTHLH;RBPMS;RBPMS-AS1;USP44;VPS13C;ZNF365
Thyrotropin	0.012920132359581081	0.12406263458915924	1.6545993923585205	7.195800697267912	28	187	AHR;ANK1;ANP32B;ATP8B3;BBX;CDK14;CELF2;CNR1;CREB5;DOCK10;DUSP10;DYRK1A;HEMGN;HNRNPCP4;JAZF1;KCNQ1DN;KLHL14;MED27;PDE10A;PHACTR1;PTGFR;RAMP3;RPAP3;TIFA;TSPAN18;TTN;XKR4;ZHX2
Cell Survival	0.01393785143845657	0.12970901143112507	2.0403550587655133	8.718737128423356	15	84	BOD1L1;BUD13;CHST15;HMCN1;MDFIC;MTUS2;PCMTD2;PRG4;SH3TC1;SLC9A9;STX1B;SV2B;TECRL;TOX;ZNF532
Triple Negative Breast Neoplasms	0.014352264721863163	0.12970901143112507	9.370998116760829	39.769087201047626	3	6	ANKLE1;MDM4;PTHLH
Blood Proteins	0.01457092997273577	0.12970901143112507	2.638001179245283	11.155386371885719	9	41	AIM2;ARID5B;DUSP22;FADS1;FAM49A;LY86-AS1;PTPRM;RPS11;TNFRSF13B
Rhinitis, Allergic, Seasonal	0.01457092997273577	0.12970901143112507	2.638001179245283	11.155386371885719	9	41	DNAH5;EPS15;HLA-DQA1;IKZF3;PTHLH;RANBP6;TLR1;TMEM108;XKR6
Diagnostic Self Evaluation	0.014693470498762682	0.12970901143112507	4.261078117862038	17.98324984506868	5	16	CYP27C1;ERCC3;KCNC4;KLHL29;TAF1B
Galvanic Skin Response	0.014693470498762682	0.12970901143112507	4.261078117862038	17.98324984506868	5	16	ARHGAP15;KRT77;RIPK2;SNAP91;THEM4
Atrial Fibrillation	0.01486446617925483	0.12970901143112507	1.9226667071818169	8.092084518579345	17	100	APOC1;CAV1;CD200;CETP;CYP21A2;ESR2;FADS1;HMCN1;LINC00861;LPL;LRRC63;LY96;PLCG1;PRRX1;RPL34P23;TCF12;WDPCP
Occipital Lobe	0.014887388117123986	0.12970901143112507	3.1257071024512886	13.150602636423477	7	28	AFF2;CYTIP;IDS;KIF20B;MAPRE2;PPT1;RUNX2
Depressive Disorder	0.014889673501561103	0.12970901143112507	1.402529819810004	5.900565476791305	55	424	ADAMTS6;ADCYAP1R1;ADRA1B;AK8;BANK1;C12ORF42;CACNA1C;CBX4;CHST11;CLEC17A;CREB5;CYTH1;DGKG;DOCK10;EID3;ENOX1;FAM155A;FBXW7;FOXN2;FYB;GRIN2B;IL20RB;ITIH3;KIF21B;KLHL29;KMT2A;LY86;LY86-AS1;MAD1L1;MATN1;MTMR12;MTPN;OSMR;PARP15;PHACTR1;PREX1;QKI;RASGRP1;RASGRP3;RFESD;RIPK2;RORA;RPS17P8;SEMA3A;SLC26A9;SLC4A8;SP4;ST3GAL1;SYNE1;TAF1B;TCF15;TCF4;TENM4;TRPS1;ZNRD1
Lung Volume Measurements	0.01519085530442636	0.1309823748187783	1.290914591681794	5.405138989147374	93	772	ACKR3;ADAM19;ADAM28;APBB1IP;ARID5B;ARNT2;ASB1;B3GALNT1;BCL6;BMP7;BUD13;C12ORF79;CACNA1C;CARD11;CCDC67;CCL18;CCL23;CD180;CDH2;CDH23;CELF4;CEP128;CHRNB4;COPS8;CXCL13;CYFIP2;DDX24;DENND3;DLG2;DNAAF1;DNAH5;DR1;DUSP10;EEFSEC;ENPP2;ETS1;FAM65B;FANCD2;FBLN7;GNAS;GNG2;GRIN2B;GYG1P2;HIVEP2;HRH4;ITGA4;KCNE2;KCNQ5;LINC00693;LRRC4C;LRRIQ3;LYST;MARCH1;MAT2B;MIR548P;MMP12;MMS22L;MS4A1;NBEAL2;NCR3;NPM1P6;NUP210;OCA2;PARP1;PHF21A;PITPNC1;PPM1E;PRAMENP;PRKCB;PRKCH;RARB;RASSF9;RUVBL1;SARDH;SERTAD2;SNRPF;SNX10;SP100;SSXP10;ST8SIA1;STON1-GTF2A1L;TCF4;THEMIS;TMEM158;TMEM200C;TNFSF13B;TOX2;UBASH3B;ULK4;UQCRHP1;VAV3-AS1;VMAC;WDR33
Clozapine	0.01596536579559431	0.13577716291161473	1.95035220058857	8.069257575736485	16	93	BUD13;CHI3L1;CHIT1;CHST15;GSAP;HMCN1;HS3ST3A1;KIRREL3;LILRB4;MDFIC;MSNP1;NFASC;PBX2;PCMTD2;PRG4;TOX
Alopecia Areata	0.016389669369212666	0.13577716291161473	5.355819690513568	22.018332069714592	4	11	CTLA4;IKZF4;IL21;IL2RA
Epstein-Barr Virus Nuclear Antigens	0.016389669369212666	0.13577716291161473	5.355819690513568	22.018332069714592	4	11	CD86;EOMES;HLA-DQA1;IL2RA
Vascular Endothelial Growth Factors	0.016389669369212666	0.13577716291161473	5.355819690513568	22.018332069714592	4	11	C6ORF223;JMJD1C;MEF2C;MEF2C-AS1
Hair Color	0.01699880071757103	0.13895354540926533	2.557975986277873	10.422760886026653	9	42	ADAM28;DEF8;FANCA;IRF4;KIRREL3;OCA2;SETBP1;SLC24A4;WHAMMP2
alpha-Tocopherol	0.017101974819601885	0.13895354540926533	1.982747144492665	8.066928370384206	15	86	BANK1;BLM;BUD13;C17ORF62;COL4A4;GMIP;JAZF1;KLHL29;NR3C1;PBX4;SNX29;TCF7;TENM4;TNFAIP8;ZHX2
Neuropsychological Tests	0.017420899402841895	0.14019676186096572	1.5428466034844788	6.248659389920904	33	234	ACTBL2;APOC1;BACH2;BHLHE22;C11ORF73;C16ORF82;CCDC167;CCDC64;CHD6;GABRQ;GRIN2B;HIVEP3;HMGB1P3;IDS;INHBA;KLF12;LMO2;MDM4;NCALD;NEK6;PABPC1P11;PARP11;PARP8;PPM1E;RIPK2;SEC14L1;SLAMF6;SNRPGP2;TAL2;TENM4;TOX;UCHL1;UNC13C
Heart Rate	0.017899772766733754	0.1426915847914153	1.4990468558550674	6.0306164235279285	37	269	ADAM17;APOC1;C12ORF79;CACNA1C;CCDC141;CD83;CDH2;CEP85L;COL4A3;CPNE5;CXCL9;DAZL;DCLK1;ELMO1;FADS1;FBXO15;FGR;FHOD3;GABRA5;GABRG3;GNB4;HABP4;KIAA1755;LRRC8C;NAP1L1;NEIL3;P2RY10;PDE4B;PHLDB2;PRDM2;PRRX1;PTHLH;RBPMS;ROS1;SCN10A;ST3GAL1;TXLNB
Colonic Neoplasms	0.01919376488907662	0.15015308753628018	3.9058574120603016	15.440517556847249	5	17	AFF2;IDS;PARVG;RGS13;VRK1
Retinal Diseases	0.01919376488907662	0.15015308753628018	3.9058574120603016	15.440517556847249	5	17	CYP7B1;HDAC9;KLHL22;PTHLH;TENM4
Urine	0.01940084735944076	0.15015308753628018	1.4364997350291469	5.663311911679142	44	332	ACTBL2;ARID1B;BCL6;BICD1;CD48;CELF2;CHRDL2;CSGALNACT1;FAM155A;GABRG3;GATA4;GPR19;HS3ST3A1;IGSF9B;IL1F10;IRF8;KMO;LGALS17A;LINC00494;LRRC55;LY86-AS1;LYRM4;MTPN;MYO16;NCALD;NCKAP1L;NEK6;NYAP2;PKHD1L1;PRDM13;RICTOR;RNASE6;SAMD4A;SEMA3A;SETP9;SH3TC1;SOX5;SSX2IP;TECRL;TMEM154;TNFAIP3;TREM1;WDPCP;YEATS2
Vitamin B 6	0.01954655577395363	0.15015308753628018	2.344998427178358	9.227466060893608	10	50	ADCYAP1R1;ALKBH3;ALPL;CD80;IPCEF1;NPL;P2RX7;RGCC;SP140L;SSXP10
Subcutaneous Fat, Abdominal	0.020501303058025815	0.15476932299937055	2.1241826571881623	8.257264786382873	12	65	ALX3;BACH2;BCL6;BICD2;LY86;NYAP2;OR7M1P;SNX10;T;TAL2;TOX;TP73
Trypanosoma Cruzi	0.02063695580056849	0.15476932299937055	1.4573840347987919	5.655629183222927	40	298	ADAM22;ARRDC5;ATF7IP2;C12ORF79;CAV1;CCDC15;CNR1;CYP4X1;DBF4;DLG2;DNAJA1P5;FAM49A;GNG7;HDAC9;HMCN1;HSPB8;IFFO2;INHBA;KIAA1755;KRTAP11-1;LINC00158;LINC00426;LRRC4C;MIR155HG;MRAS;NR4A3;PCOLCE2;PHACTR1;PMS2CL;PPHLN1;RAMP3;RANBP3L;RPSAP42;SLC29A1;SLC9A9;SMAP2;TIAM1;TNFAIP3;ZBTB40;ZNF208
Diabetes Mellitus, Type 2	0.020696962720625885	0.15476932299937055	1.406207321318587	5.45294619907668	48	369	ACMSD;ANK1;ANXA5;BCL6;C16ORF74;COBLL1;CR2;CRTAC1;CUX2;GYG1P2;HDAC9;HHEX;HLA-DQA1;IPCEF1;JAZF1;KBTBD8;KCNA2;KIF11;LY86;LY86-AS1;MAP3K1;MARCH1;MATN1;MPHOSPH9;MYL2;MYT1L;NYAP2;PCNXL2;PTHLH;RASGRP1;RBMS1;RRN3P2;SETBP1;SLC26A9;SNX29P2;SORCS2;ST6GAL1;SYK;SYNE1;TMEM108;TMEM110-MUSTN1;TMEM155;TMEM163;TMEM178B;TP53INP1;UBR5;VRK2;WISP1
Pulse	0.02114077518453618	0.15606395396366401	1.8770248975732744	7.238843428518775	16	96	AFF2;ARHGAP19;ARHGAP24;CAMK4;CMSS1;HDAC9;IDS;IRAK4;LINC00890;MEF2C;PABPC1P11;PPP1R16B;QKI;TACSTD2;TRPS1;ZNF90P3
Energy Intake	0.021319281139620404	0.15606395396366401	1.8340218289342087	7.057578992630081	17	104	ANKRD33B;ARHGAP15;BCL11A;CCDC69;CDH10;DCLK1;DENND3;DLG2;GTDC1;IFI16;MIAT;MSNP1;MTUS2;NIN;PHTF2;POM121C;RPAP3
Cardiovascular System	0.021586686634968752	0.15606395396366401	2.0328872795969772	7.797502059351456	13	73	CBX4;CHD6;DBIP2;DPPA4;FAM49A;NCALD;NDNL2;NKAIN2;RASGEF1A;RASGRF1;RPL30P10;RPUSD4;SORCS2
Attention	0.021608855164199636	0.15606395396366401	2.853715191430055	10.943004914514173	7	30	ARHGEF3;CHRNB4;CLNK;DLG2;ETS1;SORCS2;ZNF831
gamma-Glutamylcyclotransferase	0.022605913646368887	0.1587873893331051	2.5869115112358942	9.803214326348773	8	37	CLCN4;CLNK;KBTBD8;MDM1;MSNP1;PTGFR;TRPS1;XRCC2
Lymphoma	0.022737158893079517	0.1587873893331051	4.686185243328101	17.73137561385841	4	12	BCL6;HLA-DOB;HLA-DQA1;HLA-DQB2
Memory, Short-Term	0.022737158893079517	0.1587873893331051	4.686185243328101	17.73137561385841	4	12	DRD2;GPR137B;IL1A;ITSN2
Conduct Disorder	0.022842843263835243	0.1587873893331051	1.9021739130434783	7.188538562633895	15	89	ARHGAP22;FCRL5;FECHP1;GATAD2B;INHBA;KCNA1;KIRREL3;MATN1;PDE10A;PPM1K;RAB11FIP2;RNF150;SELPLG;SLC27A3;TOX2
Ovarian Neoplasms	0.022925516566436474	0.1587873893331051	2.084775994124436	7.871081623067971	12	66	ANKLE1;BOD1L1;BRCA2;BRIP1;MAP3K1;MTX1;RSPO1;SEMA3A;SH2B3;SKAP1;SLC9A9;ZBTB18
Brain Diseases	0.023328974403207022	0.15897567234443497	7.0280131826742	26.411689277994995	3	7	CRHR1-IT1;SOS1;TSPEAR
Hypotension, Orthostatic	0.023328974403207022	0.15897567234443497	7.0280131826742	26.411689277994995	3	7	ACTBL2;PIK3AP1;STAR
Troponin T	0.02358488362842847	0.1591087544751084	3.125039271127867	11.709988706007222	6	24	BCL2;DUSP2;LRRIQ3;NUGGC;RPSAP42;TNFAIP3
Neuroticism	0.023725092383270602	0.1591087544751084	1.5750822067957617	5.892732267778573	27	188	ARHGAP15;BUD13;CACNA1E;CARD11;CELF4;COL19A1;DOCK8;FAM155A;FBLN7;FECHP1;GNA12;ICA1L;JAZF1;L3MBTL2;LINGO1;LYZ;PLEKHA2;PLXNC1;PTK2B;RPS17P8;SORCS2;SYNDIG1;TCF4;TLR4;TMEM163;TMPRSS5;VRK2
Tuberculosis	0.024182475440151913	0.16089914761360918	2.1496814033983638	8.001387329518083	11	59	ASAP1;C2CD2;CNOT6L;CXCL13;DUSP14;FAM65B;IL2RB;RIPK2;ROBO1;SLC8A3;TCL6
Cholesterol	0.02534337011832212	0.16730584179673588	1.2479230939093857	4.586414521751548	100	855	ACRV1;ADRA1B;APBB1IP;APOC1;APOE;APOL3;BTLA;BUD13;C12ORF43;C12ORF79;C3;C5ORF64;CD180;CD200;CD47;CDH2;CETP;CILP2;CNOT6L;DAXX;DHODH;DUSP22;FADS1;FAM163A;FAM214A;FAP;FBXO15;GAS1;GBP7;GMIP;GNA12;HCG25;HLA-DQA1;ICA1L;IL1F10;ITPR1;KCNE2;KIAA0922;KLHL29;KMT2A;KYNU;LINC00861;LINC00929;LPL;LRMP;LY86;LYRM4;MAP4K4;MCC;MID2;MIR3685;MMP12;MMP9;MTA3;MTHFD1L;MYO16;NFAM1;NKAIN2;NR3C1;NUP153;OSBPL3;OXTR;PBX4;PCBP3;PHACTR1;PHC1;PHF20;PHTF2;PLCG1;POLB;PVT1;PXK;RAB11FIP2;RAB31;RAPGEF6;RFC3;RNF150;RORA;RPL34P23;SERPINE2;SESN3;SKAP2;SPC24;STK10;SUSD4;TENM4;TG;TIMD4;TNS3;TRAF3IP2-AS1;TRIB2;TRPS1;UBASH3B;UNC13C;USP24;VIM-AS1;WDFY4;ZBTB18;ZNF101;ZNF208
Brain Waves	0.02604096968594147	0.17057844484201973	2.3445754716981133	8.55320879030666	9	45	ARID5A;CBX4;CD72;DSE;GNAS;MIAT;PACS1;PTHLH;TNS3
Glomerular Filtration Rate	0.026325012455783756	0.1711125809625944	1.35062091672068	4.912526680033711	55	438	ADAM28;ADRA1B;AMER2;APBA2;ARHGAP24;ASAP1;ATF7IP2;C1ORF216;C5ORF64;CD96;CDH23;CECR7;CELF2;CHST11;COBLL1;CXCL13;DBIP2;DLGAP5;DNAH7;DNAJA1P5;DZIP1;FAM155A;FBXL20;FGD5;IL17F;KIF21B;KYNU;LINC00929;MARCH1;MEF2C;MEF2C-AS1;NFATC1;NPM1P6;PARP8;PHGDH;PHTF2;PLXNC1;PMAIP1;PRKCH;QKI;RGS14;RNGTT;SEMA4D;SKIL;SNRPN;ST3GAL5;TENM4;TNR;TRPS1;UBA52P9;VAT1L;VIPR2;WNT7A;ZNF154;ZNF671
Hepatitis B, Chronic	0.028568749924709848	0.18288328550287744	2.9604643087454736	10.525758605548441	6	25	CD40;HLA-DOA;HLA-DPA1;HLA-DPB1;HLA-DQB2;TCF19
Neurofibrillary Tangles	0.028568749924709848	0.18288328550287744	2.9604643087454736	10.525758605548441	6	25	BIN1;FAM214A;ITGA4;KLF12;QKI;RASSF5
3-Hydroxy-1-Methylpropylmercapturic Acid	0.03011135285372409	0.18869208376574437	1.4131709075801604	4.950129963189434	40	306	ARSG;ASB2;ATF7IP2;BCL2;CDK19;CELF4;CYSLTR1;DYRK1A;EGOT;FBP2;FGF18;GFRA1;GPR174;GTDC1;ITGA4;ITM2A;ITPR1;LBH;LDLRAD4;LPXN;LRRC30;MAGEE1;MB21D1;MYO16;NDP;NEK6;NFATC1;OXTR;P2RY10;PCDH9;PDE6B;RPS10P16;SNX25;SORCS1;ST3GAL1;STK10;TBX22;TG;TMEM243;USP34
Affective Disorders, Psychotic	0.030182767155662246	0.18869208376574437	2.625241986172219	9.189617940074616	7	32	ADAM12;BMP7;C9ORF47;IL17REL;MIR4506;RARB;SOX5
Interleukin 1 Receptor Antagonist Protein	0.030359846819834113	0.18869208376574437	2.4198517406780176	8.45649706794186	8	39	DCLK1;IL1F10;OCA2;PDE10A;PRRC2B;RIPK2;STAT1;ZBTB44
Supranuclear Palsy, Progressive	0.030384535931115376	0.18869208376574437	4.165358451072737	14.55301885521269	4	13	DUSP10;IL21;IRF4;SLCO1A2
Mycobacterium Infections	0.030689491027185684	0.18869208376574437	3.3476534458004306	11.662672224972827	5	19	CYP7B1;FRMPD1;GPR156;HLA-DPB1;HLA-DQB2
Stroke	0.030927310024955197	0.18869208376574437	1.219736883264292	4.23994648811682	113	986	ALKBH8;ANKRD6;APOC1;ATP6V1G1;BACH2;BCAN;BCL2;BUD13;C16ORF82;C17ORF96;C8ORF31;CACNA1C;CD44;CD70;CDH10;CELF2;CELSR1;CETP;CHD2;CHD3;CHST4;CNTN2;COBLL1;DCLK1;DLG2;DOCK2;DSE;EBF1;EDARADD;ELK3;ESR2;F5;FADS1;FAM155A;FAM214A;FAM71F1;FCRL4;FECHP1;FOXN2;FRMPD1;GPR156;GYG1P2;HDAC9;HMCN1;HMGB1P17;HPS4;HSPB8;IFFO2;IL1F10;KCNE2;KIRREL3;LINC00426;LINC00460;LINC00494;LINC00693;LINC00861;LINC01013;LPL;MARK2P11;MBNL1;METTL16;MSNP1;MTHFD1L;MYO16;NKAIN2;NLRP1;NRG2;NSMCE2;NXT1;PAN3;PARK7;PCNXL2;PDE4B;PHACTR1;PHF21A;PIP4K2A;PITPNC1;PKIA;PLCG1;PLCG2;PLEKHG1;PPM1K;PREX1;PTPRC;RBBP5;RNF219;RNF8;ROBO1;RPA1;RPL34P23;SLC25A1P5;SLC44A2;SNRPGP2;SNRPN;SNX10;SNX29;STON1-GTF2A1L;TCL1A;TECRL;TENM4;TESPA1;TIMM9P3;TMEM163;UBASH3B;ULBP2;USP49;VAT1L;VIT;WDFY4;WNK1;ZC3HC1;ZNF23;ZNF831
Triglycerides	0.03103928951886209	0.18869208376574437	1.2263969741896674	4.258665299529283	107	929	ADCYAP1R1;APOC1;APOE;AQP9;ARHGAP15;ASTN1;BAGE2;BBX;BUD13;CCDC141;CCR6;CD180;CD38;CD44;CDK14;CENPI;CETP;CHI3L2;CHST2;CILP2;CLNK;CRTC3;CXCL13;CYP7B1;DENND2D;DNMT1;DTHD1;FADS1;FAM65B;FCN1;FOXN2;FRMPD1;FYN;GAS6-AS1;GHRL;GIN1;GPM6A;GPR85;HMGB1;HNRNPC;HPN;HRH4;ICOS;IL1F10;IRF8;ITPR1;JAZF1;JMJD1C;KCNA1;KCNK13;KEL;KLHL29;LGI2;LINC00861;LINC01016;LPL;MARCH1;MATN1;MEF2C;MEF2C-AS1;MICB;MTPN;NEIL3;NFATC2;NYAP2;OLFM1;PBX4;PCDH9;PCNXL2;PDE10A;PDE4B;PLCG1;PLEKHG1;PNMAL1;PRG4;PRRX1;PSMA8;QKI;R3HDM1;RAB11FIP2;RABGAP1L;RANBP3L;RANBP6;RGS18;RIPK2;RPAP3;RPL34P23;RPS17P8;S100Z;S1PR2;SELE;SESN3;SNX10;SUSD4;SYNE1;TDH;TIMD4;TNFSF8;TRPS1;TTC9;TTN;VIT;XKR4;XKR6;ZDHHC18;ZNF101;ZNF512
Varicose Veins	0.031460725216770784	0.18988794862979508	1.97485214452562	6.831043841589101	12	69	ARHGAP24;BFSP2;CAMK4;CYP27C1;DNAJA1P5;EBF1;FBXO15;GPR176;NKAIN2;NLRP1;OSBPL3;TRIB2
Education	0.032373149358372474	0.19400929934627476	1.4331629279620701	4.91635926035354	36	272	AFF3;ARHGAP15;ATF7IP;ATXN2L;B3GALNT1;BCL11A;BMP7;BTN1A1;C12ORF79;CAMKV;CDH10;CELF4;CEP170;CSGALNACT1;DENND4A;GPM6A;IKZF4;IP6K3;JMJD1C;KCNQ5;LDB1;LINGO1;LRRIQ3;MDM4;MEF2C;MGEA5;MMS22L;NYAP2;PDE10A;PLCL1;PRPSAP2;RASGRF1;RBM6;RPS17P8;TOX;VRK2
Personality	0.03308566873751359	0.19688302875492242	1.300280950323974	4.432209239459123	64	527	BEAN1;BFSP2;BLOC1S5;C22ORF34;CDC7;DLG2;DTHD1;DUSP10;DYRK1A;FAM159A;FAM184A;FUNDC1;GPM6A;GPX7;HDAC9;HMCN1;IDO2;IGF2BP3;IL1A;IRF4;ITK;KATNAL2;KLHL29;LINC00173;LRRC4C;LTF;MAP3K1;MDM1;MED27;NKAIN2;OLFM1;OR10W1;P2RX7;PHACTR1;PRG4;PRICKLE1;RANBP6;RASGRF2;RASSF2;RGS18;RHOH;RIPK2;ROBO1;RORA;SETBP1;SGOL1;SKA2;SNX10;SORCS2;SS18;ST3GAL1;ST6GAL1;ST8SIA1;TCL1A;TRHDE-AS1;TRIB2;TXLNB;UNC13C;USP24;ZBTB18;ZHX2;ZKSCAN2;ZNF365;ZNF532
Blood Platelets	0.03468456089092338	0.20442278839765166	5.622222222222222	18.898878608908316	3	8	N4BP2;PWRN1;SETBP1
Exanthema	0.035221434874326364	0.20442278839765166	2.5241865300004833	8.446181649631708	7	33	COTL1;DNAJC5B;GFRA1;HDAC9;PDE7A;SYT2;TNS3
Lamotrigine	0.035221434874326364	0.20442278839765166	2.5241865300004833	8.446181649631708	7	33	COTL1;DNAJC5B;GFRA1;HDAC9;PDE7A;SYT2;TNS3
Prostate-Specific Antigen	0.035320387107759935	0.20442278839765166	1.8761964735516372	6.272678182644817	13	78	ARMC4;ATF7IP;BCL11A;EIF2S3;JAZF1;KLHL15;MMP7;PHF19;RAI2;SERPINA3;SLC41A1;SYK;TLR4
Antihypertensive Agents	0.03657335711874947	0.21023460384587278	1.5645925457991157	5.176353132337324	23	161	ALKBH8;ANKRD55;ATP6V1G1;CERS4;CHD2;CR2;CREB5;DNAH8;FBXO15;FBXW7;GBP5;HNRNPA1P56;LINC00659;LRRIQ3;MYT1L;PVT1;SNAP91;SP4;SYK;TLR1;TLR6;TRPS1;WDR4
Cholesterol, HDL	0.03690986725008323	0.2107353907183806	1.1859131048224905	3.9126550700126224	140	1253	AFF2;AHR;ANKRD44;APH1B;APOC1;APOE;AQP9;ARAP2;ARHGAP25;ARID5B;ARMC12;ATF7IP2;BCL6;BMP7;BUD13;C12ORF42;C15ORF41;C16ORF82;C1ORF216;C5ORF64;C7ORF72;CASS4;CBFB;CCDC109B;CDK17;CETP;CHI3L2;CLNK;COBLL1;COL19A1;CUX2;CXCL13;CXORF21;CYP4B1;DLG2;DNAH5;DNAJC10;DPEP2;DTHD1;EBI3;ESM1;FADS1;FAM184A;FAM49A;FCRL4;FCRL5;FCRLA;FCRLB;GAS1;GC;GIT2;GNA12;GPLD1;GTDC1;GZMK;HMGB1;IKZF1;INTS9;INVS;IQSEC3;ITGBL1;ITPR1;JMJD1C;KCNQ5;KDM4D;KIRREL3;KLHL14;KLHL29;KLHL6;KYNU;LAMP3;LINC00460;LINC00861;LPCAT1;LPL;LRRC4C;LRRC55;LSAMP;LSM6;MACF1;MAP9;MATN1;METTL16;MSANTD3;MSL3;MSNP1;MTUS2;MTX3;MYL2;MYO16;NEIL3;NFATC3;NPL;NUP93;NUTF2;NYAP2;OSMR;P2RY12;PARN;PARP8;PCDH9;PDE10A;PDE4B;PFKFB3;PLCG1;PLCL1;PLEKHG1;PRICKLE1;PTER;PTPRM;RAB8B;RASSF9;RFX7;RICTOR;RMI2;RORA;RPL34P23;RPUSD4;RUNX2;SAMD4A;SEMA3A;SLC9A9;SNX25;SORCS1;SPDL1;SRGAP2;SS18;ST3GAL1;TEX10;TMEM163;TNFAIP3;TNFSF4;TRPS1;UBASH3B;USP34;VAV3-AS1;VRK2;XKR4;ZDHHC18;ZNF568
Panic Disorder	0.037760588155338795	0.21263346908584715	3.1243718592964824	10.236971158912288	5	20	CLU;KCNA3;PLEKHG1;RAN;ST8SIA4
Body Weight	0.03788241854638181	0.21263346908584715	1.2568361052033659	4.113961611936936	78	662	ADAM22;AMER2;ANKRD55;ARHGAP15;ASTN1;BBX;BDNF;BFSP2;BFSP2-AS1;BICD1;BIN2P2;C12ORF42;C16ORF82;CCND3;CD180;CDC7;CDK17;CEP120;CNKSR2;CYFIP2;DGKG;DLG2;DNAJA1P5;DTHD1;EBF1;FGR;GABPB1;GIMAP7;GLRA3;GNAS;GPLD1;GPR176;GYG1P2;HDAC9;HELZ;HIVEP2;HNRNPA1P56;IL22RA2;ITGBL1;ITM2A;JAZF1;KLHL29;LDLRAD4;LYN;MARK2P11;MATN1;MOXD1;MSC;MTHFD1L;NCR3;NKAIN2;NRG2;NUP93;PPP1R2P9;PRICKLE1;PTPRM;QKI;RAB11FIP2;RALGPS2;RAPGEF1;RBM19;RGS18;RUFY4;SAMSN1;SCFD2;SLC39A10;SS18;TBX22;TECRL;TSPAN11;UBE3D;UBLCP1;UBXN7;UNC13C;UQCRHP1;USP34;UVRAG;VRK2
Chlorine	0.03803899601619368	0.21263346908584715	2.1640058055152394	7.074445371315236	9	48	ACTBL2;ELMO1;LINC00925;NKAIN2;NUP153;SAMSN1;SLC29A1;TENM4;TLR4
Tunica Media	0.03844990320070902	0.21263346908584715	1.5240961630026106	4.966113566710626	25	179	ALPL;ANKRD18DP;BCL2;BICD1;C22ORF34;CACNA1C;CCNA1;COCH;DDHD1;FAM167A;FGL1;FOXI2;KLF12;LRRC30;LY86-AS1;MARCH1;NKAIN2;NPM1P6;NUP93;PON3;PTPRM;RAB11FIP2;RASSF5;RPL11;UBE3D
Respiratory Function Tests	0.03850049795282203	0.21263346908584715	1.241526604967684	4.043756569649537	86	738	ACKR3;ADAM19;ADARB1;ANKRD44;ARAP2;ASB1;C12ORF42;C16ORF82;C2CD2;CACNA1E;CCDC109B;CCL18;CCL23;CCT7;CEACAM21;CENPP;CNGB1;COPS8;CR2;CREB5;CTHRC1;DCK;DDX11-AS1;DUSP14;FBXO15;FGD3;FMNL3;FYB;GVINP1;GYG1P2;HIVEP2;HMCN1;HPCAL4;HS3ST3A1;HSF2;IFNG-AS1;ITPR1;KCNE2;KCNH3;KCNQ5;KLHL22;LDLRAD3;MAP9;MARCH1;MCC;MICB;MOXD1;MSANTD3;MSC;MTHFD1L;MTPN;MTUS2;MYO16;NCR3;NUF2;NXT1;PDE10A;PDE4B;PITPNC1;PPHLN1;PPP1R2P9;QKI;RAB11FIP2;RARB;RCSD1;RGS18;RHBDD1;RNGTT;SAMD4A;SEMA7A;SEPT7;SIGLEC10;SIGLEC8;SLC25A1P5;SLC25A32;SNRPN;SOX5;SYK;TENM4;TIAM1;TRPS1;TSPAN11;UQCRHP1;VIT;VRK2;ZNF568
Reproductive Behavior	0.03936763440174075	0.21401259149386043	3.7486970172684457	12.126327329839473	4	14	CAMKV;CRTC2;GATAD2B;SLC27A3
Coronary Artery Disease	0.0394022626406037	0.21401259149386043	1.3314176850316812	4.305714306120054	50	403	AFF3;ANXA5;APOC1;BACH2;BARD1;BBX;CCSAP;CHST15;CR2;CRTAC1;DNAH5;ENOX1;EOMES;GALNT18;GUCY1A3;HDAC9;HHEX;HHIPL1;HIF1AN;IGFBP7;KCNE2;LINC00341;LINC00861;LPL;LRRC30;LRRC55;LY86;MACC1-AS1;MAD1L1;MKL1;MYO16;PHACTR1;PHLDB2;PLCL1;PROCA1;RANBP3L;SCN2A;SH2B3;SORCS1;SWAP70;TMEM132C;TMEM200C;TRIM61;TSPEAR;UBE3D;VAT1L;VSX2;ZC3HC1;ZNF280B;ZNF783
Platelet Count	0.03973707566298776	0.21401259149386043	1.4484228635164897	4.6718454079834375	31	232	AHR;ANP32B;ARHGEF3;BCL6;BUD13;CBL;DLG2;EHD3;FAM114A2;FEN1;GP1BA;GYG1P2;HLA-DOA;HNRNPCP4;JMJD1C;MAK;MEF2C;MRAS;NYAP2;PLEKHO2;SEMA3A;SH2B3;SOX5;SP140;SP140L;SV2B;SYNDIG1;TMCC2;WARS;WDR66;WDR76
Eosinophilic Esophagitis	0.03976328623022023	0.21401259149386043	2.273041639278672	7.330130247663348	8	41	CAPN14;CCDC81;COTL1;IFFO2;RRP1B;SESN3;VAV3-AS1;XKR6
Non-alcoholic Fatty Liver Disease	0.04013075817028862	0.21462335856894862	2.038718765813696	6.555728939850609	10	56	CDH2;CHST2;DCLK1;EHBP1L1;GC;LCP1;MATN1;PARVB;SLC9A9;ST8SIA1
Glomerulonephritis, IGA	0.040786262106948856	0.216143767847036	2.4306166631748027	7.776539178938255	7	34	FCRL3;HLA-DPB2;HLA-DQA1;ITGAM;ITGAX;PADI4;ST6GAL1
Metabolism	0.04092663059825534	0.216143767847036	1.3890667776396104	4.439421740301384	38	295	ACMSD;AHR;ALPL;ALX3;APOC1;APOE;BACH2;BUD13;C8ORF22;CERS4;CETP;ELOVL2;FADS1;FEN1;GCDH;GP1BA;GRK6;IDO2;LINC00861;LPL;MEF2B;MMP9;NASP;PHGDH;PPM1K;SH2B3;SKIV2L;SLC13A5;SLC5A6;SLC7A5;SP110;SYCE2;TDO2;THEM4;TPRX2P;USP24;WDR66;ZCWPW1
Job Satisfaction	0.042262549265863335	0.22093865965864584	1.8200684236249483	5.758430662688463	13	80	BEND4;BUD13;C8ORF22;CTHRC1;EVC2;FCRL5;FHAD1;GFRA1;ICOS;KBTBD8;RORA;SESN3;SLC9A9
Rotator Cuff	0.04235747084579956	0.22093865965864584	1.6398857363301522	5.1846799073883165	18	121	ANKRD36;ARHGEF3;CAMK1G;FCRL1;FGF18;GAS1;PCBP3;PCDHA13;PCDHAC1;PCDHAC2;PKN1;SORCS1;SOX5;ST8SIA4;STRA6;TENM4;UNC13C;ZBTB40
Gastrointestinal Microbiome	0.044100276977040664	0.22861800027975068	1.4242569359896837	4.445517814961905	32	243	ACMSD;ARAP2;BANK1;CD180;CD5;CD86;CEP128;CNR1;COTL1;DGKG;DNAJA1P5;DYRK1A;EBF1;FAM86FP;HIVEP3;IL10;KCNC4;KIRREL3;LDLRAD4;LPL;MMS22L;MYT1L;NELL2;NKAIN2;NLRP1;PTDSS1;PTHLH;SLC9A9;SORCS2;TMEM163;TP63;ULK4
Bronchial Provocation Tests	0.045747369032848345	0.23451208305434298	2.9290004711055277	9.034856351616954	5	21	DZIP3;LRCH3;RARB;USP24;WDFY4
Aorta	0.04606982933375258	0.23451208305434298	1.7932425174099866	5.518877799994217	13	81	ARHGAP24;DNAJA1P5;GLRA3;GNA12;HMCN1;KCTD7;MAGOHB;MARCH1;MTHFD1L;PCDH9;QKI;RAMP3;WDFY4
gamma-Tocopherol	0.04606982933375258	0.23451208305434298	1.7932425174099866	5.518877799994217	13	81	ADRA1B;ARL4C;BEND4;CDH2;CRTAC1;DLG2;EOMES;ICAM1;MFNG;NPFFR1;SMAP2;SOX5;ZFP69B
Gait	0.046892264123754974	0.23492049995202186	2.343730358265242	7.171586525997071	7	35	GNAL;HLA-DPB1;KIF14;NCALD;PHACTR1;RARB;SV2B
Vital Capacity	0.04699851398321606	0.23492049995202186	1.5518670961584347	4.745049814064819	21	148	ANK2;C11ORF21;CD69;CDH10;CDH2;DCSTAMP;EBF1;ENPP2;FAM65B;GABBR2;HLA-Z;JAZF1;KANSL1;KLF12;QSOX2;SYNE1;T;TPRX2P;TRIM6;VIM;XKR6
Phosphorus	0.04748015274147572	0.23492049995202186	2.556507582897781	7.7908123964696845	6	28	ALPL;CSTA;DKK1;ELMO1;HMGB1P17;IP6K3
Neutrophils	0.048072605137644574	0.23492049995202186	1.4853114148090063	4.507983721033489	25	183	ADARB1;AHR;C6ORF62;CACNA1I;CCND3;CCNG2;CHRNA9;FAM184A;GAS1;HIVEP2;HLA-F-AS1;HMGB1;IFI16;IGSF10;IKZF3;LRRK2;MAD1L1;NGFR;PLCL1;SKIV2L;TCL1A;TECRL;TRPS1;VRK1;ZNF699
Breast Neoplasms	0.04818438040403966	0.23492049995202186	1.3032986930188077	3.952540492493967	52	427	ALDH7A1P2;ANKLE1;BRCA2;BUD13;CBX4;CPNE5;DCLK1;EBF1;EIF3M;ELMO1;EMBP1;ENPP2;GNAI2P1;HCG23;HLA-DOB;HLA-DQA1;HLA-DQB2;HSCB;IL7R;ITPR1;LSP1;LY86-AS1;MAP3K1;MDM4;MICB;MIR548P;MKL1;MTX1;NKAIN2;PARVB;PCBP3;PFKFB3;PKIA;PLCG2;PLXNC1;PPM1E;PTHLH;RPL30P11;SEMA3A;SH2B3;SMC2;TCF19;TLR1;TLR6;TNFRSF10A;TNNT3;TRPS1;USP44;VPS13C;ZBED6;ZC3H11A;ZNF365
Complement C4	0.048365349379093536	0.23492049995202186	4.685028248587571	14.19081771431296	3	9	HLA-DOB;HLA-DQB2;NCR3
Linoleoyl-CoA Desaturase	0.048365349379093536	0.23492049995202186	4.685028248587571	14.19081771431296	3	9	FADS1;KCNK13;NR3C1
Insulin-Like Growth Factor I	0.04862748924170165	0.23492049995202186	1.5640580624802778	4.7290332266277115	20	140	ADAM12;ADAMTS6;AMPD3;C11ORF84;C17ORF62;CHST11;EID3;EOMES;GLRA3;GRIN2B;KIRREL3;NFAM1;RASGRF1;SETBP1;SLC9B1;SLX4;SNPH;SORCS2;SPOCK2;VPS13C
HIV-1	0.04865217454627672	0.23492049995202186	1.3943625907445727	4.215240063507479	34	263	ACTBL2;ATP5G1P5;BCL11B;BLK;CACNA1E;CETP;CYP7B1;DGKG;DRGX;DUSP22;DYRK1A;FAM167A;FAM49A;FRMPD1;GFPT2;GPR156;HDAC9;HS6ST2-AS1;IFI16;IGSF10;IL1B;IL2RA;KCNQ5;LINC00426;LTF;MCM8;OXTR;PHACTR1;PLEKHG1;PXK;SNN;TECRL;TIAM1;ZNRD1-AS1
Diuretics	0.048930397279438605	0.23492150966548647	9.368371509256354	28.267716240403423	2	4	LYZ;YEATS4
Liver Diseases	0.049698348952355455	0.23726047946180995	3.4077922077922076	10.22945464809906	4	15	ALPL;C12ORF43;GPLD1;JMJD1C
Hodgkin Disease	0.05092779613469328	0.24176397603267316	2.143009835182108	6.380482642504385	8	43	EOMES;GATA3;HLA-DQA1;IRF4;MICB;PVT1;SP140;ULK4
Erythrocyte Indices	0.052956347275125264	0.24998946060045166	1.2214471847023423	3.5889628006614136	84	731	ADRA1B;ANK1;ARHGAP15;ARID1B;ASB2;ATP2B4;ATP5G1P5;BANK1;CACNA1C;CACNA1I;CCND3;CCR6;CDH23;CDK1;CEP120;CEP128;CHST11;CLNK;CNR1;CREB1;CSF3R;CUX2;DAZL;DDHD1;DENND4A;DLG2;DSE;ENTHD1;EOMES;ETS1;FAM184A;FAM26F;FGF18;FYB;GABBR2;GCDH;GEM;GLRA3;GPLD1;GYPC;ITGBL1;KIRREL3;L3MBTL2;LINC00494;LRRC4C;LY86;MEF2C-AS1;MIR3685;MIR548P;MX2;MYO16;NAP1L4;NFASC;NFATC1;NPM1;PARVB;PCNXL2;PHTF2;PLXNC1;PTPRC;QKI;RASGRF2;RBPMS;RNF144B;RNF150;RNGTT;RPL17P35;RPS26;SESN3;SLC25A1P5;SMG9;SNX10;SYCE2;SYNE1;TAF8;TCF12;TNR;TNRC6B;UBA52P9;UNC13A;VAT1L;WDR66;WISP1;YEATS4
Dermatitis, Atopic	0.05347677563792671	0.25104375230026704	1.611066529099316	4.718020928290075	17	116	ANXA6;CARD11;ETS1;GPSM3;HLA-DQA1;IKZF3;IL18R1;IL21;IL2RA;IL7R;KIF3A;MYT1L;NCF4;PBX2;REL;THEMIS;ZNF365
Leukocytes	0.0546622524332393	0.25519117848666967	2.7566139521135087	8.012324194404503	5	22	HLA-DQA1;HLA-F-AS1;IKZF3;LST1;NCR3
Nutritional And Metabolic Diseases	0.0550149634953814	0.2554266162285565	1.6315378396525029	4.731704575307311	16	108	ADAMTS6;ARID1B;C12ORF66;C12ORF79;CNGB1;FHAD1;GVINP1;PLEKHG1;PRICKLE1;QKI;RASGRF1;SNX29;TENM4;TFEB;TMEM154;VRK2
Longevity	0.05539967613661738	0.255807247734654	1.3695109384908053	3.962243753956924	35	275	ALDH7A1P2;ANK2;ANKRD33B;APOC1;APOE;ATRIP;BEND4;BIN1;BIN2;CAMK4;CBLB;CD226;CD274;CD3E;FAM13B;GRIN2B;GYPC;IL6;LRRC4C;MAD1L1;MYT1L;PARVB;PDCD1LG2;PDE10A;PYCR2;QKI;RARB;RPL30P7;RUFY3;SNPH;SNX29;SP110;SSTR3;STON1-GTF2A1L;ZNF101
Menarche	0.057580310770100084	0.26402259619719537	1.4208161974058842	4.055825823587331	28	213	AKT3;ANXA2R;ATP6V1G1;B3GALNT1;BDNF;C22ORF34;CBX6;DNAJA1P5;EEFSEC;GPRC5B;IL20RB;INHBA;KIRREL3;KLF12;LINC00880;NPTXR;PHF21A;PKIA;PLCL1;PRDM13;RBM6;RORA;RPAP3;RPL34P23;SPDL1;TMEM108;UNC13C;ZNF483
Toluene 2,4-Diisocyanate	0.057803763664474726	0.26402259619719537	1.4106283203253098	4.021280113695953	29	222	ACMSD;ARHGAP15;ARHGAP24;BLM;C12ORF77;CCDC167;CETP;CREB5;CXCR4;DARS;FAM65B;GALNT18;GTDC1;IL2RA;KIAA0922;LINC00528;LINC00929;NDNL2;NFASC;NFATC1;NIN;PIK3CD;PITPNC1;QKI;RAPGEF6;SLC29A3;SLCO1A2;TCL6;UBA52P9
Bronchodilator Agents	0.05970605428555023	0.2712452466198384	1.1863253783646501	3.343446737317111	106	947	ACKR3;ADAM28;APBB1IP;ARID5B;ARNT2;ASAP1;B3GALNT1;BMP7;BUD13;C12ORF79;C1ORF185;CACNA1C;CARD11;CD180;CDH2;CELF4;CEP128;CHN1;CHRNB4;COPS8;DCLK1;DDX24;DENND3;DLG2;DNAAF1;DNAH5;DOCK8;DR1;DUSP10;EBF1;EEFSEC;EGLN2;ELOVL2;ENPP2;ETS1;FAM65B;FANCD2;FBLN7;FGL1;FYN;GNAS;GNG2;GRIN2B;GYG1P2;HRH4;IL21;INPP5D;ITGA4;ITGAD;ITGAM;ITGAX;LCP2;LINC00494;LINC00693;LRRC4C;LYST;MAD1L1;MARCH1;MAT2B;MIR138-1;MIR548P;MMP12;MMS22L;MR1;MS4A1;MTPN;NBEAL2;NUP210;OCA2;PARP1;PDE1B;PHF21A;PIKFYVE;PLEK;PPM1E;PRAMENP;PREX1;PRKCB;PRKCH;PTHLH;RARB;RASSF9;RGS18;RICTOR;RUVBL1;SARDH;SNX10;SP100;ST8SIA1;STON1-GTF2A1L;SYNE1;TCF4;THEMIS;TMEM158;TMEM200C;TNFSF13B;TNFSF8;TOX2;TRPS1;TSPAN11;UBASH3B;ULK4;USP44;VAV3-AS1;VMAC;ZNF614
Heart Function Tests	0.06136665422071558	0.27729851773531905	3.1237048665620093	8.717912558696337	4	16	C1ORF185;KLF12;RNF19A;SCN10A
Muscle, Skeletal	0.06276433202562344	0.27943433752123487	1.3524663957976155	3.7441251351276734	35	278	ADAM12;ALOX12B;ANKRD36;BATF;C12ORF79;CCND3;CLEC17A;ETS1;FGF18;FHOD3;GALNT18;HNRNPA1P56;ITPR1;LRIF1;LYST;MIR548P;MR1;MSC;NFATC1;OSMR;PCBP3;PCDHA13;PCDHAC1;PCDHAC2;RARB;RFTN1;SCML4;SOX5;ST8SIA1;ST8SIA4;TENM4;TMEM158;TNFAIP3;UNC13C;ZNF106
Autism Spectrum Disorder	0.06425875368422823	0.27943433752123487	4.015603981705676	11.022179672830955	3	10	CBFA2T3;CCR6;ZNF365
Interferon-alpha	0.06425875368422823	0.27943433752123487	4.015603981705676	11.022179672830955	3	10	ANKRD44;ANKRD44-IT1;TMPRSS5
Pneumococcal Infections	0.06425875368422823	0.27943433752123487	4.015603981705676	11.022179672830955	3	10	DOCK2;MSNP1;WISP1
Skin	0.06425875368422823	0.27943433752123487	4.015603981705676	11.022179672830955	3	10	FANCA;FCN1;OLFM1
Luteinizing Hormone	0.06450775616456106	0.27943433752123487	2.6033814907872697	7.135790074837897	5	23	FAM216B;LINC00929;RALGPS2;SORCS2;TNFSF11
Sjogren's Syndrome	0.06450775616456106	0.27943433752123487	2.6033814907872697	7.135790074837897	5	23	HLA-DPB1;HLA-DQA1;KLRG1;STAT4;TNFAIP3
Staphylococcus Aureus	0.06450775616456106	0.27943433752123487	2.6033814907872697	7.135790074837897	5	23	HLA-DRB6;PDE4B;ROBO1;SLC1A2;ZNF532
Age Of Onset	0.06481553864397874	0.27943433752123487	1.2937694448836974	3.540024776968671	46	380	ACKR3;ADAM17;ADCYAP1R1;AICDA;ALOX12;ALOX12P2;ALX3;ANKRD44;ANKRD44-IT1;APOC1;ARAP2;ARHGEF2;COL4A4;COPS8;CST1;CTHRC1;FAM181A;FAM81A;FOXN2;GABRG3;GYG1P2;HLA-DQA1;ITSN2;LINC00877;LINC01016;LSAMP;MEF2C-AS1;MYO16;NR3C1;OCA2;PA2G4;PDCD1LG2;PMAIP1;RASGRP1;RBM19;SCML4;SESN3;STRADA;TBC1D9;TF;TMEM132C;TPTE2P3;TRPM1;TRPS1;UBXN11;ZNF862
Cryptoxanthins	0.06547964325905391	0.2808644596644698	1.9177744425385934	5.227883766009593	9	53	ANXA6;C1ORF61;GNAS;GRIN2B;LINC00641;NYAP2;SLC9A9;TNFRSF8;TSPAN18
Extraversion (Psychology)	0.06855927632418084	0.2925888307774384	2.116704851888648	5.672888724127705	7	38	CDC7;CDH23;HELQ;HMCN1;LRRC4C;PDE10A;PRG4
Proteins	0.06964200928789835	0.2957160695893171	1.5988034885719196	4.2598317293343895	15	103	CX3CR1;DLGAP5;FBXO15;GRK6;HLA-DQA1;JMJD1C;PARVB;PCBP3;PLEKHF2;PPM1K;RPS11;SLC13A5;TBC1D5;TMEM200C;TNFRSF13B
Mucocutaneous Lymph Node Syndrome	0.07114145456093235	0.3005726455199392	1.9736263008984265	5.216462202192038	8	46	BLK;CD40;FAM167A;FHAD1;HLA-DOB;HLA-DQB2;SETBP1;TECRL
S-(3-hydroxypropyl)cysteine N-acetate	0.07206924184742833	0.30166465400519615	1.3166838618560734	3.463046999745731	38	309	ACTBL2;ATF7IP2;BIN2P2;CBLB;CELF4;CXCL13;DDI1;ETS1;FAM216B;FGF18;GNG7;HHEX;HNRNPA1P56;IKZF4;KRTAP11-1;LILRB4;LINC00877;LPL;MAD1L1;MB21D1;MYO9B;NFATC1;PAPPA;PARVB;PKM;RPS10P16;RPS17P8;SNX25;ST3GAL1;STK10;SYNRG;TCF15;TCL6;TECRL;TNFSF11;TREM1;TRHDE-AS1;USP34
Fatty Acids	0.07215584188552103	0.30166465400519615	1.8750943396226416	4.929486190282092	9	54	ADCYAP1R1;CD83;CERS4;ELOVL2;FADS1;FEN1;SAMSN1;SEC14L1;SLC26A9
Prefrontal Cortex	0.07434293954766605	0.30166465400519615	2.883323270136457	7.493949130440324	4	17	MCC;PLCL1;RASGRF2;TBC1D19
Stomach Neoplasms	0.07434293954766605	0.30166465400519615	2.883323270136457	7.493949130440324	4	17	ARL4C;CHD6;MEF2C-AS1;MTX1
Suntan	0.07434293954766605	0.30166465400519615	2.883323270136457	7.493949130440324	4	17	GAS8;IRF4;PRDM15;VRK1
Interleukin-6	0.0744526049732752	0.30166465400519615	1.580786304454026	4.106238697394172	15	104	AK8;ARL4C;ETS1;GABRG3;GAS1;HRH4;ITPR1;KLHL29;LMO2;PCBP3;RFC1;SARDH;TRPS1;WDPCP;WNT7A
Assertiveness	0.0752769415379935	0.30166465400519615	2.4662787622322138	6.379230804054985	5	24	ARAP2;CREB5;HMCN1;LRRC4C;PRG4
Skin Neoplasms	0.0752769415379935	0.30166465400519615	2.4662787622322138	6.379230804054985	5	24	AHR;BRIP1;BUD13;IRF4;TRPS1
Thrombosis	0.0752769415379935	0.30166465400519615	2.4662787622322138	6.379230804054985	5	24	F5;N4BP2;PWRN1;SETBP1;SLC44A2
Atherosclerosis	0.0758447836327602	0.30166465400519615	1.6795343396332785	4.331630495151465	12	79	APOC1;BCL11B;CACNA1C;CDH23;FANCD2;HDAC9;KBTBD8;KRT5;OR13A1;RNF216;RNF216-IT1;SEMA4D
CADASIL	0.07639791237528044	0.30166465400519615	6.245371823031063	16.061846680608298	2	5	DLX4;GAS1
Medicine	0.07639791237528044	0.30166465400519615	6.245371823031063	16.061846680608298	2	5	C7ORF72;IKZF1
Protease Inhibitors	0.07639791237528044	0.30166465400519615	6.245371823031063	16.061846680608298	2	5	PITPNC1;ST3GAL1
Uveomeningoencephalitic Syndrome	0.07639791237528044	0.30166465400519615	6.245371823031063	16.061846680608298	2	5	HLA-DQA1;ZNF365
Amyotrophic Lateral Sclerosis	0.0770781939206098	0.30293522726937344	1.3299603803486528	3.408601830448131	34	274	ARAP2;ARHGEF2;ARSG;BANK1;CAMK1G;CD1E;CDH10;CHAMP1;CLNK;EOMES;ETS1;FAM126A;FAM216B;FBXO15;GNAL;GRIN2B;GVINP1;HS3ST3A1;INTS4;KIAA0586;LINC00693;MSNP1;NKRF;PDE10A;PDE4B;RASGRF1;SLC25A1P5;SRGAP2;TCEA1;TIAM1;TNFSF11;TNFSF13B;UNC13A;ZBTB40
Obesity	0.07755510075981145	0.3033984265835216	1.2768386337953461	3.264578395079766	45	376	ARHGAP22;BBX;BCL6;BDNF;CAMK1G;CCDC77;CCDC81;CCND3;CREB5;DGKG;EML6;ETS1;FAM155A;GLRA3;GPRC5B;HNRNPA1P56;LHX8;LY86-AS1;MATN1;MDFIC;MDM1;MEF2C;MSC;MTX3;NKAIN2;NYAP2;PACS1;PAX5;PCDH9;PHTF2;PRKCH;PTER;RAB11FIP2;RAMP3;RARB;RFTN1;RPS10P16;SCFD2;SOX5;TCF4;TENM4;TMEM154;VIPR2;VRK2;ZBTB44
Personality Inventory	0.07833050520768504	0.30387859913381876	1.5186993334534318	3.867851038813916	17	122	A4GALT;ABCB4;ABLIM3;AHR;BFSP2;BUD13;CELF4;CYLD;DUSP10;FAM71F1;FSD1L;NEK6;NFATC1;RIPK2;SH3TC2;SS18;UBR5
Interleukin-18	0.07882415484060662	0.30387859913381876	1.9229560128648466	4.885338584008678	8	47	C12ORF79;HRH4;JARID2;PCDH9;RAE1;SLC23A2;ST3GAL1;T
Melanoma	0.07882415484060662	0.30387859913381876	1.9229560128648466	4.885338584008678	8	47	AHR;ATM;DOCK3;IRF4;MX2;OCA2;PARP1;WDPCP
Tobacco Use Disorder	0.07923775409974931	0.30387859913381876	1.8342698933552093	4.6504288639079405	9	55	C18ORF54;CDO1;PLXNC1;PTPRM;SNRPGP2;SOX5;SP140L;TNRC6C;ZHX2
Circadian Rhythm	0.07947594131192183	0.30387859913381876	1.563169502205419	3.9584155812582162	15	105	ANP32E;ARHGAP15;ASB1;B3GALNT1;BLK;BOLL;C2ORF44;GATA4;LIN52;NPL;PHACTR1;PLCL1;RGS16;TNRC6B;XKR6
Insulin	0.07992767384429832	0.3042292090019463	1.262863884808938	3.19079373026428	48	405	ACTBL2;ANK1;BUD13;CD83;CDH2;CDH23;COBLL1;CSF2RB;FBXO10;FYN;GLB1L3;GNAL;HS3ST3A1;IKZF1;ITGBL1;ITPR1;LINC00423;LRRC4C;MAPK1IP1L;MDM1;MICU3;MIR138-1;NCF4;NXT1;NYAP2;PARP11;PHGDH;PHTF2;PRICKLE1;PTPRM;QKI;RALGPS2;RBM19;RUNX2;SLC29A3;SLC43A3;SNX29;SORCS2;STAT4;TAMM41;TMEM154;TNFSF13B;TNRC6B;TRPS1;UBXN11;ULK4;VRK2;WIPF1
Monoclonal Gammopathy Of Undetermined Significance	0.08220967800784247	0.3101213299849415	3.513535781544256	8.77850677273206	3	11	LRRC34;TBC1D27;ULK4
Perphenazine	0.08220967800784247	0.3101213299849415	3.513535781544256	8.77850677273206	3	11	FHOD3;MYT1L;SOX5
Hydroxymethylglutaryl CoA Reductases	0.08386067382969041	0.3137380594746882	1.690814926389419	4.190851343873445	11	72	APOC1;APOE;CETP;COBLL1;DNAJC5B;DZIP1;LINC00861;RNF175;RNGTT;RPL17P35;SOX5
Arterial Pressure	0.08391100762281602	0.3137380594746882	1.323791069513503	3.2803522512035914	33	267	ANKRD55;ARID5B;ARL4C;BICD1;CSK;DLGAP5;DNAH7;DUSP10;DUSP13;EHBP1L1;FBXO15;FCRL4;FES;FLOT2;GUCY1A3;KIF11;KRT2;LILRB4;MCC;MTUS2;NUP188;PFDN5;PRDM8;RPL30P10;SGOL1;SH2B3;SPC24;TECRL;TRAFD1;TTN;TYRO3;UBASH3A;ZNF831
Fatty Acids, Omega-6	0.085838864723287	0.319532337846597	1.988286383635221	4.881806564601922	7	40	EEFSEC;ELOVL2;FADS1;JMJD1C;PTER;SLC1A2;TLR4
Reverse Transcriptase Inhibitors	0.08672633147124952	0.32085645295345994	1.795182657567242	4.389217528877041	9	56	ATP5G1P5;CACNA1E;DUSP22;FAM49A;HDAC9;IL1B;IL2RA;POLR3G;SNN
Immunoglobulin G	0.08695399730928086	0.32085645295345994	2.3428863065326633	5.722209442153915	5	25	CREB1;GRK6;HLA-DQA1;RASGRP3;TNFRSF13B
Myocardial Infarction	0.08793651399083671	0.3212469056069557	1.1821979229945905	2.87408884385817	84	752	A4GALT;ADAMTS6;AHR;ANKRD6;APOC1;ARNT2;BANK1;BARD1;C12ORF77;CBX4;CCDC167;CD200;CD28;CD300A;CD83;CDH2;CDH23;CHTOP;CMSS1;CMTR1;CSN3;DCSTAMP;DLG2;DNAJC10;DOCK2;DUT;ELMO1;EVA1C;FAM155A;FBXO15;FES;FGF1;FHOD3;GBP4;GBP5;GJB6;GPR65;GUCY1A3;HHIPL1;IP6K3;KCNE2;KIAA0922;KLHL29;LDLRAD3;LINC00693;LINC00861;LPCAT1;LRMP;LRRIQ3;LYRM4;MAD1L1;MARCH1;MMS22L;MSNP1;MYEF2;NFATC2;NLRP1;NUP50;PAX5;PDE10A;PHACTR1;PIP4K2A;PKIA;PLCG2;PLXNC1;PRDM15;PRKCB;PRKCQ;QKI;ROBO1;SALL4;SH3BP5;SP140;SPC24;SPOCK2;SUSD4;SWAP70;SYNDIG1;TBC1D9;TIGIT;TNRC6C;USP29;ZC3HC1;ZNF83
Intracranial Aneurysm	0.08858050769990612	0.3212469056069557	2.6772819017716976	6.489312198635089	4	18	ANKRD44;ANKRD44-IT1;BOLL;HDAC9
Pain	0.08858050769990612	0.3212469056069557	2.6772819017716976	6.489312198635089	4	18	C5;CD3E;MCM3;TESC
Stevens-Johnson Syndrome	0.08858050769990612	0.3212469056069557	2.6772819017716976	6.489312198635089	4	18	ADAM22;C7ORF72;IKZF1;TCF19
Alcohol Drinking	0.08920986556707565	0.32214673676999545	1.4681749002509152	3.5482317234047263	18	133	ACTBL2;CARD8;CUX2;DDHD1;DUSP22;FBP2;FBXO15;IGSF9B;LINC00494;LRRC4C;MYL2;PLCL1;PTGFR;TF;TLR1;TLR10;VAT1L;ZNF366
Peripheral Nervous System Diseases	0.09056169760888068	0.3256367424659752	1.6634878905377697	3.9952386557077784	11	73	ATP5G1P5;CACNA1E;DUSP22;FAM49A;HDAC9;IL1B;IL2RA;MTX3;NYAP2;SNN;TP53INP1
Influenza A Virus, H1N1 Subtype	0.09447220250306408	0.3382585216741065	1.6073924187238635	3.7925614655625597	12	82	ADAM12;AHR;ARAP2;BRAF;BUD13;CEP128;CLCN4;DLG2;FECHP1;MMP9;PIP4K2A;TRPS1
Wet Macular Degeneration	0.09561035984198699	0.3401446281656085	1.8290306009001618	4.293601960516161	8	49	APOE;C3;C6ORF223;CETP;CFHR1;CNN2;COL4A3;MMP9
Drug Resistance	0.09580404911646724	0.3401446281656085	1.394537417113988	3.2708182431412083	22	170	ANKRD31;BICD1;CCNG2;CD40;CDH2;CELF4;ENOX1;GALNT18;GTSF1L;IFFO2;PABPC1P13;PDCL3P4;RAN;RAPGEF1;RIPK2;RNF115;RPL24;STX2;SV2B;TOX2;TRPS1;VPS13C
Uric Acid	0.09895973373256188	0.34987855650215394	1.2620180390359739	2.9191010338993353	41	346	ADAM28;ADCYAP1R1;ADRBK2;AFF3;ANK2;ARID1B;BAGE2;BCL6;CCDC81;DCSTAMP;DLG2;DNAJA1P5;EDARADD;F5;FYB;GPLD1;INSRR;KBTBD8;KIAA1644;KLHL5;LINC00968;LY86;LY86-AS1;MAP3K1;MAP4K2;MAP9;METTL6;NPTX1;NTRK1;PRDM8;PTER;RFTN1;RPS10P16;STAC3;TENM4;TMA16P1;TNFRSF1B;TP63;TRPS1;WDFY4;WIPF1
Hydrochlorothiazide	0.09990551402022758	0.35175066394621796	1.5265409265702252	3.516433430363916	14	100	ADAM12;CD44;CYP7B1;DNAAF1;DNMT1;IRF8;JAZF1;MEF2C;MEF2C-AS1;PHF10;PKIA;S100Z;S1PR2;ZNF626
Carcinoma, Squamous Cell Of Head And Neck	0.10203386641723329	0.3533109238771625	3.123038292529818	7.128180303269413	3	12	C5;MCM3;TESC
Lymphoma, Large B-Cell, Diffuse	0.10203386641723329	0.3533109238771625	3.123038292529818	7.128180303269413	3	12	CD86;IRF4;PVT1
Alpha Rhythm	0.10401812185179318	0.3533109238771625	2.498712715855573	5.655061997322031	4	19	CBX4;CD72;PACS1;TNS3
Glaucoma	0.10401812185179318	0.3533109238771625	2.498712715855573	5.655061997322031	4	19	DNAJC24;ELOVL5;IMMP1L;NKG7
Walking	0.10401812185179318	0.3533109238771625	2.498712715855573	5.655061997322031	4	19	FAM155A;HS3ST3A1;RBM33;TBC1D5
Blood Circulation	0.1041176587873987	0.3533109238771625	2.008280597818769	4.543200016962398	6	34	GNG7;HMCN1;PMS2CL;RPSAP42;SMAP2;TNFAIP3
Reading	0.1041176587873987	0.3533109238771625	2.008280597818769	4.543200016962398	6	34	ALOX5AP;CDK1;FAM155A;NLRP3;PRKCH;TACSTD2
Survival Rate	0.1041176587873987	0.3533109238771625	2.008280597818769	4.543200016962398	6	34	AFF2;IDS;LY86;PARVG;RGS13;VRK1
Monocytes	0.10444937482457603	0.3533109238771625	1.356386684177468	3.0641491047647906	24	190	ADAM19;C7ORF60;CELF4;CLDN16;CSGALNACT2;CTLA4;FAM214A;FLT3;GPR85;ICOS;IL4I1;INTS3;IRF8;ITGA4;KLHL29;LMO2;MARCH1;MBNL1;MYO16;NUP62;PAX5;RASGEF1A;SSX2IP;UNC13C
Conscience	0.10470726284133888	0.3533109238771625	1.7854223739165582	4.028960553190725	8	50	CHD2;CHI3L2;COL4A4;DYRK1A;IGSF10;NFATC2;PHLDB2;SLC8A3
Creatinine	0.10505624028376742	0.3533109238771625	1.2258814193873588	2.7622288933883983	50	433	ADAM12;ADAM28;ALPL;ARHGAP22;ARHGAP24;ASAP1;CACNA1C;CBLB;CELF2;CEP128;CLNK;COL11A2;CXCL13;DBIP2;DDHD1;DNAH7;EBF1;FAM155A;FBXL20;GATA3;GNAI2P1;GPLD1;HCG25;HDAC9;HECW2;IGSF9B;IL21R;KIF21B;LDLRAD4;LINC00494;LRRIQ3;MARK2P11;MB21D1;MYO16;NFATC1;NTNG2;PCDH9;PHACTR1;PHTF2;PREX1;PRKCH;RPL30P11;SETBP1;SKIL;SLC24A4;SNX29;TNRC6B;TRPS1;WNT7A;ZBTB14
Social Support	0.10536609800833721	0.3533109238771625	1.874544311753614	4.218313955809076	7	42	ABLIM3;C22ORF34;COL19A1;CYTH4;ITGBL1;OCA2;RAC2
C-Reactive Protein	0.10657043400523909	0.35457245365055295	1.2269350318471337	2.7470451592572305	49	424	ADRBK2;APOC1;APOE;BANK1;C12ORF42;C7ORF72;CBL;CCL4;CCM2;CENPP;CETP;DCAF8;DCLK1;EOMES;FADS1;FAM216B;HMCN1;HPN;IL1F10;IL6;JMJD1C;LDLRAD4;LINC00861;LPL;LRRC4C;LYRM4;MYO1G;NKAIN2;NLRP3;OSMR;P2RX7;PDE4B;RGS13;RNF150;RORA;SELE;SKAP1;SNX29;SUSD4;T;TCL1A;TNFSF11;UHRF2;ULK4;WDPCP;XKR6;ZBTB46;ZNF365;ZNF90P3
Aortic Aneurysm, Thoracic	0.1074207670231261	0.35457245365055295	4.683871979918418	10.449726603260613	2	6	ANKRD44;ANKRD44-IT1
Milk Hypersensitivity	0.1074207670231261	0.35457245365055295	4.683871979918418	10.449726603260613	2	6	FAM117A;LSP1
Tamsulosin	0.1074207670231261	0.35457245365055295	4.683871979918418	10.449726603260613	2	6	PIK3CG;RANBP3L
Cell Adhesion Molecules	0.11087034862547536	0.3631218782501034	1.5236421599496222	3.351089105918239	13	93	ARID1B;ARMC4;ATP8B2;BCL6;ESM1;GNAL;GRIN2B;MOXD1;MYT1L;NKAIN2;RAB31;RBM33;RUFY4
Cryptorchidism	0.11087034862547536	0.3631218782501034	1.5236421599496222	3.351089105918239	13	93	ANTXRLP1;ARHGEF3;DCP2;DDHD1;DYRK1A;GREM1;GUCY1A3;LRRC4C;NCALD;SEMA4D;TMEM178B;TSPEAR;UNC13C
Epilepsy	0.11161733128295198	0.3641569302474688	1.6873018867924527	3.6997113174145735	9	59	COTL1;DNAJC5B;GFRA1;HDAC9;PDE7A;RNF115;SYT2;TNS3;VRK2
Memory	0.11255213934558925	0.3656108906743505	1.5865517742169724	3.4655664460884426	11	76	APOC1;BBX;BHLHE22;C16ORF82;CCDC141;CHD6;GYG1P2;PARP8;PCDH11X;PPP1R2P9;TTN
Axial Length, Eye	0.11292833427929641	0.3656108906743505	2.1297538830516216	4.644997204522308	5	27	CMSS1;RSPO1;TECRL;TIMELESS;TP63
Alanine Transaminase	0.11586136953108139	0.3725432387341556	1.3793087446401722	2.9729081273150295	20	156	ARHGAP22;BFSP2-AS1;C16ORF82;CDV3;CELF2;CHST2;DCLK1;HS3ST3B1;ICOS;ITGB2;ITPR1;LINC00861;MCM3;NXT1;PBX2;PCOLCE2;PLEK;PTHLH;SLC9A9;TOX2
alpha-Macroglobulins	0.11595132755867801	0.3725432387341556	1.8224125288078776	3.926542271827078	7	43	EOMES;FOXI2;GPRC5B;QKI;SORCS2;TENM4;USP34
Aortic Aneurysm, Abdominal	0.12058251382861539	0.3816188171729588	2.3424646781789638	4.955298968067973	4	20	ANKRD44;ANKRD44-IT1;GDF7;LRRN4
Coronary Artery Bypass	0.12058251382861539	0.3816188171729588	2.3424646781789638	4.955298968067973	4	20	ARID1B;CYP21A2;LY96;RMI2
Hand Strength	0.12058251382861539	0.3816188171729588	2.3424646781789638	4.955298968067973	4	20	AFF2;SETBP1;TNRC6B;ZMAT1
Oropharyngeal Neoplasms	0.12058251382861539	0.3816188171729588	2.3424646781789638	4.955298968067973	4	20	CSGALNACT1;JAK2;KCNC4;PLCL1
Dental Caries	0.12183841051608277	0.3841546898734699	1.3950913625808268	2.936750488203127	18	139	ARHGAP15;ASUN;CCDC160;ETS1;FBXO15;GABRP;HIVEP2;ITGAL;LINC00693;MAP3K7CL;MYO16;NFASC;NR4A3;PCDH9;PHTF2;RIPK2;SSX2IP;TMEM178B
Corpus Striatum	0.12352867850975227	0.38803618342282775	2.8106403013182675	5.87784128854226	3	13	DENND4B;GATAD2B;SLC27A3
Vascular Diseases	0.1253892730629307	0.39242198421546837	1.5888164383853787	3.298910724879534	10	69	ADAM19;BIN1;GYPC;MDFIC;MIR1284;MTHFD1L;PHGDH;RNGTT;SLC26A9;SUSD5
Bupropion	0.12715620576097852	0.3947692743451496	2.037087611972908	4.201165191291449	5	28	ADAMTS6;DOCK10;FYB;USP44;WDFY4
gamma-Linolenic Acid	0.12715620576097852	0.3947692743451496	2.037087611972908	4.201165191291449	5	28	AHR;CGA;FADS1;KCNK13;NR3C1
Adipose Tissue	0.12754084248074063	0.3947692743451496	1.3706648871633098	2.822635741044934	19	149	ADAM12;BCL6;EBF1;FCRL5;LHX8;LINC00880;MAD2L2;MARK2P11;MSNP1;PAX5;PCDHA13;PCDHAC1;PCDHAC2;QKI;ROBO1;SLC15A4;SNX29;TIAM1;TP73
Vascular Calcification	0.13457964272528372	0.41278625110538464	1.402110682717202	2.8120719457413785	16	123	APOC1;AQP9;CACNA1E;CETP;ELOVL2;FBXO15;GC;GRK6;KCNK13;LMO2;LPL;PHACTR1;SORCS2;ST8SIA1;WDFY4;WDR33
Migraine Disorders	0.13787391313697422	0.41278625110538464	1.2955661411878103	2.5670550723257266	25	206	ADAM28;ADRA1B;ASAP1;FBXO5;FHAD1;GFRA1;IGSF9B;INHBA;JAM3;KBTBD8;LRRIQ3;NLRP1;NPM1P6;NR3C1;PHACTR1;PHF20;RABGAP1L;RDH16;RIPK2;RPAP3;SCN10A;SCN11A;STK10;TBXAS1;TGFB1
Lewy Body Disease	0.13819079055015968	0.41278625110538464	2.2045987625819556	4.36316552159733	4	21	APOE;PARVB;POT1;SAA1
Lipids	0.1385323994096901	0.41278625110538464	1.239264904703222	2.4495942750557314	35	300	APOC1;APOE;C5ORF64;CD180;CELSR1;CETP;CLNK;FADS1;FCGR2C;FOXN2;FRMPD1;HMGB1;ICOS;KCNA1;KLF12;LINC00861;LPL;LRRC55;MEF2B;NEIL3;PDE10A;PHTF2;PPP1R2P9;PRICKLE1;RAMP3;RFC3;RPL7;RPUSD4;SOX5;TIAM1;TMEM154;TRPS1;TTN;USP24;ZNRD1-AS1
Amyloidosis, Cerebral, With Spongiform Encephalopathy	0.13869702867358286	0.41278625110538464	1.7263802970657316	3.410401047442772	7	45	APOE;NKAIN2;NYAP2;PARP8;TMX3;TNFSF8;ZBTB14
Paclitaxel	0.13931759218967865	0.41278625110538464	1.4801948213309477	2.9174626846809213	12	88	ADRA1B;AHR;BOD1L1;DNAH5;KIAA0922;MND1;PAPD7;PRDM15;SIT1;SLC25A1P5;SLC9A9;TMEM132C
Amino Acids	0.14004913740524633	0.41278625110538464	1.5916340334638661	3.1287735997995476	9	62	ARMC4;GLB1L3;GRK6;MTUS2;PHGDH;PPM1K;PTDSS1;SLC13A5;VRK1
Gestational Age	0.14004913740524633	0.41278625110538464	1.5916340334638661	3.1287735997995476	9	62	ADAMTS6;IRF8;LINC00861;PNMA3;QKI;RAB11FIP2;SKA2;SLC29A3;UBR5
Antimetabolites	0.14105750654085095	0.41278625110538464	3.7469720740508317	7.338773131499085	2	7	LINC00158;MIR155HG
Calcium Channel Blockers	0.14105750654085095	0.41278625110538464	3.7469720740508317	7.338773131499085	2	7	TLR1;TLR6
Cerebral Amyloid Angiopathy	0.14105750654085095	0.41278625110538464	3.7469720740508317	7.338773131499085	2	7	MCC;NCALD
Interferon-beta	0.14105750654085095	0.41278625110538464	3.7469720740508317	7.338773131499085	2	7	DENND3;HLA-DQA1
Vitamins	0.14105750654085095	0.41278625110538464	3.7469720740508317	7.338773131499085	2	7	BRAF;CD44
HIV	0.1415354262446882	0.41278625110538464	1.813748441822991	3.546250441317225	6	37	DNAJC5B;KCNQ5;LTF;PDE7A;PHACTR1;ZFP90
Tissue Plasminogen Activator	0.1415354262446882	0.41278625110538464	1.813748441822991	3.546250441317225	6	37	HDAC9;LHX8;LY86-AS1;MARCH1;POLB;STX2
Bronchopulmonary Dysplasia	0.14215479180078927	0.41278625110538464	1.9521435301507537	3.8083172090137576	5	29	CEP170;HIVEP3;KLF12;RASGRF1;TRPS1
Coffee	0.14215479180078927	0.41278625110538464	1.9521435301507537	3.8083172090137576	5	29	AHR;BDNF;FANCA;NCALD;SPP1
Communication Disorders	0.14215479180078927	0.41278625110538464	1.9521435301507537	3.8083172090137576	5	29	CELF4;HNRNPCP4;RAB8B;SCN10A;SCN11A
Virus Diseases	0.14371673910343807	0.4158926182959081	1.5366209602978562	2.980907913281205	10	71	ACTBL2;BCL11B;BLK;DGKG;FAM167A;IGSF10;PLEKHG1;PXK;TECRL;TIAM1
Body Composition	0.14561099587237666	0.41766031882845733	1.6299495646706668	3.140613919069465	8	54	C11ORF21;C16ORF82;FAM155A;KLHDC7B;LINC00341;MOXD1;PRELP;SORCS2
Skin Pigmentation	0.14648170105969094	0.41766031882845733	2.5550419448724533	4.907864496547901	3	14	DEF8;GNG2;IRF4
Triptolide	0.14648170105969094	0.41766031882845733	2.5550419448724533	4.907864496547901	3	14	MTUS2;TECRL;ZNF532
Cardiovascular Physiological Phenomena	0.14677550003270795	0.41766031882845733	1.276818184075361	2.4500239390151006	26	217	ANKRD33B;ARHGEF3;C16ORF82;C9ORF91;CDH2;CYFIP2;DLG2;DUSP22;EBF1;EML6;GC;GP2;LINC00861;MATN1;MBNL1;MTPN;NXT1;P2RX7;PTPRS;RAMP3;RNGTT;RPUSD4;S1PR1;SRGAP2;TENM4;TP73
Waist-Hip Ratio	0.14679895229828618	0.41766031882845733	1.1959108884625114	2.2945838169810875	46	407	ATF7IP2;BBX;BCL2;BIN1;CAMK1G;CCND3;COBLL1;CYP27C1;DYRK1A;ERCC3;FYN;GABPB1;GINS3;GREM1;GYPC;HOXC4;IL6;INTS4;ITGBL1;JAM3;LINC00880;LINGO1;LY86;LY86-AS1;MIAT;MICU3;MSC;N4BP3;NRG2;NYAP2;PCNXL2;PKIA;PLEKHF2;PTHLH;RFX7;SCFD2;SH3BP5;SLC1A3;SNX10;TAF15;TMCC2;TMEM108;TNFAIP8;XKR4;ZNF208;ZNF831
Obsessive-Compulsive Disorder	0.15082239115383195	0.42766751854022816	1.6820577285693565	3.1818684584114045	7	46	ACTBL2;CDH10;FAM155A;IRG1;LSAMP;MSNP1;SESN3
Brain	0.15490437247086505	0.435746169158784	1.3507945583174814	2.519160670138991	17	135	C7ORF72;DENND4A;DKK1;DNAJA1P5;ELMO1;FBXW7;GRIN2B;IKZF1;KANSL1;LINC00423;NNMT;NPL;RORA;SELL;SELP;SH3BP5;ULK4
Anti-Neutrophil Cytoplasmic Antibody-Associated Vasculitis	0.15521845788969701	0.435746169158784	1.7570098963242224	3.273171948372989	6	38	HLA-DPA1;HLA-DPB1;HLA-DQA1;LINC00426;PCDH11X;PHTF1
Compliance	0.15521845788969701	0.435746169158784	1.7570098963242224	3.273171948372989	6	38	ITPR1;KLHL29;MCM10;PCBP3;SOX5;TNFRSF11B
Docosapentaenoic Acid	0.1567526940258995	0.4385961140790896	2.082051282051282	3.8582199005978044	4	22	ELOVL2;FADS1;FADS3;FEN1
Ankle Brachial Index	0.16209863326576987	0.4520572445860579	1.2716202104586714	2.3137769121586897	24	201	ALKBH8;ATP6V1E2;C22ORF34;CDK14;CHST11;DNAH5;FAM155A;FAM81A;FCRL5;GPATCH2L;HELQ;ITPR1;KCNQ5;LINC00494;MSC;PHTF2;RPS17P8;SARDH;SLC15A4;ST3GAL1;VN1R82P;VPS13C;XKR4;ZBTB40
Interleukin-12	0.16342208512382694	0.45424888792642687	1.6399512884978	2.9706388341953	7	47	CELSR1;GPR65;HECW2;LRRC4C;NUDCD3;SACS;WDR77
Cerebrospinal Fluid	0.16597787168805422	0.4598403330373961	1.3099299498979402	2.3525042483652667	19	155	AKT2;APOE;BMP7;BRAF;CHI3L1;CHIT1;CNTN2;CST1;ELOVL5;GPSM3;IL18R1;IL27RA;LINC00494;MAPRE2;MICB;NFATC1;SERPINE2;SIGLEC5;YEATS4
Heart Diseases	0.1694553792768043	0.4679405081336589	1.703710050552652	3.0243675353162724	6	39	GBP5;MAT2B;SASH3;SORCS2;TNFAIP3;TRPS1
Cerebral Cortex	0.17067754720728925	0.468682945900439	2.3420433145009416	4.140683845571214	3	15	APOC1;APOE;TNFSF11
Body Mass Index	0.1708335471447754	0.468682945900439	1.084337568293601	1.9160956212052551	177	1712	ABLIM3;ACKR3;ADAM19;ADAM28;ADAMTS6;ADARB1;AKIRIN2;ALOX12P2;AMER2;APOC1;ARHGEF3;ARL4C;ATAD5;ATP13A2;BBX;BCL2;BCL6;BDNF;BFSP2;BFSP2-AS1;C12ORF42;C15ORF41;C16ORF82;C2CD2;CACNA1E;CCND3;CD47;CDC7;CDH23;CETP;CNKSR2;COBLL1;COL4A3;COL4A4;COPS8;CREB1;CREB5;CUX2;DGKG;DNAJA1P5;DOCK11;DUSP10;EDARADD;EFR3B;ELMO1;ENPP2;ETS1;EVC2;FADS1;FAIM2;FAM155A;FBXO15;FLI1;FLT3;FUBP1;GABPB1;GABPB2;GNA12;GP2;GPR176;GPRC5B;GYG1P2;HDAC9;HELZ;HIF1AN;HNRNPA1P56;HOXC4;IFNG;IGF2BP3;INHBA;IP6K3;ITGAX;ITGBL1;ITIH1;ITK;JAZF1;KCNE2;KDM2B;KLF12;KLHL29;KYNU;LDLRAD4;LINC00341;LINC00861;LINC00880;LPL;LRP8;LY86;LY86-AS1;MAD2L2;MAP3K1;MAPRE2;MATN1;MBNL1;MCC;MCM10;MCM6;MDFIC;MEF2C;MFNG;MMS22L;MPHOSPH9;MRAS;MSC;MTHFD1L;MYBPC2;MYL2;MYO1F;NKAIN2;NLRC3;NPM1P6;NRG2;NUP93;NYAP2;OR4K2;OSBPL10;PABPC1P11;PAX5;PCDH9;PCDHA13;PCDHAC1;PCDHAC2;PCNXL2;PDE10A;PLA2G2D;PLCG1;PLXNC1;PPP1R2P9;PRKCQ;PRRX1;PTER;QKI;RABGAP1L;RASA2;RBM6;RFTN1;RFX7;RIC3;RIPK2;RNF25;RPL34P23;RQCD1;SAMSN1;SCFD2;SERPINA3;SKAP1;SLBP;SLC24A4;SMC2;SNRPN;SNX10;SNX29;SOS1;SOX5;SUZ12;TCTN1;TENM4;TIFA;TMEM178B;TNFAIP8;TNFRSF1B;TNRC6B;TOX;TP73;TRAF3;TRAFD1;TRPS1;USP34;VIT;VRK2;WIPF1;WNK1;ZDBF2;ZNF101;ZNF208;ZNF532;ZNF90P3
Hip	0.17449079695234923	0.47350894905604113	1.1226293009700292	1.9599797242466226	85	796	ACTBL2;ACTR3P3;ADAM28;AFF2;ANK1;ANKRD44;ARHGAP22;ARMC4;ATAD5;ATP13A2;BDNF;C12ORF77;C1ORF216;C22ORF34;C3;C8ORF37;CACNA1E;CAMK1G;CASC5;CBLB;CDH10;CDH2;CDH23;CLNK;COBLL1;DLG2;DNAH8;DNAJC5B;DOCK8;EBF1;ERCC3;ESM1;EVI2B;FAIM2;FAM184A;FBXL2;GABPB1;GNA12;GPRC5B;HMGN3;IGF2BP3;IL22RA2;JAZF1;KIAA0226L;KRT77;LINC00460;LRRC4C;LY86;MAGOHB;MCM3;MCM6;MPHOSPH9;MYO5A;NKAIN2;OCA2;PHACTR1;PKIA;PLXNC1;PPP1R2P9;PRICKLE1;PRRX1;PTER;PTPRM;RFPL3S;RORA;RUNX2;SESN3;SLBP;SLC24A4;SLC46A2;SPP1;SRGAP2;SS18;STX1B;SUZ12;TAMM41;TBC1D8;TECRL;TENM4;TIAM1;TLR4;TRPS1;TTN;VAMP1;ZNF366
Hemoglobin A, Glycosylated	0.17453292146989277	0.47350894905604113	1.2151955874677312	2.1212963261772777	32	279	AFF3;ARAP2;BIN2P2;CD22;CD44;ENKUR;ESR2;FECHP1;HNRNPC;HS3ST3A1;IQSEC1;KATNAL1;KCNA2;LINC00861;LRIF1;MEF2B;OLFM1;PBX2;PRICKLE1;PVT1;RAB31;RNPS1;SELL;SERPINF2;SLC23A2;SSX2IP;STAP1;TRAF5;TSPEAR;VAT1L;WDR77;ZEB1
Narcolepsy	0.1761726857884419	0.47350894905604113	1.9724035363133108	3.4246657110723833	4	23	CCR1;HLA-DQA1;PREX1;ZNF365
Allergens	0.17651517035816916	0.47350894905604113	3.1223721368057733	5.4152812922302545	2	8	SLC9A9;SSXP10
Takotsubo Cardiomyopathy	0.17651517035816916	0.47350894905604113	3.1223721368057733	5.4152812922302545	2	8	ARID5B;LY86-AS1
Temporomandibular Joint Disorders	0.17651517035816916	0.47350894905604113	3.1223721368057733	5.4152812922302545	2	8	ANKRD26P4;PPP1R9B
Vascular Grafting	0.17651517035816916	0.47350894905604113	3.1223721368057733	5.4152812922302545	2	8	ARID1B;RMI2
Basophils	0.17767057136229278	0.47408769521445754	1.2844032731469675	2.2192230143317024	20	166	B3GALNT1;C22ORF34;CBLB;DLG2;FGD3;MACC1-AS1;N4BP2;NFASC;OSBPL3;PCMTD2;PIP4K2A;PPM1K;PYCR2;RARB;SMC2;SP140;SP140L;STAT4;UBD;VRK2
Hematocrit	0.1778530170212817	0.47408769521445754	1.2251582278481012	2.1156005531787265	29	251	ACMSD;APOC1;CACNA1C;CACNA1I;CCR6;CETP;CSF3R;EML6;ENTHD1;FADS1;FAM155A;FAM216B;LINC00861;LPL;LY86;MAP3K8;MAT2B;MCM10;MSL3;NKAIN2;PHTF2;PLCG1;QKI;RPL34P23;SNX10;SNX29;SOX5;TNFSF11;YEATS4
Amyloid Beta-Protein (1-42)	0.18068475122846336	0.4786163472979672	1.5300027587268796	2.617836972605303	8	57	AKT2;APOC1;APOE;BRAF;ELOVL5;LINC00494;MAPRE2;RABGAP1L
Loneliness	0.18068475122846336	0.4786163472979672	1.5300027587268796	2.617836972605303	8	57	ADAM12;BUD13;CCDC69;CDC25A;GNA12;HDAC9;MACF1;PLCL1
Eye Movements	0.18306219032870266	0.48042745495259964	1.47974180734856	2.5124970392161203	9	66	ADAM12;CACNA1C;CACNA1C-AS1;CCDC141;CCND3;GALNT18;MATN1;PLEKHG7;SH3TC2
Myopia	0.18306219032870266	0.48042745495259964	1.47974180734856	2.5124970392161203	9	66	APH1B;DLG2;ERI1;KCNQ5;LINC00862;LRRC4C;PCBP3;RASGRF1;TOX
Subcutaneous Fat	0.18315531252697234	0.48042745495259964	1.3691520674723348	2.3240271754441735	13	102	ADAM28;C1ORF61;ITPKB;ITPKB-IT1;LINC00460;NEIL3;NKAIN2;PLCL1;RNGTT;RORA;SNRPD2;SP110;TLR4
Dehydroepiandrosterone	0.18418642910058353	0.48042745495259964	1.4418660923851234	2.4393589069094657	10	75	CYFIP2;IL4I1;KIF11;MATN1;NUP62;PRKAR1A;RPL30P10;SLC1A2;TBX22;TSPAN18
Receptors, Interleukin-6	0.18421123716525714	0.48042745495259964	1.6535454898264679	2.7972568568431826	6	40	POU2F1;RPA2;SLC5A6;SS18;SSBP2;TMEM156
Bone Density	0.1853783292426657	0.48198365603093085	1.1559218000942169	1.9481403414550056	51	465	ACKR3;ANP32E;ARID1B;ARMC12;ATP6V1G1;CCDC81;CD300E;CD38;CD83;CLNK;COPS8;CTNNBL1;FAM155A;FBXO15;FCN1;GABPB1;HDAC9;HOXC4;HPCAL4;IL21R;IQSEC3;KIAA1644;KRTAP11-1;LRIF1;MAP3K1;MEF2C;MEF2C-AS1;NKAIN2;OLFM1;PCNXL2;PKIA;PLEKHF2;PLEKHO1;PPIE;PRICKLE1;PTHLH;RAB37;RHEBL1;RORA;SAMSN1;SKIL;SNN;ST8SIA4;TACSTD2;TBC1D8;TNFRSF11B;TNFSF11;VIT;WIPF3;ZBTB40;ZNF154
Autistic Disorder	0.18752033495510553	0.4860573099296447	1.1580789038810184	1.9384712028834483	49	446	AHR;BATF3;BIN2P2;C12ORF79;C16ORF82;C8ORF22;CDH10;DENND3;DNAAF1;DOCK2;EVA1C;FAM155A;FAM163A;FAM184A;FBLN7;GABRG3;GBGT1;GPM6A;HS3ST3A1;IL2RA;IL7R;KCNE2;LBH;LDLRAD3;LINC00877;LINC00926;LRRC4C;MICU3;MSC;MSNP1;MTF2;NEK6;NYAP2;POGLUT1;POLQ;PPP2R5C;PVT1;RASSF2;RASSF5;RBMX;ROBO1;SLC1A2;SLC1A3;SNX10;STAT2;TCF4;TP63;TSPAN18;UBE2I
Glucose	0.18810551539959566	0.486083059671738	1.1801443932411675	1.9717288666627457	39	349	ADAM12;APOC1;ARHGEF3;BCL11A;BCL6;CCDC88A;CETP;DLG2;FADS1;IER5;IKZF1;KCNJ15;KDM2B;KLHL29;LINC00861;LPL;MCF2;MICU3;NAP1L1;NEIL3;NIPSNAP3B;NYAP2;PDE4B;PHF10;PLCG1;PREX1;PTPRM;RIC3;RNF144B;RNF8;RPL34P23;SLC43A3;SNX10;SV2B;TCF12;TMEM108;TNFSF8;UNC13C;ZNF626
Efavirenz	0.18995007547677792	0.4878656953734874	1.5617536140791954	2.594063385583955	7	49	ACTBL2;BCL11B;BLK;DGKG;FAM167A;IGSF10;TIAM1
Myoglobin	0.18995007547677792	0.4878656953734874	1.5617536140791954	2.594063385583955	7	49	CBX5;GSAP;LECT1;PLEKHG7;STK10;UBR5;VRK1
Telomere	0.19126887679360932	0.48976424512302996	1.7350642099385818	2.869926522102289	5	32	CELF4;CSNK2A2;CTC1;LRRC34;RASGEF1A
Body Weights And Measures	0.19503595268176924	0.4938014980211701	1.2087004219409283	1.9757070981884437	29	254	ACTR3P3;AFF3;ANKRD13A;BFSP2;BFSP2-AS1;CYFIP2;GIN1;LINC00926;MAP3K1;MEF2C-AS1;MTPN;MYBL1;NEIL3;PHF21A;PLCL1;PPP1R12A;RANBP3L;RASGRF2;RFC1;RFC3;RGS18;RNF165;SEMA3A;SLAIN1;SLC35B4;SNRPGP2;XKR4;ZEB1;ZEB1-AS1
Amyloid beta-Peptides	0.19590314368554954	0.4938014980211701	2.1618137041865855	3.5240479811087737	3	16	APOC1;APOE;ARID1B
Thyroid Microsomal Antibodies	0.19590314368554954	0.4938014980211701	2.1618137041865855	3.5240479811087737	3	16	BACH2;HLA-DOB;HLA-DPB1
Corneal Pachymetry	0.1963518382664061	0.4938014980211701	1.8737205651491367	3.050130655286145	4	24	FOXO1;HERC1;SEMA3A;SLC24A4
Linoleic Acid	0.1963518382664061	0.4938014980211701	1.8737205651491367	3.050130655286145	4	24	FADS1;FEN1;FGD2;NYAP2
Temperament	0.1963518382664061	0.4938014980211701	1.8737205651491367	3.050130655286145	4	24	APBA2;EGR2;SLA;TG
Anxiety	0.19944887654069837	0.4991271942779852	1.6062474754274942	2.589587896718107	6	41	ASAP1;CREB5;CYTH1;IL20RB;JAZF1;KLF12
Diabetes Mellitus	0.19965087771119408	0.4991271942779852	1.1963815197929617	1.9275920178692698	31	274	APOC1;ARID1B;ASAP1;C5ORF64;CDH3;CETP;CHST11;CYP4X1;FADS1;FAM155A;GAS1;IPCEF1;LINC00861;LINC00877;LPL;MDM1;MTA3;PARP15;PLCG1;PPP1R2P9;RORA;RPL34P23;SETBP1;SLC15A4;SLC25A1P5;SLC9A9;SLC9B1;TENM4;TLR1;TLR6;TMED7-TICAM2
Emphysema	0.20591311111436944	0.5132642445181185	1.469904025741073	2.3228907869046007	8	59	BICD1;DNAH5;LSAMP;MMP12;PRRX1;TMEM72-AS1;UNC13C;ZNF791
Lung Neoplasms	0.21133347085018217	0.5234491544965333	1.3243723305223962	2.0584957023723796	13	105	ADAMTS6;BRCA2;BRIP1;CHEK2;DOCK8;GNG2;MAP3K1;MTX1;ROS1;SENP1;SH2B3;SYNGR2;TP63
Epirubicin	0.21312941412787492	0.5234491544965333	2.676229324487875	4.137064408510917	2	9	ALOX5AP;BCL6
Methylphenidate	0.21312941412787492	0.5234491544965333	2.676229324487875	4.137064408510917	2	9	RASGRF2;ST6GAL1
Sulfates	0.21312941412787492	0.5234491544965333	2.676229324487875	4.137064408510917	2	9	IL12B;UBLCP1
Erythrocyte Count	0.21356136673538623	0.5234491544965333	1.1152958672161586	1.7218283959887049	70	659	ACKR3;ADRA1B;ARHGAP15;ARHGAP24;BANK1;BCL11A;C16ORF82;C22ORF34;CCND3;CD86;CDH2;CDK1;CDO1;CELF1;CMTM7;COPS8;DENND4A;DNAJC5B;EBF1;ELMO1;ETS1;FAM49A;FLOT2;GABBR2;GALNT18;GATA3;GC;GCDH;GNA12;GPR137B;GSAP;GYPC;HIVEP2;HSPB8;ICOS;IKZF1;IL2RA;KCNC4;KCNJ15;LRCH1;LRRC30;LRRK2;MARK2P11;MATN1;MTUS2;NFASC;NLRC5;PACSIN1;PARVB;PMAIP1;POU2F1;PTPRM;QKI;RARB;RASA2;RBPMS;REL;RNGTT;RPL22L1;RPS26;SESN3;SLC25A1P5;SYNE1;TMCC2;TOR3A;UBA52P9;UHRF2;ZHX2;ZNF365;ZNF430
Myopia, Degenerative	0.21371592698379172	0.5234491544965333	1.3388641575610414	2.0660114432376324	12	96	ANXA6;BCL6;CLNK;DNAJC5B;ERI1;FLI1;GATA4;PARP8;PDE7A;ROS1;SCML4;VIPR2
Behavior	0.21512934085350646	0.5253881301191126	1.5615771284951303	2.3993880032605803	6	42	IL16;LPL;MTA3;NDNL2;PARP8;PTHLH
Carcinoma, Hepatocellular	0.22195176245015846	0.535854969343954	2.0073311810599948	3.021626005672086	3	17	CCR4;HLA-DQA1;STAT4
Dupuytren Contracture	0.22195176245015846	0.535854969343954	2.0073311810599948	3.021626005672086	3	17	DUSP10;ZBTB40;ZC3H12D
Essential Tremor	0.22195176245015846	0.535854969343954	2.0073311810599948	3.021626005672086	3	17	LINC01016;LINGO1;SLC1A2
Tomography Scanners, X-Ray Computed	0.22195176245015846	0.535854969343954	2.0073311810599948	3.021626005672086	3	17	HIVEP3;RPA1;TRPS1
Audiometry, Pure-Tone	0.22688072781752472	0.5446426562665011	1.6152963091318662	2.3960188112103173	5	34	DPYSL3;FAM155A;PDE4B;PRKCB;SLC24A4
Prion Diseases	0.22688072781752472	0.5446426562665011	1.6152963091318662	2.3960188112103173	5	34	ATRIP;C6ORF223;FBXO15;GALNT18;SEMA3A
Motor Activity	0.2291735471387203	0.5467576533397334	1.3580972961144466	2.000851764540942	10	79	ARAP2;GLCCI1;HDAC9;KLHL29;PABPC1P11;PIP4K2A;PLEKHG1;SRSF10;SS18;TLR4
Phospholipids	0.2291735471387203	0.5467576533397334	1.3580972961144466	2.000851764540942	10	79	CDK17;CEP128;DLG2;ELOVL2;FADS1;HIF1AN;MMS22L;TMEM132C;XRCC2;ZNF512
Aspartate Aminotransferases	0.22970291945042054	0.5467576533397334	1.2405949134620735	1.8248759887524655	18	154	ACMSD;AHR;BASP1;BFSP2-AS1;CDV3;CELF2;FAM216B;ICOS;KCNH4;KLF12;PLEK;PTHLH;RFX7;ROBO1;SERPINE2;SERPINF2;TNFSF11;TRPS1
25-Hydroxyvitamin D 2	0.23121226255646513	0.5472671200566191	1.5193213949104618	2.224923277116333	6	43	CCDC141;CREB1;GC;KRT72;TERF2;TTN
Substance-Related Disorders	0.23121226255646513	0.5472671200566191	1.5193213949104618	2.224923277116333	6	43	DGKG;EOMES;HS3ST3A1;NFASC;PLEKHG1;SH3BP5
gamma-Globulins	0.23266621082326483	0.549170246216924	1.4574900481877227	2.1252397318895504	7	52	ADCYAP1R1;CACNB4;CBX2;CTLA4;FCRLA;FCRLB;KIAA1644
Anticoagulants	0.2453679493332307	0.5596383209110067	1.5614007537688441	2.1937623771844916	5	35	ARHGAP15;CACNA1C;CAMK4;GTDC1;HELLS
Lipoprotein A-I	0.2453679493332307	0.5596383209110067	1.5614007537688441	2.1937623771844916	5	35	ARID1B;QKI;SYNE1;SYTL3;TAGAP
Albumins	0.24657301623837666	0.5596383209110067	1.2225330097486735	1.7116649429256974	18	156	AHR;CACNB4;CTLA4;CYP7B1;DENND5A;FGD5;GLRA3;GNAS;KIF3A;LRCH1;MARCH1;MTX3;NCKAP1L;NTNG2;RANBP3L;SLC26A9;SLC2A3;VIT
Hippocampus	0.24729751309094336	0.5596383209110067	1.2392995652887353	1.7315036977536573	16	137	ACBD7;BUD13;C7ORF72;CDH10;CHD6;DTHD1;ETS1;F5;GYG1P2;HMGB1;HOXC4;IKZF1;MSNP1;RUFY3;SORCS2;ZBP1
Chemical And Drug Induced Liver Injury	0.2476562395752847	0.5596383209110067	1.4792896473039336	2.064664716255661	6	44	FAM65B;HHEX;RAB31;ROBO1;ST6GAL1;TBXAS1
Lung Diseases, Interstitial	0.2476562395752847	0.5596383209110067	1.4792896473039336	2.064664716255661	6	44	CRHR1-IT1;ITM2A;KANSL1;LRRC34;MCM7;TBX22
Venous Thromboembolism	0.24846947060762273	0.5596383209110067	1.184095784484909	1.6487767637950066	24	214	CCR4;CDH10;CDK17;CMTM7;F5;FAM155A;FBXO15;FGF18;GLRA3;GNAL;LINC00877;LY86;LYRM4;MTPN;PRDM15;RORA;SERPINB9;SLC44A2;SOX5;TLR4;TMX3;TNFSF13B;WNK1;YEATS4
Acquired Immunodeficiency Syndrome	0.24862601487669012	0.5596383209110067	1.8734463276836157	2.6074728276224843	3	18	LTF;SOX5;ZNRD1
Apolipoproteins E	0.24862601487669012	0.5596383209110067	1.8734463276836157	2.6074728276224843	3	18	AFF3;NKAIN2;PDE4B
Blood Viscosity	0.24862601487669012	0.5596383209110067	1.8734463276836157	2.6074728276224843	3	18	FAM65B;NKAIN2;WISP1
Voice	0.24862601487669012	0.5596383209110067	1.8734463276836157	2.6074728276224843	3	18	EGR4;PDE4B;ZNF483
Surveys And Questionnaires	0.24924102641213716	0.5596383209110067	1.3047773060040946	1.812772612922044	11	90	DDHD1;EML6;IL19;NKAIN2;PDE10A;PDE4B;RAB30;RPP30;SLC13A5;SOX5;THAP2
Delta-5 Fatty Acid Desaturase	0.2503470832004267	0.5596383209110067	2.341622215249451	3.2429289765571223	2	10	BLM;EBF1
Hepatitis	0.2503470832004267	0.5596383209110067	2.341622215249451	3.2429289765571223	2	10	FGF18;GABRG3
Melanosis	0.2503470832004267	0.5596383209110067	2.341622215249451	3.2429289765571223	2	10	FANCA;IRF4
Otitis Media	0.2503470832004267	0.5596383209110067	2.341622215249451	3.2429289765571223	2	10	DSE;NR4A3
Ovarian Reserve	0.2503470832004267	0.5596383209110067	2.341622215249451	3.2429289765571223	2	10	GRIN2B;WNT7A
Protein C	0.2503470832004267	0.5596383209110067	2.341622215249451	3.2429289765571223	2	10	CYP27C1;ELMO1
Scoliosis	0.2503470832004267	0.5596383209110067	2.341622215249451	3.2429289765571223	2	10	BCL2;HIVEP2
Seasonal Affective Disorder	0.2503470832004267	0.5596383209110067	2.341622215249451	3.2429289765571223	2	10	LINC00494;MYO16
Carotid Artery Diseases	0.25310034911016954	0.5643002506545997	1.3197524245820946	1.8132992253587192	10	81	DUSP22;FBXO15;KRTAP11-1;MED6;PCDH9;PDE4B;QKI;ST3GAL1;TLR4;TRPM1
Maximal Midexpiratory Flow Rate	0.2600559244692729	0.5737158757048276	1.3628190106027265	1.8355244733063725	8	63	BRIP1;FJX1;MTUS2;MYO16;OCA2;SAMD4A;SEPT7;TCF12
Serotonin Uptake Inhibitors	0.2600559244692729	0.5737158757048276	1.3628190106027265	1.8355244733063725	8	63	CBX4;CHST11;EID3;MTMR12;OSMR;PHACTR1;SLC26A9;TAF1B
Arthritis, Psoriatic	0.26043822328612537	0.5737158757048276	1.629158419220531	2.191852781927009	4	27	ADRA1B;REL;STAT2;TRAF3IP2-AS1
Estradiol	0.26077063788328386	0.5737158757048276	1.288424323473883	1.7317892227504106	11	91	ADAM12;AFAP1-AS1;BANK1;CHD6;EHD3;OLFM1;OSBPL3;PLEK;PLXNC1;RPUSD4;TP63
Amyotrophic Lateral Sclerosis 1	0.2617414750024214	0.5737158757048276	1.2330862600736245	1.6528263555947276	15	129	ANKRD29;ETS1;LEF1;LRRC8C;MRAS;NFASC;NFATC2;NPM1P6;RBM19;RPS17P8;SLC9A9;STON1-GTF2A1L;TBXAS1;TCL6;UNC13A
Osteoprotegerin	0.2624588330710619	0.5737158757048276	4.68271643663739	6.263887318264041	1	3	VTN
Severity Of Illness Index	0.2624588330710619	0.5737158757048276	4.68271643663739	6.263887318264041	1	3	IL33
Interleukin-8	0.26275508153582045	0.5737158757048276	1.3953755834013133	1.8649654163746348	7	54	IPCEF1;NFAM1;P2RX7;PDE10A;TAGAP;TNFRSF11B;ZNF366
gamma-Glutamyltransferase	0.2672103099267857	0.5819399790931287	1.263434870717552	1.6673793238085046	12	101	C12ORF43;CEPT1;CUX2;DCSTAMP;FBXO15;GRK6;LMO2;LRRC4C;MYL2;PDE10A;PRICKLE1;RORA
Methoxyhydroxyphenylglycol	0.26989157926851476	0.5862683405704241	1.3175854952830188	1.7256877845046688	9	73	ADAM12;ANKRD26P4;ANKRD33B;ATP2B4;CCND3;COL4A3;GIT2;RAB11FIP2;RPL30P7
Mortality	0.2726801486041102	0.5896210866428031	1.2430377062663855	1.6152725415028757	13	111	APOC1;CETP;CMTM7;DUSP10;FADS1;GPM6A;LINC00861;LPL;LRRIQ3;PLCG1;RPL34P23;SOX5;TNFAIP3
Intelligence Tests	0.2742228149826418	0.5896210866428031	1.1550136126689972	1.4943731399571365	26	237	ABCA7;ALPK2;ANKRD26P4;BMP7;CDH23;CELF4;CYP4X1;DUSP10;FGF18;LDLRAD4;LILRB4;MYCBP2;OCA2;PARP8;PCDHGA4;PRDM15;PTPRS;RASA3;S100Z;TCF4;TENM4;THEMIS;UBE2I;VCAM1;WNT7A;ZNF714
Dextroamphetamine	0.2742261385214457	0.5896210866428031	1.3384380473346207	1.7316740767069643	8	64	CDH23;HLA-DOA;KIAA1644;MCC;RAB31;RASGRF2;SORCS1;VAT1L
Vitamin B 12	0.2742261385214457	0.5896210866428031	1.3384380473346207	1.7316740767069643	8	64	ARHGEF2;CDRT8;CELF2;ITPR1;LGI2;MATN1;PRDM8;SDR16C5
Metformin	0.2757399943158937	0.5898741650555194	1.7562970809792844	2.2626320969399702	3	19	SH3TC1;STX1B;SV2B
Methotrexate	0.2757399943158937	0.5898741650555194	1.7562970809792844	2.2626320969399702	3	19	CACNA1I;CYTH4;PTPRM
Methadone	0.2814587138326245	0.5957001005901288	1.4052309142318566	1.7815089034295657	6	46	BCL11A;DGKG;LSP1;MAT2B;SLC25A1P5;SORCS1
Nose	0.2814587138326245	0.5957001005901288	1.4052309142318566	1.7815089034295657	6	46	BMP7;ITM2A;RASSF9;ROBO1;RUNX2;TBX22
Uterine Cervical Neoplasms	0.28265189166047516	0.5957001005901288	1.5612244897959184	1.972668347999106	4	28	GSAP;HCG25;HLA-DQA1;LY9
Agranulocytosis	0.28322203204577406	0.5957001005901288	1.2972714078374457	1.6365391756057897	9	74	CHI3L1;CHIT1;GSAP;HS3ST3A1;LILRB4;MSNP1;NFASC;PBX2;PHLDB2
White Matter	0.28322203204577406	0.5957001005901288	1.2972714078374457	1.6365391756057897	9	74	CARD11;CDH2;DLX4;DUSP10;EVL;GAS1;GNA12;PTHLH;SLC4A8
Chemokine CCL2	0.2833981543635879	0.5957001005901288	1.4637150596733668	1.8456019256658034	5	37	DLG2;ETS1;HDAC7;RASGEF1A;TRIM61
Diabetic Retinopathy	0.2833981543635879	0.5957001005901288	1.4637150596733668	1.8456019256658034	5	37	ARHGAP22;CREB5;LINC00881;TCF4;TNFRSF13B
Asparaginase	0.28771095063900426	0.5988072741131986	2.0813722413973434	2.5929713454994565	2	11	NFATC2;SORCS1
Carcinoma, Renal Cell	0.28771095063900426	0.5988072741131986	2.0813722413973434	2.5929713454994565	2	11	CEP85L;PVT1
Peripheral Arterial Disease	0.28771095063900426	0.5988072741131986	2.0813722413973434	2.5929713454994565	2	11	HDAC9;OSBPL10
Sensation Disorders	0.28771095063900426	0.5988072741131986	2.0813722413973434	2.5929713454994565	2	11	AHR;ARID1B
Bilirubin	0.29314686586493993	0.6086218713903544	1.1714116719242902	1.4374176463975594	19	171	C21ORF62;CACNA1C;CAMK4;CPNE5;DUSP22;HLA-DOA;HLA-DPA1;IL6;KIRREL3;LINC00877;LPXN;LRRC4C;MSNP1;PIK3CG;PIK3R3;PITPNC1;ST3GAL1;STK10;THEM4
Plaque, Atherosclerotic	0.2963521268280638	0.613768497964985	1.2417296625141219	1.5102002009059527	11	94	APOC1;CD80;GEM;KCNQ5;LINC00877;PARP8;PHACTR1;ROBO1;SNRPN;TP73;TSPAN11
Lutein	0.2987323650421371	0.6156801181965997	1.3709110135399187	1.656344566202382	6	47	C12ORF42;CXCL13;KIRREL3;SKA1;SSXP10;TRERF1
Opioid-Related Disorders	0.2987323650421371	0.6156801181965997	1.3709110135399187	1.656344566202382	6	47	BCL11A;DGKG;LSP1;MAT2B;SLC25A1P5;SORCS1
Colorectal Neoplasms	0.30030467679163514	0.6157924834197205	1.146545409335896	1.3792456633950727	23	211	BRCA2;DUSP10;ELOVL5;FAM49B;FBP2;GATA3;GDPD5;GREM1;LRRC4C;LSAMP;LY86;MACF1;MAP3K1;MTX1;PNMAL1;PREX1;RNGTT;SH2B3;SNN;TFEB;TGFB1;TNS3;WNK1
1-Alkyl-2-acetylglycerophosphocholine Esterase	0.3031207238092834	0.6157924834197205	1.6529300985931095	1.9729772416454825	3	20	APOC1;CETP;SSX2IP
Chagas Cardiomyopathy	0.3031207238092834	0.6157924834197205	1.6529300985931095	1.9729772416454825	3	20	SLC29A1;TIAM1;ZNF208
Pre-Eclampsia	0.3031207238092834	0.6157924834197205	1.6529300985931095	1.9729772416454825	3	20	INVS;MCM8;MYCBP2
Tooth	0.3031207238092834	0.6157924834197205	1.6529300985931095	1.9729772416454825	3	20	IFI16;LINC00693;SNRPN
Polychlorinated Biphenyls	0.30315937645278546	0.6157924834197205	1.2921982894123514	1.5422342867335583	8	66	CSN3;INSRR;NIN;NTRK1;QKI;RASGRP3;SS18;VIT
Transplants	0.3051314252982754	0.6183118810001025	1.4987252747252746	1.7790059237733131	4	29	CALCB;HLA-DPA1;HLA-DPB1;RNF175
Calcium	0.30836815862455746	0.6213057474788614	1.1404405940097664	1.341683755793632	23	212	ADAM12;ADAMTS6;ARID1B;C5;CSTA;DYRK1A;FBXW7;GATA4;KCNQ5;MDS2;NAP1L4;NCALD;RAB31;RAN;RARB;RGS14;SLC13A5;SOX5;ST3GAL1;TF;TNS3;TRIM6;USP13
Astigmatism	0.3096886730983949	0.6213057474788614	1.3115210559396606	1.5373489372246514	7	57	CHSY1;DNAH5;EML6;NYAP2;PLCL1;TNR;TOX
Trans Fatty Acids	0.3096886730983949	0.6213057474788614	1.3115210559396606	1.5373489372246514	7	57	CYTIP;FADS1;FADS3;FBXO15;FEN1;FGF1;LRCH1
Neoplasms	0.31285295185020595	0.6213057474788614	1.2089311279661275	1.40480456866749	12	105	APOC1;CETP;FADS1;FAM155A;FCHO1;GLRA3;LINC00861;LPL;MBNL1;PBX2;PLCG1;RPL34P23
Beta-Globulins	0.3161979903203394	0.6213057474788614	1.3382253938333109	1.5408149333774326	6	48	COCH;COTL1;GNB4;ITGAX;NEK6;REL
Carotid Arteries	0.3161979903203394	0.6213057474788614	1.3382253938333109	1.5408149333774326	6	48	DUSP22;EBF1;FAM49A;LHFPL1;MAT2B;SIGLEC6
Cardiovascular Diseases	0.3200534923671208	0.6213057474788614	1.148623181031851	1.3085886389389005	19	174	BANK1;CAMK1G;CD300E;CYTH1;EGR2;IFNG;ITM2A;LHFPL1;LINC00487;LRRC16B;NPL;RAB37;RUFY3;SEMA3A;TBX22;TENM4;UNC13C;ZNF32;ZNF532
Fertility	0.3224316596353251	0.6213057474788614	1.3775218001773575	1.5591674358214127	5	39	C5ORF64;ETS1;PDCD1LG2;SYNE1;TMEM108
Multiple Myeloma	0.32418033211757397	0.6213057474788614	1.2399139844617093	1.3967077257305942	9	77	EOMES;IRF4;LRRC34;MTX3;POLQ;SP140;TBC1D27;TNFRSF13B;ULK4
Acylcarnitine	0.32484636334743233	0.6213057474788614	1.8731722623156573	2.1062003924779114	2	12	LINC00998;THEM4
Calorimetry, Indirect	0.32484636334743233	0.6213057474788614	1.8731722623156573	2.1062003924779114	2	12	SCRN1;UNC13A
Esophageal Squamous Cell Carcinoma	0.32484636334743233	0.6213057474788614	1.8731722623156573	2.1062003924779114	2	12	HLA-DQA1;TMEM173
Exercise	0.32484636334743233	0.6213057474788614	1.8731722623156573	2.1062003924779114	2	12	CRTC3;NYAP2
Gallbladder Diseases	0.32484636334743233	0.6213057474788614	1.8731722623156573	2.1062003924779114	2	12	ANKRD44;FXR1
Glycerophospholipids	0.32484636334743233	0.6213057474788614	1.8731722623156573	2.1062003924779114	2	12	ELOVL2;FADS1
Logic	0.32484636334743233	0.6213057474788614	1.8731722623156573	2.1062003924779114	2	12	LRRC4C;ZFP90
Oligoclonal Bands	0.32484636334743233	0.6213057474788614	1.8731722623156573	2.1062003924779114	2	12	HLA-DQA1;HLA-DRB6
Partial Thromboplastin Time	0.32484636334743233	0.6213057474788614	1.8731722623156573	2.1062003924779114	2	12	F5;GRK6
Primary Amyloidosis	0.32484636334743233	0.6213057474788614	1.8731722623156573	2.1062003924779114	2	12	TNFRSF13B;ULK4
Liver Cirrhosis	0.3256872984633674	0.6213057474788614	1.285761822013532	1.4423901964911074	7	58	CDH2;DCLK1;EHBP1L1;MATN1;OXTR;SLC9A9;ST8SIA1
Insulin Resistance	0.32766698556428936	0.6213057474788614	1.1118611896042339	1.240567432646811	28	264	ANK1;ANK2;BCL11A;BCL2;BFSP2;BIN1;CCDC88A;CYP27C1;FADS1;FEN1;FYN;GP2;HELZ;ITPR1;LRRC4C;NXT1;PARP11;PCBP3;PCDH9;PHGDH;SLC29A3;SNX29;TAMM41;TNFSF8;TNRC6B;TOX;TRPS1;UBXN11
Nitric Oxide	0.32778618859253034	0.6213057474788614	1.441033691583142	1.6073199690976694	4	30	ANK2;CACNA1C;LINC00426;SMG9
Refractive Errors	0.32778618859253034	0.6213057474788614	1.441033691583142	1.6073199690976694	4	30	KCNQ5;PDE10A;RASGRF1;TOX
Depression	0.332718867404744	0.6213057474788614	1.2490411820182332	1.3745165961717152	8	68	BIN1;CACNB4;FAM155A;FBXO15;GALNT18;MAP3K1;SYNDIG1;TNRC6C
Anemia	0.333634973050406	0.6213057474788614	3.1217063989962357	3.42672139702504	1	4	TF
Azoospermia	0.333634973050406	0.6213057474788614	3.1217063989962357	3.42672139702504	1	4	SOX5
Hashimoto Disease	0.333634973050406	0.6213057474788614	3.1217063989962357	3.42672139702504	1	4	CLNK
Interleukin-2 Receptor Alpha Subunit	0.333634973050406	0.6213057474788614	3.1217063989962357	3.42672139702504	1	4	IL2RA
Leiomyoma	0.333634973050406	0.6213057474788614	3.1217063989962357	3.42672139702504	1	4	TNRC6B
Myeloproliferative Disorders	0.333634973050406	0.6213057474788614	3.1217063989962357	3.42672139702504	1	4	JAK2
Neoplasm Metastasis	0.333634973050406	0.6213057474788614	3.1217063989962357	3.42672139702504	1	4	ELOVL5
Severe Dengue	0.333634973050406	0.6213057474788614	3.1217063989962357	3.42672139702504	1	4	MICB
Uromodulin	0.333634973050406	0.6213057474788614	3.1217063989962357	3.42672139702504	1	4	MARCH1
Altruism	0.3338139755685243	0.6213057474788614	1.3070600355084059	1.4340688897494036	6	49	CXCL13;DTHD1;KIAA1644;KIF24;RIPK2;VAV3-AS1
Esthetics	0.3338139755685243	0.6213057474788614	1.3070600355084059	1.4340688897494036	6	49	GYG1P2;IL1A;IL1B;SLC7A5;TMEM178B;ZNF365
Interleukin-10	0.3338139755685243	0.6213057474788614	1.3070600355084059	1.4340688897494036	6	49	CD70;IL21R;LINC00487;MEF2C-AS1;UBD;WDR41
alpha-Linolenic Acid	0.3338139755685243	0.6213057474788614	1.3070600355084059	1.4340688897494036	6	49	CEP120;FADS1;FADS3;FEN1;MCM6;STMN1
Cytokines	0.33901598573845604	0.6296011163714184	1.171087846347607	1.2667751121727127	13	117	BLK;CNTRL;COL4A4;GRIN2B;IRAK4;ITIH3;NGFR;PCBP3;THEMIS;TIMELESS;TMEM110-MUSTN1;TMEM173;XKR4
Live Birth	0.34181074392418337	0.6314977198576203	1.260993327853793	1.3536739105805975	7	59	IRF8;PNMA3;QKI;RAB11FIP2;SKA2;SLC29A3;UBR5
Fantasy	0.34217743065718453	0.6314977198576203	1.338119167264896	1.4350336166140052	5	40	COL19A1;ESM1;FBXL2;PAPPA;TAGAP
Cognition	0.3422792375086273	0.6314977198576203	1.2010308031069277	1.287659222618031	10	88	CENPO;FBXO15;FECHP1;GLCCI1;HSF5;MEF2C-AS1;SSBP2;VRK1;WDR19;WRAP53
Menopause	0.34767195101644804	0.6374482243540662	1.2285238686669313	1.2979304466294443	8	69	HELQ;KLF12;LRRN4;MCM8;NYAP2;PIK3CG;SARDH;UIMC1
Adrenal Cortex Hormones	0.3505299973508409	0.6374482243540662	1.3876155590441304	1.454649867591609	4	31	ACKR3;COPS8;ELK3;PLEKHF2
Atrial Natriuretic Factor	0.3505299973508409	0.6374482243540662	1.3876155590441304	1.454649867591609	4	31	DRD2;FAM216B;HDAC9;TNFSF11
Bulimia Nervosa	0.3505299973508409	0.6374482243540662	1.3876155590441304	1.454649867591609	4	31	BFSP2-AS1;C21ORF62;CCDC69;CDV3
Polycystic Ovary Syndrome	0.3505299973508409	0.6374482243540662	1.3876155590441304	1.454649867591609	4	31	NEK6;RPS26;SOX8;STON1-GTF2A1L
Blood Sedimentation	0.3515394941408223	0.6374482243540662	1.2773112843800873	1.3353436428136916	6	50	CR1;CR1L;EML6;KIAA0922;PIK3CG;RFX7
Cardiomegaly	0.3515394941408223	0.6374482243540662	1.2773112843800873	1.3353436428136916	6	50	EBF1;FGF1;INHBA;MEF2C;PABPC1P11;ST3GAL1
Cytokine Receptor Gp130	0.3515394941408223	0.6374482243540662	1.2773112843800873	1.3353436428136916	6	50	IL6ST;KCNA3;LINC00880;SLC15A4;SORCS2;TRPS1
Risperidone	0.35806003860988966	0.6437462396284186	1.4788383387848152	1.518847720025895	3	22	ATF7IP2;NR3C1;TRPM1
Smell	0.35806003860988966	0.6437462396284186	1.4788383387848152	1.518847720025895	3	22	ESM1;PCDH9;THEMIS
Smoking Cessation	0.35806003860988966	0.6437462396284186	1.4788383387848152	1.518847720025895	3	22	ENPP2;LINC00881;LRP8
Testicular Neoplasms	0.35806003860988966	0.6437462396284186	1.4788383387848152	1.518847720025895	3	22	ATF7IP;DAZL;MAD1L1
Bevacizumab	0.36144957143500095	0.6443563035075439	1.702826824885187	1.7328523364408037	2	13	PARVB;PFKFB3
Cartilage	0.36144957143500095	0.6443563035075439	1.702826824885187	1.7328523364408037	2	13	RUNX2;SLBP
Language	0.36144957143500095	0.6443563035075439	1.702826824885187	1.7328523364408037	2	13	C12ORF79;CAMK4
Ocular Physiological Phenomena	0.36144957143500095	0.6443563035075439	1.702826824885187	1.7328523364408037	2	13	CDH10;HIVEP3
Echocardiography	0.3646073795106086	0.6478235988360227	1.0490930643570275	1.0584658474040234	77	765	ABLIM3;AHR;AKIRIN2;ANKRD44;ARHGAP24;ASTN1;BCL2;BIN2P2;BRIP1;C3;C8ORF22;CACNA1E;CCDC50;CDH2;CENPP;CSNK2A2;CYP7B1;CYTIP;DLG2;DLGAP5;DNAJA1P5;DNASE1L3;DUSP10;ERH;FAM49A;FAP;FCRL5;GIN1;HIST1H2BPS2;HIVEP3;HS3ST3A1;IL18R1;ITGA4;JAZF1;KIAA0922;KLF12;KRT5;LHFPL1;LINC00494;LINC00693;LINC00877;LINC00998;MAP9;MMS22L;MSC;MSNP1;MYT1L;NEIL3;NXT1;PAPPA;PDE10A;PDE4B;PKIA;POLR3G;PPP1R2P9;PRICKLE1;QKI;RFC1;RNF19A;SEMA3A;SLC1A2;SNORD14E;SNRPN;SORCS1;SRGN;SYNE1;TCL6;TMEM163;TMEM71;TNFSF11;TNRC6B;VAT1L;VRK2;WAS;XKR4;ZNF366;ZNF569
Sodium	0.36492784975851694	0.6478235988360227	1.1270280965571824	1.1361070030639555	16	149	APBB1IP;BIN1;CD180;DNAH8;ETS1;GYPC;HDAC9;HELB;HVCN1;IL12RB1;KYNU;LPL;TCL1A;TNFSF8;VAV3-AS1;ZNF346
Antineoplastic Agents	0.36630987747453847	0.648913724247348	1.0968997803722114	1.1015897333679965	24	229	AHR;ALPL;BCL6;CAPN14;DENND1C;EBF1;ELMO1;GJA3;HRH4;IFFO2;KIAA0922;LINC00158;LINGO1;LY9;MIR155HG;MND1;MSNP1;MTUS2;NCOA3;SERPINE2;SIT1;SLC25A1P5;SLC9A9;SLCO1A2
Angiography	0.3732815805917174	0.6516722233163992	1.3380130074007626	1.3185077700654306	4	32	CCDC109B;CTNNBL1;MYT1L;RNF19A
Eicosapentaenoic Acid	0.3732815805917174	0.6516722233163992	1.3380130074007626	1.3185077700654306	4	32	ELOVL2;FADS1;FADS3;FEN1
Joint Instability	0.3732815805917174	0.6516722233163992	1.3380130074007626	1.3185077700654306	4	32	KCNE2;STON1-GTF2A1L;XKR6;ZCCHC11
Blood Vessels	0.3748057871878535	0.6516722233163992	1.1241587901701324	1.1031901800160289	15	140	ANK2;CHST10;CSGALNACT1;DDHD1;GALNT18;GPATCH4;HDAC9;LINC00998;MIR548P;PARP8;PLXNC1;PYHIN1;SV2B;THEMIS;TTC24
Leptin	0.38030461033325547	0.6516722233163992	1.170872641509434	1.1319794619969237	9	81	COBLL1;DOCK2;LINC00880;LRRIQ3;MTPN;PCDHGA4;SNORA70F;TMEM178B;VAT1L
Atrial Pressure	0.38184833114600253	0.6516722233163992	1.2657035175879396	1.2185330106933896	5	42	FAM65B;IL33;PLXNC1;RNF175;TLR2
Ghrelin	0.38184833114600253	0.6516722233163992	1.2657035175879396	1.2185330106933896	5	42	ARHGAP22;ATP5G1P5;KIRREL3;RNF150;RORA
Mental Processes	0.38184833114600253	0.6516722233163992	1.2657035175879396	1.2185330106933896	5	42	CRTC3;DRD2;KRTAP11-1;SH2B3;TTYH2
Tumor Necrosis Factors	0.38184833114600253	0.6516722233163992	1.2657035175879396	1.2185330106933896	5	42	ALPL;CD84;GFRA1;QKI;RBM26
Sulfonylurea Compounds	0.38716104918422745	0.6516722233163992	1.221694054009753	1.1592832326566236	6	52	DCLK1;ETS1;FBXO15;LRRC63;SS18;STAT1
Carotid Stenosis	0.39596491854323734	0.6516722233163992	1.2918313213879717	1.1967908533870821	4	33	CDH10;DUSP22;LHFPL1;UBLCP1
Hypospadias	0.39596491854323734	0.6516722233163992	1.2918313213879717	1.1967908533870821	4	33	EBF1;EEFSEC;GREM1;MARK2P11
Anti-Inflammatory Agents, Non-Steroidal	0.3972775398715676	0.6516722233163992	1.5608722936931283	1.4408726653714052	2	14	BANK1;TBXAS1
Cystic Fibrosis	0.3972775398715676	0.6516722233163992	1.5608722936931283	1.4408726653714052	2	14	SLC26A9;SLC8A3
Lewy Bodies	0.3972775398715676	0.6516722233163992	1.5608722936931283	1.4408726653714052	2	14	FBXO15;MX2
Sex Characteristics	0.3972775398715676	0.6516722233163992	1.5608722936931283	1.4408726653714052	2	14	COBLL1;NYAP2
Hemoglobins	0.3975474566417048	0.6516722233163992	1.0618129952456419	0.9794598031727373	34	334	ATP2B4;BCL11A;BCL6;CACNB4;CCND3;CLNK;CMSS1;DENND4A;DNAJC5B;DRD2;FAM155A;FAM216B;FGF1;GINS3;LRRC8C;MARCH1;MAT2B;MCF2;MYBL2;NAP1L4;NKAIN2;PDE7A;PMAIP1;PTPRC;SEPT7;SH2B3;SNX29;SYK;TLR6;TMPRSS5;TNFSF11;UBASH3A;VAT1L;ZNF404
Anti-Bacterial Agents	0.39794422157545795	0.6516722233163992	2.341201380175659	2.1572846308061266	1	5	PMAIP1
Bleomycin	0.39794422157545795	0.6516722233163992	2.341201380175659	2.1572846308061266	1	5	PMAIP1
Bortezomib	0.39794422157545795	0.6516722233163992	2.341201380175659	2.1572846308061266	1	5	MTX3
CHGA Protein, Human	0.39794422157545795	0.6516722233163992	2.341201380175659	2.1572846308061266	1	5	GRK6
Cytomegalovirus	0.39794422157545795	0.6516722233163992	2.341201380175659	2.1572846308061266	1	5	ARSG
DNA Damage	0.39794422157545795	0.6516722233163992	2.341201380175659	2.1572846308061266	1	5	PMAIP1
Diclofenac	0.39794422157545795	0.6516722233163992	2.341201380175659	2.1572846308061266	1	5	HHEX
Epilepsy, Generalized	0.39794422157545795	0.6516722233163992	2.341201380175659	2.1572846308061266	1	5	VRK2
Fluoroquinolones	0.39794422157545795	0.6516722233163992	2.341201380175659	2.1572846308061266	1	5	RAB31
Hormone Replacement Therapy	0.39794422157545795	0.6516722233163992	2.341201380175659	2.1572846308061266	1	5	PLCG2
Immunoglobulin M	0.39794422157545795	0.6516722233163992	2.341201380175659	2.1572846308061266	1	5	SENP3-EIF4A1
Osteochondritis Dissecans	0.39794422157545795	0.6516722233163992	2.341201380175659	2.1572846308061266	1	5	SOX5
PCSK9 Protein, Human	0.39794422157545795	0.6516722233163992	2.341201380175659	2.1572846308061266	1	5	GABBR2
Putamen	0.39794422157545795	0.6516722233163992	2.341201380175659	2.1572846308061266	1	5	DLG2
Rhegmatogenous Retinal Detachment, Autosomal Dominant	0.39794422157545795	0.6516722233163992	2.341201380175659	2.1572846308061266	1	5	SS18
Sarcoidosis	0.39794422157545795	0.6516722233163992	2.341201380175659	2.1572846308061266	1	5	C10ORF67
Serum Amyloid A Protein	0.39794422157545795	0.6516722233163992	2.341201380175659	2.1572846308061266	1	5	SAA1
Simvastatin	0.39794422157545795	0.6516722233163992	2.341201380175659	2.1572846308061266	1	5	GABBR2
Stress, Psychological	0.39794422157545795	0.6516722233163992	2.341201380175659	2.1572846308061266	1	5	EBF1
Suicidal Ideation	0.39794422157545795	0.6516722233163992	2.341201380175659	2.1572846308061266	1	5	NUGGC
Thiopurine Methyltransferase	0.39794422157545795	0.6516722233163992	2.341201380175659	2.1572846308061266	1	5	RNF144B
Vincristine	0.39794422157545795	0.6516722233163992	2.341201380175659	2.1572846308061266	1	5	TP53INP1
Anemia, Sickle Cell	0.401668860868313	0.6564993954230648	1.2323542052367098	1.124063863336879	5	43	BCL11A;KLHL29;MCC;PLEKHG1;TMPRSS5
Creatine Kinase	0.4049812115432002	0.6580944687577003	1.1956604568151283	1.0807749485833	6	53	ADAMTS6;ARHGAP30;C21ORF62;GABBR2;JAZF1;TECRL
Fenofibrate	0.4049812115432002	0.6580944687577003	1.1956604568151283	1.0807749485833	6	53	APBB1IP;DRGX;GMIP;IL2RA;JMJD1C;PDE10A
Urinalysis	0.4049812115432002	0.6580944687577003	1.1956604568151283	1.0807749485833	6	53	ANK2;ARHGAP24;LINC00494;LRP8;MYO5A;SAMSN1
Cognitive Dysfunction	0.4085379734944278	0.6610467497497616	1.1128750268794585	0.9962127947935034	12	113	BMP7;BTLA;C17ORF96;CD200;DLX4;EBF1;GNG2;MYT1L;NPFFR1;SLC15A4;TBC1D8;TLR4
Blood Cells	0.40866176624489625	0.6610467497497616	1.1391509433962264	1.0193890913044077	9	83	AHR;FCRL5;GIN1;HDAC9;PCDH11X;PTPRM;RNF150;STAMBPL1;STK10
Macular Degeneration	0.4091449113835803	0.6610467497497616	1.0605457901055386	0.9477947967878366	30	295	ADCYAP1R1;APBB1IP;APOC1;APOE;C3;CCDC109B;CETP;CFHR1;CNKSR2;CNN2;COL4A3;FBXO15;ICOS;KIF21B;KLF12;MAP2K1;MAT2B;METTL16;MMP9;MSN;MYO16;NXT1;PHGDH;PRDM13;ROBO1;SCN4A;SET;SKIV2L;STAT2;TNFRSF10A
Biomarkers	0.4185094700962022	0.6736009566310301	1.2487284144427002	1.0877120788800012	4	34	BCL6;GNAS;KBTBD8;RGS14
GRN Protein, Human	0.4185094700962022	0.6736009566310301	1.2487284144427002	1.0877120788800012	4	34	CMSS1;FAM49A;GREM1;SEMA4D
Glioma	0.42141406244192064	0.6760720727550062	1.200715114031697	1.0375852470957694	5	44	DLG2;MAPK1IP1L;OLFM1;SV2B;ZBTB46
Blood Urea Nitrogen	0.4222613770582361	0.6760720727550062	1.1150181997932862	0.961291510040609	10	94	BCL6;CACNA1C;CDK1;DGKG;GNAS;KBTBD8;KCNK13;LRRC4C;SP110;ZBTB40
Albuminuria	0.4232123727613903	0.6760720727550062	1.1352633534337402	0.9761915722778859	8	74	FGF18;ICOS;LHX8;LRRC4C;MICU3;RAD54B;SNORA72;SSBP2
Survival	0.4232451201034299	0.6760720727550062	1.1501869066128552	0.9889350587763124	7	64	ELOVL5;IL19;LBH;LRRC4C;RPS17P8;SLC9A9;TCF4
Caffeine	0.4321390648993403	0.6822782465748698	1.4407569211460018	1.2088063423632978	2	15	AHR;CD83
Mouth Neoplasms	0.4321390648993403	0.6822782465748698	1.4407569211460018	1.2088063423632978	2	15	LTB;TNF
Serum Albumin	0.4321390648993403	0.6822782465748698	1.4407569211460018	1.2088063423632978	2	15	HPN;RPS11
Rest	0.434239211255009	0.6822782465748698	1.0960158268950095	0.9142522538727835	11	105	ARHGAP22;BLM;C12ORF42;CARD11;CHST15;GNA12;HIVEP2;HNRNPH1;ITK;KMO;LRRK2
Selenium	0.4370143398304125	0.6822782465748698	1.1090988083416087	0.9181000931009505	9	85	COTL1;GNAL;KYNU;LAIR1;MTX3;NEIL3;PPM1K;SS18;TF
Pelvic Organ Prolapse	0.4383151125969407	0.6822782465748698	1.118281587973368	0.9223778793942282	8	75	BIN1;CHRNA6;FHAD1;GYPC;MATN1;MDFIC;MSNP1;SOX5
Tau Proteins	0.4383151125969407	0.6822782465748698	1.118281587973368	0.9223778793942282	8	75	AKT2;APOE;BMP7;BRAF;FBXO15;IL2RA;NFATC1;SERPINE2
Acne Vulgaris	0.4389535581003307	0.6822782465748698	1.277050162643383	1.051474143997764	3	25	SELL;SELP;TMEM158
Hepatitis C	0.4389535581003307	0.6822782465748698	1.277050162643383	1.051474143997764	3	25	OXTR;PITPNC1;ST3GAL1
Tourette Syndrome	0.4389535581003307	0.6822782465748698	1.277050162643383	1.051474143997764	3	25	IRG1;LSAMP;SESN3
Barrett Esophagus	0.44085030344907916	0.6822782465748698	1.2084063402035752	0.989745103126263	4	35	AQP9;GDF7;GRIN2B;PLCL1
Carcinoma, Endometrioid	0.44085030344907916	0.6822782465748698	1.2084063402035752	0.989745103126263	4	35	BRCA2;MAP3K1;MTX1;SH2B3
Multiple System Atrophy	0.44085030344907916	0.6822782465748698	1.2084063402035752	0.989745103126263	4	35	ASB1;PKHD1L1;RASGRP3;SLC25A1P5
Crown-Rump Length	0.4410384140738353	0.6822782465748698	1.1706579773869348	0.9583278973052058	5	45	ARID1B;ITSN2;JAK1;NFATC2;PTPRM
Intercellular Adhesion Molecule-1	0.4410384140738353	0.6822782465748698	1.1706579773869348	0.9583278973052058	5	45	EOMES;ICAM1;STAMBPL1;XKR4;ZNF831
Psychotic Disorders	0.4410384140738353	0.6822782465748698	1.1706579773869348	0.9583278973052058	5	45	ARID5B;ITIH1;MAD1L1;PVT1;QKI
Leukocyte Count	0.447982078484402	0.6822782465748698	1.0627971380866486	0.8534282814151708	16	157	BUD13;CD5L;CDK14;CHRNA9;FAIM2;GALNT18;GFRA1;GNAL;IFI16;IL1F10;ITIH1;OLFM1;PDE10A;PTPRC;RNF19A;SOX5
Hormones	0.4556705515969826	0.6822782465748698	1.111122947938084	0.8733261981778695	7	66	ACBD7;ARHGAP24;CDH2;HHEX;NXT1;SLC24A4;SNRPN
Acute Kidney Injury	0.45604888931099413	0.6822782465748698	1.8728983688833125	1.4705160091704559	1	6	IL33
Beta 2-Microglobulin	0.45604888931099413	0.6822782465748698	1.8728983688833125	1.4705160091704559	1	6	SH2B3
Cold-Shock Response	0.45604888931099413	0.6822782465748698	1.8728983688833125	1.4705160091704559	1	6	CCDC141
Erythema Nodosum	0.45604888931099413	0.6822782465748698	1.8728983688833125	1.4705160091704559	1	6	CDC27
Eye	0.45604888931099413	0.6822782465748698	1.8728983688833125	1.4705160091704559	1	6	CDH23
Head And Neck Neoplasms	0.45604888931099413	0.6822782465748698	1.8728983688833125	1.4705160091704559	1	6	HELQ
Heroin Dependence	0.45604888931099413	0.6822782465748698	1.8728983688833125	1.4705160091704559	1	6	PKIA
Iloperidone	0.45604888931099413	0.6822782465748698	1.8728983688833125	1.4705160091704559	1	6	CELF4
Inflammation	0.45604888931099413	0.6822782465748698	1.8728983688833125	1.4705160091704559	1	6	PDE4B
Keloid	0.45604888931099413	0.6822782465748698	1.8728983688833125	1.4705160091704559	1	6	DUSP10
Matrix Metalloproteinases	0.45604888931099413	0.6822782465748698	1.8728983688833125	1.4705160091704559	1	6	MMP12
Problem Behavior	0.45604888931099413	0.6822782465748698	1.8728983688833125	1.4705160091704559	1	6	C6ORF223
Psychiatric Status Rating Scales	0.45604888931099413	0.6822782465748698	1.8728983688833125	1.4705160091704559	1	6	ST3GAL1
Recombination, Genetic	0.45604888931099413	0.6822782465748698	1.8728983688833125	1.4705160091704559	1	6	CDH10
Sunburn	0.45604888931099413	0.6822782465748698	1.8728983688833125	1.4705160091704559	1	6	IRF4
Theta Rhythm	0.45604888931099413	0.6822782465748698	1.8728983688833125	1.4705160091704559	1	6	MIAT
Endometrial Neoplasms	0.45805559425598014	0.6822782465748698	1.1238077285579642	0.8774294235951242	6	56	ADAM12;GDPD5;LSAMP;RNGTT;SH2B3;SNN
Receptors, Tumor Necrosis Factor	0.45960798716930806	0.6822782465748698	1.0731100534927627	0.8342157470569015	11	107	CYFIP2;DGKG;DNAJB5;LINC00861;LY86;MYO16;NKAIN2;RPL7;SLC8A3;SOX5;ZNF573
Motion Sickness	0.4629281429945286	0.6822782465748698	1.1706043956043957	0.9015801152010663	4	36	ACKR3;ARAP2;CELF2;COPS8
Cognition Disorders	0.46346436066932056	0.6822782465748698	1.0573787147574296	0.8131515000628634	14	138	APOE;BMP7;BTLA;C17ORF96;CD200;DLX4;EBF1;GNG2;MYT1L;NPFFR1;SLC15A4;TBC1D8;TLR4;TRPS1
Birth Weight	0.4650885887558471	0.6822782465748698	1.221485302546467	0.9350804410298724	3	26	ACTBL2;LINC00880;TENM4
Gemcitabine	0.4650885887558471	0.6822782465748698	1.221485302546467	0.9350804410298724	3	26	C12ORF66;CACNA1C;IL17F
Anticonvulsants	0.46588703937715964	0.6822782465748698	1.3378008875341791	1.0218284772106703	2	16	PIK3CG;RFESD
Arachidonic Acid	0.46588703937715964	0.6822782465748698	1.3378008875341791	1.0218284772106703	2	16	CHST11;FADS1
Deafness, Aminoglycoside-Induced	0.46588703937715964	0.6822782465748698	1.3378008875341791	1.0218284772106703	2	16	FAM167A;POU6F1
Glycoproteins	0.46588703937715964	0.6822782465748698	1.3378008875341791	1.0218284772106703	2	16	CDH10;MSNP1
Pulmonary Embolism	0.46588703937715964	0.6822782465748698	1.3378008875341791	1.0218284772106703	2	16	F5;SLC44A2
Suicide, Attempted	0.46588703937715964	0.6822782465748698	1.3378008875341791	1.0218284772106703	2	16	TMEM132C;TMX3
Testicular Germ Cell Tumor	0.46588703937715964	0.6822782465748698	1.3378008875341791	1.0218284772106703	2	16	DAZL;ZBBX
Thyroid Neoplasms	0.46588703937715964	0.6822782465748698	1.3378008875341791	1.0218284772106703	2	16	LRRC34;PCNXL2
Waist Circumference	0.4687169210430804	0.6852349451235344	1.0173720961016612	0.7709200874187624	63	643	ADAMTS6;BBX;BUD13;CAMK1G;CCND3;CDH23;CEP120;CNTN2;CSF3R;DLG2;ETS1;FAM155A;FOXI2;GNA12;GNAS;GPRC5B;HDAC9;HNRNPA1P56;HOXC4;IL6;INTS4;IPCEF1;IRG1;JAZF1;KLF12;KRI1;LDLRAD4;LINC00880;LY86-AS1;MED27;MIAT;MOXD1;MSC;MYO1F;NKAIN2;NR3C1;NUP50;NUP85;NYAP2;PDLIM3;PHF21A;PLCL1;QSOX2;RAPGEF1;RBBP5;RBM26;SAMD4A;SARDH;SH3BP5;SLC9A9;SNX25;SORCS2;SP110;SP140;SP4;SPDL1;SPG20;STON1-GTF2A1L;TENM4;TRAF3IP2-AS1;TRHDE-AS1;TSPAN11;UBASH3B
Diabetic Nephropathies	0.4706164244047962	0.6868236245631308	1.0405888538380652	0.7843042045491132	19	190	AFF3;AP1S2;CNPY3;ELMO1;ENKUR;GUCY1A3;ITPR1;JAK1;KDM4D;KRT2;LY86-AS1;MMP12;MSANTD4;NLRP3;SOX5;SYK;TBC1D27;TBXAS1;TRPS1
Prostatic Neoplasms	0.47426743599483845	0.6909585920959284	1.020022351996726	0.7609202577731501	44	448	ACTBL2;AICDA;AKIRIN2;ANK1;ANK2;BRCA2;C12ORF74;CD180;CLEC4D;CLEC4E;DNAH5;DUSP10;EEFSEC;ELK3;ESR2;GIMAP8;GINS3;HLA-F-AS1;HTR3B;INHBA;JAZF1;LBH;MAP3K1;MATN1;MDM4;MMP7;MTX1;NYAP2;PARN;PIP4K2A;PKIA;PTPRC;PTPRM;PYCR2;RASGEF1A;SH2B3;SKIL;SLC41A1;SYK;TNRC6B;TNS3;UBE3D;VASH2;ZNF280B
Carcinoma, Basal Cell	0.4755105191682283	0.6915772610966487	1.1017353218384431	0.8189928821326159	6	57	BRIP1;FAM49A;IRF4;KRT5;TNS3;ZNF365
Vitamin D	0.4797573113674175	0.6953600825136669	1.1148375807609476	0.818820225392089	5	47	FAM155A;GC;INHBA;QKI;RNGTT
Zeaxanthins	0.4797573113674175	0.6953600825136669	1.1148375807609476	0.818820225392089	5	47	CLGN;DNAH5;LYN;SEMA3A;SORCS2
Iron	0.48456882564618026	0.6989121090116122	1.0147362883526188	0.735172181802377	48	491	ALOX5AP;ATP2B4;BTN1A1;CETP;CHSY1;EPB42;FHOD3;HAVCR2;HNRNPA1P21;INHBA;KCNQ5;KLHL14;KRTAP10-4;LINC00173;LINC00880;LINC00926;LPL;LRRC30;LYSMD2;MAD1L1;MTPN;NCS1;NFASC;NLRC5;OLFM1;PLXNC1;PTPRM;RAB11FIP2;RAMP3;SESN3;SLC8A3;SYK;SYNDIG1;TBC1D27;TCF12;TEX14;TF;TMEM178B;TMPRSS5;TNFRSF13B;TREM1;TSPEAR;UHRF1;VPS13C;WDR75;ZBTB18;ZFP36L1;ZNF80
Frontal Lobe	0.4846893442376387	0.6989121090116122	1.1350934779506208	0.8220881830346124	4	37	BRAF;C11ORF84;CREB1;FAM65B
Receptors, Tumor Necrosis Factor, Type II	0.4846893442376387	0.6989121090116122	1.1350934779506208	0.8220881830346124	4	37	ARID5B;CACNA1C;RIPK2;TP63
Intraocular Pressure	0.4906698726165252	0.7051293237431357	1.1705508474576272	0.8334131638155877	3	27	CAV1;GLCCI1;ST3GAL1
Temporal Lobe	0.4906698726165252	0.7051293237431357	1.1705508474576272	0.8334131638155877	3	27	SESN3;SLC25A1P5;TRPS1
Medicine, Chinese Traditional	0.4984117270929467	0.7079449340654567	1.2485723250705993	0.8694168467367293	2	17	RRN3P2;SNX29P2
Neuroimaging	0.4984117270929467	0.7079449340654567	1.2485723250705993	0.8694168467367293	2	17	APOE;TP63
Auditory Cortex	0.4987758284712505	0.7079449340654567	1.0888746055860699	0.7574195703291757	5	48	CD28;DSE;KLF12;SH3BP5;TNFAIP8
Clusterin	0.4987758284712505	0.7079449340654567	1.0888746055860699	0.7574195703291757	5	48	BBX;IL6;MTF2;PKIA;SCARA3
Warfarin	0.4987758284712505	0.7079449340654567	1.0888746055860699	0.7574195703291757	5	48	ADRA1B;C12ORF42;GRIN2B;QKI;SV2B
Vaccine Potency	0.508406291688582	0.7079449340654567	1.0166669671022983	0.6877491402490387	19	194	BLK;CNTRL;COL4A4;ESM1;GRIN2B;HLA-DPB1;HLA-DQA1;IRAK4;ITIH3;NGFR;PCBP3;PRKCQ;THEMIS;TIMELESS;TMEM110-MUSTN1;TMEM173;UNC13C;XKR4;ZHX2
Angioedema	0.5085474260091505	0.7079449340654567	1.5606963613550815	1.055337887434016	1	7	BANK1
C-Peptide	0.5085474260091505	0.7079449340654567	1.5606963613550815	1.055337887434016	1	7	LRRK2
Cystatin C	0.5085474260091505	0.7079449340654567	1.5606963613550815	1.055337887434016	1	7	DZIP1
Dust	0.5085474260091505	0.7079449340654567	1.5606963613550815	1.055337887434016	1	7	TNFAIP3
Eating	0.5085474260091505	0.7079449340654567	1.5606963613550815	1.055337887434016	1	7	RGS18
Food Hypersensitivity	0.5085474260091505	0.7079449340654567	1.5606963613550815	1.055337887434016	1	7	TMEM243
Gambling	0.5085474260091505	0.7079449340654567	1.5606963613550815	1.055337887434016	1	7	NUP93
Hearing	0.5085474260091505	0.7079449340654567	1.5606963613550815	1.055337887434016	1	7	IRG1
Hernia, Inguinal	0.5085474260091505	0.7079449340654567	1.5606963613550815	1.055337887434016	1	7	ADAMTS6
Hyperopia	0.5085474260091505	0.7079449340654567	1.5606963613550815	1.055337887434016	1	7	TOX
Osteosarcoma	0.5085474260091505	0.7079449340654567	1.5606963613550815	1.055337887434016	1	7	ADAMTS6
Skin-Hair-Eye Pigmentation, Variation In, 9	0.5085474260091505	0.7079449340654567	1.5606963613550815	1.055337887434016	1	7	NKAIN2
Urticaria	0.5085474260091505	0.7079449340654567	1.5606963613550815	1.055337887434016	1	7	BANK1
Hydroxyindoleacetic Acid	0.5098906735497987	0.7086473999170722	1.0600892714242527	0.714032607907957	6	59	ADAM12;CCND3;COL4A3;DUSP10;PLEKHF2;RPAP3
Fetal Hemoglobin	0.5121244011885029	0.7105831182336371	1.0153651502889514	0.6794698821563251	18	184	ANK2;BATF3;BCL11A;CHI3L2;CIITA;COCH;DUSP10;KLHL29;LINC00861;MARCH1;MCC;R3HDM1;SV2B;TNFSF13B;TTN;USP34;ZNF430;ZNF85
Insulin-Secreting Cells	0.5156320175566921	0.7142771390744341	1.1236911487758945	0.7442902180016907	3	28	FADS1;PCNXL2;RAB11FIP2
Macrophage Inflammatory Proteins	0.517521484502317	0.7157212019712895	1.064091765646414	0.7009217564586384	5	49	H2AFZ;PKIA;RASSF9;TMEM158;TRIB2
Lupus Nephritis	0.5270748421899359	0.7276024747059071	1.0701592285265755	0.6853435877067855	4	39	ACTBL2;FCRLA;HIVEP3;NIN
Optic Disk	0.5278346946683089	0.7276024747059071	1.017786561264822	0.6503372393795203	10	102	CHEK2;DCLK1;DDHD1;F5;KLF12;RFTN1;RPAP3;SCFD2;TRIB2;ZNF157
Cataract, Age-Related Nuclear	0.529634923676814	0.727709773181964	1.170497332914967	0.7439298682053458	2	18	HIVEP2;PDE10A
Fluorouracil	0.529634923676814	0.727709773181964	1.170497332914967	0.7439298682053458	2	18	ALOX5AP;SERPINE2
Blood Flow Velocity	0.5359639182102865	0.7345661235850119	1.0404103852596316	0.6488919269681532	5	50	CEP135;PDE4B;STAMBPL1;TBX22;TCF12
Monocyte Chemoattractant Protein 1 (66-77)	0.5363636665703578	0.7345661235850119	0.9994311133165562	0.6225884816683135	19	197	APBB1IP;BCL2;C6ORF223;CCDC88A;CDK1;COL19A1;COL4A3;CXCR6;EGR2;FSCN1;GLIPR1;KCNA2;LDLRAD3;MATN1;MCM5;RGS18;RHBDD1;RIPK2;UBASH3B
Esophageal Neoplasms	0.5399205337230384	0.7352168799539587	1.080436042300449	0.6659087222213789	3	29	CHEK2;SLC39A6;ST6GAL1
Alpha-Globulins	0.5406339566597299	0.7352168799539587	1.0068087956245118	0.6192003308958868	10	103	ARHGAP22;BLVRA;C5ORF64;CACNA1E;COA1;DHODH;LRRC8C;SCN10A;STK17A;SUSD4
Adiponectin	0.5458352887584903	0.7352168799539587	0.9977004790023537	0.6040458002545048	13	135	ATP6V0A2;C6ORF62;DUT;HIVEP2;LINC00861;NYAP2;PTGFR;PTHLH;SERTAD2;SLC25A1P5;TNR;TOX;ZNF182
Anger	0.5476189873776429	0.7352168799539587	1.0403976975405547	0.6265020165749267	4	40	KLF12;ROS1;STAP1;TSPAN18
Testosterone	0.5509992183912455	0.7352168799539587	0.9930279169649249	0.5918663742615601	14	146	CD96;CYP4B1;DENND5A;DUSP10;ELMO1;GALNT18;GPM6A;PTPN7;RNF144B;SEMA4D;SLC39A3;TRERF1;TTC39C;USP34
Electromagnetic Radiation	0.5518712361766794	0.7352168799539587	0.9942924950069777	0.5910477554321049	12	125	AICDA;CLEC4D;CLEC4E;DNAH5;FAM155A;GLRA3;LY86-AS1;MIR548P;PLEKHF2;PTPRC;PYCR2;UBE3D
Alkaline Phosphatase	0.5533053757174939	0.7352168799539587	0.99606459946591	0.5895160654190222	10	104	ALPL;CGGBP1;CLGN;FGD5;GPLD1;ITPR1;JMJD1C;LINC00861;SLC1A2;UNC13C
Acetaminophen	0.5559805754918102	0.7352168799539587	1.3376949274063452	0.7852562466771034	1	8	CEP44
Anthracyclines	0.5559805754918102	0.7352168799539587	1.3376949274063452	0.7852562466771034	1	8	EBF1
Copper	0.5559805754918102	0.7352168799539587	1.3376949274063452	0.7852562466771034	1	8	ANK2
Digestive System Neoplasms	0.5559805754918102	0.7352168799539587	1.3376949274063452	0.7852562466771034	1	8	EVC2
Factor VIII	0.5559805754918102	0.7352168799539587	1.3376949274063452	0.7852562466771034	1	8	LBH
Gastroesophageal Reflux	0.5559805754918102	0.7352168799539587	1.3376949274063452	0.7852562466771034	1	8	SV2B
Glucose Tolerance Test	0.5559805754918102	0.7352168799539587	1.3376949274063452	0.7852562466771034	1	8	VPS13C
Influenza A Virus, H10N8 Subtype	0.5559805754918102	0.7352168799539587	1.3376949274063452	0.7852562466771034	1	8	GUCY1A3
Neonatal Systemic Lupus Erythematosus	0.5559805754918102	0.7352168799539587	1.3376949274063452	0.7852562466771034	1	8	MICB
Neurotic Disorders	0.5559805754918102	0.7352168799539587	1.3376949274063452	0.7852562466771034	1	8	NKAIN2
Nicotine	0.5559805754918102	0.7352168799539587	1.3376949274063452	0.7852562466771034	1	8	TSPYL5
Pyloric Stenosis, Hypertrophic	0.5559805754918102	0.7352168799539587	1.3376949274063452	0.7852562466771034	1	8	MBNL1
Ventricular Function, Left	0.5559805754918102	0.7352168799539587	1.3376949274063452	0.7852562466771034	1	8	AKIRIN2
Viruses	0.5559805754918102	0.7352168799539587	1.3376949274063452	0.7852562466771034	1	8	CD53
Wilms Tumor	0.5559805754918102	0.7352168799539587	1.3376949274063452	0.7852562466771034	1	8	DLG2
Diagnostic Techniques, Cardiovascular	0.5595048966832763	0.7356151702282625	1.101607633954115	0.6397068571737403	2	19	AKIRIN2;PDE4B
Everolimus	0.5595048966832763	0.7356151702282625	1.101607633954115	0.6397068571737403	2	19	APBA2;KCNQ5
Mouth Abnormalities	0.5595048966832763	0.7356151702282625	1.101607633954115	0.6397068571737403	2	19	FAM49A;TP63
Ferritins	0.5597639697713288	0.7356151702282625	1.0031977918405817	0.5820955536035987	6	62	ACKR3;COPS8;GYG1P2;PFKFB3;TEX14;WDR75
Mental Competency	0.5616198503048531	0.7369080333968957	0.9855283878988811	0.5685809725703576	14	147	ARHGAP24;CDH10;FAM49A;GRIN2B;HDAC9;HIVEP3;KIAA0922;LRRC4C;LSAMP;RGS18;SLITRK2;SNRPN;TMEM132C;TRPS1
Sleep Initiation And Maintenance Disorders	0.5634910019249679	0.7382168939947255	1.0403850177861478	0.5967689180815547	3	30	MTUS2;PLCL1;RGS16
Alopecia	0.565838649858863	0.7391286640738448	0.9855465969106472	0.5612158752501322	10	105	ALOX5AP;CACNB4;DNAH5;EBF1;HDAC9;IRF4;KANSL1;KATNAL1;MBNL1;TMEM132C
Follicle Stimulating Hormone	0.5676858023478406	0.7391286640738448	1.0122448979591836	0.5731200824164651	4	41	GNB4;GYG1P2;RALGPS2;TENM4
Overweight	0.5676858023478406	0.7391286640738448	1.0122448979591836	0.5731200824164651	4	41	DLG2;LY86;LY86-AS1;STAC3
Thyroxine	0.5676858023478406	0.7391286640738448	1.0122448979591836	0.5731200824164651	4	41	ARHGAP22;FBXO15;JAZF1;STAT2
Language Tests	0.5703922551107524	0.7415099316439782	0.9808325092151398	0.5506697646825444	11	116	ADRBK2;ANKRD26P4;CBLB;FHOD3;GAS1;IFNG;LY86-AS1;PARVB;PITPNC1;RPS10P16;SPG20
Sleep	0.5720891220566644	0.7425734379998179	0.979922417388157	0.5472479552852098	38	401	ACTBL2;AFF2;ARHGAP30;ATF7IP2;CACNA1C;CBLB;CD180;DPYSL3;DRD2;DTD1;FBXO15;HDAC9;IL21-AS1;KLHL29;LRRC4C;MAP9;MMP20;MTPN;MYO9B;NKAIN2;NR3C1;NRF1;PNMAL1;PRKCB;RANBP3L;RCC1;RGS16;RHBDD1;RNF19A;SAMD4A;SLC9A9;SORCS1;SP100;TCF15;TENM4;TRPS1;VRK2;ZNF626
Anatomy	0.5740712545561101	0.744003389723793	0.9798047389205792	0.5437933481979158	9	95	CYTIP;GCSAM;KLF12;LINC01013;MMS22L;OSBPL3;ROBO1;SCRN1;TMEM154
Homovanillic Acid	0.5758500441919959	0.7451658305394129	0.9855647601567538	0.5439410678872943	6	63	ANKRD26P4;ANKRD33B;DUSP10;PLEKHF2;RPAP3;RPL30P7
Anthropometry	0.5862495065006509	0.7494015777676355	0.9684505573300306	0.5171620894097089	15	160	C16ORF82;COBLL1;EME1;ETS1;GIMAP7;GNAS;IL22RA2;KIRREL3;NKAIN2;NYAP2;RAPGEF1;SLC1A3;TENM4;UBE3D;WDFY4
13,16,19-Docosatrienoic Acid	0.586308237172728	0.7494015777676355	1.0031947807371535	0.5356153498819923	3	31	EBF1;LINC00861;MARK2P11
Apolipoproteins C	0.586308237172728	0.7494015777676355	1.0031947807371535	0.5356153498819923	3	31	C16ORF82;FAM216B;TNFSF11
Bladder Exstrophy	0.586308237172728	0.7494015777676355	1.0031947807371535	0.5356153498819923	3	31	CCDC15;CELSR1;CREB5
Intra-Abdominal Fat	0.586308237172728	0.7494015777676355	1.0031947807371535	0.5356153498819923	3	31	ANKRD31;ENPP2;NEIL3
Urinary Bladder Neoplasms	0.586308237172728	0.7494015777676355	1.0031947807371535	0.5356153498819923	3	31	CBX6;LSP1;TACC3
Abacavir	0.5872476287409735	0.7494015777676355	0.9855738246715691	0.5246295148159126	4	42	IGSF10;PLEKHG1;PXK;TECRL
Lactate Dehydrogenases	0.5872476287409735	0.7494015777676355	0.9855738246715691	0.5246295148159126	4	42	DYRK1A;FECHP1;ST3GAL5;SYNDIG1
Face	0.5879920071715294	0.7494015777676355	1.0403723459889134	0.5524813327289645	2	20	GAS1;RUNX2
Nasopharyngeal Neoplasms	0.5879920071715294	0.7494015777676355	1.0403723459889134	0.5524813327289645	2	20	CIITA;HLA-DQA1
Cisplatin	0.5892129996951745	0.7498267842506362	0.9752865891959799	0.5158949394350942	5	53	FAM167A;KRTAP11-1;PCDH9;POU6F1;TBC1D27
Antithrombin III-protease Complex	0.5988369390838354	0.7563784955543212	1.170443851944793	0.6001637417520125	1	9	PTPRC
Glioblastoma	0.5988369390838354	0.7563784955543212	1.170443851944793	0.6001637417520125	1	9	SSBP2
Potassium, Dietary	0.5988369390838354	0.7563784955543212	1.170443851944793	0.6001637417520125	1	9	ARL4C
Pyoderma Gangrenosum	0.5988369390838354	0.7563784955543212	1.170443851944793	0.6001637417520125	1	9	GYPC
Wernicke Area	0.5988369390838354	0.7563784955543212	1.170443851944793	0.6001637417520125	1	9	AKIRIN2
Lithium	0.6061980421482848	0.7645333516646279	0.9553507332581274	0.47819941861443416	5	54	ARSG;C4ORF26;HDAC9;IFNG;LAMP3
Anorexia Nervosa	0.6083454615372683	0.766098233977633	0.9685693876225729	0.4813909620658466	3	32	FAM155A;MSNP1;SSBP2
Lycopene	0.6227716622028345	0.7824643798402505	0.936212311557789	0.44336706440901	5	55	CD86;CDV3;CENPP;DRD2;GAS1
Platelet Aggregation	0.6234595330472259	0.7824643798402505	0.9361521534108771	0.44230513619060774	8	88	CDRT8;CXORF21;DNAJA1P5;GTF3A;JMJD1C;PRKCH;RFX7;UBLCP1
Breast Density	0.6246722251208265	0.7824643798402505	0.9361320754716981	0.44047654663028374	9	99	DLG2;DOCK8;KCNAB2;PHF19;PITPNC1;RPL4;TBC1D9;TTC39C;VPS13C
Adenocarcinoma Of Esophagus	0.6295834991783326	0.7824643798402505	0.9362523540489642	0.43320095945048614	3	33	AQP9;GDF7;PLCL1
Aging	0.6295834991783326	0.7824643798402505	0.9362523540489642	0.43320095945048614	3	33	BIN2;GRIN2B;MAT2B
Cytarabine	0.6295834991783326	0.7824643798402505	0.9362523540489642	0.43320095945048614	3	33	MCC;PDPN;SMC2
Citalopram	0.6311903955063541	0.7824643798402505	0.936051637279597	0.4307220321358012	13	143	ARHGAP22;C12ORF79;CDH10;DGKG;DNAH7;GYPC;LINC00998;MIR222;MSNP1;PTPRM;SORCS2;TPRX2P;TSPAN18
Autosomal Dominant Compelling Helio Ophthalmic Outburst Syndrome	0.6370564075793967	0.7824643798402505	0.9208139552849925	0.4151923194259563	6	67	CDK5RAP2;ENOX1;KIAA1755;KLF12;MMS22L;QKI
Airway Obstruction	0.6375580011838387	0.7824643798402505	1.0403596821413634	0.4682763213298158	1	10	CHRNB4
Antigens	0.6375580011838387	0.7824643798402505	1.0403596821413634	0.4682763213298158	1	10	CREB1
Bacteremia	0.6375580011838387	0.7824643798402505	1.0403596821413634	0.4682763213298158	1	10	DOCK3
Blinking	0.6375580011838387	0.7824643798402505	1.0403596821413634	0.4682763213298158	1	10	CACNA1C
Bronchitis, Chronic	0.6375580011838387	0.7824643798402505	1.0403596821413634	0.4682763213298158	1	10	FCRLA
Diet, Sodium-Restricted	0.6375580011838387	0.7824643798402505	1.0403596821413634	0.4682763213298158	1	10	RPL30P10
Gastritis	0.6375580011838387	0.7824643798402505	1.0403596821413634	0.4682763213298158	1	10	LY86-AS1
Protein S	0.6375580011838387	0.7824643798402505	1.0403596821413634	0.4682763213298158	1	10	LINGO1
Parathyroid Hormone	0.6389202841315031	0.7824643798402505	0.9178244161986403	0.4111629282636491	5	56	AHR;ARHGEF3;MTX3;RGS14;RORA
Transforming Growth Factor Beta	0.6389202841315031	0.7824643798402505	0.9178244161986403	0.4111629282636491	5	56	BCL6;CUL9;FBXO15;GABBR2;RAB11FIP2
Energy Metabolism	0.6407873974549744	0.7824643798402505	0.9362723564480703	0.4166950813878406	2	22	MOXD1;TBXAS1
Orofacial Cleft 1	0.6407873974549744	0.7824643798402505	0.9362723564480703	0.4166950813878406	2	22	RASGRF2;SMC2
Zileuton	0.6407873974549744	0.7824643798402505	0.9362723564480703	0.4166950813878406	2	22	CCR6;LINC00693
Erythropoietin	0.6426928773657142	0.7825295120663235	0.913366772600222	0.40378877202179836	4	45	ACTR3P3;BLM;HPN;SORCS1
Insulin-Like Growth Factor Binding Protein 1	0.6426928773657142	0.7825295120663235	0.913366772600222	0.40378877202179836	4	45	CDH2;CMTM7;L3MBTL2;NLRP3
Glucocorticoids	0.6500100009720531	0.788032210647611	0.9060202903833303	0.39028412270888335	3	34	CBX4;CSGALNACT1;MMS22L
Intelligence	0.6500100009720531	0.788032210647611	0.9060202903833303	0.39028412270888335	3	34	GYPC;PAX5;ZNF365
Parasitemia	0.6500100009720531	0.788032210647611	0.9060202903833303	0.39028412270888335	3	34	CCDC15;LINC00158;MIR155HG
Sex Hormone-Binding Globulin	0.6515101517183299	0.7887193097449695	0.9059317138426926	0.388157586180917	6	68	AQP9;FAM49A;FOXN2;JMJD1C;MEF2C-AS1;TTC39C
Antipsychotic Agents	0.6546327490667948	0.7913657696157963	0.9001437475840742	0.38137370323938424	5	57	CDK5RAP2;OGFRL1;QKI;SLC26A9;ZNF831
Drug Hypersensitivity Syndrome	0.6651154000242775	0.7981721322186199	0.8916580752162804	0.36361345468205025	2	23	GPSM3;RPUSD4
Cystatins	0.6696187049606215	0.7981721322186199	0.8776777306967984	0.3519898678554699	3	35	CELF2;DLG2;FAM155A
Refraction, Ocular	0.6696187049606215	0.7981721322186199	0.8776777306967984	0.3519898678554699	3	35	KCNQ5;RASGRF1;TOX
Vitamin A	0.66990018364766	0.7981721322186199	0.8831302740115673	0.3538054413476663	5	58	AHR;DAZL;FAM216B;GUCY1B3;TNFSF11
Beta-Amyloid Peptide 1-42 (E22delta) Click Peptide	0.6725426723546242	0.7981721322186199	0.9362923462986198	0.371417545136983	1	11	XRCC1
Granulomatosis With Polyangiitis	0.6725426723546242	0.7981721322186199	0.9362923462986198	0.371417545136983	1	11	HLA-DPB1
Hematologic Tests	0.6725426723546242	0.7981721322186199	0.9362923462986198	0.371417545136983	1	11	F5
Lupus Erythematosus, Cutaneous	0.6725426723546242	0.7981721322186199	0.9362923462986198	0.371417545136983	1	11	HLA-DQA1
Migraine Without Aura	0.6725426723546242	0.7981721322186199	0.9362923462986198	0.371417545136983	1	11	PHACTR1
Mitral Valve Prolapse	0.6725426723546242	0.7981721322186199	0.9362923462986198	0.371417545136983	1	11	LMCD1
Osteitis Deformans	0.6725426723546242	0.7981721322186199	0.9362923462986198	0.371417545136983	1	11	DCSTAMP
Thrombomodulin	0.6725426723546242	0.7981721322186199	0.9362923462986198	0.371417545136983	1	11	LINC01013
Ticagrelor	0.6725426723546242	0.7981721322186199	0.9362923462986198	0.371417545136983	1	11	SLCO1A2
Exercise Test	0.6814448527371714	0.8076029460910377	0.9090758421905963	0.3486669044552317	17	192	ADCYAP1R1;AFF3;BCL2A1;CDH10;CREB1;ERMN;JAK2;LCP2;MAT2B;OXTR;RARB;ROS1;SLC23A2;SOX3;TLN1;TLR4;TNFRSF11B
Coronary Aneurysm	0.6880947875785529	0.807924143758115	0.8510996377328351	0.3181654523308574	2	24	FHAD1;SETBP1
Ear, External	0.6880947875785529	0.807924143758115	0.8510996377328351	0.3181654523308574	2	24	BANK1;CREB5
Intervertebral Disc Disease	0.6880947875785529	0.807924143758115	0.8510996377328351	0.3181654523308574	2	24	HLA-Z;SPOCK2
Oxidized Low Density Lipoprotein	0.6880947875785529	0.807924143758115	0.8510996377328351	0.3181654523308574	2	24	FAM65B;TENM4
Peroxidase	0.6880947875785529	0.807924143758115	0.8510996377328351	0.3181654523308574	2	24	ACTBL2;DUSP22
Cyclophosphamide	0.6884087378767371	0.807924143758115	0.8510529019003595	0.31775976808497064	3	36	ALOX5AP;DENND1C;FCRLA
Rhinitis, Allergic	0.6884087378767371	0.807924143758115	0.8510529019003595	0.31775976808497064	3	36	CDRT8;CHRDL2;ZNF671
Pancreatic Neoplasms	0.6894831658182086	0.8080627948909657	0.8945746592087717	0.33261448517354025	13	149	ARL4C;C10ORF67;EBF1;EML6;ENPP2;INHBA;LINC00861;MARK2P11;PVT1;RAC2;SYNDIG1;TP63;ZNF831
Alpha-Carotene	0.6930009375841767	0.8110606540978246	0.8510061367204225	0.3120843122382239	4	48	CARD11;CD44;GALNT18;UNC13C
Tumor Necrosis Factor-alpha	0.700518114764721	0.8179661646170517	0.8620902113864171	0.306848125749051	7	83	AHR;ARMC12;B3GALNT1;CDH23;FGF18;GPRC5B;RNF150
Breast Feeding	0.7041513929955437	0.8179661646170517	0.851146344245466	0.2985497080980178	1	12	CELF2
Central Nervous System	0.7041513929955437	0.8179661646170517	0.851146344245466	0.2985497080980178	1	12	FAM49A
Hirschsprung Disease	0.7041513929955437	0.8179661646170517	0.851146344245466	0.2985497080980178	1	12	VRK2
Microsatellite Instability	0.7041513929955437	0.8179661646170517	0.851146344245466	0.2985497080980178	1	12	LY86
Gout	0.7056773183500956	0.8179661646170517	0.8509125182075229	0.29662572310643887	6	72	ATP1A4;CUX2;JAZF1;MYL2;RARB;TPST1
Pancreatic Carcinoma	0.7056773183500956	0.8179661646170517	0.8509125182075229	0.29662572310643887	6	72	ARL4C;BICD1;CACNA1C;IL17F;LDLRAD4;TP63
Hemoglobin A1c Protein, Human	0.7097592185941178	0.8204467027524344	0.8140680209001242	0.27908652866740596	2	25	ANK1;MYO9B
Neurodegenerative Diseases	0.7097592185941178	0.8204467027524344	0.8140680209001242	0.27908652866740596	2	25	LRRIQ3;ZAP70
Lipoprotein(a)	0.7205611584694505	0.8310601571392919	0.8930483815426997	0.292674266349634	21	241	ARID1B;BCL11B;CEP128;DAZL;DCLK1;GATAD2B;GPM6A;KCNK13;KIF14;LINC00998;PTK2B;SLC27A3;SLC9A9;SNX10;SORCS1;SORCS2;SYTL3;TAGAP;TOX;VIT;VRK2
Endometriosis	0.7235523539406279	0.8310601571392919	0.8023675006725854	0.25963198027255624	3	38	IL1A;IL33;MIR3685
Death, Sudden, Cardiac	0.726414572590443	0.8310601571392919	0.8210460195715419	0.26243454404703426	5	62	C12ORF74;C12ORF79;CHRNB4;KLF12;PKIA
Eyebrows	0.726414572590443	0.8310601571392919	0.8210460195715419	0.26243454404703426	5	62	BMP7;GREM1;HDAC9;IRF4;SLC24A4
Antibodies, Antiphospholipid	0.7301484134817984	0.8310601571392919	0.7801223721368058	0.2453543052538752	2	26	CACNA1E;MYO16
Calcium-Binding Proteins	0.7301484134817984	0.8310601571392919	0.7801223721368058	0.2453543052538752	2	26	DLG2;PRKCH
Glaucoma, Open-Angle	0.7301484134817984	0.8310601571392919	0.7801223721368058	0.2453543052538752	2	26	CAV1;ITIH1
Glomerulonephritis, Membranous	0.7301484134817984	0.8310601571392919	0.7801223721368058	0.2453543052538752	2	26	HLA-DQA1;TCF19
Age-Related Hearing Impairment 1	0.73198750536256	0.8310601571392919	0.8675225530583511	0.27065995266288917	14	165	ACTBL2;AKIRIN2;CD96;DLG2;DOCK2;EBF1;HEG1;MARK2P11;NCALD;NYAP2;PRDM13;SV2B;TRPS1;ZFP36L1
Amyloid Beta-Protein (1-40)	0.7327098426849379	0.8310601571392919	0.7801913425345044	0.2426438020616244	1	13	E2F5
Cocaine-Related Disorders	0.7327098426849379	0.8310601571392919	0.7801913425345044	0.2426438020616244	1	13	CDK1
Doxorubicin	0.7327098426849379	0.8310601571392919	0.7801913425345044	0.2426438020616244	1	13	LINGO1
Respiratory System	0.7327098426849379	0.8310601571392919	0.7801913425345044	0.2426438020616244	1	13	BCL11B
Serotonin Plasma Membrane Transport Proteins	0.7327098426849379	0.8310601571392919	0.7801913425345044	0.2426438020616244	1	13	PAPD7
Mood Disorders	0.7352421268814195	0.8328144734782835	0.8292690688922658	0.2550461882256751	7	86	ADAMTS6;DGKG;DOCK10;FYB;RASGRP3;SLC4A8;TAF1B
Homocysteine	0.7393942591884226	0.8358783613200512	0.8068629786865361	0.24361129528080927	5	63	ARHGAP24;FANCA;GABBR2;PVT1;TRPS1
Factor VII	0.7399254606714772	0.8358783613200512	0.7800533584431889	0.23495661668418683	3	39	EGFL6;LY86-AS1;RIPK2
Antibodies	0.7555178576279316	0.8478080509389734	0.7589453860640302	0.21277175116403452	3	40	C12ORF79;HLA-DQA1;KIAA1755
Social Behavior	0.7555178576279316	0.8478080509389734	0.7589453860640302	0.21277175116403452	3	40	DUSP10;FAM49A;SLC1A3
Acute Coronary Syndrome	0.7585122917276496	0.8478080509389734	0.7201524949329215	0.19904746704209975	1	14	SLCO1A2
Cerebrovascular Trauma	0.7585122917276496	0.8478080509389734	0.7201524949329215	0.19904746704209975	1	14	ARHGAP15
Conotruncal Cardiac Defects	0.7585122917276496	0.8478080509389734	0.7201524949329215	0.19904746704209975	1	14	PAPPA
Pulmonary Surfactant-Associated Protein D	0.7585122917276496	0.8478080509389734	0.7201524949329215	0.19904746704209975	1	14	SFTPD
Sexual Dysfunctions, Psychological	0.7585122917276496	0.8478080509389734	0.7201524949329215	0.19904746704209975	1	14	USP44
Thioamides	0.7585122917276496	0.8478080509389734	0.7201524949329215	0.19904746704209975	1	14	PHLDB2
Abdominal Fat	0.7672816205164392	0.8564768419238985	0.7200646858632425	0.19074612432080465	2	28	NEIL3;PLCL1
Body Weight Changes	0.769926236326702	0.8576323426579855	0.8049406252852116	0.21046023124322297	8	101	ADAM28;AMER2;C4ORF26;ITK;KLHL29;QKI;SMC2;VAT1L
Marijuana Abuse	0.7703466841152792	0.8576323426579855	0.7389483595995638	0.19280243513750897	3	41	AFF3;CBLB;CHST11
Depressive Disorder, Major	0.7778873097367418	0.8615674318920611	0.748734693877551	0.18806239703547395	4	54	ADCYAP1R1;PTK2B;RPS10P16;ZCCHC7
Taste Perception	0.7778873097367418	0.8615674318920611	0.748734693877551	0.18806239703547395	4	54	CLEC2D;DANCR;FAM155A;VCAM1
Cotinine	0.7818246288250186	0.8615674318920611	0.6686906255601363	0.1645813621261419	1	15	C11ORF58
Frontotemporal Dementia	0.7818246288250186	0.8615674318920611	0.6686906255601363	0.1645813621261419	1	15	UNC13A
Mental Health	0.7818246288250186	0.8615674318920611	0.6686906255601363	0.1645813621261419	1	15	RGS18
Psychotropic Drugs	0.7818246288250186	0.8615674318920611	0.6686906255601363	0.1645813621261419	1	15	RFESD
Seizures, Febrile	0.7818246288250186	0.8615674318920611	0.6686906255601363	0.1645813621261419	1	15	SCN2A
Dementia	0.7841231571031319	0.8615674318920611	0.69337238085277	0.16862066269441706	2	29	BIN1;CYP27C1
Immunoglobulin E	0.7841231571031319	0.8615674318920611	0.69337238085277	0.16862066269441706	2	29	DOCK10;TLN1
Leukoaraiosis	0.784394164852624	0.8615674318920611	0.8194481779395243	0.1989977649506351	12	149	C12ORF42;COCH;EEFSEC;KCNQ5;NGFR;NLRP1;RAPGEF1;RGCC;RORA;SMC2;TENM4;ZNF211
Hypertrophy, Left Ventricular	0.7850969497714639	0.8615674318920611	0.8065592085995379	0.1951454405803015	10	126	HELQ;KIF14;LDLRAD3;MARCH1;PLCG2;SCARA3;SCN11A;SESN3;SOX5;ZNF281
Insulin-Like Growth Factor Binding Protein 3	0.7959853133353129	0.8698851640641393	0.7705771434909602	0.1758260882494543	7	92	ANK2;FBXO15;GPSM3;HLA-F-AS1;RASGEF1A;SNX29;SORCS2
Apolipoproteins B	0.7975086608538405	0.8698851640641393	0.7427016032543671	0.16804558417349064	5	68	BRIP1;COL19A1;DUSP22;KLHL14;MYO16
Brain Mapping	0.7977924265778714	0.8698851640641393	0.7019538606403013	0.15857617317556205	3	43	BUD13;TRAF3;WDR41
Beta Carotene	0.7998825709796878	0.8698851640641393	0.6685866690573311	0.1492889502451771	2	30	NYAP2;RNF165
Kidney Diseases	0.7998825709796878	0.8698851640641393	0.6685866690573311	0.1492889502451771	2	30	MYBL1;NXT1
Otitis	0.7998825709796878	0.8698851640641393	0.6685866690573311	0.1492889502451771	2	30	HLA-DQA1;WDPCP
Plaque, Amyloid	0.7998825709796878	0.8698851640641393	0.6685866690573311	0.1492889502451771	2	30	ACTBL2;C1RL-AS1
Diet	0.8028870983165258	0.8709109089569503	0.624090338770389	0.1370135261395964	1	16	ARL4C
Language Disorders	0.8028870983165258	0.8709109089569503	0.624090338770389	0.1370135261395964	1	16	INHBA
Binge-Eating Disorder	0.8104527262643644	0.876866265932635	0.6848100684396674	0.143921235858744	3	44	FXR1;RASGRF2;SH2D3C
Carboplatin	0.8104527262643644	0.876866265932635	0.6848100684396674	0.143921235858744	3	44	LILRB4;SLC25A1P5;XRCC2
Osteonecrosis	0.8146118095326897	0.8802391036510522	0.6455103166960605	0.1323577504797308	2	31	CBX4;CSGALNACT1
Pulmonary Emphysema	0.8219167724195703	0.8864260731763441	0.5850650878293601	0.11474070617651504	1	17	MMP12
Hypertriglyceridemia	0.8224355519174601	0.8864260731763441	0.6684826472962067	0.13067843441884922	3	45	BUD13;LINC00861;LPL
Lymphocyte Count	0.824589120199931	0.8870133556831404	0.7794996853366898	0.1503421454918042	11	143	ADARB1;CECR7;GAS1;HMGB1;NGFR;PCDHGA4;PEG10;TCF12;UNC13C;VPS13C;ZNF699
Lipoproteins, VLDL	0.8250798787774538	0.8870133556831404	0.8238399806495469	0.15840389371637414	20	247	DNAH5;GRIN2B;HMCN1;KCNQ5;KLHL14;KLHL29;LINC00890;LRRC4C;LRRIQ3;MAGOHB;MMP20;MYO16;PARP8;PCDH9;RASSF2;RGS18;RNF150;RPS17P8;TAF3;XKR4
Coenzyme Q10	0.8283628733162434	0.8882825227820123	0.6239723878255412	0.11749647642780468	2	32	KLF12;PVRL3-AS1
Hepatitis C, Chronic	0.8283628733162434	0.8882825227820123	0.6239723878255412	0.11749647642780468	2	32	HLA-DQA1;OLFM1
Resistin	0.8322906112147052	0.8913632021247476	0.7197128978467339	0.13212029253542368	6	84	LHX8;LINC00487;LINC00901;PLEKHG1;RORA;TNFAIP8
Triiodothyronine	0.8337651302426642	0.8918120696899382	0.6529146410896509	0.11870218960707174	3	46	AHR;KATNAL2;ZNF532
Chemokine CCL11	0.8391097856138936	0.8930072655462721	0.5506310428813934	0.0965882440607404	1	18	EBF1
Child Behavior	0.8391097856138936	0.8930072655462721	0.5506310428813934	0.0965882440607404	1	18	PYCR2
Cognitive Therapy	0.8391097856138936	0.8930072655462721	0.5506310428813934	0.0965882440607404	1	18	WNT7A
Functional Laterality	0.8391097856138936	0.8930072655462721	0.5506310428813934	0.0965882440607404	1	18	SCN11A
Carcinoma, Non-Small-Cell Lung	0.8439576401386434	0.8970367370027089	0.7336945466649407	0.12447346262326393	8	110	BATF3;BRCA2;MAP3K1;MSNP1;MTX1;NLRP1;SH2B3;SPC24
Life Expectancy	0.8531358791287823	0.9027170423837058	0.5849348917477252	0.09290898086613215	2	34	HECW2;MYBL1
Interleukin-1beta	0.8545638829180472	0.9027170423837058	0.6238543628374137	0.09804745870842206	3	48	CEPT1;LECT1;MTUS2
Parietal Lobe	0.8546433537360528	0.9027170423837058	0.5200230029276454	0.08168054723831795	1	19	RIPK2
Respiration Disorders	0.8546433537360528	0.9027170423837058	0.5200230029276454	0.08168054723831795	1	19	VRK2
Tooth Eruption	0.8546433537360528	0.9027170423837058	0.5200230029276454	0.08168054723831795	1	19	TEX14
Antidepressive Agents	0.8597195334769187	0.9069450758901327	0.7041017011009509	0.10642431504566305	7	100	BMP7;CSGALNACT1;RASGRP3;RORA;SLC4A8;USP44;WDFY4
Blood Coagulation Factors	0.8684427470520935	0.9073332146463345	0.7194484760522496	0.10148080987721057	9	126	ANKRD44;ANKRD6;CDH2;ENOX1;ITM2A;LBH;LY86-AS1;PPP1R2P9;TBX22
Dimethylarginine	0.8686676522499395	0.9073332146463345	0.6588399745204898	0.09276116033531741	5	76	ADAM17;ARHGAP25;BCL6;HAVCR2;SNX29
Acceleration	0.8686775984010469	0.9073332146463345	0.492636861916397	0.0693550064435096	1	20	MAT2B
Educational Status	0.8686775984010469	0.9073332146463345	0.492636861916397	0.0693550064435096	1	20	TVP23A
Exhalation	0.8686775984010469	0.9073332146463345	0.492636861916397	0.0693550064435096	1	20	KCNE2
Growth	0.8686775984010469	0.9073332146463345	0.492636861916397	0.0693550064435096	1	20	ZNF483
Metabolome	0.8686775984010469	0.9073332146463345	0.492636861916397	0.0693550064435096	1	20	THEM4
Plasminogen Activator Inhibitor 1	0.8686775984010469	0.9073332146463345	0.492636861916397	0.0693550064435096	1	20	NICN1
Hydrocortisone	0.8768530799165516	0.914741793246279	0.6681701898478525	0.08780813767119677	6	90	AMPD3;KIF11;PRKAR1A;PRKCB;TECRL;TSPAN18
Antioxidants	0.8813571950932404	0.9160477611977713	0.46798933500627354	0.059103445951232014	1	21	FAM155A
Malaria	0.8813571950932404	0.9160477611977713	0.46798933500627354	0.059103445951232014	1	21	ATP2B4
Sepsis	0.8813571950932404	0.9160477611977713	0.46798933500627354	0.059103445951232014	1	21	SOX5
Von Willebrand Factor	0.8894222739894438	0.9226204359950744	0.5728506091702218	0.06712844309031905	3	52	ANKRD6;CDH2;DTHD1
Renal Insufficiency, Chronic	0.8921011015011925	0.9226204359950744	0.7142529368575624	0.08155040784970599	11	155	ADAM28;AFF3;CDH23;COBLL1;HTR3B;KLHL29;KYNU;MEF2C-AS1;PTPRM;PVT1;SLC24A4
Puberty	0.8928128631705572	0.9226204359950744	0.4456891916113999	0.050531473864008705	1	22	ZNF483
Interferon-gamma	0.8931402563833974	0.9226204359950744	0.5198723982846982	0.05875163669774652	2	38	CELSR1;DLG2
Vitamin K	0.8931402563833974	0.9226204359950744	0.5198723982846982	0.05875163669774652	2	38	CDO1;SEMA3A
Chin	0.8979373616538384	0.9264433096428492	0.5939747327502429	0.0639443298267346	4	67	ARHGAP15;GREM1;GTDC1;PLCL1
Receptors, Transferrin	0.9031627114925442	0.9306981600136583	0.4254163339796966	0.043329739228619435	1	23	SOX5
Angiotensin-Converting Enzyme Inhibitors	0.9070385325045766	0.933553666219692	0.6073794296156105	0.05926222128454265	5	82	KCNA1;MSNP1;SLA;TG;TNS3
Natriuretic Peptide, Brain	0.9091012562537524	0.934538396027276	0.4924776641950027	0.04693252943469202	2	40	CALB1;ITGBL1
Rectal Neoplasms	0.912513454784748	0.9369062810365881	0.4069063335333588	0.03725327121211736	1	24	LY86
DNA, Mitochondrial	0.9209615122379465	0.9432878519285635	0.3899388331242158	0.0321064064543595	1	25	BUD13
Fibrinogen D Fragment	0.9209615122379465	0.9432878519285635	0.3899388331242158	0.0321064064543595	1	25	F5
DNA Methylation	0.9228061057997937	0.9440328806305396	0.46782240351427673	0.0375830442807576	2	42	GABRG3;GNAS-AS1
Pulse Wave Analysis	0.9245531201943261	0.9446764045516391	0.6943001079525009	0.05446421332768467	13	188	ASAP1;BUD13;FCN1;GLCCI1;MAP3K1;MRAS;OLFM1;SCFD2;SLC9A9;SOX12;TENM4;VPS13C;WDR41
Osteoarthritis	0.9285940008125342	0.9468324978620214	0.37432873274780426	0.027731644018198134	1	26	NPM1P14
Glucosephosphate Dehydrogenase	0.9289043085533913	0.9468324978620214	0.45639679490613544	0.0336590583644796	2	43	ANK2;IP6K3
Aggression	0.9328214736635227	0.9496796930670803	0.5011265805757331	0.03484906553868722	3	59	FYN;PLEK;TEPP
Fluorescence	0.935489632418234	0.9512499872363511	0.35991940932342437	0.024001303454610653	1	27	CDH10
Osteoporosis	0.9390933962119163	0.9537667305277275	0.5566336145010768	0.03497904627843617	5	89	CD38;LRRC4C;MAPRE2;TBC1D8;VRK2
Apolipoprotein A-I	0.9417195243362639	0.9543868177975343	0.3465774431897393	0.020811210777339453	1	28	LRRC4C
Hair	0.9419628473883356	0.9543868177975343	0.4838138840184428	0.02892696376518759	3	61	MACF1;RSPO1;THEM4
Docetaxel	0.9524329106875186	0.963839292851441	0.3226539177086488	0.015724735316338827	1	30	NYAP2
Cannabis	0.961177334726423	0.9715249376122338	0.3018172987412474	0.011950865081933798	1	32	KLHL29
Lymphocytes	0.9649269904529755	0.97414970959709	0.2923757057716437	0.010438642477893416	1	33	TCF19
Leucine	0.971375021666624	0.9794891328261304	0.27515868329766036	0.007991340951157505	1	35	LRRIQ3
Disease-Free Survival	0.9741399301533465	0.9811063658874587	0.26728804445241083	0.007003032351170764	1	36	VRK1
Anxiety Disorders	0.9788944877578116	0.9844282172955185	0.25282308657465496	0.005393074886203102	1	38	WNT7A
Erythrocytes	0.9800753957022302	0.9844282172955185	0.33397955981890715	0.006721597771683098	2	58	FAM155A;TRPS1
Cough	0.9809332058731677	0.9844282172955185	0.24616159281516212	0.0047388345529934955	1	39	KCNA1
Hemoglobin A2	0.9950734378356137	0.9974276206054861	0.41197261185341244	0.0020346246601241165	6	142	BCL11A;DLEU2;DLG2;GLRA3;LRRIQ3;TRIM6
Microbiota	0.9962472328887932	0.9974276206054861	0.17313188345183325	0.000650945827555953	1	55	CD180
Magnesium	0.9983604890896047	0.9983604890896047	0.2224438567394325	0.00036499842134835877	2	86	CACNA1C;GNG2
