Name	P_value	Adjusted_p_value	Odds_ratio	Combined_score	Overlap_count	Set_size	Overlap_genes
Dicarboxylic Acid Metabolic Process (GO:0043648)	5.544167161359212e-07	0.001182016438801784	9.324363425925926	134.32071157030543	10	55	ALDH18A1;FAHD1;FH;MTHFS;PHYH;SDHA;SHMT1;SLC19A1;SUCLA2;SUCLG1
Tricarboxylic Acid Cycle (GO:0006099)	1.7365039221829772e-06	0.0018511131810470536	15.411086080961157	204.4070470242012	7	26	ACO2;FH;SDHA;SDHB;SUCLA2;SUCLG1;SUCLG2
Electron Transport Chain (GO:0022900)	3.491003783467181e-05	0.024809400221173436	17.38788270806382	178.44725249339487	5	17	ETFA;ETFDH;FDX1;SDHA;SDHB
Aerobic Respiration (GO:0009060)	8.190146921522188e-05	0.03758396555603979	4.478892672244655	42.146351506901944	11	114	ACO2;FH;HKDC1;MTFR1;NDUFS2;PGM1;SDHA;SDHB;SUCLA2;SUCLG1;SUCLG2
Respiratory Electron Transport Chain (GO:0022904)	8.814250833968055e-05	0.03758396555603979	23.819121447028422	222.38855269492046	4	11	ETFA;ETFDH;SDHA;SDHB
Cell Projection Assembly (GO:0030031)	0.00018392753921615698	0.052550257833839396	18.52483491243181	159.33152500489157	4	13	NCKAP1;PDGFA;RAC1;RAC3
Response to dsRNA (GO:0043331)	0.00020916678595968372	0.052550257833839396	10.979437597875672	93.02195220248392	5	24	IFNA14;IFNK;IFNW1;RIOK3;SLC3A2
Fatty Acid Oxidation (GO:0019395)	0.00023451644343143967	0.052550257833839396	6.360119551119382	53.15778286067145	7	53	ACAD10;ADIPOR1;ADIPOR2;HADH;HADHA;PHYH;SCP2
Adiponectin-activated Signaling Pathway (GO:0033211)	0.0002464833857121923	0.052550257833839396	41.63483870967742	345.91123177265183	3	6	ADIPOR1;ADIPOR2;APPL2
Succinyl-CoA Catabolic Process (GO:1901289)	0.0002464833857121923	0.052550257833839396	41.63483870967742	345.91123177265183	3	6	SUCLA2;SUCLG1;SUCLG2
Nitrogen Compound Transport (GO:0071705)	0.00044096888190590336	0.08546778692939873	3.6297775359566367	28.045607702215964	11	138	EDN3;GLTPD2;OSBP;SLC12A2;SLC19A1;SLC1A6;SLC35F2;SLC36A1;SLC3A2;SLC47A2;SLC52A3
Mitophagy (GO:0000423)	0.0007012605189927154	0.12459061887437245	6.262305699481865	45.480816136361206	6	46	ARFIP2;ATG5;ATG9A;GABARAPL1;NIPSNAP1;OPTN
Cell Projection Organization (GO:0030030)	0.0008910228803654432	0.14612775237993267	11.112833763996555	78.04699233761548	4	19	NCKAP1;PDGFA;RAC1;RAC3
Malate Metabolic Process (GO:0006108)	0.00098181522829476	0.14951643333745918	20.815483870967743	144.17027741185262	3	9	FH;SUCLA2;SUCLG1
Fatty Acid Beta-Oxidation (GO:0006635)	0.0010988271037838519	0.15617995901781148	5.692298634008479	38.784544693690954	6	50	ACAD10;ETFA;ETFDH;HADH;HADHA;SCP2
Iron Ion Transport (GO:0006826)	0.001589980801943266	0.204984773841934	9.25983347688774	59.67067562080371	4	22	FTH1;REP15;SLC39A14;SLC41A2
GDP-L-fucose Biosynthetic Process (GO:0042350)	0.0016344939752874663	0.204984773841934	83.16752577319588	533.6379435348773	2	3	GMDS;SLC35C1
Fatty Acid Beta-Oxidation Using acyl-CoA Dehydrogenase (GO:0033539)	0.0018618364586661324	0.20891764894085232	15.610645161290323	98.13151171290957	3	11	ACAD10;ETFA;ETFDH
Succinyl-CoA Metabolic Process (GO:0006104)	0.0018618364586661324	0.20891764894085232	15.610645161290323	98.13151171290957	3	11	SUCLA2;SUCLG1;SUCLG2
Autophagy of Mitochondrion (GO:0000422)	0.002388794041178132	0.2546454447895889	4.815364687126345	29.070195906591508	6	58	ARFIP2;ATG5;ATG9A;GABARAPL1;NIPSNAP1;WDR45B
Negative Regulation of ERBB Signaling Pathway (GO:1901185)	0.0026001716238883963	0.26397932867286006	7.936261843238587	47.23804177215728	4	25	LGMN;MVP;PTPN3;SPRY4
Folic Acid Metabolic Process (GO:0046655)	0.003115786613018275	0.29782694657429637	12.487741935483871	72.07017578517673	3	13	MTHFS;SHMT1;SLC19A1
GDP-L-fucose Metabolic Process (GO:0046368)	0.0032179246643619696	0.29782694657429637	41.58247422680412	238.6425947426511	2	4	GMDS;SLC35C1
Regulation of Neurogenesis (GO:0050767)	0.003352648554307276	0.29782694657429637	4.470854922279793	25.47495205744285	6	62	APPL2;HES5;HES6;NUMB;PER2;SOX11
Fatty Acid Metabolic Process (GO:0006631)	0.004336741789792024	0.35175271768452887	3.034040857418516	16.507099634047215	9	133	ACAD10;ACSF2;ACSL5;ADIPOR1;ADIPOR2;CYP4F11;PER2;PHYH;SLC27A4
Purine-containing Compound Catabolic Process (GO:0072523)	0.0047862414120990685	0.35175271768452887	10.405806451612904	55.58792055609355	3	15	SUCLA2;SUCLG1;SUCLG2
Positive Regulation of Lamellipodium Organization (GO:1902745)	0.005133775058644214	0.35175271768452887	6.409063804412642	33.788033271385245	4	30	CLRN1;NCKAP1;RAC1;SRC
Response to Exogenous dsRNA (GO:0043330)	0.005133775058644214	0.35175271768452887	6.409063804412642	33.788033271385245	4	30	IFNA14;IFNK;IFNW1;SLC3A2
Bone Marrow Development (GO:0048539)	0.005279590509336268	0.35175271768452887	27.72079037800687	145.36523948254785	2	5	LRP5;SBDS
Mitochondrial Electron Transport, Succinate to Ubiquinone (GO:0006121)	0.005279590509336268	0.35175271768452887	27.72079037800687	145.36523948254785	2	5	SDHA;SDHB
Regulation of Phosphatidylinositol Biosynthetic Process (GO:0010511)	0.005279590509336268	0.35175271768452887	27.72079037800687	145.36523948254785	2	5	HTR2C;PDGFA
Regulation of Phospholipid Biosynthetic Process (GO:0071071)	0.005279590509336268	0.35175271768452887	27.72079037800687	145.36523948254785	2	5	CHP1;SCP2
Autophagosome Assembly (GO:0000045)	0.005696200992810455	0.3617902422784878	3.9732297063903284	20.53347558071148	6	69	AP4M1;ARFIP2;ATG5;ATG9A;GABARAPL1;WDR45B
Protein Localization to Phagophore Assembly Site (GO:0034497)	0.005788634913226393	0.3617902422784878	9.605062034739454	49.4839231903001	3	16	ARFIP2;ATG9A;WDR45B
Negative Regulation of Cell Population Proliferation (GO:0008285)	0.0060179701934810845	0.3617902422784878	2.0611303958132363	10.538570542314714	17	363	APPL2;CDKN2B;CHD5;FTH1;HNF4A;IFNK;IRF6;MARVELD3;NCK2;PER2;PLXNB1;SOX11;SSTR4;TMEM127;TOB1;VDR;WNT9A
Skin Development (GO:0043588)	0.006109028481250263	0.3617902422784878	3.911026554404145	19.938364577047288	6	70	COL5A1;GATA6;ITGA6;ITGB4;PDGFA;SLC2A10
Folic Acid-Containing Compound Metabolic Process (GO:0006760)	0.006907350250670571	0.37752531036010206	8.918709677419354	44.372089518160706	3	17	MTHFS;SHMT1;SLC19A1
Neuron Projection Organization (GO:0106027)	0.006907350250670571	0.37752531036010206	8.918709677419354	44.372089518160706	3	17	LGMN;PLS1;PSEN1
Regulation of Hormone Secretion (GO:0046883)	0.006907350250670571	0.37752531036010206	8.918709677419354	44.372089518160706	3	17	EDN3;SOX11;VAMP3
Cellular Response to Hepatocyte Growth Factor Stimulus (GO:0035729)	0.007796155306657599	0.37752531036010206	20.789948453608247	100.916999726783	2	6	APPL2;LGMN
Response to Hepatocyte Growth Factor (GO:0035728)	0.007796155306657599	0.37752531036010206	20.789948453608247	100.916999726783	2	6	APPL2;LGMN
Signal Complex Assembly (GO:0007172)	0.007796155306657599	0.37752531036010206	20.789948453608247	100.916999726783	2	6	NCK2;SRC
Regulation of Peptide Hormone Secretion (GO:0090276)	0.008068155537590051	0.37752531036010206	4.3421194480379475	20.92827923246863	5	53	HADH;HNF4A;HTR2C;PER2;SYT7
Glycolipid Metabolic Process (GO:0006664)	0.008145480429908394	0.37752531036010206	8.323870967741936	40.04025037486458	3	18	GBA2;PGAP3;SCCPDH
Intracellular Monoatomic Ion Homeostasis (GO:0006873)	0.008145480429908394	0.37752531036010206	8.323870967741936	40.04025037486458	3	18	P2RY2;SLC39A14;SLC39A4
Rac Protein Signal Transduction (GO:0016601)	0.008145480429908394	0.37752531036010206	8.323870967741936	40.04025037486458	3	18	NCKAP1;RAC1;RAC3
Small GTPase-mediated Signal Transduction (GO:0007264)	0.00871176316980707	0.3951804059155037	2.408711441189922	11.424713659278524	11	202	ARFIP2;ARHGAP32;ARHGEF11;CHP1;EPS8L3;NCKAP1;PLD1;RAC1;RAC3;RAPGEFL1;RTKN
Cortical Cytoskeleton Organization (GO:0030865)	0.008942918612631906	0.3972146350444005	5.374510294240227	25.350991470511275	4	35	ARPC1A;NCKAP1;RAC1;RAC3
Nucleoside Phosphate Catabolic Process (GO:1901292)	0.009505695378250145	0.40532285092858616	7.803387096774194	36.33151020522575	3	19	SUCLA2;SUCLG1;SUCLG2
Regulation of Cytoplasmic Pattern Recognition Receptor Signaling Pathway (GO:0039531)	0.009505695378250145	0.40532285092858616	7.803387096774194	36.33151020522575	3	19	SLC19A1;SRC;ZDHHC9
Apical Junction Assembly (GO:0043297)	0.009877064865920998	0.4090818383354481	5.2063953488372094	24.040738204840554	4	36	CTNNA1;MARVELD2;MARVELD3;OCEL1
Lipid Biosynthetic Process (GO:0008610)	0.010072496310208739	0.4090818383354481	2.830904688531807	13.016348891094486	8	126	ACSS2;AGPAT3;DEGS2;GBA2;PCYT2;PDSS1;SCCPDH;SCP2
Negative Regulation of Gliogenesis (GO:0014014)	0.01074511395252584	0.4090818383354481	16.63144329896907	75.39539082419705	2	7	CNTFR;SOX11
Positive Regulation of cGAS/STING Signaling Pathway (GO:0141111)	0.01074511395252584	0.4090818383354481	16.63144329896907	75.39539082419705	2	7	SLC19A1;ZDHHC9
Regulation of Histamine Secretion by Mast Cell (GO:1903593)	0.01074511395252584	0.4090818383354481	16.63144329896907	75.39539082419705	2	7	SNX4;VAMP3
Tetrahydrofolate Interconversion (GO:0035999)	0.01074511395252584	0.4090818383354481	16.63144329896907	75.39539082419705	2	7	MTHFS;SHMT1
Cellular Respiration (GO:0045333)	0.011510755629221806	0.42311950002587745	3.3814591793866406	15.096434588641861	6	80	ETFA;ETFDH;MTFR1;NDUFS2;SDHA;SDHB
Regulation of Rho Protein Signal Transduction (GO:0035023)	0.011510755629221806	0.42311950002587745	3.3814591793866406	15.096434588641861	6	80	APOC3;ARHGEF16;EPS8L3;MCF2L;PLXNB1;RAC1
Wound Healing (GO:0042060)	0.012191235826097253	0.43331461851440084	3.3362694300518134	14.703066024053095	6	81	CHMP5;EPB41L4B;ERBB3;PDGFA;PPL;SYT7
ERBB Signaling Pathway (GO:0038127)	0.012552827344613682	0.43331461851440084	3.858943030999952	16.89371689131334	5	59	ERBB3;MVP;NCK2;PTK6;SRC
Glycogen Catabolic Process (GO:0005980)	0.012601081776685202	0.43331461851440084	6.935913978494623	30.33749779095567	3	21	GABARAPL1;PGM1;WDR45B
Positive Regulation of BMP Signaling Pathway (GO:0030513)	0.012601081776685202	0.43331461851440084	6.935913978494623	30.33749779095567	3	21	FOXD1;HES5;SOX11
Cellular Response to Nitrogen Compound (GO:1901699)	0.013818518427040481	0.4461199992555327	2.4894375597447445	10.659138495606141	9	160	AFG3L2;CHMP5;CTNNA1;LGMN;P2RY2;PSEN1;RIOK3;SHMT1;SRC
Exocrine System Development (GO:0035272)	0.014104766400155703	0.4461199992555327	13.859106529209622	59.057013701039075	2	8	IGSF3;RAB26
Intestinal Epithelial Cell Differentiation (GO:0060575)	0.014104766400155703	0.4461199992555327	13.859106529209622	59.057013701039075	2	8	GATA6;SRC
Sulfur Compound Catabolic Process (GO:0044273)	0.014339681139240305	0.4461199992555327	6.570662139219015	27.890651745070173	3	22	SUCLA2;SUCLG1;SUCLG2
Fatty Acid Catabolic Process (GO:0009062)	0.015325184379084065	0.4461199992555327	3.655500329089217	15.27362263852523	5	62	ACAD10;HADH;HADHA;PHYH;SCP2
Monocarboxylic Acid Metabolic Process (GO:0032787)	0.015429824049409468	0.4461199992555327	2.6089285714285713	10.883022957347753	8	136	ACSF2;CYP3A7;CYP4F11;GBA2;MTHFS;PER2;SCP2;SLC27A4
Semaphorin-plexin Signaling Pathway (GO:0071526)	0.01548983006444619	0.4461199992555327	4.502130037013758	18.762949260495176	4	41	PLXNA2;PLXNB1;RAC1;SEMA6A
Macroautophagy (GO:0016236)	0.015999669773124857	0.4461199992555327	2.4248919837241494	10.02738228310661	9	164	ARFIP2;ATG5;ATG9A;CHMP5;GABARAPL1;NIPSNAP1;RTN3;SRC;WDR45B
Natural Killer Cell Activation Involved in Immune Response (GO:0002323)	0.016207262674342623	0.4461199992555327	6.241935483870968	25.731104578683443	3	23	IFNA14;IFNK;IFNW1
Nucleophagy (GO:0044804)	0.016207262674342623	0.4461199992555327	6.241935483870968	25.731104578683443	3	23	ATG5;ATG9A;WDR45B
Positive Regulation of Hormone Secretion (GO:0046887)	0.016207262674342623	0.4461199992555327	6.241935483870968	25.731104578683443	3	23	EDN3;SNX4;SOX11
Positive Regulation of Lamellipodium Assembly (GO:0010592)	0.016207262674342623	0.4461199992555327	6.241935483870968	25.731104578683443	3	23	CLRN1;NCKAP1;RAC1
Glycolipid Biosynthetic Process (GO:0009247)	0.016333114719813732	0.4461199992555327	3.5923629388410583	14.780995203511647	5	63	FUT6;GBA2;MPPE1;PGAP3;SCCPDH
Collagen-activated Signaling Pathway (GO:0038065)	0.017854192352598025	0.4461199992555327	11.878865979381443	47.818576140577285	2	9	DDR1;ITGA2
Embryonic Skeletal Joint Development (GO:0072498)	0.017854192352598025	0.4461199992555327	11.878865979381443	47.818576140577285	2	9	SLC2A10;WNT9A
Manganese Ion Transport (GO:0006828)	0.017854192352598025	0.4461199992555327	11.878865979381443	47.818576140577285	2	9	SLC39A14;SLC41A2
Mesodermal Cell Differentiation (GO:0048333)	0.017854192352598025	0.4461199992555327	11.878865979381443	47.818576140577285	2	9	ITGA2;ITGB4
Neg Reg Mitochondrial Outer Membrane Permeabilization Involved in Apoptotic Signaling Pathway (GO:1901029)	0.017854192352598025	0.4461199992555327	11.878865979381443	47.818576140577285	2	9	MPV17L;SLC25A5
Skin Morphogenesis (GO:0043589)	0.017854192352598025	0.4461199992555327	11.878865979381443	47.818576140577285	2	9	ITGA6;ITGB4
Phospholipid Biosynthetic Process (GO:0008654)	0.018197173214149428	0.4461199992555327	4.2709865500563176	17.11166069544252	4	43	AGPAT3;DOLPP1;OSBP;PCYT2
Glycogen Metabolic Process (GO:0005977)	0.018204709162866484	0.4461199992555327	5.944516129032258	23.8141772920366	3	24	PER2;PGM1;PRKAG2
Lymphocyte Activation Involved in Immune Response (GO:0002285)	0.018204709162866484	0.4461199992555327	5.944516129032258	23.8141772920366	3	24	IFNA14;IFNK;IFNW1
Nucleotide-sugar Biosynthetic Process (GO:0009226)	0.018204709162866484	0.4461199992555327	5.944516129032258	23.8141772920366	3	24	GMDS;SLC35C1;UAP1
Regulation of Ruffle Assembly (GO:1900027)	0.018204709162866484	0.4461199992555327	5.944516129032258	23.8141772920366	3	24	EPS8L3;RAC1;SH3YL1
Steroid Biosynthetic Process (GO:0006694)	0.018204709162866484	0.4461199992555327	5.944516129032258	23.8141772920366	3	24	FAXDC2;PRKAG2;SCP2
Positive Regulation of Hydrolase Activity (GO:0051345)	0.018478995805088317	0.446161135482828	3.4724018973695556	13.85877458363375	5	65	CHP2;ITGA6;PLXNB1;RAP1GAP;TBC1D30
Autophagosome Organization (GO:1905037)	0.01961828558924315	0.446161135482828	3.4153712383093335	13.426825756866329	5	66	AP4M1;ATG5;ATG9A;GABARAPL1;WDR45B
Blood Vessel Diameter Maintenance (GO:0097746)	0.01965403288622061	0.446161135482828	4.164082687338501	16.362649347809736	4	44	ADCY6;EDN3;PER2;SRC
Regulation of Hippo Signaling (GO:0035330)	0.01965403288622061	0.446161135482828	4.164082687338501	16.362649347809736	4	44	FRMD1;NUAK2;SOX11;SRC
Actin Filament Polymerization (GO:0030041)	0.020332605299983406	0.446161135482828	5.6741348973607035	22.10375993092409	3	25	COBL;FHDC1;RAC1
Organophosphate Ester Transport (GO:0015748)	0.020332605299983406	0.446161135482828	5.6741348973607035	22.10375993092409	3	25	OSBP;PRELID2;SCP2
Porphyrin-containing Compound Biosynthetic Process (GO:0006779)	0.020332605299983406	0.446161135482828	5.6741348973607035	22.10375993092409	3	25	ALAD;COX10;SUCLA2
Glucose Metabolic Process (GO:0006006)	0.020802653894138032	0.446161135482828	3.360180277928473	13.012885181188853	5	67	HKDC1;LRP5;PER2;PGM1;SLC39A14
Actin Filament Network Formation (GO:0051639)	0.021973226653704003	0.446161135482828	10.393685567010309	39.682369518469315	2	10	COBL;PLS1
Cellular Response to Nitrogen Levels (GO:0043562)	0.021973226653704003	0.446161135482828	10.393685567010309	39.682369518469315	2	10	ATG5;GABARAPL1
Cellular Response to Nitrogen Starvation (GO:0006995)	0.021973226653704003	0.446161135482828	10.393685567010309	39.682369518469315	2	10	ATG5;GABARAPL1
Golgi Ribbon Formation (GO:0090161)	0.021973226653704003	0.446161135482828	10.393685567010309	39.682369518469315	2	10	FHDC1;OPTN
Isoprenoid Metabolic Process (GO:0006720)	0.021973226653704003	0.446161135482828	10.393685567010309	39.682369518469315	2	10	PDSS1;PHYH
Negative Regulation of Mitochondrial Membrane Permeability (GO:0035795)	0.021973226653704003	0.446161135482828	10.393685567010309	39.682369518469315	2	10	MPV17L;SLC25A5
Peptidyl-tyrosine Autophosphorylation (GO:0038083)	0.021973226653704003	0.446161135482828	10.393685567010309	39.682369518469315	2	10	DDR1;PDGFA
Positive Regulation of Mesenchymal Cell Proliferation (GO:0002053)	0.021973226653704003	0.446161135482828	10.393685567010309	39.682369518469315	2	10	LRP5;PDGFA
Regulation of Phosphatase Activity (GO:0010921)	0.021973226653704003	0.446161135482828	10.393685567010309	39.682369518469315	2	10	CHP1;CHP2
Tetrahydrofolate Metabolic Process (GO:0046653)	0.021973226653704003	0.446161135482828	10.393685567010309	39.682369518469315	2	10	MTHFS;SHMT1
Positive Regulation of Neuron Projection Development (GO:0010976)	0.02267222760676912	0.4538632020837423	2.8750223333928893	10.886601419242936	6	93	COBL;DDR1;ITGA6;NPTN;PTK6;PTPRD
Regulation of Cell-Cell Adhesion (GO:0022407)	0.022778312674934534	0.4538632020837423	3.9655469422911285	14.997485959293416	4	46	EPHB3;MAGI1;RAP1GAP;SRC
Bicellular Tight Junction Assembly (GO:0070830)	0.024980701149199605	0.4766794333287752	5.200967741935484	19.189759503214123	3	27	MARVELD2;MARVELD3;OCEL1
Heparan Sulfate Proteoglycan Biosynthetic Process (GO:0015012)	0.024980701149199605	0.4766794333287752	5.200967741935484	19.189759503214123	3	27	EXT1;NDST1;SLC35D2
Negative Regulation of Apoptotic Signaling Pathway (GO:2001234)	0.026002436159048528	0.4766794333287752	3.156140969853777	11.51854176674674	5	71	GHITM;ITGA6;MPV17L;SLC25A5;SRC
Skeletal System Morphogenesis (GO:0048705)	0.026188006918243637	0.4766794333287752	3.785059901338971	13.786905534055284	4	48	ATG9A;COL5A1;LRP5;SOX11
Cellular Response to Nutrient (GO:0031670)	0.0264424354517107	0.4766794333287752	9.238545246277205	33.56165003228961	2	11	CDKN2B;PLD1
Glycophagy (GO:0061723)	0.0264424354517107	0.4766794333287752	9.238545246277205	33.56165003228961	2	11	GABARAPL1;WDR45B
Inositol Phosphate Biosynthetic Process (GO:0032958)	0.0264424354517107	0.4766794333287752	9.238545246277205	33.56165003228961	2	11	ITPKC;SCP2
Negative Regulation of Neural Precursor Cell Proliferation (GO:2000178)	0.0264424354517107	0.4766794333287752	9.238545246277205	33.56165003228961	2	11	APPL2;CNTFR
Negative Regulation of Triglyceride Metabolic Process (GO:0090209)	0.0264424354517107	0.4766794333287752	9.238545246277205	33.56165003228961	2	11	APOC3;CIDEC
One-carbon Metabolic Process (GO:0006730)	0.0264424354517107	0.4766794333287752	9.238545246277205	33.56165003228961	2	11	MTHFS;SHMT1
Positive Regulation of Glycoprotein Biosynthetic Process (GO:0010560)	0.0264424354517107	0.4766794333287752	9.238545246277205	33.56165003228961	2	11	CHP1;SLC2A10
Phosphate-containing Compound Metabolic Process (GO:0006796)	0.026607027545056155	0.4766794333287752	2.5166375955990876	9.126787331522223	7	123	EPHX2;HKDC1;INPP5A;ITPKC;PGM1;PTPRD;TOLLIP
Response to Calcium Ion (GO:0051592)	0.027201789051166835	0.4766794333287752	2.748306098047031	9.906193845169305	6	97	CALM1;CALML3;CHP2;CPNE2;ITPKC;LGMN
Intracellular Sodium Ion Homeostasis (GO:0006883)	0.02750073653819857	0.4766794333287752	4.992774193548387	17.941746214786328	3	28	CHP1;CHP2;SLC12A2
Negative Regulation of Non-Canonical NF-kappaB Signal Transduction (GO:1901223)	0.02750073653819857	0.4766794333287752	4.992774193548387	17.941746214786328	3	28	ADIPOR1;PPM1A;UACA
Positive Regulation of Rho Protein Signal Transduction (GO:0035025)	0.02750073653819857	0.4766794333287752	4.992774193548387	17.941746214786328	3	28	MCF2L;PLXNB1;RAC1
Protein Autophosphorylation (GO:0046777)	0.029675711241287345	0.5084753758272468	2.689035600869129	9.458484735271933	6	99	DDR1;HTATIP2;PDGFA;PTK6;TNK1;TNNI3K
Glucose Homeostasis (GO:0042593)	0.03096617423703943	0.5084753758272468	2.6603461580862087	9.244329982353717	6	100	ADIPOR1;ADIPOR2;APPL2;HKDC1;HNF4A;OBP2A
Negative Regulation of Calcineurin-Mediated Signaling (GO:0106057)	0.031243092980004376	0.5084753758272468	8.314432989690722	28.817466821468606	2	12	CHP1;DYRK2
Negative Regulation of Secretion (GO:0051048)	0.031243092980004376	0.5084753758272468	8.314432989690722	28.817466821468606	2	12	ERBB3;VAMP3
Negative Regulation of calcineurin-NFAT Signaling Cascade (GO:0070885)	0.031243092980004376	0.5084753758272468	8.314432989690722	28.817466821468606	2	12	CHP1;DYRK2
Regulation of Cdc42 Protein Signal Transduction (GO:0032489)	0.031243092980004376	0.5084753758272468	8.314432989690722	28.817466821468606	2	12	APOC3;ARHGEF16
Regulation of Mesenchymal Cell Proliferation (GO:0010464)	0.031243092980004376	0.5084753758272468	8.314432989690722	28.817466821468606	2	12	LRP5;PDGFA
Regulation of Neutrophil Migration (GO:1902622)	0.031243092980004376	0.5084753758272468	8.314432989690722	28.817466821468606	2	12	RAC1;RAC3
Peptidyl-tyrosine Phosphorylation (GO:0018108)	0.03184726693599113	0.5085930870858484	3.5431304634669307	12.212475230505602	4	51	DDR1;PDGFA;PTK6;SRC
Positive Regulation of Innate Immune Response (GO:0045089)	0.03184726693599113	0.5085930870858484	3.5431304634669307	12.212475230505602	4	51	IFNK;RBM47;RIOK3;RNF185
Positive Regulation of GTPase Activity (GO:0043547)	0.031965982021343195	0.5085930870858484	2.975420439844761	10.244619544596137	5	75	ARHGEF16;ITGA6;PLXNB1;RAP1GAP;TBC1D30
Acyl-CoA Metabolic Process (GO:0006637)	0.032930612850371535	0.5162357838014126	4.622652329749104	15.778742219517921	3	30	ACSF2;SUCLA2;SUCLG2
Negative Regulation of Epidermal Growth Factor Receptor Signaling Pathway (GO:0042059)	0.032930612850371535	0.5162357838014126	4.622652329749104	15.778742219517921	3	30	MVP;PTPN3;SPRY4
Amino Acid Transport (GO:0006865)	0.0338805318783052	0.5237396161364987	3.469207579672696	11.742971769983614	4	52	SLC1A6;SLC36A1;SLC3A2;SLC6A18
Positive Regulation of Cold-Induced Thermogenesis (GO:0120162)	0.03505528735062714	0.5237396161364987	2.5778270391538913	8.637857149228639	6	103	ADIPOR1;ADIPOR2;APPL2;FH;HADH;PER2
Cell-substrate Junction Assembly (GO:0007044)	0.035838945256099326	0.5237396161364987	4.457419354838709	14.837501492166151	3	31	ITGA6;ITGB4;SRC
Sterol Biosynthetic Process (GO:0016126)	0.035838945256099326	0.5237396161364987	4.457419354838709	14.837501492166151	3	31	FAXDC2;PRKAG2;SC5D
Regulation of Lipid Metabolic Process (GO:0019216)	0.03598766753485708	0.5237396161364987	3.3983019564414914	11.297923210252648	4	53	ADIPOR1;APOC3;HNF4A;PRKAG2
Acetyl-CoA Biosynthetic Process (GO:0006085)	0.03635715909390328	0.5237396161364987	7.55834114339269	25.051094884788004	2	13	ACSS2;PPCS
Endoplasmic Reticulum Mannose Trimming (GO:1904380)	0.03635715909390328	0.5237396161364987	7.55834114339269	25.051094884788004	2	13	RNF103;RNF185
Mitochondrial Calcium Ion Transmembrane Transport (GO:0006851)	0.03635715909390328	0.5237396161364987	7.55834114339269	25.051094884788004	2	13	GHITM;MCUR1
Motor Neuron Axon Guidance (GO:0008045)	0.03635715909390328	0.5237396161364987	7.55834114339269	25.051094884788004	2	13	RAC1;RAC3
Positive Regulation of Ruffle Assembly (GO:1900029)	0.03635715909390328	0.5237396161364987	7.55834114339269	25.051094884788004	2	13	EPS8L3;RAC1
Programmed Necrotic Cell Death (GO:0097300)	0.03635715909390328	0.5237396161364987	7.55834114339269	25.051094884788004	2	13	ATG9A;ITPK1
Zinc Ion Import Across Plasma Membrane (GO:0071578)	0.03635715909390328	0.5237396161364987	7.55834114339269	25.051094884788004	2	13	SLC39A14;SLC39A4
Gland Development (GO:0048732)	0.038719032393690844	0.5364780378998512	2.8142372644313136	9.150278602173426	5	79	CEBPG;COBL;EPHB3;GCM2;IGSF3
B Cell Activation Involved in Immune Response (GO:0002312)	0.03887487823513979	0.5364780378998512	4.303581757508343	13.975481699572283	3	32	IFNA14;IFNK;IFNW1
Regulation of Lamellipodium Assembly (GO:0010591)	0.03887487823513979	0.5364780378998512	4.303581757508343	13.975481699572283	3	32	CLRN1;NCKAP1;RAC1
Activation of NF-kappaB-inducing Kinase Activity (GO:0007250)	0.04176725744686228	0.5364780378998512	6.928264604810996	22.001691953399767	2	14	CARD10;TNFRSF1A
Ceramide Transport (GO:0035627)	0.04176725744686228	0.5364780378998512	6.928264604810996	22.001691953399767	2	14	GLTPD2;OSBP
ERBB2 Signaling Pathway (GO:0038128)	0.04176725744686228	0.5364780378998512	6.928264604810996	22.001691953399767	2	14	PTK6;SRC
Intestinal Absorption (GO:0050892)	0.04176725744686228	0.5364780378998512	6.928264604810996	22.001691953399767	2	14	FOLH1;TJP2
Lipid Oxidation (GO:0034440)	0.04176725744686228	0.5364780378998512	6.928264604810996	22.001691953399767	2	14	ADIPOR1;ADIPOR2
Peptidyl-L-cysteine S-palmitoylation (GO:0018230)	0.04176725744686228	0.5364780378998512	6.928264604810996	22.001691953399767	2	14	ZDHHC3;ZDHHC9
Peptidyl-S-diacylglycerol-L-cysteine Biosynthetic Process From Peptidyl-Cysteine (GO:0018231)	0.04176725744686228	0.5364780378998512	6.928264604810996	22.001691953399767	2	14	ZDHHC3;ZDHHC9
Protein Alpha-1,2-Demannosylation (GO:0036508)	0.04176725744686228	0.5364780378998512	6.928264604810996	22.001691953399767	2	14	RNF103;RNF185
Quinone Biosynthetic Process (GO:1901663)	0.04176725744686228	0.5364780378998512	6.928264604810996	22.001691953399767	2	14	COQ5;PDSS1
Ubiquinone Biosynthetic Process (GO:0006744)	0.04176725744686228	0.5364780378998512	6.928264604810996	22.001691953399767	2	14	COQ5;PDSS1
Regulation of Cytoskeleton Organization (GO:0051493)	0.04235461556728565	0.5364780378998512	2.262108004303281	7.152056833907148	7	136	ARHGEF16;IQGAP2;PDGFA;PLXNB1;RAC1;RAC3;TRIM36
Pos Reg Transmembrane Rec Protein Serine/Threonine Kinase Signaling Pathway (GO:0090100)	0.04431296301865923	0.5364780378998512	2.704339644831236	8.428015077427835	5	82	CDKN2B;FOXD1;HES5;SLC2A10;SOX11
Intracellular Monoatomic Cation Homeostasis (GO:0030003)	0.04455993999521751	0.5364780378998512	1.914420871559633	5.955610235128337	10	228	CHP1;CHP2;EDN3;FTH1;GCM2;HTR2C;NPTN;SLC12A2;SLC39A14;SLC39A4
Memory (GO:0007613)	0.04515714287521238	0.5364780378998512	3.1414363024718446	9.730934478741124	4	57	ACSS2;CAMK2N1;LGMN;PSEN1
Regulation of Epidermal Growth Factor Receptor Signaling Pathway (GO:0042058)	0.04515714287521238	0.5364780378998512	3.1414363024718446	9.730934478741124	4	57	MVP;PTK6;PTPN3;SPRY4
Organophosphate Biosynthetic Process (GO:0090407)	0.0453245055829144	0.5364780378998512	4.025681581685744	12.455086159069376	3	34	AGPAT3;ITPKC;PCYT2
Positive Regulation of Signaling (GO:0023056)	0.0453245055829144	0.5364780378998512	4.025681581685744	12.455086159069376	3	34	EDN3;SOX11;VAMP3
Regulation of calcineurin-NFAT Signaling Cascade (GO:0070884)	0.0453245055829144	0.5364780378998512	4.025681581685744	12.455086159069376	3	34	CHP1;CHP2;DYRK2
Sodium Ion Homeostasis (GO:0055078)	0.0453245055829144	0.5364780378998512	4.025681581685744	12.455086159069376	3	34	CHP1;CHP2;SLC12A2
Arp2/3 Complex-Mediated Actin Nucleation (GO:0034314)	0.04745665425952876	0.5364780378998512	6.395122918318795	19.491941524229773	2	15	ARPC1A;IQGAP2
Bone Morphogenesis (GO:0060349)	0.04745665425952876	0.5364780378998512	6.395122918318795	19.491941524229773	2	15	ATG9A;LRP5
Detection of Calcium Ion (GO:0005513)	0.04745665425952876	0.5364780378998512	6.395122918318795	19.491941524229773	2	15	CALM1;CALML3
Extrinsic Apoptotic Signaling Pathway in Absence of Ligand (GO:0097192)	0.04745665425952876	0.5364780378998512	6.395122918318795	19.491941524229773	2	15	BCL2L2;ERBB3
G Protein-Coupled Serotonin Receptor Signaling Pathway (GO:0098664)	0.04745665425952876	0.5364780378998512	6.395122918318795	19.491941524229773	2	15	ADCY6;HTR2C
Intracellular Sterol Transport (GO:0032366)	0.04745665425952876	0.5364780378998512	6.395122918318795	19.491941524229773	2	15	OSBP;SCP2
L-glutamine Family Amino Acid Biosynthetic Process (GO:0009084)	0.04745665425952876	0.5364780378998512	6.395122918318795	19.491941524229773	2	15	ALDH18A1;FOLH1
Negative Regulation of Epithelial Cell Migration (GO:0010633)	0.04745665425952876	0.5364780378998512	6.395122918318795	19.491941524229773	2	15	ADIPOR1;MARVELD3
Positive Regulation of Hippo Signaling (GO:0035332)	0.04745665425952876	0.5364780378998512	6.395122918318795	19.491941524229773	2	15	FRMD1;SOX11
Positive Regulation of Type I Interferon-Mediated Signaling Pathway (GO:0060340)	0.04745665425952876	0.5364780378998512	6.395122918318795	19.491941524229773	2	15	RBM47;RNF185
Regulation of Integrin Activation (GO:0033623)	0.04745665425952876	0.5364780378998512	6.395122918318795	19.491941524229773	2	15	FBLIM1;SRC
Regulation of Leukocyte Migration (GO:0002685)	0.04745665425952876	0.5364780378998512	6.395122918318795	19.491941524229773	2	15	RAC1;RAC3
Vitamin D Metabolic Process (GO:0042359)	0.04745665425952876	0.5364780378998512	6.395122918318795	19.491941524229773	2	15	LGMN;VDR
Positive Regulation of Nervous System Development (GO:0051962)	0.04763471363041592	0.5364780378998512	3.083165853191693	9.385753466939288	4	58	EPHB3;NUMB;PTPRD;SOX11
Positive Regulation of Defense Response (GO:0031349)	0.048199509368696436	0.5364780378998512	2.1938016246842786	6.6524981683035245	7	140	CAMK2N1;DDT;IFNK;OPTN;RIOK3;RNF185;TNFRSF1A
Regulation of Neuron Projection Development (GO:0010975)	0.04868138457487872	0.5364780378998512	2.0591951258617924	6.223831953179511	8	170	ADCY6;ARHGAP32;DDR1;EPHB3;ITGA6;NPTN;PSEN1;PTK6
Bile Acid Metabolic Process (GO:0008206)	0.04873528386317609	0.5364780378998512	3.899758064516129	11.782541814417838	3	35	GBA2;OSBP;SCP2
Chondrocyte Differentiation (GO:0002062)	0.04873528386317609	0.5364780378998512	3.899758064516129	11.782541814417838	3	35	AMELX;HES5;SLC39A14
Gluconeogenesis (GO:0006094)	0.04873528386317609	0.5364780378998512	3.899758064516129	11.782541814417838	3	35	PER2;PGM1;SLC39A14
Regulation of Small Molecule Metabolic Process (GO:0062012)	0.04873528386317609	0.5364780378998512	3.899758064516129	11.782541814417838	3	35	ADIPOR1;EPHX2;PRKAG2
T Cell Activation Involved in Immune Response (GO:0002286)	0.04873528386317609	0.5364780378998512	3.899758064516129	11.782541814417838	3	35	IFNA14;IFNK;IFNW1
Intracellular Calcium Ion Homeostasis (GO:0006874)	0.049736852453652516	0.5364780378998512	2.1773622161565713	6.534283873873009	7	141	AFG3L2;EDN3;GCM2;HTR2C;NPTN;PSEN1;SLC35G1
Cellular Response to Calcium Ion (GO:0071277)	0.05018612637163567	0.5364780378998512	3.0270143293399108	9.056877296117666	4	59	CHP2;CPNE2;ITPKC;LGMN
Cellular Response to Virus (GO:0098586)	0.05018612637163567	0.5364780378998512	3.0270143293399108	9.056877296117666	4	59	IFNA14;IFNK;IFNW1;RIOK3
Vascular Transport (GO:0010232)	0.05036581183613719	0.5364780378998512	2.602684346701164	7.777972959950366	5	85	SLC12A2;SLC19A1;SLC27A4;SLC2A10;SLC3A2
Protein Phosphorylation (GO:0006468)	0.05108728130936199	0.5364780378998512	1.7519399660391828	5.210654379146523	12	298	CDC42BPB;DDR1;DYRK2;HTATIP2;NUAK2;PTK6;RPS6KA1;SRC;STK38;STRADB;TNK1;TNNI3K
Amino Acid Import Across Plasma Membrane (GO:0089718)	0.05226785366536674	0.5364780378998512	3.781466275659824	11.160520300819387	3	36	SLC1A6;SLC36A1;SLC3A2
Tight Junction Assembly (GO:0120192)	0.05226785366536674	0.5364780378998512	3.781466275659824	11.160520300819387	3	36	MARVELD2;MARVELD3;OCEL1
Acyl-CoA Biosynthetic Process (GO:0071616)	0.053409237825559806	0.5364780378998512	5.938144329896907	17.39740634715437	2	16	ACSS2;PPCS
Cytoskeleton-dependent Intracellular Transport (GO:0030705)	0.053409237825559806	0.5364780378998512	5.938144329896907	17.39740634715437	2	16	HOOK1;MYO10
Digestive Tract Morphogenesis (GO:0048546)	0.053409237825559806	0.5364780378998512	5.938144329896907	17.39740634715437	2	16	EPHB3;SOX11
G Protein-Coupled Dopamine Receptor Signaling Pathway (GO:0007212)	0.053409237825559806	0.5364780378998512	5.938144329896907	17.39740634715437	2	16	ADCY6;GNA11
Long-chain fatty-acyl-CoA Biosynthetic Process (GO:0035338)	0.053409237825559806	0.5364780378998512	5.938144329896907	17.39740634715437	2	16	ACSL5;HSD17B12
Mammary Gland Epithelium Development (GO:0061180)	0.053409237825559806	0.5364780378998512	5.938144329896907	17.39740634715437	2	16	IRF6;PERP
Organophosphate Catabolic Process (GO:0046434)	0.053409237825559806	0.5364780378998512	5.938144329896907	17.39740634715437	2	16	PGM1;PLD1
Regulation of Fatty Acid Oxidation (GO:0046320)	0.053409237825559806	0.5364780378998512	5.938144329896907	17.39740634715437	2	16	APPL2;PRKAG2
Regulation of Receptor Recycling (GO:0001919)	0.053409237825559806	0.5364780378998512	5.938144329896907	17.39740634715437	2	16	OPTN;VAMP3
Ruffle Organization (GO:0031529)	0.053409237825559806	0.5364780378998512	5.938144329896907	17.39740634715437	2	16	ARFIP2;RAC1
Ubiquinone Metabolic Process (GO:0006743)	0.053409237825559806	0.5364780378998512	5.938144329896907	17.39740634715437	2	16	COQ5;PDSS1
Transport Across Blood-Brain Barrier (GO:0150104)	0.05465717403374589	0.5364780378998512	2.5390464771400625	7.380182412727264	5	87	SLC12A2;SLC19A1;SLC27A4;SLC2A10;SLC3A2
Alpha-amino Acid Metabolic Process (GO:1901605)	0.055920412117645986	0.5364780378998512	3.670132827324478	10.584023778381138	3	37	ALDH18A1;FH;SHMT1
Heparan Sulfate Proteoglycan Metabolic Process (GO:0030201)	0.055920412117645986	0.5364780378998512	3.670132827324478	10.584023778381138	3	37	EXT1;NDST1;SLC35D2
Cell-matrix Adhesion (GO:0007160)	0.0566867923655742	0.5364780378998512	2.2722562411681584	6.521861752839511	6	116	DDR1;ITGA2;ITGA6;ITGB4;RAC1;SRC
Actomyosin Structure Organization (GO:0031032)	0.05687975846200878	0.5364780378998512	2.5083776243395315	7.191056455181606	5	88	CDC42BPB;EPB41L4B;FHDC1;MYH14;SRC
Intrinsic Apoptotic Signaling Pathway in Response to DNA Damage (GO:0008630)	0.0582808419200789	0.5364780378998512	2.8701773144435534	8.158426927283022	4	62	BCL2L2;DYRK2;TNFRSF1A;UACA
Positive Regulation of Neurogenesis (GO:0050769)	0.0582808419200789	0.5364780378998512	2.8701773144435534	8.158426927283022	4	62	NPTN;NUMB;PLXNB1;SOX11
Adaptive Thermogenesis (GO:1990845)	0.05960949848171519	0.5364780378998512	5.542096219931271	15.62838073815214	2	17	APPL2;SLC25A5
Columnar/cuboidal Epithelial Cell Differentiation (GO:0002065)	0.05960949848171519	0.5364780378998512	5.542096219931271	15.62838073815214	2	17	GATA6;SOX11
Hexose Catabolic Process (GO:0019320)	0.05960949848171519	0.5364780378998512	5.542096219931271	15.62838073815214	2	17	FUT6;LRP5
Intracellular Cholesterol Transport (GO:0032367)	0.05960949848171519	0.5364780378998512	5.542096219931271	15.62838073815214	2	17	OSBP;SCP2
Peripheral Nervous System Development (GO:0007422)	0.05960949848171519	0.5364780378998512	5.542096219931271	15.62838073815214	2	17	ALDH3A2;ERBB3
Regulation of Arp2/3 Complex-Mediated Actin Nucleation (GO:0034315)	0.05960949848171519	0.5364780378998512	5.542096219931271	15.62838073815214	2	17	ARFIP2;NCKAP1
Regulation of Bone Remodeling (GO:0046850)	0.05960949848171519	0.5364780378998512	5.542096219931271	15.62838073815214	2	17	SRC;SYT7
Hexose Biosynthetic Process (GO:0019319)	0.05969103737420132	0.5364780378998512	3.5651612903225804	10.048668771018006	3	38	PER2;PGM1;SLC39A14
Nervous System Development (GO:0007399)	0.06214627802360581	0.5364780378998512	1.520334928229665	4.223892330868629	18	513	ALDH3A2;ATOH1;CABLES1;CNTFR;ERBB3;GBA2;HES5;LRP5;NCKAP1;NDUFS2;PLXNA2;PLXNB1;PTPRD;RAPGEFL1;RNF103;SDHA;SEMA6A;SOX11
Negative Regulation of Cellular Process (GO:0048523)	0.06305984639474979	0.5364780378998512	1.517221986417657	4.193102496561058	18	514	APPL2;BMP8B;CDKN2B;CHD5;ERBB3;FTH1;HNF4A;IFNK;IRF6;NCK2;PLXNB1;PPP1R13B;SSTR4;TMEM127;TOB1;VAMP3;VDR;WNT9A
Regulation of Nervous System Development (GO:0051960)	0.06357769843524971	0.5364780378998512	3.466021505376344	9.550596344920372	3	39	HES5;HES6;PER2
Acetyl-CoA Metabolic Process (GO:0006084)	0.06604250933529171	0.5364780378998512	5.19555412371134	14.118693173789314	2	18	ACSS2;PPCS
Calcineurin-mediated Signaling (GO:0097720)	0.06604250933529171	0.5364780378998512	5.19555412371134	14.118693173789314	2	18	CALM1;CALML3
Contractile Actin Filament Bundle Assembly (GO:0030038)	0.06604250933529171	0.5364780378998512	5.19555412371134	14.118693173789314	2	18	FHDC1;SRC
Cyclic Nucleotide Biosynthetic Process (GO:0009190)	0.06604250933529171	0.5364780378998512	5.19555412371134	14.118693173789314	2	18	ADCY6;GUCY2C
Gliogenesis (GO:0042063)	0.06604250933529171	0.5364780378998512	5.19555412371134	14.118693173789314	2	18	GCM2;NDUFS2
Glucose 6-Phosphate Metabolic Process (GO:0051156)	0.06604250933529171	0.5364780378998512	5.19555412371134	14.118693173789314	2	18	DERA;HKDC1
Glutamate Metabolic Process (GO:0006536)	0.06604250933529171	0.5364780378998512	5.19555412371134	14.118693173789314	2	18	ALDH18A1;FOLH1
Mitochondrial Calcium Ion Homeostasis (GO:0051560)	0.06604250933529171	0.5364780378998512	5.19555412371134	14.118693173789314	2	18	AFG3L2;MCUR1
Piecemeal Microautophagy of the Nucleus (GO:0034727)	0.06604250933529171	0.5364780378998512	5.19555412371134	14.118693173789314	2	18	ATG5;ATG9A
Positive Regulation of Neutrophil Chemotaxis (GO:0090023)	0.06604250933529171	0.5364780378998512	5.19555412371134	14.118693173789314	2	18	PERP;RAC1
Protein Localization to Endoplasmic Reticulum (GO:0070972)	0.06604250933529171	0.5364780378998512	5.19555412371134	14.118693173789314	2	18	MIA2;RER1
Stress Fiber Assembly (GO:0043149)	0.06604250933529171	0.5364780378998512	5.19555412371134	14.118693173789314	2	18	FHDC1;SRC
Lipid Transport (GO:0006869)	0.06674501579507827	0.5364780378998512	2.1731245776075694	5.882378012726865	6	121	APOC3;GLTPD2;OSBP;PRELID2;SCP2;SLC27A4
Regulation of Receptor Signaling Pathway via JAK-STAT (GO:0046425)	0.0670284631080411	0.5364780378998512	2.728766891176346	7.374868894839046	4	65	ADIPOR1;CALM1;HES5;PTK6
Digestive Tract Development (GO:0048565)	0.0675782643476317	0.5364780378998512	3.3722406277244987	9.086397430496481	3	40	COBL;EPHB3;GATA6
Phospholipid Transport (GO:0015914)	0.07008718685797423	0.5364780378998512	2.684671167791948	7.135897000303929	4	66	APOC3;OSBP;PRELID2;SCP2
Embryonic Skeletal System Development (GO:0048706)	0.07169051318446952	0.5364780378998512	3.28339558573854	8.653050393021704	3	41	SLC2A10;SOX11;WNT9A
Glutathione Metabolic Process (GO:0006749)	0.07169051318446952	0.5364780378998512	3.28339558573854	8.653050393021704	3	41	GLRX2;GSTO2;GSTT2
Proton Motive Force-Driven Mitochondrial ATP Synthesis (GO:0042776)	0.07169051318446952	0.5364780378998512	3.28339558573854	8.653050393021704	3	41	NDUFS2;SDHA;SDHB
Purine Ribonucleotide Biosynthetic Process (GO:0009152)	0.07169051318446952	0.5364780378998512	3.28339558573854	8.653050393021704	3	41	ADCY6;GUCY2C;PRKAG2
Actin Nucleation (GO:0045010)	0.07269390741511843	0.5364780378998512	4.889781685870225	12.818551454860087	2	19	ARPC1A;IQGAP2
Antigen Processing and Presentation of Peptide Antigen via MHC Class I (GO:0002474)	0.07269390741511843	0.5364780378998512	4.889781685870225	12.818551454860087	2	19	ABCB9;TAPBPL
Epithelial Cell Morphogenesis (GO:0003382)	0.07269390741511843	0.5364780378998512	4.889781685870225	12.818551454860087	2	19	ADAM7;MAGI1
Import Into Cell (GO:0098657)	0.07269390741511843	0.5364780378998512	4.889781685870225	12.818551454860087	2	19	SLC1A6;SLC27A4
Mesoderm Formation (GO:0001707)	0.07269390741511843	0.5364780378998512	4.889781685870225	12.818551454860087	2	19	ITGA2;ITGB4
Negative Regulation of Ferroptosis (GO:0110076)	0.07269390741511843	0.5364780378998512	4.889781685870225	12.818551454860087	2	19	FTH1;SC5D
Protein Palmitoylation (GO:0018345)	0.07269390741511843	0.5364780378998512	4.889781685870225	12.818551454860087	2	19	ZDHHC3;ZDHHC9
Reg of Mitochondrial Outer Membrane Permeabilization Involved in Apoptotic Signaling Pathway (GO:1901028)	0.07269390741511843	0.5364780378998512	4.889781685870225	12.818551454860087	2	19	MPV17L;SLC25A5
Phosphorylation (GO:0016310)	0.07309205271709977	0.5364780378998512	1.7377387152777777	4.545986405392018	10	250	CDC42BPB;DYRK2;NUAK2;PTK6;RPS6KA1;STK38;STRADB;TNK1;TNNI3K;TOLLIP
Regulation of Protein Secretion (GO:0050708)	0.07386671934180562	0.5364780378998512	2.312778496478367	6.025927951075253	5	95	HADH;HNF4A;PER2;SLC12A2;SYT7
Negative Regulation of Organelle Organization (GO:0010639)	0.0759121403825211	0.5364780378998512	3.199106699751861	8.247868608472297	3	42	GHITM;MPV17L;SLC25A5
Notch Signaling Pathway (GO:0007219)	0.0759121403825211	0.5364780378998512	3.199106699751861	8.247868608472297	3	42	GMDS;HES5;PSEN1
Proton Motive Force-Driven ATP Synthesis (GO:0015986)	0.0759121403825211	0.5364780378998512	3.199106699751861	8.247868608472297	3	42	NDUFS2;SDHA;SDHB
Substrate Adhesion-Dependent Cell Spreading (GO:0034446)	0.0759121403825211	0.5364780378998512	3.199106699751861	8.247868608472297	3	42	EPHB3;RAC1;VAMP3
Chloride Transmembrane Transport (GO:1902476)	0.07641534784321603	0.5364780378998512	2.6006136950904395	6.687664619896536	4	68	ANO10;ANO7;SLC12A2;SLC12A7
Positive Regulation of Small GTPase Mediated Signal Transduction (GO:0051057)	0.07641534784321603	0.5364780378998512	2.6006136950904395	6.687664619896536	4	68	MCF2L;PLXNB1;RAC1;SRC
Regulation of Actin Filament-Based Process (GO:0032970)	0.07649579055460282	0.5364780378998512	2.287292267887352	5.87952952569182	5	96	ARHGEF16;IQGAP2;PDGFA;RAC1;RAC3
Sensory Perception of Mechanical Stimulus (GO:0050954)	0.07917481420637043	0.5364780378998512	2.262360087743968	5.737564706512488	5	97	CDC14A;CLRN1;MARVELD2;MYH14;SLC52A3
Cortical Actin Cytoskeleton Organization (GO:0030866)	0.07954987546127221	0.5364780378998512	4.617983963344788	11.689831097693146	2	20	ARPC1A;NCKAP1
D-glucose Import Across Plasma Membrane (GO:0098708)	0.07954987546127221	0.5364780378998512	4.617983963344788	11.689831097693146	2	20	SLC27A4;SLC2A10
Oligodendrocyte Differentiation (GO:0048709)	0.07954987546127221	0.5364780378998512	4.617983963344788	11.689831097693146	2	20	HES5;SOX13
Positive Regulation of Granulocyte Chemotaxis (GO:0071624)	0.07954987546127221	0.5364780378998512	4.617983963344788	11.689831097693146	2	20	PERP;RAC1
Regulation of Fibroblast Migration (GO:0010762)	0.07954987546127221	0.5364780378998512	4.617983963344788	11.689831097693146	2	20	APPL2;RAC1
Glycerophospholipid Biosynthetic Process (GO:0046474)	0.0800990905636624	0.5364780378998512	2.0649809446323815	5.213025352986482	6	127	AGPAT3;ITPKC;MPPE1;PCYT2;PGAP3;PLD1
Carbohydrate Catabolic Process (GO:0016052)	0.08024076675401548	0.5364780378998512	3.1190322580645162	7.8684562230028945	3	43	AMY2A;HKDC1;PGM1
Vitamin Transport (GO:0051180)	0.08024076675401548	0.5364780378998512	3.1190322580645162	7.8684562230028945	3	43	SLC19A1;SLC2A10;SLC52A3
Proteoglycan Biosynthetic Process (GO:0030166)	0.08301988289815582	0.5364780378998512	2.5216506146738706	6.275569213863488	4	70	B4GALT4;EXT1;NDST1;SLC35D2
Regulation of Neuron Differentiation (GO:0045664)	0.08301988289815582	0.5364780378998512	2.5216506146738706	6.275569213863488	4	70	ATOH1;CASZ1;HES5;SOX11
Sterol Metabolic Process (GO:0016125)	0.08301988289815582	0.5364780378998512	2.5216506146738706	6.275569213863488	4	70	FAXDC2;FDX1;GBA2;PRKAG2
Positive Regulation of Receptor Signaling Pathway via JAK-STAT (GO:0046427)	0.08467394614207857	0.5364780378998512	3.0428638867033833	7.512670657284621	3	44	CALM1;HES5;PTK6
Regulation of Epithelial Cell Migration (GO:0010632)	0.08467394614207857	0.5364780378998512	3.0428638867033833	7.512670657284621	3	44	ADIPOR1;MARVELD3;SRC
Type I Interferon-Mediated Signaling Pathway (GO:0060337)	0.08467394614207857	0.5364780378998512	3.0428638867033833	7.512670657284621	3	44	IFNA14;IFNK;IFNW1
Cell Surface Receptor Protein Tyrosine Kinase Signaling Pathway (GO:0007169)	0.08639770588483008	0.5364780378998512	1.6326446338509792	3.998010637845661	11	292	DDR1;DOK4;EPHB3;ERBB3;MVP;NCK2;PDGFA;PTK6;RAC1;SLC39A14;SRC
Organic Cation Transport (GO:0015695)	0.08642391196924924	0.5364780378998512	2.483936904624166	6.0818968638252375	4	71	SLC35F2;SLC36A1;SLC3A2;SLC47A2
Microautophagy (GO:0016237)	0.08659712429724273	0.5364780378998512	4.374796527400977	10.7028901408797	2	21	ATG5;ATG9A
Mitochondrial Membrane Organization (GO:0007006)	0.08659712429724273	0.5364780378998512	4.374796527400977	10.7028901408797	2	21	GHITM;IMMT
Receptor Metabolic Process (GO:0043112)	0.08659712429724273	0.5364780378998512	4.374796527400977	10.7028901408797	2	21	LGMN;REP15
Regulation of Secretion (GO:0051046)	0.08659712429724273	0.5364780378998512	4.374796527400977	10.7028901408797	2	21	ERBB3;ICA1
Regulation of Steroid Metabolic Process (GO:0019218)	0.08659712429724273	0.5364780378998512	4.374796527400977	10.7028901408797	2	21	EPHX2;SCP2
B Cell Activation (GO:0042113)	0.0875087196437048	0.5364780378998512	2.190712875331926	5.3366134504644185	5	100	CEBPG;IFNA14;IFNK;IFNW1;SLC25A5
Bone Development (GO:0060348)	0.08920917259479885	0.5364780378998512	2.970322580645161	7.178590700002727	3	45	ATG9A;LRP5;SBDS
Ephrin Receptor Signaling Pathway (GO:0048013)	0.08920917259479885	0.5364780378998512	2.970322580645161	7.178590700002727	3	45	EPHB3;NCK2;SRC
Positive Regulation of Response to Biotic Stimulus (GO:0002833)	0.08920917259479885	0.5364780378998512	2.970322580645161	7.178590700002727	3	45	IFNK;RIOK3;RNF185
Regulation of Receptor-Mediated Endocytosis (GO:0048259)	0.08920917259479885	0.5364780378998512	2.970322580645161	7.178590700002727	3	45	APOC3;RAC1;SMAP1
Regulation of Small GTPase Mediated Signal Transduction (GO:0051056)	0.08921251381138914	0.5364780378998512	1.8811346805572988	4.5462020655928885	7	162	ARHGAP32;ARHGEF11;DNMBP;EPS8L3;MCF2L;PLEKHG6;SRC
Negative Regulation of Epithelial Cell Proliferation (GO:0050680)	0.08989469856155902	0.5364780378998512	2.4473324213406293	5.8959084513566165	4	72	CDKN2B;GATA6;MARVELD3;VDR
Glucose Import in Response to Insulin Stimulus (GO:0044381)	0.09089640318982257	0.5364780378998512	13.842556842556842	33.194933686264434	1	4	SLC27A4
L-proline Biosynthetic Process (GO:0055129)	0.09089640318982257	0.5364780378998512	13.842556842556842	33.194933686264434	1	4	ALDH18A1
Lipid Droplet Fusion (GO:0160077)	0.09089640318982257	0.5364780378998512	13.842556842556842	33.194933686264434	1	4	CIDEC
Microvillus Organization (GO:0032528)	0.09089640318982257	0.5364780378998512	13.842556842556842	33.194933686264434	1	4	PROM1
Pyroptotic Cell Death (GO:0141201)	0.09089640318982257	0.5364780378998512	13.842556842556842	33.194933686264434	1	4	GZMA
Regulation of Ryanodine-Sensitive Calcium-Release Channel Activity (GO:0060314)	0.09089640318982257	0.5364780378998512	13.842556842556842	33.194933686264434	1	4	CALM1
Schwann Cell Differentiation (GO:0014037)	0.09089640318982257	0.5364780378998512	13.842556842556842	33.194933686264434	1	4	ERBB3
Type 2 Mitophagy (GO:0061734)	0.09089640318982257	0.5364780378998512	13.842556842556842	33.194933686264434	1	4	OPTN
Sensory Perception of Sound (GO:0007605)	0.09330872513791949	0.5364780378998512	2.1454101705765463	5.088573217103957	5	102	CDC14A;CLRN1;MARVELD2;MYH14;SLC52A3
Macromolecule Catabolic Process (GO:0009057)	0.09343138222334363	0.5364780378998512	2.4117889375725574	5.7172131874888565	4	73	AFG3L2;CTSV;GZMA;LGMN
Long-chain fatty-acyl-CoA Metabolic Process (GO:0035336)	0.09382287561528228	0.5364780378998512	4.155927835051546	9.834365603439466	2	22	ACSL5;HSD17B12
Long-term Memory (GO:0007616)	0.09382287561528228	0.5364780378998512	4.155927835051546	9.834365603439466	2	22	ACSS2;CAMK2N1
Negative Regulation of Lipid Catabolic Process (GO:0050995)	0.09382287561528228	0.5364780378998512	4.155927835051546	9.834365603439466	2	22	APOC3;CIDEC
Positive Regulation of Dendritic Spine Development (GO:0060999)	0.09382287561528228	0.5364780378998512	4.155927835051546	9.834365603439466	2	22	PSEN1;PTPRD
Regulation of Fibroblast Growth Factor Receptor Signaling Pathway (GO:0040036)	0.09382287561528228	0.5364780378998512	4.155927835051546	9.834365603439466	2	22	NPTN;SPRY4
Reticulophagy (GO:0061709)	0.09382287561528228	0.5364780378998512	4.155927835051546	9.834365603439466	2	22	ATG9A;RTN3
Generation of Neurons (GO:0048699)	0.09523124686669446	0.5364780378998512	1.7635401635401635	4.146871522591212	8	197	ERBB3;HES5;IRX1;PTPRD;RAC1;RTN3;SOX11;WNT9A
Activation of Protein Kinase Activity (GO:0032147)	0.09857548490343855	0.5364780378998512	2.835131964809384	6.568809901658812	3	47	CARD10;STRADB;TNFRSF1A
Positive Regulation of Receptor Signaling Pathway via STAT (GO:1904894)	0.09857548490343855	0.5364780378998512	2.835131964809384	6.568809901658812	3	47	CALM1;HES5;PTK6
Regulation of Actin Cytoskeleton Organization (GO:0032956)	0.0993004890547761	0.5364780378998512	2.101937878134515	4.854645776740647	5	104	ARHGEF16;IQGAP2;PDGFA;RAC1;RAC3
Neuron Differentiation (GO:0030182)	0.09943490505252382	0.5364780378998512	1.7449649826613178	4.027819032417147	8	199	ATOH1;ERBB3;HES5;IRX1;PTPRD;RTN3;SOX11;WNT9A
Enzyme-linked Receptor Protein Signaling Pathway (GO:0007167)	0.10005180124877129	0.5364780378998512	1.9364381250753102	4.457810720892526	6	135	DDR1;DOK4;ERBB3;GUCY2C;PTK6;PTPRD
Actin Filament Organization (GO:0007015)	0.10063579794939895	0.5364780378998512	1.8220654993514915	4.183912874325238	7	167	CLRN1;COBL;ELMO3;MYO1D;PLS1;RAC1;RAC3
Monoatomic Anion Transmembrane Transport (GO:0098656)	0.10069881972282883	0.5364780378998512	2.3437056447210396	5.380260364705348	4	75	ANO10;ANO7;SLC12A2;SLC12A7
Negative Regulation of Cellular Component Organization (GO:0051129)	0.10069881972282883	0.5364780378998512	2.3437056447210396	5.380260364705348	4	75	APOC3;ERVH48-1;RIOK3;SRC
Positive Regulation of Secretion by Cell (GO:1903532)	0.10069881972282883	0.5364780378998512	2.3437056447210396	5.380260364705348	4	75	EDN3;RAB27B;SLC12A2;SOX11
Regulation of Plasma Membrane Bounded Cell Projection Assembly (GO:0120032)	0.10069881972282883	0.5364780378998512	2.3437056447210396	5.380260364705348	4	75	ATG5;MYO10;RAC1;SH3YL1
Heme Biosynthetic Process (GO:0006783)	0.10121484535857929	0.5364780378998512	3.9579037800687287	9.065617552518924	2	23	ALAD;COX10
Inositol Phosphate Metabolic Process (GO:0043647)	0.10121484535857929	0.5364780378998512	3.9579037800687287	9.065617552518924	2	23	INPP5A;ITPKC
Organelle Fission (GO:0048285)	0.10121484535857929	0.5364780378998512	3.9579037800687287	9.065617552518924	2	23	MTFR1;PEX11A
Response to Acidic pH (GO:0010447)	0.10121484535857929	0.5364780378998512	3.9579037800687287	9.065617552518924	2	23	CHP1;LGMN
Regulation of Cell Adhesion (GO:0030155)	0.1027147495382147	0.5364780378998512	1.921482662415305	4.3729093874030625	6	136	EPB41L4B;EPHB3;ERBB3;PLXNB1;RAP1GAP;SRC
Actin Polymerization or Depolymerization (GO:0008154)	0.10340132006460084	0.5364780378998512	2.772043010752688	6.290146887042441	3	48	COBL;FHDC1;RAC1
Regulation of Cell Population Proliferation (GO:0042127)	0.10494686650803828	0.5364780378998512	1.3483016449476608	3.0394778680692647	23	736	AMELX;CDKN2B;CHD5;CHP2;CNTFR;EAPP;EDN3;ERBB3;FTH1;HES5;HNF4A;IFNK;IRF6;LGMN;LRP5;NCK2;PDGFA;SLC25A5;SSTR4;TMEM127;TOB1;VDR;WNT9A
Cellular Component Assembly (GO:0022607)	0.10682670934441824	0.5364780378998512	1.5303135554650633	3.422618644856681	12	339	ANKS4B;CARD10;HES5;MAGI1;NCKAP1;PDGFA;PLS1;PTPRD;RAC1;RAC3;RTN3;VAMP3
Cell Junction Organization (GO:0034330)	0.10821864845579332	0.5364780378998512	2.2793529432586457	5.068372796214285	4	77	MARVELD2;MARVELD3;PSEN1;TJP2
Oxidative Phosphorylation (GO:0006119)	0.10831871289121822	0.5364780378998512	2.7116970546984573	6.027227629927012	3	49	NDUFS2;SDHA;SDHB
Protein O-linked Glycosylation via Xylose (GO:0180064)	0.10831871289121822	0.5364780378998512	2.7116970546984573	6.027227629927012	3	49	EXT1;NDST1;SLC35D2
Regulation of Substrate Adhesion-Dependent Cell Spreading (GO:1900024)	0.10831871289121822	0.5364780378998512	2.7116970546984573	6.027227629927012	3	49	RAC1;RAC3;SPRY4
Calcium Ion Homeostasis (GO:0055074)	0.1086401912684164	0.5364780378998512	2.0399259315627933	4.528051852652758	5	107	EDN3;GCM2;HTR2C;NPTN;PSEN1
Positive Regulation of Cell Projection Organization (GO:0031346)	0.1086401912684164	0.5364780378998512	2.0399259315627933	4.528051852652758	5	107	DDR1;ITGA6;NPTN;PLXNB1;PTK6
Eye Morphogenesis (GO:0048592)	0.10876122760007668	0.5364780378998512	3.7778819119025306	8.381610215281123	2	24	COL5A1;SOX11
Fatty-acyl-CoA Biosynthetic Process (GO:0046949)	0.10876122760007668	0.5364780378998512	3.7778819119025306	8.381610215281123	2	24	ACSL5;HSD17B12
Membrane Fusion (GO:0061025)	0.10876122760007668	0.5364780378998512	3.7778819119025306	8.381610215281123	2	24	CHP1;VAMP3
Negative Regulation of Receptor-Mediated Endocytosis (GO:0048261)	0.10876122760007668	0.5364780378998512	3.7778819119025306	8.381610215281123	2	24	APOC3;RAC1
Neuron Apoptotic Process (GO:0051402)	0.10876122760007668	0.5364780378998512	3.7778819119025306	8.381610215281123	2	24	AATK;ERBB3
Plasma Membrane Repair (GO:0001778)	0.10876122760007668	0.5364780378998512	3.7778819119025306	8.381610215281123	2	24	CHMP5;SYT7
Regulation of Extracellular Matrix Organization (GO:1903053)	0.10876122760007668	0.5364780378998512	3.7778819119025306	8.381610215281123	2	24	DDR1;SLC2A10
Zinc Ion Transmembrane Transport (GO:0071577)	0.10876122760007668	0.5364780378998512	3.7778819119025306	8.381610215281123	2	24	SLC39A14;SLC39A4
Steroid Metabolic Process (GO:0008202)	0.11184543416728723	0.5364780378998512	2.0200580263504944	4.4252146887800725	5	108	CYP3A7;GBA2;LGMN;SCP2;VDR
'De Novo' Pyrimidine Nucleobase Biosynthetic Process (GO:0006207)	0.112300635252373	0.5364780378998512	10.381595881595882	22.70014591010327	1	5	SHMT1
ATP Synthesis Coupled Electron Transport (GO:0042773)	0.112300635252373	0.5364780378998512	10.381595881595882	22.70014591010327	1	5	NDUFS2
Adenylate Cyclase-Activating Serotonin Receptor Signaling Pathway (GO:0007192)	0.112300635252373	0.5364780378998512	10.381595881595882	22.70014591010327	1	5	ADCY6
Atrioventricular Node Development (GO:0003162)	0.112300635252373	0.5364780378998512	10.381595881595882	22.70014591010327	1	5	GATA6
Camera-type Eye Photoreceptor Cell Differentiation (GO:0060219)	0.112300635252373	0.5364780378998512	10.381595881595882	22.70014591010327	1	5	PROM1
Cardiac Vascular Smooth Muscle Cell Differentiation (GO:0060947)	0.112300635252373	0.5364780378998512	10.381595881595882	22.70014591010327	1	5	GATA6
Cellular Response to Indole-3-Methanol (GO:0071681)	0.112300635252373	0.5364780378998512	10.381595881595882	22.70014591010327	1	5	CTNNA1
Cellular Response to Vasopressin (GO:1904117)	0.112300635252373	0.5364780378998512	10.381595881595882	22.70014591010327	1	5	ADCY6
Chloride Ion Homeostasis (GO:0055064)	0.112300635252373	0.5364780378998512	10.381595881595882	22.70014591010327	1	5	SLC12A2
Chylomicron Remnant Clearance (GO:0034382)	0.112300635252373	0.5364780378998512	10.381595881595882	22.70014591010327	1	5	APOC3
Cytosolic Ribosome Assembly (GO:0042256)	0.112300635252373	0.5364780378998512	10.381595881595882	22.70014591010327	1	5	SBDS
DNA Protection (GO:0042262)	0.112300635252373	0.5364780378998512	10.381595881595882	22.70014591010327	1	5	GLRX2
DTMP Biosynthetic Process (GO:0006231)	0.112300635252373	0.5364780378998512	10.381595881595882	22.70014591010327	1	5	SHMT1
Folic Acid-Containing Compound Catabolic Process (GO:0009397)	0.112300635252373	0.5364780378998512	10.381595881595882	22.70014591010327	1	5	MTHFS
Galactose Catabolic Process via UDP-galactose, Leloir Pathway (GO:0033499)	0.112300635252373	0.5364780378998512	10.381595881595882	22.70014591010327	1	5	PGM1
Galactose Transmembrane Transport (GO:0015757)	0.112300635252373	0.5364780378998512	10.381595881595882	22.70014591010327	1	5	SLC2A10
Glomerular Epithelial Cell Differentiation (GO:0072311)	0.112300635252373	0.5364780378998512	10.381595881595882	22.70014591010327	1	5	PROM1
Glucose-6-phosphate Transport (GO:0015760)	0.112300635252373	0.5364780378998512	10.381595881595882	22.70014591010327	1	5	SLC37A1
Glycosylceramide Catabolic Process (GO:0046477)	0.112300635252373	0.5364780378998512	10.381595881595882	22.70014591010327	1	5	GBA2
Hemidesmosome Assembly (GO:0031581)	0.112300635252373	0.5364780378998512	10.381595881595882	22.70014591010327	1	5	ITGB4
Hexose Phosphate Transport (GO:0015712)	0.112300635252373	0.5364780378998512	10.381595881595882	22.70014591010327	1	5	SLC37A1
Interleukin-13-mediated Signaling Pathway (GO:0035772)	0.112300635252373	0.5364780378998512	10.381595881595882	22.70014591010327	1	5	IL13RA1
Iron Import Into Cell (GO:0033212)	0.112300635252373	0.5364780378998512	10.381595881595882	22.70014591010327	1	5	SLC39A14
L-alanine Transmembrane Transport (GO:1904557)	0.112300635252373	0.5364780378998512	10.381595881595882	22.70014591010327	1	5	SLC3A2
L-glutamate Biosynthetic Process (GO:0097054)	0.112300635252373	0.5364780378998512	10.381595881595882	22.70014591010327	1	5	FOLH1
L-glutamate Import Across Plasma Membrane (GO:0098712)	0.112300635252373	0.5364780378998512	10.381595881595882	22.70014591010327	1	5	SLC1A6
Lipid Transport Across Blood-Brain Barrier (GO:1990379)	0.112300635252373	0.5364780378998512	10.381595881595882	22.70014591010327	1	5	SLC27A4
Lung Morphogenesis (GO:0060425)	0.112300635252373	0.5364780378998512	10.381595881595882	22.70014591010327	1	5	SOX11
Membrane Bending (GO:0097753)	0.112300635252373	0.5364780378998512	10.381595881595882	22.70014591010327	1	5	ICA1
Menaquinone Catabolic Process (GO:0042361)	0.112300635252373	0.5364780378998512	10.381595881595882	22.70014591010327	1	5	CYP4F11
Mitochondrial Protein Processing (GO:0034982)	0.112300635252373	0.5364780378998512	10.381595881595882	22.70014591010327	1	5	AFG3L2
Negative Regulation of Fibroblast Migration (GO:0010764)	0.112300635252373	0.5364780378998512	10.381595881595882	22.70014591010327	1	5	RAC1
Negative Regulation of Macrophage Chemotaxis (GO:0010760)	0.112300635252373	0.5364780378998512	10.381595881595882	22.70014591010327	1	5	DDT
Negative Regulation of Membrane Depolarization (GO:1904180)	0.112300635252373	0.5364780378998512	10.381595881595882	22.70014591010327	1	5	SRC
Negative Regulation of Mitochondrial Depolarization (GO:0051902)	0.112300635252373	0.5364780378998512	10.381595881595882	22.70014591010327	1	5	SRC
Negative Regulation of Phosphatase Activity (GO:0010923)	0.112300635252373	0.5364780378998512	10.381595881595882	22.70014591010327	1	5	CHP1
Negative Regulation of Receptor Recycling (GO:0001920)	0.112300635252373	0.5364780378998512	10.381595881595882	22.70014591010327	1	5	OPTN
Negative Regulation of Transforming Growth Factor Beta1 Production (GO:0032911)	0.112300635252373	0.5364780378998512	10.381595881595882	22.70014591010327	1	5	GATA6
Negative Regulation of Triglyceride Catabolic Process (GO:0010897)	0.112300635252373	0.5364780378998512	10.381595881595882	22.70014591010327	1	5	APOC3
Oocyte Development (GO:0048599)	0.112300635252373	0.5364780378998512	10.381595881595882	22.70014591010327	1	5	FIGLA
Phospholipase C-activating Serotonin Receptor Signaling Pathway (GO:0007208)	0.112300635252373	0.5364780378998512	10.381595881595882	22.70014591010327	1	5	HTR2C
Phylloquinone Catabolic Process (GO:0042376)	0.112300635252373	0.5364780378998512	10.381595881595882	22.70014591010327	1	5	CYP4F11
Positive Regulation of Amyloid Fibril Formation (GO:1905908)	0.112300635252373	0.5364780378998512	10.381595881595882	22.70014591010327	1	5	PSEN1
Positive Regulation of Blood-Brain Barrier Permeability (GO:1905605)	0.112300635252373	0.5364780378998512	10.381595881595882	22.70014591010327	1	5	TJP2
Positive Regulation of Long-Term Neuronal Synaptic Plasticity (GO:0048170)	0.112300635252373	0.5364780378998512	10.381595881595882	22.70014591010327	1	5	NPTN
Positive Regulation of Myoblast Proliferation (GO:2000288)	0.112300635252373	0.5364780378998512	10.381595881595882	22.70014591010327	1	5	GATA6
Positive Regulation of Phospholipid Metabolic Process (GO:1903727)	0.112300635252373	0.5364780378998512	10.381595881595882	22.70014591010327	1	5	CHP1
Positive Regulation of Translation in Response to Endoplasmic Reticulum Stress (GO:0036493)	0.112300635252373	0.5364780378998512	10.381595881595882	22.70014591010327	1	5	NCK2
Positive Regulation of Vitamin D Receptor Signaling Pathway (GO:0070564)	0.112300635252373	0.5364780378998512	10.381595881595882	22.70014591010327	1	5	VDR
Proline Transmembrane Transport (GO:0035524)	0.112300635252373	0.5364780378998512	10.381595881595882	22.70014591010327	1	5	SLC36A1
Protein O-linked Glycosylation via Fucose (GO:0036066)	0.112300635252373	0.5364780378998512	10.381595881595882	22.70014591010327	1	5	FUT6
Purine Nucleobase Biosynthetic Process (GO:0009113)	0.112300635252373	0.5364780378998512	10.381595881595882	22.70014591010327	1	5	SHMT1
Purine Nucleotide Transport (GO:0015865)	0.112300635252373	0.5364780378998512	10.381595881595882	22.70014591010327	1	5	SLC25A5
Pyruvate Transmembrane Transport (GO:1901475)	0.112300635252373	0.5364780378998512	10.381595881595882	22.70014591010327	1	5	MPC2
Regulation of Calcium Import Into the Mitochondrion (GO:0110097)	0.112300635252373	0.5364780378998512	10.381595881595882	22.70014591010327	1	5	AFG3L2
Regulation of Caveolin-Mediated Endocytosis (GO:2001286)	0.112300635252373	0.5364780378998512	10.381595881595882	22.70014591010327	1	5	SRC
Regulation of Glomerular Mesangial Cell Proliferation (GO:0072124)	0.112300635252373	0.5364780378998512	10.381595881595882	22.70014591010327	1	5	PDGFA
Regulation of Hydrogen Peroxide Biosynthetic Process (GO:0010728)	0.112300635252373	0.5364780378998512	10.381595881595882	22.70014591010327	1	5	MPV17L
Regulation of Hydrogen Peroxide Metabolic Process (GO:0010310)	0.112300635252373	0.5364780378998512	10.381595881595882	22.70014591010327	1	5	RAC1
Regulation of Intracellular Cholesterol Transport (GO:0032383)	0.112300635252373	0.5364780378998512	10.381595881595882	22.70014591010327	1	5	SCP2
Regulation of Matrix Metallopeptidase Secretion (GO:1904464)	0.112300635252373	0.5364780378998512	10.381595881595882	22.70014591010327	1	5	SLC12A2
Regulation of Systemic Arterial Blood Pressure by Endothelin (GO:0003100)	0.112300635252373	0.5364780378998512	10.381595881595882	22.70014591010327	1	5	EDN3
Renal Filtration Cell Differentiation (GO:0061318)	0.112300635252373	0.5364780378998512	10.381595881595882	22.70014591010327	1	5	PROM1
Response to Indole-3-Methanol (GO:0071680)	0.112300635252373	0.5364780378998512	10.381595881595882	22.70014591010327	1	5	CTNNA1
Response to Vasopressin (GO:1904116)	0.112300635252373	0.5364780378998512	10.381595881595882	22.70014591010327	1	5	ADCY6
Retrograde Neuronal Dense Core Vesicle Transport (GO:1990049)	0.112300635252373	0.5364780378998512	10.381595881595882	22.70014591010327	1	5	KIF1C
Riboflavin Metabolic Process (GO:0006771)	0.112300635252373	0.5364780378998512	10.381595881595882	22.70014591010327	1	5	SLC52A3
Riboflavin Transport (GO:0032218)	0.112300635252373	0.5364780378998512	10.381595881595882	22.70014591010327	1	5	SLC52A3
Semi-lunar Valve Development (GO:1905314)	0.112300635252373	0.5364780378998512	10.381595881595882	22.70014591010327	1	5	TNFRSF1A
Septin Ring Organization (GO:0031106)	0.112300635252373	0.5364780378998512	10.381595881595882	22.70014591010327	1	5	RTKN
Tonic Smooth Muscle Contraction (GO:0014820)	0.112300635252373	0.5364780378998512	10.381595881595882	22.70014591010327	1	5	EDN3
Transepithelial Ammonium Transport (GO:0070634)	0.112300635252373	0.5364780378998512	10.381595881595882	22.70014591010327	1	5	SLC12A2
Tryptophan Transport (GO:0015827)	0.112300635252373	0.5364780378998512	10.381595881595882	22.70014591010327	1	5	SLC3A2
Vitamin K Catabolic Process (GO:0042377)	0.112300635252373	0.5364780378998512	10.381595881595882	22.70014591010327	1	5	CYP4F11
Epidermal Growth Factor Receptor Signaling Pathway (GO:0007173)	0.11332495466303828	0.5364780378998512	2.6539190116678104	5.778897719643366	3	50	ERBB3;NCK2;SRC
Natural Killer Cell Activation (GO:0030101)	0.11332495466303828	0.5364780378998512	2.6539190116678104	5.778897719643366	3	50	IFNA14;IFNK;IFNW1
Retrograde Vesicle-Mediated Transport, Golgi to Endoplasmic Reticulum (GO:0006890)	0.11332495466303828	0.5364780378998512	2.6539190116678104	5.778897719643366	3	50	KIF1C;RAB6A;RER1
Positive Regulation of Response to External Stimulus (GO:0032103)	0.11534362607467574	0.5364780378998512	1.7558795493257076	3.7924181012051363	7	173	CAMK2N1;DDT;IFNK;OPTN;RIOK3;RNF185;TNFRSF1A
Carbohydrate Derivative Biosynthetic Process (GO:1901137)	0.11598279599913466	0.5364780378998512	2.2184323858742463	4.779198636352618	4	79	FUT6;GBA2;MGAT4B;SCCPDH
Adenine Nucleotide Transport (GO:0051503)	0.11645067886171881	0.5364780378998512	3.613514119229045	7.770094071916187	2	25	SLC19A1;SLC25A5
Antigen Processing and Presentation of Exogenous Peptide Antigen via MHC Class II (GO:0019886)	0.11645067886171881	0.5364780378998512	3.613514119229045	7.770094071916187	2	25	CTSV;LGMN
Antigen Processing and Presentation of Peptide Antigen via MHC Class II (GO:0002495)	0.11645067886171881	0.5364780378998512	3.613514119229045	7.770094071916187	2	25	CTSV;LGMN
Endosome Transport via Multivesicular Body Sorting Pathway (GO:0032509)	0.11645067886171881	0.5364780378998512	3.613514119229045	7.770094071916187	2	25	CHMP5;TMEM50A
Endothelial Cell Development (GO:0001885)	0.11645067886171881	0.5364780378998512	3.613514119229045	7.770094071916187	2	25	MAGI1;MARVELD2
Lamellipodium Assembly (GO:0030032)	0.11645067886171881	0.5364780378998512	3.613514119229045	7.770094071916187	2	25	ARFIP2;RAC1
Positive Regulation of Cellular Response to Transforming Growth Factor Beta Stimulus (GO:1903846)	0.11645067886171881	0.5364780378998512	3.613514119229045	7.770094071916187	2	25	CDKN2B;SLC2A10
Positive Regulation of Neutrophil Migration (GO:1902624)	0.11645067886171881	0.5364780378998512	3.613514119229045	7.770094071916187	2	25	PERP;RAC1
Positive Regulation of Transforming Growth Factor Beta Receptor Signaling Pathway (GO:0030511)	0.11645067886171881	0.5364780378998512	3.613514119229045	7.770094071916187	2	25	CDKN2B;SLC2A10
Protein Export From Nucleus (GO:0006611)	0.11645067886171881	0.5364780378998512	3.613514119229045	7.770094071916187	2	25	CHP1;STRADB
Regulation of Neutrophil Chemotaxis (GO:0090022)	0.11645067886171881	0.5364780378998512	3.613514119229045	7.770094071916187	2	25	PERP;RAC1
Respiratory Chain Complex IV Assembly (GO:0008535)	0.11645067886171881	0.5364780378998512	3.613514119229045	7.770094071916187	2	25	COX10;SCO1
Skeletal Muscle Contraction (GO:0003009)	0.11645067886171881	0.5364780378998512	3.613514119229045	7.770094071916187	2	25	MB;MYH14
Wound Healing, Spreading of Cells (GO:0044319)	0.11645067886171881	0.5364780378998512	3.613514119229045	7.770094071916187	2	25	COL5A1;DDR1
Zinc Ion Transport (GO:0006829)	0.11645067886171881	0.5364780378998512	3.613514119229045	7.770094071916187	2	25	SLC39A14;SLC39A4
Cellular Response to Metal Ion (GO:0071248)	0.1217300429694277	0.5364780378998512	1.9627035075300838	4.133354369391474	5	111	CHP2;CPNE2;ITPKC;LGMN;SLC12A2
Sensory Perception of Chemical Stimulus (GO:0007606)	0.12237035518663482	0.5364780378998512	1.8229076056124958	3.8293877208787426	6	143	OBP2A;OR11L1;OR51B4;OR5AU1;OR5B17;OR5P3
Protein Modification Process (GO:0036211)	0.12344110621569153	0.5364780378998512	1.438165733886983	3.0086299291374696	14	420	ATG5;CDC42BPB;DYRK2;MMP15;NUAK2;PPM1A;PPP2CB;PTK6;RPS6KA1;STK38;STRADB;TNK1;TNNI3K;ZDHHC9
Autophagosome Maturation (GO:0097352)	0.12359303721700411	0.5364780378998512	2.5454377880184333	5.321902230091352	3	52	CALM1;CHMP5;GABARAPL1
Regulation of Cell Development (GO:0060284)	0.12359303721700411	0.5364780378998512	2.5454377880184333	5.321902230091352	3	52	HES5;HES6;PER2
Acylglycerol Homeostasis (GO:0055090)	0.12427230292929714	0.5364780378998512	3.4628436426116838	7.220999040115344	2	26	APOC3;HNF4A
Bile Acid Biosynthetic Process (GO:0006699)	0.12427230292929714	0.5364780378998512	3.4628436426116838	7.220999040115344	2	26	OSBP;SCP2
GPI Anchor Biosynthetic Process (GO:0006506)	0.12427230292929714	0.5364780378998512	3.4628436426116838	7.220999040115344	2	26	MPPE1;PGAP3
GPI Anchor Metabolic Process (GO:0006505)	0.12427230292929714	0.5364780378998512	3.4628436426116838	7.220999040115344	2	26	MPPE1;PGAP3
Negative Regulation of Protein Kinase Activity (GO:0006469)	0.12427230292929714	0.5364780378998512	3.4628436426116838	7.220999040115344	2	26	CHP1;PTK6
Positive Regulation of Nuclear Division (GO:0051785)	0.12427230292929714	0.5364780378998512	3.4628436426116838	7.220999040115344	2	26	EDN3;LRP5
Protein Localization to Golgi Apparatus (GO:0034067)	0.12427230292929714	0.5364780378998512	3.4628436426116838	7.220999040115344	2	26	OPTN;RAB6A
Regulation of Myelination (GO:0031641)	0.12427230292929714	0.5364780378998512	3.4628436426116838	7.220999040115344	2	26	CDK18;HES5
Integrin-mediated Signaling Pathway (GO:0007229)	0.12806837827721174	0.5364780378998512	2.1329092956999935	4.3835358868309395	4	82	ITGA2;ITGA6;ITGB4;SRC
Positive Regulation of Pattern Recognition Receptor Signaling Pathway (GO:0062208)	0.12884936210444614	0.5364780378998512	2.4944516129032257	5.111408968792898	3	53	SLC19A1;ZDHHC3;ZDHHC9
Regulation of Vesicle-Mediated Transport (GO:0060627)	0.13220959253431674	0.5364780378998512	2.105845026657508	4.26089689903378	4	83	NUMB;PLD1;RAB26;SRC
Dendritic Spine Organization (GO:0097061)	0.13221563618413215	0.5364780378998512	3.3242268041237115	6.725978173552809	2	27	EPHB3;LGMN
Late Endosome to Vacuole Transport via Multivesicular Body Sorting Pathway (GO:0032511)	0.13221563618413215	0.5364780378998512	3.3242268041237115	6.725978173552809	2	27	CHMP5;TMEM50A
Negative Regulation of Protein Localization to Nucleus (GO:1900181)	0.13221563618413215	0.5364780378998512	3.3242268041237115	6.725978173552809	2	27	CHP1;CTNNA1
Polyol Metabolic Process (GO:0019751)	0.13221563618413215	0.5364780378998512	3.3242268041237115	6.725978173552809	2	27	INPP5A;ITPKC
Purine-containing Compound Biosynthetic Process (GO:0072522)	0.13221563618413215	0.5364780378998512	3.3242268041237115	6.725978173552809	2	27	PPCS;SHMT1
Adherens Junction Maintenance (GO:0034334)	0.13320155389755628	0.5364780378998512	8.305019305019306	16.742020772990905	1	6	PLEKHA7
Amino-acid Betaine Biosynthetic Process (GO:0006578)	0.13320155389755628	0.5364780378998512	8.305019305019306	16.742020772990905	1	6	SHMT1
Astrocyte Differentiation (GO:0048708)	0.13320155389755628	0.5364780378998512	8.305019305019306	16.742020772990905	1	6	HES5
Behavioral Fear Response (GO:0001662)	0.13320155389755628	0.5364780378998512	8.305019305019306	16.742020772990905	1	6	HTR2C
Brush Border Assembly (GO:1904970)	0.13320155389755628	0.5364780378998512	8.305019305019306	16.742020772990905	1	6	ANKS4B
Carnitine Biosynthetic Process (GO:0045329)	0.13320155389755628	0.5364780378998512	8.305019305019306	16.742020772990905	1	6	SHMT1
Cell Surface Receptor Protein Tyrosine Phosphatase Signaling Pathway (GO:0007185)	0.13320155389755628	0.5364780378998512	8.305019305019306	16.742020772990905	1	6	PTPRD
Cerebral Cortex Neuron Differentiation (GO:0021895)	0.13320155389755628	0.5364780378998512	8.305019305019306	16.742020772990905	1	6	CHD5
Collagen-activated Tyrosine Kinase Receptor Signaling Pathway (GO:0038063)	0.13320155389755628	0.5364780378998512	8.305019305019306	16.742020772990905	1	6	DDR1
Cytochrome Metabolic Process (GO:1903604)	0.13320155389755628	0.5364780378998512	8.305019305019306	16.742020772990905	1	6	CYP4F11
Diet Induced Thermogenesis (GO:0002024)	0.13320155389755628	0.5364780378998512	8.305019305019306	16.742020772990905	1	6	APPL2
Endoplasmic Reticulum Tubular Network Formation (GO:0071787)	0.13320155389755628	0.5364780378998512	8.305019305019306	16.742020772990905	1	6	RTN3
Endothelial Cell Morphogenesis (GO:0001886)	0.13320155389755628	0.5364780378998512	8.305019305019306	16.742020772990905	1	6	MAGI1
Equilibrioception (GO:0050957)	0.13320155389755628	0.5364780378998512	8.305019305019306	16.742020772990905	1	6	CLRN1
Fatty Acid Alpha-Oxidation (GO:0001561)	0.13320155389755628	0.5364780378998512	8.305019305019306	16.742020772990905	1	6	PHYH
Glycoside Catabolic Process (GO:0016139)	0.13320155389755628	0.5364780378998512	8.305019305019306	16.742020772990905	1	6	GBA2
Glycosyl Compound Catabolic Process (GO:1901658)	0.13320155389755628	0.5364780378998512	8.305019305019306	16.742020772990905	1	6	GBA2
Intracellular Phosphate Ion Homeostasis (GO:0030643)	0.13320155389755628	0.5364780378998512	8.305019305019306	16.742020772990905	1	6	GCM2
L-aspartate Import Across Plasma Membrane (GO:0140009)	0.13320155389755628	0.5364780378998512	8.305019305019306	16.742020772990905	1	6	SLC1A6
L-aspartate Transmembrane Transport (GO:0070778)	0.13320155389755628	0.5364780378998512	8.305019305019306	16.742020772990905	1	6	SLC1A6
L-serine Catabolic Process (GO:0006565)	0.13320155389755628	0.5364780378998512	8.305019305019306	16.742020772990905	1	6	SHMT1
MHC Class I Protein Complex Assembly (GO:0002397)	0.13320155389755628	0.5364780378998512	8.305019305019306	16.742020772990905	1	6	TAPBPL
Manganese Ion Homeostasis (GO:0055071)	0.13320155389755628	0.5364780378998512	8.305019305019306	16.742020772990905	1	6	SLC39A14
Menaquinone Metabolic Process (GO:0009233)	0.13320155389755628	0.5364780378998512	8.305019305019306	16.742020772990905	1	6	CYP4F11
Negative Regulation of Astrocyte Differentiation (GO:0048712)	0.13320155389755628	0.5364780378998512	8.305019305019306	16.742020772990905	1	6	HES5
Negative Regulation of Dephosphorylation (GO:0035305)	0.13320155389755628	0.5364780378998512	8.305019305019306	16.742020772990905	1	6	CHP1
Negative Regulation of Low-Density Lipoprotein Particle Clearance (GO:0010989)	0.13320155389755628	0.5364780378998512	8.305019305019306	16.742020772990905	1	6	APOC3
Negative Regulation of Very-Low-Density Lipoprotein Particle Remodeling (GO:0010903)	0.13320155389755628	0.5364780378998512	8.305019305019306	16.742020772990905	1	6	APOC3
Negative Regulation of Voltage-Gated Calcium Channel Activity (GO:1901386)	0.13320155389755628	0.5364780378998512	8.305019305019306	16.742020772990905	1	6	CALM1
Nucleobase Biosynthetic Process (GO:0046112)	0.13320155389755628	0.5364780378998512	8.305019305019306	16.742020772990905	1	6	SHMT1
Nucleoside Transport (GO:0015858)	0.13320155389755628	0.5364780378998512	8.305019305019306	16.742020772990905	1	6	SLC28A3
Peptide Antigen Assembly With MHC Class I Protein Complex (GO:0002502)	0.13320155389755628	0.5364780378998512	8.305019305019306	16.742020772990905	1	6	TAPBPL
Positive Regulation of Cell Maturation (GO:1903431)	0.13320155389755628	0.5364780378998512	8.305019305019306	16.742020772990905	1	6	ADAM7
Positive Regulation of Kidney Development (GO:0090184)	0.13320155389755628	0.5364780378998512	8.305019305019306	16.742020772990905	1	6	FOXD1
Protein Localization to Perinuclear Region of Cytoplasm (GO:1905719)	0.13320155389755628	0.5364780378998512	8.305019305019306	16.742020772990905	1	6	HOOK1
Protoporphyrinogen IX Biosynthetic Process (GO:0006782)	0.13320155389755628	0.5364780378998512	8.305019305019306	16.742020772990905	1	6	ALAD
Pteridine-containing Compound Biosynthetic Process (GO:0042559)	0.13320155389755628	0.5364780378998512	8.305019305019306	16.742020772990905	1	6	MTHFS
Purine Nucleobase Transmembrane Transport (GO:1904823)	0.13320155389755628	0.5364780378998512	8.305019305019306	16.742020772990905	1	6	SLC28A3
Pyrimidine Nucleoside Transport (GO:0015864)	0.13320155389755628	0.5364780378998512	8.305019305019306	16.742020772990905	1	6	SLC28A3
Regulation of Cholesterol Import (GO:0060620)	0.13320155389755628	0.5364780378998512	8.305019305019306	16.742020772990905	1	6	APOC3
Regulation of Glucagon Secretion (GO:0070092)	0.13320155389755628	0.5364780378998512	8.305019305019306	16.742020772990905	1	6	SYT7
Regulation of Long-Chain Fatty Acid Import Across Plasma Membrane (GO:0010746)	0.13320155389755628	0.5364780378998512	8.305019305019306	16.742020772990905	1	6	ACSL5
Regulation of MDA-5 Signaling Pathway (GO:0039533)	0.13320155389755628	0.5364780378998512	8.305019305019306	16.742020772990905	1	6	RIOK3
Regulation of Neurofibrillary Tangle Assembly (GO:1902996)	0.13320155389755628	0.5364780378998512	8.305019305019306	16.742020772990905	1	6	PPP2CB
Regulation of Oligodendrocyte Progenitor Proliferation (GO:0070445)	0.13320155389755628	0.5364780378998512	8.305019305019306	16.742020772990905	1	6	CNTFR
Regulation of Phospholipid Metabolic Process (GO:1903725)	0.13320155389755628	0.5364780378998512	8.305019305019306	16.742020772990905	1	6	SCP2
Regulation of Postsynapse Assembly (GO:0150052)	0.13320155389755628	0.5364780378998512	8.305019305019306	16.742020772990905	1	6	ARHGAP32
Regulation of Sperm Capacitation (GO:1902490)	0.13320155389755628	0.5364780378998512	8.305019305019306	16.742020772990905	1	6	ADAM7
Regulation of System Process (GO:0044057)	0.13320155389755628	0.5364780378998512	8.305019305019306	16.742020772990905	1	6	HTR2C
Regulation of Tooth Mineralization (GO:0070170)	0.13320155389755628	0.5364780378998512	8.305019305019306	16.742020772990905	1	6	AMELX
Regulation of Transforming Growth Factor Beta2 Production (GO:0032909)	0.13320155389755628	0.5364780378998512	8.305019305019306	16.742020772990905	1	6	GATA6
Regulation of pro-B Cell Differentiation (GO:2000973)	0.13320155389755628	0.5364780378998512	8.305019305019306	16.742020772990905	1	6	HES5
Ruffle Assembly (GO:0097178)	0.13320155389755628	0.5364780378998512	8.305019305019306	16.742020772990905	1	6	RAC1
Septin Cytoskeleton Organization (GO:0032185)	0.13320155389755628	0.5364780378998512	8.305019305019306	16.742020772990905	1	6	RTKN
Smooth Muscle Cell Migration (GO:0014909)	0.13320155389755628	0.5364780378998512	8.305019305019306	16.742020772990905	1	6	DDR1
Thrombin-activated Receptor Signaling Pathway (GO:0070493)	0.13320155389755628	0.5364780378998512	8.305019305019306	16.742020772990905	1	6	IQGAP2
Tyrosine Phosphorylation of STAT Protein (GO:0007260)	0.13320155389755628	0.5364780378998512	8.305019305019306	16.742020772990905	1	6	PTK6
Uridine Transmembrane Transport (GO:0015862)	0.13320155389755628	0.5364780378998512	8.305019305019306	16.742020772990905	1	6	SLC28A3
Lipid Metabolic Process (GO:0006629)	0.13783834160313294	0.5364780378998512	1.5554014752143486	3.082298224608362	9	250	ACSF2;ACSS2;B4GALT4;CYP3A7;CYP4F11;PAFAH2;PER2;PHYH;SLC27A4
Sensory Perception of Smell (GO:0007608)	0.13783834160313294	0.5364780378998512	1.5554014752143486	3.082298224608362	9	250	OR10AD1;OR10C1;OR10G6;OR11L1;OR51B4;OR5AU1;OR5B17;OR5P3;OR6N1
Cholesterol Transport (GO:0030301)	0.13959271078185756	0.5364780378998512	2.398362282878412	4.722438424019665	3	55	APOC3;OSBP;SCP2
Phospholipid Metabolic Process (GO:0006644)	0.13959271078185756	0.5364780378998512	2.398362282878412	4.722438424019665	3	55	AGPAT3;PCYT2;PLD1
Establishment of Endothelial Barrier (GO:0061028)	0.1402706332053745	0.5364780378998512	3.196272799365583	6.278060310817426	2	28	MARVELD2;TJP2
Maintenance of Blood-Brain Barrier (GO:0035633)	0.1402706332053745	0.5364780378998512	3.196272799365583	6.278060310817426	2	28	SLC12A2;TJP2
Negative Regulation of Signaling (GO:0023057)	0.1402706332053745	0.5364780378998512	3.196272799365583	6.278060310817426	2	28	ERBB3;OPTN
Regulation of Cold-Induced Thermogenesis (GO:0120161)	0.14057585236945222	0.5364780378998512	1.7460958730388783	3.425854178831495	6	149	ADIPOR1;ADIPOR2;APPL2;FH;HADH;PER2
Protein-containing Complex Organization (GO:0043933)	0.1426583167253863	0.5364780378998512	1.8572121604139715	3.6165546285025916	5	117	ANKS4B;CARD10;HES5;MAGI1;VAMP3
Cholesterol Homeostasis (GO:0042632)	0.144954974955452	0.5364780378998512	2.0286128442679776	3.9179251093351866	4	86	APOC3;EPHX2;HNF4A;LRP5
Protein Polymerization (GO:0051258)	0.1450741732948168	0.5364780378998512	2.35303712720633	4.542562004194785	3	56	COBL;FHDC1;RAC1
Rho Protein Signal Transduction (GO:0007266)	0.1450741732948168	0.5364780378998512	2.35303712720633	4.542562004194785	3	56	ARHGEF11;EPS8L3;RTKN
Protein Localization to Plasma Membrane (GO:0072659)	0.14690883100227478	0.5364780378998512	1.721904591745578	3.302514999376407	6	151	MAP7;OPTN;RAB26;SCP2;TNFRSF1A;ZDHHC3
Regulation of Intracellular Signal Transduction (GO:1902531)	0.1474545778819478	0.5364780378998512	1.4595537249105208	2.793928966459004	11	325	ARHGAP32;ARHGEF11;CARD10;DNMBP;DYRK2;MCF2L;NUAK2;OPTN;PLEKHG6;PPM1A;TMEM127
Glial Cell Differentiation (GO:0010001)	0.14842765302290434	0.5364780378998512	3.0777968690339823	5.871382663824169	2	29	ERBB3;HES5
Hepaticobiliary System Development (GO:0061008)	0.14842765302290434	0.5364780378998512	3.0777968690339823	5.871382663824169	2	29	CEBPG;COBL
Inner Mitochondrial Membrane Organization (GO:0007007)	0.14842765302290434	0.5364780378998512	3.0777968690339823	5.871382663824169	2	29	GHITM;IMMT
Long-term Synaptic Potentiation (GO:0060291)	0.14842765302290434	0.5364780378998512	3.0777968690339823	5.871382663824169	2	29	CALM1;NPTN
Negative Regulation of Fatty Acid Metabolic Process (GO:0045922)	0.14842765302290434	0.5364780378998512	3.0777968690339823	5.871382663824169	2	29	APOC3;APPL2
Positive Regulation of Cell Communication (GO:0010647)	0.14842765302290434	0.5364780378998512	3.0777968690339823	5.871382663824169	2	29	EDN3;SOX11
Regulation of Striated Muscle Contraction (GO:0006942)	0.14842765302290434	0.5364780378998512	3.0777968690339823	5.871382663824169	2	29	CALM1;TNNI3K
Long-chain Fatty Acid Metabolic Process (GO:0001676)	0.14930667767612985	0.5364780378998512	2.0041094611002146	3.8113208770993845	4	87	ACSL5;CYP4F11;SCP2;SLC27A4
Positive Regulation of Plasma Membrane Bounded Cell Projection Assembly (GO:0120034)	0.14930667767612985	0.5364780378998512	2.0041094611002146	3.8113208770993845	4	87	CLRN1;EPS8L3;NCKAP1;RAC1
Sterol Homeostasis (GO:0055092)	0.14930667767612985	0.5364780378998512	2.0041094611002146	3.8113208770993845	4	87	APOC3;EPHX2;HNF4A;LRP5
Intrinsic Apoptotic Signaling Pathway (GO:0097193)	0.14995990742396156	0.5364780378998512	1.8245160118926034	3.461813517735933	5	119	BCL2L2;PPP1R13B;RNF186;TNFRSF1A;UACA
ATP Biosynthetic Process (GO:0006754)	0.1536109785246194	0.5364780378998512	6.920634920634921	12.964646760621505	1	7	PRKAG2
Amino-acid Betaine Metabolic Process (GO:0006577)	0.1536109785246194	0.5364780378998512	6.920634920634921	12.964646760621505	1	7	BHMT
Autophagosome Membrane Docking (GO:0016240)	0.1536109785246194	0.5364780378998512	6.920634920634921	12.964646760621505	1	7	CALM1
Basic Amino Acid Transport (GO:0015802)	0.1536109785246194	0.5364780378998512	6.920634920634921	12.964646760621505	1	7	SLC3A2
Calcium Ion Export Across Plasma Membrane (GO:1990034)	0.1536109785246194	0.5364780378998512	6.920634920634921	12.964646760621505	1	7	SLC35G1
Calcium Ion-Regulated Exocytosis of Neurotransmitter (GO:0048791)	0.1536109785246194	0.5364780378998512	6.920634920634921	12.964646760621505	1	7	SYT7
Cellular Response to Interleukin-13 (GO:0035963)	0.1536109785246194	0.5364780378998512	6.920634920634921	12.964646760621505	1	7	IL13RA1
Cellular Response to Vitamin D (GO:0071305)	0.1536109785246194	0.5364780378998512	6.920634920634921	12.964646760621505	1	7	VDR
Coronary Vasculature Development (GO:0060976)	0.1536109785246194	0.5364780378998512	6.920634920634921	12.964646760621505	1	7	GATA6
Enamel Mineralization (GO:0070166)	0.1536109785246194	0.5364780378998512	6.920634920634921	12.964646760621505	1	7	AMELX
Folic Acid Transport (GO:0015884)	0.1536109785246194	0.5364780378998512	6.920634920634921	12.964646760621505	1	7	SLC19A1
GDP-mannose Metabolic Process (GO:0019673)	0.1536109785246194	0.5364780378998512	6.920634920634921	12.964646760621505	1	7	GMDS
Glucosylceramide Metabolic Process (GO:0006678)	0.1536109785246194	0.5364780378998512	6.920634920634921	12.964646760621505	1	7	GBA2
Ketone Catabolic Process (GO:0042182)	0.1536109785246194	0.5364780378998512	6.920634920634921	12.964646760621505	1	7	CYP4F11
L-ascorbic Acid Metabolic Process (GO:0019852)	0.1536109785246194	0.5364780378998512	6.920634920634921	12.964646760621505	1	7	GSTO2
L-methionine Biosynthetic Process (GO:0071265)	0.1536109785246194	0.5364780378998512	6.920634920634921	12.964646760621505	1	7	BHMT
Leukotriene D4 Biosynthetic Process (GO:1901750)	0.1536109785246194	0.5364780378998512	6.920634920634921	12.964646760621505	1	7	GGT6
Lipid Hydroxylation (GO:0002933)	0.1536109785246194	0.5364780378998512	6.920634920634921	12.964646760621505	1	7	CYP3A7
Metabolic Compound Salvage (GO:0043094)	0.1536109785246194	0.5364780378998512	6.920634920634921	12.964646760621505	1	7	PDXK
Microtubule-based Protein Transport (GO:0099118)	0.1536109785246194	0.5364780378998512	6.920634920634921	12.964646760621505	1	7	HOOK1
Mitochondrial ATP Transmembrane Transport (GO:1990544)	0.1536109785246194	0.5364780378998512	6.920634920634921	12.964646760621505	1	7	SLC25A5
Mitochondrion-endoplasmic Reticulum Membrane Tethering (GO:1990456)	0.1536109785246194	0.5364780378998512	6.920634920634921	12.964646760621505	1	7	CALM1
Negative Regulation of Calcium-Mediated Signaling (GO:0050849)	0.1536109785246194	0.5364780378998512	6.920634920634921	12.964646760621505	1	7	INPP5A
Negative Regulation of Circadian Rhythm (GO:0042754)	0.1536109785246194	0.5364780378998512	6.920634920634921	12.964646760621505	1	7	PER2
Negative Regulation of D-glucose Import Across Plasma Membrane (GO:0046325)	0.1536109785246194	0.5364780378998512	6.920634920634921	12.964646760621505	1	7	APPL2
Negative Regulation of Glial Cell Proliferation (GO:0060253)	0.1536109785246194	0.5364780378998512	6.920634920634921	12.964646760621505	1	7	SOX11
Negative Regulation of Membrane Protein Ectodomain Proteolysis (GO:0051045)	0.1536109785246194	0.5364780378998512	6.920634920634921	12.964646760621505	1	7	PTPN3
Negative Regulation of Neutrophil Activation (GO:1902564)	0.1536109785246194	0.5364780378998512	6.920634920634921	12.964646760621505	1	7	SRC
Negative Regulation of Oligodendrocyte Differentiation (GO:0048715)	0.1536109785246194	0.5364780378998512	6.920634920634921	12.964646760621505	1	7	HES5
Nephron Tubule Development (GO:0072080)	0.1536109785246194	0.5364780378998512	6.920634920634921	12.964646760621505	1	7	HNF1B
Noradrenergic Neuron Differentiation (GO:0003357)	0.1536109785246194	0.5364780378998512	6.920634920634921	12.964646760621505	1	7	SOX11
Peptide Transport (GO:0015833)	0.1536109785246194	0.5364780378998512	6.920634920634921	12.964646760621505	1	7	ABCB9
Phospholipase C-activating Dopamine Receptor Signaling Pathway (GO:0060158)	0.1536109785246194	0.5364780378998512	6.920634920634921	12.964646760621505	1	7	GNA11
Polysaccharide Biosynthetic Process (GO:0000271)	0.1536109785246194	0.5364780378998512	6.920634920634921	12.964646760621505	1	7	EXT1
Positive Regulation of Fibroblast Growth Factor Receptor Signaling Pathway (GO:0045743)	0.1536109785246194	0.5364780378998512	6.920634920634921	12.964646760621505	1	7	NPTN
Positive Regulation of Hemopoiesis (GO:1903708)	0.1536109785246194	0.5364780378998512	6.920634920634921	12.964646760621505	1	7	IL13RA1
Positive Regulation of Lamellipodium Morphogenesis (GO:2000394)	0.1536109785246194	0.5364780378998512	6.920634920634921	12.964646760621505	1	7	SRC
Positive Regulation of Lymphocyte Apoptotic Process (GO:0070230)	0.1536109785246194	0.5364780378998512	6.920634920634921	12.964646760621505	1	7	PERP
Positive Regulation of Megakaryocyte Differentiation (GO:0045654)	0.1536109785246194	0.5364780378998512	6.920634920634921	12.964646760621505	1	7	FAXDC2
Positive Regulation of Mitochondrial Calcium Ion Concentration (GO:0051561)	0.1536109785246194	0.5364780378998512	6.920634920634921	12.964646760621505	1	7	MCUR1
Positive Regulation of Pinocytosis (GO:0048549)	0.1536109785246194	0.5364780378998512	6.920634920634921	12.964646760621505	1	7	APPL2
Positive Regulation of Sodium Ion Transmembrane Transporter Activity (GO:2000651)	0.1536109785246194	0.5364780378998512	6.920634920634921	12.964646760621505	1	7	CHP1
Positive Regulation of Tooth Mineralization (GO:0070172)	0.1536109785246194	0.5364780378998512	6.920634920634921	12.964646760621505	1	7	AMELX
Positive Regulation of Translation in Response to Stress (GO:0032056)	0.1536109785246194	0.5364780378998512	6.920634920634921	12.964646760621505	1	7	NCK2
Pronephros Development (GO:0048793)	0.1536109785246194	0.5364780378998512	6.920634920634921	12.964646760621505	1	7	HNF1B
Protein Localization to Golgi Membrane (GO:1903292)	0.1536109785246194	0.5364780378998512	6.920634920634921	12.964646760621505	1	7	RAB6A
Protein Retention in ER Lumen (GO:0006621)	0.1536109785246194	0.5364780378998512	6.920634920634921	12.964646760621505	1	7	RER1
Protoporphyrinogen IX Metabolic Process (GO:0046501)	0.1536109785246194	0.5364780378998512	6.920634920634921	12.964646760621505	1	7	ALAD
Purinergic Nucleotide Receptor Signaling Pathway (GO:0035590)	0.1536109785246194	0.5364780378998512	6.920634920634921	12.964646760621505	1	7	P2RY2
Regulation of Blood-Brain Barrier Permeability (GO:1905603)	0.1536109785246194	0.5364780378998512	6.920634920634921	12.964646760621505	1	7	TJP2
Regulation of Extracellular Matrix Constituent Secretion (GO:0003330)	0.1536109785246194	0.5364780378998512	6.920634920634921	12.964646760621505	1	7	TNFRSF1A
Regulation of Nephron Tubule Epithelial Cell Differentiation (GO:0072182)	0.1536109785246194	0.5364780378998512	6.920634920634921	12.964646760621505	1	7	PROM1
Regulation of Syncytium Formation by Plasma Membrane Fusion (GO:0060142)	0.1536109785246194	0.5364780378998512	6.920634920634921	12.964646760621505	1	7	ERVH48-1
Regulation of Vitamin D Receptor Signaling Pathway (GO:0070562)	0.1536109785246194	0.5364780378998512	6.920634920634921	12.964646760621505	1	7	VDR
Response to Bile Acid (GO:1903412)	0.1536109785246194	0.5364780378998512	6.920634920634921	12.964646760621505	1	7	VDR
Response to Catecholamine (GO:0071869)	0.1536109785246194	0.5364780378998512	6.920634920634921	12.964646760621505	1	7	ADCY6
Response to Lead Ion (GO:0010288)	0.1536109785246194	0.5364780378998512	6.920634920634921	12.964646760621505	1	7	PPP2CB
Serine Transport (GO:0032329)	0.1536109785246194	0.5364780378998512	6.920634920634921	12.964646760621505	1	7	SFXN2
Transepithelial Chloride Transport (GO:0030321)	0.1536109785246194	0.5364780378998512	6.920634920634921	12.964646760621505	1	7	SLC12A2
Vascular Associated Smooth Muscle Contraction (GO:0014829)	0.1536109785246194	0.5364780378998512	6.920634920634921	12.964646760621505	1	7	EDN3
Vascular Wound Healing (GO:0061042)	0.1536109785246194	0.5364780378998512	6.920634920634921	12.964646760621505	1	7	ADIPOR2
Positive Regulation of Synaptic Transmission (GO:0050806)	0.15370796097757466	0.5364780378998512	1.9801894918173988	3.708302513237969	4	88	CALM1;LGMN;NPTN;ZDHHC3
Cartilage Development (GO:0051216)	0.1562427823541542	0.5364780378998512	2.26733137829912	4.208947418136041	3	58	AMELX;HES5;SLC39A14
Erythrocyte Differentiation (GO:0030218)	0.1562427823541542	0.5364780378998512	2.26733137829912	4.208947418136041	3	58	CEBPG;FTH1;SLC25A5
Interferon-mediated Signaling Pathway (GO:0140888)	0.1562427823541542	0.5364780378998512	2.26733137829912	4.208947418136041	3	58	IFNA14;IFNK;IFNW1
Carbohydrate Biosynthetic Process (GO:0016051)	0.15667744564638572	0.5364780378998512	2.9677835051546393	5.500982818097576	2	30	EXT1;FUT6
GPI Anchored Protein Biosynthesis (GO:0180046)	0.15667744564638572	0.5364780378998512	2.9677835051546393	5.500982818097576	2	30	MPPE1;PGAP3
Golgi to Plasma Membrane Protein Transport (GO:0043001)	0.15667744564638572	0.5364780378998512	2.9677835051546393	5.500982818097576	2	30	OPTN;RAB26
Lamellipodium Organization (GO:0097581)	0.15667744564638572	0.5364780378998512	2.9677835051546393	5.500982818097576	2	30	ARFIP2;RAC1
Non-canonical NF-kappaB Signal Transduction (GO:0038061)	0.15667744564638572	0.5364780378998512	2.9677835051546393	5.500982818097576	2	30	CARD10;TNFRSF1A
Phosphatidic Acid Biosynthetic Process (GO:0006654)	0.15667744564638572	0.5364780378998512	2.9677835051546393	5.500982818097576	2	30	AGPAT3;PLD1
Pigment Biosynthetic Process (GO:0046148)	0.15667744564638572	0.5364780378998512	2.9677835051546393	5.500982818097576	2	30	ALAD;COX10
Regulation of Ferroptosis (GO:0110075)	0.15667744564638572	0.5364780378998512	2.9677835051546393	5.500982818097576	2	30	FTH1;SC5D
Regulation of Lipid Catabolic Process (GO:0050994)	0.15667744564638572	0.5364780378998512	2.9677835051546393	5.500982818097576	2	30	APOC3;CIDEC
Transition Metal Ion Transport (GO:0000041)	0.15667744564638572	0.5364780378998512	2.9677835051546393	5.500982818097576	2	30	FTH1;SLC41A2
Chloride Transport (GO:0006821)	0.15815758059387688	0.5364780378998512	1.9568323453412373	3.6087185862106916	4	89	ANO10;ANO7;SLC12A2;SLC12A7
Positive Regulation of Protein Modification Process (GO:0031401)	0.16192439092795807	0.5364780378998512	2.226774193548387	4.054122492693147	3	59	FAXDC2;NPTN;RAC1
ADP Catabolic Process (GO:0046032)	0.165011139050298	0.5364780378998512	2.865357269818699	5.162635391812336	2	31	HKDC1;PGM1
Glycolytic Process (GO:0006096)	0.165011139050298	0.5364780378998512	2.865357269818699	5.162635391812336	2	31	HKDC1;PGM1
Intracellular Zinc Ion Homeostasis (GO:0006882)	0.165011139050298	0.5364780378998512	2.865357269818699	5.162635391812336	2	31	SLC39A14;SLC39A4
Lipid Modification (GO:0030258)	0.165011139050298	0.5364780378998512	2.865357269818699	5.162635391812336	2	31	CYP3A7;EPHX2
Positive Regulation of Response to Endoplasmic Reticulum Stress (GO:1905898)	0.165011139050298	0.5364780378998512	2.865357269818699	5.162635391812336	2	31	NCK2;RNF185
Protein Localization to Cell Junction (GO:1902414)	0.165011139050298	0.5364780378998512	2.865357269818699	5.162635391812336	2	31	MARVELD3;TJP2
Regulation of Cellular Component Size (GO:0032535)	0.165011139050298	0.5364780378998512	2.865357269818699	5.162635391812336	2	31	PEX11A;RAP1GAP2
Regulation of Keratinocyte Proliferation (GO:0010837)	0.165011139050298	0.5364780378998512	2.865357269818699	5.162635391812336	2	31	EPB41L4B;VDR
Regulation of Release of Sequestered Calcium Ion Into Cytosol by Sarcoplasmic Reticulum (GO:0010880)	0.165011139050298	0.5364780378998512	2.865357269818699	5.162635391812336	2	31	CALM1;CALML3
Protein Localization to Organelle (GO:0033365)	0.1666560721222914	0.5364780378998512	1.6531757197268642	2.9621983413198665	6	157	MTCH2;NUAK2;OPTN;RAB6A;RNF186;TOLLIP
Regulation of Innate Immune Response (GO:0045088)	0.1671967960234449	0.5364780378998512	1.9117288900769254	3.4192872100954577	4	91	APPL2;IFNK;RIOK3;RNF185
Response to Retinoic Acid (GO:0032526)	0.16766719478380518	0.5364780378998512	2.187640067911715	3.906631296625998	3	60	GATA6;PTK6;WNT9A
Positive Regulation of Cell Development (GO:0010720)	0.1734202264977952	0.5364780378998512	2.7697594501718212	4.852722630326394	2	32	NUMB;SOX11
ATP Metabolic Process (GO:0046034)	0.1734684562475137	0.5364780378998512	2.1498553948832035	3.7660296212787556	3	61	HKDC1;PGM1;PRKAG2
ADP Transport (GO:0015866)	0.17354045164883827	0.5364780378998512	5.931788931788931	10.388606253366891	1	8	SLC25A5
Adenylate Cyclase-Activating Dopamine Receptor Signaling Pathway (GO:0007191)	0.17354045164883827	0.5364780378998512	5.931788931788931	10.388606253366891	1	8	ADCY6
Ammonium Homeostasis (GO:0097272)	0.17354045164883827	0.5364780378998512	5.931788931788931	10.388606253366891	1	8	RHD
Anterograde Axonal Protein Transport (GO:0099641)	0.17354045164883827	0.5364780378998512	5.931788931788931	10.388606253366891	1	8	RAB27B
Auditory Receptor Cell Stereocilium Organization (GO:0060088)	0.17354045164883827	0.5364780378998512	5.931788931788931	10.388606253366891	1	8	PLS1
Axo-dendritic Protein Transport (GO:0099640)	0.17354045164883827	0.5364780378998512	5.931788931788931	10.388606253366891	1	8	RAB27B
CGMP Biosynthetic Process (GO:0006182)	0.17354045164883827	0.5364780378998512	5.931788931788931	10.388606253366891	1	8	GUCY2C
Cardiolipin Metabolic Process (GO:0032048)	0.17354045164883827	0.5364780378998512	5.931788931788931	10.388606253366891	1	8	HADHA
Cellular Response to Monoamine Stimulus (GO:0071868)	0.17354045164883827	0.5364780378998512	5.931788931788931	10.388606253366891	1	8	ADCY6
Cellular Response to Potassium Ion (GO:0035865)	0.17354045164883827	0.5364780378998512	5.931788931788931	10.388606253366891	1	8	SLC12A2
Ciliary Neurotrophic Factor-Mediated Signaling Pathway (GO:0070120)	0.17354045164883827	0.5364780378998512	5.931788931788931	10.388606253366891	1	8	CNTFR
Cyclic-GMP-AMP Transmembrane Import Across Plasma Membrane (GO:0140361)	0.17354045164883827	0.5364780378998512	5.931788931788931	10.388606253366891	1	8	SLC19A1
Cytochrome Complex Assembly (GO:0017004)	0.17354045164883827	0.5364780378998512	5.931788931788931	10.388606253366891	1	8	COX10
DTMP Metabolic Process (GO:0046073)	0.17354045164883827	0.5364780378998512	5.931788931788931	10.388606253366891	1	8	SHMT1
Dense Core Granule Cytoskeletal Transport (GO:0099519)	0.17354045164883827	0.5364780378998512	5.931788931788931	10.388606253366891	1	8	KIF1C
Depyrimidination (GO:0045008)	0.17354045164883827	0.5364780378998512	5.931788931788931	10.388606253366891	1	8	SMUG1
Endoplasmic Reticulum Tubular Network Membrane Organization (GO:1990809)	0.17354045164883827	0.5364780378998512	5.931788931788931	10.388606253366891	1	8	RTN3
Fatty Acid Elongation, Saturated Fatty Acid (GO:0019367)	0.17354045164883827	0.5364780378998512	5.931788931788931	10.388606253366891	1	8	HSD17B12
Glycine Metabolic Process (GO:0006544)	0.17354045164883827	0.5364780378998512	5.931788931788931	10.388606253366891	1	8	SHMT1
Hepatocyte Growth Factor Receptor Signaling Pathway (GO:0048012)	0.17354045164883827	0.5364780378998512	5.931788931788931	10.388606253366891	1	8	RAC1
Interleukin-4-mediated Signaling Pathway (GO:0035771)	0.17354045164883827	0.5364780378998512	5.931788931788931	10.388606253366891	1	8	IL13RA1
L-alanine Transport (GO:0015808)	0.17354045164883827	0.5364780378998512	5.931788931788931	10.388606253366891	1	8	SLC36A1
L-proline Metabolic Process (GO:0006560)	0.17354045164883827	0.5364780378998512	5.931788931788931	10.388606253366891	1	8	ALDH18A1
Mammary Gland Epithelial Cell Differentiation (GO:0060644)	0.17354045164883827	0.5364780378998512	5.931788931788931	10.388606253366891	1	8	IRF6
Necroptotic Process (GO:0070266)	0.17354045164883827	0.5364780378998512	5.931788931788931	10.388606253366891	1	8	ITPK1
Negative Regulation of Fatty Acid Oxidation (GO:0046322)	0.17354045164883827	0.5364780378998512	5.931788931788931	10.388606253366891	1	8	APPL2
Negative Regulation of Keratinocyte Proliferation (GO:0010839)	0.17354045164883827	0.5364780378998512	5.931788931788931	10.388606253366891	1	8	VDR
Negative Regulation of Macrophage Migration (GO:1905522)	0.17354045164883827	0.5364780378998512	5.931788931788931	10.388606253366891	1	8	DDT
Negative Regulation of Osteoblast Proliferation (GO:0033689)	0.17354045164883827	0.5364780378998512	5.931788931788931	10.388606253366891	1	8	PLXNB1
Non-proteinogenic Amino Acid Biosynthetic Process (GO:0170043)	0.17354045164883827	0.5364780378998512	5.931788931788931	10.388606253366891	1	8	ALDH18A1
Paracellular Transport (GO:0160184)	0.17354045164883827	0.5364780378998512	5.931788931788931	10.388606253366891	1	8	CLDN17
Phosphatidylethanolamine Biosynthetic Process (GO:0006646)	0.17354045164883827	0.5364780378998512	5.931788931788931	10.388606253366891	1	8	PCYT2
Polysaccharide Metabolic Process (GO:0005976)	0.17354045164883827	0.5364780378998512	5.931788931788931	10.388606253366891	1	8	EXT1
Pos Reg Endoplasmic Reticulum Stress-Induced Intrinsic Apoptotic Signaling Pathway (GO:1902237)	0.17354045164883827	0.5364780378998512	5.931788931788931	10.388606253366891	1	8	NCK2
Positive Regulation of Arp2/3 Complex-Mediated Actin Nucleation (GO:2000601)	0.17354045164883827	0.5364780378998512	5.931788931788931	10.388606253366891	1	8	NCKAP1
Positive Regulation of Bicellular Tight Junction Assembly (GO:1903348)	0.17354045164883827	0.5364780378998512	5.931788931788931	10.388606253366891	1	8	RAC1
Positive Regulation of Receptor Recycling (GO:0001921)	0.17354045164883827	0.5364780378998512	5.931788931788931	10.388606253366891	1	8	VAMP3
Protein Localization to Endoplasmic Reticulum Exit Site (GO:0070973)	0.17354045164883827	0.5364780378998512	5.931788931788931	10.388606253366891	1	8	MIA2
Protein Localization to Presynapse (GO:1905383)	0.17354045164883827	0.5364780378998512	5.931788931788931	10.388606253366891	1	8	RAB27B
Protein Transport Along Microtubule (GO:0098840)	0.17354045164883827	0.5364780378998512	5.931788931788931	10.388606253366891	1	8	HOOK1
Purine Nucleobase Metabolic Process (GO:0006144)	0.17354045164883827	0.5364780378998512	5.931788931788931	10.388606253366891	1	8	SHMT1
Pyrimidine Deoxyribonucleotide Biosynthetic Process (GO:0009221)	0.17354045164883827	0.5364780378998512	5.931788931788931	10.388606253366891	1	8	SHMT1
Pyrimidine Nucleobase Biosynthetic Process (GO:0019856)	0.17354045164883827	0.5364780378998512	5.931788931788931	10.388606253366891	1	8	SHMT1
Regulation of Growth Hormone Receptor Signaling Pathway (GO:0060398)	0.17354045164883827	0.5364780378998512	5.931788931788931	10.388606253366891	1	8	HNF4A
Regulation of Microvillus Assembly (GO:0032534)	0.17354045164883827	0.5364780378998512	5.931788931788931	10.388606253366891	1	8	RAP1GAP
Regulation of Protein Autophosphorylation (GO:0031952)	0.17354045164883827	0.5364780378998512	5.931788931788931	10.388606253366891	1	8	CHP1
Regulation of Toll-Like Receptor 3 Signaling Pathway (GO:0034139)	0.17354045164883827	0.5364780378998512	5.931788931788931	10.388606253366891	1	8	SRC
Regulation of Triglyceride Metabolic Process (GO:0090207)	0.17354045164883827	0.5364780378998512	5.931788931788931	10.388606253366891	1	8	CIDEC
Regulation of Very-Low-Density Lipoprotein Particle Remodeling (GO:0010901)	0.17354045164883827	0.5364780378998512	5.931788931788931	10.388606253366891	1	8	APOC3
Regulation of Xenophagy (GO:1904415)	0.17354045164883827	0.5364780378998512	5.931788931788931	10.388606253366891	1	8	OPTN
Response to Potassium Ion (GO:0035864)	0.17354045164883827	0.5364780378998512	5.931788931788931	10.388606253366891	1	8	SLC12A2
Sphingoid Metabolic Process (GO:0046519)	0.17354045164883827	0.5364780378998512	5.931788931788931	10.388606253366891	1	8	DEGS2
TRAIL-activated Apoptotic Signaling Pathway (GO:0036462)	0.17354045164883827	0.5364780378998512	5.931788931788931	10.388606253366891	1	8	ZDHHC3
Thyroid Hormone Transport (GO:0070327)	0.17354045164883827	0.5364780378998512	5.931788931788931	10.388606253366891	1	8	SLC3A2
White Fat Cell Differentiation (GO:0050872)	0.17354045164883827	0.5364780378998512	5.931788931788931	10.388606253366891	1	8	PER2
Regulation of GTPase Activity (GO:0043087)	0.17641416410689267	0.5364780378998512	1.8686525563975263	3.2419642688722634	4	93	ITGA6;PLXNB1;RAP1GAP;TBC1D30
Regulation of Protein Phosphorylation (GO:0001932)	0.17641416410689267	0.5364780378998512	1.8686525563975263	3.2419642688722634	4	93	CHP1;FAXDC2;NPTN;RAC1
Aerobic Electron Transport Chain (GO:0019646)	0.179325455213057	0.5364780378998512	2.11335155822854	3.6319065304605798	3	62	NDUFS2;SDHA;SDHB
Mitochondrial ATP Synthesis Coupled Electron Transport (GO:0042775)	0.179325455213057	0.5364780378998512	2.11335155822854	3.6319065304605798	3	62	NDUFS2;SDHA;SDHB
Myeloid Cell Differentiation (GO:0030099)	0.179325455213057	0.5364780378998512	2.11335155822854	3.6319065304605798	3	62	CDKN2B;FTH1;SLC25A5
Sensory Perception (GO:0007600)	0.179325455213057	0.5364780378998512	2.11335155822854	3.6319065304605798	3	62	CLRN1;NIPSNAP1;OBP2A
Regulation of Insulin Secretion (GO:0050796)	0.18108644569348356	0.5364780378998512	1.8478323284524836	3.15754033281008	4	94	HADH;HNF4A;PER2;SYT7
Negative Regulation of Endocytosis (GO:0045806)	0.18189655432581028	0.5364780378998512	2.6803292317924843	4.5681310407268665	2	33	APOC3;RAC1
Regulation of Dendritic Spine Morphogenesis (GO:0061001)	0.18189655432581028	0.5364780378998512	2.6803292317924843	4.5681310407268665	2	33	ARHGAP32;PTPRD
Smoothened Signaling Pathway (GO:0007224)	0.18189655432581028	0.5364780378998512	2.6803292317924843	4.5681310407268665	2	33	DYRK2;HES5
Triglyceride Homeostasis (GO:0070328)	0.18189655432581028	0.5364780378998512	2.6803292317924843	4.5681310407268665	2	33	APOC3;HNF4A
Protein Localization to Cell Periphery (GO:1990778)	0.18464195391717358	0.5364780378998512	1.6905415496587048	2.855893905385759	5	128	AP4M1;MAP7;SCP2;TNFRSF1A;ZDHHC3
Mitotic Cytokinesis (GO:0000281)	0.18523549153522859	0.5364780378998512	2.0780645161290323	3.50388138697283	3	63	MYH14;RTKN;TRIM36
Regulation of Epithelial Cell Proliferation (GO:0050678)	0.1857994016525355	0.5364780378998512	1.8274696879348042	3.0757917045300003	4	95	CDKN2B;EPB41L4B;ERBB3;MARVELD3
Positive Regulation of Inflammatory Response (GO:0050729)	0.18866544356882606	0.5364780378998512	1.6768559863122314	2.796626830434466	5	129	CAMK2N1;DDT;SNX4;TNFRSF1A;ZDHHC9
Protein Transport (GO:0015031)	0.1900759476622501	0.5364780378998512	1.4017343574635241	2.327343795449631	10	307	AP4M1;ARFIP2;MIA2;MVP;OPTN;RAB26;RAB6A;REP15;SNX4;ZG16
Antigen Processing and Presentation of Exogenous Peptide Antigen (GO:0002478)	0.19043231013939635	0.5364780378998512	2.5964884020618557	4.306168195408522	2	34	CTSV;LGMN
Membrane Protein Proteolysis (GO:0033619)	0.19043231013939635	0.5364780378998512	2.5964884020618557	4.306168195408522	2	34	AFG3L2;PSEN1
Negative Regulation of Cellular Response to Insulin Stimulus (GO:1900077)	0.19043231013939635	0.5364780378998512	2.5964884020618557	4.306168195408522	2	34	APPL2;SLC27A4
Positive Regulation of Substrate Adhesion-Dependent Cell Spreading (GO:1900026)	0.19043231013939635	0.5364780378998512	2.5964884020618557	4.306168195408522	2	34	RAC1;RAC3
Pyridine Nucleotide Catabolic Process (GO:0019364)	0.19043231013939635	0.5364780378998512	2.5964884020618557	4.306168195408522	2	34	HKDC1;PGM1
Regulation of D-glucose Import Across Plasma Membrane (GO:0046324)	0.19043231013939635	0.5364780378998512	2.5964884020618557	4.306168195408522	2	34	APPL2;PRKAG2
Anterior/posterior Pattern Specification (GO:0009952)	0.19119588754885472	0.5364780378998512	2.0439344262295083	3.3816011841322413	3	64	HES5;HES6;HOXB7
Amyloid-beta Formation (GO:0034205)	0.19300124534201962	0.5364780378998512	5.19015444015444	8.53810839198803	1	9	PSEN1
Aromatic Amino Acid Transport (GO:0015801)	0.19300124534201962	0.5364780378998512	5.19015444015444	8.53810839198803	1	9	SLC3A2
Auditory Receptor Cell Morphogenesis (GO:0002093)	0.19300124534201962	0.5364780378998512	5.19015444015444	8.53810839198803	1	9	PLS1
Bone Resorption (GO:0045453)	0.19300124534201962	0.5364780378998512	5.19015444015444	8.53810839198803	1	9	SRC
Bundle of His Cell to Purkinje Myocyte Communication (GO:0086069)	0.19300124534201962	0.5364780378998512	5.19015444015444	8.53810839198803	1	9	TNNI3K
Cellular Response to Oxygen Levels (GO:0071453)	0.19300124534201962	0.5364780378998512	5.19015444015444	8.53810839198803	1	9	NDUFS2
Detection of Visible Light (GO:0009584)	0.19300124534201962	0.5364780378998512	5.19015444015444	8.53810839198803	1	9	GNA11
Diol Metabolic Process (GO:0034311)	0.19300124534201962	0.5364780378998512	5.19015444015444	8.53810839198803	1	9	DEGS2
Dolichyl Monophosphate Biosynthetic Process (GO:0043048)	0.19300124534201962	0.5364780378998512	5.19015444015444	8.53810839198803	1	9	DOLPP1
Embryonic Digestive Tract Morphogenesis (GO:0048557)	0.19300124534201962	0.5364780378998512	5.19015444015444	8.53810839198803	1	9	SOX11
Ethanol Catabolic Process (GO:0006068)	0.19300124534201962	0.5364780378998512	5.19015444015444	8.53810839198803	1	9	ACSS2
Galactose Catabolic Process (GO:0019388)	0.19300124534201962	0.5364780378998512	5.19015444015444	8.53810839198803	1	9	PGM1
Gamma-delta T Cell Activation (GO:0046629)	0.19300124534201962	0.5364780378998512	5.19015444015444	8.53810839198803	1	9	SOX13
Guanine Nucleotide Transmembrane Transport (GO:1903790)	0.19300124534201962	0.5364780378998512	5.19015444015444	8.53810839198803	1	9	SLC19A1
Heme B Biosynthetic Process (GO:0006785)	0.19300124534201962	0.5364780378998512	5.19015444015444	8.53810839198803	1	9	ALAD
Isoprenoid Biosynthetic Process (GO:0008299)	0.19300124534201962	0.5364780378998512	5.19015444015444	8.53810839198803	1	9	PDSS1
L-fucose Catabolic Process (GO:0042355)	0.19300124534201962	0.5364780378998512	5.19015444015444	8.53810839198803	1	9	FUT6
L-fucose Metabolic Process (GO:0042354)	0.19300124534201962	0.5364780378998512	5.19015444015444	8.53810839198803	1	9	FUT6
Lactate Metabolic Process (GO:0006089)	0.19300124534201962	0.5364780378998512	5.19015444015444	8.53810839198803	1	9	PER2
Monosaccharide Metabolic Process (GO:0005996)	0.19300124534201962	0.5364780378998512	5.19015444015444	8.53810839198803	1	9	GSTO2
Morphogenesis of an Epithelial Sheet (GO:0002011)	0.19300124534201962	0.5364780378998512	5.19015444015444	8.53810839198803	1	9	SOX11
Negative Regulation of Chromosome Organization (GO:2001251)	0.19300124534201962	0.5364780378998512	5.19015444015444	8.53810839198803	1	9	SRC
Negative Regulation of Fat Cell Proliferation (GO:0070345)	0.19300124534201962	0.5364780378998512	5.19015444015444	8.53810839198803	1	9	PER2
Negative Regulation of Glial Cell Differentiation (GO:0045686)	0.19300124534201962	0.5364780378998512	5.19015444015444	8.53810839198803	1	9	HES5
Negative Regulation of Lipoprotein Particle Clearance (GO:0010985)	0.19300124534201962	0.5364780378998512	5.19015444015444	8.53810839198803	1	9	APOC3
Notch Receptor Processing (GO:0007220)	0.19300124534201962	0.5364780378998512	5.19015444015444	8.53810839198803	1	9	PSEN1
Oxaloacetate Metabolic Process (GO:0006107)	0.19300124534201962	0.5364780378998512	5.19015444015444	8.53810839198803	1	9	FAHD1
Phosphatidylethanolamine Acyl-Chain Remodeling (GO:0036152)	0.19300124534201962	0.5364780378998512	5.19015444015444	8.53810839198803	1	9	PLA2G2F
Phosphatidylglycerol Acyl-Chain Remodeling (GO:0036148)	0.19300124534201962	0.5364780378998512	5.19015444015444	8.53810839198803	1	9	PLA2G2F
Phosphatidylserine Acyl-Chain Remodeling (GO:0036150)	0.19300124534201962	0.5364780378998512	5.19015444015444	8.53810839198803	1	9	PLA2G2F
Positive Regulation of Glycoprotein Metabolic Process (GO:1903020)	0.19300124534201962	0.5364780378998512	5.19015444015444	8.53810839198803	1	9	CHP1
Positive Regulation of Mast Cell Degranulation (GO:0043306)	0.19300124534201962	0.5364780378998512	5.19015444015444	8.53810839198803	1	9	SNX4
Positive Regulation of Membrane Invagination (GO:1905155)	0.19300124534201962	0.5364780378998512	5.19015444015444	8.53810839198803	1	9	APPL2
Positive Regulation of Phospholipid Biosynthetic Process (GO:0071073)	0.19300124534201962	0.5364780378998512	5.19015444015444	8.53810839198803	1	9	CHP1
Positive Regulation of Pyroptotic Inflammatory Response (GO:0140639)	0.19300124534201962	0.5364780378998512	5.19015444015444	8.53810839198803	1	9	ZDHHC9
Positive Regulation of Synaptic Transmission, GABAergic (GO:0032230)	0.19300124534201962	0.5364780378998512	5.19015444015444	8.53810839198803	1	9	ZDHHC3
Postsynapse Organization (GO:0099173)	0.19300124534201962	0.5364780378998512	5.19015444015444	8.53810839198803	1	9	LGMN
Presynaptic Membrane Assembly (GO:0097105)	0.19300124534201962	0.5364780378998512	5.19015444015444	8.53810839198803	1	9	PTPRD
Proline Transport (GO:0015824)	0.19300124534201962	0.5364780378998512	5.19015444015444	8.53810839198803	1	9	SLC3A2
Regulation of Endothelial Cell Development (GO:1901550)	0.19300124534201962	0.5364780378998512	5.19015444015444	8.53810839198803	1	9	TNFRSF1A
Regulation of Fat Cell Proliferation (GO:0070344)	0.19300124534201962	0.5364780378998512	5.19015444015444	8.53810839198803	1	9	PER2
Regulation of Glial Cell Proliferation (GO:0060251)	0.19300124534201962	0.5364780378998512	5.19015444015444	8.53810839198803	1	9	SOX11
Regulation of Hair Cycle (GO:0042634)	0.19300124534201962	0.5364780378998512	5.19015444015444	8.53810839198803	1	9	EPS8L3
Regulation of Interleukin-23 Production (GO:0032667)	0.19300124534201962	0.5364780378998512	5.19015444015444	8.53810839198803	1	9	RAC1
Regulation of Nervous System Process (GO:0031644)	0.19300124534201962	0.5364780378998512	5.19015444015444	8.53810839198803	1	9	HTR2C
Regulation of Neutrophil Activation (GO:1902563)	0.19300124534201962	0.5364780378998512	5.19015444015444	8.53810839198803	1	9	SRC
Regulation of Phospholipase C-activating G Protein-Coupled Receptor Signaling Pathway (GO:1900736)	0.19300124534201962	0.5364780378998512	5.19015444015444	8.53810839198803	1	9	INPP5A
Regulation of Respiratory Burst (GO:0060263)	0.19300124534201962	0.5364780378998512	5.19015444015444	8.53810839198803	1	9	RAC1
Regulation of Translation in Response to Endoplasmic Reticulum Stress (GO:0036490)	0.19300124534201962	0.5364780378998512	5.19015444015444	8.53810839198803	1	9	NCK2
Sensory Organ Morphogenesis (GO:0090596)	0.19300124534201962	0.5364780378998512	5.19015444015444	8.53810839198803	1	9	COL5A1
Smooth Muscle Cell Differentiation (GO:0051145)	0.19300124534201962	0.5364780378998512	5.19015444015444	8.53810839198803	1	9	GATA6
Sulfur Amino Acid Transport (GO:0000101)	0.19300124534201962	0.5364780378998512	5.19015444015444	8.53810839198803	1	9	SLC3A2
Terpenoid Metabolic Process (GO:0006721)	0.19300124534201962	0.5364780378998512	5.19015444015444	8.53810839198803	1	9	ALDH3A2
Tooth Mineralization (GO:0034505)	0.19300124534201962	0.5364780378998512	5.19015444015444	8.53810839198803	1	9	AMELX
Trans-synaptic Signaling by Trans-Synaptic Complex (GO:0099545)	0.19300124534201962	0.5364780378998512	5.19015444015444	8.53810839198803	1	9	PTPRD
UDP-N-acetylglucosamine Biosynthetic Process (GO:0006048)	0.19300124534201962	0.5364780378998512	5.19015444015444	8.53810839198803	1	9	UAP1
Vitamin K Metabolic Process (GO:0042373)	0.19300124534201962	0.5364780378998512	5.19015444015444	8.53810839198803	1	9	CYP4F11
Pos Reg Phosphatidylinositol 3-Kinase/Protein Kinase B Signal Transduction (GO:0051897)	0.19820951145768875	0.5374474566881771	1.559747409326425	2.524343043219757	6	166	DDR1;ERBB3;FAM110C;PDGFA;PLXNB1;SRC
Extrinsic Apoptotic Signaling Pathway via Death Domain Receptors (GO:0008625)	0.19902001117524462	0.5374474566881771	2.517728834739144	4.0644952942090615	2	35	TNFRSF1A;ZDHHC3
Negative Regulation of Protein Modification Process (GO:0031400)	0.19902001117524462	0.5374474566881771	2.517728834739144	4.0644952942090615	2	35	CDY2A;CHP1
Phosphatidic Acid Metabolic Process (GO:0046473)	0.19902001117524462	0.5374474566881771	2.517728834739144	4.0644952942090615	2	35	AGPAT3;PLD1
Regulation of Extrinsic Apoptotic Signaling Pathway (GO:2001236)	0.2032571722510023	0.5374474566881771	1.9789247311827958	3.1529876140424893	3	66	ACSL5;ITGA6;SRC
Negative Regulation of Lipid Metabolic Process (GO:0045833)	0.20765249321205628	0.5374474566881771	2.443602183141298	3.8410721304568547	2	36	APOC3;CIDEC
Positive Regulation of Mitotic Nuclear Division (GO:0045840)	0.20765249321205628	0.5374474566881771	2.443602183141298	3.8410721304568547	2	36	EDN3;LRP5
Regulation of Type I Interferon-Mediated Signaling Pathway (GO:0060338)	0.20765249321205628	0.5374474566881771	2.443602183141298	3.8410721304568547	2	36	RBM47;RNF185
Skeletal Muscle Organ Development (GO:0060538)	0.20765249321205628	0.5374474566881771	2.443602183141298	3.8410721304568547	2	36	MYH14;RTL1
Sulfur Compound Biosynthetic Process (GO:0044272)	0.20765249321205628	0.5374474566881771	2.443602183141298	3.8410721304568547	2	36	GGT6;PPCS
Monocarboxylic Acid Biosynthetic Process (GO:0072330)	0.20935283607406488	0.5374474566881771	1.9479435483870968	3.0460660233483936	3	67	OSBP;PER2;SCP2
Positive Regulation of Phosphorylation (GO:0042327)	0.20935283607406488	0.5374474566881771	1.9479435483870968	3.0460660233483936	3	67	FAXDC2;NPTN;RAC1
Adenylate Cyclase-Inhibiting Serotonin Receptor Signaling Pathway (GO:0007198)	0.2120043672958522	0.5374474566881771	4.6133276133276135	7.155955764866011	1	10	ADCY6
Aggrephagy (GO:0035973)	0.2120043672958522	0.5374474566881771	4.6133276133276135	7.155955764866011	1	10	ATG5
Alpha-linolenic Acid Metabolic Process (GO:0036109)	0.2120043672958522	0.5374474566881771	4.6133276133276135	7.155955764866011	1	10	SCP2
Axon Ensheathment in Central Nervous System (GO:0032291)	0.2120043672958522	0.5374474566881771	4.6133276133276135	7.155955764866011	1	10	HES5
CAMP Biosynthetic Process (GO:0006171)	0.2120043672958522	0.5374474566881771	4.6133276133276135	7.155955764866011	1	10	ADCY6
CGMP Metabolic Process (GO:0046068)	0.2120043672958522	0.5374474566881771	4.6133276133276135	7.155955764866011	1	10	GUCY2C
Cell Differentiation in Spinal Cord (GO:0021515)	0.2120043672958522	0.5374474566881771	4.6133276133276135	7.155955764866011	1	10	SOX13
Cellular Response to Muramyl Dipeptide (GO:0071225)	0.2120043672958522	0.5374474566881771	4.6133276133276135	7.155955764866011	1	10	CHMP5
Coenzyme A Biosynthetic Process (GO:0015937)	0.2120043672958522	0.5374474566881771	4.6133276133276135	7.155955764866011	1	10	PPCS
Cristae Formation (GO:0042407)	0.2120043672958522	0.5374474566881771	4.6133276133276135	7.155955764866011	1	10	IMMT
ESCRT Complex Disassembly (GO:1904896)	0.2120043672958522	0.5374474566881771	4.6133276133276135	7.155955764866011	1	10	CHMP5
ESCRT III Complex Disassembly (GO:1904903)	0.2120043672958522	0.5374474566881771	4.6133276133276135	7.155955764866011	1	10	CHMP5
Ectoderm Development (GO:0007398)	0.2120043672958522	0.5374474566881771	4.6133276133276135	7.155955764866011	1	10	ITGA6
Establishment of Endothelial Intestinal Barrier (GO:0090557)	0.2120043672958522	0.5374474566881771	4.6133276133276135	7.155955764866011	1	10	TJP2
Ethanol Metabolic Process (GO:0006067)	0.2120043672958522	0.5374474566881771	4.6133276133276135	7.155955764866011	1	10	ACSS2
Fat-soluble Vitamin Catabolic Process (GO:0042363)	0.2120043672958522	0.5374474566881771	4.6133276133276135	7.155955764866011	1	10	CYP4F11
Fatty Acid Elongation (GO:0030497)	0.2120043672958522	0.5374474566881771	4.6133276133276135	7.155955764866011	1	10	HSD17B12
Genomic Imprinting (GO:0071514)	0.2120043672958522	0.5374474566881771	4.6133276133276135	7.155955764866011	1	10	DNMT3L
Iron Ion Transmembrane Transport (GO:0034755)	0.2120043672958522	0.5374474566881771	4.6133276133276135	7.155955764866011	1	10	SLC39A14
L-leucine Transport (GO:0015820)	0.2120043672958522	0.5374474566881771	4.6133276133276135	7.155955764866011	1	10	SLC3A2
Lipid Import Into Cell (GO:0140354)	0.2120043672958522	0.5374474566881771	4.6133276133276135	7.155955764866011	1	10	SLC27A4
Long-chain Fatty Acid Import Into Cell (GO:0044539)	0.2120043672958522	0.5374474566881771	4.6133276133276135	7.155955764866011	1	10	SLC27A4
Maintenance of Protein Localization in Endoplasmic Reticulum (GO:0035437)	0.2120043672958522	0.5374474566881771	4.6133276133276135	7.155955764866011	1	10	RER1
Muscle Cell Migration (GO:0014812)	0.2120043672958522	0.5374474566881771	4.6133276133276135	7.155955764866011	1	10	DDR1
Neg Reg Nuclear-Transcribed mRNA Catabolic Process, Deadenylation-Dependent Decay (GO:1900152)	0.2120043672958522	0.5374474566881771	4.6133276133276135	7.155955764866011	1	10	TOB1
Negative Regulation of Calcium Ion Transmembrane Transporter Activity (GO:1901020)	0.2120043672958522	0.5374474566881771	4.6133276133276135	7.155955764866011	1	10	CALM1
Negative Regulation of Heterochromatin Formation (GO:0031452)	0.2120043672958522	0.5374474566881771	4.6133276133276135	7.155955764866011	1	10	DNMT3L
Negative Regulation of PERK-mediated Unfolded Protein Response (GO:1903898)	0.2120043672958522	0.5374474566881771	4.6133276133276135	7.155955764866011	1	10	NCK2
Negative Regulation of Transforming Growth Factor Beta Production (GO:0071635)	0.2120043672958522	0.5374474566881771	4.6133276133276135	7.155955764866011	1	10	GATA6
Neuroepithelial Cell Differentiation (GO:0060563)	0.2120043672958522	0.5374474566881771	4.6133276133276135	7.155955764866011	1	10	SOX11
Phototransduction, Visible Light (GO:0007603)	0.2120043672958522	0.5374474566881771	4.6133276133276135	7.155955764866011	1	10	GNA11
Plasma Membrane Phospholipid Scrambling (GO:0017121)	0.2120043672958522	0.5374474566881771	4.6133276133276135	7.155955764866011	1	10	ANO7
Positive Regulation of Cilium Movement (GO:0003353)	0.2120043672958522	0.5374474566881771	4.6133276133276135	7.155955764866011	1	10	ADAM7
Positive Regulation of Cilium-Dependent Cell Motility (GO:2000155)	0.2120043672958522	0.5374474566881771	4.6133276133276135	7.155955764866011	1	10	ADAM7
Positive Regulation of Dendritic Spine Morphogenesis (GO:0061003)	0.2120043672958522	0.5374474566881771	4.6133276133276135	7.155955764866011	1	10	PTPRD
Positive Regulation of Double-Strand Break Repair via Nonhomologous End Joining (GO:2001034)	0.2120043672958522	0.5374474566881771	4.6133276133276135	7.155955764866011	1	10	FH
Positive Regulation of Flagellated Sperm Motility (GO:1902093)	0.2120043672958522	0.5374474566881771	4.6133276133276135	7.155955764866011	1	10	ADAM7
Positive Regulation of Glutamate Receptor Signaling Pathway (GO:1900451)	0.2120043672958522	0.5374474566881771	4.6133276133276135	7.155955764866011	1	10	FOLH1
Positive Regulation of Keratinocyte Migration (GO:0051549)	0.2120043672958522	0.5374474566881771	4.6133276133276135	7.155955764866011	1	10	EPB41L4B
Positive Regulation of Phagocytosis, Engulfment (GO:0060100)	0.2120043672958522	0.5374474566881771	4.6133276133276135	7.155955764866011	1	10	APPL2
Positive Regulation of Steroid Metabolic Process (GO:0045940)	0.2120043672958522	0.5374474566881771	4.6133276133276135	7.155955764866011	1	10	SCP2
Positive Regulation of Toll-Like Receptor 9 Signaling Pathway (GO:0034165)	0.2120043672958522	0.5374474566881771	4.6133276133276135	7.155955764866011	1	10	ZDHHC3
Presynaptic Membrane Organization (GO:0097090)	0.2120043672958522	0.5374474566881771	4.6133276133276135	7.155955764866011	1	10	PTPRD
Progesterone Receptor Signaling Pathway (GO:0050847)	0.2120043672958522	0.5374474566881771	4.6133276133276135	7.155955764866011	1	10	SRC
Protein K29-linked Ubiquitination (GO:0035519)	0.2120043672958522	0.5374474566881771	4.6133276133276135	7.155955764866011	1	10	RNF186
Protein Localization to Endosome (GO:0036010)	0.2120043672958522	0.5374474566881771	4.6133276133276135	7.155955764866011	1	10	TOLLIP
Purine Nucleobase Transport (GO:0006863)	0.2120043672958522	0.5374474566881771	4.6133276133276135	7.155955764866011	1	10	SLC28A3
Purine Ribonucleoside Triphosphate Biosynthetic Process (GO:0009206)	0.2120043672958522	0.5374474566881771	4.6133276133276135	7.155955764866011	1	10	PRKAG2
Receptor Guanylyl Cyclase Signaling Pathway (GO:0007168)	0.2120043672958522	0.5374474566881771	4.6133276133276135	7.155955764866011	1	10	GUCY2C
Regulation of Cellular Response to Insulin Stimulus (GO:1900076)	0.2120043672958522	0.5374474566881771	4.6133276133276135	7.155955764866011	1	10	APPL2
Regulation of Lamellipodium Morphogenesis (GO:2000392)	0.2120043672958522	0.5374474566881771	4.6133276133276135	7.155955764866011	1	10	SRC
Regulation of Leukocyte Differentiation (GO:1902105)	0.2120043672958522	0.5374474566881771	4.6133276133276135	7.155955764866011	1	10	IL13RA1
Regulation of Neurotransmitter Uptake (GO:0051580)	0.2120043672958522	0.5374474566881771	4.6133276133276135	7.155955764866011	1	10	PER2
Regulation of Nitric Oxide Metabolic Process (GO:0080164)	0.2120043672958522	0.5374474566881771	4.6133276133276135	7.155955764866011	1	10	RAC1
Regulation of Transforming Growth Factor Beta1 Production (GO:0032908)	0.2120043672958522	0.5374474566881771	4.6133276133276135	7.155955764866011	1	10	GATA6
Regulation of Translation in Response to Stress (GO:0043555)	0.2120043672958522	0.5374474566881771	4.6133276133276135	7.155955764866011	1	10	RPS6KA1
Regulation of Vascular Wound Healing (GO:0061043)	0.2120043672958522	0.5374474566881771	4.6133276133276135	7.155955764866011	1	10	SLC12A2
SNARE Complex Assembly (GO:0035493)	0.2120043672958522	0.5374474566881771	4.6133276133276135	7.155955764866011	1	10	VAMP3
Serine Family Amino Acid Biosynthetic Process (GO:0009070)	0.2120043672958522	0.5374474566881771	4.6133276133276135	7.155955764866011	1	10	SHMT1
Sphingosine-1-phosphate Receptor Signaling Pathway (GO:0003376)	0.2120043672958522	0.5374474566881771	4.6133276133276135	7.155955764866011	1	10	RAC1
Urogenital System Development (GO:0001655)	0.2120043672958522	0.5374474566881771	4.6133276133276135	7.155955764866011	1	10	EPHB3
Vascular Associated Smooth Muscle Cell Differentiation (GO:0035886)	0.2120043672958522	0.5374474566881771	4.6133276133276135	7.155955764866011	1	10	GATA6
Cellular Response to Amyloid-Beta (GO:1904646)	0.21632289976283794	0.5438684225169463	2.3737113402061856	3.634111901623712	2	37	LGMN;PSEN1
Negative Regulation of Plasma Membrane Bounded Cell Projection Assembly (GO:0120033)	0.21632289976283794	0.5438684225169463	2.3737113402061856	3.634111901623712	2	37	RAP1GAP;TBC1D30
Neutral Amino Acid Transport (GO:0015804)	0.21632289976283794	0.5438684225169463	2.3737113402061856	3.634111901623712	2	37	SLC36A1;SLC3A2
Positive Regulation of Epithelial Cell Migration (GO:0010634)	0.21632289976283794	0.5438684225169463	2.3737113402061856	3.634111901623712	2	37	EPB41L4B;SRC
Protein Localization to Mitochondrion (GO:0070585)	0.21632289976283794	0.5438684225169463	2.3737113402061856	3.634111901623712	2	37	MTCH2;RNF186
Regulation of Response to Biotic Stimulus (GO:0002831)	0.21632289976283794	0.5438684225169463	2.3737113402061856	3.634111901623712	2	37	APPL2;GATA6
Superoxide Metabolic Process (GO:0006801)	0.21632289976283794	0.5438684225169463	2.3737113402061856	3.634111901623712	2	37	MB;RAC1
Inorganic Cation Import Across Plasma Membrane (GO:0098659)	0.21981963071614027	0.5443578399062259	1.6965669988925802	2.5702106618575855	4	102	SLC12A2;SLC12A7;SLC39A14;SLC39A4
Negative Regulation of Cell Adhesion (GO:0007162)	0.22166136779111115	0.5443578399062259	1.8887976539589444	2.845670916571502	3	69	ERBB3;PLXNB1;SEMA6A
Cytoskeleton Organization (GO:0007010)	0.22481109740988783	0.5443578399062259	1.6793777568971366	2.5064625634910462	4	103	CDC42BPB;RAC1;RAC3;SEMA6A
Anterograde Axonal Transport (GO:0008089)	0.22502467150216296	0.5443578399062259	2.3077033218785794	3.4420438858529465	2	38	KIF1C;RAB27B
Positive Regulation of Actin Filament Polymerization (GO:0030838)	0.22502467150216296	0.5443578399062259	2.3077033218785794	3.4420438858529465	2	38	NCK2;NCKAP1
Regulation of Axonogenesis (GO:0050770)	0.22502467150216296	0.5443578399062259	2.3077033218785794	3.4420438858529465	2	38	EPHB3;PLXNB1
Central Nervous System Development (GO:0007417)	0.2253488696951834	0.5443578399062259	1.3666625535105787	2.0364714499946674	9	283	AATK;ALDH3A2;ATOH1;GBA2;HES5;NCKAP1;RNF103;RTN3;SOX11
Protein Maturation (GO:0051604)	0.22729516814339248	0.5443578399062259	1.4341875754729638	2.1247572199099993	7	210	AFG3L2;GZMA;KLK10;LGMN;PGAP3;PSEN1;TMPRSS11A
Action Potential (GO:0001508)	0.22786919617977616	0.5443578399062259	1.8605488685604237	2.7517211066118117	3	70	GNA11;KCNG4;MYH14
Regulation of Endocytosis (GO:0030100)	0.22786919617977616	0.5443578399062259	1.8605488685604237	2.7517211066118117	3	70	NUMB;SRC;SYT7
Angiogenesis Involved in Wound Healing (GO:0060055)	0.2305605672773555	0.5443578399062259	4.151866151866152	6.091791093961323	1	11	ADIPOR2
Branched-chain Amino Acid Transport (GO:0015803)	0.2305605672773555	0.5443578399062259	4.151866151866152	6.091791093961323	1	11	SLC3A2
C21-steroid Hormone Biosynthetic Process (GO:0006700)	0.2305605672773555	0.5443578399062259	4.151866151866152	6.091791093961323	1	11	SCP2
Cell Proliferation in Forebrain (GO:0021846)	0.2305605672773555	0.5443578399062259	4.151866151866152	6.091791093961323	1	11	NUMB
Cellular Response to Forskolin (GO:1904322)	0.2305605672773555	0.5443578399062259	4.151866151866152	6.091791093961323	1	11	ADCY6
Cellular Response to Prostaglandin E Stimulus (GO:0071380)	0.2305605672773555	0.5443578399062259	4.151866151866152	6.091791093961323	1	11	ADCY6
Collagen Biosynthetic Process (GO:0032964)	0.2305605672773555	0.5443578399062259	4.151866151866152	6.091791093961323	1	11	COL5A1
Cyclic Nucleotide Transport (GO:0070729)	0.2305605672773555	0.5443578399062259	4.151866151866152	6.091791093961323	1	11	SLC19A1
Dicarboxylic Acid Biosynthetic Process (GO:0043650)	0.2305605672773555	0.5443578399062259	4.151866151866152	6.091791093961323	1	11	FOLH1
Exit From Mitosis (GO:0010458)	0.2305605672773555	0.5443578399062259	4.151866151866152	6.091791093961323	1	11	PPP2R2D
Glucan Biosynthetic Process (GO:0009250)	0.2305605672773555	0.5443578399062259	4.151866151866152	6.091791093961323	1	11	PER2
Glycogen Biosynthetic Process (GO:0005978)	0.2305605672773555	0.5443578399062259	4.151866151866152	6.091791093961323	1	11	PER2
Negative Regulation of Cholesterol Transport (GO:0032375)	0.2305605672773555	0.5443578399062259	4.151866151866152	6.091791093961323	1	11	APOC3
Negative Regulation of DNA Binding (GO:0043392)	0.2305605672773555	0.5443578399062259	4.151866151866152	6.091791093961323	1	11	SOX11
Negative Regulation of Leukocyte Chemotaxis (GO:0002689)	0.2305605672773555	0.5443578399062259	4.151866151866152	6.091791093961323	1	11	DDT
Negative Regulation of Macromolecule Metabolic Process (GO:0010605)	0.2305605672773555	0.5443578399062259	4.151866151866152	6.091791093961323	1	11	OPTN
Neuron Projection Maintenance (GO:1990535)	0.2305605672773555	0.5443578399062259	4.151866151866152	6.091791093961323	1	11	PSEN1
Nucleotide-sugar Metabolic Process (GO:0009225)	0.2305605672773555	0.5443578399062259	4.151866151866152	6.091791093961323	1	11	GMDS
Oxidative Demethylation (GO:0070989)	0.2305605672773555	0.5443578399062259	4.151866151866152	6.091791093961323	1	11	CYP3A7
Pentose-phosphate Shunt (GO:0006098)	0.2305605672773555	0.5443578399062259	4.151866151866152	6.091791093961323	1	11	DERA
Peroxisome Fission (GO:0016559)	0.2305605672773555	0.5443578399062259	4.151866151866152	6.091791093961323	1	11	PEX11A
Phagosome-lysosome Fusion (GO:0090385)	0.2305605672773555	0.5443578399062259	4.151866151866152	6.091791093961323	1	11	SYT7
Phasic Smooth Muscle Contraction (GO:0014821)	0.2305605672773555	0.5443578399062259	4.151866151866152	6.091791093961323	1	11	EDN3
Plasminogen Activation (GO:0031639)	0.2305605672773555	0.5443578399062259	4.151866151866152	6.091791093961323	1	11	TMPRSS9
Podocyte Differentiation (GO:0072112)	0.2305605672773555	0.5443578399062259	4.151866151866152	6.091791093961323	1	11	PROM1
Positive Regulation of Actin Nucleation (GO:0051127)	0.2305605672773555	0.5443578399062259	4.151866151866152	6.091791093961323	1	11	NCKAP1
Positive Regulation of Integrin Activation (GO:0033625)	0.2305605672773555	0.5443578399062259	4.151866151866152	6.091791093961323	1	11	SRC
Positive Regulation of Neuron Migration (GO:2001224)	0.2305605672773555	0.5443578399062259	4.151866151866152	6.091791093961323	1	11	SEMA6A
Positive Regulation of T Cell Apoptotic Process (GO:0070234)	0.2305605672773555	0.5443578399062259	4.151866151866152	6.091791093961323	1	11	PERP
Progesterone Metabolic Process (GO:0042448)	0.2305605672773555	0.5443578399062259	4.151866151866152	6.091791093961323	1	11	SCP2
Protein K27-linked Ubiquitination (GO:0044314)	0.2305605672773555	0.5443578399062259	4.151866151866152	6.091791093961323	1	11	RNF185
Regulation of Actin Nucleation (GO:0051125)	0.2305605672773555	0.5443578399062259	4.151866151866152	6.091791093961323	1	11	ARFIP2
Regulation of Mitochondrial Depolarization (GO:0051900)	0.2305605672773555	0.5443578399062259	4.151866151866152	6.091791093961323	1	11	SRC
Regulation of Phagocytosis, Engulfment (GO:0060099)	0.2305605672773555	0.5443578399062259	4.151866151866152	6.091791093961323	1	11	APPL2
Regulation of Protein Tyrosine Kinase Activity (GO:0061097)	0.2305605672773555	0.5443578399062259	4.151866151866152	6.091791093961323	1	11	PTK6
Regulation of Triglyceride Catabolic Process (GO:0010896)	0.2305605672773555	0.5443578399062259	4.151866151866152	6.091791093961323	1	11	APOC3
Regulation of Urine Volume (GO:0035809)	0.2305605672773555	0.5443578399062259	4.151866151866152	6.091791093961323	1	11	ADCY6
Response to Forskolin (GO:1904321)	0.2305605672773555	0.5443578399062259	4.151866151866152	6.091791093961323	1	11	ADCY6
Transferrin Transport (GO:0033572)	0.2305605672773555	0.5443578399062259	4.151866151866152	6.091791093961323	1	11	REP15
Tricarboxylic Acid Metabolic Process (GO:0072350)	0.2305605672773555	0.5443578399062259	4.151866151866152	6.091791093961323	1	11	ACO2
UDP-N-acetylglucosamine Metabolic Process (GO:0006047)	0.2305605672773555	0.5443578399062259	4.151866151866152	6.091791093961323	1	11	UAP1
Urea Cycle (GO:0000050)	0.2305605672773555	0.5443578399062259	4.151866151866152	6.091791093961323	1	11	FH
Vasoconstriction (GO:0042310)	0.2305605672773555	0.5443578399062259	4.151866151866152	6.091791093961323	1	11	EDN3
Very-low-density Lipoprotein Particle Assembly (GO:0034379)	0.2305605672773555	0.5443578399062259	4.151866151866152	6.091791093961323	1	11	APOC3
Vesicle Fusion With Vacuole (GO:0051469)	0.2305605672773555	0.5443578399062259	4.151866151866152	6.091791093961323	1	11	CHMP5
Cytokine-mediated Signaling Pathway (GO:0019221)	0.23123404631321387	0.5453440118802787	1.3566743936224346	1.9866120874780469	9	285	ADIPOR1;ADIPOR2;APPL2;CNTFR;IFNK;IL13RA1;SRC;TNFRSF1A;TOLLIP
Establishment of Protein Localization to Plasma Membrane (GO:0061951)	0.23375153632266576	0.5454593525465968	2.245263304541655	3.263482440794167	2	39	OPTN;RAB26
Intrinsic Apoptotic Signaling Pathway by P53 Class Mediator (GO:0072332)	0.23375153632266576	0.5454593525465968	2.245263304541655	3.263482440794167	2	39	DYRK2;PPP1R13B
L-alpha-amino Acid Transmembrane Transport (GO:1902475)	0.23375153632266576	0.5454593525465968	2.245263304541655	3.263482440794167	2	39	SLC1A6;SLC3A2
L-amino Acid Transport (GO:0015807)	0.23375153632266576	0.5454593525465968	2.245263304541655	3.263482440794167	2	39	SLC36A1;SLC3A2
Positive Regulation of Ossification (GO:0045778)	0.23375153632266576	0.5454593525465968	2.245263304541655	3.263482440794167	2	39	SOX11;VDR
Cell-cell Junction Organization (GO:0045216)	0.23410942989660358	0.5454593525465968	1.8331309297912715	2.6616449271260016	3	71	MARVELD2;MARVELD3;TJP2
Plasma Membrane Organization (GO:0007009)	0.23410942989660358	0.5454593525465968	1.8331309297912715	2.6616449271260016	3	71	CHMP5;COL5A1;SYT7
Regulation of Actin Filament Polymerization (GO:0030833)	0.23410942989660358	0.5454593525465968	1.8331309297912715	2.6616449271260016	3	71	GBA2;NCK2;NCKAP1
Cellular Response to Starvation (GO:0009267)	0.23916267670933103	0.5454593525465968	1.5283273723460924	2.1864424134159983	5	141	ATG5;GABARAPL1;NUAK2;PRKAG2;WDR45B
Regulation of Anatomical Structure Morphogenesis (GO:0022603)	0.23995408322811101	0.5454593525465968	1.629832294674976	2.326272173837307	4	106	ARHGAP32;EPHB3;MTCH2;TSPAN12
Embryonic Organ Development (GO:0048568)	0.2403796360847125	0.5454593525465968	1.806507713884993	2.5752413981191107	3	72	COBL;HOXB7;PDGFA
Extrinsic Apoptotic Signaling Pathway (GO:0097191)	0.2403796360847125	0.5454593525465968	1.806507713884993	2.5752413981191107	3	72	BCL2L2;ERBB3;TNFRSF1A
Organophosphate Metabolic Process (GO:0019637)	0.2403796360847125	0.5454593525465968	1.806507713884993	2.5752413981191107	3	72	HKDC1;INPP5A;ITPKC
Positive Regulation of Cell Junction Assembly (GO:1901890)	0.2403796360847125	0.5454593525465968	1.806507713884993	2.5752413981191107	3	72	EPHB3;PTPRD;RAC1
Regulation of Non-Canonical NF-kappaB Signal Transduction (GO:1901222)	0.2403796360847125	0.5454593525465968	1.806507713884993	2.5752413981191107	3	72	ADIPOR1;PPM1A;UACA
Camera-type Eye Development (GO:0043010)	0.24249749908277302	0.5454593525465968	2.186109603906674	3.0972011282929315	2	40	HES5;SOX11
Heme Metabolic Process (GO:0042168)	0.24249749908277302	0.5454593525465968	2.186109603906674	3.0972011282929315	2	40	ALAD;COX10
Liver Development (GO:0001889)	0.24249749908277302	0.5454593525465968	2.186109603906674	3.0972011282929315	2	40	CEBPG;COBL
Membrane Assembly (GO:0071709)	0.24249749908277302	0.5454593525465968	2.186109603906674	3.0972011282929315	2	40	CHMP5;PTPRD
Positive Regulation of Biomineral Tissue Development (GO:0070169)	0.24249749908277302	0.5454593525465968	2.186109603906674	3.0972011282929315	2	40	AMELX;VDR
Cell Surface Receptor Signaling Pathway via JAK-STAT (GO:0007259)	0.24667741878230973	0.5454593525465968	1.7806451612903227	2.492322366434514	3	73	IL13RA1;PTK6;TNFRSF1A
Cholesterol Metabolic Process (GO:0008203)	0.24667741878230973	0.5454593525465968	1.7806451612903227	2.492322366434514	3	73	FDX1;GBA2;SC5D
Cytoskeleton-dependent Cytokinesis (GO:0061640)	0.24667741878230973	0.5454593525465968	1.7806451612903227	2.492322366434514	3	73	MYH14;RTKN;TRIM36
Amino Sugar Biosynthetic Process (GO:0046349)	0.2486803427182421	0.5454593525465968	3.7743067743067744	5.252276133314172	1	12	UAP1
Angiotensin-activated Signaling Pathway (GO:0038166)	0.2486803427182421	0.5454593525465968	3.7743067743067744	5.252276133314172	1	12	SRC
Aspartate Transmembrane Transport (GO:0015810)	0.2486803427182421	0.5454593525465968	3.7743067743067744	5.252276133314172	1	12	SLC1A6
Base-excision Repair, AP Site Formation (GO:0006285)	0.2486803427182421	0.5454593525465968	3.7743067743067744	5.252276133314172	1	12	SMUG1
Biomineral Tissue Development (GO:0031214)	0.2486803427182421	0.5454593525465968	3.7743067743067744	5.252276133314172	1	12	AMELX
Calcium-dependent Activation of Synaptic Vesicle Fusion (GO:0099502)	0.2486803427182421	0.5454593525465968	3.7743067743067744	5.252276133314172	1	12	SYT7
Cellular Response to Catecholamine Stimulus (GO:0071870)	0.2486803427182421	0.5454593525465968	3.7743067743067744	5.252276133314172	1	12	ADCY6
Cellular Response to dsRNA (GO:0071359)	0.2486803427182421	0.5454593525465968	3.7743067743067744	5.252276133314172	1	12	RIOK3
Cytidine to Uridine Editing (GO:0016554)	0.2486803427182421	0.5454593525465968	3.7743067743067744	5.252276133314172	1	12	RBM47
Cytosolic Transport (GO:0016482)	0.2486803427182421	0.5454593525465968	3.7743067743067744	5.252276133314172	1	12	AP4M1
Endosomal Lumen Acidification (GO:0048388)	0.2486803427182421	0.5454593525465968	3.7743067743067744	5.252276133314172	1	12	ATP6V0A1
Glucan Catabolic Process (GO:0009251)	0.2486803427182421	0.5454593525465968	3.7743067743067744	5.252276133314172	1	12	PGM1
Glucan Metabolic Process (GO:0044042)	0.2486803427182421	0.5454593525465968	3.7743067743067744	5.252276133314172	1	12	PRKAG2
Golgi to Lysosome Transport (GO:0090160)	0.2486803427182421	0.5454593525465968	3.7743067743067744	5.252276133314172	1	12	AP4M1
Hormone Transport (GO:0009914)	0.2486803427182421	0.5454593525465968	3.7743067743067744	5.252276133314172	1	12	SLC3A2
Inner Ear Receptor Cell Stereocilium Organization (GO:0060122)	0.2486803427182421	0.5454593525465968	3.7743067743067744	5.252276133314172	1	12	PLS1
L-serine Metabolic Process (GO:0006563)	0.2486803427182421	0.5454593525465968	3.7743067743067744	5.252276133314172	1	12	SHMT1
Multivesicular Body-Lysosome Fusion (GO:0061763)	0.2486803427182421	0.5454593525465968	3.7743067743067744	5.252276133314172	1	12	CHMP5
Negative Regulation of D-glucose Transmembrane Transport (GO:0010829)	0.2486803427182421	0.5454593525465968	3.7743067743067744	5.252276133314172	1	12	APPL2
Negative Regulation of Defense Response to Virus (GO:0050687)	0.2486803427182421	0.5454593525465968	3.7743067743067744	5.252276133314172	1	12	ATG5
Negative Regulation of Fibroblast Growth Factor Receptor Signaling Pathway (GO:0040037)	0.2486803427182421	0.5454593525465968	3.7743067743067744	5.252276133314172	1	12	SPRY4
Negative Regulation of Protein Import Into Nucleus (GO:0042308)	0.2486803427182421	0.5454593525465968	3.7743067743067744	5.252276133314172	1	12	CHP1
Negative Regulation of Protein Tyrosine Kinase Activity (GO:0061099)	0.2486803427182421	0.5454593525465968	3.7743067743067744	5.252276133314172	1	12	PTK6
Negative Regulation of Reactive Oxygen Species Biosynthetic Process (GO:1903427)	0.2486803427182421	0.5454593525465968	3.7743067743067744	5.252276133314172	1	12	MPV17L
Negative Regulation of Sprouting Angiogenesis (GO:1903671)	0.2486803427182421	0.5454593525465968	3.7743067743067744	5.252276133314172	1	12	SEMA6A
Negative Regulation of Substrate Adhesion-Dependent Cell Spreading (GO:1900025)	0.2486803427182421	0.5454593525465968	3.7743067743067744	5.252276133314172	1	12	SPRY4
Negative Regulation of Vascular Endothelial Growth Factor Signaling Pathway (GO:1900747)	0.2486803427182421	0.5454593525465968	3.7743067743067744	5.252276133314172	1	12	SEMA6A
Neurotransmitter Uptake (GO:0001504)	0.2486803427182421	0.5454593525465968	3.7743067743067744	5.252276133314172	1	12	SLC1A6
Olefinic Compound Biosynthetic Process (GO:0120255)	0.2486803427182421	0.5454593525465968	3.7743067743067744	5.252276133314172	1	12	SCP2
Omega-hydroxylase P450 Pathway (GO:0097267)	0.2486803427182421	0.5454593525465968	3.7743067743067744	5.252276133314172	1	12	CYP4F11
Positive Regulation of Synaptic Vesicle Fusion to Presynaptic Active Zone Membrane (GO:0031632)	0.2486803427182421	0.5454593525465968	3.7743067743067744	5.252276133314172	1	12	SYT7
Primary Alcohol Catabolic Process (GO:0034310)	0.2486803427182421	0.5454593525465968	3.7743067743067744	5.252276133314172	1	12	ACSS2
Protein Insertion Into Mitochondrial Outer Membrane (GO:0045040)	0.2486803427182421	0.5454593525465968	3.7743067743067744	5.252276133314172	1	12	MTCH2
Protein Methylation (GO:0006479)	0.2486803427182421	0.5454593525465968	3.7743067743067744	5.252276133314172	1	12	RAB6A
Regulation of Cell Communication by Electrical Coupling Involved in Cardiac Conduction (GO:1901844)	0.2486803427182421	0.5454593525465968	3.7743067743067744	5.252276133314172	1	12	CALM1
Regulation of Dephosphorylation (GO:0035303)	0.2486803427182421	0.5454593525465968	3.7743067743067744	5.252276133314172	1	12	SRC
Regulation of Keratinocyte Migration (GO:0051547)	0.2486803427182421	0.5454593525465968	3.7743067743067744	5.252276133314172	1	12	EPB41L4B
Regulation of T Cell Apoptotic Process (GO:0070232)	0.2486803427182421	0.5454593525465968	3.7743067743067744	5.252276133314172	1	12	PERP
Regulation of Transcription Regulatory Region DNA Binding (GO:2000677)	0.2486803427182421	0.5454593525465968	3.7743067743067744	5.252276133314172	1	12	SOX11
Response to Muramyl Dipeptide (GO:0032495)	0.2486803427182421	0.5454593525465968	3.7743067743067744	5.252276133314172	1	12	CHMP5
Sperm DNA Condensation (GO:0035092)	0.2486803427182421	0.5454593525465968	3.7743067743067744	5.252276133314172	1	12	CHD5
Sphingomyelin Biosynthetic Process (GO:0006686)	0.2486803427182421	0.5454593525465968	3.7743067743067744	5.252276133314172	1	12	OSBP
Trans-synaptic Signaling (GO:0099537)	0.2486803427182421	0.5454593525465968	3.7743067743067744	5.252276133314172	1	12	PTPRD
Urea Metabolic Process (GO:0019627)	0.2486803427182421	0.5454593525465968	3.7743067743067744	5.252276133314172	1	12	FH
Wound Healing, Spreading of Epidermal Cells (GO:0035313)	0.2486803427182421	0.5454593525465968	3.7743067743067744	5.252276133314172	1	12	COL5A1
Carboxylic Acid Transport (GO:0046942)	0.25125683258215953	0.5488520154356189	2.129989426381179	2.9421109974500967	2	41	SLC36A1;SLC3A2
Extracellular Matrix Disassembly (GO:0022617)	0.25125683258215953	0.5488520154356189	2.129989426381179	2.9421109974500967	2	41	CTSV;MMP15
Glycosphingolipid Biosynthetic Process (GO:0006688)	0.25125683258215953	0.5488520154356189	2.129989426381179	2.9421109974500967	2	41	B4GALT4;FUT6
Striated Muscle Tissue Development (GO:0014706)	0.25125683258215953	0.5488520154356189	2.129989426381179	2.9421109974500967	2	41	MYH14;RTL1
Monoatomic Cation Homeostasis (GO:0055080)	0.2593463200592484	0.5497669413771905	1.7310752688172042	2.3362435466443667	3	75	PSEN1;SLC39A14;SLC39A4
Cellular Response to Retinoic Acid (GO:0071300)	0.26002406780899395	0.5497669413771905	2.0766752577319587	2.7972422892663182	2	42	PTK6;WNT9A
Connective Tissue Development (GO:0061448)	0.26002406780899395	0.5497669413771905	2.0766752577319587	2.7972422892663182	2	42	HES5;LRP5
Negative Regulation of Secretion by Cell (GO:1903531)	0.26002406780899395	0.5497669413771905	2.0766752577319587	2.7972422892663182	2	42	TNFRSF1A;VAMP3
Positive Regulation of Neuron Differentiation (GO:0045666)	0.26002406780899395	0.5497669413771905	2.0766752577319587	2.7972422892663182	2	42	ATOH1;SOX11
Positive Regulation of Synapse Assembly (GO:0051965)	0.26002406780899395	0.5497669413771905	2.0766752577319587	2.7972422892663182	2	42	EPHB3;PTPRD
Regulation of Cardiac Muscle Contraction (GO:0055117)	0.26002406780899395	0.5497669413771905	2.0766752577319587	2.7972422892663182	2	42	CALM1;TNNI3K
Regulation of Protein Import Into Nucleus (GO:0042306)	0.26002406780899395	0.5497669413771905	2.0766752577319587	2.7972422892663182	2	42	CHP1;CHP2
Positive Regulation of Intracellular Signal Transduction (GO:1902533)	0.2625770794246435	0.5497669413771905	1.1897233201581028	1.5909106397195316	19	684	CARD10;CHD5;DDR1;EDN3;ERBB3;FAM110C;FRMD1;NDFIP2;PDGFA;PLXNB1;PPM1A;SECTM1;SLC19A1;SOX11;SRC;TNFRSF1A;VDR;ZDHHC3;ZDHHC9
Negative Regulation of Intracellular Signal Transduction (GO:1902532)	0.2641200438859275	0.5497669413771905	1.283838091563786	1.7092398556154607	10	334	ADIPOR1;INPP5A;PDE4C;PPM1A;PPP2CB;RIOK3;RPS6KA1;SRC;TMEM127;UACA
Organic Anion Transport (GO:0015711)	0.2656775418568641	0.5497669413771905	1.5534304136781858	2.0590284461730723	4	111	SLC19A1;SLC2A10;SLC37A1;SLC52A3
Alanine Transport (GO:0032328)	0.2663739448605243	0.5497669413771905	3.45967395967396	4.576644054083098	1	13	SLC36A1
Arginine Metabolic Process (GO:0006525)	0.2663739448605243	0.5497669413771905	3.45967395967396	4.576644054083098	1	13	FH
Camera-type Eye Morphogenesis (GO:0048593)	0.2663739448605243	0.5497669413771905	3.45967395967396	4.576644054083098	1	13	SOX11
Cardiocyte Differentiation (GO:0035051)	0.2663739448605243	0.5497669413771905	3.45967395967396	4.576644054083098	1	13	GATA6
Carnitine Metabolic Process (GO:0009437)	0.2663739448605243	0.5497669413771905	3.45967395967396	4.576644054083098	1	13	SHMT1
Cranial Nerve Development (GO:0021545)	0.2663739448605243	0.5497669413771905	3.45967395967396	4.576644054083098	1	13	ERBB3
Dehydroascorbic Acid Transport (GO:0070837)	0.2663739448605243	0.5497669413771905	3.45967395967396	4.576644054083098	1	13	SLC2A10
Early Endosome to Golgi Transport (GO:0034498)	0.2663739448605243	0.5497669413771905	3.45967395967396	4.576644054083098	1	13	RAB6A
Epiboly Involved in Wound Healing (GO:0090505)	0.2663739448605243	0.5497669413771905	3.45967395967396	4.576644054083098	1	13	DDR1
Fatty Acid Beta-Oxidation Using acyl-CoA Oxidase (GO:0033540)	0.2663739448605243	0.5497669413771905	3.45967395967396	4.576644054083098	1	13	SCP2
Glycine Transport (GO:0015816)	0.2663739448605243	0.5497669413771905	3.45967395967396	4.576644054083098	1	13	SLC36A1
Mitochondrial Fission (GO:0000266)	0.2663739448605243	0.5497669413771905	3.45967395967396	4.576644054083098	1	13	MTFR1
NADPH Regeneration (GO:0006740)	0.2663739448605243	0.5497669413771905	3.45967395967396	4.576644054083098	1	13	DERA
Negative Regulation of Glycoprotein Biosynthetic Process (GO:0010561)	0.2663739448605243	0.5497669413771905	3.45967395967396	4.576644054083098	1	13	SLC2A10
Negative Regulation of Peptidyl-Tyrosine Phosphorylation (GO:0050732)	0.2663739448605243	0.5497669413771905	3.45967395967396	4.576644054083098	1	13	PTK6
Neuron Projection Fasciculation (GO:0106030)	0.2663739448605243	0.5497669413771905	3.45967395967396	4.576644054083098	1	13	EPHB3
Outer Mitochondrial Membrane Organization (GO:0007008)	0.2663739448605243	0.5497669413771905	3.45967395967396	4.576644054083098	1	13	MTCH2
Oxygen Transport (GO:0015671)	0.2663739448605243	0.5497669413771905	3.45967395967396	4.576644054083098	1	13	MB
Phosphate Ion Homeostasis (GO:0055062)	0.2663739448605243	0.5497669413771905	3.45967395967396	4.576644054083098	1	13	GCM2
Phospholipid Efflux (GO:0033700)	0.2663739448605243	0.5497669413771905	3.45967395967396	4.576644054083098	1	13	APOC3
Pos Reg Nuclear-Transcribed mRNA Catabolic Process, Deadenylation-Dependent Decay (GO:1900153)	0.2663739448605243	0.5497669413771905	3.45967395967396	4.576644054083098	1	13	TOB1
Positive Regulation of Dendrite Development (GO:1900006)	0.2663739448605243	0.5497669413771905	3.45967395967396	4.576644054083098	1	13	COBL
Positive Regulation of Gluconeogenesis (GO:0045722)	0.2663739448605243	0.5497669413771905	3.45967395967396	4.576644054083098	1	13	PRKAG2
Positive Regulation of Nuclear-Transcribed mRNA poly(A) Tail Shortening (GO:0060213)	0.2663739448605243	0.5497669413771905	3.45967395967396	4.576644054083098	1	13	TOB1
Presynapse Organization (GO:0099172)	0.2663739448605243	0.5497669413771905	3.45967395967396	4.576644054083098	1	13	PTPRD
Proteinogenic Amino Acid Biosynthetic Process (GO:0170038)	0.2663739448605243	0.5497669413771905	3.45967395967396	4.576644054083098	1	13	SHMT1
Regulation of Astrocyte Differentiation (GO:0048710)	0.2663739448605243	0.5497669413771905	3.45967395967396	4.576644054083098	1	13	HES5
Regulation of Exit From Mitosis (GO:0007096)	0.2663739448605243	0.5497669413771905	3.45967395967396	4.576644054083098	1	13	CDC14A
Regulation of Glutamate Receptor Signaling Pathway (GO:1900449)	0.2663739448605243	0.5497669413771905	3.45967395967396	4.576644054083098	1	13	FOLH1
Regulation of Ketone Metabolic Process (GO:0010565)	0.2663739448605243	0.5497669413771905	3.45967395967396	4.576644054083098	1	13	PRKAG2
Regulation of Lamellipodium Organization (GO:1902743)	0.2663739448605243	0.5497669413771905	3.45967395967396	4.576644054083098	1	13	RAC1
Regulation of Long-Term Neuronal Synaptic Plasticity (GO:0048169)	0.2663739448605243	0.5497669413771905	3.45967395967396	4.576644054083098	1	13	NPTN
Regulation of Low-Density Lipoprotein Particle Clearance (GO:0010988)	0.2663739448605243	0.5497669413771905	3.45967395967396	4.576644054083098	1	13	APOC3
Regulation of Mitochondrial Fusion (GO:0010635)	0.2663739448605243	0.5497669413771905	3.45967395967396	4.576644054083098	1	13	MTCH2
Regulation of Nuclear-Transcribed mRNA poly(A) Tail Shortening (GO:0060211)	0.2663739448605243	0.5497669413771905	3.45967395967396	4.576644054083098	1	13	TOB1
Regulation of PERK-mediated Unfolded Protein Response (GO:1903897)	0.2663739448605243	0.5497669413771905	3.45967395967396	4.576644054083098	1	13	NCK2
Regulation of Pattern Recognition Receptor Signaling Pathway (GO:0062207)	0.2663739448605243	0.5497669413771905	3.45967395967396	4.576644054083098	1	13	APPL2
Regulation of Purine Nucleotide Catabolic Process (GO:0033121)	0.2663739448605243	0.5497669413771905	3.45967395967396	4.576644054083098	1	13	PRKAG2
Regulation of Tube Diameter (GO:0035296)	0.2663739448605243	0.5497669413771905	3.45967395967396	4.576644054083098	1	13	ADCY6
Response to Chemokine (GO:1990868)	0.2663739448605243	0.5497669413771905	3.45967395967396	4.576644054083098	1	13	SLC12A2
Response to Progesterone (GO:0032570)	0.2663739448605243	0.5497669413771905	3.45967395967396	4.576644054083098	1	13	SRC
Substrate-dependent Cell Migration (GO:0006929)	0.2663739448605243	0.5497669413771905	3.45967395967396	4.576644054083098	1	13	ITGA2
T Cell Chemotaxis (GO:0010818)	0.2663739448605243	0.5497669413771905	3.45967395967396	4.576644054083098	1	13	SLC12A2
TRNA Splicing, via Endonucleolytic Cleavage and Ligation (GO:0006388)	0.2663739448605243	0.5497669413771905	3.45967395967396	4.576644054083098	1	13	PYROXD1
Vacuole Fusion (GO:0097576)	0.2663739448605243	0.5497669413771905	3.45967395967396	4.576644054083098	1	13	CHMP5
Vascular Process in Circulatory System (GO:0003018)	0.2663739448605243	0.5497669413771905	3.45967395967396	4.576644054083098	1	13	ADCY6
Regulation of Cell Differentiation (GO:0045595)	0.2669358641535111	0.5503938707691352	1.4012342085346685	1.8506756790844732	6	184	BMP8B;CASZ1;EDN3;ELMO3;HES5;RPS6KA1
Cellular Component Disassembly (GO:0022411)	0.2687939853591888	0.5520893803331315	2.025961780236359	2.661728940657741	2	43	CTSV;MMP15
Negative Regulation of Lymphocyte Proliferation (GO:0050672)	0.2687939853591888	0.5520893803331315	2.025961780236359	2.661728940657741	2	43	PLA2G2F;SOX11
Regulation of Transport (GO:0051049)	0.2687939853591888	0.5520893803331315	2.025961780236359	2.661728940657741	2	43	ICA1;PLD1
Skeletal Muscle Tissue Development (GO:0007519)	0.2687939853591888	0.5520893803331315	2.025961780236359	2.661728940657741	2	43	MYH14;RTL1
Positive Regulation of Macroautophagy (GO:0016239)	0.27209773921601665	0.5578003653928341	1.6841848299912816	2.1921247717205317	3	77	OPTN;SLC25A5;SNX4
Regulation of BMP Signaling Pathway (GO:0030510)	0.27209773921601665	0.5578003653928341	1.6841848299912816	2.1921247717205317	3	77	FOXD1;HES5;SOX11
Nicotinamide Nucleotide Metabolic Process (GO:0046496)	0.2775616064902373	0.5625532577977017	1.97766323024055	2.5347954161336412	2	44	HKDC1;PGM1
Negative Regulation of Canonical NF-kappaB Signal Transduction (GO:0043124)	0.27849882045639157	0.5625532577977017	1.6616774193548387	2.124191129946966	3	78	PPM1A;PPP2CB;RIOK3
Protein N-linked Glycosylation (GO:0006487)	0.27849882045639157	0.5625532577977017	1.6616774193548387	2.124191129946966	3	78	DOLPP1;FUT6;MGAT4B
Protein Localization to Membrane (GO:0072657)	0.28298292748311626	0.5625532577977017	1.3702670386608211	1.7297822340503919	6	188	AP4M1;MAP7;RAB6A;SCP2;TNFRSF1A;ZDHHC3
Astrocyte Activation (GO:0048143)	0.2836513846775466	0.5625532577977017	3.1934461934461935	4.0237719461594565	1	14	PSEN1
C4-dicarboxylate Transport (GO:0015740)	0.2836513846775466	0.5625532577977017	3.1934461934461935	4.0237719461594565	1	14	SLC1A6
CAMP Metabolic Process (GO:0046058)	0.2836513846775466	0.5625532577977017	3.1934461934461935	4.0237719461594565	1	14	ADCY6
Cellular Response to Angiotensin (GO:1904385)	0.2836513846775466	0.5625532577977017	3.1934461934461935	4.0237719461594565	1	14	SRC
Cellular Response to Arsenic-Containing Substance (GO:0071243)	0.2836513846775466	0.5625532577977017	3.1934461934461935	4.0237719461594565	1	14	GSTO2
Cellular Response to Superoxide (GO:0071451)	0.2836513846775466	0.5625532577977017	3.1934461934461935	4.0237719461594565	1	14	MB
Central Nervous System Myelination (GO:0022010)	0.2836513846775466	0.5625532577977017	3.1934461934461935	4.0237719461594565	1	14	HES5
Forebrain Neuron Differentiation (GO:0021879)	0.2836513846775466	0.5625532577977017	3.1934461934461935	4.0237719461594565	1	14	CHD5
Genitalia Development (GO:0048806)	0.2836513846775466	0.5625532577977017	3.1934461934461935	4.0237719461594565	1	14	HNF1B
Interleukin-6-mediated Signaling Pathway (GO:0070102)	0.2836513846775466	0.5625532577977017	3.1934461934461935	4.0237719461594565	1	14	SRC
Intermembrane Lipid Transfer (GO:0120009)	0.2836513846775466	0.5625532577977017	3.1934461934461935	4.0237719461594565	1	14	GLTPD2
Intrinsic Apoptotic Signaling Pathway in Response to Oxidative Stress (GO:0008631)	0.2836513846775466	0.5625532577977017	3.1934461934461935	4.0237719461594565	1	14	UACA
Lipoprotein Transport (GO:0042953)	0.2836513846775466	0.5625532577977017	3.1934461934461935	4.0237719461594565	1	14	MIA2
Magnesium Ion Transport (GO:0015693)	0.2836513846775466	0.5625532577977017	3.1934461934461935	4.0237719461594565	1	14	SLC41A2
Negative Regulation of Cell Activation (GO:0050866)	0.2836513846775466	0.5625532577977017	3.1934461934461935	4.0237719461594565	1	14	PDGFA
Negative Regulation of Cellular Response to Vascular Endothelial Growth Factor Stimulus (GO:1902548)	0.2836513846775466	0.5625532577977017	3.1934461934461935	4.0237719461594565	1	14	SEMA6A
Negative Regulation of Chondrocyte Differentiation (GO:0032331)	0.2836513846775466	0.5625532577977017	3.1934461934461935	4.0237719461594565	1	14	WNT9A
Negative Regulation of Ras Protein Signal Transduction (GO:0046580)	0.2836513846775466	0.5625532577977017	3.1934461934461935	4.0237719461594565	1	14	SPRY4
Negative Regulation of Stem Cell Differentiation (GO:2000737)	0.2836513846775466	0.5625532577977017	3.1934461934461935	4.0237719461594565	1	14	HES5
Phagolysosome Assembly (GO:0001845)	0.2836513846775466	0.5625532577977017	3.1934461934461935	4.0237719461594565	1	14	SYT7
Positive Regulation of Glycogen Biosynthetic Process (GO:0045725)	0.2836513846775466	0.5625532577977017	3.1934461934461935	4.0237719461594565	1	14	DYRK2
Positive Regulation of Myelination (GO:0031643)	0.2836513846775466	0.5625532577977017	3.1934461934461935	4.0237719461594565	1	14	CDK18
Positive Regulation of Smooth Muscle Contraction (GO:0045987)	0.2836513846775466	0.5625532577977017	3.1934461934461935	4.0237719461594565	1	14	EDN3
Positive Regulation of Vascular Permeability (GO:0043117)	0.2836513846775466	0.5625532577977017	3.1934461934461935	4.0237719461594565	1	14	TJP2
Rap Protein Signal Transduction (GO:0032486)	0.2836513846775466	0.5625532577977017	3.1934461934461935	4.0237719461594565	1	14	RAPGEFL1
Regulation of Actomyosin Structure Organization (GO:0110020)	0.2836513846775466	0.5625532577977017	3.1934461934461935	4.0237719461594565	1	14	RAC1
Regulation of Carbohydrate Catabolic Process (GO:0043470)	0.2836513846775466	0.5625532577977017	3.1934461934461935	4.0237719461594565	1	14	PRKAG2
Regulation of Cell Communication by Electrical Coupling (GO:0010649)	0.2836513846775466	0.5625532577977017	3.1934461934461935	4.0237719461594565	1	14	CALM1
Regulation of ERBB Signaling Pathway (GO:1901184)	0.2836513846775466	0.5625532577977017	3.1934461934461935	4.0237719461594565	1	14	LGMN
Regulation of Inclusion Body Assembly (GO:0090083)	0.2836513846775466	0.5625532577977017	3.1934461934461935	4.0237719461594565	1	14	PPP2CB
Removal of Superoxide Radicals (GO:0019430)	0.2836513846775466	0.5625532577977017	3.1934461934461935	4.0237719461594565	1	14	MB
Cellular Response to Type I Interferon (GO:0071357)	0.2849139263835258	0.5629624569505811	1.6397623089983022	2.058833340256392	3	79	IFNA14;IFNK;IFNW1
Negative Regulation of Neuron Apoptotic Process (GO:0043524)	0.2849139263835258	0.5629624569505811	1.6397623089983022	2.058833340256392	3	79	CNTFR;ERBB3;LGMN
Sphingolipid Biosynthetic Process (GO:0030148)	0.2849139263835258	0.5629624569505811	1.6397623089983022	2.058833340256392	3	79	DEGS2;FUT6;OSBP
Transforming Growth Factor Beta Receptor Signaling Pathway (GO:0007179)	0.2849139263835258	0.5629624569505811	1.6397623089983022	2.058833340256392	3	79	APPL2;CDKN2B;SRC
Potassium Ion Import Across Plasma Membrane (GO:1990573)	0.2863221848242375	0.5652212018937725	1.9316111244305922	2.415745465724225	2	45	SLC12A2;SLC12A7
Blood Circulation (GO:0008015)	0.2950711980655262	0.5690176180733431	1.887652296157451	2.303952495345999	2	46	ADCY6;EDN3
Glycosphingolipid Metabolic Process (GO:0006687)	0.2950711980655262	0.5690176180733431	1.887652296157451	2.303952495345999	2	46	FUT6;GBA2
Regulation of Exocytosis (GO:0017157)	0.2950711980655262	0.5690176180733431	1.887652296157451	2.303952495345999	2	46	RAB26;RAB27B
Regulation of Glycolytic Process (GO:0006110)	0.2950711980655262	0.5690176180733431	1.887652296157451	2.303952495345999	2	46	PRKAG2;PSEN1
Regulation of Secretion by Cell (GO:1903530)	0.2950711980655262	0.5690176180733431	1.887652296157451	2.303952495345999	2	46	RAB26;VAMP3
Response to Amyloid-Beta (GO:1904645)	0.2950711980655262	0.5690176180733431	1.887652296157451	2.303952495345999	2	46	LGMN;PSEN1
2-Oxoglutarate Metabolic Process (GO:0006103)	0.30052243806312584	0.5690176180733431	2.965250965250965	3.564922144714266	1	15	PHYH
Adipose Tissue Development (GO:0060612)	0.30052243806312584	0.5690176180733431	2.965250965250965	3.564922144714266	1	15	LRP5
Amyloid Precursor Protein Catabolic Process (GO:0042987)	0.30052243806312584	0.5690176180733431	2.965250965250965	3.564922144714266	1	15	PSEN1
Autophagy of Peroxisome (GO:0030242)	0.30052243806312584	0.5690176180733431	2.965250965250965	3.564922144714266	1	15	WDR45B
Axonal Fasciculation (GO:0007413)	0.30052243806312584	0.5690176180733431	2.965250965250965	3.564922144714266	1	15	EPHB3
Cellular Response to ATP (GO:0071318)	0.30052243806312584	0.5690176180733431	2.965250965250965	3.564922144714266	1	15	P2RY2
Cellular Response to Glucagon Stimulus (GO:0071377)	0.30052243806312584	0.5690176180733431	2.965250965250965	3.564922144714266	1	15	ADCY6
Coenzyme A Metabolic Process (GO:0015936)	0.30052243806312584	0.5690176180733431	2.965250965250965	3.564922144714266	1	15	PPCS
Dendrite Self-Avoidance (GO:0070593)	0.30052243806312584	0.5690176180733431	2.965250965250965	3.564922144714266	1	15	NPTN
Embryonic Axis Specification (GO:0000578)	0.30052243806312584	0.5690176180733431	2.965250965250965	3.564922144714266	1	15	COBL
Endoplasmic Reticulum Membrane Organization (GO:0090158)	0.30052243806312584	0.5690176180733431	2.965250965250965	3.564922144714266	1	15	RTN3
Epithelial Cell-Cell Adhesion (GO:0090136)	0.30052243806312584	0.5690176180733431	2.965250965250965	3.564922144714266	1	15	PLEKHA7
Keratan Sulfate Proteoglycan Biosynthetic Process (GO:0018146)	0.30052243806312584	0.5690176180733431	2.965250965250965	3.564922144714266	1	15	B4GALT4
Ketone Biosynthetic Process (GO:0042181)	0.30052243806312584	0.5690176180733431	2.965250965250965	3.564922144714266	1	15	SCP2
Membrane Protein Intracellular Domain Proteolysis (GO:0031293)	0.30052243806312584	0.5690176180733431	2.965250965250965	3.564922144714266	1	15	PSEN1
Modified Amino Acid Biosynthetic Process (GO:0042398)	0.30052243806312584	0.5690176180733431	2.965250965250965	3.564922144714266	1	15	MTHFS
Negative Regulation of Cartilage Development (GO:0061037)	0.30052243806312584	0.5690176180733431	2.965250965250965	3.564922144714266	1	15	WNT9A
Negative Regulation of Cell Migration Involved in Sprouting Angiogenesis (GO:0090051)	0.30052243806312584	0.5690176180733431	2.965250965250965	3.564922144714266	1	15	CARD10
Negative Regulation of Extracellular Matrix Organization (GO:1903054)	0.30052243806312584	0.5690176180733431	2.965250965250965	3.564922144714266	1	15	TNFRSF1A
Neuromuscular Process Controlling Balance (GO:0050885)	0.30052243806312584	0.5690176180733431	2.965250965250965	3.564922144714266	1	15	CLRN1
Pexophagy (GO:0000425)	0.30052243806312584	0.5690176180733431	2.965250965250965	3.564922144714266	1	15	WDR45B
Phosphatidylcholine Acyl-Chain Remodeling (GO:0036151)	0.30052243806312584	0.5690176180733431	2.965250965250965	3.564922144714266	1	15	PLA2G2F
Polyol Biosynthetic Process (GO:0046173)	0.30052243806312584	0.5690176180733431	2.965250965250965	3.564922144714266	1	15	ITPKC
Positive Regulation of Autophagy of Mitochondrion (GO:1903599)	0.30052243806312584	0.5690176180733431	2.965250965250965	3.564922144714266	1	15	SLC25A5
Positive Regulation of Collagen Biosynthetic Process (GO:0032967)	0.30052243806312584	0.5690176180733431	2.965250965250965	3.564922144714266	1	15	AMELX
Positive Regulation of Collagen Metabolic Process (GO:0010714)	0.30052243806312584	0.5690176180733431	2.965250965250965	3.564922144714266	1	15	AMELX
Positive Regulation of Endothelial Cell Chemotaxis (GO:2001028)	0.30052243806312584	0.5690176180733431	2.965250965250965	3.564922144714266	1	15	LGMN
Positive Regulation of Leukocyte Differentiation (GO:1902107)	0.30052243806312584	0.5690176180733431	2.965250965250965	3.564922144714266	1	15	IL13RA1
Positive Regulation of Long-Term Synaptic Potentiation (GO:1900273)	0.30052243806312584	0.5690176180733431	2.965250965250965	3.564922144714266	1	15	LGMN
Protein Lipidation (GO:0006497)	0.30052243806312584	0.5690176180733431	2.965250965250965	3.564922144714266	1	15	ZDHHC3
Protein Localization to Non-Motile Cilium (GO:0097499)	0.30052243806312584	0.5690176180733431	2.965250965250965	3.564922144714266	1	15	ZDHHC3
Pyrimidine Deoxyribonucleotide Catabolic Process (GO:0009223)	0.30052243806312584	0.5690176180733431	2.965250965250965	3.564922144714266	1	15	SMUG1
Regulation of Cell Projection Organization (GO:0031344)	0.30052243806312584	0.5690176180733431	2.965250965250965	3.564922144714266	1	15	FAM110C
Regulation of Clathrin-Dependent Endocytosis (GO:2000369)	0.30052243806312584	0.5690176180733431	2.965250965250965	3.564922144714266	1	15	SMAP1
Regulation of Flagellated Sperm Motility (GO:1901317)	0.30052243806312584	0.5690176180733431	2.965250965250965	3.564922144714266	1	15	ADAM7
Response to Prostaglandin E (GO:0034695)	0.30052243806312584	0.5690176180733431	2.965250965250965	3.564922144714266	1	15	ADCY6
Retinoic Acid Receptor Signaling Pathway (GO:0048384)	0.30052243806312584	0.5690176180733431	2.965250965250965	3.564922144714266	1	15	VDR
Ribosome-associated Ubiquitin-Dependent Protein Catabolic Process (GO:1990116)	0.30052243806312584	0.5690176180733431	2.965250965250965	3.564922144714266	1	15	RIOK3
Spermatid Nucleus Differentiation (GO:0007289)	0.30052243806312584	0.5690176180733431	2.965250965250965	3.564922144714266	1	15	CHD5
Thymus Development (GO:0048538)	0.30052243806312584	0.5690176180733431	2.965250965250965	3.564922144714266	1	15	EPHB3
Apoptotic Process (GO:0006915)	0.3013758640238234	0.5701271890849968	1.2741802259043638	1.528248036667775	8	269	AATK;AKAP1;CIDEC;ERBB3;GLRX2;GZMA;NCKAP1;SEMA6A
Transforming Growth Factor Beta Receptor Superfamily Signaling Pathway (GO:0141091)	0.3024470335268279	0.5716463435099265	1.457727004850628	1.743221545194842	4	118	APPL2;BMP8B;CDKN2B;SRC
Cellular Response to Glucose Starvation (GO:0042149)	0.30380434044384946	0.572182733062091	1.845647193585338	2.198851284152637	2	47	NUAK2;PRKAG2
Negative Regulation of ERK1 and ERK2 Cascade (GO:0070373)	0.30380434044384946	0.572182733062091	1.845647193585338	2.198851284152637	2	47	SEMA6A;SPRY4
Positive Regulation of Chemotaxis (GO:0050921)	0.30380434044384946	0.572182733062091	1.845647193585338	2.198851284152637	2	47	EDN3;LGMN
Regulation of Fibroblast Proliferation (GO:0048145)	0.30380434044384946	0.572182733062091	1.845647193585338	2.198851284152637	2	47	FTH1;PDGFA
Axon Guidance (GO:0007411)	0.30654375905765796	0.5759074939377085	1.3758642255596583	1.6268146557603727	5	156	EPHB3;NPTN;RAC1;RAC3;SEMA6A
T Cell Activation (GO:0042110)	0.30775093307022405	0.5759074939377085	1.445006179081002	1.7028884583354469	4	119	IFNA14;IFNK;IFNW1;NCK2
Pyruvate Metabolic Process (GO:0006090)	0.31251751463312283	0.5759074939377085	1.8054683998207082	2.0999308433923876	2	48	HKDC1;PGM1
Response to Glucose (GO:0009749)	0.31251751463312283	0.5759074939377085	1.8054683998207082	2.0999308433923876	2	48	HNF4A;SLC39A14
Proteolysis (GO:0006508)	0.3148456888420004	0.5759074939377085	1.2191853005865103	1.408979091170922	10	351	ADAM7;AFG3L2;CAPN9;CELA3B;FOLH1;LGMN;MMP15;PRRG2;PSEN1;TMPRSS11A
Central Nervous System Neuron Development (GO:0021954)	0.31699665168497915	0.5759074939377085	2.7674817674817676	3.179460360587769	1	16	GBA2
Choline Transport (GO:0015871)	0.31699665168497915	0.5759074939377085	2.7674817674817676	3.179460360587769	1	16	SLC35F2
Dendritic Spine Morphogenesis (GO:0060997)	0.31699665168497915	0.5759074939377085	2.7674817674817676	3.179460360587769	1	16	EPHB3
Digestive System Development (GO:0055123)	0.31699665168497915	0.5759074939377085	2.7674817674817676	3.179460360587769	1	16	COBL
Epigenetic Programming of Gene Expression (GO:0043045)	0.31699665168497915	0.5759074939377085	2.7674817674817676	3.179460360587769	1	16	DNMT3L
Glycolipid Catabolic Process (GO:0019377)	0.31699665168497915	0.5759074939377085	2.7674817674817676	3.179460360587769	1	16	GBA2
Glycoside Metabolic Process (GO:0016137)	0.31699665168497915	0.5759074939377085	2.7674817674817676	3.179460360587769	1	16	GBA2
Keratan Sulfate Proteoglycan Metabolic Process (GO:0042339)	0.31699665168497915	0.5759074939377085	2.7674817674817676	3.179460360587769	1	16	B4GALT4
L-glutamate Transmembrane Transport (GO:0015813)	0.31699665168497915	0.5759074939377085	2.7674817674817676	3.179460360587769	1	16	SLC1A6
Monosaccharide Transmembrane Transport (GO:0015749)	0.31699665168497915	0.5759074939377085	2.7674817674817676	3.179460360587769	1	16	SLC2A10
Negative Regulation of Metabolic Process (GO:0009892)	0.31699665168497915	0.5759074939377085	2.7674817674817676	3.179460360587769	1	16	APOC3
Negative Regulation of Release of Cytochrome C From Mitochondria (GO:0090201)	0.31699665168497915	0.5759074939377085	2.7674817674817676	3.179460360587769	1	16	GHITM
Neuronal Action Potential (GO:0019228)	0.31699665168497915	0.5759074939377085	2.7674817674817676	3.179460360587769	1	16	MYH14
Odontogenesis of Dentin-Containing Tooth (GO:0042475)	0.31699665168497915	0.5759074939377085	2.7674817674817676	3.179460360587769	1	16	AMELX
Phospholipid Homeostasis (GO:0055091)	0.31699665168497915	0.5759074939377085	2.7674817674817676	3.179460360587769	1	16	HNF4A
Positive Regulation of Brown Fat Cell Differentiation (GO:0090336)	0.31699665168497915	0.5759074939377085	2.7674817674817676	3.179460360587769	1	16	SOX13
Positive Regulation of Glycogen Metabolic Process (GO:0070875)	0.31699665168497915	0.5759074939377085	2.7674817674817676	3.179460360587769	1	16	DYRK2
Positive Regulation of Heart Rate (GO:0010460)	0.31699665168497915	0.5759074939377085	2.7674817674817676	3.179460360587769	1	16	EDN3
Positive Regulation of Keratinocyte Differentiation (GO:0045618)	0.31699665168497915	0.5759074939377085	2.7674817674817676	3.179460360587769	1	16	VDR
Positive Regulation of Protein Targeting to Membrane (GO:0090314)	0.31699665168497915	0.5759074939377085	2.7674817674817676	3.179460360587769	1	16	CHP1
RRNA Catabolic Process (GO:0016075)	0.31699665168497915	0.5759074939377085	2.7674817674817676	3.179460360587769	1	16	RIOK3
Receptor Catabolic Process (GO:0032801)	0.31699665168497915	0.5759074939377085	2.7674817674817676	3.179460360587769	1	16	LGMN
Regulation of ATP Metabolic Process (GO:1903578)	0.31699665168497915	0.5759074939377085	2.7674817674817676	3.179460360587769	1	16	PRKAG2
Regulation of Autophagosome Maturation (GO:1901096)	0.31699665168497915	0.5759074939377085	2.7674817674817676	3.179460360587769	1	16	ATG5
Regulation of Carbohydrate Metabolic Process (GO:0006109)	0.31699665168497915	0.5759074939377085	2.7674817674817676	3.179460360587769	1	16	ADIPOR1
Regulation of Glycoprotein Biosynthetic Process (GO:0010559)	0.31699665168497915	0.5759074939377085	2.7674817674817676	3.179460360587769	1	16	CHP1
Regulation of Humoral Immune Response (GO:0002920)	0.31699665168497915	0.5759074939377085	2.7674817674817676	3.179460360587769	1	16	GATA6
Regulation of Osteoblast Proliferation (GO:0033688)	0.31699665168497915	0.5759074939377085	2.7674817674817676	3.179460360587769	1	16	PLXNB1
Regulation of Stem Cell Proliferation (GO:0072091)	0.31699665168497915	0.5759074939377085	2.7674817674817676	3.179460360587769	1	16	SOX11
Regulation of Systemic Arterial Blood Pressure by Hormone (GO:0001990)	0.31699665168497915	0.5759074939377085	2.7674817674817676	3.179460360587769	1	16	EDN3
Regulation of Toll-Like Receptor 9 Signaling Pathway (GO:0034163)	0.31699665168497915	0.5759074939377085	2.7674817674817676	3.179460360587769	1	16	ZDHHC3
Retrograde Axonal Transport (GO:0008090)	0.31699665168497915	0.5759074939377085	2.7674817674817676	3.179460360587769	1	16	KIF1C
S-adenosylmethionine Metabolic Process (GO:0046500)	0.31699665168497915	0.5759074939377085	2.7674817674817676	3.179460360587769	1	16	BHMT
Sympathetic Nervous System Development (GO:0048485)	0.31699665168497915	0.5759074939377085	2.7674817674817676	3.179460360587769	1	16	SOX11
Cell Chemotaxis (GO:0060326)	0.3171272973184192	0.5759074939377085	1.5383034647550777	1.7666677166779503	3	84	ARHGEF16;RAC1;RAC3
Dephosphorylation (GO:0016311)	0.3171272973184192	0.5759074939377085	1.5383034647550777	1.7666677166779503	3	84	EPHX2;PPM1A;PPP2CB
Epidermis Development (GO:0008544)	0.3171272973184192	0.5759074939377085	1.5383034647550777	1.7666677166779503	3	84	ALDH3A2;GATA6;OVOL1
Negative Regulation of MAPK Cascade (GO:0043409)	0.3183854282056456	0.5775845967098171	1.4202168775812187	1.6254276950628872	4	121	MARVELD3;SEMA6A;SPRY4;STK38
Organelle Assembly (GO:0070925)	0.3185926293296177	0.5775845967098171	1.230639586612826	1.40765726612973	9	313	AP4M1;ATG5;ATG9A;CDC14A;CHMP5;DNMBP;FHDC1;GABARAPL1;WDR45B
Ceramide Biosynthetic Process (GO:0046513)	0.3212068245779608	0.5808421967771097	1.7669993419609564	2.0067282310451127	2	49	B4GALT4;DEGS2
Negative Regulation of Protein Ubiquitination (GO:0031397)	0.3212068245779608	0.5808421967771097	1.7669993419609564	2.0067282310451127	2	49	CHP1;PER2
Positive Regulation of Osteoblast Differentiation (GO:0045669)	0.3212068245779608	0.5808421967771097	1.7669993419609564	2.0067282310451127	2	49	LRP5;SOX11
Wnt Signaling Pathway (GO:0016055)	0.32358363357040043	0.5839915282150058	1.5194964594807239	1.7144443166106063	3	85	LRP5;RAC3;WNT9A
Regulation of Transforming Growth Factor Beta Receptor Signaling Pathway (GO:0017015)	0.32904802501303265	0.5839915282150058	1.3962608299133608	1.5520159122940125	4	123	CDKN2B;PPM1A;SLC2A10;SOX11
Cellular Response to Ketone (GO:1901655)	0.32986856816599663	0.5839915282150058	1.7301331615120275	1.9188231833400855	2	50	ADCY6;SRC
Positive Regulation of Cytokine-Mediated Signaling Pathway (GO:0001961)	0.32986856816599663	0.5839915282150058	1.7301331615120275	1.9188231833400855	2	50	RBM47;RNF185
Regulation of Stem Cell Differentiation (GO:2000736)	0.32986856816599663	0.5839915282150058	1.7301331615120275	1.9188231833400855	2	50	HES5;MTCH2
Positive Regulation of Cell Adhesion (GO:0045785)	0.33004009020741476	0.5839915282150058	1.5011426350563544	1.664078377610354	3	86	EPB41L4B;MAGI1;RAC3
Astrocyte Development (GO:0014002)	0.3330833481751628	0.5839915282150058	2.5944337194337193	2.8522232060387718	1	17	PSEN1
Base Conversion or Substitution Editing (GO:0016553)	0.3330833481751628	0.5839915282150058	2.5944337194337193	2.8522232060387718	1	17	RBM47
Calcium-ion Regulated Exocytosis (GO:0017156)	0.3330833481751628	0.5839915282150058	2.5944337194337193	2.8522232060387718	1	17	SYT7
Cellular Response to Prostaglandin Stimulus (GO:0071379)	0.3330833481751628	0.5839915282150058	2.5944337194337193	2.8522232060387718	1	17	ADCY6
Dicarboxylic Acid Catabolic Process (GO:0043649)	0.3330833481751628	0.5839915282150058	2.5944337194337193	2.8522232060387718	1	17	MTHFS
Eye Photoreceptor Cell Differentiation (GO:0001754)	0.3330833481751628	0.5839915282150058	2.5944337194337193	2.8522232060387718	1	17	PROM1
G Protein-Coupled Acetylcholine Receptor Signaling Pathway (GO:0007213)	0.3330833481751628	0.5839915282150058	2.5944337194337193	2.8522232060387718	1	17	GNA11
Gas Transport (GO:0015669)	0.3330833481751628	0.5839915282150058	2.5944337194337193	2.8522232060387718	1	17	MB
Heart Process (GO:0003015)	0.3330833481751628	0.5839915282150058	2.5944337194337193	2.8522232060387718	1	17	PPCS
Hexose Import Across Plasma Membrane (GO:0140271)	0.3330833481751628	0.5839915282150058	2.5944337194337193	2.8522232060387718	1	17	SLC2A10
L-glutamate Import (GO:0051938)	0.3330833481751628	0.5839915282150058	2.5944337194337193	2.8522232060387718	1	17	SLC1A6
Leukotriene Biosynthetic Process (GO:0019370)	0.3330833481751628	0.5839915282150058	2.5944337194337193	2.8522232060387718	1	17	GGT6
Male Meiosis I (GO:0007141)	0.3330833481751628	0.5839915282150058	2.5944337194337193	2.8522232060387718	1	17	DNMT3L
Negative Regulation of Anoikis (GO:2000811)	0.3330833481751628	0.5839915282150058	2.5944337194337193	2.8522232060387718	1	17	SRC
Negative Regulation of Fatty Acid Biosynthetic Process (GO:0045717)	0.3330833481751628	0.5839915282150058	2.5944337194337193	2.8522232060387718	1	17	APOC3
Negative Regulation of Platelet Activation (GO:0010544)	0.3330833481751628	0.5839915282150058	2.5944337194337193	2.8522232060387718	1	17	PDGFA
Negative Regulation of Transcription Elongation by RNA Polymerase II (GO:0034244)	0.3330833481751628	0.5839915282150058	2.5944337194337193	2.8522232060387718	1	17	EAPP
Neuron Fate Commitment (GO:0048663)	0.3330833481751628	0.5839915282150058	2.5944337194337193	2.8522232060387718	1	17	ATOH1
Oligodendrocyte Development (GO:0014003)	0.3330833481751628	0.5839915282150058	2.5944337194337193	2.8522232060387718	1	17	HES5
Positive Regulation of Dendrite Morphogenesis (GO:0050775)	0.3330833481751628	0.5839915282150058	2.5944337194337193	2.8522232060387718	1	17	PTPRD
Positive Regulation of Mitophagy (GO:1901526)	0.3330833481751628	0.5839915282150058	2.5944337194337193	2.8522232060387718	1	17	SLC25A5
Positive Regulation of Rac Protein Signal Transduction (GO:0035022)	0.3330833481751628	0.5839915282150058	2.5944337194337193	2.8522232060387718	1	17	SRC
Positive Regulation of Transmembrane Transport (GO:0034764)	0.3330833481751628	0.5839915282150058	2.5944337194337193	2.8522232060387718	1	17	ACSL5
Protein Localization to Cell-Cell Junction (GO:0150105)	0.3330833481751628	0.5839915282150058	2.5944337194337193	2.8522232060387718	1	17	TJP2
Regulation of Amyloid Fibril Formation (GO:1905906)	0.3330833481751628	0.5839915282150058	2.5944337194337193	2.8522232060387718	1	17	PSEN1
Regulation of Defense Response to Virus (GO:0050688)	0.3330833481751628	0.5839915282150058	2.5944337194337193	2.8522232060387718	1	17	ATG5
Regulation of Establishment of Endothelial Barrier (GO:1903140)	0.3330833481751628	0.5839915282150058	2.5944337194337193	2.8522232060387718	1	17	TNFRSF1A
Regulation of Megakaryocyte Differentiation (GO:0045652)	0.3330833481751628	0.5839915282150058	2.5944337194337193	2.8522232060387718	1	17	FAXDC2
Regulation of Protein-Containing Complex Disassembly (GO:0043244)	0.3330833481751628	0.5839915282150058	2.5944337194337193	2.8522232060387718	1	17	ATG5
Response to Glucagon (GO:0033762)	0.3330833481751628	0.5839915282150058	2.5944337194337193	2.8522232060387718	1	17	ADCY6
Reverse Cholesterol Transport (GO:0043691)	0.3330833481751628	0.5839915282150058	2.5944337194337193	2.8522232060387718	1	17	APOC3
Regulation of Synapse Assembly (GO:0051963)	0.33649485396896994	0.589488109007267	1.4832258064516128	1.6154886452104655	3	87	ARHGAP32;EPHB3;PTPRD
Ceramide Metabolic Process (GO:0006672)	0.33849923045610814	0.5910568053500594	1.6947717231222386	1.8358334375927066	2	51	DEGS2;FUT6
Endosome Organization (GO:0007032)	0.33849923045610814	0.5910568053500594	1.6947717231222386	1.8358334375927066	2	51	ATP6V0A1;HOOK1
Intracellular Glucose Homeostasis (GO:0001678)	0.33849923045610814	0.5910568053500594	1.6947717231222386	1.8358334375927066	2	51	HKDC1;SLC39A14
Negative Regulation of Protein Modification by Small Protein Conjugation or Removal (GO:1903321)	0.33849923045610814	0.5910568053500594	1.6947717231222386	1.8358334375927066	2	51	CHP1;PER2
Hexose Metabolic Process (GO:0019318)	0.34709547692482623	0.595375306985161	1.6608247422680413	1.7574106482969447	2	52	HKDC1;PGM1
Monoatomic Anion Transport (GO:0006820)	0.34709547692482623	0.595375306985161	1.6608247422680413	1.7574106482969447	2	52	SLC12A2;SLC12A7
Positive Regulation of Fat Cell Differentiation (GO:0045600)	0.34709547692482623	0.595375306985161	1.6608247422680413	1.7574106482969447	2	52	LRP5;SOX13
Regulation of Release of Sequestered Calcium Ion Into Cytosol (GO:0051279)	0.34709547692482623	0.595375306985161	1.6608247422680413	1.7574106482969447	2	52	CALM1;CALML3
Secondary Alcohol Metabolic Process (GO:1902652)	0.34709547692482623	0.595375306985161	1.6608247422680413	1.7574106482969447	2	52	FDX1;GBA2
Amine Transport (GO:0015837)	0.34879163153117543	0.595375306985161	2.441744265273677	2.57184181448611	1	18	SLC47A2
Autonomic Nervous System Development (GO:0048483)	0.34879163153117543	0.595375306985161	2.441744265273677	2.57184181448611	1	18	SOX11
DNA Modification (GO:0006304)	0.34879163153117543	0.595375306985161	2.441744265273677	2.57184181448611	1	18	SMUG1
Endoplasmic Reticulum Tubular Network Organization (GO:0071786)	0.34879163153117543	0.595375306985161	2.441744265273677	2.57184181448611	1	18	RTN3
Glycosphingolipid Catabolic Process (GO:0046479)	0.34879163153117543	0.595375306985161	2.441744265273677	2.57184181448611	1	18	GBA2
Modified Amino Acid Transport (GO:0072337)	0.34879163153117543	0.595375306985161	2.441744265273677	2.57184181448611	1	18	SLC19A1
Negative Regulation of Endoplasmic Reticulum Unfolded Protein Response (GO:1900102)	0.34879163153117543	0.595375306985161	2.441744265273677	2.57184181448611	1	18	NCK2
Negative Regulation of Fibroblast Proliferation (GO:0048147)	0.34879163153117543	0.595375306985161	2.441744265273677	2.57184181448611	1	18	FTH1
Negative Regulation of Intracellular Protein Transport (GO:0090317)	0.34879163153117543	0.595375306985161	2.441744265273677	2.57184181448611	1	18	CHP1
Negative Regulation of Nervous System Development (GO:0051961)	0.34879163153117543	0.595375306985161	2.441744265273677	2.57184181448611	1	18	APPL2
Negative Regulation of Telomere Maintenance (GO:0032205)	0.34879163153117543	0.595375306985161	2.441744265273677	2.57184181448611	1	18	SRC
Platelet-derived Growth Factor Receptor Signaling Pathway (GO:0048008)	0.34879163153117543	0.595375306985161	2.441744265273677	2.57184181448611	1	18	PDGFA
Positive Regulation of Autophagosome Assembly (GO:2000786)	0.34879163153117543	0.595375306985161	2.441744265273677	2.57184181448611	1	18	SNX4
Positive Regulation of ERAD Pathway (GO:1904294)	0.34879163153117543	0.595375306985161	2.441744265273677	2.57184181448611	1	18	RNF185
Positive Regulation of Stem Cell Proliferation (GO:2000648)	0.34879163153117543	0.595375306985161	2.441744265273677	2.57184181448611	1	18	SOX11
Presynapse Assembly (GO:0099054)	0.34879163153117543	0.595375306985161	2.441744265273677	2.57184181448611	1	18	PTPRD
Receptor Recycling (GO:0001881)	0.34879163153117543	0.595375306985161	2.441744265273677	2.57184181448611	1	18	REP15
Regulation of Early Endosome to Late Endosome Transport (GO:2000641)	0.34879163153117543	0.595375306985161	2.441744265273677	2.57184181448611	1	18	SRC
Regulation of Endothelial Cell Chemotaxis (GO:2001026)	0.34879163153117543	0.595375306985161	2.441744265273677	2.57184181448611	1	18	LGMN
Regulation of Leukocyte Chemotaxis (GO:0002688)	0.34879163153117543	0.595375306985161	2.441744265273677	2.57184181448611	1	18	EDN3
Regulation of Vasculogenesis (GO:2001212)	0.34879163153117543	0.595375306985161	2.441744265273677	2.57184181448611	1	18	ELMO3
Release of Cytochrome C From Mitochondria (GO:0001836)	0.34879163153117543	0.595375306985161	2.441744265273677	2.57184181448611	1	18	BCL2L2
TORC1 Signaling (GO:0038202)	0.34879163153117543	0.595375306985161	2.441744265273677	2.57184181448611	1	18	RPS6KA1
Positive Regulation of Biosynthetic Process (GO:0009891)	0.34939226694937797	0.5954470928345914	1.448642160540135	1.5233341704717727	3	89	AMELX;HTR2C;PRKAG2
Synapse Assembly (GO:0007416)	0.34939226694937797	0.5954470928345914	1.448642160540135	1.5233341704717727	3	89	PLXNA2;PLXNB1;PTPRD
Positive Regulation of Programmed Cell Death (GO:0043068)	0.3520076400770108	0.5994251506742707	1.2271366574178966	1.2812563277333613	7	244	BCL2L2;GZMA;HTATIP2;ITGA6;MTCH2;SLC27A4;SPDEF
Lipid Catabolic Process (GO:0016042)	0.3556541466157552	0.6023392001390119	1.6282090155649889	1.6832368118617398	2	53	ACAD10;PLD1
Post-translational Protein Modification (GO:0043687)	0.3556541466157552	0.6023392001390119	1.6282090155649889	1.6832368118617398	2	53	ATG5;ZDHHC9
Proton Transmembrane Transport (GO:1902600)	0.3556541466157552	0.6023392001390119	1.6282090155649889	1.6832368118617398	2	53	ATP6V0A1;SLC36A1
Unsaturated Fatty Acid Metabolic Process (GO:0033559)	0.3556541466157552	0.6023392001390119	1.6282090155649889	1.6832368118617398	2	53	CYP4F11;SCP2
Positive Regulation of Supramolecular Fiber Organization (GO:1902905)	0.35583150660975293	0.6023392001390119	1.4319466073414906	1.479627502767878	3	90	NCK2;NCKAP1;PSEN1
Detection of Chemical Stimulus Involved in Sensory Perception of Smell (GO:0050911)	0.36111771584570496	0.6023392001390119	1.3289922480620155	1.353646770162103	4	129	OR10AD1;OR10C1;OR10G6;OR6N1
Epithelial Cell Differentiation (GO:0030855)	0.36111771584570496	0.6023392001390119	1.3289922480620155	1.353646770162103	4	129	GATA6;IRF6;OVOL1;TOLLIP
ATP Transport (GO:0015867)	0.3641303920610201	0.6023392001390119	2.306020306020306	2.329641461302187	1	19	SLC25A5
Amino Acid Catabolic Process (GO:0009063)	0.3641303920610201	0.6023392001390119	2.306020306020306	2.329641461302187	1	19	ETFA
Amyloid Precursor Protein Metabolic Process (GO:0042982)	0.3641303920610201	0.6023392001390119	2.306020306020306	2.329641461302187	1	19	PSEN1
Branching Involved in Ureteric Bud Morphogenesis (GO:0001658)	0.3641303920610201	0.6023392001390119	2.306020306020306	2.329641461302187	1	19	FOXD1
Cellular Response to Acidic pH (GO:0071468)	0.3641303920610201	0.6023392001390119	2.306020306020306	2.329641461302187	1	19	CHP1
Embryonic Digestive Tract Development (GO:0048566)	0.3641303920610201	0.6023392001390119	2.306020306020306	2.329641461302187	1	19	SOX11
Endosome to Lysosome Transport via Multivesicular Body Sorting Pathway (GO:0032510)	0.3641303920610201	0.6023392001390119	2.306020306020306	2.329641461302187	1	19	CHMP5
Energy Reserve Metabolic Process (GO:0006112)	0.3641303920610201	0.6023392001390119	2.306020306020306	2.329641461302187	1	19	PRKAG2
Lysosomal Membrane Organization (GO:0097212)	0.3641303920610201	0.6023392001390119	2.306020306020306	2.329641461302187	1	19	CHMP5
Maintenance of Protein Localization in Organelle (GO:0072595)	0.3641303920610201	0.6023392001390119	2.306020306020306	2.329641461302187	1	19	RER1
Negative Regulation of Focal Adhesion Assembly (GO:0051895)	0.3641303920610201	0.6023392001390119	2.306020306020306	2.329641461302187	1	19	SRC
Negative Regulation of MAP Kinase Activity (GO:0043407)	0.3641303920610201	0.6023392001390119	2.306020306020306	2.329641461302187	1	19	STK38
Neural Tube Development (GO:0021915)	0.3641303920610201	0.6023392001390119	2.306020306020306	2.329641461302187	1	19	HES5
Peptide Antigen Assembly With MHC Protein Complex (GO:0002501)	0.3641303920610201	0.6023392001390119	2.306020306020306	2.329641461302187	1	19	TAPBPL
Pore Complex Assembly (GO:0046931)	0.3641303920610201	0.6023392001390119	2.306020306020306	2.329641461302187	1	19	PLEKHA7
Positive Regulation of Cell Activation (GO:0050867)	0.3641303920610201	0.6023392001390119	2.306020306020306	2.329641461302187	1	19	RPS6KA1
Positive Regulation of Cell Adhesion Mediated by Integrin (GO:0033630)	0.3641303920610201	0.6023392001390119	2.306020306020306	2.329641461302187	1	19	RAC3
Protein Autoprocessing (GO:0016540)	0.3641303920610201	0.6023392001390119	2.306020306020306	2.329641461302187	1	19	AFG3L2
Regulation of Bicellular Tight Junction Assembly (GO:2000810)	0.3641303920610201	0.6023392001390119	2.306020306020306	2.329641461302187	1	19	RAC1
Regulation of Cell Size (GO:0008361)	0.3641303920610201	0.6023392001390119	2.306020306020306	2.329641461302187	1	19	RAP1GAP2
Regulation of Chromosome Segregation (GO:0051983)	0.3641303920610201	0.6023392001390119	2.306020306020306	2.329641461302187	1	19	PPP2R2D
Regulation of Collagen Biosynthetic Process (GO:0032965)	0.3641303920610201	0.6023392001390119	2.306020306020306	2.329641461302187	1	19	AMELX
Regulation of Oligodendrocyte Differentiation (GO:0048713)	0.3641303920610201	0.6023392001390119	2.306020306020306	2.329641461302187	1	19	HES5
Regulation of Smooth Muscle Cell Migration (GO:0014910)	0.3641303920610201	0.6023392001390119	2.306020306020306	2.329641461302187	1	19	PDGFA
Sphingomyelin Metabolic Process (GO:0006684)	0.3641303920610201	0.6023392001390119	2.306020306020306	2.329641461302187	1	19	OSBP
Superoxide Anion Generation (GO:0042554)	0.3641303920610201	0.6023392001390119	2.306020306020306	2.329641461302187	1	19	RAC1
Transposable Element Silencing by Heterochromatin Formation (GO:0141005)	0.3641303920610201	0.6023392001390119	2.306020306020306	2.329641461302187	1	19	DNMT3L
B Cell Differentiation (GO:0030183)	0.36417224623789224	0.6023392001390119	1.596847739888977	1.6130211237053098	2	54	CEBPG;SLC25A5
Plasma Membrane Bounded Cell Projection Morphogenesis (GO:0120039)	0.36417224623789224	0.6023392001390119	1.596847739888977	1.6130211237053098	2	54	NCKAP1;PLXNB1
Regulation of Monoatomic Cation Transmembrane Transport (GO:1904062)	0.36417224623789224	0.6023392001390119	1.596847739888977	1.6130211237053098	2	54	KCNG4;PTPN3
Monoatomic Cation Transmembrane Transport (GO:0098655)	0.3646504090051265	0.6026625364332788	1.175945236401109	1.1863125670640546	9	327	ATP6V0A1;KCNG4;SLC12A2;SLC12A7;SLC36A1;SLC39A14;SLC39A4;SLC41A2;SLC6A18
Calcium Ion Transmembrane Transport (GO:0070588)	0.368682852343847	0.6088550280380184	1.3996810438564697	1.3966276162121152	3	92	GHITM;MCUR1;SLC35G1
G Protein-Coupled Rec Signaling Pathway, Coupled to Cyclic Nucleotide Second Messenger (GO:0007187)	0.37264694391267955	0.6123173635936804	1.5666699085780977	1.5464972140482398	2	55	HTR2C;SSTR4
Golgi to Plasma Membrane Transport (GO:0006893)	0.37264694391267955	0.6123173635936804	1.5666699085780977	1.5464972140482398	2	55	OPTN;RAB26
Positive Regulation of Leukocyte Chemotaxis (GO:0002690)	0.37264694391267955	0.6123173635936804	1.5666699085780977	1.5464972140482398	2	55	EDN3;LGMN
Regulation of Mitotic Nuclear Division (GO:0007088)	0.37264694391267955	0.6123173635936804	1.5666699085780977	1.5464972140482398	2	55	EDN3;LRP5
Cellular Response to Oxygen-Containing Compound (GO:1901701)	0.37379146362565024	0.6123173635936804	1.1541521990740742	1.13575180559026	10	370	ADCY6;AFG3L2;CHMP5;LGMN;P2RY2;PSEN1;PTK6;SHMT1;SRC;WNT9A
Negative Regulation of Cell Differentiation (GO:0045596)	0.3739910514021434	0.6123173635936804	1.221654983236818	1.2015262732292589	6	210	ADIPOR1;BMP8B;COL5A1;HES5;LRP5;WNT9A
Activation of GTPase Activity (GO:0090630)	0.37910831141822615	0.6123173635936804	2.1845830793199212	2.1188999465133116	1	20	ARHGEF16
Calcium-independent Cell-Cell Adhesion (GO:0016338)	0.37910831141822615	0.6123173635936804	2.1845830793199212	2.1188999465133116	1	20	CLDN17
Cellular Response to Interleukin-4 (GO:0071353)	0.37910831141822615	0.6123173635936804	2.1845830793199212	2.1188999465133116	1	20	IL13RA1
Endoplasmic Reticulum Calcium Ion Homeostasis (GO:0032469)	0.37910831141822615	0.6123173635936804	2.1845830793199212	2.1188999465133116	1	20	PSEN1
Mesoderm Development (GO:0007498)	0.37910831141822615	0.6123173635936804	2.1845830793199212	2.1188999465133116	1	20	SECTM1
Negative Regulation of Amyloid-Beta Formation (GO:1902430)	0.37910831141822615	0.6123173635936804	2.1845830793199212	2.1188999465133116	1	20	RTN3
Negative Regulation of Cell-Substrate Junction Organization (GO:0150118)	0.37910831141822615	0.6123173635936804	2.1845830793199212	2.1188999465133116	1	20	SRC
Negative Regulation of Nucleocytoplasmic Transport (GO:0046823)	0.37910831141822615	0.6123173635936804	2.1845830793199212	2.1188999465133116	1	20	CHP1
Phosphatidylethanolamine Metabolic Process (GO:0046337)	0.37910831141822615	0.6123173635936804	2.1845830793199212	2.1188999465133116	1	20	PCYT2
Phospholipid Dephosphorylation (GO:0046839)	0.37910831141822615	0.6123173635936804	2.1845830793199212	2.1188999465133116	1	20	EPHX2
Positive Regulation of Calcineurin-Mediated Signaling (GO:0106058)	0.37910831141822615	0.6123173635936804	2.1845830793199212	2.1188999465133116	1	20	CHP2
Positive Regulation of Epidermal Cell Differentiation (GO:0045606)	0.37910831141822615	0.6123173635936804	2.1845830793199212	2.1188999465133116	1	20	VDR
Positive Regulation of Focal Adhesion Assembly (GO:0051894)	0.37910831141822615	0.6123173635936804	2.1845830793199212	2.1188999465133116	1	20	RAC1
Positive Regulation of Glucose Metabolic Process (GO:0010907)	0.37910831141822615	0.6123173635936804	2.1845830793199212	2.1188999465133116	1	20	PRKAG2
Positive Regulation of Monocyte Chemotaxis (GO:0090026)	0.37910831141822615	0.6123173635936804	2.1845830793199212	2.1188999465133116	1	20	LGMN
Positive Regulation of Phosphate Metabolic Process (GO:0045937)	0.37910831141822615	0.6123173635936804	2.1845830793199212	2.1188999465133116	1	20	SRC
Positive Regulation of Stem Cell Differentiation (GO:2000738)	0.37910831141822615	0.6123173635936804	2.1845830793199212	2.1188999465133116	1	20	MTCH2
Positive Regulation of calcineurin-NFAT Signaling Cascade (GO:0070886)	0.37910831141822615	0.6123173635936804	2.1845830793199212	2.1188999465133116	1	20	CHP2
Protein Acylation (GO:0043543)	0.37910831141822615	0.6123173635936804	2.1845830793199212	2.1188999465133116	1	20	ZDHHC3
Regulation of D-glucose Transmembrane Transport (GO:0010827)	0.37910831141822615	0.6123173635936804	2.1845830793199212	2.1188999465133116	1	20	PRKAG2
Regulation of Double-Strand Break Repair via Nonhomologous End Joining (GO:2001032)	0.37910831141822615	0.6123173635936804	2.1845830793199212	2.1188999465133116	1	20	FH
Regulation of Extracellular Matrix Disassembly (GO:0010715)	0.37910831141822615	0.6123173635936804	2.1845830793199212	2.1188999465133116	1	20	DDR1
Regulation of Mitochondrial Membrane Permeability (GO:0046902)	0.37910831141822615	0.6123173635936804	2.1845830793199212	2.1188999465133116	1	20	SLC25A5
Inorganic Anion Transport (GO:0015698)	0.3810755630778408	0.6140990933348122	1.5376097747231767	1.4834207086665265	2	56	SLC12A2;SLC12A7
Positive Regulation of Protein Localization to Plasma Membrane (GO:1903078)	0.3810755630778408	0.6140990933348122	1.5376097747231767	1.4834207086665265	2	56	ARHGEF16;PLS1
Regulation of Protein Localization to Nucleus (GO:1900180)	0.3810755630778408	0.6140990933348122	1.5376097747231767	1.4834207086665265	2	56	CARD10;CTNNA1
Detection of Chemical Stimulus Involved in Sensory Perception (GO:0050907)	0.38248336152226414	0.6159022105479359	1.2876229393265628	1.2374959404745167	4	133	OR10AD1;OR10C1;OR10G6;OR6N1
Regulation of Protein Localization to Plasma Membrane (GO:1903076)	0.38786872161033376	0.6218078562606548	1.353913043478261	1.2822752608814578	3	95	ARHGEF16;NUMB;PLS1
Epidermal Cell Differentiation (GO:0009913)	0.38945557704943806	0.6218078562606548	1.5096063730084348	1.423567069402167	2	57	GATA6;OVOL1
Positive Regulation of Macromolecule Biosynthetic Process (GO:0010557)	0.3913029862460274	0.6218078562606548	1.14680048186235	1.076012064061614	9	335	CHP1;DYRK2;EPB41L4B;EPHX2;FOXD1;PSEN1;SLC2A10;SOX11;VDR
Regulation of Canonical NF-kappaB Signal Transduction (GO:0043122)	0.39289245103848947	0.6218078562606548	1.1578080456129236	1.081646698373938	8	295	CARD10;NDFIP2;OPTN;PPM1A;PPP2CB;RIOK3;SECTM1;TNFRSF1A
Cellular Response to Lectin (GO:1990858)	0.39373386770726265	0.6218078562606548	2.0752895752895753	1.9343360330648662	1	21	SRC
High-density Lipoprotein Particle Remodeling (GO:0034375)	0.39373386770726265	0.6218078562606548	2.0752895752895753	1.9343360330648662	1	21	APOC3
Long-chain Fatty Acid Transport (GO:0015909)	0.39373386770726265	0.6218078562606548	2.0752895752895753	1.9343360330648662	1	21	SLC27A4
Lysosomal Lumen Acidification (GO:0007042)	0.39373386770726265	0.6218078562606548	2.0752895752895753	1.9343360330648662	1	21	ATP6V0A1
Megakaryocyte Differentiation (GO:0030219)	0.39373386770726265	0.6218078562606548	2.0752895752895753	1.9343360330648662	1	21	CDKN2B
Negative Regulation of Amyloid Precursor Protein Catabolic Process (GO:1902992)	0.39373386770726265	0.6218078562606548	2.0752895752895753	1.9343360330648662	1	21	RTN3
Negative Regulation of Cell Development (GO:0010721)	0.39373386770726265	0.6218078562606548	2.0752895752895753	1.9343360330648662	1	21	APPL2
Negative Regulation of Inflammatory Response to Antigenic Stimulus (GO:0002862)	0.39373386770726265	0.6218078562606548	2.0752895752895753	1.9343360330648662	1	21	SRC
Negative Regulation of Neuron Differentiation (GO:0045665)	0.39373386770726265	0.6218078562606548	2.0752895752895753	1.9343360330648662	1	21	HES5
Phosphatidylserine Metabolic Process (GO:0006658)	0.39373386770726265	0.6218078562606548	2.0752895752895753	1.9343360330648662	1	21	PLA2G2F
Poly(A)+ mRNA Export From Nucleus (GO:0016973)	0.39373386770726265	0.6218078562606548	2.0752895752895753	1.9343360330648662	1	21	DDX19B
Reg of Cardiac Muscle Contraction by Regulation of the Release of Sequestered Calcium Ion (GO:0010881)	0.39373386770726265	0.6218078562606548	2.0752895752895753	1.9343360330648662	1	21	CALM1
Regulation of Anoikis (GO:2000209)	0.39373386770726265	0.6218078562606548	2.0752895752895753	1.9343360330648662	1	21	SRC
Regulation of Dendritic Spine Development (GO:0060998)	0.39373386770726265	0.6218078562606548	2.0752895752895753	1.9343360330648662	1	21	PSEN1
Regulation of Generation of Precursor Metabolites and Energy (GO:0043467)	0.39373386770726265	0.6218078562606548	2.0752895752895753	1.9343360330648662	1	21	PRKAG2
Regulation of Neural Precursor Cell Proliferation (GO:2000177)	0.39373386770726265	0.6218078562606548	2.0752895752895753	1.9343360330648662	1	21	APPL2
Regulation of Protein Targeting to Membrane (GO:0090313)	0.39373386770726265	0.6218078562606548	2.0752895752895753	1.9343360330648662	1	21	CHP1
Regulation of Sodium Ion Transmembrane Transport (GO:1902305)	0.39373386770726265	0.6218078562606548	2.0752895752895753	1.9343360330648662	1	21	PTPN3
Regulation of Tissue Remodeling (GO:0034103)	0.39373386770726265	0.6218078562606548	2.0752895752895753	1.9343360330648662	1	21	SYT7
Response to ATP (GO:0033198)	0.39373386770726265	0.6218078562606548	2.0752895752895753	1.9343360330648662	1	21	P2RY2
Skin Epidermis Development (GO:0098773)	0.39373386770726265	0.6218078562606548	2.0752895752895753	1.9343360330648662	1	21	GATA6
Stimulatory C-type Lectin Receptor Signaling Pathway (GO:0002223)	0.39373386770726265	0.6218078562606548	2.0752895752895753	1.9343360330648662	1	21	SRC
Regulation of ERK1 and ERK2 Cascade (GO:0070372)	0.39495725158257083	0.6232782090111333	1.1922428539554255	1.1075670765044219	6	215	DDT;HTR2C;OR2AT4;PDGFA;SEMA6A;SPRY4
Cytoplasmic Microtubule Organization (GO:0031122)	0.3977846032103476	0.6253693062220791	1.4826030927835052	1.3667296819530002	2	58	CHP1;HOOK1
Regulation of Focal Adhesion Assembly (GO:0051893)	0.3977846032103476	0.6253693062220791	1.4826030927835052	1.3667296819530002	2	58	RAC1;SRC
Membrane Organization (GO:0061024)	0.3995241761795349	0.6253693062220791	1.2141879061603988	1.1139943337404912	5	176	CHMP5;CHP1;GLTPD2;ICA1;VAMP3
Positive Regulation of Multicellular Organismal Process (GO:0051240)	0.40259208127936824	0.6253693062220791	1.11720640223396	1.016469504049982	11	420	ADAM7;ADIPOR1;ADIPOR2;APPL2;FH;FOXD1;HADH;PER2;SNX4;SOX11;VDR
Regulation of Phosphatidylinositol 3-Kinase/Protein Kinase B Signal Transduction (GO:0051896)	0.4033393238904377	0.6253693062220791	1.180868305380252	1.072201351708343	6	217	DDR1;ERBB3;FAM110C;PDGFA;PLXNB1;SRC
Negative Regulation of Response to Stimulus (GO:0048585)	0.4060603978441202	0.6253693062220791	1.4565472960752397	1.3127181551928488	2	59	APPL2;ERBB3
Positive Regulation of Cell Cycle (GO:0045787)	0.4060603978441202	0.6253693062220791	1.4565472960752397	1.3127181551928488	2	59	LGMN;PTK6
Positive Regulation of Protein Localization to Cell Periphery (GO:1904377)	0.4060603978441202	0.6253693062220791	1.4565472960752397	1.3127181551928488	2	59	ARHGEF16;PLS1
Positive Regulation of Protein Localization to Membrane (GO:1905477)	0.4060603978441202	0.6253693062220791	1.4565472960752397	1.3127181551928488	2	59	ARHGEF16;PLS1
Regulation of Signal Transduction by P53 Class Mediator (GO:1901796)	0.4060603978441202	0.6253693062220791	1.4565472960752397	1.3127181551928488	2	59	CHD5;DYRK2
Regulation of Mitotic Cell Cycle Phase Transition (GO:1901990)	0.40691018843441745	0.6253693062220791	1.3110356536502548	1.1788344697375404	3	98	APPL2;CDC14A;CDKN2B
3'-UTR-mediated mRNA Stabilization (GO:0070935)	0.40801534003513695	0.6253693062220791	1.9764049764049765	1.7717492434506654	1	22	RBM47
Associative Learning (GO:0008306)	0.40801534003513695	0.6253693062220791	1.9764049764049765	1.7717492434506654	1	22	LGMN
DNA Methylation-Dependent Constitutive Heterochromatin Formation (GO:0006346)	0.40801534003513695	0.6253693062220791	1.9764049764049765	1.7717492434506654	1	22	DNMT3L
Early Endosome to Late Endosome Transport (GO:0045022)	0.40801534003513695	0.6253693062220791	1.9764049764049765	1.7717492434506654	1	22	HOOK1
Fc-gamma Receptor Signaling Pathway Involved in Phagocytosis (GO:0038096)	0.40801534003513695	0.6253693062220791	1.9764049764049765	1.7717492434506654	1	22	SRC
Gamma-aminobutyric Acid Signaling Pathway (GO:0007214)	0.40801534003513695	0.6253693062220791	1.9764049764049765	1.7717492434506654	1	22	SLC12A2
Glial Cell Development (GO:0021782)	0.40801534003513695	0.6253693062220791	1.9764049764049765	1.7717492434506654	1	22	HES5
Glycosaminoglycan Biosynthetic Process (GO:0006024)	0.40801534003513695	0.6253693062220791	1.9764049764049765	1.7717492434506654	1	22	EXT1
Interleukin-1-mediated Signaling Pathway (GO:0070498)	0.40801534003513695	0.6253693062220791	1.9764049764049765	1.7717492434506654	1	22	TOLLIP
Intracellular Potassium Ion Homeostasis (GO:0030007)	0.40801534003513695	0.6253693062220791	1.9764049764049765	1.7717492434506654	1	22	SLC12A2
Meiosis I (GO:0007127)	0.40801534003513695	0.6253693062220791	1.9764049764049765	1.7717492434506654	1	22	DNMT3L
Midbody Abscission (GO:0061952)	0.40801534003513695	0.6253693062220791	1.9764049764049765	1.7717492434506654	1	22	CHMP5
N-glycan Processing (GO:0006491)	0.40801534003513695	0.6253693062220791	1.9764049764049765	1.7717492434506654	1	22	MGAT4B
Negative Regulation of Leukocyte Activation (GO:0002695)	0.40801534003513695	0.6253693062220791	1.9764049764049765	1.7717492434506654	1	22	SRC
Negative Regulation of Receptor Signaling Pathway via STAT (GO:1904893)	0.40801534003513695	0.6253693062220791	1.9764049764049765	1.7717492434506654	1	22	ADIPOR1
Nucleoside Phosphate Biosynthetic Process (GO:1901293)	0.40801534003513695	0.6253693062220791	1.9764049764049765	1.7717492434506654	1	22	PPCS
Positive Regulation of DNA Replication (GO:0045740)	0.40801534003513695	0.6253693062220791	1.9764049764049765	1.7717492434506654	1	22	PTK6
Positive Regulation of Heart Contraction (GO:0045823)	0.40801534003513695	0.6253693062220791	1.9764049764049765	1.7717492434506654	1	22	EDN3
Positive Regulation of Nervous System Process (GO:0031646)	0.40801534003513695	0.6253693062220791	1.9764049764049765	1.7717492434506654	1	22	CDK18
Pulmonary Valve Development (GO:0003177)	0.40801534003513695	0.6253693062220791	1.9764049764049765	1.7717492434506654	1	22	TNFRSF1A
Regulation of Cellular Response to Transforming Growth Factor Beta Stimulus (GO:1903844)	0.40801534003513695	0.6253693062220791	1.9764049764049765	1.7717492434506654	1	22	SOX11
Regulation of Fatty Acid Metabolic Process (GO:0019217)	0.40801534003513695	0.6253693062220791	1.9764049764049765	1.7717492434506654	1	22	PRKAG2
Regulation of Inflammatory Response to Antigenic Stimulus (GO:0002861)	0.40801534003513695	0.6253693062220791	1.9764049764049765	1.7717492434506654	1	22	SRC
Regulation of Integrin-Mediated Signaling Pathway (GO:2001044)	0.40801534003513695	0.6253693062220791	1.9764049764049765	1.7717492434506654	1	22	SLC2A10
Regulation of Macrophage Chemotaxis (GO:0010758)	0.40801534003513695	0.6253693062220791	1.9764049764049765	1.7717492434506654	1	22	DDT
Regulation of Nuclear-Transcribed mRNA Catabolic Process, Deadenylation-Dependent Decay (GO:1900151)	0.40801534003513695	0.6253693062220791	1.9764049764049765	1.7717492434506654	1	22	TOB1
T Cell Migration (GO:0072678)	0.40801534003513695	0.6253693062220791	1.9764049764049765	1.7717492434506654	1	22	SLC12A2
Vascular Endothelial Cell Response to Laminar Fluid Shear Stress (GO:0097700)	0.40801534003513695	0.6253693062220791	1.9764049764049765	1.7717492434506654	1	22	ADCY6
Vesicle Transport Along Microtubule (GO:0047496)	0.40801534003513695	0.6253693062220791	1.9764049764049765	1.7717492434506654	1	22	KIF1C
Potassium Ion Transport (GO:0006813)	0.4143574741698713	0.6324793296470346	1.2301655660828787	1.083808110724522	4	139	CHP1;KCNG4;SLC12A2;SLC12A7
Positive Regulation of Immune Response (GO:0050778)	0.41950620258783217	0.6324793296470346	1.2839241769205187	1.1153153605277026	3	100	IFNK;RIOK3;RNF185
Cellular Response to Interferon-Beta (GO:0035458)	0.42196081313039	0.6324793296470346	1.8865098865098866	1.6277615276738717	1	23	CALM1
Cellular Response to Interleukin-6 (GO:0071354)	0.42196081313039	0.6324793296470346	1.8865098865098866	1.6277615276738717	1	23	SRC
Cellular Response to Steroid Hormone Stimulus (GO:0071383)	0.42196081313039	0.6324793296470346	1.8865098865098866	1.6277615276738717	1	23	SRC
Entrainment of Circadian Clock by Photoperiod (GO:0043153)	0.42196081313039	0.6324793296470346	1.8865098865098866	1.6277615276738717	1	23	PER2
Fc Receptor Mediated Stimulatory Signaling Pathway (GO:0002431)	0.42196081313039	0.6324793296470346	1.8865098865098866	1.6277615276738717	1	23	SRC
Hexose Transmembrane Transport (GO:0008645)	0.42196081313039	0.6324793296470346	1.8865098865098866	1.6277615276738717	1	23	SLC2A10
Inhibitory Synapse Assembly (GO:1904862)	0.42196081313039	0.6324793296470346	1.8865098865098866	1.6277615276738717	1	23	PLXNB1
Intrinsic Apoptotic Signaling Pathway in Response to DNA Damage by P53 Class Mediator (GO:0042771)	0.42196081313039	0.6324793296470346	1.8865098865098866	1.6277615276738717	1	23	DYRK2
Lymphocyte Chemotaxis (GO:0048247)	0.42196081313039	0.6324793296470346	1.8865098865098866	1.6277615276738717	1	23	SLC12A2
Membrane Protein Ectodomain Proteolysis (GO:0006509)	0.42196081313039	0.6324793296470346	1.8865098865098866	1.6277615276738717	1	23	PSEN1
Mitochondrial Respiratory Chain Complex IV Assembly (GO:0033617)	0.42196081313039	0.6324793296470346	1.8865098865098866	1.6277615276738717	1	23	SCO1
Negative Regulation of Cell Communication (GO:0010648)	0.42196081313039	0.6324793296470346	1.8865098865098866	1.6277615276738717	1	23	ERBB3
Negative Regulation of DNA-templated Transcription, Elongation (GO:0032785)	0.42196081313039	0.6324793296470346	1.8865098865098866	1.6277615276738717	1	23	EAPP
Negative Regulation of Kinase Activity (GO:0033673)	0.42196081313039	0.6324793296470346	1.8865098865098866	1.6277615276738717	1	23	CHP1
Negative Regulation of Protein Serine/Threonine Kinase Activity (GO:0071901)	0.42196081313039	0.6324793296470346	1.8865098865098866	1.6277615276738717	1	23	STK38
Negative Regulation of Tumor Necrosis Factor-Mediated Signaling Pathway (GO:0010804)	0.42196081313039	0.6324793296470346	1.8865098865098866	1.6277615276738717	1	23	PPP2CB
Positive Regulation of Glycolytic Process (GO:0045821)	0.42196081313039	0.6324793296470346	1.8865098865098866	1.6277615276738717	1	23	PSEN1
Positive Regulation of Muscle Contraction (GO:0045933)	0.42196081313039	0.6324793296470346	1.8865098865098866	1.6277615276738717	1	23	EDN3
Positive Regulation of Purine Nucleotide Catabolic Process (GO:0033123)	0.42196081313039	0.6324793296470346	1.8865098865098866	1.6277615276738717	1	23	PSEN1
Positive Regulation of Vacuole Organization (GO:0044090)	0.42196081313039	0.6324793296470346	1.8865098865098866	1.6277615276738717	1	23	SNX4
Regulation of Biosynthetic Process (GO:0009889)	0.42196081313039	0.6324793296470346	1.8865098865098866	1.6277615276738717	1	23	RAC1
Regulation of Brown Fat Cell Differentiation (GO:0090335)	0.42196081313039	0.6324793296470346	1.8865098865098866	1.6277615276738717	1	23	SOX13
Regulation of Cardiac Conduction (GO:1903779)	0.42196081313039	0.6324793296470346	1.8865098865098866	1.6277615276738717	1	23	TNNI3K
Regulation of DNA Biosynthetic Process (GO:2000278)	0.42196081313039	0.6324793296470346	1.8865098865098866	1.6277615276738717	1	23	PDGFA
Regulation of Protein Transport (GO:0051223)	0.42196081313039	0.6324793296470346	1.8865098865098866	1.6277615276738717	1	23	CHP1
Regulation of Smooth Muscle Contraction (GO:0006940)	0.42196081313039	0.6324793296470346	1.8865098865098866	1.6277615276738717	1	23	EDN3
Response to Hexose (GO:0009746)	0.42196081313039	0.6324793296470346	1.8865098865098866	1.6277615276738717	1	23	HNF4A
Synaptic Membrane Adhesion (GO:0099560)	0.42196081313039	0.6324793296470346	1.8865098865098866	1.6277615276738717	1	23	PTPRD
Cellular Response to Alcohol (GO:0097306)	0.4224439800269124	0.6324793296470346	1.4070854446968373	1.2124833222692706	2	61	ADCY6;CTNNA1
Glycerophospholipid Metabolic Process (GO:0006650)	0.4224439800269124	0.6324793296470346	1.4070854446968373	1.2124833222692706	2	61	PGAP3;PLA2G2F
Protein Autoubiquitination (GO:0051865)	0.4224439800269124	0.6324793296470346	1.4070854446968373	1.2124833222692706	2	61	RNF185;RNF186
Plasma Membrane Bounded Cell Projection Organization (GO:0120036)	0.42490746906826254	0.6357212098621303	1.2121315000282917	1.03744377931599	4	141	ARFIP2;PROM1;RAB6A;RAC1
Cellular Response to Peptide Hormone Stimulus (GO:0071375)	0.42577092868079947	0.6361202662561068	1.270783410138249	1.0850632480958933	3	101	ADCY6;SLC39A14;SRC
Cellular Response to Transforming Growth Factor Beta Stimulus (GO:0071560)	0.42577092868079947	0.6361202662561068	1.270783410138249	1.0850632480958933	3	101	APPL2;CDKN2B;SRC
Positive Regulation of Cell Population Proliferation (GO:0008284)	0.4285526801009432	0.6395679644808958	1.0881229548382683	0.9220118540098021	12	470	CHP2;CNTFR;EAPP;EDN3;ERBB3;HES5;INSL4;LGMN;LRP5;PDGFA;SLC25A5;SOX11
Negative Regulation of Protein-Containing Complex Assembly (GO:0031333)	0.4305479281533409	0.6395679644808958	1.3835910652920962	1.1659475279430844	2	62	RIOK3;SRC
Protein Homotetramerization (GO:0051289)	0.4305479281533409	0.6395679644808958	1.3835910652920962	1.1659475279430844	2	62	APPL2;SHMT1
Protein Targeting (GO:0006605)	0.432011874963749	0.6395679644808958	1.2579081133919843	1.0557650504569434	3	102	AP4M1;ZDHHC3;ZDHHC9
Acidic Amino Acid Transport (GO:0015800)	0.43557818218867767	0.6395679644808958	1.8044317609535	1.4996289089835724	1	24	SLC1A6
Amino Acid Metabolic Process (GO:0006520)	0.43557818218867767	0.6395679644808958	1.8044317609535	1.4996289089835724	1	24	ETFA
Aminoglycan Biosynthetic Process (GO:0006023)	0.43557818218867767	0.6395679644808958	1.8044317609535	1.4996289089835724	1	24	EXT1
Artery Development (GO:0060840)	0.43557818218867767	0.6395679644808958	1.8044317609535	1.4996289089835724	1	24	SLC2A10
Carbohydrate Derivative Catabolic Process (GO:1901136)	0.43557818218867767	0.6395679644808958	1.8044317609535	1.4996289089835724	1	24	PGM1
Cholesterol Efflux (GO:0033344)	0.43557818218867767	0.6395679644808958	1.8044317609535	1.4996289089835724	1	24	APOC3
D-glucose Transmembrane Transport (GO:1904659)	0.43557818218867767	0.6395679644808958	1.8044317609535	1.4996289089835724	1	24	SLC2A10
Focal Adhesion Assembly (GO:0048041)	0.43557818218867767	0.6395679644808958	1.8044317609535	1.4996289089835724	1	24	SRC
Negative Regulation of Cilium Assembly (GO:1902018)	0.43557818218867767	0.6395679644808958	1.8044317609535	1.4996289089835724	1	24	TBC1D30
Negative Regulation of Hydrolase Activity (GO:0051346)	0.43557818218867767	0.6395679644808958	1.8044317609535	1.4996289089835724	1	24	CHP1
Negative Regulation of Receptor Signaling Pathway via JAK-STAT (GO:0046426)	0.43557818218867767	0.6395679644808958	1.8044317609535	1.4996289089835724	1	24	ADIPOR1
Oligosaccharide Biosynthetic Process (GO:0009312)	0.43557818218867767	0.6395679644808958	1.8044317609535	1.4996289089835724	1	24	FUT6
Positive Regulation of Establishment of Protein Localization (GO:1904951)	0.43557818218867767	0.6395679644808958	1.8044317609535	1.4996289089835724	1	24	CHP1
Protein Insertion Into Mitochondrial Membrane (GO:0051204)	0.43557818218867767	0.6395679644808958	1.8044317609535	1.4996289089835724	1	24	MTCH2
Purine Ribonucleotide Transport (GO:0015868)	0.43557818218867767	0.6395679644808958	1.8044317609535	1.4996289089835724	1	24	SLC19A1
Regulation of Lymphocyte Proliferation (GO:0050670)	0.43557818218867767	0.6395679644808958	1.8044317609535	1.4996289089835724	1	24	SOX11
Regulation of Membrane Protein Ectodomain Proteolysis (GO:0051043)	0.43557818218867767	0.6395679644808958	1.8044317609535	1.4996289089835724	1	24	PTPN3
Regulation of Mitotic Spindle Assembly (GO:1901673)	0.43557818218867767	0.6395679644808958	1.8044317609535	1.4996289089835724	1	24	CHMP5
Regulation of T Cell Cytokine Production (GO:0002724)	0.43557818218867767	0.6395679644808958	1.8044317609535	1.4996289089835724	1	24	SECTM1
Transepithelial Transport (GO:0070633)	0.43557818218867767	0.6395679644808958	1.8044317609535	1.4996289089835724	1	24	SLC12A2
Vasodilation (GO:0042311)	0.43557818218867767	0.6395679644808958	1.8044317609535	1.4996289089835724	1	24	SRC
Positive Regulation of Developmental Process (GO:0051094)	0.43675074616132104	0.6408483075126886	1.1374476541983107	0.9422532441134464	6	225	COBL;EDN3;FOXD1;PSEN1;RPS6KA1;SRC
Regulation of Protein Ubiquitination (GO:0031396)	0.43822789613681473	0.6421318725523636	1.245290322580645	1.0273846812469554	3	103	CHP1;NDFIP2;PER2
Striated Muscle Contraction (GO:0006941)	0.43822789613681473	0.6421318725523636	1.245290322580645	1.0273846812469554	3	103	ARHGEF11;MB;MYH14
Supramolecular Fiber Organization (GO:0097435)	0.4427451818568758	0.6483054448618538	1.1034732709151314	0.8990668584417489	8	309	CHP1;CLRN1;COL5A1;ELMO3;HOOK1;MYO1D;RAC1;RAC3
Regulation of Signal Transduction (GO:0009966)	0.4450569061025897	0.6483752266264984	1.1270836752397253	0.9124341126772816	6	227	ERBB3;GLRX2;HNF4A;NCK2;SRC;ZDHHC3
Protein-containing Complex Assembly (GO:0065003)	0.44629142391110743	0.6483752266264984	1.099784983228692	0.887287963952986	8	310	ANKS4B;CARD10;HES5;MAGI1;NCK2;PLEKHA7;SRC;VAMP3
Intracellular Iron Ion Homeostasis (GO:0006879)	0.44657143917495146	0.6483752266264984	1.3388759561024277	1.0793427424253568	2	64	FTH1;SLC39A14
Cellular Response to Topologically Incorrect Protein (GO:0035967)	0.44887515689526813	0.6483752266264984	1.729193479193479	1.3851020934314706	1	25	OPTN
Endocrine System Development (GO:0035270)	0.44887515689526813	0.6483752266264984	1.729193479193479	1.3851020934314706	1	25	GCM2
Fatty Acid Derivative Biosynthetic Process (GO:1901570)	0.44887515689526813	0.6483752266264984	1.729193479193479	1.3851020934314706	1	25	GGT6
Metanephros Development (GO:0001656)	0.44887515689526813	0.6483752266264984	1.729193479193479	1.3851020934314706	1	25	FOXD1
Negative Regulation of Hippo Signaling (GO:0035331)	0.44887515689526813	0.6483752266264984	1.729193479193479	1.3851020934314706	1	25	SRC
Nuclear Membrane Reassembly (GO:0031468)	0.44887515689526813	0.6483752266264984	1.729193479193479	1.3851020934314706	1	25	CHMP5
Outflow Tract Septum Morphogenesis (GO:0003148)	0.44887515689526813	0.6483752266264984	1.729193479193479	1.3851020934314706	1	25	GATA6
Phosphatidylglycerol Metabolic Process (GO:0046471)	0.44887515689526813	0.6483752266264984	1.729193479193479	1.3851020934314706	1	25	PLA2G2F
Photoperiodism (GO:0009648)	0.44887515689526813	0.6483752266264984	1.729193479193479	1.3851020934314706	1	25	PER2
Placenta Development (GO:0001890)	0.44887515689526813	0.6483752266264984	1.729193479193479	1.3851020934314706	1	25	RTL1
Positive Regulation of Small Molecule Metabolic Process (GO:0062013)	0.44887515689526813	0.6483752266264984	1.729193479193479	1.3851020934314706	1	25	HNF4A
Positive Regulation of T Cell Cytokine Production (GO:0002726)	0.44887515689526813	0.6483752266264984	1.729193479193479	1.3851020934314706	1	25	SECTM1
Reg of Endoplasmic Reticulum Stress-Induced Intrinsic Apoptotic Signaling Pathway (GO:1902235)	0.44887515689526813	0.6483752266264984	1.729193479193479	1.3851020934314706	1	25	NCK2
Regulation of ERAD Pathway (GO:1904292)	0.44887515689526813	0.6483752266264984	1.729193479193479	1.3851020934314706	1	25	RNF185
Regulation of Membrane Depolarization (GO:0003254)	0.44887515689526813	0.6483752266264984	1.729193479193479	1.3851020934314706	1	25	PTPN3
Response to Purine-Containing Compound (GO:0014074)	0.44887515689526813	0.6483752266264984	1.729193479193479	1.3851020934314706	1	25	VGF
Sodium Ion Import Across Plasma Membrane (GO:0098719)	0.44887515689526813	0.6483752266264984	1.729193479193479	1.3851020934314706	1	25	SLC12A2
Extracellular Matrix Organization (GO:0030198)	0.45037265927081255	0.6496579902336754	1.1404119812916709	0.9096837234255847	5	187	COL5A1;CTSV;DMP1;ITGA2;MMP15
Negative Regulation of Macromolecule Biosynthetic Process (GO:0010558)	0.45037265927081255	0.6496579902336754	1.1404119812916709	0.9096837234255847	5	187	LGMN;PPP2CB;PSEN1;SLC2A10;SOX11
Canonical Wnt Signaling Pathway (GO:0060070)	0.4544878630808601	0.6551508614525988	1.3175830469644902	1.0390250012292184	2	65	LRP5;WNT9A
Cell Junction Assembly (GO:0034329)	0.4567155288099403	0.6571375747613286	1.2089069840275604	0.9474138234925219	3	106	ITGA6;PLXNA2;PLXNB1
Intracellular Signaling Cassette (GO:0141124)	0.4613417161981533	0.6571375747613286	1.0766892892075115	0.8329443418395004	9	356	ARFIP2;ARHGAP32;CEBPG;CHP1;ERBB3;PLD1;PTPN3;RAC1;ZDHHC9
Cardiac Conduction System Development (GO:0003161)	0.46185926615312295	0.6571375747613286	1.65997425997426	1.2823219039744487	1	26	GATA6
Cellular Response to pH (GO:0071467)	0.46185926615312295	0.6571375747613286	1.65997425997426	1.2823219039744487	1	26	CHP1
Mitotic Cytokinetic Process (GO:1902410)	0.46185926615312295	0.6571375747613286	1.65997425997426	1.2823219039744487	1	26	CHMP5
Peptide Hormone Secretion (GO:0030072)	0.46185926615312295	0.6571375747613286	1.65997425997426	1.2823219039744487	1	26	EDN3
Peroxisome Organization (GO:0007031)	0.46185926615312295	0.6571375747613286	1.65997425997426	1.2823219039744487	1	26	PEX11A
Phospholipid Catabolic Process (GO:0009395)	0.46185926615312295	0.6571375747613286	1.65997425997426	1.2823219039744487	1	26	PLD1
Positive Regulation of Epidermal Growth Factor Receptor Signaling Pathway (GO:0045742)	0.46185926615312295	0.6571375747613286	1.65997425997426	1.2823219039744487	1	26	PTK6
Potassium Ion Homeostasis (GO:0055075)	0.46185926615312295	0.6571375747613286	1.65997425997426	1.2823219039744487	1	26	SLC12A2
Protein Targeting to Lysosome (GO:0006622)	0.46185926615312295	0.6571375747613286	1.65997425997426	1.2823219039744487	1	26	AP4M1
Regulation of Glycogen Biosynthetic Process (GO:0005979)	0.46185926615312295	0.6571375747613286	1.65997425997426	1.2823219039744487	1	26	DYRK2
Regulation of Synaptic Transmission, GABAergic (GO:0032228)	0.46185926615312295	0.6571375747613286	1.65997425997426	1.2823219039744487	1	26	ZDHHC3
Regulation of Vascular Endothelial Growth Factor Signaling Pathway (GO:1900746)	0.46185926615312295	0.6571375747613286	1.65997425997426	1.2823219039744487	1	26	SEMA6A
Retinoic Acid Metabolic Process (GO:0042573)	0.46185926615312295	0.6571375747613286	1.65997425997426	1.2823219039744487	1	26	CYP3A7
Transposable Element Silencing (GO:0010526)	0.46185926615312295	0.6571375747613286	1.65997425997426	1.2823219039744487	1	26	DNMT3L
Triglyceride Catabolic Process (GO:0019433)	0.46185926615312295	0.6571375747613286	1.65997425997426	1.2823219039744487	1	26	APOC3
Vascular Endothelial Cell Response to Fluid Shear Stress (GO:0097699)	0.46185926615312295	0.6571375747613286	1.65997425997426	1.2823219039744487	1	26	ADCY6
Negative Regulation of Programmed Cell Death (GO:0043069)	0.46200636764260966	0.6571375747613286	1.069923217353952	0.826169677821545	10	398	ATG5;BCL2L2;ERBB3;FTH1;GATA6;NUAK2;PSEN1;RPS6KA1;SC5D;SRC
Positive Regulation of Protein Polymerization (GO:0032273)	0.46233881901594415	0.6571375747613286	1.2969555412371134	1.0005457969701133	2	66	NCK2;NCKAP1
Protein-containing Complex Disassembly (GO:0032984)	0.46233881901594415	0.6571375747613286	1.2969555412371134	1.0005457969701133	2	66	CHMP5;GABARAPL1
Positive Regulation of ERK1 and ERK2 Cascade (GO:0070374)	0.46656404657763406	0.6627012307152004	1.144970150583623	0.8728794169997023	4	149	DDT;HTR2C;OR2AT4;PDGFA
Positive Regulation of Protein Phosphorylation (GO:0001934)	0.46889670106104364	0.6655710829974334	1.1858064516129032	0.8980975387565416	3	108	FAXDC2;NPTN;RAC1
Protein Targeting to Membrane (GO:0006612)	0.4701229998741534	0.666867754977841	1.2769627279936557	0.9638015591161534	2	67	ZDHHC3;ZDHHC9
Positive Regulation of Cellular Process (GO:0048522)	0.4710143852014407	0.6676879449797019	1.0447764476149428	0.7865773374314846	15	611	CDK18;CHP1;CHP2;CNTFR;EAPP;EDN3;EPB41L4B;HES5;HTATIP2;LGMN;LRP5;PDGFA;PTK6;RPS6KA1;SLC25A5
Protein Processing (GO:0016485)	0.47169805020057837	0.6682127860648724	1.1370924923011574	0.85442974492367	4	150	AFG3L2;LGMN;PSEN1;TMPRSS11A
Cellular Response to Corticosteroid Stimulus (GO:0071384)	0.47453786216633004	0.6682395786912917	1.5960795960795962	1.189739869017627	1	27	SSTR4
Intrinsic Apoptotic Signaling Pathway in Response to Endoplasmic Reticulum Stress (GO:0070059)	0.47453786216633004	0.6682395786912917	1.5960795960795962	1.189739869017627	1	27	RNF186
Negative Chemotaxis (GO:0050919)	0.47453786216633004	0.6682395786912917	1.5960795960795962	1.189739869017627	1	27	PDGFA
Positive Regulation of Cell-Substrate Junction Organization (GO:0150117)	0.47453786216633004	0.6682395786912917	1.5960795960795962	1.189739869017627	1	27	RAC1
Regulation of Actin Filament Bundle Assembly (GO:0032231)	0.47453786216633004	0.6682395786912917	1.5960795960795962	1.189739869017627	1	27	RAC1
Regulation of Chondrocyte Differentiation (GO:0032330)	0.47453786216633004	0.6682395786912917	1.5960795960795962	1.189739869017627	1	27	WNT9A
Regulation of Monocyte Chemotaxis (GO:0090025)	0.47453786216633004	0.6682395786912917	1.5960795960795962	1.189739869017627	1	27	LGMN
Regulation of Toll-Like Receptor 4 Signaling Pathway (GO:0034143)	0.47453786216633004	0.6682395786912917	1.5960795960795962	1.189739869017627	1	27	APPL2
Sterol Transport (GO:0015918)	0.47453786216633004	0.6682395786912917	1.5960795960795962	1.189739869017627	1	27	OSBP
Negative Regulation of Protein Catabolic Process (GO:0042177)	0.47783919606126524	0.6715577890590755	1.2575757575757576	0.9286958193823859	2	68	ALAD;PTPN3
Negative Regulation of TOR Signaling (GO:0032007)	0.47783919606126524	0.6715577890590755	1.2575757575757576	0.9286958193823859	2	68	RPS6KA1;TMEM127
Positive Regulation of Type I Interferon Production (GO:0032481)	0.47783919606126524	0.6715577890590755	1.2575757575757576	0.9286958193823859	2	68	RIOK3;UAP1
Eye Development (GO:0001654)	0.48548629202484783	0.6719370927098558	1.238767502692722	0.8951386329822241	2	69	COL5A1;HES5
Neurogenesis (GO:0022008)	0.48548629202484783	0.6719370927098558	1.238767502692722	0.8951386329822241	2	69	GCM2;NDUFS2
Protein K63-linked Ubiquitination (GO:0070534)	0.48548629202484783	0.6719370927098558	1.238767502692722	0.8951386329822241	2	69	RNF186;UBE2E3
Cellular Response to Hexose Stimulus (GO:0071331)	0.48691812453047806	0.6719370927098558	1.5369178702512036	1.1060572265940736	1	28	SLC39A14
Epithelial Cell Development (GO:0002064)	0.48691812453047806	0.6719370927098558	1.5369178702512036	1.1060572265940736	1	28	ADAM7
Hematopoietic Progenitor Cell Differentiation (GO:0002244)	0.48691812453047806	0.6719370927098558	1.5369178702512036	1.1060572265940736	1	28	SBDS
Hormone Biosynthetic Process (GO:0042446)	0.48691812453047806	0.6719370927098558	1.5369178702512036	1.1060572265940736	1	28	FDX1
Negative Regulation of Cell Junction Assembly (GO:1901889)	0.48691812453047806	0.6719370927098558	1.5369178702512036	1.1060572265940736	1	28	SRC
Negative Regulation of DNA Metabolic Process (GO:0051053)	0.48691812453047806	0.6719370927098558	1.5369178702512036	1.1060572265940736	1	28	SRC
Negative Regulation of Neurogenesis (GO:0050768)	0.48691812453047806	0.6719370927098558	1.5369178702512036	1.1060572265940736	1	28	APPL2
Negative Regulation of Protein Localization to Membrane (GO:1905476)	0.48691812453047806	0.6719370927098558	1.5369178702512036	1.1060572265940736	1	28	NUMB
Negative Regulation of cAMP/PKA Signal Transduction (GO:0141162)	0.48691812453047806	0.6719370927098558	1.5369178702512036	1.1060572265940736	1	28	PDE4C
Nuclear Membrane Organization (GO:0071763)	0.48691812453047806	0.6719370927098558	1.5369178702512036	1.1060572265940736	1	28	CHMP5
Organelle Fusion (GO:0048284)	0.48691812453047806	0.6719370927098558	1.5369178702512036	1.1060572265940736	1	28	CIDEC
Positive Regulation of ERBB Signaling Pathway (GO:1901186)	0.48691812453047806	0.6719370927098558	1.5369178702512036	1.1060572265940736	1	28	PTK6
Positive Regulation of Epithelial Cell Differentiation (GO:0030858)	0.48691812453047806	0.6719370927098558	1.5369178702512036	1.1060572265940736	1	28	PROM1
Protein Quality Control for Misfolded or Incompletely Synthesized Proteins (GO:0006515)	0.48691812453047806	0.6719370927098558	1.5369178702512036	1.1060572265940736	1	28	AFG3L2
Proteinogenic Amino Acid Metabolic Process (GO:0170039)	0.48691812453047806	0.6719370927098558	1.5369178702512036	1.1060572265940736	1	28	SHMT1
Regulation of Actin Polymerization or Depolymerization (GO:0008064)	0.48691812453047806	0.6719370927098558	1.5369178702512036	1.1060572265940736	1	28	GBA2
Regulation of Cholesterol Metabolic Process (GO:0090181)	0.48691812453047806	0.6719370927098558	1.5369178702512036	1.1060572265940736	1	28	EPHX2
Regulation of Glucose Metabolic Process (GO:0010906)	0.48691812453047806	0.6719370927098558	1.5369178702512036	1.1060572265940736	1	28	ADIPOR1
Regulation of Hydrolase Activity (GO:0051336)	0.48691812453047806	0.6719370927098558	1.5369178702512036	1.1060572265940736	1	28	RAP1GAP
Regulation of Rac Protein Signal Transduction (GO:0035020)	0.48691812453047806	0.6719370927098558	1.5369178702512036	1.1060572265940736	1	28	SRC
Regulation of Supramolecular Fiber Organization (GO:1902903)	0.48691812453047806	0.6719370927098558	1.5369178702512036	1.1060572265940736	1	28	GBA2
Renal Water Homeostasis (GO:0003091)	0.48691812453047806	0.6719370927098558	1.5369178702512036	1.1060572265940736	1	28	ADCY6
Wnt Signaling Pathway, Planar Cell Polarity Pathway (GO:0060071)	0.48691812453047806	0.6719370927098558	1.5369178702512036	1.1060572265940736	1	28	RAC1
External Encapsulating Structure Organization (GO:0045229)	0.48693377497032236	0.6719370927098558	1.1527598566308244	0.8295572912226611	3	111	DMP1;ITGA2;MMP15
Extracellular Structure Organization (GO:0043062)	0.48693377497032236	0.6719370927098558	1.1527598566308244	0.8295572912226611	3	111	DMP1;ITGA2;MMP15
Positive Regulation of Cell-Substrate Adhesion (GO:0010811)	0.4930632618754046	0.6784968501946375	1.2205124317768345	0.8630460570110573	2	70	RAC1;RAC3
Regulation of Heart Contraction (GO:0008016)	0.4930632618754046	0.6784968501946375	1.2205124317768345	0.8630460570110573	2	70	CALM1;TNNI3K
Cellular Response to Glucocorticoid Stimulus (GO:0071385)	0.4990070643082512	0.6784968501946375	1.481981981981982	1.0301775841700564	1	29	SSTR4
Cholesterol Biosynthetic Process (GO:0006695)	0.4990070643082512	0.6784968501946375	1.481981981981982	1.0301775841700564	1	29	SC5D
Fc-gamma Receptor Signaling Pathway (GO:0038094)	0.4990070643082512	0.6784968501946375	1.481981981981982	1.0301775841700564	1	29	SRC
Glycosaminoglycan Metabolic Process (GO:0030203)	0.4990070643082512	0.6784968501946375	1.481981981981982	1.0301775841700564	1	29	EXT1
Negative Regulation of Lipid Biosynthetic Process (GO:0051055)	0.4990070643082512	0.6784968501946375	1.481981981981982	1.0301775841700564	1	29	APOC3
Negative Regulation of Mitotic Cell Cycle (GO:0045930)	0.4990070643082512	0.6784968501946375	1.481981981981982	1.0301775841700564	1	29	PTPN3
Negative Regulation of Protein Localization to Cell Periphery (GO:1904376)	0.4990070643082512	0.6784968501946375	1.481981981981982	1.0301775841700564	1	29	NUMB
Osteoclast Differentiation (GO:0030316)	0.4990070643082512	0.6784968501946375	1.481981981981982	1.0301775841700564	1	29	SRC
Positive Regulation of Fibroblast Proliferation (GO:0048146)	0.4990070643082512	0.6784968501946375	1.481981981981982	1.0301775841700564	1	29	PDGFA
Positive Regulation of Protein Import Into Nucleus (GO:0042307)	0.4990070643082512	0.6784968501946375	1.481981981981982	1.0301775841700564	1	29	CHP2
Primary Neural Tube Formation (GO:0014020)	0.4990070643082512	0.6784968501946375	1.481981981981982	1.0301775841700564	1	29	COBL
Pyroptotic Inflammatory Response (GO:0070269)	0.4990070643082512	0.6784968501946375	1.481981981981982	1.0301775841700564	1	29	GZMA
Regulation of Calcium Ion Transmembrane Transport (GO:1903169)	0.4990070643082512	0.6784968501946375	1.481981981981982	1.0301775841700564	1	29	AFG3L2
Regulation of Calcium Ion-Dependent Exocytosis (GO:0017158)	0.4990070643082512	0.6784968501946375	1.481981981981982	1.0301775841700564	1	29	SYT7
Regulation of Cardiac Muscle Cell Action Potential (GO:0098901)	0.4990070643082512	0.6784968501946375	1.481981981981982	1.0301775841700564	1	29	CALM1
Regulation of Immunoglobulin Production (GO:0002637)	0.4990070643082512	0.6784968501946375	1.481981981981982	1.0301775841700564	1	29	VAMP3
Regulation of Microtubule Polymerization or Depolymerization (GO:0031110)	0.4990070643082512	0.6784968501946375	1.481981981981982	1.0301775841700564	1	29	GBA2
Response to Interferon-Beta (GO:0035456)	0.4990070643082512	0.6784968501946375	1.481981981981982	1.0301775841700564	1	29	CALM1
Secondary Alcohol Biosynthetic Process (GO:1902653)	0.4990070643082512	0.6784968501946375	1.481981981981982	1.0301775841700564	1	29	SC5D
Vascular Endothelial Growth Factor Receptor Signaling Pathway (GO:0048010)	0.4990070643082512	0.6784968501946375	1.481981981981982	1.0301775841700564	1	29	SRC
Ventricular Septum Morphogenesis (GO:0060412)	0.4990070643082512	0.6784968501946375	1.481981981981982	1.0301775841700564	1	29	SOX11
Antiviral Innate Immune Response (GO:0140374)	0.500569166453246	0.6801870381633656	1.2027864933512624	0.832339673932713	2	71	AKAP1;UAP1
Negative Regulation of Gene Expression (GO:0010629)	0.5040480001098218	0.6840767448886546	1.0373862158647593	0.7106964671098309	9	369	DNMT3L;LGMN;NPTN;PPP2CB;PSEN1;SHMT1;SLC2A10;SOX11;TOB1
Axon Development (GO:0061564)	0.5046689698968272	0.6840767448886546	1.1214995640802092	0.7669403589247233	3	114	AFG3L2;ATOH1;EPHB3
Regulation of Cell Cycle Process (GO:0010564)	0.5070847766348342	0.6840767448886546	1.0848322102312071	0.7366846864372228	4	157	CALM1;CDK18;CDKN2B;PPP2R2D
Negative Regulation of Cell Cycle (GO:0045786)	0.5080031492929109	0.6840767448886546	1.1855670103092784	0.8029461616819422	2	72	PPP1R13B;PTPN3
Regulation of Protein-Containing Complex Assembly (GO:0043254)	0.5105100320612853	0.6840767448886546	1.111451612903226	0.7472789237054149	3	115	FBLIM1;RIOK3;SRC
Cellular Response to Laminar Fluid Shear Stress (GO:0071499)	0.5108115280782074	0.6840767448886546	1.4308347756623618	0.9611698229394546	1	30	ADCY6
Monocarboxylic Acid Catabolic Process (GO:0072329)	0.5108115280782074	0.6840767448886546	1.4308347756623618	0.9611698229394546	1	30	ACAD10
Negative Regulation of Cytokine Production Involved in Inflammatory Response (GO:1900016)	0.5108115280782074	0.6840767448886546	1.4308347756623618	0.9611698229394546	1	30	APPL2
Negative Regulation of Wound Healing (GO:0061045)	0.5108115280782074	0.6840767448886546	1.4308347756623618	0.9611698229394546	1	30	SLC12A2
Positive Regulation of G Protein-Coupled Receptor Signaling Pathway (GO:0045745)	0.5108115280782074	0.6840767448886546	1.4308347756623618	0.9611698229394546	1	30	SLC39A14
Positive Regulation of Leukocyte Migration (GO:0002687)	0.5108115280782074	0.6840767448886546	1.4308347756623618	0.9611698229394546	1	30	EDN3
Positive Regulation of Lipid Metabolic Process (GO:0045834)	0.5108115280782074	0.6840767448886546	1.4308347756623618	0.9611698229394546	1	30	SCP2
Positive Regulation of Macromolecule Metabolic Process (GO:0010604)	0.5108115280782074	0.6840767448886546	1.4308347756623618	0.9611698229394546	1	30	VAMP3
Positive Regulation of Mitotic Cell Cycle (GO:0045931)	0.5108115280782074	0.6840767448886546	1.4308347756623618	0.9611698229394546	1	30	LGMN
Protein Targeting to Vacuole (GO:0006623)	0.5108115280782074	0.6840767448886546	1.4308347756623618	0.9611698229394546	1	30	AP4M1
Regulation of Cardiac Muscle Contraction by Calcium Ion Signaling (GO:0010882)	0.5108115280782074	0.6840767448886546	1.4308347756623618	0.9611698229394546	1	30	CALM1
Regulation of Centrosome Cycle (GO:0046605)	0.5108115280782074	0.6840767448886546	1.4308347756623618	0.9611698229394546	1	30	CHMP5
Regulation of Lipid Biosynthetic Process (GO:0046890)	0.5108115280782074	0.6840767448886546	1.4308347756623618	0.9611698229394546	1	30	SCP2
Regulation of Long-Term Synaptic Potentiation (GO:1900271)	0.5108115280782074	0.6840767448886546	1.4308347756623618	0.9611698229394546	1	30	LGMN
Regulation of Mitochondrion Organization (GO:0010821)	0.5108115280782074	0.6840767448886546	1.4308347756623618	0.9611698229394546	1	30	MTCH2
Regulation of Platelet Activation (GO:0010543)	0.5108115280782074	0.6840767448886546	1.4308347756623618	0.9611698229394546	1	30	PDGFA
Sphingolipid Catabolic Process (GO:0030149)	0.5108115280782074	0.6840767448886546	1.4308347756623618	0.9611698229394546	1	30	GBA2
Tube Closure (GO:0060606)	0.5108115280782074	0.6840767448886546	1.4308347756623618	0.9611698229394546	1	30	COBL
Establishment of Protein Localization to Membrane (GO:0090150)	0.5153644337336801	0.688686492290687	1.1688325831276318	0.7747969001500632	2	73	ZDHHC3;ZDHHC9
Negative Regulation of Extrinsic Apoptotic Signaling Pathway (GO:2001237)	0.5153644337336801	0.688686492290687	1.1688325831276318	0.7747969001500632	2	73	ITGA6;SRC
Positive Regulation of Cytoskeleton Organization (GO:0051495)	0.5153644337336801	0.688686492290687	1.1688325831276318	0.7747969001500632	2	73	NCK2;NCKAP1
Positive Regulation of Cell Cycle Process (GO:0090068)	0.5163145873816043	0.688686492290687	1.1015815015700827	0.7281883714529682	3	116	CDC14A;EDN3;LRP5
Regulation of Macromolecule Biosynthetic Process (GO:0010556)	0.5170008902215719	0.688686492290687	1.0707676919229807	0.7063968849194787	4	159	EDN3;PDGFA;PSEN1;TOB1
Skeletal System Development (GO:0001501)	0.5219239100709937	0.688686492290687	1.0638706685218313	0.6917643141601867	4	160	BMP8B;COL5A1;HES5;SHOX
Calcium Ion Import (GO:0070509)	0.5223382016808479	0.688686492290687	1.3830973830973832	0.8982387713294394	1	31	MCUR1
Dicarboxylic Acid Transport (GO:0006835)	0.5223382016808479	0.688686492290687	1.3830973830973832	0.8982387713294394	1	31	SLC19A1
Mitochondrial Respiratory Chain Complex I Assembly (GO:0032981)	0.5223382016808479	0.688686492290687	1.3830973830973832	0.8982387713294394	1	31	NDUFS2
NADH Dehydrogenase Complex Assembly (GO:0010257)	0.5223382016808479	0.688686492290687	1.3830973830973832	0.8982387713294394	1	31	NDUFS2
Negative Regulation of Protein Localization to Plasma Membrane (GO:1903077)	0.5223382016808479	0.688686492290687	1.3830973830973832	0.8982387713294394	1	31	NUMB
Neural Tube Closure (GO:0001843)	0.5223382016808479	0.688686492290687	1.3830973830973832	0.8982387713294394	1	31	COBL
Positive Regulation of Cholesterol Transport (GO:0032376)	0.5223382016808479	0.688686492290687	1.3830973830973832	0.8982387713294394	1	31	SCP2
Positive Regulation of Immunoglobulin Production (GO:0002639)	0.5223382016808479	0.688686492290687	1.3830973830973832	0.8982387713294394	1	31	VAMP3
Positive Regulation of Notch Signaling Pathway (GO:0045747)	0.5223382016808479	0.688686492290687	1.3830973830973832	0.8982387713294394	1	31	SRC
Positive Regulation of Tyrosine Phosphorylation of STAT Protein (GO:0042531)	0.5223382016808479	0.688686492290687	1.3830973830973832	0.8982387713294394	1	31	IL13RA1
Regulation of Centrosome Duplication (GO:0010824)	0.5223382016808479	0.688686492290687	1.3830973830973832	0.8982387713294394	1	31	CHMP5
Regulation of Fatty Acid Biosynthetic Process (GO:0042304)	0.5223382016808479	0.688686492290687	1.3830973830973832	0.8982387713294394	1	31	APOC3
Regulation of Keratinocyte Differentiation (GO:0045616)	0.5223382016808479	0.688686492290687	1.3830973830973832	0.8982387713294394	1	31	VDR
Regulation of Mitophagy (GO:1901524)	0.5223382016808479	0.688686492290687	1.3830973830973832	0.8982387713294394	1	31	SLC25A5
Regulation of Neuron Migration (GO:2001222)	0.5223382016808479	0.688686492290687	1.3830973830973832	0.8982387713294394	1	31	SEMA6A
Intracellular Protein Transport (GO:0006886)	0.5226116314301817	0.688686492290687	1.029868182612615	0.6682986308713947	7	289	AP4M1;APPL2;ARFIP2;CHP1;HOOK1;RAB6A;STRADB
Endocytic Recycling (GO:0032456)	0.5226523191962156	0.688686492290687	1.1525630011454753	0.7478276149120523	2	74	MYO1D;SNX4
Macromolecule Modification (GO:0043412)	0.5226523191962156	0.688686492290687	1.1525630011454753	0.7478276149120523	2	74	MMP15;STK38
Positive Regulation of Protein Localization to Nucleus (GO:1900182)	0.5226523191962156	0.688686492290687	1.1525630011454753	0.7478276149120523	2	74	CARD10;CHP2
Sphingolipid Metabolic Process (GO:0006665)	0.5226523191962156	0.688686492290687	1.1525630011454753	0.7478276149120523	2	74	DEGS2;FUT6
Neuron Projection Development (GO:0031175)	0.5263739773901644	0.6931620258158312	1.0424372834417885	0.6689771790566077	5	204	ATOH1;EPHB3;NCKAP1;PLXNB1;RAB6A
Neuron Projection Morphogenesis (GO:0048812)	0.5268229260469994	0.6933249866248166	1.0570615052913972	0.6774609838480689	4	161	AFG3L2;EPHB3;NCKAP1;PLXNB1
Mitochondrial Respiratory Chain Complex Assembly (GO:0033108)	0.5298661781933337	0.6968998716275061	1.136739161135433	0.7219780508626149	2	75	NDUFS2;SCO1
Synapse Organization (GO:0050808)	0.5316974730481937	0.6970720497824702	1.0503385340005889	0.6634784869905695	4	162	PLXNA2;PLXNB1;PSEN1;PTPRD
Regulation of Cell Motility (GO:2000145)	0.5335028048751633	0.6970720497824702	1.072992213570634	0.6741512980182787	3	119	PLXNA2;PLXNB1;RAC1
L-amino Acid Metabolic Process (GO:0170033)	0.5335936140923975	0.6970720497824702	1.33843982231079	0.8407018277572226	1	32	SHMT1
Multivesicular Body Assembly (GO:0036258)	0.5335936140923975	0.6970720497824702	1.33843982231079	0.8407018277572226	1	32	CHMP5
Negative Regulation of Blood Coagulation (GO:0030195)	0.5335936140923975	0.6970720497824702	1.33843982231079	0.8407018277572226	1	32	PDGFA
Nuclear Receptor-Mediated Signaling Pathway (GO:0141193)	0.5335936140923975	0.6970720497824702	1.33843982231079	0.8407018277572226	1	32	VDR
Nucleoside Phosphate Metabolic Process (GO:0006753)	0.5335936140923975	0.6970720497824702	1.33843982231079	0.8407018277572226	1	32	ACSF2
Positive Regulation of ATP Metabolic Process (GO:1903580)	0.5335936140923975	0.6970720497824702	1.33843982231079	0.8407018277572226	1	32	PSEN1
Regulation of Metabolic Process (GO:0019222)	0.5335936140923975	0.6970720497824702	1.33843982231079	0.8407018277572226	1	32	RAC1
Regulation of Spindle Assembly (GO:0090169)	0.5335936140923975	0.6970720497824702	1.33843982231079	0.8407018277572226	1	32	CHMP5
Regulation of Vasoconstriction (GO:0019229)	0.5335936140923975	0.6970720497824702	1.33843982231079	0.8407018277572226	1	32	PER2
Regulation of Cellular Component Organization (GO:0051128)	0.5413713762729734	0.7049504481315363	1.0371447028423773	0.6364436115001112	4	164	ARHGEF11;EPHX2;NUMB;SLC2A10
Lymphocyte Differentiation (GO:0030098)	0.5440696551841295	0.7049504481315363	1.1063573883161513	0.6734153998664807	2	77	CEBPG;SLC25A5
Collagen Catabolic Process (GO:0030574)	0.544584140747017	0.7049504481315363	1.296573359073359	0.787970183958562	1	33	MMP15
Embryonic Skeletal System Morphogenesis (GO:0048704)	0.544584140747017	0.7049504481315363	1.296573359073359	0.787970183958562	1	33	SOX11
Endodermal Cell Differentiation (GO:0035987)	0.544584140747017	0.7049504481315363	1.296573359073359	0.787970183958562	1	33	MMP15
Innate Immune Response Activating Cell Surface Receptor Signaling Pathway (GO:0002220)	0.544584140747017	0.7049504481315363	1.296573359073359	0.787970183958562	1	33	SRC
Intra-Golgi Vesicle-Mediated Transport (GO:0006891)	0.544584140747017	0.7049504481315363	1.296573359073359	0.787970183958562	1	33	RAB6A
Multicellular Organismal-Level Water Homeostasis (GO:0050891)	0.544584140747017	0.7049504481315363	1.296573359073359	0.787970183958562	1	33	ADCY6
Multivesicular Body Organization (GO:0036257)	0.544584140747017	0.7049504481315363	1.296573359073359	0.787970183958562	1	33	CHMP5
Muscle Cell Differentiation (GO:0042692)	0.544584140747017	0.7049504481315363	1.296573359073359	0.787970183958562	1	33	GATA6
Negative Regulation of Insulin Receptor Signaling Pathway (GO:0046627)	0.544584140747017	0.7049504481315363	1.296573359073359	0.787970183958562	1	33	SLC27A4
Regulation of Cell Adhesion Mediated by Integrin (GO:0033628)	0.544584140747017	0.7049504481315363	1.296573359073359	0.787970183958562	1	33	RAC3
Regulation of Plasma Membrane Bounded Cell Projection Organization (GO:0120035)	0.544584140747017	0.7049504481315363	1.296573359073359	0.787970183958562	1	33	PSEN1
Regulation of Vasculature Development (GO:1901342)	0.544584140747017	0.7049504481315363	1.296573359073359	0.787970183958562	1	33	TSPAN12
Ribosome Assembly (GO:0042255)	0.544584140747017	0.7049504481315363	1.296573359073359	0.787970183958562	1	33	SBDS
Brain Development (GO:0007420)	0.5461698782899369	0.7065741386614961	1.0306707111560498	0.6233756388286174	4	165	AATK;HES5;RTN3;SOX11
Glycoprotein Metabolic Process (GO:0009100)	0.5510583572096569	0.7097924033917128	1.0917661421595226	0.6505993445798454	2	78	FUT6;MGAT4B
Dendrite Morphogenesis (GO:0048813)	0.5553160079068372	0.7097924033917128	1.2572442572442573	0.7395336316709478	1	34	EPHB3
Intracellular Receptor Signaling Pathway (GO:0030522)	0.5553160079068372	0.7097924033917128	1.2572442572442573	0.7395336316709478	1	34	VDR
Mesenchymal Cell Migration (GO:0090497)	0.5553160079068372	0.7097924033917128	1.2572442572442573	0.7395336316709478	1	34	SEMA6A
Mitochondrial Electron Transport, NADH to Ubiquinone (GO:0006120)	0.5553160079068372	0.7097924033917128	1.2572442572442573	0.7395336316709478	1	34	NDUFS2
Natural Killer Cell Mediated Cytotoxicity (GO:0042267)	0.5553160079068372	0.7097924033917128	1.2572442572442573	0.7395336316709478	1	34	CEBPG
Negative Regulation of Cell-Matrix Adhesion (GO:0001953)	0.5553160079068372	0.7097924033917128	1.2572442572442573	0.7395336316709478	1	34	SRC
Negative Regulation of G1/S Transition of Mitotic Cell Cycle (GO:2000134)	0.5553160079068372	0.7097924033917128	1.2572442572442573	0.7395336316709478	1	34	CDKN2B
Negative Regulation of JNK Cascade (GO:0046329)	0.5553160079068372	0.7097924033917128	1.2572442572442573	0.7395336316709478	1	34	MARVELD3
Negative Regulation of Osteoblast Differentiation (GO:0045668)	0.5553160079068372	0.7097924033917128	1.2572442572442573	0.7395336316709478	1	34	LRP5
Organelle Transport Along Microtubule (GO:0072384)	0.5553160079068372	0.7097924033917128	1.2572442572442573	0.7395336316709478	1	34	RAB6A
Positive Regulation of Myeloid Cell Differentiation (GO:0045639)	0.5553160079068372	0.7097924033917128	1.2572442572442573	0.7395336316709478	1	34	FAXDC2
Positive Regulation of Smoothened Signaling Pathway (GO:0045880)	0.5553160079068372	0.7097924033917128	1.2572442572442573	0.7395336316709478	1	34	DYRK2
Regulation of Bone Resorption (GO:0045124)	0.5553160079068372	0.7097924033917128	1.2572442572442573	0.7395336316709478	1	34	SRC
Regulation of Cell Migration Involved in Sprouting Angiogenesis (GO:0090049)	0.5553160079068372	0.7097924033917128	1.2572442572442573	0.7395336316709478	1	34	CARD10
Regulation of G0 to G1 Transition (GO:0070316)	0.5553160079068372	0.7097924033917128	1.2572442572442573	0.7395336316709478	1	34	CDKN2B
Regulation of Gluconeogenesis (GO:0006111)	0.5553160079068372	0.7097924033917128	1.2572442572442573	0.7395336316709478	1	34	PRKAG2
Regulation of Regulated Secretory Pathway (GO:1903305)	0.5553160079068372	0.7097924033917128	1.2572442572442573	0.7395336316709478	1	34	SYT7
Regulation of Transmembrane Receptor Protein Serine/Threonine Kinase Signaling Pathway (GO:0090092)	0.5553160079068372	0.7097924033917128	1.2572442572442573	0.7395336316709478	1	34	SOX11
Vacuolar Acidification (GO:0007035)	0.5553160079068372	0.7097924033917128	1.2572442572442573	0.7395336316709478	1	34	ATP6V0A1
Regulation of G Protein-Coupled Receptor Signaling Pathway (GO:0008277)	0.557971195252461	0.7127588905202198	1.0775538894095595	0.628696596308785	2	79	SLC39A14;ZDHHC3
Cell Surface Receptor Signaling Pathway via STAT (GO:0097696)	0.564807864135257	0.7137725263633715	1.063706053396775	0.6076630051945023	2	80	IL13RA1;TNFRSF1A
Neuropeptide Signaling Pathway (GO:0007218)	0.564807864135257	0.7137725263633715	1.063706053396775	0.6076630051945023	2	80	NPBWR1;SSTR4
Regulation of TOR Signaling (GO:0032006)	0.564807864135257	0.7137725263633715	1.063706053396775	0.6076630051945023	2	80	RPS6KA1;TMEM127
Positive Regulation of Transcription by RNA Polymerase II (GO:0045944)	0.5656351009603533	0.7137725263633715	0.9809146158667866	0.5589311382093485	23	995	ATOH1;CASZ1;CEBPG;CHP2;CREB3L4;EAPP;ESRRA;GATA6;HES6;HNF1B;HNF4A;HOXB7;HTATIP2;IRF6;ITGA6;LMO7;LRP5;NCK2;RPS6KA1;SHOX;SOX11;TNFRSF1A;VDR
Acetylcholine Receptor Signaling Pathway (GO:0095500)	0.5657952952880384	0.7137725263633715	1.220228631993338	0.6949481922292211	1	35	GNA11
Apoptotic Mitochondrial Changes (GO:0008637)	0.5657952952880384	0.7137725263633715	1.220228631993338	0.6949481922292211	1	35	BCL2L2
Cellular Response to Glucose Stimulus (GO:0071333)	0.5657952952880384	0.7137725263633715	1.220228631993338	0.6949481922292211	1	35	SLC39A14
DNA Damage Checkpoint Signaling (GO:0000077)	0.5657952952880384	0.7137725263633715	1.220228631993338	0.6949481922292211	1	35	STK38
Diterpenoid Metabolic Process (GO:0016101)	0.5657952952880384	0.7137725263633715	1.220228631993338	0.6949481922292211	1	35	ALDH3A2
Epithelial Tube Morphogenesis (GO:0060562)	0.5657952952880384	0.7137725263633715	1.220228631993338	0.6949481922292211	1	35	PERP
Host-mediated Activation of Viral Process (GO:0044794)	0.5657952952880384	0.7137725263633715	1.220228631993338	0.6949481922292211	1	35	ZDHHC9
Integrated Stress Response Signaling (GO:0140467)	0.5657952952880384	0.7137725263633715	1.220228631993338	0.6949481922292211	1	35	CEBPG
Negative Regulation of Blood Vessel Endothelial Cell Migration (GO:0043537)	0.5657952952880384	0.7137725263633715	1.220228631993338	0.6949481922292211	1	35	CARD10
Positive Regulation of Cytokine Production Involved in Immune Response (GO:0002720)	0.5657952952880384	0.7137725263633715	1.220228631993338	0.6949481922292211	1	35	SECTM1
Positive Regulation of Mononuclear Cell Migration (GO:0071677)	0.5657952952880384	0.7137725263633715	1.220228631993338	0.6949481922292211	1	35	LGMN
Positive Regulation of Signal Transduction by P53 Class Mediator (GO:1901798)	0.5657952952880384	0.7137725263633715	1.220228631993338	0.6949481922292211	1	35	CHD5
Protein Localization to Lysosome (GO:0061462)	0.5657952952880384	0.7137725263633715	1.220228631993338	0.6949481922292211	1	35	AP4M1
Regulation of Tyrosine Phosphorylation of STAT Protein (GO:0042509)	0.5657952952880384	0.7137725263633715	1.220228631993338	0.6949481922292211	1	35	IL13RA1
Synaptic Vesicle Recycling (GO:0036465)	0.5657952952880384	0.7137725263633715	1.220228631993338	0.6949481922292211	1	35	SYT7
TOR Signaling (GO:0031929)	0.5657952952880384	0.7137725263633715	1.220228631993338	0.6949481922292211	1	35	RPS6KA1
Ubiquitin-dependent Protein Catabolic Process via the Multivesicular Body Sorting Pathway (GO:0043162)	0.5657952952880384	0.7137725263633715	1.220228631993338	0.6949481922292211	1	35	CHMP5
Protein Dephosphorylation (GO:0006470)	0.571568114679135	0.7177624594604259	1.0502087955108965	0.5874569921945896	2	81	PPM1A;PPP2CB
Positive Regulation of Canonical NF-kappaB Signal Transduction (GO:0043123)	0.5730039675189229	0.7177624594604259	0.98749460974558	0.5498988535660962	5	215	CARD10;NDFIP2;PPM1A;SECTM1;TNFRSF1A
Actin Filament Bundle Organization (GO:0061572)	0.5760279400266364	0.7177624594604259	1.1853281853281854	0.653825975015054	1	36	PLS1
Cell-cell Adhesion Mediated by Cadherin (GO:0044331)	0.5760279400266364	0.7177624594604259	1.1853281853281854	0.653825975015054	1	36	PLEKHA7
Cellular Response to Vascular Endothelial Growth Factor Stimulus (GO:0035924)	0.5760279400266364	0.7177624594604259	1.1853281853281854	0.653825975015054	1	36	SEMA6A
Detection of Chemical Stimulus Involved in Sensory Perception of Bitter Taste (GO:0001580)	0.5760279400266364	0.7177624594604259	1.1853281853281854	0.653825975015054	1	36	TAS2R19
Intracellular pH Reduction (GO:0051452)	0.5760279400266364	0.7177624594604259	1.1853281853281854	0.653825975015054	1	36	ATP6V0A1
Lipid Droplet Organization (GO:0034389)	0.5760279400266364	0.7177624594604259	1.1853281853281854	0.653825975015054	1	36	CIDEC
Lung Development (GO:0030324)	0.5760279400266364	0.7177624594604259	1.1853281853281854	0.653825975015054	1	36	SOX11
MRNA Transcription by RNA Polymerase II (GO:0042789)	0.5760279400266364	0.7177624594604259	1.1853281853281854	0.653825975015054	1	36	VDR
Male Meiotic Nuclear Division (GO:0007140)	0.5760279400266364	0.7177624594604259	1.1853281853281854	0.653825975015054	1	36	DNMT3L
Natural Killer Cell Mediated Immunity (GO:0002228)	0.5760279400266364	0.7177624594604259	1.1853281853281854	0.653825975015054	1	36	CEBPG
Negative Regulation of Cytoplasmic Pattern Recognition Receptor Signaling Pathway (GO:0039532)	0.5760279400266364	0.7177624594604259	1.1853281853281854	0.653825975015054	1	36	RIOK3
Negative Regulation of Phosphorylation (GO:0042326)	0.5760279400266364	0.7177624594604259	1.1853281853281854	0.653825975015054	1	36	CHP1
Positive Regulation of Bone Mineralization (GO:0030501)	0.5760279400266364	0.7177624594604259	1.1853281853281854	0.653825975015054	1	36	VDR
Positive Regulation of Reproductive Process (GO:2000243)	0.5760279400266364	0.7177624594604259	1.1853281853281854	0.653825975015054	1	36	ADAM7
Regulation of Blood Circulation (GO:1903522)	0.5760279400266364	0.7177624594604259	1.1853281853281854	0.653825975015054	1	36	PER2
Regulation of Filopodium Assembly (GO:0051489)	0.5760279400266364	0.7177624594604259	1.1853281853281854	0.653825975015054	1	36	MYO10
Regulation of Postsynapse Organization (GO:0099175)	0.5760279400266364	0.7177624594604259	1.1853281853281854	0.653825975015054	1	36	ARHGAP32
Response to Glucocorticoid (GO:0051384)	0.5760279400266364	0.7177624594604259	1.1853281853281854	0.653825975015054	1	36	SSTR4
Sensory Perception of Pain (GO:0019233)	0.5760279400266364	0.7177624594604259	1.1853281853281854	0.653825975015054	1	36	NIPSNAP1
Phospholipase C-activating G Protein-Coupled Receptor Signaling Pathway (GO:0007200)	0.5775887558974896	0.7192869319938364	1.0035171696149845	0.5508237088685358	3	127	GNA11;HTR2C;P2RY2
Protein Catabolic Process (GO:0030163)	0.5790055772734103	0.7205271541617663	0.987510766580534	0.5396185125726192	4	172	AFG3L2;CTSV;GZMA;LGMN
Negative Regulation of Transforming Growth Factor Beta Receptor Signaling Pathway (GO:0030512)	0.584858631438174	0.7205271541617663	1.0242140766195749	0.5493731869262699	2	83	PPM1A;SLC2A10
Positive Regulation of Endothelial Cell Migration (GO:0010595)	0.584858631438174	0.7205271541617663	1.0242140766195749	0.5493731869262699	2	83	LGMN;RAC1
Regulation of Cilium Assembly (GO:1902017)	0.584858631438174	0.7205271541617663	1.0242140766195749	0.5493731869262699	2	83	ATG5;TBC1D30
Actin Filament Bundle Assembly (GO:0051017)	0.5860197398295041	0.7205271541617663	1.1523666523666525	0.6158268181898752	1	37	PLS1
Endoderm Formation (GO:0001706)	0.5860197398295041	0.7205271541617663	1.1523666523666525	0.6158268181898752	1	37	MMP15
Host-mediated Perturbation of Viral Process (GO:0044788)	0.5860197398295041	0.7205271541617663	1.1523666523666525	0.6158268181898752	1	37	ZDHHC9
Negative Regulation of Cell Cycle G1/S Phase Transition (GO:1902807)	0.5860197398295041	0.7205271541617663	1.1523666523666525	0.6158268181898752	1	37	CDKN2B
Negative Regulation of Epithelial to Mesenchymal Transition (GO:0010719)	0.5860197398295041	0.7205271541617663	1.1523666523666525	0.6158268181898752	1	37	ADIPOR1
Negative Regulation of Transport (GO:0051051)	0.5860197398295041	0.7205271541617663	1.1523666523666525	0.6158268181898752	1	37	ERBB3
Neural Crest Cell Migration (GO:0001755)	0.5860197398295041	0.7205271541617663	1.1523666523666525	0.6158268181898752	1	37	SEMA6A
Peptidyl-serine Phosphorylation (GO:0018105)	0.5860197398295041	0.7205271541617663	1.1523666523666525	0.6158268181898752	1	37	TNNI3K
Positive Regulation of Axonogenesis (GO:0050772)	0.5860197398295041	0.7205271541617663	1.1523666523666525	0.6158268181898752	1	37	PLXNB1
Positive Regulation of Interferon-Beta Production (GO:0032728)	0.5860197398295041	0.7205271541617663	1.1523666523666525	0.6158268181898752	1	37	RIOK3
Positive Regulation of Intrinsic Apoptotic Signaling Pathway (GO:2001244)	0.5860197398295041	0.7205271541617663	1.1523666523666525	0.6158268181898752	1	37	NCK2
Protein K11-linked Ubiquitination (GO:0070979)	0.5860197398295041	0.7205271541617663	1.1523666523666525	0.6158268181898752	1	37	UBE2E3
Protein Monoubiquitination (GO:0006513)	0.5860197398295041	0.7205271541617663	1.1523666523666525	0.6158268181898752	1	37	UBE2E3
Regulation of Metal Ion Transport (GO:0010959)	0.5860197398295041	0.7205271541617663	1.1523666523666525	0.6158268181898752	1	37	KCNG4
Regulation of Microtubule Cytoskeleton Organization (GO:0070507)	0.5860197398295041	0.7205271541617663	1.1523666523666525	0.6158268181898752	1	37	TRIM36
Regulation of Potassium Ion Transport (GO:0043266)	0.5860197398295041	0.7205271541617663	1.1523666523666525	0.6158268181898752	1	37	KCNG4
Regulation of Protein Polymerization (GO:0032271)	0.5860197398295041	0.7205271541617663	1.1523666523666525	0.6158268181898752	1	37	GBA2
Sensory Perception of Bitter Taste (GO:0050913)	0.5860197398295041	0.7205271541617663	1.1523666523666525	0.6158268181898752	1	37	TAS2R19
Regulation of Neuron Apoptotic Process (GO:0043523)	0.5881932160738321	0.7227826724319366	0.9875268817204301	0.5240803050898365	3	129	CNTFR;ERBB3;LGMN
Regulation of Cytokinesis (GO:0032465)	0.5913886594532086	0.726290680849217	1.0116922303243652	0.531423563857866	2	84	CALM1;CDC14A
Anterograde Trans-Synaptic Signaling (GO:0098916)	0.5926554584692777	0.7270722332379512	0.9700953503483083	0.5074976831055928	4	175	HTR2C;NPBWR1;RPS6KA1;SLC1A6
Acylglycerol Catabolic Process (GO:0046464)	0.5957763562226552	0.7270722332379512	1.1211868238895266	0.5806513585369427	1	38	APOC3
Estrogen Metabolic Process (GO:0008210)	0.5957763562226552	0.7270722332379512	1.1211868238895266	0.5806513585369427	1	38	CYP3A7
Negative Regulation of Cell-Substrate Adhesion (GO:0010812)	0.5957763562226552	0.7270722332379512	1.1211868238895266	0.5806513585369427	1	38	SPRY4
Negative Regulation of Lymphocyte Activation (GO:0051250)	0.5957763562226552	0.7270722332379512	1.1211868238895266	0.5806513585369427	1	38	SOX11
Phosphatidylinositol Phosphate Biosynthetic Process (GO:0046854)	0.5957763562226552	0.7270722332379512	1.1211868238895266	0.5806513585369427	1	38	ITPKC
Positive Regulation of Carbohydrate Metabolic Process (GO:0045913)	0.5957763562226552	0.7270722332379512	1.1211868238895266	0.5806513585369427	1	38	PSEN1
Regulation of Cell Cycle Phase Transition (GO:1901987)	0.5957763562226552	0.7270722332379512	1.1211868238895266	0.5806513585369427	1	38	CDK18
Regulation of Potassium Ion Transmembrane Transport (GO:1901379)	0.5957763562226552	0.7270722332379512	1.1211868238895266	0.5806513585369427	1	38	KCNG4
Regulation of Release of Cytochrome C From Mitochondria (GO:0090199)	0.5957763562226552	0.7270722332379512	1.1211868238895266	0.5806513585369427	1	38	GHITM
Regulation of Sprouting Angiogenesis (GO:1903670)	0.5957763562226552	0.7270722332379512	1.1211868238895266	0.5806513585369427	1	38	SEMA6A
Regulation of T Cell Proliferation (GO:0042129)	0.6042180141911757	0.7344944077498073	0.9875429553264605	0.4975440848435865	2	86	NCK2;PLA2G2F
Negative Regulation of T Cell Proliferation (GO:0042130)	0.605303318206572	0.7344944077498073	1.09164803901646	0.5480352554214333	1	39	PLA2G2F
Peptidyl-tyrosine Modification (GO:0018212)	0.605303318206572	0.7344944077498073	1.09164803901646	0.5480352554214333	1	39	SRC
Positive Regulation of Production of Molecular Mediator of Immune Response (GO:0002702)	0.605303318206572	0.7344944077498073	1.09164803901646	0.5480352554214333	1	39	VAMP3
Positive Regulation of Viral Process (GO:0048524)	0.605303318206572	0.7344944077498073	1.09164803901646	0.5480352554214333	1	39	ATG5
Regulation of Amyloid-Beta Formation (GO:1902003)	0.605303318206572	0.7344944077498073	1.09164803901646	0.5480352554214333	1	39	RTN3
Regulation of Cellular Component Biogenesis (GO:0044087)	0.605303318206572	0.7344944077498073	1.09164803901646	0.5480352554214333	1	39	FAM110C
Regulation of Cytosolic Calcium Ion Concentration (GO:0051480)	0.605303318206572	0.7344944077498073	1.09164803901646	0.5480352554214333	1	39	SLC35G1
Synaptic Vesicle Cycle (GO:0099504)	0.605303318206572	0.7344944077498073	1.09164803901646	0.5480352554214333	1	39	SYT7
Ventricular Septum Development (GO:0003281)	0.605303318206572	0.7344944077498073	1.09164803901646	0.5480352554214333	1	39	SOX11
Positive Regulation of DNA Metabolic Process (GO:0051054)	0.6105173779796973	0.7399789936627144	0.9758944815039418	0.48155368823525424	2	87	CEBPG;PTK6
Protein Tetramerization (GO:0051262)	0.6105173779796973	0.7399789936627144	0.9758944815039418	0.48155368823525424	2	87	APPL2;SHMT1
Acylglycerol Metabolic Process (GO:0006639)	0.6146060241926582	0.7415619941022905	1.0636240636240637	0.517744356496291	1	40	APOC3
Detection of Chemical Stimulus Involved in Sensory Perception of Taste (GO:0050912)	0.6146060241926582	0.7415619941022905	1.0636240636240637	0.517744356496291	1	40	TAS2R19
Fatty Acid Transport (GO:0015908)	0.6146060241926582	0.7415619941022905	1.0636240636240637	0.517744356496291	1	40	SLC27A4
Negative Regulation of Proteolysis (GO:0045861)	0.6146060241926582	0.7415619941022905	1.0636240636240637	0.517744356496291	1	40	PTPN3
Odontogenesis (GO:0042476)	0.6146060241926582	0.7415619941022905	1.0636240636240637	0.517744356496291	1	40	AMELX
Positive Regulation of Cytokinesis (GO:0032467)	0.6146060241926582	0.7415619941022905	1.0636240636240637	0.517744356496291	1	40	CDC14A
Positive Regulation of Exocytosis (GO:0045921)	0.6146060241926582	0.7415619941022905	1.0636240636240637	0.517744356496291	1	40	RAB27B
Transport Along Microtubule (GO:0010970)	0.6146060241926582	0.7415619941022905	1.0636240636240637	0.517744356496291	1	40	HOOK1
Negative Regulation of Angiogenesis (GO:0016525)	0.6167399598026088	0.7437158338796165	0.9645169024214817	0.46615854497547227	2	88	SEMA6A;SLC12A2
Regulation of Cell Cycle G1/S Phase Transition (GO:1902806)	0.6228858789105948	0.7470261461215433	0.953400876881147	0.45133230681023295	2	89	APPL2;CDKN2B
Lytic Vacuole Organization (GO:0080171)	0.6236897467618888	0.7470261461215433	1.037001287001287	0.4895706252497722	1	41	HOOK1
MRNA Transcription (GO:0009299)	0.6236897467618888	0.7470261461215433	1.037001287001287	0.4895706252497722	1	41	VDR
Neutrophil Chemotaxis (GO:0030593)	0.6236897467618888	0.7470261461215433	1.037001287001287	0.4895706252497722	1	41	EDN3
Positive Regulation of Proteolysis (GO:0045862)	0.6236897467618888	0.7470261461215433	1.037001287001287	0.4895706252497722	1	41	PERP
Regulation of Heart Rate by Cardiac Conduction (GO:0086091)	0.6236897467618888	0.7470261461215433	1.037001287001287	0.4895706252497722	1	41	SRC
Regulation of Ras Protein Signal Transduction (GO:0046578)	0.6236897467618888	0.7470261461215433	1.037001287001287	0.4895706252497722	1	41	SPRY4
Regulation of Sodium Ion Transport (GO:0002028)	0.6236897467618888	0.7470261461215433	1.037001287001287	0.4895706252497722	1	41	PTPN3
Response to cAMP (GO:0051591)	0.6236897467618888	0.7470261461215433	1.037001287001287	0.4895706252497722	1	41	VGF
Substantia Nigra Development (GO:0021762)	0.6236897467618888	0.7470261461215433	1.037001287001287	0.4895706252497722	1	41	CALM1
Tumor Necrosis Factor-Mediated Signaling Pathway (GO:0033209)	0.6236897467618888	0.7470261461215433	1.037001287001287	0.4895706252497722	1	41	TNFRSF1A
Zymogen Activation (GO:0031638)	0.6236897467618888	0.7470261461215433	1.037001287001287	0.4895706252497722	1	41	TMPRSS9
Neuron Projection Guidance (GO:0097485)	0.6288666396164259	0.7528038605627287	0.9283389504092441	0.43059708523232115	3	137	EPHB3;NPTN;SEMA6A
Aortic Valve Development (GO:0003176)	0.6325596339563099	0.753838535268224	1.0116771824088897	0.46332870499648143	1	42	TNFRSF1A
Carboxylic Acid Metabolic Process (GO:0019752)	0.6325596339563099	0.753838535268224	1.0116771824088897	0.46332870499648143	1	42	GSTO2
Microtubule Bundle Formation (GO:0001578)	0.6325596339563099	0.753838535268224	1.0116771824088897	0.46332870499648143	1	42	CHP1
Positive Regulation of Lipid Biosynthetic Process (GO:0046889)	0.6325596339563099	0.753838535268224	1.0116771824088897	0.46332870499648143	1	42	CHP1
Positive Regulation of Stress Fiber Assembly (GO:0051496)	0.6325596339563099	0.753838535268224	1.0116771824088897	0.46332870499648143	1	42	RAC1
Regulation of Autophagosome Assembly (GO:2000785)	0.6325596339563099	0.753838535268224	1.0116771824088897	0.46332870499648143	1	42	SNX4
Regulation of Intrinsic Apoptotic Signaling Pathway (GO:2001242)	0.6325596339563099	0.753838535268224	1.0116771824088897	0.46332870499648143	1	42	SRC
Regulation of Mitotic Spindle Organization (GO:0060236)	0.6325596339563099	0.753838535268224	1.0116771824088897	0.46332870499648143	1	42	CHMP5
Carbohydrate Metabolic Process (GO:0005975)	0.6349483890695018	0.754997192133953	0.9319182207807252	0.4232880292712094	2	91	AMY2A;PGM1
Phagocytosis (GO:0006909)	0.6349483890695018	0.754997192133953	0.9319182207807252	0.4232880292712094	2	91	SRC;SYT7
Regulation of Osteoblast Differentiation (GO:0045667)	0.6349483890695018	0.754997192133953	0.9319182207807252	0.4232880292712094	2	91	LRP5;SOX11
T Cell Receptor Signaling Pathway (GO:0050852)	0.6349483890695018	0.754997192133953	0.9319182207807252	0.4232880292712094	2	91	BTNL3;BTNL8
Negative Regulation of Defense Response (GO:0031348)	0.6385906474989534	0.7589048274625244	0.914629981024668	0.41020390395871675	3	139	ATG5;TNFRSF1A;UACA
Post-Golgi Vesicle-Mediated Transport (GO:0006892)	0.6412207134130148	0.7616058835635362	0.9875589875589875	0.4388529981812091	1	43	AP4M1
Plasma Membrane Bounded Cell Projection Assembly (GO:0120031)	0.64375360885185	0.7641885824455146	0.9090238532942966	0.4003697578484907	5	233	ARFIP2;CDC14A;DNMBP;FHDC1;RAC1
Regulation of Organelle Organization (GO:0033043)	0.6467065687933019	0.7665264366422482	0.9113798572561459	0.39723640618051503	2	93	ATG5;PLXNB1
Base-excision Repair (GO:0006284)	0.6496778944711739	0.7665264366422482	0.964562569213732	0.4159951808469972	1	44	SMUG1
Constitutive Heterochromatin Formation (GO:0140719)	0.6496778944711739	0.7665264366422482	0.964562569213732	0.4159951808469972	1	44	DNMT3L
Embryonic Organ Morphogenesis (GO:0048562)	0.6496778944711739	0.7665264366422482	0.964562569213732	0.4159951808469972	1	44	SOX11
Establishment of Protein Localization to Extracellular Region (GO:0035592)	0.6496778944711739	0.7665264366422482	0.964562569213732	0.4159951808469972	1	44	MIA2
Membrane Fission (GO:0090148)	0.6496778944711739	0.7665264366422482	0.964562569213732	0.4159951808469972	1	44	CHMP5
Negative Regulation of Organelle Assembly (GO:1902116)	0.6496778944711739	0.7665264366422482	0.964562569213732	0.4159951808469972	1	44	TBC1D30
Positive Regulation of Cell Division (GO:0051781)	0.6496778944711739	0.7665264366422482	0.964562569213732	0.4159951808469972	1	44	CDC14A
Regulation of Apoptotic Signaling Pathway (GO:2001233)	0.6496778944711739	0.7665264366422482	0.964562569213732	0.4159951808469972	1	44	ACSL5
Response to Unfolded Protein (GO:0006986)	0.6496778944711739	0.7665264366422482	0.964562569213732	0.4159951808469972	1	44	OPTN
Synaptic Vesicle Exocytosis (GO:0016079)	0.6496778944711739	0.7665264366422482	0.964562569213732	0.4159951808469972	1	44	SYT7
Protein K48-linked Ubiquitination (GO:0070936)	0.6524721938261283	0.7693975205958549	0.9014455401165397	0.38490530645159887	2	94	TRIM36;UBE2E3
Negative Regulation of Cytokine Production (GO:0001818)	0.6568146882644657	0.7722634194851729	0.8914450834930955	0.37472193406871285	4	190	APPL2;NPTN;RAC1;SLC2A10
Cellular Response to Growth Factor Stimulus (GO:0071363)	0.6574983311756667	0.7722634194851729	0.8883870967741936	0.3725123058557647	3	143	APPL2;LGMN;SEMA6A
Negative Regulation of Small GTPase Mediated Signal Transduction (GO:0051058)	0.6579359711997913	0.7722634194851729	0.9426114426114426	0.3946220753027281	1	45	SPRY4
Phosphatidylinositol 3-Kinase/Protein Kinase B Signal Transduction (GO:0043491)	0.6579359711997913	0.7722634194851729	0.9426114426114426	0.3946220753027281	1	45	ERBB3
Positive Regulation of Metabolic Process (GO:0009893)	0.6579359711997913	0.7722634194851729	0.9426114426114426	0.3946220753027281	1	45	GHITM
Regulation of Dendrite Development (GO:0050773)	0.6579359711997913	0.7722634194851729	0.9426114426114426	0.3946220753027281	1	45	COBL
Regulation of Microtubule-Based Process (GO:0032886)	0.6579359711997913	0.7722634194851729	0.9426114426114426	0.3946220753027281	1	45	TRIM36
Regulation of Ossification (GO:0030278)	0.6579359711997913	0.7722634194851729	0.9426114426114426	0.3946220753027281	1	45	SOX11
Positive Regulation of Canonical Wnt Signaling Pathway (GO:0090263)	0.6581625859308439	0.7722634194851729	0.8917248642057422	0.3730114418847106	2	95	PPM1A;TMEM198
Regulation of Translation (GO:0006417)	0.6608406333315422	0.7737935698782324	0.8866503613425638	0.36728832219876023	4	191	PLD1;RPS6KA1;SHMT1;TOB1
Positive Regulation of Cell Migration (GO:0030335)	0.6614307585760362	0.7737935698782324	0.8979894230885064	0.3711839049195725	7	330	FAM110C;ITGA6;NUMB;PDGFA;RAC1;SEMA6A;SRC
Negative Regulation of Inflammatory Response (GO:0050728)	0.6621123355299338	0.7737935698782324	0.8820590253946465	0.36369061819729537	3	144	SRC;TNFRSF1A;UACA
Protein Metabolic Process (GO:0019538)	0.6630600121173271	0.7737935698782324	0.9158540317444563	0.37631505875678517	14	647	ADAM7;AFG3L2;CAPN9;CELA3B;CTSV;CYP4F11;FOLH1;GZMA;KLK10;LGMN;MMP15;PRRG2;PSEN1;STK38
Positive Regulation of Tumor Necrosis Factor Production (GO:0032760)	0.6637780871358271	0.7737935698782324	0.8822110111866638	0.3615365932344188	2	96	DDT;PSEN1
Protein Polyubiquitination (GO:0000209)	0.6656361893117423	0.7737935698782324	0.8855496953815194	0.36042937032056266	5	239	RNF185;RNF186;RUSC1;TRIM36;UBE2E3
Cardiac Conduction (GO:0061337)	0.6659996251062648	0.7737935698782324	0.9216359216359217	0.37461382444175395	1	46	SRC
Central Nervous System Neuron Differentiation (GO:0021953)	0.6659996251062648	0.7737935698782324	0.9216359216359217	0.37461382444175395	1	46	GBA2
Learning (GO:0007612)	0.6659996251062648	0.7737935698782324	0.9216359216359217	0.37461382444175395	1	46	LGMN
Lysosomal Transport (GO:0007041)	0.6659996251062648	0.7737935698782324	0.9216359216359217	0.37461382444175395	1	46	AP4M1
Negative Regulation of Biosynthetic Process (GO:0009890)	0.6659996251062648	0.7737935698782324	0.9216359216359217	0.37461382444175395	1	46	PDGFA
Neural Crest Cell Development (GO:0014032)	0.6659996251062648	0.7737935698782324	0.9216359216359217	0.37461382444175395	1	46	SEMA6A
Non-canonical Wnt Signaling Pathway (GO:0035567)	0.6659996251062648	0.7737935698782324	0.9216359216359217	0.37461382444175395	1	46	RAC1
Positive Regulation of Cell-Matrix Adhesion (GO:0001954)	0.6659996251062648	0.7737935698782324	0.9216359216359217	0.37461382444175395	1	46	RAC1
Positive Regulation of Nucleocytoplasmic Transport (GO:0046824)	0.6659996251062648	0.7737935698782324	0.9216359216359217	0.37461382444175395	1	46	CHP2
Regulated Exocytosis (GO:0045055)	0.6659996251062648	0.7737935698782324	0.9216359216359217	0.37461382444175395	1	46	RAB26
Regulation of Nitric Oxide Biosynthetic Process (GO:0045428)	0.6659996251062648	0.7737935698782324	0.9216359216359217	0.37461382444175395	1	46	RAC1
Regulation of cAMP/PKA Signal Transduction (GO:0141161)	0.6659996251062648	0.7737935698782324	0.9216359216359217	0.37461382444175395	1	46	PDE4C
Protein Homooligomerization (GO:0051260)	0.6666811198407637	0.774163479030778	0.8758200817810087	0.35509549677827856	3	145	ALAD;APPL2;SHMT1
Calcium Ion Transport (GO:0006816)	0.671204684548038	0.778568219508388	0.869668396120009	0.34672039149286754	3	146	GHITM;MCUR1;SLC3A2
Potassium Ion Transmembrane Transport (GO:0071805)	0.671204684548038	0.778568219508388	0.869668396120009	0.34672039149286754	3	146	KCNG4;SLC12A2;SLC12A7
Cellular Response to Type II Interferon (GO:0071346)	0.6738734278984908	0.779543216646545	0.9015723798332494	0.35586231905320975	1	47	CALM1
Homotypic Cell-Cell Adhesion (GO:0034109)	0.6738734278984908	0.779543216646545	0.9015723798332494	0.35586231905320975	1	47	TJP2
Mitotic Nuclear Division (GO:0140014)	0.6738734278984908	0.779543216646545	0.9015723798332494	0.35586231905320975	1	47	PPP2R2D
Negative Regulation of Mitotic Cell Cycle Phase Transition (GO:1901991)	0.6738734278984908	0.779543216646545	0.9015723798332494	0.35586231905320975	1	47	CDKN2B
Neutrophil Migration (GO:1990266)	0.6738734278984908	0.779543216646545	0.9015723798332494	0.35586231905320975	1	47	EDN3
Calcium-mediated Signaling (GO:0019722)	0.6801790408930919	0.7833368469413381	0.8548464236369433	0.32945714492120465	2	99	CALM1;CALML3
Sodium Ion Transmembrane Transport (GO:0035725)	0.6801790408930919	0.7833368469413381	0.8548464236369433	0.32945714492120465	2	99	SLC12A2;SLC6A18
Positive Regulation of Cell Differentiation (GO:0045597)	0.6806503249443911	0.7833368469413381	0.8753375173319711	0.3367481005557927	6	290	ATOH1;EDN3;LRP5;MTCH2;RPS6KA1;SOX11
Male Gonad Development (GO:0008584)	0.6815618438443631	0.7833368469413381	0.8823626057668611	0.33826983919386444	1	48	GATA6
Monoatomic Cation Transport (GO:0006812)	0.6815618438443631	0.7833368469413381	0.8823626057668611	0.33826983919386444	1	48	SLC41A2
Negative Regulation of Proteasomal Protein Catabolic Process (GO:1901799)	0.6815618438443631	0.7833368469413381	0.8823626057668611	0.33826983919386444	1	48	ALAD
Negative Regulation of Response to Biotic Stimulus (GO:0002832)	0.6815618438443631	0.7833368469413381	0.8823626057668611	0.33826983919386444	1	48	ATG5
Nuclear Receptor-Mediated Steroid Hormone Signaling Pathway (GO:0030518)	0.6815618438443631	0.7833368469413381	0.8823626057668611	0.33826983919386444	1	48	SRC
Positive Regulation of Smooth Muscle Cell Proliferation (GO:0048661)	0.6815618438443631	0.7833368469413381	0.8823626057668611	0.33826983919386444	1	48	HES5
Positive Regulation of T Cell Mediated Immunity (GO:0002711)	0.6815618438443631	0.7833368469413381	0.8823626057668611	0.33826983919386444	1	48	SECTM1
Regulation of Calcium-Mediated Signaling (GO:0050848)	0.6815618438443631	0.7833368469413381	0.8823626057668611	0.33826983919386444	1	48	INPP5A
Regulation of MAP Kinase Activity (GO:0043405)	0.6815618438443631	0.7833368469413381	0.8823626057668611	0.33826983919386444	1	48	STK38
Positive Regulation of Tumor Necrosis Factor Superfamily Cytokine Production (GO:1903557)	0.6854988893895623	0.7868749884427261	0.8460972017673049	0.3194934107117894	2	100	DDT;PSEN1
Antibacterial Humoral Response (GO:0019731)	0.6890692323745636	0.7868749884427261	0.8639532389532389	0.3217478760049253	1	49	WFDC9
Development of Primary Male Sexual Characteristics (GO:0046546)	0.6890692323745636	0.7868749884427261	0.8639532389532389	0.3217478760049253	1	49	GATA6
Endoplasmic Reticulum Organization (GO:0007029)	0.6890692323745636	0.7868749884427261	0.8639532389532389	0.3217478760049253	1	49	RTN3
Epithelial to Mesenchymal Transition (GO:0001837)	0.6890692323745636	0.7868749884427261	0.8639532389532389	0.3217478760049253	1	49	AMELX
Lysosome Organization (GO:0007040)	0.6890692323745636	0.7868749884427261	0.8639532389532389	0.3217478760049253	1	49	HOOK1
Negative Regulation of Cell Projection Organization (GO:0031345)	0.6890692323745636	0.7868749884427261	0.8639532389532389	0.3217478760049253	1	49	ADCY6
Positive Regulation of Cell-Cell Adhesion (GO:0022409)	0.6890692323745636	0.7868749884427261	0.8639532389532389	0.3217478760049253	1	49	MAGI1
Regulation of Microtubule Polymerization (GO:0031113)	0.6890692323745636	0.7868749884427261	0.8639532389532389	0.3217478760049253	1	49	GBA2
Regulation of Protein Kinase Activity (GO:0045859)	0.6890692323745636	0.7868749884427261	0.8639532389532389	0.3217478760049253	1	49	CHP1
Regulation of Telomere Maintenance (GO:0032204)	0.6890692323745636	0.7868749884427261	0.8639532389532389	0.3217478760049253	1	49	SRC
Stem Cell Differentiation (GO:0048863)	0.6890692323745636	0.7868749884427261	0.8639532389532389	0.3217478760049253	1	49	DNMT3L
Negative Regulation of Translation (GO:0017148)	0.6907459136319549	0.7879455793811279	0.8375247318546287	0.3098701063661246	2	101	SHMT1;TOB1
Regulation of Immune Response (GO:0050776)	0.6907459136319549	0.7879455793811279	0.8375247318546287	0.3098701063661246	2	101	APPL2;CARD10
Metal Ion Transport (GO:0030001)	0.6918870976772259	0.7888252899721099	0.8500629430861989	0.31310580075662203	4	199	CHP1;GHITM;SLC3A2;SLC41A2
Arachidonate Metabolic Process (GO:0019369)	0.696399850208448	0.7905881153591112	0.8462952748667034	0.3062161077949852	1	50	CYP4F11
DNA Integrity Checkpoint Signaling (GO:0031570)	0.696399850208448	0.7905881153591112	0.8462952748667034	0.3062161077949852	1	50	STK38
Myelination (GO:0042552)	0.696399850208448	0.7905881153591112	0.8462952748667034	0.3062161077949852	1	50	HES5
Negative Regulation of G Protein-Coupled Receptor Signaling Pathway (GO:0045744)	0.696399850208448	0.7905881153591112	0.8462952748667034	0.3062161077949852	1	50	INPP5A
Positive Regulation of mRNA Catabolic Process (GO:0061014)	0.696399850208448	0.7905881153591112	0.8462952748667034	0.3062161077949852	1	50	TOB1
Primary Alcohol Metabolic Process (GO:0034308)	0.696399850208448	0.7905881153591112	0.8462952748667034	0.3062161077949852	1	50	ALDH3A2
Regulation of Insulin Receptor Signaling Pathway (GO:0046626)	0.696399850208448	0.7905881153591112	0.8462952748667034	0.3062161077949852	1	50	SLC27A4
T Cell Differentiation (GO:0030217)	0.696399850208448	0.7905881153591112	0.8462952748667034	0.3062161077949852	1	50	SOX13
Positive Regulation of Apoptotic Process (GO:0043065)	0.699382211795557	0.7935512908718081	0.8570662855100947	0.30645081109191585	6	296	BCL2L2;GZMA;ITGA6;MTCH2;SLC27A4;SPDEF
Negative Regulation of Catabolic Process (GO:0009895)	0.7010234092242587	0.7940631794753235	0.8208890476676534	0.29159128091564995	2	103	APOC3;CIDEC
BMP Signaling Pathway (GO:0030509)	0.7035578546101716	0.7940631794753235	0.8293436293436294	0.29160150575788796	1	51	BMP8B
Blood Vessel Morphogenesis (GO:0048514)	0.7035578546101716	0.7940631794753235	0.8293436293436294	0.29160150575788796	1	51	LRP5
Collagen Fibril Organization (GO:0030199)	0.7035578546101716	0.7940631794753235	0.8293436293436294	0.29160150575788796	1	51	COL5A1
Negative Regulation of Neuron Projection Development (GO:0010977)	0.7035578546101716	0.7940631794753235	0.8293436293436294	0.29160150575788796	1	51	ADCY6
Negative Regulation of Syncytium Formation by Plasma Membrane Fusion (GO:0034242)	0.7035578546101716	0.7940631794753235	0.8293436293436294	0.29160150575788796	1	51	ERVH48-1
Oligosaccharide Metabolic Process (GO:0009311)	0.7035578546101716	0.7940631794753235	0.8293436293436294	0.29160150575788796	1	51	FUT6
Positive Regulation of Actin Filament Bundle Assembly (GO:0032233)	0.7035578546101716	0.7940631794753235	0.8293436293436294	0.29160150575788796	1	51	RAC1
Positive Regulation of Transcription Elongation by RNA Polymerase II (GO:0032968)	0.7035578546101716	0.7940631794753235	0.8293436293436294	0.29160150575788796	1	51	EAPP
Regulation of Interferon-Beta Production (GO:0032648)	0.7035578546101716	0.7940631794753235	0.8293436293436294	0.29160150575788796	1	51	RIOK3
Regulation of Smooth Muscle Cell Proliferation (GO:0048660)	0.710547305144622	0.8007845401661291	0.8130567542332249	0.2778375537067571	1	52	HES5
Cellular Response to Insulin Stimulus (GO:0032869)	0.7110155415264927	0.8007845401661291	0.8048994094685217	0.27451979003192445	2	105	SLC27A4;SLC39A14
Regulation of Defense Response (GO:0031347)	0.7110155415264927	0.8007845401661291	0.8048994094685217	0.27451979003192445	2	105	APPL2;GATA6
Sodium Ion Transport (GO:0006814)	0.7110155415264927	0.8007845401661291	0.8048994094685217	0.27451979003192445	2	105	SLC12A2;SLC6A18
Regulation of Cell Growth (GO:0001558)	0.7138102144512848	0.8035075909240439	0.8245336624371682	0.2779817602173895	4	205	ARHGEF11;EPHX2;HNF4A;RPS6KA1
Negative Regulation of Signal Transduction (GO:0009968)	0.7144191362645582	0.8037686535704687	0.8424080091332221	0.2832895676339883	6	301	ERBB3;LGMN;SEMA6A;SLC27A4;SLC2A10;SPRY4
Cardiac Muscle Tissue Development (GO:0048738)	0.7173721655561437	0.8049670826135255	0.7973962973962974	0.26486356376097997	1	53	GATA6
Cellular Response to Mechanical Stimulus (GO:0071260)	0.7173721655561437	0.8049670826135255	0.7973962973962974	0.26486356376097997	1	53	TNFRSF1A
Insulin Receptor Signaling Pathway (GO:0008286)	0.7173721655561437	0.8049670826135255	0.7973962973962974	0.26486356376097997	1	53	SLC39A14
Negative Regulation of Protein Phosphorylation (GO:0001933)	0.7173721655561437	0.8049670826135255	0.7973962973962974	0.26486356376097997	1	53	CHP1
Regulation of Tumor Necrosis Factor-Mediated Signaling Pathway (GO:0010803)	0.7173721655561437	0.8049670826135255	0.7973962973962974	0.26486356376097997	1	53	PPP2CB
Protein Ubiquitination (GO:0016567)	0.7221368043317374	0.8098872524120274	0.8426160528458962	0.2743058014358207	7	351	LMO7;RNF103;RNF185;RNF186;RUSC1;TRIM36;UBE2E3
Positive Regulation of Peptidyl-Tyrosine Phosphorylation (GO:0050731)	0.7240363068752256	0.8115906447202844	0.7823268011947258	0.252624073460698	1	54	IL13RA1
Epithelium Development (GO:0060429)	0.7259212690896583	0.8132759567520502	0.7968734491315137	0.2552494947311368	3	159	GATA6;HES5;TOLLIP
Regulation of Primary Metabolic Process (GO:0080090)	0.7301610050310474	0.8163096235508713	0.7747133635224973	0.2436397717317587	2	109	ADIPOR1;HNF4A
Icosanoid Metabolic Process (GO:0006690)	0.730543509256596	0.8163096235508713	0.7678154344821011	0.24106831588706215	1	55	CYP4F11
Negative Regulation of T Cell Activation (GO:0050868)	0.730543509256596	0.8163096235508713	0.7678154344821011	0.24106831588706215	1	55	PLA2G2F
Nucleus Organization (GO:0006997)	0.730543509256596	0.8163096235508713	0.7678154344821011	0.24106831588706215	1	55	CHMP5
Triglyceride Metabolic Process (GO:0006641)	0.730543509256596	0.8163096235508713	0.7678154344821011	0.24106831588706215	1	55	APOC3
Cellular Response to Interleukin-1 (GO:0071347)	0.7368974637127267	0.8199714992878566	0.7538317538317538	0.23014975172617683	1	56	TOLLIP
Metaphase Chromosome Alignment (GO:0051310)	0.7368974637127267	0.8199714992878566	0.7538317538317538	0.23014975172617683	1	56	CHMP5
Positive Regulation of Protein Kinase Activity (GO:0045860)	0.7368974637127267	0.8199714992878566	0.7538317538317538	0.23014975172617683	1	56	STRADB
Positive Regulation of TORC1 Signaling (GO:1904263)	0.7368974637127267	0.8199714992878566	0.7538317538317538	0.23014975172617683	1	56	SRC
Positive Regulation of Transcription Initiation by RNA Polymerase II (GO:0060261)	0.7368974637127267	0.8199714992878566	0.7538317538317538	0.23014975172617683	1	56	HNF1B
Regulation of Proteolysis (GO:0030162)	0.7368974637127267	0.8199714992878566	0.7538317538317538	0.23014975172617683	1	56	PERP
Response to Interleukin-1 (GO:0070555)	0.7368974637127267	0.8199714992878566	0.7538317538317538	0.23014975172617683	1	56	SRC
Response to Peptide Hormone (GO:0043434)	0.7368974637127267	0.8199714992878566	0.7538317538317538	0.23014975172617683	1	56	SRC
Axonogenesis (GO:0007409)	0.737915168948481	0.820675607823767	0.7966110117272908	0.24211112353710676	4	212	AFG3L2;EPHB3;NPTN;SEMA6A
Regulation of Macroautophagy (GO:0016241)	0.7393235032141461	0.8218131954392907	0.7604511491535042	0.22967122470120677	2	111	ATG5;ATP6V0A1
Gonad Development (GO:0008406)	0.7431017749050792	0.8230093423883786	0.7403474903474904	0.21982565394842354	1	57	GATA6
Maturation of SSU-rRNA (GO:0030490)	0.7431017749050792	0.8230093423883786	0.7403474903474904	0.21982565394842354	1	57	RIOK3
Muscle Organ Development (GO:0007517)	0.7431017749050792	0.8230093423883786	0.7403474903474904	0.21982565394842354	1	57	ZBTB42
Organic Hydroxy Compound Transport (GO:0015850)	0.7431017749050792	0.8230093423883786	0.7403474903474904	0.21982565394842354	1	57	OSBP
Regulation of Bone Mineralization (GO:0030500)	0.7431017749050792	0.8230093423883786	0.7403474903474904	0.21982565394842354	1	57	VDR
Renal System Development (GO:0072001)	0.7431017749050792	0.8230093423883786	0.7403474903474904	0.21982565394842354	1	57	HNF1B
Vesicle Organization (GO:0016050)	0.7431017749050792	0.8230093423883786	0.7403474903474904	0.21982565394842354	1	57	HOOK1
Regulation of Cell Cycle (GO:0051726)	0.7456515067315866	0.823728231202148	0.8118459819160825	0.2382743090729979	6	312	IFNW1;PER2;PPM1A;PPP1R13B;PRKAG2;PTK6
Positive Regulation of RNA Biosynthetic Process (GO:1902680)	0.7469401550546124	0.823728231202148	0.8458872738376235	0.24680470817862496	11	549	ARHGEF11;CASZ1;GATA6;HES5;HNF1B;HNF4A;IRF6;LRP5;PPM1A;PSEN1;RPS6KA1
Glycoprotein Biosynthetic Process (GO:0009101)	0.7486581818198583	0.823728231202148	0.7672162485065711	0.22208820933996343	3	165	DOLPP1;FUT6;MGAT4B
Cellular Response to BMP Stimulus (GO:0071773)	0.7491599626177133	0.823728231202148	0.7273363589153062	0.210056740643853	1	58	BMP8B
Cellular Response to Chemokine (GO:1990869)	0.7491599626177133	0.823728231202148	0.7273363589153062	0.210056740643853	1	58	SLC12A2
MRNA Stabilization (GO:0048255)	0.7491599626177133	0.823728231202148	0.7273363589153062	0.210056740643853	1	58	RBM47
Mitotic Metaphase Chromosome Alignment (GO:0007080)	0.7491599626177133	0.823728231202148	0.7273363589153062	0.210056740643853	1	58	CHMP5
Negative Regulation of Protein Localization (GO:1903828)	0.7491599626177133	0.823728231202148	0.7273363589153062	0.210056740643853	1	58	CTNNA1
Phosphatidylcholine Metabolic Process (GO:0046470)	0.7491599626177133	0.823728231202148	0.7273363589153062	0.210056740643853	1	58	PLA2G2F
Positive Regulation of DNA-templated Transcription, Elongation (GO:0032786)	0.7491599626177133	0.823728231202148	0.7273363589153062	0.210056740643853	1	58	EAPP
Regulation of Intracellular Transport (GO:0032386)	0.7491599626177133	0.823728231202148	0.7273363589153062	0.210056740643853	1	58	SRC
Regulation of Reactive Oxygen Species Metabolic Process (GO:2000377)	0.7491599626177133	0.823728231202148	0.7273363589153062	0.210056740643853	1	58	RAC1
Response to Reactive Oxygen Species (GO:0000302)	0.7491599626177133	0.823728231202148	0.7273363589153062	0.210056740643853	1	58	SRC
Signal Transduction by P53 Class Mediator (GO:0072331)	0.7491599626177133	0.823728231202148	0.7273363589153062	0.210056740643853	1	58	PPP1R13B
Positive Regulation of Signal Transduction (GO:0009967)	0.7499882730620249	0.8242139165815655	0.7963478953129665	0.22910746464342868	5	265	DYRK2;FOLH1;NPTN;SLC39A14;SRC
Positive Regulation of Gene Expression (GO:0010628)	0.7515743885867361	0.825531476799032	0.8236221489952833	0.23521420380014052	8	410	EPB41L4B;EPHX2;FOXD1;PLD1;PSEN1;SLC2A10;SOX11;VDR
Regulation of Cell Migration (GO:0030334)	0.7530210880660839	0.8266946239736822	0.8294374726671899	0.23527993067061542	9	458	APPL2;FAM110C;ITGA6;NUMB;PDGFA;PLXNA2;PLXNB1;RAC1;SRC
Regulation of Canonical Wnt Signaling Pathway (GO:0060828)	0.7541724352509196	0.8275324919994651	0.777789909136126	0.2194411673468795	4	217	PPM1A;PSEN1;SOX13;TMEM198
Negative Regulation of Intrinsic Apoptotic Signaling Pathway (GO:2001243)	0.755075464207022	0.8276714085806535	0.7147738871876803	0.20080684764042675	1	59	SRC
Positive Regulation of Transport (GO:0051050)	0.755075464207022	0.8276714085806535	0.7147738871876803	0.20080684764042675	1	59	CHP1
Organelle Organization (GO:0006996)	0.7562610521355395	0.8283413435298669	0.8194933779092195	0.22894076305454222	8	412	CDC42BPB;CHMP5;CIDEC;MTFR1;MYH14;OPTN;PEX11A;SEMA6A
Mitochondrion Organization (GO:0007005)	0.7568522219494281	0.8283413435298669	0.7334412918529332	0.20432739986240736	2	115	MTFR1;MYH14
Positive Regulation of Epithelial Cell Proliferation (GO:0050679)	0.7568522219494281	0.8283413435298669	0.7334412918529332	0.20432739986240736	2	115	ERBB3;SOX11
Modification-dependent Protein Catabolic Process (GO:0019941)	0.757328929641929	0.8284378029741367	0.7741312275109276	0.21517566006536387	4	218	LNX1;NDFIP2;RNF185;TOLLIP
Cellular Response to Cytokine Stimulus (GO:0071345)	0.7590076248618132	0.8298483365155824	0.7986688436099495	0.2202277069015023	6	317	CALM1;CNTFR;IFNK;IL13RA1;SLC12A2;TNFRSF1A
Cellular Response to Unfolded Protein (GO:0034620)	0.7608516358759424	0.8304021885217011	0.7026372619592959	0.19204263795028745	1	60	OPTN
Microtubule Cytoskeleton Organization Involved in Mitosis (GO:1902850)	0.7608516358759424	0.8304021885217011	0.7026372619592959	0.19204263795028745	1	60	SBDS
Neuron Migration (GO:0001764)	0.7608516358759424	0.8304021885217011	0.7026372619592959	0.19204263795028745	1	60	RAC1
Antigen Receptor-Mediated Signaling Pathway (GO:0050851)	0.761072174658257	0.8304021885217011	0.7269849882438054	0.19848659127312832	2	116	BTNL3;BTNL8
Negative Regulation of Response to External Stimulus (GO:0032102)	0.7629602664988863	0.8320364645399619	0.7486358336572095	0.20254291902921354	3	169	ATG5;TNFRSF1A;UACA
Granulocyte Chemotaxis (GO:0071621)	0.7664917550446921	0.8341809197321509	0.6909051909051909	0.18373334140365483	1	61	EDN3
Mesenchymal Cell Differentiation (GO:0048762)	0.7664917550446921	0.8341809197321509	0.6909051909051909	0.18373334140365483	1	61	AMELX
Positive Regulation of Organelle Assembly (GO:1902117)	0.7664917550446921	0.8341809197321509	0.6909051909051909	0.18373334140365483	1	61	SNX4
Regulation of Phagocytosis (GO:0050764)	0.7664917550446921	0.8341809197321509	0.6909051909051909	0.18373334140365483	1	61	SYT7
Protein Localization to Nucleus (GO:0034504)	0.7693219097364394	0.8368338324275963	0.7144063277639531	0.18735005096862659	2	118	APPL2;NUAK2
Regulation of Cytokine Production (GO:0001817)	0.7698600409297062	0.8369921505671257	0.7396774193548387	0.19346007395125456	3	171	BTNL3;BTNL8;NPTN
Regulation of Inflammatory Response (GO:0050727)	0.7725005019928567	0.839434796253196	0.772383232607982	0.19936958393951135	5	273	CAMK2N1;DDT;TNFRSF1A;UACA;VAMP3
Positive Regulation of Wnt Signaling Pathway (GO:0030177)	0.7733529997811033	0.8399330593649069	0.7082782624019738	0.1820414470852105	2	119	PPM1A;TMEM198
MRNA Export From Nucleus (GO:0006406)	0.7773765637123705	0.8430146662435268	0.6685764105118944	0.168367870259171	1	63	DDX19B
Neurotransmitter Transport (GO:0006836)	0.7773765637123705	0.8430146662435268	0.6685764105118944	0.168367870259171	1	63	SLC1A6
Positive Regulation of DNA-templated Transcription Initiation (GO:2000144)	0.7773765637123705	0.8430146662435268	0.6685764105118944	0.168367870259171	1	63	HNF1B
Negative Regulation of Cell Migration (GO:0030336)	0.7799013007960404	0.8453226097087738	0.7266327108092813	0.18063210309999334	3	174	ADIPOR1;MARVELD3;RAC1
Protein Secretion (GO:0009306)	0.782627430298336	0.847415785371281	0.657943657943658	0.16126101654546995	1	64	MIA2
Regulation of Cytokine Production Involved in Inflammatory Response (GO:1900015)	0.782627430298336	0.847415785371281	0.657943657943658	0.16126101654546995	1	64	APPL2
Cellular Response to Lipid (GO:0071396)	0.7871863720860152	0.8512381210593509	0.7393410852713178	0.17691710963760315	4	228	ADCY6;CHMP5;PTK6;WNT9A
Epigenetic Regulation of Gene Expression (GO:0040029)	0.7877546026501404	0.8512381210593509	0.6476431788931789	0.1545073624851225	1	65	DNMT3L
Ras Protein Signal Transduction (GO:0007265)	0.7877546026501404	0.8512381210593509	0.6476431788931789	0.1545073624851225	1	65	PLD1
Regulation of Cell Communication (GO:0010646)	0.7877546026501404	0.8512381210593509	0.6476431788931789	0.1545073624851225	1	65	GLRX2
MAPK Cascade (GO:0000165)	0.7888676154581986	0.8515775980541161	0.6847789043196728	0.16239994624641094	2	123	PTPN3;ZDHHC9
Response to Endoplasmic Reticulum Stress (GO:0034976)	0.7888676154581986	0.8515775980541161	0.6847789043196728	0.16239994624641094	2	123	ANKS4B;RNF186
Gene Expression (GO:0010467)	0.7909003229307613	0.8533398221095057	0.7525579207338586	0.17653754543334993	5	280	AFG3L2;DDX19B;GZMA;KLK10;LGMN
Neg Reg Transmembrane Rec Protein Serine/Threonine Kinase Signaling Pathway (GO:0090101)	0.7925971712367753	0.8536194103716352	0.6791448369105966	0.15786053944393622	2	124	PPM1A;SLC2A10
Regulation of G1/S Transition of Mitotic Cell Cycle (GO:2000045)	0.7925971712367753	0.8536194103716352	0.6791448369105966	0.15786053944393622	2	124	APPL2;CDKN2B
MRNA Transport (GO:0051028)	0.792760990870468	0.8536194103716352	0.6376596376596376	0.14808593037242979	1	66	DDX19B
Positive Regulation of T Cell Proliferation (GO:0042102)	0.792760990870468	0.8536194103716352	0.6376596376596376	0.14808593037242979	1	66	NCK2
Positive Regulation of DNA-templated Transcription (GO:0045893)	0.7943865886639354	0.8549380146549774	0.8623050215502497	0.19848972341445387	26	1270	ARHGEF11;ATOH1;CASZ1;CEBPG;CHP2;CREB3L4;ESRRA;GATA6;HES5;HES6;HNF1B;HNF4A;HOXB7;HTATIP2;IRF6;ITGA6;LMO7;LRP5;NCK2;PPM1A;PSEN1;RPS6KA1;SHOX;SOX11;TNFRSF1A;VDR
Positive Regulation of Intracellular Protein Transport (GO:0090316)	0.7976494368888851	0.8562883179491959	0.627978627978628	0.14197722644783034	1	67	CHP2
Positive Regulation of Phagocytosis (GO:0050766)	0.7976494368888851	0.8562883179491959	0.627978627978628	0.14197722644783034	1	67	APPL2
Regulation of Alternative mRNA Splicing, via Spliceosome (GO:0000381)	0.7976494368888851	0.8562883179491959	0.627978627978628	0.14197722644783034	1	67	RBM47
Regulation of DNA Replication (GO:0006275)	0.7976494368888851	0.8562883179491959	0.627978627978628	0.14197722644783034	1	67	PTK6
Regulation of Type I Interferon Production (GO:0032479)	0.7976494368888851	0.8562883179491959	0.627978627978628	0.14197722644783034	1	67	UAP1
Golgi Organization (GO:0007030)	0.7998820665205927	0.8578212101719837	0.6681493182573994	0.14919171541218945	2	126	FHDC1;OPTN
RRNA Processing (GO:0006364)	0.7998820665205927	0.8578212101719837	0.6681493182573994	0.14919171541218945	2	126	RIOK3;SBDS
Homophilic Cell-Cell Adhesion (GO:0007156)	0.8024227155154032	0.8589511887339285	0.6185866036612305	0.13616311820184762	1	68	NPTN
Positive Regulation of Protein Transport (GO:0051222)	0.8024227155154032	0.8589511887339285	0.6185866036612305	0.13616311820184762	1	68	CHP1
Regulation of Transcription Initiation by RNA Polymerase II (GO:0060260)	0.8024227155154032	0.8589511887339285	0.6185866036612305	0.13616311820184762	1	68	HNF1B
Negative Regulation of Apoptotic Process (GO:0043066)	0.8025472645206311	0.8589511887339285	0.7867580147194264	0.17305885623394063	9	482	BCL2L2;CNTFR;ERBB3;GATA6;LGMN;NUAK2;PSEN1;RPS6KA1;SRC
Macromolecule Biosynthetic Process (GO:0009059)	0.8062887433392912	0.8612122625687054	0.7167802051522981	0.15433235311462132	4	235	COL5A1;EXT1;FUT6;MGAT4B
Cellular Response to Oxidative Stress (GO:0034599)	0.806939165857254	0.8612122625687054	0.6575028636884307	0.14103896456552698	2	128	PYROXD1;SRC
Chordate Embryonic Development (GO:0043009)	0.8070835368725485	0.8612122625687054	0.6094708153531683	0.13062672230988226	1	69	HES5
Fat Cell Differentiation (GO:0045444)	0.8070835368725485	0.8612122625687054	0.6094708153531683	0.13062672230988226	1	69	PER2
Kidney Development (GO:0001822)	0.8070835368725485	0.8612122625687054	0.6094708153531683	0.13062672230988226	1	69	HNF1B
Positive Regulation of Protein Ubiquitination (GO:0031398)	0.8070835368725485	0.8612122625687054	0.6094708153531683	0.13062672230988226	1	69	NDFIP2
Regulation of Mitotic Cell Cycle (GO:0007346)	0.8103839779073051	0.8639065670316078	0.6523053819303515	0.13714531280474504	2	129	LGMN;PTPN3
Cellular Response to Reactive Oxygen Species (GO:0034614)	0.8116345467937667	0.8639065670316078	0.6006192527931659	0.12535230461278332	1	70	SRC
Positive Regulation of Type II Interferon Production (GO:0032729)	0.8116345467937667	0.8639065670316078	0.6006192527931659	0.12535230461278332	1	70	CEBPG
Retinoid Metabolic Process (GO:0001523)	0.8116345467937667	0.8639065670316078	0.6006192527931659	0.12535230461278332	1	70	CYP3A7
Spermatid Development (GO:0007286)	0.8116345467937667	0.8639065670316078	0.6006192527931659	0.12535230461278332	1	70	OSBP2
Positive Regulation of Cell Motility (GO:2000147)	0.8140379198463635	0.8660323578405424	0.7075244594624439	0.14557197560543647	4	238	FAM110C;ITGA6;NUMB;PDGFA
Positive Regulation of Growth (GO:0045927)	0.8160783294905535	0.8677700740518005	0.592020592020592	0.12032518769244127	1	71	RPS6KA1
Positive Regulation of DNA Repair (GO:0045739)	0.8204174079477412	0.8706470451690315	0.5836641470444287	0.11553166852939091	1	72	CEBPG
Regulation of Notch Signaling Pathway (GO:0008593)	0.8204174079477412	0.8706470451690315	0.5836641470444287	0.11553166852939091	1	72	SRC
Regulation of Smoothened Signaling Pathway (GO:0008589)	0.8204174079477412	0.8706470451690315	0.5836641470444287	0.11553166852939091	1	72	DYRK2
Regulation of Stress Fiber Assembly (GO:0051492)	0.8204174079477412	0.8706470451690315	0.5836641470444287	0.11553166852939091	1	72	RAC1
Regulation of Response to External Stimulus (GO:0032101)	0.8236206832216701	0.8729706321695635	0.6323089635633903	0.12269651357771763	2	133	APPL2;GATA6
Negative Regulation of Cellular Response to Growth Factor Stimulus (GO:0090288)	0.8246542463365389	0.8729706321695635	0.5755398255398255	0.11095894215580117	1	73	SPRY4
Negative Regulation of Immune Response (GO:0050777)	0.8246542463365389	0.8729706321695635	0.5755398255398255	0.11095894215580117	1	73	SRC
Regulation of Fat Cell Differentiation (GO:0045598)	0.8246542463365389	0.8729706321695635	0.5755398255398255	0.11095894215580117	1	73	LRP5
Response to Type II Interferon (GO:0034341)	0.8246542463365389	0.8729706321695635	0.5755398255398255	0.11095894215580117	1	73	CALM1
Circulatory System Development (GO:0072359)	0.8267975777324902	0.8743112054784177	0.6274992189940644	0.119347452951322	2	134	ERBB3;SLC2A10
Positive Regulation of Protein Localization (GO:1903829)	0.8267975777324902	0.8743112054784177	0.6274992189940644	0.119347452951322	2	134	CARD10;CHP1
Positive Regulation of Protein Metabolic Process (GO:0051247)	0.8275044774327174	0.8743112054784177	0.6641297222701398	0.12574682698462708	3	190	PERP;PLD1;PSEN1
Cell-cell Junction Assembly (GO:0007043)	0.8287912505965677	0.8743112054784177	0.5676380881860333	0.10659503337044773	1	74	CTNNA1
Negative Regulation of Cytokine-Mediated Signaling Pathway (GO:0001960)	0.8287912505965677	0.8743112054784177	0.5676380881860333	0.10659503337044773	1	74	PPP2CB
RNA Export From Nucleus (GO:0006405)	0.8287912505965677	0.8743112054784177	0.5676380881860333	0.10659503337044773	1	74	DDX19B
Sensory Organ Development (GO:0007423)	0.8287912505965677	0.8743112054784177	0.5676380881860333	0.10659503337044773	1	74	ATOH1
Positive Regulation of Protein Modification by Small Protein Conjugation or Removal (GO:1903322)	0.8367750989932403	0.8818608556864006	0.5524667524667525	0.0984495440926038	1	76	NDFIP2
Protein O-linked Glycosylation (GO:0006493)	0.8367750989932403	0.8818608556864006	0.5524667524667525	0.0984495440926038	1	76	FUT6
Regulation of Apoptotic Process (GO:0042981)	0.8384119676917824	0.8831493651773122	0.7847303443794672	0.1383053418532343	13	697	BCL2L2;ERBB3;GATA6;GZMA;ITGA6;MTCH2;NUAK2;PSEN1;RPS6KA1;RTKN;SLC27A4;SPDEF;SRC
Regulation of Programmed Cell Death (GO:0043067)	0.8404528199862223	0.8841715099824025	0.6467338709677419	0.1124116991793824	3	195	BCL2L2;HTATIP2;RTKN
Negative Regulation of Blood Vessel Morphogenesis (GO:2000181)	0.840626477830361	0.8841715099824025	0.5451805188647294	0.09464762220138469	1	77	SEMA6A
SCF-dependent Proteasomal Ubiquitin-Dependent Protein Catabolic Process (GO:0031146)	0.840626477830361	0.8841715099824025	0.5451805188647294	0.09464762220138469	1	77	LMO7
Cellular Response to Hypoxia (GO:0071456)	0.8443870942013018	0.8863777867243602	0.538083538083538	0.09101373493242707	1	78	GATA6
Positive Regulation of Lymphocyte Proliferation (GO:0050671)	0.8443870942013018	0.8863777867243602	0.538083538083538	0.09101373493242707	1	78	NCK2
Regulation of Cell Division (GO:0051302)	0.8443870942013018	0.8863777867243602	0.538083538083538	0.09101373493242707	1	78	CALM1
Response to Insulin (GO:0032868)	0.8443870942013018	0.8863777867243602	0.538083538083538	0.09101373493242707	1	78	SLC39A14
Negative Regulation of Multicellular Organismal Process (GO:0051241)	0.8469004461611166	0.8880461530399353	0.667291822955739	0.11088530237634281	4	252	ADIPOR1;APOC3;MARVELD3;NPTN
Regulation of Tumor Necrosis Factor Production (GO:0032680)	0.8476286565688432	0.8880461530399353	0.5957687458280798	0.09848810663794814	2	141	DDT;PSEN1
Defense Response to Virus (GO:0051607)	0.8478117736879713	0.8880461530399353	0.6367245657568238	0.10512108183940579	3	198	AKAP1;RNF185;UAP1
Cellular Response to Decreased Oxygen Levels (GO:0036294)	0.8480590842351352	0.8880461530399353	0.5311685311685311	0.08753921427539055	1	79	GATA6
Proteinogenic Amino Acid Catabolic Process (GO:0170040)	0.8480590842351352	0.8880461530399353	0.5311685311685311	0.08753921427539055	1	79	SHMT1
Cilium Organization (GO:0044782)	0.8501983710606381	0.889849252381581	0.6334562211981567	0.10280080963318561	3	199	CDC14A;DNMBP;FHDC1
Positive Regulation of TOR Signaling (GO:0032008)	0.8516445341417902	0.8909254891022065	0.524428587719727	0.08421591680353449	1	80	SRC
Regulation of Angiogenesis (GO:0045765)	0.8525523194594148	0.8914377366785053	0.6302210578025217	0.10053330423725264	3	200	GATA6;SEMA6A;TSPAN12
L-amino Acid Catabolic Process (GO:0170035)	0.8551454808345862	0.8919619203225723	0.5178571428571429	0.08103618702515587	1	81	SHMT1
Monocarboxylic Acid Transport (GO:0015718)	0.8551454808345862	0.8919619203225723	0.5178571428571429	0.08103618702515587	1	81	SLC27A4
Positive Regulation of Response to Stimulus (GO:0048584)	0.8551454808345862	0.8919619203225723	0.5178571428571429	0.08103618702515587	1	81	CEBPG
Regulation of Proteasomal Protein Catabolic Process (GO:0061136)	0.8551454808345862	0.8919619203225723	0.5178571428571429	0.08103618702515587	1	81	ALAD
Regulation of Transcription Elongation by RNA Polymerase II (GO:0034243)	0.8551454808345862	0.8919619203225723	0.5178571428571429	0.08103618702515587	1	81	EAPP
Transcription by RNA Polymerase II (GO:0006366)	0.8571635780572013	0.89362970582785	0.6238482736261955	0.09615155451307703	3	202	ATOH1;GCM2;VDR
Protein Import Into Nucleus (GO:0006606)	0.8585639132982752	0.8942150772603432	0.5114479558924003	0.0779928232345165	1	82	APPL2
Regulation of Organelle Assembly (GO:1902115)	0.8585639132982752	0.8942150772603432	0.5114479558924003	0.0779928232345165	1	82	ATG5
Positive Regulation of MAPK Cascade (GO:0043410)	0.8600517874115633	0.8953273490046157	0.692795322314528	0.10444767506854727	6	364	DDT;EDN3;ERBB3;HTR2C;OR2AT4;PDGFA
Regulation of Endothelial Cell Migration (GO:0010594)	0.8619017740262729	0.8963778449873238	0.5051950905609442	0.07507904604078898	1	83	RAC1
Ribosomal Small Subunit Biogenesis (GO:0042274)	0.8619017740262729	0.8963778449873238	0.5051950905609442	0.07507904604078898	1	83	RIOK3
Negative Regulation of Protein Metabolic Process (GO:0051248)	0.8636422452648038	0.8977500082421072	0.5710095982936367	0.08370810216955157	2	147	SHMT1;TOB1
Regulation of Epithelial to Mesenchymal Transition (GO:0010717)	0.8651609596234645	0.8984525893410747	0.4990928966832581	0.07228846985545183	1	84	ADIPOR1
Signal Transduction in Response to DNA Damage (GO:0042770)	0.8651609596234645	0.8984525893410747	0.4990928966832581	0.07228846985545183	1	84	STK38
Cilium Assembly (GO:0060271)	0.8681432484976982	0.900003871109633	0.6084629981024668	0.08603578268298426	3	207	CDC14A;DNMBP;FHDC1
Defense Response to Gram-negative Bacterium (GO:0050829)	0.8683433221728494	0.900003871109633	0.49313599313599316	0.06961507615698628	1	85	OPTN
Establishment of Protein Localization to Organelle (GO:0072594)	0.8683433221728494	0.900003871109633	0.49313599313599316	0.06961507615698628	1	85	APPL2
Myeloid Leukocyte Differentiation (GO:0002573)	0.8683433221728494	0.900003871109633	0.49313599313599316	0.06961507615698628	1	85	SRC
Negative Regulation of Transcription by RNA Polymerase II (GO:0000122)	0.8742088732635762	0.9050492858212202	0.7597478644254616	0.10213742321864701	14	774	GATA6;GTF2IRD1;HES5;HES6;IRX1;MAGEC3;PER2;PPM1A;SOX11;SOX13;SPDEF;SRC;VDR;ZNF717
Cellular Response to Tumor Necrosis Factor (GO:0071356)	0.8744847696021171	0.9050492858212202	0.4816377839633654	0.06459745262377023	1	87	TNFRSF1A
Positive Regulation of Double-Strand Break Repair (GO:2000781)	0.8744847696021171	0.9050492858212202	0.4816377839633654	0.06459745262377023	1	87	FH
DNA Damage Response (GO:0006974)	0.8762409850923394	0.9062884956514945	0.6901646499447452	0.09118050141504652	7	426	BCL2L2;DYRK2;FH;PSEN1;STK38;TNFRSF1A;UACA
Chemical Synaptic Transmission (GO:0007268)	0.8765323067698788	0.9062884956514945	0.6289386034721608	0.08288260871601713	4	267	HTR2C;NPBWR1;RPS6KA1;SLC1A6
Cell Morphogenesis Involved in Neuron Differentiation (GO:0048667)	0.8803400804201622	0.9093435326820667	0.4706622206622207	0.059984483867368536	1	89	AFG3L2
Mitotic Spindle Organization (GO:0007052)	0.8803400804201622	0.9093435326820667	0.4706622206622207	0.059984483867368536	1	89	SBDS
Adenylate Cyclase-Inhibiting G Protein-Coupled Receptor Signaling Pathway (GO:0007193)	0.8831646200299637	0.9113780106020729	0.4653594204156002	0.057817959052653044	1	90	ADCY6
Cellular Response to Hormone Stimulus (GO:0032870)	0.8831646200299637	0.9113780106020729	0.4653594204156002	0.057817959052653044	1	90	SRC
Ubiquitin-dependent Protein Catabolic Process (GO:0006511)	0.8851650098928265	0.9130003875624123	0.693964858670741	0.08465066587004305	8	484	CHMP5;HECTD3;LNX1;NDFIP2;RNF185;RNF186;TOLLIP;TRIM36
Positive Regulation of Proteasomal Protein Catabolic Process (GO:1901800)	0.8912449333949645	0.9188269816238223	0.45014268927312406	0.0518276251160792	1	93	RNF185
RRNA Metabolic Process (GO:0016072)	0.8938123737494095	0.9210285069278594	0.44528860657892916	0.04998783117732236	1	94	SBDS
Positive Regulation of Catabolic Process (GO:0009896)	0.9028583791911343	0.9299005142200475	0.5076687116564417	0.051878448128545133	2	165	HNF4A;OPTN
Regulation of Gene Expression (GO:0010468)	0.9047256167819646	0.9313737397291881	0.7634581777061988	0.07644015610546265	20	1098	BTNL3;BTNL8;EDN3;EPB41L4B;EPHX2;ESRRA;FOXD1;GLRX2;GTF2IRD1;HOXB7;IFNK;LGMN;PPP2CB;PSEN1;RPS6KA1;SLC2A10;SOX11;SOX13;TOB1;VDR
Positive Regulation of Autophagy (GO:0010508)	0.9057695454146703	0.931548804063713	0.42250413678985105	0.04181539082061455	1	99	OPTN
Positive Regulation of Protein-Containing Complex Assembly (GO:0031334)	0.9057695454146703	0.931548804063713	0.42250413678985105	0.04181539082061455	1	99	SRC
Hemopoiesis (GO:0030097)	0.9101669705250968	0.9356200487750753	0.414028314028314	0.03897133097502622	1	101	SBDS
DNA Replication (GO:0006260)	0.91228821335268	0.9364460620452161	0.4099162812034099	0.03763003399384594	1	102	SHMT1
Positive Regulation of Cell Growth (GO:0030307)	0.91228821335268	0.9364460620452161	0.4099162812034099	0.03763003399384594	1	102	RPS6KA1
Regulation of TORC1 Signaling (GO:1903432)	0.91228821335268	0.9364460620452161	0.4099162812034099	0.03763003399384594	1	102	SRC
Neuron Development (GO:0048666)	0.913398109241722	0.9368998787261137	0.48955346794363447	0.04434544123181268	2	171	GBA2;RAB6A
Proteasome-mediated Ubiquitin-Dependent Protein Catabolic Process (GO:0043161)	0.9136092156996202	0.9368998787261137	0.62556916313393	0.05652164578731874	6	402	HECTD3;LMO7;NDFIP2;RIOK3;RNF186;TRIM36
Regulation of Transcription by RNA Polymerase II (GO:0006357)	0.9146390677465286	0.9375050444401918	0.8185474191161367	0.0730355098419305	44	2246	AHRR;ATOH1;CASZ1;CEBPG;CHD5;CHP2;CREB3L4;ESRRA;FIGLA;FOXD1;GATA6;GCM2;GTF2IRD1;HES5;HES6;HNF1B;HNF4A;HOXB7;HOXD1;HTATIP2;IRF6;IRX1;ITGA6;LMO7;LRP5;MAGEC3;NCK2;OVOL1;PER2;PPM1A;RPS6KA1;SHOX;SOX11;SOX13;SPDEF;SRC;TNFRSF1A;VDR;VGLL2;ZBTB42;ZNF57;ZNF705B;ZNF717;ZSCAN16
Regulation of Type II Interferon Production (GO:0032649)	0.9183564615514533	0.9408630350925989	0.3980546480546481	0.033902179588678284	1	105	CEBPG
Positive Regulation of Vasculature Development (GO:1904018)	0.922167167651859	0.9443133532342763	0.3905198999538622	0.03164334404624085	1	107	GATA6
Positive Regulation of Translation (GO:0045727)	0.9240053750919791	0.9452876486065737	0.3868581532132934	0.030576258791423436	1	108	PLD1
Regulation of Wnt Signaling Pathway (GO:0030111)	0.9240053750919791	0.9452876486065737	0.3868581532132934	0.030576258791423436	1	108	PSEN1
Cellular Response to Chemical Stress (GO:0062197)	0.9258002220778945	0.9466695796019525	0.38326421659754994	0.02954844868161281	1	109	PYROXD1
Negative Regulation of Growth (GO:0045926)	0.9275527300844592	0.9475526691615078	0.37973622377292104	0.028558303565454482	1	110	HNF4A
Regulation of mRNA Splicing, via Spliceosome (GO:0048024)	0.9275527300844592	0.9475526691615078	0.37973622377292104	0.028558303565454482	1	110	RBM47
Regulation of DNA Metabolic Process (GO:0051052)	0.9292638965321367	0.9488460859226606	0.37627237627237625	0.02760428797960592	1	111	PDGFA
Negative Regulation of Gene Expression, Epigenetic (GO:0045814)	0.9309346957133684	0.950097066185209	0.372870940438508	0.026684937059119354	1	112	DNMT3L
Negative Regulation of RNA Biosynthetic Process (GO:1902679)	0.9339827104832905	0.9524758159321866	0.6142892623561553	0.041954330094289026	7	477	DNMT3L;FOXD1;GATA6;HNF4A;PER2;SOX13;VDR
Negative Regulation of Developmental Process (GO:0051093)	0.934158973318106	0.9524758159321866	0.3662486759831893	0.02494470224755531	1	114	BMP8B
Negative Regulation of Canonical Wnt Signaling Pathway (GO:0090090)	0.9357142875869192	0.953149957541955	0.3630246788141525	0.024121210144902264	1	115	SOX13
Positive Regulation of T Cell Activation (GO:0050870)	0.9357142875869192	0.953149957541955	0.3630246788141525	0.024121210144902264	1	115	NCK2
Mitotic Sister Chromatid Segregation (GO:0000070)	0.9372329065020286	0.9541245350165561	0.359856751161099	0.023327160240148675	1	116	CHMP5
Cellular Response to Molecule of Bacterial Origin (GO:0071219)	0.9387156947896765	0.9541245350165561	0.3567434429503395	0.022561390025400595	1	117	CHMP5
Mitotic Cell Cycle Phase Transition (GO:0044772)	0.9387156947896765	0.9541245350165561	0.3567434429503395	0.022561390025400595	1	117	PPP2R2D
Regulation of JNK Cascade (GO:0046328)	0.9387156947896765	0.9541245350165561	0.3567434429503395	0.022561390025400595	1	117	MARVELD3
Regulation of RNA Biosynthetic Process (GO:2001141)	0.9389086653211702	0.9541245350165561	0.6064316777294575	0.03822767765551554	7	483	ESRRA;GLRX2;GTF2IRD1;HOXB7;IFNK;RPS6KA1;SOX13
Protein Complex Oligomerization (GO:0051259)	0.9401634968467235	0.954944533243075	0.3536833536833537	0.02182278850526979	1	118	ALAD
Endomembrane System Organization (GO:0010256)	0.9412797763743627	0.9550154407171452	0.43747613592974416	0.026473809499929574	2	191	HOOK1;OPTN
Negative Regulation of Cell Growth (GO:0030308)	0.941577137142326	0.9550154407171452	0.3506751303361473	0.021110293640696328	1	119	HNF4A
Regulation of DNA Repair (GO:0006282)	0.941577137142326	0.9550154407171452	0.3506751303361473	0.021110293640696328	1	119	CEBPG
Cellular Response to Lipopolysaccharide (GO:0071222)	0.9456210429780131	0.958660990788932	0.34194879649425103	0.01911951265887868	1	122	CHMP5
Positive Regulation of Angiogenesis (GO:0045766)	0.9481604336713697	0.9607785383019773	0.33636772661162906	0.017905377884401625	1	124	GATA6
Proteasomal Protein Catabolic Process (GO:0010498)	0.9492025299602023	0.9613775742874828	0.5143648321218415	0.026815427604173166	4	325	HECTD3;NDFIP2;RNF186;TRIM36
DNA-templated Transcription (GO:0006351)	0.9554707478067096	0.9669672579647661	0.40712762175613226	0.018545123351731228	2	205	ATOH1;GCM2
Negative Regulation of DNA-templated Transcription (GO:0045892)	0.955628523701577	0.9669672579647661	0.6857949807537905	0.031125501268952263	17	1035	DNMT3L;FOXD1;GATA6;GTF2IRD1;HES5;HES6;HNF4A;IRX1;MAGEC3;PER2;PPM1A;SOX11;SOX13;SPDEF;SRC;VDR;ZNF717
Regulation of MAPK Cascade (GO:0043408)	0.959864459761553	0.9707927078802804	0.4520273133976925	0.018516481734888065	3	277	EDN3;ERBB3;PDGFA
Sensory Perception of Light Stimulus (GO:0050953)	0.9610938236982174	0.9715751693336175	0.3063539730206397	0.012157119295638223	1	136	CLRN1
Receptor-mediated Endocytosis (GO:0006898)	0.962911395884974	0.9729149073223812	0.3018628639066595	0.011408568807813185	1	138	ASGR1
Defense Response to Bacterium (GO:0042742)	0.9635309438042451	0.9729149073223812	0.3878926479841247	0.014410473934330445	2	215	OPTN;WFDC9
Antimicrobial Humoral Response (GO:0019730)	0.9637881258277997	0.9729149073223812	0.29966612575308227	0.011052823954875965	1	139	WFDC9
Modulation of Chemical Synaptic Transmission (GO:0050804)	0.9654799728964459	0.9732403320166537	0.2953667953667954	0.010376211908538631	1	141	SLC12A2
Negative Regulation of Wnt Signaling Pathway (GO:0030178)	0.9654799728964459	0.9732403320166537	0.2953667953667954	0.010376211908538631	1	141	SOX13
Response to Cytokine (GO:0034097)	0.9654799728964459	0.9732403320166537	0.2953667953667954	0.010376211908538631	1	141	SRC
Muscle Contraction (GO:0006936)	0.9678708630538798	0.9751893572924726	0.28914328914328913	0.00944243862752241	1	144	ARHGEF11
Inflammatory Response (GO:0006954)	0.9693265096051231	0.9761946709863593	0.4283647728541132	0.013345177023247286	3	292	GZMA;RAC1;TNFRSF1A
Adenylate Cyclase-Modulating G Protein-Coupled Receptor Signaling Pathway (GO:0007188)	0.9701796580373888	0.976592554738297	0.3703827839674541	0.011212972166125877	2	225	ADCY6;GNA11
Regulation of Autophagy (GO:0010506)	0.9724979206951954	0.9784641656074359	0.36381079976384034	0.010145716048763652	2	229	ATP6V0A1;OPTN
Adenylate Cyclase-Activating G Protein-Coupled Receptor Signaling Pathway (GO:0007189)	0.9734685855596421	0.9789787851005457	0.2737562538887042	0.007361230185596749	1	152	ADCY6
Response to Lipopolysaccharide (GO:0032496)	0.9758907346459432	0.9804896542248592	0.266658363432557	0.006507704307318631	1	156	CHMP5
Ribosome Biogenesis (GO:0042254)	0.9758907346459432	0.9804896542248592	0.266658363432557	0.006507704307318631	1	156	SBDS
Regulation of DNA-templated Transcription (GO:0006355)	0.9780606118503722	0.9822068885845471	0.7281082958482639	0.016152089083733355	37	2108	AHRR;ARHGEF11;CASZ1;CEBPG;CHD5;CREB3L4;DNMT3L;ESRRA;FIGLA;FOXD1;GATA6;GCM2;GLRX2;GTF2IRD1;HES5;HNF1B;HNF4A;HOXB7;HOXD1;IFNK;IRF6;IRX1;LRP5;OVOL1;PER2;PPM1A;PSEN1;RPS6KA1;SHOX;SOX13;SPDEF;VDR;VGLL2;ZBTB42;ZNF57;ZNF705B;ZSCAN16
Heart Development (GO:0007507)	0.983562643073251	0.9872672104671238	0.2415874521137679	0.004004058148240834	1	172	ERBB3
Chromatin Remodeling (GO:0006338)	0.9890935543493897	0.9923517448813641	0.30319511825348694	0.0033249458892407138	2	274	CHD5;PER2
Protein Stabilization (GO:0050821)	0.9930611403492402	0.9954526870976534	0.1993484167397211	0.0013880720928664823	1	208	CHP1
Protein Modification by Small Protein Conjugation (GO:0032446)	0.993118135767687	0.9954526870976534	0.2803141875306824	0.0019357526405896566	2	296	LMO7;RNF103
Chromatin Organization (GO:0006325)	0.995090663968674	0.996696833610705	0.26571333555038246	0.001307688626581472	2	312	CHD5;PER2
DNA Metabolic Process (GO:0006259)	0.9952943521375192	0.996696833610705	0.2639935236584721	0.001245192582345532	2	314	GLRX2;SHMT1
Positive Regulation of Cytokine Production (GO:0001819)	0.9977696487900125	0.9987065216996746	0.23710597462788555	0.0005294202136239411	2	349	CEBPG;UAP1
RNA Processing (GO:0006396)	0.9991584375228542	0.9992167856627521	0.13949785136225815	0.00011744558318133346	1	296	SBDS
DNA Repair (GO:0006281)	0.9992167856627521	0.9992167856627521	0.13808055418793674	0.00010818904287253975	1	299	SMUG1
